ts,open,high,low,close,volume
1776128400,4492787.0,4501837.0,4492501.0,4501837.0,0.21
1776132000,4502559.0,4507821.0,4502559.0,4507821.0,0.6
1776135600,4507821.0,4507821.0,4507821.0,4507821.0,0.0
1776139200,4507821.0,4507821.0,4507821.0,4507821.0,0.0
1776142800,4507821.0,4507821.0,4507821.0,4507821.0,0.0
1776146400,4507821.0,4507821.0,4507821.0,4507821.0,0.0
1776150000,4507821.0,4507821.0,4507821.0,4507821.0,0.0
1776153600,4507821.0,4507821.0,4507821.0,4507821.0,0.0
1776157200,4507821.0,4507821.0,4507821.0,4507821.0,0.0
1776160800,4507821.0,4507821.0,4507821.0,4507821.0,0.0
1776164400,4507821.0,4507821.0,4507821.0,4507821.0,0.0
1776168000,4507821.0,4507821.0,4507821.0,4507821.0,0.0
1776171600,4507821.0,4507821.0,4507821.0,4507821.0,0.0
1776175200,4507821.0,4507821.0,4507821.0,4507821.0,0.0
1776178800,4507821.0,4507821.0,4507821.0,4507821.0,0.0
1776182400,4507821.0,4507821.0,4507821.0,4507821.0,0.0
1776186000,4507821.0,4507821.0,4507821.0,4507821.0,0.0
1776189600,4507821.0,4507821.0,4507821.0,4507821.0,0.0
1776193200,4507821.0,4507821.0,4507821.0,4507821.0,0.0
1776196800,4507821.0,4507821.0,4507821.0,4507821.0,0.0
1776200400,4507821.0,4507821.0,4507821.0,4507821.0,0.0
1776204000,4507821.0,4507821.0,4507821.0,4507821.0,0.0
1776207600,4507821.0,4507821.0,4507821.0,4507821.0,0.0
1776211200,4507821.0,4507821.0,4507821.0,4507821.0,0.0
1776214800,4507821.0,4507821.0,4507821.0,4507821.0,0.0
1776218400,4507821.0,4507821.0,4507821.0,4507821.0,0.0
1776222000,4507821.0,4507821.0,4507821.0,4507821.0,0.0
1776225600,4507821.0,4507821.0,4507821.0,4507821.0,0.0
1776229200,4507821.0,4507821.0,4507821.0,4507821.0,0.0
1776232800,4507821.0,4507821.0,4507821.0,4507821.0,0.0
1776236400,4507821.0,4507821.0,4507821.0,4507821.0,0.0
1776240000,4507821.0,4507821.0,4507821.0,4507821.0,0.0
1776243600,4507821.0,4507821.0,4507821.0,4507821.0,0.0
1776247200,4507821.0,4507821.0,4507821.0,4507821.0,0.0
1776250800,4507821.0,4507821.0,4507821.0,4507821.0,0.0
1776254400,4507821.0,4507821.0,4507821.0,4507821.0,0.0
1776258000,4507821.0,4507821.0,4507821.0,4507821.0,0.0
1776261600,4507821.0,4507821.0,4507821.0,4507821.0,0.0
1776265200,4507821.0,4507821.0,4507821.0,4507821.0,0.0
1776268800,4507821.0,4507821.0,4507821.0,4507821.0,0.0
1776272400,4507821.0,4507821.0,4507821.0,4507821.0,0.0
1776276000,4507821.0,4507821.0,4507821.0,4507821.0,0.0
1776279600,4507821.0,4507821.0,4507821.0,4507821.0,0.0
1776283200,4507821.0,4507821.0,4507821.0,4507821.0,0.0
1776286800,4507821.0,4507821.0,4507821.0,4507821.0,0.0
1776290400,4507821.0,4507821.0,4507821.0,4507821.0,0.0
1776294000,4507821.0,4507821.0,4507821.0,4507821.0,0.0
1776297600,4507821.0,4507821.0,4507821.0,4507821.0,0.0
1776301200,4507821.0,4507821.0,4507821.0,4507821.0,0.0
1776304800,4507821.0,4507821.0,4507821.0,4507821.0,0.0
1776308400,4507821.0,4507821.0,4507821.0,4507821.0,0.0
1776312000,4507821.0,4507821.0,4507821.0,4507821.0,0.0
1776315600,4507821.0,4507821.0,4507821.0,4507821.0,0.0
1776319200,4507821.0,4507821.0,4507821.0,4507821.0,0.0
1776322800,4648915.0,8500000.0,3259019.0,4400000.0,7.66696262
1776326400,4624360.0,4624637.0,4400000.0,4618167.0,2.46436215
1776330000,4618485.0,4618487.0,4255012.0,4265500.0,1.83530229
1776333600,4550000.0,4636824.0,4550000.0,4550000.0,0.4818967
1776337200,4550003.0,4636820.0,4550001.0,4636820.0,0.78236954
1776340800,4636820.0,5000000.0,4550002.0,4658443.0,3.66322686
1776344400,4564717.0,4999998.0,4550002.0,4550004.0,3.40941545
1776348000,4550004.0,4566808.0,4459717.0,4546220.0,1.55342024
1776351600,4558888.0,4990000.0,4459544.0,4582408.0,3.80372744
1776355200,4482600.0,4990000.0,4479593.0,4585075.0,1.49284123
1776358800,4550000.0,4587103.0,4550000.0,4550000.0,0.17489505
1776362400,4550000.0,4594215.0,4550000.0,4588588.0,0.05081821
1776366000,4588599.0,4588599.0,4586839.0,4586839.0,0.02127488
1776369600,4587178.0,4587303.0,4550000.0,4550000.0,0.03065473
1776373200,4550000.0,4990000.0,4550000.0,4589786.0,0.55823547
1776376800,4550000.0,4990000.0,4280017.0,4593293.0,0.50575831
1776380400,4493247.0,4591459.0,4492392.0,4591459.0,0.90816712
1776384000,4492392.0,4990000.0,4492392.0,4592896.0,1.24346245
1776387600,4492854.0,4492854.0,4492392.0,4492392.0,2.84045497
1776391200,4583255.0,4900000.0,4507620.0,4550000.0,1.15307368
1776394800,4599502.0,4889998.0,4550000.0,4610277.0,1.41678036
1776398400,4609341.0,4610145.0,4280002.0,4608743.0,2.47290158
1776402000,4508693.0,4603978.0,4495566.0,4593998.0,2.45412143
1776405600,4594586.0,4594586.0,4494571.0,4592999.0,0.29672943
1776409200,4496176.0,4592999.0,4496176.0,4592499.0,0.63001212
1776412800,4592500.0,4592500.0,4499425.0,4550000.0,0.25715031
1776416400,4550000.0,4593000.0,4520201.0,4593000.0,0.51568353
1776420000,4593000.0,4593000.0,4590000.0,4590000.0,0.06498315
1776423600,4522887.0,4544427.0,4502446.0,4544427.0,0.98975452
1776427200,4544577.0,4590000.0,4544577.0,4545205.0,1.0001783
1776430800,4545390.0,4590000.0,4544984.0,4545029.0,0.97633023
1776434400,4590000.0,4595582.0,4554573.0,4595582.0,1.17780377
1776438000,4595582.0,4701491.0,4595582.0,4609929.0,3.19005389
1776441600,4610036.0,4698892.0,4610036.0,4694496.0,1.02751592
1776445200,4610474.0,4691908.0,4610474.0,4680490.0,0.20609702
1776448800,4680490.0,4686374.0,4610490.0,4685942.0,0.39635725
1776452400,4685874.0,4685874.0,4610490.0,4679541.0,0.06252334
1776456000,4679173.0,4679173.0,4678749.0,4678749.0,0.01716858
1776459600,4678084.0,4678084.0,4610490.0,4610490.0,0.01337454
1776463200,4677057.0,4677057.0,4677012.0,4677012.0,0.02444418
1776466800,4677012.0,4700706.0,4610490.0,4610490.0,0.31537234
1776470400,4699917.0,4699917.0,4601660.0,4601660.0,0.98944271
1776474000,4606079.0,4690273.0,4606079.0,4689724.0,0.14069956
1776477600,4689540.0,4689540.0,4650002.0,4689083.0,0.04974019
1776481200,4688887.0,4688887.0,4650002.0,4688287.0,0.04948622
1776484800,4687967.0,4687967.0,4650002.0,4687334.0,0.29088174
1776488400,4650002.0,4701044.0,4608459.0,4700888.0,1.81215806
1776492000,4700867.0,4700879.0,4554582.0,4699918.0,1.66763954
1776495600,4699842.0,4699842.0,4614406.0,4699656.0,0.51608206
1776499200,4689000.0,4689000.0,4616099.0,4688967.0,0.13156449
1776502800,4616099.0,4616099.0,4608499.0,4608499.0,0.13770152
1776506400,4670000.0,4670000.0,4611557.0,4611992.0,0.51526622
1776510000,4669900.0,4669900.0,4609923.0,4609923.0,0.06574894
1776513600,4609923.0,4611991.0,4609923.0,4610991.0,0.13359075
1776517200,4610991.0,4698934.0,4610112.0,4610198.0,2.01882833
1776520800,4610401.0,4698125.0,4610107.0,4610907.0,1.21104251
1776524400,4696522.0,4696902.0,4696522.0,4696807.0,0.27589528
1776528000,4695006.0,4695006.0,4610907.0,4610907.0,0.04493474
1776531600,4695006.0,4695006.0,4610107.0,4695006.0,0.04858702
1776535200,4610107.0,4696022.0,4599451.0,4696022.0,0.25437321
1776538800,4650451.0,4696022.0,4650451.0,4696022.0,0.01095646
1776542400,4695492.0,4695492.0,4694745.0,4694745.0,0.06230835
1776546000,4694533.0,4694533.0,4650451.0,4650451.0,0.22515461
1776549600,4693001.0,4693001.0,4692028.0,4692463.0,0.24301265
1776553200,4690000.0,4697526.0,4650451.0,4650451.0,2.16236072
1776556800,4590459.0,4681405.0,4590459.0,4600301.0,0.25531187
1776560400,4681405.0,4686234.0,4570051.0,4582627.0,0.7822891
1776564000,4570600.0,4683670.0,4554582.0,4576829.0,0.20354487
1776567600,4576829.0,4676721.0,4576829.0,4576829.0,0.12301514
1776571200,4676721.0,4684544.0,4582627.0,4684383.0,0.1665693
1776574800,4684646.0,4684664.0,4576829.0,4576829.0,0.24540009
1776578400,4576899.0,4661700.0,4576829.0,4576829.0,0.07873944
1776582000,4661700.0,4662700.0,4661700.0,4662700.0,0.03892892
1776585600,4578548.0,4578548.0,4578548.0,4578548.0,0.01750852
1776589200,4662700.0,4662700.0,4598092.0,4662700.0,0.03412426
1776592800,4598092.0,4684592.0,4598092.0,4684592.0,0.0331129
1776596400,4684592.0,4684592.0,4599092.0,4680591.0,0.03506447
1776600000,4680591.0,4680591.0,4599092.0,4680591.0,0.0474253
1776603600,4599092.0,4680591.0,4582967.0,4599621.0,0.19792529
1776607200,4680001.0,4680001.0,4679999.0,4679999.0,0.03492007
1776610800,4609990.0,4679999.0,4609990.0,4679999.0,0.03438221
1776614400,4609990.0,4660018.0,4609990.0,4660018.0,0.00867366
1776618000,4660018.0,4660018.0,4400000.0,4660018.0,0.22220202
1776621600,4660018.0,4660018.0,4569914.0,4660018.0,0.02193574
1776625200,4569914.0,4660018.0,4569914.0,4660018.0,0.04220103
1776628800,4660018.0,4660522.0,4569914.0,4569914.0,0.02747589
1776632400,4569914.0,4569914.0,4569914.0,4569914.0,0.00682573
1776636000,4662551.0,4662551.0,4662551.0,4662551.0,0.00213595
1776639600,4660003.0,4679005.0,4599997.0,4599997.0,0.00777633
1776643200,4599997.0,4679005.0,4599997.0,4678009.0,0.03506873
1776646800,4599997.0,4650004.0,4589994.0,4650004.0,0.03825506
1776650400,4650004.0,4679970.0,4609997.0,4679970.0,0.03136381
1776654000,4679970.0,4679991.0,4588012.0,4661410.0,0.08047836
1776657600,4661410.0,4661410.0,4597932.0,4661410.0,0.01612659
1776661200,4597932.0,4661410.0,4597932.0,4597932.0,0.03632893
1776664800,4661410.0,4679081.0,4597933.0,4679018.0,4.5435101
1776668400,4678980.0,4679049.0,4612669.0,4615421.0,0.02773558
1776672000,4679081.0,4679081.0,4679081.0,4679081.0,0.0084758
1776675600,4679081.0,4679081.0,4679081.0,4679081.0,0.00654614
1776679200,4679081.0,4679081.0,4620007.0,4679081.0,0.02881126
1776682800,4679081.0,4679081.0,4620051.0,4679000.0,0.02948202
1776686400,4679000.0,4679000.0,4620051.0,4620051.0,0.04876763
1776690000,4620051.0,4670161.0,4612137.0,4628616.0,0.25258418
1776693600,4670161.0,4679081.0,4646660.0,4646660.0,0.01250945
1776697200,4646818.0,4679080.0,4622895.0,4622895.0,0.12586735
1776700800,4627000.0,4679078.0,4627000.0,4679078.0,0.29638436
1776704400,4679078.0,4679081.0,4623418.0,4623418.0,0.3630338
1776708000,4679081.0,4730564.0,4679081.0,4730498.0,2.16088261
1776711600,4730560.0,4730560.0,4717703.0,4717703.0,0.03383383
1776715200,4699120.0,4699120.0,4699120.0,4699120.0,0.00341744
1776718800,4699338.0,4706167.0,4699338.0,4706167.0,0.05282099
1776722400,4700008.0,4703652.0,4629996.0,4703652.0,0.05410594
1776726000,4703581.0,4703581.0,4703418.0,4703418.0,0.14466127
1776729600,4702964.0,4702964.0,4620045.0,4702607.0,0.13799311
1776733200,4614403.0,4698452.0,4614403.0,4698452.0,0.01157654
1776736800,4624496.0,4698197.0,4623723.0,4697906.0,0.04434001
1776740400,4697678.0,4697678.0,4626778.0,4626778.0,1.0173434
1776744000,4695533.0,4695533.0,4627081.0,4695448.0,0.01590932
1776747600,4694382.0,4694382.0,4626985.0,4694382.0,0.11513345
1776751200,4641001.0,4694382.0,4640166.0,4694382.0,0.02571259
1776754800,4640636.0,4649295.0,4640636.0,4649295.0,0.01426602
1776758400,4694158.0,4694158.0,4635215.0,4693124.0,0.07004386
1776762000,4693124.0,4693124.0,4693124.0,4693124.0,0.00914614
1776765600,4693124.0,4694382.0,4693124.0,4694382.0,0.18227705
1776769200,4694382.0,4695533.0,4694382.0,4694382.0,0.30204321
1776772800,4695533.0,4695533.0,4695521.0,4695521.0,0.08661749
1776776400,4694382.0,4695477.0,4694382.0,4695450.0,0.09912499
1776780000,4695380.0,4695380.0,4678287.0,4678287.0,0.71997417
1776783600,4667091.0,4667091.0,4615538.0,4615538.0,0.11873892
1776787200,4633931.0,4633931.0,4610000.0,4627039.0,0.03754672
1776790800,4627039.0,4627039.0,4627039.0,4627039.0,0.0
1776794400,4623221.0,4623221.0,4559015.0,4623034.0,0.05348045
1776798000,4577462.0,4577462.0,4577462.0,4577462.0,0.01069773
1776801600,4631326.0,4631326.0,4581488.0,4581488.0,0.010207
1776805200,4581488.0,4581488.0,4560339.0,4560339.0,0.10678658
1776808800,4561126.0,4630809.0,4561126.0,4630809.0,0.0663287
1776812400,4630809.0,4630809.0,4630809.0,4630809.0,0.0
1776816000,4630501.0,4630501.0,4578307.0,4578307.0,0.01375343
1776819600,4578307.0,4578307.0,4559016.0,4559016.0,0.00905865
1776823200,4569381.0,4655983.0,4569381.0,4655983.0,0.55232507
1776826800,4658434.0,4658674.0,4658366.0,4658674.0,0.01226084
1776830400,4659101.0,4659101.0,4559016.0,4559016.0,0.19327394
1776834000,4657778.0,4657778.0,4652366.0,4652366.0,0.01622569
1776837600,4652458.0,4654417.0,4576217.0,4576589.0,0.07007403
1776841200,4576151.0,4654950.0,4576151.0,4654950.0,0.21469776
1776844800,4601224.0,4662390.0,4576153.0,4662390.0,0.14993634
1776848400,4662366.0,4663445.0,4400015.0,4590522.0,7.20176403
1776852000,4665340.0,4673940.0,4665340.0,4673940.0,0.03757855
1776855600,4672432.0,4672432.0,4400038.0,4400038.0,4.01662081
1776859200,4591457.0,4667815.0,4591457.0,4661609.0,0.07306193
1776862800,4660981.0,4660981.0,4609774.0,4609774.0,0.22486743
1776866400,4622735.0,4683444.0,4622735.0,4683444.0,0.1534488
1776870000,4655757.0,4754607.0,4654386.0,4754275.0,0.70658272
1776873600,4754222.0,4754222.0,4420001.0,4753614.0,0.30746528
1776877200,4753369.0,4754490.0,4688730.0,4754490.0,0.01170065
1776880800,4754490.0,4754490.0,4674873.0,4674873.0,0.03670046
1776884400,4674873.0,4674873.0,4674873.0,4674873.0,0.0
1776888000,4684793.0,4684793.0,4684793.0,4684793.0,0.01113634
1776891600,4754490.0,4763565.0,4754490.0,4763565.0,0.03148879
1776895200,4763565.0,4763565.0,4763565.0,4763565.0,0.0
1776898800,4683172.0,4752500.0,4673215.0,4752500.0,0.06186685
1776902400,4741128.0,4741128.0,4738248.0,4738248.0,0.02419815
1776906000,4738126.0,4738126.0,4684264.0,4737632.0,0.01178247
1776909600,4684264.0,4737439.0,4678896.0,4678896.0,0.03220695
1776913200,4701789.0,4701789.0,4700000.0,4700000.0,0.07605091
1776916800,4737659.0,4737659.0,4685794.0,4685794.0,0.05134284
1776920400,4673215.0,4795516.0,4673215.0,4794488.0,2.47806815
1776924000,4714082.0,4744155.0,4450021.0,4741401.0,3.9815381
1776927600,4741119.0,4741119.0,4740446.0,4740446.0,0.059372
1776931200,4740664.0,4740664.0,4691576.0,4691576.0,0.10316935
1776934800,4691576.0,4741061.0,4684724.0,4741061.0,0.20499029
1776938400,4741061.0,4760812.0,4696452.0,4696452.0,0.26285551
1776942000,4701174.0,4778388.0,4696452.0,4696452.0,0.25236384
1776945600,4773329.0,4776924.0,4773329.0,4775587.0,0.05929699
1776949200,4808517.0,4808517.0,4697041.0,4697041.0,0.90112533
1776952800,4790028.0,4790028.0,4707449.0,4707449.0,0.08937732
1776956400,4787536.0,4787536.0,4697041.0,4697041.0,0.06595957
1776960000,4783672.0,4783672.0,4703895.0,4780274.0,0.411009
1776963600,4710022.0,4776015.0,4697000.0,4770054.0,0.78867567
1776967200,4770054.0,4770054.0,4770054.0,4770054.0,0.0
1776970800,4726072.0,4787452.0,4697000.0,4728907.0,0.20257338
1776974400,4731951.0,4731951.0,4731951.0,4731951.0,0.00483661
1776978000,4787452.0,4787452.0,4787452.0,4787452.0,0.00758837
1776981600,4787452.0,4789335.0,4728907.0,4789335.0,0.16264537
1776985200,4728907.0,4789545.0,4711256.0,4789545.0,0.15256127
1776988800,4710067.0,4775530.0,4697000.0,4775530.0,0.2208639
1776992400,4758993.0,4772512.0,4758993.0,4772512.0,0.01130108
1776996000,4772145.0,4772145.0,4697004.0,4697063.0,0.07928837
1776999600,4778089.0,4778089.0,4778089.0,4778089.0,0.01454661
1777003200,4777249.0,4777249.0,4697628.0,4776675.0,0.25003809
1777006800,4776511.0,4776511.0,4697004.0,4776200.0,0.2356517
1777010400,4697004.0,4771341.0,4697004.0,4771341.0,0.06224676
1777014000,4697004.0,4697004.0,4683833.0,4683833.0,0.06571378
1777017600,4756460.0,4756460.0,4663950.0,4663950.0,0.21257325
1777021200,4751444.0,4751444.0,4751444.0,4751444.0,0.00833009
1777024800,4680948.0,4680948.0,4600008.0,4669734.0,0.05895513
1777028400,4747807.0,4753536.0,4680981.0,4753536.0,0.11826758
1777032000,4753366.0,4753366.0,4753366.0,4753366.0,0.04982763
1777035600,4687896.0,4687896.0,4687896.0,4687896.0,0.00427727
1777039200,4743596.0,4743596.0,4680993.0,4680993.0,0.00769574
1777042800,4680993.0,4739634.0,4680993.0,4680993.0,0.02822886
1777046400,4680993.0,4728363.0,4680985.0,4728363.0,0.0627394
1777050000,4680985.0,4717099.0,4415000.0,4637487.0,2.17222678
1777053600,4672124.0,4672124.0,4672124.0,4672124.0,0.0222347
1777057200,4672124.0,4672124.0,4640790.0,4640790.0,0.01052044
1777060800,4640790.0,4640790.0,4640790.0,4640790.0,0.0
1777064400,4727453.0,4737640.0,4657983.0,4737640.0,0.02779016
1777068000,4657983.0,4657983.0,4657983.0,4657983.0,0.00631989
1777071600,4657983.0,4657983.0,4657983.0,4657983.0,0.01192071
1777075200,4737219.0,4737219.0,4737219.0,4737219.0,0.00310118
1777078800,4729545.0,4729545.0,4657985.0,4657985.0,0.00826252
1777082400,4729545.0,4737491.0,4657986.0,4737470.0,0.03210572
1777086000,4737457.0,4737501.0,4657985.0,4657985.0,0.22825639
1777089600,4737500.0,4737500.0,4657985.0,4715915.0,0.09881532
1777093200,4657985.0,4731096.0,4657983.0,4731096.0,0.02087565
1777096800,4658154.0,4727432.0,4658154.0,4727432.0,0.02998538
1777100400,4734059.0,4734059.0,4734059.0,4734059.0,0.00404177
1777104000,4734063.0,4734063.0,4658154.0,4658154.0,0.00743749
1777107600,4719928.0,4719928.0,4658200.0,4658200.0,0.05748372
1777111200,4734063.0,4734063.0,4663473.0,4734063.0,0.02294093
1777114800,4734063.0,4734063.0,4660473.0,4660473.0,0.03020956
1777118400,4663473.0,4663473.0,4663473.0,4663473.0,0.00592408
1777122000,4732900.0,4732900.0,4713821.0,4713821.0,0.02323143
1777125600,4663473.0,4734761.0,4663473.0,4733539.0,2.32758654
1777129200,4737496.0,4737496.0,4663473.0,4737493.0,0.01319671
1777132800,4737493.0,4737493.0,4663473.0,4720103.0,0.04835243
1777136400,4720103.0,4720103.0,4720103.0,4720103.0,0.0
1777140000,4717136.0,4737493.0,4663900.0,4737493.0,0.09536961
1777143600,4663900.0,4737200.0,4663900.0,4737200.0,0.01224896
1777147200,4663900.0,4663900.0,4500000.0,4654380.0,0.24304473
1777150800,4654380.0,4654380.0,4636194.0,4636194.0,0.05342764
1777154400,4715200.0,4715200.0,4636194.0,4636194.0,0.00632649
1777158000,4636194.0,4636194.0,4636194.0,4636194.0,0.0
1777161600,4715199.0,4715199.0,4715199.0,4715199.0,0.005453
1777165200,4652152.0,4652156.0,4652152.0,4652156.0,0.0136854
1777168800,4652152.0,4715199.0,4652152.0,4715199.0,0.01600599
1777172400,4652152.0,4652152.0,4652152.0,4652152.0,0.09321946
1777176000,4715191.0,4715191.0,4715191.0,4715191.0,0.00422421
1777179600,4715016.0,4715020.0,4715016.0,4715020.0,0.02122684
1777183200,4715020.0,4715020.0,4652321.0,4652321.0,0.03626013
1777186800,4652321.0,4652321.0,4652321.0,4652321.0,0.0
1777190400,4715020.0,4723942.0,4715020.0,4723942.0,0.21740425
1777194000,4731969.0,4746976.0,4667076.0,4667076.0,0.18835914
1777197600,4746976.0,4746976.0,4667247.0,4667250.0,0.03091482
1777201200,4747020.0,4747020.0,4747020.0,4747020.0,0.00545816
1777204800,4747020.0,4747020.0,4747020.0,4747020.0,0.0
1777208400,4747020.0,4757400.0,4659012.0,4728828.0,0.23221228
1777212000,4757200.0,4757200.0,4652650.0,4652650.0,0.00754854
1777215600,4652651.0,4730573.0,4652651.0,4730573.0,0.00851308
1777219200,4730573.0,4730573.0,4730572.0,4730573.0,0.02573916
1777222800,4661757.0,4661757.0,4661757.0,4661757.0,0.00475458
1777226400,4661757.0,4661757.0,4661757.0,4661757.0,0.0
1777230000,4738949.0,4738949.0,4738949.0,4738949.0,0.0076021
1777233600,4738949.0,4738949.0,4738949.0,4738949.0,0.0
1777237200,4738949.0,4738949.0,4738949.0,4738949.0,0.0
1777240800,4739020.0,4748460.0,4671165.0,4671165.0,0.4263103
1777244400,4671165.0,4671165.0,4671165.0,4671165.0,0.0
1777248000,4682793.0,4765188.0,4682793.0,4762782.0,0.20365575
1777251600,4762782.0,4762782.0,4706763.0,4706763.0,0.04499622
1777255200,4714109.0,4714109.0,4714109.0,4714109.0,0.01001207
1777258800,4710000.0,4710000.0,4710000.0,4710000.0,0.02436283
1777262400,4684981.0,4731247.0,4684981.0,4731247.0,0.26507523
1777266000,4671165.0,4671165.0,4655058.0,4655058.0,0.22031131
1777269600,4714396.0,4714396.0,4652000.0,4652000.0,0.75129997
1777273200,4707832.0,4707832.0,4707832.0,4707832.0,0.00211541
1777276800,4652000.0,4652000.0,4652000.0,4652000.0,0.01118193
1777280400,4656609.0,4705646.0,4656609.0,4659000.0,0.1126924
1777284000,4652000.0,4666198.0,4652000.0,4666198.0,0.01214635
1777287600,4652000.0,4705200.0,4652000.0,4705200.0,0.09580825
1777291200,4652900.0,4652900.0,4652900.0,4652900.0,0.02123345
1777294800,4652900.0,4652900.0,4652000.0,4652000.0,1.72181575
1777298400,4597263.0,4668564.0,4582903.0,4660960.0,0.3200529
1777302000,4660960.0,4660960.0,4660960.0,4660960.0,0.0
1777305600,4580383.0,4580968.0,4580383.0,4580968.0,1.00566583
1777309200,4551035.0,4660920.0,4551035.0,4660920.0,0.06698554
1777312800,4550995.0,4550995.0,4550995.0,4550995.0,0.00552423
1777316400,4550995.0,4550995.0,4550995.0,4550995.0,0.0
1777320000,4652790.0,4652794.0,4551222.0,4551222.0,0.04293722
1777323600,4551303.0,4551303.0,4551303.0,4551303.0,0.08517761
1777327200,4679742.0,4679742.0,4679742.0,4679742.0,0.02128108
1777330800,4675847.0,4675847.0,4675847.0,4675847.0,0.01469594
1777334400,4675847.0,4675847.0,4675847.0,4675847.0,0.0
1777338000,4674953.0,4674953.0,4552395.0,4552530.0,0.09605009
1777341600,4673497.0,4687956.0,4552554.0,4552595.0,0.07478466
1777345200,4553156.0,4553156.0,4553156.0,4553156.0,0.02178742
1777348800,4553593.0,4553593.0,4553593.0,4553593.0,0.0100769
1777352400,4554393.0,4688529.0,4554393.0,4688529.0,0.0668072
1777356000,4676375.0,4676375.0,4676375.0,4676375.0,0.01050001
1777359600,4553246.0,4688405.0,4553070.0,4553070.0,0.16284609
1777363200,4553158.0,4553161.0,4553158.0,4553161.0,0.0158554
1777366800,4688405.0,4695607.0,4553472.0,4695607.0,0.03655831
1777370400,4705635.0,4705646.0,4705635.0,4705646.0,0.00770373
1777374000,4554368.0,4705641.0,4554368.0,4554592.0,0.03662656
1777377600,4705640.0,4705645.0,4555056.0,4705645.0,0.02028963
1777381200,4705640.0,4705645.0,4555227.0,4555336.0,0.07041227
1777384800,4705644.0,4705645.0,4555832.0,4705642.0,0.0685133
1777388400,4556323.0,4705642.0,4556323.0,4556499.0,0.01097477
1777392000,4557036.0,4705646.0,4557036.0,4557228.0,0.06328077
1777395600,4557228.0,4557228.0,4557228.0,4557228.0,0.0
1777399200,4705645.0,4705645.0,4558400.0,4705645.0,0.00941994
1777402800,4705645.0,4705645.0,4705645.0,4705645.0,0.0
1777406400,4705645.0,4705645.0,4705645.0,4705645.0,0.0
1777410000,4559539.0,4705200.0,4559539.0,4705200.0,0.01293809
1777413600,4705200.0,4705200.0,4559920.0,4559920.0,0.03476855
1777417200,4705200.0,4705200.0,4560816.0,4560816.0,0.01692956
1777420800,4705196.0,4705196.0,4705196.0,4705196.0,0.01060402
1777424400,4705196.0,4705645.0,4560953.0,4705645.0,0.03330579
1777428000,4705646.0,4705646.0,4563058.0,4563058.0,0.01466087
1777431600,4563058.0,4563058.0,4563058.0,4563058.0,0.0
1777435200,4563058.0,4563058.0,4563058.0,4563058.0,0.0
1777438800,4705646.0,4705646.0,4705642.0,4705646.0,0.0153473
1777442400,4563851.0,4563851.0,4563851.0,4563851.0,0.00264894
1777446000,4564303.0,4705646.0,4564303.0,4705646.0,0.01562028
1777449600,4705642.0,4705646.0,4682793.0,4682793.0,0.01781264
1777453200,4682793.0,4705646.0,4564986.0,4705646.0,0.03554521
1777456800,4705646.0,4705646.0,4705646.0,4705646.0,0.0807806
1777460400,4705646.0,4738198.0,4564557.0,4710000.0,0.29962713
1777464000,4565014.0,4710000.0,4565014.0,4710000.0,0.03207687
1777467600,4710000.0,4726420.0,4565212.0,4726385.0,0.12858262
1777471200,4721054.0,4750473.0,4721054.0,4744120.0,1.54872239
1777474800,4746831.0,4836000.0,4661807.0,4733090.0,0.44505658
1777478400,4656280.0,4657663.0,4564260.0,4657001.0,1.51401511
1777482000,4717745.0,4717745.0,4657000.0,4657000.0,0.02147783
1777485600,4657000.0,4657000.0,4657000.0,4657000.0,0.0
1777489200,4657000.0,4657000.0,4657000.0,4657000.0,0.0
1777492800,4657000.0,4657000.0,4657000.0,4657000.0,0.0
1777496400,4659004.0,4659004.0,4659004.0,4659004.0,0.00695093
1777500000,4659004.0,4659004.0,4659004.0,4659004.0,0.0
1777503600,4664222.0,4717200.0,4664220.0,4717196.0,0.27886011
1777507200,4664269.0,4717200.0,4664269.0,4664638.0,0.22376728
1777510800,4717200.0,4717200.0,4717200.0,4717200.0,0.28073875
1777514400,4717200.0,4717200.0,4665553.0,4717200.0,0.0360981
1777518000,4664223.0,4717200.0,4664223.0,4717200.0,0.09549439
1777521600,4717200.0,4717200.0,4665493.0,4717196.0,0.05408805
1777525200,4664905.0,4664905.0,4664904.0,4664904.0,0.03753046
1777528800,4664904.0,4717200.0,4664904.0,4664904.0,0.05105438
1777532400,4717200.0,4717746.0,4664905.0,4664909.0,0.63886932
1777536000,4664909.0,4664909.0,4664909.0,4664909.0,0.0
1777539600,4717746.0,4717746.0,4717746.0,4717746.0,0.12898488
1777543200,4717746.0,4717746.0,4717746.0,4717746.0,0.0
1777546800,4664905.0,4717742.0,4664901.0,4717742.0,0.02795444
1777550400,4665056.0,4665379.0,4664965.0,4664965.0,0.03707182
1777554000,4717746.0,4717746.0,4717746.0,4717746.0,0.01558477
1777557600,4717746.0,4717746.0,4717746.0,4717746.0,0.02065751
1777561200,4717746.0,4717746.0,4717746.0,4717746.0,0.0
1777564800,4665638.0,4665638.0,4665638.0,4665638.0,0.00739214
1777568400,4717746.0,4737747.0,4665261.0,4737747.0,0.33362969
1777572000,4737747.0,4737747.0,4665722.0,4665722.0,0.0234843
1777575600,4737743.0,4737743.0,4737743.0,4737743.0,0.00211725
1777579200,4737743.0,4737743.0,4737743.0,4737743.0,0.0027931
1777582800,4737747.0,4836000.0,4665555.0,4666468.0,0.24713902
1777586400,4666468.0,4666468.0,4666468.0,4666468.0,0.0
1777590000,4831000.0,4831000.0,4831000.0,4831000.0,0.00240736
1777593600,4831000.0,4835996.0,4665567.0,4835996.0,0.20784887
1777597200,4831000.0,4835995.0,4831000.0,4831000.0,0.00723859
1777600800,4835996.0,4835996.0,4835996.0,4835996.0,0.0904862
1777604400,4665215.0,4835996.0,4665200.0,4665204.0,1.21313593
1777608000,4835996.0,4835996.0,4665200.0,4665200.0,0.0541445
1777611600,4665200.0,4835996.0,4665200.0,4835992.0,0.02376868
1777615200,4835992.0,4835992.0,4665204.0,4665204.0,0.1717561
1777618800,4835992.0,4835992.0,4665204.0,4835985.0,0.06499955
1777622400,4665214.0,4835996.0,4665210.0,4665210.0,0.05064541
1777626000,4665291.0,4835200.0,4665291.0,4665904.0,0.06830178
1777629600,4835200.0,4835200.0,4666500.0,4666990.0,0.16879442
1777633200,4829005.0,4835996.0,4829005.0,4835996.0,2.33063848
1777636800,4835200.0,4835600.0,4666904.0,4666911.0,0.13786833
1777640400,4666911.0,4835600.0,4666911.0,4835600.0,0.07068842
1777644000,4835600.0,4835600.0,4666915.0,4835600.0,0.0614712
1777647600,4835600.0,4917746.0,4666915.0,4666919.0,0.16441561
1777651200,4917738.0,4917738.0,4917738.0,4917738.0,0.00378385
1777654800,4670056.0,4670056.0,4670056.0,4670056.0,0.00228246
1777658400,4916746.0,4916746.0,4670056.0,4670056.0,0.26625851
1777662000,4670056.0,4670056.0,4670056.0,4670056.0,0.0
1777665600,4670068.0,4911793.0,4670068.0,4911793.0,0.03061368
1777669200,4670068.0,4670068.0,4670068.0,4670068.0,0.00992876
1777672800,4910556.0,4910556.0,4910556.0,4910556.0,0.00528351
1777676400,4800000.0,4800000.0,4800000.0,4800000.0,0.0054052
1777680000,4799998.0,4799998.0,4799998.0,4799998.0,0.01163854
1777683600,4700002.0,4799998.0,4700002.0,4799998.0,0.05510832
1777687200,4700002.0,4860000.0,4700002.0,4860000.0,0.04115745
1777690800,4860000.0,4860000.0,4860000.0,4860000.0,0.0
1777694400,4859824.0,4859913.0,4859824.0,4859913.0,0.00755635
1777698000,4700172.0,4860000.0,4700172.0,4860000.0,0.07394639
1777701600,4859996.0,4859996.0,4700069.0,4859996.0,0.11766477
1777705200,4700077.0,4859996.0,4700077.0,4700092.0,0.02584503
1777708800,4859996.0,4859996.0,4700077.0,4700083.0,0.01510395
1777712400,4859996.0,4859996.0,4700116.0,4700116.0,0.03075142
1777716000,4700116.0,4700116.0,4700116.0,4700116.0,0.0
1777719600,4836665.0,4836665.0,4700141.0,4700141.0,0.02579734
1777723200,4836665.0,4916592.0,4700243.0,4700243.0,0.04271888
1777726800,4915575.0,4915575.0,4915575.0,4915575.0,0.002026
1777730400,4700456.0,4915354.0,4700456.0,4915204.0,0.0144116
1777734000,4912708.0,4912709.0,4700628.0,4912480.0,0.06850078
1777737600,4700840.0,4912963.0,4700694.0,4912963.0,0.2965027
1777741200,4912626.0,4912626.0,4701058.0,4912250.0,0.04697852
1777744800,4911194.0,4911194.0,4911194.0,4911194.0,0.00205489
1777748400,4911085.0,4911085.0,4910442.0,4910442.0,0.0678157
1777752000,4908690.0,4908690.0,4908477.0,4908477.0,0.17457125
1777755600,4702070.0,4908112.0,4702064.0,4907916.0,0.13244507
1777759200,4907706.0,4907706.0,4907706.0,4907706.0,0.10166578
1777762800,4906358.0,4906358.0,4906358.0,4906358.0,0.05297554
1777766400,4905860.0,4908063.0,4905860.0,4908059.0,0.03043539
1777770000,4908099.0,4908099.0,4702052.0,4702052.0,0.23666626
1777773600,4907812.0,4907812.0,4907720.0,4907720.0,0.01546908
1777777200,4728556.0,4907766.0,4728556.0,4907762.0,0.06837578
1777780800,4725724.0,4725724.0,4702052.0,4702112.0,0.42444161
1777784400,4702337.0,4889505.0,4702337.0,4889505.0,0.04340413
1777788000,4889995.0,4889996.0,4889995.0,4889996.0,0.00801227
1777791600,4889996.0,4889996.0,4889996.0,4889996.0,0.0
1777795200,4870000.0,4889999.0,4705004.0,4874996.0,0.06366616
1777798800,4869996.0,4869996.0,4710054.0,4869996.0,0.03787065
1777802400,4869996.0,4870000.0,4712200.0,4712951.0,0.11838774
1777806000,4712987.0,4850000.0,4712987.0,4850000.0,0.08820691
1777809600,4720000.0,4860000.0,4712967.0,4848000.0,0.25938052
1777813200,4848000.0,4849000.0,4848000.0,4848999.0,0.03683403
1777816800,4713208.0,4848995.0,4713208.0,4848995.0,0.0296333
1777820400,4848000.0,4848000.0,4847996.0,4847996.0,0.01027515
1777824000,4847996.0,4847996.0,4847996.0,4847996.0,0.0
1777827600,4847996.0,4847996.0,4847996.0,4847996.0,0.0
1777831200,4720000.0,4720000.0,4715000.0,4715000.0,0.01157693
1777834800,4715000.0,4715000.0,4715000.0,4715000.0,0.0
1777838400,4847900.0,4847900.0,4727000.0,4727000.0,0.00671052
1777842000,4727000.0,4727000.0,4727000.0,4727000.0,0.0
1777845600,4847900.0,4847900.0,4727000.0,4727000.0,0.0123835
1777849200,4727000.0,4727000.0,4727000.0,4727000.0,0.0
1777852800,4727004.0,4727004.0,4715027.0,4715042.0,0.02377865
1777856400,4715031.0,4840000.0,4715031.0,4840000.0,0.00776444
1777860000,4720000.0,4840000.0,4715032.0,4840000.0,0.028095
1777863600,4720009.0,4848999.0,4720009.0,4848999.0,0.15141016
1777867200,4848999.0,4848999.0,4848999.0,4848999.0,0.0
1777870800,4721000.0,4848999.0,4713201.0,4848999.0,0.34371959
1777874400,4713210.0,4848999.0,4713201.0,4713207.0,0.39742274
1777878000,4840000.0,4950000.0,4840000.0,4933437.0,1.83370268
1777881600,4819901.0,4949991.0,4819901.0,4868169.0,0.02197302
1777885200,4819900.0,4949991.0,4819900.0,4949991.0,0.03777776
1777888800,4905416.0,4923157.0,4819900.0,4921431.0,0.04889945
1777892400,4922293.0,4922293.0,4838031.0,4838031.0,0.02394537
1777896000,4942316.0,4942316.0,4859020.0,4860718.0,0.01559687
1777899600,4859020.0,4919667.0,4830900.0,4830900.0,0.06853799
1777903200,4830900.0,4901342.0,4830900.0,4897961.0,0.16117636
1777906800,4892467.0,4892467.0,4892467.0,4892467.0,0.01916272
1777910400,4830900.0,4877024.0,4830900.0,4830900.0,0.02584212
1777914000,4889227.0,4889227.0,4810208.0,4810208.0,0.4291411
1777917600,4891345.0,4894808.0,4806575.0,4806575.0,0.59840179
1777921200,4881516.0,4894550.0,4812125.0,4893598.0,0.0173721
1777924800,4893598.0,4893598.0,4893598.0,4893598.0,0.0
1777928400,4893598.0,4893598.0,4893598.0,4893598.0,0.0
1777932000,4874022.0,4874022.0,4874022.0,4874022.0,0.00612984
1777935600,4806575.0,4806575.0,4792186.0,4792186.0,1.3268658
1777939200,4872890.0,4872890.0,4872890.0,4872890.0,0.01021878
1777942800,4880183.0,4881958.0,4880183.0,4880327.0,0.12895968
1777946400,4727063.0,4878888.0,4702387.0,4702406.0,0.62090364
1777950000,4880000.0,4881646.0,4705009.0,4710000.0,0.20039059
1777953600,4880000.0,4898063.0,4750009.0,4750009.0,0.55467899
1777957200,4891135.0,4891135.0,4891135.0,4891135.0,0.02036132
1777960800,4890591.0,4890591.0,4890591.0,4890591.0,0.01003416
1777964400,4750016.0,4750016.0,4750016.0,4750016.0,0.01003416
1777968000,4750027.0,4853709.0,4750027.0,4853709.0,0.10071298
1777971600,4750022.0,4853605.0,4750022.0,4853605.0,0.02220877
1777975200,4853672.0,4853672.0,4853651.0,4853655.0,0.03504508
1777978800,4750040.0,4750040.0,4750040.0,4750040.0,0.01805743
1777982400,4750096.0,4853431.0,4750096.0,4750104.0,0.09701806
1777986000,4853365.0,4950000.0,4853365.0,4950000.0,0.41429029
1777989600,4923825.0,5100000.0,4750802.0,4750902.0,0.34386376
1777993200,4977170.0,4977170.0,4750904.0,4750904.0,0.04293874
1777996800,4945634.0,5099999.0,4750910.0,5099999.0,0.0435203
1778000400,4992010.0,4992010.0,4991020.0,4991020.0,0.0607383
1778004000,5002580.0,5002580.0,5002580.0,5002580.0,0.01989093
1778007600,5013509.0,5013509.0,5013509.0,5013509.0,0.84018438
1778011200,5013509.0,5013509.0,5013509.0,5013509.0,0.0
1778014800,4932513.0,4932513.0,4750927.0,4750927.0,0.84018438
1778018400,4750927.0,4750927.0,4750927.0,4750927.0,0.0
1778022000,4981914.0,4981914.0,4898303.0,4908645.0,0.12609558
1778025600,4958745.0,4958745.0,4909681.0,4909681.0,0.04194608
1778029200,4908051.0,4981532.0,4903451.0,4965914.0,0.02257994
1778032800,4965706.0,4965706.0,4885549.0,4964587.0,0.07208682
1778036400,4969076.0,4975667.0,4888069.0,4975667.0,0.07080104
1778040000,4893176.0,4893176.0,4892481.0,4893104.0,0.0288371
1778043600,4900000.0,4970018.0,4887999.0,4970018.0,0.03392908
1778047200,4970008.0,4970062.0,4948596.0,4957823.0,0.09445409
1778050800,4960000.0,4962916.0,4924029.0,4962916.0,0.1457229
1778054400,4924029.0,4975665.0,4924029.0,4955274.0,0.13516967
1778058000,4944154.0,4944154.0,4943540.0,4943540.0,0.02401479
1778061600,4942064.0,5600000.0,4924029.0,5016301.0,1.4522032
1778065200,4956096.0,5003055.0,4930499.0,4979150.0,2.4195493
1778068800,4949281.0,5592000.0,4930499.0,4958717.0,0.06373743
1778072400,4930499.0,4961805.0,4930499.0,4930936.0,0.24939233
1778076000,4940289.0,5017626.0,4928679.0,4928679.0,0.34102692
1778079600,4925001.0,5012296.0,4925001.0,4936457.0,0.11718966
1778083200,4938637.0,5018359.0,4938637.0,5018359.0,0.05242284
1778086800,5026786.0,5026786.0,5024947.0,5024947.0,0.01543093
1778090400,4956648.0,4956648.0,4956648.0,4956648.0,0.01057186
1778094000,5044423.0,5051604.0,4967873.0,4967873.0,0.03793018
1778097600,4965631.0,4965631.0,4965631.0,4965631.0,0.00240009
1778101200,5052859.0,5052859.0,5052859.0,5052859.0,0.00591289
1778104800,4965593.0,5048302.0,4942926.0,5048302.0,0.43019172
1778108400,5042456.0,5046917.0,5042456.0,5046917.0,0.00690832
1778112000,5042471.0,5042471.0,4962030.0,4962030.0,0.03552589
1778115600,5034247.0,5036001.0,4962074.0,5035467.0,0.02956926
1778119200,5036001.0,5036001.0,4967372.0,5036001.0,0.16963783
1778122800,5036002.0,5036002.0,4968393.0,4968931.0,0.12750465
1778126400,4967162.0,5036002.0,4965066.0,5036002.0,0.03035097
1778130000,5036002.0,5053760.0,4967505.0,4967505.0,0.08770014
1778133600,5049714.0,5052229.0,5049714.0,5052229.0,0.13354896
1778137200,4968673.0,5049849.0,4968673.0,5049849.0,0.11820591
1778140800,5049850.0,5049850.0,4975248.0,5049849.0,0.01044264
1778144400,5040252.0,5049850.0,5040252.0,5049850.0,0.39943442
1778148000,4969204.0,5036252.0,4969204.0,5029894.0,0.22932302
1778151600,4969200.0,5049850.0,4969200.0,4969204.0,0.1406716
1778155200,5049846.0,5066496.0,4950000.0,5050504.0,2.2783878
1778158800,5047755.0,5057938.0,4965485.0,5057938.0,0.08086087
1778162400,5016506.0,5099741.0,5009839.0,5009839.0,1.15212677
1778166000,5099970.0,5110019.0,5000000.0,5000000.0,0.02754475
1778169600,5000004.0,5000029.0,5000000.0,5000004.0,0.51401691
1778173200,5080567.0,5080567.0,5000000.0,5071476.0,0.48242342
1778176800,5077376.0,5077376.0,5004636.0,5004636.0,0.00805119
1778180400,5031185.0,5031186.0,5031185.0,5031186.0,0.19999619
1778184000,5031186.0,5031186.0,5031186.0,5031186.0,0.0
1778187600,5050653.0,5050653.0,5050653.0,5050653.0,0.021045
1778191200,5041772.0,5041772.0,5041772.0,5041772.0,0.00217264
1778194800,5000000.0,5000000.0,5000000.0,5000000.0,0.0087348
1778198400,5041437.0,5041501.0,5041367.0,5041367.0,0.02648465
1778202000,5199000.0,5199000.0,5199000.0,5199000.0,0.00497268
1778205600,5048160.0,5075750.0,5000001.0,5075750.0,0.1879311
1778209200,5000002.0,5079067.0,5000002.0,5077207.0,0.02733945
1778212800,5079803.0,5080774.0,5000002.0,5000002.0,0.12951089
1778216400,5000002.0,5000002.0,5000002.0,5000002.0,0.0
1778220000,5066558.0,5066558.0,5000002.0,5045119.0,1.3739084
1778223600,5000002.0,5056229.0,5000002.0,5056229.0,0.08463604
1778227200,5000003.0,5058333.0,5000003.0,5053783.0,0.01801055
1778230800,5050552.0,5050552.0,5000003.0,5000003.0,0.83010723
1778234400,5048000.0,5048000.0,5048000.0,5048000.0,0.00197286
1778238000,5048000.0,5099462.0,5007692.0,5099462.0,0.14531846
1778241600,5099539.0,5121825.0,5012908.0,5013695.0,0.40873917
1778245200,5031728.0,5149488.0,5031260.0,5087573.0,0.0912855
1778248800,5174387.0,5174387.0,5087533.0,5090645.0,0.04217391
1778252400,5180349.0,5181366.0,5087533.0,5090533.0,0.12799834
1778256000,5152667.0,5199000.0,5090533.0,5146175.0,0.16026134
1778259600,5090533.0,5141857.0,5087533.0,5141857.0,0.3451728
1778263200,5142492.0,5142492.0,5087533.0,5087533.0,0.91877614
1778266800,5087533.0,5087533.0,5087533.0,5087533.0,0.0
1778270400,5087533.0,5087533.0,5087533.0,5087533.0,0.0
1778274000,5154990.0,5171874.0,5087533.0,5087533.0,0.01310637
1778277600,5087533.0,5176447.0,5087533.0,5088000.0,0.04500143
1778281200,5142290.0,5142290.0,5142290.0,5142290.0,0.01734338
1778284800,5142290.0,5179964.0,5092776.0,5160970.0,0.07008172
1778288400,5160970.0,5160970.0,5160970.0,5160970.0,0.02964015
1778292000,5160970.0,5160970.0,5100000.0,5100000.0,0.06095608
1778295600,5150150.0,5160970.0,5068049.0,5154814.0,0.94215972
1778299200,5179000.0,5179000.0,5179000.0,5179000.0,0.00307665
1778302800,5068223.0,5154990.0,5068223.0,5068223.0,0.07464722
1778306400,5068223.0,5154989.0,5068223.0,5068223.0,0.22227593
1778310000,5150000.0,5155166.0,5000000.0,5147002.0,2.25417883
1778313600,5060960.0,5147002.0,5060959.0,5147002.0,0.03753269
1778317200,5147002.0,5160793.0,5060960.0,5073928.0,0.07410631
1778320800,5073928.0,5160794.0,5073928.0,5160793.0,0.09880451
1778324400,5097964.0,5153054.0,5067372.0,5067372.0,0.03379342
1778328000,5150053.0,5150053.0,5077386.0,5150053.0,0.08124357
1778331600,5150053.0,5199000.0,5086205.0,5173280.0,0.41570019
1778335200,5086205.0,5173281.0,5086205.0,5173281.0,0.03620091
1778338800,5086205.0,5181372.0,5086205.0,5181372.0,0.02730193
1778342400,5094159.0,5199000.0,5094159.0,5199000.0,0.66943243
1778346000,5198999.0,5198999.0,5198999.0,5198999.0,0.00413252
1778349600,5116120.0,5199000.0,5116120.0,5199000.0,0.1744645
1778353200,5199000.0,5199000.0,5199000.0,5199000.0,0.00191556
1778356800,5116120.0,5198999.0,5116120.0,5198999.0,0.00862366
1778360400,5198999.0,5198999.0,5198999.0,5198999.0,0.0
1778364000,5198999.0,5198999.0,5198999.0,5198999.0,0.0
1778367600,5183129.0,5183129.0,5095889.0,5095889.0,0.04791718
1778371200,5186120.0,5186120.0,5186120.0,5186120.0,0.00192031
1778374800,5186119.0,5186119.0,5099000.0,5099000.0,0.00566967
1778378400,5098828.0,5199000.0,5098828.0,5098828.0,0.12037501
1778382000,5178907.0,5178908.0,5098828.0,5098828.0,1.76718426
1778385600,5178029.0,5199000.0,5098828.0,5122172.0,0.25196513
1778389200,5098828.0,5098828.0,5098828.0,5098828.0,0.05965181
1778392800,5183482.0,5183482.0,5098828.0,5183482.0,0.03219542
1778396400,5098829.0,5098829.0,5096234.0,5096234.0,0.17006094
1778400000,5109549.0,5199000.0,5100557.0,5100557.0,0.17022129
1778403600,5149186.0,5149186.0,5110932.0,5110932.0,0.05018009
1778407200,5110932.0,5110932.0,5110932.0,5110932.0,0.0
1778410800,5109895.0,5199000.0,5109895.0,5199000.0,0.93627481
1778414400,5147368.0,5147368.0,5118368.0,5118368.0,0.20028244
1778418000,5199000.0,5199000.0,5115774.0,5187703.0,0.26851641
1778421600,5187703.0,5187703.0,5115774.0,5178206.0,1.01089366
1778425200,5115774.0,5199000.0,5115774.0,5187176.0,0.11825306
1778428800,5182427.0,5212854.0,5182427.0,5212854.0,0.21496447
1778432400,5212326.0,5212326.0,5212326.0,5212326.0,0.18100498
1778436000,5115775.0,5115775.0,5115775.0,5115775.0,0.07619156
1778439600,5115775.0,5115775.0,5115775.0,5115775.0,0.0
1778443200,5182603.0,5188230.0,5115775.0,5188230.0,0.01072191
1778446800,5188230.0,5188230.0,5188230.0,5188230.0,0.0
1778450400,5115775.0,5166396.0,5115775.0,5166396.0,0.02367256
1778454000,5150775.0,5186830.0,5150775.0,5162809.0,0.03513636
1778457600,5162809.0,5162809.0,5132895.0,5132895.0,0.02421923
1778461200,5150090.0,5188230.0,5150090.0,5188230.0,0.07847993
1778464800,5171961.0,5171961.0,5171961.0,5171961.0,0.00621466
1778468400,5188230.0,5188230.0,5115777.0,5168310.0,0.25221584
1778472000,5188230.0,5188230.0,5120000.0,5158874.0,0.12717234
1778475600,5120000.0,5188230.0,5120000.0,5188230.0,0.10207836
1778479200,5153694.0,5188230.0,5120000.0,5172567.0,1.05730843
1778482800,5172567.0,5172567.0,5172567.0,5172567.0,0.0
1778486400,5172895.0,5172895.0,5120000.0,5120000.0,0.04662273
1778490000,5171368.0,5188230.0,5120000.0,5120000.0,0.0707111
1778493600,5175700.0,5212000.0,5121901.0,5189660.0,0.09068559
1778497200,5189660.0,5189660.0,5189660.0,5189660.0,0.0
1778500800,5212000.0,5212000.0,5177886.0,5177886.0,0.22034273
1778504400,5171036.0,5171036.0,5144086.0,5144086.0,0.05200135
1778508000,5135848.0,5212000.0,5120000.0,5120000.0,0.03201901
1778511600,5174670.0,5222222.0,5174670.0,5189025.0,0.22253173
1778515200,5163971.0,5222222.0,5120000.0,5142173.0,0.14905238
1778518800,5142158.0,5222222.0,5120000.0,5222222.0,0.04242936
1778522400,5159923.0,5222222.0,5159923.0,5222222.0,0.00566765
1778526000,5163948.0,5164253.0,5163948.0,5164253.0,0.01158106
1778529600,5157600.0,5157600.0,5120000.0,5120000.0,0.01296061
1778533200,5120000.0,5120000.0,5120000.0,5120000.0,0.0
1778536800,5120000.0,5120000.0,5120000.0,5120000.0,0.0
1778540400,5247227.0,5496666.0,5120002.0,5120002.0,0.03983735
1778544000,5166180.0,5166530.0,5120007.0,5166530.0,0.01432221
1778547600,5166531.0,5201749.0,5120007.0,5199670.0,0.05589287
1778551200,5205762.0,5205765.0,5120586.0,5120586.0,0.14607212
1778554800,5124117.0,5201875.0,5121469.0,5122000.0,0.16821597
1778558400,5202759.0,5202759.0,5122000.0,5199787.0,0.13320773
1778562000,5201740.0,5201740.0,5201740.0,5201740.0,0.00292575
1778565600,5209234.0,5209234.0,5209234.0,5209234.0,0.07615495
1778569200,5127695.0,5196641.0,5122000.0,5191911.0,0.11219669
1778572800,5122090.0,5189841.0,5122090.0,5189841.0,0.01342857
1778576400,5193057.0,5210562.0,5122090.0,5186301.0,0.03671846
1778580000,5122090.0,5180380.0,5122090.0,5173778.0,0.01445606
1778583600,5173757.0,5182955.0,5122091.0,5182955.0,0.20513518
1778587200,5182743.0,5182743.0,5122091.0,5122091.0,0.02943457
1778590800,5122100.0,5178976.0,5122100.0,5177057.0,0.03746288
1778594400,5228531.0,5231601.0,5143501.0,5231601.0,1.10631709
1778598000,5139830.0,5234425.0,5132277.0,5132277.0,0.0574853
1778601600,5230910.0,5230941.0,5133765.0,5221423.0,0.04985489
1778605200,5134590.0,5221423.0,5134590.0,5221423.0,0.01731856
1778608800,5221423.0,5221423.0,5221423.0,5221423.0,0.0085829
1778612400,5148464.0,5148464.0,5142681.0,5142681.0,0.00956764
1778616000,5142681.0,5142681.0,5142681.0,5142681.0,0.0
1778619600,5221423.0,5240124.0,5221423.0,5240124.0,0.00863694
1778623200,5147831.0,5147831.0,5147831.0,5147831.0,0.00490689
1778626800,5250708.0,5496666.0,5152061.0,5152061.0,0.17675238
1778630400,5157089.0,5157089.0,5157089.0,5157089.0,0.00858104
1778634000,5232157.0,5232157.0,5157090.0,5225867.0,0.05181922
1778637600,5221441.0,5221441.0,5157089.0,5157089.0,0.08853642
1778641200,5225897.0,5225897.0,5157089.0,5157089.0,0.03031612
1778644800,5157089.0,5219918.0,5157089.0,5157089.0,0.16087035
1778648400,5213373.0,5213581.0,5157089.0,5213453.0,0.0332294
1778652000,5211077.0,5489993.0,5157089.0,5233246.0,0.19698177
1778655600,5157089.0,5157089.0,5157089.0,5157089.0,0.0304693
1778659200,5203260.0,5233240.0,5157089.0,5157089.0,1.42064437
1778662800,5157089.0,5157089.0,5157089.0,5157089.0,0.0
1778666400,5157089.0,5157089.0,5157089.0,5157089.0,0.0
1778670000,5226143.0,5233240.0,5157089.0,5233240.0,0.00957584
1778673600,5233240.0,5235977.0,5157089.0,5235977.0,0.29768737
1778677200,5233749.0,5233749.0,5157089.0,5157089.0,0.15643684
1778680800,5159900.0,5245261.0,5159900.0,5245241.0,0.02639452
1778684400,5245241.0,5245241.0,5182397.0,5182414.0,0.08151721
1778688000,5245240.0,5250000.0,5157089.0,5250000.0,1.27639104
1778691600,5251000.0,5298076.0,5245241.0,5251404.0,0.37925605
1778695200,5298076.0,5298076.0,5252946.0,5252946.0,0.0087152
1778698800,5298076.0,5298076.0,5298076.0,5298076.0,0.00206754
1778702400,5298076.0,5303851.0,5298076.0,5303849.0,0.18933722
1778706000,5253946.0,5253946.0,5253946.0,5253946.0,0.01628661
1778709600,5253946.0,5253946.0,5253946.0,5253946.0,0.0
1778713200,5253947.0,5303850.0,5253947.0,5303850.0,0.35733961
1778716800,5253946.0,5303850.0,5253946.0,5298608.0,0.05776601
1778720400,5290242.0,5292587.0,5290242.0,5292587.0,0.22627109
1778724000,5303850.0,5303850.0,5253946.0,5297269.0,0.22396801
1778727600,5303850.0,5303850.0,5253946.0,5303850.0,0.15447962
1778731200,5303850.0,5303850.0,5245241.0,5245241.0,0.20658629
1778734800,5300000.0,5300000.0,5216284.0,5216284.0,0.3983728
1778738400,5300000.0,5300000.0,5218846.0,5300000.0,0.21293788
1778742000,5299999.0,5300000.0,5227355.0,5227355.0,0.19380088
1778745600,5218415.0,5300000.0,5218415.0,5299999.0,0.36331793
1778749200,5221628.0,5299999.0,5221628.0,5233884.0,0.05570676
1778752800,5233884.0,5233884.0,5233884.0,5233884.0,0.0
1778756400,5300000.0,5357000.0,5245917.0,5357000.0,1.04770429
1778760000,5356999.0,5357000.0,5245918.0,5356999.0,0.02305795
1778763600,5246005.0,5356999.0,5246005.0,5356999.0,0.03284569
1778767200,5356999.0,5356999.0,5245917.0,5245917.0,0.12044553
1778770800,5356999.0,5357000.0,5356999.0,5357000.0,0.07622196
1778774400,5245918.0,5357000.0,5245918.0,5357000.0,0.1610882
1778778000,5245918.0,5356999.0,5122091.0,5356999.0,1.03732128
1778781600,5356999.0,5356999.0,5122092.0,5122106.0,0.06706692
1778785200,5122106.0,5356196.0,5122106.0,5356196.0,0.10579681
1778788800,5356196.0,5356196.0,5356196.0,5356196.0,0.0
1778792400,5356196.0,5356196.0,5356196.0,5356196.0,0.0
1778796000,5320008.0,5356000.0,5320008.0,5320008.0,0.10968408
1778799600,5320008.0,5320008.0,5320008.0,5320008.0,0.02153562
1778803200,5356000.0,5356197.0,5320008.0,5356197.0,0.69503508
1778806800,5356197.0,5356197.0,5125650.0,5348588.0,0.53489665
1778810400,5234527.0,5356195.0,5234527.0,5356195.0,0.02631793
1778814000,5226275.0,5226275.0,5226275.0,5226275.0,0.02427804
1778817600,5340473.0,5346008.0,5335440.0,5346008.0,0.02165052
1778821200,5339811.0,5339811.0,5223712.0,5223712.0,0.00891457
1778824800,5319999.0,5342055.0,5218731.0,5342055.0,0.82688423
1778828400,5342055.0,5342055.0,5342055.0,5342055.0,0.00186426
1778832000,5318983.0,5318983.0,5247510.0,5247510.0,0.21095033
1778835600,5247510.0,5247510.0,5247510.0,5247510.0,0.01191307
1778839200,5247510.0,5247510.0,5210000.0,5210000.0,0.03704439
1778842800,5210000.0,5247510.0,5210000.0,5247510.0,0.06125459
1778846400,5210000.0,5250205.0,5205000.0,5205000.0,0.25578673
1778850000,5205000.0,5205000.0,5205000.0,5205000.0,0.006157
1778853600,5224812.0,5300000.0,5224812.0,5300000.0,0.17579253
1778857200,5300000.0,5341305.0,5281597.0,5341305.0,0.32508643
1778860800,5273455.0,5292882.0,5273455.0,5292882.0,0.25193889
1778864400,5341305.0,5357000.0,5341305.0,5357000.0,1.22026808
1778868000,5286709.0,5356999.0,5280286.0,5280286.0,1.01202807
1778871600,5282237.0,5282237.0,5248401.0,5248401.0,0.0249396
1778875200,5356999.0,5357000.0,5254315.0,5254315.0,0.1020844
1778878800,5357000.0,5357000.0,5357000.0,5357000.0,0.0258038
1778882400,5356930.0,5357000.0,5356900.0,5357000.0,0.2865328
1778886000,5248844.0,5357000.0,5205000.0,5356999.0,0.24552362
1778889600,5356999.0,5356999.0,5356999.0,5356999.0,0.00762572
1778893200,5356999.0,5357000.0,5244144.0,5245179.0,0.5612813
1778896800,5356996.0,5356996.0,5356996.0,5356996.0,0.00651596
1778900400,5260000.0,5356996.0,5250009.0,5356996.0,0.01180434
1778904000,5356996.0,5357000.0,5356996.0,5357000.0,0.0116035
1778907600,5356999.0,5356999.0,5252615.0,5252615.0,0.02301074
1778911200,5252615.0,5356996.0,5252504.0,5252504.0,0.06848287
1778914800,5252515.0,5345103.0,5252515.0,5345103.0,0.0282098
1778918400,5346509.0,5346509.0,5252511.0,5346509.0,0.0622088
1778922000,5346504.0,5355975.0,5252512.0,5252514.0,0.62913783
1778925600,5252514.0,5356148.0,5252511.0,5351507.0,0.20046078
1778929200,5252512.0,5351493.0,5252511.0,5252511.0,0.05362643
1778932800,5344746.0,5345104.0,5252511.0,5345104.0,0.11585939
1778936400,5334763.0,5334763.0,5334763.0,5334763.0,0.0034665
1778940000,5327280.0,5339578.0,5327280.0,5333340.0,0.10214454
1778943600,5333327.0,5339753.0,5333327.0,5339221.0,0.00845477
1778947200,5339217.0,5351508.0,5252511.0,5351508.0,0.03130926
1778950800,5351508.0,5351508.0,5336192.0,5343322.0,0.08528138
1778954400,5252511.0,5252511.0,5252511.0,5252511.0,0.00264857
1778958000,5252511.0,5351508.0,5252511.0,5252511.0,0.02597495
1778961600,5252511.0,5252511.0,5252511.0,5252511.0,0.0
1778965200,5252511.0,5252511.0,5252511.0,5252511.0,0.0
1778968800,5334053.0,5334053.0,5334053.0,5334053.0,0.00280049
1778972400,5252511.0,5252511.0,5252511.0,5252511.0,0.01191637
1778976000,5351508.0,5351508.0,5252511.0,5252511.0,0.00591373
1778979600,5351508.0,5351508.0,5348489.0,5348489.0,0.01107409
1778983200,5348489.0,5356987.0,5252517.0,5252517.0,0.13195192
1778986800,5252517.0,5356987.0,5252517.0,5346530.0,0.08444471
1778990400,5356987.0,5356987.0,5356987.0,5356987.0,0.00319806
1778994000,5344747.0,5344747.0,5252518.0,5344745.0,0.04747741
1778997600,5344745.0,5344746.0,5344745.0,5344746.0,0.00792498
1779001200,5252533.0,5337440.0,5252522.0,5252522.0,0.0974853
1779004800,5252522.0,5252522.0,5252518.0,5252518.0,0.01422592
1779008400,5252518.0,5252518.0,5252518.0,5252518.0,0.0
1779012000,5252518.0,5339400.0,5252518.0,5339400.0,0.18232332
1779015600,5252518.0,5252518.0,5252518.0,5252518.0,0.43021456
1779019200,5252518.0,5252518.0,5252518.0,5252518.0,0.0
1779022800,5252518.0,5340288.0,5252518.0,5340288.0,0.17694736
1779026400,5340288.0,5357000.0,5252519.0,5356995.0,0.108274
1779030000,5252519.0,5252519.0,5252519.0,5252519.0,0.06483983
1779033600,5252519.0,5252519.0,5252519.0,5252519.0,0.0029563
1779037200,5252519.0,5252519.0,5252519.0,5252519.0,0.00349559
1779040800,5356995.0,5356995.0,5332446.0,5332446.0,0.01903654
1779044400,5332446.0,5332446.0,5332446.0,5332446.0,0.0
1779048000,5356995.0,5356995.0,5252519.0,5252519.0,0.07894156
1779051600,5252519.0,5252519.0,5252519.0,5252519.0,0.0
1779055200,5252519.0,5349471.0,5252519.0,5252519.0,0.02926377
1779058800,5349470.0,5356995.0,5252519.0,5252519.0,0.20936567
1779062400,5339664.0,5351190.0,5339664.0,5351190.0,0.00917821
1779066000,5351190.0,5351190.0,5351190.0,5351190.0,0.0
1779069600,5252522.0,5348369.0,5252519.0,5252519.0,0.11089114
1779073200,5343710.0,5343710.0,5342818.0,5342818.0,0.01902821
1779076800,5344032.0,5348369.0,5252518.0,5252518.0,0.32845391
1779080400,5348369.0,5348369.0,5348369.0,5348369.0,0.00372412
1779084000,5340643.0,5341821.0,5252518.0,5252518.0,0.0161843
1779087600,5252518.0,5252518.0,5252518.0,5252518.0,0.05142799
1779091200,5329328.0,5336175.0,5252518.0,5252518.0,0.01819835
1779094800,5252518.0,5252518.0,5252518.0,5252518.0,0.0368976
1779098400,5252518.0,5252518.0,5252518.0,5252518.0,0.02184868
1779102000,5336174.0,5344160.0,5252518.0,5252518.0,0.21711567
1779105600,5252528.0,5356999.0,5252525.0,5252525.0,0.0721815
1779109200,5356999.0,5356999.0,5356998.0,5356999.0,0.22358711
1779112800,5335000.0,5345991.0,5252525.0,5252525.0,0.19514711
1779116400,5252525.0,5319288.0,5252518.0,5312459.0,0.52612169
1779120000,5313943.0,5332712.0,5252518.0,5252518.0,0.04247058
1779123600,5313296.0,5332712.0,5210000.0,5210000.0,0.09999417
1779127200,5332712.0,5357000.0,5332712.0,5357000.0,0.1899869
1779130800,5336830.0,5336830.0,5336830.0,5336830.0,0.02850043
1779134400,5325249.0,5330559.0,5325249.0,5330559.0,0.00412732
1779138000,5357000.0,5357000.0,5322470.0,5322470.0,0.0658647
1779141600,5329901.0,5333956.0,5228915.0,5228915.0,0.02437947
1779145200,5228915.0,5228915.0,5228915.0,5228915.0,0.0193622
1779148800,5233556.0,5328918.0,5233556.0,5328918.0,0.01387676
1779152400,5328918.0,5328918.0,5328918.0,5328918.0,0.0
1779156000,5233465.0,5328919.0,5233465.0,5328919.0,0.03668087
1779159600,5233465.0,5328919.0,5230365.0,5328919.0,0.03377957
1779163200,5232057.0,5232057.0,5216636.0,5216636.0,0.55713265
1779166800,5328918.0,5328918.0,5221348.0,5328918.0,0.0227988
1779170400,5328918.0,5328918.0,5328914.0,5328918.0,0.02814549
1779174000,5225452.0,5225452.0,5225452.0,5225452.0,0.10153352
1779177600,5327533.0,5328900.0,5223380.0,5223380.0,0.00978584
1779181200,5223380.0,5328900.0,5223379.0,5328900.0,0.04982734
1779184800,5328900.0,5328900.0,5210004.0,5210004.0,0.04844179
1779188400,5328896.0,5328900.0,5210004.0,5210004.0,0.02392818
1779192000,5309713.0,5311220.0,5210004.0,5210004.0,0.01547804
1779195600,5230334.0,5328000.0,5230334.0,5328000.0,0.01333467
1779199200,5261329.0,5327700.0,5224770.0,5224770.0,0.28572235
1779202800,5243190.0,5327700.0,5239025.0,5239025.0,0.26241785
1779206400,5327700.0,5327700.0,5236381.0,5236381.0,0.04608709
1779210000,5255238.0,5255238.0,5255238.0,5255238.0,0.00215444
1779213600,5255238.0,5255238.0,5255238.0,5255238.0,0.0
1779217200,5255238.0,5255238.0,5255238.0,5255238.0,0.0
1779220800,5327698.0,5327698.0,5327698.0,5327698.0,0.01920454
1779224400,5327697.0,5327699.0,5327697.0,5327699.0,0.02977025
1779228000,5257947.0,5327694.0,5257947.0,5327694.0,0.03375663
1779231600,5327694.0,5327694.0,5327694.0,5327694.0,0.0
1779235200,5327694.0,5327694.0,5327694.0,5327694.0,0.00166803
1779238800,5327696.0,5327696.0,5327696.0,5327696.0,0.01616308
1779242400,5247344.0,5247344.0,5247344.0,5247344.0,0.0023939
1779246000,5247344.0,5247344.0,5247344.0,5247344.0,0.0
1779249600,5245456.0,5245456.0,5245456.0,5245456.0,0.00438651
1779253200,5327696.0,5327696.0,5254526.0,5254526.0,0.01653379
1779256800,5327696.0,5327696.0,5327696.0,5327696.0,0.02478349
1779260400,5327692.0,5327696.0,5249000.0,5249000.0,0.06526649
1779264000,5249000.0,5327696.0,5249000.0,5327696.0,0.00662725
1779267600,5327696.0,5327696.0,5246978.0,5327695.0,0.69855869
1779271200,5327695.0,5327695.0,5327695.0,5327695.0,0.0
1779274800,5327695.0,5327695.0,5245464.0,5245464.0,0.05606173
1779278400,5327691.0,5327695.0,5259674.0,5261776.0,0.06343465
1779282000,5260257.0,5327691.0,5245460.0,5245460.0,0.01945104
1779285600,5296045.0,5327695.0,5296045.0,5327695.0,0.18551329
1779289200,5327695.0,5327695.0,5327695.0,5327695.0,0.0
1779292800,5327695.0,5327696.0,5270392.0,5277395.0,0.2927328
1779296400,5277395.0,5277395.0,5277395.0,5277395.0,0.0
1779300000,5285963.0,5327692.0,5285963.0,5327692.0,0.00779459
1779303600,5327692.0,5327692.0,5327692.0,5327692.0,0.0
1779307200,5295857.0,5295857.0,5295857.0,5295857.0,0.00587383
1779310800,5295857.0,5295857.0,5295857.0,5295857.0,0.0
1779314400,5327692.0,5327692.0,5327692.0,5327692.0,0.00611878
1779318000,5327692.0,5327692.0,5327692.0,5327692.0,0.00453423
1779321600,5327692.0,5327692.0,5327692.0,5327692.0,0.0
1779325200,5289697.0,5289697.0,5289697.0,5289697.0,0.01118988
1779328800,5289697.0,5289697.0,5289697.0,5289697.0,0.01212639
1779332400,5327688.0,5327696.0,5289693.0,5289693.0,0.10606641
1779336000,5327696.0,5327696.0,5327696.0,5327696.0,0.00902697
1779339600,5294094.0,5327696.0,5294094.0,5327696.0,0.02369685
1779343200,5327696.0,5327696.0,5327696.0,5327696.0,0.0
1779346800,5327696.0,5328908.0,5289697.0,5289697.0,0.59531293
1779350400,5356996.0,5356996.0,5289693.0,5289693.0,0.02783717
1779354000,5356992.0,5356992.0,5356992.0,5356992.0,0.00185906
1779357600,5289701.0,5323820.0,5289693.0,5289693.0,0.03352866
1779361200,5289693.0,5289693.0,5289693.0,5289693.0,0.0
1779364800,5354992.0,5354992.0,5354992.0,5354992.0,0.00853876
1779368400,5354988.0,5354988.0,5306148.0,5306148.0,0.03726342
1779372000,5302740.0,5310987.0,5302740.0,5310987.0,0.04166505
1779375600,5310987.0,5310987.0,5310987.0,5310987.0,0.0
1779379200,5354988.0,5354988.0,5354988.0,5354988.0,0.00191839
1779382800,5354988.0,5354988.0,5340037.0,5354988.0,0.06221071
1779386400,5354988.0,5354988.0,5354988.0,5354988.0,0.0
1779390000,5354988.0,5356996.0,5347819.0,5347819.0,0.36751881
1779393600,5356996.0,5357000.0,5356996.0,5357000.0,0.5755006
1779397200,5397698.0,5397698.0,5397698.0,5397698.0,0.00276747
1779400800,5397698.0,5397698.0,5397698.0,5397698.0,0.00255627
1779404400,5358574.0,5358574.0,5358574.0,5358574.0,0.19248288
1779408000,5397698.0,5397698.0,5397698.0,5397698.0,0.00276747
1779411600,5397694.0,5397694.0,5371441.0,5371441.0,0.00829999
1779415200,5397698.0,5400241.0,5397698.0,5400241.0,0.02439755
1779418800,5382289.0,5382289.0,5382289.0,5382289.0,0.0027921
1779422400,5400241.0,5400241.0,5400241.0,5400241.0,0.0167098
1779426000,5400241.0,5527696.0,5384482.0,5384482.0,0.07399836
1779429600,5509789.0,5510744.0,5384482.0,5384482.0,0.01471428
1779433200,5509487.0,5509487.0,5384482.0,5384482.0,0.02672042
1779436800,5500685.0,5500685.0,5500685.0,5500685.0,0.00362773
1779440400,5495655.0,5495659.0,5300004.0,5300004.0,0.44376571
1779444000,5300000.0,5300000.0,5300000.0,5300000.0,0.28733906
1779447600,5300000.0,5300004.0,5300000.0,5300004.0,0.04572337
1779451200,5500122.0,5870000.0,5500122.0,5870000.0,0.30719896
1779454800,5460002.0,5870000.0,5460002.0,5850000.0,0.10768732
1779458400,5850000.0,5850000.0,5460000.0,5460000.0,0.08201403
1779462000,5849996.0,5849996.0,5849996.0,5849996.0,0.00900444
1779465600,5849996.0,5849996.0,5470014.0,5470014.0,0.0130963
1779469200,5849996.0,5849996.0,5488002.0,5488002.0,0.02442369
1779472800,5500002.0,5500002.0,5500002.0,5500002.0,0.00795619
1779476400,5500002.0,5849992.0,5470010.0,5849992.0,0.23067216
1779480000,5470010.0,5470010.0,5470010.0,5470010.0,0.00339699
1779483600,5849988.0,5849988.0,5849988.0,5849988.0,0.00233658
1779487200,5849984.0,5849990.0,5849984.0,5849990.0,0.1015178
1779490800,5849990.0,5849996.0,5470010.0,5830000.0,0.22526683
1779494400,5830000.0,5830000.0,5470014.0,5490015.0,0.59100845
1779498000,5490016.0,5490016.0,5490015.0,5490015.0,0.17466394
1779501600,5516512.0,5516512.0,5490015.0,5510100.0,0.34049894
1779505200,5510100.0,5770000.0,5510100.0,5770000.0,0.37720095
1779508800,5524572.0,5524572.0,5490016.0,5490016.0,0.04887532
1779512400,5490016.0,5541587.0,5490015.0,5490015.0,0.2983513
1779516000,5490015.0,5760000.0,5490015.0,5541408.0,0.12317427
1779519600,5760000.0,5760000.0,5490015.0,5490015.0,0.03647773
1779523200,5510422.0,5510422.0,5510422.0,5510422.0,0.0018073
1779526800,5534423.0,5534423.0,5490015.0,5490015.0,0.04306797
1779530400,5490015.0,5490015.0,5490015.0,5490015.0,0.00459235
1779534000,5490015.0,5490015.0,5490015.0,5490015.0,0.00904614
1779537600,5760000.0,5760000.0,5490015.0,5527616.0,1.01394375
1779541200,5545169.0,5545169.0,5490015.0,5490015.0,0.03254011
1779544800,5760000.0,5760000.0,5514721.0,5514721.0,0.0171723
1779548400,5544990.0,5760000.0,5490015.0,5490015.0,0.05207078
1779552000,5544990.0,5544990.0,5544990.0,5544990.0,0.02334845
1779555600,5490015.0,5490015.0,5418967.0,5418967.0,0.05722026
1779559200,5544990.0,5544990.0,5544990.0,5544990.0,0.01993582
1779562800,5419141.0,5545169.0,5419141.0,5419141.0,0.01703132
1779566400,5759999.0,5759999.0,5419143.0,5419143.0,0.36608568
1779570000,5419143.0,5419143.0,5419143.0,5419143.0,0.0
1779573600,5552685.0,5565587.0,5439096.0,5565587.0,0.67360404
1779577200,5568990.0,5572572.0,5568990.0,5572572.0,0.09255866
1779580800,5577229.0,5577229.0,5442247.0,5442247.0,1.71367671
1779584400,5442247.0,5442247.0,5442247.0,5442247.0,0.00924471
1779588000,5588513.0,5588513.0,5585000.0,5585000.0,0.00553028
1779591600,5461325.0,5585000.0,5461325.0,5461325.0,0.30016039
1779595200,5461500.0,5585000.0,5461500.0,5461500.0,0.01457697
1779598800,5585000.0,5592633.0,5585000.0,5592633.0,0.39071196
1779602400,5585647.0,5759999.0,5484955.0,5484955.0,1.03433168
1779606000,5461500.0,5664634.0,5461500.0,5602663.0,0.35914282
1779609600,5618066.0,5627558.0,5618066.0,5627558.0,0.19836565
1779613200,5627558.0,5627558.0,5499658.0,5499658.0,0.11593816
1779616800,5608573.0,5608573.0,5499658.0,5590662.0,0.03049997
1779620400,5499658.0,5499658.0,5499658.0,5499658.0,0.06734209
1779624000,5593527.0,5593528.0,5499658.0,5499658.0,0.01303041
1779627600,5593528.0,5593528.0,5499658.0,5593528.0,0.13036025
1779631200,5499658.0,5499658.0,5470000.0,5470000.0,0.35609162
1779634800,5577946.0,5593528.0,5470000.0,5593528.0,0.0256826
1779638400,5470000.0,5470000.0,5470000.0,5470000.0,0.00316171
1779642000,5470000.0,5593528.0,5470000.0,5593528.0,0.02001181
1779645600,5593528.0,5593528.0,5593528.0,5593528.0,0.0
1779649200,5593528.0,5593528.0,5593528.0,5593528.0,0.0
1779652800,5593528.0,5593528.0,5593528.0,5593528.0,0.00223275
1779656400,5593528.0,5593528.0,5593528.0,5593528.0,0.00937065
1779660000,5593528.0,5593528.0,5593528.0,5593528.0,0.0
1779663600,5470000.0,5568111.0,5470000.0,5568111.0,0.02198046
1779667200,5568111.0,5568111.0,5470000.0,5470000.0,0.00750296
1779670800,5574449.0,5582951.0,5573037.0,5582951.0,0.01537643
1779674400,5593528.0,5595255.0,5470002.0,5470002.0,0.02080583
1779678000,5475060.0,5475060.0,5474571.0,5474617.0,0.0161456
1779681600,5475060.0,5475060.0,5473182.0,5473182.0,0.0984047
1779685200,5475060.0,5486489.0,5473182.0,5473182.0,0.40581197
1779688800,5483528.0,5483528.0,5483528.0,5483528.0,0.00373857
1779692400,5484550.0,5484550.0,5479789.0,5479789.0,0.00628082
1779696000,5479789.0,5479789.0,5479789.0,5479789.0,0.0
1779699600,5479789.0,5479789.0,5479789.0,5479789.0,0.0
1779703200,5599999.0,5599999.0,5499557.0,5499557.0,0.01107052
1779706800,5598239.0,5598240.0,5598239.0,5598240.0,0.02375014
1779710400,5598240.0,5849996.0,5598239.0,5849996.0,5.18118658
1779714000,5673949.0,6199000.0,5544900.0,5544901.0,5.54121739
1779717600,5544901.0,5750000.0,5544901.0,5606958.0,0.33718794
1779721200,5554902.0,5606616.0,5554902.0,5603069.0,0.02875243
1779724800,5603088.0,5606616.0,5585208.0,5606616.0,0.59702339
1779728400,5554902.0,5554902.0,5554902.0,5554902.0,0.00199229
1779732000,5606616.0,5606616.0,5554902.0,5606616.0,0.01983709
1779735600,5606616.0,5606616.0,5606616.0,5606616.0,0.0
1779739200,5554902.0,5606616.0,5544901.0,5606616.0,0.04901262
1779742800,5606616.0,5606616.0,5606616.0,5606616.0,0.0
1779746400,5606616.0,5606616.0,5606616.0,5606616.0,0.0
1779750000,5606616.0,5606616.0,5606616.0,5606616.0,0.0
1779753600,5600338.0,5606616.0,5500000.0,5500000.0,1.39434925
1779757200,5570169.0,5571649.0,5570169.0,5571649.0,0.01651219
1779760800,5500000.0,5500000.0,5489900.0,5489900.0,0.01954153
1779764400,5489900.0,5571731.0,5489900.0,5571731.0,0.00732877
1779768000,5489901.0,5571731.0,5489901.0,5571731.0,0.00708834
1779771600,5600710.0,5600710.0,5489902.0,5489902.0,0.0428699
1779775200,5599758.0,5604878.0,5489903.0,5604878.0,0.30322572
1779778800,5489906.0,5600385.0,5489906.0,5598339.0,0.18897669
1779782400,5600248.0,5600248.0,5584946.0,5587882.0,0.04371187
1779786000,5587881.0,5587882.0,5489907.0,5587878.0,0.06702015
1779789600,5587878.0,5777777.0,5526666.0,5526670.0,0.32886594
1779793200,5526671.0,5777777.0,5489906.0,5489906.0,0.32921303
1779796800,5616236.0,5616236.0,5505237.0,5505237.0,0.02952116
1779800400,5616224.0,5616224.0,5509016.0,5616224.0,0.07145797
1779804000,5616224.0,5616237.0,5509627.0,5616237.0,0.09557806
1779807600,5649069.0,5649069.0,5517290.0,5517290.0,0.01440335
1779811200,5517293.0,5646997.0,5517293.0,5517297.0,0.02928178
1779814800,5607540.0,5607540.0,5517296.0,5605199.0,0.06587233
1779818400,5646997.0,5646997.0,5604279.0,5646997.0,0.00996979
1779822000,5646997.0,5646997.0,5517296.0,5517296.0,0.00568975
1779825600,5570071.0,5570071.0,5517296.0,5517296.0,0.00825859
1779829200,5570400.0,5570400.0,5570400.0,5570400.0,0.00882898
1779832800,5570400.0,5570400.0,5570400.0,5570400.0,0.0
1779836400,5587615.0,5587615.0,5587615.0,5587615.0,0.01698828
1779840000,5517296.0,5578062.0,5517296.0,5578062.0,0.02593296
1779843600,5578062.0,5578062.0,5578062.0,5578062.0,0.0
1779847200,5581135.0,5581135.0,5517296.0,5517296.0,0.8986853
1779850800,5517296.0,5582009.0,5517296.0,5517296.0,0.040096
1779854400,5517296.0,5646997.0,5517296.0,5517296.0,0.0326484
1779858000,5517301.0,5572616.0,5517301.0,5517301.0,0.01849165
1779861600,5517301.0,5586750.0,5517296.0,5586750.0,0.08154429
1779865200,5517296.0,5579679.0,5517296.0,5517296.0,0.02501774
1779868800,5517296.0,5517296.0,5517296.0,5517296.0,0.01028076
1779872400,5584028.0,5646997.0,5517296.0,5517296.0,0.26399341
1779876000,5517296.0,5517296.0,5517296.0,5517296.0,0.01515797
1779879600,5517296.0,5517296.0,5517296.0,5517296.0,0.07343532
1779883200,5597066.0,5646997.0,5517296.0,5646997.0,0.17695959
1779886800,5646997.0,5646997.0,5646997.0,5646997.0,0.0
1779890400,5646997.0,5646997.0,5646997.0,5646997.0,0.00694279
1779894000,5646997.0,5668950.0,5547858.0,5547858.0,0.06865417
1779897600,5547858.0,5660589.0,5547858.0,5547858.0,0.0577436
1779901200,5651039.0,5651039.0,5547858.0,5547858.0,0.360884
1779904800,5642820.0,5642820.0,5547858.0,5547858.0,0.02553703
1779908400,5547858.0,5547858.0,5547858.0,5547858.0,0.0
1779912000,5777768.0,5777769.0,5639195.0,5639195.0,0.09102027
1779915600,5777769.0,5888888.0,5642204.0,5642204.0,0.6439141
1779919200,5547858.0,5638841.0,5547858.0,5547858.0,0.10908635
1779922800,5547858.0,5547858.0,5547858.0,5547858.0,0.0039346
1779926400,5606192.0,5606192.0,5547860.0,5547860.0,0.3289197
1779930000,5547860.0,5547860.0,5547860.0,5547860.0,0.00197871
1779933600,5640324.0,5640324.0,5640194.0,5640194.0,0.00636337
1779937200,5547867.0,5656328.0,5547866.0,5656328.0,0.15037131
1779940800,5663384.0,5663384.0,5547866.0,5653263.0,0.01279923
1779944400,5547866.0,5777774.0,5547866.0,5646016.0,0.03804789
1779948000,5637089.0,5637347.0,5547866.0,5636603.0,0.16648967
1779951600,5631838.0,5636672.0,5631838.0,5636672.0,0.05255448
1779955200,5630348.0,5630348.0,5547867.0,5547867.0,0.29689807
1779958800,5642559.0,5643902.0,5547867.0,5643902.0,0.03380262
1779962400,5547867.0,5547867.0,5547866.0,5547866.0,0.05215203
1779966000,5643902.0,5643902.0,5547866.0,5547866.0,0.01840009
1779969600,5615624.0,5621905.0,5615624.0,5621905.0,0.89394387
1779973200,5634036.0,5634036.0,5634036.0,5634036.0,0.04427962
1779976800,5643902.0,5657130.0,5547866.0,5547867.0,0.02587887
1779980400,5643781.0,5643781.0,5547867.0,5547867.0,0.05869155
1779984000,5547867.0,5547867.0,5547867.0,5547867.0,0.01842867
1779987600,5547867.0,5617549.0,5547867.0,5617549.0,0.00834469
1779991200,5617288.0,5617288.0,5617288.0,5617288.0,0.01592102
1779994800,5887999.0,5887999.0,5547867.0,5637346.0,0.14312598
1779998400,5637346.0,5637346.0,5637346.0,5637346.0,0.0
1780002000,5887999.0,5887999.0,5547867.0,5647387.0,0.01077376
1780005600,5647387.0,5647387.0,5547867.0,5547867.0,0.02216513
1780009200,5647387.0,5647387.0,5547867.0,5547867.0,0.0169094
1780012800,5547900.0,5547900.0,5547867.0,5547867.0,0.01834645
1780016400,5547867.0,5547867.0,5547867.0,5547867.0,0.03205774
1780020000,5635818.0,5635818.0,5635818.0,5635818.0,0.00182653
1780023600,5644881.0,5644881.0,5547870.0,5547870.0,0.10199295
1780027200,5547870.0,5647387.0,5547870.0,5547870.0,0.05246466
1780030800,5647383.0,5647384.0,5547871.0,5647000.0,0.1115974
1780034400,5642421.0,5647000.0,5547871.0,5647000.0,0.0929676
1780038000,5647000.0,5647000.0,5547871.0,5547872.0,0.03765717
1780041600,5547872.0,5547872.0,5547872.0,5547872.0,0.0
1780045200,5547875.0,5547880.0,5547875.0,5547875.0,0.02099175
1780048800,5646021.0,5646899.0,5548000.0,5548000.0,0.05970979
1780052400,5548000.0,5548000.0,5548000.0,5548000.0,0.0
1780056000,5633425.0,5646899.0,5548000.0,5548000.0,0.20374452
1780059600,5548000.0,5646899.0,5548000.0,5646899.0,0.06144053
1780063200,5646899.0,5646899.0,5646899.0,5646899.0,0.0453052
1780066800,5646899.0,5646899.0,5570000.0,5570000.0,0.65940133
1780070400,5631323.0,5635617.0,5570000.0,5570000.0,0.13065242
1780074000,5570000.0,5646899.0,5570000.0,5604836.0,0.02543103
1780077600,5646899.0,5646899.0,5570000.0,5570000.0,0.00446753
1780081200,5570000.0,5570000.0,5570000.0,5570000.0,0.05688659
1780084800,5639308.0,5639308.0,5570000.0,5570000.0,0.08336074
1780088400,5570000.0,5632534.0,5570000.0,5630731.0,0.30910868
1780092000,5636322.0,5636322.0,5570000.0,5570000.0,0.11188434
1780095600,5570000.0,5634519.0,5570000.0,5570000.0,0.05085025
1780099200,5570000.0,5734338.0,5570000.0,5734338.0,1.01114705
1780102800,5628025.0,5634338.0,5570005.0,5570005.0,0.19364904
1780106400,5570005.0,5570005.0,5570005.0,5570005.0,0.01077972
1780110000,5632354.0,5632354.0,5632354.0,5632354.0,0.01296793
1780113600,5570020.0,5634519.0,5570020.0,5570020.0,0.05597782
1780117200,5639028.0,5639028.0,5570020.0,5638667.0,0.05118961
1780120800,5641373.0,5641373.0,5641373.0,5641373.0,0.0089246
1780124400,5734337.0,5734337.0,5570040.0,5570040.0,0.01975984
1780128000,5642816.0,5642816.0,5570040.0,5641373.0,0.21019514
1780131600,5644620.0,5665183.0,5570040.0,5665183.0,0.06600134
1780135200,5652557.0,5663740.0,5570040.0,5663740.0,0.12787843
1780138800,5700000.0,5700000.0,5570040.0,5570040.0,0.05867786
1780142400,5650031.0,5650031.0,5570000.0,5650031.0,0.35273307
1780146000,5650031.0,5650031.0,5570000.0,5650030.0,0.07556989
1780149600,5650030.0,5650030.0,5570000.0,5570000.0,0.06032483
1780153200,5650029.0,5650029.0,5570000.0,5570000.0,0.0133974
1780156800,5650029.0,5650029.0,5570000.0,5570000.0,0.05364869
1780160400,5570000.0,5570000.0,5570000.0,5570000.0,0.0
1780164000,5570000.0,5650029.0,5570000.0,5650029.0,0.02373593
1780167600,5642996.0,5642996.0,5642996.0,5642996.0,0.02185345
1780171200,5642996.0,5642996.0,5642996.0,5642996.0,0.0
1780174800,5650029.0,5650029.0,5650029.0,5650029.0,0.01070578
1780178400,5650029.0,5650029.0,5650029.0,5650029.0,0.00526174
1780182000,5648769.0,5648769.0,5648769.0,5648769.0,0.00186642
1780185600,5650028.0,5650029.0,5570000.0,5650028.0,0.05293866
1780189200,5650028.0,5650029.0,5570000.0,5570000.0,0.10227852
1780192800,5650029.0,5650029.0,5650028.0,5650029.0,0.08394963
1780196400,5570001.0,5650029.0,5570001.0,5650029.0,0.48613446
1780200000,5650029.0,5650029.0,5646063.0,5647145.0,0.11541483
1780203600,5647145.0,5650030.0,5570008.0,5650030.0,0.68345999
1780207200,5649990.0,5649990.0,5570000.0,5570000.0,0.39189648
1780210800,5649900.0,5649900.0,5570008.0,5570008.0,0.07365644
1780214400,5570008.0,5570008.0,5570008.0,5570008.0,0.0299409
1780218000,5570008.0,5570008.0,5570008.0,5570008.0,0.0
1780221600,5642636.0,5642636.0,5642636.0,5642636.0,0.00586268
1780225200,5640471.0,5640471.0,5570015.0,5570015.0,0.04825834
1780228800,5570015.0,5570015.0,5570015.0,5570015.0,0.00379429
1780232400,5643718.0,5643718.0,5570015.0,5643718.0,0.03486848
1780236000,5643718.0,5643718.0,5643718.0,5643718.0,0.0
1780239600,5643712.0,5643712.0,5643712.0,5643712.0,0.05991232
1780243200,5643712.0,5663379.0,5640832.0,5645161.0,1.0924266
1780246800,5570015.0,5650572.0,5547866.0,5650572.0,1.06477539
1780250400,5642816.0,5642816.0,5642816.0,5642816.0,0.01768425
1780254000,5642816.0,5672218.0,5547866.0,5672218.0,0.05423502
1780257600,5547866.0,5547866.0,5547866.0,5547866.0,0.00326828
1780261200,5662658.0,5662658.0,5630189.0,5630189.0,0.02707224
1780264800,5630189.0,5630189.0,5630189.0,5630189.0,0.0
1780268400,5662137.0,5662927.0,5534400.0,5641538.0,0.28087584
1780272000,5518300.0,5699874.0,5518300.0,5647883.0,0.05130099
1780275600,5699874.0,5725000.0,5517296.0,5631077.0,0.07228299
1780279200,5622774.0,5633243.0,5520006.0,5633243.0,0.05277607
1780282800,5610998.0,5610998.0,5610998.0,5610998.0,0.00887453
1780286400,5632870.0,5632870.0,5632225.0,5632225.0,0.03617167
1780290000,5632225.0,5632225.0,5632225.0,5632225.0,0.0
1780293600,5595065.0,5600818.0,5520010.0,5586045.0,0.08375801
1780297200,5521500.0,5599256.0,5521500.0,5598959.0,0.16709969
1780300800,5734336.0,5734336.0,5604696.0,5606332.0,0.09181378
1780304400,5633079.0,5633079.0,5521500.0,5521500.0,0.03767748
1780308000,5618539.0,5618539.0,5521500.0,5521500.0,0.11832851
1780311600,5734336.0,5734337.0,5521500.0,5617523.0,0.09810117
1780315200,5609612.0,5609612.0,5521500.0,5521500.0,0.02473946
1780318800,5521500.0,5617976.0,5521500.0,5617976.0,0.10133095
1780322400,5606155.0,5734337.0,5489903.0,5489903.0,2.29620802
1780326000,5562055.0,5562055.0,5562055.0,5562055.0,0.1750736
1780329600,5553035.0,5553035.0,5489903.0,5489903.0,0.19300198
1780333200,5528245.0,5560931.0,5528245.0,5560931.0,0.02910522
1780336800,5560931.0,5600759.0,5489903.0,5489903.0,0.0146203
1780340400,5567251.0,5568460.0,5563330.0,5563330.0,0.01565807
1780344000,5557790.0,5557790.0,5557790.0,5557790.0,0.00358379
1780347600,5556316.0,5556316.0,5556316.0,5556316.0,0.00197181
1780351200,5489903.0,5489903.0,5489903.0,5489903.0,0.01909085
1780354800,5489903.0,5489903.0,5475000.0,5475000.0,0.20121726
1780358400,5538307.0,5541569.0,5410784.0,5410784.0,0.47238165
1780362000,5532237.0,5532237.0,5532237.0,5532237.0,0.01378972
1780365600,5535192.0,5535192.0,5535192.0,5535192.0,0.17866299
1780369200,5417946.0,5546041.0,5417393.0,5546041.0,0.32743057
1780372800,5544811.0,5545990.0,5412879.0,5527364.0,0.37441886
1780376400,5524494.0,5524494.0,5524494.0,5524494.0,0.18432258
1780380000,5413831.0,5413841.0,5413831.0,5413841.0,0.27247086
1780383600,5425719.0,5555277.0,5425719.0,5555277.0,0.42533566
1780387200,5540288.0,5540288.0,5540283.0,5540283.0,0.01769094
1780390800,5540275.0,5540275.0,5445045.0,5533249.0,0.03639008
1780394400,5445615.0,5538834.0,5445615.0,5445615.0,0.02740894
1780398000,5534147.0,5534147.0,5532167.0,5532167.0,0.03581081
1780401600,5530655.0,5533433.0,5445625.0,5445630.0,0.08942198
1780405200,5445619.0,5540289.0,5445619.0,5478788.0,0.35634801
1780408800,5540285.0,5540289.0,5492927.0,5540289.0,0.06943557
1780412400,5500463.0,5540289.0,5500463.0,5540289.0,1.74250898
1780416000,5603207.0,5725000.0,5534505.0,5656506.0,1.16385434
1780419600,5570624.0,5713593.0,5570624.0,5708916.0,0.4792027
1780423200,5704052.0,5704052.0,5571970.0,5571970.0,0.37018925
1780426800,5695939.0,5695939.0,5695939.0,5695939.0,0.00604167
1780430400,5693227.0,5694804.0,5583752.0,5583811.0,0.02343274
1780434000,5695939.0,5695940.0,5633345.0,5695940.0,0.1030102
1780437600,5695939.0,5706493.0,5583826.0,5583833.0,0.21657405
1780441200,5583833.0,5583833.0,5583821.0,5583833.0,0.21842285
1780444800,5698000.0,5706268.0,5586874.0,5706268.0,0.36324147
1780448400,5707095.0,5734338.0,5665954.0,5734338.0,0.88363654
1780452000,5586961.0,5715899.0,5586961.0,5635560.0,0.026274
1780455600,5700000.0,5720642.0,5590797.0,5720642.0,0.03560365
1780459200,5635601.0,5635601.0,5635601.0,5635601.0,0.00178543
1780462800,5635601.0,5635601.0,5635600.0,5635601.0,0.21252772
1780466400,5635601.0,5734338.0,5635601.0,5721262.0,0.0943234
1780470000,5635605.0,5726497.0,5635605.0,5722004.0,0.03000005
1780473600,5635605.0,5730633.0,5609898.0,5609898.0,1.19545349
1780477200,5724889.0,5734337.0,5606932.0,5734337.0,0.18852894
1780480800,5734336.0,5734336.0,5607811.0,5734298.0,0.05924463
1780484400,5711526.0,5711526.0,5711526.0,5711526.0,0.13660727
1780488000,5712000.0,5721387.0,5712000.0,5719814.0,0.24009526
1780491600,5719814.0,5734338.0,5644617.0,5734338.0,0.96891292
1780495200,5734338.0,5734338.0,5644640.0,5734338.0,0.05360903
1780498800,5676065.0,5676065.0,5609075.0,5675490.0,0.23838666
1780502400,5641076.0,5652449.0,5641076.0,5652449.0,0.02535825
1780506000,5638294.0,5638294.0,5638294.0,5638294.0,0.03507975
1780509600,5609075.0,5644513.0,5609075.0,5609075.0,0.02740091
1780513200,5664945.0,5664945.0,5659623.0,5659623.0,0.02064205
1780516800,5630957.0,5673628.0,5609075.0,5673628.0,0.42977589
1780520400,5673628.0,5673628.0,5673628.0,5673628.0,0.0
1780524000,5607075.0,5712407.0,5594454.0,5594454.0,0.18410099
1780527600,5608766.0,5734338.0,5605665.0,5607089.0,0.02670967
1780531200,5608578.0,5734338.0,5608578.0,5734338.0,0.35557284
1780534800,5726776.0,5734338.0,5583821.0,5583821.0,1.48723545
1780538400,5615946.0,5714989.0,5611960.0,5714989.0,0.6558896
1780542000,5664690.0,5752189.0,5664690.0,5752189.0,1.34519083
1780545600,5754658.0,5755175.0,5624639.0,5627106.0,0.06824454
1780549200,5640549.0,5756343.0,5622235.0,5728850.0,0.11595933
1780552800,5622235.0,5724891.0,5622235.0,5622235.0,0.02913316
1780556400,5622239.0,5727086.0,5622235.0,5630801.0,0.13399104
1780560000,5727086.0,5830000.0,5622349.0,5622349.0,0.24653622
1780563600,5721849.0,5721849.0,5622236.0,5622264.0,0.14896688
1780567200,5721726.0,5721726.0,5622409.0,5720182.0,0.18592462
1780570800,5720217.0,5720222.0,5622559.0,5622697.0,0.0423772
1780574400,5622927.0,5622927.0,5622927.0,5622927.0,0.00333923
1780578000,5717414.0,5717415.0,5622980.0,5706122.0,0.0809203
1780581600,5622980.0,5686756.0,5622980.0,5665196.0,0.24565762
1780585200,5670383.0,5670383.0,5622980.0,5670097.0,0.02552253
1780588800,5622980.0,5670387.0,5622980.0,5670387.0,0.09329172
1780592400,5670387.0,5702483.0,5622980.0,5701850.0,0.13180388
1780596000,5710055.0,5710055.0,5710055.0,5710055.0,0.00322326
1780599600,5697850.0,5830000.0,5697850.0,5704682.0,0.03122039
1780603200,5622980.0,5622980.0,5622980.0,5622980.0,0.00627939
1780606800,5622980.0,5622980.0,5622980.0,5622980.0,0.02283136
1780610400,5694440.0,5694440.0,5694440.0,5694440.0,0.00876188
1780614000,5830000.0,5830000.0,5693633.0,5693633.0,0.01509145
1780617600,5622980.0,5622980.0,5622980.0,5622980.0,0.05079901
1780621200,5622980.0,5622980.0,5622980.0,5622980.0,0.00876101
1780624800,5693633.0,5830310.0,5622980.0,5622980.0,0.10811981
1780628400,5830310.0,5830310.0,5693195.0,5693195.0,0.02084014
1780632000,5624000.0,5698852.0,5624000.0,5698852.0,0.03430866
1780635600,5684576.0,5684576.0,5624000.0,5624000.0,0.01961221
1780639200,5684550.0,5684550.0,5622234.0,5622234.0,0.40114105
1780642800,5683312.0,5683312.0,5677477.0,5677477.0,0.01664968
1780646400,5682189.0,5682189.0,5630000.0,5630000.0,0.00436131
1780650000,5683343.0,5683458.0,5630000.0,5683458.0,0.16759833
1780653600,5683458.0,5710020.0,5630000.0,5630000.0,0.24667652
1780657200,5690722.0,5708635.0,5630000.0,5630000.0,0.06703189
1780660800,5700551.0,5708999.0,5630000.0,5708999.0,0.04756745
1780664400,5708999.0,5709000.0,5653166.0,5657073.0,0.25024873
1780668000,5659719.0,5759160.0,5646453.0,5759160.0,0.49923666
1780671600,5764563.0,5773077.0,5645249.0,5756645.0,0.22380185
1780675200,5756645.0,5770165.0,5645394.0,5645425.0,0.74485917
1780678800,5645425.0,5645425.0,5645425.0,5645425.0,0.0
1780682400,5645344.0,5645344.0,5645344.0,5645344.0,0.01768425
1780686000,5645344.0,5667246.0,5630000.0,5630000.0,1.17765316
1780689600,5630000.0,5630000.0,5630000.0,5630000.0,0.0
1780693200,5654757.0,5654757.0,5654757.0,5654757.0,0.01761172
1780696800,5647617.0,5648899.0,5647617.0,5648899.0,0.02989472
1780700400,5622239.0,5622239.0,5622239.0,5622239.0,0.03513884
1780704000,5636082.0,5636082.0,5515324.0,5515324.0,0.43347103
1780707600,5623631.0,5640223.0,5623631.0,5640223.0,0.00970796
1780711200,5621067.0,5621067.0,5520718.0,5520718.0,0.05203285
1780714800,5500070.0,5586348.0,5500070.0,5586348.0,0.06509893
1780718400,5500054.0,5581700.0,5500000.0,5581700.0,0.01194228
1780722000,5562841.0,5572841.0,5500005.0,5572841.0,0.2681058
1780725600,5500025.0,5500025.0,5500015.0,5500015.0,0.31372831
1780729200,5500004.0,5500004.0,5500004.0,5500004.0,0.02545551
1780732800,5500004.0,5500004.0,5500000.0,5500004.0,0.12104858
1780736400,5500010.0,5606602.0,5500009.0,5606602.0,0.28416154
1780740000,5500009.0,5593779.0,5472044.0,5472044.0,0.20437363
1780743600,5586597.0,5586597.0,5547858.0,5547858.0,0.01137317
1780747200,5547858.0,5620151.0,5547858.0,5620151.0,0.03177487
1780750800,5547859.0,5547859.0,5547858.0,5547858.0,0.3306296
1780754400,5547858.0,5547858.0,5547858.0,5547858.0,0.0
1780758000,5547858.0,5612274.0,5484725.0,5612274.0,1.08270726
1780761600,5613683.0,5613724.0,5501920.0,5501920.0,0.05016697
1780765200,5501925.0,5613724.0,5501925.0,5613724.0,0.01938576
1780768800,5500000.0,5500000.0,5500000.0,5500000.0,0.00392818
1780772400,5500000.0,5613704.0,5492614.0,5613704.0,0.01256331
1780776000,5613715.0,5613715.0,5508362.0,5508362.0,0.01339098
1780779600,5613711.0,5613711.0,5613711.0,5613711.0,0.01795211
1780783200,5507133.0,5507139.0,5507133.0,5507139.0,0.0177381
1780786800,5507143.0,5613701.0,5507143.0,5507143.0,0.13439231
1780790400,5508361.0,5508361.0,5508360.0,5508360.0,0.021825
1780794000,5613711.0,5613711.0,5613711.0,5613711.0,0.01508805
1780797600,5507154.0,5693633.0,5507154.0,5693633.0,1.03135146
1780801200,5640293.0,5643035.0,5519267.0,5519267.0,0.07456813
1780804800,5651279.0,5651279.0,5528033.0,5556839.0,0.01569179
1780808400,5556839.0,5556839.0,5534993.0,5534993.0,0.00217591
1780812000,5556929.0,5657687.0,5529104.0,5657687.0,0.12531646
1780815600,5532146.0,5657608.0,5532145.0,5657133.0,0.02861907
1780819200,5657057.0,5657608.0,5533223.0,5533223.0,0.05293559
1780822800,5657608.0,5657608.0,5657608.0,5657608.0,0.06293843
1780826400,5528058.0,5630574.0,5528053.0,5630574.0,0.02603492
1780830000,5528053.0,5633701.0,5507147.0,5621947.0,0.25089631
1780833600,5603478.0,5603478.0,5507148.0,5507148.0,0.004943
1780837200,5507148.0,5507148.0,5481326.0,5481326.0,0.88176924
1780840800,5600416.0,5600416.0,5600416.0,5600416.0,0.0088913
1780844400,5609406.0,5609407.0,5609406.0,5609407.0,0.02337411
1780848000,5528929.0,5609407.0,5504946.0,5609407.0,0.02557703
1780851600,5609407.0,5609407.0,5609407.0,5609407.0,0.00532623
1780855200,5609407.0,5609407.0,5609407.0,5609407.0,0.0
1780858800,5609407.0,5609407.0,5609407.0,5609407.0,0.0
1780862400,5503518.0,5608246.0,5503518.0,5608246.0,0.01046513
1780866000,5608246.0,5608246.0,5608246.0,5608246.0,0.0
1780869600,5494064.0,5494064.0,5494064.0,5494064.0,0.00878148
1780873200,5597836.0,5608442.0,5486877.0,5598385.0,0.11346016
1780876800,5488768.0,5609407.0,5488768.0,5609407.0,0.0417842
1780880400,5609407.0,5625545.0,5609407.0,5625545.0,0.83184546
1780884000,5658968.0,5663435.0,5534639.0,5534639.0,0.18813861
1780887600,5544741.0,5666031.0,5544741.0,5544750.0,0.16407788
1780891200,5566772.0,5671972.0,5566772.0,5668422.0,0.04109561
1780894800,5665912.0,5665912.0,5558057.0,5558057.0,0.09899645
1780898400,5562221.0,5665912.0,5562221.0,5665912.0,0.01362879
1780902000,5562222.0,5687387.0,5562222.0,5687387.0,0.0133256
1780905600,5586675.0,5586675.0,5562223.0,5562223.0,0.08196466
1780909200,5672810.0,5683787.0,5544741.0,5557028.0,1.28305717
1780912800,5668904.0,5668904.0,5544741.0,5544741.0,0.00809885
1780916400,5666304.0,5666304.0,5544741.0,5666304.0,0.00769892
1780920000,5666304.0,5667809.0,5535234.0,5664279.0,0.15395884
1780923600,5539187.0,5658834.0,5530325.0,5600889.0,0.04811936
1780927200,5630384.0,5687106.0,5630384.0,5687106.0,0.22646798
1780930800,5687106.0,5687106.0,5648650.0,5648650.0,0.05308639
1780934400,5687106.0,5693633.0,5668189.0,5668189.0,0.02780717
1780938000,5642138.0,5693633.0,5545000.0,5545000.0,1.32810097
1780941600,5665138.0,5665138.0,5545000.0,5545000.0,0.20887389
1780945200,5545000.0,5545000.0,5545000.0,5545000.0,0.0
1780948800,5545000.0,5545000.0,5545000.0,5545000.0,0.0212889
1780952400,5500000.0,5500000.0,5500000.0,5500000.0,0.02607239
1780956000,5500000.0,5517455.0,5484236.0,5517455.0,0.06949558
1780959600,5539845.0,5554360.0,5472040.0,5554360.0,0.01463214
1780963200,5536312.0,5536312.0,5536312.0,5536312.0,0.0035977
1780966800,5472040.0,5536761.0,5205000.0,5536761.0,0.75203521
1780970400,5547218.0,5547218.0,5417930.0,5422123.0,0.01878334
1780974000,5543532.0,5543532.0,5543532.0,5543532.0,0.0017965
1780977600,5543532.0,5543532.0,5543532.0,5543532.0,0.0
1780981200,5424235.0,5519819.0,5424181.0,5519819.0,2.24666562
1780984800,5424177.0,5507221.0,5393869.0,5507221.0,0.09186969
1780988400,5532871.0,5532871.0,5532871.0,5532871.0,0.00219578
1780992000,5503299.0,5503299.0,5370526.0,5408087.0,0.01277372
1780995600,5484356.0,5484356.0,5370545.0,5458846.0,0.33095865
1780999200,5448319.0,5450391.0,5448319.0,5450391.0,0.00516604
1781002800,5453512.0,5453512.0,5453512.0,5453512.0,0.00913081
1781006400,5443278.0,5443278.0,5370526.0,5370530.0,0.86332444
1781010000,5466261.0,5466261.0,5466261.0,5466261.0,0.02899806
1781013600,5392523.0,5392523.0,5207048.0,5325135.0,0.43487247
1781017200,5264037.0,5310273.0,5264037.0,5308207.0,0.03157188
1781020800,5264037.0,5264037.0,5264037.0,5264037.0,0.06910721
1781024400,5268084.0,5268084.0,5268084.0,5268084.0,0.00189044
1781028000,5278184.0,5278184.0,5205001.0,5205001.0,0.0072624
1781031600,5205003.0,5205004.0,5205000.0,5205000.0,0.15645435
1781035200,5205000.0,5205000.0,5205000.0,5205000.0,0.02962037
1781038800,5234196.0,5234196.0,5234196.0,5234196.0,0.00210156
1781042400,5205005.0,5205005.0,5205004.0,5205004.0,0.04371299
1781046000,5205004.0,5205004.0,5205004.0,5205004.0,0.0
1781049600,5288462.0,5288462.0,5288462.0,5288462.0,0.00282463
1781053200,5257869.0,5289664.0,5257869.0,5285380.0,0.09941698
1781056800,5206000.0,5304295.0,5206000.0,5304295.0,0.07781372
1781060400,5206013.0,5322211.0,5206013.0,5322211.0,0.0084929
1781064000,5206086.0,5322362.0,5206086.0,5322362.0,0.0292535
1781067600,5322883.0,5323742.0,5322883.0,5323742.0,0.0121734
1781071200,5318830.0,5737815.0,5303194.0,5303194.0,0.0160157
1781074800,5302736.0,5302736.0,5293551.0,5293551.0,0.05799279
1781078400,5293551.0,5293551.0,5293551.0,5293551.0,0.0
1781082000,5206247.0,5206247.0,5206247.0,5206247.0,0.02757515
1781085600,5206247.0,5206247.0,5206223.0,5206223.0,0.0882453
1781089200,5206224.0,5206224.0,5206222.0,5206222.0,0.51581614
1781092800,5271593.0,5737810.0,5206222.0,5273295.0,0.36558938
1781096400,5206223.0,5273295.0,5206222.0,5206222.0,0.25955722
1781100000,5206222.0,5206222.0,5206222.0,5206222.0,0.0
1781103600,5258008.0,5270025.0,5206223.0,5270025.0,0.87025647
1781107200,5206223.0,5206224.0,5206223.0,5206224.0,0.00568913
1781110800,5206228.0,5206228.0,5206228.0,5206228.0,0.01037088
1781114400,5270025.0,5270025.0,5206888.0,5270025.0,0.01161624
1781118000,5270025.0,5270025.0,5270025.0,5270025.0,0.0
1781121600,5270025.0,5270025.0,5270025.0,5270025.0,0.00407872
1781125200,5270025.0,5270025.0,5206224.0,5206224.0,0.01136396
1781128800,5206224.0,5206224.0,5206224.0,5206224.0,0.0
1781132400,5206224.0,5206224.0,5206224.0,5206224.0,0.0
1781136000,5270025.0,5270025.0,5270025.0,5270025.0,0.00188974
1781139600,5270025.0,5270025.0,5270025.0,5270025.0,0.0
1781143200,5270025.0,5270025.0,5206222.0,5206222.0,0.0950121
1781146800,5206222.0,5270025.0,5206222.0,5270025.0,0.09703311
1781150400,5270025.0,5270025.0,5270025.0,5270025.0,0.0
1781154000,5231230.0,5231230.0,5231226.0,5231226.0,0.02548654
1781157600,5270019.0,5270019.0,5270019.0,5270019.0,0.00207855
1781161200,5231226.0,5270019.0,5206222.0,5270019.0,0.27207867
1781164800,5270019.0,5270019.0,5270019.0,5270019.0,0.00188974
1781168400,5206226.0,5206230.0,5206226.0,5206230.0,0.05620625
1781172000,5270023.0,5270023.0,5270022.0,5270022.0,0.00559199
1781175600,5270022.0,5270022.0,5206230.0,5206230.0,0.03189932
1781179200,5270022.0,5270022.0,5206230.0,5270022.0,0.21510211
1781182800,5210000.0,5270022.0,5206230.0,5270022.0,0.08654809
1781186400,5206234.0,5206234.0,5206222.0,5206222.0,0.09443907
1781190000,5270022.0,5270022.0,5206222.0,5206222.0,0.04556481
1781193600,5206222.0,5270022.0,5206222.0,5270022.0,0.02446749
1781197200,5270022.0,5273295.0,5270022.0,5273295.0,1.92458733
1781200800,5699998.0,5699998.0,5699998.0,5699998.0,0.00546894
1781204400,5699999.0,5699999.0,5699999.0,5699999.0,0.00754736
1781208000,5699999.0,5699999.0,5699999.0,5699999.0,0.00741473
1781211600,5699999.0,5699999.0,5699999.0,5699999.0,0.0
1781215200,5699997.0,5699999.0,5206224.0,5699999.0,1.06194986
1781218800,5206232.0,5206232.0,5206230.0,5206230.0,0.01666963
1781222400,5699926.0,5699926.0,5300000.0,5300000.0,0.01621588
1781226000,5699834.0,5699834.0,5699834.0,5699834.0,0.00246708
1781229600,5300024.0,5300024.0,5206225.0,5206225.0,1.0089241
1781233200,5699490.0,5699490.0,5207003.0,5207007.0,0.09112883
1781236800,5699484.0,5699498.0,5228992.0,5228992.0,1.01885864
1781240400,5228092.0,5699414.0,5226013.0,5698858.0,0.10296423
1781244000,5225978.0,5225978.0,5225976.0,5225976.0,0.01904813
1781247600,5225976.0,5225976.0,5225976.0,5225976.0,0.0
1781251200,5694996.0,5694996.0,5694996.0,5694996.0,0.01437682
1781254800,5694992.0,5694992.0,5694988.0,5694991.0,0.19786579
1781258400,5288890.0,5288895.0,5288888.0,5288895.0,0.23423281
1781262000,5666558.0,5666558.0,5288959.0,5288959.0,0.04834883
1781265600,5666424.0,5666424.0,5289016.0,5289044.0,0.05629028
1781269200,5289026.0,5289026.0,5288916.0,5288916.0,0.95061191
1781272800,5664998.0,5664998.0,5288916.0,5288916.0,0.18032777
1781276400,5664994.0,5664994.0,5298918.0,5664990.0,0.07276829
1781280000,5664899.0,5664993.0,5664899.0,5664993.0,0.03814007
1781283600,5664993.0,5698750.0,5298918.0,5298920.0,1.65039717
1781287200,5298918.0,5298918.0,5298918.0,5298918.0,0.00224392
1781290800,5298920.0,5698000.0,5288888.0,5698000.0,0.68208377
1781294400,5697994.0,5697997.0,5697994.0,5697997.0,0.08677979
1781298000,5697997.0,5697997.0,5697997.0,5697997.0,0.0
1781301600,5288890.0,5288890.0,5201000.0,5201000.0,2.03424386
1781305200,5688884.0,5690000.0,5684999.0,5684999.0,0.75134287
1781308800,5684998.0,5684998.0,5684998.0,5684998.0,0.00349569
1781312400,5684997.0,5684998.0,5238914.0,5684996.0,0.01060228
1781316000,5684996.0,5684996.0,5684996.0,5684996.0,0.0
1781319600,5238914.0,5684996.0,5238888.0,5684996.0,0.18760241
1781323200,5684994.0,5684996.0,5684994.0,5684994.0,0.01262427
1781326800,5684994.0,5684998.0,5238890.0,5238896.0,1.96612308
1781330400,5238898.0,5238898.0,5238898.0,5238898.0,0.01768217
1781334000,5238898.0,5499996.0,5238887.0,5238887.0,0.11349887
1781337600,5238887.0,5238887.0,5238887.0,5238887.0,0.0
1781341200,5238888.0,5500000.0,5238887.0,5499998.0,0.10134297
1781344800,5238892.0,5238892.0,5210000.0,5210000.0,0.56731083
1781348400,5210000.0,5479998.0,5201086.0,5479998.0,0.09731211
1781352000,5479986.0,5479986.0,5479984.0,5479984.0,0.02055206
1781355600,5479984.0,5479987.0,5469000.0,5469000.0,0.05645017
1781359200,5202008.0,5468993.0,5202008.0,5468993.0,0.08128525
1781362800,5468990.0,5468993.0,5202024.0,5202026.0,0.05870493
1781366400,5202028.0,5469000.0,5202028.0,5469000.0,0.65129255
1781370000,5202018.0,5202032.0,5202016.0,5202016.0,0.08100181
1781373600,5202016.0,5479993.0,5202016.0,5479993.0,0.073591
1781377200,5475000.0,5479993.0,5202016.0,5202016.0,0.12096535
1781380800,5449996.0,5450000.0,5449996.0,5450000.0,0.02204496
1781384400,5449999.0,5449999.0,5449999.0,5449999.0,0.00614605
1781388000,5429994.0,5429994.0,5429994.0,5429994.0,0.00498085
1781391600,5349986.0,5349986.0,5349986.0,5349986.0,0.00405664
1781395200,5349986.0,5349986.0,5349986.0,5349986.0,0.0
1781398800,5349991.0,5349995.0,5349991.0,5349995.0,0.01776339
1781402400,5202015.0,5349995.0,5202015.0,5202017.0,0.08014764
1781406000,5319999.0,5320000.0,5202019.0,5202019.0,0.16299754
1781409600,5320000.0,5320000.0,5202052.0,5202052.0,0.0652263
1781413200,5320000.0,5320000.0,5202053.0,5320000.0,0.0744538
1781416800,5202053.0,5202053.0,5202019.0,5202019.0,0.01478717
1781420400,5202019.0,5320000.0,5202019.0,5320000.0,0.01225041
1781424000,5320000.0,5479993.0,5202019.0,5400000.0,0.59699522
1781427600,5454000.0,5454000.0,5202020.0,5454000.0,0.01849541
1781431200,5202025.0,5202025.0,5201084.0,5201084.0,1.24108117
1781434800,5453000.0,5453989.0,5453000.0,5453989.0,0.00572917
1781438400,5453987.0,5453987.0,5208111.0,5208116.0,0.03728299
1781442000,5208116.0,5453946.0,5208000.0,5453945.0,0.0555609
1781445600,5453943.0,5453943.0,5453942.0,5453942.0,0.00631908
1781449200,5208100.0,5453942.0,5208100.0,5453938.0,0.02418536
1781452800,5208100.0,5453938.0,5201095.0,5444544.0,0.07929607
1781456400,5201096.0,5444544.0,5201096.0,5201096.0,0.05883894
1781460000,5449999.0,5450000.0,5449999.0,5450000.0,0.00892604
1781463600,5201095.0,5449999.0,4750005.0,5449999.0,0.60699666
1781467200,5449999.0,5449999.0,5449999.0,5449999.0,0.0
1781470800,5000021.0,5000021.0,5000018.0,5000018.0,0.1342468
1781474400,5234713.0,5449991.0,5234713.0,5449991.0,0.0688112
1781478000,5253046.0,5300380.0,5253046.0,5300380.0,0.02977784
1781481600,5000366.0,5300380.0,5000366.0,5300380.0,0.03002329
1781485200,5000525.0,5000525.0,5000525.0,5000525.0,0.00201794
1781488800,5300384.0,5443999.0,5300384.0,5443998.0,0.65512763
1781492400,5111131.0,5111131.0,5111124.0,5111124.0,0.03167017
1781496000,5111999.0,5442097.0,5000357.0,5000364.0,2.01080456
1781499600,5442089.0,5442089.0,5000364.0,5001002.0,0.03585141
1781503200,5439989.0,5439989.0,5001026.0,5438981.0,0.06436359
1781506800,5437977.0,5437977.0,5001056.0,5437976.0,0.02916933
1781510400,5428984.0,5428984.0,5001140.0,5001170.0,0.08912527
1781514000,5001285.0,5425999.0,5001285.0,5419983.0,0.27515679
1781517600,5419948.0,5419948.0,5020121.0,5320182.0,0.02659612
1781521200,5234822.0,5417899.0,5020211.0,5410000.0,0.01172459
1781524800,5030020.0,5404994.0,4808888.0,5404994.0,0.46010118
1781528400,4808898.0,5404985.0,4808898.0,5220021.0,0.07585331
1781532000,5395000.0,5399990.0,5220045.0,5220104.0,0.03770373
1781535600,5395000.0,5399979.0,5208989.0,5208989.0,0.19001544
1781539200,5396000.0,5399943.0,5000027.0,5399894.0,0.02343146
1781542800,5399879.0,5399879.0,5399879.0,5399879.0,0.0018443
1781546400,5399879.0,5399879.0,5399879.0,5399879.0,0.0
1781550000,5399879.0,5399879.0,5399879.0,5399879.0,0.0
1781553600,5000194.0,5399197.0,5000192.0,5399048.0,0.11688806
1781557200,5000509.0,5000627.0,5000246.0,5000246.0,1.04972316
1781560800,5266004.0,5690000.0,5200009.0,5201020.0,5.68247852
1781564400,5600000.0,5689752.0,5600000.0,5689752.0,0.01635516
1781568000,5687686.0,5687686.0,5250004.0,5250004.0,0.08432247
1781571600,5250004.0,5250004.0,5250004.0,5250004.0,0.0
1781575200,5259996.0,5687196.0,5259994.0,5259994.0,0.01391712
1781578800,5687360.0,5687360.0,4808888.0,4808888.0,5.60972012
1781582400,5414364.0,5414364.0,4810016.0,4810016.0,0.01961018
1781586000,5413962.0,5413962.0,4811060.0,5409994.0,0.00887308
1781589600,5409994.0,5409994.0,5409994.0,5409994.0,0.0
1781593200,5409994.0,5409994.0,5409994.0,5409994.0,0.0
1781596800,5051028.0,5051028.0,5051028.0,5051028.0,0.00464755
1781600400,5299984.0,5300000.0,5051248.0,5300000.0,0.24799042
1781604000,5300000.0,5300000.0,5300000.0,5300000.0,0.0
1781607600,5051536.0,5299934.0,5051536.0,5299934.0,0.03938347
1781611200,5051662.0,5299850.0,5051648.0,5051705.0,0.24347985
1781614800,5299933.0,5299934.0,5051940.0,5051940.0,0.04752073
1781618400,5298996.0,5398958.0,5053010.0,5398958.0,1.31037144
1781622000,5398948.0,5398948.0,5053044.0,5397994.0,0.1016677
1781625600,5055050.0,5055050.0,5055050.0,5055050.0,0.005273
1781629200,5055226.0,5055226.0,5055226.0,5055226.0,0.00614605
1781632800,5397992.0,5397992.0,5055310.0,5055310.0,0.00586357
1781636400,5397972.0,5398956.0,5397972.0,5398956.0,0.19320318
1781640000,5398956.0,5398956.0,5398956.0,5398956.0,0.0
1781643600,5398952.0,5398952.0,5398952.0,5398952.0,0.01099694
1781647200,5398952.0,5398952.0,5398952.0,5398952.0,0.0
1781650800,5398952.0,5398952.0,5398952.0,5398952.0,0.0
1781654400,5257133.0,5398941.0,5057000.0,5398941.0,0.60705536
1781658000,5398935.0,5398940.0,5057036.0,5057036.0,0.09540483
1781661600,5057096.0,5057096.0,5057095.0,5057095.0,0.03382613
1781665200,5398854.0,5398854.0,5057128.0,5398814.0,0.01270891
1781668800,5398776.0,5398874.0,5398776.0,5398874.0,0.00636395
1781672400,5398902.0,5398902.0,5257692.0,5398854.0,0.01077453
1781676000,5257717.0,5257717.0,5257717.0,5257717.0,0.00211763
1781679600,5257722.0,5398836.0,5257722.0,5398836.0,0.02020455
1781683200,5398819.0,5398864.0,5398816.0,5398864.0,0.01766661
1781686800,5398859.0,5398864.0,5398859.0,5398864.0,0.16759258
1781690400,5398864.0,5398910.0,5257731.0,5257731.0,0.01381626
1781694000,5398906.0,5398906.0,5257764.0,5398905.0,0.01118869
1781697600,5257795.0,5398901.0,5257770.0,5397991.0,0.11438004
1781701200,5257778.0,5410000.0,5257778.0,5409996.0,0.15105179
1781704800,5257940.0,5257940.0,5257940.0,5257940.0,0.00368989
1781708400,5399996.0,5399996.0,5257989.0,5257989.0,0.01139002
1781712000,5400000.0,5400000.0,5257990.0,5257990.0,0.01198713
1781715600,5257990.0,5257990.0,5257990.0,5257990.0,0.0
1781719200,5400000.0,5400000.0,5399990.0,5399990.0,0.0224124
1781722800,5399974.0,5399974.0,5399974.0,5399974.0,0.00289205
1781726400,5257921.0,5257935.0,5257921.0,5257935.0,0.11005788
1781730000,5400000.0,5400000.0,5400000.0,5400000.0,0.00184425
1781733600,5400000.0,5409995.0,5400000.0,5409995.0,0.00938446
1781737200,5409996.0,5409996.0,5409996.0,5409996.0,0.00184085
1781740800,5409951.0,5409986.0,5409951.0,5409986.0,0.02504501
1781744400,5409794.0,5409794.0,5257920.0,5257924.0,0.15933182
1781748000,5409996.0,5409996.0,5409996.0,5409996.0,0.00262162
1781751600,5409921.0,5410000.0,5257925.0,5257925.0,0.04666045
1781755200,5409981.0,5409981.0,5257929.0,5257929.0,0.00878865
1781758800,5257955.0,5257955.0,5257955.0,5257955.0,0.00532623
1781762400,5258022.0,5258022.0,5257920.0,5257920.0,0.02000381
1781766000,5409922.0,5409922.0,5257915.0,5257915.0,0.03602571
1781769600,5409921.0,5409922.0,5257919.0,5257919.0,0.03318748
1781773200,5257919.0,5257919.0,5257919.0,5257919.0,0.0
1781776800,5257919.0,5257919.0,5257919.0,5257919.0,0.0
1781780400,5409899.0,5409899.0,5257924.0,5257924.0,0.01585111
1781784000,5257915.0,5257915.0,5257915.0,5257915.0,0.04010867
1781787600,5257915.0,5257915.0,5257915.0,5257915.0,0.0
1781791200,5257915.0,5257915.0,5257915.0,5257915.0,0.0
1781794800,5409890.0,5409890.0,5257930.0,5409796.0,0.01051405
1781798400,5406999.0,5407000.0,5406996.0,5406996.0,0.01059774
1781802000,5258034.0,5258066.0,5258034.0,5258066.0,0.01048061
1781805600,5258066.0,5258066.0,5258066.0,5258066.0,0.0
1781809200,5258186.0,5258186.0,5258186.0,5258186.0,0.00487697
1781812800,5258186.0,5258186.0,5257939.0,5257939.0,0.59955537
1781816400,5257939.0,5257939.0,5257939.0,5257939.0,0.0
1781820000,5257939.0,5257939.0,5257939.0,5257939.0,0.0
1781823600,5257939.0,5257939.0,5257939.0,5257939.0,0.0
1781827200,5257922.0,5257922.0,5257920.0,5257920.0,0.02240197
1781830800,5257919.0,5257919.0,5257919.0,5257919.0,0.003021
1781834400,5257919.0,5257919.0,5057107.0,5057107.0,0.32011409
1781838000,5057204.0,5057204.0,5057204.0,5057204.0,0.00440675
1781841600,5057204.0,5057204.0,5057204.0,5057204.0,0.0
1781845200,5057370.0,5279944.0,5057246.0,5279944.0,0.02695106
1781848800,5279986.0,5279986.0,5279986.0,5279986.0,0.01799207
1781852400,5279986.0,5279988.0,5279986.0,5279986.0,0.14636017
1781856000,5057294.0,5057294.0,5057255.0,5057262.0,0.04375807
1781859600,5279898.0,5279899.0,5057316.0,5057316.0,0.04139056
1781863200,5057316.0,5057316.0,5057316.0,5057316.0,0.0
1781866800,5279894.0,5279900.0,5057420.0,5279898.0,0.10224912
1781870400,5057942.0,5279900.0,5057942.0,5057956.0,0.04215602
1781874000,5057972.0,5279900.0,5057972.0,5279900.0,0.05549649
1781877600,5057977.0,5279899.0,5057977.0,5279899.0,0.06082059
1781881200,5279899.0,5279899.0,5058084.0,5279899.0,0.01626248
1781884800,5279899.0,5279899.0,5058012.0,5058012.0,0.00635847
1781888400,5058012.0,5058012.0,5058012.0,5058012.0,0.0
1781892000,5279894.0,5279896.0,5058218.0,5058218.0,0.01201869
1781895600,5279894.0,5279894.0,5279894.0,5279894.0,0.00217352
1781899200,5279894.0,5279894.0,5279894.0,5279894.0,0.0
1781902800,5279894.0,5279894.0,5279894.0,5279894.0,0.0
1781906400,5279894.0,5279894.0,5279894.0,5279894.0,0.0
1781910000,5279896.0,5279896.0,5279896.0,5279896.0,0.01878766
1781913600,5279896.0,5279896.0,5279896.0,5279896.0,0.0
1781917200,5198238.0,5279895.0,5198238.0,5279895.0,0.01199586
1781920800,5279895.0,5279895.0,5279895.0,5279895.0,0.0
1781924400,5279895.0,5279896.0,5198243.0,5198243.0,0.0473422
1781928000,5279896.0,5279896.0,5058242.0,5279896.0,0.09671727
1781931600,5279896.0,5279896.0,5279896.0,5279896.0,0.0
1781935200,5279896.0,5279896.0,5279896.0,5279896.0,0.0
1781938800,5279896.0,5279896.0,5279896.0,5279896.0,0.0
1781942400,5279895.0,5279895.0,5279895.0,5279895.0,0.00279872
1781946000,5279895.0,5279895.0,5279895.0,5279895.0,0.01995285
1781949600,5279895.0,5279895.0,5060000.0,5060000.0,0.24217341
1781953200,5162880.0,5279879.0,5060000.0,5060000.0,0.04627243
1781956800,5060000.0,5162868.0,5060000.0,5060000.0,0.04776675
1781960400,5162868.0,5162868.0,5162868.0,5162868.0,0.009259
1781964000,5060000.0,5060000.0,5058241.0,5058241.0,0.06581932
1781967600,5058241.0,5058241.0,5058236.0,5058236.0,0.09637487
1781971200,5058236.0,5058236.0,5058236.0,5058236.0,0.00492073
1781974800,5058236.0,5058236.0,5058236.0,5058236.0,0.01293981
1781978400,5058236.0,5058236.0,5058236.0,5058236.0,0.0
1781982000,5162868.0,5162868.0,5058236.0,5058236.0,0.00519832
1781985600,5058236.0,5058236.0,5058236.0,5058236.0,0.0
1781989200,5162868.0,5162868.0,5058299.0,5058299.0,0.01311518
1781992800,5058299.0,5058299.0,5058299.0,5058299.0,0.0
1781996400,5162868.0,5279020.0,5162868.0,5279020.0,0.18470869
1782000000,5279020.0,5279020.0,5279020.0,5279020.0,0.0
1782003600,5279019.0,5279019.0,5158304.0,5158304.0,0.00907945
1782007200,5279019.0,5279019.0,5158304.0,5279019.0,0.02660985
1782010800,5279019.0,5279019.0,5279019.0,5279019.0,0.00377304
1782014400,5279019.0,5279019.0,5279019.0,5279019.0,0.00882511
1782018000,5158305.0,5158305.0,5158305.0,5158305.0,0.01318984
1782021600,5158305.0,5158305.0,5158305.0,5158305.0,0.00747893
1782025200,5158305.0,5158305.0,5158305.0,5158305.0,0.0
1782028800,5260019.0,5260019.0,5260019.0,5260019.0,0.00262147
1782032400,5158305.0,5260019.0,5158304.0,5158304.0,0.02322718
1782036000,5260019.0,5279019.0,5158304.0,5279019.0,0.05516945
1782039600,5279019.0,5279019.0,5279019.0,5279019.0,0.03278998
1782043200,5279019.0,5279019.0,5058900.0,5058900.0,0.19219498
1782046800,5279018.0,5279018.0,5058904.0,5278997.0,0.06361348
1782050400,5059006.0,5278994.0,5059005.0,5059006.0,0.02149388
1782054000,5278994.0,5278997.0,5278994.0,5278997.0,0.00728149
1782057600,5059006.0,5059006.0,5059005.0,5059005.0,0.01643847
1782061200,5059006.0,5059006.0,5059006.0,5059006.0,0.01048345
1782064800,5059006.0,5059006.0,5059006.0,5059006.0,0.0
1782068400,5059005.0,5278992.0,5059005.0,5278992.0,0.02958265
1782072000,5278984.0,5278984.0,5059005.0,5059005.0,0.00789905
1782075600,5278970.0,5278970.0,5278970.0,5278970.0,0.00297842
1782079200,5066002.0,5066002.0,5066000.0,5066000.0,0.00966324
1782082800,5066900.0,5066900.0,5066900.0,5066900.0,0.00238358
1782086400,5249998.0,5249998.0,5249998.0,5249998.0,0.00935505
1782090000,5249998.0,5249998.0,5249998.0,5249998.0,0.0
1782093600,5248998.0,5248998.0,5066906.0,5066906.0,0.01400357
1782097200,5066999.0,5067000.0,5066999.0,5067000.0,0.00835707
1782100800,5068001.0,5248988.0,5068001.0,5248988.0,0.01217756
1782104400,5248988.0,5248988.0,5248988.0,5248988.0,0.0
1782108000,5248986.0,5248986.0,5248986.0,5248986.0,0.00622996
1782111600,5248986.0,5248987.0,5100001.0,5100001.0,0.01643416
1782115200,5100001.0,5250000.0,5100001.0,5250000.0,0.69104761
1782118800,5250000.0,5250000.0,5250000.0,5250000.0,0.0
1782122400,5126353.0,5126353.0,5126353.0,5126353.0,0.01749281
1782126000,5268795.0,5278974.0,5125001.0,5125001.0,0.16072366
1782129600,5125001.0,5125001.0,5125001.0,5125001.0,0.00715117
1782133200,5278974.0,5279019.0,5278974.0,5279019.0,0.10800426
1782136800,5279019.0,5324990.0,5279019.0,5324990.0,0.0031571
1782140400,5125018.0,5125022.0,5125018.0,5125022.0,0.0208159
1782144000,5125026.0,5324988.0,5125023.0,5324988.0,0.02480947
1782147600,5324988.0,5324988.0,5324988.0,5324988.0,0.0
1782151200,5324988.0,5324988.0,5324988.0,5324988.0,0.00464357
1782154800,5324988.0,5324988.0,5125032.0,5125032.0,0.00386477
1782158400,5125032.0,5125032.0,5125032.0,5125032.0,0.0
1782162000,5125032.0,5125032.0,5125032.0,5125032.0,0.00289104
1782165600,5294502.0,5294502.0,5125032.0,5125032.0,0.01226588
1782169200,5125032.0,5125032.0,5125032.0,5125032.0,0.0
1782172800,5125032.0,5125032.0,5125032.0,5125032.0,0.0
1782176400,5294502.0,5404887.0,5125043.0,5125044.0,0.03315219
1782180000,5125044.0,5125044.0,5125044.0,5125044.0,0.0
1782183600,5125044.0,5125044.0,5125044.0,5125044.0,0.0
1782187200,5327532.0,5327532.0,5327532.0,5327532.0,0.00214245
1782190800,5327532.0,5327532.0,5327532.0,5327532.0,0.0
1782194400,5327534.0,5335226.0,5301926.0,5303277.0,0.03880997
1782198000,5151001.0,5151001.0,5151001.0,5151001.0,0.00260551
1782201600,5151001.0,5335226.0,5151001.0,5335226.0,0.01475162
1782205200,5335226.0,5335226.0,5151001.0,5151001.0,0.00653202
1782208800,5335226.0,5335226.0,5335226.0,5335226.0,0.06424188
1782212400,5162001.0,5162001.0,5162001.0,5162001.0,0.02799244
1782216000,5335226.0,5335226.0,5335226.0,5335226.0,0.00649344
1782219600,5335226.0,5335226.0,5335226.0,5335226.0,0.00771082
1782223200,5335226.0,5335226.0,5162002.0,5162002.0,0.03017045
1782226800,5162004.0,5335226.0,5162001.0,5334206.0,0.02649346
1782230400,5335226.0,5335226.0,5162001.0,5162001.0,0.0056003
1782234000,5335226.0,5343289.0,5335226.0,5343289.0,0.00372958
1782237600,5162003.0,5162003.0,5162003.0,5162003.0,0.00259702
1782241200,5162001.0,5162001.0,5162001.0,5162001.0,0.00439399
1782244800,5162002.0,5162002.0,5162002.0,5162002.0,0.01503725
1782248400,5404072.0,5404074.0,5404072.0,5404074.0,0.00885516
1782252000,5404064.0,5404074.0,5162001.0,5162002.0,0.02250916
1782255600,5404074.0,5404074.0,5162002.0,5162002.0,0.00737144
1782259200,5162002.0,5162002.0,5162002.0,5162002.0,0.00205202
1782262800,5162002.0,5162002.0,5162002.0,5162002.0,0.0
1782266400,5162006.0,5162006.0,5162006.0,5162006.0,0.00454948
1782270000,5162006.0,5162006.0,5162006.0,5162006.0,0.0
1782273600,5399092.0,5399092.0,5162001.0,5399087.0,0.05040112
1782277200,5399087.0,5399087.0,5399087.0,5399087.0,0.0
1782280800,5399087.0,5399087.0,5162504.0,5399084.0,0.00668609
1782284400,5398999.0,5398999.0,5398999.0,5398999.0,0.01629468
1782288000,5162002.0,5162002.0,5162001.0,5162001.0,0.01926984
1782291600,5398594.0,5398999.0,5162002.0,5162002.0,0.19527468
1782295200,5398996.0,5398999.0,5162508.0,5162508.0,0.06545069
1782298800,5162508.0,5162508.0,5162002.0,5162002.0,0.17376642
1782302400,5398994.0,5398994.0,5162090.0,5162091.0,0.03252931
1782306000,5398986.0,5398991.0,5398986.0,5398991.0,0.09806169
1782309600,5162554.0,5398991.0,5162554.0,5398991.0,0.00933937
1782313200,5162554.0,5398984.0,5162090.0,5398984.0,0.22553092
1782316800,5398984.0,5398984.0,5398983.0,5398983.0,0.00535396
1782320400,5183046.0,5398980.0,5183046.0,5398980.0,0.02559023
1782324000,5398980.0,5398980.0,5398980.0,5398980.0,0.0
1782327600,5398981.0,5398981.0,5398981.0,5398981.0,0.01414025
1782331200,5398980.0,5398980.0,5398980.0,5398980.0,0.0388753
1782334800,5183046.0,5183046.0,5183035.0,5183035.0,0.0388753
1782338400,5398956.0,5398956.0,5398956.0,5398956.0,0.00202891
1782342000,5398891.0,5398891.0,5183051.0,5183105.0,0.02269494
1782345600,5398140.0,5398140.0,5183090.0,5183090.0,0.10276103
1782349200,5398030.0,5398030.0,5183090.0,5183090.0,0.00438186
1782352800,5397976.0,5397976.0,5183112.0,5183112.0,0.01308871
1782356400,5183092.0,5397880.0,5183090.0,5397880.0,0.06684197
1782360000,5397874.0,5397874.0,5397873.0,5397873.0,0.00783215
1782363600,5397873.0,5397873.0,5397873.0,5397873.0,0.0
1782367200,5183506.0,5183506.0,5183506.0,5183506.0,0.018799
1782370800,5183506.0,5396664.0,5183504.0,5396664.0,0.02706147
1782374400,5183506.0,5396666.0,5183504.0,5396666.0,0.04578644
1782378000,5396664.0,5396664.0,5396664.0,5396664.0,0.00461339
1782381600,5190192.0,5385382.0,5183090.0,5385382.0,0.06280764
1782385200,5183092.0,5385372.0,5057204.0,5273664.0,0.10112034
1782388800,5273664.0,5273664.0,5273664.0,5273664.0,0.0
1782392400,5057208.0,5057208.0,5057107.0,5057107.0,0.10821682
1782396000,5263998.0,5273660.0,5010373.0,5273660.0,0.16597034
1782399600,5010374.0,5010374.0,5010373.0,5010373.0,0.00832974
1782403200,5000000.0,5000000.0,5000000.0,5000000.0,0.01138668
1782406800,5000000.0,5273414.0,4850382.0,5273365.0,0.2030137
1782410400,5273396.0,5273396.0,4850729.0,5273368.0,0.00877034
1782414000,4850874.0,5272924.0,4850874.0,5272924.0,0.0058049
1782417600,5272784.0,5272784.0,5272784.0,5272784.0,0.00198198
1782421200,5272784.0,5272784.0,5272784.0,5272784.0,0.0
1782424800,4851995.0,5269964.0,4851994.0,5269964.0,0.01740045
1782428400,5269964.0,5269964.0,5269964.0,5269964.0,0.0
1782432000,5269964.0,5269964.0,5269964.0,5269964.0,0.0
1782435600,4854040.0,4854040.0,4854039.0,4854039.0,0.04352363
1782439200,5268323.0,5268323.0,4854367.0,4854394.0,0.09545943
1782442800,4854812.0,4854812.0,4854812.0,4854812.0,0.14829394
1782446400,5267397.0,5267397.0,4855135.0,4855135.0,0.06803026
1782450000,4855375.0,5252127.0,4855375.0,5252127.0,0.00606073
1782453600,5252428.0,5252429.0,4855693.0,4855693.0,0.09990757
1782457200,5252141.0,5252141.0,4856154.0,4856260.0,0.37223718
1782460800,4856260.0,4856260.0,4856260.0,4856260.0,0.0
1782464400,5249832.0,5249832.0,5249815.0,5249815.0,0.018725
1782468000,5249815.0,5249815.0,5249815.0,5249815.0,0.0
1782471600,4900710.0,5249104.0,4900710.0,5248947.0,0.03391997
1782475200,4900972.0,5248650.0,4900972.0,5247745.0,0.33853738
1782478800,5246876.0,5246876.0,5246876.0,5246876.0,0.0033883
1782482400,5245172.0,5245172.0,5245172.0,5245172.0,0.00537427
1782486000,5245172.0,5245172.0,5245172.0,5245172.0,0.0
1782489600,5245172.0,5245172.0,5245172.0,5245172.0,0.0
1782493200,5245172.0,5245172.0,5245172.0,5245172.0,0.0
1782496800,5243189.0,5243189.0,5243189.0,5243189.0,0.00236268
1782500400,5243189.0,5243189.0,5243189.0,5243189.0,0.0
1782504000,5243189.0,5243189.0,5243189.0,5243189.0,0.0
1782507600,5000664.0,5000664.0,5000663.0,5000663.0,0.01177832
1782511200,5000663.0,5000663.0,5000663.0,5000663.0,0.0
1782514800,5000663.0,5000663.0,5000663.0,5000663.0,0.0
1782518400,5000663.0,5000663.0,5000663.0,5000663.0,0.0
1782522000,5001551.0,5242857.0,5001550.0,5242857.0,0.04266355
1782525600,5244504.0,5244504.0,5244238.0,5244238.0,0.01684476
1782529200,5002574.0,5002574.0,5000804.0,5000804.0,0.05694671
1782532800,5000804.0,5248677.0,5000800.0,5000815.0,0.1568549
1782536400,5248218.0,5248218.0,5247918.0,5247918.0,0.00379529
1782540000,5246992.0,5246992.0,5246910.0,5246910.0,0.01144632
1782543600,5246910.0,5246910.0,5246910.0,5246910.0,0.0
1782547200,5246137.0,5246137.0,4901427.0,5245530.0,0.1963478
1782550800,4901469.0,4901469.0,4901469.0,4901469.0,0.00923994
1782554400,4901469.0,4901469.0,4901469.0,4901469.0,0.0
1782558000,5143293.0,5143293.0,4901514.0,4901514.0,0.03632397
1782561600,5142557.0,5142557.0,4901404.0,4901404.0,0.10580811
1782565200,5142282.0,5142282.0,4905080.0,4905080.0,0.02800133
1782568800,4905080.0,4905080.0,4905080.0,4905080.0,0.0
1782572400,4906026.0,5140716.0,4906026.0,5140716.0,0.01545417
1782576000,4906199.0,4906199.0,4906001.0,4906001.0,0.01529376
1782579600,5140106.0,5140106.0,4906041.0,5139748.0,0.03159869
1782583200,5139222.0,5139222.0,5139222.0,5139222.0,0.00193784
1782586800,5139222.0,5139222.0,5139222.0,5139222.0,0.0
1782590400,5139222.0,5139222.0,5139222.0,5139222.0,0.0
1782594000,5140050.0,5140050.0,5140050.0,5140050.0,0.00545811
1782597600,5139266.0,5139266.0,5139266.0,5139266.0,0.00232523
1782601200,4906567.0,4906567.0,4906567.0,4906567.0,0.0026584
1782604800,5140374.0,5140374.0,5140374.0,5140374.0,0.07710781
1782608400,4906578.0,4906751.0,4906578.0,4906750.0,0.02828112
1782612000,4906956.0,4906956.0,4906956.0,4906956.0,0.00368914
1782615600,5140194.0,5140195.0,5140194.0,5140195.0,0.0193623
1782619200,5140195.0,5140195.0,5140195.0,5140195.0,0.0
1782622800,4907140.0,4907140.0,4907140.0,4907140.0,0.0193623
1782626400,4907140.0,4907140.0,4907140.0,4907140.0,0.0
1782630000,4906144.0,4906144.0,4906133.0,4906133.0,0.19799271
1782633600,5138922.0,5138922.0,5138922.0,5138922.0,0.00215317
1782637200,5138761.0,5138761.0,5138761.0,5138761.0,0.00193801
1782640800,5137802.0,5137802.0,4906341.0,4906341.0,0.01507974
1782644400,5137005.0,5137005.0,5137005.0,5137005.0,0.00425539
1782648000,5136854.0,5136854.0,4996162.0,4996162.0,0.01386667
1782651600,5135875.0,5135875.0,5135875.0,5135875.0,0.00504159
1782655200,5135333.0,5135333.0,5135290.0,5135293.0,0.05832771
1782658800,4996162.0,4996162.0,4926163.0,4926163.0,0.00598978
1782662400,4926163.0,4926163.0,4926163.0,4926163.0,0.0
1782666000,4926163.0,4926163.0,4926163.0,4926163.0,0.0
1782669600,5132824.0,5132824.0,5132824.0,5132824.0,0.00528169
1782673200,5132824.0,5132824.0,5132824.0,5132824.0,0.0
1782676800,5132824.0,5132824.0,5132824.0,5132824.0,0.0
1782680400,5132824.0,5132824.0,5132824.0,5132824.0,0.0
1782684000,5132824.0,5132824.0,5132824.0,5132824.0,0.0
1782687600,5132824.0,5132824.0,5132824.0,5132824.0,0.0
1782691200,5132824.0,5132824.0,5132824.0,5132824.0,0.0
1782694800,5132824.0,5132824.0,5132824.0,5132824.0,0.0
1782698400,5130496.0,5130497.0,5130496.0,5130497.0,0.08294259
1782702000,5130497.0,5130497.0,5130497.0,5130497.0,0.0
1782705600,4928698.0,4928704.0,4928694.0,4928694.0,0.03074341
1782709200,5141282.0,5141282.0,5141270.0,5141270.0,0.02075554
1782712800,5141132.0,5141134.0,5141132.0,5141134.0,0.01940992
1782716400,5141471.0,5141471.0,4929431.0,4929582.0,0.00887387
1782720000,4929655.0,5141441.0,4929655.0,5141111.0,0.01355052
1782723600,5140850.0,5140850.0,5140850.0,5140850.0,0.00193722
1782727200,5140699.0,5140700.0,5140699.0,5140700.0,0.0136458
1782730800,4930766.0,5140380.0,4930766.0,5140268.0,0.04433629
1782734400,4931051.0,5140278.0,4931050.0,5140179.0,0.05123618
1782738000,5140093.0,5140093.0,5140093.0,5140093.0,0.01628044
1782741600,5139877.0,5139877.0,4931801.0,4931801.0,0.03512852
1782745200,5139581.0,5139581.0,4932016.0,5139400.0,0.06807878
1782748800,5139400.0,5139400.0,5139400.0,5139400.0,0.0
1782752400,5138772.0,5138772.0,5138772.0,5138772.0,0.00265082
1782756000,4933227.0,4933227.0,4933227.0,4933227.0,0.00461688
1782759600,4933622.0,4933622.0,4933622.0,4933622.0,0.00265082
1782763200,4933622.0,4933622.0,4933622.0,4933622.0,0.0
1782766800,4933622.0,4933622.0,4933622.0,4933622.0,0.0
1782770400,4934965.0,5135215.0,4934965.0,5135215.0,0.01034384
1782774000,5134665.0,5134665.0,5134665.0,5134665.0,0.01621176
1782777600,4935764.0,4935764.0,4935764.0,4935764.0,0.0070809
1782781200,4936282.0,4936282.0,4936259.0,4936259.0,0.2656241
1782784800,4936259.0,4936259.0,4936259.0,4936259.0,0.0
1782788400,4936307.0,5132913.0,4936307.0,4936315.0,0.03136748
1782792000,4936331.0,4936343.0,4936331.0,4936343.0,0.02077953
1782795600,4936343.0,4936343.0,4936343.0,4936343.0,0.0
1782799200,4936379.0,4936379.0,4936379.0,4936379.0,0.00488374
1782802800,4936399.0,4936399.0,4936391.0,4936391.0,0.21234865
1782806400,4936391.0,4936391.0,4936391.0,4936391.0,0.0
1782810000,5130576.0,5130576.0,5130576.0,5130576.0,0.0020943
1782813600,5132552.0,5132559.0,5132552.0,5132559.0,0.03304553
1782817200,5132896.0,5132897.0,5132896.0,5132897.0,0.0291278
1782820800,5132897.0,5135304.0,5132897.0,5135304.0,0.00320145
1782824400,5134807.0,5135304.0,4936263.0,4936263.0,2.21477747
1782828000,5135113.0,5141534.0,4936271.0,5141530.0,0.24824144
1782831600,4936472.0,4936472.0,4936472.0,4936472.0,0.00678569
1782835200,4936472.0,4936472.0,4936472.0,4936472.0,0.0
1782838800,5141532.0,5141534.0,4937258.0,4937258.0,0.0243687
1782842400,4937258.0,4937258.0,4937258.0,4937258.0,0.0
1782846000,4937258.0,4937258.0,4937258.0,4937258.0,0.0
1782849600,4937258.0,4937258.0,4937258.0,4937258.0,0.0
1782853200,5141532.0,5141532.0,5141532.0,5141532.0,0.00240881
1782856800,5141532.0,5141532.0,5141532.0,5141532.0,0.0072669
1782860400,4937887.0,4937887.0,4937887.0,4937887.0,0.00528169
1782864000,5141528.0,5141528.0,4938067.0,4938067.0,0.0073207
1782867600,5141528.0,5141533.0,5141528.0,5141533.0,0.01123439
1782871200,5141533.0,5142309.0,4938296.0,5142306.0,0.07872981
1782874800,5142306.0,5142309.0,5142306.0,5142309.0,0.00829684
1782878400,5142309.0,5249398.0,4938416.0,4938416.0,0.0758797
1782882000,4938472.0,5249151.0,4938472.0,4938475.0,0.02567524
1782885600,4938475.0,4938475.0,4938471.0,4938475.0,0.20054731
1782889200,4938475.0,4938475.0,4938475.0,4938475.0,0.03313824
1782892800,5248273.0,5248273.0,5248273.0,5248273.0,0.00189757
1782896400,5248111.0,5248111.0,5247832.0,5247832.0,0.00672518
1782900000,5247606.0,5247606.0,4939058.0,4939058.0,0.06250209
1782903600,4939095.0,5247481.0,4939095.0,5247481.0,0.01563283
1782907200,4939675.0,4939675.0,4939675.0,4939675.0,0.00837982
1782910800,5247510.0,5247510.0,5247510.0,5247510.0,0.00438226
1782914400,5247510.0,5247510.0,5247510.0,5247510.0,0.0
1782918000,4987114.0,5273527.0,4987113.0,5273527.0,1.35650247
1782921600,5028789.0,5298760.0,5028789.0,5298758.0,0.02077639
1782925200,5298762.0,5298765.0,5298761.0,5298761.0,0.01790529
1782928800,5298761.0,5298761.0,5043419.0,5043538.0,0.01833676
1782932400,5298758.0,5298761.0,5043767.0,5043767.0,0.06284212
1782936000,5298760.0,5298761.0,5044135.0,5044135.0,0.02169354
1782939600,5044135.0,5044135.0,5044135.0,5044135.0,0.0
1782943200,5044135.0,5044135.0,5044135.0,5044135.0,0.0
1782946800,5298760.0,5298765.0,5045091.0,5298761.0,0.13041046
1782950400,5298765.0,5333333.0,5110000.0,5110000.0,0.01160397
1782954000,5333318.0,5333318.0,5333318.0,5333318.0,0.00276488
1782957600,5333314.0,5333314.0,5110781.0,5110781.0,0.19519479
1782961200,5333314.0,5333314.0,5333314.0,5333314.0,0.00349407
1782964800,5333314.0,5333314.0,5333314.0,5333314.0,0.0
1782968400,5333200.0,5333200.0,5333200.0,5333200.0,0.00207473
1782972000,5112621.0,5333195.0,5112620.0,5113138.0,0.03003206
1782975600,5333194.0,5333194.0,5333194.0,5333194.0,0.00998519
1782979200,5333194.0,5333200.0,5333194.0,5333200.0,0.05975569
1782982800,5333196.0,5333196.0,5114527.0,5114758.0,0.03106252
1782986400,5114758.0,5114758.0,5114758.0,5114758.0,0.0
1782990000,5115726.0,5115794.0,5115725.0,5115793.0,0.11199301
1782993600,5115793.0,5115793.0,5115793.0,5115793.0,0.0
1782997200,5115794.0,5333333.0,4995010.0,5333333.0,0.24328586
1783000800,5333333.0,5410000.0,5222222.0,5409905.0,1.85067558
1783004400,5222240.0,5410000.0,5222240.0,5410000.0,0.2305252
1783008000,5500000.0,5500000.0,5500000.0,5500000.0,0.00373472
1783011600,5222537.0,5222566.0,5222537.0,5222566.0,0.02133392
1783015200,5222566.0,5222566.0,5222566.0,5222566.0,0.0
1783018800,5222566.0,5222566.0,5222566.0,5222566.0,0.0
1783022400,5223183.0,5499990.0,5223183.0,5223184.0,0.01511924
1783026000,5223184.0,5223184.0,5223184.0,5223184.0,0.0
1783029600,5222910.0,5222910.0,5222910.0,5222910.0,0.00349407
1783033200,5222908.0,5555005.0,5222906.0,5555005.0,0.02711009
1783036800,5222991.0,5222991.0,5222991.0,5222991.0,0.00197907
1783040400,5222991.0,5222991.0,5222991.0,5222991.0,0.0
1783044000,5222995.0,5519104.0,5222995.0,5519025.0,0.01419448
1783047600,5223040.0,5223040.0,5223039.0,5223039.0,0.02050498
1783051200,5517900.0,5517900.0,5222994.0,5222994.0,0.06735823
1783054800,5522124.0,5522124.0,5522124.0,5522124.0,0.01121416
1783058400,5223006.0,5223006.0,5223005.0,5223005.0,0.00333294
1783062000,5223020.0,5223020.0,5223020.0,5223020.0,0.00192647
1783065600,5223020.0,5223020.0,5223020.0,5223020.0,0.0
1783069200,5522143.0,5522143.0,5222451.0,5222451.0,0.43193194
1783072800,5521996.0,5522138.0,5222570.0,5522138.0,0.10942143
1783076400,5222455.0,5522139.0,5222455.0,5522139.0,0.03404285
1783080000,5522125.0,5522125.0,5222451.0,5222451.0,0.07690275
1783083600,5522121.0,5522122.0,5222455.0,5522118.0,0.02640936
1783087200,5521916.0,5521916.0,5267112.0,5267112.0,0.00557638
1783090800,5521486.0,5521486.0,5521486.0,5521486.0,0.00721472
1783094400,5521818.0,5521818.0,5267266.0,5267266.0,0.00907493
1783098000,5521945.0,5522124.0,5268359.0,5522124.0,0.37324558
1783101600,5522124.0,5522124.0,5522124.0,5522124.0,0.00180347
1783105200,5522124.0,5522124.0,5270691.0,5522123.0,0.01252958
1783108800,5522123.0,5522124.0,5522123.0,5522124.0,0.00180347
1783112400,5522124.0,5522124.0,5522124.0,5522124.0,0.0
1783116000,5272035.0,5272035.0,5272035.0,5272035.0,0.00299377
1783119600,5273610.0,5522119.0,5273610.0,5522119.0,0.00761112
1783123200,5522116.0,5522122.0,5522116.0,5522120.0,0.01264223
1783126800,5522115.0,5522115.0,5274338.0,5274338.0,0.04027323
1783130400,5522001.0,5522001.0,5274600.0,5274600.0,0.01173561
1783134000,5275703.0,5275703.0,5275703.0,5275703.0,0.00476827
1783137600,5521695.0,5522009.0,5275747.0,5521906.0,0.02487374
1783141200,5521770.0,5521770.0,5276129.0,5276346.0,0.04428742
1783144800,5521773.0,5521774.0,5519968.0,5519968.0,0.00631304
1783148400,5519968.0,5519968.0,5519968.0,5519968.0,0.0
1783152000,5277871.0,5516944.0,5277868.0,5277973.0,0.0544609
1783155600,5277973.0,5277973.0,5277973.0,5277973.0,0.0
1783159200,5277973.0,5277973.0,5277973.0,5277973.0,0.0
1783162800,5501574.0,5501574.0,5280015.0,5280030.0,0.01275797
1783166400,5501573.0,5501573.0,5501573.0,5501573.0,0.00194526
1783170000,5501573.0,5501573.0,5501573.0,5501573.0,0.0
1783173600,5280072.0,5280176.0,5279999.0,5280009.0,0.02082437
1783177200,5516778.0,5516778.0,5516302.0,5516302.0,0.04331533
1783180800,5280339.0,5280339.0,5279999.0,5279999.0,0.04360744
1783184400,5279999.0,5279999.0,5279999.0,5279999.0,0.0
1783188000,5279999.0,5279999.0,5279999.0,5279999.0,0.0
1783191600,5279999.0,5279999.0,5279999.0,5279999.0,0.0
1783195200,5279999.0,5279999.0,5279999.0,5279999.0,0.0
1783198800,5280004.0,5280004.0,5280004.0,5280004.0,0.00234194
1783202400,5493700.0,5493700.0,5280006.0,5280006.0,0.01757303
1783206000,5280012.0,5280012.0,5280006.0,5280006.0,0.02222081
1783209600,5280006.0,5280006.0,5280006.0,5280006.0,0.0
1783213200,5280006.0,5280006.0,5280006.0,5280006.0,0.0
1783216800,5473619.0,5473619.0,5473619.0,5473619.0,0.01612355
1783220400,5280305.0,5505234.0,5280305.0,5505234.0,0.02115803
1783224000,5505234.0,5505234.0,5505234.0,5505234.0,0.0
1783227600,5281069.0,5281069.0,5281069.0,5281069.0,0.00475377
1783231200,5505303.0,5505304.0,5505303.0,5505304.0,0.00583946
1783234800,5505381.0,5505381.0,5504915.0,5504915.0,0.00361806
1783238400,5504986.0,5504986.0,5301369.0,5301369.0,0.01765052
1783242000,5301369.0,5301369.0,5301369.0,5301369.0,0.0
1783245600,5302101.0,5302101.0,5302101.0,5302101.0,0.00308379
1783249200,5302048.0,5302048.0,5302048.0,5302048.0,0.00279983
1783252800,5302168.0,5504950.0,5302168.0,5302174.0,0.01626396
1783256400,5504871.0,5504871.0,5302170.0,5302170.0,0.00406851
1783260000,5504727.0,5505014.0,5504727.0,5505014.0,0.04433751
1783263600,5505014.0,5505014.0,5505014.0,5505014.0,0.0
1783267200,5302305.0,5505020.0,5302305.0,5505016.0,0.01991019
1783270800,5302568.0,5504978.0,5302568.0,5504978.0,0.02407945
1783274400,5504978.0,5504978.0,5504978.0,5504978.0,0.0
1783278000,5504984.0,5504984.0,5504984.0,5504984.0,0.00414315
1783281600,5505002.0,5505501.0,5505002.0,5505501.0,0.17963179
1783285200,5303285.0,5303285.0,5302168.0,5302168.0,0.30071564
1783288800,5302168.0,5302168.0,5302168.0,5302168.0,0.0
1783292400,5302168.0,5302168.0,5302168.0,5302168.0,0.0
1783296000,5456204.0,5456204.0,5456204.0,5456204.0,0.0027378
1783299600,5456204.0,5456204.0,5456204.0,5456204.0,0.0
1783303200,5302365.0,5302365.0,5302365.0,5302365.0,0.00985325
1783306800,5302365.0,5302365.0,5302365.0,5302365.0,0.0
1783310400,5302365.0,5302365.0,5302365.0,5302365.0,0.0
1783314000,5303201.0,5456302.0,5303201.0,5456302.0,0.07110271
1783317600,5456298.0,5456306.0,5303555.0,5303597.0,0.12005612
1783321200,5456200.0,5456200.0,5456200.0,5456200.0,0.00906235
1783324800,5303919.0,5303919.0,5303919.0,5303919.0,0.53165748
1783328400,5304150.0,5456200.0,5304150.0,5311004.0,0.04655814
1783332000,5311004.0,5311004.0,5311004.0,5311004.0,0.0
1783335600,5456200.0,5505489.0,5311135.0,5311135.0,1.70819998
1783339200,5505488.0,5505500.0,5311527.0,5311527.0,0.03129508
1783342800,5311512.0,5522119.0,5311487.0,5311518.0,1.18833664
1783346400,5522142.0,5522143.0,5320001.0,5522143.0,0.02130947
1783350000,5330001.0,5555555.0,5322286.0,5330022.0,0.75875917
1783353600,5592738.0,5592738.0,5330261.0,5330261.0,0.06974399
1783357200,5330553.0,5330553.0,5330553.0,5330553.0,0.00399492
1783360800,5330813.0,5599983.0,5330813.0,5599983.0,0.00489013
1783364400,5599968.0,5599968.0,5599968.0,5599968.0,0.0053352
1783368000,5599968.0,5599968.0,5599968.0,5599968.0,0.0
1783371600,5579713.0,5579713.0,5331341.0,5579709.0,0.02383084
1783375200,5579709.0,5579709.0,5579709.0,5579709.0,0.0
1783378800,5584076.0,5599991.0,5584076.0,5599991.0,0.00785721
1783382400,5599991.0,5599992.0,5599991.0,5599992.0,0.0148418
1783386000,5599992.0,5599992.0,5599992.0,5599992.0,0.0
1783389600,5599992.0,5599992.0,5335433.0,5335433.0,0.01122146
1783393200,5335542.0,5599975.0,5335368.0,5599975.0,0.0479393
1783396800,5335620.0,5599517.0,5335618.0,5599517.0,0.01524345
1783400400,5599504.0,5599567.0,5599504.0,5599567.0,0.03762483
1783404000,5335698.0,5599564.0,5335698.0,5599564.0,0.01290807
1783407600,5599564.0,5599564.0,5599564.0,5599564.0,0.0
1783411200,5599564.0,5599564.0,5599564.0,5599564.0,0.0
1783414800,5599564.0,5599567.0,5335709.0,5335709.0,0.40406912
1783418400,5599547.0,5684031.0,5599547.0,5684031.0,0.69070181
1783422000,5335872.0,5679986.0,5335709.0,5679924.0,0.08680168
1783425600,5679587.0,5689982.0,5336189.0,5336189.0,0.24616335
1783429200,5694210.0,5694210.0,5694210.0,5694210.0,0.00349792
1783432800,5336492.0,5693081.0,5336409.0,5336409.0,0.04085266
1783436400,5692868.0,5692868.0,5336586.0,5336667.0,0.30733833
1783440000,5675328.0,5675328.0,5336752.0,5622513.0,0.0396745
1783443600,5622424.0,5622424.0,5622424.0,5622424.0,0.00547966
1783447200,5619972.0,5619972.0,5337476.0,5337476.0,0.02177125
1783450800,5337476.0,5337476.0,5337476.0,5337476.0,0.0
1783454400,5337806.0,5337894.0,5337806.0,5337892.0,0.02703873
1783458000,5556034.0,5556034.0,5556034.0,5556034.0,0.00358493
1783461600,5556034.0,5556034.0,5556034.0,5556034.0,0.0
1783465200,5575735.0,5575735.0,5575735.0,5575735.0,0.00229691
1783468800,5575735.0,5575735.0,5575735.0,5575735.0,0.0
1783472400,5338583.0,5338583.0,5338583.0,5338583.0,0.00470593
1783476000,5562282.0,5562282.0,5562282.0,5562282.0,0.00215954
1783479600,5569404.0,5569415.0,5569404.0,5569415.0,0.05374033
1783483200,5339163.0,5571259.0,5339163.0,5571259.0,0.00882407
1783486800,5571259.0,5571259.0,5571259.0,5571259.0,0.0
1783490400,5578972.0,5619000.0,5578972.0,5619000.0,0.0234103
1783494000,5619000.0,5622442.0,5619000.0,5622442.0,0.07187092
1783497600,5340097.0,5340097.0,5340097.0,5340097.0,0.00209528
1783501200,5621805.0,5621805.0,5340400.0,5340400.0,0.00885759
1783504800,5621626.0,5621626.0,5340533.0,5621240.0,0.07522683
1783508400,5340828.0,5340896.0,5340827.0,5340896.0,0.06974671
1783512000,5620808.0,5622403.0,5341174.0,5622403.0,0.20639397
1783515600,5622326.0,5622326.0,5341383.0,5619959.0,0.03198901
1783519200,5619709.0,5619709.0,5341691.0,5619654.0,0.08517306
1783522800,5619613.0,5619613.0,5341762.0,5341912.0,0.02740653
1783526400,5619969.0,5619994.0,5341958.0,5619994.0,0.01613975
1783530000,5342400.0,5619994.0,5342400.0,5342425.0,0.01977317
1783533600,5342425.0,5342425.0,5342425.0,5342425.0,0.0
1783537200,5619997.0,5640539.0,5343049.0,5343339.0,0.19717852
1783540800,5640508.0,5640508.0,5343509.0,5343509.0,0.00602736
1783544400,5343509.0,5343509.0,5343509.0,5343509.0,0.0
1783548000,5343509.0,5343509.0,5343509.0,5343509.0,0.0
1783551600,5343509.0,5343509.0,5343509.0,5343509.0,0.0
1783555200,5345211.0,5345211.0,5345204.0,5345204.0,0.05040882
1783558800,5345290.0,5345290.0,5345289.0,5345289.0,0.16473471
1783562400,5640399.0,5640399.0,5640399.0,5640399.0,0.00740195
1783566000,5640417.0,5640417.0,5346005.0,5346086.0,0.06711776
1783569600,5346256.0,5346256.0,5346174.0,5346180.0,0.01003241
1783573200,5346182.0,5640535.0,5346181.0,5640535.0,0.02155548
1783576800,5640536.0,5640536.0,5640536.0,5640536.0,0.00398791
1783580400,5640536.0,5640536.0,5640536.0,5640536.0,0.0
1783584000,5640463.0,5640504.0,5640463.0,5640504.0,0.00617961
1783587600,5640531.0,5640531.0,5347422.0,5640531.0,0.00804569
1783591200,5347450.0,5640524.0,5346592.0,5640524.0,0.27505727
1783594800,5346965.0,5640504.0,5346965.0,5640504.0,0.06966216
1783598400,5640535.0,5640535.0,5347198.0,5640532.0,0.02578397
1783602000,5640532.0,5640535.0,5346219.0,5346219.0,0.01377242
1783605600,5639995.0,5666120.0,5639995.0,5666120.0,0.28392769
1783609200,5699994.0,5699996.0,5347015.0,5699995.0,0.01973341
1783612800,5347181.0,5348001.0,5347179.0,5348001.0,0.65551066
1783616400,5348001.0,5348001.0,5348001.0,5348001.0,0.0
1783620000,5348001.0,5348001.0,5348001.0,5348001.0,0.0
1783623600,5677244.0,5700000.0,5677244.0,5699914.0,0.1790732
1783627200,5699914.0,5699914.0,5699914.0,5699914.0,0.0
1783630800,5699914.0,5699914.0,5699914.0,5699914.0,0.0
1783634400,5673537.0,5673537.0,5348712.0,5348712.0,0.00450955
1783638000,5673536.0,5699953.0,5350069.0,5350166.0,0.0441689
1783641600,5350255.0,5350255.0,5350255.0,5350255.0,0.001888
1783645200,5699820.0,5699820.0,5350674.0,5350674.0,0.00894768
1783648800,5699831.0,5699936.0,5699831.0,5699936.0,0.01467767
1783652400,5350969.0,5350969.0,5350969.0,5350969.0,0.00326624
1783656000,5351441.0,5699935.0,5351441.0,5351657.0,0.19041627
1783659600,5351757.0,5351757.0,5351082.0,5351082.0,0.01334895
1783663200,5351082.0,5351082.0,5351082.0,5351082.0,0.0
1783666800,5351082.0,5351082.0,5351082.0,5351082.0,0.0
1783670400,5699444.0,5699444.0,5377102.0,5377102.0,0.06643474
1783674000,5699325.0,5699481.0,5377163.0,5378214.0,0.19694411
1783677600,5699489.0,5699489.0,5699489.0,5699489.0,0.00174734
1783681200,5699408.0,5699408.0,5699408.0,5699408.0,0.00174737
1783684800,5400002.0,5699031.0,5378224.0,5698895.0,0.03175882
1783688400,5385002.0,5385002.0,5378230.0,5378230.0,0.01060787
1783692000,5400000.0,5569956.0,5400000.0,5569956.0,0.06049626
1783695600,5378231.0,5569939.0,5378231.0,5569931.0,0.0102005
1783699200,5569933.0,5569934.0,5569933.0,5569934.0,0.00689451
1783702800,5569934.0,5569934.0,5569934.0,5569934.0,0.0
1783706400,5569934.0,5569934.0,5569934.0,5569934.0,0.0
1783710000,5569934.0,5569934.0,5569934.0,5569934.0,0.0
1783713600,5569934.0,5569934.0,5569934.0,5569934.0,0.0
1783717200,5569934.0,5569934.0,5569934.0,5569934.0,0.0
1783720800,5569934.0,5677293.0,5378474.0,5677293.0,0.07571776
1783724400,5378499.0,5378499.0,5378499.0,5378499.0,0.00187091
1783728000,5378499.0,5378499.0,5378499.0,5378499.0,0.0
1783731600,5378499.0,5378499.0,5378499.0,5378499.0,0.0
1783735200,5390515.0,5390515.0,5378226.0,5378226.0,0.23270565
1783738800,5378254.0,5378254.0,5378254.0,5378254.0,0.0373439
1783742400,5378254.0,5378254.0,5378254.0,5378254.0,0.0
1783746000,5378230.0,5669983.0,5378230.0,5378249.0,0.06477766
1783749600,5669941.0,5669995.0,5669884.0,5669995.0,0.04140513
1783753200,5669995.0,5669995.0,5669991.0,5669991.0,0.06301772
1783756800,5669991.0,5669991.0,5669987.0,5669987.0,0.13369791
1783760400,5667049.0,5667049.0,5389019.0,5389019.0,0.00391689
1783764000,5389105.0,6000000.0,5389105.0,5999945.0,0.70032766
1783767600,5999897.0,5999897.0,5389505.0,5392990.0,0.06467216
1783771200,5979956.0,5979956.0,5390002.0,5390002.0,0.02378904
1783774800,5390020.0,5949998.0,5389678.0,5949876.0,0.60472979
1783778400,5392044.0,5949448.0,5392044.0,5392352.0,0.03683987
1783782000,5949208.0,6100000.0,5389622.0,5389622.0,0.73153556
1783785600,6099355.0,6099357.0,6099274.0,6099274.0,0.09487831
1783789200,5392033.0,6098709.0,5392033.0,6098513.0,0.0196029
1783792800,6098125.0,6098125.0,6098051.0,6098051.0,0.02777348
1783796400,5431160.0,6097247.0,5431160.0,6097247.0,0.30333252
1783800000,5445224.0,6096790.0,5445206.0,6096762.0,0.13829571
1783803600,5445253.0,6097092.0,5445253.0,6096849.0,1.09888222
1783807200,5555559.0,5555559.0,5555555.0,5555555.0,0.07710781
1783810800,5457950.0,6096638.0,5457950.0,6096638.0,0.01374481
1783814400,6096339.0,6096339.0,5461040.0,5461143.0,0.03036356
1783818000,6096026.0,6096027.0,5463044.0,6095851.0,0.42099207
1783821600,5500017.0,6095633.0,5500017.0,6095256.0,0.15233742
1783825200,6095240.0,6095240.0,5510100.0,6094992.0,0.0762168
1783828800,5530455.0,6094807.0,5530454.0,6094465.0,0.41966193
1783832400,5536736.0,6094154.0,5536736.0,6094105.0,0.34390853
1783836000,6093955.0,6093955.0,5537627.0,5537771.0,0.07394909
1783839600,5539294.0,6093842.0,5539294.0,5541999.0,0.26781478
1783843200,5543006.0,6093578.0,5543006.0,5566126.0,0.01454425
1783846800,5567043.0,5567057.0,5567043.0,5567057.0,0.21345935
1783850400,6093356.0,6093357.0,5569130.0,5999873.0,0.07142968
1783854000,5999828.0,5999828.0,5600002.0,5610018.0,0.02671462
1783857600,5650001.0,5989998.0,5600004.0,5600004.0,0.19615754
1783861200,5869572.0,5869572.0,5869572.0,5869572.0,0.00598834
1783864800,5600080.0,5869534.0,5600069.0,5864530.0,0.10890537
1783868400,5600293.0,5864428.0,5600096.0,5864192.0,0.13198852
1783872000,5864028.0,5864028.0,5863835.0,5863835.0,0.07092548
1783875600,5600537.0,5863657.0,5600537.0,5863384.0,0.04251363
1783879200,5600739.0,5863134.0,5600739.0,5863134.0,0.02306123
1783882800,5862878.0,5862878.0,5862878.0,5862878.0,0.00169882
1783886400,5862878.0,5862878.0,5862878.0,5862878.0,0.0
1783890000,5862227.0,5862227.0,5861983.0,5861983.0,0.22360387
1783893600,5861983.0,5861983.0,5861983.0,5861983.0,0.0
1783897200,5861983.0,5861983.0,5861983.0,5861983.0,0.0
1783900800,5600883.0,5864214.0,5600883.0,5601009.0,0.0111607
1783904400,5863995.0,5863995.0,5601072.0,5863874.0,0.03096398
1783908000,5861637.0,5863671.0,5601515.0,5863671.0,0.01601484
1783911600,5601653.0,5863535.0,5601638.0,5863535.0,0.01765105
1783915200,5601548.0,5863540.0,5601547.0,5863532.0,0.04152722
1783918800,5601617.0,5601617.0,5601423.0,5601423.0,0.14529651
1783922400,5863605.0,5863605.0,5601531.0,5601531.0,0.01108569
1783926000,5601531.0,5783567.0,5601529.0,5783567.0,0.02101402
1783929600,5782398.0,5782398.0,5601516.0,5601530.0,0.04028676
1783933200,5601519.0,5601519.0,5601519.0,5601519.0,0.00372569
1783936800,5601524.0,5764431.0,5601524.0,5601525.0,0.04499899
1783940400,5601525.0,5764444.0,5601525.0,5601535.0,0.08840029
1783944000,5764282.0,5764282.0,5764209.0,5764209.0,0.05880435
1783947600,5770000.0,5770000.0,5770000.0,5770000.0,0.00340155
1783951200,5770000.0,5782392.0,5770000.0,5782392.0,0.02559196
1783954800,5782396.0,5782396.0,5782396.0,5782396.0,0.00201023
1783958400,5605038.0,5605038.0,5605038.0,5605038.0,0.0035977
1783962000,5782368.0,5782368.0,5782169.0,5782169.0,0.01058428
1783965600,5782169.0,5782169.0,5782169.0,5782169.0,0.0
1783969200,5782169.0,5782169.0,5782169.0,5782169.0,0.0
1783972800,5782169.0,5782169.0,5782169.0,5782169.0,0.0
1783976400,5782169.0,5782169.0,5782169.0,5782169.0,0.0
1783980000,5782169.0,5782169.0,5782169.0,5782169.0,0.0
1783983600,5782169.0,5782169.0,5782169.0,5782169.0,0.0
1783987200,5782169.0,5782169.0,5782169.0,5782169.0,0.0
1783990800,5782169.0,5782169.0,5782169.0,5782169.0,0.0
1783994400,5605701.0,5605701.0,5605678.0,5605678.0,0.02310504
1783998000,5605673.0,5605673.0,5605673.0,5605673.0,0.18257751
1784001600,5771651.0,5771651.0,5771651.0,5771651.0,0.00215605
1784005200,5605678.0,5605678.0,5605678.0,5605678.0,0.00437661
1784008800,5605708.0,5770501.0,5605708.0,5770470.0,0.02608205
1784012400,5770139.0,5770139.0,5605668.0,5605668.0,0.00944071
1784016000,5735559.0,5735559.0,5735359.0,5735359.0,0.02066448
1784019600,5722114.0,5722114.0,5722114.0,5722114.0,0.00363554
1784023200,5721777.0,5721777.0,5721768.0,5721768.0,0.02240198
1784026800,5733591.0,5733591.0,5733564.0,5733564.0,0.02014866
1784030400,5606460.0,5606605.0,5606460.0,5606605.0,0.01599626
1784034000,5731829.0,5731829.0,5606830.0,5606830.0,0.01184259
1784037600,5724230.0,5733405.0,5724125.0,5733405.0,0.01885753
1784041200,5733205.0,5733205.0,5607146.0,5733172.0,0.03031974
1784044800,5607013.0,5720014.0,5606923.0,5720014.0,0.01366138
1784048400,5719575.0,5719575.0,5606984.0,5606984.0,0.02098865
1784052000,5719225.0,5719225.0,5719153.0,5719153.0,0.0140214
1784055600,5733491.0,5733491.0,5727207.0,5727207.0,0.00480042
1784059200,5726877.0,5726877.0,5726877.0,5726877.0,0.0026084
1784062800,5726877.0,5726877.0,5726877.0,5726877.0,0.0
1784066400,5726877.0,5726877.0,5726877.0,5726877.0,0.0
1784070000,5726877.0,5726877.0,5726877.0,5726877.0,0.0
1784073600,5725906.0,5725906.0,5725833.0,5725833.0,0.00691284
1784077200,5607323.0,5725362.0,5607323.0,5607498.0,0.13112032
1784080800,5607498.0,5607498.0,5607498.0,5607498.0,0.0
1784084400,5607920.0,5608067.0,5607920.0,5608067.0,0.03303314
1784088000,5608067.0,5608067.0,5608067.0,5608067.0,0.0
1784091600,5733486.0,5733486.0,5608593.0,5608772.0,0.02413707
1784095200,5733442.0,5733442.0,5733442.0,5733442.0,0.0344969
1784098800,5733177.0,5733177.0,5733177.0,5733177.0,0.00173708
1784102400,5732813.0,5732813.0,5732813.0,5732813.0,0.00200041
1784106000,5608338.0,5763726.0,5608338.0,5608405.0,0.21894077
1784109600,5608405.0,5608405.0,5608405.0,5608405.0,0.0
1784113200,5763696.0,5841147.0,5609664.0,5609664.0,0.90673444
1784116800,5791469.0,5791479.0,5609749.0,5791479.0,0.0586229
1784120400,5610076.0,5791475.0,5610076.0,5610090.0,0.01931769
1784124000,5791479.0,5863516.0,5610032.0,5611051.0,0.05512063
1784127600,5863508.0,5863511.0,5611377.0,5611377.0,0.00917193
1784131200,5863499.0,5863649.0,5863499.0,5863649.0,0.24021558
1784134800,5863649.0,5863649.0,5863649.0,5863649.0,0.00425451
1784138400,5863649.0,5899000.0,5652459.0,5652459.0,0.05198538
1784142000,5653295.0,5653295.0,5653281.0,5653281.0,0.20484184
1784145600,5653281.0,5653281.0,5653281.0,5653281.0,0.0
1784149200,5898993.0,5898993.0,5898993.0,5898993.0,0.00446007
1784152800,5898993.0,5898993.0,5898993.0,5898993.0,0.0
1784156400,5995344.0,5995344.0,5995344.0,5995344.0,0.00204225
1784160000,5981969.0,5981969.0,5981969.0,5981969.0,0.00166483
1784163600,5981900.0,5981900.0,5981900.0,5981900.0,0.00832427
1784167200,5981887.0,5981887.0,5682024.0,5682047.0,0.03551052
1784170800,5682140.0,5981806.0,5682140.0,5981806.0,0.09361339
1784174400,5981911.0,5996564.0,5687001.0,5981055.0,0.32399392
1784178000,5687298.0,5687395.0,5687298.0,5687395.0,0.02054314
1784181600,5687104.0,5968610.0,5687104.0,5687178.0,0.01469628
1784185200,5957145.0,5957145.0,5957145.0,5957145.0,0.15913629
1784188800,5712036.0,5956788.0,5712036.0,5956751.0,0.01351353
1784192400,5956634.0,5956634.0,5712381.0,5712381.0,0.00660365
1784196000,5951676.0,5951679.0,5951676.0,5951679.0,0.08841909
1784199600,5712574.0,5951654.0,5712573.0,5951628.0,0.03796008
1784203200,5951587.0,5951587.0,5655277.0,5655277.0,1.02787397
1784206800,5925126.0,5925149.0,5925126.0,5925138.0,0.01706337
1784210400,5925138.0,5925140.0,5656355.0,5925124.0,0.12525331
1784214000,5925125.0,5925128.0,5656361.0,5925128.0,0.19990696
1784217600,5925127.0,5925128.0,5656438.0,5925124.0,0.03675243
1784221200,5656691.0,5656691.0,5656691.0,5656691.0,0.00349515
1784224800,5656474.0,5925110.0,5656455.0,5925110.0,0.02353928
1784228400,5925121.0,6049535.0,5925121.0,6047137.0,1.72634917
1784232000,5656671.0,6051148.0,5656612.0,5656832.0,0.66694217
1784235600,6048148.0,6048151.0,6048148.0,6048151.0,0.19843503
1784239200,5657682.0,6048081.0,5657682.0,5707188.0,0.02739587
1784242800,5707250.0,5707397.0,5656382.0,5656382.0,5.48383119
1784246400,5656382.0,5656382.0,5656382.0,5656382.0,0.0
1784250000,5980781.0,6048002.0,5980781.0,6048002.0,1.10108465
1784253600,5686534.0,6095954.0,5686534.0,6095936.0,0.03851115
1784257200,6095868.0,6095868.0,5686618.0,5733177.0,0.11091462
1784260800,5733209.0,6073367.0,5733208.0,6073207.0,0.14145016
1784264400,6072933.0,6072933.0,6072907.0,6072927.0,0.01000324
1784268000,5775885.0,6072738.0,5688803.0,6070788.0,0.15086414
1784271600,6068594.0,6072608.0,5786066.0,6047133.0,0.02020525
1784275200,5785940.0,6072472.0,5785940.0,6072423.0,0.01328689
1784278800,6072340.0,6072340.0,5720237.0,5740952.0,0.42305234
1784282400,6036613.0,6036613.0,6036613.0,6036613.0,0.00164976
1784286000,6036574.0,6036576.0,6016413.0,6016413.0,0.00630991
1784289600,6016489.0,6016490.0,5746057.0,5746351.0,0.12617148
1784293200,6016489.0,6016490.0,6006467.0,6006467.0,0.01638525
1784296800,5984067.0,5987272.0,5745447.0,5745447.0,1.89854674
1784300400,6006346.0,6006427.0,6006346.0,6006422.0,0.08390513
1784304000,5993122.0,5993122.0,5745619.0,5745619.0,0.00340949
1784307600,5995692.0,5995692.0,5995603.0,5995603.0,0.0053482
1784311200,5999995.0,5999996.0,5745902.0,5999996.0,0.02683733
1784314800,6000000.0,6000000.0,5746316.0,6000000.0,0.01232316
1784318400,5747041.0,5956999.0,5747041.0,5750000.0,0.02273008
1784322000,5956999.0,5956999.0,5782396.0,5782396.0,0.00721704
1784325600,5783319.0,5783319.0,5783319.0,5783319.0,0.00176043
1784329200,5783319.0,5783319.0,5783319.0,5783319.0,0.0
1784332800,5981805.0,6006437.0,5981805.0,6006437.0,0.03429745
1784336400,5809828.0,6006427.0,5783327.0,5783327.0,0.03171804
1784340000,6006432.0,6006437.0,5783451.0,5783741.0,0.17495192
1784343600,5784059.0,6006427.0,5784058.0,5939909.0,0.02505966
1784347200,6006418.0,6006437.0,5782396.0,5782396.0,0.34031851
1784350800,5782396.0,5782396.0,5782396.0,5782396.0,0.0
1784354400,6006341.0,6006341.0,6006334.0,6006334.0,0.03328665
1784358000,6006239.0,6006239.0,6006239.0,6006239.0,0.00652205
1784361600,6006244.0,6006245.0,5956642.0,6006245.0,0.02189276
1784365200,5950412.0,6006370.0,5950412.0,6006370.0,0.03712015
1784368800,5955574.0,6006368.0,5955574.0,5957710.0,0.10975024
1784372400,6006355.0,6006355.0,6006355.0,6006355.0,0.00330782
1784376000,5950946.0,6006351.0,5687012.0,5697236.0,0.92868889
1784379600,5697371.0,6000988.0,5697371.0,5698580.0,0.03636695
1784383200,6000670.0,6000670.0,6000434.0,6000434.0,0.01582981
1784386800,6000440.0,6000440.0,5699933.0,6000423.0,0.02384159
1784390400,6000417.0,6000428.0,6000413.0,6000428.0,0.22558255
1784394000,6000424.0,6000424.0,6000424.0,6000424.0,0.01926929
1784397600,5999995.0,5999995.0,5999995.0,5999995.0,0.00165983
1784401200,5999995.0,5999995.0,5999995.0,5999995.0,0.02732751
1784404800,5999995.0,5999995.0,5999995.0,5999995.0,0.0
1784408400,5999995.0,5999995.0,5999995.0,5999995.0,0.0
1784412000,5999995.0,5999995.0,5999995.0,5999995.0,0.0054625
1784415600,5999999.0,5999999.0,5999999.0,5999999.0,0.00165983
1784419200,5735097.0,5999188.0,5735097.0,5999188.0,0.01645246
1784422800,5999187.0,5999187.0,5998995.0,5998995.0,0.00431613
1784426400,5735869.0,5998908.0,5735840.0,5997990.0,0.05138028
1784430000,5997996.0,5997996.0,5997996.0,5997996.0,0.008558
1784433600,5704195.0,5997988.0,5704195.0,5997985.0,0.00564486
1784437200,5997985.0,5997985.0,5704873.0,5997985.0,0.02178194
1784440800,5996994.0,5996995.0,5705982.0,5706125.0,0.02511965
1784444400,5706331.0,5706331.0,5706331.0,5706331.0,0.01673399
1784448000,5726212.0,5965995.0,5704027.0,5704047.0,0.22334645
1784451600,5704072.0,5956984.0,5704027.0,5704027.0,0.23896238
1784455200,5704027.0,5704027.0,5704027.0,5704027.0,0.0
1784458800,5704032.0,5704032.0,5704027.0,5704027.0,0.17488909
1784462400,5926666.0,5926666.0,5926666.0,5926666.0,0.00364083
1784466000,5704031.0,5704031.0,5704031.0,5704031.0,0.01015337
1784469600,5919990.0,5956980.0,5919990.0,5956980.0,0.27564237
1784473200,5956000.0,5956000.0,5704027.0,5704064.0,0.24356102
1784476800,5704387.0,5704387.0,5704387.0,5704387.0,0.00438226
1784480400,5955984.0,5955993.0,5704093.0,5704093.0,0.0062859
1784484000,5704093.0,5704093.0,5704093.0,5704093.0,0.0
1784487600,5704093.0,5704093.0,5704093.0,5704093.0,0.0
1784491200,5704093.0,5704093.0,5704093.0,5704093.0,0.0
1784494800,5704093.0,5704093.0,5704093.0,5704093.0,0.0
1784498400,5955918.0,5955918.0,5955918.0,5955918.0,0.00250809
1784502000,5955918.0,5955918.0,5955918.0,5955918.0,0.0
1784505600,5955918.0,5955918.0,5955918.0,5955918.0,0.0
1784509200,5955918.0,5955918.0,5955918.0,5955918.0,0.0
1784512800,5955917.0,6000434.0,5756195.0,5756195.0,2.0104585
1784516400,5756195.0,5756195.0,5756195.0,5756195.0,0.0
1784520000,5780106.0,5780106.0,5780106.0,5780106.0,0.00320305
1784523600,5780397.0,5780397.0,5780397.0,5780397.0,0.00840404
1784527200,5780397.0,5780397.0,5780397.0,5780397.0,0.0
1784530800,5785000.0,6000418.0,5704097.0,5999993.0,0.90811688
1784534400,5704207.0,6006374.0,5704097.0,5704099.0,0.92036827
1784538000,5982287.0,5985876.0,5704107.0,5985876.0,0.01666034
1784541600,5974004.0,5995496.0,5704097.0,5704097.0,0.69479974
1784545200,5973085.0,5973085.0,5973073.0,5973073.0,0.00812646
1784548800,5972879.0,5973081.0,5705272.0,5973080.0,0.11878268
1784552400,5707759.0,5971970.0,5707689.0,5707689.0,0.10138799
1784556000,5707694.0,5917352.0,5707689.0,5707689.0,0.0575925
1784559600,5876163.0,5876163.0,5707689.0,5875098.0,0.00994497
1784563200,5875038.0,5875038.0,5707685.0,5707685.0,0.02436884
1784566800,5864062.0,5864062.0,5864062.0,5864062.0,0.00425421
1784570400,5707686.0,5707686.0,5707686.0,5707686.0,0.00569899
1784574000,5707685.0,5875098.0,5707685.0,5875098.0,0.34283256
1784577600,5875098.0,5875098.0,5875098.0,5875098.0,0.0
1784581200,5707689.0,5875098.0,5707689.0,5875098.0,0.34255183
1784584800,5875089.0,5875089.0,5707685.0,5707685.0,0.224148
1784588400,5707689.0,5707689.0,5707689.0,5707689.0,0.00416576
1784592000,5875089.0,5875093.0,5875089.0,5875093.0,0.08844852
1784595600,5707694.0,5875061.0,5707693.0,5875061.0,0.09167988
1784599200,5875061.0,5875061.0,5875061.0,5875061.0,0.0
1784602800,5875061.0,5875061.0,5875061.0,5875061.0,0.0
1784606400,5723973.0,5723973.0,5723969.0,5723969.0,0.00608975
1784610000,5723969.0,5875056.0,5707632.0,5875048.0,0.14441765
1784613600,5843754.0,5851720.0,5843754.0,5851720.0,0.0085182
1784617200,5851716.0,5870928.0,5851716.0,5870928.0,0.50725509
1784620800,5870683.0,5870683.0,5707686.0,5863430.0,0.02368333
1784624400,5862756.0,5862756.0,5862756.0,5862756.0,0.01014983
1784628000,5862496.0,5862496.0,5743143.0,5743195.0,0.07458402
1784631600,5861359.0,5862193.0,5743264.0,5743455.0,0.02368774
1784635200,5743715.0,5743715.0,5743715.0,5743715.0,0.00418751
1784638800,5872359.0,5872359.0,5744115.0,5863103.0,0.07870201
1784642400,5744239.0,5744485.0,5744239.0,5744485.0,0.16661371
1784646000,5744939.0,5745026.0,5744939.0,5745026.0,0.01703078
1784649600,5832398.0,5935138.0,5832398.0,5935138.0,0.83830827
1784653200,5932767.0,5932767.0,5745653.0,5745758.0,0.03895813
1784656800,5918061.0,5918061.0,5918061.0,5918061.0,0.00384399
1784660400,5746249.0,5917679.0,5746249.0,5917679.0,0.17001671
1784664000,5917679.0,5917679.0,5917679.0,5917679.0,0.0
1784667600,5746695.0,5887274.0,5746695.0,5887274.0,0.14206275
1784671200,5887274.0,5887274.0,5887274.0,5887274.0,0.0
1784674800,5887274.0,5887274.0,5887274.0,5887274.0,0.0
1784678400,5887274.0,5887274.0,5887274.0,5887274.0,0.0
1784682000,5861477.0,5861477.0,5747940.0,5747940.0,0.00432486
1784685600,5747940.0,5747940.0,5747940.0,5747940.0,0.0
1784689200,5861070.0,5861070.0,5747952.0,5861070.0,0.10747899
1784692800,5748023.0,5891181.0,5748023.0,5891181.0,0.0184854
1784696400,5885103.0,5917742.0,5885103.0,5917742.0,0.02086497
1784700000,5911946.0,5911946.0,5911946.0,5911946.0,0.0018427
1784703600,5891480.0,5891480.0,5748852.0,5891314.0,0.02475717
1784707200,5891314.0,5891314.0,5891314.0,5891314.0,0.0
1784710800,5749462.0,5891118.0,5749462.0,5891118.0,0.00810828
1784714400,5750769.0,5750769.0,5750769.0,5750769.0,0.00178264
1784718000,5751089.0,5891114.0,5751089.0,5891114.0,0.03634956
1784721600,5751601.0,5891114.0,5751601.0,5891114.0,0.08916597
1784725200,5840001.0,5840001.0,5840000.0,5840000.0,0.39967366
1784728800,5840000.0,5840000.0,5840000.0,5840000.0,0.13365331
1784732400,5840000.0,5859595.0,5750683.0,5750683.0,0.51730468
1784736000,5859540.0,5859540.0,5748183.0,5748183.0,0.06105227
1784739600,5857959.0,5857959.0,5748187.0,5748187.0,0.01866682
1784743200,5748187.0,5852043.0,5748187.0,5852043.0,0.02227006
1784746800,5851776.0,5851776.0,5748187.0,5748187.0,0.00376251
1784750400,5748187.0,5748187.0,5748187.0,5748187.0,0.0
1784754000,5857948.0,5857948.0,5857948.0,5857948.0,0.00170383
1784757600,5857948.0,5857948.0,5857948.0,5857948.0,0.00834558
1784761200,5857948.0,5857952.0,5758183.0,5758183.0,0.07101755
1784764800,5758183.0,5758183.0,5758183.0,5758183.0,0.0
1784768400,5758183.0,5847948.0,5750000.0,5847948.0,0.01510346
1784772000,5750050.0,5750050.0,5748272.0,5748272.0,0.0195354
1784775600,5748235.0,5837948.0,5748235.0,5837948.0,0.00483012
1784779200,5837948.0,5837948.0,5837948.0,5837948.0,0.0017059
1784782800,5837948.0,5849996.0,5837948.0,5849996.0,0.00170582
1784786400,5748187.0,5748187.0,5748187.0,5748187.0,0.01719319
1784790000,5849463.0,5849463.0,5748192.0,5748192.0,0.16934003
1784793600,5748220.0,5748220.0,5748220.0,5748220.0,0.7508326
1784797200,5748187.0,5748187.0,5748187.0,5748187.0,0.06316191
1784800800,5748187.0,5748187.0,5748187.0,5748187.0,0.04076784
1784804400,5748187.0,5847720.0,5744139.0,5744139.0,0.29867674
1784808000,5744143.0,5847395.0,5744143.0,5847395.0,0.01184346
1784811600,5826193.0,5826193.0,5826193.0,5826193.0,0.00214805
1784815200,5812870.0,5813575.0,5812870.0,5813575.0,0.02220215
1784818800,5800000.0,5826197.0,5800000.0,5800000.0,0.00915488
1784822400,5800000.0,5829345.0,5702000.0,5702000.0,0.14977918
1784826000,5823231.0,5823231.0,5823231.0,5823231.0,0.00171021
1784829600,5822709.0,5822709.0,5822709.0,5822709.0,0.00242464
1784833200,5702000.0,5702000.0,5700013.0,5700013.0,0.00521107
1784836800,5700013.0,5700013.0,5700013.0,5700013.0,0.0
1784840400,5700013.0,5700013.0,5700013.0,5700013.0,0.0
1784844000,5700441.0,5700441.0,5700441.0,5700441.0,0.00236114
1784847600,5700441.0,5700441.0,5700441.0,5700441.0,0.0
1784851200,5827965.0,5827965.0,5827965.0,5827965.0,0.02358662
1784854800,5827871.0,5827871.0,5827649.0,5827649.0,0.02146583
1784858400,5819526.0,5819526.0,5819502.0,5819502.0,0.01925947
1784862000,5700107.0,5700107.0,5700107.0,5700107.0,0.00899
1784865600,5812695.0,5812695.0,5812695.0,5812695.0,0.00229067
1784869200,5812478.0,5812478.0,5812478.0,5812478.0,0.00265033
1784872800,5700020.0,5700020.0,5700020.0,5700020.0,0.0095897
1784876400,5801015.0,5801015.0,5700020.0,5700021.0,0.03191692
1784880000,5700030.0,5800982.0,5700030.0,5700172.0,0.03487761
1784883600,5700172.0,5700172.0,5700172.0,5700172.0,0.0
1784887200,5700339.0,5816706.0,5700339.0,5816618.0,0.08333692
1784890800,5816528.0,5816528.0,5700526.0,5700526.0,0.05100636
1784894400,5816552.0,5816552.0,5700819.0,5700819.0,0.00464898
1784898000,5700819.0,5700819.0,5700819.0,5700819.0,0.0
1784901600,5816370.0,5827965.0,5701008.0,5827965.0,0.21096643
1784905200,5827965.0,6000000.0,5701167.0,6000000.0,0.70427839
1784908800,5917752.0,6006379.0,5917752.0,6006341.0,0.03241437
1784912400,6006216.0,6006216.0,5917752.0,5917752.0,0.00609938
1784916000,6006161.0,6006161.0,6006145.0,6006145.0,0.01005519
1784919600,5917752.0,5917752.0,5700935.0,5700935.0,0.01714727
1784923200,5700935.0,5700935.0,5700935.0,5700935.0,0.0
1784926800,6006375.0,6006375.0,6006375.0,6006375.0,0.04780637
1784930400,5702059.0,5702059.0,5702059.0,5702059.0,0.00342447
1784934000,5702059.0,5702059.0,5702059.0,5702059.0,0.0
1784937600,6006254.0,6006254.0,6006254.0,6006254.0,0.0016581
1784941200,6006089.0,6006089.0,6005940.0,6005940.0,0.01040465
1784944800,6005897.0,6005897.0,5703114.0,5703114.0,0.02228946
1784948400,6005332.0,6005332.0,5703486.0,5703486.0,0.00486444
1784952000,6005292.0,6005295.0,5703815.0,5703815.0,0.0668412
1784955600,5703824.0,6004910.0,5703824.0,6004909.0,0.29570559
1784959200,6004801.0,6004801.0,6004631.0,6004631.0,0.00367727
1784962800,6004495.0,6004495.0,6004495.0,6004495.0,0.00197502
1784966400,5704110.0,6004327.0,5704110.0,6004327.0,0.0396635
1784970000,5715473.0,6003870.0,5715473.0,5715736.0,0.07876677
1784973600,6003749.0,6003749.0,5715912.0,5715920.0,0.02660628
1784977200,6003333.0,6003333.0,6003211.0,6003222.0,0.01579774
1784980800,6003028.0,6003028.0,5716411.0,5716525.0,0.01938641
1784984400,6002680.0,6002680.0,5716477.0,6002390.0,0.01367733
1784988000,6002166.0,6002166.0,6001884.0,6001884.0,0.02722073
1784991600,6001884.0,6001884.0,6001884.0,6001884.0,0.0
1784995200,5720325.0,6001399.0,5720321.0,6001399.0,0.01742424
1784998800,6001399.0,6001399.0,6001399.0,6001399.0,0.0
1785002400,5720256.0,6000542.0,5720256.0,6000542.0,0.17113422
1785006000,5720409.0,5999983.0,5720247.0,5720248.0,0.28180005
1785009600,5720302.0,5720302.0,5720295.0,5720295.0,0.00831266
1785013200,5720295.0,5720295.0,5720295.0,5720295.0,0.0
1785016800,5720295.0,5720295.0,5720295.0,5720295.0,0.0
1785020400,5720268.0,5720268.0,5720268.0,5720268.0,0.00280367
1785024000,5720268.0,5720268.0,5720268.0,5720268.0,0.0
1785027600,6000931.0,6000931.0,6000931.0,6000931.0,0.00331915
1785031200,5720331.0,6003611.0,5720246.0,6003590.0,0.4632757
1785034800,6000000.0,6000000.0,5720246.0,5999961.0,0.50939587
1785038400,5720280.0,5720280.0,5700850.0,5700850.0,0.33902606
1785042000,5700876.0,5990000.0,5700876.0,5700879.0,0.01015613
1785045600,5979981.0,5979981.0,5979981.0,5979981.0,0.00296472
1785049200,5710074.0,5710074.0,5710001.0,5710001.0,0.00490307
1785052800,5710001.0,5710001.0,5710001.0,5710001.0,0.0
1785056400,5974932.0,5974932.0,5974932.0,5974932.0,0.00402682
1785060000,5974932.0,5974932.0,5974932.0,5974932.0,0.0
1785063600,5710002.0,5949974.0,5700874.0,5700929.0,0.02568525
1785067200,5949924.0,5950000.0,5700961.0,5950000.0,0.10274172
1785070800,5950000.0,5950000.0,5950000.0,5950000.0,0.0
1785074400,5949986.0,5949986.0,5949986.0,5949986.0,0.0615556
1785078000,5949986.0,5949986.0,5949986.0,5949986.0,0.0
1785081600,5929906.0,5929906.0,5700870.0,5700876.0,0.10139432
1785085200,5700876.0,5929904.0,5700870.0,5700870.0,0.0262634
1785088800,5700890.0,5929899.0,5700890.0,5929899.0,0.00987177
1785092400,5928895.0,5928895.0,5700961.0,5700961.0,0.00501756
1785096000,5928896.0,5928896.0,5928895.0,5928896.0,0.01656193
1785099600,5928896.0,5928896.0,5928896.0,5928896.0,0.0
1785103200,5928896.0,5928896.0,5928896.0,5928896.0,0.0
1785106800,5928896.0,5928896.0,5928896.0,5928896.0,0.0
1785110400,5928896.0,5928903.0,5701335.0,5701335.0,0.22455082
1785114000,5701847.0,5701847.0,5701846.0,5701846.0,0.01384069
1785117600,5701846.0,5701846.0,5701846.0,5701846.0,0.0
1785121200,5918899.0,5918899.0,5701356.0,5701356.0,0.00518176
1785124800,5918891.0,6000000.0,5720528.0,5999999.0,0.24545046
1785128400,5999999.0,6000000.0,5720517.0,5720517.0,0.04624967
1785132000,6000000.0,6000000.0,5720512.0,5720520.0,0.01751106
1785135600,5720526.0,5720526.0,5720526.0,5720526.0,0.00183309
1785139200,5999988.0,5999988.0,5720535.0,5720535.0,0.05452108
1785142800,5720550.0,5999986.0,5720535.0,5720535.0,0.01878667
1785146400,5999920.0,5999920.0,5720532.0,5730568.0,0.04975107
1785150000,5730572.0,6000000.0,5730570.0,6000000.0,0.23497106
1785153600,5999996.0,5999996.0,5730574.0,5730574.0,0.01691417
1785157200,5730574.0,5999994.0,5730574.0,5999994.0,0.01005036
1785160800,5735066.0,5999994.0,5735066.0,5999994.0,0.02907135
1785164400,5999990.0,6097493.0,5750059.0,5750088.0,0.72646954
1785168000,5750050.0,6105945.0,5750048.0,5750048.0,0.25317614
1785171600,6189715.0,6189715.0,6189715.0,6189715.0,0.00225002
1785175200,5750073.0,5750073.0,5750073.0,5750073.0,0.03892499
1785178800,6179830.0,6179830.0,6179830.0,6179830.0,0.00389476
1785182400,5750120.0,6179209.0,5750120.0,6179209.0,0.0081591
1785186000,6178988.0,6178988.0,6178988.0,6178988.0,0.00412268
1785189600,5735002.0,5735002.0,5735002.0,5735002.0,0.00225002
1785193200,5735002.0,5735002.0,5730583.0,5730595.0,0.00960307
1785196800,5730595.0,5730595.0,5730595.0,5730595.0,0.0
1785200400,6177104.0,6177109.0,6177104.0,6177109.0,0.12007349
1785204000,5730600.0,5730600.0,5730600.0,5730600.0,0.0024582
1785207600,6099994.0,6176670.0,5730643.0,5730643.0,0.04516418
1785211200,6176091.0,6176091.0,5730742.0,5730742.0,0.01880953
1785214800,6175506.0,6175507.0,6175506.0,6175507.0,0.01599625
1785218400,6175307.0,6175307.0,5732506.0,6175178.0,0.04843453
1785222000,6175112.0,6175114.0,5730784.0,5730784.0,0.01962358
1785225600,6174825.0,6174826.0,5730784.0,5731168.0,0.05836514
1785229200,6174443.0,6174443.0,5731552.0,5731552.0,0.01746474
1785232800,6174060.0,6174060.0,6173968.0,6173968.0,0.00399998
1785236400,6173642.0,6173643.0,6173642.0,6173643.0,0.02724226
1785240000,6173498.0,6173498.0,5732245.0,5732245.0,0.01636927
1785243600,6173083.0,6173084.0,5732390.0,5732390.0,0.04699989
1785247200,5732508.0,6173108.0,5732508.0,6173092.0,0.02787355
1785250800,6173046.0,6173046.0,6172824.0,6172824.0,0.00741807
1785254400,6172824.0,6172824.0,6172824.0,6172824.0,0.0
1785258000,6171914.0,6171914.0,5733070.0,5733070.0,0.01184474
1785261600,5733425.0,6171304.0,5733425.0,5733474.0,0.00821058
1785265200,6171122.0,6171122.0,6171122.0,6171122.0,0.0016138
1785268800,6171994.0,6171996.0,6171994.0,6171996.0,0.01613578
1785272400,6171921.0,6171921.0,6171921.0,6171921.0,0.00170465
1785276000,6171634.0,6171634.0,6171634.0,6171634.0,0.00381195
1785279600,6171525.0,6172000.0,6171525.0,6172000.0,1.12690862
1785283200,6172000.0,6172000.0,6172000.0,6172000.0,0.0
1785286800,5745780.0,6171994.0,5745780.0,5745865.0,0.00690678
1785290400,5745868.0,6173092.0,5730599.0,6173088.0,1.45882255
1785294000,6173088.0,6173088.0,6173088.0,6173088.0,0.0
1785297600,6149999.0,6150000.0,5846108.0,6150000.0,0.59982114
1785301200,6150084.0,6150084.0,5735207.0,5735207.0,0.00690938
1785304800,5741062.0,6333239.0,5741018.0,6333239.0,0.86540489
1785308400,5741527.0,6333114.0,5741527.0,5741615.0,0.00969159
1785312000,6332849.0,6332849.0,6332826.0,6332826.0,0.00923107
1785315600,6332713.0,6332713.0,5755151.0,5755270.0,0.0251768
1785319200,6332344.0,6332345.0,5755441.0,5755441.0,0.02814107
1785322800,6331982.0,6331982.0,6331979.0,6331979.0,0.02164093
1785326400,5776936.0,6331933.0,5776936.0,5778179.0,0.04230437
1785330000,6331612.0,6331612.0,6331576.0,6331576.0,0.00609435
1785333600,6331352.0,6331352.0,5778901.0,6331259.0,0.00600898
1785337200,6331027.0,6331027.0,5801086.0,5801086.0,0.01027507
1785340800,5801086.0,5801086.0,5801086.0,5801086.0,0.0
1785344400,6329958.0,6329958.0,5801005.0,5801005.0,0.01569757
1785348000,6329717.0,6329717.0,5801014.0,6329516.0,0.04859789
1785351600,5801049.0,6329450.0,5801049.0,5801116.0,0.0798255
1785355200,6329166.0,6329166.0,5801115.0,6328920.0,0.11254498
1785358800,6328920.0,6328920.0,6328920.0,6328920.0,0.0
1785362400,6328169.0,6328169.0,5801231.0,5801231.0,0.00935372
1785366000,5801231.0,5801231.0,5801231.0,5801231.0,0.0
1785369600,5826050.0,6327490.0,5826050.0,5826054.0,0.02789525
1785373200,6327397.0,6327398.0,5828108.0,5828108.0,0.0296817
1785376800,6326906.0,6326907.0,5850020.0,6326743.0,0.19001842
1785380400,6326652.0,6326652.0,5850060.0,5850060.0,0.00770249
1785384000,5870147.0,5870147.0,5870147.0,5870147.0,0.29535343
1785387600,5870191.0,6325671.0,5870191.0,5870227.0,0.11803977
1785391200,6325409.0,6325409.0,6324994.0,6324994.0,0.01925914
1785394800,6324935.0,6324935.0,5880432.0,6223758.0,0.15881514
1785398400,6223702.0,6223705.0,6223452.0,6223452.0,0.04807088
1785402000,6223259.0,6223259.0,5890169.0,5890169.0,0.05857947
1785405600,6223007.0,6223007.0,5890231.0,6222976.0,0.0643234
1785409200,5890314.0,6222564.0,5890314.0,5890345.0,0.02804807
1785412800,5890388.0,5890388.0,5890388.0,5890388.0,0.02521766
1785416400,6222022.0,6222022.0,5890409.0,5890409.0,0.01622085
1785420000,5890453.0,6221343.0,5890453.0,5890463.0,0.02235072
1785423600,6221153.0,6221153.0,6221014.0,6221014.0,0.06473579
1785427200,6220946.0,6220946.0,6220503.0,6220503.0,0.03907607
1785430800,5926006.0,5926006.0,5926006.0,5926006.0,0.00196044
1785434400,6219983.0,6219984.0,5926567.0,5926621.0,0.02649049
1785438000,6219556.0,6219556.0,6219556.0,6219556.0,0.00311549
1785441600,6219078.0,6219078.0,5777007.0,5777007.0,1.35032789
1785445200,5777007.0,5925774.0,5706182.0,5730540.0,1.58233572
1785448800,5730301.0,5730301.0,5730300.0,5730300.0,0.03598274
1785452400,5706182.0,5770294.0,5700000.0,5770232.0,2.70906131
1785456000,5680083.0,5770000.0,5680083.0,5769995.0,0.10377504
1785459600,5769904.0,5769904.0,5769805.0,5769805.0,0.03863622
1785463200,5606922.0,5769962.0,5606922.0,5606946.0,0.02636153
1785466800,5769806.0,5769806.0,5769782.0,5769782.0,0.04806485
1785470400,5769939.0,5769939.0,5607016.0,5769888.0,0.02183495
1785474000,5607021.0,5769936.0,5607021.0,5769936.0,0.02778806
1785477600,5607047.0,5769818.0,5607036.0,5769818.0,0.19878741
1785481200,5769790.0,5769792.0,5769657.0,5769657.0,0.3461382
1785484800,5607040.0,5607040.0,5607040.0,5607040.0,0.00445179
1785488400,5769822.0,5769822.0,5607060.0,5607060.0,0.03080344
1785492000,5607040.0,5607040.0,5600000.0,5600000.0,0.18825404
1785495600,5769864.0,5770412.0,5600000.0,5770412.0,0.03641412
1785499200,5816430.0,5816430.0,5816430.0,5816430.0,0.00216404
1785502800,5816430.0,5816430.0,5816430.0,5816430.0,0.0
1785506400,5816428.0,5999995.0,5816428.0,5999995.0,0.13819625
1785510000,5500073.0,6000000.0,5500073.0,5999973.0,0.0240047
1785513600,5500027.0,5999987.0,5405962.0,5405962.0,0.35093672
1785517200,5999801.0,5999801.0,5405985.0,5405985.0,0.02448046
1785520800,5405993.0,5405993.0,5405993.0,5405993.0,0.14351178
1785524400,5461094.0,5461094.0,5461094.0,5461094.0,0.10763383
1785528000,5597721.0,5597721.0,5597721.0,5597721.0,0.03528668
1785531600,5597298.0,5597299.0,5597267.0,5597299.0,0.35181623
1785535200,5597299.0,5597299.0,5597299.0,5597299.0,0.0
1785538800,5596959.0,5596959.0,5596959.0,5596959.0,0.00735917
1785542400,5461065.0,5461065.0,5461065.0,5461065.0,0.01698346
1785546000,5461090.0,5699349.0,5461090.0,5699349.0,0.18186981
1785549600,5461256.0,5699524.0,5461256.0,5699500.0,0.05330458
1785553200,5699206.0,5699485.0,5699206.0,5699485.0,0.01842471
1785556800,5699263.0,5699591.0,5699263.0,5699591.0,0.02695826
1785560400,5699585.0,5699585.0,5461245.0,5461245.0,0.11807526
1785564000,5699060.0,5699624.0,5699060.0,5699624.0,0.01922142
1785567600,5699292.0,5699292.0,5699292.0,5699292.0,0.00343639
1785571200,5699292.0,5699292.0,5699292.0,5699292.0,0.0
1785574800,5461876.0,5465049.0,5461876.0,5465000.0,0.35245481
1785578400,5694920.0,5694920.0,5694870.0,5694870.0,0.01308068
1785582000,5694870.0,5694870.0,5694870.0,5694870.0,0.0
1785585600,5688596.0,5688596.0,5688585.0,5688585.0,0.01253983
1785589200,5465097.0,5465097.0,5465097.0,5465097.0,0.00759101
1785592800,5465099.0,5465109.0,5465099.0,5465108.0,0.01107339
1785596400,5668574.0,5668577.0,5465164.0,5668485.0,0.65216716
1785600000,5668488.0,5668488.0,5599947.0,5599947.0,0.00942574
1785603600,5465198.0,5465198.0,5465198.0,5465198.0,0.00343625
1785607200,5574494.0,5574495.0,5465259.0,5465259.0,0.03319054
1785610800,5574449.0,5574449.0,5574449.0,5574449.0,0.03543399
1785614400,5574449.0,5574449.0,5574449.0,5574449.0,0.0
1785618000,5574449.0,5574449.0,5574449.0,5574449.0,0.0
1785621600,5574449.0,5574449.0,5574449.0,5574449.0,0.0
1785625200,5465201.0,5465201.0,5465201.0,5465201.0,0.02697188
1785628800,5500000.0,5500000.0,5500000.0,5500000.0,0.00475636
1785632400,5500000.0,5500000.0,5465229.0,5465229.0,0.02270474
1785636000,5465736.0,5465736.0,5465736.0,5465736.0,0.0081776
1785639600,5465761.0,5465761.0,5465761.0,5465761.0,0.00386866
1785643200,5500000.0,5500000.0,5465831.0,5465845.0,0.5705749
1785646800,5500000.0,5600201.0,5500000.0,5600201.0,0.00889119
1785650400,5465739.0,5465739.0,5465739.0,5465739.0,0.00182999
1785654000,5465745.0,5611238.0,5465745.0,5465800.0,0.23862011
1785657600,5465800.0,5465800.0,5465800.0,5465800.0,0.0
1785661200,5465998.0,5668519.0,5465963.0,5668503.0,0.06048732
1785664800,5666996.0,5666996.0,5466097.0,5466097.0,0.01165554
1785668400,5666985.0,5666990.0,5666985.0,5666990.0,0.17297954
1785672000,5466229.0,5466253.0,5466229.0,5466253.0,0.0106933
1785675600,5664944.0,5664963.0,5466313.0,5664963.0,0.03766964
1785679200,5664971.0,5664971.0,5664971.0,5664971.0,0.01118646
1785682800,5664971.0,5664971.0,5664971.0,5664971.0,0.00557037
1785686400,5466416.0,5664995.0,5466416.0,5466501.0,0.03685528
1785690000,5664989.0,5664999.0,5466542.0,5466542.0,0.0476312
1785693600,5466542.0,5466542.0,5466542.0,5466542.0,0.0
1785697200,5466665.0,5466665.0,5466665.0,5466665.0,0.00804732
1785700800,5466680.0,5466680.0,5466680.0,5466680.0,0.00344102
1785704400,5466823.0,5466823.0,5466823.0,5466823.0,0.00378581
1785708000,5466823.0,5466823.0,5466823.0,5466823.0,0.0
1785711600,5658994.0,5658994.0,5658994.0,5658994.0,0.04823684
1785715200,5658994.0,5658994.0,5658949.0,5658949.0,0.03416416
1785718800,5466823.0,5466823.0,5466823.0,5466823.0,0.00262147
1785722400,5658974.0,5658975.0,5658966.0,5658966.0,0.02235123
1785726000,5658956.0,5658956.0,5658950.0,5658950.0,0.0208268
1785729600,5658946.0,5658946.0,5486894.0,5486894.0,0.01962673
1785733200,5658920.0,5658921.0,5486951.0,5486951.0,0.03408812
1785736800,5486928.0,5486932.0,5486927.0,5486931.0,0.09754156
1785740400,5486936.0,5486936.0,5486936.0,5486936.0,0.00506965
1785744000,5486925.0,5486925.0,5486925.0,5486925.0,0.01118646
1785747600,5658940.0,5658940.0,5486931.0,5486931.0,0.0351974
1785751200,5632358.0,5632358.0,5632358.0,5632358.0,0.00957094
1785754800,5632293.0,5632293.0,5487026.0,5632250.0,0.0701368
1785758400,5650979.0,5650979.0,5650979.0,5650979.0,0.00240082
1785762000,5650944.0,5650944.0,5487096.0,5487105.0,0.03324686
1785765600,5555200.0,5555200.0,5555200.0,5555200.0,0.00179273
1785769200,5487041.0,5520145.0,5487041.0,5520145.0,0.06215874
1785772800,5536138.0,5536138.0,5536138.0,5536138.0,0.00404632
1785776400,5536138.0,5599710.0,5536138.0,5599710.0,0.00717078
1785780000,5599710.0,5599710.0,5599710.0,5599710.0,0.0
1785783600,5566829.0,5566829.0,5566829.0,5566829.0,0.00178898
1785787200,5487041.0,5487041.0,5487041.0,5487041.0,0.02650977
1785790800,5512578.0,5512578.0,5487041.0,5487041.0,0.00540216
1785794400,5512579.0,5519692.0,5512579.0,5519692.0,0.01084507
1785798000,5516168.0,5651000.0,5516168.0,5651000.0,0.12467382
1785801600,5487041.0,5536640.0,5486631.0,5536640.0,0.05824305
1785805200,5536640.0,5536640.0,5536640.0,5536640.0,0.0
1785808800,5536138.0,5542601.0,5536138.0,5542601.0,0.01726209
1785812400,5542601.0,5542601.0,5542601.0,5542601.0,0.0
1785816000,5560201.0,5560201.0,5486631.0,5486631.0,0.00876797
1785819600,5486631.0,5486631.0,5486631.0,5486631.0,0.0
1785823200,5542375.0,5542375.0,5486631.0,5536640.0,0.03596821
1785826800,5486631.0,5649000.0,5486631.0,5531157.0,0.20375162
1785830400,5528489.0,5528489.0,5528489.0,5528489.0,0.02238948
1785834000,5649000.0,5992252.0,5486631.0,5486631.0,3.60525507
1785837600,5487631.0,5546232.0,5487631.0,5535941.0,0.02448096
1785841200,5507318.0,5512757.0,5466403.0,5466403.0,0.46467227
1785844800,5466403.0,5508271.0,5465000.0,5465000.0,0.18794835
1785848400,5650000.0,5810410.0,5423363.0,5423363.0,0.25715535
1785852000,5472206.0,5485660.0,5472206.0,5485660.0,0.00656141
1785855600,5555977.0,5566884.0,5485680.0,5565551.0,1.12612518
1785859200,5559371.0,5700000.0,5490029.0,5700000.0,0.01236668
1785862800,5584260.0,5584260.0,5584260.0,5584260.0,0.00326972
1785866400,5584260.0,5584260.0,5584260.0,5584260.0,0.0
1785870000,5528695.0,5528695.0,5528695.0,5528695.0,0.00659772
1785873600,5612013.0,5612582.0,5612013.0,5612582.0,0.22222174
1785877200,5613001.0,5613001.0,5553303.0,5612997.0,0.0429348
1785880800,5612997.0,5612997.0,5612997.0,5612997.0,0.0
1785884400,5612997.0,5612997.0,5612997.0,5612997.0,0.0
1785888000,5612997.0,5612997.0,5612997.0,5612997.0,0.0
1785891600,5550381.0,5613001.0,5550381.0,5613001.0,0.02145436
1785895200,5571810.0,5571810.0,5571810.0,5571810.0,0.03941217
1785898800,5559363.0,5559363.0,5559363.0,5559363.0,0.01427697
1785902400,5609996.0,5610001.0,5609996.0,5610001.0,0.88039398
1785906000,5610001.0,5610001.0,5560726.0,5560726.0,0.02568774
1785909600,5609997.0,5610001.0,5559375.0,5559381.0,0.06009899
1785913200,5608996.0,5608996.0,5559396.0,5559426.0,0.037585
1785916800,5607992.0,5607992.0,5607992.0,5607992.0,0.01958258
1785920400,5607992.0,5607992.0,5607992.0,5607992.0,0.0
1785924000,5606996.0,5606996.0,5606996.0,5606996.0,0.0145486
1785927600,5560244.0,5560244.0,5544096.0,5544096.0,0.28908096
1785931200,5500000.0,5566513.0,5500000.0,5566513.0,0.04389692
1785934800,5594715.0,5594715.0,5532839.0,5532839.0,0.09374768
1785938400,5500010.0,5534672.0,5500010.0,5500330.0,0.00974775
1785942000,5579723.0,5579723.0,5512620.0,5512626.0,0.02850903
1785945600,5507004.0,5566234.0,5507004.0,5507024.0,0.02116616
1785949200,5511047.0,5511047.0,5511047.0,5511047.0,0.01434153
1785952800,5511047.0,5511047.0,5511047.0,5511047.0,0.0
1785956400,5511047.0,5511047.0,5511047.0,5511047.0,0.0
1785960000,5511047.0,5511047.0,5511047.0,5511047.0,0.0
1785963600,5609691.0,5609691.0,5609691.0,5609691.0,0.00185643
1785967200,5609691.0,5609691.0,5609691.0,5609691.0,0.0
1785970800,5609701.0,5609701.0,5564299.0,5564299.0,0.01887029
1785974400,5564299.0,5564299.0,5564299.0,5564299.0,0.0
1785978000,5609696.0,5609696.0,5582174.0,5582174.0,0.00536225
1785981600,5583144.0,5609705.0,5583144.0,5587373.0,0.00806978
1785985200,5609705.0,5609705.0,5584193.0,5584193.0,0.07412585
1785988800,5609705.0,5609705.0,5609705.0,5609705.0,0.01717967
1785992400,5584980.0,5584980.0,5582174.0,5582174.0,0.0552924
1785996000,5582174.0,5609705.0,5582174.0,5609705.0,0.01155639
1785999600,5609705.0,5609705.0,5555555.0,5555555.0,0.87342065
1786003200,5609705.0,5609705.0,5609705.0,5609705.0,0.02662974
1786006800,5609705.0,5691741.0,5555555.0,5686545.0,0.06578824
1786010400,5678056.0,5678056.0,5673720.0,5673720.0,0.00705378
1786014000,5676056.0,5676056.0,5676056.0,5676056.0,0.00422071
1786017600,5592279.0,5599745.0,5592279.0,5596723.0,0.02902069
1786021200,5678056.0,5678056.0,5678056.0,5678056.0,0.00798195
1786024800,5654053.0,5654053.0,5596368.0,5632237.0,0.01107113
1786028400,5600533.0,5600533.0,5555555.0,5555555.0,0.01802007
1786032000,5592962.0,5592962.0,5592962.0,5592962.0,0.01228079
1786035600,5592962.0,5592962.0,5592962.0,5592962.0,0.00195853
1786039200,5609993.0,5609993.0,5609993.0,5609993.0,0.00177522
1786042800,5609948.0,5609948.0,5609948.0,5609948.0,0.00271214
1786046400,5558372.0,5558372.0,5558372.0,5558372.0,0.00271214
1786050000,5558372.0,5558372.0,5558372.0,5558372.0,0.0
1786053600,5558372.0,5558372.0,5558372.0,5558372.0,0.0
1786057200,5558372.0,5558372.0,5558372.0,5558372.0,0.0
1786060800,5632237.0,5632237.0,5632237.0,5632237.0,0.00176821
1786064400,5563139.0,5632237.0,5563139.0,5632237.0,0.00775136
1786068000,5632207.0,5632207.0,5563139.0,5563139.0,0.00952085
1786071600,5566370.0,5566615.0,5563139.0,5563139.0,0.02758595
1786075200,5632237.0,5632237.0,5632237.0,5632237.0,0.03011964
1786078800,5632237.0,5632237.0,5632237.0,5632237.0,0.0
1786082400,5632217.0,5632217.0,5631643.0,5631643.0,0.02739862
1786086000,5627498.0,5627498.0,5563143.0,5563143.0,0.02802558
1786089600,5563139.0,5563139.0,5563139.0,5563139.0,0.00358115
1786093200,5620956.0,5620956.0,5620956.0,5620956.0,0.00856526
1786096800,5563143.0,5563143.0,5563139.0,5563139.0,0.02153625
1786100400,5563139.0,5563139.0,5563139.0,5563139.0,0.00566422
1786104000,5563139.0,5563139.0,5563139.0,5563139.0,0.00404632
1786107600,5563139.0,5563139.0,5563139.0,5563139.0,0.0
1786111200,5607868.0,5607868.0,5607868.0,5607868.0,0.02334539
1786114800,5607868.0,5607868.0,5607868.0,5607868.0,0.0
1786118400,5607868.0,5607868.0,5607868.0,5607868.0,0.0
1786122000,5607868.0,5607868.0,5607868.0,5607868.0,0.0
1786125600,5607871.0,5607871.0,5607871.0,5607871.0,0.00803958
1786129200,5607871.0,5607871.0,5607871.0,5607871.0,0.0
1786132800,5607871.0,5607871.0,5607871.0,5607871.0,0.0
1786136400,5607871.0,5607871.0,5607871.0,5607871.0,0.0
1786140000,5607871.0,5607871.0,5607871.0,5607871.0,0.0
1786143600,5607868.0,5607868.0,5607868.0,5607868.0,0.00177589
1786147200,5563143.0,5563143.0,5563143.0,5563143.0,0.0090438
1786150800,5607868.0,5607868.0,5607868.0,5607868.0,0.00177589
1786154400,5607868.0,5607868.0,5563143.0,5563143.0,0.0211051
1786158000,5607868.0,5607868.0,5607868.0,5607868.0,0.0131244
1786161600,5563143.0,5607867.0,5563139.0,5607867.0,0.05180007
1786165200,5563139.0,5563139.0,5563139.0,5563139.0,0.00676023
1786168800,5563139.0,5563139.0,5563139.0,5563139.0,0.0
1786172400,5563139.0,5607847.0,5563139.0,5563139.0,0.01829901
1786176000,5607822.0,5607822.0,5563139.0,5563139.0,0.03333292
1786179600,5607857.0,5607857.0,5607857.0,5607857.0,0.00727461
1786183200,5563139.0,5622235.0,5555555.0,5622235.0,0.84165901
1786186800,5616916.0,5616916.0,5555555.0,5555555.0,0.09995129
1786190400,5618181.0,5618181.0,5555555.0,5610471.0,0.0166274
1786194000,5611552.0,5611552.0,5555600.0,5555600.0,0.01467284
1786197600,5555600.0,5555600.0,5555600.0,5555600.0,0.0
1786201200,5555600.0,5555600.0,5555600.0,5555600.0,0.04313917
1786204800,5601497.0,5601498.0,5601497.0,5601498.0,0.08860237
1786208400,5601498.0,5601498.0,5601498.0,5601498.0,0.0
1786212000,5602943.0,5602943.0,5602943.0,5602943.0,0.00248833
1786215600,5602943.0,5602943.0,5602943.0,5602943.0,0.0
1786219200,5602935.0,5602935.0,5601867.0,5601867.0,0.03377228
1786222800,5555600.0,5601863.0,5555600.0,5601863.0,0.0104463
1786226400,5601867.0,5601867.0,5601867.0,5601867.0,0.00444441
1786230000,5601867.0,5601867.0,5601867.0,5601867.0,0.0
1786233600,5601867.0,5601867.0,5601867.0,5601867.0,0.0035556
1786237200,5555600.0,5601867.0,5555600.0,5601867.0,0.0082443
1786240800,5601863.0,5601867.0,5555600.0,5555600.0,0.01847146
1786244400,5555600.0,5555600.0,5555600.0,5555600.0,0.0
1786248000,5601867.0,5601867.0,5555600.0,5601867.0,0.01086377
1786251600,5555600.0,5555600.0,5555555.0,5555555.0,0.10306059
1786255200,5555555.0,5622306.0,5555555.0,5622306.0,0.01242845
1786258800,5625000.0,5632238.0,5618007.0,5618007.0,0.07054091
1786262400,5555555.0,5555555.0,5555555.0,5555555.0,0.10528495
1786266000,5555555.0,5617110.0,5555555.0,5555555.0,0.01479404
1786269600,5555555.0,5606891.0,5555555.0,5555555.0,0.1320854
1786273200,5632238.0,5632238.0,5632238.0,5632238.0,0.00637916
1786276800,5632238.0,5632238.0,5632238.0,5632238.0,0.0
1786280400,5614242.0,5627509.0,5555555.0,5618007.0,0.07458801
1786284000,5555555.0,5555555.0,5555555.0,5555555.0,0.00630632
1786287600,5632238.0,5632238.0,5619800.0,5619800.0,0.01592174
1786291200,5622131.0,5622131.0,5555555.0,5555555.0,0.00846086
1786294800,5555555.0,5632238.0,5555555.0,5632238.0,0.04852966
1786298400,5621951.0,5621951.0,5621951.0,5621951.0,0.04223906
1786302000,5621951.0,5621951.0,5621951.0,5621951.0,0.0
1786305600,5621951.0,5621951.0,5621951.0,5621951.0,0.0
1786309200,5621951.0,5621951.0,5621951.0,5621951.0,0.0
1786312800,5621951.0,5621951.0,5621951.0,5621951.0,0.0
1786316400,5632238.0,5632238.0,5625520.0,5625520.0,0.01668472
1786320000,5555555.0,5555555.0,5555555.0,5555555.0,0.03432076
1786323600,5555555.0,5555555.0,5555555.0,5555555.0,0.0029727
1786327200,5555555.0,5555555.0,5555555.0,5555555.0,0.0
1786330800,5575555.0,5575555.0,5575555.0,5575555.0,0.00361645
1786334400,5575556.0,5575556.0,5575556.0,5575556.0,0.00607321
1786338000,5575556.0,5575556.0,5575555.0,5575555.0,0.01747318
1786341600,5575555.0,5575555.0,5575555.0,5575555.0,0.0
1786345200,5614102.0,5632238.0,5568273.0,5568273.0,0.10030752
1786348800,5613053.0,5613053.0,5568273.0,5568273.0,0.02649136
1786352400,5626276.0,5626276.0,5626276.0,5626276.0,0.00183478
1786356000,5568273.0,5568273.0,5540992.0,5540992.0,2.66977404
1786359600,5529000.0,5529000.0,5529000.0,5529000.0,0.017516
1786363200,5529000.0,5529000.0,5529000.0,5529000.0,0.0
1786366800,5556192.0,5556192.0,5489721.0,5489721.0,0.56758566
1786370400,5632238.0,5632238.0,5632238.0,5632238.0,0.00176821
1786374000,5516342.0,5516342.0,5428501.0,5503515.0,0.02063035
1786377600,5420000.0,5632238.0,5417904.0,5632238.0,0.13098621
1786381200,5503035.0,5506762.0,5430135.0,5430135.0,0.26170768
1786384800,5432567.0,5432567.0,5432567.0,5432567.0,0.01070674
1786388400,5515350.0,5515350.0,5515350.0,5515350.0,0.00180623
1786392000,5515350.0,5515350.0,5515350.0,5515350.0,0.0
1786395600,5515350.0,5515350.0,5515350.0,5515350.0,0.0
1786399200,5515350.0,5515350.0,5515350.0,5515350.0,0.0
1786402800,5515350.0,5515350.0,5515350.0,5515350.0,0.0
1786406400,5532810.0,5532810.0,5532810.0,5532810.0,0.00210128
1786410000,5457316.0,5479292.0,5457316.0,5479292.0,0.32820749
1786413600,5479292.0,5479292.0,5479292.0,5479292.0,0.0
1786417200,5552764.0,5552764.0,5552764.0,5552764.0,0.00179352
1786420800,5552764.0,5564083.0,5552764.0,5564083.0,0.03333996
1786424400,5564083.0,5564083.0,5564083.0,5564083.0,0.0
1786428000,5564083.0,5564083.0,5564083.0,5564083.0,0.0
1786431600,5564083.0,5564083.0,5564083.0,5564083.0,0.0
1786435200,5564083.0,5564083.0,5564083.0,5564083.0,0.0
1786438800,5564083.0,5564083.0,5564083.0,5564083.0,0.0
1786442400,5632238.0,5632238.0,5577769.0,5577769.0,0.02851184
1786446000,5632238.0,5632238.0,5453137.0,5453137.0,0.00382198
1786449600,5453137.0,5453137.0,5434730.0,5434730.0,0.00557312
1786453200,5632238.0,5632238.0,5474851.0,5632238.0,0.03576631
1786456800,5632238.0,5670238.0,5434725.0,5670238.0,0.04585067
1786460400,5667999.0,5667999.0,5456722.0,5456722.0,0.00768223
1786464000,5456722.0,5456722.0,5456722.0,5456722.0,0.0
1786467600,5667998.0,5667999.0,5456858.0,5456858.0,0.01152153
1786471200,5456858.0,5456858.0,5456858.0,5456858.0,0.0
1786474800,5456858.0,5456858.0,5456858.0,5456858.0,0.0
1786478400,5667996.0,5667996.0,5667996.0,5667996.0,0.00210832
1786482000,5457361.0,5457361.0,5456738.0,5456738.0,0.01382866
1786485600,5456738.0,5456738.0,5456738.0,5456738.0,0.0
1786489200,5456738.0,5456738.0,5456738.0,5456738.0,0.0
1786492800,5456738.0,5456738.0,5456738.0,5456738.0,0.0
1786496400,5456738.0,5456738.0,5456738.0,5456738.0,0.0
1786500000,5504595.0,5512597.0,5456737.0,5456757.0,1.54590286
1786503600,5456757.0,5456757.0,5456757.0,5456757.0,0.0
1786507200,5505813.0,5507709.0,5505813.0,5506730.0,0.45865478
1786510800,5456737.0,5510631.0,5434720.0,5510631.0,0.01949028
1786514400,5435233.0,5435233.0,5435233.0,5435233.0,0.03546092
1786518000,5434720.0,5434720.0,5429358.0,5429358.0,0.03703024
1786521600,5506058.0,5506058.0,5506058.0,5506058.0,0.00180873
1786525200,5419929.0,5419929.0,5419929.0,5419929.0,0.00717811
1786528800,5423492.0,5423492.0,5423492.0,5423492.0,0.002632
1786532400,5495263.0,5498608.0,5495263.0,5498608.0,0.00382036
1786536000,5498608.0,5498608.0,5498608.0,5498608.0,0.0
1786539600,5419884.0,5419884.0,5419884.0,5419884.0,0.00877053
1786543200,5473178.0,5473178.0,5473178.0,5473178.0,0.0018196
1786546800,5437035.0,5437035.0,5424000.0,5424000.0,0.04101013
1786550400,5424000.0,5424000.0,5424000.0,5424000.0,0.0
1786554000,5425000.0,5425000.0,5425000.0,5425000.0,0.0081988
1786557600,5425000.0,5425000.0,5425000.0,5425000.0,0.0
1786561200,5437233.0,5437233.0,5437233.0,5437233.0,0.09142977
1786564800,5437233.0,5437233.0,5437233.0,5437233.0,0.0
1786568400,5437233.0,5437233.0,5437233.0,5437233.0,0.0
1786572000,5437233.0,5437233.0,5437233.0,5437233.0,0.0
1786575600,5419884.0,5443148.0,5419884.0,5443148.0,0.01098785
1786579200,5419884.0,5419884.0,5419884.0,5419884.0,0.0032556
1786582800,5454688.0,5454688.0,5419884.0,5419884.0,0.01957845
1786586400,5419884.0,5419884.0,5419884.0,5419884.0,0.0
1786590000,5657000.0,5657000.0,5462051.0,5462051.0,0.00716755
1786593600,5462051.0,5462051.0,5462051.0,5462051.0,0.0
1786597200,5462051.0,5462051.0,5462051.0,5462051.0,0.0
1786600800,5419885.0,5419885.0,5419885.0,5419885.0,0.00778092
1786604400,5419885.0,5419885.0,5419885.0,5419885.0,0.0
1786608000,5419884.0,5490350.0,5419884.0,5490350.0,0.00659721
1786611600,5657000.0,5657000.0,5657000.0,5657000.0,0.00176047
1786615200,5419884.0,5484970.0,5419884.0,5484970.0,0.01044275
1786618800,5481377.0,5657000.0,5419884.0,5419884.0,0.04260009
1786622400,5486422.0,5486422.0,5480386.0,5480386.0,0.08361746
1786626000,5503666.0,5503666.0,5420000.0,5420000.0,0.00575521
1786629600,5502017.0,5502017.0,5502017.0,5502017.0,0.00333895
1786633200,5495939.0,5495939.0,5421000.0,5493276.0,0.02847681
1786636800,5470404.0,5480108.0,5421000.0,5480108.0,0.01434704
1786640400,5480108.0,5480108.0,5480108.0,5480108.0,0.0
1786644000,5479379.0,5479379.0,5479379.0,5479379.0,0.00431636
1786647600,5479379.0,5479379.0,5479379.0,5479379.0,0.0
1786651200,5489070.0,5508652.0,5489070.0,5508652.0,0.02075462
1786654800,5508652.0,5508652.0,5508652.0,5508652.0,0.0
1786658400,5511875.0,5511875.0,5511875.0,5511875.0,0.08970994
1786662000,5425173.0,5428545.0,5425173.0,5428545.0,0.02878186
1786665600,5428545.0,5428545.0,5428545.0,5428545.0,0.0
1786669200,5504860.0,5506120.0,5504860.0,5506120.0,0.01251084
1786672800,5501975.0,5501975.0,5421000.0,5421000.0,0.00678313
1786676400,5505759.0,5505759.0,5422901.0,5422901.0,0.09323531
1786680000,5426273.0,5426273.0,5426273.0,5426273.0,0.0022564
1786683600,5505759.0,5525372.0,5505759.0,5525372.0,0.02654505
1786687200,5523572.0,5523572.0,5523572.0,5523572.0,0.01793984
1786690800,5522669.0,5522669.0,5443647.0,5443647.0,0.0667706
1786694400,5443647.0,5522673.0,5443647.0,5522673.0,0.02422005
1786698000,5443647.0,5522665.0,5443643.0,5521049.0,0.12934647
1786701600,5443643.0,5443643.0,5443643.0,5443643.0,0.00693526
1786705200,5443643.0,5443643.0,5443643.0,5443643.0,0.01796921
1786708800,5443643.0,5517627.0,5443643.0,5517627.0,0.00452082
1786712400,5522669.0,5522673.0,5522669.0,5522673.0,0.12446875
1786716000,5522673.0,5524112.0,5449488.0,5524112.0,0.02687549
1786719600,5512056.0,5512056.0,5443647.0,5443820.0,0.03867345
1786723200,5443647.0,5503125.0,5427641.0,5503125.0,0.05345291
1786726800,5507324.0,5507942.0,5427681.0,5501055.0,0.01317664
1786730400,5512056.0,5512056.0,5512056.0,5512056.0,0.00284068
1786734000,5512056.0,5512056.0,5512056.0,5512056.0,0.00291724
1786737600,5511384.0,5512056.0,5511384.0,5512056.0,0.01486657
1786741200,5512056.0,5512056.0,5512056.0,5512056.0,0.00397474
1786744800,5430525.0,5430525.0,5430525.0,5430525.0,0.00233306
1786748400,5430525.0,5430525.0,5430525.0,5430525.0,0.0
1786752000,5511984.0,5511984.0,5511983.0,5511983.0,0.01085652
1786755600,5506058.0,5506059.0,5427711.0,5427711.0,0.00857157
1786759200,5506059.0,5506059.0,5424438.0,5424438.0,0.15829623
1786762800,5425146.0,5425146.0,5425146.0,5425146.0,0.00291724
1786766400,5426473.0,5506053.0,5426473.0,5426478.0,0.06262705
1786770000,5421006.0,5421006.0,5421006.0,5421006.0,0.00387824
1786773600,5500129.0,5502642.0,5421087.0,5421087.0,0.01374614
1786777200,5504261.0,5504261.0,5504261.0,5504261.0,0.00404576
1786780800,5426570.0,5426570.0,5426570.0,5426570.0,0.12800067
1786784400,5426570.0,5426570.0,5426570.0,5426570.0,0.0
1786788000,5505139.0,5505139.0,5505139.0,5505139.0,0.00180903
1786791600,5504979.0,5504979.0,5427004.0,5427004.0,0.02318349
1786795200,5501207.0,5501207.0,5501197.0,5501197.0,0.02112172
1786798800,5501197.0,5501197.0,5501197.0,5501197.0,0.0
1786802400,5504597.0,5504597.0,5427004.0,5427004.0,0.01420742
1786806000,5427004.0,5505143.0,5427004.0,5505143.0,0.04749769
1786809600,5503716.0,5503716.0,5427104.0,5427104.0,0.03975686
1786813200,5504964.0,5504964.0,5427104.0,5427104.0,0.02991008
1786816800,5427104.0,5427104.0,5427104.0,5427104.0,0.00467806
1786820400,5503184.0,5503184.0,5503184.0,5503184.0,0.00407727
1786824000,5503183.0,5503183.0,5503183.0,5503183.0,0.00428043
1786827600,5503183.0,5503183.0,5503183.0,5503183.0,0.0
1786831200,5427104.0,5502818.0,5427104.0,5502818.0,0.0135622
1786834800,5502818.0,5502818.0,5502818.0,5502818.0,0.0
1786838400,5502818.0,5502818.0,5502818.0,5502818.0,0.0
1786842000,5502818.0,5502818.0,5502818.0,5502818.0,0.0
1786845600,5500644.0,5503544.0,5500644.0,5503544.0,0.0063394
1786849200,5503544.0,5503544.0,5503544.0,5503544.0,0.0
1786852800,5500840.0,5501211.0,5427104.0,5501211.0,0.01358175
1786856400,5427504.0,5499775.0,5427504.0,5499775.0,0.01263303
1786860000,5501743.0,5501743.0,5501743.0,5501743.0,0.0124635
1786863600,5427504.0,5502288.0,5427504.0,5427504.0,0.01245454
1786867200,5427504.0,5504255.0,5422847.0,5504234.0,0.31486361
1786870800,5423028.0,5423028.0,5420372.0,5420372.0,0.20218411
1786874400,5421079.0,5502985.0,5421079.0,5422850.0,0.01202411
1786878000,5502829.0,5502829.0,5502829.0,5502829.0,0.002464
1786881600,5504221.0,5504221.0,5423412.0,5423412.0,0.08143895
1786885200,5423736.0,5423736.0,5423736.0,5423736.0,0.00366804
1786888800,5426034.0,5426034.0,5426034.0,5426034.0,0.00432355
1786892400,5426580.0,5504196.0,5426580.0,5504196.0,0.05029725
1786896000,5504121.0,5504121.0,5430818.0,5430818.0,0.07000658
1786899600,5504011.0,5504011.0,5504006.0,5504006.0,0.00843566
1786903200,5428534.0,5428534.0,5428534.0,5428534.0,0.00210832
1786906800,5428534.0,5428534.0,5428534.0,5428534.0,0.0
1786910400,5428534.0,5428534.0,5428534.0,5428534.0,0.0
1786914000,5426379.0,5501035.0,5426379.0,5501035.0,0.60648383
1786917600,5501035.0,5501035.0,5501035.0,5501035.0,0.0
1786921200,5501035.0,5501035.0,5501035.0,5501035.0,0.0
1786924800,5503543.0,5504021.0,5502531.0,5504021.0,0.04437596
1786928400,5422203.0,5422203.0,5422203.0,5422203.0,0.08304201
1786932000,5421955.0,5501710.0,5421955.0,5501710.0,0.05669715
1786935600,5498188.0,5498188.0,5419810.0,5498188.0,0.21522897
1786939200,5419638.0,5500616.0,5419638.0,5500616.0,0.00893978
1786942800,5503599.0,5503599.0,5503599.0,5503599.0,0.00943909
1786946400,5441593.0,5441593.0,5441593.0,5441593.0,0.00273046
1786950000,5454306.0,5454306.0,5452191.0,5452191.0,0.04362486
1786953600,5443497.0,5447610.0,5443497.0,5447610.0,0.03135376
1786957200,5447610.0,5447610.0,5447610.0,5447610.0,0.0
1786960800,5504011.0,5504011.0,5449397.0,5504011.0,0.00983103
1786964400,5504010.0,5504010.0,5457831.0,5457831.0,0.04070029
1786968000,5449397.0,5449397.0,5449397.0,5449397.0,0.00221949
1786971600,5439861.0,5439861.0,5417905.0,5417905.0,0.03424737
1786975200,5417904.0,5417904.0,5417904.0,5417904.0,0.06137273
1786978800,5417904.0,5466772.0,5417904.0,5466772.0,0.00574554
1786982400,5458916.0,5465755.0,5417904.0,5417904.0,0.02314337
1786986000,5461068.0,5484222.0,5417904.0,5417904.0,0.15242671
1786989600,5417904.0,5504010.0,5417904.0,5504010.0,0.00499956
1786993200,5422820.0,5422820.0,5422820.0,5422820.0,0.00269465
1786996800,5422820.0,5422820.0,5422820.0,5422820.0,0.0
1787000400,5501266.0,5501266.0,5499831.0,5499831.0,0.00388837
1787004000,5499831.0,5499831.0,5499831.0,5499831.0,0.0
1787007600,5417904.0,5498927.0,5417904.0,5498927.0,0.01048915
1787011200,5498927.0,5498927.0,5498927.0,5498927.0,0.0
1787014800,5496446.0,5499967.0,5417904.0,5499967.0,0.0959198
1787018400,5504006.0,5504006.0,5504006.0,5504006.0,0.00385955
1787022000,5504006.0,5504006.0,5504006.0,5504006.0,0.00265388
1787025600,5504010.0,5504010.0,5504010.0,5504010.0,0.00723673
1787029200,5504010.0,5504010.0,5435460.0,5435460.0,0.00895528
1787032800,5504022.0,5504022.0,5504022.0,5504022.0,0.0018094
1787036400,5504022.0,5504022.0,5431346.0,5504022.0,0.01169669
1787040000,5504022.0,5504022.0,5456497.0,5456497.0,0.01961965
1787043600,5504026.0,5504026.0,5470558.0,5470558.0,0.0053041
1787047200,5488738.0,5488738.0,5488738.0,5488738.0,0.00968152
1787050800,5488738.0,5488738.0,5488738.0,5488738.0,0.0
1787054400,5504026.0,5504026.0,5504026.0,5504026.0,0.00907444
1787058000,5472929.0,5505147.0,5460453.0,5505147.0,0.04502585
1787061600,5505147.0,5523912.0,5505147.0,5523912.0,0.00767923
1787065200,5601206.0,5601206.0,5601206.0,5601206.0,0.00355601
1787068800,5598171.0,5598171.0,5598171.0,5598171.0,0.00355794
1787072400,5601206.0,5601206.0,5519593.0,5519593.0,0.14081198
1787076000,5530326.0,5530326.0,5530326.0,5530326.0,0.00181185
1787079600,5512478.0,5512478.0,5512478.0,5512478.0,0.00889375
1787083200,5512478.0,5512478.0,5512478.0,5512478.0,0.0
1787086800,5512478.0,5512478.0,5512478.0,5512478.0,0.0
1787090400,5512478.0,5512478.0,5512478.0,5512478.0,0.0
1787094000,5512478.0,5512478.0,5512478.0,5512478.0,0.0
1787097600,5601205.0,5601205.0,5524523.0,5524523.0,0.01779794
1787101200,5601205.0,5601206.0,5519750.0,5601206.0,0.01436732
1787104800,5600473.0,5600473.0,5600473.0,5600473.0,0.00297742
1787108400,5596424.0,5596424.0,5516145.0,5516150.0,0.0367366
1787112000,5521196.0,5600925.0,5521196.0,5600925.0,0.19686585
1787115600,5525086.0,5525086.0,5525086.0,5525086.0,0.00540757
1787119200,5525086.0,5525086.0,5525086.0,5525086.0,0.0
1787122800,5509634.0,5509634.0,5509634.0,5509634.0,0.20919048
1787126400,5555004.0,5555004.0,5496004.0,5496004.0,0.00460079
1787130000,5554989.0,5554989.0,5497231.0,5497231.0,0.07157868
1787133600,5506574.0,5506574.0,5506574.0,5506574.0,0.00297742
1787137200,5505633.0,5505633.0,5505633.0,5505633.0,0.02452871
1787140800,5518238.0,5578518.0,5518238.0,5578518.0,0.02707602
1787144400,5578513.0,5603040.0,5578513.0,5603040.0,0.06734603
1787148000,5656999.0,5657000.0,5656996.0,5656996.0,0.1031087
1787151600,5656996.0,5731196.0,5656996.0,5658860.0,0.13845951
1787155200,5688187.0,5691347.0,5622501.0,5662608.0,0.12134271
1787158800,5655816.0,5655816.0,5655668.0,5655668.0,0.01128623
1787162400,5585947.0,5585947.0,5585947.0,5585947.0,0.0042925
1787166000,5612222.0,5612222.0,5612222.0,5612222.0,0.00306344
1787169600,5606650.0,5606650.0,5606650.0,5606650.0,0.00179465
1787173200,5606650.0,5606650.0,5606650.0,5606650.0,0.0
1787176800,5690825.0,5690825.0,5610850.0,5610850.0,0.0152635
1787180400,5708874.0,5708875.0,5708874.0,5708875.0,0.01365207
1787184000,5702484.0,5702558.0,5617915.0,5617915.0,0.80630196
1787187600,5621763.0,5621763.0,5621407.0,5621407.0,0.0230265
1787191200,5695546.0,5696176.0,5608090.0,5608090.0,0.32245564
1787194800,5608090.0,5608090.0,5608090.0,5608090.0,0.0
1787198400,5600019.0,5600019.0,5600019.0,5600019.0,0.00637916
1787202000,5676696.0,5676696.0,5600014.0,5600014.0,0.03606172
1787205600,5678678.0,5678678.0,5678678.0,5678678.0,0.00175375
1787209200,5661722.0,5661722.0,5661722.0,5661722.0,0.001759
1787212800,5661722.0,5661722.0,5661722.0,5661722.0,0.0
1787216400,5600018.0,5768996.0,5600014.0,5768996.0,0.51068901
1787220000,5669437.0,5669437.0,5600018.0,5600018.0,0.00708772
1787223600,5680760.0,5680760.0,5603479.0,5680759.0,0.01797941
1787227200,5680759.0,5680759.0,5680759.0,5680759.0,0.0
1787230800,5695423.0,5695423.0,5695423.0,5695423.0,0.0026228
1787234400,5695423.0,5695423.0,5600014.0,5682502.0,0.74477373
1787238000,5616160.0,5683254.0,5608658.0,5683254.0,0.0169311
1787241600,5608658.0,5608658.0,5601940.0,5601940.0,0.07806714
1787245200,5605719.0,5605719.0,5605719.0,5605719.0,0.00180952
1787248800,5605719.0,5605719.0,5605719.0,5605719.0,0.0
1787252400,5605719.0,5605719.0,5600000.0,5600000.0,0.56398051
1787256000,5600014.0,5604205.0,5600014.0,5604205.0,0.00177824
1787259600,5604205.0,5604205.0,5604205.0,5604205.0,0.0
1787263200,5695439.0,5695439.0,5695439.0,5695439.0,0.00306174
1787266800,5557480.0,5557480.0,5526548.0,5526548.0,0.22484454
1787270400,5602245.0,5602245.0,5602245.0,5602245.0,0.00177768
1787274000,5602357.0,5602357.0,5526548.0,5526548.0,0.01267333
1787277600,5607864.0,5607864.0,5580050.0,5580050.0,0.00869974
1787281200,5575313.0,5607864.0,5526548.0,5607864.0,0.01272848
1787284800,5526548.0,5587072.0,5526548.0,5587072.0,0.05768994
1787288400,5585822.0,5695439.0,5526548.0,5526548.0,0.02791785
1787292000,5526548.0,5526548.0,5526548.0,5526548.0,0.00286738
1787295600,5526548.0,5568818.0,5526548.0,5568818.0,0.01464831
1787299200,5695439.0,5695439.0,5695439.0,5695439.0,0.00524577
1787302800,5526548.0,5566409.0,5526548.0,5566409.0,0.0293648
1787306400,5695439.0,5695439.0,5526548.0,5695439.0,0.29492763
1787310000,5568820.0,5568820.0,5526548.0,5526548.0,0.03799825
1787313600,5568820.0,5695439.0,5568820.0,5572703.0,0.03127834
1787317200,5695439.0,5695439.0,5487877.0,5487877.0,0.43715772
1787320800,5460006.0,5695439.0,5460006.0,5695439.0,0.10782051
1787324400,5695439.0,5768999.0,5460006.0,5564582.0,0.09792365
1787328000,5562526.0,5768999.0,5478934.0,5768999.0,0.0821862
1787331600,5768999.0,5768999.0,5768999.0,5768999.0,0.0
1787335200,5524296.0,5524296.0,5478934.0,5478934.0,0.00892906
1787338800,5524081.0,5524083.0,5524081.0,5524082.0,0.27363999
1787342400,5527769.0,5527769.0,5527769.0,5527769.0,0.00450398
1787346000,5527769.0,5527769.0,5527769.0,5527769.0,0.0
1787349600,5523919.0,5523919.0,5523919.0,5523919.0,0.01802886
1787353200,5552223.0,5552223.0,5522497.0,5522497.0,0.00737347
1787356800,5552223.0,5552223.0,5524453.0,5529433.0,0.63171271
1787360400,5532456.0,5532456.0,5522223.0,5522223.0,0.04077431
1787364000,5522223.0,5528544.0,5522223.0,5522223.0,0.05207309
1787367600,5522223.0,5522223.0,5522223.0,5522223.0,0.1076513
1787371200,5522223.0,5552223.0,5498927.0,5498927.0,0.04031372
1787374800,5498927.0,5498927.0,5478934.0,5498486.0,0.57933838
1787378400,5510758.0,5515027.0,5460008.0,5515027.0,0.74385165
1787382000,5460008.0,5518406.0,5460006.0,5518406.0,0.005373
1787385600,5512537.0,5552223.0,5512537.0,5552223.0,0.00536931
1787389200,5511825.0,5552223.0,5460006.0,5552223.0,0.01171798
1787392800,5460006.0,5552223.0,5460006.0,5552223.0,0.05964437
1787396400,5460006.0,5460006.0,5450003.0,5450003.0,0.03274501
1787400000,5515738.0,5517695.0,5450000.0,5517695.0,0.50679207
1787403600,5450000.0,5450000.0,5450000.0,5450000.0,0.61238044
1787407200,5552223.0,5552223.0,5520718.0,5520718.0,0.01669247
1787410800,5522674.0,5522674.0,5522674.0,5522674.0,0.0124663
1787414400,5524453.0,5524453.0,5450000.0,5521429.0,0.08034418
1787418000,5521429.0,5521429.0,5521429.0,5521429.0,0.0
1787421600,5450000.0,5450000.0,5450000.0,5450000.0,0.0054625
1787425200,5552223.0,5552223.0,5450000.0,5450000.0,0.02464657
1787428800,5552223.0,5700000.0,5552223.0,5700000.0,0.36987576
1787432400,5513426.0,5513426.0,5513426.0,5513426.0,0.01625686
1787436000,5450000.0,5520007.0,5450000.0,5520007.0,0.01906319
1787439600,5450000.0,5450000.0,5450000.0,5450000.0,0.00447799
1787443200,5522852.0,5522852.0,5522852.0,5522852.0,0.00180323
1787446800,5525342.0,5528544.0,5525342.0,5528544.0,0.10554307
1787450400,5450004.0,5700000.0,5450004.0,5530678.0,0.03467092
1787454000,5528188.0,5529966.0,5450004.0,5450004.0,0.04738966
1787457600,5699999.0,5699999.0,5450004.0,5512893.0,0.02683748
1787461200,5699999.0,5699999.0,5517872.0,5517872.0,0.02050679
1787464800,5512715.0,5513604.0,5450005.0,5513604.0,0.21812698
1787468400,5450005.0,5450005.0,5450003.0,5450003.0,0.02076505
1787472000,5450003.0,5450004.0,5450003.0,5450004.0,0.00902096
1787475600,5450003.0,5699998.0,5450003.0,5527654.0,0.02029042
1787479200,5500000.0,5699998.0,5500000.0,5699998.0,0.014367
1787482800,5536901.0,5536902.0,5500000.0,5536902.0,0.04054076
1787486400,5532278.0,5532278.0,5532278.0,5532278.0,0.00360032
1787490000,5500000.0,5536902.0,5500000.0,5500000.0,0.03219734
1787493600,5500000.0,5539926.0,5500000.0,5500000.0,0.05035775
1787497200,5500000.0,5500000.0,5500000.0,5500000.0,0.00439963
1787500800,5500000.0,5534413.0,5500000.0,5534413.0,0.03537837
1787504400,5500000.0,5500000.0,5500000.0,5500000.0,0.00672808
1787508000,5500000.0,5500000.0,5500000.0,5500000.0,0.0
1787511600,5532990.0,5532990.0,5532990.0,5532990.0,0.00268227
1787515200,5528899.0,5528899.0,5528899.0,5528899.0,0.00203874
1787518800,5500000.0,5500000.0,5500000.0,5500000.0,0.01761773
1787522400,5537436.0,5537436.0,5500000.0,5500000.0,0.05792589
1787526000,5500000.0,5500000.0,5500000.0,5500000.0,0.0
1787529600,5520587.0,5528576.0,5520587.0,5528576.0,0.01050373
1787533200,5500000.0,5500000.0,5500000.0,5500000.0,0.09147709
1787536800,5500000.0,5500000.0,5500000.0,5500000.0,0.0
1787540400,5500000.0,5537436.0,5500000.0,5537436.0,0.02606246
1787544000,5537436.0,5547075.0,5500000.0,5500000.0,0.36226715
1787547600,5538861.0,5541415.0,5538861.0,5541415.0,0.00749124
1787551200,5500000.0,5500000.0,5500000.0,5500000.0,0.00196781
1787554800,5500000.0,5500000.0,5500000.0,5500000.0,0.00705737
1787558400,5625520.0,5699998.0,5625520.0,5699998.0,0.01819433
1787562000,5500000.0,5500000.0,5500000.0,5500000.0,0.01432807
1787565600,5500000.0,5500000.0,5500000.0,5500000.0,0.0
1787569200,5560417.0,5560417.0,5549345.0,5549345.0,0.01117388
1787572800,5562362.0,5562362.0,5500001.0,5500001.0,0.01773529
1787576400,5567231.0,5699985.0,5500006.0,5577381.0,0.04914578
1787580000,5597126.0,5597126.0,5519096.0,5519096.0,0.09296103
1787583600,5527241.0,5527241.0,5527241.0,5527241.0,0.00364087
1787587200,5527241.0,5583779.0,5500000.0,5523249.0,0.37886869
1787590800,5595091.0,5595091.0,5595091.0,5595091.0,0.00532413
1787594400,5508989.0,5508989.0,5508989.0,5508989.0,0.02342003
1787598000,5508989.0,5508989.0,5508989.0,5508989.0,0.0
1787601600,5503000.0,5503000.0,5500000.0,5500000.0,0.0115099
1787605200,5699983.0,5699983.0,5699983.0,5699983.0,0.00174719
1787608800,5500005.0,5500005.0,5500005.0,5500005.0,0.00256127
1787612400,5500005.0,5500005.0,5500004.0,5500004.0,0.02959479
1787616000,5500000.0,5500000.0,5500000.0,5500000.0,0.0072302
1787619600,5568945.0,5568945.0,5500000.0,5568945.0,0.04268432
1787623200,5568945.0,5568945.0,5500000.0,5500000.0,0.00478638
1787626800,5500000.0,5532507.0,5500000.0,5532507.0,0.27780807
1787630400,5532976.0,5550000.0,5532976.0,5550000.0,0.51191344
1787634000,5550000.0,5550000.0,5550000.0,5550000.0,0.0
1787637600,5500000.0,5500000.0,5500000.0,5500000.0,0.3659089
1787641200,5500000.0,5500000.0,5450001.0,5450001.0,0.32938254
1787644800,5548883.0,5548883.0,5464074.0,5464074.0,0.00715134
1787648400,5544276.0,5544276.0,5468174.0,5468174.0,0.00993647
1787652000,5536259.0,5536259.0,5536259.0,5536259.0,0.00179886
1787655600,5473472.0,5473472.0,5469725.0,5469745.0,0.34913279
1787659200,5471832.0,5538537.0,5471832.0,5471832.0,0.01511485
1787662800,5540861.0,5555982.0,5477367.0,5549456.0,0.03398146
1787666400,5549456.0,5549456.0,5549456.0,5549456.0,0.0
1787670000,5518122.0,5518122.0,5471832.0,5518111.0,0.03133309
1787673600,5471832.0,5649999.0,5469745.0,5649999.0,0.09143012
1787677200,5534479.0,5534479.0,5534479.0,5534479.0,0.00262517
1787680800,5469745.0,5531020.0,5469745.0,5531020.0,0.46864383
1787684400,5524348.0,5524348.0,5524348.0,5524348.0,0.00180274
1787688000,5524348.0,5524348.0,5524348.0,5524348.0,0.0
1787691600,5500000.0,5500000.0,5500000.0,5500000.0,0.00694445
1787695200,5532129.0,5539151.0,5532129.0,5539151.0,0.27155561
1787698800,5539151.0,5539151.0,5539151.0,5539151.0,0.0
1787702400,5539151.0,5539151.0,5539151.0,5539151.0,0.0
1787706000,5524357.0,5524357.0,5500000.0,5518443.0,0.0191688
1787709600,5500000.0,5521562.0,5500000.0,5500000.0,0.04127317
1787713200,5500000.0,5650000.0,5500000.0,5533730.0,0.18641378
1787716800,5532251.0,5532251.0,5532251.0,5532251.0,0.00263292
1787720400,5500000.0,5640000.0,5500000.0,5500000.0,0.19987451
1787724000,5500000.0,5500000.0,5500000.0,5500000.0,0.01898412
1787727600,5500000.0,5640000.0,5500000.0,5640000.0,0.00656611
1787731200,5500000.0,5640000.0,5500000.0,5500000.0,0.01152477
1787734800,5500000.0,5545358.0,5500000.0,5545358.0,0.02502033
1787738400,5541317.0,5541317.0,5538471.0,5538471.0,0.0458904
1787742000,5538471.0,5640000.0,5538471.0,5640000.0,0.17711039
1787745600,5640000.0,5640000.0,5640000.0,5640000.0,0.00176578
1787749200,5500000.0,5571829.0,5500000.0,5571829.0,0.54271905
1787752800,5515929.0,5515929.0,5515929.0,5515929.0,0.00222356
1787756400,5515929.0,5515929.0,5515929.0,5515929.0,0.0
1787760000,5591766.0,5611707.0,5591766.0,5611707.0,0.0052726
1787763600,5524123.0,5524123.0,5524123.0,5524123.0,0.00309308
1787767200,5601707.0,5640000.0,5601707.0,5640000.0,0.02471355
1787770800,5639920.0,5639999.0,5558942.0,5560007.0,0.13794882
1787774400,5615992.0,5615992.0,5615992.0,5615992.0,0.01830184
1787778000,5615992.0,5615992.0,5615992.0,5615992.0,0.0
1787781600,5615992.0,5615992.0,5615992.0,5615992.0,0.0
1787785200,5580079.0,5582243.0,5501773.0,5501773.0,0.0149205
1787788800,5501773.0,5501773.0,5501773.0,5501773.0,0.0
1787792400,5570815.0,5570815.0,5570280.0,5570280.0,0.00465199
1787796000,5565280.0,5565280.0,5506352.0,5506352.0,0.034185
1787799600,5506356.0,5507356.0,5506356.0,5507356.0,0.00443412
1787803200,5506353.0,5572954.0,5506353.0,5572954.0,0.00422635
1787806800,5570815.0,5570815.0,5570815.0,5570815.0,0.0017877
1787810400,5570815.0,5570815.0,5570815.0,5570815.0,0.0
1787814000,5565101.0,5565101.0,5506352.0,5506352.0,0.04011814
1787817600,5567958.0,5567958.0,5567958.0,5567958.0,0.01019512
1787821200,5557959.0,5557959.0,5557959.0,5557959.0,0.00231343
1787824800,5639999.0,6000000.0,5507500.0,5507507.0,3.1989442
1787828400,5507508.0,5563138.0,5506352.0,5563138.0,0.21759024
1787832000,5506370.0,5506370.0,5506368.0,5506368.0,0.00885651
1787835600,5506368.0,5506368.0,5506368.0,5506368.0,0.0
1787839200,5557603.0,5558495.0,5506406.0,5558495.0,0.01383004
1787842800,5625635.0,5630099.0,5557886.0,5557886.0,0.01907422
1787846400,5557901.0,5557911.0,5557901.0,5557911.0,0.02209788
1787850000,5627560.0,5627560.0,5561756.0,5561756.0,0.01236517
1787853600,5626526.0,5626526.0,5626526.0,5626526.0,0.00521796
1787857200,5617941.0,5617941.0,5558429.0,5558429.0,0.1015738
1787860800,5558433.0,5558433.0,5558433.0,5558433.0,0.00518599
1787864400,5622411.0,5625814.0,5622411.0,5625814.0,0.0532186
1787868000,5625814.0,5625814.0,5625814.0,5625814.0,0.0
1787871600,5558433.0,5630635.0,5558433.0,5630635.0,0.00746257
1787875200,5558781.0,5630631.0,5558781.0,5630631.0,0.01334337
1787878800,5558441.0,5630631.0,5558441.0,5630631.0,0.01963278
1787882400,5561952.0,5630631.0,5561952.0,5630631.0,0.00533618
1787886000,5630631.0,5630635.0,5630631.0,5630635.0,0.03297105
1787889600,5630635.0,5644920.0,5630635.0,5644920.0,0.02555861
1787893200,5650273.0,5650273.0,5568268.0,5568268.0,0.00733345
1787896800,5566339.0,5654204.0,5565278.0,5570024.0,0.01077358
1787900400,5657597.0,5749999.0,5573734.0,5749999.0,1.63593529
1787904000,5646523.0,5646523.0,5573774.0,5573794.0,0.0192013
1787907600,5646705.0,5749999.0,5643844.0,5749999.0,0.01070284
1787911200,5647773.0,5647773.0,5573773.0,5573773.0,0.04046942
1787914800,5573777.0,5646349.0,5573777.0,5646349.0,0.35514146
1787918400,5582000.0,5661347.0,5578998.0,5578998.0,0.23368803
1787922000,5653307.0,5653307.0,5653307.0,5653307.0,0.00176162
1787925600,5591151.0,5591151.0,5591151.0,5591151.0,0.00548304
1787929200,5725229.0,5749974.0,5725229.0,5749974.0,0.01007791
1787932800,5749904.0,5749904.0,5663089.0,5741655.0,0.12052956
1787936400,5671208.0,5671208.0,5663078.0,5663082.0,1.59618182
1787940000,5663078.0,5663078.0,5663078.0,5663078.0,0.06777392
1787943600,5714529.0,5714529.0,5663082.0,5663082.0,0.05533433
1787947200,5721449.0,5721449.0,5721449.0,5721449.0,0.00365536
1787950800,5723553.0,5723553.0,5663088.0,5663088.0,0.01427872
1787954400,5725630.0,5726524.0,5663112.0,5663112.0,0.01634103
1787958000,5728473.0,5728474.0,5728473.0,5728473.0,0.0162846
1787961600,5741676.0,5741676.0,5730069.0,5730272.0,0.0146964
1787965200,5730075.0,5730075.0,5663078.0,5663082.0,0.21389432
1787968800,5726151.0,5730047.0,5667143.0,5730042.0,0.02386963
1787972400,5665922.0,5730042.0,5414414.0,5414414.0,2.64813964
1787976000,5730038.0,5730038.0,5659382.0,5659382.0,0.04973025
1787979600,5659382.0,5661493.0,5659382.0,5661141.0,0.02038294
1787983200,5730032.0,5730032.0,5661151.0,5661161.0,0.01948084
1787986800,5730033.0,5730033.0,5730033.0,5730033.0,0.00603748
1787990400,5730033.0,5730033.0,5730033.0,5730033.0,0.0
1787994000,5730028.0,5730029.0,5668003.0,5730028.0,0.00825231
1787997600,5665197.0,5665197.0,5662030.0,5662030.0,0.06630832
1788001200,5730028.0,5730028.0,5661866.0,5729993.0,0.01938455
1788004800,5730028.0,5730029.0,5661860.0,5661881.0,0.02637888
1788008400,5725273.0,5730051.0,5725244.0,5730051.0,1.62757357
1788012000,5746700.0,5746700.0,5661876.0,5738844.0,0.0101636
1788015600,5738309.0,5738309.0,5661880.0,5735809.0,0.02937904
1788019200,5661876.0,5739559.0,5650235.0,5739555.0,0.50907205
1788022800,5737948.0,5741697.0,5652537.0,5741697.0,0.01289221
1788026400,5743662.0,5746696.0,5735273.0,5735273.0,0.0257477
1788030000,5746700.0,5749999.0,5656764.0,5656764.0,0.04105493
1788033600,5737768.0,5737768.0,5737768.0,5737768.0,0.01772274
1788037200,5737768.0,5737768.0,5737768.0,5737768.0,0.0
1788040800,5737768.0,5737768.0,5737768.0,5737768.0,0.0
1788044400,5656789.0,5656789.0,5656789.0,5656789.0,0.00347706
1788048000,5656789.0,5656789.0,5656789.0,5656789.0,0.00190976
1788051600,5656789.0,5656789.0,5656789.0,5656789.0,0.0
1788055200,5730442.0,5730442.0,5656804.0,5656809.0,0.3752716
1788058800,5730007.0,5730007.0,5659904.0,5659904.0,0.0044035
1788062400,5659904.0,5659904.0,5659904.0,5659904.0,0.0
1788066000,5699996.0,5730007.0,5659904.0,5659904.0,0.44312632
1788069600,5730007.0,5737768.0,5730007.0,5736344.0,0.43699082
1788073200,5730066.0,5737768.0,5730066.0,5737594.0,0.01913649
1788076800,5737594.0,5737594.0,5737594.0,5737594.0,0.0
1788080400,5659904.0,5659904.0,5659392.0,5659392.0,0.17974558
1788084000,5737767.0,5737768.0,5656799.0,5656799.0,0.06386226
1788087600,5737767.0,5737767.0,5656829.0,5656834.0,0.05787448
1788091200,5737067.0,5737768.0,5672948.0,5737768.0,0.03622479
1788094800,5737767.0,5737767.0,5660106.0,5660106.0,0.06061707
1788098400,5660267.0,5737767.0,5660267.0,5663434.0,0.02659912
1788102000,5730767.0,5730767.0,5730767.0,5730767.0,0.00221924
1788105600,5665188.0,5737063.0,5665187.0,5737063.0,0.43041188
1788109200,5737063.0,5737063.0,5737063.0,5737063.0,0.0
1788112800,5667474.0,5737768.0,5667474.0,5667474.0,0.01935167
1788116400,5737767.0,5737767.0,5667478.0,5737767.0,0.00829047
1788120000,5737767.0,5737768.0,5737767.0,5737768.0,0.01735692
1788123600,5737768.0,5737768.0,5737768.0,5737768.0,0.0
1788127200,5737768.0,5737768.0,5737768.0,5737768.0,0.0
1788130800,5727768.0,5727768.0,5664659.0,5664659.0,0.0137116
1788134400,5664663.0,5737768.0,5664663.0,5664667.0,0.03030893
1788138000,5737768.0,5737768.0,5664672.0,5664672.0,0.04018692
1788141600,5737768.0,5737768.0,5737768.0,5737768.0,0.00777462
1788145200,5664672.0,5664672.0,5664672.0,5664672.0,0.02499792
1788148800,5664672.0,5737764.0,5664672.0,5664672.0,0.0164575
1788152400,5664672.0,5664672.0,5664672.0,5664672.0,0.0
1788156000,5664672.0,5664672.0,5664663.0,5664663.0,0.0234792
1788159600,5737759.0,5737763.0,5660096.0,5737763.0,0.01058164
1788163200,5737763.0,5737763.0,5737763.0,5737763.0,0.0
1788166800,5660098.0,5737763.0,5660098.0,5737763.0,0.10034226
1788170400,5660100.0,5737759.0,5660100.0,5737759.0,0.03170951
1788174000,5737763.0,5737763.0,5737763.0,5737763.0,0.00179251
1788177600,5737763.0,5737763.0,5737763.0,5737763.0,0.0
1788181200,5737755.0,5737755.0,5660099.0,5660099.0,0.00516602
1788184800,5660099.0,5660099.0,5571594.0,5571594.0,0.27784989
1788188400,5737755.0,5737758.0,5560373.0,5737748.0,0.38824431
1788192000,5737748.0,5737753.0,5550006.0,5550006.0,0.10380597
1788195600,5737752.0,5737753.0,5550011.0,5737752.0,0.00911944
1788199200,5737752.0,5737753.0,5737752.0,5737753.0,0.00347138
1788202800,5737753.0,5737753.0,5737753.0,5737753.0,0.05890667
1788206400,5737753.0,5737753.0,5737753.0,5737753.0,0.0
1788210000,5737753.0,5737753.0,5737753.0,5737753.0,0.0
1788213600,5737758.0,5737758.0,5737758.0,5737758.0,0.0018664
1788217200,5737758.0,5737758.0,5737758.0,5737758.0,0.00324482
1788220800,5737758.0,5737758.0,5737758.0,5737758.0,0.0
1788224400,5737750.0,5737758.0,5550803.0,5737758.0,0.0126701
1788228000,5737759.0,5737759.0,5550989.0,5550989.0,0.0173515
1788231600,5550994.0,5737758.0,5550994.0,5737758.0,0.20903215
1788235200,5737758.0,5737758.0,5737758.0,5737758.0,0.00763694
1788238800,5551272.0,5737754.0,5551272.0,5737754.0,0.01225395
1788242400,5551326.0,5551326.0,5551326.0,5551326.0,0.0022881
1788246000,5737753.0,5737754.0,5737753.0,5737754.0,0.00689468
1788249600,5737754.0,5737754.0,5737754.0,5737754.0,0.0
1788253200,5551713.0,5737754.0,5551713.0,5551784.0,0.28346268
1788256800,5737753.0,5737753.0,5737753.0,5737753.0,0.00440067
1788260400,5551895.0,5737758.0,5551895.0,5737758.0,0.02930838
1788264000,5737756.0,5737757.0,5737756.0,5737757.0,0.03565539
1788267600,5737758.0,5737758.0,5737758.0,5737758.0,0.00445469
1788271200,5737759.0,5737759.0,5737759.0,5737759.0,0.01121552
1788274800,5737759.0,5737759.0,5552264.0,5737757.0,0.10334103
1788278400,5552444.0,5552464.0,5552444.0,5552464.0,0.00977637
1788282000,5737757.0,5737759.0,5552564.0,5552564.0,0.02194916
1788285600,5737759.0,5737759.0,5552584.0,5737758.0,0.01384667
1788289200,5737758.0,5737758.0,5737758.0,5737758.0,0.0
1788292800,5737758.0,5737758.0,5737758.0,5737758.0,0.0
1788296400,5552656.0,5552656.0,5552656.0,5552656.0,0.00790936
1788300000,5552656.0,5552656.0,5552656.0,5552656.0,0.0
1788303600,5737758.0,5737759.0,5737758.0,5737759.0,0.01678355
1788307200,5737759.0,5737759.0,5737756.0,5737756.0,0.02070599
1788310800,5737755.0,5750000.0,5737755.0,5749000.0,0.39111651
1788314400,5749000.0,5749000.0,5552790.0,5552790.0,0.02376933
1788318000,5749000.0,5749000.0,5749000.0,5749000.0,0.01503843
1788321600,5749000.0,5749000.0,5749000.0,5749000.0,0.02410888
1788325200,5749000.0,5749000.0,5749000.0,5749000.0,0.01050565
1788328800,5749000.0,5749000.0,5552805.0,5552805.0,0.01993843
1788332400,5552812.0,5748996.0,5552812.0,5748996.0,0.02335767
1788336000,5749000.0,5749000.0,5749000.0,5749000.0,0.00236388
1788339600,5552825.0,5749000.0,5552825.0,5749000.0,0.01273454
1788343200,5552828.0,5552828.0,5552828.0,5552828.0,0.00264776
1788346800,5749000.0,5832748.0,5552865.0,5832748.0,1.05730486
1788350400,5832748.0,5844792.0,5552868.0,5552868.0,0.01663601
1788354000,5757053.0,5850000.0,5757053.0,5850000.0,0.01679318
1788357600,5758223.0,5758223.0,5758223.0,5758223.0,0.01875403
1788361200,5555508.0,5758223.0,5555507.0,5758223.0,0.0323916
1788364800,5758223.0,5944998.0,5575083.0,5944967.0,0.05051204
1788368400,5944965.0,5944994.0,5575197.0,5575197.0,0.04391095
1788372000,5575233.0,5575233.0,5575233.0,5575233.0,0.00404844
1788375600,5575233.0,5575233.0,5575233.0,5575233.0,0.0
1788379200,5944740.0,5945000.0,5575783.0,5575783.0,0.67127866
1788382800,5575783.0,5575783.0,5575783.0,5575783.0,0.0
1788386400,5575783.0,5575783.0,5575783.0,5575783.0,0.0
1788390000,5577209.0,5944996.0,5577209.0,5944996.0,0.02502039
1788393600,5944999.0,5945000.0,5577356.0,5577356.0,0.0141978
1788397200,5944996.0,5944996.0,5944996.0,5944996.0,0.00329167
1788400800,5779459.0,5779459.0,5679459.0,5679459.0,0.00867848
1788404400,5944992.0,5944999.0,5944992.0,5944999.0,0.02180976
1788408000,5739504.0,5944970.0,5575370.0,5944970.0,0.67079437
1788411600,5944879.0,5944879.0,5749508.0,5749508.0,0.0364176
1788415200,5944843.0,5944874.0,5555000.0,5555025.0,2.00504262
1788418800,5555035.0,5944803.0,5555020.0,5555025.0,0.02809893
1788422400,5555059.0,5555059.0,5555058.0,5555058.0,0.01232357
1788426000,5555127.0,5555127.0,5555126.0,5555126.0,0.01811371
1788429600,5741106.0,5746249.0,5731797.0,5746249.0,0.04788734
1788433200,5746249.0,5772451.0,5746249.0,5772451.0,0.00959459
1788436800,5555153.0,5773220.0,5555152.0,5555214.0,0.14068186
1788440400,5555234.0,5807820.0,5555234.0,5807820.0,0.01557546
1788444000,5555386.0,5777960.0,5555385.0,5777960.0,0.01493308
1788447600,5816578.0,5867433.0,5555523.0,5802960.0,0.134668
1788451200,5555590.0,5853505.0,5555590.0,5853505.0,0.19092694
1788454800,5778287.0,5778287.0,5555775.0,5585018.0,0.10234565
1788458400,5585018.0,5795335.0,5585018.0,5795335.0,0.16800836
1788462000,5555878.0,5795278.0,5555878.0,5795278.0,0.01654679
1788465600,5556034.0,5774018.0,5556033.0,5556146.0,0.01500288
1788469200,5773720.0,5773720.0,5773654.0,5773654.0,0.01135632
1788472800,5556303.0,5773636.0,5556301.0,5773636.0,0.02510486
1788476400,5944818.0,5944818.0,5944818.0,5944818.0,0.00172149
1788480000,5556897.0,5773877.0,5556888.0,5773762.0,0.0378447
1788483600,5774937.0,5774937.0,5774937.0,5774937.0,0.00172452
1788487200,5774340.0,5774340.0,5557064.0,5774312.0,0.04201934
1788490800,5774994.0,5775000.0,5557449.0,5775000.0,0.11580137
1788494400,5775000.0,5950000.0,5557933.0,5950000.0,1.73992277
1788498000,5558319.0,5949999.0,5558319.0,5949999.0,0.00751576
1788501600,5560167.0,5975000.0,5560167.0,5587014.0,0.34550197
1788505200,5974996.0,5974999.0,5974996.0,5974997.0,0.00533355
1788508800,5974997.0,5974997.0,5974997.0,5974997.0,0.0
1788512400,5588373.0,5588373.0,5588372.0,5588372.0,0.01800595
1788516000,5737038.0,5744628.0,5737038.0,5744628.0,0.00616122
1788519600,5600200.0,5974994.0,5600198.0,5974984.0,0.03022207
1788523200,5600246.0,5752377.0,5600246.0,5600310.0,0.01890433
1788526800,5974967.0,5974984.0,5731970.0,5974984.0,0.09507713
1788530400,5605171.0,5605171.0,5605171.0,5605171.0,0.00848951
1788534000,5605226.0,5605226.0,5605225.0,5605225.0,0.08975456
1788537600,5974951.0,5974951.0,5974900.0,5974900.0,0.01143028
1788541200,5974924.0,5974928.0,5610121.0,5610160.0,0.00928655
1788544800,5974930.0,5974930.0,5974930.0,5974930.0,0.00333359
1788548400,5974930.0,5974930.0,5974930.0,5974930.0,0.0
1788552000,5969991.0,5969992.0,5610577.0,5650000.0,0.06527027
1788555600,5650000.0,5650000.0,5650000.0,5650000.0,0.0
1788559200,5969996.0,5970000.0,5969996.0,5970000.0,0.16084776
1788562800,5760009.0,5760009.0,5650006.0,5650006.0,0.03449021
1788566400,5959996.0,5969999.0,5650000.0,5650000.0,0.38880918
1788570000,5650005.0,5809972.0,5650005.0,5809972.0,0.01268949
1788573600,5809972.0,5809972.0,5650014.0,5650014.0,0.022961
1788577200,5809972.0,5969986.0,5650016.0,5969986.0,0.02407279
1788580800,5650024.0,5969974.0,5650010.0,5969974.0,0.18205332
1788584400,5969974.0,5969974.0,5969974.0,5969974.0,0.0
1788588000,5759959.0,5769952.0,5660001.0,5759958.0,0.02927534
1788591600,5759958.0,5769962.0,5749952.0,5769962.0,0.091725
1788595200,5769962.0,5899999.0,5660274.0,5899996.0,0.0526236
1788598800,5899996.0,5899996.0,5899996.0,5899996.0,0.0042283
1788602400,5660004.0,5892995.0,5660001.0,5892995.0,0.04165402
1788606000,5892998.0,5892998.0,5892987.0,5892987.0,0.00683047
1788609600,5792984.0,5892991.0,5792984.0,5892991.0,0.03502396
1788613200,5892990.0,5892990.0,5660001.0,5660001.0,0.10858354
1788616800,5892982.0,5975000.0,5665004.0,5665004.0,2.12046252
1788620400,5974987.0,5974989.0,5665101.0,5974989.0,0.01647536
1788624000,5974989.0,5974989.0,5974989.0,5974989.0,0.0
1788627600,5940969.0,5940978.0,5665102.0,5665107.0,0.02670073
1788631200,5665109.0,5665109.0,5665109.0,5665109.0,0.00759432
1788634800,5940974.0,5940978.0,5940974.0,5940978.0,0.01719195
1788638400,5940978.0,5940978.0,5940978.0,5940978.0,0.0
1788642000,5670002.0,5670002.0,5670002.0,5670002.0,0.00255409
1788645600,5940968.0,5940971.0,5670056.0,5670056.0,0.01901953
1788649200,5940968.0,5940984.0,5670405.0,5670405.0,0.05151175
1788652800,5940983.0,5940984.0,5940983.0,5940984.0,0.03526974
1788656400,5940984.0,5940984.0,5671032.0,5671032.0,0.20111991
1788660000,5940980.0,5940983.0,5671038.0,5671038.0,0.00749073
1788663600,5940978.0,5940981.0,5682002.0,5682002.0,0.00588094
1788667200,5940978.0,5940984.0,5680076.0,5940984.0,0.04579188
1788670800,5940984.0,5940984.0,5680044.0,5940984.0,0.1983858
1788674400,5940984.0,5940984.0,5680108.0,5680108.0,0.04615956
1788678000,5940982.0,5940984.0,5691377.0,5691377.0,0.01548194
1788681600,5691599.0,5940983.0,5691377.0,5940983.0,0.04246902
1788685200,5940983.0,5940984.0,5691000.0,5691000.0,0.19931721
1788688800,5929990.0,5929990.0,5929990.0,5929990.0,0.00595987
1788692400,5691004.0,5929997.0,5691004.0,5929997.0,0.01438914
1788696000,5691011.0,5929994.0,5691010.0,5691016.0,0.03386138
1788699600,5929988.0,5930000.0,5691065.0,5930000.0,0.13066151
1788703200,5696212.0,5929998.0,5696212.0,5929998.0,0.00615352
1788706800,5929998.0,5930000.0,5696300.0,5929990.0,0.12185665
1788710400,5696304.0,5940984.0,5696304.0,5940982.0,0.05221355
1788714000,5940984.0,5940984.0,5940974.0,5940974.0,0.03052995
1788717600,5696402.0,5696402.0,5696304.0,5696304.0,0.04722695
1788721200,5940942.0,5940942.0,5940942.0,5940942.0,0.00167633
1788724800,5940952.0,5940958.0,5940952.0,5940958.0,0.01342006
1788728400,5940958.0,5940958.0,5940958.0,5940958.0,0.0
1788732000,5940931.0,5940931.0,5696310.0,5696310.0,0.00880175
1788735600,5696310.0,5696310.0,5696310.0,5696310.0,0.0
1788739200,5939974.0,5939974.0,5696312.0,5696312.0,0.02637453
1788742800,5696312.0,5696312.0,5696312.0,5696312.0,0.0
1788746400,5696316.0,5940934.0,5696316.0,5940934.0,0.01246334
1788750000,5940941.0,5940941.0,5696321.0,5696321.0,0.0227232
1788753600,5940922.0,5940922.0,5940922.0,5940922.0,0.00223904
1788757200,5940922.0,5940922.0,5940922.0,5940922.0,0.0
1788760800,5697002.0,5940934.0,5697000.0,5697000.0,0.17332883
1788764400,5940927.0,5940932.0,5940927.0,5940932.0,0.01038355
1788768000,5697006.0,5940936.0,5697004.0,5940932.0,0.03643264
1788771600,5697008.0,5940879.0,5697008.0,5697067.0,0.01814301
1788775200,5697125.0,5697205.0,5697125.0,5697205.0,0.00394802
1788778800,5939991.0,5939992.0,5939991.0,5939992.0,0.01801483
1788782400,5939992.0,5940000.0,5939992.0,5940000.0,0.08882542
1788786000,5698241.0,5940941.0,5698241.0,5940926.0,0.18197536
1788789600,5698492.0,5940933.0,5698492.0,5698999.0,0.01078041
1788793200,5940938.0,5940938.0,5698999.0,5698999.0,0.04643649
1788796800,5699002.0,5699002.0,5699000.0,5699000.0,0.01465773
1788800400,5940929.0,5940929.0,5699002.0,5699004.0,0.03803079
1788804000,5940926.0,5940958.0,5699101.0,5699101.0,0.05169429
1788807600,5699101.0,5699101.0,5699101.0,5699101.0,0.0
1788811200,5699101.0,5699101.0,5699101.0,5699101.0,0.0
1788814800,5699101.0,5699101.0,5699101.0,5699101.0,0.00260563
1788818400,5699101.0,5940951.0,5699101.0,5940951.0,0.01364652
1788822000,5940947.0,5940947.0,5940920.0,5940920.0,0.01061699
1788825600,5699114.0,5940955.0,5680044.0,5938997.0,2.1005171
1788829200,5680045.0,5950000.0,4830736.0,5200000.0,6.96167538
1788832800,5949988.0,5949988.0,5245008.0,5949976.0,0.07802652
1788836400,5949966.0,5949969.0,5949966.0,5949968.0,0.03279495
1788840000,5949960.0,5949968.0,5949960.0,5949968.0,0.00890341
1788843600,5405077.0,5944999.0,5405071.0,5944999.0,0.10733517
1788847200,5405236.0,5405236.0,5405236.0,5405236.0,0.01835856
1788850800,5947974.0,5947980.0,5420187.0,5420187.0,0.14716343
1788854400,5945999.0,5945999.0,5945987.0,5945996.0,0.34697023
1788858000,5945990.0,5945990.0,5720290.0,5720290.0,0.01340473
1788861600,5820291.0,5945984.0,5620287.0,5620287.0,0.02367777
1788865200,5650002.0,5945982.0,5650000.0,5945982.0,0.1165343
1788868800,5944988.0,5945982.0,5944988.0,5945982.0,0.09593015
1788872400,5670038.0,5945977.0,5415008.0,5945972.0,1.03985003
1788876000,5945970.0,5945974.0,5450266.0,5450298.0,0.31233619
1788879600,5945972.0,5945972.0,5500175.0,5500176.0,0.02228993
1788883200,5945950.0,5945967.0,5515050.0,5515050.0,0.10108431
1788886800,5945958.0,5945962.0,5515430.0,5515430.0,0.02613853
1788890400,5515430.0,5515430.0,5515430.0,5515430.0,0.0
1788894000,5944996.0,5944996.0,5944996.0,5944996.0,0.01319983
1788897600,5944996.0,5944996.0,5944996.0,5944996.0,0.0
1788901200,5566767.0,5944995.0,5566767.0,5599064.0,0.03851252
1788904800,5599064.0,5600002.0,5599064.0,5600001.0,0.15793784
1788908400,5944991.0,5944991.0,5944991.0,5944991.0,0.00349857
1788912000,5944940.0,5944990.0,5944939.0,5944988.0,0.09974409
1788915600,5600030.0,5600030.0,5600030.0,5600030.0,0.01678259
1788919200,5944986.0,5944988.0,5660029.0,5700002.0,0.03727087
1788922800,5700002.0,5919982.0,5650002.0,5899998.0,0.64367227
1788926400,5899998.0,5899998.0,5899998.0,5899998.0,0.0
1788930000,5899998.0,5899998.0,5650004.0,5650004.0,0.04385706
1788933600,5650075.0,5650075.0,5650075.0,5650075.0,0.00869466
1788937200,5650004.0,5944988.0,5600005.0,5600005.0,0.62169713
1788940800,5944983.0,5944984.0,5600000.0,5600000.0,1.42270853
1788944400,5600000.0,5884999.0,5600000.0,5824968.0,0.01008507
1788948000,5566050.0,5820957.0,5566050.0,5820937.0,0.0108705
1788951600,5820953.0,5820953.0,5566050.0,5566050.0,0.03873484
1788955200,5819996.0,5819996.0,5819996.0,5819996.0,0.01113762
1788958800,5819990.0,5819996.0,5819990.0,5819996.0,0.08555885
