ts,open,high,low,close,volume
1776130200,4492787.0,4502868.0,4492501.0,4502868.0,0.31
1776131100,4502868.0,4502868.0,4502868.0,4502868.0,0.0
1776132000,4502559.0,4504614.0,4502559.0,4502667.0,0.3
1776132900,4506406.0,4506406.0,4506406.0,4506406.0,0.1
1776133800,4506712.0,4507821.0,4506712.0,4507821.0,0.2
1776134700,4507821.0,4507821.0,4507821.0,4507821.0,0.0
1776135600,4507821.0,4507821.0,4507821.0,4507821.0,0.0
1776136500,4507821.0,4507821.0,4507821.0,4507821.0,0.0
1776137400,4507821.0,4507821.0,4507821.0,4507821.0,0.0
1776138300,4507821.0,4507821.0,4507821.0,4507821.0,0.0
1776139200,4507821.0,4507821.0,4507821.0,4507821.0,0.0
1776140100,4507821.0,4507821.0,4507821.0,4507821.0,0.0
1776141000,4507821.0,4507821.0,4507821.0,4507821.0,0.0
1776141900,4507821.0,4507821.0,4507821.0,4507821.0,0.0
1776142800,4507821.0,4507821.0,4507821.0,4507821.0,0.0
1776143700,4507821.0,4507821.0,4507821.0,4507821.0,0.0
1776144600,4507821.0,4507821.0,4507821.0,4507821.0,0.0
1776145500,4507821.0,4507821.0,4507821.0,4507821.0,0.0
1776146400,4507821.0,4507821.0,4507821.0,4507821.0,0.0
1776147300,4507821.0,4507821.0,4507821.0,4507821.0,0.0
1776148200,4507821.0,4507821.0,4507821.0,4507821.0,0.0
1776149100,4507821.0,4507821.0,4507821.0,4507821.0,0.0
1776150000,4507821.0,4507821.0,4507821.0,4507821.0,0.0
1776150900,4507821.0,4507821.0,4507821.0,4507821.0,0.0
1776151800,4507821.0,4507821.0,4507821.0,4507821.0,0.0
1776152700,4507821.0,4507821.0,4507821.0,4507821.0,0.0
1776153600,4507821.0,4507821.0,4507821.0,4507821.0,0.0
1776154500,4507821.0,4507821.0,4507821.0,4507821.0,0.0
1776155400,4507821.0,4507821.0,4507821.0,4507821.0,0.0
1776156300,4507821.0,4507821.0,4507821.0,4507821.0,0.0
1776157200,4507821.0,4507821.0,4507821.0,4507821.0,0.0
1776158100,4507821.0,4507821.0,4507821.0,4507821.0,0.0
1776159000,4507821.0,4507821.0,4507821.0,4507821.0,0.0
1776159900,4507821.0,4507821.0,4507821.0,4507821.0,0.0
1776160800,4507821.0,4507821.0,4507821.0,4507821.0,0.0
1776161700,4507821.0,4507821.0,4507821.0,4507821.0,0.0
1776162600,4507821.0,4507821.0,4507821.0,4507821.0,0.0
1776163500,4507821.0,4507821.0,4507821.0,4507821.0,0.0
1776164400,4507821.0,4507821.0,4507821.0,4507821.0,0.0
1776165300,4507821.0,4507821.0,4507821.0,4507821.0,0.0
1776166200,4507821.0,4507821.0,4507821.0,4507821.0,0.0
1776167100,4507821.0,4507821.0,4507821.0,4507821.0,0.0
1776168000,4507821.0,4507821.0,4507821.0,4507821.0,0.0
1776168900,4507821.0,4507821.0,4507821.0,4507821.0,0.0
1776169800,4507821.0,4507821.0,4507821.0,4507821.0,0.0
1776170700,4507821.0,4507821.0,4507821.0,4507821.0,0.0
1776171600,4507821.0,4507821.0,4507821.0,4507821.0,0.0
1776172500,4507821.0,4507821.0,4507821.0,4507821.0,0.0
1776173400,4507821.0,4507821.0,4507821.0,4507821.0,0.0
1776174300,4507821.0,4507821.0,4507821.0,4507821.0,0.0
1776175200,4507821.0,4507821.0,4507821.0,4507821.0,0.0
1776176100,4507821.0,4507821.0,4507821.0,4507821.0,0.0
1776177000,4507821.0,4507821.0,4507821.0,4507821.0,0.0
1776177900,4507821.0,4507821.0,4507821.0,4507821.0,0.0
1776178800,4507821.0,4507821.0,4507821.0,4507821.0,0.0
1776179700,4507821.0,4507821.0,4507821.0,4507821.0,0.0
1776180600,4507821.0,4507821.0,4507821.0,4507821.0,0.0
1776181500,4507821.0,4507821.0,4507821.0,4507821.0,0.0
1776182400,4507821.0,4507821.0,4507821.0,4507821.0,0.0
1776183300,4507821.0,4507821.0,4507821.0,4507821.0,0.0
1776184200,4507821.0,4507821.0,4507821.0,4507821.0,0.0
1776185100,4507821.0,4507821.0,4507821.0,4507821.0,0.0
1776186000,4507821.0,4507821.0,4507821.0,4507821.0,0.0
1776186900,4507821.0,4507821.0,4507821.0,4507821.0,0.0
1776187800,4507821.0,4507821.0,4507821.0,4507821.0,0.0
1776188700,4507821.0,4507821.0,4507821.0,4507821.0,0.0
1776189600,4507821.0,4507821.0,4507821.0,4507821.0,0.0
1776190500,4507821.0,4507821.0,4507821.0,4507821.0,0.0
1776191400,4507821.0,4507821.0,4507821.0,4507821.0,0.0
1776192300,4507821.0,4507821.0,4507821.0,4507821.0,0.0
1776193200,4507821.0,4507821.0,4507821.0,4507821.0,0.0
1776194100,4507821.0,4507821.0,4507821.0,4507821.0,0.0
1776195000,4507821.0,4507821.0,4507821.0,4507821.0,0.0
1776195900,4507821.0,4507821.0,4507821.0,4507821.0,0.0
1776196800,4507821.0,4507821.0,4507821.0,4507821.0,0.0
1776197700,4507821.0,4507821.0,4507821.0,4507821.0,0.0
1776198600,4507821.0,4507821.0,4507821.0,4507821.0,0.0
1776199500,4507821.0,4507821.0,4507821.0,4507821.0,0.0
1776200400,4507821.0,4507821.0,4507821.0,4507821.0,0.0
1776201300,4507821.0,4507821.0,4507821.0,4507821.0,0.0
1776202200,4507821.0,4507821.0,4507821.0,4507821.0,0.0
1776203100,4507821.0,4507821.0,4507821.0,4507821.0,0.0
1776204000,4507821.0,4507821.0,4507821.0,4507821.0,0.0
1776204900,4507821.0,4507821.0,4507821.0,4507821.0,0.0
1776205800,4507821.0,4507821.0,4507821.0,4507821.0,0.0
1776206700,4507821.0,4507821.0,4507821.0,4507821.0,0.0
1776207600,4507821.0,4507821.0,4507821.0,4507821.0,0.0
1776208500,4507821.0,4507821.0,4507821.0,4507821.0,0.0
1776209400,4507821.0,4507821.0,4507821.0,4507821.0,0.0
1776210300,4507821.0,4507821.0,4507821.0,4507821.0,0.0
1776211200,4507821.0,4507821.0,4507821.0,4507821.0,0.0
1776212100,4507821.0,4507821.0,4507821.0,4507821.0,0.0
1776213000,4507821.0,4507821.0,4507821.0,4507821.0,0.0
1776213900,4507821.0,4507821.0,4507821.0,4507821.0,0.0
1776214800,4507821.0,4507821.0,4507821.0,4507821.0,0.0
1776215700,4507821.0,4507821.0,4507821.0,4507821.0,0.0
1776216600,4507821.0,4507821.0,4507821.0,4507821.0,0.0
1776217500,4507821.0,4507821.0,4507821.0,4507821.0,0.0
1776218400,4507821.0,4507821.0,4507821.0,4507821.0,0.0
1776219300,4507821.0,4507821.0,4507821.0,4507821.0,0.0
1776220200,4507821.0,4507821.0,4507821.0,4507821.0,0.0
1776221100,4507821.0,4507821.0,4507821.0,4507821.0,0.0
1776222000,4507821.0,4507821.0,4507821.0,4507821.0,0.0
1776222900,4507821.0,4507821.0,4507821.0,4507821.0,0.0
1776223800,4507821.0,4507821.0,4507821.0,4507821.0,0.0
1776224700,4507821.0,4507821.0,4507821.0,4507821.0,0.0
1776225600,4507821.0,4507821.0,4507821.0,4507821.0,0.0
1776226500,4507821.0,4507821.0,4507821.0,4507821.0,0.0
1776227400,4507821.0,4507821.0,4507821.0,4507821.0,0.0
1776228300,4507821.0,4507821.0,4507821.0,4507821.0,0.0
1776229200,4507821.0,4507821.0,4507821.0,4507821.0,0.0
1776230100,4507821.0,4507821.0,4507821.0,4507821.0,0.0
1776231000,4507821.0,4507821.0,4507821.0,4507821.0,0.0
1776231900,4507821.0,4507821.0,4507821.0,4507821.0,0.0
1776232800,4507821.0,4507821.0,4507821.0,4507821.0,0.0
1776233700,4507821.0,4507821.0,4507821.0,4507821.0,0.0
1776234600,4507821.0,4507821.0,4507821.0,4507821.0,0.0
1776235500,4507821.0,4507821.0,4507821.0,4507821.0,0.0
1776236400,4507821.0,4507821.0,4507821.0,4507821.0,0.0
1776237300,4507821.0,4507821.0,4507821.0,4507821.0,0.0
1776238200,4507821.0,4507821.0,4507821.0,4507821.0,0.0
1776239100,4507821.0,4507821.0,4507821.0,4507821.0,0.0
1776240000,4507821.0,4507821.0,4507821.0,4507821.0,0.0
1776240900,4507821.0,4507821.0,4507821.0,4507821.0,0.0
1776241800,4507821.0,4507821.0,4507821.0,4507821.0,0.0
1776242700,4507821.0,4507821.0,4507821.0,4507821.0,0.0
1776243600,4507821.0,4507821.0,4507821.0,4507821.0,0.0
1776244500,4507821.0,4507821.0,4507821.0,4507821.0,0.0
1776245400,4507821.0,4507821.0,4507821.0,4507821.0,0.0
1776246300,4507821.0,4507821.0,4507821.0,4507821.0,0.0
1776247200,4507821.0,4507821.0,4507821.0,4507821.0,0.0
1776248100,4507821.0,4507821.0,4507821.0,4507821.0,0.0
1776249000,4507821.0,4507821.0,4507821.0,4507821.0,0.0
1776249900,4507821.0,4507821.0,4507821.0,4507821.0,0.0
1776250800,4507821.0,4507821.0,4507821.0,4507821.0,0.0
1776251700,4507821.0,4507821.0,4507821.0,4507821.0,0.0
1776252600,4507821.0,4507821.0,4507821.0,4507821.0,0.0
1776253500,4507821.0,4507821.0,4507821.0,4507821.0,0.0
1776254400,4507821.0,4507821.0,4507821.0,4507821.0,0.0
1776255300,4507821.0,4507821.0,4507821.0,4507821.0,0.0
1776256200,4507821.0,4507821.0,4507821.0,4507821.0,0.0
1776257100,4507821.0,4507821.0,4507821.0,4507821.0,0.0
1776258000,4507821.0,4507821.0,4507821.0,4507821.0,0.0
1776258900,4507821.0,4507821.0,4507821.0,4507821.0,0.0
1776259800,4507821.0,4507821.0,4507821.0,4507821.0,0.0
1776260700,4507821.0,4507821.0,4507821.0,4507821.0,0.0
1776261600,4507821.0,4507821.0,4507821.0,4507821.0,0.0
1776262500,4507821.0,4507821.0,4507821.0,4507821.0,0.0
1776263400,4507821.0,4507821.0,4507821.0,4507821.0,0.0
1776264300,4507821.0,4507821.0,4507821.0,4507821.0,0.0
1776265200,4507821.0,4507821.0,4507821.0,4507821.0,0.0
1776266100,4507821.0,4507821.0,4507821.0,4507821.0,0.0
1776267000,4507821.0,4507821.0,4507821.0,4507821.0,0.0
1776267900,4507821.0,4507821.0,4507821.0,4507821.0,0.0
1776268800,4507821.0,4507821.0,4507821.0,4507821.0,0.0
1776269700,4507821.0,4507821.0,4507821.0,4507821.0,0.0
1776270600,4507821.0,4507821.0,4507821.0,4507821.0,0.0
1776271500,4507821.0,4507821.0,4507821.0,4507821.0,0.0
1776272400,4507821.0,4507821.0,4507821.0,4507821.0,0.0
1776273300,4507821.0,4507821.0,4507821.0,4507821.0,0.0
1776274200,4507821.0,4507821.0,4507821.0,4507821.0,0.0
1776275100,4507821.0,4507821.0,4507821.0,4507821.0,0.0
1776276000,4507821.0,4507821.0,4507821.0,4507821.0,0.0
1776276900,4507821.0,4507821.0,4507821.0,4507821.0,0.0
1776277800,4507821.0,4507821.0,4507821.0,4507821.0,0.0
1776278700,4507821.0,4507821.0,4507821.0,4507821.0,0.0
1776279600,4507821.0,4507821.0,4507821.0,4507821.0,0.0
1776280500,4507821.0,4507821.0,4507821.0,4507821.0,0.0
1776281400,4507821.0,4507821.0,4507821.0,4507821.0,0.0
1776282300,4507821.0,4507821.0,4507821.0,4507821.0,0.0
1776283200,4507821.0,4507821.0,4507821.0,4507821.0,0.0
1776284100,4507821.0,4507821.0,4507821.0,4507821.0,0.0
1776285000,4507821.0,4507821.0,4507821.0,4507821.0,0.0
1776285900,4507821.0,4507821.0,4507821.0,4507821.0,0.0
1776286800,4507821.0,4507821.0,4507821.0,4507821.0,0.0
1776287700,4507821.0,4507821.0,4507821.0,4507821.0,0.0
1776288600,4507821.0,4507821.0,4507821.0,4507821.0,0.0
1776289500,4507821.0,4507821.0,4507821.0,4507821.0,0.0
1776290400,4507821.0,4507821.0,4507821.0,4507821.0,0.0
1776291300,4507821.0,4507821.0,4507821.0,4507821.0,0.0
1776292200,4507821.0,4507821.0,4507821.0,4507821.0,0.0
1776293100,4507821.0,4507821.0,4507821.0,4507821.0,0.0
1776294000,4507821.0,4507821.0,4507821.0,4507821.0,0.0
1776294900,4507821.0,4507821.0,4507821.0,4507821.0,0.0
1776295800,4507821.0,4507821.0,4507821.0,4507821.0,0.0
1776296700,4507821.0,4507821.0,4507821.0,4507821.0,0.0
1776297600,4507821.0,4507821.0,4507821.0,4507821.0,0.0
1776298500,4507821.0,4507821.0,4507821.0,4507821.0,0.0
1776299400,4507821.0,4507821.0,4507821.0,4507821.0,0.0
1776300300,4507821.0,4507821.0,4507821.0,4507821.0,0.0
1776301200,4507821.0,4507821.0,4507821.0,4507821.0,0.0
1776302100,4507821.0,4507821.0,4507821.0,4507821.0,0.0
1776303000,4507821.0,4507821.0,4507821.0,4507821.0,0.0
1776303900,4507821.0,4507821.0,4507821.0,4507821.0,0.0
1776304800,4507821.0,4507821.0,4507821.0,4507821.0,0.0
1776305700,4507821.0,4507821.0,4507821.0,4507821.0,0.0
1776306600,4507821.0,4507821.0,4507821.0,4507821.0,0.0
1776307500,4507821.0,4507821.0,4507821.0,4507821.0,0.0
1776308400,4507821.0,4507821.0,4507821.0,4507821.0,0.0
1776309300,4507821.0,4507821.0,4507821.0,4507821.0,0.0
1776310200,4507821.0,4507821.0,4507821.0,4507821.0,0.0
1776311100,4507821.0,4507821.0,4507821.0,4507821.0,0.0
1776312000,4507821.0,4507821.0,4507821.0,4507821.0,0.0
1776312900,4507821.0,4507821.0,4507821.0,4507821.0,0.0
1776313800,4507821.0,4507821.0,4507821.0,4507821.0,0.0
1776314700,4507821.0,4507821.0,4507821.0,4507821.0,0.0
1776315600,4507821.0,4507821.0,4507821.0,4507821.0,0.0
1776316500,4507821.0,4507821.0,4507821.0,4507821.0,0.0
1776317400,4507821.0,4507821.0,4507821.0,4507821.0,0.0
1776318300,4507821.0,4507821.0,4507821.0,4507821.0,0.0
1776319200,4507821.0,4507821.0,4507821.0,4507821.0,0.0
1776320100,4507821.0,4507821.0,4507821.0,4507821.0,0.0
1776321000,4507821.0,4507821.0,4507821.0,4507821.0,0.0
1776321900,4507821.0,4507821.0,4507821.0,4507821.0,0.0
1776322800,4648915.0,8500000.0,3259019.0,4647719.0,3.30684353
1776323700,4500000.0,4647719.0,4009005.0,4526704.0,1.11763537
1776324600,4626289.0,4641679.0,4626268.0,4640733.0,0.79902496
1776325500,4600000.0,4624664.0,4200138.0,4400000.0,2.44345876
1776326400,4624360.0,4624637.0,4400000.0,4624637.0,1.73458859
1776327300,4624637.0,4624637.0,4535191.0,4535191.0,0.10624204
1776328200,4534357.0,4624637.0,4534357.0,4534357.0,0.52971782
1776329100,4620268.0,4620268.0,4400000.0,4618167.0,0.0938137
1776330000,4618485.0,4618487.0,4618485.0,4618487.0,0.01416935
1776330900,4618487.0,4618487.0,4618487.0,4618487.0,0.13909921
1776331800,4400005.0,4618487.0,4255012.0,4550000.0,1.46029528
1776332700,4549998.0,4550000.0,4263000.0,4265500.0,0.22173845
1776333600,4550000.0,4550000.0,4550000.0,4550000.0,0.36327645
1776334500,4550000.0,4636824.0,4550000.0,4636820.0,0.08009836
1776335400,4634433.0,4634433.0,4550000.0,4550000.0,0.03852189
1776336300,4550000.0,4550000.0,4550000.0,4550000.0,0.0
1776337200,4550003.0,4635360.0,4550001.0,4635360.0,0.58557471
1776338100,4636820.0,4636820.0,4636820.0,4636820.0,0.01203367
1776339000,4636820.0,4636820.0,4636820.0,4636820.0,0.0
1776339900,4636820.0,4636820.0,4550002.0,4636820.0,0.18476116
1776340800,4636820.0,4666261.0,4550002.0,4665717.0,0.6868731
1776341700,4708759.0,5000000.0,4665067.0,4665067.0,1.94951955
1776342600,4665305.0,4668883.0,4565051.0,4668883.0,0.98652614
1776343500,4658415.0,4658443.0,4658347.0,4658443.0,0.04030807
1776344400,4564717.0,4644596.0,4550002.0,4550002.0,0.6290018
1776345300,4659150.0,4660303.0,4638923.0,4639093.0,1.14875818
1776346200,4636422.0,4636422.0,4550002.0,4570238.0,1.1544065
1776347100,4999998.0,4999998.0,4550004.0,4550004.0,0.47724897
1776348000,4550004.0,4550004.0,4550000.0,4550000.0,0.95030935
1776348900,4459717.0,4562567.0,4459717.0,4562567.0,0.45200543
1776349800,4566808.0,4566808.0,4466364.0,4466364.0,0.00927166
1776350700,4563639.0,4563639.0,4546220.0,4546220.0,0.1418338
1776351600,4558888.0,4558888.0,4459544.0,4558813.0,0.02446276
1776352500,4468399.0,4990000.0,4468399.0,4568657.0,2.20480638
1776353400,4468489.0,4561580.0,4462179.0,4560942.0,0.22389904
1776354300,4560941.0,4990000.0,4478678.0,4582408.0,1.35055926
1776355200,4482600.0,4980000.0,4479593.0,4580124.0,0.53873079
1776356100,4594187.0,4594187.0,4594187.0,4594187.0,0.0539412
1776357000,4590922.0,4591574.0,4550000.0,4591574.0,0.0101921
1776357900,4990000.0,4990000.0,4550000.0,4585075.0,0.88997714
1776358800,4550000.0,4585391.0,4550000.0,4585391.0,0.05165605
1776359700,4585673.0,4585673.0,4585112.0,4585112.0,0.06879229
1776360600,4587103.0,4587103.0,4587103.0,4587103.0,0.00484859
1776361500,4550000.0,4550000.0,4550000.0,4550000.0,0.04959812
1776362400,4550000.0,4550000.0,4550000.0,4550000.0,0.0
1776363300,4550000.0,4594215.0,4550000.0,4550000.0,0.04231122
1776364200,4588528.0,4588588.0,4550000.0,4588588.0,0.00850699
1776365100,4588588.0,4588588.0,4588588.0,4588588.0,0.0
1776366000,4588599.0,4588599.0,4588599.0,4588599.0,0.00424922
1776366900,4587896.0,4587896.0,4587896.0,4587896.0,0.00219229
1776367800,4587890.0,4587890.0,4587890.0,4587890.0,0.00940584
1776368700,4587636.0,4587636.0,4586839.0,4586839.0,0.00542753
1776369600,4587178.0,4587178.0,4587178.0,4587178.0,0.00409445
1776370500,4587303.0,4587303.0,4550000.0,4550000.0,0.01724196
1776371400,4550000.0,4550000.0,4550000.0,4550000.0,0.0
1776372300,4550000.0,4550000.0,4550000.0,4550000.0,0.00931832
1776373200,4550000.0,4550000.0,4550000.0,4550000.0,0.0
1776374100,4550000.0,4550000.0,4550000.0,4550000.0,0.00510558
1776375000,4550000.0,4990000.0,4550000.0,4990000.0,0.2150752
1776375900,4550000.0,4589786.0,4550000.0,4589786.0,0.33805469
1776376800,4550000.0,4588965.0,4459544.0,4588965.0,0.07694951
1776377700,4459544.0,4592433.0,4280017.0,4592426.0,0.39009105
1776378600,4989999.0,4990000.0,4593293.0,4593293.0,0.03871775
1776379500,4593293.0,4593293.0,4593293.0,4593293.0,0.0
1776380400,4493247.0,4585845.0,4492392.0,4492392.0,0.83035601
1776381300,4585429.0,4585429.0,4499392.0,4499392.0,0.05959054
1776382200,4499392.0,4591459.0,4499392.0,4591459.0,0.01822057
1776383100,4591459.0,4591459.0,4591459.0,4591459.0,0.0
1776384000,4492392.0,4575508.0,4492392.0,4575508.0,0.01093337
1776384900,4575562.0,4588187.0,4575562.0,4588187.0,0.33811802
1776385800,4588405.0,4588405.0,4492392.0,4492392.0,0.03279805
1776386700,4492392.0,4990000.0,4492392.0,4592896.0,0.86161301
1776387600,4492854.0,4492854.0,4492392.0,4492392.0,1.58774401
1776388500,4492393.0,4492393.0,4492392.0,4492392.0,1.01273309
1776389400,4492392.0,4492392.0,4492392.0,4492392.0,0.23997787
1776390300,4492392.0,4492392.0,4492392.0,4492392.0,0.0
1776391200,4583255.0,4900000.0,4583255.0,4599000.0,0.94873392
1776392100,4607135.0,4607993.0,4507620.0,4607993.0,0.02616842
1776393000,4594481.0,4594481.0,4594481.0,4594481.0,0.04739004
1776393900,4598807.0,4598807.0,4550000.0,4550000.0,0.1307813
1776394800,4550000.0,4550000.0,4550000.0,4550000.0,0.0
1776395700,4599502.0,4889998.0,4550000.0,4550000.0,0.75855737
1776396600,4550000.0,4550000.0,4550000.0,4550000.0,0.00407321
1776397500,4550000.0,4889990.0,4550000.0,4610277.0,0.65414978
1776398400,4609341.0,4609341.0,4609341.0,4609341.0,0.00288349
1776399300,4610145.0,4610145.0,4610145.0,4610145.0,0.11873704
1776400200,4608799.0,4608799.0,4608799.0,4608799.0,0.03744769
1776401100,4608799.0,4608799.0,4280002.0,4608743.0,2.31383336
1776402000,4508693.0,4596576.0,4496012.0,4595609.0,1.46850765
1776402900,4504224.0,4603978.0,4504224.0,4603978.0,0.03677153
1776403800,4603134.0,4603134.0,4495566.0,4495566.0,0.51573923
1776404700,4495589.0,4594469.0,4495589.0,4593998.0,0.43310302
1776405600,4594586.0,4594586.0,4494571.0,4499692.0,0.02713226
1776406500,4494711.0,4593197.0,4494711.0,4494726.0,0.01893497
1776407400,4592998.0,4592999.0,4496194.0,4496194.0,0.07377532
1776408300,4496176.0,4593000.0,4496176.0,4592999.0,0.17688688
1776409200,4496176.0,4592999.0,4496176.0,4592999.0,0.0107802
1776410100,4592999.0,4592999.0,4592999.0,4592999.0,0.04788004
1776411000,4592999.0,4592999.0,4496477.0,4496492.0,0.24721677
1776411900,4592998.0,4592998.0,4498939.0,4592499.0,0.32413511
1776412800,4592500.0,4592500.0,4499425.0,4499425.0,0.0263355
1776413700,4592499.0,4592499.0,4500172.0,4500388.0,0.07680496
1776414600,4592499.0,4592499.0,4550000.0,4550000.0,0.08734613
1776415500,4550000.0,4550000.0,4519986.0,4550000.0,0.06666372
1776416400,4550000.0,4550000.0,4520201.0,4520201.0,0.0520842
1776417300,4550000.0,4592500.0,4520521.0,4592500.0,0.09371727
1776418200,4592500.0,4593000.0,4524693.0,4592999.0,0.1320817
1776419100,4592999.0,4593000.0,4592999.0,4593000.0,0.23780036
1776420000,4593000.0,4593000.0,4593000.0,4593000.0,0.02172632
1776420900,4590000.0,4590000.0,4590000.0,4590000.0,0.00216971
1776421800,4590000.0,4590000.0,4590000.0,4590000.0,0.03572765
1776422700,4590000.0,4590000.0,4590000.0,4590000.0,0.00535947
1776423600,4522887.0,4522887.0,4518885.0,4518885.0,0.02297533
1776424500,4518726.0,4518726.0,4502446.0,4503376.0,0.46629451
1776425400,4503427.0,4541502.0,4503427.0,4541502.0,0.49146571
1776426300,4544427.0,4544427.0,4544427.0,4544427.0,0.00901897
1776427200,4544577.0,4590000.0,4544577.0,4590000.0,0.05180307
1776428100,4590000.0,4590000.0,4590000.0,4590000.0,0.00767145
1776429000,4590000.0,4590000.0,4545124.0,4545124.0,0.09216636
1776429900,4545205.0,4545205.0,4545205.0,4545205.0,0.84853742
1776430800,4545390.0,4590000.0,4545390.0,4590000.0,0.1103896
1776431700,4558316.0,4590000.0,4544984.0,4544984.0,0.60805917
1776432600,4590000.0,4590000.0,4544985.0,4544985.0,0.03618633
1776433500,4590000.0,4590000.0,4545029.0,4545029.0,0.22169513
1776434400,4590000.0,4590000.0,4590000.0,4590000.0,0.06326949
1776435300,4554573.0,4590000.0,4554573.0,4590000.0,0.1058978
1776436200,4590000.0,4595582.0,4590000.0,4595582.0,1.00527913
1776437100,4595582.0,4595582.0,4595582.0,4595582.0,0.00335735
1776438000,4595582.0,4694378.0,4595582.0,4604604.0,2.13469111
1776438900,4607000.0,4701491.0,4607000.0,4607359.0,0.15750188
1776439800,4701121.0,4701129.0,4607402.0,4701128.0,0.21381526
1776440700,4701053.0,4701053.0,4609859.0,4609929.0,0.68404564
1776441600,4610036.0,4698892.0,4610036.0,4698892.0,0.06986122
1776442500,4610200.0,4610252.0,4610200.0,4610252.0,0.9131684
1776443400,4694719.0,4694719.0,4694709.0,4694709.0,0.04227307
1776444300,4694496.0,4694496.0,4694496.0,4694496.0,0.00221323
1776445200,4610474.0,4610474.0,4610474.0,4610474.0,0.00231721
1776446100,4691908.0,4691908.0,4687542.0,4687542.0,0.11700739
1776447000,4687392.0,4687392.0,4680490.0,4680490.0,0.01318149
1776447900,4687133.0,4687133.0,4680490.0,4680490.0,0.07359093
1776448800,4680490.0,4680490.0,4680490.0,4680490.0,0.1139711
1776449700,4680490.0,4680490.0,4610490.0,4610490.0,0.09041563
1776450600,4680490.0,4686374.0,4610490.0,4686225.0,0.1399027
1776451500,4686126.0,4686126.0,4685942.0,4685942.0,0.05206782
1776452400,4685874.0,4685874.0,4685811.0,4685811.0,0.00907435
1776453300,4685811.0,4685811.0,4685811.0,4685811.0,0.0
1776454200,4610490.0,4679727.0,4610490.0,4679727.0,0.04097874
1776455100,4679610.0,4679610.0,4679541.0,4679541.0,0.01247025
1776456000,4679541.0,4679541.0,4679541.0,4679541.0,0.0
1776456900,4679173.0,4679173.0,4679173.0,4679173.0,0.00635304
1776457800,4678974.0,4678974.0,4678974.0,4678974.0,0.00793721
1776458700,4678749.0,4678749.0,4678749.0,4678749.0,0.00287833
1776459600,4678749.0,4678749.0,4678749.0,4678749.0,0.0
1776460500,4678749.0,4678749.0,4678749.0,4678749.0,0.0
1776461400,4678084.0,4678084.0,4610490.0,4610490.0,0.01337454
1776462300,4610490.0,4610490.0,4610490.0,4610490.0,0.0
1776463200,4610490.0,4610490.0,4610490.0,4610490.0,0.0
1776464100,4610490.0,4610490.0,4610490.0,4610490.0,0.0
1776465000,4677057.0,4677057.0,4677012.0,4677012.0,0.01080214
1776465900,4677012.0,4677012.0,4677012.0,4677012.0,0.01364204
1776466800,4677012.0,4677012.0,4610490.0,4610490.0,0.00816374
1776467700,4677012.0,4700706.0,4677012.0,4700565.0,0.29633575
1776468600,4700481.0,4700481.0,4700481.0,4700481.0,0.00227104
1776469500,4610491.0,4610491.0,4610490.0,4610490.0,0.00860181
1776470400,4610490.0,4610490.0,4610490.0,4610490.0,0.0
1776471300,4699917.0,4699917.0,4699917.0,4699917.0,0.0099006
1776472200,4610490.0,4610490.0,4610490.0,4610490.0,0.0025674
1776473100,4610490.0,4610490.0,4601660.0,4601660.0,0.97697471
1776474000,4606079.0,4690273.0,4606079.0,4690240.0,0.04932663
1776474900,4690208.0,4690208.0,4690090.0,4690090.0,0.00921122
1776475800,4690090.0,4690090.0,4690090.0,4690090.0,0.0
1776476700,4689725.0,4689725.0,4650000.0,4689724.0,0.08216171
1776477600,4689540.0,4689540.0,4689540.0,4689540.0,0.00212366
1776478500,4650002.0,4650002.0,4650002.0,4650002.0,0.03240915
1776479400,4689263.0,4689263.0,4689160.0,4689160.0,0.01308352
1776480300,4689083.0,4689083.0,4689083.0,4689083.0,0.00212386
1776481200,4688887.0,4688887.0,4688822.0,4688822.0,0.0225509
1776482100,4688822.0,4688822.0,4688822.0,4688822.0,0.0
1776483000,4650002.0,4688359.0,4650002.0,4688359.0,0.02389648
1776483900,4688287.0,4688287.0,4688287.0,4688287.0,0.00303884
1776484800,4687967.0,4687967.0,4687967.0,4687967.0,0.01937385
1776485700,4687891.0,4687891.0,4687785.0,4687785.0,0.01088909
1776486600,4650002.0,4687560.0,4650002.0,4687534.0,0.11573764
1776487500,4650002.0,4687334.0,4650002.0,4687334.0,0.14488116
1776488400,4650002.0,4650002.0,4650002.0,4650002.0,0.07239278
1776489300,4687307.0,4701044.0,4687307.0,4701044.0,0.09864659
1776490200,4701025.0,4701025.0,4608459.0,4700979.0,0.34386886
1776491100,4700901.0,4700901.0,4700886.0,4700888.0,1.29724983
1776492000,4700888.0,4700888.0,4700888.0,4700888.0,0.0
1776492900,4700867.0,4700879.0,4554582.0,4554582.0,1.56030247
1776493800,4700000.0,4700000.0,4700000.0,4700000.0,0.00211893
1776494700,4699000.0,4699918.0,4699000.0,4699918.0,0.10521814
1776495600,4699918.0,4699918.0,4699918.0,4699918.0,0.0
1776496500,4699842.0,4699842.0,4614406.0,4699781.0,0.26268342
1776497400,4699757.0,4699757.0,4614682.0,4699656.0,0.25339864
1776498300,4699656.0,4699656.0,4699656.0,4699656.0,0.0
1776499200,4699656.0,4699656.0,4699656.0,4699656.0,0.0
1776500100,4699656.0,4699656.0,4699656.0,4699656.0,0.0
1776501000,4689000.0,4689000.0,4689000.0,4689000.0,0.0212815
1776501900,4616099.0,4689000.0,4616099.0,4688967.0,0.11028299
1776502800,4688967.0,4688967.0,4688967.0,4688967.0,0.0
1776503700,4616099.0,4616099.0,4616099.0,4616099.0,0.03321161
1776504600,4616099.0,4616099.0,4608499.0,4608499.0,0.10448991
1776505500,4608499.0,4608499.0,4608499.0,4608499.0,0.0
1776506400,4670000.0,4670000.0,4611557.0,4611557.0,0.0152073
1776507300,4611557.0,4611557.0,4611557.0,4611557.0,0.0
1776508200,4669009.0,4670000.0,4611992.0,4611992.0,0.50005892
1776509100,4611992.0,4611992.0,4611992.0,4611992.0,0.0
1776510000,4669900.0,4669900.0,4611992.0,4611992.0,0.0052909
1776510900,4611992.0,4611992.0,4611992.0,4611992.0,0.04074738
1776511800,4611991.0,4611991.0,4611991.0,4611991.0,0.00367411
1776512700,4611991.0,4611991.0,4609923.0,4609923.0,0.01603655
1776513600,4609923.0,4611991.0,4609923.0,4611991.0,0.00934376
1776514500,4609942.0,4611991.0,4609942.0,4610134.0,0.03793361
1776515400,4610161.0,4610991.0,4610161.0,4610991.0,0.08156316
1776516300,4611991.0,4611991.0,4610991.0,4610991.0,0.00475022
1776517200,4610991.0,4669900.0,4610587.0,4669900.0,0.94218315
1776518100,4615149.0,4698934.0,4610223.0,4615000.0,0.39461178
1776519000,4610991.0,4610991.0,4610112.0,4610112.0,0.20369191
1776519900,4615000.0,4698401.0,4610192.0,4610198.0,0.47834149
1776520800,4610401.0,4610401.0,4610401.0,4610401.0,1.06065603
1776521700,4698125.0,4698125.0,4697899.0,4697899.0,0.00993974
1776522600,4697884.0,4697884.0,4610107.0,4610107.0,0.13485421
1776523500,4610907.0,4610907.0,4610907.0,4610907.0,0.00830236
1776524400,4696522.0,4696902.0,4696522.0,4696902.0,0.22445407
1776525300,4696837.0,4696837.0,4696807.0,4696807.0,0.05144121
1776526200,4696807.0,4696807.0,4696807.0,4696807.0,0.0
1776527100,4696807.0,4696807.0,4696807.0,4696807.0,0.0
1776528000,4695006.0,4695006.0,4695006.0,4695006.0,0.00234866
1776528900,4694832.0,4694832.0,4610907.0,4610907.0,0.00837093
1776529800,4610907.0,4610907.0,4610907.0,4610907.0,0.03421515
1776530700,4610907.0,4610907.0,4610907.0,4610907.0,0.0
1776531600,4695006.0,4695006.0,4610107.0,4610107.0,0.02746704
1776532500,4610107.0,4610107.0,4610107.0,4610107.0,0.0
1776533400,4610107.0,4695006.0,4610107.0,4695006.0,0.01425013
1776534300,4695006.0,4695006.0,4695006.0,4695006.0,0.00686985
1776535200,4610107.0,4696022.0,4599451.0,4696022.0,0.25437321
1776536100,4696022.0,4696022.0,4696022.0,4696022.0,0.0
1776537000,4696022.0,4696022.0,4696022.0,4696022.0,0.0
1776537900,4696022.0,4696022.0,4696022.0,4696022.0,0.0
1776538800,4650451.0,4650451.0,4650451.0,4650451.0,0.00262899
1776539700,4650451.0,4650451.0,4650451.0,4650451.0,0.0
1776540600,4650451.0,4650451.0,4650451.0,4650451.0,0.0
1776541500,4696022.0,4696022.0,4696022.0,4696022.0,0.00832747
1776542400,4696022.0,4696022.0,4696022.0,4696022.0,0.0
1776543300,4695492.0,4695492.0,4695373.0,4695373.0,0.02969507
1776544200,4695115.0,4695115.0,4695115.0,4695115.0,0.00250302
1776545100,4694745.0,4694745.0,4694745.0,4694745.0,0.03011026
1776546000,4694533.0,4694533.0,4694414.0,4694414.0,0.22265159
1776546900,4650451.0,4650451.0,4650451.0,4650451.0,0.00250302
1776547800,4650451.0,4650451.0,4650451.0,4650451.0,0.0
1776548700,4650451.0,4650451.0,4650451.0,4650451.0,0.0
1776549600,4650451.0,4650451.0,4650451.0,4650451.0,0.0
1776550500,4693001.0,4693001.0,4693001.0,4693001.0,0.00212209
1776551400,4692028.0,4692463.0,4692028.0,4692463.0,0.24089056
1776552300,4692463.0,4692463.0,4692463.0,4692463.0,0.0
1776553200,4690000.0,4690000.0,4690000.0,4690000.0,0.00219616
1776554100,4690000.0,4697526.0,4690000.0,4697526.0,2.12194294
1776555000,4697526.0,4697526.0,4697526.0,4697526.0,0.0
1776555900,4650451.0,4650451.0,4650451.0,4650451.0,0.03822162
1776556800,4590459.0,4590459.0,4590459.0,4590459.0,0.01016661
1776557700,4681405.0,4681405.0,4681405.0,4681405.0,0.0042547
1776558600,4601301.0,4601301.0,4600301.0,4600301.0,0.24089056
1776559500,4600301.0,4600301.0,4600301.0,4600301.0,0.0
1776560400,4681405.0,4686234.0,4681405.0,4686234.0,0.0518539
1776561300,4601830.0,4601830.0,4601830.0,4601830.0,0.19640121
1776562200,4590451.0,4590451.0,4570051.0,4570051.0,0.32479463
1776563100,4583627.0,4583627.0,4582627.0,4582627.0,0.20923936
1776564000,4570600.0,4672857.0,4554582.0,4672857.0,0.11255779
1776564900,4672857.0,4683670.0,4554582.0,4676721.0,0.07093025
1776565800,4676721.0,4676721.0,4576829.0,4576829.0,0.01577152
1776566700,4576829.0,4576829.0,4576829.0,4576829.0,0.00428531
1776567600,4576829.0,4576829.0,4576829.0,4576829.0,0.10521814
1776568500,4576829.0,4576829.0,4576829.0,4576829.0,0.0
1776569400,4576829.0,4576829.0,4576829.0,4576829.0,0.00708061
1776570300,4676721.0,4676721.0,4576829.0,4576829.0,0.01071639
1776571200,4576829.0,4576829.0,4576829.0,4576829.0,0.0
1776572100,4676721.0,4684544.0,4582627.0,4684544.0,0.15175857
1776573000,4684459.0,4684459.0,4684459.0,4684459.0,0.01062982
1776573900,4684383.0,4684383.0,4684383.0,4684383.0,0.00418091
1776574800,4684646.0,4684664.0,4684646.0,4684664.0,0.00425175
1776575700,4684609.0,4684609.0,4684575.0,4684592.0,0.17181276
1776576600,4582628.0,4582628.0,4576829.0,4576829.0,0.06677665
1776577500,4576829.0,4576829.0,4576829.0,4576829.0,0.00255893
1776578400,4576899.0,4576899.0,4576899.0,4576899.0,0.0432878
1776579300,4661700.0,4661700.0,4661700.0,4661700.0,0.01284338
1776580200,4576899.0,4576899.0,4576829.0,4576829.0,0.02260826
1776581100,4576829.0,4576829.0,4576829.0,4576829.0,0.0
1776582000,4661700.0,4662700.0,4661700.0,4662700.0,0.03653182
1776582900,4662700.0,4662700.0,4662700.0,4662700.0,0.0023971
1776583800,4662700.0,4662700.0,4662700.0,4662700.0,0.0
1776584700,4662700.0,4662700.0,4662700.0,4662700.0,0.0
1776585600,4578548.0,4578548.0,4578548.0,4578548.0,0.01750852
1776586500,4578548.0,4578548.0,4578548.0,4578548.0,0.0
1776587400,4578548.0,4578548.0,4578548.0,4578548.0,0.0
1776588300,4578548.0,4578548.0,4578548.0,4578548.0,0.0
1776589200,4578548.0,4578548.0,4578548.0,4578548.0,0.0
1776590100,4578548.0,4578548.0,4578548.0,4578548.0,0.0
1776591000,4662700.0,4662700.0,4598092.0,4598092.0,0.02877651
1776591900,4662700.0,4662700.0,4662700.0,4662700.0,0.00534775
1776592800,4598092.0,4598092.0,4598092.0,4598092.0,0.0023971
1776593700,4598092.0,4598092.0,4598092.0,4598092.0,0.01743427
1776594600,4598092.0,4598092.0,4598092.0,4598092.0,0.0
1776595500,4662700.0,4684592.0,4662700.0,4684592.0,0.01328153
1776596400,4684592.0,4684592.0,4684592.0,4684592.0,0.00653866
1776597300,4680591.0,4680591.0,4680591.0,4680591.0,0.00531364
1776598200,4680591.0,4680591.0,4680591.0,4680591.0,0.0
1776599100,4599092.0,4680591.0,4599092.0,4680591.0,0.02321217
1776600000,4680591.0,4680591.0,4599092.0,4680591.0,0.01792691
1776600900,4680591.0,4680591.0,4680591.0,4680591.0,0.00319147
1776601800,4680591.0,4680591.0,4680591.0,4680591.0,0.01074586
1776602700,4680591.0,4680591.0,4680591.0,4680591.0,0.01556106
1776603600,4680591.0,4680591.0,4680591.0,4680591.0,0.0
1776604500,4680591.0,4680591.0,4680591.0,4680591.0,0.0
1776605400,4599092.0,4599092.0,4599092.0,4599092.0,0.06022678
1776606300,4680591.0,4680591.0,4582967.0,4599621.0,0.13769851
1776607200,4599621.0,4599621.0,4599621.0,4599621.0,0.0
1776608100,4599621.0,4599621.0,4599621.0,4599621.0,0.0
1776609000,4680001.0,4680001.0,4680000.0,4680000.0,0.03194101
1776609900,4679999.0,4679999.0,4679999.0,4679999.0,0.00297906
1776610800,4679999.0,4679999.0,4679999.0,4679999.0,0.0
1776611700,4609990.0,4679999.0,4609990.0,4679999.0,0.00505333
1776612600,4679999.0,4679999.0,4679999.0,4679999.0,0.0
1776613500,4679999.0,4679999.0,4609990.0,4679999.0,0.02932888
1776614400,4609990.0,4609990.0,4609990.0,4609990.0,0.00433162
1776615300,4609990.0,4609990.0,4609990.0,4609990.0,0.0
1776616200,4609990.0,4609990.0,4609990.0,4609990.0,0.0
1776617100,4660018.0,4660018.0,4660018.0,4660018.0,0.00434204
1776618000,4660018.0,4660018.0,4660018.0,4660018.0,0.0
1776618900,4660018.0,4660018.0,4400000.0,4660018.0,0.22220202
1776619800,4660018.0,4660018.0,4660018.0,4660018.0,0.0
1776620700,4660018.0,4660018.0,4660018.0,4660018.0,0.0
1776621600,4660018.0,4660018.0,4569914.0,4569914.0,0.00464118
1776622500,4660018.0,4660018.0,4660018.0,4660018.0,0.01729456
1776623400,4660018.0,4660018.0,4660018.0,4660018.0,0.0
1776624300,4660018.0,4660018.0,4660018.0,4660018.0,0.0
1776625200,4660018.0,4660018.0,4660018.0,4660018.0,0.0
1776626100,4569914.0,4660018.0,4569914.0,4660018.0,0.04220103
1776627000,4660018.0,4660018.0,4660018.0,4660018.0,0.0
1776627900,4660018.0,4660018.0,4660018.0,4660018.0,0.0
1776628800,4660018.0,4660018.0,4660018.0,4660018.0,0.0
1776629700,4660018.0,4660018.0,4660018.0,4660018.0,0.0
1776630600,4660018.0,4660018.0,4660018.0,4660018.0,0.0
1776631500,4660018.0,4660522.0,4569914.0,4569914.0,0.02747589
1776632400,4569914.0,4569914.0,4569914.0,4569914.0,0.00682573
1776633300,4569914.0,4569914.0,4569914.0,4569914.0,0.0
1776634200,4569914.0,4569914.0,4569914.0,4569914.0,0.0
1776635100,4569914.0,4569914.0,4569914.0,4569914.0,0.0
1776636000,4662551.0,4662551.0,4662551.0,4662551.0,0.00213595
1776636900,4662551.0,4662551.0,4662551.0,4662551.0,0.0
1776637800,4662551.0,4662551.0,4662551.0,4662551.0,0.0
1776638700,4662551.0,4662551.0,4662551.0,4662551.0,0.0
1776639600,4660003.0,4660003.0,4660003.0,4660003.0,0.00213712
1776640500,4679005.0,4679005.0,4679005.0,4679005.0,0.00305257
1776641400,4679005.0,4679005.0,4679005.0,4679005.0,0.0
1776642300,4599997.0,4599997.0,4599997.0,4599997.0,0.00258664
1776643200,4599997.0,4599997.0,4599997.0,4599997.0,0.02366438
1776644100,4599997.0,4679005.0,4599997.0,4679005.0,0.00619081
1776645000,4679005.0,4679005.0,4679005.0,4679005.0,0.0
1776645900,4678645.0,4678645.0,4678009.0,4678009.0,0.00521354
1776646800,4678009.0,4678009.0,4678009.0,4678009.0,0.0
1776647700,4678009.0,4678009.0,4678009.0,4678009.0,0.0
1776648600,4678009.0,4678009.0,4678009.0,4678009.0,0.0
1776649500,4599997.0,4650004.0,4589994.0,4650004.0,0.03825506
1776650400,4650004.0,4650004.0,4650004.0,4650004.0,0.00599676
1776651300,4609997.0,4609997.0,4609997.0,4609997.0,0.00251317
1776652200,4609997.0,4609997.0,4609997.0,4609997.0,0.01181797
1776653100,4650004.0,4679970.0,4650004.0,4679970.0,0.04989769
1776654000,4679970.0,4679991.0,4588012.0,4588012.0,0.07292894
1776654900,4588012.0,4588012.0,4588012.0,4588012.0,0.0
1776655800,4588012.0,4588012.0,4588012.0,4588012.0,0.0
1776656700,4661410.0,4661410.0,4661410.0,4661410.0,0.00754942
1776657600,4661410.0,4661410.0,4661410.0,4661410.0,0.00752797
1776658500,4661410.0,4661410.0,4597932.0,4597932.0,0.00602558
1776659400,4661410.0,4661410.0,4661410.0,4661410.0,0.00257304
1776660300,4661410.0,4661410.0,4661410.0,4661410.0,0.0
1776661200,4661410.0,4661410.0,4661410.0,4661410.0,0.0
1776662100,4597932.0,4597932.0,4597932.0,4597932.0,0.02121271
1776663000,4661410.0,4661410.0,4661410.0,4661410.0,0.00234993
1776663900,4661410.0,4661410.0,4597932.0,4597932.0,0.01276629
1776664800,4661410.0,4661410.0,4597933.0,4597933.0,0.01071476
1776665700,4661410.0,4661410.0,4661410.0,4661410.0,0.00233427
1776666600,4661410.0,4663666.0,4661410.0,4663666.0,3.99173912
1776667500,4679081.0,4679081.0,4679018.0,4679018.0,0.53872195
1776668400,4678980.0,4678980.0,4615152.0,4615152.0,0.00636654
1776669300,4612669.0,4612669.0,4612669.0,4612669.0,0.00407879
1776670200,4613976.0,4679049.0,4613976.0,4679049.0,0.01254159
1776671100,4615421.0,4615421.0,4615421.0,4615421.0,0.00474866
1776672000,4615421.0,4615421.0,4615421.0,4615421.0,0.0
1776672900,4615421.0,4615421.0,4615421.0,4615421.0,0.0
1776673800,4679081.0,4679081.0,4679081.0,4679081.0,0.00424891
1776674700,4679081.0,4679081.0,4679081.0,4679081.0,0.00422689
1776675600,4679081.0,4679081.0,4679081.0,4679081.0,0.00654614
1776676500,4679081.0,4679081.0,4679081.0,4679081.0,0.0
1776677400,4679081.0,4679081.0,4679081.0,4679081.0,0.0
1776678300,4679081.0,4679081.0,4679081.0,4679081.0,0.0
1776679200,4679081.0,4679081.0,4620007.0,4620007.0,0.02571472
1776680100,4620007.0,4620007.0,4620007.0,4620007.0,0.0
1776681000,4679081.0,4679081.0,4679081.0,4679081.0,0.00309654
1776681900,4679081.0,4679081.0,4679081.0,4679081.0,0.0
1776682800,4679081.0,4679081.0,4679081.0,4679081.0,0.00425681
1776683700,4620051.0,4620051.0,4620051.0,4620051.0,0.01848518
1776684600,4620051.0,4679000.0,4620051.0,4679000.0,0.00674003
1776685500,4679000.0,4679000.0,4679000.0,4679000.0,0.0
1776686400,4679000.0,4679000.0,4679000.0,4679000.0,0.00568775
1776687300,4679000.0,4679000.0,4679000.0,4679000.0,0.0
1776688200,4620051.0,4620051.0,4620051.0,4620051.0,0.04307988
1776689100,4620051.0,4620051.0,4620051.0,4620051.0,0.0
1776690000,4620051.0,4620051.0,4612137.0,4612137.0,0.23885724
1776690900,4612137.0,4612137.0,4612137.0,4612137.0,0.0
1776691800,4670161.0,4670161.0,4615854.0,4615854.0,0.0093849
1776692700,4628616.0,4628616.0,4628616.0,4628616.0,0.00434204
1776693600,4628616.0,4628616.0,4628616.0,4628616.0,0.0
1776694500,4670161.0,4670161.0,4670161.0,4670161.0,0.00255879
1776695400,4670161.0,4670161.0,4670161.0,4670161.0,0.0
1776696300,4679081.0,4679081.0,4646660.0,4646660.0,0.00995066
1776697200,4646818.0,4679080.0,4646818.0,4679079.0,0.05449978
1776698100,4646038.0,4646569.0,4646038.0,4646569.0,0.04421756
1776699000,4647632.0,4647632.0,4647632.0,4647632.0,0.00660898
1776699900,4622895.0,4622895.0,4622895.0,4622895.0,0.02054103
1776700800,4622895.0,4622895.0,4622895.0,4622895.0,0.0
1776701700,4622895.0,4622895.0,4622895.0,4622895.0,0.0
1776702600,4627000.0,4627000.0,4627000.0,4627000.0,0.29212754
1776703500,4679078.0,4679078.0,4679078.0,4679078.0,0.00425682
1776704400,4679078.0,4679078.0,4679078.0,4679078.0,0.02022513
1776705300,4679078.0,4679081.0,4628337.0,4679081.0,0.30634947
1776706200,4679081.0,4679081.0,4679081.0,4679081.0,0.01192071
1776707100,4679081.0,4679081.0,4623418.0,4623418.0,0.02453849
1776708000,4623418.0,4623418.0,4623418.0,4623418.0,0.0
1776708900,4679081.0,4730564.0,4679081.0,4730564.0,2.15734874
1776709800,4730498.0,4730498.0,4730498.0,4730498.0,0.00353387
1776710700,4730498.0,4730498.0,4730498.0,4730498.0,0.0
1776711600,4730498.0,4730498.0,4730498.0,4730498.0,0.0
1776712500,4730560.0,4730560.0,4724771.0,4724771.0,0.01032365
1776713400,4724743.0,4724743.0,4724743.0,4724743.0,0.00240034
1776714300,4717703.0,4717703.0,4717703.0,4717703.0,0.02110984
1776715200,4717703.0,4717703.0,4717703.0,4717703.0,0.0
1776716100,4717703.0,4717703.0,4717703.0,4717703.0,0.0
1776717000,4717703.0,4717703.0,4717703.0,4717703.0,0.0
1776717900,4699120.0,4699120.0,4699120.0,4699120.0,0.00341744
1776718800,4699120.0,4699120.0,4699120.0,4699120.0,0.0
1776719700,4699120.0,4699120.0,4699120.0,4699120.0,0.0
1776720600,4699338.0,4699338.0,4699338.0,4699338.0,0.0423849
1776721500,4706167.0,4706167.0,4706167.0,4706167.0,0.01043609
1776722400,4700008.0,4700008.0,4700008.0,4700008.0,0.02118932
1776723300,4700008.0,4700008.0,4629996.0,4629996.0,0.00837316
1776724200,4630372.0,4630372.0,4630372.0,4630372.0,0.00335735
1776725100,4700008.0,4703652.0,4700008.0,4703652.0,0.02118611
1776726000,4703581.0,4703581.0,4703581.0,4703581.0,0.07546973
1776726900,4703463.0,4703463.0,4703418.0,4703418.0,0.06919154
1776727800,4703418.0,4703418.0,4703418.0,4703418.0,0.0
1776728700,4703418.0,4703418.0,4703418.0,4703418.0,0.0
1776729600,4702964.0,4702964.0,4702964.0,4702964.0,0.010588
1776730500,4702964.0,4702964.0,4702964.0,4702964.0,0.0
1776731400,4702806.0,4702806.0,4620045.0,4620045.0,0.11360569
1776732300,4620045.0,4702607.0,4620045.0,4702607.0,0.01379942
1776733200,4702607.0,4702607.0,4702607.0,4702607.0,0.0
1776734100,4614403.0,4614403.0,4614403.0,4614403.0,0.00851767
1776735000,4698452.0,4698452.0,4698452.0,4698452.0,0.00305887
1776735900,4698452.0,4698452.0,4698452.0,4698452.0,0.0
1776736800,4624496.0,4624496.0,4624496.0,4624496.0,0.00305257
1776737700,4698197.0,4698197.0,4623723.0,4623723.0,0.03218737
1776738600,4698034.0,4698034.0,4698034.0,4698034.0,0.00531009
1776739500,4697906.0,4697906.0,4697906.0,4697906.0,0.00378998
1776740400,4697906.0,4697906.0,4697906.0,4697906.0,0.0
1776741300,4697678.0,4697678.0,4637153.0,4637153.0,0.62273605
1776742200,4633403.0,4633403.0,4633403.0,4633403.0,0.09354029
1776743100,4695533.0,4695533.0,4626778.0,4626778.0,0.30106706
1776744000,4695533.0,4695533.0,4627081.0,4627081.0,0.00640143
1776744900,4695492.0,4695492.0,4695492.0,4695492.0,0.00424194
1776745800,4695448.0,4695448.0,4695448.0,4695448.0,0.00526595
1776746700,4695448.0,4695448.0,4695448.0,4695448.0,0.0
1776747600,4694382.0,4694382.0,4694382.0,4694382.0,0.04242965
1776748500,4627550.0,4627550.0,4626985.0,4626985.0,0.06621264
1776749400,4626985.0,4626985.0,4626985.0,4626985.0,0.0
1776750300,4694382.0,4694382.0,4694382.0,4694382.0,0.00649116
1776751200,4694382.0,4694382.0,4694382.0,4694382.0,0.0
1776752100,4694382.0,4694382.0,4694382.0,4694382.0,0.0
1776753000,4641001.0,4641001.0,4641001.0,4641001.0,0.01380738
1776753900,4640166.0,4694382.0,4640166.0,4694382.0,0.01190521
1776754800,4694382.0,4694382.0,4694382.0,4694382.0,0.0
1776755700,4640636.0,4640636.0,4640636.0,4640636.0,0.01084858
1776756600,4640636.0,4640636.0,4640636.0,4640636.0,0.0
1776757500,4649295.0,4649295.0,4649295.0,4649295.0,0.00341744
1776758400,4649295.0,4649295.0,4649295.0,4649295.0,0.0
1776759300,4694158.0,4694158.0,4694158.0,4694158.0,0.00526995
1776760200,4636237.0,4636237.0,4635215.0,4635215.0,0.00659109
1776761100,4635622.0,4693124.0,4635622.0,4693124.0,0.05818282
1776762000,4693124.0,4693124.0,4693124.0,4693124.0,0.0
1776762900,4693124.0,4693124.0,4693124.0,4693124.0,0.0
1776763800,4693124.0,4693124.0,4693124.0,4693124.0,0.0
1776764700,4693124.0,4693124.0,4693124.0,4693124.0,0.00914614
1776765600,4693124.0,4694382.0,4693124.0,4694382.0,0.11289417
1776766500,4694382.0,4694382.0,4694382.0,4694382.0,0.0
1776767400,4694382.0,4694382.0,4694382.0,4694382.0,0.04453302
1776768300,4694382.0,4694382.0,4694382.0,4694382.0,0.02484986
1776769200,4694382.0,4695533.0,4694382.0,4694382.0,0.27462098
1776770100,4695533.0,4695533.0,4694382.0,4694382.0,0.01575731
1776771000,4695533.0,4695533.0,4695533.0,4695533.0,0.00528715
1776771900,4695533.0,4695533.0,4694382.0,4694382.0,0.00637777
1776772800,4695533.0,4695533.0,4695533.0,4695533.0,0.00219804
1776773700,4695530.0,4695530.0,4695530.0,4695530.0,0.06751058
1776774600,4695521.0,4695521.0,4695521.0,4695521.0,0.01690887
1776775500,4695521.0,4695521.0,4695521.0,4695521.0,0.0
1776776400,4695521.0,4695521.0,4695521.0,4695521.0,0.0
1776777300,4694382.0,4694382.0,4694382.0,4694382.0,0.01563039
1776778200,4695477.0,4695477.0,4694382.0,4695450.0,0.0834946
1776779100,4695450.0,4695450.0,4695450.0,4695450.0,0.0
1776780000,4695380.0,4695380.0,4695373.0,4695373.0,0.00596458
1776780900,4694382.0,4694382.0,4694382.0,4694382.0,0.69694417
1776781800,4694382.0,4694382.0,4694382.0,4694382.0,0.0
1776782700,4678289.0,4678289.0,4678287.0,4678287.0,0.01706542
1776783600,4667091.0,4667091.0,4667091.0,4667091.0,0.0025609
1776784500,4615538.0,4664724.0,4615538.0,4615538.0,0.11617802
1776785400,4615538.0,4615538.0,4615538.0,4615538.0,0.0
1776786300,4615538.0,4615538.0,4615538.0,4615538.0,0.0
1776787200,4633931.0,4633931.0,4633931.0,4633931.0,0.00538355
1776788100,4633931.0,4633931.0,4633931.0,4633931.0,0.0
1776789000,4623854.0,4623854.0,4623854.0,4623854.0,0.00698486
1776789900,4615538.0,4627039.0,4610000.0,4627039.0,0.02517831
1776790800,4627039.0,4627039.0,4627039.0,4627039.0,0.0
1776791700,4627039.0,4627039.0,4627039.0,4627039.0,0.0
1776792600,4627039.0,4627039.0,4627039.0,4627039.0,0.0
1776793500,4627039.0,4627039.0,4627039.0,4627039.0,0.0
1776794400,4623221.0,4623221.0,4559015.0,4559015.0,0.04278272
1776795300,4559015.0,4559015.0,4559015.0,4559015.0,0.0
1776796200,4559015.0,4559015.0,4559015.0,4559015.0,0.0
1776797100,4623034.0,4623034.0,4623034.0,4623034.0,0.01069773
1776798000,4577462.0,4577462.0,4577462.0,4577462.0,0.01069773
1776798900,4577462.0,4577462.0,4577462.0,4577462.0,0.0
1776799800,4577462.0,4577462.0,4577462.0,4577462.0,0.0
1776800700,4577462.0,4577462.0,4577462.0,4577462.0,0.0
1776801600,4577462.0,4577462.0,4577462.0,4577462.0,0.0
1776802500,4577462.0,4577462.0,4577462.0,4577462.0,0.0
1776803400,4631326.0,4631326.0,4581488.0,4581488.0,0.010207
1776804300,4581488.0,4581488.0,4581488.0,4581488.0,0.0
1776805200,4581488.0,4581488.0,4560339.0,4560339.0,0.10678658
1776806100,4560339.0,4560339.0,4560339.0,4560339.0,0.0
1776807000,4560339.0,4560339.0,4560339.0,4560339.0,0.0
1776807900,4560339.0,4560339.0,4560339.0,4560339.0,0.0
1776808800,4560339.0,4560339.0,4560339.0,4560339.0,0.0
1776809700,4561126.0,4561126.0,4561126.0,4561126.0,0.06417811
1776810600,4561126.0,4561126.0,4561126.0,4561126.0,0.0
1776811500,4630809.0,4630809.0,4630809.0,4630809.0,0.00215059
1776812400,4630809.0,4630809.0,4630809.0,4630809.0,0.0
1776813300,4630809.0,4630809.0,4630809.0,4630809.0,0.0
1776814200,4630809.0,4630809.0,4630809.0,4630809.0,0.0
1776815100,4630809.0,4630809.0,4630809.0,4630809.0,0.0
1776816000,4630501.0,4630501.0,4630501.0,4630501.0,0.01112255
1776816900,4630501.0,4630501.0,4630501.0,4630501.0,0.0
1776817800,4578307.0,4578307.0,4578307.0,4578307.0,0.00263088
1776818700,4578307.0,4578307.0,4578307.0,4578307.0,0.0
1776819600,4578307.0,4578307.0,4559016.0,4559016.0,0.00905865
1776820500,4559016.0,4559016.0,4559016.0,4559016.0,0.0
1776821400,4559016.0,4559016.0,4559016.0,4559016.0,0.0
1776822300,4559016.0,4559016.0,4559016.0,4559016.0,0.0
1776823200,4569381.0,4569381.0,4569381.0,4569381.0,0.05232507
1776824100,4655983.0,4655983.0,4655983.0,4655983.0,0.5
1776825000,4655983.0,4655983.0,4655983.0,4655983.0,0.0
1776825900,4655983.0,4655983.0,4655983.0,4655983.0,0.0
1776826800,4655983.0,4655983.0,4655983.0,4655983.0,0.0
1776827700,4655983.0,4655983.0,4655983.0,4655983.0,0.0
1776828600,4658434.0,4658434.0,4658366.0,4658366.0,0.00480658
1776829500,4658674.0,4658674.0,4658674.0,4658674.0,0.00745426
1776830400,4659101.0,4659101.0,4659101.0,4659101.0,0.04275095
1776831300,4659101.0,4659101.0,4659101.0,4659101.0,0.0
1776832200,4659101.0,4659101.0,4659101.0,4659101.0,0.0
1776833100,4593883.0,4593883.0,4559016.0,4559016.0,0.15052299
1776834000,4657778.0,4657778.0,4657778.0,4657778.0,0.00213814
1776834900,4657778.0,4657778.0,4657778.0,4657778.0,0.0
1776835800,4652398.0,4652458.0,4652398.0,4652458.0,0.01064049
1776836700,4652366.0,4652366.0,4652366.0,4652366.0,0.00344706
1776837600,4652366.0,4652366.0,4652366.0,4652366.0,0.0
1776838500,4652458.0,4654417.0,4652458.0,4654417.0,0.01366154
1776839400,4577064.0,4577064.0,4576217.0,4576217.0,0.04275095
1776840300,4576589.0,4576589.0,4576589.0,4576589.0,0.01366154
1776841200,4576151.0,4576151.0,4576151.0,4576151.0,0.00297906
1776842100,4654950.0,4654950.0,4654950.0,4654950.0,0.2117187
1776843000,4654950.0,4654950.0,4654950.0,4654950.0,0.0
1776843900,4654950.0,4654950.0,4654950.0,4654950.0,0.0
1776844800,4654950.0,4654950.0,4654950.0,4654950.0,0.0
1776845700,4654950.0,4654950.0,4654950.0,4654950.0,0.0
1776846600,4601224.0,4601224.0,4576153.0,4576153.0,0.09707931
1776847500,4656932.0,4662390.0,4656932.0,4662390.0,0.05285703
1776848400,4662366.0,4663445.0,4662366.0,4663445.0,2.53677315
1776849300,4663445.0,4663445.0,4663445.0,4663445.0,0.0
1776850200,4587258.0,4587258.0,4400015.0,4400015.0,2.53677315
1776851100,4582558.0,4590522.0,4400015.0,4590522.0,2.12821773
1776852000,4665340.0,4671268.0,4665340.0,4671268.0,0.03224109
1776852900,4671268.0,4671268.0,4671268.0,4671268.0,0.0
1776853800,4673940.0,4673940.0,4673940.0,4673940.0,0.00533746
1776854700,4673940.0,4673940.0,4673940.0,4673940.0,0.0
1776855600,4672432.0,4672432.0,4672432.0,4672432.0,0.01093627
1776856500,4672432.0,4672432.0,4672432.0,4672432.0,0.0
1776857400,4594486.0,4594857.0,4400038.0,4400038.0,4.00568454
1776858300,4400038.0,4400038.0,4400038.0,4400038.0,0.0
1776859200,4591457.0,4667815.0,4591457.0,4667797.0,0.06188556
1776860100,4667797.0,4667797.0,4667797.0,4667797.0,0.0
1776861000,4661618.0,4661618.0,4661609.0,4661609.0,0.01117637
1776861900,4661609.0,4661609.0,4661609.0,4661609.0,0.0
1776862800,4661609.0,4661609.0,4661609.0,4661609.0,0.0
1776863700,4661609.0,4661609.0,4661609.0,4661609.0,0.0
1776864600,4660981.0,4660981.0,4660981.0,4660981.0,0.01019077
1776865500,4609774.0,4609774.0,4609774.0,4609774.0,0.21467666
1776866400,4622735.0,4622735.0,4622735.0,4622735.0,0.00343422
1776867300,4650891.0,4650891.0,4650891.0,4650891.0,0.00852601
1776868200,4661369.0,4661399.0,4661369.0,4661399.0,0.02154337
1776869100,4667947.0,4683444.0,4667947.0,4683444.0,0.1199452
1776870000,4655757.0,4655757.0,4655757.0,4655757.0,0.00557288
1776870900,4654386.0,4683444.0,4654386.0,4683444.0,0.02533358
1776871800,4683444.0,4754607.0,4677576.0,4677576.0,0.64195744
1776872700,4754382.0,4754382.0,4754275.0,4754275.0,0.03371882
1776873600,4754222.0,4754222.0,4754101.0,4754101.0,0.02001155
1776874500,4584085.0,4753914.0,4420001.0,4688748.0,0.26708944
1776875400,4688748.0,4688748.0,4688748.0,4688748.0,0.0
1776876300,4753614.0,4753614.0,4753614.0,4753614.0,0.02036429
1776877200,4753369.0,4753369.0,4753369.0,4753369.0,0.00349709
1776878100,4753369.0,4753369.0,4753369.0,4753369.0,0.0
1776879000,4688730.0,4688730.0,4688730.0,4688730.0,0.0039051
1776879900,4754490.0,4754490.0,4754490.0,4754490.0,0.00429846
1776880800,4754490.0,4754490.0,4754490.0,4754490.0,0.0
1776881700,4754490.0,4754490.0,4690201.0,4690201.0,0.01417774
1776882600,4690201.0,4690201.0,4690201.0,4690201.0,0.0
1776883500,4688676.0,4688676.0,4674873.0,4674873.0,0.02252272
1776884400,4674873.0,4674873.0,4674873.0,4674873.0,0.0
1776885300,4674873.0,4674873.0,4674873.0,4674873.0,0.0
1776886200,4674873.0,4674873.0,4674873.0,4674873.0,0.0
1776887100,4674873.0,4674873.0,4674873.0,4674873.0,0.0
1776888000,4674873.0,4674873.0,4674873.0,4674873.0,0.0
1776888900,4674873.0,4674873.0,4674873.0,4674873.0,0.0
1776889800,4674873.0,4674873.0,4674873.0,4674873.0,0.0
1776890700,4684793.0,4684793.0,4684793.0,4684793.0,0.01113634
1776891600,4754490.0,4763565.0,4754490.0,4763565.0,0.03148879
1776892500,4763565.0,4763565.0,4763565.0,4763565.0,0.0
1776893400,4763565.0,4763565.0,4763565.0,4763565.0,0.0
1776894300,4763565.0,4763565.0,4763565.0,4763565.0,0.0
1776895200,4763565.0,4763565.0,4763565.0,4763565.0,0.0
1776896100,4763565.0,4763565.0,4763565.0,4763565.0,0.0
1776897000,4763565.0,4763565.0,4763565.0,4763565.0,0.0
1776897900,4763565.0,4763565.0,4763565.0,4763565.0,0.0
1776898800,4683172.0,4683172.0,4673215.0,4673215.0,0.05661236
1776899700,4673215.0,4673215.0,4673215.0,4673215.0,0.0
1776900600,4752500.0,4752500.0,4752500.0,4752500.0,0.00525449
1776901500,4752500.0,4752500.0,4752500.0,4752500.0,0.0
1776902400,4741128.0,4741128.0,4741128.0,4741128.0,0.00723941
1776903300,4738608.0,4738608.0,4738608.0,4738608.0,0.00227471
1776904200,4738608.0,4738608.0,4738608.0,4738608.0,0.0
1776905100,4738279.0,4738279.0,4738248.0,4738248.0,0.01468403
1776906000,4738126.0,4738126.0,4738126.0,4738126.0,0.00350961
1776906900,4738126.0,4738126.0,4738126.0,4738126.0,0.0
1776907800,4737861.0,4737861.0,4684264.0,4684264.0,0.00617076
1776908700,4737632.0,4737632.0,4737632.0,4737632.0,0.0021021
1776909600,4684264.0,4737439.0,4678896.0,4737439.0,0.02233812
1776910500,4678896.0,4678896.0,4678896.0,4678896.0,0.00986883
1776911400,4678896.0,4678896.0,4678896.0,4678896.0,0.0
1776912300,4678896.0,4678896.0,4678896.0,4678896.0,0.0
1776913200,4701789.0,4701789.0,4701789.0,4701789.0,0.02110984
1776914100,4701789.0,4701789.0,4701789.0,4701789.0,0.0
1776915000,4701789.0,4701789.0,4701789.0,4701789.0,0.0
1776915900,4700000.0,4700000.0,4700000.0,4700000.0,0.05494107
1776916800,4700000.0,4700000.0,4700000.0,4700000.0,0.0
1776917700,4737659.0,4737659.0,4737659.0,4737659.0,0.02164807
1776918600,4685794.0,4685794.0,4685794.0,4685794.0,0.02969477
1776919500,4685794.0,4685794.0,4685794.0,4685794.0,0.0
1776920400,4685794.0,4685794.0,4685794.0,4685794.0,0.0
1776921300,4685794.0,4685794.0,4685794.0,4685794.0,0.0
1776922200,4673215.0,4795516.0,4673215.0,4795516.0,2.47563557
1776923100,4794488.0,4794488.0,4794488.0,4794488.0,0.00243258
1776924000,4714082.0,4714082.0,4450021.0,4712616.0,2.68085604
1776924900,4741802.0,4744155.0,4741734.0,4744155.0,1.29123022
1776925800,4741401.0,4741401.0,4741401.0,4741401.0,0.00945184
1776926700,4741401.0,4741401.0,4741401.0,4741401.0,0.0
1776927600,4741119.0,4741119.0,4740921.0,4740921.0,0.02781829
1776928500,4740921.0,4740921.0,4740921.0,4740921.0,0.0
1776929400,4740640.0,4740640.0,4740463.0,4740463.0,0.02102858
1776930300,4740446.0,4740446.0,4740446.0,4740446.0,0.01052513
1776931200,4740664.0,4740664.0,4740664.0,4740664.0,0.00210139
1776932100,4740664.0,4740664.0,4740664.0,4740664.0,0.0
1776933000,4740664.0,4740664.0,4740664.0,4740664.0,0.0
1776933900,4693458.0,4740645.0,4691576.0,4691576.0,0.10106796
1776934800,4691576.0,4691576.0,4691576.0,4691576.0,0.0
1776935700,4691576.0,4691576.0,4684724.0,4684724.0,0.11289417
1776936600,4687634.0,4687634.0,4687634.0,4687634.0,0.08742185
1776937500,4741061.0,4741061.0,4741061.0,4741061.0,0.00467427
1776938400,4741061.0,4760812.0,4741061.0,4760691.0,0.23850244
1776939300,4760494.0,4760494.0,4760494.0,4760494.0,0.01041845
1776940200,4760293.0,4760293.0,4760293.0,4760293.0,0.00351617
1776941100,4696452.0,4696452.0,4696452.0,4696452.0,0.01041845
1776942000,4701174.0,4759812.0,4701174.0,4759812.0,0.00659472
1776942900,4701505.0,4701505.0,4701505.0,4701505.0,0.20919337
1776943800,4759404.0,4759404.0,4759404.0,4759404.0,0.0062325
1776944700,4778388.0,4778388.0,4696452.0,4696452.0,0.03034325
1776945600,4773329.0,4773329.0,4773329.0,4773329.0,0.00244378
1776946500,4773755.0,4773755.0,4773724.0,4773724.0,0.02735972
1776947400,4773666.0,4773666.0,4773666.0,4773666.0,0.00720368
1776948300,4776924.0,4776924.0,4775587.0,4775587.0,0.02228981
1776949200,4808517.0,4808517.0,4727392.0,4731680.0,0.01858376
1776950100,4732066.0,4802411.0,4732066.0,4802411.0,0.17560056
1776951000,4799553.0,4799553.0,4723444.0,4729736.0,0.6601682
1776951900,4791903.0,4791903.0,4697041.0,4697041.0,0.04677281
1776952800,4697041.0,4697041.0,4697041.0,4697041.0,0.0
1776953700,4790028.0,4790028.0,4790028.0,4790028.0,0.0227197
1776954600,4709630.0,4789568.0,4709630.0,4789568.0,0.0425452
1776955500,4788605.0,4788605.0,4707449.0,4707449.0,0.02411242
1776956400,4787536.0,4787536.0,4787452.0,4787452.0,0.02642099
1776957300,4787452.0,4787452.0,4787452.0,4787452.0,0.0
1776958200,4787138.0,4787138.0,4787017.0,4787017.0,0.01828669
1776959100,4711686.0,4711686.0,4697041.0,4697041.0,0.02125189
1776960000,4783672.0,4783672.0,4704437.0,4704437.0,0.01674785
1776960900,4783586.0,4783586.0,4783586.0,4783586.0,0.02151147
1776961800,4704437.0,4783442.0,4703895.0,4710273.0,0.26154142
1776962700,4780274.0,4780274.0,4780274.0,4780274.0,0.11120826
1776963600,4710022.0,4776015.0,4697041.0,4697041.0,0.76123974
1776964500,4697041.0,4697041.0,4697000.0,4697000.0,0.02151147
1776965400,4697000.0,4697000.0,4697000.0,4697000.0,0.0
1776966300,4770054.0,4770054.0,4770054.0,4770054.0,0.00592446
1776967200,4770054.0,4770054.0,4770054.0,4770054.0,0.0
1776968100,4770054.0,4770054.0,4770054.0,4770054.0,0.0
1776969000,4770054.0,4770054.0,4770054.0,4770054.0,0.0
1776969900,4770054.0,4770054.0,4770054.0,4770054.0,0.0
1776970800,4726072.0,4726072.0,4726072.0,4726072.0,0.07546943
1776971700,4787452.0,4787452.0,4729298.0,4729298.0,0.1159924
1776972600,4697000.0,4697000.0,4697000.0,4697000.0,0.00385969
1776973500,4787452.0,4787452.0,4728907.0,4728907.0,0.00725186
1776974400,4731951.0,4731951.0,4731951.0,4731951.0,0.00483661
1776975300,4731951.0,4731951.0,4731951.0,4731951.0,0.0
1776976200,4731951.0,4731951.0,4731951.0,4731951.0,0.0
1776977100,4731951.0,4731951.0,4731951.0,4731951.0,0.0
1776978000,4787452.0,4787452.0,4787452.0,4787452.0,0.00758837
1776978900,4787452.0,4787452.0,4787452.0,4787452.0,0.0
1776979800,4787452.0,4787452.0,4787452.0,4787452.0,0.0
1776980700,4787452.0,4787452.0,4787452.0,4787452.0,0.0
1776981600,4787452.0,4787452.0,4787452.0,4787452.0,0.00228806
1776982500,4787452.0,4787452.0,4787452.0,4787452.0,0.0
1776983400,4732306.0,4732306.0,4728907.0,4728907.0,0.02153742
1776984300,4787452.0,4789335.0,4787452.0,4789335.0,0.13881989
1776985200,4789335.0,4789335.0,4789335.0,4789335.0,0.0
1776986100,4789335.0,4789335.0,4789335.0,4789335.0,0.0
1776987000,4728907.0,4789545.0,4711256.0,4789545.0,0.15256127
1776987900,4789545.0,4789545.0,4789545.0,4789545.0,0.0
1776988800,4789545.0,4789545.0,4789545.0,4789545.0,0.0
1776989700,4710067.0,4710067.0,4710067.0,4710067.0,0.20852216
1776990600,4697000.0,4697000.0,4697000.0,4697000.0,0.00720368
1776991500,4775530.0,4775530.0,4775530.0,4775530.0,0.00513806
1776992400,4758993.0,4758993.0,4758993.0,4758993.0,0.00921434
1776993300,4758993.0,4758993.0,4758993.0,4758993.0,0.0
1776994200,4758993.0,4758993.0,4758993.0,4758993.0,0.0
1776995100,4772512.0,4772512.0,4772512.0,4772512.0,0.00208674
1776996000,4772145.0,4772145.0,4772145.0,4772145.0,0.00631854
1776996900,4772006.0,4772006.0,4772006.0,4772006.0,0.01036168
1776997800,4771734.0,4771734.0,4697004.0,4697004.0,0.03698752
1776998700,4697037.0,4697063.0,4697037.0,4697063.0,0.02562063
1776999600,4697063.0,4697063.0,4697063.0,4697063.0,0.0
1777000500,4697063.0,4697063.0,4697063.0,4697063.0,0.0
1777001400,4697063.0,4697063.0,4697063.0,4697063.0,0.0
1777002300,4778089.0,4778089.0,4778089.0,4778089.0,0.01454661
1777003200,4777249.0,4777249.0,4777106.0,4777106.0,0.00522213
1777004100,4777106.0,4777106.0,4777106.0,4777106.0,0.0
1777005000,4776765.0,4776765.0,4776717.0,4776717.0,0.21724606
1777005900,4697628.0,4776675.0,4697628.0,4776675.0,0.0275699
1777006800,4776511.0,4776511.0,4776179.0,4776179.0,0.02283149
1777007700,4697628.0,4776094.0,4697004.0,4776094.0,0.02623864
1777008600,4775968.0,4776149.0,4697004.0,4776149.0,0.17980736
1777009500,4776200.0,4776200.0,4776200.0,4776200.0,0.00677421
1777010400,4776200.0,4776200.0,4776200.0,4776200.0,0.0
1777011300,4776200.0,4776200.0,4776200.0,4776200.0,0.0
1777012200,4697004.0,4697004.0,4697004.0,4697004.0,0.05767457
1777013100,4697004.0,4771341.0,4697004.0,4771341.0,0.00457219
1777014000,4697004.0,4697004.0,4697000.0,4697000.0,0.00421312
1777014900,4697000.0,4697000.0,4697000.0,4697000.0,0.0
1777015800,4697000.0,4697000.0,4697000.0,4697000.0,0.0
1777016700,4697000.0,4697000.0,4683833.0,4683833.0,0.06150066
1777017600,4756460.0,4756460.0,4756460.0,4756460.0,0.00209378
1777018500,4756333.0,4756333.0,4756333.0,4756333.0,0.20792068
1777019400,4756333.0,4756333.0,4756333.0,4756333.0,0.0
1777020300,4663950.0,4663950.0,4663950.0,4663950.0,0.00255879
1777021200,4663950.0,4663950.0,4663950.0,4663950.0,0.0
1777022100,4663950.0,4663950.0,4663950.0,4663950.0,0.0
1777023000,4663950.0,4663950.0,4663950.0,4663950.0,0.0
1777023900,4751444.0,4751444.0,4751444.0,4751444.0,0.00833009
1777024800,4751444.0,4751444.0,4751444.0,4751444.0,0.0
1777025700,4680948.0,4680948.0,4678285.0,4678285.0,0.01854266
1777026600,4678497.0,4678497.0,4678497.0,4678497.0,0.00757786
1777027500,4600008.0,4669734.0,4600008.0,4669734.0,0.03283461
1777028400,4669734.0,4669734.0,4669734.0,4669734.0,0.0
1777029300,4747807.0,4747807.0,4747807.0,4747807.0,0.0041952
1777030200,4680981.0,4748392.0,4680981.0,4748392.0,0.02945456
1777031100,4748392.0,4753536.0,4680985.0,4753536.0,0.08461782
1777032000,4753536.0,4753536.0,4753536.0,4753536.0,0.0
1777032900,4753536.0,4753536.0,4753536.0,4753536.0,0.0
1777033800,4753366.0,4753366.0,4753366.0,4753366.0,0.04982763
1777034700,4753366.0,4753366.0,4753366.0,4753366.0,0.0
1777035600,4753366.0,4753366.0,4753366.0,4753366.0,0.0
1777036500,4687896.0,4687896.0,4687896.0,4687896.0,0.00427727
1777037400,4687896.0,4687896.0,4687896.0,4687896.0,0.0
1777038300,4687896.0,4687896.0,4687896.0,4687896.0,0.0
1777039200,4743596.0,4743596.0,4743596.0,4743596.0,0.00234758
1777040100,4740991.0,4740991.0,4740991.0,4740991.0,0.00246467
1777041000,4740991.0,4740991.0,4740991.0,4740991.0,0.0
1777041900,4680993.0,4680993.0,4680993.0,4680993.0,0.00288349
1777042800,4680993.0,4739634.0,4680993.0,4739634.0,0.00874923
1777043700,4739558.0,4739558.0,4739558.0,4739558.0,0.00996063
1777044600,4726896.0,4726896.0,4726896.0,4726896.0,0.00719605
1777045500,4680993.0,4680993.0,4680993.0,4680993.0,0.00232295
1777046400,4680993.0,4680993.0,4680985.0,4680985.0,0.00843508
1777047300,4726728.0,4726728.0,4680985.0,4680985.0,0.01202186
1777048200,4680985.0,4680985.0,4680985.0,4680985.0,0.0
1777049100,4722091.0,4728363.0,4722091.0,4728363.0,0.04228246
1777050000,4728363.0,4728363.0,4728363.0,4728363.0,0.0
1777050900,4728363.0,4728363.0,4728363.0,4728363.0,0.0
1777051800,4680985.0,4717099.0,4415000.0,4637487.0,2.17222678
1777052700,4637487.0,4637487.0,4637487.0,4637487.0,0.0
1777053600,4637487.0,4637487.0,4637487.0,4637487.0,0.0
1777054500,4637487.0,4637487.0,4637487.0,4637487.0,0.0
1777055400,4672124.0,4672124.0,4672124.0,4672124.0,0.0222347
1777056300,4672124.0,4672124.0,4672124.0,4672124.0,0.0
1777057200,4672124.0,4672124.0,4672124.0,4672124.0,0.0
1777058100,4672124.0,4672124.0,4640790.0,4640790.0,0.01052044
1777059000,4640790.0,4640790.0,4640790.0,4640790.0,0.0
1777059900,4640790.0,4640790.0,4640790.0,4640790.0,0.0
1777060800,4640790.0,4640790.0,4640790.0,4640790.0,0.0
1777061700,4640790.0,4640790.0,4640790.0,4640790.0,0.0
1777062600,4640790.0,4640790.0,4640790.0,4640790.0,0.0
1777063500,4640790.0,4640790.0,4640790.0,4640790.0,0.0
1777064400,4727453.0,4727453.0,4727453.0,4727453.0,0.00631989
1777065300,4657983.0,4657983.0,4657983.0,4657983.0,0.00251664
1777066200,4727457.0,4737640.0,4727457.0,4737640.0,0.01895363
1777067100,4737640.0,4737640.0,4737640.0,4737640.0,0.0
1777068000,4657983.0,4657983.0,4657983.0,4657983.0,0.00631989
1777068900,4657983.0,4657983.0,4657983.0,4657983.0,0.0
1777069800,4657983.0,4657983.0,4657983.0,4657983.0,0.0
1777070700,4657983.0,4657983.0,4657983.0,4657983.0,0.0
1777071600,4657983.0,4657983.0,4657983.0,4657983.0,0.0
1777072500,4657983.0,4657983.0,4657983.0,4657983.0,0.0
1777073400,4657983.0,4657983.0,4657983.0,4657983.0,0.01192071
1777074300,4657983.0,4657983.0,4657983.0,4657983.0,0.0
1777075200,4657983.0,4657983.0,4657983.0,4657983.0,0.0
1777076100,4657983.0,4657983.0,4657983.0,4657983.0,0.0
1777077000,4737219.0,4737219.0,4737219.0,4737219.0,0.00310118
1777077900,4737219.0,4737219.0,4737219.0,4737219.0,0.0
1777078800,4729545.0,4729545.0,4657985.0,4657985.0,0.00826252
1777079700,4657985.0,4657985.0,4657985.0,4657985.0,0.0
1777080600,4657985.0,4657985.0,4657985.0,4657985.0,0.0
1777081500,4657985.0,4657985.0,4657985.0,4657985.0,0.0
1777082400,4729545.0,4737491.0,4657986.0,4657986.0,0.02145553
1777083300,4657986.0,4657986.0,4657986.0,4657986.0,0.0
1777084200,4657986.0,4657986.0,4657986.0,4657986.0,0.0
1777085100,4737470.0,4737470.0,4737470.0,4737470.0,0.01065019
1777086000,4737457.0,4737457.0,4737457.0,4737457.0,0.10758337
1777086900,4737492.0,4737501.0,4737492.0,4737501.0,0.02316582
1777087800,4737501.0,4737501.0,4737501.0,4737501.0,0.0
1777088700,4657986.0,4657986.0,4657985.0,4657985.0,0.0975072
1777089600,4657985.0,4657985.0,4657985.0,4657985.0,0.0
1777090500,4737500.0,4737500.0,4737500.0,4737500.0,0.00400907
1777091400,4715915.0,4715915.0,4715915.0,4715915.0,0.00593352
1777092300,4657985.0,4715915.0,4657985.0,4715915.0,0.08887273
1777093200,4657985.0,4657985.0,4657983.0,4657983.0,0.01570117
1777094100,4731096.0,4731096.0,4731096.0,4731096.0,0.00517448
1777095000,4731096.0,4731096.0,4731096.0,4731096.0,0.0
1777095900,4731096.0,4731096.0,4731096.0,4731096.0,0.0
1777096800,4658154.0,4658154.0,4658154.0,4658154.0,0.00216352
1777097700,4658154.0,4658154.0,4658154.0,4658154.0,0.00517448
1777098600,4716958.0,4716958.0,4716958.0,4716958.0,0.00238289
1777099500,4727432.0,4727432.0,4727432.0,4727432.0,0.02026449
1777100400,4727432.0,4727432.0,4727432.0,4727432.0,0.0
1777101300,4727432.0,4727432.0,4727432.0,4727432.0,0.0
1777102200,4727432.0,4727432.0,4727432.0,4727432.0,0.0
1777103100,4734059.0,4734059.0,4734059.0,4734059.0,0.00404177
1777104000,4734063.0,4734063.0,4734063.0,4734063.0,0.00522426
1777104900,4658154.0,4658154.0,4658154.0,4658154.0,0.00221323
1777105800,4658154.0,4658154.0,4658154.0,4658154.0,0.0
1777106700,4658154.0,4658154.0,4658154.0,4658154.0,0.0
1777107600,4658154.0,4658154.0,4658154.0,4658154.0,0.0
1777108500,4719928.0,4719928.0,4719928.0,4719928.0,0.00367992
1777109400,4719928.0,4719928.0,4719928.0,4719928.0,0.0
1777110300,4658200.0,4719928.0,4658200.0,4658200.0,0.0538038
1777111200,4658200.0,4658200.0,4658200.0,4658200.0,0.0
1777112100,4734063.0,4734063.0,4663473.0,4663473.0,0.01173766
1777113000,4663473.0,4663473.0,4663473.0,4663473.0,0.0
1777113900,4734059.0,4734063.0,4734059.0,4734063.0,0.01120327
1777114800,4734063.0,4734063.0,4734063.0,4734063.0,0.00527052
1777115700,4734063.0,4734063.0,4734063.0,4734063.0,0.0
1777116600,4734063.0,4734063.0,4734063.0,4734063.0,0.0
1777117500,4663473.0,4663473.0,4660473.0,4660473.0,0.02493904
1777118400,4663473.0,4663473.0,4663473.0,4663473.0,0.00305887
1777119300,4663473.0,4663473.0,4663473.0,4663473.0,0.0
1777120200,4663473.0,4663473.0,4663473.0,4663473.0,0.0
1777121100,4663473.0,4663473.0,4663473.0,4663473.0,0.00286521
1777122000,4663473.0,4663473.0,4663473.0,4663473.0,0.0
1777122900,4732900.0,4732900.0,4732900.0,4732900.0,0.0021042
1777123800,4732900.0,4732900.0,4732900.0,4732900.0,0.0
1777124700,4713821.0,4713821.0,4713821.0,4713821.0,0.02112723
1777125600,4663473.0,4734761.0,4663473.0,4734761.0,0.95241693
1777126500,4734761.0,4734761.0,4734761.0,4734761.0,0.0
1777127400,4663473.0,4663473.0,4663473.0,4663473.0,0.00357365
1777128300,4733539.0,4733539.0,4733539.0,4733539.0,1.37159596
1777129200,4733539.0,4733539.0,4733539.0,4733539.0,0.0
1777130100,4737496.0,4737496.0,4737496.0,4737496.0,0.00260918
1777131000,4663473.0,4737493.0,4663473.0,4737493.0,0.01058753
1777131900,4737493.0,4737493.0,4737493.0,4737493.0,0.0
1777132800,4737493.0,4737493.0,4737493.0,4737493.0,0.01037995
1777133700,4737493.0,4737493.0,4663473.0,4663473.0,0.0235236
1777134600,4663473.0,4663473.0,4663473.0,4663473.0,0.0
1777135500,4720103.0,4720103.0,4663900.0,4720103.0,0.01444888
1777136400,4720103.0,4720103.0,4720103.0,4720103.0,0.0
1777137300,4720103.0,4720103.0,4720103.0,4720103.0,0.0
1777138200,4720103.0,4720103.0,4720103.0,4720103.0,0.0
1777139100,4720103.0,4720103.0,4720103.0,4720103.0,0.0
1777140000,4717136.0,4717136.0,4663900.0,4663900.0,0.03851064
1777140900,4737493.0,4737493.0,4717136.0,4717136.0,0.04936324
1777141800,4717136.0,4717136.0,4717136.0,4717136.0,0.0
1777142700,4737493.0,4737493.0,4737493.0,4737493.0,0.00749573
1777143600,4737493.0,4737493.0,4737493.0,4737493.0,0.0
1777144500,4663900.0,4663900.0,4663900.0,4663900.0,0.00317653
1777145400,4737200.0,4737200.0,4663900.0,4737200.0,0.00907243
1777146300,4737200.0,4737200.0,4737200.0,4737200.0,0.0
1777147200,4737200.0,4737200.0,4737200.0,4737200.0,0.0
1777148100,4737200.0,4737200.0,4737200.0,4737200.0,0.0
1777149000,4663900.0,4663900.0,4500000.0,4654380.0,0.20789561
1777149900,4500000.0,4654380.0,4500000.0,4654380.0,0.03514912
1777150800,4654380.0,4654380.0,4654380.0,4654380.0,0.04514985
1777151700,4654380.0,4654380.0,4654380.0,4654380.0,0.0
1777152600,4654380.0,4654380.0,4654380.0,4654380.0,0.0
1777153500,4636194.0,4636194.0,4636194.0,4636194.0,0.00827779
1777154400,4636194.0,4636194.0,4636194.0,4636194.0,0.0
1777155300,4636194.0,4636194.0,4636194.0,4636194.0,0.0
1777156200,4636194.0,4636194.0,4636194.0,4636194.0,0.0
1777157100,4715200.0,4715200.0,4636194.0,4636194.0,0.00632649
1777158000,4636194.0,4636194.0,4636194.0,4636194.0,0.0
1777158900,4636194.0,4636194.0,4636194.0,4636194.0,0.0
1777159800,4636194.0,4636194.0,4636194.0,4636194.0,0.0
1777160700,4636194.0,4636194.0,4636194.0,4636194.0,0.0
1777161600,4636194.0,4636194.0,4636194.0,4636194.0,0.0
1777162500,4636194.0,4636194.0,4636194.0,4636194.0,0.0
1777163400,4715199.0,4715199.0,4715199.0,4715199.0,0.00228495
1777164300,4715199.0,4715199.0,4715199.0,4715199.0,0.00316805
1777165200,4715199.0,4715199.0,4715199.0,4715199.0,0.0
1777166100,4652152.0,4652152.0,4652152.0,4652152.0,0.00691119
1777167000,4652152.0,4652152.0,4652152.0,4652152.0,0.0
1777167900,4652156.0,4652156.0,4652156.0,4652156.0,0.00677421
1777168800,4652152.0,4652152.0,4652152.0,4652152.0,0.00489038
1777169700,4652152.0,4652152.0,4652152.0,4652152.0,0.0
1777170600,4652152.0,4652152.0,4652152.0,4652152.0,0.0052868
1777171500,4715199.0,4715199.0,4715199.0,4715199.0,0.00582881
1777172400,4652152.0,4652152.0,4652152.0,4652152.0,0.09321946
1777173300,4652152.0,4652152.0,4652152.0,4652152.0,0.0
1777174200,4652152.0,4652152.0,4652152.0,4652152.0,0.0
1777175100,4652152.0,4652152.0,4652152.0,4652152.0,0.0
1777176000,4652152.0,4652152.0,4652152.0,4652152.0,0.0
1777176900,4715191.0,4715191.0,4715191.0,4715191.0,0.00422421
1777177800,4715191.0,4715191.0,4715191.0,4715191.0,0.0
1777178700,4715191.0,4715191.0,4715191.0,4715191.0,0.0
1777179600,4715191.0,4715191.0,4715191.0,4715191.0,0.0
1777180500,4715016.0,4715020.0,4715016.0,4715020.0,0.02122684
1777181400,4715020.0,4715020.0,4715020.0,4715020.0,0.0
1777182300,4715020.0,4715020.0,4715020.0,4715020.0,0.0
1777183200,4715020.0,4715020.0,4715020.0,4715020.0,0.0
1777184100,4715020.0,4715020.0,4715020.0,4715020.0,0.01017577
1777185000,4652321.0,4652321.0,4652321.0,4652321.0,0.00522426
1777185900,4652321.0,4652321.0,4652321.0,4652321.0,0.0208601
1777186800,4652321.0,4652321.0,4652321.0,4652321.0,0.0
1777187700,4652321.0,4652321.0,4652321.0,4652321.0,0.0
1777188600,4652321.0,4652321.0,4652321.0,4652321.0,0.0
1777189500,4652321.0,4652321.0,4652321.0,4652321.0,0.0
1777190400,4652321.0,4652321.0,4652321.0,4652321.0,0.0
1777191300,4715020.0,4723942.0,4715020.0,4723942.0,0.21103119
1777192200,4723942.0,4723942.0,4723942.0,4723942.0,0.0
1777193100,4723942.0,4723942.0,4723942.0,4723942.0,0.00637306
1777194000,4723942.0,4723942.0,4723942.0,4723942.0,0.0
1777194900,4723942.0,4723942.0,4723942.0,4723942.0,0.0
1777195800,4731969.0,4746976.0,4731969.0,4746976.0,0.18604904
1777196700,4667076.0,4667076.0,4667076.0,4667076.0,0.0023101
1777197600,4746976.0,4746976.0,4746976.0,4746976.0,0.00220203
1777198500,4746976.0,4746976.0,4746976.0,4746976.0,0.0
1777199400,4667247.0,4667247.0,4667247.0,4667247.0,0.02112723
1777200300,4667250.0,4667250.0,4667250.0,4667250.0,0.00758556
1777201200,4667250.0,4667250.0,4667250.0,4667250.0,0.0
1777202100,4667250.0,4667250.0,4667250.0,4667250.0,0.0
1777203000,4667250.0,4667250.0,4667250.0,4667250.0,0.0
1777203900,4747020.0,4747020.0,4747020.0,4747020.0,0.00545816
1777204800,4747020.0,4747020.0,4747020.0,4747020.0,0.0
1777205700,4747020.0,4747020.0,4747020.0,4747020.0,0.0
1777206600,4747020.0,4747020.0,4747020.0,4747020.0,0.0
1777207500,4747020.0,4747020.0,4747020.0,4747020.0,0.0
1777208400,4747020.0,4757400.0,4747020.0,4757400.0,0.01139321
1777209300,4757400.0,4757400.0,4757400.0,4757400.0,0.0
1777210200,4667650.0,4667650.0,4659012.0,4659012.0,0.21871306
1777211100,4728828.0,4728828.0,4728828.0,4728828.0,0.00210601
1777212000,4728828.0,4728828.0,4728828.0,4728828.0,0.0
1777212900,4728828.0,4728828.0,4728828.0,4728828.0,0.0
1777213800,4757200.0,4757200.0,4757200.0,4757200.0,0.00377427
1777214700,4652650.0,4652650.0,4652650.0,4652650.0,0.00377427
1777215600,4652650.0,4652650.0,4652650.0,4652650.0,0.0
1777216500,4652651.0,4652651.0,4652651.0,4652651.0,0.00424722
1777217400,4652651.0,4652651.0,4652651.0,4652651.0,0.0
1777218300,4730573.0,4730573.0,4730573.0,4730573.0,0.00426586
1777219200,4730573.0,4730573.0,4730573.0,4730573.0,0.00310364
1777220100,4730572.0,4730573.0,4730572.0,4730573.0,0.02263552
1777221000,4730573.0,4730573.0,4730573.0,4730573.0,0.0
1777221900,4730573.0,4730573.0,4730573.0,4730573.0,0.0
1777222800,4730573.0,4730573.0,4730573.0,4730573.0,0.0
1777223700,4661757.0,4661757.0,4661757.0,4661757.0,0.00475458
1777224600,4661757.0,4661757.0,4661757.0,4661757.0,0.0
1777225500,4661757.0,4661757.0,4661757.0,4661757.0,0.0
1777226400,4661757.0,4661757.0,4661757.0,4661757.0,0.0
1777227300,4661757.0,4661757.0,4661757.0,4661757.0,0.0
1777228200,4661757.0,4661757.0,4661757.0,4661757.0,0.0
1777229100,4661757.0,4661757.0,4661757.0,4661757.0,0.0
1777230000,4661757.0,4661757.0,4661757.0,4661757.0,0.0
1777230900,4661757.0,4661757.0,4661757.0,4661757.0,0.0
1777231800,4661757.0,4661757.0,4661757.0,4661757.0,0.0
1777232700,4738949.0,4738949.0,4738949.0,4738949.0,0.0076021
1777233600,4738949.0,4738949.0,4738949.0,4738949.0,0.0
1777234500,4738949.0,4738949.0,4738949.0,4738949.0,0.0
1777235400,4738949.0,4738949.0,4738949.0,4738949.0,0.0
1777236300,4738949.0,4738949.0,4738949.0,4738949.0,0.0
1777237200,4738949.0,4738949.0,4738949.0,4738949.0,0.0
1777238100,4738949.0,4738949.0,4738949.0,4738949.0,0.0
1777239000,4738949.0,4738949.0,4738949.0,4738949.0,0.0
1777239900,4738949.0,4738949.0,4738949.0,4738949.0,0.0
1777240800,4738949.0,4738949.0,4738949.0,4738949.0,0.0
1777241700,4738949.0,4738949.0,4738949.0,4738949.0,0.0
1777242600,4739020.0,4740000.0,4739020.0,4740000.0,0.21011919
1777243500,4748460.0,4748460.0,4671165.0,4671165.0,0.21619111
1777244400,4671165.0,4671165.0,4671165.0,4671165.0,0.0
1777245300,4671165.0,4671165.0,4671165.0,4671165.0,0.0
1777246200,4671165.0,4671165.0,4671165.0,4671165.0,0.0
1777247100,4671165.0,4671165.0,4671165.0,4671165.0,0.0
1777248000,4671165.0,4671165.0,4671165.0,4671165.0,0.0
1777248900,4682793.0,4682793.0,4682793.0,4682793.0,0.00800677
1777249800,4757200.0,4765188.0,4757200.0,4765188.0,0.19338707
1777250700,4762782.0,4762782.0,4762782.0,4762782.0,0.00226191
1777251600,4762782.0,4762782.0,4762782.0,4762782.0,0.01971473
1777252500,4760539.0,4760539.0,4760539.0,4760539.0,0.00418419
1777253400,4760539.0,4760539.0,4760539.0,4760539.0,0.0
1777254300,4706763.0,4706763.0,4706763.0,4706763.0,0.0210973
1777255200,4706763.0,4706763.0,4706763.0,4706763.0,0.0
1777256100,4714109.0,4714109.0,4714109.0,4714109.0,0.01001207
1777257000,4714109.0,4714109.0,4714109.0,4714109.0,0.0
1777257900,4714109.0,4714109.0,4714109.0,4714109.0,0.0
1777258800,4714109.0,4714109.0,4714109.0,4714109.0,0.0
1777259700,4714109.0,4714109.0,4714109.0,4714109.0,0.0
1777260600,4710000.0,4710000.0,4710000.0,4710000.0,0.02436283
1777261500,4710000.0,4710000.0,4710000.0,4710000.0,0.0
1777262400,4684981.0,4730253.0,4684981.0,4730253.0,0.11101664
1777263300,4684981.0,4730950.0,4684981.0,4730950.0,0.04051668
1777264200,4684981.0,4684981.0,4684981.0,4684981.0,0.0086442
1777265100,4731247.0,4731247.0,4731247.0,4731247.0,0.10489771
1777266000,4671165.0,4671165.0,4671165.0,4671165.0,0.00271795
1777266900,4671165.0,4671165.0,4671165.0,4671165.0,0.0
1777267800,4671165.0,4671165.0,4671165.0,4671165.0,0.0
1777268700,4671165.0,4671165.0,4655058.0,4655058.0,0.21759336
1777269600,4714396.0,4714396.0,4714396.0,4714396.0,0.00603449
1777270500,4714396.0,4714396.0,4714396.0,4714396.0,0.0
1777271400,4652900.0,4652900.0,4652000.0,4652000.0,0.74291316
1777272300,4652000.0,4652000.0,4652000.0,4652000.0,0.00235232
1777273200,4652000.0,4652000.0,4652000.0,4652000.0,0.0
1777274100,4652000.0,4652000.0,4652000.0,4652000.0,0.0
1777275000,4707832.0,4707832.0,4707832.0,4707832.0,0.00211541
1777275900,4707832.0,4707832.0,4707832.0,4707832.0,0.0
1777276800,4652000.0,4652000.0,4652000.0,4652000.0,0.00610855
1777277700,4652000.0,4652000.0,4652000.0,4652000.0,0.0
1777278600,4652000.0,4652000.0,4652000.0,4652000.0,0.00507338
1777279500,4652000.0,4652000.0,4652000.0,4652000.0,0.0
1777280400,4656609.0,4656609.0,4656609.0,4656609.0,0.02630154
1777281300,4658417.0,4658417.0,4658417.0,4658417.0,0.00374139
1777282200,4705187.0,4705646.0,4659000.0,4659000.0,0.08264947
1777283100,4659000.0,4659000.0,4659000.0,4659000.0,0.0
1777284000,4659000.0,4659000.0,4659000.0,4659000.0,0.0
1777284900,4659000.0,4659000.0,4659000.0,4659000.0,0.0
1777285800,4652000.0,4652000.0,4652000.0,4652000.0,0.01001207
1777286700,4666198.0,4666198.0,4666198.0,4666198.0,0.00213428
1777287600,4652000.0,4705200.0,4652000.0,4705200.0,0.09270297
1777288500,4705200.0,4705200.0,4705200.0,4705200.0,0.0
1777289400,4705200.0,4705200.0,4705200.0,4705200.0,0.00310528
1777290300,4705200.0,4705200.0,4705200.0,4705200.0,0.0
1777291200,4705200.0,4705200.0,4705200.0,4705200.0,0.0
1777292100,4705200.0,4705200.0,4705200.0,4705200.0,0.0
1777293000,4652900.0,4652900.0,4652900.0,4652900.0,0.02123345
1777293900,4652900.0,4652900.0,4652900.0,4652900.0,0.0
1777294800,4652900.0,4652900.0,4652900.0,4652900.0,0.0
1777295700,4652900.0,4652900.0,4652000.0,4652000.0,1.72181575
1777296600,4652000.0,4652000.0,4652000.0,4652000.0,0.0
1777297500,4652000.0,4652000.0,4652000.0,4652000.0,0.0
1777298400,4597263.0,4597263.0,4595355.0,4595355.0,0.10555848
1777299300,4595355.0,4595355.0,4595355.0,4595355.0,0.0
1777300200,4660005.0,4668564.0,4660005.0,4668564.0,0.08908201
1777301100,4584893.0,4660960.0,4582903.0,4660960.0,0.12541241
1777302000,4660960.0,4660960.0,4660960.0,4660960.0,0.0
1777302900,4660960.0,4660960.0,4660960.0,4660960.0,0.0
1777303800,4660960.0,4660960.0,4660960.0,4660960.0,0.0
1777304700,4660960.0,4660960.0,4660960.0,4660960.0,0.0
1777305600,4580383.0,4580383.0,4580383.0,4580383.0,0.00274607
1777306500,4580383.0,4580383.0,4580383.0,4580383.0,0.0
1777307400,4580901.0,4580968.0,4580901.0,4580968.0,1.00291976
1777308300,4580968.0,4580968.0,4580968.0,4580968.0,0.0
1777309200,4580968.0,4580968.0,4580968.0,4580968.0,0.0
1777310100,4580968.0,4580968.0,4580968.0,4580968.0,0.0
1777311000,4551035.0,4551035.0,4551035.0,4551035.0,0.00542753
1777311900,4660920.0,4660920.0,4660920.0,4660920.0,0.06155801
1777312800,4660920.0,4660920.0,4660920.0,4660920.0,0.0
1777313700,4660920.0,4660920.0,4660920.0,4660920.0,0.0
1777314600,4660920.0,4660920.0,4660920.0,4660920.0,0.0
1777315500,4550995.0,4550995.0,4550995.0,4550995.0,0.00552423
1777316400,4550995.0,4550995.0,4550995.0,4550995.0,0.0
1777317300,4550995.0,4550995.0,4550995.0,4550995.0,0.0
1777318200,4550995.0,4550995.0,4550995.0,4550995.0,0.0
1777319100,4550995.0,4550995.0,4550995.0,4550995.0,0.0
1777320000,4652790.0,4652794.0,4551222.0,4551222.0,0.04293722
1777320900,4551222.0,4551222.0,4551222.0,4551222.0,0.0
1777321800,4551222.0,4551222.0,4551222.0,4551222.0,0.0
1777322700,4551222.0,4551222.0,4551222.0,4551222.0,0.0
1777323600,4551303.0,4551303.0,4551303.0,4551303.0,0.08517761
1777324500,4551303.0,4551303.0,4551303.0,4551303.0,0.0
1777325400,4551303.0,4551303.0,4551303.0,4551303.0,0.0
1777326300,4551303.0,4551303.0,4551303.0,4551303.0,0.0
1777327200,4551303.0,4551303.0,4551303.0,4551303.0,0.0
1777328100,4679742.0,4679742.0,4679742.0,4679742.0,0.02128108
1777329000,4679742.0,4679742.0,4679742.0,4679742.0,0.0
1777329900,4679742.0,4679742.0,4679742.0,4679742.0,0.0
1777330800,4675847.0,4675847.0,4675847.0,4675847.0,0.01469594
1777331700,4675847.0,4675847.0,4675847.0,4675847.0,0.0
1777332600,4675847.0,4675847.0,4675847.0,4675847.0,0.0
1777333500,4675847.0,4675847.0,4675847.0,4675847.0,0.0
1777334400,4675847.0,4675847.0,4675847.0,4675847.0,0.0
1777335300,4675847.0,4675847.0,4675847.0,4675847.0,0.0
1777336200,4675847.0,4675847.0,4675847.0,4675847.0,0.0
1777337100,4675847.0,4675847.0,4675847.0,4675847.0,0.0
1777338000,4674953.0,4674953.0,4552532.0,4552532.0,0.01436297
1777338900,4552532.0,4552532.0,4552532.0,4552532.0,0.0
1777339800,4552395.0,4552395.0,4552395.0,4552395.0,0.06142263
1777340700,4552530.0,4552530.0,4552530.0,4552530.0,0.02026449
1777341600,4673497.0,4684195.0,4673497.0,4684195.0,0.04485121
1777342500,4687956.0,4687956.0,4687956.0,4687956.0,0.0106219
1777343400,4686866.0,4686866.0,4552554.0,4552595.0,0.01931155
1777344300,4552595.0,4552595.0,4552595.0,4552595.0,0.0
1777345200,4552595.0,4552595.0,4552595.0,4552595.0,0.0
1777346100,4552595.0,4552595.0,4552595.0,4552595.0,0.0
1777347000,4553156.0,4553156.0,4553156.0,4553156.0,0.02178742
1777347900,4553156.0,4553156.0,4553156.0,4553156.0,0.0
1777348800,4553156.0,4553156.0,4553156.0,4553156.0,0.0
1777349700,4553593.0,4553593.0,4553593.0,4553593.0,0.0100769
1777350600,4553593.0,4553593.0,4553593.0,4553593.0,0.0
1777351500,4553593.0,4553593.0,4553593.0,4553593.0,0.0
1777352400,4553593.0,4553593.0,4553593.0,4553593.0,0.0
1777353300,4553593.0,4553593.0,4553593.0,4553593.0,0.0
1777354200,4554393.0,4688529.0,4554393.0,4688529.0,0.0668072
1777355100,4688529.0,4688529.0,4688529.0,4688529.0,0.0
1777356000,4688529.0,4688529.0,4688529.0,4688529.0,0.0
1777356900,4688529.0,4688529.0,4688529.0,4688529.0,0.0
1777357800,4688529.0,4688529.0,4688529.0,4688529.0,0.0
1777358700,4676375.0,4676375.0,4676375.0,4676375.0,0.01050001
1777359600,4553246.0,4675866.0,4553246.0,4675866.0,0.03632813
1777360500,4675884.0,4676290.0,4675884.0,4676290.0,0.11206621
1777361400,4688405.0,4688405.0,4553070.0,4553070.0,0.01445175
1777362300,4553070.0,4553070.0,4553070.0,4553070.0,0.0
1777363200,4553070.0,4553070.0,4553070.0,4553070.0,0.0
1777364100,4553158.0,4553161.0,4553158.0,4553161.0,0.0158554
1777365000,4553161.0,4553161.0,4553161.0,4553161.0,0.0
1777365900,4553161.0,4553161.0,4553161.0,4553161.0,0.0
1777366800,4553161.0,4553161.0,4553161.0,4553161.0,0.0
1777367700,4688405.0,4693905.0,4553472.0,4553472.0,0.02000088
1777368600,4695583.0,4695607.0,4695583.0,4695607.0,0.01655743
1777369500,4695607.0,4695607.0,4695607.0,4695607.0,0.0
1777370400,4705635.0,4705635.0,4705635.0,4705635.0,0.00558734
1777371300,4705646.0,4705646.0,4705646.0,4705646.0,0.00211639
1777372200,4705646.0,4705646.0,4705646.0,4705646.0,0.0
1777373100,4705646.0,4705646.0,4705646.0,4705646.0,0.0
1777374000,4705646.0,4705646.0,4705646.0,4705646.0,0.0
1777374900,4554368.0,4554368.0,4554368.0,4554368.0,0.0222705
1777375800,4554410.0,4554465.0,4554410.0,4554465.0,0.0080295
1777376700,4705641.0,4705641.0,4554592.0,4554592.0,0.00632656
1777377600,4705640.0,4705640.0,4705640.0,4705640.0,0.00827028
1777378500,4705640.0,4705640.0,4705640.0,4705640.0,0.0
1777379400,4705640.0,4705640.0,4705640.0,4705640.0,0.0
1777380300,4555056.0,4705645.0,4555056.0,4705645.0,0.01201935
1777381200,4705640.0,4705645.0,4555227.0,4555227.0,0.06407955
1777382100,4555318.0,4555336.0,4555318.0,4555336.0,0.00633272
1777383000,4555336.0,4555336.0,4555336.0,4555336.0,0.0
1777383900,4555336.0,4555336.0,4555336.0,4555336.0,0.0
1777384800,4705644.0,4705645.0,4555832.0,4555832.0,0.04048775
1777385700,4555893.0,4555914.0,4555893.0,4555914.0,0.01088529
1777386600,4555914.0,4555914.0,4555914.0,4555914.0,0.0
1777387500,4705642.0,4705642.0,4705642.0,4705642.0,0.01714026
1777388400,4705642.0,4705642.0,4705642.0,4705642.0,0.0
1777389300,4556323.0,4556323.0,4556323.0,4556323.0,0.00426586
1777390200,4556323.0,4556323.0,4556323.0,4556323.0,0.0
1777391100,4705642.0,4705642.0,4556499.0,4556499.0,0.00670891
1777392000,4557036.0,4705646.0,4557036.0,4705646.0,0.05509275
1777392900,4705646.0,4705646.0,4705646.0,4705646.0,0.0
1777393800,4705646.0,4705646.0,4557228.0,4557228.0,0.00818802
1777394700,4557228.0,4557228.0,4557228.0,4557228.0,0.0
1777395600,4557228.0,4557228.0,4557228.0,4557228.0,0.0
1777396500,4557228.0,4557228.0,4557228.0,4557228.0,0.0
1777397400,4557228.0,4557228.0,4557228.0,4557228.0,0.0
1777398300,4557228.0,4557228.0,4557228.0,4557228.0,0.0
1777399200,4557228.0,4557228.0,4557228.0,4557228.0,0.0
1777400100,4557228.0,4557228.0,4557228.0,4557228.0,0.0
1777401000,4705645.0,4705645.0,4558400.0,4558400.0,0.00720452
1777401900,4705645.0,4705645.0,4705645.0,4705645.0,0.00221542
1777402800,4705645.0,4705645.0,4705645.0,4705645.0,0.0
1777403700,4705645.0,4705645.0,4705645.0,4705645.0,0.0
1777404600,4705645.0,4705645.0,4705645.0,4705645.0,0.0
1777405500,4705645.0,4705645.0,4705645.0,4705645.0,0.0
1777406400,4705645.0,4705645.0,4705645.0,4705645.0,0.0
1777407300,4705645.0,4705645.0,4705645.0,4705645.0,0.0
1777408200,4705645.0,4705645.0,4705645.0,4705645.0,0.0
1777409100,4705645.0,4705645.0,4705645.0,4705645.0,0.0
1777410000,4705645.0,4705645.0,4705645.0,4705645.0,0.0
1777410900,4705645.0,4705645.0,4705645.0,4705645.0,0.0
1777411800,4705645.0,4705645.0,4705645.0,4705645.0,0.0
1777412700,4559539.0,4705200.0,4559539.0,4705200.0,0.01293809
1777413600,4705200.0,4705200.0,4705200.0,4705200.0,0.00211659
1777414500,4705200.0,4705200.0,4705200.0,4705200.0,0.0
1777415400,4705200.0,4705200.0,4705200.0,4705200.0,0.0
1777416300,4705196.0,4705200.0,4559920.0,4559920.0,0.03265196
1777417200,4559920.0,4559920.0,4559920.0,4559920.0,0.0
1777418100,4559920.0,4559920.0,4559920.0,4559920.0,0.0
1777419000,4559920.0,4559920.0,4559920.0,4559920.0,0.0
1777419900,4705200.0,4705200.0,4560816.0,4560816.0,0.01692956
1777420800,4560816.0,4560816.0,4560816.0,4560816.0,0.0
1777421700,4705196.0,4705196.0,4705196.0,4705196.0,0.01060402
1777422600,4705196.0,4705196.0,4705196.0,4705196.0,0.0
1777423500,4705196.0,4705196.0,4705196.0,4705196.0,0.0
1777424400,4705196.0,4705645.0,4560953.0,4705645.0,0.02572555
1777425300,4705645.0,4705645.0,4705645.0,4705645.0,0.00317448
1777426200,4705645.0,4705645.0,4705645.0,4705645.0,0.0
1777427100,4705645.0,4705645.0,4705645.0,4705645.0,0.00440576
1777428000,4705645.0,4705645.0,4705645.0,4705645.0,0.0
1777428900,4705646.0,4705646.0,4705646.0,4705646.0,0.0041618
1777429800,4705646.0,4705646.0,4705646.0,4705646.0,0.0
1777430700,4705646.0,4705646.0,4563058.0,4563058.0,0.01049907
1777431600,4563058.0,4563058.0,4563058.0,4563058.0,0.0
1777432500,4563058.0,4563058.0,4563058.0,4563058.0,0.0
1777433400,4563058.0,4563058.0,4563058.0,4563058.0,0.0
1777434300,4563058.0,4563058.0,4563058.0,4563058.0,0.0
1777435200,4563058.0,4563058.0,4563058.0,4563058.0,0.0
1777436100,4563058.0,4563058.0,4563058.0,4563058.0,0.0
1777437000,4563058.0,4563058.0,4563058.0,4563058.0,0.0
1777437900,4563058.0,4563058.0,4563058.0,4563058.0,0.0
1777438800,4563058.0,4563058.0,4563058.0,4563058.0,0.0
1777439700,4705646.0,4705646.0,4705646.0,4705646.0,0.00211639
1777440600,4705642.0,4705642.0,4705642.0,4705642.0,0.00264894
1777441500,4705642.0,4705646.0,4705642.0,4705646.0,0.01058197
1777442400,4563851.0,4563851.0,4563851.0,4563851.0,0.00264894
1777443300,4563851.0,4563851.0,4563851.0,4563851.0,0.0
1777444200,4563851.0,4563851.0,4563851.0,4563851.0,0.0
1777445100,4563851.0,4563851.0,4563851.0,4563851.0,0.0
1777446000,4563851.0,4563851.0,4563851.0,4563851.0,0.0
1777446900,4564303.0,4564303.0,4564303.0,4564303.0,0.00981395
1777447800,4564303.0,4564303.0,4564303.0,4564303.0,0.0
1777448700,4564430.0,4705646.0,4564430.0,4705646.0,0.00580633
1777449600,4705646.0,4705646.0,4705646.0,4705646.0,0.0
1777450500,4705646.0,4705646.0,4705646.0,4705646.0,0.0
1777451400,4705642.0,4705642.0,4705642.0,4705642.0,0.00846558
1777452300,4705646.0,4705646.0,4682793.0,4682793.0,0.00934706
1777453200,4682793.0,4682793.0,4682793.0,4682793.0,0.0
1777454100,4682793.0,4682793.0,4564986.0,4564986.0,0.00443982
1777455000,4705642.0,4705646.0,4705642.0,4705646.0,0.03110539
1777455900,4705646.0,4705646.0,4705646.0,4705646.0,0.0
1777456800,4705646.0,4705646.0,4705646.0,4705646.0,0.00465589
1777457700,4705646.0,4705646.0,4705646.0,4705646.0,0.00217228
1777458600,4705646.0,4705646.0,4705646.0,4705646.0,0.0
1777459500,4705646.0,4705646.0,4705646.0,4705646.0,0.07395243
1777460400,4705646.0,4738198.0,4705646.0,4737608.0,0.21295923
1777461300,4570000.0,4710000.0,4564557.0,4710000.0,0.08455347
1777462200,4710000.0,4710000.0,4710000.0,4710000.0,0.00211443
1777463100,4710000.0,4710000.0,4710000.0,4710000.0,0.0
1777464000,4710000.0,4710000.0,4710000.0,4710000.0,0.0
1777464900,4565014.0,4565014.0,4565014.0,4565014.0,0.00841425
1777465800,4710000.0,4710000.0,4709996.0,4710000.0,0.02366262
1777466700,4710000.0,4710000.0,4710000.0,4710000.0,0.0
1777467600,4710000.0,4717734.0,4565212.0,4565212.0,0.0084516
1777468500,4715925.0,4715925.0,4715925.0,4715925.0,0.01040389
1777469400,4715925.0,4715925.0,4715925.0,4715925.0,0.00532943
1777470300,4716507.0,4726420.0,4716507.0,4726385.0,0.1043977
1777471200,4721054.0,4750473.0,4721054.0,4750473.0,0.03173132
1777472100,4749872.0,4749872.0,4740580.0,4740580.0,1.50647406
1777473000,4744120.0,4744120.0,4744120.0,4744120.0,0.01051701
1777473900,4744120.0,4744120.0,4744120.0,4744120.0,0.0
1777474800,4746831.0,4746831.0,4746831.0,4746831.0,0.01043812
1777475700,4743543.0,4836000.0,4661807.0,4836000.0,0.12058218
1777476600,4733090.0,4733090.0,4733090.0,4733090.0,0.31403628
1777477500,4733090.0,4733090.0,4733090.0,4733090.0,0.0
1777478400,4656280.0,4656280.0,4564260.0,4564260.0,1.4988587
1777479300,4657663.0,4657663.0,4657000.0,4657000.0,0.01070352
1777480200,4657001.0,4657001.0,4657001.0,4657001.0,0.00445289
1777481100,4657001.0,4657001.0,4657001.0,4657001.0,0.0
1777482000,4717745.0,4717745.0,4717745.0,4717745.0,0.00345906
1777482900,4657000.0,4657000.0,4657000.0,4657000.0,0.01801877
1777483800,4657000.0,4657000.0,4657000.0,4657000.0,0.0
1777484700,4657000.0,4657000.0,4657000.0,4657000.0,0.0
1777485600,4657000.0,4657000.0,4657000.0,4657000.0,0.0
1777486500,4657000.0,4657000.0,4657000.0,4657000.0,0.0
1777487400,4657000.0,4657000.0,4657000.0,4657000.0,0.0
1777488300,4657000.0,4657000.0,4657000.0,4657000.0,0.0
1777489200,4657000.0,4657000.0,4657000.0,4657000.0,0.0
1777490100,4657000.0,4657000.0,4657000.0,4657000.0,0.0
1777491000,4657000.0,4657000.0,4657000.0,4657000.0,0.0
1777491900,4657000.0,4657000.0,4657000.0,4657000.0,0.0
1777492800,4657000.0,4657000.0,4657000.0,4657000.0,0.0
1777493700,4657000.0,4657000.0,4657000.0,4657000.0,0.0
1777494600,4657000.0,4657000.0,4657000.0,4657000.0,0.0
1777495500,4657000.0,4657000.0,4657000.0,4657000.0,0.0
1777496400,4657000.0,4657000.0,4657000.0,4657000.0,0.0
1777497300,4659004.0,4659004.0,4659004.0,4659004.0,0.00695093
1777498200,4659004.0,4659004.0,4659004.0,4659004.0,0.0
1777499100,4659004.0,4659004.0,4659004.0,4659004.0,0.0
1777500000,4659004.0,4659004.0,4659004.0,4659004.0,0.0
1777500900,4659004.0,4659004.0,4659004.0,4659004.0,0.0
1777501800,4659004.0,4659004.0,4659004.0,4659004.0,0.0
1777502700,4659004.0,4659004.0,4659004.0,4659004.0,0.0
1777503600,4659004.0,4659004.0,4659004.0,4659004.0,0.0
1777504500,4664222.0,4664222.0,4664220.0,4664220.0,0.26598192
1777505400,4717200.0,4717200.0,4717200.0,4717200.0,0.01055605
1777506300,4717196.0,4717196.0,4717196.0,4717196.0,0.00232214
1777507200,4664269.0,4664269.0,4664269.0,4664269.0,0.21632466
1777508100,4717200.0,4717200.0,4717200.0,4717200.0,0.00422242
1777509000,4717200.0,4717200.0,4717200.0,4717200.0,0.0
1777509900,4664638.0,4664638.0,4664638.0,4664638.0,0.0032202
1777510800,4717200.0,4717200.0,4717200.0,4717200.0,0.01268824
1777511700,4717200.0,4717200.0,4717200.0,4717200.0,0.0
1777512600,4717200.0,4717200.0,4717200.0,4717200.0,0.20374671
1777513500,4717200.0,4717200.0,4717200.0,4717200.0,0.0643038
1777514400,4717200.0,4717200.0,4717200.0,4717200.0,0.00519863
1777515300,4717200.0,4717200.0,4665553.0,4717200.0,0.00978737
1777516200,4717200.0,4717200.0,4717200.0,4717200.0,0.0211121
1777517100,4717200.0,4717200.0,4717200.0,4717200.0,0.0
1777518000,4664223.0,4664223.0,4664223.0,4664223.0,0.02870451
1777518900,4717200.0,4717200.0,4665008.0,4665008.0,0.05623383
1777519800,4665008.0,4665008.0,4665008.0,4665008.0,0.0
1777520700,4717200.0,4717200.0,4717200.0,4717200.0,0.01055605
1777521600,4717200.0,4717200.0,4665493.0,4665554.0,0.03137203
1777522500,4665554.0,4665554.0,4665554.0,4665554.0,0.0
1777523400,4717196.0,4717196.0,4717196.0,4717196.0,0.01265115
1777524300,4717196.0,4717196.0,4717196.0,4717196.0,0.01006487
1777525200,4717196.0,4717196.0,4717196.0,4717196.0,0.0
1777526100,4664905.0,4664905.0,4664905.0,4664905.0,0.0212097
1777527000,4664905.0,4664905.0,4664905.0,4664905.0,0.0
1777527900,4664904.0,4664904.0,4664904.0,4664904.0,0.01632076
1777528800,4664904.0,4664904.0,4664904.0,4664904.0,0.0
1777529700,4664904.0,4664904.0,4664904.0,4664904.0,0.01006487
1777530600,4717200.0,4717200.0,4664904.0,4664904.0,0.04098951
1777531500,4664904.0,4664904.0,4664904.0,4664904.0,0.0
1777532400,4717200.0,4717200.0,4664905.0,4664905.0,0.00955036
1777533300,4717196.0,4717746.0,4664908.0,4717746.0,0.62056076
1777534200,4717742.0,4717742.0,4664905.0,4664905.0,0.0058388
1777535100,4664909.0,4664909.0,4664909.0,4664909.0,0.0029194
1777536000,4664909.0,4664909.0,4664909.0,4664909.0,0.0
1777536900,4664909.0,4664909.0,4664909.0,4664909.0,0.0
1777537800,4664909.0,4664909.0,4664909.0,4664909.0,0.0
1777538700,4664909.0,4664909.0,4664909.0,4664909.0,0.0
1777539600,4717746.0,4717746.0,4717746.0,4717746.0,0.02115183
1777540500,4717746.0,4717746.0,4717746.0,4717746.0,0.0
1777541400,4717746.0,4717746.0,4717746.0,4717746.0,0.00228435
1777542300,4717746.0,4717746.0,4717746.0,4717746.0,0.1055487
1777543200,4717746.0,4717746.0,4717746.0,4717746.0,0.0
1777544100,4717746.0,4717746.0,4717746.0,4717746.0,0.0
1777545000,4717746.0,4717746.0,4717746.0,4717746.0,0.0
1777545900,4717746.0,4717746.0,4717746.0,4717746.0,0.0
1777546800,4664905.0,4717742.0,4664901.0,4717742.0,0.02795444
1777547700,4717742.0,4717742.0,4717742.0,4717742.0,0.0
1777548600,4717742.0,4717742.0,4717742.0,4717742.0,0.0
1777549500,4717742.0,4717742.0,4717742.0,4717742.0,0.0
1777550400,4665056.0,4665056.0,4665056.0,4665056.0,0.02145615
1777551300,4665056.0,4665056.0,4665056.0,4665056.0,0.0
1777552200,4665379.0,4665379.0,4665379.0,4665379.0,0.01333132
1777553100,4664965.0,4664965.0,4664965.0,4664965.0,0.00228435
1777554000,4717746.0,4717746.0,4717746.0,4717746.0,0.01558477
1777554900,4717746.0,4717746.0,4717746.0,4717746.0,0.0
1777555800,4717746.0,4717746.0,4717746.0,4717746.0,0.0
1777556700,4717746.0,4717746.0,4717746.0,4717746.0,0.0
1777557600,4717746.0,4717746.0,4717746.0,4717746.0,0.01260262
1777558500,4717746.0,4717746.0,4717746.0,4717746.0,0.0026803
1777559400,4717746.0,4717746.0,4717746.0,4717746.0,0.00537459
1777560300,4717746.0,4717746.0,4717746.0,4717746.0,0.0
1777561200,4717746.0,4717746.0,4717746.0,4717746.0,0.0
1777562100,4717746.0,4717746.0,4717746.0,4717746.0,0.0
1777563000,4717746.0,4717746.0,4717746.0,4717746.0,0.0
1777563900,4717746.0,4717746.0,4717746.0,4717746.0,0.0
1777564800,4665638.0,4665638.0,4665638.0,4665638.0,0.00739214
1777565700,4665638.0,4665638.0,4665638.0,4665638.0,0.0
1777566600,4665638.0,4665638.0,4665638.0,4665638.0,0.0
1777567500,4665638.0,4665638.0,4665638.0,4665638.0,0.0
1777568400,4717746.0,4717746.0,4717746.0,4717746.0,0.01654809
1777569300,4717746.0,4717746.0,4717746.0,4717746.0,0.0
1777570200,4717757.0,4717757.0,4665261.0,4665261.0,0.31403628
1777571100,4737747.0,4737747.0,4737747.0,4737747.0,0.00304532
1777572000,4737747.0,4737747.0,4665722.0,4665722.0,0.0234843
1777572900,4665722.0,4665722.0,4665722.0,4665722.0,0.0
1777573800,4665722.0,4665722.0,4665722.0,4665722.0,0.0
1777574700,4665722.0,4665722.0,4665722.0,4665722.0,0.0
1777575600,4665722.0,4665722.0,4665722.0,4665722.0,0.0
1777576500,4665722.0,4665722.0,4665722.0,4665722.0,0.0
1777577400,4665722.0,4665722.0,4665722.0,4665722.0,0.0
1777578300,4737743.0,4737743.0,4737743.0,4737743.0,0.00211725
1777579200,4737743.0,4737743.0,4737743.0,4737743.0,0.0027931
1777580100,4737743.0,4737743.0,4737743.0,4737743.0,0.0
1777581000,4737743.0,4737743.0,4737743.0,4737743.0,0.0
1777581900,4737743.0,4737743.0,4737743.0,4737743.0,0.0
1777582800,4737743.0,4737743.0,4737743.0,4737743.0,0.0
1777583700,4737743.0,4737743.0,4737743.0,4737743.0,0.0
1777584600,4737747.0,4836000.0,4665555.0,4831000.0,0.24244837
1777585500,4666468.0,4666468.0,4666468.0,4666468.0,0.00469065
1777586400,4666468.0,4666468.0,4666468.0,4666468.0,0.0
1777587300,4666468.0,4666468.0,4666468.0,4666468.0,0.0
1777588200,4666468.0,4666468.0,4666468.0,4666468.0,0.0
1777589100,4666468.0,4666468.0,4666468.0,4666468.0,0.0
1777590000,4666468.0,4666468.0,4666468.0,4666468.0,0.0
1777590900,4831000.0,4831000.0,4831000.0,4831000.0,0.00240736
1777591800,4831000.0,4831000.0,4831000.0,4831000.0,0.0
1777592700,4831000.0,4831000.0,4831000.0,4831000.0,0.0
1777593600,4831000.0,4831000.0,4831000.0,4831000.0,0.0
1777594500,4831000.0,4831000.0,4665567.0,4665597.0,0.0155188
1777595400,4665597.0,4665597.0,4665597.0,4665597.0,0.0
1777596300,4831000.0,4835996.0,4831000.0,4835996.0,0.19233007
1777597200,4835996.0,4835996.0,4835996.0,4835996.0,0.0
1777598100,4831000.0,4835995.0,4831000.0,4831000.0,0.00723859
1777599000,4831000.0,4831000.0,4831000.0,4831000.0,0.0
1777599900,4831000.0,4831000.0,4831000.0,4831000.0,0.0
1777600800,4831000.0,4831000.0,4831000.0,4831000.0,0.0
1777601700,4835996.0,4835996.0,4835996.0,4835996.0,0.00387055
1777602600,4835996.0,4835996.0,4835996.0,4835996.0,0.05090016
1777603500,4835996.0,4835996.0,4835996.0,4835996.0,0.03571549
1777604400,4665215.0,4665215.0,4665215.0,4665215.0,0.07226155
1777605300,4835996.0,4835996.0,4665204.0,4665204.0,0.00584306
1777606200,4665204.0,4665204.0,4665204.0,4665204.0,0.00387055
1777607100,4665200.0,4835996.0,4665200.0,4665204.0,1.13116077
1777608000,4665204.0,4665204.0,4665204.0,4665204.0,0.0
1777608900,4665204.0,4665204.0,4665204.0,4665204.0,0.0
1777609800,4835996.0,4835996.0,4665200.0,4665200.0,0.0541445
1777610700,4665200.0,4665200.0,4665200.0,4665200.0,0.0
1777611600,4665200.0,4665200.0,4665200.0,4665200.0,0.0
1777612500,4665200.0,4835996.0,4665200.0,4835996.0,0.01825792
1777613400,4835996.0,4835996.0,4835996.0,4835996.0,0.0
1777614300,4835992.0,4835992.0,4835992.0,4835992.0,0.00551076
1777615200,4835992.0,4835992.0,4835992.0,4835992.0,0.14912058
1777616100,4835992.0,4835992.0,4835992.0,4835992.0,0.0
1777617000,4835992.0,4835992.0,4835992.0,4835992.0,0.0
1777617900,4665204.0,4665204.0,4665204.0,4665204.0,0.02263552
1777618800,4835992.0,4835992.0,4665204.0,4665204.0,0.04589603
1777619700,4665210.0,4665210.0,4665210.0,4665210.0,0.0041952
1777620600,4835985.0,4835985.0,4835985.0,4835985.0,0.01047376
1777621500,4665210.0,4835985.0,4665210.0,4835985.0,0.00443456
1777622400,4665214.0,4665214.0,4665214.0,4665214.0,0.0022651
1777623300,4665214.0,4665214.0,4665214.0,4665214.0,0.0
1777624200,4835989.0,4835996.0,4835989.0,4835996.0,0.0212492
1777625100,4665210.0,4665210.0,4665210.0,4665210.0,0.02713111
1777626000,4665210.0,4665210.0,4665210.0,4665210.0,0.0
1777626900,4665291.0,4665291.0,4665291.0,4665291.0,0.0209038
1777627800,4665900.0,4835200.0,4665900.0,4665904.0,0.04739798
1777628700,4665904.0,4665904.0,4665904.0,4665904.0,0.0
1777629600,4835200.0,4835200.0,4835200.0,4835200.0,0.02059687
1777630500,4666500.0,4666504.0,4666500.0,4666504.0,0.04172876
1777631400,4666504.0,4666504.0,4666504.0,4666504.0,0.0
1777632300,4666990.0,4666990.0,4666990.0,4666990.0,0.10646879
1777633200,4666990.0,4666990.0,4666990.0,4666990.0,0.0
1777634100,4666990.0,4666990.0,4666990.0,4666990.0,0.0
1777635000,4666990.0,4666990.0,4666990.0,4666990.0,0.0
1777635900,4829005.0,4835996.0,4829005.0,4835996.0,2.33063848
1777636800,4835200.0,4835600.0,4835200.0,4835600.0,0.01195843
1777637700,4666904.0,4666904.0,4666904.0,4666904.0,0.04303602
1777638600,4835600.0,4835600.0,4835600.0,4835600.0,0.07580609
1777639500,4835600.0,4835600.0,4666911.0,4666911.0,0.00706779
1777640400,4666911.0,4666911.0,4666911.0,4666911.0,0.01265076
1777641300,4666911.0,4666911.0,4666911.0,4666911.0,0.0
1777642200,4830400.0,4830400.0,4830400.0,4830400.0,0.04630123
1777643100,4830400.0,4835600.0,4830400.0,4835600.0,0.01173643
1777644000,4835600.0,4835600.0,4830400.0,4830400.0,0.05279195
1777644900,4830400.0,4830400.0,4830400.0,4830400.0,0.0
1777645800,4666915.0,4835600.0,4666915.0,4835600.0,0.00867925
1777646700,4835600.0,4835600.0,4835600.0,4835600.0,0.0
1777647600,4835600.0,4877196.0,4666915.0,4666915.0,0.03705032
1777648500,4877200.0,4917746.0,4877200.0,4917746.0,0.02255606
1777649400,4917742.0,4917742.0,4917742.0,4917742.0,0.08557788
1777650300,4666919.0,4666919.0,4666919.0,4666919.0,0.01923135
1777651200,4666919.0,4666919.0,4666919.0,4666919.0,0.0
1777652100,4917738.0,4917738.0,4917738.0,4917738.0,0.00378385
1777653000,4917738.0,4917738.0,4917738.0,4917738.0,0.0
1777653900,4917738.0,4917738.0,4917738.0,4917738.0,0.0
1777654800,4917738.0,4917738.0,4917738.0,4917738.0,0.0
1777655700,4917738.0,4917738.0,4917738.0,4917738.0,0.0
1777656600,4917738.0,4917738.0,4917738.0,4917738.0,0.0
1777657500,4670056.0,4670056.0,4670056.0,4670056.0,0.00228246
1777658400,4916746.0,4916746.0,4916655.0,4916655.0,0.0301184
1777659300,4916515.0,4916515.0,4670056.0,4670056.0,0.00662199
1777660200,4916364.0,4916365.0,4670056.0,4670056.0,0.22951812
1777661100,4670056.0,4670056.0,4670056.0,4670056.0,0.0
1777662000,4670056.0,4670056.0,4670056.0,4670056.0,0.0
1777662900,4670056.0,4670056.0,4670056.0,4670056.0,0.0
1777663800,4670056.0,4670056.0,4670056.0,4670056.0,0.0
1777664700,4670056.0,4670056.0,4670056.0,4670056.0,0.0
1777665600,4670068.0,4670068.0,4670068.0,4670068.0,0.02045568
1777666500,4670068.0,4670068.0,4670068.0,4670068.0,0.0
1777667400,4670068.0,4670068.0,4670068.0,4670068.0,0.0
1777668300,4911793.0,4911793.0,4911793.0,4911793.0,0.010158
1777669200,4911793.0,4911793.0,4911793.0,4911793.0,0.0
1777670100,4670068.0,4670068.0,4670068.0,4670068.0,0.00992876
1777671000,4670068.0,4670068.0,4670068.0,4670068.0,0.0
1777671900,4670068.0,4670068.0,4670068.0,4670068.0,0.0
1777672800,4910556.0,4910556.0,4910556.0,4910556.0,0.00528351
1777673700,4910556.0,4910556.0,4910556.0,4910556.0,0.0
1777674600,4910556.0,4910556.0,4910556.0,4910556.0,0.0
1777675500,4910556.0,4910556.0,4910556.0,4910556.0,0.0
1777676400,4800000.0,4800000.0,4800000.0,4800000.0,0.0054052
1777677300,4800000.0,4800000.0,4800000.0,4800000.0,0.0
1777678200,4800000.0,4800000.0,4800000.0,4800000.0,0.0
1777679100,4800000.0,4800000.0,4800000.0,4800000.0,0.0
1777680000,4799998.0,4799998.0,4799998.0,4799998.0,0.00207479
1777680900,4799998.0,4799998.0,4799998.0,4799998.0,0.0
1777681800,4799998.0,4799998.0,4799998.0,4799998.0,0.00956375
1777682700,4799998.0,4799998.0,4799998.0,4799998.0,0.0
1777683600,4700002.0,4700002.0,4700002.0,4700002.0,0.01260907
1777684500,4700002.0,4700002.0,4700002.0,4700002.0,0.04030363
1777685400,4799998.0,4799998.0,4799998.0,4799998.0,0.00219562
1777686300,4799998.0,4799998.0,4799998.0,4799998.0,0.0
1777687200,4700002.0,4700002.0,4700002.0,4700002.0,0.0370591
1777688100,4700002.0,4700002.0,4700002.0,4700002.0,0.0
1777689000,4700002.0,4700002.0,4700002.0,4700002.0,0.0
1777689900,4860000.0,4860000.0,4860000.0,4860000.0,0.00409835
1777690800,4860000.0,4860000.0,4860000.0,4860000.0,0.0
1777691700,4860000.0,4860000.0,4860000.0,4860000.0,0.0
1777692600,4860000.0,4860000.0,4860000.0,4860000.0,0.0
1777693500,4860000.0,4860000.0,4860000.0,4860000.0,0.0
1777694400,4859824.0,4859824.0,4859824.0,4859824.0,0.00247478
1777695300,4859824.0,4859824.0,4859824.0,4859824.0,0.0
1777696200,4859824.0,4859824.0,4859824.0,4859824.0,0.0
1777697100,4859913.0,4859913.0,4859913.0,4859913.0,0.00508157
1777698000,4700172.0,4860000.0,4700172.0,4860000.0,0.07189722
1777698900,4860000.0,4860000.0,4860000.0,4860000.0,0.0
1777699800,4860000.0,4860000.0,4860000.0,4860000.0,0.00204917
1777700700,4860000.0,4860000.0,4860000.0,4860000.0,0.0
1777701600,4859996.0,4859996.0,4700069.0,4700069.0,0.09445887
1777702500,4700073.0,4700073.0,4700073.0,4700073.0,0.00353387
1777703400,4700073.0,4700073.0,4700073.0,4700073.0,0.0
1777704300,4859996.0,4859996.0,4859996.0,4859996.0,0.01967203
1777705200,4700077.0,4700077.0,4700077.0,4700077.0,0.00207465
1777706100,4859996.0,4859996.0,4700077.0,4700077.0,0.00901635
1777707000,4700077.0,4700077.0,4700077.0,4700077.0,0.0
1777707900,4700092.0,4700092.0,4700092.0,4700092.0,0.01475403
1777708800,4700092.0,4700092.0,4700092.0,4700092.0,0.0
1777709700,4700092.0,4700092.0,4700092.0,4700092.0,0.0
1777710600,4859996.0,4859996.0,4859996.0,4859996.0,0.00358662
1777711500,4700077.0,4700083.0,4700077.0,4700083.0,0.01151733
1777712400,4859996.0,4859996.0,4859996.0,4859996.0,0.02049178
1777713300,4859996.0,4859996.0,4859996.0,4859996.0,0.0
1777714200,4836665.0,4836665.0,4700116.0,4700116.0,0.01025964
1777715100,4700116.0,4700116.0,4700116.0,4700116.0,0.0
1777716000,4700116.0,4700116.0,4700116.0,4700116.0,0.0
1777716900,4700116.0,4700116.0,4700116.0,4700116.0,0.0
1777717800,4700116.0,4700116.0,4700116.0,4700116.0,0.0
1777718700,4700116.0,4700116.0,4700116.0,4700116.0,0.0
1777719600,4836665.0,4836665.0,4836665.0,4836665.0,0.0041512
1777720500,4836665.0,4836665.0,4836665.0,4836665.0,0.0
1777721400,4726120.0,4726120.0,4726120.0,4726120.0,0.00408357
1777722300,4836665.0,4836665.0,4700141.0,4700141.0,0.01756257
1777723200,4700141.0,4700141.0,4700141.0,4700141.0,0.0
1777724100,4836665.0,4916592.0,4836665.0,4916592.0,0.01000919
1777725000,4916465.0,4916465.0,4700243.0,4700243.0,0.03270969
1777725900,4700243.0,4700243.0,4700243.0,4700243.0,0.0
1777726800,4700243.0,4700243.0,4700243.0,4700243.0,0.0
1777727700,4700243.0,4700243.0,4700243.0,4700243.0,0.0
1777728600,4700243.0,4700243.0,4700243.0,4700243.0,0.0
1777729500,4915575.0,4915575.0,4915575.0,4915575.0,0.002026
1777730400,4915575.0,4915575.0,4915575.0,4915575.0,0.0
1777731300,4700456.0,4915354.0,4700456.0,4915354.0,0.01238544
1777732200,4915204.0,4915204.0,4915204.0,4915204.0,0.00202616
1777733100,4915204.0,4915204.0,4915204.0,4915204.0,0.0
1777734000,4912708.0,4912709.0,4912708.0,4912709.0,0.02027191
1777734900,4912709.0,4912709.0,4912709.0,4912709.0,0.0
1777735800,4912709.0,4912709.0,4912709.0,4912709.0,0.0
1777736700,4700628.0,4912487.0,4700628.0,4912480.0,0.04822887
1777737600,4912480.0,4912480.0,4912480.0,4912480.0,0.0
1777738500,4700840.0,4912157.0,4700838.0,4912157.0,0.06887351
1777739400,4700694.0,4912631.0,4700694.0,4912631.0,0.00812479
1777740300,4700968.0,4912963.0,4700968.0,4912963.0,0.2195044
1777741200,4912963.0,4912963.0,4912963.0,4912963.0,0.0
1777742100,4912626.0,4912626.0,4912626.0,4912626.0,0.02287167
1777743000,4701060.0,4701060.0,4701058.0,4701058.0,0.0211121
1777743900,4912250.0,4912250.0,4912250.0,4912250.0,0.00299475
1777744800,4912250.0,4912250.0,4912250.0,4912250.0,0.0
1777745700,4912250.0,4912250.0,4912250.0,4912250.0,0.0
1777746600,4912250.0,4912250.0,4912250.0,4912250.0,0.0
1777747500,4911194.0,4911194.0,4911194.0,4911194.0,0.00205489
1777748400,4911085.0,4911085.0,4911060.0,4911060.0,0.03559234
1777749300,4911060.0,4911060.0,4911060.0,4911060.0,0.0
1777750200,4911060.0,4911060.0,4911060.0,4911060.0,0.0
1777751100,4910442.0,4910445.0,4910442.0,4910442.0,0.03222336
1777752000,4910442.0,4910442.0,4910442.0,4910442.0,0.0
1777752900,4910442.0,4910442.0,4910442.0,4910442.0,0.0
1777753800,4908690.0,4908690.0,4908690.0,4908690.0,0.15486881
1777754700,4908477.0,4908477.0,4908477.0,4908477.0,0.01970244
1777755600,4908477.0,4908477.0,4908477.0,4908477.0,0.0
1777756500,4702070.0,4908112.0,4702064.0,4908112.0,0.10848438
1777757400,4908004.0,4908004.0,4908004.0,4908004.0,0.01011755
1777758300,4907916.0,4907916.0,4907916.0,4907916.0,0.01384314
1777759200,4907706.0,4907706.0,4907706.0,4907706.0,0.10166578
1777760100,4907706.0,4907706.0,4907706.0,4907706.0,0.0
1777761000,4907706.0,4907706.0,4907706.0,4907706.0,0.0
1777761900,4907706.0,4907706.0,4907706.0,4907706.0,0.0
1777762800,4907706.0,4907706.0,4907706.0,4907706.0,0.0
1777763700,4907706.0,4907706.0,4907706.0,4907706.0,0.0
1777764600,4906358.0,4906358.0,4906358.0,4906358.0,0.05297554
1777765500,4906358.0,4906358.0,4906358.0,4906358.0,0.0
1777766400,4906358.0,4906358.0,4906358.0,4906358.0,0.0
1777767300,4905860.0,4908063.0,4905860.0,4908059.0,0.03043539
1777768200,4908059.0,4908059.0,4908059.0,4908059.0,0.0
1777769100,4908059.0,4908059.0,4908059.0,4908059.0,0.0
1777770000,4908099.0,4908099.0,4908099.0,4908099.0,0.00220777
1777770900,4908081.0,4908088.0,4908081.0,4908088.0,0.01739517
1777771800,4908088.0,4908088.0,4908088.0,4908088.0,0.0
1777772700,4907899.0,4907899.0,4702052.0,4702052.0,0.21706332
1777773600,4907812.0,4907812.0,4907804.0,4907804.0,0.0105937
1777774500,4907720.0,4907720.0,4907720.0,4907720.0,0.00487538
1777775400,4907720.0,4907720.0,4907720.0,4907720.0,0.0
1777776300,4907720.0,4907720.0,4907720.0,4907720.0,0.0
1777777200,4728556.0,4907764.0,4728556.0,4907764.0,0.03582146
1777778100,4907764.0,4907766.0,4907764.0,4907766.0,0.02488342
1777779000,4907766.0,4907766.0,4907766.0,4907766.0,0.0
1777779900,4907762.0,4907762.0,4907762.0,4907762.0,0.0076709
1777780800,4907762.0,4907762.0,4907762.0,4907762.0,0.0
1777781700,4725724.0,4725724.0,4702052.0,4702056.0,0.40473917
1777782600,4702112.0,4702112.0,4702112.0,4702112.0,0.01970244
1777783500,4702112.0,4702112.0,4702112.0,4702112.0,0.0
1777784400,4702337.0,4702337.0,4702337.0,4702337.0,0.00232021
1777785300,4702391.0,4702391.0,4702391.0,4702391.0,0.00221474
1777786200,4702391.0,4702391.0,4702391.0,4702391.0,0.0
1777787100,4889502.0,4889505.0,4889502.0,4889505.0,0.03886918
1777788000,4889995.0,4889995.0,4889995.0,4889995.0,0.0059454
1777788900,4889995.0,4889995.0,4889995.0,4889995.0,0.0
1777789800,4889995.0,4889995.0,4889995.0,4889995.0,0.0
1777790700,4889996.0,4889996.0,4889996.0,4889996.0,0.00206687
1777791600,4889996.0,4889996.0,4889996.0,4889996.0,0.0
1777792500,4889996.0,4889996.0,4889996.0,4889996.0,0.0
1777793400,4889996.0,4889996.0,4889996.0,4889996.0,0.0
1777794300,4889996.0,4889996.0,4889996.0,4889996.0,0.0
1777795200,4870000.0,4889999.0,4870000.0,4889999.0,0.02916867
1777796100,4889999.0,4889999.0,4889999.0,4889999.0,0.0
1777797000,4715000.0,4715000.0,4715000.0,4715000.0,0.00426808
1777797900,4715000.0,4874996.0,4705004.0,4874996.0,0.03022941
1777798800,4874996.0,4874996.0,4874996.0,4874996.0,0.0
1777799700,4874996.0,4874996.0,4874996.0,4874996.0,0.0
1777800600,4874996.0,4874996.0,4874996.0,4874996.0,0.0
1777801500,4869996.0,4869996.0,4710054.0,4869996.0,0.03787065
1777802400,4869996.0,4869996.0,4869996.0,4869996.0,0.008446
1777803300,4869996.0,4869996.0,4712200.0,4712205.0,0.07522994
1777804200,4712235.0,4870000.0,4712235.0,4870000.0,0.00489498
1777805100,4712936.0,4712951.0,4712936.0,4712951.0,0.02981682
1777806000,4712987.0,4850000.0,4712987.0,4850000.0,0.02498027
1777806900,4713211.0,4713211.0,4713211.0,4713211.0,0.05451267
1777807800,4713211.0,4713211.0,4713211.0,4713211.0,0.0
1777808700,4849000.0,4850000.0,4849000.0,4850000.0,0.00871397
1777809600,4720000.0,4720000.0,4713026.0,4713026.0,0.00871397
1777810500,4712992.0,4860000.0,4712967.0,4860000.0,0.13388292
1777811400,4712990.0,4850000.0,4712990.0,4850000.0,0.03368692
1777812300,4712999.0,4848000.0,4712999.0,4848000.0,0.08309671
1777813200,4848000.0,4849000.0,4848000.0,4849000.0,0.02747252
1777814100,4849000.0,4849000.0,4849000.0,4849000.0,0.0
1777815000,4848999.0,4848999.0,4848999.0,4848999.0,0.00936151
1777815900,4848999.0,4848999.0,4848999.0,4848999.0,0.0
1777816800,4848999.0,4848999.0,4848999.0,4848999.0,0.0
1777817700,4713208.0,4713208.0,4713208.0,4713208.0,0.02037593
1777818600,4713208.0,4713208.0,4713208.0,4713208.0,0.00720355
1777819500,4848995.0,4848995.0,4848995.0,4848995.0,0.0072285
1777820400,4848000.0,4848000.0,4848000.0,4848000.0,0.00225948
1777821300,4848000.0,4848000.0,4848000.0,4848000.0,0.00509962
1777822200,4847996.0,4847996.0,4847996.0,4847996.0,0.00291605
1777823100,4847996.0,4847996.0,4847996.0,4847996.0,0.0
1777824000,4847996.0,4847996.0,4847996.0,4847996.0,0.0
1777824900,4847996.0,4847996.0,4847996.0,4847996.0,0.0
1777825800,4847996.0,4847996.0,4847996.0,4847996.0,0.0
1777826700,4847996.0,4847996.0,4847996.0,4847996.0,0.0
1777827600,4847996.0,4847996.0,4847996.0,4847996.0,0.0
1777828500,4847996.0,4847996.0,4847996.0,4847996.0,0.0
1777829400,4847996.0,4847996.0,4847996.0,4847996.0,0.0
1777830300,4847996.0,4847996.0,4847996.0,4847996.0,0.0
1777831200,4847996.0,4847996.0,4847996.0,4847996.0,0.0
1777832100,4720000.0,4720000.0,4720000.0,4720000.0,0.00936151
1777833000,4720000.0,4720000.0,4715000.0,4715000.0,0.00221542
1777833900,4715000.0,4715000.0,4715000.0,4715000.0,0.0
1777834800,4715000.0,4715000.0,4715000.0,4715000.0,0.0
1777835700,4715000.0,4715000.0,4715000.0,4715000.0,0.0
1777836600,4715000.0,4715000.0,4715000.0,4715000.0,0.0
1777837500,4715000.0,4715000.0,4715000.0,4715000.0,0.0
1777838400,4715000.0,4715000.0,4715000.0,4715000.0,0.0
1777839300,4847900.0,4847900.0,4727000.0,4727000.0,0.00671052
1777840200,4727000.0,4727000.0,4727000.0,4727000.0,0.0
1777841100,4727000.0,4727000.0,4727000.0,4727000.0,0.0
1777842000,4727000.0,4727000.0,4727000.0,4727000.0,0.0
1777842900,4727000.0,4727000.0,4727000.0,4727000.0,0.0
1777843800,4727000.0,4727000.0,4727000.0,4727000.0,0.0
1777844700,4727000.0,4727000.0,4727000.0,4727000.0,0.0
1777845600,4727000.0,4727000.0,4727000.0,4727000.0,0.0
1777846500,4727000.0,4727000.0,4727000.0,4727000.0,0.0
1777847400,4847900.0,4847900.0,4727000.0,4727000.0,0.0123835
1777848300,4727000.0,4727000.0,4727000.0,4727000.0,0.0
1777849200,4727000.0,4727000.0,4727000.0,4727000.0,0.0
1777850100,4727000.0,4727000.0,4727000.0,4727000.0,0.0
1777851000,4727000.0,4727000.0,4727000.0,4727000.0,0.0
1777851900,4727000.0,4727000.0,4727000.0,4727000.0,0.0
1777852800,4727004.0,4727004.0,4715027.0,4715027.0,0.02067501
1777853700,4715042.0,4715042.0,4715042.0,4715042.0,0.00310364
1777854600,4715042.0,4715042.0,4715042.0,4715042.0,0.0
1777855500,4715042.0,4715042.0,4715042.0,4715042.0,0.0
1777856400,4715031.0,4715031.0,4715031.0,4715031.0,0.00247478
1777857300,4715031.0,4715031.0,4715031.0,4715031.0,0.0
1777858200,4840000.0,4840000.0,4840000.0,4840000.0,0.00528966
1777859100,4840000.0,4840000.0,4840000.0,4840000.0,0.0
1777860000,4840000.0,4840000.0,4840000.0,4840000.0,0.0
1777860900,4720000.0,4720000.0,4715032.0,4715032.0,0.02500864
1777861800,4840000.0,4840000.0,4840000.0,4840000.0,0.00308636
1777862700,4840000.0,4840000.0,4840000.0,4840000.0,0.0
1777863600,4720009.0,4847899.0,4720009.0,4847899.0,0.02912381
1777864500,4847899.0,4847899.0,4847899.0,4847899.0,0.0
1777865400,4720020.0,4848999.0,4720020.0,4848999.0,0.12228635
1777866300,4848999.0,4848999.0,4848999.0,4848999.0,0.0
1777867200,4848999.0,4848999.0,4848999.0,4848999.0,0.0
1777868100,4848999.0,4848999.0,4848999.0,4848999.0,0.0
1777869000,4848999.0,4848999.0,4848999.0,4848999.0,0.0
1777869900,4848999.0,4848999.0,4848999.0,4848999.0,0.0
1777870800,4721000.0,4721000.0,4713201.0,4713201.0,0.33425559
1777871700,4713201.0,4713201.0,4713201.0,4713201.0,0.0
1777872600,4848999.0,4848999.0,4848999.0,4848999.0,0.00411816
1777873500,4848999.0,4848999.0,4848999.0,4848999.0,0.00534584
1777874400,4713210.0,4713210.0,4713210.0,4713210.0,0.03121227
1777875300,4848998.0,4848999.0,4713201.0,4848999.0,0.21636906
1777876200,4848999.0,4848999.0,4713203.0,4848998.0,0.13121821
1777877100,4848998.0,4848998.0,4713207.0,4713207.0,0.0186232
1777878000,4840000.0,4950000.0,4840000.0,4950000.0,1.64056832
1777878900,4950000.0,4950000.0,4868483.0,4868513.0,0.04694974
1777879800,4868196.0,4928862.0,4846403.0,4846403.0,0.12241479
1777880700,4933437.0,4933437.0,4933437.0,4933437.0,0.02376983
1777881600,4933437.0,4933437.0,4933437.0,4933437.0,0.0
1777882500,4819901.0,4949991.0,4819901.0,4949991.0,0.01379893
1777883400,4868103.0,4949991.0,4868103.0,4868169.0,0.00817409
1777884300,4868169.0,4868169.0,4868169.0,4868169.0,0.0
1777885200,4868169.0,4868169.0,4868169.0,4868169.0,0.0
1777886100,4819900.0,4819900.0,4819900.0,4819900.0,0.0021268
1777887000,4949991.0,4949991.0,4949991.0,4949991.0,0.03565096
1777887900,4949991.0,4949991.0,4949991.0,4949991.0,0.0
1777888800,4905416.0,4905416.0,4905416.0,4905416.0,0.00646407
1777889700,4869437.0,4869437.0,4819900.0,4819900.0,0.0174417
1777890600,4919831.0,4919831.0,4919831.0,4919831.0,0.00300396
1777891500,4923157.0,4923157.0,4921431.0,4921431.0,0.02198972
1777892400,4922293.0,4922293.0,4838031.0,4838031.0,0.02394537
1777893300,4838031.0,4838031.0,4838031.0,4838031.0,0.0
1777894200,4838031.0,4838031.0,4838031.0,4838031.0,0.0
1777895100,4838031.0,4838031.0,4838031.0,4838031.0,0.0
1777896000,4942316.0,4942316.0,4942316.0,4942316.0,0.00920883
1777896900,4942316.0,4942316.0,4942316.0,4942316.0,0.0
1777897800,4859020.0,4860718.0,4859020.0,4860718.0,0.00638804
1777898700,4860718.0,4860718.0,4860718.0,4860718.0,0.0
1777899600,4860718.0,4860718.0,4860718.0,4860718.0,0.0
1777900500,4859020.0,4919667.0,4836594.0,4919667.0,0.03419162
1777901400,4830900.0,4830900.0,4830900.0,4830900.0,0.01796035
1777902300,4877671.0,4877671.0,4830900.0,4830900.0,0.01638602
1777903200,4830900.0,4830900.0,4830900.0,4830900.0,0.13798526
1777904100,4830900.0,4830900.0,4830900.0,4830900.0,0.0
1777905000,4884933.0,4901342.0,4884933.0,4901342.0,0.00873277
1777905900,4830900.0,4897961.0,4830900.0,4897961.0,0.01445833
1777906800,4892467.0,4892467.0,4892467.0,4892467.0,0.01916272
1777907700,4892467.0,4892467.0,4892467.0,4892467.0,0.0
1777908600,4892467.0,4892467.0,4892467.0,4892467.0,0.0
1777909500,4892467.0,4892467.0,4892467.0,4892467.0,0.0
1777910400,4830900.0,4830900.0,4830900.0,4830900.0,0.00352228
1777911300,4830900.0,4830900.0,4830900.0,4830900.0,0.0
1777912200,4830900.0,4877024.0,4830900.0,4830900.0,0.00713583
1777913100,4830900.0,4830900.0,4830900.0,4830900.0,0.01518401
1777914000,4830900.0,4830900.0,4830900.0,4830900.0,0.0
1777914900,4889227.0,4889227.0,4889227.0,4889227.0,0.00262475
1777915800,4889227.0,4889227.0,4889227.0,4889227.0,0.0
1777916700,4810208.0,4810208.0,4810208.0,4810208.0,0.42651635
1777917600,4810208.0,4810208.0,4810208.0,4810208.0,0.0
1777918500,4891345.0,4894808.0,4891345.0,4894808.0,0.59163451
1777919400,4894808.0,4894808.0,4894808.0,4894808.0,0.0
1777920300,4885849.0,4885849.0,4806575.0,4806575.0,0.00676728
1777921200,4881516.0,4881516.0,4881516.0,4881516.0,0.00232079
1777922100,4894550.0,4894550.0,4812125.0,4812125.0,0.0117799
1777923000,4812125.0,4812125.0,4812125.0,4812125.0,0.0
1777923900,4893598.0,4893598.0,4893598.0,4893598.0,0.00327141
1777924800,4893598.0,4893598.0,4893598.0,4893598.0,0.0
1777925700,4893598.0,4893598.0,4893598.0,4893598.0,0.0
1777926600,4893598.0,4893598.0,4893598.0,4893598.0,0.0
1777927500,4893598.0,4893598.0,4893598.0,4893598.0,0.0
1777928400,4893598.0,4893598.0,4893598.0,4893598.0,0.0
1777929300,4893598.0,4893598.0,4893598.0,4893598.0,0.0
1777930200,4893598.0,4893598.0,4893598.0,4893598.0,0.0
1777931100,4893598.0,4893598.0,4893598.0,4893598.0,0.0
1777932000,4893598.0,4893598.0,4893598.0,4893598.0,0.0
1777932900,4874022.0,4874022.0,4874022.0,4874022.0,0.00612984
1777933800,4874022.0,4874022.0,4874022.0,4874022.0,0.0
1777934700,4874022.0,4874022.0,4874022.0,4874022.0,0.0
1777935600,4874022.0,4874022.0,4874022.0,4874022.0,0.0
1777936500,4874022.0,4874022.0,4874022.0,4874022.0,0.0
1777937400,4874022.0,4874022.0,4874022.0,4874022.0,0.0
1777938300,4806575.0,4806575.0,4792186.0,4792186.0,1.3268658
1777939200,4872890.0,4872890.0,4872890.0,4872890.0,0.01021878
1777940100,4872890.0,4872890.0,4872890.0,4872890.0,0.0
1777941000,4872890.0,4872890.0,4872890.0,4872890.0,0.0
1777941900,4872890.0,4872890.0,4872890.0,4872890.0,0.0
1777942800,4872890.0,4872890.0,4872890.0,4872890.0,0.0
1777943700,4880183.0,4880183.0,4880183.0,4880183.0,0.00204213
1777944600,4881825.0,4881958.0,4881825.0,4881958.0,0.11812982
1777945500,4880327.0,4880327.0,4880327.0,4880327.0,0.00878773
1777946400,4727063.0,4727063.0,4702387.0,4702387.0,0.59163451
1777947300,4702387.0,4702387.0,4702387.0,4702387.0,0.0
1777948200,4702406.0,4878888.0,4702406.0,4878888.0,0.02627438
1777949100,4702406.0,4702406.0,4702406.0,4702406.0,0.00299475
1777950000,4880000.0,4881646.0,4705009.0,4705009.0,0.01090736
1777950900,4881640.0,4881640.0,4881640.0,4881640.0,0.00273453
1777951800,4881640.0,4881644.0,4881640.0,4881644.0,0.09337435
1777952700,4710004.0,4710004.0,4710000.0,4710000.0,0.09337435
1777953600,4710000.0,4710000.0,4710000.0,4710000.0,0.0
1777954500,4880000.0,4891009.0,4880000.0,4891009.0,0.3071025
1777955400,4898063.0,4898063.0,4750009.0,4750009.0,0.24757649
1777956300,4750009.0,4750009.0,4750009.0,4750009.0,0.0
1777957200,4750009.0,4750009.0,4750009.0,4750009.0,0.0
1777958100,4750009.0,4750009.0,4750009.0,4750009.0,0.0
1777959000,4750009.0,4750009.0,4750009.0,4750009.0,0.0
1777959900,4891135.0,4891135.0,4891135.0,4891135.0,0.02036132
1777960800,4891135.0,4891135.0,4891135.0,4891135.0,0.0
1777961700,4891135.0,4891135.0,4891135.0,4891135.0,0.0
1777962600,4890591.0,4890591.0,4890591.0,4890591.0,0.01003416
1777963500,4890591.0,4890591.0,4890591.0,4890591.0,0.0
1777964400,4890591.0,4890591.0,4890591.0,4890591.0,0.0
1777965300,4890591.0,4890591.0,4890591.0,4890591.0,0.0
1777966200,4750016.0,4750016.0,4750016.0,4750016.0,0.01003416
1777967100,4750016.0,4750016.0,4750016.0,4750016.0,0.0
1777968000,4750016.0,4750016.0,4750016.0,4750016.0,0.0
1777968900,4750027.0,4750027.0,4750027.0,4750027.0,0.01511103
1777969800,4853709.0,4853709.0,4853709.0,4853709.0,0.08560195
1777970700,4853701.0,4853701.0,4853701.0,4853701.0,0.00342151
1777971600,4750022.0,4750022.0,4750022.0,4750022.0,0.0201569
1777972500,4853605.0,4853605.0,4853605.0,4853605.0,0.00205187
1777973400,4853605.0,4853605.0,4853605.0,4853605.0,0.0
1777974300,4853605.0,4853605.0,4853605.0,4853605.0,0.0
1777975200,4853605.0,4853605.0,4853605.0,4853605.0,0.0
1777976100,4853672.0,4853672.0,4853672.0,4853672.0,0.00752708
1777977000,4853672.0,4853672.0,4853672.0,4853672.0,0.0
1777977900,4853668.0,4853669.0,4853651.0,4853655.0,0.027518
1777978800,4750040.0,4750040.0,4750040.0,4750040.0,0.00939133
1777979700,4750040.0,4750040.0,4750040.0,4750040.0,0.0086661
1777980600,4750040.0,4750040.0,4750040.0,4750040.0,0.0
1777981500,4750040.0,4750040.0,4750040.0,4750040.0,0.0
1777982400,4750096.0,4750096.0,4750096.0,4750096.0,0.00327141
1777983300,4853431.0,4853431.0,4750114.0,4750114.0,0.07455496
1777984200,4853351.0,4853351.0,4853337.0,4853342.0,0.00604139
1777985100,4750104.0,4750104.0,4750104.0,4750104.0,0.0131503
1777986000,4853365.0,4950000.0,4853365.0,4950000.0,0.41429029
1777986900,4950000.0,4950000.0,4950000.0,4950000.0,0.0
1777987800,4950000.0,4950000.0,4950000.0,4950000.0,0.0
1777988700,4950000.0,4950000.0,4950000.0,4950000.0,0.0
1777989600,4950000.0,4950000.0,4950000.0,4950000.0,0.0
1777990500,4923825.0,5100000.0,4923825.0,5100000.0,0.24753336
1777991400,4750802.0,4992142.0,4750802.0,4992142.0,0.03733177
1777992300,4976890.0,4976890.0,4750900.0,4750902.0,0.05899863
1777993200,4977170.0,4977170.0,4946986.0,4946986.0,0.02531901
1777994100,4945251.0,4945251.0,4750904.0,4750904.0,0.01098162
1777995000,4944792.0,4944792.0,4750904.0,4750904.0,0.00663811
1777995900,4750904.0,4750904.0,4750904.0,4750904.0,0.0
1777996800,4945634.0,4945637.0,4750910.0,4750910.0,0.01898985
1777997700,4750910.0,4750910.0,4750910.0,4750910.0,0.0
1777998600,4966340.0,4966340.0,4966340.0,4966340.0,0.00497811
1777999500,4977060.0,5099999.0,4977060.0,5099999.0,0.01955234
1778000400,5099999.0,5099999.0,5099999.0,5099999.0,0.0
1778001300,5099999.0,5099999.0,5099999.0,5099999.0,0.0
1778002200,4992010.0,4992010.0,4991026.0,4991026.0,0.0290294
1778003100,4991020.0,4991020.0,4991020.0,4991020.0,0.0317089
1778004000,4991020.0,4991020.0,4991020.0,4991020.0,0.0
1778004900,4991020.0,4991020.0,4991020.0,4991020.0,0.0
1778005800,5002580.0,5002580.0,5002580.0,5002580.0,0.01989093
1778006700,5002580.0,5002580.0,5002580.0,5002580.0,0.0
1778007600,5002580.0,5002580.0,5002580.0,5002580.0,0.0
1778008500,5002580.0,5002580.0,5002580.0,5002580.0,0.0
1778009400,5013509.0,5013509.0,5013509.0,5013509.0,0.84018438
1778010300,5013509.0,5013509.0,5013509.0,5013509.0,0.0
1778011200,5013509.0,5013509.0,5013509.0,5013509.0,0.0
1778012100,5013509.0,5013509.0,5013509.0,5013509.0,0.0
1778013000,5013509.0,5013509.0,5013509.0,5013509.0,0.0
1778013900,5013509.0,5013509.0,5013509.0,5013509.0,0.0
1778014800,5013509.0,5013509.0,5013509.0,5013509.0,0.0
1778015700,4932513.0,4932513.0,4750927.0,4750927.0,0.84018438
1778016600,4750927.0,4750927.0,4750927.0,4750927.0,0.0
1778017500,4750927.0,4750927.0,4750927.0,4750927.0,0.0
1778018400,4750927.0,4750927.0,4750927.0,4750927.0,0.0
1778019300,4750927.0,4750927.0,4750927.0,4750927.0,0.0
1778020200,4750927.0,4750927.0,4750927.0,4750927.0,0.0
1778021100,4750927.0,4750927.0,4750927.0,4750927.0,0.0
1778022000,4750927.0,4750927.0,4750927.0,4750927.0,0.0
1778022900,4750927.0,4750927.0,4750927.0,4750927.0,0.0
1778023800,4981914.0,4981914.0,4898303.0,4898303.0,0.10219875
1778024700,4981895.0,4981895.0,4908645.0,4908645.0,0.02389683
1778025600,4908645.0,4908645.0,4908645.0,4908645.0,0.0
1778026500,4908645.0,4908645.0,4908645.0,4908645.0,0.0
1778027400,4958745.0,4958745.0,4958745.0,4958745.0,0.03049333
1778028300,4909681.0,4909681.0,4909681.0,4909681.0,0.01145275
1778029200,4908051.0,4981532.0,4908051.0,4981532.0,0.00746106
1778030100,4981532.0,4981532.0,4981532.0,4981532.0,0.0
1778031000,4908051.0,4908051.0,4903451.0,4903451.0,0.0061505
1778031900,4967587.0,4967587.0,4965914.0,4965914.0,0.00896838
1778032800,4965706.0,4965706.0,4965706.0,4965706.0,0.00497874
1778033700,4885549.0,4885549.0,4885549.0,4885549.0,0.0439753
1778034600,4964656.0,4964656.0,4964656.0,4964656.0,0.00300886
1778035500,4964587.0,4964587.0,4964587.0,4964587.0,0.02012392
1778036400,4969076.0,4971064.0,4888069.0,4969060.0,0.04684549
1778037300,4890900.0,4969039.0,4890900.0,4969032.0,0.01252315
1778038200,4891506.0,4975667.0,4891506.0,4975667.0,0.0114324
1778039100,4975667.0,4975667.0,4975667.0,4975667.0,0.0
1778040000,4893176.0,4893176.0,4892481.0,4892481.0,0.02244777
1778040900,4893104.0,4893104.0,4893104.0,4893104.0,0.00638933
1778041800,4893104.0,4893104.0,4893104.0,4893104.0,0.0
1778042700,4893104.0,4893104.0,4893104.0,4893104.0,0.0
1778043600,4893104.0,4893104.0,4893104.0,4893104.0,0.0
1778044500,4900000.0,4904662.0,4900000.0,4904662.0,0.01016209
1778045400,4904662.0,4904662.0,4904662.0,4904662.0,0.0
1778046300,4887999.0,4970018.0,4887999.0,4970018.0,0.02376699
1778047200,4970018.0,4970018.0,4970018.0,4970018.0,0.0
1778048100,4970008.0,4970008.0,4970008.0,4970008.0,0.01005591
1778049000,4970050.0,4970062.0,4948596.0,4970062.0,0.06728541
1778049900,4957823.0,4957823.0,4957823.0,4957823.0,0.01711277
1778050800,4957823.0,4957823.0,4957823.0,4957823.0,0.0
1778051700,4960000.0,4960000.0,4924105.0,4924105.0,0.00811387
1778052600,4959997.0,4960000.0,4924029.0,4924029.0,0.135393
1778053500,4962916.0,4962916.0,4962916.0,4962916.0,0.00221603
1778054400,4924029.0,4957063.0,4924029.0,4957043.0,0.03939163
1778055300,4957043.0,4975665.0,4957043.0,4959895.0,0.03496857
1778056200,4955259.0,4955259.0,4924029.0,4924029.0,0.03019983
1778057100,4924029.0,4955274.0,4924029.0,4955274.0,0.03060964
1778058000,4955274.0,4955274.0,4955274.0,4955274.0,0.0
1778058900,4944154.0,4944154.0,4944154.0,4944154.0,0.00374907
1778059800,4944154.0,4944154.0,4944154.0,4944154.0,0.0
1778060700,4943540.0,4943540.0,4943540.0,4943540.0,0.02026572
1778061600,4942064.0,4942064.0,4942064.0,4942064.0,0.00315091
1778062500,4944508.0,4944508.0,4924029.0,4924029.0,0.00501811
1778063400,4924029.0,4924029.0,4924029.0,4924029.0,0.0
1778064300,4936080.0,5600000.0,4930495.0,5016301.0,1.44403418
1778065200,5016301.0,5016301.0,5016301.0,5016301.0,0.0
1778066100,4956096.0,4956096.0,4930499.0,4930499.0,0.22540259
1778067000,5003055.0,5003055.0,5003055.0,5003055.0,1.99456811
1778067900,4979150.0,4979150.0,4979150.0,4979150.0,0.1995786
1778068800,4949281.0,4949281.0,4949281.0,4949281.0,0.02540574
1778069700,4961497.0,4961497.0,4930499.0,4930499.0,0.00501784
1778070600,5592000.0,5592000.0,4958717.0,4958717.0,0.03331385
1778071500,4958717.0,4958717.0,4958717.0,4958717.0,0.0
1778072400,4930499.0,4958708.0,4930499.0,4958708.0,0.00576607
1778073300,4930499.0,4961805.0,4930499.0,4949958.0,0.2366414
1778074200,4949958.0,4949958.0,4949958.0,4949958.0,0.0
1778075100,4930936.0,4930936.0,4930936.0,4930936.0,0.00698486
1778076000,4940289.0,4948895.0,4940289.0,4948895.0,0.20624733
1778076900,4951728.0,4951728.0,4951728.0,4951728.0,0.01137966
1778077800,5017626.0,5017626.0,5017626.0,5017626.0,0.00527042
1778078700,4933170.0,4933170.0,4928679.0,4928679.0,0.11812951
1778079600,4925001.0,4925001.0,4925001.0,4925001.0,0.0517757
1778080500,4925001.0,4925001.0,4925001.0,4925001.0,0.0
1778081400,4934443.0,4934443.0,4934443.0,4934443.0,0.00266433
1778082300,5012296.0,5012296.0,4936457.0,4936457.0,0.06274963
1778083200,4936457.0,4936457.0,4936457.0,4936457.0,0.0
1778084100,4938637.0,4938637.0,4938637.0,4938637.0,0.01768573
1778085000,4940721.0,4941604.0,4940721.0,4941604.0,0.00494609
1778085900,5012296.0,5018359.0,5012296.0,5018359.0,0.02979102
1778086800,5026786.0,5026786.0,5026786.0,5026786.0,0.01269001
1778087700,5024947.0,5024947.0,5024947.0,5024947.0,0.00274092
1778088600,5024947.0,5024947.0,5024947.0,5024947.0,0.0
1778089500,5024947.0,5024947.0,5024947.0,5024947.0,0.0
1778090400,5024947.0,5024947.0,5024947.0,5024947.0,0.0
1778091300,5024947.0,5024947.0,5024947.0,5024947.0,0.0
1778092200,4956648.0,4956648.0,4956648.0,4956648.0,0.01057186
1778093100,4956648.0,4956648.0,4956648.0,4956648.0,0.0
1778094000,5044423.0,5051604.0,5044423.0,5051604.0,0.03434068
1778094900,4967873.0,4967873.0,4967873.0,4967873.0,0.0035895
1778095800,4967873.0,4967873.0,4967873.0,4967873.0,0.0
1778096700,4967873.0,4967873.0,4967873.0,4967873.0,0.0
1778097600,4965631.0,4965631.0,4965631.0,4965631.0,0.00240009
1778098500,4965631.0,4965631.0,4965631.0,4965631.0,0.0
1778099400,4965631.0,4965631.0,4965631.0,4965631.0,0.0
1778100300,4965631.0,4965631.0,4965631.0,4965631.0,0.0
1778101200,4965631.0,4965631.0,4965631.0,4965631.0,0.0
1778102100,5052859.0,5052859.0,5052859.0,5052859.0,0.00591289
1778103000,5052859.0,5052859.0,5052859.0,5052859.0,0.0
1778103900,5052859.0,5052859.0,5052859.0,5052859.0,0.0
1778104800,4965593.0,4965593.0,4942926.0,4942926.0,0.40569438
1778105700,4942926.0,4942926.0,4942926.0,4942926.0,0.0
1778106600,4942926.0,4942926.0,4942926.0,4942926.0,0.0
1778107500,5048302.0,5048302.0,5048302.0,5048302.0,0.02449734
1778108400,5048302.0,5048302.0,5048302.0,5048302.0,0.0
1778109300,5048302.0,5048302.0,5048302.0,5048302.0,0.0
1778110200,5042456.0,5042456.0,5042456.0,5042456.0,0.00197502
1778111100,5046903.0,5046917.0,5046903.0,5046917.0,0.0049333
1778112000,5042471.0,5042471.0,4962030.0,4962030.0,0.03552589
1778112900,4962030.0,4962030.0,4962030.0,4962030.0,0.0
1778113800,4962030.0,4962030.0,4962030.0,4962030.0,0.0
1778114700,4962030.0,4962030.0,4962030.0,4962030.0,0.0
1778115600,4962030.0,4962030.0,4962030.0,4962030.0,0.0
1778116500,4962030.0,4962030.0,4962030.0,4962030.0,0.0
1778117400,5034247.0,5034247.0,4962074.0,4962074.0,0.01183708
1778118300,5036001.0,5036001.0,5035467.0,5035467.0,0.01773218
1778119200,5035467.0,5035467.0,5035467.0,5035467.0,0.0
1778120100,5036001.0,5036001.0,5036001.0,5036001.0,0.1010653
1778121000,4967372.0,4967372.0,4967372.0,4967372.0,0.00405123
1778121900,4968301.0,5036001.0,4968301.0,5036001.0,0.0645213
1778122800,5036001.0,5036001.0,5036001.0,5036001.0,0.0
1778123700,5036002.0,5036002.0,5036002.0,5036002.0,0.10011592
1778124600,4968393.0,4968393.0,4968393.0,4968393.0,0.00612984
1778125500,4968931.0,4968931.0,4968931.0,4968931.0,0.02125889
1778126400,4967162.0,4967162.0,4967162.0,4967162.0,0.00784262
1778127300,4967162.0,4967162.0,4967162.0,4967162.0,0.0
1778128200,4967162.0,4967162.0,4965066.0,4965066.0,0.00979251
1778129100,5036002.0,5036002.0,5036002.0,5036002.0,0.01271584
1778130000,5036002.0,5053760.0,5036002.0,5053760.0,0.03945519
1778130900,5052735.0,5052735.0,5052735.0,5052735.0,0.00782922
1778131800,4967505.0,4967505.0,4967505.0,4967505.0,0.04041573
1778132700,4967505.0,4967505.0,4967505.0,4967505.0,0.0
1778133600,4967505.0,4967505.0,4967505.0,4967505.0,0.0
1778134500,5049714.0,5049714.0,5049714.0,5049714.0,0.00197219
1778135400,5049714.0,5052229.0,5049714.0,5052229.0,0.13157677
1778136300,5052229.0,5052229.0,5052229.0,5052229.0,0.0
1778137200,5052229.0,5052229.0,5052229.0,5052229.0,0.0
1778138100,4968673.0,4968673.0,4968673.0,4968673.0,0.0202517
1778139000,4968673.0,4968673.0,4968673.0,4968673.0,0.0
1778139900,5049849.0,5049849.0,5049849.0,5049849.0,0.09795421
1778140800,5049850.0,5049850.0,5049850.0,5049850.0,0.00296048
1778141700,4975248.0,5049849.0,4975248.0,5049849.0,0.00748216
1778142600,5049849.0,5049849.0,5049849.0,5049849.0,0.0
1778143500,5049849.0,5049849.0,5049849.0,5049849.0,0.0
1778144400,5049849.0,5049849.0,5049849.0,5049849.0,0.0
1778145300,5040252.0,5049850.0,5040252.0,5049850.0,0.39943442
1778146200,5049850.0,5049850.0,5049850.0,5049850.0,0.0
1778147100,5049850.0,5049850.0,5049850.0,5049850.0,0.0
1778148000,5049850.0,5049850.0,5049850.0,5049850.0,0.0
1778148900,5049850.0,5049850.0,5049850.0,5049850.0,0.0
1778149800,4969204.0,5035443.0,4969204.0,5035443.0,0.19963856
1778150700,5036252.0,5036252.0,5029894.0,5029894.0,0.02968446
1778151600,4969200.0,4969200.0,4969200.0,4969200.0,0.00273464
1778152500,4969200.0,4969200.0,4969200.0,4969200.0,0.0
1778153400,5044299.0,5049850.0,4969204.0,4969204.0,0.05343476
1778154300,5049846.0,5049850.0,4969204.0,4969204.0,0.0845022
1778155200,5049846.0,5066496.0,4988708.0,4988708.0,0.21204743
1778156100,4988546.0,4988546.0,4950000.0,4950000.0,2.03167937
1778157000,5050515.0,5050515.0,4950000.0,4950000.0,0.02436045
1778157900,5050504.0,5050504.0,5050504.0,5050504.0,0.01030055
1778158800,5047755.0,5047755.0,4965485.0,4965485.0,0.02759461
1778159700,5048154.0,5048154.0,5048154.0,5048154.0,0.00669333
1778160600,5048154.0,5048154.0,5048154.0,5048154.0,0.0
1778161500,5057933.0,5057938.0,5057933.0,5057938.0,0.04657293
1778162400,5016506.0,5019699.0,5016506.0,5019699.0,0.78393642
1778163300,5013896.0,5099741.0,5013896.0,5015688.0,0.12379841
1778164200,5015854.0,5015854.0,5015086.0,5015086.0,0.03647126
1778165100,5009839.0,5009839.0,5009839.0,5009839.0,0.20792068
1778166000,5009839.0,5009839.0,5009839.0,5009839.0,0.0
1778166900,5099970.0,5099970.0,5023826.0,5023826.0,0.01680538
1778167800,5110019.0,5110019.0,5110019.0,5110019.0,0.00873519
1778168700,5000000.0,5000000.0,5000000.0,5000000.0,0.00200418
1778169600,5000004.0,5000004.0,5000004.0,5000004.0,0.00221603
1778170500,5000029.0,5000029.0,5000029.0,5000029.0,0.00914614
1778171400,5000010.0,5000010.0,5000000.0,5000000.0,0.48291166
1778172300,5000004.0,5000004.0,5000004.0,5000004.0,0.01974308
1778173200,5000004.0,5000004.0,5000004.0,5000004.0,0.0
1778174100,5000004.0,5000004.0,5000004.0,5000004.0,0.0
1778175000,5080567.0,5080567.0,5000000.0,5072330.0,0.45876938
1778175900,5071477.0,5071477.0,5071476.0,5071476.0,0.02365404
1778176800,5071476.0,5071476.0,5071476.0,5071476.0,0.0
1778177700,5077376.0,5077376.0,5004636.0,5004636.0,0.00805119
1778178600,5004636.0,5004636.0,5004636.0,5004636.0,0.0
1778179500,5004636.0,5004636.0,5004636.0,5004636.0,0.0
1778180400,5004636.0,5004636.0,5004636.0,5004636.0,0.0
1778181300,5031185.0,5031186.0,5031185.0,5031186.0,0.19999619
1778182200,5031186.0,5031186.0,5031186.0,5031186.0,0.0
1778183100,5031186.0,5031186.0,5031186.0,5031186.0,0.0
1778184000,5031186.0,5031186.0,5031186.0,5031186.0,0.0
1778184900,5031186.0,5031186.0,5031186.0,5031186.0,0.0
1778185800,5031186.0,5031186.0,5031186.0,5031186.0,0.0
1778186700,5031186.0,5031186.0,5031186.0,5031186.0,0.0
1778187600,5031186.0,5031186.0,5031186.0,5031186.0,0.0
1778188500,5031186.0,5031186.0,5031186.0,5031186.0,0.0
1778189400,5031186.0,5031186.0,5031186.0,5031186.0,0.0
1778190300,5050653.0,5050653.0,5050653.0,5050653.0,0.021045
1778191200,5041772.0,5041772.0,5041772.0,5041772.0,0.00217264
1778192100,5041772.0,5041772.0,5041772.0,5041772.0,0.0
1778193000,5041772.0,5041772.0,5041772.0,5041772.0,0.0
1778193900,5041772.0,5041772.0,5041772.0,5041772.0,0.0
1778194800,5041772.0,5041772.0,5041772.0,5041772.0,0.0
1778195700,5041772.0,5041772.0,5041772.0,5041772.0,0.0
1778196600,5041772.0,5041772.0,5041772.0,5041772.0,0.0
1778197500,5000000.0,5000000.0,5000000.0,5000000.0,0.0087348
1778198400,5000000.0,5000000.0,5000000.0,5000000.0,0.0
1778199300,5000000.0,5000000.0,5000000.0,5000000.0,0.0
1778200200,5041437.0,5041501.0,5041367.0,5041367.0,0.02648465
1778201100,5041367.0,5041367.0,5041367.0,5041367.0,0.0
1778202000,5041367.0,5041367.0,5041367.0,5041367.0,0.0
1778202900,5041367.0,5041367.0,5041367.0,5041367.0,0.0
1778203800,5041367.0,5041367.0,5041367.0,5041367.0,0.0
1778204700,5199000.0,5199000.0,5199000.0,5199000.0,0.00497268
1778205600,5048160.0,5073071.0,5048160.0,5073071.0,0.1021759
1778206500,5074920.0,5074920.0,5074920.0,5074920.0,0.03932633
1778207400,5075329.0,5075329.0,5000001.0,5000001.0,0.00803218
1778208300,5075750.0,5075750.0,5075750.0,5075750.0,0.03839669
1778209200,5075750.0,5075750.0,5075750.0,5075750.0,0.0
1778210100,5000002.0,5079067.0,5000002.0,5000002.0,0.02341643
1778211000,5000002.0,5000002.0,5000002.0,5000002.0,0.0
1778211900,5077207.0,5077207.0,5077207.0,5077207.0,0.00392302
1778212800,5079803.0,5079816.0,5079803.0,5079816.0,0.00635397
1778213700,5000002.0,5000002.0,5000002.0,5000002.0,0.10289671
1778214600,5080774.0,5080774.0,5080774.0,5080774.0,0.01150847
1778215500,5080774.0,5080774.0,5000002.0,5000002.0,0.00875174
1778216400,5000002.0,5000002.0,5000002.0,5000002.0,0.0
1778217300,5000002.0,5000002.0,5000002.0,5000002.0,0.0
1778218200,5000002.0,5000002.0,5000002.0,5000002.0,0.0
1778219100,5000002.0,5000002.0,5000002.0,5000002.0,0.0
1778220000,5066558.0,5066558.0,5000002.0,5000002.0,1.29604538
1778220900,5045119.0,5045119.0,5045119.0,5045119.0,0.07786302
1778221800,5045119.0,5045119.0,5045119.0,5045119.0,0.0
1778222700,5045119.0,5045119.0,5045119.0,5045119.0,0.0
1778223600,5000002.0,5000002.0,5000002.0,5000002.0,0.07456564
1778224500,5000002.0,5000002.0,5000002.0,5000002.0,0.0
1778225400,5000002.0,5000002.0,5000002.0,5000002.0,0.00223076
1778226300,5055712.0,5056229.0,5055712.0,5056229.0,0.00783964
1778227200,5000003.0,5058333.0,5000003.0,5058333.0,0.00790605
1778228100,5058333.0,5058333.0,5058333.0,5058333.0,0.0
1778229000,5058333.0,5058333.0,5058333.0,5058333.0,0.0
1778229900,5053783.0,5053783.0,5053783.0,5053783.0,0.0101045
1778230800,5050552.0,5050552.0,5048416.0,5048416.0,0.82000273
1778231700,5048416.0,5048416.0,5048416.0,5048416.0,0.0
1778232600,5048416.0,5048416.0,5048416.0,5048416.0,0.0
1778233500,5000003.0,5000003.0,5000003.0,5000003.0,0.0101045
1778234400,5000003.0,5000003.0,5000003.0,5000003.0,0.0
1778235300,5000003.0,5000003.0,5000003.0,5000003.0,0.0
1778236200,5000003.0,5000003.0,5000003.0,5000003.0,0.0
1778237100,5048000.0,5048000.0,5048000.0,5048000.0,0.00197286
1778238000,5048000.0,5048000.0,5048000.0,5048000.0,0.07503228
1778238900,5048000.0,5093034.0,5048000.0,5093034.0,0.06098438
1778239800,5007692.0,5007692.0,5007692.0,5007692.0,0.00422421
1778240700,5099462.0,5099462.0,5099462.0,5099462.0,0.00507759
1778241600,5099539.0,5099539.0,5012908.0,5013025.0,0.25170737
1778242500,5121825.0,5121825.0,5121485.0,5121485.0,0.05746252
1778243400,5121795.0,5121795.0,5119940.0,5119940.0,0.06960626
1778244300,5119269.0,5119269.0,5013695.0,5013695.0,0.02996302
1778245200,5031728.0,5032263.0,5031260.0,5032263.0,0.04024075
1778246100,5118731.0,5118731.0,5117970.0,5117970.0,0.02898551
1778247000,5149488.0,5149488.0,5068425.0,5068425.0,0.01943449
1778247900,5087573.0,5087573.0,5087573.0,5087573.0,0.00262475
1778248800,5174387.0,5174387.0,5087893.0,5174387.0,0.0150158
1778249700,5174387.0,5174387.0,5174387.0,5174387.0,0.0
1778250600,5169355.0,5169355.0,5087533.0,5090645.0,0.02715811
1778251500,5090645.0,5090645.0,5090645.0,5090645.0,0.0
1778252400,5180349.0,5180349.0,5180349.0,5180349.0,0.00277471
1778253300,5181366.0,5181366.0,5087533.0,5087533.0,0.12313896
1778254200,5087533.0,5087533.0,5087533.0,5087533.0,0.0
1778255100,5090533.0,5090533.0,5090533.0,5090533.0,0.00208467
1778256000,5152667.0,5152667.0,5151487.0,5151487.0,0.02582442
1778256900,5090533.0,5199000.0,5090533.0,5199000.0,0.10191575
1778257800,5090533.0,5150039.0,5090533.0,5150039.0,0.02321368
1778258700,5146175.0,5146175.0,5146175.0,5146175.0,0.00930749
1778259600,5146175.0,5146175.0,5146175.0,5146175.0,0.0
1778260500,5090533.0,5090533.0,5087900.0,5087900.0,0.11101973
1778261400,5087900.0,5087900.0,5087533.0,5087533.0,0.23221623
1778262300,5141857.0,5141857.0,5141857.0,5141857.0,0.00193684
1778263200,5142492.0,5142492.0,5141313.0,5141313.0,0.90675229
1778264100,5087533.0,5087533.0,5087533.0,5087533.0,0.01202385
1778265000,5087533.0,5087533.0,5087533.0,5087533.0,0.0
1778265900,5087533.0,5087533.0,5087533.0,5087533.0,0.0
1778266800,5087533.0,5087533.0,5087533.0,5087533.0,0.0
1778267700,5087533.0,5087533.0,5087533.0,5087533.0,0.0
1778268600,5087533.0,5087533.0,5087533.0,5087533.0,0.0
1778269500,5087533.0,5087533.0,5087533.0,5087533.0,0.0
1778270400,5087533.0,5087533.0,5087533.0,5087533.0,0.0
1778271300,5087533.0,5087533.0,5087533.0,5087533.0,0.0
1778272200,5087533.0,5087533.0,5087533.0,5087533.0,0.0
1778273100,5087533.0,5087533.0,5087533.0,5087533.0,0.0
1778274000,5154990.0,5154990.0,5087533.0,5087533.0,0.00688543
1778274900,5087533.0,5087533.0,5087533.0,5087533.0,0.0
1778275800,5171874.0,5171874.0,5087533.0,5087533.0,0.00622094
1778276700,5087533.0,5087533.0,5087533.0,5087533.0,0.0
1778277600,5087533.0,5087533.0,5087533.0,5087533.0,0.01932651
1778278500,5176447.0,5176447.0,5087533.0,5087533.0,0.01939895
1778279400,5087533.0,5087533.0,5087533.0,5087533.0,0.0
1778280300,5088000.0,5088000.0,5088000.0,5088000.0,0.00627597
1778281200,5088000.0,5088000.0,5088000.0,5088000.0,0.0
1778282100,5142290.0,5142290.0,5142290.0,5142290.0,0.01248619
1778283000,5142290.0,5142290.0,5142290.0,5142290.0,0.00485719
1778283900,5142290.0,5142290.0,5142290.0,5142290.0,0.0
1778284800,5142290.0,5179964.0,5092776.0,5092776.0,0.05011339
1778285700,5092776.0,5092776.0,5092776.0,5092776.0,0.0
1778286600,5092776.0,5092776.0,5092776.0,5092776.0,0.0
1778287500,5160970.0,5160970.0,5160970.0,5160970.0,0.01996833
1778288400,5160970.0,5160970.0,5160970.0,5160970.0,0.0
1778289300,5160970.0,5160970.0,5160970.0,5160970.0,0.0
1778290200,5160970.0,5160970.0,5160970.0,5160970.0,0.01852481
1778291100,5160970.0,5160970.0,5160970.0,5160970.0,0.01111534
1778292000,5160970.0,5160970.0,5160970.0,5160970.0,0.0
1778292900,5160970.0,5160970.0,5100000.0,5100000.0,0.01041869
1778293800,5100000.0,5150150.0,5100000.0,5150150.0,0.02229671
1778294700,5100000.0,5100000.0,5100000.0,5100000.0,0.02824068
1778295600,5150150.0,5160970.0,5150150.0,5160970.0,0.00577459
1778296500,5160970.0,5160970.0,5160970.0,5160970.0,0.01929676
1778297400,5100001.0,5100001.0,5068049.0,5068049.0,0.90438045
1778298300,5154814.0,5154814.0,5154814.0,5154814.0,0.01270792
1778299200,5154814.0,5154814.0,5154814.0,5154814.0,0.0
1778300100,5179000.0,5179000.0,5179000.0,5179000.0,0.00307665
1778301000,5179000.0,5179000.0,5179000.0,5179000.0,0.0
1778301900,5179000.0,5179000.0,5179000.0,5179000.0,0.0
1778302800,5179000.0,5179000.0,5179000.0,5179000.0,0.0
1778303700,5179000.0,5179000.0,5179000.0,5179000.0,0.0
1778304600,5179000.0,5179000.0,5179000.0,5179000.0,0.0
1778305500,5068223.0,5154990.0,5068223.0,5068223.0,0.07464722
1778306400,5068223.0,5068223.0,5068223.0,5068223.0,0.02540574
1778307300,5154989.0,5154989.0,5154989.0,5154989.0,0.00210747
1778308200,5068223.0,5068223.0,5068223.0,5068223.0,0.19224901
1778309100,5068223.0,5068223.0,5068223.0,5068223.0,0.00251371
1778310000,5068223.0,5068223.0,5068223.0,5068223.0,0.0
1778310900,5150000.0,5153407.0,5150000.0,5153407.0,0.01932955
1778311800,5153406.0,5153406.0,5000000.0,5000000.0,2.00418214
1778312700,5155166.0,5155166.0,5068395.0,5147002.0,0.23066714
1778313600,5147002.0,5147002.0,5147002.0,5147002.0,0.0
1778314500,5147002.0,5147002.0,5147002.0,5147002.0,0.0
1778315400,5060960.0,5147002.0,5060959.0,5147002.0,0.03559778
1778316300,5147002.0,5147002.0,5147002.0,5147002.0,0.00193491
1778317200,5147002.0,5147002.0,5060960.0,5060960.0,0.00764322
1778318100,5147002.0,5147002.0,5147002.0,5147002.0,0.02101183
1778319000,5147002.0,5160793.0,5073928.0,5073928.0,0.04545126
1778319900,5073928.0,5073928.0,5073928.0,5073928.0,0.0
1778320800,5073928.0,5160003.0,5073928.0,5160003.0,0.00502269
1778321700,5160003.0,5160794.0,5160003.0,5160793.0,0.09378182
1778322600,5160793.0,5160793.0,5160793.0,5160793.0,0.0
1778323500,5160793.0,5160793.0,5160793.0,5160793.0,0.0
1778324400,5097964.0,5153054.0,5067372.0,5153054.0,0.01547111
1778325300,5067373.0,5067373.0,5067373.0,5067373.0,0.00898393
1778326200,5067372.0,5067372.0,5067372.0,5067372.0,0.00933838
1778327100,5067372.0,5067372.0,5067372.0,5067372.0,0.0
1778328000,5150053.0,5150053.0,5150053.0,5150053.0,0.00328734
1778328900,5077386.0,5077386.0,5077386.0,5077386.0,0.00996063
1778329800,5150053.0,5150053.0,5150053.0,5150053.0,0.02862999
1778330700,5150053.0,5150053.0,5150053.0,5150053.0,0.03936561
1778331600,5150053.0,5150053.0,5150053.0,5150053.0,0.03116587
1778332500,5150053.0,5150054.0,5086205.0,5150054.0,0.06972068
1778333400,5150053.0,5199000.0,5150053.0,5199000.0,0.19538343
1778334300,5173281.0,5173281.0,5173280.0,5173280.0,0.11943021
1778335200,5173280.0,5173280.0,5173280.0,5173280.0,0.0
1778336100,5173280.0,5173280.0,5173280.0,5173280.0,0.0
1778337000,5173280.0,5173280.0,5173280.0,5173280.0,0.0
1778337900,5086205.0,5173281.0,5086205.0,5173281.0,0.03620091
1778338800,5086205.0,5086205.0,5086205.0,5086205.0,0.01177238
1778339700,5086205.0,5086205.0,5086205.0,5086205.0,0.0
1778340600,5181372.0,5181372.0,5181372.0,5181372.0,0.00288302
1778341500,5094159.0,5181372.0,5094159.0,5181372.0,0.01264653
1778342400,5094159.0,5094159.0,5094159.0,5094159.0,0.644619
1778343300,5191748.0,5191748.0,5191748.0,5191748.0,0.00959156
1778344200,5191747.0,5199000.0,5191747.0,5199000.0,0.01176852
1778345100,5199000.0,5199000.0,5199000.0,5199000.0,0.00345335
1778346000,5199000.0,5199000.0,5199000.0,5199000.0,0.0
1778346900,5199000.0,5199000.0,5199000.0,5199000.0,0.0
1778347800,5198999.0,5198999.0,5198999.0,5198999.0,0.00413252
1778348700,5198999.0,5198999.0,5198999.0,5198999.0,0.0
1778349600,5116120.0,5198999.0,5116120.0,5198999.0,0.07454074
1778350500,5116120.0,5116120.0,5116120.0,5116120.0,0.00358005
1778351400,5116120.0,5116120.0,5116120.0,5116120.0,0.0
1778352300,5198999.0,5199000.0,5116120.0,5199000.0,0.09634371
1778353200,5199000.0,5199000.0,5199000.0,5199000.0,0.00191556
1778354100,5199000.0,5199000.0,5199000.0,5199000.0,0.0
1778355000,5199000.0,5199000.0,5199000.0,5199000.0,0.0
1778355900,5199000.0,5199000.0,5199000.0,5199000.0,0.0
1778356800,5116120.0,5198999.0,5116120.0,5198999.0,0.00862366
1778357700,5198999.0,5198999.0,5198999.0,5198999.0,0.0
1778358600,5198999.0,5198999.0,5198999.0,5198999.0,0.0
1778359500,5198999.0,5198999.0,5198999.0,5198999.0,0.0
1778360400,5198999.0,5198999.0,5198999.0,5198999.0,0.0
1778361300,5198999.0,5198999.0,5198999.0,5198999.0,0.0
1778362200,5198999.0,5198999.0,5198999.0,5198999.0,0.0
1778363100,5198999.0,5198999.0,5198999.0,5198999.0,0.0
1778364000,5198999.0,5198999.0,5198999.0,5198999.0,0.0
1778364900,5198999.0,5198999.0,5198999.0,5198999.0,0.0
1778365800,5198999.0,5198999.0,5198999.0,5198999.0,0.0
1778366700,5198999.0,5198999.0,5198999.0,5198999.0,0.0
1778367600,5183129.0,5183129.0,5183129.0,5183129.0,0.00701641
1778368500,5183129.0,5183129.0,5095889.0,5095889.0,0.04090077
1778369400,5095889.0,5095889.0,5095889.0,5095889.0,0.0
1778370300,5095889.0,5095889.0,5095889.0,5095889.0,0.0
1778371200,5095889.0,5095889.0,5095889.0,5095889.0,0.0
1778372100,5095889.0,5095889.0,5095889.0,5095889.0,0.0
1778373000,5095889.0,5095889.0,5095889.0,5095889.0,0.0
1778373900,5186120.0,5186120.0,5186120.0,5186120.0,0.00192031
1778374800,5186119.0,5186119.0,5099000.0,5099000.0,0.00566967
1778375700,5099000.0,5099000.0,5099000.0,5099000.0,0.0
1778376600,5099000.0,5099000.0,5099000.0,5099000.0,0.0
1778377500,5099000.0,5099000.0,5099000.0,5099000.0,0.0
1778378400,5099000.0,5099000.0,5099000.0,5099000.0,0.0
1778379300,5098828.0,5098828.0,5098828.0,5098828.0,0.0513499
1778380200,5098828.0,5199000.0,5098828.0,5199000.0,0.05754252
1778381100,5178909.0,5178909.0,5098828.0,5098828.0,0.01148259
1778382000,5098828.0,5098828.0,5098828.0,5098828.0,0.0
1778382900,5098828.0,5098828.0,5098828.0,5098828.0,0.0
1778383800,5178907.0,5178908.0,5098828.0,5098828.0,0.4705179
1778384700,5115947.0,5178029.0,5098828.0,5098828.0,1.29666636
1778385600,5178029.0,5199000.0,5098828.0,5098828.0,0.2328904
1778386500,5199000.0,5199000.0,5199000.0,5199000.0,0.00877418
1778387400,5122172.0,5122172.0,5122172.0,5122172.0,0.01030055
1778388300,5122172.0,5122172.0,5122172.0,5122172.0,0.0
1778389200,5098828.0,5098828.0,5098828.0,5098828.0,0.01677463
1778390100,5098828.0,5098828.0,5098828.0,5098828.0,0.02369444
1778391000,5098828.0,5098828.0,5098828.0,5098828.0,0.0
1778391900,5098828.0,5098828.0,5098828.0,5098828.0,0.01918274
1778392800,5098828.0,5098828.0,5098828.0,5098828.0,0.0
1778393700,5098828.0,5098828.0,5098828.0,5098828.0,0.0
1778394600,5183482.0,5183482.0,5098828.0,5098828.0,0.02074733
1778395500,5183482.0,5183482.0,5183482.0,5183482.0,0.01144809
1778396400,5183482.0,5183482.0,5183482.0,5183482.0,0.0
1778397300,5183482.0,5183482.0,5183482.0,5183482.0,0.0
1778398200,5098829.0,5098829.0,5096234.0,5096234.0,0.17006094
1778399100,5096234.0,5096234.0,5096234.0,5096234.0,0.0
1778400000,5109549.0,5197904.0,5109549.0,5197904.0,0.04042708
1778400900,5110414.0,5199000.0,5110414.0,5199000.0,0.11754541
1778401800,5199000.0,5199000.0,5199000.0,5199000.0,0.0
1778402700,5100557.0,5100557.0,5100557.0,5100557.0,0.0122488
1778403600,5100557.0,5100557.0,5100557.0,5100557.0,0.0
1778404500,5149186.0,5149186.0,5149186.0,5149186.0,0.00251418
1778405400,5110932.0,5110932.0,5110932.0,5110932.0,0.02824069
1778406300,5110932.0,5110932.0,5110932.0,5110932.0,0.01942522
1778407200,5110932.0,5110932.0,5110932.0,5110932.0,0.0
1778408100,5110932.0,5110932.0,5110932.0,5110932.0,0.0
1778409000,5110932.0,5110932.0,5110932.0,5110932.0,0.0
1778409900,5110932.0,5110932.0,5110932.0,5110932.0,0.0
1778410800,5110932.0,5110932.0,5110932.0,5110932.0,0.0
1778411700,5109895.0,5167477.0,5109895.0,5167477.0,0.93250736
1778412600,5167477.0,5167477.0,5167477.0,5167477.0,0.0
1778413500,5199000.0,5199000.0,5199000.0,5199000.0,0.00376745
1778414400,5199000.0,5199000.0,5199000.0,5199000.0,0.0
1778415300,5199000.0,5199000.0,5199000.0,5199000.0,0.0
1778416200,5147368.0,5147368.0,5118368.0,5118368.0,0.20028244
1778417100,5118368.0,5118368.0,5118368.0,5118368.0,0.0
1778418000,5118368.0,5118368.0,5118368.0,5118368.0,0.0
1778418900,5199000.0,5199000.0,5118368.0,5199000.0,0.23142083
1778419800,5187703.0,5187703.0,5187703.0,5187703.0,0.00731113
1778420700,5187703.0,5187703.0,5115774.0,5187703.0,0.02978445
1778421600,5187703.0,5187703.0,5187703.0,5187703.0,0.9999998
1778422500,5115774.0,5115774.0,5115774.0,5115774.0,0.00731598
1778423400,5115774.0,5115774.0,5115774.0,5115774.0,0.0
1778424300,5178206.0,5178206.0,5178206.0,5178206.0,0.00357788
1778425200,5115774.0,5115774.0,5115774.0,5115774.0,0.00196685
1778426100,5199000.0,5199000.0,5199000.0,5199000.0,0.07743642
1778427000,5115774.0,5187176.0,5115774.0,5187176.0,0.02210059
1778427900,5115774.0,5187176.0,5115774.0,5187176.0,0.0167492
1778428800,5182427.0,5199000.0,5182427.0,5199000.0,0.09897963
1778429700,5199000.0,5199000.0,5199000.0,5199000.0,0.00191556
1778430600,5199000.0,5212854.0,5199000.0,5212854.0,0.11406928
1778431500,5212854.0,5212854.0,5212854.0,5212854.0,0.0
1778432400,5212326.0,5212326.0,5212326.0,5212326.0,0.18100498
1778433300,5212326.0,5212326.0,5212326.0,5212326.0,0.0
1778434200,5212326.0,5212326.0,5212326.0,5212326.0,0.0
1778435100,5212326.0,5212326.0,5212326.0,5212326.0,0.0
1778436000,5115775.0,5115775.0,5115775.0,5115775.0,0.07619156
1778436900,5115775.0,5115775.0,5115775.0,5115775.0,0.0
1778437800,5115775.0,5115775.0,5115775.0,5115775.0,0.0
1778438700,5115775.0,5115775.0,5115775.0,5115775.0,0.0
1778439600,5115775.0,5115775.0,5115775.0,5115775.0,0.0
1778440500,5115775.0,5115775.0,5115775.0,5115775.0,0.0
1778441400,5115775.0,5115775.0,5115775.0,5115775.0,0.0
1778442300,5115775.0,5115775.0,5115775.0,5115775.0,0.0
1778443200,5182603.0,5182603.0,5115775.0,5115775.0,0.00636436
1778444100,5115775.0,5115775.0,5115775.0,5115775.0,0.0
1778445000,5188230.0,5188230.0,5188230.0,5188230.0,0.00435755
1778445900,5188230.0,5188230.0,5188230.0,5188230.0,0.0
1778446800,5188230.0,5188230.0,5188230.0,5188230.0,0.0
1778447700,5188230.0,5188230.0,5188230.0,5188230.0,0.0
1778448600,5188230.0,5188230.0,5188230.0,5188230.0,0.0
1778449500,5188230.0,5188230.0,5188230.0,5188230.0,0.0
1778450400,5115775.0,5115775.0,5115775.0,5115775.0,0.00435755
1778451300,5115775.0,5115775.0,5115775.0,5115775.0,0.0
1778452200,5166396.0,5166396.0,5166396.0,5166396.0,0.01931501
1778453100,5166396.0,5166396.0,5166396.0,5166396.0,0.0
1778454000,5150775.0,5150775.0,5150775.0,5150775.0,0.01296519
1778454900,5186830.0,5186830.0,5186753.0,5186753.0,0.01638421
1778455800,5186753.0,5186753.0,5186753.0,5186753.0,0.0
1778456700,5162809.0,5162809.0,5162809.0,5162809.0,0.00578696
1778457600,5162809.0,5162809.0,5160775.0,5160775.0,0.02092343
1778458500,5132895.0,5132895.0,5132895.0,5132895.0,0.0032958
1778459400,5132895.0,5132895.0,5132895.0,5132895.0,0.0
1778460300,5132895.0,5132895.0,5132895.0,5132895.0,0.0
1778461200,5150090.0,5188230.0,5150090.0,5188230.0,0.07847993
1778462100,5188230.0,5188230.0,5188230.0,5188230.0,0.0
1778463000,5188230.0,5188230.0,5188230.0,5188230.0,0.0
1778463900,5188230.0,5188230.0,5188230.0,5188230.0,0.0
1778464800,5188230.0,5188230.0,5188230.0,5188230.0,0.0
1778465700,5171961.0,5171961.0,5171961.0,5171961.0,0.00621466
1778466600,5171961.0,5171961.0,5171961.0,5171961.0,0.0
1778467500,5171961.0,5171961.0,5171961.0,5171961.0,0.0
1778468400,5171961.0,5171961.0,5171961.0,5171961.0,0.0
1778469300,5188230.0,5188230.0,5115777.0,5174436.0,0.23762737
1778470200,5174436.0,5174436.0,5174436.0,5174436.0,0.0
1778471100,5185784.0,5185784.0,5115777.0,5168310.0,0.01458847
1778472000,5188230.0,5188230.0,5188230.0,5188230.0,0.0057586
1778472900,5120000.0,5120000.0,5120000.0,5120000.0,0.06465756
1778473800,5158874.0,5158874.0,5158874.0,5158874.0,0.05675618
1778474700,5158874.0,5158874.0,5158874.0,5158874.0,0.0
1778475600,5120000.0,5188230.0,5120000.0,5188230.0,0.04211467
1778476500,5188230.0,5188230.0,5188230.0,5188230.0,0.01919537
1778477400,5187264.0,5188230.0,5187264.0,5188230.0,0.04076832
1778478300,5188230.0,5188230.0,5188230.0,5188230.0,0.0
1778479200,5153694.0,5176133.0,5120000.0,5176133.0,1.01498301
1778480100,5176133.0,5176133.0,5176133.0,5176133.0,0.0
1778481000,5188230.0,5188230.0,5120000.0,5120000.0,0.03839082
1778481900,5172567.0,5172567.0,5172567.0,5172567.0,0.0039346
1778482800,5172567.0,5172567.0,5172567.0,5172567.0,0.0
1778483700,5172567.0,5172567.0,5172567.0,5172567.0,0.0
1778484600,5172567.0,5172567.0,5172567.0,5172567.0,0.0
1778485500,5172567.0,5172567.0,5172567.0,5172567.0,0.0
1778486400,5172895.0,5172895.0,5172895.0,5172895.0,0.03728434
1778487300,5172895.0,5172895.0,5172895.0,5172895.0,0.0
1778488200,5172895.0,5172895.0,5172895.0,5172895.0,0.0
1778489100,5120000.0,5120000.0,5120000.0,5120000.0,0.00933839
1778490000,5171368.0,5171368.0,5168856.0,5168856.0,0.01236186
1778490900,5168788.0,5168788.0,5168788.0,5168788.0,0.01050362
1778491800,5188230.0,5188230.0,5120000.0,5120000.0,0.04784562
1778492700,5120000.0,5120000.0,5120000.0,5120000.0,0.0
1778493600,5175700.0,5212000.0,5173539.0,5212000.0,0.06210746
1778494500,5180626.0,5180626.0,5180626.0,5180626.0,0.00192235
1778495400,5191624.0,5191758.0,5191624.0,5191758.0,0.00592694
1778496300,5121901.0,5189660.0,5121901.0,5189660.0,0.02072884
1778497200,5189660.0,5189660.0,5189660.0,5189660.0,0.0
1778498100,5189660.0,5189660.0,5189660.0,5189660.0,0.0
1778499000,5189660.0,5189660.0,5189660.0,5189660.0,0.0
1778499900,5189660.0,5189660.0,5189660.0,5189660.0,0.0
1778500800,5212000.0,5212000.0,5212000.0,5212000.0,0.00248541
1778501700,5212000.0,5212000.0,5212000.0,5212000.0,0.00582137
1778502600,5212000.0,5212000.0,5212000.0,5212000.0,0.0
1778503500,5177886.0,5177886.0,5177886.0,5177886.0,0.21203595
1778504400,5171036.0,5171036.0,5171036.0,5171036.0,0.00614074
1778505300,5170623.0,5170623.0,5170623.0,5170623.0,0.00704653
1778506200,5144086.0,5144086.0,5144086.0,5144086.0,0.03881408
1778507100,5144086.0,5144086.0,5144086.0,5144086.0,0.0
1778508000,5135848.0,5212000.0,5120000.0,5212000.0,0.02418134
1778508900,5120000.0,5120000.0,5120000.0,5120000.0,0.00578278
1778509800,5120000.0,5120000.0,5120000.0,5120000.0,0.0
1778510700,5120000.0,5120000.0,5120000.0,5120000.0,0.00205489
1778511600,5174670.0,5174670.0,5174670.0,5174670.0,0.00627808
1778512500,5222222.0,5222222.0,5222222.0,5222222.0,0.00572112
1778513400,5186184.0,5191170.0,5185902.0,5191170.0,0.20582992
1778514300,5189025.0,5189025.0,5189025.0,5189025.0,0.00470261
1778515200,5189025.0,5189025.0,5189025.0,5189025.0,0.0
1778516100,5163971.0,5163971.0,5163971.0,5163971.0,0.00347639
1778517000,5120000.0,5222222.0,5120000.0,5120000.0,0.14319218
1778517900,5142173.0,5142173.0,5142173.0,5142173.0,0.00238381
1778518800,5142158.0,5143355.0,5142158.0,5143355.0,0.03520084
1778519700,5120000.0,5120000.0,5120000.0,5120000.0,0.00532148
1778520600,5222222.0,5222222.0,5222222.0,5222222.0,0.00190704
1778521500,5222222.0,5222222.0,5222222.0,5222222.0,0.0
1778522400,5222222.0,5222222.0,5222222.0,5222222.0,0.0
1778523300,5222222.0,5222222.0,5222222.0,5222222.0,0.0
1778524200,5159923.0,5159923.0,5159923.0,5159923.0,0.00349559
1778525100,5222222.0,5222222.0,5222222.0,5222222.0,0.00217206
1778526000,5222222.0,5222222.0,5222222.0,5222222.0,0.0
1778526900,5222222.0,5222222.0,5222222.0,5222222.0,0.0
1778527800,5163948.0,5164253.0,5163948.0,5164253.0,0.01158106
1778528700,5164253.0,5164253.0,5164253.0,5164253.0,0.0
1778529600,5164253.0,5164253.0,5164253.0,5164253.0,0.0
1778530500,5157600.0,5157600.0,5157600.0,5157600.0,0.00193113
1778531400,5120000.0,5120000.0,5120000.0,5120000.0,0.01102948
1778532300,5120000.0,5120000.0,5120000.0,5120000.0,0.0
1778533200,5120000.0,5120000.0,5120000.0,5120000.0,0.0
1778534100,5120000.0,5120000.0,5120000.0,5120000.0,0.0
1778535000,5120000.0,5120000.0,5120000.0,5120000.0,0.0
1778535900,5120000.0,5120000.0,5120000.0,5120000.0,0.0
1778536800,5120000.0,5120000.0,5120000.0,5120000.0,0.0
1778537700,5120000.0,5120000.0,5120000.0,5120000.0,0.0
1778538600,5120000.0,5120000.0,5120000.0,5120000.0,0.0
1778539500,5120000.0,5120000.0,5120000.0,5120000.0,0.0
1778540400,5120000.0,5120000.0,5120000.0,5120000.0,0.0
1778541300,5247227.0,5496666.0,5120002.0,5120002.0,0.03983735
1778542200,5120002.0,5120002.0,5120002.0,5120002.0,0.0
1778543100,5120002.0,5120002.0,5120002.0,5120002.0,0.0
1778544000,5166180.0,5166180.0,5166180.0,5166180.0,0.00622452
1778544900,5166180.0,5166357.0,5120007.0,5120007.0,0.0042425
1778545800,5166530.0,5166530.0,5166530.0,5166530.0,0.00385519
1778546700,5166530.0,5166530.0,5166530.0,5166530.0,0.0
1778547600,5166530.0,5166530.0,5166530.0,5166530.0,0.0
1778548500,5166531.0,5166531.0,5166531.0,5166531.0,0.00385151
1778549400,5166531.0,5166531.0,5166531.0,5166531.0,0.00238381
1778550300,5201749.0,5201749.0,5120007.0,5199670.0,0.04965755
1778551200,5199670.0,5199670.0,5199670.0,5199670.0,0.0
1778552100,5199670.0,5199670.0,5199670.0,5199670.0,0.0
1778553000,5205762.0,5205765.0,5205762.0,5205765.0,0.00281284
1778553900,5205467.0,5205467.0,5120586.0,5120586.0,0.14325928
1778554800,5124117.0,5124117.0,5122346.0,5122346.0,0.14888029
1778555700,5121469.0,5121469.0,5121469.0,5121469.0,0.00347639
1778556600,5201875.0,5201875.0,5201875.0,5201875.0,0.00583462
1778557500,5122000.0,5122000.0,5122000.0,5122000.0,0.01002467
1778558400,5202759.0,5202759.0,5122000.0,5122000.0,0.05066986
1778559300,5201555.0,5201555.0,5201555.0,5201555.0,0.00717766
1778560200,5202536.0,5202536.0,5202536.0,5202536.0,0.0145108
1778561100,5122000.0,5199861.0,5122000.0,5199787.0,0.06084941
1778562000,5199787.0,5199787.0,5199787.0,5199787.0,0.0
1778562900,5199787.0,5199787.0,5199787.0,5199787.0,0.0
1778563800,5201740.0,5201740.0,5201740.0,5201740.0,0.00292575
1778564700,5201740.0,5201740.0,5201740.0,5201740.0,0.0
1778565600,5201740.0,5201740.0,5201740.0,5201740.0,0.0
1778566500,5209234.0,5209234.0,5209234.0,5209234.0,0.07615495
1778567400,5209234.0,5209234.0,5209234.0,5209234.0,0.0
1778568300,5209234.0,5209234.0,5209234.0,5209234.0,0.0
1778569200,5127695.0,5194507.0,5127695.0,5194507.0,0.07998938
1778570100,5122000.0,5196641.0,5122000.0,5196358.0,0.02845321
1778571000,5196358.0,5196358.0,5196358.0,5196358.0,0.0
1778571900,5191911.0,5191911.0,5191911.0,5191911.0,0.0037541
1778572800,5191911.0,5191911.0,5191911.0,5191911.0,0.0
1778573700,5122090.0,5122090.0,5122090.0,5122090.0,0.00400832
1778574600,5122090.0,5122090.0,5122090.0,5122090.0,0.00731113
1778575500,5189841.0,5189841.0,5189841.0,5189841.0,0.00210912
1778576400,5193057.0,5210562.0,5122090.0,5210562.0,0.01542067
1778577300,5210562.0,5210562.0,5210562.0,5210562.0,0.0
1778578200,5122090.0,5186301.0,5122090.0,5186301.0,0.02129779
1778579100,5186301.0,5186301.0,5186301.0,5186301.0,0.0
1778580000,5122090.0,5180380.0,5122090.0,5180380.0,0.01060743
1778580900,5180380.0,5180380.0,5180380.0,5180380.0,0.0
1778581800,5180380.0,5180380.0,5180380.0,5180380.0,0.0
1778582700,5173778.0,5173778.0,5173778.0,5173778.0,0.00384863
1778583600,5173757.0,5173757.0,5122091.0,5122091.0,0.00684154
1778584500,5173915.0,5173915.0,5173915.0,5173915.0,0.19248576
1778585400,5122091.0,5182955.0,5122091.0,5182955.0,0.00580788
1778586300,5182955.0,5182955.0,5182955.0,5182955.0,0.0
1778587200,5182743.0,5182743.0,5182743.0,5182743.0,0.00563195
1778588100,5122091.0,5122091.0,5122091.0,5122091.0,0.00357788
1778589000,5122091.0,5122091.0,5122091.0,5122091.0,0.02022474
1778589900,5122091.0,5122091.0,5122091.0,5122091.0,0.0
1778590800,5122100.0,5178976.0,5122100.0,5178976.0,0.03361553
1778591700,5177057.0,5177057.0,5177057.0,5177057.0,0.00384735
1778592600,5177057.0,5177057.0,5177057.0,5177057.0,0.0
1778593500,5177057.0,5177057.0,5177057.0,5177057.0,0.0
1778594400,5177057.0,5177057.0,5177057.0,5177057.0,0.0
1778595300,5228531.0,5228531.0,5228485.0,5228485.0,0.01529939
1778596200,5143501.0,5143501.0,5143501.0,5143501.0,1.06287489
1778597100,5231601.0,5231601.0,5231601.0,5231601.0,0.02814281
1778598000,5231601.0,5231601.0,5231601.0,5231601.0,0.0
1778598900,5139830.0,5225528.0,5139830.0,5225528.0,0.02722797
1778599800,5234421.0,5234425.0,5132277.0,5132277.0,0.03025733
1778600700,5132277.0,5132277.0,5132277.0,5132277.0,0.0
1778601600,5132277.0,5132277.0,5132277.0,5132277.0,0.0
1778602500,5230910.0,5230941.0,5230910.0,5230941.0,0.02736766
1778603400,5221133.0,5221133.0,5133765.0,5133765.0,0.00688555
1778604300,5221423.0,5221423.0,5221423.0,5221423.0,0.01560168
1778605200,5221423.0,5221423.0,5221423.0,5221423.0,0.0
1778606100,5221423.0,5221423.0,5221423.0,5221423.0,0.0
1778607000,5134590.0,5221423.0,5134590.0,5221423.0,0.01731856
1778607900,5221423.0,5221423.0,5221423.0,5221423.0,0.0
1778608800,5221423.0,5221423.0,5221423.0,5221423.0,0.0
1778609700,5221423.0,5221423.0,5221423.0,5221423.0,0.0
1778610600,5221423.0,5221423.0,5221423.0,5221423.0,0.0
1778611500,5221423.0,5221423.0,5221423.0,5221423.0,0.0085829
1778612400,5221423.0,5221423.0,5221423.0,5221423.0,0.0
1778613300,5221423.0,5221423.0,5221423.0,5221423.0,0.0
1778614200,5148464.0,5148464.0,5148464.0,5148464.0,0.00253221
1778615100,5142681.0,5142681.0,5142681.0,5142681.0,0.00703543
1778616000,5142681.0,5142681.0,5142681.0,5142681.0,0.0
1778616900,5142681.0,5142681.0,5142681.0,5142681.0,0.0
1778617800,5142681.0,5142681.0,5142681.0,5142681.0,0.0
1778618700,5142681.0,5142681.0,5142681.0,5142681.0,0.0
1778619600,5221423.0,5221423.0,5221423.0,5221423.0,0.00490689
1778620500,5221423.0,5240124.0,5221423.0,5240124.0,0.00373005
1778621400,5240124.0,5240124.0,5240124.0,5240124.0,0.0
1778622300,5240124.0,5240124.0,5240124.0,5240124.0,0.0
1778623200,5240124.0,5240124.0,5240124.0,5240124.0,0.0
1778624100,5240124.0,5240124.0,5240124.0,5240124.0,0.0
1778625000,5147831.0,5147831.0,5147831.0,5147831.0,0.00490689
1778625900,5147831.0,5147831.0,5147831.0,5147831.0,0.0
1778626800,5147831.0,5147831.0,5147831.0,5147831.0,0.0
1778627700,5250708.0,5490200.0,5155552.0,5155552.0,0.10314243
1778628600,5238823.0,5496666.0,5238823.0,5496666.0,0.05323086
1778629500,5245602.0,5245602.0,5152061.0,5152061.0,0.02037909
1778630400,5152061.0,5152061.0,5152061.0,5152061.0,0.0
1778631300,5157089.0,5157089.0,5157089.0,5157089.0,0.00858104
1778632200,5157089.0,5157089.0,5157089.0,5157089.0,0.0
1778633100,5157089.0,5157089.0,5157089.0,5157089.0,0.0
1778634000,5232157.0,5232157.0,5157090.0,5157090.0,0.04806923
1778634900,5225867.0,5225867.0,5225867.0,5225867.0,0.00374999
1778635800,5225867.0,5225867.0,5225867.0,5225867.0,0.0
1778636700,5225867.0,5225867.0,5225867.0,5225867.0,0.0
1778637600,5225867.0,5225867.0,5225867.0,5225867.0,0.0
1778638500,5221441.0,5221441.0,5221441.0,5221441.0,0.03365449
1778639400,5221441.0,5221441.0,5157089.0,5157089.0,0.05488193
1778640300,5157089.0,5157089.0,5157089.0,5157089.0,0.0
1778641200,5157089.0,5157089.0,5157089.0,5157089.0,0.0
1778642100,5225897.0,5225897.0,5225897.0,5225897.0,0.00222354
1778643000,5222301.0,5222301.0,5157089.0,5157089.0,0.02809258
1778643900,5157089.0,5157089.0,5157089.0,5157089.0,0.0
1778644800,5157089.0,5157089.0,5157089.0,5157089.0,0.0085829
1778645700,5157089.0,5217830.0,5157089.0,5217830.0,0.00795149
1778646600,5214537.0,5215566.0,5214537.0,5215566.0,0.00856594
1778647500,5215520.0,5219918.0,5157089.0,5157089.0,0.13577002
1778648400,5157089.0,5157089.0,5157089.0,5157089.0,0.0
1778649300,5213373.0,5213373.0,5213373.0,5213373.0,0.00477042
1778650200,5157089.0,5213581.0,5157089.0,5213581.0,0.01307105
1778651100,5213432.0,5213453.0,5213432.0,5213453.0,0.01538793
1778652000,5211077.0,5211077.0,5211077.0,5211077.0,0.00691565
1778652900,5210493.0,5489993.0,5157089.0,5489993.0,0.18490107
1778653800,5233246.0,5233246.0,5233246.0,5233246.0,0.00516505
1778654700,5233246.0,5233246.0,5233246.0,5233246.0,0.0
1778655600,5157089.0,5157089.0,5157089.0,5157089.0,0.00717766
1778656500,5157089.0,5157089.0,5157089.0,5157089.0,0.01924987
1778657400,5157089.0,5157089.0,5157089.0,5157089.0,0.0
1778658300,5157089.0,5157089.0,5157089.0,5157089.0,0.00404177
1778659200,5157089.0,5157089.0,5157089.0,5157089.0,0.0
1778660100,5203260.0,5203260.0,5203260.0,5203260.0,0.00191399
1778661000,5233240.0,5233240.0,5233240.0,5233240.0,0.01681291
1778661900,5157090.0,5157090.0,5157089.0,5157089.0,1.40191747
1778662800,5157089.0,5157089.0,5157089.0,5157089.0,0.0
1778663700,5157089.0,5157089.0,5157089.0,5157089.0,0.0
1778664600,5157089.0,5157089.0,5157089.0,5157089.0,0.0
1778665500,5157089.0,5157089.0,5157089.0,5157089.0,0.0
1778666400,5157089.0,5157089.0,5157089.0,5157089.0,0.0
1778667300,5157089.0,5157089.0,5157089.0,5157089.0,0.0
1778668200,5157089.0,5157089.0,5157089.0,5157089.0,0.0
1778669100,5157089.0,5157089.0,5157089.0,5157089.0,0.0
1778670000,5157089.0,5157089.0,5157089.0,5157089.0,0.0
1778670900,5226143.0,5226143.0,5157089.0,5157089.0,0.00480547
1778671800,5228767.0,5228767.0,5228767.0,5228767.0,0.00191593
1778672700,5233240.0,5233240.0,5233240.0,5233240.0,0.00285444
1778673600,5233240.0,5233240.0,5233240.0,5233240.0,0.0
1778674500,5233240.0,5233240.0,5233240.0,5233240.0,0.0
1778675400,5233240.0,5233240.0,5233240.0,5233240.0,0.08891011
1778676300,5157089.0,5235977.0,5157089.0,5235977.0,0.20877726
1778677200,5233749.0,5233749.0,5233749.0,5233749.0,0.13319973
1778678100,5231258.0,5231258.0,5157089.0,5157089.0,0.01938848
1778679000,5157089.0,5157089.0,5157089.0,5157089.0,0.00384863
1778679900,5157089.0,5157089.0,5157089.0,5157089.0,0.0
1778680800,5159900.0,5159900.0,5159900.0,5159900.0,0.01400294
1778681700,5245261.0,5245261.0,5159901.0,5159901.0,0.00486
1778682600,5245240.0,5245241.0,5245240.0,5245241.0,0.00753158
1778683500,5245241.0,5245241.0,5245241.0,5245241.0,0.0
1778684400,5245241.0,5245241.0,5245241.0,5245241.0,0.01885423
1778685300,5182397.0,5245240.0,5182397.0,5182414.0,0.06266298
1778686200,5182414.0,5182414.0,5182414.0,5182414.0,0.0
1778687100,5182414.0,5182414.0,5182414.0,5182414.0,0.0
1778688000,5245240.0,5245240.0,5245240.0,5245240.0,0.01036138
1778688900,5188809.0,5245241.0,5157089.0,5245241.0,1.11803327
1778689800,5245241.0,5245241.0,5245241.0,5245241.0,0.13862839
1778690700,5250000.0,5250000.0,5250000.0,5250000.0,0.009368
1778691600,5251000.0,5251000.0,5251000.0,5251000.0,0.00307293
1778692500,5245241.0,5245241.0,5245241.0,5245241.0,0.00496051
1778693400,5251000.0,5298076.0,5249280.0,5298076.0,0.28750455
1778694300,5298076.0,5298076.0,5251404.0,5251404.0,0.08371806
1778695200,5251404.0,5251404.0,5251404.0,5251404.0,0.0
1778696100,5298076.0,5298076.0,5298076.0,5298076.0,0.00413621
1778697000,5252946.0,5252946.0,5252946.0,5252946.0,0.00193262
1778697900,5252946.0,5252946.0,5252946.0,5252946.0,0.00264637
1778698800,5252946.0,5252946.0,5252946.0,5252946.0,0.0
1778699700,5298076.0,5298076.0,5298076.0,5298076.0,0.00206754
1778700600,5298076.0,5298076.0,5298076.0,5298076.0,0.0
1778701500,5298076.0,5298076.0,5298076.0,5298076.0,0.0
1778702400,5298076.0,5303851.0,5298076.0,5303851.0,0.16182703
1778703300,5303851.0,5303851.0,5303851.0,5303851.0,0.01633586
1778704200,5303851.0,5303851.0,5303851.0,5303851.0,0.0
1778705100,5303849.0,5303849.0,5303849.0,5303849.0,0.01117433
1778706000,5303849.0,5303849.0,5303849.0,5303849.0,0.0
1778706900,5253946.0,5253946.0,5253946.0,5253946.0,0.01628661
1778707800,5253946.0,5253946.0,5253946.0,5253946.0,0.0
1778708700,5253946.0,5253946.0,5253946.0,5253946.0,0.0
1778709600,5253946.0,5253946.0,5253946.0,5253946.0,0.0
1778710500,5253946.0,5253946.0,5253946.0,5253946.0,0.0
1778711400,5253946.0,5253946.0,5253946.0,5253946.0,0.0
1778712300,5253946.0,5253946.0,5253946.0,5253946.0,0.0
1778713200,5253946.0,5253946.0,5253946.0,5253946.0,0.0
1778714100,5253947.0,5303850.0,5253947.0,5303850.0,0.35733961
1778715000,5303850.0,5303850.0,5303850.0,5303850.0,0.0
1778715900,5303850.0,5303850.0,5303850.0,5303850.0,0.0
1778716800,5303850.0,5303850.0,5303850.0,5303850.0,0.0
1778717700,5253946.0,5303850.0,5253946.0,5253946.0,0.05494678
1778718600,5253946.0,5253946.0,5253946.0,5253946.0,0.0
1778719500,5298608.0,5298608.0,5298608.0,5298608.0,0.00281923
1778720400,5298608.0,5298608.0,5298608.0,5298608.0,0.0
1778721300,5290242.0,5290242.0,5290242.0,5290242.0,0.03772568
1778722200,5292587.0,5292587.0,5292587.0,5292587.0,0.18854541
1778723100,5292587.0,5292587.0,5292587.0,5292587.0,0.0
1778724000,5303850.0,5303850.0,5303850.0,5303850.0,0.00938846
1778724900,5253946.0,5303850.0,5253946.0,5303850.0,0.01670042
1778725800,5303850.0,5303850.0,5303850.0,5303850.0,0.0
1778726700,5297269.0,5297269.0,5297269.0,5297269.0,0.19787913
1778727600,5303850.0,5303850.0,5253946.0,5253946.0,0.00840935
1778728500,5303850.0,5303850.0,5253946.0,5253946.0,0.02164689
1778729400,5303850.0,5303850.0,5303850.0,5303850.0,0.00500843
1778730300,5303850.0,5303850.0,5303850.0,5303850.0,0.11941495
1778731200,5303850.0,5303850.0,5245241.0,5303850.0,0.1254202
1778732100,5303850.0,5303850.0,5303850.0,5303850.0,0.00563326
1778733000,5303850.0,5303850.0,5303850.0,5303850.0,0.07323094
1778733900,5245241.0,5245241.0,5245241.0,5245241.0,0.00230189
1778734800,5245241.0,5245241.0,5245241.0,5245241.0,0.0
1778735700,5300000.0,5300000.0,5300000.0,5300000.0,0.00826773
1778736600,5300000.0,5300000.0,5300000.0,5300000.0,0.19902471
1778737500,5245241.0,5245241.0,5216284.0,5216284.0,0.19108036
1778738400,5300000.0,5300000.0,5218846.0,5218846.0,0.21105883
1778739300,5300000.0,5300000.0,5300000.0,5300000.0,0.00187905
1778740200,5300000.0,5300000.0,5300000.0,5300000.0,0.0
1778741100,5300000.0,5300000.0,5300000.0,5300000.0,0.0
1778742000,5299999.0,5299999.0,5299999.0,5299999.0,0.00187905
1778742900,5299999.0,5300000.0,5299999.0,5300000.0,0.18790661
1778743800,5227355.0,5227355.0,5227355.0,5227355.0,0.00401522
1778744700,5227355.0,5227355.0,5227355.0,5227355.0,0.0
1778745600,5227355.0,5227355.0,5227355.0,5227355.0,0.0
1778746500,5218415.0,5218415.0,5218415.0,5218415.0,0.00936778
1778747400,5221004.0,5300000.0,5221004.0,5221628.0,0.25999693
1778748300,5299999.0,5299999.0,5299999.0,5299999.0,0.09395322
1778749200,5221628.0,5299999.0,5221628.0,5299999.0,0.01421524
1778750100,5299999.0,5299999.0,5299999.0,5299999.0,0.0
1778751000,5227037.0,5227037.0,5227037.0,5227037.0,0.03779446
1778751900,5233884.0,5233884.0,5233884.0,5233884.0,0.00369706
1778752800,5233884.0,5233884.0,5233884.0,5233884.0,0.0
1778753700,5233884.0,5233884.0,5233884.0,5233884.0,0.0
1778754600,5233884.0,5233884.0,5233884.0,5233884.0,0.0
1778755500,5233884.0,5233884.0,5233884.0,5233884.0,0.0
1778756400,5300000.0,5300000.0,5300000.0,5300000.0,0.00596622
1778757300,5300000.0,5300000.0,5300000.0,5300000.0,0.0
1778758200,5245917.0,5245917.0,5245917.0,5245917.0,0.00203962
1778759100,5245917.0,5357000.0,5245917.0,5357000.0,1.03969845
1778760000,5356999.0,5356999.0,5245968.0,5245968.0,0.0041334
1778760900,5357000.0,5357000.0,5357000.0,5357000.0,0.00316035
1778761800,5245918.0,5356999.0,5245918.0,5356999.0,0.00775431
1778762700,5356999.0,5356999.0,5356999.0,5356999.0,0.00800989
1778763600,5356999.0,5356999.0,5356999.0,5356999.0,0.0
1778764500,5246005.0,5356999.0,5246005.0,5356999.0,0.0237363
1778765400,5356999.0,5356999.0,5356999.0,5356999.0,0.00910939
1778766300,5356999.0,5356999.0,5356999.0,5356999.0,0.0
1778767200,5356999.0,5356999.0,5356999.0,5356999.0,0.00256636
1778768100,5356999.0,5356999.0,5356999.0,5356999.0,0.0
1778769000,5356999.0,5356999.0,5245917.0,5245917.0,0.11575531
1778769900,5245917.0,5245917.0,5245917.0,5245917.0,0.00212386
1778770800,5245917.0,5245917.0,5245917.0,5245917.0,0.0
1778771700,5245917.0,5245917.0,5245917.0,5245917.0,0.0
1778772600,5356999.0,5357000.0,5356999.0,5357000.0,0.07622196
1778773500,5357000.0,5357000.0,5357000.0,5357000.0,0.0
1778774400,5245918.0,5357000.0,5245918.0,5245918.0,0.02991467
1778775300,5357000.0,5357000.0,5357000.0,5357000.0,0.08255572
1778776200,5245918.0,5357000.0,5245918.0,5357000.0,0.04572235
1778777100,5357000.0,5357000.0,5357000.0,5357000.0,0.00289546
1778778000,5357000.0,5357000.0,5357000.0,5357000.0,0.0
1778778900,5245918.0,5245918.0,5122091.0,5122091.0,1.02238476
1778779800,5356999.0,5356999.0,5356999.0,5356999.0,0.00400466
1778780700,5356999.0,5356999.0,5356999.0,5356999.0,0.01093186
1778781600,5356999.0,5356999.0,5356999.0,5356999.0,0.01056972
1778782500,5122092.0,5122092.0,5122092.0,5122092.0,0.01938289
1778783400,5122092.0,5122092.0,5122092.0,5122092.0,0.0
1778784300,5122106.0,5122106.0,5122106.0,5122106.0,0.03711431
1778785200,5122106.0,5122106.0,5122106.0,5122106.0,0.01709121
1778786100,5356194.0,5356196.0,5125042.0,5125042.0,0.02431694
1778787000,5125102.0,5125102.0,5125102.0,5125102.0,0.00326159
1778787900,5356194.0,5356196.0,5356194.0,5356196.0,0.06112707
1778788800,5356196.0,5356196.0,5356196.0,5356196.0,0.0
1778789700,5356196.0,5356196.0,5356196.0,5356196.0,0.0
1778790600,5356196.0,5356196.0,5356196.0,5356196.0,0.0
1778791500,5356196.0,5356196.0,5356196.0,5356196.0,0.0
1778792400,5356196.0,5356196.0,5356196.0,5356196.0,0.0
1778793300,5356196.0,5356196.0,5356196.0,5356196.0,0.0
1778794200,5356196.0,5356196.0,5356196.0,5356196.0,0.0
1778795100,5356196.0,5356196.0,5356196.0,5356196.0,0.0
1778796000,5320008.0,5356000.0,5320008.0,5320008.0,0.10968408
1778796900,5320008.0,5320008.0,5320008.0,5320008.0,0.0
1778797800,5320008.0,5320008.0,5320008.0,5320008.0,0.0
1778798700,5320008.0,5320008.0,5320008.0,5320008.0,0.0
1778799600,5320008.0,5320008.0,5320008.0,5320008.0,0.0
1778800500,5320008.0,5320008.0,5320008.0,5320008.0,0.0
1778801400,5320008.0,5320008.0,5320008.0,5320008.0,0.0
1778802300,5320008.0,5320008.0,5320008.0,5320008.0,0.02153562
1778803200,5356000.0,5356000.0,5356000.0,5356000.0,0.00462378
1778804100,5320008.0,5356000.0,5320008.0,5320008.0,0.02842952
1778805000,5320008.0,5320008.0,5320008.0,5320008.0,0.0
1778805900,5356000.0,5356197.0,5320008.0,5356197.0,0.66198178
1778806800,5356197.0,5356197.0,5356197.0,5356197.0,0.00281673
1778807700,5356197.0,5356197.0,5356197.0,5356197.0,0.0
1778808600,5320008.0,5335960.0,5125650.0,5335960.0,0.53003191
1778809500,5348588.0,5348588.0,5348588.0,5348588.0,0.00204801
1778810400,5348588.0,5348588.0,5348588.0,5348588.0,0.0
1778811300,5348588.0,5348588.0,5348588.0,5348588.0,0.0
1778812200,5234527.0,5234527.0,5234527.0,5234527.0,0.00772451
1778813100,5356195.0,5356195.0,5356195.0,5356195.0,0.01859342
1778814000,5226275.0,5226275.0,5226275.0,5226275.0,0.01328652
1778814900,5226275.0,5226275.0,5226275.0,5226275.0,0.0
1778815800,5226275.0,5226275.0,5226275.0,5226275.0,0.00295982
1778816700,5226275.0,5226275.0,5226275.0,5226275.0,0.0080317
1778817600,5340473.0,5340473.0,5340473.0,5340473.0,0.00745926
1778818500,5335440.0,5335440.0,5335440.0,5335440.0,0.00933287
1778819400,5335440.0,5335440.0,5335440.0,5335440.0,0.0
1778820300,5346008.0,5346008.0,5346008.0,5346008.0,0.00485839
1778821200,5339811.0,5339811.0,5339811.0,5339811.0,0.00347259
1778822100,5226257.0,5226257.0,5226257.0,5226257.0,0.00192527
1778823000,5226257.0,5226257.0,5226257.0,5226257.0,0.0
1778823900,5223712.0,5223712.0,5223712.0,5223712.0,0.00351671
1778824800,5223712.0,5223712.0,5223712.0,5223712.0,0.0
1778825700,5319999.0,5320000.0,5319999.0,5320000.0,0.01290112
1778826600,5253223.0,5253223.0,5218731.0,5221529.0,0.0227539
1778827500,5221518.0,5342055.0,5221508.0,5342055.0,0.79122921
1778828400,5342055.0,5342055.0,5342055.0,5342055.0,0.00186426
1778829300,5342055.0,5342055.0,5342055.0,5342055.0,0.0
1778830200,5342055.0,5342055.0,5342055.0,5342055.0,0.0
1778831100,5342055.0,5342055.0,5342055.0,5342055.0,0.0
1778832000,5342055.0,5342055.0,5342055.0,5342055.0,0.0
1778832900,5318983.0,5318983.0,5307147.0,5307147.0,0.19772922
1778833800,5307358.0,5307358.0,5307358.0,5307358.0,0.00339151
1778834700,5247510.0,5247510.0,5247510.0,5247510.0,0.0098296
1778835600,5247510.0,5247510.0,5247510.0,5247510.0,0.0
1778836500,5247510.0,5247510.0,5247510.0,5247510.0,0.0
1778837400,5247510.0,5247510.0,5247510.0,5247510.0,0.0
1778838300,5247510.0,5247510.0,5247510.0,5247510.0,0.01191307
1778839200,5247510.0,5247510.0,5247510.0,5247510.0,0.03022233
1778840100,5210000.0,5210000.0,5210000.0,5210000.0,0.00289546
1778841000,5210000.0,5210000.0,5210000.0,5210000.0,0.0
1778841900,5210000.0,5210000.0,5210000.0,5210000.0,0.0039266
1778842800,5210000.0,5210000.0,5210000.0,5210000.0,0.03630978
1778843700,5210000.0,5210000.0,5210000.0,5210000.0,0.02110738
1778844600,5210000.0,5210000.0,5210000.0,5210000.0,0.0
1778845500,5247510.0,5247510.0,5247510.0,5247510.0,0.00383743
1778846400,5247510.0,5247510.0,5247510.0,5247510.0,0.0
1778847300,5210000.0,5210000.0,5210000.0,5210000.0,0.04479148
1778848200,5210000.0,5210000.0,5210000.0,5210000.0,0.00964645
1778849100,5210000.0,5250205.0,5205000.0,5205000.0,0.2013488
1778850000,5205000.0,5205000.0,5205000.0,5205000.0,0.0
1778850900,5205000.0,5205000.0,5205000.0,5205000.0,0.0
1778851800,5205000.0,5205000.0,5205000.0,5205000.0,0.0
1778852700,5205000.0,5205000.0,5205000.0,5205000.0,0.006157
1778853600,5224812.0,5224812.0,5224812.0,5224812.0,0.05482739
1778854500,5240160.0,5300000.0,5240160.0,5300000.0,0.02513289
1778855400,5300000.0,5300000.0,5300000.0,5300000.0,0.09583225
1778856300,5300000.0,5300000.0,5300000.0,5300000.0,0.0
1778857200,5300000.0,5300000.0,5281597.0,5281597.0,0.20449352
1778858100,5300000.0,5300000.0,5300000.0,5300000.0,0.02726792
1778859000,5300000.0,5341305.0,5300000.0,5341305.0,0.09332499
1778859900,5341305.0,5341305.0,5341305.0,5341305.0,0.0
1778860800,5341305.0,5341305.0,5341305.0,5341305.0,0.0
1778861700,5273455.0,5273455.0,5273455.0,5273455.0,0.00193958
1778862600,5273455.0,5273455.0,5273455.0,5273455.0,0.0
1778863500,5292882.0,5292882.0,5292882.0,5292882.0,0.24999931
1778864400,5292882.0,5292882.0,5292882.0,5292882.0,0.0
1778865300,5341305.0,5341305.0,5341305.0,5341305.0,0.01985039
1778866200,5341305.0,5341305.0,5341305.0,5341305.0,0.00635331
1778867100,5341305.0,5357000.0,5341305.0,5357000.0,1.19406438
1778868000,5286709.0,5286709.0,5281819.0,5281819.0,0.9999998
1778868900,5356999.0,5356999.0,5356999.0,5356999.0,0.00464756
1778869800,5280286.0,5280286.0,5280286.0,5280286.0,0.00738071
1778870700,5280286.0,5280286.0,5280286.0,5280286.0,0.0
1778871600,5280286.0,5280286.0,5280286.0,5280286.0,0.0
1778872500,5282237.0,5282237.0,5282237.0,5282237.0,0.0083132
1778873400,5282237.0,5282237.0,5282237.0,5282237.0,0.0
1778874300,5282237.0,5282237.0,5248401.0,5248401.0,0.0166264
1778875200,5356999.0,5356999.0,5356999.0,5356999.0,0.00222941
1778876100,5356999.0,5356999.0,5356999.0,5356999.0,0.00371812
1778877000,5357000.0,5357000.0,5357000.0,5357000.0,0.01217397
1778877900,5254576.0,5254576.0,5254315.0,5254315.0,0.0839629
1778878800,5254315.0,5254315.0,5254315.0,5254315.0,0.0
1778879700,5254315.0,5254315.0,5254315.0,5254315.0,0.0
1778880600,5254315.0,5254315.0,5254315.0,5254315.0,0.0
1778881500,5357000.0,5357000.0,5357000.0,5357000.0,0.0258038
1778882400,5357000.0,5357000.0,5357000.0,5357000.0,0.0
1778883300,5356930.0,5356930.0,5356930.0,5356930.0,0.00223075
1778884200,5356900.0,5356900.0,5356900.0,5356900.0,0.28165468
1778885100,5357000.0,5357000.0,5357000.0,5357000.0,0.00264737
1778886000,5248844.0,5248844.0,5248844.0,5248844.0,0.00264737
1778886900,5248844.0,5248844.0,5248844.0,5248844.0,0.0
1778887800,5248401.0,5248401.0,5205000.0,5205000.0,0.01681291
1778888700,5356996.0,5357000.0,5356996.0,5356999.0,0.22606334
1778889600,5356999.0,5356999.0,5356999.0,5356999.0,0.00500485
1778890500,5356999.0,5356999.0,5356999.0,5356999.0,0.0
1778891400,5356999.0,5356999.0,5356999.0,5356999.0,0.00262087
1778892300,5356999.0,5356999.0,5356999.0,5356999.0,0.0
1778893200,5356999.0,5356999.0,5244144.0,5244144.0,0.28512467
1778894100,5357000.0,5357000.0,5357000.0,5357000.0,0.00215251
1778895000,5247275.0,5247275.0,5245179.0,5245179.0,0.27400412
1778895900,5245179.0,5245179.0,5245179.0,5245179.0,0.0
1778896800,5245179.0,5245179.0,5245179.0,5245179.0,0.0
1778897700,5245179.0,5245179.0,5245179.0,5245179.0,0.0
1778898600,5356996.0,5356996.0,5356996.0,5356996.0,0.0046569
1778899500,5356996.0,5356996.0,5356996.0,5356996.0,0.00185906
1778900400,5260000.0,5260000.0,5250009.0,5250009.0,0.00905523
1778901300,5250009.0,5250009.0,5250009.0,5250009.0,0.0
1778902200,5250009.0,5250009.0,5250009.0,5250009.0,0.0
1778903100,5356996.0,5356996.0,5356996.0,5356996.0,0.00274911
1778904000,5356996.0,5356996.0,5356996.0,5356996.0,0.0
1778904900,5356996.0,5356996.0,5356996.0,5356996.0,0.0
1778905800,5356996.0,5356996.0,5356996.0,5356996.0,0.0
1778906700,5356996.0,5357000.0,5356996.0,5357000.0,0.0116035
1778907600,5356999.0,5356999.0,5356999.0,5356999.0,0.00316035
1778908500,5252615.0,5252615.0,5252615.0,5252615.0,0.01985039
1778909400,5252615.0,5252615.0,5252615.0,5252615.0,0.0
1778910300,5252615.0,5252615.0,5252615.0,5252615.0,0.0
1778911200,5252615.0,5252615.0,5252532.0,5252532.0,0.00485839
1778912100,5252532.0,5252532.0,5252532.0,5252532.0,0.0
1778913000,5252510.0,5356991.0,5252510.0,5356991.0,0.04131479
1778913900,5356996.0,5356996.0,5252504.0,5252504.0,0.02230969
1778914800,5252504.0,5252504.0,5252504.0,5252504.0,0.0
1778915700,5252515.0,5252515.0,5252515.0,5252515.0,0.0095778
1778916600,5252515.0,5252515.0,5252515.0,5252515.0,0.0
1778917500,5345103.0,5345103.0,5345103.0,5345103.0,0.018632
1778918400,5345103.0,5345103.0,5345103.0,5345103.0,0.0
1778919300,5345103.0,5345103.0,5345103.0,5345103.0,0.0
1778920200,5346509.0,5346509.0,5252511.0,5346505.0,0.05164209
1778921100,5346505.0,5346509.0,5346505.0,5346509.0,0.01056671
1778922000,5346504.0,5346504.0,5252512.0,5252512.0,0.43111574
1778922900,5355975.0,5355975.0,5252512.0,5252512.0,0.17882672
1778923800,5252512.0,5252512.0,5252512.0,5252512.0,0.0
1778924700,5252514.0,5252514.0,5252514.0,5252514.0,0.01919537
1778925600,5252514.0,5252514.0,5252511.0,5252511.0,0.05675618
1778926500,5356148.0,5356148.0,5356148.0,5356148.0,0.00221353
1778927400,5356148.0,5356148.0,5252512.0,5252512.0,0.05129026
1778928300,5351519.0,5351519.0,5351507.0,5351507.0,0.09020081
1778929200,5252512.0,5252512.0,5252511.0,5252511.0,0.03514242
1778930100,5351493.0,5351493.0,5351493.0,5351493.0,0.00372195
1778931000,5252511.0,5252511.0,5252511.0,5252511.0,0.01476206
1778931900,5252511.0,5252511.0,5252511.0,5252511.0,0.0
1778932800,5344746.0,5344746.0,5344746.0,5344746.0,0.00399308
1778933700,5252511.0,5345103.0,5252511.0,5252511.0,0.1040117
1778934600,5252511.0,5252511.0,5252511.0,5252511.0,0.00222217
1778935500,5345104.0,5345104.0,5345104.0,5345104.0,0.00563244
1778936400,5345104.0,5345104.0,5345104.0,5345104.0,0.0
1778937300,5334763.0,5334763.0,5334763.0,5334763.0,0.0034665
1778938200,5334763.0,5334763.0,5334763.0,5334763.0,0.0
1778939100,5334763.0,5334763.0,5334763.0,5334763.0,0.0
1778940000,5327280.0,5339578.0,5327280.0,5339578.0,0.05725444
1778940900,5333335.0,5333335.0,5333335.0,5333335.0,0.04115548
1778941800,5333335.0,5333335.0,5333335.0,5333335.0,0.0
1778942700,5333340.0,5333340.0,5333340.0,5333340.0,0.00373462
1778943600,5333327.0,5333327.0,5333327.0,5333327.0,0.00304575
1778944500,5339753.0,5339753.0,5339753.0,5339753.0,0.00186506
1778945400,5339221.0,5339221.0,5339221.0,5339221.0,0.00354396
1778946300,5339221.0,5339221.0,5339221.0,5339221.0,0.0
1778947200,5339217.0,5339217.0,5339217.0,5339217.0,0.00916669
1778948100,5252511.0,5252511.0,5252511.0,5252511.0,0.02001887
1778949000,5351508.0,5351508.0,5351508.0,5351508.0,0.0021237
1778949900,5351508.0,5351508.0,5351508.0,5351508.0,0.0
1778950800,5351508.0,5351508.0,5336192.0,5336192.0,0.08175942
1778951700,5336192.0,5336192.0,5336192.0,5336192.0,0.0
1778952600,5343322.0,5343322.0,5343322.0,5343322.0,0.00352196
1778953500,5343322.0,5343322.0,5343322.0,5343322.0,0.0
1778954400,5343322.0,5343322.0,5343322.0,5343322.0,0.0
1778955300,5343322.0,5343322.0,5343322.0,5343322.0,0.0
1778956200,5343322.0,5343322.0,5343322.0,5343322.0,0.0
1778957100,5252511.0,5252511.0,5252511.0,5252511.0,0.00264857
1778958000,5252511.0,5252511.0,5252511.0,5252511.0,0.00794553
1778958900,5351508.0,5351508.0,5351508.0,5351508.0,0.00359151
1778959800,5351508.0,5351508.0,5252511.0,5252511.0,0.01443791
1778960700,5252511.0,5252511.0,5252511.0,5252511.0,0.0
1778961600,5252511.0,5252511.0,5252511.0,5252511.0,0.0
1778962500,5252511.0,5252511.0,5252511.0,5252511.0,0.0
1778963400,5252511.0,5252511.0,5252511.0,5252511.0,0.0
1778964300,5252511.0,5252511.0,5252511.0,5252511.0,0.0
1778965200,5252511.0,5252511.0,5252511.0,5252511.0,0.0
1778966100,5252511.0,5252511.0,5252511.0,5252511.0,0.0
1778967000,5252511.0,5252511.0,5252511.0,5252511.0,0.0
1778967900,5252511.0,5252511.0,5252511.0,5252511.0,0.0
1778968800,5252511.0,5252511.0,5252511.0,5252511.0,0.0
1778969700,5252511.0,5252511.0,5252511.0,5252511.0,0.0
1778970600,5334053.0,5334053.0,5334053.0,5334053.0,0.00280049
1778971500,5334053.0,5334053.0,5334053.0,5334053.0,0.0
1778972400,5334053.0,5334053.0,5334053.0,5334053.0,0.0
1778973300,5252511.0,5252511.0,5252511.0,5252511.0,0.01191637
1778974200,5252511.0,5252511.0,5252511.0,5252511.0,0.0
1778975100,5252511.0,5252511.0,5252511.0,5252511.0,0.0
1778976000,5252511.0,5252511.0,5252511.0,5252511.0,0.0
1778976900,5252511.0,5252511.0,5252511.0,5252511.0,0.0
1778977800,5351508.0,5351508.0,5351508.0,5351508.0,0.00218181
1778978700,5252511.0,5252511.0,5252511.0,5252511.0,0.00373192
1778979600,5351508.0,5351508.0,5351508.0,5351508.0,0.00737567
1778980500,5351508.0,5351508.0,5351508.0,5351508.0,0.0
1778981400,5351508.0,5351508.0,5351508.0,5351508.0,0.0
1778982300,5348489.0,5348489.0,5348489.0,5348489.0,0.00369842
1778983200,5348489.0,5356987.0,5348489.0,5352589.0,0.10443761
1778984100,5346530.0,5346530.0,5346530.0,5346530.0,0.02540713
1778985000,5252517.0,5252517.0,5252517.0,5252517.0,0.00210718
1778985900,5252517.0,5252517.0,5252517.0,5252517.0,0.0
1778986800,5252517.0,5252517.0,5252517.0,5252517.0,0.06740325
1778987700,5346530.0,5346530.0,5346530.0,5346530.0,0.0086991
1778988600,5356987.0,5356987.0,5356987.0,5356987.0,0.00461696
1778989500,5346530.0,5346530.0,5346530.0,5346530.0,0.0037254
1778990400,5346530.0,5346530.0,5346530.0,5346530.0,0.0
1778991300,5346530.0,5346530.0,5346530.0,5346530.0,0.0
1778992200,5346530.0,5346530.0,5346530.0,5346530.0,0.0
1778993100,5356987.0,5356987.0,5356987.0,5356987.0,0.00319806
1778994000,5344747.0,5344747.0,5344747.0,5344747.0,0.00242219
1778994900,5344747.0,5344747.0,5344747.0,5344747.0,0.00231255
1778995800,5252518.0,5344747.0,5252518.0,5344747.0,0.02699937
1778996700,5344745.0,5344745.0,5344745.0,5344745.0,0.0157433
1778997600,5344745.0,5344746.0,5344745.0,5344746.0,0.00792498
1778998500,5344746.0,5344746.0,5344746.0,5344746.0,0.0
1778999400,5344746.0,5344746.0,5344746.0,5344746.0,0.0
1779000300,5344746.0,5344746.0,5344746.0,5344746.0,0.0
1779001200,5252533.0,5252533.0,5252533.0,5252533.0,0.00379207
1779002100,5252533.0,5252533.0,5252533.0,5252533.0,0.0
1779003000,5252533.0,5252533.0,5252533.0,5252533.0,0.00717349
1779003900,5252533.0,5337440.0,5252522.0,5252522.0,0.08651974
1779004800,5252522.0,5252522.0,5252522.0,5252522.0,0.0
1779005700,5252522.0,5252522.0,5252522.0,5252522.0,0.0
1779006600,5252522.0,5252522.0,5252522.0,5252522.0,0.0
1779007500,5252522.0,5252522.0,5252518.0,5252518.0,0.01422592
1779008400,5252518.0,5252518.0,5252518.0,5252518.0,0.0
1779009300,5252518.0,5252518.0,5252518.0,5252518.0,0.0
1779010200,5252518.0,5252518.0,5252518.0,5252518.0,0.0
1779011100,5252518.0,5252518.0,5252518.0,5252518.0,0.0
1779012000,5252518.0,5252518.0,5252518.0,5252518.0,0.0
1779012900,5252518.0,5252518.0,5252518.0,5252518.0,0.02611137
1779013800,5252518.0,5252518.0,5252518.0,5252518.0,0.0
1779014700,5336549.0,5339400.0,5336549.0,5339400.0,0.15621195
1779015600,5252518.0,5252518.0,5252518.0,5252518.0,0.04771713
1779016500,5252518.0,5252518.0,5252518.0,5252518.0,0.37984838
1779017400,5252518.0,5252518.0,5252518.0,5252518.0,0.00264905
1779018300,5252518.0,5252518.0,5252518.0,5252518.0,0.0
1779019200,5252518.0,5252518.0,5252518.0,5252518.0,0.0
1779020100,5252518.0,5252518.0,5252518.0,5252518.0,0.0
1779021000,5252518.0,5252518.0,5252518.0,5252518.0,0.0
1779021900,5252518.0,5252518.0,5252518.0,5252518.0,0.0
1779022800,5252518.0,5252518.0,5252518.0,5252518.0,0.10215568
1779023700,5340288.0,5340288.0,5252518.0,5340288.0,0.05671809
1779024600,5340288.0,5340288.0,5340288.0,5340288.0,0.0
1779025500,5340288.0,5340288.0,5340288.0,5340288.0,0.01807359
1779026400,5340288.0,5340288.0,5340288.0,5340288.0,0.0
1779027300,5340288.0,5357000.0,5252519.0,5357000.0,0.10134886
1779028200,5357000.0,5357000.0,5357000.0,5357000.0,0.00323259
1779029100,5356995.0,5356995.0,5356995.0,5356995.0,0.00369255
1779030000,5252519.0,5252519.0,5252519.0,5252519.0,0.06221896
1779030900,5252519.0,5252519.0,5252519.0,5252519.0,0.0
1779031800,5252519.0,5252519.0,5252519.0,5252519.0,0.0
1779032700,5252519.0,5252519.0,5252519.0,5252519.0,0.00262087
1779033600,5252519.0,5252519.0,5252519.0,5252519.0,0.0
1779034500,5252519.0,5252519.0,5252519.0,5252519.0,0.0
1779035400,5252519.0,5252519.0,5252519.0,5252519.0,0.0
1779036300,5252519.0,5252519.0,5252519.0,5252519.0,0.0029563
1779037200,5252519.0,5252519.0,5252519.0,5252519.0,0.00349559
1779038100,5252519.0,5252519.0,5252519.0,5252519.0,0.0
1779039000,5252519.0,5252519.0,5252519.0,5252519.0,0.0
1779039900,5252519.0,5252519.0,5252519.0,5252519.0,0.0
1779040800,5252519.0,5252519.0,5252519.0,5252519.0,0.0
1779041700,5356995.0,5356995.0,5356995.0,5356995.0,0.0093138
1779042600,5332446.0,5332446.0,5332446.0,5332446.0,0.00972274
1779043500,5332446.0,5332446.0,5332446.0,5332446.0,0.0
1779044400,5332446.0,5332446.0,5332446.0,5332446.0,0.0
1779045300,5332446.0,5332446.0,5332446.0,5332446.0,0.0
1779046200,5332446.0,5332446.0,5332446.0,5332446.0,0.0
1779047100,5332446.0,5332446.0,5332446.0,5332446.0,0.0
1779048000,5332446.0,5332446.0,5332446.0,5332446.0,0.0
1779048900,5332446.0,5332446.0,5332446.0,5332446.0,0.0
1779049800,5356995.0,5356995.0,5356995.0,5356995.0,0.00914075
1779050700,5252519.0,5252519.0,5252519.0,5252519.0,0.06980081
1779051600,5252519.0,5252519.0,5252519.0,5252519.0,0.0
1779052500,5252519.0,5252519.0,5252519.0,5252519.0,0.0
1779053400,5252519.0,5252519.0,5252519.0,5252519.0,0.0
1779054300,5252519.0,5252519.0,5252519.0,5252519.0,0.0
1779055200,5252519.0,5252519.0,5252519.0,5252519.0,0.0227212
1779056100,5349471.0,5349471.0,5252519.0,5252519.0,0.00654257
1779057000,5252519.0,5252519.0,5252519.0,5252519.0,0.0
1779057900,5252519.0,5252519.0,5252519.0,5252519.0,0.0
1779058800,5349470.0,5356995.0,5349470.0,5356995.0,0.18772805
1779059700,5252520.0,5252520.0,5252520.0,5252520.0,0.01446413
1779060600,5252520.0,5252520.0,5252519.0,5252519.0,0.00717349
1779061500,5252519.0,5252519.0,5252519.0,5252519.0,0.0
1779062400,5339664.0,5339664.0,5339664.0,5339664.0,0.00435144
1779063300,5339664.0,5339664.0,5339664.0,5339664.0,0.0
1779064200,5351190.0,5351190.0,5351190.0,5351190.0,0.00482677
1779065100,5351190.0,5351190.0,5351190.0,5351190.0,0.0
1779066000,5351190.0,5351190.0,5351190.0,5351190.0,0.0
1779066900,5351190.0,5351190.0,5351190.0,5351190.0,0.0
1779067800,5351190.0,5351190.0,5351190.0,5351190.0,0.0
1779068700,5351190.0,5351190.0,5351190.0,5351190.0,0.0
1779069600,5252522.0,5252522.0,5252522.0,5252522.0,0.0145108
1779070500,5348369.0,5348369.0,5252522.0,5252522.0,0.05948274
1779071400,5252522.0,5252522.0,5252522.0,5252522.0,0.0
1779072300,5252522.0,5252522.0,5252519.0,5252519.0,0.0368976
1779073200,5252519.0,5252519.0,5252519.0,5252519.0,0.0
1779074100,5252519.0,5252519.0,5252519.0,5252519.0,0.0
1779075000,5252519.0,5252519.0,5252519.0,5252519.0,0.0
1779075900,5343710.0,5343710.0,5342818.0,5342818.0,0.01902821
1779076800,5344032.0,5344032.0,5344032.0,5344032.0,0.01863574
1779077700,5252519.0,5252519.0,5252519.0,5252519.0,0.00313843
1779078600,5348369.0,5348369.0,5348369.0,5348369.0,0.11813433
1779079500,5252519.0,5252519.0,5252518.0,5252518.0,0.18854541
1779080400,5348369.0,5348369.0,5348369.0,5348369.0,0.00372412
1779081300,5348369.0,5348369.0,5348369.0,5348369.0,0.0
1779082200,5348369.0,5348369.0,5348369.0,5348369.0,0.0
1779083100,5348369.0,5348369.0,5348369.0,5348369.0,0.0
1779084000,5340643.0,5340643.0,5340643.0,5340643.0,0.00223755
1779084900,5252518.0,5252518.0,5252518.0,5252518.0,0.00792477
1779085800,5341821.0,5341821.0,5329858.0,5329858.0,0.00410642
1779086700,5252518.0,5252518.0,5252518.0,5252518.0,0.00191556
1779087600,5252518.0,5252518.0,5252518.0,5252518.0,0.0
1779088500,5252518.0,5252518.0,5252518.0,5252518.0,0.01681013
1779089400,5252518.0,5252518.0,5252518.0,5252518.0,0.03461786
1779090300,5252518.0,5252518.0,5252518.0,5252518.0,0.0
1779091200,5252518.0,5252518.0,5252518.0,5252518.0,0.0
1779092100,5252518.0,5252518.0,5252518.0,5252518.0,0.0
1779093000,5329328.0,5329328.0,5329328.0,5329328.0,0.00481505
1779093900,5336175.0,5336175.0,5252518.0,5252518.0,0.0133833
1779094800,5252518.0,5252518.0,5252518.0,5252518.0,0.0
1779095700,5252518.0,5252518.0,5252518.0,5252518.0,0.0
1779096600,5252518.0,5252518.0,5252518.0,5252518.0,0.0
1779097500,5252518.0,5252518.0,5252518.0,5252518.0,0.0368976
1779098400,5252518.0,5252518.0,5252518.0,5252518.0,0.01595013
1779099300,5252518.0,5252518.0,5252518.0,5252518.0,0.0
1779100200,5252518.0,5252518.0,5252518.0,5252518.0,0.00589855
1779101100,5252518.0,5252518.0,5252518.0,5252518.0,0.0
1779102000,5336174.0,5336174.0,5336174.0,5336174.0,0.00284417
1779102900,5252518.0,5344160.0,5252518.0,5344160.0,0.19988975
1779103800,5330846.0,5330846.0,5252518.0,5252518.0,0.01438175
1779104700,5252518.0,5252518.0,5252518.0,5252518.0,0.0
1779105600,5252528.0,5252528.0,5252528.0,5252528.0,0.00281849
1779106500,5349250.0,5356999.0,5349250.0,5356999.0,0.06159516
1779107400,5252525.0,5252525.0,5252525.0,5252525.0,0.00776785
1779108300,5252525.0,5252525.0,5252525.0,5252525.0,0.0
1779109200,5356999.0,5356999.0,5356999.0,5356999.0,0.10720797
1779110100,5356998.0,5356999.0,5356998.0,5356999.0,0.11160614
1779111000,5356999.0,5356999.0,5356999.0,5356999.0,0.004773
1779111900,5356999.0,5356999.0,5356999.0,5356999.0,0.0
1779112800,5335000.0,5335000.0,5252525.0,5252525.0,0.09303019
1779113700,5345991.0,5345991.0,5345991.0,5345991.0,0.00558867
1779114600,5252525.0,5252525.0,5252525.0,5252525.0,0.09652825
1779115500,5252525.0,5252525.0,5252525.0,5252525.0,0.0
1779116400,5252525.0,5252525.0,5252525.0,5252525.0,0.00573552
1779117300,5252525.0,5252525.0,5252525.0,5252525.0,0.31900072
1779118200,5252525.0,5252525.0,5252525.0,5252525.0,0.00484123
1779119100,5252525.0,5319288.0,5252518.0,5312459.0,0.19654422
1779120000,5313943.0,5313943.0,5313943.0,5313943.0,0.01326604
1779120900,5332712.0,5332712.0,5332712.0,5332712.0,0.00583718
1779121800,5304687.0,5304687.0,5304603.0,5304603.0,0.01168368
1779122700,5252518.0,5252518.0,5252518.0,5252518.0,0.01168368
1779123600,5252518.0,5252518.0,5252518.0,5252518.0,0.0
1779124500,5313296.0,5332712.0,5313296.0,5332712.0,0.00866445
1779125400,5252518.0,5252518.0,5252518.0,5252518.0,0.00801275
1779126300,5252518.0,5252518.0,5210000.0,5210000.0,0.08331697
1779127200,5210000.0,5210000.0,5210000.0,5210000.0,0.0
1779128100,5210000.0,5210000.0,5210000.0,5210000.0,0.0
1779129000,5332712.0,5356999.0,5332712.0,5356999.0,0.08845338
1779129900,5356999.0,5357000.0,5356999.0,5357000.0,0.10153352
1779130800,5336830.0,5336830.0,5336830.0,5336830.0,0.02850043
1779131700,5336830.0,5336830.0,5336830.0,5336830.0,0.0
1779132600,5336830.0,5336830.0,5336830.0,5336830.0,0.0
1779133500,5336830.0,5336830.0,5336830.0,5336830.0,0.0
1779134400,5336830.0,5336830.0,5336830.0,5336830.0,0.0
1779135300,5325249.0,5325249.0,5325249.0,5325249.0,0.00225904
1779136200,5330559.0,5330559.0,5330559.0,5330559.0,0.00186828
1779137100,5330559.0,5330559.0,5330559.0,5330559.0,0.0
1779138000,5357000.0,5357000.0,5357000.0,5357000.0,0.01859118
1779138900,5322470.0,5322470.0,5322470.0,5322470.0,0.04727352
1779139800,5322470.0,5322470.0,5322470.0,5322470.0,0.0
1779140700,5322470.0,5322470.0,5322470.0,5322470.0,0.0
1779141600,5329901.0,5329901.0,5329901.0,5329901.0,0.01200791
1779142500,5333956.0,5333956.0,5333956.0,5333956.0,0.00280054
1779143400,5333369.0,5333369.0,5228915.0,5228915.0,0.00957102
1779144300,5228915.0,5228915.0,5228915.0,5228915.0,0.0
1779145200,5228915.0,5228915.0,5228915.0,5228915.0,0.0028491
1779146100,5228915.0,5228915.0,5228915.0,5228915.0,0.0
1779147000,5228915.0,5228915.0,5228915.0,5228915.0,0.0165131
1779147900,5228915.0,5228915.0,5228915.0,5228915.0,0.0
1779148800,5228915.0,5228915.0,5228915.0,5228915.0,0.0
1779149700,5228915.0,5228915.0,5228915.0,5228915.0,0.0
1779150600,5233556.0,5233556.0,5233556.0,5233556.0,0.01200791
1779151500,5328918.0,5328918.0,5328918.0,5328918.0,0.00186885
1779152400,5328918.0,5328918.0,5328918.0,5328918.0,0.0
1779153300,5328918.0,5328918.0,5328918.0,5328918.0,0.0
1779154200,5328918.0,5328918.0,5328918.0,5328918.0,0.0
1779155100,5328918.0,5328918.0,5328918.0,5328918.0,0.0
1779156000,5328918.0,5328918.0,5328918.0,5328918.0,0.0
1779156900,5233465.0,5233465.0,5233465.0,5233465.0,0.00197286
1779157800,5233465.0,5328919.0,5233465.0,5328919.0,0.03470801
1779158700,5328919.0,5328919.0,5328919.0,5328919.0,0.0
1779159600,5328919.0,5328919.0,5328919.0,5328919.0,0.0
1779160500,5233465.0,5233465.0,5233465.0,5233465.0,0.00967441
1779161400,5233465.0,5328919.0,5230365.0,5328919.0,0.02410516
1779162300,5328919.0,5328919.0,5328919.0,5328919.0,0.0
1779163200,5328919.0,5328919.0,5328919.0,5328919.0,0.0
1779164100,5232057.0,5232057.0,5232057.0,5232057.0,0.02447625
1779165000,5232057.0,5232057.0,5216636.0,5216636.0,0.5326564
1779165900,5216636.0,5216636.0,5216636.0,5216636.0,0.0
1779166800,5216636.0,5216636.0,5216636.0,5216636.0,0.0
1779167700,5328918.0,5328918.0,5328918.0,5328918.0,0.00451686
1779168600,5221348.0,5328918.0,5221348.0,5328918.0,0.01828194
1779169500,5328918.0,5328918.0,5328918.0,5328918.0,0.0
1779170400,5328918.0,5328918.0,5328918.0,5328918.0,0.00945689
1779171300,5328918.0,5328918.0,5328918.0,5328918.0,0.0
1779172200,5328918.0,5328918.0,5328918.0,5328918.0,0.0
1779173100,5328914.0,5328918.0,5328914.0,5328918.0,0.0186886
1779174000,5328918.0,5328918.0,5328918.0,5328918.0,0.0
1779174900,5225452.0,5225452.0,5225452.0,5225452.0,0.10153352
1779175800,5225452.0,5225452.0,5225452.0,5225452.0,0.0
1779176700,5225452.0,5225452.0,5225452.0,5225452.0,0.0
1779177600,5327533.0,5327533.0,5327533.0,5327533.0,0.00423066
1779178500,5327533.0,5327533.0,5327533.0,5327533.0,0.0
1779179400,5328900.0,5328900.0,5328900.0,5328900.0,0.0023228
1779180300,5223380.0,5223380.0,5223380.0,5223380.0,0.00323238
1779181200,5223380.0,5223380.0,5223379.0,5223379.0,0.02850043
1779182100,5328900.0,5328900.0,5328900.0,5328900.0,0.02132691
1779183000,5328900.0,5328900.0,5328900.0,5328900.0,0.0
1779183900,5328900.0,5328900.0,5328900.0,5328900.0,0.0
1779184800,5328900.0,5328900.0,5328900.0,5328900.0,0.0
1779185700,5328900.0,5328900.0,5328900.0,5328900.0,0.00186886
1779186600,5210004.0,5210004.0,5210004.0,5210004.0,0.04657293
1779187500,5210004.0,5210004.0,5210004.0,5210004.0,0.0
1779188400,5328896.0,5328896.0,5328896.0,5328896.0,0.00586218
1779189300,5328896.0,5328896.0,5328896.0,5328896.0,0.0
1779190200,5328900.0,5328900.0,5328900.0,5328900.0,0.00903319
1779191100,5210004.0,5210004.0,5210004.0,5210004.0,0.00903281
1779192000,5210004.0,5210004.0,5210004.0,5210004.0,0.0
1779192900,5309713.0,5309713.0,5210004.0,5210004.0,0.00984883
1779193800,5311220.0,5311220.0,5210004.0,5210004.0,0.00562921
1779194700,5210004.0,5210004.0,5210004.0,5210004.0,0.0
1779195600,5230334.0,5328000.0,5230334.0,5328000.0,0.01333467
1779196500,5328000.0,5328000.0,5328000.0,5328000.0,0.0
1779197400,5328000.0,5328000.0,5328000.0,5328000.0,0.0
1779198300,5328000.0,5328000.0,5328000.0,5328000.0,0.0
1779199200,5261329.0,5261329.0,5261329.0,5261329.0,0.07342877
1779200100,5252400.0,5327700.0,5250575.0,5327700.0,0.19986592
1779201000,5234505.0,5234505.0,5224770.0,5224770.0,0.01242766
1779201900,5224770.0,5224770.0,5224770.0,5224770.0,0.0
1779202800,5243190.0,5243190.0,5243190.0,5243190.0,0.0658647
1779203700,5327696.0,5327700.0,5327696.0,5327700.0,0.17547938
1779204600,5241141.0,5241211.0,5239722.0,5239722.0,0.01906832
1779205500,5239025.0,5239025.0,5239025.0,5239025.0,0.00200545
1779206400,5239025.0,5239025.0,5239025.0,5239025.0,0.0
1779207300,5327700.0,5327700.0,5327700.0,5327700.0,0.03731291
1779208200,5236381.0,5236381.0,5236381.0,5236381.0,0.00877418
1779209100,5236381.0,5236381.0,5236381.0,5236381.0,0.0
1779210000,5236381.0,5236381.0,5236381.0,5236381.0,0.0
1779210900,5255238.0,5255238.0,5255238.0,5255238.0,0.00215444
1779211800,5255238.0,5255238.0,5255238.0,5255238.0,0.0
1779212700,5255238.0,5255238.0,5255238.0,5255238.0,0.0
1779213600,5255238.0,5255238.0,5255238.0,5255238.0,0.0
1779214500,5255238.0,5255238.0,5255238.0,5255238.0,0.0
1779215400,5255238.0,5255238.0,5255238.0,5255238.0,0.0
1779216300,5255238.0,5255238.0,5255238.0,5255238.0,0.0
1779217200,5255238.0,5255238.0,5255238.0,5255238.0,0.0
1779218100,5255238.0,5255238.0,5255238.0,5255238.0,0.0
1779219000,5255238.0,5255238.0,5255238.0,5255238.0,0.0
1779219900,5255238.0,5255238.0,5255238.0,5255238.0,0.0
1779220800,5327698.0,5327698.0,5327698.0,5327698.0,0.01920454
1779221700,5327698.0,5327698.0,5327698.0,5327698.0,0.0
1779222600,5327698.0,5327698.0,5327698.0,5327698.0,0.0
1779223500,5327698.0,5327698.0,5327698.0,5327698.0,0.0
1779224400,5327698.0,5327698.0,5327698.0,5327698.0,0.0
1779225300,5327697.0,5327697.0,5327697.0,5327697.0,0.0023939
1779226200,5327698.0,5327698.0,5327698.0,5327698.0,0.00901139
1779227100,5327698.0,5327699.0,5327698.0,5327699.0,0.01836496
1779228000,5257947.0,5257947.0,5257947.0,5257947.0,0.02737635
1779228900,5327694.0,5327694.0,5327694.0,5327694.0,0.00638028
1779229800,5327694.0,5327694.0,5327694.0,5327694.0,0.0
1779230700,5327694.0,5327694.0,5327694.0,5327694.0,0.0
1779231600,5327694.0,5327694.0,5327694.0,5327694.0,0.0
1779232500,5327694.0,5327694.0,5327694.0,5327694.0,0.0
1779233400,5327694.0,5327694.0,5327694.0,5327694.0,0.0
1779234300,5327694.0,5327694.0,5327694.0,5327694.0,0.0
1779235200,5327694.0,5327694.0,5327694.0,5327694.0,0.0
1779236100,5327694.0,5327694.0,5327694.0,5327694.0,0.0
1779237000,5327694.0,5327694.0,5327694.0,5327694.0,0.0
1779237900,5327694.0,5327694.0,5327694.0,5327694.0,0.00166803
1779238800,5327694.0,5327694.0,5327694.0,5327694.0,0.0
1779239700,5327694.0,5327694.0,5327694.0,5327694.0,0.0
1779240600,5327696.0,5327696.0,5327696.0,5327696.0,0.01616308
1779241500,5327696.0,5327696.0,5327696.0,5327696.0,0.0
1779242400,5327696.0,5327696.0,5327696.0,5327696.0,0.0
1779243300,5327696.0,5327696.0,5327696.0,5327696.0,0.0
1779244200,5247344.0,5247344.0,5247344.0,5247344.0,0.0023939
1779245100,5247344.0,5247344.0,5247344.0,5247344.0,0.0
1779246000,5247344.0,5247344.0,5247344.0,5247344.0,0.0
1779246900,5247344.0,5247344.0,5247344.0,5247344.0,0.0
1779247800,5247344.0,5247344.0,5247344.0,5247344.0,0.0
1779248700,5247344.0,5247344.0,5247344.0,5247344.0,0.0
1779249600,5245456.0,5245456.0,5245456.0,5245456.0,0.00438651
1779250500,5245456.0,5245456.0,5245456.0,5245456.0,0.0
1779251400,5245456.0,5245456.0,5245456.0,5245456.0,0.0
1779252300,5245456.0,5245456.0,5245456.0,5245456.0,0.0
1779253200,5327696.0,5327696.0,5327692.0,5327692.0,0.00932579
1779254100,5255697.0,5255697.0,5255697.0,5255697.0,0.00529308
1779255000,5254526.0,5254526.0,5254526.0,5254526.0,0.00191492
1779255900,5254526.0,5254526.0,5254526.0,5254526.0,0.0
1779256800,5254526.0,5254526.0,5254526.0,5254526.0,0.0
1779257700,5254526.0,5254526.0,5254526.0,5254526.0,0.0
1779258600,5327696.0,5327696.0,5327696.0,5327696.0,0.02291421
1779259500,5327696.0,5327696.0,5327696.0,5327696.0,0.00186928
1779260400,5327696.0,5327696.0,5327696.0,5327696.0,0.0
1779261300,5327696.0,5327696.0,5327696.0,5327696.0,0.0
1779262200,5327692.0,5327696.0,5327692.0,5327696.0,0.04609085
1779263100,5252110.0,5252110.0,5249000.0,5249000.0,0.01917564
1779264000,5249000.0,5249000.0,5249000.0,5249000.0,0.0
1779264900,5249000.0,5249000.0,5249000.0,5249000.0,0.0047499
1779265800,5327696.0,5327696.0,5327696.0,5327696.0,0.00187735
1779266700,5327696.0,5327696.0,5327696.0,5327696.0,0.0
1779267600,5327696.0,5327696.0,5327696.0,5327696.0,0.01507555
1779268500,5249904.0,5249904.0,5246978.0,5246978.0,0.49655334
1779269400,5246978.0,5246978.0,5246978.0,5246978.0,0.0
1779270300,5327695.0,5327695.0,5327695.0,5327695.0,0.1869298
1779271200,5327695.0,5327695.0,5327695.0,5327695.0,0.0
1779272100,5327695.0,5327695.0,5327695.0,5327695.0,0.0
1779273000,5327695.0,5327695.0,5327695.0,5327695.0,0.0
1779273900,5327695.0,5327695.0,5327695.0,5327695.0,0.0
1779274800,5327695.0,5327695.0,5327695.0,5327695.0,0.0
1779275700,5327695.0,5327695.0,5245464.0,5245464.0,0.05606173
1779276600,5245464.0,5245464.0,5245464.0,5245464.0,0.0
1779277500,5245464.0,5245464.0,5245464.0,5245464.0,0.0
1779278400,5327691.0,5327691.0,5259674.0,5259674.0,0.01501841
1779279300,5259674.0,5259674.0,5259674.0,5259674.0,0.0
1779280200,5327695.0,5327695.0,5261776.0,5261776.0,0.04841624
1779281100,5261776.0,5261776.0,5261776.0,5261776.0,0.0
1779282000,5260257.0,5260257.0,5260257.0,5260257.0,0.00438628
1779282900,5327691.0,5327691.0,5327691.0,5327691.0,0.00560787
1779283800,5245460.0,5245460.0,5245460.0,5245460.0,0.00945689
1779284700,5245460.0,5245460.0,5245460.0,5245460.0,0.0
1779285600,5296045.0,5296045.0,5296045.0,5296045.0,0.00213866
1779286500,5296045.0,5296045.0,5296045.0,5296045.0,0.0
1779287400,5327691.0,5327695.0,5327691.0,5327695.0,0.18337463
1779288300,5327695.0,5327695.0,5327695.0,5327695.0,0.0
1779289200,5327695.0,5327695.0,5327695.0,5327695.0,0.0
1779290100,5327695.0,5327695.0,5327695.0,5327695.0,0.0
1779291000,5327695.0,5327695.0,5327695.0,5327695.0,0.0
1779291900,5327695.0,5327695.0,5327695.0,5327695.0,0.0
1779292800,5327695.0,5327695.0,5327695.0,5327695.0,0.0
1779293700,5327695.0,5327696.0,5270392.0,5270392.0,0.08686891
1779294600,5270392.0,5327696.0,5270392.0,5327696.0,0.02248926
1779295500,5277395.0,5277395.0,5277395.0,5277395.0,0.18337463
1779296400,5277395.0,5277395.0,5277395.0,5277395.0,0.0
1779297300,5277395.0,5277395.0,5277395.0,5277395.0,0.0
1779298200,5277395.0,5277395.0,5277395.0,5277395.0,0.0
1779299100,5277395.0,5277395.0,5277395.0,5277395.0,0.0
1779300000,5277395.0,5277395.0,5277395.0,5277395.0,0.0
1779300900,5277395.0,5277395.0,5277395.0,5277395.0,0.0
1779301800,5285963.0,5327692.0,5285963.0,5327692.0,0.00779459
1779302700,5327692.0,5327692.0,5327692.0,5327692.0,0.0
1779303600,5327692.0,5327692.0,5327692.0,5327692.0,0.0
1779304500,5327692.0,5327692.0,5327692.0,5327692.0,0.0
1779305400,5327692.0,5327692.0,5327692.0,5327692.0,0.0
1779306300,5327692.0,5327692.0,5327692.0,5327692.0,0.0
1779307200,5295857.0,5295857.0,5295857.0,5295857.0,0.00587383
1779308100,5295857.0,5295857.0,5295857.0,5295857.0,0.0
1779309000,5295857.0,5295857.0,5295857.0,5295857.0,0.0
1779309900,5295857.0,5295857.0,5295857.0,5295857.0,0.0
1779310800,5295857.0,5295857.0,5295857.0,5295857.0,0.0
1779311700,5295857.0,5295857.0,5295857.0,5295857.0,0.0
1779312600,5295857.0,5295857.0,5295857.0,5295857.0,0.0
1779313500,5295857.0,5295857.0,5295857.0,5295857.0,0.0
1779314400,5295857.0,5295857.0,5295857.0,5295857.0,0.0
1779315300,5327692.0,5327692.0,5327692.0,5327692.0,0.00280384
1779316200,5327692.0,5327692.0,5327692.0,5327692.0,0.00331494
1779317100,5327692.0,5327692.0,5327692.0,5327692.0,0.0
1779318000,5327692.0,5327692.0,5327692.0,5327692.0,0.0
1779318900,5327692.0,5327692.0,5327692.0,5327692.0,0.00453423
1779319800,5327692.0,5327692.0,5327692.0,5327692.0,0.0
1779320700,5327692.0,5327692.0,5327692.0,5327692.0,0.0
1779321600,5327692.0,5327692.0,5327692.0,5327692.0,0.0
1779322500,5327692.0,5327692.0,5327692.0,5327692.0,0.0
1779323400,5327692.0,5327692.0,5327692.0,5327692.0,0.0
1779324300,5327692.0,5327692.0,5327692.0,5327692.0,0.0
1779325200,5327692.0,5327692.0,5327692.0,5327692.0,0.0
1779326100,5327692.0,5327692.0,5327692.0,5327692.0,0.0
1779327000,5289697.0,5289697.0,5289697.0,5289697.0,0.0059454
1779327900,5289697.0,5289697.0,5289697.0,5289697.0,0.00524448
1779328800,5289697.0,5289697.0,5289697.0,5289697.0,0.0026695
1779329700,5289697.0,5289697.0,5289697.0,5289697.0,0.00945689
1779330600,5289697.0,5289697.0,5289697.0,5289697.0,0.0
1779331500,5289697.0,5289697.0,5289697.0,5289697.0,0.0
1779332400,5289697.0,5289697.0,5289697.0,5289697.0,0.0
1779333300,5327688.0,5327696.0,5327688.0,5327696.0,0.10278169
1779334200,5327696.0,5327696.0,5327696.0,5327696.0,0.0
1779335100,5289693.0,5289693.0,5289693.0,5289693.0,0.00328472
1779336000,5289693.0,5289693.0,5289693.0,5289693.0,0.0
1779336900,5289693.0,5289693.0,5289693.0,5289693.0,0.0
1779337800,5289693.0,5289693.0,5289693.0,5289693.0,0.0
1779338700,5327696.0,5327696.0,5327696.0,5327696.0,0.00902697
1779339600,5327696.0,5327696.0,5327696.0,5327696.0,0.0
1779340500,5294094.0,5294094.0,5294094.0,5294094.0,0.01866729
1779341400,5294094.0,5294094.0,5294094.0,5294094.0,0.0
1779342300,5327696.0,5327696.0,5327696.0,5327696.0,0.00502956
1779343200,5327696.0,5327696.0,5327696.0,5327696.0,0.0
1779344100,5327696.0,5327696.0,5327696.0,5327696.0,0.0
1779345000,5327696.0,5327696.0,5327696.0,5327696.0,0.0
1779345900,5327696.0,5327696.0,5327696.0,5327696.0,0.0
1779346800,5327696.0,5327696.0,5327696.0,5327696.0,0.0
1779347700,5327696.0,5328908.0,5327696.0,5328908.0,0.58732955
1779348600,5328908.0,5328908.0,5328908.0,5328908.0,0.0
1779349500,5289697.0,5289697.0,5289697.0,5289697.0,0.00798338
1779350400,5356996.0,5356996.0,5356996.0,5356996.0,0.02511556
1779351300,5356996.0,5356996.0,5356996.0,5356996.0,0.0
1779352200,5289693.0,5289693.0,5289693.0,5289693.0,0.00272161
1779353100,5289693.0,5289693.0,5289693.0,5289693.0,0.0
1779354000,5356992.0,5356992.0,5356992.0,5356992.0,0.00185906
1779354900,5356992.0,5356992.0,5356992.0,5356992.0,0.0
1779355800,5356992.0,5356992.0,5356992.0,5356992.0,0.0
1779356700,5356992.0,5356992.0,5356992.0,5356992.0,0.0
1779357600,5356992.0,5356992.0,5356992.0,5356992.0,0.0
1779358500,5289701.0,5289701.0,5289697.0,5289697.0,0.01217503
1779359400,5323820.0,5323820.0,5323820.0,5323820.0,0.00202616
1779360300,5323820.0,5323820.0,5289693.0,5289693.0,0.01932747
1779361200,5289693.0,5289693.0,5289693.0,5289693.0,0.0
1779362100,5289693.0,5289693.0,5289693.0,5289693.0,0.0
1779363000,5289693.0,5289693.0,5289693.0,5289693.0,0.0
1779363900,5289693.0,5289693.0,5289693.0,5289693.0,0.0
1779364800,5289693.0,5289693.0,5289693.0,5289693.0,0.0
1779365700,5354992.0,5354992.0,5354992.0,5354992.0,0.00853876
1779366600,5354992.0,5354992.0,5354992.0,5354992.0,0.0
1779367500,5354992.0,5354992.0,5354992.0,5354992.0,0.0
1779368400,5354992.0,5354992.0,5354992.0,5354992.0,0.0
1779369300,5354988.0,5354988.0,5354988.0,5354988.0,0.00186069
1779370200,5354984.0,5354984.0,5354984.0,5354984.0,0.02581781
1779371100,5307332.0,5307332.0,5306148.0,5306148.0,0.00958492
1779372000,5306148.0,5306148.0,5306148.0,5306148.0,0.0
1779372900,5302740.0,5302740.0,5302740.0,5302740.0,0.00373858
1779373800,5310987.0,5310987.0,5310987.0,5310987.0,0.03792647
1779374700,5310987.0,5310987.0,5310987.0,5310987.0,0.0
1779375600,5310987.0,5310987.0,5310987.0,5310987.0,0.0
1779376500,5310987.0,5310987.0,5310987.0,5310987.0,0.0
1779377400,5310987.0,5310987.0,5310987.0,5310987.0,0.0
1779378300,5310987.0,5310987.0,5310987.0,5310987.0,0.0
1779379200,5310987.0,5310987.0,5310987.0,5310987.0,0.0
1779380100,5310987.0,5310987.0,5310987.0,5310987.0,0.0
1779381000,5310987.0,5310987.0,5310987.0,5310987.0,0.0
1779381900,5354988.0,5354988.0,5354988.0,5354988.0,0.00191839
1779382800,5354988.0,5354988.0,5354988.0,5354988.0,0.00465864
1779383700,5354988.0,5354988.0,5354988.0,5354988.0,0.0
1779384600,5354988.0,5354988.0,5340037.0,5340037.0,0.00417231
1779385500,5354988.0,5354988.0,5354988.0,5354988.0,0.05337976
1779386400,5354988.0,5354988.0,5354988.0,5354988.0,0.0
1779387300,5354988.0,5354988.0,5354988.0,5354988.0,0.0
1779388200,5354988.0,5354988.0,5354988.0,5354988.0,0.0
1779389100,5354988.0,5354988.0,5354988.0,5354988.0,0.0
1779390000,5354988.0,5354988.0,5354988.0,5354988.0,0.00216975
1779390900,5354988.0,5354988.0,5354988.0,5354988.0,0.0
1779391800,5354988.0,5354988.0,5354988.0,5354988.0,0.0
1779392700,5354988.0,5356996.0,5347819.0,5347819.0,0.36534906
1779393600,5347819.0,5347819.0,5347819.0,5347819.0,0.0
1779394500,5347819.0,5347819.0,5347819.0,5347819.0,0.0
1779395400,5356996.0,5357000.0,5356996.0,5357000.0,0.5755006
1779396300,5357000.0,5357000.0,5357000.0,5357000.0,0.0
1779397200,5357000.0,5357000.0,5357000.0,5357000.0,0.0
1779398100,5357000.0,5357000.0,5357000.0,5357000.0,0.0
1779399000,5357000.0,5357000.0,5357000.0,5357000.0,0.0
1779399900,5397698.0,5397698.0,5397698.0,5397698.0,0.00276747
1779400800,5397698.0,5397698.0,5397698.0,5397698.0,0.0
1779401700,5397698.0,5397698.0,5397698.0,5397698.0,0.0
1779402600,5397698.0,5397698.0,5397698.0,5397698.0,0.0
1779403500,5397698.0,5397698.0,5397698.0,5397698.0,0.00255627
1779404400,5397698.0,5397698.0,5397698.0,5397698.0,0.0
1779405300,5397698.0,5397698.0,5397698.0,5397698.0,0.0
1779406200,5358574.0,5358574.0,5358574.0,5358574.0,0.19248288
1779407100,5358574.0,5358574.0,5358574.0,5358574.0,0.0
1779408000,5358574.0,5358574.0,5358574.0,5358574.0,0.0
1779408900,5358574.0,5358574.0,5358574.0,5358574.0,0.0
1779409800,5358574.0,5358574.0,5358574.0,5358574.0,0.0
1779410700,5397698.0,5397698.0,5397698.0,5397698.0,0.00276747
1779411600,5397694.0,5397694.0,5397694.0,5397694.0,0.00470848
1779412500,5397694.0,5397694.0,5397694.0,5397694.0,0.0
1779413400,5397694.0,5397694.0,5397694.0,5397694.0,0.0
1779414300,5371441.0,5371441.0,5371441.0,5371441.0,0.00359151
1779415200,5397698.0,5400241.0,5397698.0,5400241.0,0.02439755
1779416100,5400241.0,5400241.0,5400241.0,5400241.0,0.0
1779417000,5400241.0,5400241.0,5400241.0,5400241.0,0.0
1779417900,5400241.0,5400241.0,5400241.0,5400241.0,0.0
1779418800,5400241.0,5400241.0,5400241.0,5400241.0,0.0
1779419700,5382289.0,5382289.0,5382289.0,5382289.0,0.0027921
1779420600,5382289.0,5382289.0,5382289.0,5382289.0,0.0
1779421500,5382289.0,5382289.0,5382289.0,5382289.0,0.0
1779422400,5382289.0,5382289.0,5382289.0,5382289.0,0.0
1779423300,5382289.0,5382289.0,5382289.0,5382289.0,0.0
1779424200,5400241.0,5400241.0,5400241.0,5400241.0,0.01452416
1779425100,5400241.0,5400241.0,5400241.0,5400241.0,0.00218564
1779426000,5400241.0,5511673.0,5386407.0,5511673.0,0.06090132
1779426900,5527696.0,5527696.0,5384992.0,5384992.0,0.00939125
1779427800,5384482.0,5384482.0,5384482.0,5384482.0,0.00370579
1779428700,5384482.0,5384482.0,5384482.0,5384482.0,0.0
1779429600,5509789.0,5510744.0,5509789.0,5510744.0,0.01284922
1779430500,5384482.0,5384482.0,5384482.0,5384482.0,0.00186506
1779431400,5384482.0,5384482.0,5384482.0,5384482.0,0.0
1779432300,5384482.0,5384482.0,5384482.0,5384482.0,0.0
1779433200,5509487.0,5509487.0,5509487.0,5509487.0,0.00679772
1779434100,5504282.0,5504282.0,5504282.0,5504282.0,0.01311815
1779435000,5504282.0,5504282.0,5504282.0,5504282.0,0.0
1779435900,5384482.0,5384482.0,5384482.0,5384482.0,0.00680455
1779436800,5500685.0,5500685.0,5500685.0,5500685.0,0.00362773
1779437700,5500685.0,5500685.0,5500685.0,5500685.0,0.0
1779438600,5500685.0,5500685.0,5500685.0,5500685.0,0.0
1779439500,5500685.0,5500685.0,5500685.0,5500685.0,0.0
1779440400,5500685.0,5500685.0,5500685.0,5500685.0,0.0
1779441300,5495655.0,5495659.0,5495655.0,5495659.0,0.3626632
1779442200,5384482.0,5384482.0,5370406.0,5370406.0,0.03911447
1779443100,5300004.0,5300004.0,5300004.0,5300004.0,0.04198804
1779444000,5300004.0,5300004.0,5300004.0,5300004.0,0.0
1779444900,5300004.0,5300004.0,5300004.0,5300004.0,0.0
1779445800,5300000.0,5300000.0,5300000.0,5300000.0,0.00364435
1779446700,5300000.0,5300000.0,5300000.0,5300000.0,0.28369471
1779447600,5300000.0,5300000.0,5300000.0,5300000.0,0.02673773
1779448500,5300004.0,5300004.0,5300004.0,5300004.0,0.01898564
1779449400,5300004.0,5300004.0,5300004.0,5300004.0,0.0
1779450300,5300004.0,5300004.0,5300004.0,5300004.0,0.0
1779451200,5300004.0,5300004.0,5300004.0,5300004.0,0.0
1779452100,5500122.0,5870000.0,5500122.0,5870000.0,0.28946933
1779453000,5870000.0,5870000.0,5870000.0,5870000.0,0.0
1779453900,5870000.0,5870000.0,5870000.0,5870000.0,0.01772963
1779454800,5460002.0,5460002.0,5460002.0,5460002.0,0.00218564
1779455700,5869998.0,5870000.0,5869998.0,5870000.0,0.00349165
1779456600,5850000.0,5850000.0,5460004.0,5850000.0,0.08906217
1779457500,5850000.0,5850000.0,5850000.0,5850000.0,0.01294786
1779458400,5850000.0,5850000.0,5850000.0,5850000.0,0.00852598
1779459300,5850000.0,5850000.0,5850000.0,5850000.0,0.0254176
1779460200,5850000.0,5850000.0,5850000.0,5850000.0,0.00518871
1779461100,5460004.0,5850000.0,5460000.0,5460000.0,0.04288174
1779462000,5460000.0,5460000.0,5460000.0,5460000.0,0.0
1779462900,5460000.0,5460000.0,5460000.0,5460000.0,0.0
1779463800,5460000.0,5460000.0,5460000.0,5460000.0,0.0
1779464700,5849996.0,5849996.0,5849996.0,5849996.0,0.00900444
1779465600,5849996.0,5849996.0,5849996.0,5849996.0,0.00170239
1779466500,5470032.0,5470032.0,5470032.0,5470032.0,0.00716325
1779467400,5470014.0,5470014.0,5470014.0,5470014.0,0.00423066
1779468300,5470014.0,5470014.0,5470014.0,5470014.0,0.0
1779469200,5849996.0,5849996.0,5849996.0,5849996.0,0.00989983
1779470100,5488002.0,5488002.0,5488002.0,5488002.0,0.01452386
1779471000,5488002.0,5488002.0,5488002.0,5488002.0,0.0
1779471900,5488002.0,5488002.0,5488002.0,5488002.0,0.0
1779472800,5500002.0,5500002.0,5500002.0,5500002.0,0.00259418
1779473700,5500002.0,5500002.0,5500002.0,5500002.0,0.00259454
1779474600,5500002.0,5500002.0,5500002.0,5500002.0,0.0
1779475500,5500002.0,5500002.0,5500002.0,5500002.0,0.00276747
1779476400,5500002.0,5500002.0,5500002.0,5500002.0,0.0
1779477300,5500002.0,5500002.0,5470010.0,5470010.0,0.18640971
1779478200,5849992.0,5849992.0,5849992.0,5849992.0,0.00170239
1779479100,5849990.0,5849992.0,5849990.0,5849992.0,0.04256006
1779480000,5470010.0,5470010.0,5470010.0,5470010.0,0.00339699
1779480900,5470010.0,5470010.0,5470010.0,5470010.0,0.0
1779481800,5470010.0,5470010.0,5470010.0,5470010.0,0.0
1779482700,5470010.0,5470010.0,5470010.0,5470010.0,0.0
1779483600,5470010.0,5470010.0,5470010.0,5470010.0,0.0
1779484500,5470010.0,5470010.0,5470010.0,5470010.0,0.0
1779485400,5470010.0,5470010.0,5470010.0,5470010.0,0.0
1779486300,5849988.0,5849988.0,5849988.0,5849988.0,0.00233658
1779487200,5849988.0,5849988.0,5849988.0,5849988.0,0.0
1779488100,5849984.0,5849984.0,5849984.0,5849984.0,0.01526259
1779489000,5849984.0,5849988.0,5849984.0,5849988.0,0.05117413
1779489900,5849988.0,5849990.0,5849988.0,5849990.0,0.03508108
1779490800,5849990.0,5849990.0,5849990.0,5849990.0,0.0
1779491700,5849990.0,5849990.0,5849990.0,5849990.0,0.02639149
1779492600,5470012.0,5470012.0,5470010.0,5470010.0,0.0225973
1779493500,5849988.0,5849996.0,5830000.0,5830000.0,0.17627804
1779494400,5830000.0,5830000.0,5470014.0,5819998.0,0.57703366
1779495300,5819998.0,5819998.0,5819998.0,5819998.0,0.0
1779496200,5528154.0,5528691.0,5528154.0,5528691.0,0.00504409
1779497100,5490015.0,5799998.0,5490015.0,5490015.0,0.0089307
1779498000,5490015.0,5490015.0,5490015.0,5490015.0,0.0
1779498900,5490015.0,5490015.0,5490015.0,5490015.0,0.0
1779499800,5490015.0,5490015.0,5490015.0,5490015.0,0.0
1779500700,5490016.0,5490016.0,5490015.0,5490015.0,0.17466394
1779501600,5516512.0,5516512.0,5516512.0,5516512.0,0.00191588
1779502500,5516512.0,5516512.0,5490015.0,5510100.0,0.33596841
1779503400,5510100.0,5510100.0,5510100.0,5510100.0,0.0
1779504300,5510100.0,5510100.0,5510100.0,5510100.0,0.00261465
1779505200,5510100.0,5510100.0,5510100.0,5510100.0,0.0
1779506100,5510100.0,5510100.0,5510100.0,5510100.0,0.0
1779507000,5510100.0,5770000.0,5510100.0,5770000.0,0.37720095
1779507900,5770000.0,5770000.0,5770000.0,5770000.0,0.0
1779508800,5524572.0,5524572.0,5524572.0,5524572.0,0.00282501
1779509700,5524572.0,5524572.0,5524572.0,5524572.0,0.03614379
1779510600,5524572.0,5524572.0,5524572.0,5524572.0,0.0
1779511500,5490016.0,5490016.0,5490016.0,5490016.0,0.00990652
1779512400,5490016.0,5490016.0,5490016.0,5490016.0,0.02289612
1779513300,5490016.0,5490016.0,5490016.0,5490016.0,0.03453945
1779514200,5541587.0,5541587.0,5541587.0,5541587.0,0.01455882
1779515100,5541587.0,5541587.0,5490015.0,5490015.0,0.22635691
1779516000,5490015.0,5541587.0,5490015.0,5541587.0,0.02042606
1779516900,5760000.0,5760000.0,5490015.0,5490015.0,0.04732616
1779517800,5541587.0,5541587.0,5541587.0,5541587.0,0.04254665
1779518700,5490015.0,5541408.0,5490015.0,5541408.0,0.0128754
1779519600,5760000.0,5760000.0,5490015.0,5490015.0,0.03647773
1779520500,5490015.0,5490015.0,5490015.0,5490015.0,0.0
1779521400,5490015.0,5490015.0,5490015.0,5490015.0,0.0
1779522300,5490015.0,5490015.0,5490015.0,5490015.0,0.0
1779523200,5490015.0,5490015.0,5490015.0,5490015.0,0.0
1779524100,5510422.0,5510422.0,5510422.0,5510422.0,0.0018073
1779525000,5510422.0,5510422.0,5510422.0,5510422.0,0.0
1779525900,5510422.0,5510422.0,5510422.0,5510422.0,0.0
1779526800,5510422.0,5510422.0,5510422.0,5510422.0,0.0
1779527700,5534423.0,5534423.0,5490015.0,5490015.0,0.03635246
1779528600,5490015.0,5490015.0,5490015.0,5490015.0,0.0
1779529500,5522422.0,5522422.0,5490015.0,5490015.0,0.00671551
1779530400,5490015.0,5490015.0,5490015.0,5490015.0,0.0
1779531300,5490015.0,5490015.0,5490015.0,5490015.0,0.00459235
1779532200,5490015.0,5490015.0,5490015.0,5490015.0,0.0
1779533100,5490015.0,5490015.0,5490015.0,5490015.0,0.0
1779534000,5490015.0,5490015.0,5490015.0,5490015.0,0.00716709
1779534900,5490015.0,5490015.0,5490015.0,5490015.0,0.0
1779535800,5490015.0,5490015.0,5490015.0,5490015.0,0.00187905
1779536700,5490015.0,5490015.0,5490015.0,5490015.0,0.0
1779537600,5760000.0,5760000.0,5490015.0,5527616.0,1.01394375
1779538500,5527616.0,5527616.0,5527616.0,5527616.0,0.0
1779539400,5527616.0,5527616.0,5527616.0,5527616.0,0.0
1779540300,5527616.0,5527616.0,5527616.0,5527616.0,0.0
1779541200,5545169.0,5545169.0,5490015.0,5490015.0,0.0219167
1779542100,5490015.0,5490015.0,5490015.0,5490015.0,0.0
1779543000,5545169.0,5545169.0,5490015.0,5490015.0,0.01062341
1779543900,5490015.0,5490015.0,5490015.0,5490015.0,0.0
1779544800,5760000.0,5760000.0,5514721.0,5514721.0,0.0171723
1779545700,5514721.0,5514721.0,5514721.0,5514721.0,0.0
1779546600,5514721.0,5514721.0,5514721.0,5514721.0,0.0
1779547500,5514721.0,5514721.0,5514721.0,5514721.0,0.0
1779548400,5544990.0,5544990.0,5544990.0,5544990.0,0.04041088
1779549300,5760000.0,5760000.0,5760000.0,5760000.0,0.00637586
1779550200,5544990.0,5544990.0,5544990.0,5544990.0,0.00264202
1779551100,5490015.0,5490015.0,5490015.0,5490015.0,0.00264202
1779552000,5544990.0,5544990.0,5544990.0,5544990.0,0.02334845
1779552900,5544990.0,5544990.0,5544990.0,5544990.0,0.0
1779553800,5544990.0,5544990.0,5544990.0,5544990.0,0.0
1779554700,5544990.0,5544990.0,5544990.0,5544990.0,0.0
1779555600,5544990.0,5544990.0,5544990.0,5544990.0,0.0
1779556500,5544990.0,5544990.0,5544990.0,5544990.0,0.0
1779557400,5490015.0,5490015.0,5490015.0,5490015.0,0.0038405
1779558300,5490015.0,5490015.0,5418967.0,5418967.0,0.05337976
1779559200,5544990.0,5544990.0,5544990.0,5544990.0,0.01993582
1779560100,5544990.0,5544990.0,5544990.0,5544990.0,0.0
1779561000,5544990.0,5544990.0,5544990.0,5544990.0,0.0
1779561900,5544990.0,5544990.0,5544990.0,5544990.0,0.0
1779562800,5419141.0,5419141.0,5419141.0,5419141.0,0.00905394
1779563700,5545169.0,5545169.0,5419141.0,5419141.0,0.00797738
1779564600,5419141.0,5419141.0,5419141.0,5419141.0,0.0
1779565500,5419141.0,5419141.0,5419141.0,5419141.0,0.0
1779566400,5419141.0,5419141.0,5419141.0,5419141.0,0.0
1779567300,5759999.0,5759999.0,5759999.0,5759999.0,0.00323246
1779568200,5545169.0,5545169.0,5419143.0,5419143.0,0.36285322
1779569100,5419143.0,5419143.0,5419143.0,5419143.0,0.0
1779570000,5419143.0,5419143.0,5419143.0,5419143.0,0.0
1779570900,5419143.0,5419143.0,5419143.0,5419143.0,0.0
1779571800,5419143.0,5419143.0,5419143.0,5419143.0,0.0
1779572700,5419143.0,5419143.0,5419143.0,5419143.0,0.0
1779573600,5552685.0,5552692.0,5552685.0,5552692.0,0.62784775
1779574500,5565587.0,5565587.0,5565587.0,5565587.0,0.00500126
1779575400,5565587.0,5565587.0,5439096.0,5565587.0,0.04075503
1779576300,5565587.0,5565587.0,5565587.0,5565587.0,0.0
1779577200,5565587.0,5565587.0,5565587.0,5565587.0,0.0
1779578100,5568990.0,5568990.0,5568990.0,5568990.0,0.00302263
1779579000,5568990.0,5568990.0,5568990.0,5568990.0,0.0
1779579900,5572572.0,5572572.0,5572572.0,5572572.0,0.08953603
1779580800,5577229.0,5577229.0,5450474.0,5450474.0,0.00961345
1779581700,5515280.0,5515280.0,5469202.0,5469202.0,1.00389739
1779582600,5459868.0,5459868.0,5448898.0,5448898.0,0.62784775
1779583500,5442247.0,5442247.0,5442247.0,5442247.0,0.07231812
1779584400,5442247.0,5442247.0,5442247.0,5442247.0,0.00924471
1779585300,5442247.0,5442247.0,5442247.0,5442247.0,0.0
1779586200,5442247.0,5442247.0,5442247.0,5442247.0,0.0
1779587100,5442247.0,5442247.0,5442247.0,5442247.0,0.0
1779588000,5442247.0,5442247.0,5442247.0,5442247.0,0.0
1779588900,5588513.0,5588513.0,5588513.0,5588513.0,0.00350969
1779589800,5588513.0,5588513.0,5588513.0,5588513.0,0.0
1779590700,5585000.0,5585000.0,5585000.0,5585000.0,0.00202059
1779591600,5461325.0,5461325.0,5461325.0,5461325.0,0.00185934
1779592500,5585000.0,5585000.0,5585000.0,5585000.0,0.26801074
1779593400,5585000.0,5585000.0,5585000.0,5585000.0,0.02835379
1779594300,5461325.0,5461325.0,5461325.0,5461325.0,0.00193652
1779595200,5461500.0,5461500.0,5461500.0,5461500.0,0.00193376
1779596100,5461500.0,5585000.0,5461500.0,5585000.0,0.00745719
1779597000,5585000.0,5585000.0,5585000.0,5585000.0,0.00259301
1779597900,5461500.0,5461500.0,5461500.0,5461500.0,0.00259301
1779598800,5461500.0,5461500.0,5461500.0,5461500.0,0.0
1779599700,5585000.0,5585000.0,5585000.0,5585000.0,0.00178692
1779600600,5585000.0,5592633.0,5585000.0,5592633.0,0.38892504
1779601500,5592633.0,5592633.0,5592633.0,5592633.0,0.0
1779602400,5585647.0,5759999.0,5488456.0,5759999.0,0.03214551
1779603300,5488457.0,5488457.0,5488457.0,5488457.0,0.12833734
1779604200,5612513.0,5612513.0,5484955.0,5484955.0,0.87384883
1779605100,5484955.0,5484955.0,5484955.0,5484955.0,0.0
1779606000,5461500.0,5461500.0,5461500.0,5461500.0,0.00220516
1779606900,5461500.0,5461500.0,5461500.0,5461500.0,0.0
1779607800,5664634.0,5664634.0,5620932.0,5620932.0,0.35437835
1779608700,5602663.0,5602663.0,5602663.0,5602663.0,0.00255931
1779609600,5618066.0,5618066.0,5618066.0,5618066.0,0.17881882
1779610500,5618066.0,5618066.0,5618066.0,5618066.0,0.0
1779611400,5627558.0,5627558.0,5627558.0,5627558.0,0.01954683
1779612300,5627558.0,5627558.0,5627558.0,5627558.0,0.0
1779613200,5627558.0,5627558.0,5627558.0,5627558.0,0.0177322
1779614100,5598722.0,5598722.0,5499658.0,5499658.0,0.09820596
1779615000,5499658.0,5499658.0,5499658.0,5499658.0,0.0
1779615900,5499658.0,5499658.0,5499658.0,5499658.0,0.0
1779616800,5499658.0,5499658.0,5499658.0,5499658.0,0.0
1779617700,5608573.0,5608573.0,5608573.0,5608573.0,0.02014291
1779618600,5499658.0,5608573.0,5499658.0,5608573.0,0.00768511
1779619500,5590662.0,5590662.0,5590662.0,5590662.0,0.00267195
1779620400,5590662.0,5590662.0,5590662.0,5590662.0,0.0
1779621300,5499658.0,5499658.0,5499658.0,5499658.0,0.06734209
1779622200,5499658.0,5499658.0,5499658.0,5499658.0,0.0
1779623100,5499658.0,5499658.0,5499658.0,5499658.0,0.0
1779624000,5499658.0,5499658.0,5499658.0,5499658.0,0.0
1779624900,5593527.0,5593528.0,5499658.0,5499658.0,0.01303041
1779625800,5499658.0,5499658.0,5499658.0,5499658.0,0.0
1779626700,5499658.0,5499658.0,5499658.0,5499658.0,0.0
1779627600,5593528.0,5593528.0,5593528.0,5593528.0,0.02136093
1779628500,5593528.0,5593528.0,5499658.0,5499658.0,0.06391455
1779629400,5593528.0,5593528.0,5593528.0,5593528.0,0.04508477
1779630300,5593528.0,5593528.0,5593528.0,5593528.0,0.0
1779631200,5593528.0,5593528.0,5593528.0,5593528.0,0.0
1779632100,5593528.0,5593528.0,5593528.0,5593528.0,0.0
1779633000,5593528.0,5593528.0,5593528.0,5593528.0,0.0
1779633900,5499658.0,5499658.0,5470000.0,5470000.0,0.35609162
1779634800,5470000.0,5470000.0,5470000.0,5470000.0,0.0
1779635700,5577946.0,5577946.0,5577946.0,5577946.0,0.00402818
1779636600,5470000.0,5593528.0,5470000.0,5593528.0,0.02165442
1779637500,5593528.0,5593528.0,5593528.0,5593528.0,0.0
1779638400,5593528.0,5593528.0,5593528.0,5593528.0,0.0
1779639300,5593528.0,5593528.0,5593528.0,5593528.0,0.0
1779640200,5470000.0,5470000.0,5470000.0,5470000.0,0.00316171
1779641100,5470000.0,5470000.0,5470000.0,5470000.0,0.0
1779642000,5470000.0,5470000.0,5470000.0,5470000.0,0.0
1779642900,5470000.0,5470000.0,5470000.0,5470000.0,0.00220731
1779643800,5470000.0,5470000.0,5470000.0,5470000.0,0.0
1779644700,5593528.0,5593528.0,5593528.0,5593528.0,0.0178045
1779645600,5593528.0,5593528.0,5593528.0,5593528.0,0.0
1779646500,5593528.0,5593528.0,5593528.0,5593528.0,0.0
1779647400,5593528.0,5593528.0,5593528.0,5593528.0,0.0
1779648300,5593528.0,5593528.0,5593528.0,5593528.0,0.0
1779649200,5593528.0,5593528.0,5593528.0,5593528.0,0.0
1779650100,5593528.0,5593528.0,5593528.0,5593528.0,0.0
1779651000,5593528.0,5593528.0,5593528.0,5593528.0,0.0
1779651900,5593528.0,5593528.0,5593528.0,5593528.0,0.0
1779652800,5593528.0,5593528.0,5593528.0,5593528.0,0.0
1779653700,5593528.0,5593528.0,5593528.0,5593528.0,0.00223275
1779654600,5593528.0,5593528.0,5593528.0,5593528.0,0.0
1779655500,5593528.0,5593528.0,5593528.0,5593528.0,0.0
1779656400,5593528.0,5593528.0,5593528.0,5593528.0,0.0
1779657300,5593528.0,5593528.0,5593528.0,5593528.0,0.00937065
1779658200,5593528.0,5593528.0,5593528.0,5593528.0,0.0
1779659100,5593528.0,5593528.0,5593528.0,5593528.0,0.0
1779660000,5593528.0,5593528.0,5593528.0,5593528.0,0.0
1779660900,5593528.0,5593528.0,5593528.0,5593528.0,0.0
1779661800,5593528.0,5593528.0,5593528.0,5593528.0,0.0
1779662700,5593528.0,5593528.0,5593528.0,5593528.0,0.0
1779663600,5593528.0,5593528.0,5593528.0,5593528.0,0.0
1779664500,5593528.0,5593528.0,5593528.0,5593528.0,0.0
1779665400,5470000.0,5470000.0,5470000.0,5470000.0,0.0201865
1779666300,5568111.0,5568111.0,5568111.0,5568111.0,0.00179396
1779667200,5568111.0,5568111.0,5568111.0,5568111.0,0.00448033
1779668100,5568111.0,5568111.0,5568111.0,5568111.0,0.0
1779669000,5568111.0,5568111.0,5568111.0,5568111.0,0.0
1779669900,5470000.0,5470000.0,5470000.0,5470000.0,0.00302263
1779670800,5574449.0,5574449.0,5574449.0,5574449.0,0.00267972
1779671700,5574449.0,5574449.0,5574449.0,5574449.0,0.0
1779672600,5573037.0,5573037.0,5573037.0,5573037.0,0.00223773
1779673500,5582951.0,5582951.0,5582951.0,5582951.0,0.01045898
1779674400,5582951.0,5582951.0,5582951.0,5582951.0,0.0
1779675300,5593528.0,5593528.0,5593528.0,5593528.0,0.00178045
1779676200,5593528.0,5593665.0,5593528.0,5593665.0,0.01470874
1779677100,5595255.0,5595255.0,5470002.0,5470002.0,0.00431664
1779678000,5470002.0,5470002.0,5470002.0,5470002.0,0.0
1779678900,5470002.0,5470002.0,5470002.0,5470002.0,0.0
1779679800,5475060.0,5475060.0,5475060.0,5475060.0,0.00242554
1779680700,5475060.0,5475060.0,5474571.0,5474617.0,0.01372006
1779681600,5475060.0,5475060.0,5475060.0,5475060.0,0.05467848
1779682500,5475060.0,5475060.0,5473182.0,5473182.0,0.03066698
1779683400,5473182.0,5473182.0,5473182.0,5473182.0,0.0
1779684300,5475060.0,5475060.0,5473182.0,5473182.0,0.01305924
1779685200,5475060.0,5475060.0,5473182.0,5475060.0,0.06469709
1779686100,5475060.0,5475060.0,5475060.0,5475060.0,0.13095286
1779687000,5486489.0,5486489.0,5486489.0,5486489.0,0.19394271
1779687900,5473182.0,5473182.0,5473182.0,5473182.0,0.01621931
1779688800,5483528.0,5483528.0,5483528.0,5483528.0,0.00373857
1779689700,5483528.0,5483528.0,5483528.0,5483528.0,0.0
1779690600,5483528.0,5483528.0,5483528.0,5483528.0,0.0
1779691500,5483528.0,5483528.0,5483528.0,5483528.0,0.0
1779692400,5483528.0,5483528.0,5483528.0,5483528.0,0.0
1779693300,5484550.0,5484550.0,5484550.0,5484550.0,0.00186332
1779694200,5482645.0,5482645.0,5482645.0,5482645.0,0.00221353
1779695100,5479789.0,5479789.0,5479789.0,5479789.0,0.00220397
1779696000,5479789.0,5479789.0,5479789.0,5479789.0,0.0
1779696900,5479789.0,5479789.0,5479789.0,5479789.0,0.0
1779697800,5479789.0,5479789.0,5479789.0,5479789.0,0.0
1779698700,5479789.0,5479789.0,5479789.0,5479789.0,0.0
1779699600,5479789.0,5479789.0,5479789.0,5479789.0,0.0
1779700500,5479789.0,5479789.0,5479789.0,5479789.0,0.0
1779701400,5479789.0,5479789.0,5479789.0,5479789.0,0.0
1779702300,5479789.0,5479789.0,5479789.0,5479789.0,0.0
1779703200,5599999.0,5599999.0,5599999.0,5599999.0,0.00857178
1779704100,5499557.0,5499557.0,5499557.0,5499557.0,0.00249874
1779705000,5499557.0,5499557.0,5499557.0,5499557.0,0.0
1779705900,5499557.0,5499557.0,5499557.0,5499557.0,0.0
1779706800,5499557.0,5499557.0,5499557.0,5499557.0,0.0
1779707700,5598239.0,5598239.0,5598239.0,5598239.0,0.00418167
1779708600,5598239.0,5598240.0,5598239.0,5598240.0,0.01956847
1779709500,5598240.0,5598240.0,5598240.0,5598240.0,0.0
1779710400,5598240.0,5598240.0,5598240.0,5598240.0,0.00177895
1779711300,5598239.0,5598240.0,5598239.0,5598240.0,0.05085972
1779712200,5598240.0,5598240.0,5598240.0,5598240.0,0.0
1779713100,5598239.0,5849996.0,5598239.0,5849996.0,5.12854791
1779714000,5673949.0,6199000.0,5544900.0,5544900.0,5.31427063
1779714900,5544901.0,5544901.0,5544901.0,5544901.0,0.18147285
1779715800,5593261.0,5593261.0,5544901.0,5544901.0,0.04547391
1779716700,5544901.0,5544901.0,5544901.0,5544901.0,0.0
1779717600,5544901.0,5544901.0,5544901.0,5544901.0,0.00374109
1779718500,5612781.0,5612781.0,5544901.0,5544901.0,0.12559796
1779719400,5606386.0,5750000.0,5544901.0,5750000.0,0.17854747
1779720300,5606955.0,5606958.0,5554901.0,5606958.0,0.02930142
1779721200,5554902.0,5606616.0,5554902.0,5606616.0,0.0081746
1779722100,5606616.0,5606616.0,5606616.0,5606616.0,0.0
1779723000,5554902.0,5554902.0,5554902.0,5554902.0,0.00349416
1779723900,5603069.0,5603069.0,5603069.0,5603069.0,0.01708367
1779724800,5603069.0,5603069.0,5603069.0,5603069.0,0.0
1779725700,5603088.0,5606616.0,5603088.0,5603088.0,0.04199806
1779726600,5603088.0,5603088.0,5585208.0,5585208.0,0.30289333
1779727500,5603088.0,5606616.0,5603088.0,5606616.0,0.252132
1779728400,5606616.0,5606616.0,5606616.0,5606616.0,0.0
1779729300,5554902.0,5554902.0,5554902.0,5554902.0,0.00199229
1779730200,5554902.0,5554902.0,5554902.0,5554902.0,0.0
1779731100,5554902.0,5554902.0,5554902.0,5554902.0,0.0
1779732000,5554902.0,5554902.0,5554902.0,5554902.0,0.0
1779732900,5554902.0,5554902.0,5554902.0,5554902.0,0.0
1779733800,5606616.0,5606616.0,5554902.0,5554902.0,0.01110366
1779734700,5606616.0,5606616.0,5606616.0,5606616.0,0.00873343
1779735600,5606616.0,5606616.0,5606616.0,5606616.0,0.0
1779736500,5606616.0,5606616.0,5606616.0,5606616.0,0.0
1779737400,5606616.0,5606616.0,5606616.0,5606616.0,0.0
1779738300,5606616.0,5606616.0,5606616.0,5606616.0,0.0
1779739200,5554902.0,5554902.0,5544901.0,5544901.0,0.04371299
1779740100,5544901.0,5544901.0,5544901.0,5544901.0,0.0
1779741000,5544901.0,5544901.0,5544901.0,5544901.0,0.0
1779741900,5606616.0,5606616.0,5606616.0,5606616.0,0.00529963
1779742800,5606616.0,5606616.0,5606616.0,5606616.0,0.0
1779743700,5606616.0,5606616.0,5606616.0,5606616.0,0.0
1779744600,5606616.0,5606616.0,5606616.0,5606616.0,0.0
1779745500,5606616.0,5606616.0,5606616.0,5606616.0,0.0
1779746400,5606616.0,5606616.0,5606616.0,5606616.0,0.0
1779747300,5606616.0,5606616.0,5606616.0,5606616.0,0.0
1779748200,5606616.0,5606616.0,5606616.0,5606616.0,0.0
1779749100,5606616.0,5606616.0,5606616.0,5606616.0,0.0
1779750000,5606616.0,5606616.0,5606616.0,5606616.0,0.0
1779750900,5606616.0,5606616.0,5606616.0,5606616.0,0.0
1779751800,5606616.0,5606616.0,5606616.0,5606616.0,0.0
1779752700,5606616.0,5606616.0,5606616.0,5606616.0,0.0
1779753600,5600338.0,5600338.0,5600338.0,5600338.0,0.00178524
1779754500,5544901.0,5592260.0,5512740.0,5512740.0,1.34888811
1779755400,5500901.0,5500901.0,5500901.0,5500901.0,0.02909702
1779756300,5500901.0,5606616.0,5500000.0,5500000.0,0.01457888
1779757200,5570169.0,5570169.0,5570169.0,5570169.0,0.00515513
1779758100,5570735.0,5570735.0,5570735.0,5570735.0,0.00379429
1779759000,5570473.0,5571649.0,5570473.0,5571649.0,0.00756277
1779759900,5571649.0,5571649.0,5571649.0,5571649.0,0.0
1779760800,5571649.0,5571649.0,5571649.0,5571649.0,0.0
1779761700,5571649.0,5571649.0,5571649.0,5571649.0,0.0
1779762600,5571649.0,5571649.0,5571649.0,5571649.0,0.0
1779763500,5500000.0,5500000.0,5489900.0,5489900.0,0.01954153
1779764400,5489900.0,5489900.0,5489900.0,5489900.0,0.0
1779765300,5489900.0,5489900.0,5489900.0,5489900.0,0.00277471
1779766200,5571731.0,5571731.0,5571731.0,5571731.0,0.00455406
1779767100,5571731.0,5571731.0,5571731.0,5571731.0,0.0
1779768000,5571731.0,5571731.0,5571731.0,5571731.0,0.0
1779768900,5489901.0,5489901.0,5489901.0,5489901.0,0.00274607
1779769800,5571731.0,5571731.0,5571731.0,5571731.0,0.00434227
1779770700,5571731.0,5571731.0,5571731.0,5571731.0,0.0
1779771600,5600710.0,5600710.0,5489902.0,5489902.0,0.00665238
1779772500,5489902.0,5489902.0,5489902.0,5489902.0,0.0197117
1779773400,5598606.0,5598606.0,5598606.0,5598606.0,0.00177883
1779774300,5597666.0,5597666.0,5489902.0,5489902.0,0.01472699
1779775200,5489902.0,5489902.0,5489902.0,5489902.0,0.0
1779776100,5599758.0,5599758.0,5599758.0,5599758.0,0.00380409
1779777000,5599758.0,5599758.0,5599758.0,5599758.0,0.0
1779777900,5489903.0,5604878.0,5489903.0,5604878.0,0.29942163
1779778800,5604878.0,5604878.0,5604878.0,5604878.0,0.0
1779779700,5489906.0,5600385.0,5489906.0,5489906.0,0.13790813
1779780600,5600248.0,5600248.0,5489906.0,5489906.0,0.0352375
1779781500,5600248.0,5600248.0,5489906.0,5598339.0,0.01583106
1779782400,5600248.0,5600248.0,5587507.0,5587507.0,0.00728021
1779783300,5596272.0,5596272.0,5596272.0,5596272.0,0.01755918
1779784200,5584946.0,5584946.0,5584946.0,5584946.0,0.00502278
1779785100,5588034.0,5588034.0,5587882.0,5587882.0,0.0138497
1779786000,5587881.0,5587882.0,5489907.0,5587881.0,0.04230421
1779786900,5587880.0,5587880.0,5587880.0,5587880.0,0.00327977
1779787800,5587878.0,5587878.0,5489907.0,5587878.0,0.02143617
1779788700,5587878.0,5587878.0,5587878.0,5587878.0,0.0
1779789600,5587878.0,5777777.0,5587878.0,5777777.0,0.30756507
1779790500,5777777.0,5777777.0,5777777.0,5777777.0,0.0
1779791400,5526666.0,5776776.0,5526666.0,5526670.0,0.01682139
1779792300,5526670.0,5526670.0,5526670.0,5526670.0,0.00447948
1779793200,5526671.0,5609060.0,5526671.0,5609060.0,0.0997987
1779794100,5609060.0,5777777.0,5489906.0,5489906.0,0.22941433
1779795000,5489906.0,5489906.0,5489906.0,5489906.0,0.0
1779795900,5489906.0,5489906.0,5489906.0,5489906.0,0.0
1779796800,5616236.0,5616236.0,5616236.0,5616236.0,0.00218402
1779797700,5616229.0,5616229.0,5505241.0,5505241.0,0.01260045
1779798600,5616229.0,5616229.0,5505237.0,5505237.0,0.01473669
1779799500,5505237.0,5505237.0,5505237.0,5505237.0,0.0
1779800400,5616224.0,5616224.0,5616224.0,5616224.0,0.00259605
1779801300,5509016.0,5509016.0,5509016.0,5509016.0,0.01627462
1779802200,5612081.0,5616224.0,5509018.0,5616224.0,0.03798372
1779803100,5616224.0,5616224.0,5616224.0,5616224.0,0.01460358
1779804000,5616224.0,5616237.0,5616224.0,5616237.0,0.08339394
1779804900,5509627.0,5509627.0,5509627.0,5509627.0,0.00659462
1779805800,5616237.0,5616237.0,5616237.0,5616237.0,0.00339907
1779806700,5616237.0,5616237.0,5616237.0,5616237.0,0.00219043
1779807600,5649069.0,5649069.0,5649069.0,5649069.0,0.00176294
1779808500,5645607.0,5645607.0,5645607.0,5645607.0,0.00667899
1779809400,5645607.0,5645607.0,5645607.0,5645607.0,0.0
1779810300,5620790.0,5620790.0,5517290.0,5517290.0,0.00596142
1779811200,5517293.0,5517293.0,5517293.0,5517293.0,0.00861567
1779812100,5620890.0,5646997.0,5618714.0,5646997.0,0.01503943
1779813000,5622851.0,5622851.0,5622851.0,5622851.0,0.00281334
1779813900,5517297.0,5517297.0,5517297.0,5517297.0,0.00281334
1779814800,5607540.0,5607540.0,5607540.0,5607540.0,0.04047514
1779815700,5607540.0,5607540.0,5607540.0,5607540.0,0.0
1779816600,5607540.0,5607540.0,5607540.0,5607540.0,0.0
1779817500,5517296.0,5605199.0,5517296.0,5605199.0,0.02539719
1779818400,5646997.0,5646997.0,5604279.0,5604279.0,0.00551769
1779819300,5604279.0,5604279.0,5604279.0,5604279.0,0.0
1779820200,5646997.0,5646997.0,5646997.0,5646997.0,0.0044521
1779821100,5646997.0,5646997.0,5646997.0,5646997.0,0.0
1779822000,5646997.0,5646997.0,5646997.0,5646997.0,0.0
1779822900,5646997.0,5646997.0,5646997.0,5646997.0,0.00236904
1779823800,5517296.0,5517296.0,5517296.0,5517296.0,0.00332071
1779824700,5517296.0,5517296.0,5517296.0,5517296.0,0.0
1779825600,5517296.0,5517296.0,5517296.0,5517296.0,0.0
1779826500,5517296.0,5517296.0,5517296.0,5517296.0,0.0
1779827400,5517296.0,5517296.0,5517296.0,5517296.0,0.0
1779828300,5570071.0,5570071.0,5517296.0,5517296.0,0.00825859
1779829200,5517296.0,5517296.0,5517296.0,5517296.0,0.0
1779830100,5517296.0,5517296.0,5517296.0,5517296.0,0.0
1779831000,5570400.0,5570400.0,5570400.0,5570400.0,0.00882898
1779831900,5570400.0,5570400.0,5570400.0,5570400.0,0.0
1779832800,5570400.0,5570400.0,5570400.0,5570400.0,0.0
1779833700,5570400.0,5570400.0,5570400.0,5570400.0,0.0
1779834600,5570400.0,5570400.0,5570400.0,5570400.0,0.0
1779835500,5570400.0,5570400.0,5570400.0,5570400.0,0.0
1779836400,5570400.0,5570400.0,5570400.0,5570400.0,0.0
1779837300,5587615.0,5587615.0,5587615.0,5587615.0,0.01698828
1779838200,5587615.0,5587615.0,5587615.0,5587615.0,0.0
1779839100,5587615.0,5587615.0,5587615.0,5587615.0,0.0
1779840000,5587615.0,5587615.0,5587615.0,5587615.0,0.0
1779840900,5587615.0,5587615.0,5587615.0,5587615.0,0.0
1779841800,5517296.0,5517296.0,5517296.0,5517296.0,0.01698828
1779842700,5578060.0,5578062.0,5578060.0,5578062.0,0.00894468
1779843600,5578062.0,5578062.0,5578062.0,5578062.0,0.0
1779844500,5578062.0,5578062.0,5578062.0,5578062.0,0.0
1779845400,5578062.0,5578062.0,5578062.0,5578062.0,0.0
1779846300,5578062.0,5578062.0,5578062.0,5578062.0,0.0
1779847200,5581135.0,5581135.0,5581135.0,5581135.0,0.89449923
1779848100,5517296.0,5517296.0,5517296.0,5517296.0,0.00418607
1779849000,5517296.0,5517296.0,5517296.0,5517296.0,0.0
1779849900,5517296.0,5517296.0,5517296.0,5517296.0,0.0
1779850800,5517296.0,5582009.0,5517296.0,5582009.0,0.00827156
1779851700,5578055.0,5578055.0,5578055.0,5578055.0,0.00892694
1779852600,5579207.0,5579207.0,5579207.0,5579207.0,0.01144875
1779853500,5517296.0,5517296.0,5517296.0,5517296.0,0.01144875
1779854400,5517296.0,5517296.0,5517296.0,5517296.0,0.01067432
1779855300,5517296.0,5517296.0,5517296.0,5517296.0,0.00707305
1779856200,5646997.0,5646997.0,5517296.0,5517296.0,0.01490103
1779857100,5517296.0,5517296.0,5517296.0,5517296.0,0.0
1779858000,5517296.0,5517296.0,5517296.0,5517296.0,0.0
1779858900,5517301.0,5572616.0,5517301.0,5517301.0,0.01849165
1779859800,5517301.0,5517301.0,5517301.0,5517301.0,0.0
1779860700,5517301.0,5517301.0,5517301.0,5517301.0,0.0
1779861600,5517301.0,5517301.0,5517301.0,5517301.0,0.0
1779862500,5517301.0,5517301.0,5517301.0,5517301.0,0.0
1779863400,5517301.0,5517301.0,5517301.0,5517301.0,0.0
1779864300,5517301.0,5586750.0,5517296.0,5586750.0,0.08154429
1779865200,5517296.0,5517296.0,5517296.0,5517296.0,0.01906296
1779866100,5579679.0,5579679.0,5517296.0,5517296.0,0.00595478
1779867000,5517296.0,5517296.0,5517296.0,5517296.0,0.0
1779867900,5517296.0,5517296.0,5517296.0,5517296.0,0.0
1779868800,5517296.0,5517296.0,5517296.0,5517296.0,0.00779923
1779869700,5517296.0,5517296.0,5517296.0,5517296.0,0.0
1779870600,5517296.0,5517296.0,5517296.0,5517296.0,0.00248153
1779871500,5517296.0,5517296.0,5517296.0,5517296.0,0.0
1779872400,5584028.0,5584028.0,5584028.0,5584028.0,0.00469052
1779873300,5517296.0,5646997.0,5517296.0,5582967.0,0.04955874
1779874200,5582967.0,5582967.0,5582967.0,5582967.0,0.0
1779875100,5517296.0,5517296.0,5517296.0,5517296.0,0.20974415
1779876000,5517296.0,5517296.0,5517296.0,5517296.0,0.0
1779876900,5517296.0,5517296.0,5517296.0,5517296.0,0.0
1779877800,5517296.0,5517296.0,5517296.0,5517296.0,0.0
1779878700,5517296.0,5517296.0,5517296.0,5517296.0,0.01515797
1779879600,5517296.0,5517296.0,5517296.0,5517296.0,0.00397178
1779880500,5517296.0,5517296.0,5517296.0,5517296.0,0.06946354
1779881400,5517296.0,5517296.0,5517296.0,5517296.0,0.0
1779882300,5517296.0,5517296.0,5517296.0,5517296.0,0.0
1779883200,5597066.0,5597066.0,5517296.0,5517296.0,0.14860036
1779884100,5587769.0,5646997.0,5587769.0,5646997.0,0.01954127
1779885000,5646997.0,5646997.0,5646997.0,5646997.0,0.00881796
1779885900,5646997.0,5646997.0,5646997.0,5646997.0,0.0
1779886800,5646997.0,5646997.0,5646997.0,5646997.0,0.0
1779887700,5646997.0,5646997.0,5646997.0,5646997.0,0.0
1779888600,5646997.0,5646997.0,5646997.0,5646997.0,0.0
1779889500,5646997.0,5646997.0,5646997.0,5646997.0,0.0
1779890400,5646997.0,5646997.0,5646997.0,5646997.0,0.0
1779891300,5646997.0,5646997.0,5646997.0,5646997.0,0.0
1779892200,5646997.0,5646997.0,5646997.0,5646997.0,0.0
1779893100,5646997.0,5646997.0,5646997.0,5646997.0,0.00694279
1779894000,5646997.0,5668794.0,5646997.0,5668794.0,0.00926255
1779894900,5547858.0,5668950.0,5547858.0,5668399.0,0.04327376
1779895800,5547858.0,5547858.0,5547858.0,5547858.0,0.00468005
1779896700,5547858.0,5547858.0,5547858.0,5547858.0,0.01143781
1779897600,5547858.0,5547858.0,5547858.0,5547858.0,0.00190667
1779898500,5660589.0,5660589.0,5660589.0,5660589.0,0.01700847
1779899400,5660589.0,5660589.0,5660589.0,5660589.0,0.0
1779900300,5547858.0,5547858.0,5547858.0,5547858.0,0.03882846
1779901200,5651039.0,5651039.0,5547858.0,5547858.0,0.35401115
1779902100,5547858.0,5547858.0,5547858.0,5547858.0,0.0
1779903000,5547858.0,5547858.0,5547858.0,5547858.0,0.00687285
1779903900,5547858.0,5547858.0,5547858.0,5547858.0,0.0
1779904800,5642820.0,5642820.0,5642820.0,5642820.0,0.00300027
1779905700,5642820.0,5642820.0,5642820.0,5642820.0,0.0
1779906600,5641072.0,5641072.0,5641072.0,5641072.0,0.00441352
1779907500,5547858.0,5547858.0,5547858.0,5547858.0,0.01812324
1779908400,5547858.0,5547858.0,5547858.0,5547858.0,0.0
1779909300,5547858.0,5547858.0,5547858.0,5547858.0,0.0
1779910200,5547858.0,5547858.0,5547858.0,5547858.0,0.0
1779911100,5547858.0,5547858.0,5547858.0,5547858.0,0.0
1779912000,5547858.0,5547858.0,5547858.0,5547858.0,0.0
1779912900,5777768.0,5777769.0,5639195.0,5639195.0,0.09102027
1779913800,5639195.0,5639195.0,5639195.0,5639195.0,0.0
1779914700,5639195.0,5639195.0,5639195.0,5639195.0,0.0
1779915600,5639195.0,5639195.0,5639195.0,5639195.0,0.0
1779916500,5639195.0,5639195.0,5639195.0,5639195.0,0.0
1779917400,5777769.0,5888888.0,5777769.0,5888888.0,0.63870657
1779918300,5642204.0,5642204.0,5642204.0,5642204.0,0.00520753
1779919200,5642204.0,5642204.0,5642204.0,5642204.0,0.0
1779920100,5547858.0,5547858.0,5547858.0,5547858.0,0.00881763
1779921000,5547858.0,5547858.0,5547858.0,5547858.0,0.07501412
1779921900,5638841.0,5638841.0,5547858.0,5547858.0,0.0252546
1779922800,5547858.0,5547858.0,5547858.0,5547858.0,0.0039346
1779923700,5547858.0,5547858.0,5547858.0,5547858.0,0.0
1779924600,5547858.0,5547858.0,5547858.0,5547858.0,0.0
1779925500,5547858.0,5547858.0,5547858.0,5547858.0,0.0
1779926400,5606192.0,5606192.0,5606192.0,5606192.0,0.00348043
1779927300,5606192.0,5606192.0,5606192.0,5606192.0,0.0
1779928200,5606192.0,5606192.0,5606192.0,5606192.0,0.00177642
1779929100,5606192.0,5606192.0,5547860.0,5547860.0,0.32366285
1779930000,5547860.0,5547860.0,5547860.0,5547860.0,0.00197871
1779930900,5547860.0,5547860.0,5547860.0,5547860.0,0.0
1779931800,5547860.0,5547860.0,5547860.0,5547860.0,0.0
1779932700,5547860.0,5547860.0,5547860.0,5547860.0,0.0
1779933600,5547860.0,5547860.0,5547860.0,5547860.0,0.0
1779934500,5547860.0,5547860.0,5547860.0,5547860.0,0.0
1779935400,5640324.0,5640324.0,5640194.0,5640194.0,0.00636337
1779936300,5640194.0,5640194.0,5640194.0,5640194.0,0.0
1779937200,5547867.0,5642258.0,5547867.0,5642258.0,0.01008961
1779938100,5547867.0,5547867.0,5547866.0,5547866.0,0.08618448
1779939000,5547866.0,5547866.0,5547866.0,5547866.0,0.0457632
1779939900,5656328.0,5656328.0,5656328.0,5656328.0,0.00833402
1779940800,5663384.0,5663384.0,5547866.0,5547866.0,0.00581247
1779941700,5547866.0,5547866.0,5547866.0,5547866.0,0.0
1779942600,5654653.0,5654653.0,5653866.0,5653866.0,0.00522513
1779943500,5653263.0,5653263.0,5653263.0,5653263.0,0.00176163
1779944400,5547866.0,5777774.0,5547866.0,5777774.0,0.02997311
1779945300,5648805.0,5648805.0,5648805.0,5648805.0,0.00176302
1779946200,5777774.0,5777774.0,5646016.0,5646016.0,0.00631176
1779947100,5646016.0,5646016.0,5646016.0,5646016.0,0.0
1779948000,5637089.0,5637266.0,5637089.0,5637266.0,0.01918148
1779948900,5547866.0,5547866.0,5547866.0,5547866.0,0.12772343
1779949800,5637347.0,5637347.0,5637347.0,5637347.0,0.01266606
1779950700,5636603.0,5636603.0,5636603.0,5636603.0,0.0069187
1779951600,5631838.0,5631838.0,5631838.0,5631838.0,0.00837097
1779952500,5636672.0,5636672.0,5636672.0,5636672.0,0.04418351
1779953400,5636672.0,5636672.0,5636672.0,5636672.0,0.0
1779954300,5636672.0,5636672.0,5636672.0,5636672.0,0.0
1779955200,5630348.0,5630348.0,5547867.0,5547867.0,0.29689807
1779956100,5547867.0,5547867.0,5547867.0,5547867.0,0.0
1779957000,5547867.0,5547867.0,5547867.0,5547867.0,0.0
1779957900,5547867.0,5547867.0,5547867.0,5547867.0,0.0
1779958800,5547867.0,5547867.0,5547867.0,5547867.0,0.0
1779959700,5642559.0,5642559.0,5642559.0,5642559.0,0.00895391
1779960600,5547867.0,5643902.0,5547867.0,5643902.0,0.02484871
1779961500,5643902.0,5643902.0,5643902.0,5643902.0,0.0
1779962400,5547867.0,5547867.0,5547866.0,5547866.0,0.03069204
1779963300,5547866.0,5547866.0,5547866.0,5547866.0,0.0
1779964200,5547866.0,5547866.0,5547866.0,5547866.0,0.02145999
1779965100,5547866.0,5547866.0,5547866.0,5547866.0,0.0
1779966000,5643902.0,5643902.0,5643902.0,5643902.0,0.00279841
1779966900,5643902.0,5643902.0,5643902.0,5643902.0,0.0
1779967800,5547866.0,5547866.0,5547866.0,5547866.0,0.01560168
1779968700,5547866.0,5547866.0,5547866.0,5547866.0,0.0
1779969600,5547866.0,5547866.0,5547866.0,5547866.0,0.0
1779970500,5615624.0,5615624.0,5615624.0,5615624.0,0.00820692
1779971400,5615624.0,5615624.0,5615624.0,5615624.0,0.0
1779972300,5621905.0,5621905.0,5621905.0,5621905.0,0.88573695
1779973200,5621905.0,5621905.0,5621905.0,5621905.0,0.0
1779974100,5621905.0,5621905.0,5621905.0,5621905.0,0.0
1779975000,5621905.0,5621905.0,5621905.0,5621905.0,0.0
1779975900,5634036.0,5634036.0,5634036.0,5634036.0,0.04427962
1779976800,5634036.0,5634036.0,5634036.0,5634036.0,0.0
1779977700,5643902.0,5657130.0,5643902.0,5646800.0,0.02225153
1779978600,5547866.0,5547867.0,5547866.0,5547867.0,0.00362734
1779979500,5547867.0,5547867.0,5547867.0,5547867.0,0.0
1779980400,5547867.0,5547867.0,5547867.0,5547867.0,0.0
1779981300,5547867.0,5547867.0,5547867.0,5547867.0,0.0
1779982200,5547867.0,5547867.0,5547867.0,5547867.0,0.0
1779983100,5643781.0,5643781.0,5547867.0,5547867.0,0.05869155
1779984000,5547867.0,5547867.0,5547867.0,5547867.0,0.0
1779984900,5547867.0,5547867.0,5547867.0,5547867.0,0.01842867
1779985800,5547867.0,5547867.0,5547867.0,5547867.0,0.0
1779986700,5547867.0,5547867.0,5547867.0,5547867.0,0.0
1779987600,5547867.0,5547867.0,5547867.0,5547867.0,0.0
1779988500,5547867.0,5547867.0,5547867.0,5547867.0,0.0
1779989400,5547867.0,5547867.0,5547867.0,5547867.0,0.0
1779990300,5547867.0,5617549.0,5547867.0,5617549.0,0.00834469
1779991200,5617288.0,5617288.0,5617288.0,5617288.0,0.01592102
1779992100,5617288.0,5617288.0,5617288.0,5617288.0,0.0
1779993000,5617288.0,5617288.0,5617288.0,5617288.0,0.0
1779993900,5617288.0,5617288.0,5617288.0,5617288.0,0.0
1779994800,5887999.0,5887999.0,5615876.0,5615876.0,0.00516245
1779995700,5616632.0,5616632.0,5547867.0,5547867.0,0.13586042
1779996600,5637346.0,5637346.0,5637346.0,5637346.0,0.00210311
1779997500,5637346.0,5637346.0,5637346.0,5637346.0,0.0
1779998400,5637346.0,5637346.0,5637346.0,5637346.0,0.0
1779999300,5637346.0,5637346.0,5637346.0,5637346.0,0.0
1780000200,5637346.0,5637346.0,5637346.0,5637346.0,0.0
1780001100,5637346.0,5637346.0,5637346.0,5637346.0,0.0
1780002000,5637346.0,5637346.0,5637346.0,5637346.0,0.0
1780002900,5637346.0,5637346.0,5637346.0,5637346.0,0.0
1780003800,5887999.0,5887999.0,5547867.0,5647387.0,0.01077376
1780004700,5647387.0,5647387.0,5647387.0,5647387.0,0.0
1780005600,5647387.0,5647387.0,5647387.0,5647387.0,0.0
1780006500,5647387.0,5647387.0,5547867.0,5547867.0,0.02216513
1780007400,5547867.0,5547867.0,5547867.0,5547867.0,0.0
1780008300,5547867.0,5547867.0,5547867.0,5547867.0,0.0
1780009200,5547867.0,5547867.0,5547867.0,5547867.0,0.0
1780010100,5647387.0,5647387.0,5647387.0,5647387.0,0.00176347
1780011000,5647387.0,5647387.0,5647387.0,5647387.0,0.01138668
1780011900,5547867.0,5547867.0,5547867.0,5547867.0,0.00375925
1780012800,5547867.0,5547867.0,5547867.0,5547867.0,0.0
1780013700,5547900.0,5547900.0,5547900.0,5547900.0,0.00262357
1780014600,5547900.0,5547900.0,5547867.0,5547867.0,0.01572288
1780015500,5547867.0,5547867.0,5547867.0,5547867.0,0.0
1780016400,5547867.0,5547867.0,5547867.0,5547867.0,0.00857178
1780017300,5547867.0,5547867.0,5547867.0,5547867.0,0.0
1780018200,5547867.0,5547867.0,5547867.0,5547867.0,0.019
1780019100,5547867.0,5547867.0,5547867.0,5547867.0,0.00448596
1780020000,5547867.0,5547867.0,5547867.0,5547867.0,0.0
1780020900,5547867.0,5547867.0,5547867.0,5547867.0,0.0
1780021800,5635818.0,5635818.0,5635818.0,5635818.0,0.00182653
1780022700,5635818.0,5635818.0,5635818.0,5635818.0,0.0
1780023600,5635818.0,5635818.0,5635818.0,5635818.0,0.0
1780024500,5644881.0,5644881.0,5547870.0,5547870.0,0.10199295
1780025400,5547870.0,5547870.0,5547870.0,5547870.0,0.0
1780026300,5547870.0,5547870.0,5547870.0,5547870.0,0.0
1780027200,5547870.0,5647386.0,5547870.0,5647386.0,0.00495545
1780028100,5647386.0,5647386.0,5547870.0,5647386.0,0.02201552
1780029000,5647386.0,5647387.0,5547870.0,5547870.0,0.02549369
1780029900,5547870.0,5547870.0,5547870.0,5547870.0,0.0
1780030800,5547870.0,5547870.0,5547870.0,5547870.0,0.0
1780031700,5647383.0,5647384.0,5647383.0,5647384.0,0.02510596
1780032600,5647384.0,5647384.0,5547871.0,5547871.0,0.07582634
1780033500,5547871.0,5647000.0,5547871.0,5647000.0,0.0106651
1780034400,5647000.0,5647000.0,5647000.0,5647000.0,0.0
1780035300,5642421.0,5642421.0,5642421.0,5642421.0,0.00270433
1780036200,5547871.0,5647000.0,5547871.0,5647000.0,0.09026327
1780037100,5647000.0,5647000.0,5647000.0,5647000.0,0.0
1780038000,5647000.0,5647000.0,5647000.0,5647000.0,0.00793713
1780038900,5647000.0,5647000.0,5547871.0,5646999.0,0.02376256
1780039800,5547872.0,5547872.0,5547872.0,5547872.0,0.00325315
1780040700,5547872.0,5547872.0,5547872.0,5547872.0,0.00270433
1780041600,5547872.0,5547872.0,5547872.0,5547872.0,0.0
1780042500,5547872.0,5547872.0,5547872.0,5547872.0,0.0
1780043400,5547872.0,5547872.0,5547872.0,5547872.0,0.0
1780044300,5547872.0,5547872.0,5547872.0,5547872.0,0.0
1780045200,5547875.0,5547875.0,5547875.0,5547875.0,0.00536673
1780046100,5547880.0,5547880.0,5547875.0,5547875.0,0.01562502
1780047000,5547875.0,5547875.0,5547875.0,5547875.0,0.0
1780047900,5547875.0,5547875.0,5547875.0,5547875.0,0.0
1780048800,5547875.0,5547875.0,5547875.0,5547875.0,0.0
1780049700,5646021.0,5646899.0,5548000.0,5548000.0,0.05970979
1780050600,5548000.0,5548000.0,5548000.0,5548000.0,0.0
1780051500,5548000.0,5548000.0,5548000.0,5548000.0,0.0
1780052400,5548000.0,5548000.0,5548000.0,5548000.0,0.0
1780053300,5548000.0,5548000.0,5548000.0,5548000.0,0.0
1780054200,5548000.0,5548000.0,5548000.0,5548000.0,0.0
1780055100,5548000.0,5548000.0,5548000.0,5548000.0,0.0
1780056000,5548000.0,5548000.0,5548000.0,5548000.0,0.0
1780056900,5548000.0,5548000.0,5548000.0,5548000.0,0.0
1780057800,5633425.0,5633425.0,5633425.0,5633425.0,0.17780373
1780058700,5548000.0,5646899.0,5548000.0,5548000.0,0.02594079
1780059600,5548000.0,5548000.0,5548000.0,5548000.0,0.0
1780060500,5548000.0,5548000.0,5548000.0,5548000.0,0.05967691
1780061400,5646899.0,5646899.0,5646899.0,5646899.0,0.00176362
1780062300,5646899.0,5646899.0,5646899.0,5646899.0,0.0
1780063200,5646899.0,5646899.0,5646899.0,5646899.0,0.03534293
1780064100,5646899.0,5646899.0,5646899.0,5646899.0,0.00176362
1780065000,5646899.0,5646899.0,5646899.0,5646899.0,0.00819865
1780065900,5646899.0,5646899.0,5646899.0,5646899.0,0.0
1780066800,5646899.0,5646899.0,5571180.0,5571180.0,0.01358117
1780067700,5571180.0,5571180.0,5571180.0,5571180.0,0.0
1780068600,5570000.0,5570000.0,5570000.0,5570000.0,0.00348586
1780069500,5570000.0,5570000.0,5570000.0,5570000.0,0.6423343
1780070400,5570000.0,5570000.0,5570000.0,5570000.0,0.0
1780071300,5631323.0,5631600.0,5631323.0,5631600.0,0.07233163
1780072200,5635617.0,5635617.0,5635617.0,5635617.0,0.00176715
1780073100,5634471.0,5634471.0,5570000.0,5570000.0,0.05655364
1780074000,5570000.0,5629776.0,5570000.0,5629776.0,0.01662694
1780074900,5570000.0,5646899.0,5570000.0,5646899.0,0.00702724
1780075800,5646899.0,5646899.0,5646899.0,5646899.0,0.0
1780076700,5604836.0,5604836.0,5604836.0,5604836.0,0.00177685
1780077600,5646899.0,5646899.0,5646899.0,5646899.0,0.00209849
1780078500,5646899.0,5646899.0,5646899.0,5646899.0,0.0
1780079400,5570000.0,5570000.0,5570000.0,5570000.0,0.00236904
1780080300,5621755.0,5621755.0,5621755.0,5621755.0,0.02217937
1780081200,5570000.0,5570000.0,5570000.0,5570000.0,0.05688659
1780082100,5570000.0,5570000.0,5570000.0,5570000.0,0.0
1780083000,5570000.0,5570000.0,5570000.0,5570000.0,0.0
1780083900,5640718.0,5640718.0,5640718.0,5640718.0,0.8842626
1780084800,5639308.0,5639308.0,5639308.0,5639308.0,0.00911477
1780085700,5570000.0,5570000.0,5570000.0,5570000.0,0.05600305
1780086600,5570000.0,5570000.0,5570000.0,5570000.0,0.01824292
1780087500,5570000.0,5570000.0,5570000.0,5570000.0,0.0
1780088400,5570000.0,5570000.0,5570000.0,5570000.0,0.10725582
1780089300,5632534.0,5632534.0,5632534.0,5632534.0,0.00265209
1780090200,5630731.0,5630731.0,5630731.0,5630731.0,0.19920077
1780091100,5630731.0,5630731.0,5630731.0,5630731.0,0.0
1780092000,5630731.0,5630731.0,5630731.0,5630731.0,0.0
1780092900,5636322.0,5636322.0,5636322.0,5636322.0,0.04173341
1780093800,5636322.0,5636322.0,5636322.0,5636322.0,0.0
1780094700,5570000.0,5633797.0,5570000.0,5570000.0,0.07015093
1780095600,5570000.0,5570000.0,5570000.0,5570000.0,0.0
1780096500,5570000.0,5570000.0,5570000.0,5570000.0,0.0
1780097400,5570000.0,5570000.0,5570000.0,5570000.0,0.00393535
1780098300,5634519.0,5634519.0,5570000.0,5570000.0,0.0469149
1780099200,5570000.0,5570000.0,5570000.0,5570000.0,0.00393536
1780100100,5570000.0,5570000.0,5570000.0,5570000.0,0.0
1780101000,5634519.0,5634519.0,5570000.0,5570000.0,0.13197349
1780101900,5646898.0,5734338.0,5646898.0,5734338.0,0.8752382
1780102800,5734338.0,5734338.0,5734338.0,5734338.0,0.0
1780103700,5628025.0,5628025.0,5628025.0,5628025.0,0.00707814
1780104600,5628025.0,5628025.0,5628025.0,5628025.0,0.0
1780105500,5628025.0,5634338.0,5570005.0,5570005.0,0.1865709
1780106400,5570005.0,5570005.0,5570005.0,5570005.0,0.01077972
1780107300,5570005.0,5570005.0,5570005.0,5570005.0,0.0
1780108200,5570005.0,5570005.0,5570005.0,5570005.0,0.0
1780109100,5570005.0,5570005.0,5570005.0,5570005.0,0.0
1780110000,5570005.0,5570005.0,5570005.0,5570005.0,0.0
1780110900,5570005.0,5570005.0,5570005.0,5570005.0,0.0
1780111800,5632354.0,5632354.0,5632354.0,5632354.0,0.01296793
1780112700,5632354.0,5632354.0,5632354.0,5632354.0,0.0
1780113600,5570020.0,5570020.0,5570020.0,5570020.0,0.00361291
1780114500,5570020.0,5634519.0,5570020.0,5570020.0,0.05236491
1780115400,5570020.0,5570020.0,5570020.0,5570020.0,0.0
1780116300,5570020.0,5570020.0,5570020.0,5570020.0,0.0
1780117200,5639028.0,5639028.0,5570020.0,5570020.0,0.00371543
1780118100,5570020.0,5570020.0,5570020.0,5570020.0,0.0
1780119000,5570040.0,5570040.0,5570040.0,5570040.0,0.00314952
1780119900,5638667.0,5638667.0,5638667.0,5638667.0,0.04432466
1780120800,5641373.0,5641373.0,5641373.0,5641373.0,0.0089246
1780121700,5641373.0,5641373.0,5641373.0,5641373.0,0.0
1780122600,5641373.0,5641373.0,5641373.0,5641373.0,0.0
1780123500,5641373.0,5641373.0,5641373.0,5641373.0,0.0
1780124400,5734337.0,5734337.0,5734337.0,5734337.0,0.00173673
1780125300,5570040.0,5570040.0,5570040.0,5570040.0,0.01802311
1780126200,5570040.0,5570040.0,5570040.0,5570040.0,0.0
1780127100,5570040.0,5570040.0,5570040.0,5570040.0,0.0
1780128000,5642816.0,5642816.0,5570040.0,5570040.0,0.19771627
1780128900,5641373.0,5641373.0,5641373.0,5641373.0,0.00635519
1780129800,5641373.0,5641373.0,5641373.0,5641373.0,0.00612368
1780130700,5641373.0,5641373.0,5641373.0,5641373.0,0.0
1780131600,5641373.0,5641373.0,5641373.0,5641373.0,0.0
1780132500,5641373.0,5641373.0,5641373.0,5641373.0,0.0
1780133400,5644620.0,5665183.0,5570040.0,5570040.0,0.0600642
1780134300,5665183.0,5665183.0,5665183.0,5665183.0,0.00593714
1780135200,5652557.0,5652557.0,5652557.0,5652557.0,0.00263314
1780136100,5570040.0,5646063.0,5570040.0,5646063.0,0.01205489
1780137000,5570040.0,5663740.0,5570040.0,5663740.0,0.10918758
1780137900,5570040.0,5663740.0,5570040.0,5663740.0,0.00400282
1780138800,5700000.0,5700000.0,5700000.0,5700000.0,0.01805491
1780139700,5650031.0,5650031.0,5570040.0,5570040.0,0.04062295
1780140600,5570040.0,5570040.0,5570040.0,5570040.0,0.0
1780141500,5570040.0,5570040.0,5570040.0,5570040.0,0.0
1780142400,5570040.0,5570040.0,5570040.0,5570040.0,0.0
1780143300,5570040.0,5570040.0,5570040.0,5570040.0,0.0
1780144200,5650031.0,5650031.0,5650031.0,5650031.0,0.01854556
1780145100,5650031.0,5650031.0,5570000.0,5650031.0,0.33418751
1780146000,5650031.0,5650031.0,5570000.0,5570000.0,0.01201964
1780146900,5650031.0,5650031.0,5650031.0,5650031.0,0.02659046
1780147800,5650030.0,5650030.0,5650030.0,5650030.0,0.01236312
1780148700,5650030.0,5650030.0,5650030.0,5650030.0,0.02459667
1780149600,5650030.0,5650030.0,5570000.0,5570000.0,0.04627357
1780150500,5570000.0,5570000.0,5570000.0,5570000.0,0.00698016
1780151400,5650030.0,5650030.0,5650030.0,5650030.0,0.00241485
1780152300,5650029.0,5650029.0,5570000.0,5570000.0,0.00465625
1780153200,5650029.0,5650029.0,5650029.0,5650029.0,0.00188937
1780154100,5570000.0,5570000.0,5570000.0,5570000.0,0.01150803
1780155000,5570000.0,5570000.0,5570000.0,5570000.0,0.0
1780155900,5570000.0,5570000.0,5570000.0,5570000.0,0.0
1780156800,5570000.0,5570000.0,5570000.0,5570000.0,0.0
1780157700,5650029.0,5650029.0,5631993.0,5631993.0,0.02583081
1780158600,5631993.0,5631993.0,5631993.0,5631993.0,0.0
1780159500,5570000.0,5570000.0,5570000.0,5570000.0,0.02781788
1780160400,5570000.0,5570000.0,5570000.0,5570000.0,0.0
1780161300,5570000.0,5570000.0,5570000.0,5570000.0,0.0
1780162200,5570000.0,5570000.0,5570000.0,5570000.0,0.0
1780163100,5570000.0,5570000.0,5570000.0,5570000.0,0.0
1780164000,5570000.0,5570000.0,5570000.0,5570000.0,0.0
1780164900,5570000.0,5570000.0,5570000.0,5570000.0,0.00422116
1780165800,5642996.0,5642996.0,5642996.0,5642996.0,0.01735372
1780166700,5650029.0,5650029.0,5650029.0,5650029.0,0.00216105
1780167600,5642996.0,5642996.0,5642996.0,5642996.0,0.00176484
1780168500,5642996.0,5642996.0,5642996.0,5642996.0,0.00647138
1780169400,5642996.0,5642996.0,5642996.0,5642996.0,0.01361723
1780170300,5642996.0,5642996.0,5642996.0,5642996.0,0.0
1780171200,5642996.0,5642996.0,5642996.0,5642996.0,0.0
1780172100,5642996.0,5642996.0,5642996.0,5642996.0,0.0
1780173000,5642996.0,5642996.0,5642996.0,5642996.0,0.0
1780173900,5642996.0,5642996.0,5642996.0,5642996.0,0.0
1780174800,5642996.0,5642996.0,5642996.0,5642996.0,0.0
1780175700,5642996.0,5642996.0,5642996.0,5642996.0,0.0
1780176600,5642996.0,5642996.0,5642996.0,5642996.0,0.0
1780177500,5650029.0,5650029.0,5650029.0,5650029.0,0.01070578
1780178400,5650029.0,5650029.0,5650029.0,5650029.0,0.0
1780179300,5650029.0,5650029.0,5650029.0,5650029.0,0.0
1780180200,5650029.0,5650029.0,5650029.0,5650029.0,0.0
1780181100,5650029.0,5650029.0,5650029.0,5650029.0,0.00526174
1780182000,5650029.0,5650029.0,5650029.0,5650029.0,0.0
1780182900,5650029.0,5650029.0,5650029.0,5650029.0,0.0
1780183800,5648769.0,5648769.0,5648769.0,5648769.0,0.00186642
1780184700,5648769.0,5648769.0,5648769.0,5648769.0,0.0
1780185600,5648769.0,5648769.0,5648769.0,5648769.0,0.0
1780186500,5650028.0,5650029.0,5570000.0,5570000.0,0.04852329
1780187400,5570000.0,5570000.0,5570000.0,5570000.0,0.0
1780188300,5650028.0,5650028.0,5650028.0,5650028.0,0.00441537
1780189200,5650028.0,5650028.0,5650028.0,5650028.0,0.0
1780190100,5650028.0,5650028.0,5650028.0,5650028.0,0.00412882
1780191000,5570000.0,5570000.0,5570000.0,5570000.0,0.03829479
1780191900,5650028.0,5650029.0,5570000.0,5570000.0,0.05985491
1780192800,5650029.0,5650029.0,5650029.0,5650029.0,0.06519399
1780193700,5650029.0,5650029.0,5650028.0,5650028.0,0.01234984
1780194600,5650028.0,5650029.0,5650028.0,5650029.0,0.0064058
1780195500,5650029.0,5650029.0,5650029.0,5650029.0,0.0
1780196400,5570001.0,5570001.0,5570001.0,5570001.0,0.0105872
1780197300,5650029.0,5650029.0,5650029.0,5650029.0,0.00178583
1780198200,5637044.0,5637044.0,5637044.0,5637044.0,0.00442554
1780199100,5637044.0,5650029.0,5637044.0,5650029.0,0.46933589
1780200000,5650029.0,5650029.0,5650029.0,5650029.0,0.0
1780200900,5650029.0,5650029.0,5646063.0,5650029.0,0.09934999
1780201800,5646063.0,5646063.0,5646063.0,5646063.0,0.01255493
1780202700,5647145.0,5647145.0,5647145.0,5647145.0,0.00350991
1780203600,5647145.0,5650028.0,5647145.0,5650028.0,0.09103365
1780204500,5570008.0,5650030.0,5570008.0,5650030.0,0.59242634
1780205400,5650030.0,5650030.0,5650030.0,5650030.0,0.0
1780206300,5650030.0,5650030.0,5650030.0,5650030.0,0.0
1780207200,5649990.0,5649990.0,5570008.0,5570008.0,0.03558539
1780208100,5570008.0,5649990.0,5570008.0,5649990.0,0.01237109
1780209000,5570008.0,5570008.0,5570000.0,5570000.0,0.34394
1780209900,5570000.0,5570000.0,5570000.0,5570000.0,0.0
1780210800,5649900.0,5649900.0,5570008.0,5570008.0,0.04520984
1780211700,5570008.0,5649896.0,5570008.0,5649896.0,0.00409152
1780212600,5649896.0,5649896.0,5649896.0,5649896.0,0.0
1780213500,5649896.0,5649896.0,5570008.0,5570008.0,0.02435508
1780214400,5570008.0,5570008.0,5570008.0,5570008.0,0.0299409
1780215300,5570008.0,5570008.0,5570008.0,5570008.0,0.0
1780216200,5570008.0,5570008.0,5570008.0,5570008.0,0.0
1780217100,5570008.0,5570008.0,5570008.0,5570008.0,0.0
1780218000,5570008.0,5570008.0,5570008.0,5570008.0,0.0
1780218900,5570008.0,5570008.0,5570008.0,5570008.0,0.0
1780219800,5570008.0,5570008.0,5570008.0,5570008.0,0.0
1780220700,5570008.0,5570008.0,5570008.0,5570008.0,0.0
1780221600,5570008.0,5570008.0,5570008.0,5570008.0,0.0
1780222500,5642636.0,5642636.0,5642636.0,5642636.0,0.00586268
1780223400,5642636.0,5642636.0,5642636.0,5642636.0,0.0
1780224300,5642636.0,5642636.0,5642636.0,5642636.0,0.0
1780225200,5642636.0,5642636.0,5642636.0,5642636.0,0.0
1780226100,5640471.0,5640471.0,5640471.0,5640471.0,0.03589522
1780227000,5570015.0,5570015.0,5570015.0,5570015.0,0.01236312
1780227900,5570015.0,5570015.0,5570015.0,5570015.0,0.0
1780228800,5570015.0,5570015.0,5570015.0,5570015.0,0.0
1780229700,5570015.0,5570015.0,5570015.0,5570015.0,0.0
1780230600,5570015.0,5570015.0,5570015.0,5570015.0,0.00379429
1780231500,5570015.0,5570015.0,5570015.0,5570015.0,0.0
1780232400,5570015.0,5570015.0,5570015.0,5570015.0,0.0
1780233300,5643718.0,5643718.0,5570015.0,5570015.0,0.02610724
1780234200,5570015.0,5570015.0,5570015.0,5570015.0,0.0
1780235100,5643718.0,5643718.0,5643718.0,5643718.0,0.00876124
1780236000,5643718.0,5643718.0,5643718.0,5643718.0,0.0
1780236900,5643718.0,5643718.0,5643718.0,5643718.0,0.0
1780237800,5643718.0,5643718.0,5643718.0,5643718.0,0.0
1780238700,5643718.0,5643718.0,5643718.0,5643718.0,0.0
1780239600,5643712.0,5643712.0,5643712.0,5643712.0,0.0021174
1780240500,5643712.0,5643712.0,5643712.0,5643712.0,0.00377906
1780241400,5643712.0,5643712.0,5643712.0,5643712.0,0.0506826
1780242300,5643712.0,5643712.0,5643712.0,5643712.0,0.00333326
1780243200,5643712.0,5643712.0,5643712.0,5643712.0,0.0
1780244100,5643712.0,5663379.0,5643712.0,5663379.0,1.06301292
1780245000,5640832.0,5640832.0,5640832.0,5640832.0,0.00602198
1780245900,5645161.0,5645161.0,5645161.0,5645161.0,0.0233917
1780246800,5645161.0,5645161.0,5645161.0,5645161.0,0.0
1780247700,5645161.0,5645161.0,5645161.0,5645161.0,0.0
1780248600,5570015.0,5570015.0,5547866.0,5547866.0,1.06301292
1780249500,5650572.0,5650572.0,5650572.0,5650572.0,0.00176247
1780250400,5650572.0,5650572.0,5650572.0,5650572.0,0.0
1780251300,5650572.0,5650572.0,5650572.0,5650572.0,0.0
1780252200,5650572.0,5650572.0,5650572.0,5650572.0,0.0
1780253100,5642816.0,5642816.0,5642816.0,5642816.0,0.01768425
1780254000,5642816.0,5642816.0,5642816.0,5642816.0,0.00385605
1780254900,5642816.0,5642816.0,5642816.0,5642816.0,0.0019235
1780255800,5642816.0,5672218.0,5547866.0,5672218.0,0.04845547
1780256700,5672218.0,5672218.0,5672218.0,5672218.0,0.0
1780257600,5672218.0,5672218.0,5672218.0,5672218.0,0.0
1780258500,5672218.0,5672218.0,5672218.0,5672218.0,0.0
1780259400,5547866.0,5547866.0,5547866.0,5547866.0,0.00326828
1780260300,5547866.0,5547866.0,5547866.0,5547866.0,0.0
1780261200,5547866.0,5547866.0,5547866.0,5547866.0,0.0
1780262100,5547866.0,5547866.0,5547866.0,5547866.0,0.0
1780263000,5662658.0,5662658.0,5662658.0,5662658.0,0.00881105
1780263900,5630189.0,5630189.0,5630189.0,5630189.0,0.01826119
1780264800,5630189.0,5630189.0,5630189.0,5630189.0,0.0
1780265700,5630189.0,5630189.0,5630189.0,5630189.0,0.0
1780266600,5630189.0,5630189.0,5630189.0,5630189.0,0.0
1780267500,5630189.0,5630189.0,5630189.0,5630189.0,0.0
1780268400,5662137.0,5662927.0,5662137.0,5662927.0,0.01953486
1780269300,5547866.0,5547866.0,5534400.0,5534400.0,0.25691896
1780270200,5641538.0,5641538.0,5641538.0,5641538.0,0.00442202
1780271100,5641538.0,5641538.0,5641538.0,5641538.0,0.0
1780272000,5518300.0,5518300.0,5518300.0,5518300.0,0.04438275
1780272900,5699874.0,5699874.0,5699874.0,5699874.0,0.00437676
1780273800,5647883.0,5647883.0,5647883.0,5647883.0,0.00254148
1780274700,5647883.0,5647883.0,5647883.0,5647883.0,0.0
1780275600,5699874.0,5725000.0,5699874.0,5725000.0,0.00873671
1780276500,5518300.0,5636631.0,5517296.0,5630706.0,0.06177771
1780277400,5631077.0,5631077.0,5631077.0,5631077.0,0.00176857
1780278300,5631077.0,5631077.0,5631077.0,5631077.0,0.0
1780279200,5622774.0,5622774.0,5622774.0,5622774.0,0.01774728
1780280100,5520006.0,5633243.0,5520006.0,5633243.0,0.03502879
1780281000,5633243.0,5633243.0,5633243.0,5633243.0,0.0
1780281900,5633243.0,5633243.0,5633243.0,5633243.0,0.0
1780282800,5610998.0,5610998.0,5610998.0,5610998.0,0.00887453
1780283700,5610998.0,5610998.0,5610998.0,5610998.0,0.0
1780284600,5610998.0,5610998.0,5610998.0,5610998.0,0.0
1780285500,5610998.0,5610998.0,5610998.0,5610998.0,0.0
1780286400,5610998.0,5610998.0,5610998.0,5610998.0,0.0
1780287300,5632870.0,5632870.0,5632225.0,5632225.0,0.03617167
1780288200,5632225.0,5632225.0,5632225.0,5632225.0,0.0
1780289100,5632225.0,5632225.0,5632225.0,5632225.0,0.0
1780290000,5632225.0,5632225.0,5632225.0,5632225.0,0.0
1780290900,5632225.0,5632225.0,5632225.0,5632225.0,0.0
1780291800,5632225.0,5632225.0,5632225.0,5632225.0,0.0
1780292700,5632225.0,5632225.0,5632225.0,5632225.0,0.0
1780293600,5595065.0,5595065.0,5595065.0,5595065.0,0.0674602
1780294500,5520010.0,5520010.0,5520010.0,5520010.0,0.0053015
1780295400,5600645.0,5600818.0,5586045.0,5586045.0,0.01099631
1780296300,5586045.0,5586045.0,5586045.0,5586045.0,0.0
1780297200,5521500.0,5521500.0,5521500.0,5521500.0,0.03129151
1780298100,5521500.0,5521500.0,5521500.0,5521500.0,0.0
1780299000,5599256.0,5599256.0,5599256.0,5599256.0,0.01628055
1780299900,5598959.0,5598959.0,5598959.0,5598959.0,0.11952763
1780300800,5734336.0,5734336.0,5734336.0,5734336.0,0.00173673
1780301700,5604696.0,5604696.0,5604696.0,5604696.0,0.0017769
1780302600,5606332.0,5606332.0,5606332.0,5606332.0,0.08830015
1780303500,5606332.0,5606332.0,5606332.0,5606332.0,0.0
1780304400,5633079.0,5633079.0,5521500.0,5521500.0,0.03767748
1780305300,5521500.0,5521500.0,5521500.0,5521500.0,0.0
1780306200,5521500.0,5521500.0,5521500.0,5521500.0,0.0
1780307100,5521500.0,5521500.0,5521500.0,5521500.0,0.0
1780308000,5618539.0,5618539.0,5521500.0,5521500.0,0.10727487
1780308900,5521500.0,5521500.0,5521500.0,5521500.0,0.0
1780309800,5521500.0,5521500.0,5521500.0,5521500.0,0.01105364
1780310700,5521500.0,5521500.0,5521500.0,5521500.0,0.0
1780311600,5734336.0,5734337.0,5521500.0,5617976.0,0.05793989
1780312500,5617976.0,5617976.0,5521500.0,5617523.0,0.04016128
1780313400,5610212.0,5610212.0,5610212.0,5610212.0,0.00177515
1780314300,5610212.0,5610212.0,5610212.0,5610212.0,0.0
1780315200,5610212.0,5610212.0,5610212.0,5610212.0,0.0
1780316100,5609612.0,5609612.0,5521500.0,5521500.0,0.01650665
1780317000,5521500.0,5521500.0,5521500.0,5521500.0,0.0
1780317900,5521500.0,5521500.0,5521500.0,5521500.0,0.00823281
1780318800,5521500.0,5521500.0,5521500.0,5521500.0,0.0
1780319700,5521500.0,5521500.0,5521500.0,5521500.0,0.00339727
1780320600,5521500.0,5521500.0,5521500.0,5521500.0,0.0
1780321500,5521500.0,5617976.0,5521500.0,5617976.0,0.09793368
1780322400,5606155.0,5606155.0,5606155.0,5606155.0,0.17799953
1780323300,5612367.0,5612367.0,5612367.0,5612367.0,0.00177447
1780324200,5734337.0,5734337.0,5521500.0,5567892.0,0.11460971
1780325100,5521500.0,5521500.0,5489903.0,5489903.0,2.00182431
1780326000,5489903.0,5489903.0,5489903.0,5489903.0,0.0
1780326900,5489903.0,5489903.0,5489903.0,5489903.0,0.0
1780327800,5562055.0,5562055.0,5562055.0,5562055.0,0.1750736
1780328700,5562055.0,5562055.0,5562055.0,5562055.0,0.0
1780329600,5553035.0,5553035.0,5553035.0,5553035.0,0.17934426
1780330500,5540408.0,5540408.0,5540408.0,5540408.0,0.00295194
1780331400,5489903.0,5489903.0,5489903.0,5489903.0,0.01070578
1780332300,5489903.0,5489903.0,5489903.0,5489903.0,0.0
1780333200,5528245.0,5528245.0,5528245.0,5528245.0,0.01860644
1780334100,5528245.0,5528245.0,5528245.0,5528245.0,0.0
1780335000,5528245.0,5528245.0,5528245.0,5528245.0,0.0
1780335900,5560931.0,5560931.0,5560931.0,5560931.0,0.01049878
1780336800,5560931.0,5560931.0,5560931.0,5560931.0,0.0
1780337700,5560931.0,5600759.0,5560931.0,5600759.0,0.00892825
1780338600,5600759.0,5600759.0,5489903.0,5489903.0,0.00569205
1780339500,5489903.0,5489903.0,5489903.0,5489903.0,0.0
1780340400,5567251.0,5567251.0,5567251.0,5567251.0,0.0035777
1780341300,5568460.0,5568460.0,5563330.0,5563330.0,0.01208037
1780342200,5563330.0,5563330.0,5563330.0,5563330.0,0.0
1780343100,5563330.0,5563330.0,5563330.0,5563330.0,0.0
1780344000,5563330.0,5563330.0,5563330.0,5563330.0,0.0
1780344900,5563330.0,5563330.0,5563330.0,5563330.0,0.0
1780345800,5563330.0,5563330.0,5563330.0,5563330.0,0.0
1780346700,5557790.0,5557790.0,5557790.0,5557790.0,0.00358379
1780347600,5557790.0,5557790.0,5557790.0,5557790.0,0.0
1780348500,5557790.0,5557790.0,5557790.0,5557790.0,0.0
1780349400,5556316.0,5556316.0,5556316.0,5556316.0,0.00197181
1780350300,5556316.0,5556316.0,5556316.0,5556316.0,0.0
1780351200,5556316.0,5556316.0,5556316.0,5556316.0,0.0
1780352100,5556316.0,5556316.0,5556316.0,5556316.0,0.0
1780353000,5489903.0,5489903.0,5489903.0,5489903.0,0.01909085
1780353900,5489903.0,5489903.0,5489903.0,5489903.0,0.0
1780354800,5489903.0,5489903.0,5489903.0,5489903.0,0.0
1780355700,5489903.0,5489903.0,5489903.0,5489903.0,0.02614366
1780356600,5489903.0,5489903.0,5475000.0,5475000.0,0.1750736
1780357500,5475000.0,5475000.0,5475000.0,5475000.0,0.0
1780358400,5538307.0,5541569.0,5538307.0,5541569.0,0.05396102
1780359300,5540986.0,5540986.0,5540986.0,5540986.0,0.00359466
1780360200,5475000.0,5527164.0,5410784.0,5410784.0,0.41482597
1780361100,5410784.0,5410784.0,5410784.0,5410784.0,0.0
1780362000,5410784.0,5410784.0,5410784.0,5410784.0,0.0
1780362900,5532237.0,5532237.0,5532237.0,5532237.0,0.01378972
1780363800,5532237.0,5532237.0,5532237.0,5532237.0,0.0
1780364700,5532237.0,5532237.0,5532237.0,5532237.0,0.0
1780365600,5532237.0,5532237.0,5532237.0,5532237.0,0.0
1780366500,5532237.0,5532237.0,5532237.0,5532237.0,0.0
1780367400,5532237.0,5532237.0,5532237.0,5532237.0,0.0
1780368300,5535192.0,5535192.0,5535192.0,5535192.0,0.17866299
1780369200,5417946.0,5543626.0,5417946.0,5543626.0,0.18611771
1780370100,5543626.0,5543626.0,5543626.0,5543626.0,0.0
1780371000,5539058.0,5539058.0,5417393.0,5417393.0,0.01748746
1780371900,5542486.0,5546041.0,5542486.0,5546041.0,0.1238254
1780372800,5544811.0,5544811.0,5544811.0,5544811.0,0.08800895
1780373700,5418923.0,5418923.0,5418923.0,5418923.0,0.00492375
1780374600,5545990.0,5545990.0,5412879.0,5412879.0,0.27694709
1780375500,5413821.0,5527364.0,5413821.0,5527364.0,0.00453907
1780376400,5527364.0,5527364.0,5527364.0,5527364.0,0.0
1780377300,5527364.0,5527364.0,5527364.0,5527364.0,0.0
1780378200,5527364.0,5527364.0,5527364.0,5527364.0,0.0
1780379100,5524494.0,5524494.0,5524494.0,5524494.0,0.18432258
1780380000,5413831.0,5413831.0,5413831.0,5413831.0,0.00369774
1780380900,5413833.0,5413833.0,5413833.0,5413833.0,0.2629436
1780381800,5413841.0,5413841.0,5413841.0,5413841.0,0.00582952
1780382700,5413841.0,5413841.0,5413841.0,5413841.0,0.0
1780383600,5425719.0,5528761.0,5425719.0,5528761.0,0.06586996
1780384500,5528761.0,5528761.0,5528761.0,5528761.0,0.0
1780385400,5435197.0,5435197.0,5435092.0,5435092.0,0.33257506
1780386300,5555277.0,5555277.0,5555277.0,5555277.0,0.02689064
1780387200,5555277.0,5555277.0,5555277.0,5555277.0,0.0
1780388100,5555277.0,5555277.0,5555277.0,5555277.0,0.0
1780389000,5540288.0,5540288.0,5540285.0,5540285.0,0.01400973
1780389900,5540283.0,5540283.0,5540283.0,5540283.0,0.00368121
1780390800,5540275.0,5540275.0,5540275.0,5540275.0,0.00345091
1780391700,5540275.0,5540275.0,5540275.0,5540275.0,0.0
1780392600,5445045.0,5445045.0,5445045.0,5445045.0,0.00265896
1780393500,5533254.0,5533254.0,5533249.0,5533249.0,0.03028021
1780394400,5533249.0,5533249.0,5533249.0,5533249.0,0.0
1780395300,5445615.0,5445615.0,5445615.0,5445615.0,0.01021052
1780396200,5445615.0,5445615.0,5445615.0,5445615.0,0.0
1780397100,5538834.0,5538834.0,5445615.0,5445615.0,0.01719842
1780398000,5445615.0,5445615.0,5445615.0,5445615.0,0.0
1780398900,5445615.0,5445615.0,5445615.0,5445615.0,0.0
1780399800,5534147.0,5534147.0,5534142.0,5534142.0,0.00482477
1780400700,5532167.0,5532167.0,5532167.0,5532167.0,0.03098604
1780401600,5530655.0,5530655.0,5530655.0,5530655.0,0.00818311
1780402500,5530655.0,5530655.0,5530655.0,5530655.0,0.0
1780403400,5533432.0,5533433.0,5533432.0,5533433.0,0.01225983
1780404300,5445625.0,5445630.0,5445625.0,5445630.0,0.06897904
1780405200,5445619.0,5445619.0,5445619.0,5445619.0,0.00265896
1780406100,5445619.0,5530760.0,5445619.0,5530760.0,0.07747606
1780407000,5533428.0,5540289.0,5533428.0,5540289.0,0.23882115
1780407900,5478788.0,5478788.0,5478788.0,5478788.0,0.03739184
1780408800,5540285.0,5540285.0,5540285.0,5540285.0,0.02252194
1780409700,5492927.0,5492927.0,5492927.0,5492927.0,0.00227779
1780410600,5540289.0,5540289.0,5540289.0,5540289.0,0.01535099
1780411500,5500006.0,5540289.0,5500006.0,5540289.0,0.02928485
1780412400,5500463.0,5540289.0,5500463.0,5518881.0,0.09300358
1780413300,5529627.0,5540289.0,5509271.0,5536143.0,0.11032779
1780414200,5533667.0,5533667.0,5533667.0,5533667.0,0.05452954
1780415100,5538749.0,5540289.0,5538749.0,5540289.0,1.48464807
1780416000,5603207.0,5666083.0,5543147.0,5666083.0,0.01492584
1780416900,5725000.0,5725000.0,5660769.0,5660769.0,0.00975085
1780417800,5660769.0,5660769.0,5536159.0,5536159.0,0.18840813
1780418700,5536162.0,5656506.0,5534505.0,5656506.0,0.95076952
1780419600,5570624.0,5689822.0,5570624.0,5689822.0,0.00585708
1780420500,5699362.0,5699362.0,5699362.0,5699362.0,0.00657722
1780421400,5572356.0,5572356.0,5572356.0,5572356.0,0.0044521
1780422300,5713593.0,5713593.0,5582584.0,5708916.0,0.4623163
1780423200,5704052.0,5704052.0,5704052.0,5704052.0,0.00174595
1780424100,5576184.0,5696229.0,5576184.0,5696197.0,0.36528555
1780425000,5696197.0,5696197.0,5696197.0,5696197.0,0.0
1780425900,5571970.0,5571970.0,5571970.0,5571970.0,0.00315775
1780426800,5571970.0,5571970.0,5571970.0,5571970.0,0.0
1780427700,5571970.0,5571970.0,5571970.0,5571970.0,0.0
1780428600,5695939.0,5695939.0,5695939.0,5695939.0,0.00604167
1780429500,5695939.0,5695939.0,5695939.0,5695939.0,0.0
1780430400,5693227.0,5694804.0,5693227.0,5694804.0,0.01306871
1780431300,5583753.0,5583753.0,5583752.0,5583752.0,0.00432236
1780432200,5583752.0,5583752.0,5583752.0,5583752.0,0.0
1780433100,5583811.0,5583811.0,5583811.0,5583811.0,0.00604167
1780434000,5583811.0,5583811.0,5583811.0,5583811.0,0.0
1780434900,5695939.0,5695939.0,5695939.0,5695939.0,0.08596247
1780435800,5695939.0,5695939.0,5695939.0,5695939.0,0.0
1780436700,5633345.0,5695940.0,5633345.0,5695940.0,0.01704773
1780437600,5695939.0,5706490.0,5695939.0,5706490.0,0.18328153
1780438500,5706493.0,5706493.0,5583826.0,5583826.0,0.01356289
1780439400,5706470.0,5706470.0,5583833.0,5583833.0,0.01972963
1780440300,5583833.0,5583833.0,5583833.0,5583833.0,0.0
1780441200,5583833.0,5583833.0,5583833.0,5583833.0,0.04494544
1780442100,5583833.0,5583833.0,5583821.0,5583824.0,0.01506503
1780443000,5583833.0,5583833.0,5583833.0,5583833.0,0.15841238
1780443900,5583833.0,5583833.0,5583833.0,5583833.0,0.0
1780444800,5583833.0,5583833.0,5583833.0,5583833.0,0.0
1780445700,5583833.0,5583833.0,5583833.0,5583833.0,0.0
1780446600,5698000.0,5698000.0,5698000.0,5698000.0,0.00349561
1780447500,5586874.0,5706268.0,5586874.0,5706268.0,0.35974586
1780448400,5706268.0,5706268.0,5706268.0,5706268.0,0.0
1780449300,5707095.0,5707095.0,5707095.0,5707095.0,0.00682448
1780450200,5708824.0,5708824.0,5708824.0,5708824.0,0.01215066
1780451100,5665954.0,5734338.0,5665954.0,5734338.0,0.8646614
1780452000,5586961.0,5586961.0,5586961.0,5586961.0,0.00682448
1780452900,5715899.0,5715899.0,5715899.0,5715899.0,0.0017425
1780453800,5635560.0,5635560.0,5635560.0,5635560.0,0.01770702
1780454700,5635560.0,5635560.0,5635560.0,5635560.0,0.0
1780455600,5700000.0,5700000.0,5590797.0,5590797.0,0.02406373
1780456500,5591015.0,5720434.0,5591015.0,5591015.0,0.00940607
1780457400,5591015.0,5591015.0,5591015.0,5591015.0,0.0
1780458300,5720642.0,5720642.0,5720642.0,5720642.0,0.00213385
1780459200,5720642.0,5720642.0,5720642.0,5720642.0,0.0
1780460100,5720642.0,5720642.0,5720642.0,5720642.0,0.0
1780461000,5720642.0,5720642.0,5720642.0,5720642.0,0.0
1780461900,5635601.0,5635601.0,5635601.0,5635601.0,0.00178543
1780462800,5635601.0,5635601.0,5635601.0,5635601.0,0.05133525
1780463700,5635600.0,5635600.0,5635600.0,5635600.0,0.00906816
1780464600,5635601.0,5635601.0,5635601.0,5635601.0,0.1460413
1780465500,5635601.0,5635601.0,5635601.0,5635601.0,0.00608301
1780466400,5635601.0,5635601.0,5635601.0,5635601.0,0.0
1780467300,5635601.0,5635601.0,5635601.0,5635601.0,0.08745127
1780468200,5734338.0,5734338.0,5721262.0,5721262.0,0.00687213
1780469100,5721262.0,5721262.0,5721262.0,5721262.0,0.0
1780470000,5635605.0,5726497.0,5635605.0,5726497.0,0.0074923
1780470900,5726497.0,5726497.0,5726497.0,5726497.0,0.0
1780471800,5635606.0,5635606.0,5635606.0,5635606.0,0.01960126
1780472700,5722004.0,5722004.0,5722004.0,5722004.0,0.00290649
1780473600,5635605.0,5635605.0,5635605.0,5635605.0,0.0592997
1780474500,5635605.0,5635605.0,5635605.0,5635605.0,0.00968459
1780475400,5635606.0,5730633.0,5635606.0,5730633.0,0.02719633
1780476300,5635651.0,5635651.0,5609898.0,5609898.0,1.09927287
1780477200,5724889.0,5724889.0,5721744.0,5721744.0,0.03928741
1780478100,5606933.0,5716118.0,5606932.0,5716118.0,0.14095148
1780479000,5734337.0,5734337.0,5734337.0,5734337.0,0.00829005
1780479900,5734337.0,5734337.0,5734337.0,5734337.0,0.0
1780480800,5734336.0,5734336.0,5607811.0,5734159.0,0.05157152
1780481700,5734299.0,5734299.0,5734298.0,5734298.0,0.00767311
1780482600,5734298.0,5734298.0,5734298.0,5734298.0,0.0
1780483500,5734298.0,5734298.0,5734298.0,5734298.0,0.0
1780484400,5711526.0,5711526.0,5711526.0,5711526.0,0.13660727
1780485300,5711526.0,5711526.0,5711526.0,5711526.0,0.0
1780486200,5711526.0,5711526.0,5711526.0,5711526.0,0.0
1780487100,5711526.0,5711526.0,5711526.0,5711526.0,0.0
1780488000,5712000.0,5720089.0,5712000.0,5712000.0,0.17858725
1780488900,5712000.0,5712000.0,5712000.0,5712000.0,0.0031117
1780489800,5721387.0,5721387.0,5718258.0,5718258.0,0.04046896
1780490700,5717744.0,5719814.0,5712000.0,5719814.0,0.01792735
1780491600,5719814.0,5724238.0,5719814.0,5724238.0,0.8489419
1780492500,5712000.0,5720041.0,5712000.0,5720041.0,0.02627204
1780493400,5734338.0,5734338.0,5734338.0,5734338.0,0.02576234
1780494300,5644617.0,5734338.0,5644617.0,5734338.0,0.06793664
1780495200,5734338.0,5734338.0,5734338.0,5734338.0,0.00173673
1780496100,5734338.0,5734338.0,5734338.0,5734338.0,0.00389513
1780497000,5644640.0,5723165.0,5644640.0,5723165.0,0.0042658
1780497900,5698230.0,5734338.0,5698230.0,5734338.0,0.04371137
1780498800,5676065.0,5676065.0,5676065.0,5676065.0,0.17243965
1780499700,5609075.0,5609075.0,5609075.0,5609075.0,0.0563038
1780500600,5609075.0,5609075.0,5609075.0,5609075.0,0.00339666
1780501500,5609075.0,5675490.0,5609075.0,5675490.0,0.00624655
1780502400,5675490.0,5675490.0,5675490.0,5675490.0,0.0
1780503300,5675490.0,5675490.0,5675490.0,5675490.0,0.0
1780504200,5641076.0,5647272.0,5641076.0,5647272.0,0.02130603
1780505100,5652449.0,5652449.0,5652449.0,5652449.0,0.00405222
1780506000,5652449.0,5652449.0,5652449.0,5652449.0,0.0
1780506900,5652449.0,5652449.0,5652449.0,5652449.0,0.0
1780507800,5638294.0,5638294.0,5638294.0,5638294.0,0.03507975
1780508700,5638294.0,5638294.0,5638294.0,5638294.0,0.0
1780509600,5609075.0,5609075.0,5609075.0,5609075.0,0.00375632
1780510500,5609075.0,5609075.0,5609075.0,5609075.0,0.0
1780511400,5609075.0,5609075.0,5609075.0,5609075.0,0.0
1780512300,5644513.0,5644513.0,5609075.0,5609075.0,0.02364459
1780513200,5609075.0,5609075.0,5609075.0,5609075.0,0.0
1780514100,5609075.0,5609075.0,5609075.0,5609075.0,0.0
1780515000,5664945.0,5664945.0,5664945.0,5664945.0,0.01761517
1780515900,5659623.0,5659623.0,5659623.0,5659623.0,0.00302688
1780516800,5630957.0,5630957.0,5609075.0,5609075.0,0.07665757
1780517700,5609075.0,5609075.0,5609075.0,5609075.0,0.33984184
1780518600,5659760.0,5660094.0,5659760.0,5660094.0,0.00992167
1780519500,5673628.0,5673628.0,5673628.0,5673628.0,0.00335481
1780520400,5673628.0,5673628.0,5673628.0,5673628.0,0.0
1780521300,5673628.0,5673628.0,5673628.0,5673628.0,0.0
1780522200,5673628.0,5673628.0,5673628.0,5673628.0,0.0
1780523100,5673628.0,5673628.0,5673628.0,5673628.0,0.0
1780524000,5607075.0,5712407.0,5607075.0,5712407.0,0.1048432
1780524900,5711046.0,5711046.0,5711046.0,5711046.0,0.00871906
1780525800,5607075.0,5607075.0,5594454.0,5594454.0,0.07053873
1780526700,5594454.0,5594454.0,5594454.0,5594454.0,0.0
1780527600,5608766.0,5608766.0,5608766.0,5608766.0,0.0048411
1780528500,5732920.0,5734338.0,5605665.0,5605665.0,0.01926357
1780529400,5607089.0,5607089.0,5607089.0,5607089.0,0.002605
1780530300,5607089.0,5607089.0,5607089.0,5607089.0,0.0
1780531200,5608578.0,5727040.0,5608578.0,5727040.0,0.01584699
1780532100,5727040.0,5727040.0,5727040.0,5727040.0,0.0
1780533000,5727040.0,5727040.0,5727040.0,5727040.0,0.0
1780533900,5723083.0,5734338.0,5723083.0,5734338.0,0.33972585
1780534800,5726776.0,5726776.0,5726776.0,5726776.0,0.00467523
1780535700,5726776.0,5726776.0,5726776.0,5726776.0,0.0
1780536600,5734338.0,5734338.0,5730338.0,5730338.0,0.01735647
1780537500,5613184.0,5613184.0,5583821.0,5583821.0,1.46520375
1780538400,5615946.0,5615946.0,5615946.0,5615946.0,0.07182352
1780539300,5611960.0,5611960.0,5611960.0,5611960.0,0.00184088
1780540200,5614781.0,5614781.0,5614463.0,5614463.0,0.49865995
1780541100,5663348.0,5714989.0,5663348.0,5714989.0,0.08356525
1780542000,5664690.0,5730338.0,5664690.0,5730338.0,0.88766605
1780542900,5730338.0,5749180.0,5730338.0,5749180.0,0.09203902
1780543800,5748174.0,5752189.0,5748174.0,5752189.0,0.36548576
1780544700,5752189.0,5752189.0,5752189.0,5752189.0,0.0
1780545600,5754658.0,5755175.0,5754658.0,5755175.0,0.03710546
1780546500,5624639.0,5624639.0,5624639.0,5624639.0,0.00490337
1780547400,5666424.0,5666424.0,5627106.0,5627106.0,0.02623571
1780548300,5627106.0,5627106.0,5627106.0,5627106.0,0.0
1780549200,5627106.0,5627106.0,5627106.0,5627106.0,0.0
1780550100,5640549.0,5646812.0,5640549.0,5640575.0,0.02215505
1780551000,5643949.0,5756343.0,5622235.0,5726833.0,0.03123684
1780551900,5726808.0,5728850.0,5726808.0,5728850.0,0.06256744
1780552800,5622235.0,5622235.0,5622235.0,5622235.0,0.0175224
1780553700,5634584.0,5724891.0,5634584.0,5724891.0,0.00882606
1780554600,5622235.0,5622235.0,5622235.0,5622235.0,0.0027847
1780555500,5622235.0,5622235.0,5622235.0,5622235.0,0.0
1780556400,5622239.0,5622239.0,5622239.0,5622239.0,0.00362139
1780557300,5727086.0,5727086.0,5727086.0,5727086.0,0.00260865
1780558200,5727086.0,5727086.0,5727086.0,5727086.0,0.0
1780559100,5628872.0,5630801.0,5622235.0,5630801.0,0.127761
1780560000,5727086.0,5830000.0,5727086.0,5830000.0,0.15392579
1780560900,5830000.0,5830000.0,5830000.0,5830000.0,0.0
1780561800,5830000.0,5830000.0,5830000.0,5830000.0,0.0
1780562700,5622349.0,5622349.0,5622349.0,5622349.0,0.09261043
1780563600,5721849.0,5721849.0,5622236.0,5622236.0,0.09167073
1780564500,5622236.0,5622236.0,5622236.0,5622236.0,0.0
1780565400,5622745.0,5622745.0,5622745.0,5622745.0,0.04432466
1780566300,5623105.0,5623105.0,5622264.0,5622264.0,0.01297149
1780567200,5721726.0,5721726.0,5721726.0,5721726.0,0.00627939
1780568100,5622410.0,5622410.0,5622410.0,5622410.0,0.04298121
1780569000,5622410.0,5622410.0,5622409.0,5622409.0,0.04061175
1780569900,5622465.0,5720182.0,5622465.0,5720182.0,0.09605227
1780570800,5720217.0,5720222.0,5720217.0,5720222.0,0.01283516
1780571700,5622563.0,5622570.0,5622559.0,5622570.0,0.01669496
1780572600,5622697.0,5622701.0,5622697.0,5622697.0,0.01284708
1780573500,5622697.0,5622697.0,5622697.0,5622697.0,0.0
1780574400,5622927.0,5622927.0,5622927.0,5622927.0,0.00333923
1780575300,5622927.0,5622927.0,5622927.0,5622927.0,0.0
1780576200,5622927.0,5622927.0,5622927.0,5622927.0,0.0
1780577100,5622927.0,5622927.0,5622927.0,5622927.0,0.0
1780578000,5717414.0,5717415.0,5717414.0,5717415.0,0.06351192
1780578900,5717392.0,5717392.0,5622990.0,5622990.0,0.00520881
1780579800,5622986.0,5622986.0,5622986.0,5622986.0,0.00302688
1780580700,5684732.0,5706122.0,5622980.0,5706122.0,0.00917269
1780581600,5622980.0,5622980.0,5622980.0,5622980.0,0.00329222
1780582500,5686756.0,5686756.0,5686756.0,5686756.0,0.0041994
1780583400,5622980.0,5622980.0,5622980.0,5622980.0,0.01388721
1780584300,5667929.0,5667929.0,5665196.0,5665197.0,0.28139261
1780585200,5670383.0,5670383.0,5670383.0,5670383.0,0.00789452
1780586100,5670383.0,5670383.0,5670383.0,5670383.0,0.0
1780587000,5622980.0,5670097.0,5622980.0,5670097.0,0.01762801
1780587900,5670097.0,5670097.0,5670097.0,5670097.0,0.0
1780588800,5622980.0,5622980.0,5622980.0,5622980.0,0.00268416
1780589700,5670383.0,5670387.0,5670383.0,5670387.0,0.06169809
1780590600,5670387.0,5670387.0,5670387.0,5670387.0,0.0
1780591500,5622980.0,5670387.0,5622980.0,5670387.0,0.02890947
1780592400,5670387.0,5692556.0,5670387.0,5687187.0,0.013877
1780593300,5688324.0,5688324.0,5622980.0,5622980.0,0.03560063
1780594200,5622980.0,5622980.0,5622980.0,5622980.0,0.00895508
1780595100,5702483.0,5702483.0,5701850.0,5701850.0,0.07337117
1780596000,5701850.0,5701850.0,5701850.0,5701850.0,0.0
1780596900,5701850.0,5701850.0,5701850.0,5701850.0,0.0
1780597800,5710055.0,5710055.0,5710055.0,5710055.0,0.00322326
1780598700,5710055.0,5710055.0,5710055.0,5710055.0,0.0
1780599600,5697850.0,5697850.0,5697850.0,5697850.0,0.00508419
1780600500,5830000.0,5830000.0,5705799.0,5705799.0,0.0235124
1780601400,5704682.0,5704682.0,5704682.0,5704682.0,0.0026238
1780602300,5704682.0,5704682.0,5704682.0,5704682.0,0.0
1780603200,5704682.0,5704682.0,5704682.0,5704682.0,0.0
1780604100,5622980.0,5622980.0,5622980.0,5622980.0,0.00627939
1780605000,5622980.0,5622980.0,5622980.0,5622980.0,0.0
1780605900,5622980.0,5622980.0,5622980.0,5622980.0,0.0
1780606800,5622980.0,5622980.0,5622980.0,5622980.0,0.02283136
1780607700,5622980.0,5622980.0,5622980.0,5622980.0,0.0
1780608600,5622980.0,5622980.0,5622980.0,5622980.0,0.0
1780609500,5622980.0,5622980.0,5622980.0,5622980.0,0.0
1780610400,5622980.0,5622980.0,5622980.0,5622980.0,0.0
1780611300,5622980.0,5622980.0,5622980.0,5622980.0,0.0
1780612200,5622980.0,5622980.0,5622980.0,5622980.0,0.0
1780613100,5694440.0,5694440.0,5694440.0,5694440.0,0.00876188
1780614000,5694440.0,5694440.0,5694440.0,5694440.0,0.0
1780614900,5830000.0,5830000.0,5830000.0,5830000.0,0.00219965
1780615800,5695851.0,5695851.0,5695851.0,5695851.0,0.00216034
1780616700,5693633.0,5693633.0,5693633.0,5693633.0,0.01073146
1780617600,5693633.0,5693633.0,5693633.0,5693633.0,0.0
1780618500,5622980.0,5622980.0,5622980.0,5622980.0,0.00331494
1780619400,5622980.0,5622980.0,5622980.0,5622980.0,0.0
1780620300,5622980.0,5622980.0,5622980.0,5622980.0,0.04748407
1780621200,5622980.0,5622980.0,5622980.0,5622980.0,0.0
1780622100,5622980.0,5622980.0,5622980.0,5622980.0,0.0
1780623000,5622980.0,5622980.0,5622980.0,5622980.0,0.0
1780623900,5622980.0,5622980.0,5622980.0,5622980.0,0.00876101
1780624800,5622980.0,5622980.0,5622980.0,5622980.0,0.0
1780625700,5622980.0,5622980.0,5622980.0,5622980.0,0.0
1780626600,5693633.0,5830310.0,5622980.0,5622980.0,0.10811981
1780627500,5622980.0,5622980.0,5622980.0,5622980.0,0.0
1780628400,5830310.0,5830310.0,5693195.0,5693195.0,0.02084014
1780629300,5693195.0,5693195.0,5693195.0,5693195.0,0.0
1780630200,5693195.0,5693195.0,5693195.0,5693195.0,0.0
1780631100,5693195.0,5693195.0,5693195.0,5693195.0,0.0
1780632000,5624000.0,5698691.0,5624000.0,5698691.0,0.00947612
1780632900,5698691.0,5698691.0,5698691.0,5698691.0,0.0
1780633800,5698852.0,5698852.0,5698852.0,5698852.0,0.02483254
1780634700,5698852.0,5698852.0,5698852.0,5698852.0,0.0
1780635600,5698852.0,5698852.0,5698852.0,5698852.0,0.0
1780636500,5698852.0,5698852.0,5698852.0,5698852.0,0.0
1780637400,5684576.0,5684576.0,5684576.0,5684576.0,0.00195054
1780638300,5628470.0,5628470.0,5624000.0,5624000.0,0.01766167
1780639200,5684550.0,5684550.0,5684550.0,5684550.0,0.00177445
1780640100,5624000.0,5624000.0,5622234.0,5622234.0,0.37453406
1780641000,5622234.0,5622234.0,5622234.0,5622234.0,0.02483254
1780641900,5622234.0,5622234.0,5622234.0,5622234.0,0.0
1780642800,5622234.0,5622234.0,5622234.0,5622234.0,0.0
1780643700,5683312.0,5683312.0,5683293.0,5683293.0,0.01401859
1780644600,5683293.0,5683293.0,5683293.0,5683293.0,0.0
1780645500,5677477.0,5677477.0,5677477.0,5677477.0,0.00263109
1780646400,5677477.0,5677477.0,5677477.0,5677477.0,0.0
1780647300,5677477.0,5677477.0,5677477.0,5677477.0,0.0
1780648200,5677477.0,5677477.0,5677477.0,5677477.0,0.0
1780649100,5682189.0,5682189.0,5630000.0,5630000.0,0.00436131
1780650000,5630000.0,5630000.0,5630000.0,5630000.0,0.0
1780650900,5683343.0,5683343.0,5683343.0,5683343.0,0.00315888
1780651800,5630000.0,5683458.0,5630000.0,5683458.0,0.16268718
1780652700,5683458.0,5683458.0,5683458.0,5683458.0,0.00175227
1780653600,5683458.0,5710020.0,5683458.0,5710020.0,0.15257043
1780654500,5710020.0,5710020.0,5710020.0,5710020.0,0.0
1780655400,5691434.0,5691434.0,5630000.0,5630000.0,0.02472984
1780656300,5630000.0,5630000.0,5630000.0,5630000.0,0.06937625
1780657200,5690722.0,5690722.0,5690722.0,5690722.0,0.00498067
1780658100,5703439.0,5703439.0,5696719.0,5696719.0,0.0428151
1780659000,5708635.0,5708635.0,5708635.0,5708635.0,0.00522681
1780659900,5630000.0,5630000.0,5630000.0,5630000.0,0.01400931
1780660800,5700551.0,5700551.0,5700551.0,5700551.0,0.00341142
1780661700,5708999.0,5708999.0,5630000.0,5708999.0,0.0405167
1780662600,5708999.0,5708999.0,5708999.0,5708999.0,0.00174443
1780663500,5708999.0,5708999.0,5708999.0,5708999.0,0.0018949
1780664400,5708999.0,5708999.0,5708999.0,5708999.0,0.0
1780665300,5708999.0,5708999.0,5708999.0,5708999.0,0.0
1780666200,5708999.0,5709000.0,5653166.0,5653166.0,0.06592615
1780667100,5657073.0,5657073.0,5657073.0,5657073.0,0.18432258
1780668000,5657073.0,5657073.0,5657073.0,5657073.0,0.0
1780668900,5659719.0,5659719.0,5659719.0,5659719.0,0.01102781
1780669800,5646453.0,5662827.0,5646453.0,5662827.0,0.01565289
1780670700,5709000.0,5759160.0,5708999.0,5759160.0,0.47255596
1780671600,5764563.0,5764563.0,5652067.0,5652067.0,0.18251424
1780672500,5652067.0,5652067.0,5652067.0,5652067.0,0.0
1780673400,5753937.0,5773077.0,5753937.0,5773077.0,0.01040741
1780674300,5645249.0,5756645.0,5645249.0,5756645.0,0.0308802
1780675200,5756645.0,5770165.0,5645394.0,5645394.0,0.52873414
1780676100,5645425.0,5645425.0,5645424.0,5645424.0,0.0291372
1780677000,5645425.0,5645425.0,5645425.0,5645425.0,0.18698783
1780677900,5645425.0,5645425.0,5645425.0,5645425.0,0.0
1780678800,5645425.0,5645425.0,5645425.0,5645425.0,0.0
1780679700,5645425.0,5645425.0,5645425.0,5645425.0,0.0
1780680600,5645425.0,5645425.0,5645425.0,5645425.0,0.0
1780681500,5645425.0,5645425.0,5645425.0,5645425.0,0.0
1780682400,5645425.0,5645425.0,5645425.0,5645425.0,0.0
1780683300,5645425.0,5645425.0,5645425.0,5645425.0,0.0
1780684200,5645425.0,5645425.0,5645425.0,5645425.0,0.0
1780685100,5645344.0,5645344.0,5645344.0,5645344.0,0.01768425
1780686000,5645344.0,5645344.0,5645254.0,5645254.0,0.13783186
1780686900,5643509.0,5643695.0,5630000.0,5630000.0,0.23722341
1780687800,5630000.0,5630000.0,5630000.0,5630000.0,0.0
1780688700,5667242.0,5667246.0,5630000.0,5630000.0,0.80259789
1780689600,5630000.0,5630000.0,5630000.0,5630000.0,0.0
1780690500,5630000.0,5630000.0,5630000.0,5630000.0,0.0
1780691400,5630000.0,5630000.0,5630000.0,5630000.0,0.0
1780692300,5630000.0,5630000.0,5630000.0,5630000.0,0.0
1780693200,5630000.0,5630000.0,5630000.0,5630000.0,0.0
1780694100,5630000.0,5630000.0,5630000.0,5630000.0,0.0
1780695000,5654757.0,5654757.0,5654757.0,5654757.0,0.01761172
1780695900,5654757.0,5654757.0,5654757.0,5654757.0,0.0
1780696800,5647617.0,5647617.0,5647617.0,5647617.0,0.00260091
1780697700,5648899.0,5648899.0,5648899.0,5648899.0,0.02729381
1780698600,5648899.0,5648899.0,5648899.0,5648899.0,0.0
1780699500,5648899.0,5648899.0,5648899.0,5648899.0,0.0
1780700400,5648899.0,5648899.0,5648899.0,5648899.0,0.0
1780701300,5622239.0,5622239.0,5622239.0,5622239.0,0.03513884
1780702200,5622239.0,5622239.0,5622239.0,5622239.0,0.0
1780703100,5622239.0,5622239.0,5622239.0,5622239.0,0.0
1780704000,5622239.0,5622239.0,5622239.0,5622239.0,0.0
1780704900,5622239.0,5622239.0,5622239.0,5622239.0,0.0
1780705800,5622239.0,5622239.0,5622239.0,5622239.0,0.0
1780706700,5636082.0,5636082.0,5515324.0,5515324.0,0.43347103
1780707600,5515324.0,5515324.0,5515324.0,5515324.0,0.0
1780708500,5515324.0,5515324.0,5515324.0,5515324.0,0.0
1780709400,5515324.0,5515324.0,5515324.0,5515324.0,0.0
1780710300,5623631.0,5640223.0,5623631.0,5640223.0,0.00970796
1780711200,5621067.0,5621067.0,5520718.0,5621067.0,0.02230501
1780712100,5586644.0,5586644.0,5586644.0,5586644.0,0.00178264
1780713000,5520718.0,5520718.0,5520718.0,5520718.0,0.0279452
1780713900,5520718.0,5520718.0,5520718.0,5520718.0,0.0
1780714800,5500070.0,5586348.0,5500070.0,5586348.0,0.06509893
1780715700,5586348.0,5586348.0,5586348.0,5586348.0,0.0
1780716600,5586348.0,5586348.0,5586348.0,5586348.0,0.0
1780717500,5586348.0,5586348.0,5586348.0,5586348.0,0.0
1780718400,5500054.0,5500054.0,5500054.0,5500054.0,0.0046785
1780719300,5500000.0,5500000.0,5500000.0,5500000.0,0.00405222
1780720200,5581700.0,5581700.0,5581700.0,5581700.0,0.00321156
1780721100,5581700.0,5581700.0,5581700.0,5581700.0,0.0
1780722000,5562841.0,5562841.0,5562841.0,5562841.0,0.00554986
1780722900,5572841.0,5572841.0,5500005.0,5500005.0,0.03430728
1780723800,5500010.0,5500010.0,5500010.0,5500010.0,0.22646161
1780724700,5572841.0,5572841.0,5500015.0,5500015.0,0.00535052
1780725600,5500015.0,5500015.0,5500015.0,5500015.0,0.0
1780726500,5500025.0,5500025.0,5500015.0,5500015.0,0.31372831
1780727400,5500015.0,5500015.0,5500015.0,5500015.0,0.0
1780728300,5500015.0,5500015.0,5500015.0,5500015.0,0.0
1780729200,5500015.0,5500015.0,5500015.0,5500015.0,0.0
1780730100,5500004.0,5500004.0,5500004.0,5500004.0,0.00350117
1780731000,5500004.0,5500004.0,5500004.0,5500004.0,0.02195434
1780731900,5500004.0,5500004.0,5500004.0,5500004.0,0.0
1780732800,5500004.0,5500004.0,5500000.0,5500000.0,0.07022942
1780733700,5500000.0,5500000.0,5500000.0,5500000.0,0.0
1780734600,5500000.0,5500000.0,5500000.0,5500000.0,0.0
1780735500,5500004.0,5500004.0,5500004.0,5500004.0,0.05081916
1780736400,5500010.0,5586644.0,5500009.0,5500009.0,0.19510832
1780737300,5500009.0,5500009.0,5500009.0,5500009.0,0.0
1780738200,5586644.0,5606602.0,5586644.0,5606602.0,0.08905322
1780739100,5606602.0,5606602.0,5606602.0,5606602.0,0.0
1780740000,5500009.0,5593779.0,5472200.0,5593779.0,0.15090377
1780740900,5593779.0,5593779.0,5593779.0,5593779.0,0.0
1780741800,5472045.0,5472045.0,5472044.0,5472044.0,0.0429816
1780742700,5472044.0,5472044.0,5472044.0,5472044.0,0.01048826
1780743600,5586597.0,5586597.0,5586597.0,5586597.0,0.00534797
1780744500,5586597.0,5586597.0,5586597.0,5586597.0,0.00178265
1780745400,5547858.0,5547858.0,5547858.0,5547858.0,0.00424255
1780746300,5547858.0,5547858.0,5547858.0,5547858.0,0.0
1780747200,5547858.0,5547858.0,5547858.0,5547858.0,0.0
1780748100,5547858.0,5547858.0,5547858.0,5547858.0,0.0
1780749000,5547858.0,5547858.0,5547858.0,5547858.0,0.0186886
1780749900,5595250.0,5620151.0,5595250.0,5620151.0,0.01308627
1780750800,5620151.0,5620151.0,5620151.0,5620151.0,0.0
1780751700,5547859.0,5547859.0,5547858.0,5547858.0,0.3306296
1780752600,5547858.0,5547858.0,5547858.0,5547858.0,0.0
1780753500,5547858.0,5547858.0,5547858.0,5547858.0,0.0
1780754400,5547858.0,5547858.0,5547858.0,5547858.0,0.0
1780755300,5547858.0,5547858.0,5547858.0,5547858.0,0.0
1780756200,5547858.0,5547858.0,5547858.0,5547858.0,0.0
1780757100,5547858.0,5547858.0,5547858.0,5547858.0,0.0
1780758000,5547858.0,5547858.0,5547858.0,5547858.0,0.0
1780758900,5547858.0,5547858.0,5484725.0,5484725.0,1.01154663
1780759800,5585852.0,5612274.0,5585852.0,5612274.0,0.07116063
1780760700,5612274.0,5612274.0,5612274.0,5612274.0,0.0
1780761600,5613683.0,5613683.0,5613683.0,5613683.0,0.03546067
1780762500,5613683.0,5613683.0,5613683.0,5613683.0,0.0
1780763400,5613724.0,5613724.0,5613724.0,5613724.0,0.01138317
1780764300,5501920.0,5501920.0,5501920.0,5501920.0,0.00332313
1780765200,5501925.0,5501925.0,5501925.0,5501925.0,0.01761172
1780766100,5501925.0,5501925.0,5501925.0,5501925.0,0.0
1780767000,5613724.0,5613724.0,5613724.0,5613724.0,0.00177404
1780767900,5613724.0,5613724.0,5613724.0,5613724.0,0.0
1780768800,5613724.0,5613724.0,5613724.0,5613724.0,0.0
1780769700,5613724.0,5613724.0,5613724.0,5613724.0,0.0
1780770600,5613724.0,5613724.0,5613724.0,5613724.0,0.0
1780771500,5500000.0,5500000.0,5500000.0,5500000.0,0.00392818
1780772400,5500000.0,5500000.0,5492614.0,5492614.0,0.00385605
1780773300,5492614.0,5492614.0,5492614.0,5492614.0,0.0
1780774200,5613704.0,5613704.0,5613704.0,5613704.0,0.00870726
1780775100,5613704.0,5613704.0,5613704.0,5613704.0,0.0
1780776000,5613715.0,5613715.0,5613715.0,5613715.0,0.00832817
1780776900,5508362.0,5508362.0,5508362.0,5508362.0,0.00506281
1780777800,5508362.0,5508362.0,5508362.0,5508362.0,0.0
1780778700,5508362.0,5508362.0,5508362.0,5508362.0,0.0
1780779600,5613711.0,5613711.0,5613711.0,5613711.0,0.00515345
1780780500,5613711.0,5613711.0,5613711.0,5613711.0,0.0
1780781400,5613711.0,5613711.0,5613711.0,5613711.0,0.01279866
1780782300,5613711.0,5613711.0,5613711.0,5613711.0,0.0
1780783200,5613711.0,5613711.0,5613711.0,5613711.0,0.0
1780784100,5613711.0,5613711.0,5613711.0,5613711.0,0.0
1780785000,5507133.0,5507133.0,5507133.0,5507133.0,0.01296793
1780785900,5507139.0,5507139.0,5507139.0,5507139.0,0.00477017
1780786800,5507139.0,5507139.0,5507139.0,5507139.0,0.0
1780787700,5507143.0,5507143.0,5507143.0,5507143.0,0.00509763
1780788600,5613701.0,5613701.0,5507143.0,5507143.0,0.12929468
1780789500,5507143.0,5507143.0,5507143.0,5507143.0,0.0
1780790400,5507143.0,5507143.0,5507143.0,5507143.0,0.0
1780791300,5507143.0,5507143.0,5507143.0,5507143.0,0.0
1780792200,5507143.0,5507143.0,5507143.0,5507143.0,0.0
1780793100,5508361.0,5508361.0,5508360.0,5508360.0,0.021825
1780794000,5613711.0,5613711.0,5613711.0,5613711.0,0.0027089
1780794900,5613711.0,5613711.0,5613711.0,5613711.0,0.0
1780795800,5613711.0,5613711.0,5613711.0,5613711.0,0.0
1780796700,5613711.0,5613711.0,5613711.0,5613711.0,0.01237915
1780797600,5507154.0,5628391.0,5507154.0,5628391.0,0.51875629
1780798500,5511388.0,5640293.0,5511388.0,5640293.0,0.50900134
1780799400,5693633.0,5693633.0,5693633.0,5693633.0,0.00359383
1780800300,5693633.0,5693633.0,5693633.0,5693633.0,0.0
1780801200,5640293.0,5640293.0,5640293.0,5640293.0,0.00882844
1780802100,5640293.0,5640293.0,5640293.0,5640293.0,0.0
1780803000,5640293.0,5640293.0,5640293.0,5640293.0,0.0
1780803900,5640293.0,5643035.0,5519267.0,5519267.0,0.06573969
1780804800,5519267.0,5519267.0,5519267.0,5519267.0,0.0
1780805700,5651279.0,5651279.0,5651279.0,5651279.0,0.00176225
1780806600,5528033.0,5528033.0,5528033.0,5528033.0,0.00544967
1780807500,5556840.0,5556840.0,5556839.0,5556839.0,0.00847987
1780808400,5556839.0,5556839.0,5556839.0,5556839.0,0.0
1780809300,5556839.0,5556839.0,5534993.0,5534993.0,0.00217591
1780810200,5534993.0,5534993.0,5534993.0,5534993.0,0.0
1780811100,5534993.0,5534993.0,5534993.0,5534993.0,0.0
1780812000,5556929.0,5556929.0,5556929.0,5556929.0,0.01237915
1780812900,5556929.0,5556929.0,5556929.0,5556929.0,0.0
1780813800,5556929.0,5657687.0,5556928.0,5657687.0,0.10775553
1780814700,5556928.0,5657687.0,5529104.0,5657687.0,0.00518178
1780815600,5657687.0,5657687.0,5657687.0,5657687.0,0.0
1780816500,5532146.0,5657608.0,5532145.0,5657608.0,0.0215778
1780817400,5657608.0,5657608.0,5657608.0,5657608.0,0.00352056
1780818300,5657608.0,5657608.0,5657133.0,5657133.0,0.00352071
1780819200,5657057.0,5657057.0,5657047.0,5657047.0,0.00564197
1780820100,5657608.0,5657608.0,5657608.0,5657608.0,0.00180659
1780821000,5654022.0,5654022.0,5654022.0,5654022.0,0.0017614
1780821900,5533224.0,5533224.0,5533223.0,5533223.0,0.04372563
1780822800,5533223.0,5533223.0,5533223.0,5533223.0,0.0
1780823700,5657608.0,5657608.0,5657608.0,5657608.0,0.06293843
1780824600,5657608.0,5657608.0,5657608.0,5657608.0,0.0
1780825500,5657608.0,5657608.0,5657608.0,5657608.0,0.0
1780826400,5528058.0,5528058.0,5528057.0,5528057.0,0.01933857
1780827300,5528053.0,5528053.0,5528053.0,5528053.0,0.00315888
1780828200,5528053.0,5528053.0,5528053.0,5528053.0,0.0
1780829100,5630574.0,5630574.0,5630574.0,5630574.0,0.00353747
1780830000,5528053.0,5633701.0,5507147.0,5509966.0,0.20285259
1780830900,5512823.0,5512823.0,5512823.0,5512823.0,0.04533559
1780831800,5621947.0,5621947.0,5621947.0,5621947.0,0.00270813
1780832700,5621947.0,5621947.0,5621947.0,5621947.0,0.0
1780833600,5621947.0,5621947.0,5621947.0,5621947.0,0.0
1780834500,5621947.0,5621947.0,5621947.0,5621947.0,0.0
1780835400,5621947.0,5621947.0,5621947.0,5621947.0,0.0
1780836300,5603478.0,5603478.0,5507148.0,5507148.0,0.004943
1780837200,5507148.0,5507148.0,5507148.0,5507148.0,0.0
1780838100,5507148.0,5507148.0,5507147.0,5507147.0,0.01710811
1780839000,5507147.0,5507147.0,5507147.0,5507147.0,0.0
1780839900,5507147.0,5507147.0,5481326.0,5481326.0,0.86466113
1780840800,5481326.0,5481326.0,5481326.0,5481326.0,0.0
1780841700,5600416.0,5600416.0,5600416.0,5600416.0,0.0088913
1780842600,5600416.0,5600416.0,5600416.0,5600416.0,0.0
1780843500,5600416.0,5600416.0,5600416.0,5600416.0,0.0
1780844400,5609406.0,5609407.0,5609406.0,5609407.0,0.00603628
1780845300,5609407.0,5609407.0,5609407.0,5609407.0,0.00790636
1780846200,5609407.0,5609407.0,5609407.0,5609407.0,0.00943147
1780847100,5609407.0,5609407.0,5609407.0,5609407.0,0.0
1780848000,5609407.0,5609407.0,5609407.0,5609407.0,0.0
1780848900,5528929.0,5528929.0,5504946.0,5504946.0,0.00790636
1780849800,5609407.0,5609407.0,5609407.0,5609407.0,0.01767067
1780850700,5609407.0,5609407.0,5609407.0,5609407.0,0.0
1780851600,5609407.0,5609407.0,5609407.0,5609407.0,0.0
1780852500,5609407.0,5609407.0,5609407.0,5609407.0,0.0
1780853400,5609407.0,5609407.0,5609407.0,5609407.0,0.00532623
1780854300,5609407.0,5609407.0,5609407.0,5609407.0,0.0
1780855200,5609407.0,5609407.0,5609407.0,5609407.0,0.0
1780856100,5609407.0,5609407.0,5609407.0,5609407.0,0.0
1780857000,5609407.0,5609407.0,5609407.0,5609407.0,0.0
1780857900,5609407.0,5609407.0,5609407.0,5609407.0,0.0
1780858800,5609407.0,5609407.0,5609407.0,5609407.0,0.0
1780859700,5609407.0,5609407.0,5609407.0,5609407.0,0.0
1780860600,5609407.0,5609407.0,5609407.0,5609407.0,0.0
1780861500,5609407.0,5609407.0,5609407.0,5609407.0,0.0
1780862400,5609407.0,5609407.0,5609407.0,5609407.0,0.0
1780863300,5503518.0,5503518.0,5503518.0,5503518.0,0.0018949
1780864200,5608246.0,5608246.0,5608246.0,5608246.0,0.00857023
1780865100,5608246.0,5608246.0,5608246.0,5608246.0,0.0
1780866000,5608246.0,5608246.0,5608246.0,5608246.0,0.0
1780866900,5608246.0,5608246.0,5608246.0,5608246.0,0.0
1780867800,5608246.0,5608246.0,5608246.0,5608246.0,0.0
1780868700,5608246.0,5608246.0,5608246.0,5608246.0,0.0
1780869600,5608246.0,5608246.0,5608246.0,5608246.0,0.0
1780870500,5608246.0,5608246.0,5608246.0,5608246.0,0.0
1780871400,5494064.0,5494064.0,5494064.0,5494064.0,0.00878148
1780872300,5494064.0,5494064.0,5494064.0,5494064.0,0.0
1780873200,5597836.0,5608442.0,5597836.0,5608442.0,0.01380333
1780874100,5486877.0,5486877.0,5486877.0,5486877.0,0.0203529
1780875000,5486877.0,5486877.0,5486877.0,5486877.0,0.0
1780875900,5487026.0,5598385.0,5487025.0,5598385.0,0.07930393
1780876800,5488768.0,5609407.0,5488768.0,5609407.0,0.03912911
1780877700,5609407.0,5609407.0,5609407.0,5609407.0,0.0
1780878600,5609407.0,5609407.0,5609407.0,5609407.0,0.0
1780879500,5609407.0,5609407.0,5609407.0,5609407.0,0.00265509
1780880400,5609407.0,5625545.0,5609407.0,5625545.0,0.83184546
1780881300,5625545.0,5625545.0,5625545.0,5625545.0,0.0
1780882200,5625545.0,5625545.0,5625545.0,5625545.0,0.0
1780883100,5625545.0,5625545.0,5625545.0,5625545.0,0.0
1780884000,5625545.0,5625545.0,5625545.0,5625545.0,0.0
1780884900,5658968.0,5663435.0,5658968.0,5663435.0,0.18500844
1780885800,5534639.0,5534639.0,5534639.0,5534639.0,0.00313017
1780886700,5534639.0,5534639.0,5534639.0,5534639.0,0.0
1780887600,5544741.0,5544741.0,5544741.0,5544741.0,0.02041933
1780888500,5666031.0,5666031.0,5666031.0,5666031.0,0.04042634
1780889400,5666026.0,5666026.0,5544750.0,5544750.0,0.10323221
1780890300,5544750.0,5544750.0,5544750.0,5544750.0,0.0
1780891200,5566772.0,5566772.0,5566772.0,5566772.0,0.00226499
1780892100,5668209.0,5671972.0,5668209.0,5671972.0,0.03512818
1780893000,5671972.0,5671972.0,5671972.0,5671972.0,0.0
1780893900,5668422.0,5668422.0,5668422.0,5668422.0,0.00370244
1780894800,5668422.0,5668422.0,5668422.0,5668422.0,0.0
1780895700,5665912.0,5665912.0,5665912.0,5665912.0,0.05273131
1780896600,5665912.0,5665912.0,5665912.0,5665912.0,0.0
1780897500,5558057.0,5558057.0,5558057.0,5558057.0,0.04626514
1780898400,5562221.0,5562221.0,5562221.0,5562221.0,0.00870726
1780899300,5665912.0,5665912.0,5665912.0,5665912.0,0.00492153
1780900200,5665912.0,5665912.0,5665912.0,5665912.0,0.0
1780901100,5665912.0,5665912.0,5665912.0,5665912.0,0.0
1780902000,5665912.0,5665912.0,5665912.0,5665912.0,0.0
1780902900,5562222.0,5562222.0,5562222.0,5562222.0,0.00492051
1780903800,5562222.0,5562222.0,5562222.0,5562222.0,0.0
1780904700,5687387.0,5687387.0,5687387.0,5687387.0,0.00840509
1780905600,5687387.0,5687387.0,5687387.0,5687387.0,0.0
1780906500,5586675.0,5586675.0,5586675.0,5586675.0,0.00198114
1780907400,5586675.0,5586675.0,5586675.0,5586675.0,0.0
1780908300,5586675.0,5586675.0,5562223.0,5562223.0,0.07998352
1780909200,5672810.0,5681641.0,5672810.0,5681641.0,0.01554883
1780910100,5683787.0,5683787.0,5683787.0,5683787.0,0.00969124
1780911000,5578001.0,5578001.0,5544741.0,5557028.0,1.2578171
1780911900,5557028.0,5557028.0,5557028.0,5557028.0,0.0
1780912800,5557028.0,5557028.0,5557028.0,5557028.0,0.0
1780913700,5557028.0,5557028.0,5557028.0,5557028.0,0.0
1780914600,5557028.0,5557028.0,5557028.0,5557028.0,0.0
1780915500,5668904.0,5668904.0,5544741.0,5544741.0,0.00809885
1780916400,5544741.0,5544741.0,5544741.0,5544741.0,0.0
1780917300,5666304.0,5666304.0,5544741.0,5544741.0,0.00525959
1780918200,5666304.0,5666304.0,5666304.0,5666304.0,0.00243933
1780919100,5666304.0,5666304.0,5666304.0,5666304.0,0.0
1780920000,5666304.0,5666304.0,5544740.0,5544740.0,0.07062422
1780920900,5666304.0,5666304.0,5544740.0,5544740.0,0.01247321
1780921800,5544740.0,5667809.0,5535234.0,5667809.0,0.06514208
1780922700,5540214.0,5664279.0,5540214.0,5664279.0,0.00571933
1780923600,5664279.0,5664279.0,5664279.0,5664279.0,0.0
1780924500,5539187.0,5658834.0,5530325.0,5658834.0,0.03424082
1780925400,5658834.0,5658834.0,5658834.0,5658834.0,0.003324
1780926300,5600889.0,5600889.0,5600889.0,5600889.0,0.01055454
1780927200,5600889.0,5600889.0,5600889.0,5600889.0,0.0
1780928100,5600889.0,5600889.0,5600889.0,5600889.0,0.0
1780929000,5630384.0,5630384.0,5630384.0,5630384.0,0.00200583
1780929900,5658834.0,5687106.0,5658834.0,5687106.0,0.22446215
1780930800,5687106.0,5687106.0,5687106.0,5687106.0,0.04699209
1780931700,5687106.0,5687106.0,5687106.0,5687106.0,0.0
1780932600,5666568.0,5666568.0,5648650.0,5648650.0,0.0060943
1780933500,5648650.0,5648650.0,5648650.0,5648650.0,0.0
1780934400,5687106.0,5693633.0,5687106.0,5693633.0,0.01724432
1780935300,5668189.0,5668189.0,5668189.0,5668189.0,0.01056285
1780936200,5668189.0,5668189.0,5668189.0,5668189.0,0.0
1780937100,5668189.0,5668189.0,5668189.0,5668189.0,0.0
1780938000,5642138.0,5642138.0,5630143.0,5630143.0,0.87008616
1780938900,5635212.0,5635212.0,5635212.0,5635212.0,0.33486244
1780939800,5693633.0,5693633.0,5693633.0,5693633.0,0.10233542
1780940700,5545000.0,5545000.0,5545000.0,5545000.0,0.02081695
1780941600,5665138.0,5665138.0,5545000.0,5545000.0,0.20887389
1780942500,5545000.0,5545000.0,5545000.0,5545000.0,0.0
1780943400,5545000.0,5545000.0,5545000.0,5545000.0,0.0
1780944300,5545000.0,5545000.0,5545000.0,5545000.0,0.0
1780945200,5545000.0,5545000.0,5545000.0,5545000.0,0.0
1780946100,5545000.0,5545000.0,5545000.0,5545000.0,0.0
1780947000,5545000.0,5545000.0,5545000.0,5545000.0,0.0
1780947900,5545000.0,5545000.0,5545000.0,5545000.0,0.0
1780948800,5545000.0,5545000.0,5545000.0,5545000.0,0.0
1780949700,5545000.0,5545000.0,5545000.0,5545000.0,0.0212889
1780950600,5545000.0,5545000.0,5545000.0,5545000.0,0.0
1780951500,5545000.0,5545000.0,5545000.0,5545000.0,0.0
1780952400,5545000.0,5545000.0,5545000.0,5545000.0,0.0
1780953300,5545000.0,5545000.0,5545000.0,5545000.0,0.0
1780954200,5545000.0,5545000.0,5545000.0,5545000.0,0.0
1780955100,5500000.0,5500000.0,5500000.0,5500000.0,0.02607239
1780956000,5500000.0,5500000.0,5486877.0,5486877.0,0.06318701
1780956900,5486877.0,5486877.0,5486877.0,5486877.0,0.0
1780957800,5484236.0,5517455.0,5484236.0,5517455.0,0.00630857
1780958700,5517455.0,5517455.0,5517455.0,5517455.0,0.0
1780959600,5539845.0,5539845.0,5539845.0,5539845.0,0.00213904
1780960500,5539845.0,5539845.0,5539845.0,5539845.0,0.0
1780961400,5472040.0,5554360.0,5472040.0,5554360.0,0.0124931
1780962300,5554360.0,5554360.0,5554360.0,5554360.0,0.0
1780963200,5554360.0,5554360.0,5554360.0,5554360.0,0.0
1780964100,5536312.0,5536312.0,5536312.0,5536312.0,0.0035977
1780965000,5536312.0,5536312.0,5536312.0,5536312.0,0.0
1780965900,5536312.0,5536312.0,5536312.0,5536312.0,0.0
1780966800,5536312.0,5536312.0,5536312.0,5536312.0,0.0
1780967700,5536312.0,5536312.0,5536312.0,5536312.0,0.0
1780968600,5472040.0,5472040.0,5205000.0,5205000.0,0.73407978
1780969500,5528661.0,5536761.0,5528661.0,5536761.0,0.01795543
1780970400,5547218.0,5547218.0,5547218.0,5547218.0,0.00400723
1780971300,5422999.0,5422999.0,5417930.0,5417930.0,0.01076888
1780972200,5422123.0,5422123.0,5422123.0,5422123.0,0.00400723
1780973100,5422123.0,5422123.0,5422123.0,5422123.0,0.0
1780974000,5543532.0,5543532.0,5543532.0,5543532.0,0.0017965
1780974900,5543532.0,5543532.0,5543532.0,5543532.0,0.0
1780975800,5543532.0,5543532.0,5543532.0,5543532.0,0.0
1780976700,5543532.0,5543532.0,5543532.0,5543532.0,0.0
1780977600,5543532.0,5543532.0,5543532.0,5543532.0,0.0
1780978500,5543532.0,5543532.0,5543532.0,5543532.0,0.0
1780979400,5543532.0,5543532.0,5543532.0,5543532.0,0.0
1780980300,5543532.0,5543532.0,5543532.0,5543532.0,0.0
1780981200,5543532.0,5543532.0,5543532.0,5543532.0,0.0
1780982100,5424235.0,5424235.0,5424235.0,5424235.0,0.00397921
1780983000,5424235.0,5424235.0,5424235.0,5424235.0,0.0
1780983900,5424181.0,5519819.0,5424181.0,5519819.0,2.24268641
1780984800,5519819.0,5519819.0,5519819.0,5519819.0,0.0
1780985700,5424177.0,5507220.0,5393869.0,5507220.0,0.09006134
1780986600,5507221.0,5507221.0,5507221.0,5507221.0,0.00180835
1780987500,5507221.0,5507221.0,5507221.0,5507221.0,0.0
1780988400,5507221.0,5507221.0,5507221.0,5507221.0,0.0
1780989300,5532871.0,5532871.0,5532871.0,5532871.0,0.00219578
1780990200,5532871.0,5532871.0,5532871.0,5532871.0,0.0
1780991100,5532871.0,5532871.0,5532871.0,5532871.0,0.0
1780992000,5503299.0,5503299.0,5503299.0,5503299.0,0.00224392
1780992900,5503299.0,5503299.0,5503299.0,5503299.0,0.0
1780993800,5370526.0,5370526.0,5370526.0,5370526.0,0.00219578
1780994700,5408087.0,5408087.0,5408087.0,5408087.0,0.00833402
1780995600,5408087.0,5408087.0,5408087.0,5408087.0,0.0
1780996500,5484356.0,5484356.0,5484356.0,5484356.0,0.00236053
1780997400,5474950.0,5478857.0,5370545.0,5370545.0,0.2980515
1780998300,5463567.0,5463567.0,5370559.0,5458846.0,0.03054662
1780999200,5448319.0,5450391.0,5448319.0,5450391.0,0.00516604
1781000100,5450391.0,5450391.0,5450391.0,5450391.0,0.0
1781001000,5450391.0,5450391.0,5450391.0,5450391.0,0.0
1781001900,5450391.0,5450391.0,5450391.0,5450391.0,0.0
1781002800,5450391.0,5450391.0,5450391.0,5450391.0,0.0
1781003700,5453512.0,5453512.0,5453512.0,5453512.0,0.00913081
1781004600,5453512.0,5453512.0,5453512.0,5453512.0,0.0
1781005500,5453512.0,5453512.0,5453512.0,5453512.0,0.0
1781006400,5453512.0,5453512.0,5453512.0,5453512.0,0.0
1781007300,5443278.0,5443278.0,5370526.0,5374999.0,0.85794583
1781008200,5374999.0,5374999.0,5374999.0,5374999.0,0.0
1781009100,5370530.0,5370530.0,5370530.0,5370530.0,0.00537861
1781010000,5466261.0,5466261.0,5466261.0,5466261.0,0.02171045
1781010900,5466261.0,5466261.0,5466261.0,5466261.0,0.00728761
1781011800,5466261.0,5466261.0,5466261.0,5466261.0,0.0
1781012700,5466261.0,5466261.0,5466261.0,5466261.0,0.0
1781013600,5392523.0,5392523.0,5392523.0,5392523.0,0.00184681
1781014500,5288073.0,5288073.0,5209860.0,5209860.0,0.01784215
1781015400,5323063.0,5323063.0,5323063.0,5323063.0,0.00187091
1781016300,5232178.0,5325135.0,5207048.0,5325135.0,0.4133126
1781017200,5325135.0,5325135.0,5325135.0,5325135.0,0.0
1781018100,5325135.0,5325135.0,5325135.0,5325135.0,0.0
1781019000,5264037.0,5264037.0,5264037.0,5264037.0,0.00764603
1781019900,5310273.0,5310273.0,5308207.0,5308207.0,0.02392585
1781020800,5264037.0,5264037.0,5264037.0,5264037.0,0.06910721
1781021700,5264037.0,5264037.0,5264037.0,5264037.0,0.0
1781022600,5264037.0,5264037.0,5264037.0,5264037.0,0.0
1781023500,5264037.0,5264037.0,5264037.0,5264037.0,0.0
1781024400,5268084.0,5268084.0,5268084.0,5268084.0,0.00189044
1781025300,5268084.0,5268084.0,5268084.0,5268084.0,0.0
1781026200,5268084.0,5268084.0,5268084.0,5268084.0,0.0
1781027100,5268084.0,5268084.0,5268084.0,5268084.0,0.0
1781028000,5268084.0,5268084.0,5268084.0,5268084.0,0.0
1781028900,5278184.0,5278184.0,5278184.0,5278184.0,0.00209636
1781029800,5278184.0,5278184.0,5278184.0,5278184.0,0.0
1781030700,5205001.0,5205001.0,5205001.0,5205001.0,0.00516604
1781031600,5205003.0,5205003.0,5205003.0,5205003.0,0.0461388
1781032500,5205004.0,5205004.0,5205004.0,5205004.0,0.0067723
1781033400,5205004.0,5205004.0,5205000.0,5205000.0,0.10354325
1781034300,5205000.0,5205000.0,5205000.0,5205000.0,0.0
1781035200,5205000.0,5205000.0,5205000.0,5205000.0,0.0
1781036100,5205000.0,5205000.0,5205000.0,5205000.0,0.02962037
1781037000,5205000.0,5205000.0,5205000.0,5205000.0,0.0
1781037900,5205000.0,5205000.0,5205000.0,5205000.0,0.0
1781038800,5205000.0,5205000.0,5205000.0,5205000.0,0.0
1781039700,5205000.0,5205000.0,5205000.0,5205000.0,0.0
1781040600,5205000.0,5205000.0,5205000.0,5205000.0,0.0
1781041500,5234196.0,5234196.0,5234196.0,5234196.0,0.00210156
1781042400,5234196.0,5234196.0,5234196.0,5234196.0,0.0
1781043300,5205005.0,5205005.0,5205004.0,5205004.0,0.04371299
1781044200,5205004.0,5205004.0,5205004.0,5205004.0,0.0
1781045100,5205004.0,5205004.0,5205004.0,5205004.0,0.0
1781046000,5205004.0,5205004.0,5205004.0,5205004.0,0.0
1781046900,5205004.0,5205004.0,5205004.0,5205004.0,0.0
1781047800,5205004.0,5205004.0,5205004.0,5205004.0,0.0
1781048700,5205004.0,5205004.0,5205004.0,5205004.0,0.0
1781049600,5205004.0,5205004.0,5205004.0,5205004.0,0.0
1781050500,5288462.0,5288462.0,5288462.0,5288462.0,0.00282463
1781051400,5288462.0,5288462.0,5288462.0,5288462.0,0.0
1781052300,5288462.0,5288462.0,5288462.0,5288462.0,0.0
1781053200,5257869.0,5285224.0,5257869.0,5285224.0,0.05663772
1781054100,5285224.0,5285224.0,5285224.0,5285224.0,0.0
1781055000,5289664.0,5289664.0,5289664.0,5289664.0,0.03765475
1781055900,5285380.0,5285380.0,5285380.0,5285380.0,0.00512451
1781056800,5285380.0,5285380.0,5285380.0,5285380.0,0.0
1781057700,5206000.0,5206000.0,5206000.0,5206000.0,0.00256225
1781058600,5206000.0,5206000.0,5206000.0,5206000.0,0.0
1781059500,5304295.0,5304295.0,5304295.0,5304295.0,0.07525147
1781060400,5206013.0,5206013.0,5206013.0,5206013.0,0.00477678
1781061300,5206013.0,5206013.0,5206013.0,5206013.0,0.0
1781062200,5322211.0,5322211.0,5322211.0,5322211.0,0.00371612
1781063100,5322211.0,5322211.0,5322211.0,5322211.0,0.0
1781064000,5322211.0,5322211.0,5322211.0,5322211.0,0.0
1781064900,5206086.0,5206101.0,5206086.0,5206101.0,0.01999644
1781065800,5206121.0,5322362.0,5206121.0,5322362.0,0.00925706
1781066700,5322362.0,5322362.0,5322362.0,5322362.0,0.0
1781067600,5322362.0,5322362.0,5322362.0,5322362.0,0.0
1781068500,5322883.0,5322883.0,5322883.0,5322883.0,0.00824459
1781069400,5322883.0,5322883.0,5322883.0,5322883.0,0.0
1781070300,5323742.0,5323742.0,5323742.0,5323742.0,0.00392881
1781071200,5323742.0,5323742.0,5323742.0,5323742.0,0.0
1781072100,5318830.0,5318830.0,5318830.0,5318830.0,0.01037088
1781073000,5737815.0,5737815.0,5737815.0,5737815.0,0.00173567
1781073900,5303194.0,5303194.0,5303194.0,5303194.0,0.00390915
1781074800,5302736.0,5302736.0,5302736.0,5302736.0,0.02070025
1781075700,5293551.0,5293551.0,5293551.0,5293551.0,0.03729254
1781076600,5293551.0,5293551.0,5293551.0,5293551.0,0.0
1781077500,5293551.0,5293551.0,5293551.0,5293551.0,0.0
1781078400,5293551.0,5293551.0,5293551.0,5293551.0,0.0
1781079300,5293551.0,5293551.0,5293551.0,5293551.0,0.0
1781080200,5293551.0,5293551.0,5293551.0,5293551.0,0.0
1781081100,5293551.0,5293551.0,5293551.0,5293551.0,0.0
1781082000,5293551.0,5293551.0,5293551.0,5293551.0,0.0
1781082900,5206247.0,5206247.0,5206247.0,5206247.0,0.01795447
1781083800,5206247.0,5206247.0,5206247.0,5206247.0,0.00962068
1781084700,5206247.0,5206247.0,5206247.0,5206247.0,0.0
1781085600,5206247.0,5206247.0,5206247.0,5206247.0,0.0
1781086500,5206247.0,5206247.0,5206223.0,5206223.0,0.0882453
1781087400,5206223.0,5206223.0,5206223.0,5206223.0,0.0
1781088300,5206223.0,5206223.0,5206223.0,5206223.0,0.0
1781089200,5206224.0,5206224.0,5206223.0,5206223.0,0.35755149
1781090100,5206222.0,5206222.0,5206222.0,5206222.0,0.15826465
1781091000,5206222.0,5206222.0,5206222.0,5206222.0,0.0
1781091900,5206222.0,5206222.0,5206222.0,5206222.0,0.0
1781092800,5271593.0,5737810.0,5206222.0,5737810.0,0.04922304
1781093700,5261918.0,5261918.0,5261918.0,5261918.0,0.06413535
1781094600,5271995.0,5271995.0,5271995.0,5271995.0,0.24884488
1781095500,5273295.0,5273295.0,5273295.0,5273295.0,0.00338611
1781096400,5206223.0,5206223.0,5206223.0,5206223.0,0.24884488
1781097300,5273295.0,5273295.0,5206224.0,5206224.0,0.00558549
1781098200,5206224.0,5206224.0,5206224.0,5206224.0,0.0
1781099100,5206222.0,5206222.0,5206222.0,5206222.0,0.00512685
1781100000,5206222.0,5206222.0,5206222.0,5206222.0,0.0
1781100900,5206222.0,5206222.0,5206222.0,5206222.0,0.0
1781101800,5206222.0,5206222.0,5206222.0,5206222.0,0.0
1781102700,5206222.0,5206222.0,5206222.0,5206222.0,0.0
1781103600,5206222.0,5206222.0,5206222.0,5206222.0,0.0
1781104500,5258008.0,5258008.0,5258008.0,5258008.0,0.00189406
1781105400,5206226.0,5206226.0,5206226.0,5206226.0,0.85558394
1781106300,5206223.0,5270025.0,5206223.0,5270025.0,0.01277847
1781107200,5206223.0,5206223.0,5206223.0,5206223.0,0.00357173
1781108100,5206224.0,5206224.0,5206224.0,5206224.0,0.0021174
1781109000,5206224.0,5206224.0,5206224.0,5206224.0,0.0
1781109900,5206224.0,5206224.0,5206224.0,5206224.0,0.0
1781110800,5206228.0,5206228.0,5206228.0,5206228.0,0.01037088
1781111700,5206228.0,5206228.0,5206228.0,5206228.0,0.0
1781112600,5206228.0,5206228.0,5206228.0,5206228.0,0.0
1781113500,5206228.0,5206228.0,5206228.0,5206228.0,0.0
1781114400,5270025.0,5270025.0,5206888.0,5206888.0,0.00593582
1781115300,5206888.0,5206888.0,5206888.0,5206888.0,0.0
1781116200,5270025.0,5270025.0,5270025.0,5270025.0,0.00568042
1781117100,5270025.0,5270025.0,5270025.0,5270025.0,0.0
1781118000,5270025.0,5270025.0,5270025.0,5270025.0,0.0
1781118900,5270025.0,5270025.0,5270025.0,5270025.0,0.0
1781119800,5270025.0,5270025.0,5270025.0,5270025.0,0.0
1781120700,5270025.0,5270025.0,5270025.0,5270025.0,0.0
1781121600,5270025.0,5270025.0,5270025.0,5270025.0,0.00407872
1781122500,5270025.0,5270025.0,5270025.0,5270025.0,0.0
1781123400,5270025.0,5270025.0,5270025.0,5270025.0,0.0
1781124300,5270025.0,5270025.0,5270025.0,5270025.0,0.0
1781125200,5270025.0,5270025.0,5270025.0,5270025.0,0.0
1781126100,5270025.0,5270025.0,5270025.0,5270025.0,0.0
1781127000,5270025.0,5270025.0,5270025.0,5270025.0,0.0
1781127900,5270025.0,5270025.0,5206224.0,5206224.0,0.01136396
1781128800,5206224.0,5206224.0,5206224.0,5206224.0,0.0
1781129700,5206224.0,5206224.0,5206224.0,5206224.0,0.0
1781130600,5206224.0,5206224.0,5206224.0,5206224.0,0.0
1781131500,5206224.0,5206224.0,5206224.0,5206224.0,0.0
1781132400,5206224.0,5206224.0,5206224.0,5206224.0,0.0
1781133300,5206224.0,5206224.0,5206224.0,5206224.0,0.0
1781134200,5206224.0,5206224.0,5206224.0,5206224.0,0.0
1781135100,5206224.0,5206224.0,5206224.0,5206224.0,0.0
1781136000,5206224.0,5206224.0,5206224.0,5206224.0,0.0
1781136900,5270025.0,5270025.0,5270025.0,5270025.0,0.00188974
1781137800,5270025.0,5270025.0,5270025.0,5270025.0,0.0
1781138700,5270025.0,5270025.0,5270025.0,5270025.0,0.0
1781139600,5270025.0,5270025.0,5270025.0,5270025.0,0.0
1781140500,5270025.0,5270025.0,5270025.0,5270025.0,0.0
1781141400,5270025.0,5270025.0,5270025.0,5270025.0,0.0
1781142300,5270025.0,5270025.0,5270025.0,5270025.0,0.0
1781143200,5270025.0,5270025.0,5270025.0,5270025.0,0.0
1781144100,5270025.0,5270025.0,5270025.0,5270025.0,0.0
1781145000,5270025.0,5270025.0,5270025.0,5270025.0,0.05771956
1781145900,5206222.0,5206222.0,5206222.0,5206222.0,0.03729254
1781146800,5206222.0,5206222.0,5206222.0,5206222.0,0.0
1781147700,5206222.0,5270025.0,5206222.0,5270025.0,0.09703311
1781148600,5270025.0,5270025.0,5270025.0,5270025.0,0.0
1781149500,5270025.0,5270025.0,5270025.0,5270025.0,0.0
1781150400,5270025.0,5270025.0,5270025.0,5270025.0,0.0
1781151300,5270025.0,5270025.0,5270025.0,5270025.0,0.0
1781152200,5270025.0,5270025.0,5270025.0,5270025.0,0.0
1781153100,5270025.0,5270025.0,5270025.0,5270025.0,0.0
1781154000,5231230.0,5231230.0,5231230.0,5231230.0,0.01346471
1781154900,5231226.0,5231226.0,5231226.0,5231226.0,0.00264575
1781155800,5231230.0,5231230.0,5231230.0,5231230.0,0.00384689
1781156700,5231226.0,5231226.0,5231226.0,5231226.0,0.00552919
1781157600,5231226.0,5231226.0,5231226.0,5231226.0,0.0
1781158500,5231226.0,5231226.0,5231226.0,5231226.0,0.0
1781159400,5270019.0,5270019.0,5270019.0,5270019.0,0.00207855
1781160300,5270019.0,5270019.0,5270019.0,5270019.0,0.0
1781161200,5231226.0,5231226.0,5206222.0,5206222.0,0.26168612
1781162100,5206222.0,5206222.0,5206222.0,5206222.0,0.0
1781163000,5206222.0,5206222.0,5206222.0,5206222.0,0.0
1781163900,5270019.0,5270019.0,5270019.0,5270019.0,0.01039255
1781164800,5270019.0,5270019.0,5270019.0,5270019.0,0.0
1781165700,5270019.0,5270019.0,5270019.0,5270019.0,0.00188974
1781166600,5270019.0,5270019.0,5270019.0,5270019.0,0.0
1781167500,5270019.0,5270019.0,5270019.0,5270019.0,0.0
1781168400,5206226.0,5206226.0,5206226.0,5206226.0,0.03765475
1781169300,5206226.0,5206226.0,5206226.0,5206226.0,0.0
1781170200,5206230.0,5206230.0,5206230.0,5206230.0,0.0185515
1781171100,5206230.0,5206230.0,5206230.0,5206230.0,0.0
1781172000,5206230.0,5206230.0,5206230.0,5206230.0,0.0
1781172900,5270023.0,5270023.0,5270023.0,5270023.0,0.00294647
1781173800,5270023.0,5270023.0,5270023.0,5270023.0,0.0
1781174700,5270022.0,5270022.0,5270022.0,5270022.0,0.00264552
1781175600,5270022.0,5270022.0,5270022.0,5270022.0,0.0
1781176500,5270022.0,5270022.0,5206230.0,5206230.0,0.01801814
1781177400,5206230.0,5206230.0,5206230.0,5206230.0,0.01388118
1781178300,5206230.0,5206230.0,5206230.0,5206230.0,0.0
1781179200,5270022.0,5270022.0,5206230.0,5206230.0,0.11530387
1781180100,5270022.0,5270022.0,5270022.0,5270022.0,0.0835264
1781181000,5270022.0,5270022.0,5270022.0,5270022.0,0.0
1781181900,5270022.0,5270022.0,5210000.0,5270022.0,0.01627184
1781182800,5210000.0,5270022.0,5206230.0,5206234.0,0.03561023
1781183700,5206234.0,5270022.0,5206234.0,5270022.0,0.02348425
1781184600,5206234.0,5206234.0,5206234.0,5206234.0,0.01211474
1781185500,5206234.0,5270022.0,5206234.0,5270022.0,0.01533887
1781186400,5270022.0,5270022.0,5270022.0,5270022.0,0.0
1781187300,5270022.0,5270022.0,5270022.0,5270022.0,0.0
1781188200,5206234.0,5206234.0,5206222.0,5206222.0,0.09443907
1781189100,5206222.0,5206222.0,5206222.0,5206222.0,0.0
1781190000,5206222.0,5206222.0,5206222.0,5206222.0,0.0
1781190900,5270022.0,5270022.0,5206222.0,5206222.0,0.03968465
1781191800,5270022.0,5270022.0,5270022.0,5270022.0,0.00188974
1781192700,5206222.0,5206222.0,5206222.0,5206222.0,0.00399042
1781193600,5206222.0,5206222.0,5206222.0,5206222.0,0.0
1781194500,5206222.0,5206222.0,5206222.0,5206222.0,0.0
1781195400,5206222.0,5206222.0,5206222.0,5206222.0,0.00840475
1781196300,5270022.0,5270022.0,5270022.0,5270022.0,0.01606274
1781197200,5270022.0,5270022.0,5270022.0,5270022.0,0.0
1781198100,5270022.0,5273295.0,5270022.0,5273295.0,1.92458733
1781199000,5273295.0,5273295.0,5273295.0,5273295.0,0.0
1781199900,5273295.0,5273295.0,5273295.0,5273295.0,0.0
1781200800,5273295.0,5273295.0,5273295.0,5273295.0,0.0
1781201700,5273295.0,5273295.0,5273295.0,5273295.0,0.0
1781202600,5273295.0,5273295.0,5273295.0,5273295.0,0.0
1781203500,5699998.0,5699998.0,5699998.0,5699998.0,0.00546894
1781204400,5699998.0,5699998.0,5699998.0,5699998.0,0.0
1781205300,5699998.0,5699998.0,5699998.0,5699998.0,0.0
1781206200,5699998.0,5699998.0,5699998.0,5699998.0,0.0
1781207100,5699999.0,5699999.0,5699999.0,5699999.0,0.00754736
1781208000,5699999.0,5699999.0,5699999.0,5699999.0,0.0
1781208900,5699999.0,5699999.0,5699999.0,5699999.0,0.00314491
1781209800,5699999.0,5699999.0,5699999.0,5699999.0,0.00426982
1781210700,5699999.0,5699999.0,5699999.0,5699999.0,0.0
1781211600,5699999.0,5699999.0,5699999.0,5699999.0,0.0
1781212500,5699999.0,5699999.0,5699999.0,5699999.0,0.0
1781213400,5699999.0,5699999.0,5699999.0,5699999.0,0.0
1781214300,5699999.0,5699999.0,5699999.0,5699999.0,0.0
1781215200,5699997.0,5699999.0,5206224.0,5206224.0,0.02022876
1781216100,5699996.0,5699999.0,5699996.0,5699999.0,0.02086178
1781217000,5206232.0,5699999.0,5206232.0,5699999.0,1.02085932
1781217900,5699999.0,5699999.0,5699999.0,5699999.0,0.0
1781218800,5699999.0,5699999.0,5699999.0,5699999.0,0.0
1781219700,5206232.0,5206232.0,5206230.0,5206230.0,0.01666963
1781220600,5206230.0,5206230.0,5206230.0,5206230.0,0.0
1781221500,5206230.0,5206230.0,5206230.0,5206230.0,0.0
1781222400,5699926.0,5699926.0,5699926.0,5699926.0,0.0045004
1781223300,5699926.0,5699926.0,5699926.0,5699926.0,0.0
1781224200,5699924.0,5699924.0,5699924.0,5699924.0,0.00875345
1781225100,5300000.0,5300000.0,5300000.0,5300000.0,0.00296203
1781226000,5699834.0,5699834.0,5699834.0,5699834.0,0.00246708
1781226900,5699834.0,5699834.0,5699834.0,5699834.0,0.0
1781227800,5699834.0,5699834.0,5699834.0,5699834.0,0.0
1781228700,5699834.0,5699834.0,5699834.0,5699834.0,0.0
1781229600,5300024.0,5300024.0,5300024.0,5300024.0,0.00892656
1781230500,5300024.0,5300024.0,5300024.0,5300024.0,0.0
1781231400,5299999.0,5299999.0,5206225.0,5206225.0,0.99999754
1781232300,5206225.0,5206225.0,5206225.0,5206225.0,0.0
1781233200,5206225.0,5206225.0,5206225.0,5206225.0,0.0
1781234100,5699490.0,5699490.0,5207003.0,5207003.0,0.02073686
1781235000,5207003.0,5207003.0,5207003.0,5207003.0,0.0
1781235900,5207008.0,5207008.0,5207007.0,5207007.0,0.07039197
1781236800,5699484.0,5699498.0,5699484.0,5699498.0,1.01346775
1781237700,5699496.0,5699496.0,5699496.0,5699496.0,0.00297043
1781238600,5228992.0,5228992.0,5228992.0,5228992.0,0.00242046
1781239500,5228992.0,5228992.0,5228992.0,5228992.0,0.0
1781240400,5228092.0,5699414.0,5228092.0,5699414.0,0.06201508
1781241300,5226014.0,5699328.0,5226013.0,5699328.0,0.03723087
1781242200,5699328.0,5699328.0,5699328.0,5699328.0,0.0
1781243100,5698858.0,5698858.0,5698858.0,5698858.0,0.00371828
1781244000,5698858.0,5698858.0,5698858.0,5698858.0,0.0
1781244900,5225978.0,5225978.0,5225976.0,5225976.0,0.01904813
1781245800,5225976.0,5225976.0,5225976.0,5225976.0,0.0
1781246700,5225976.0,5225976.0,5225976.0,5225976.0,0.0
1781247600,5225976.0,5225976.0,5225976.0,5225976.0,0.0
1781248500,5225976.0,5225976.0,5225976.0,5225976.0,0.0
1781249400,5225976.0,5225976.0,5225976.0,5225976.0,0.0
1781250300,5225976.0,5225976.0,5225976.0,5225976.0,0.0
1781251200,5225976.0,5225976.0,5225976.0,5225976.0,0.0
1781252100,5225976.0,5225976.0,5225976.0,5225976.0,0.0
1781253000,5225976.0,5225976.0,5225976.0,5225976.0,0.0
1781253900,5694996.0,5694996.0,5694996.0,5694996.0,0.01437682
1781254800,5694992.0,5694992.0,5694992.0,5694992.0,0.00658964
1781255700,5694992.0,5694992.0,5694992.0,5694992.0,0.0
1781256600,5694988.0,5694988.0,5694988.0,5694988.0,0.00224039
1781257500,5694991.0,5694991.0,5694991.0,5694991.0,0.18903576
1781258400,5694991.0,5694991.0,5694991.0,5694991.0,0.0
1781259300,5288890.0,5288890.0,5288888.0,5288888.0,0.17910428
1781260200,5288888.0,5288888.0,5288888.0,5288888.0,0.0
1781261100,5288895.0,5288895.0,5288895.0,5288895.0,0.05512853
1781262000,5288895.0,5288895.0,5288895.0,5288895.0,0.0
1781262900,5288895.0,5288895.0,5288895.0,5288895.0,0.0
1781263800,5288895.0,5288895.0,5288895.0,5288895.0,0.0
1781264700,5666558.0,5666558.0,5288959.0,5288959.0,0.04834883
1781265600,5288959.0,5288959.0,5288959.0,5288959.0,0.0
1781266500,5288959.0,5288959.0,5288959.0,5288959.0,0.0
1781267400,5666424.0,5666424.0,5289016.0,5666408.0,0.05413256
1781268300,5289044.0,5289044.0,5289044.0,5289044.0,0.00215772
1781269200,5289044.0,5289044.0,5289044.0,5289044.0,0.0
1781270100,5289044.0,5289044.0,5289044.0,5289044.0,0.0
1781271000,5289026.0,5289026.0,5288916.0,5288916.0,0.68717829
1781271900,5288916.0,5288916.0,5288916.0,5288916.0,0.26343362
1781272800,5664998.0,5664998.0,5288916.0,5288916.0,0.00485918
1781273700,5664998.0,5664998.0,5288916.0,5288916.0,0.17546859
1781274600,5288916.0,5288916.0,5288916.0,5288916.0,0.0
1781275500,5288916.0,5288916.0,5288916.0,5288916.0,0.0
1781276400,5288916.0,5288916.0,5288916.0,5288916.0,0.0
1781277300,5664994.0,5664994.0,5664994.0,5664994.0,0.0072383
1781278200,5664990.0,5664993.0,5298918.0,5664993.0,0.06372699
1781279100,5664990.0,5664990.0,5664990.0,5664990.0,0.001803
1781280000,5664899.0,5664899.0,5664899.0,5664899.0,0.00297975
1781280900,5664899.0,5664899.0,5664899.0,5664899.0,0.0
1781281800,5664899.0,5664899.0,5664899.0,5664899.0,0.0
1781282700,5664899.0,5664993.0,5664899.0,5664993.0,0.03516032
1781283600,5664993.0,5698750.0,5298920.0,5298920.0,1.5806726
1781284500,5298920.0,5298920.0,5298920.0,5298920.0,0.05308774
1781285400,5298920.0,5298920.0,5298918.0,5298920.0,0.00739627
1781286300,5298920.0,5298920.0,5298920.0,5298920.0,0.00924056
1781287200,5298920.0,5298920.0,5298920.0,5298920.0,0.0
1781288100,5298920.0,5298920.0,5298920.0,5298920.0,0.0
1781289000,5298920.0,5298920.0,5298920.0,5298920.0,0.0
1781289900,5298918.0,5298918.0,5298918.0,5298918.0,0.00224392
1781290800,5298920.0,5698000.0,5298920.0,5698000.0,0.08018525
1781291700,5698000.0,5698000.0,5698000.0,5698000.0,0.0
1781292600,5298920.0,5298920.0,5288888.0,5288888.0,0.5725777
1781293500,5697998.0,5698000.0,5697998.0,5698000.0,0.02932082
1781294400,5698000.0,5698000.0,5698000.0,5698000.0,0.0
1781295300,5698000.0,5698000.0,5698000.0,5698000.0,0.0
1781296200,5697994.0,5697997.0,5697994.0,5697997.0,0.08677979
1781297100,5697997.0,5697997.0,5697997.0,5697997.0,0.0
1781298000,5697997.0,5697997.0,5697997.0,5697997.0,0.0
1781298900,5697997.0,5697997.0,5697997.0,5697997.0,0.0
1781299800,5697997.0,5697997.0,5697997.0,5697997.0,0.0
1781300700,5697997.0,5697997.0,5697997.0,5697997.0,0.0
1781301600,5288890.0,5288890.0,5201000.0,5201000.0,2.03424386
1781302500,5201000.0,5201000.0,5201000.0,5201000.0,0.0
1781303400,5201000.0,5201000.0,5201000.0,5201000.0,0.0
1781304300,5201000.0,5201000.0,5201000.0,5201000.0,0.0
1781305200,5688884.0,5688887.0,5688884.0,5688887.0,0.09068277
1781306100,5688000.0,5688000.0,5688000.0,5688000.0,0.00175087
1781307000,5688000.0,5689999.0,5688000.0,5689999.0,0.04303304
1781307900,5687654.0,5690000.0,5684999.0,5684999.0,0.61587619
1781308800,5684999.0,5684999.0,5684999.0,5684999.0,0.0
1781309700,5684999.0,5684999.0,5684999.0,5684999.0,0.0
1781310600,5684999.0,5684999.0,5684999.0,5684999.0,0.0
1781311500,5684998.0,5684998.0,5684998.0,5684998.0,0.00349569
1781312400,5684997.0,5684998.0,5684997.0,5684998.0,0.00342797
1781313300,5684998.0,5684998.0,5238914.0,5238914.0,0.00524749
1781314200,5684996.0,5684996.0,5684996.0,5684996.0,0.00192682
1781315100,5684996.0,5684996.0,5684996.0,5684996.0,0.0
1781316000,5684996.0,5684996.0,5684996.0,5684996.0,0.0
1781316900,5684996.0,5684996.0,5684996.0,5684996.0,0.0
1781317800,5684996.0,5684996.0,5684996.0,5684996.0,0.0
1781318700,5684996.0,5684996.0,5684996.0,5684996.0,0.0
1781319600,5238914.0,5238914.0,5238913.0,5238913.0,0.0506826
1781320500,5238913.0,5238913.0,5238913.0,5238913.0,0.0
1781321400,5238913.0,5238913.0,5238913.0,5238913.0,0.0
1781322300,5684990.0,5684996.0,5238888.0,5684996.0,0.13691981
1781323200,5684994.0,5684996.0,5684994.0,5684996.0,0.00823589
1781324100,5684996.0,5684996.0,5684996.0,5684996.0,0.0
1781325000,5684994.0,5684994.0,5684994.0,5684994.0,0.00176077
1781325900,5684994.0,5684994.0,5684994.0,5684994.0,0.00262761
1781326800,5684994.0,5684998.0,5300000.0,5300000.0,1.56119742
1781327700,5238892.0,5238892.0,5238890.0,5238890.0,0.00876139
1781328600,5599998.0,5599998.0,5238896.0,5238896.0,0.39616427
1781329500,5238896.0,5238896.0,5238896.0,5238896.0,0.0
1781330400,5238896.0,5238896.0,5238896.0,5238896.0,0.0
1781331300,5238896.0,5238896.0,5238896.0,5238896.0,0.0
1781332200,5238896.0,5238896.0,5238896.0,5238896.0,0.0
1781333100,5238898.0,5238898.0,5238898.0,5238898.0,0.01768217
1781334000,5238898.0,5238898.0,5238896.0,5238896.0,0.06434907
1781334900,5499996.0,5499996.0,5499996.0,5499996.0,0.00183054
1781335800,5238896.0,5238896.0,5238887.0,5238887.0,0.04292385
1781336700,5238900.0,5238900.0,5238887.0,5238887.0,0.00439541
1781337600,5238887.0,5238887.0,5238887.0,5238887.0,0.0
1781338500,5238887.0,5238887.0,5238887.0,5238887.0,0.0
1781339400,5238887.0,5238887.0,5238887.0,5238887.0,0.0
1781340300,5238887.0,5238887.0,5238887.0,5238887.0,0.0
1781341200,5238888.0,5238888.0,5238887.0,5238887.0,0.04609085
1781342100,5498993.0,5500000.0,5498993.0,5500000.0,0.04166794
1781343000,5499998.0,5499998.0,5499998.0,5499998.0,0.01358418
1781343900,5499998.0,5499998.0,5499998.0,5499998.0,0.0
1781344800,5238892.0,5238892.0,5233060.0,5233060.0,0.43091348
1781345700,5233060.0,5233060.0,5233060.0,5233060.0,0.0
1781346600,5210002.0,5210002.0,5210000.0,5210000.0,0.13639735
1781347500,5210000.0,5210000.0,5210000.0,5210000.0,0.0
1781348400,5210000.0,5210000.0,5210000.0,5210000.0,0.05297574
1781349300,5210000.0,5210000.0,5210000.0,5210000.0,0.0
1781350200,5210000.0,5210000.0,5201086.0,5201086.0,0.04166794
1781351100,5479998.0,5479998.0,5479998.0,5479998.0,0.00266843
1781352000,5479998.0,5479998.0,5479998.0,5479998.0,0.0
1781352900,5479986.0,5479986.0,5479986.0,5479986.0,0.00223449
1781353800,5479984.0,5479984.0,5479984.0,5479984.0,0.01831757
1781354700,5479984.0,5479984.0,5479984.0,5479984.0,0.0
1781355600,5479984.0,5479984.0,5479984.0,5479984.0,0.0
1781356500,5479984.0,5479984.0,5479984.0,5479984.0,0.0
1781357400,5479984.0,5479987.0,5479984.0,5479987.0,0.05461236
1781358300,5469000.0,5469000.0,5469000.0,5469000.0,0.00183781
1781359200,5469000.0,5469000.0,5469000.0,5469000.0,0.0
1781360100,5202008.0,5202008.0,5202008.0,5202008.0,0.00262761
1781361000,5202010.0,5468990.0,5202008.0,5202008.0,0.06081195
1781361900,5468990.0,5468993.0,5468990.0,5468993.0,0.01784569
1781362800,5468993.0,5468993.0,5468993.0,5468993.0,0.0
1781363700,5468993.0,5468993.0,5468993.0,5468993.0,0.0
1781364600,5468990.0,5468993.0,5468990.0,5468993.0,0.02899291
1781365500,5202026.0,5468993.0,5202024.0,5202026.0,0.02971202
1781366400,5202028.0,5202028.0,5202028.0,5202028.0,0.00352724
1781367300,5202028.0,5202028.0,5202028.0,5202028.0,0.0
1781368200,5468996.0,5469000.0,5468996.0,5469000.0,0.64776531
1781369100,5469000.0,5469000.0,5469000.0,5469000.0,0.0
1781370000,5202018.0,5202018.0,5202016.0,5202016.0,0.07737362
1781370900,5202016.0,5202016.0,5202016.0,5202016.0,0.0
1781371800,5202032.0,5202032.0,5202016.0,5202016.0,0.00362819
1781372700,5202016.0,5202016.0,5202016.0,5202016.0,0.0
1781373600,5202016.0,5202016.0,5202016.0,5202016.0,0.0
1781374500,5202016.0,5202016.0,5202016.0,5202016.0,0.0
1781375400,5202016.0,5202016.0,5202016.0,5202016.0,0.01885423
1781376300,5467998.0,5479993.0,5467998.0,5479993.0,0.05473677
1781377200,5479993.0,5479993.0,5479993.0,5479993.0,0.0
1781378100,5475000.0,5479000.0,5475000.0,5479000.0,0.04505329
1781379000,5479000.0,5479993.0,5479000.0,5479993.0,0.05573824
1781379900,5202016.0,5202016.0,5202016.0,5202016.0,0.02017382
1781380800,5202016.0,5202016.0,5202016.0,5202016.0,0.0
1781381700,5449996.0,5449996.0,5449996.0,5449996.0,0.00377156
1781382600,5449996.0,5450000.0,5449996.0,5450000.0,0.0182734
1781383500,5450000.0,5450000.0,5450000.0,5450000.0,0.0
1781384400,5449999.0,5449999.0,5449999.0,5449999.0,0.00614605
1781385300,5449999.0,5449999.0,5449999.0,5449999.0,0.0
1781386200,5449999.0,5449999.0,5449999.0,5449999.0,0.0
1781387100,5449999.0,5449999.0,5449999.0,5449999.0,0.0
1781388000,5449999.0,5449999.0,5449999.0,5449999.0,0.0
1781388900,5449999.0,5449999.0,5449999.0,5449999.0,0.0
1781389800,5449999.0,5449999.0,5449999.0,5449999.0,0.0
1781390700,5429994.0,5429994.0,5429994.0,5429994.0,0.00498085
1781391600,5429994.0,5429994.0,5429994.0,5429994.0,0.0
1781392500,5429994.0,5429994.0,5429994.0,5429994.0,0.0
1781393400,5429994.0,5429994.0,5429994.0,5429994.0,0.0
1781394300,5349986.0,5349986.0,5349986.0,5349986.0,0.00405664
1781395200,5349986.0,5349986.0,5349986.0,5349986.0,0.0
1781396100,5349986.0,5349986.0,5349986.0,5349986.0,0.0
1781397000,5349986.0,5349986.0,5349986.0,5349986.0,0.0
1781397900,5349986.0,5349986.0,5349986.0,5349986.0,0.0
1781398800,5349986.0,5349986.0,5349986.0,5349986.0,0.0
1781399700,5349986.0,5349986.0,5349986.0,5349986.0,0.0
1781400600,5349991.0,5349995.0,5349991.0,5349995.0,0.01776339
1781401500,5349995.0,5349995.0,5349995.0,5349995.0,0.0
1781402400,5202015.0,5349995.0,5202015.0,5349995.0,0.01596592
1781403300,5349994.0,5349995.0,5202017.0,5202017.0,0.06418172
1781404200,5202017.0,5202017.0,5202017.0,5202017.0,0.0
1781405100,5202017.0,5202017.0,5202017.0,5202017.0,0.0
1781406000,5319999.0,5320000.0,5319999.0,5320000.0,0.1451077
1781406900,5320000.0,5320000.0,5202019.0,5202019.0,0.01788984
1781407800,5202019.0,5202019.0,5202019.0,5202019.0,0.0
1781408700,5202019.0,5202019.0,5202019.0,5202019.0,0.0
1781409600,5320000.0,5320000.0,5320000.0,5320000.0,0.0468
1781410500,5320000.0,5320000.0,5319996.0,5319996.0,0.00651954
1781411400,5319996.0,5319996.0,5319996.0,5319996.0,0.0
1781412300,5319996.0,5319996.0,5202052.0,5202052.0,0.01190676
1781413200,5202052.0,5202052.0,5202052.0,5202052.0,0.0
1781414100,5320000.0,5320000.0,5202053.0,5202053.0,0.07258181
1781415000,5320000.0,5320000.0,5320000.0,5320000.0,0.00187199
1781415900,5320000.0,5320000.0,5320000.0,5320000.0,0.0
1781416800,5320000.0,5320000.0,5320000.0,5320000.0,0.0
1781417700,5202053.0,5202053.0,5202019.0,5202019.0,0.01086051
1781418600,5202019.0,5202019.0,5202019.0,5202019.0,0.0
1781419500,5202019.0,5202019.0,5202019.0,5202019.0,0.00392666
1781420400,5202019.0,5202019.0,5202019.0,5202019.0,0.00193424
1781421300,5202019.0,5202019.0,5202019.0,5202019.0,0.0
1781422200,5319996.0,5320000.0,5319996.0,5320000.0,0.01031617
1781423100,5320000.0,5320000.0,5320000.0,5320000.0,0.0
1781424000,5320000.0,5349995.0,5320000.0,5349995.0,0.52203255
1781424900,5349995.0,5349995.0,5349995.0,5349995.0,0.0
1781425800,5202021.0,5479993.0,5202021.0,5479993.0,0.04080253
1781426700,5202021.0,5400000.0,5202019.0,5400000.0,0.03416014
1781427600,5454000.0,5454000.0,5454000.0,5454000.0,0.00745196
1781428500,5202020.0,5202020.0,5202020.0,5202020.0,0.00745196
1781429400,5454000.0,5454000.0,5454000.0,5454000.0,0.00359149
1781430300,5454000.0,5454000.0,5454000.0,5454000.0,0.0
1781431200,5202025.0,5202025.0,5201084.0,5201084.0,1.24108117
1781432100,5201084.0,5201084.0,5201084.0,5201084.0,0.0
1781433000,5201084.0,5201084.0,5201084.0,5201084.0,0.0
1781433900,5201084.0,5201084.0,5201084.0,5201084.0,0.0
1781434800,5201084.0,5201084.0,5201084.0,5201084.0,0.0
1781435700,5201084.0,5201084.0,5201084.0,5201084.0,0.0
1781436600,5453000.0,5453989.0,5453000.0,5453989.0,0.00572917
1781437500,5453989.0,5453989.0,5453989.0,5453989.0,0.0
1781438400,5453987.0,5453987.0,5208111.0,5208111.0,0.018901
1781439300,5208111.0,5208111.0,5208111.0,5208111.0,0.0
1781440200,5453960.0,5453961.0,5453960.0,5453961.0,0.00748061
1781441100,5208116.0,5208116.0,5208116.0,5208116.0,0.01090138
1781442000,5208116.0,5208116.0,5208116.0,5208116.0,0.00793449
1781442900,5208116.0,5453946.0,5208000.0,5453946.0,0.0458004
1781443800,5453946.0,5453946.0,5453946.0,5453946.0,0.0
1781444700,5453945.0,5453945.0,5453945.0,5453945.0,0.00182601
1781445600,5453945.0,5453945.0,5453945.0,5453945.0,0.0
1781446500,5453943.0,5453943.0,5453943.0,5453943.0,0.00188065
1781447400,5453942.0,5453942.0,5453942.0,5453942.0,0.00186323
1781448300,5453942.0,5453942.0,5453942.0,5453942.0,0.0025752
1781449200,5453942.0,5453942.0,5453942.0,5453942.0,0.0
1781450100,5208100.0,5453942.0,5208100.0,5453942.0,0.02235934
1781451000,5453942.0,5453942.0,5453942.0,5453942.0,0.0
1781451900,5453938.0,5453938.0,5453938.0,5453938.0,0.00182602
1781452800,5208100.0,5208100.0,5208000.0,5208000.0,0.03752723
1781453700,5208000.0,5208000.0,5208000.0,5208000.0,0.0
1781454600,5453938.0,5453938.0,5201095.0,5201095.0,0.00623952
1781455500,5444544.0,5444544.0,5444544.0,5444544.0,0.03552932
1781456400,5444544.0,5444544.0,5444544.0,5444544.0,0.0
1781457300,5201096.0,5201096.0,5201096.0,5201096.0,0.03552932
1781458200,5201096.0,5201096.0,5201096.0,5201096.0,0.0
1781459100,5444544.0,5444544.0,5201096.0,5201096.0,0.02330962
1781460000,5201096.0,5201096.0,5201096.0,5201096.0,0.0
1781460900,5449999.0,5450000.0,5449999.0,5450000.0,0.00659871
1781461800,5450000.0,5450000.0,5450000.0,5450000.0,0.00232733
1781462700,5450000.0,5450000.0,5450000.0,5450000.0,0.0
1781463600,5450000.0,5450000.0,5450000.0,5450000.0,0.0
1781464500,5450000.0,5450000.0,5450000.0,5450000.0,0.0
1781465400,5201095.0,5449999.0,4750005.0,5449999.0,0.60699666
1781466300,5449999.0,5449999.0,5449999.0,5449999.0,0.0
1781467200,5449999.0,5449999.0,5449999.0,5449999.0,0.0
1781468100,5449999.0,5449999.0,5449999.0,5449999.0,0.0
1781469000,5449999.0,5449999.0,5449999.0,5449999.0,0.0
1781469900,5449999.0,5449999.0,5449999.0,5449999.0,0.0
1781470800,5449999.0,5449999.0,5449999.0,5449999.0,0.0
1781471700,5449999.0,5449999.0,5449999.0,5449999.0,0.0
1781472600,5449999.0,5449999.0,5449999.0,5449999.0,0.0
1781473500,5000021.0,5000021.0,5000018.0,5000018.0,0.1342468
1781474400,5234713.0,5449991.0,5234713.0,5449991.0,0.0688112
1781475300,5449991.0,5449991.0,5449991.0,5449991.0,0.0
1781476200,5449991.0,5449991.0,5449991.0,5449991.0,0.0
1781477100,5449991.0,5449991.0,5449991.0,5449991.0,0.0
1781478000,5449991.0,5449991.0,5449991.0,5449991.0,0.0
1781478900,5449991.0,5449991.0,5449991.0,5449991.0,0.0
1781479800,5253046.0,5300380.0,5253046.0,5300380.0,0.02977784
1781480700,5300380.0,5300380.0,5300380.0,5300380.0,0.0
1781481600,5300380.0,5300380.0,5300380.0,5300380.0,0.0
1781482500,5300380.0,5300380.0,5300380.0,5300380.0,0.0
1781483400,5000366.0,5000366.0,5000366.0,5000366.0,0.00326097
1781484300,5300380.0,5300380.0,5300380.0,5300380.0,0.02676232
1781485200,5300380.0,5300380.0,5300380.0,5300380.0,0.0
1781486100,5300380.0,5300380.0,5300380.0,5300380.0,0.0
1781487000,5300380.0,5300380.0,5300380.0,5300380.0,0.0
1781487900,5000525.0,5000525.0,5000525.0,5000525.0,0.00201794
1781488800,5000525.0,5000525.0,5000525.0,5000525.0,0.0
1781489700,5300384.0,5443999.0,5300384.0,5443998.0,0.65512763
1781490600,5443998.0,5443998.0,5443998.0,5443998.0,0.0
1781491500,5443998.0,5443998.0,5443998.0,5443998.0,0.0
1781492400,5443998.0,5443998.0,5443998.0,5443998.0,0.0
1781493300,5443998.0,5443998.0,5443998.0,5443998.0,0.0
1781494200,5111131.0,5111131.0,5111131.0,5111131.0,0.02850982
1781495100,5111124.0,5111124.0,5111124.0,5111124.0,0.00316035
1781496000,5111999.0,5111999.0,5000357.0,5000357.0,1.96840766
1781496900,5000357.0,5000357.0,5000357.0,5000357.0,0.0
1781497800,5442097.0,5442097.0,5442095.0,5442095.0,0.00370628
1781498700,5000364.0,5000364.0,5000364.0,5000364.0,0.03869062
1781499600,5442089.0,5442089.0,5000364.0,5442089.0,0.01343978
1781500500,5442088.0,5442088.0,5440000.0,5440000.0,0.01831454
1781501400,5001002.0,5001002.0,5001002.0,5001002.0,0.00409709
1781502300,5001002.0,5001002.0,5001002.0,5001002.0,0.0
1781503200,5001002.0,5001002.0,5001002.0,5001002.0,0.0
1781504100,5439989.0,5439989.0,5001026.0,5439984.0,0.06233362
1781505000,5438981.0,5438981.0,5438981.0,5438981.0,0.00202997
1781505900,5438981.0,5438981.0,5438981.0,5438981.0,0.0
1781506800,5437977.0,5437977.0,5437977.0,5437977.0,0.00329037
1781507700,5437976.0,5437976.0,5001056.0,5437976.0,0.02587896
1781508600,5437976.0,5437976.0,5437976.0,5437976.0,0.0
1781509500,5437976.0,5437976.0,5437976.0,5437976.0,0.0
1781510400,5428984.0,5428984.0,5428984.0,5428984.0,0.0146753
1781511300,5002000.0,5002000.0,5001140.0,5001140.0,0.0688112
1781512200,5299436.0,5299436.0,5001170.0,5001170.0,0.00563877
1781513100,5001170.0,5001170.0,5001170.0,5001170.0,0.0
1781514000,5001285.0,5425999.0,5001285.0,5425999.0,0.01479063
1781514900,5425999.0,5425999.0,5425999.0,5425999.0,0.0
1781515800,5020016.0,5020016.0,5020016.0,5020016.0,0.00364061
1781516700,5020060.0,5419983.0,5020031.0,5419983.0,0.25672555
1781517600,5419948.0,5419948.0,5419948.0,5419948.0,0.00367494
1781518500,5020121.0,5419908.0,5020121.0,5419908.0,0.01437655
1781519400,5320182.0,5320182.0,5320182.0,5320182.0,0.00854463
1781520300,5320182.0,5320182.0,5320182.0,5320182.0,0.0
1781521200,5320182.0,5320182.0,5320182.0,5320182.0,0.0
1781522100,5234822.0,5417899.0,5234822.0,5417899.0,0.0037016
1781523000,5020211.0,5020211.0,5020211.0,5020211.0,0.00557789
1781523900,5410000.0,5410000.0,5410000.0,5410000.0,0.0024451
1781524800,5030020.0,5404984.0,5030020.0,5404984.0,0.03831101
1781525700,5404984.0,5404984.0,5404984.0,5404984.0,0.0
1781526600,5404984.0,5404984.0,5404984.0,5404984.0,0.0
1781527500,5030095.0,5404994.0,4808888.0,5404994.0,0.42179017
1781528400,4808898.0,5404985.0,4808898.0,5404974.0,0.02643491
1781529300,5404951.0,5404951.0,5404951.0,5404951.0,0.00184256
1781530200,5308967.0,5308967.0,4808982.0,5208985.0,0.0427048
1781531100,5220010.0,5220021.0,5220010.0,5220021.0,0.00487104
1781532000,5395000.0,5399990.0,5220045.0,5220045.0,0.00760958
1781532900,5399985.0,5399985.0,5220104.0,5220104.0,0.03009415
1781533800,5220104.0,5220104.0,5220104.0,5220104.0,0.0
1781534700,5220104.0,5220104.0,5220104.0,5220104.0,0.0
1781535600,5395000.0,5399965.0,5395000.0,5399965.0,0.01383649
1781536500,5399965.0,5399979.0,5399965.0,5399979.0,0.17284358
1781537400,5399979.0,5399979.0,5399979.0,5399979.0,0.0
1781538300,5221000.0,5221000.0,5208989.0,5208989.0,0.00333537
1781539200,5208989.0,5208989.0,5208989.0,5208989.0,0.0
1781540100,5208989.0,5208989.0,5208989.0,5208989.0,0.0
1781541000,5396000.0,5399943.0,5396000.0,5399896.0,0.00726868
1781541900,5208985.0,5399894.0,5000027.0,5399894.0,0.01616278
1781542800,5399879.0,5399879.0,5399879.0,5399879.0,0.0018443
1781543700,5399879.0,5399879.0,5399879.0,5399879.0,0.0
1781544600,5399879.0,5399879.0,5399879.0,5399879.0,0.0
1781545500,5399879.0,5399879.0,5399879.0,5399879.0,0.0
1781546400,5399879.0,5399879.0,5399879.0,5399879.0,0.0
1781547300,5399879.0,5399879.0,5399879.0,5399879.0,0.0
1781548200,5399879.0,5399879.0,5399879.0,5399879.0,0.0
1781549100,5399879.0,5399879.0,5399879.0,5399879.0,0.0
1781550000,5399879.0,5399879.0,5399879.0,5399879.0,0.0
1781550900,5399879.0,5399879.0,5399879.0,5399879.0,0.0
1781551800,5399879.0,5399879.0,5399879.0,5399879.0,0.0
1781552700,5399879.0,5399879.0,5399879.0,5399879.0,0.0
1781553600,5000194.0,5000194.0,5000194.0,5000194.0,0.00275589
1781554500,5000192.0,5399197.0,5000192.0,5399197.0,0.11103385
1781555400,5399197.0,5399197.0,5399197.0,5399197.0,0.0
1781556300,5399048.0,5399048.0,5399048.0,5399048.0,0.00309832
1781557200,5399048.0,5399048.0,5399048.0,5399048.0,0.0
1781558100,5000509.0,5000509.0,5000499.0,5000499.0,0.17284358
1781559000,5000627.0,5000627.0,5000246.0,5000246.0,0.87687958
1781559900,5000246.0,5000246.0,5000246.0,5000246.0,0.0
1781560800,5000246.0,5000246.0,5000246.0,5000246.0,0.0
1781561700,5266004.0,5690000.0,5200009.0,5200009.0,5.61281785
1781562600,5200027.0,5200027.0,5200027.0,5200027.0,0.04303304
1781563500,5210000.0,5210000.0,5201020.0,5201020.0,0.02662763
1781564400,5600000.0,5689752.0,5600000.0,5689752.0,0.01635516
1781565300,5689752.0,5689752.0,5689752.0,5689752.0,0.0
1781566200,5689752.0,5689752.0,5689752.0,5689752.0,0.0
1781567100,5689752.0,5689752.0,5689752.0,5689752.0,0.0
1781568000,5689752.0,5689752.0,5689752.0,5689752.0,0.0
1781568900,5687686.0,5687686.0,5687483.0,5687483.0,0.05515404
1781569800,5687483.0,5687483.0,5687483.0,5687483.0,0.0
1781570700,5250004.0,5250004.0,5250004.0,5250004.0,0.02916843
1781571600,5250004.0,5250004.0,5250004.0,5250004.0,0.0
1781572500,5250004.0,5250004.0,5250004.0,5250004.0,0.0
1781573400,5250004.0,5250004.0,5250004.0,5250004.0,0.0
1781574300,5250004.0,5250004.0,5250004.0,5250004.0,0.0
1781575200,5259996.0,5259996.0,5259996.0,5259996.0,0.00232733
1781576100,5259996.0,5259996.0,5259996.0,5259996.0,0.0
1781577000,5259996.0,5259996.0,5259996.0,5259996.0,0.0
1781577900,5687196.0,5687196.0,5259994.0,5259994.0,0.01158979
1781578800,5259994.0,5259994.0,5259994.0,5259994.0,0.0
1781579700,5259994.0,5259994.0,5259994.0,5259994.0,0.0
1781580600,5687360.0,5687360.0,5687360.0,5687360.0,0.00567134
1781581500,5260004.0,5260004.0,4808888.0,4808888.0,5.60404878
1781582400,5414364.0,5414364.0,5414364.0,5414364.0,0.00881285
1781583300,5414302.0,5414302.0,5414302.0,5414302.0,0.00422011
1781584200,5414302.0,5414302.0,5414302.0,5414302.0,0.0
1781585100,4810016.0,4810016.0,4810016.0,4810016.0,0.00657722
1781586000,5413962.0,5413962.0,4811060.0,4811060.0,0.0056997
1781586900,5409994.0,5409994.0,5409994.0,5409994.0,0.00317338
1781587800,5409994.0,5409994.0,5409994.0,5409994.0,0.0
1781588700,5409994.0,5409994.0,5409994.0,5409994.0,0.0
1781589600,5409994.0,5409994.0,5409994.0,5409994.0,0.0
1781590500,5409994.0,5409994.0,5409994.0,5409994.0,0.0
1781591400,5409994.0,5409994.0,5409994.0,5409994.0,0.0
1781592300,5409994.0,5409994.0,5409994.0,5409994.0,0.0
1781593200,5409994.0,5409994.0,5409994.0,5409994.0,0.0
1781594100,5409994.0,5409994.0,5409994.0,5409994.0,0.0
1781595000,5409994.0,5409994.0,5409994.0,5409994.0,0.0
1781595900,5409994.0,5409994.0,5409994.0,5409994.0,0.0
1781596800,5409994.0,5409994.0,5409994.0,5409994.0,0.0
1781597700,5409994.0,5409994.0,5409994.0,5409994.0,0.0
1781598600,5409994.0,5409994.0,5409994.0,5409994.0,0.0
1781599500,5051028.0,5051028.0,5051028.0,5051028.0,0.00464755
1781600400,5299984.0,5299984.0,5299984.0,5299984.0,0.00946606
1781601300,5299984.0,5299984.0,5299984.0,5299984.0,0.0
1781602200,5051248.0,5300000.0,5051248.0,5300000.0,0.23852436
1781603100,5300000.0,5300000.0,5300000.0,5300000.0,0.0
1781604000,5300000.0,5300000.0,5300000.0,5300000.0,0.0
1781604900,5300000.0,5300000.0,5300000.0,5300000.0,0.0
1781605800,5300000.0,5300000.0,5300000.0,5300000.0,0.0
1781606700,5300000.0,5300000.0,5300000.0,5300000.0,0.0
1781607600,5051536.0,5051536.0,5051536.0,5051536.0,0.00422011
1781608500,5051576.0,5051576.0,5051576.0,5051576.0,0.00859093
1781609400,5051576.0,5051576.0,5051576.0,5051576.0,0.0
1781610300,5051662.0,5299934.0,5051662.0,5299934.0,0.02657243
1781611200,5051662.0,5051662.0,5051662.0,5051662.0,0.00946606
1781612100,5299850.0,5299850.0,5299850.0,5299850.0,0.00700887
1781613000,5299842.0,5299845.0,5051648.0,5299845.0,0.21253234
1781613900,5299842.0,5299845.0,5051705.0,5051705.0,0.01447258
1781614800,5051705.0,5051705.0,5051705.0,5051705.0,0.0
1781615700,5299933.0,5299934.0,5299933.0,5299934.0,0.03758178
1781616600,5299934.0,5299934.0,5299934.0,5299934.0,0.0
1781617500,5051940.0,5051940.0,5051940.0,5051940.0,0.00993895
1781618400,5051940.0,5051940.0,5051940.0,5051940.0,0.0
1781619300,5298996.0,5298996.0,5298996.0,5298996.0,0.00195848
1781620200,5298994.0,5298994.0,5053010.0,5053010.0,0.01842234
1781621100,5298994.0,5398958.0,5298994.0,5398958.0,1.28999062
1781622000,5398948.0,5398948.0,5053044.0,5053044.0,0.0094201
1781622900,5397992.0,5397994.0,5397992.0,5397994.0,0.0922476
1781623800,5397994.0,5397994.0,5397994.0,5397994.0,0.0
1781624700,5397994.0,5397994.0,5397994.0,5397994.0,0.0
1781625600,5055050.0,5055050.0,5055050.0,5055050.0,0.005273
1781626500,5055050.0,5055050.0,5055050.0,5055050.0,0.0
1781627400,5055050.0,5055050.0,5055050.0,5055050.0,0.0
1781628300,5055050.0,5055050.0,5055050.0,5055050.0,0.0
1781629200,5055226.0,5055226.0,5055226.0,5055226.0,0.00614605
1781630100,5055226.0,5055226.0,5055226.0,5055226.0,0.0
1781631000,5055226.0,5055226.0,5055226.0,5055226.0,0.0
1781631900,5055226.0,5055226.0,5055226.0,5055226.0,0.0
1781632800,5055226.0,5055226.0,5055226.0,5055226.0,0.0
1781633700,5397992.0,5397992.0,5397992.0,5397992.0,0.00368989
1781634600,5055310.0,5055310.0,5055310.0,5055310.0,0.00217368
1781635500,5055310.0,5055310.0,5055310.0,5055310.0,0.0
1781636400,5055310.0,5055310.0,5055310.0,5055310.0,0.0
1781637300,5055310.0,5055310.0,5055310.0,5055310.0,0.0
1781638200,5397972.0,5398956.0,5397972.0,5398956.0,0.19320318
1781639100,5398956.0,5398956.0,5398956.0,5398956.0,0.0
1781640000,5398956.0,5398956.0,5398956.0,5398956.0,0.0
1781640900,5398956.0,5398956.0,5398956.0,5398956.0,0.0
1781641800,5398956.0,5398956.0,5398956.0,5398956.0,0.0
1781642700,5398956.0,5398956.0,5398956.0,5398956.0,0.0
1781643600,5398956.0,5398956.0,5398956.0,5398956.0,0.0
1781644500,5398956.0,5398956.0,5398956.0,5398956.0,0.0
1781645400,5398952.0,5398952.0,5398952.0,5398952.0,0.00887931
1781646300,5398952.0,5398952.0,5398952.0,5398952.0,0.00211763
1781647200,5398952.0,5398952.0,5398952.0,5398952.0,0.0
1781648100,5398952.0,5398952.0,5398952.0,5398952.0,0.0
1781649000,5398952.0,5398952.0,5398952.0,5398952.0,0.0
1781649900,5398952.0,5398952.0,5398952.0,5398952.0,0.0
1781650800,5398952.0,5398952.0,5398952.0,5398952.0,0.0
1781651700,5398952.0,5398952.0,5398952.0,5398952.0,0.0
1781652600,5398952.0,5398952.0,5398952.0,5398952.0,0.0
1781653500,5398952.0,5398952.0,5398952.0,5398952.0,0.0
1781654400,5398952.0,5398952.0,5398952.0,5398952.0,0.0
1781655300,5398952.0,5398952.0,5398952.0,5398952.0,0.0
1781656200,5257133.0,5257133.0,5057000.0,5057000.0,0.575
1781657100,5398939.0,5398941.0,5398939.0,5398941.0,0.03205536
1781658000,5398941.0,5398941.0,5398941.0,5398941.0,0.0
1781658900,5398935.0,5398940.0,5057036.0,5057036.0,0.09540483
1781659800,5057036.0,5057036.0,5057036.0,5057036.0,0.0
1781660700,5057036.0,5057036.0,5057036.0,5057036.0,0.0
1781661600,5057036.0,5057036.0,5057036.0,5057036.0,0.0
1781662500,5057096.0,5057096.0,5057095.0,5057095.0,0.03382613
1781663400,5057095.0,5057095.0,5057095.0,5057095.0,0.0
1781664300,5057095.0,5057095.0,5057095.0,5057095.0,0.0
1781665200,5398854.0,5398854.0,5057128.0,5057128.0,0.00534324
1781666100,5398830.0,5398830.0,5398830.0,5398830.0,0.00349612
1781667000,5398814.0,5398814.0,5398814.0,5398814.0,0.00386955
1781667900,5398814.0,5398814.0,5398814.0,5398814.0,0.0
1781668800,5398776.0,5398776.0,5398776.0,5398776.0,0.00193692
1781669700,5398776.0,5398776.0,5398776.0,5398776.0,0.0
1781670600,5398776.0,5398776.0,5398776.0,5398776.0,0.0
1781671500,5398874.0,5398874.0,5398874.0,5398874.0,0.00442703
1781672400,5398902.0,5398902.0,5398902.0,5398902.0,0.00263146
1781673300,5257692.0,5257692.0,5257692.0,5257692.0,0.00359359
1781674200,5257692.0,5257692.0,5257692.0,5257692.0,0.0
1781675100,5398854.0,5398854.0,5398854.0,5398854.0,0.00454948
1781676000,5398854.0,5398854.0,5398854.0,5398854.0,0.0
1781676900,5257717.0,5257717.0,5257717.0,5257717.0,0.00211763
1781677800,5257717.0,5257717.0,5257717.0,5257717.0,0.0
1781678700,5257717.0,5257717.0,5257717.0,5257717.0,0.0
1781679600,5257717.0,5257717.0,5257717.0,5257717.0,0.0
1781680500,5257722.0,5257722.0,5257722.0,5257722.0,0.0098417
1781681400,5257736.0,5257736.0,5257736.0,5257736.0,0.00548588
1781682300,5398836.0,5398836.0,5398836.0,5398836.0,0.00487697
1781683200,5398819.0,5398819.0,5398819.0,5398819.0,0.00312346
1781684100,5398819.0,5398819.0,5398819.0,5398819.0,0.0
1781685000,5398816.0,5398864.0,5398816.0,5398864.0,0.01454315
1781685900,5398864.0,5398864.0,5398864.0,5398864.0,0.0
1781686800,5398864.0,5398864.0,5398864.0,5398864.0,0.0
1781687700,5398859.0,5398859.0,5398859.0,5398859.0,0.00273539
1781688600,5398860.0,5398864.0,5398860.0,5398864.0,0.16485719
1781689500,5398864.0,5398864.0,5398864.0,5398864.0,0.0
1781690400,5398864.0,5398864.0,5398864.0,5398864.0,0.00184464
1781691300,5398864.0,5398864.0,5398864.0,5398864.0,0.0
1781692200,5398864.0,5398864.0,5398864.0,5398864.0,0.0
1781693100,5398864.0,5398910.0,5257731.0,5257731.0,0.01197162
1781694000,5257731.0,5257731.0,5257731.0,5257731.0,0.0
1781694900,5398906.0,5398906.0,5398906.0,5398906.0,0.00676396
1781695800,5398906.0,5398906.0,5398906.0,5398906.0,0.0
1781696700,5257764.0,5398905.0,5257764.0,5398905.0,0.00442473
1781697600,5257795.0,5398895.0,5257795.0,5398895.0,0.10497629
1781698500,5398901.0,5398901.0,5398901.0,5398901.0,0.00368926
1781699400,5257770.0,5257770.0,5257770.0,5257770.0,0.00386955
1781700300,5397991.0,5397991.0,5397991.0,5397991.0,0.00184494
1781701200,5257778.0,5257778.0,5257778.0,5257778.0,0.01821101
1781702100,5257825.0,5397976.0,5257824.0,5397976.0,0.01735861
1781703000,5257886.0,5410000.0,5257886.0,5410000.0,0.11364132
1781703900,5409996.0,5409996.0,5409996.0,5409996.0,0.00184085
1781704800,5409996.0,5409996.0,5409996.0,5409996.0,0.0
1781705700,5257940.0,5257940.0,5257940.0,5257940.0,0.00368989
1781706600,5257940.0,5257940.0,5257940.0,5257940.0,0.0
1781707500,5257940.0,5257940.0,5257940.0,5257940.0,0.0
1781708400,5399996.0,5399996.0,5257989.0,5257989.0,0.01139002
1781709300,5257989.0,5257989.0,5257989.0,5257989.0,0.0
1781710200,5257989.0,5257989.0,5257989.0,5257989.0,0.0
1781711100,5257989.0,5257989.0,5257989.0,5257989.0,0.0
1781712000,5400000.0,5400000.0,5257990.0,5257990.0,0.00922166
1781712900,5257990.0,5257990.0,5257990.0,5257990.0,0.0
1781713800,5257990.0,5257990.0,5257990.0,5257990.0,0.00276547
1781714700,5257990.0,5257990.0,5257990.0,5257990.0,0.0
1781715600,5257990.0,5257990.0,5257990.0,5257990.0,0.0
1781716500,5257990.0,5257990.0,5257990.0,5257990.0,0.0
1781717400,5257990.0,5257990.0,5257990.0,5257990.0,0.0
1781718300,5257990.0,5257990.0,5257990.0,5257990.0,0.0
1781719200,5400000.0,5400000.0,5400000.0,5400000.0,0.0142898
1781720100,5400000.0,5400000.0,5400000.0,5400000.0,0.0
1781721000,5399990.0,5399990.0,5399990.0,5399990.0,0.0081226
1781721900,5399990.0,5399990.0,5399990.0,5399990.0,0.0
1781722800,5399974.0,5399974.0,5399974.0,5399974.0,0.00289205
1781723700,5399974.0,5399974.0,5399974.0,5399974.0,0.0
1781724600,5399974.0,5399974.0,5399974.0,5399974.0,0.0
1781725500,5399974.0,5399974.0,5399974.0,5399974.0,0.0
1781726400,5257921.0,5257921.0,5257921.0,5257921.0,0.03022734
1781727300,5257921.0,5257935.0,5257921.0,5257935.0,0.07983054
1781728200,5257935.0,5257935.0,5257935.0,5257935.0,0.0
1781729100,5257935.0,5257935.0,5257935.0,5257935.0,0.0
1781730000,5400000.0,5400000.0,5400000.0,5400000.0,0.00184425
1781730900,5400000.0,5400000.0,5400000.0,5400000.0,0.0
1781731800,5400000.0,5400000.0,5400000.0,5400000.0,0.0
1781732700,5400000.0,5400000.0,5400000.0,5400000.0,0.0
1781733600,5400000.0,5400000.0,5400000.0,5400000.0,0.0
1781734500,5400000.0,5400000.0,5400000.0,5400000.0,0.0
1781735400,5400000.0,5409995.0,5400000.0,5409995.0,0.00938446
1781736300,5409995.0,5409995.0,5409995.0,5409995.0,0.0
1781737200,5409995.0,5409995.0,5409995.0,5409995.0,0.0
1781738100,5409995.0,5409995.0,5409995.0,5409995.0,0.0
1781739000,5409996.0,5409996.0,5409996.0,5409996.0,0.00184085
1781739900,5409996.0,5409996.0,5409996.0,5409996.0,0.0
1781740800,5409951.0,5409951.0,5409951.0,5409951.0,0.0018416
1781741700,5409975.0,5409986.0,5409975.0,5409986.0,0.02320341
1781742600,5409986.0,5409986.0,5409986.0,5409986.0,0.0
1781743500,5409986.0,5409986.0,5409986.0,5409986.0,0.0
1781744400,5409794.0,5409794.0,5409794.0,5409794.0,0.15007299
1781745300,5409794.0,5409794.0,5409794.0,5409794.0,0.0
1781746200,5409794.0,5409794.0,5409794.0,5409794.0,0.0
1781747100,5257924.0,5257924.0,5257920.0,5257924.0,0.00925883
1781748000,5257924.0,5257924.0,5257924.0,5257924.0,0.0
1781748900,5257924.0,5257924.0,5257924.0,5257924.0,0.0
1781749800,5257924.0,5257924.0,5257924.0,5257924.0,0.0
1781750700,5409996.0,5409996.0,5409996.0,5409996.0,0.00262162
1781751600,5409996.0,5409996.0,5409996.0,5409996.0,0.0
1781752500,5409921.0,5409921.0,5409921.0,5409921.0,0.00352925
1781753400,5409865.0,5410000.0,5257925.0,5257925.0,0.0431312
1781754300,5257925.0,5257925.0,5257925.0,5257925.0,0.0
1781755200,5257925.0,5257925.0,5257925.0,5257925.0,0.0
1781756100,5409981.0,5409981.0,5257929.0,5257929.0,0.00878865
1781757000,5257929.0,5257929.0,5257929.0,5257929.0,0.0
1781757900,5257929.0,5257929.0,5257929.0,5257929.0,0.0
1781758800,5257955.0,5257955.0,5257955.0,5257955.0,0.00532623
1781759700,5257955.0,5257955.0,5257955.0,5257955.0,0.0
1781760600,5257955.0,5257955.0,5257955.0,5257955.0,0.0
1781761500,5257955.0,5257955.0,5257955.0,5257955.0,0.0
1781762400,5257955.0,5257955.0,5257955.0,5257955.0,0.0
1781763300,5257955.0,5257955.0,5257955.0,5257955.0,0.0
1781764200,5258022.0,5258022.0,5257920.0,5257920.0,0.01737235
1781765100,5257920.0,5257920.0,5257920.0,5257920.0,0.00263146
1781766000,5257920.0,5257920.0,5257920.0,5257920.0,0.0
1781766900,5257920.0,5257920.0,5257920.0,5257920.0,0.0
1781767800,5409922.0,5409922.0,5257915.0,5257915.0,0.02962455
1781768700,5257915.0,5257915.0,5257915.0,5257915.0,0.00640116
1781769600,5409921.0,5409922.0,5409921.0,5409922.0,0.02766842
1781770500,5409922.0,5409922.0,5409922.0,5409922.0,0.0
1781771400,5409922.0,5409922.0,5409922.0,5409922.0,0.0
1781772300,5409913.0,5409913.0,5257919.0,5257919.0,0.00551906
1781773200,5257919.0,5257919.0,5257919.0,5257919.0,0.0
1781774100,5257919.0,5257919.0,5257919.0,5257919.0,0.0
1781775000,5257919.0,5257919.0,5257919.0,5257919.0,0.0
1781775900,5257919.0,5257919.0,5257919.0,5257919.0,0.0
1781776800,5257919.0,5257919.0,5257919.0,5257919.0,0.0
1781777700,5257919.0,5257919.0,5257919.0,5257919.0,0.0
1781778600,5257919.0,5257919.0,5257919.0,5257919.0,0.0
1781779500,5257919.0,5257919.0,5257919.0,5257919.0,0.0
1781780400,5257919.0,5257919.0,5257919.0,5257919.0,0.0
1781781300,5409899.0,5409899.0,5409899.0,5409899.0,0.00184088
1781782200,5257924.0,5257924.0,5257924.0,5257924.0,0.01401023
1781783100,5257924.0,5257924.0,5257924.0,5257924.0,0.0
1781784000,5257915.0,5257915.0,5257915.0,5257915.0,0.04010867
1781784900,5257915.0,5257915.0,5257915.0,5257915.0,0.0
1781785800,5257915.0,5257915.0,5257915.0,5257915.0,0.0
1781786700,5257915.0,5257915.0,5257915.0,5257915.0,0.0
1781787600,5257915.0,5257915.0,5257915.0,5257915.0,0.0
1781788500,5257915.0,5257915.0,5257915.0,5257915.0,0.0
1781789400,5257915.0,5257915.0,5257915.0,5257915.0,0.0
1781790300,5257915.0,5257915.0,5257915.0,5257915.0,0.0
1781791200,5257915.0,5257915.0,5257915.0,5257915.0,0.0
1781792100,5257915.0,5257915.0,5257915.0,5257915.0,0.0
1781793000,5257915.0,5257915.0,5257915.0,5257915.0,0.0
1781793900,5257915.0,5257915.0,5257915.0,5257915.0,0.0
1781794800,5409890.0,5409890.0,5409890.0,5409890.0,0.00276123
1781795700,5409890.0,5409890.0,5257930.0,5257930.0,0.00473182
1781796600,5257930.0,5257930.0,5257930.0,5257930.0,0.0
1781797500,5409796.0,5409796.0,5409796.0,5409796.0,0.003021
1781798400,5406999.0,5407000.0,5406996.0,5406996.0,0.01059774
1781799300,5406996.0,5406996.0,5406996.0,5406996.0,0.0
1781800200,5406996.0,5406996.0,5406996.0,5406996.0,0.0
1781801100,5406996.0,5406996.0,5406996.0,5406996.0,0.0
1781802000,5258034.0,5258034.0,5258034.0,5258034.0,0.00349934
1781802900,5258034.0,5258034.0,5258034.0,5258034.0,0.0
1781803800,5258066.0,5258066.0,5258066.0,5258066.0,0.00698127
1781804700,5258066.0,5258066.0,5258066.0,5258066.0,0.0
1781805600,5258066.0,5258066.0,5258066.0,5258066.0,0.0
1781806500,5258066.0,5258066.0,5258066.0,5258066.0,0.0
1781807400,5258066.0,5258066.0,5258066.0,5258066.0,0.0
1781808300,5258066.0,5258066.0,5258066.0,5258066.0,0.0
1781809200,5258186.0,5258186.0,5258186.0,5258186.0,0.00487697
1781810100,5258186.0,5258186.0,5258186.0,5258186.0,0.0
1781811000,5258186.0,5258186.0,5258186.0,5258186.0,0.0
1781811900,5258186.0,5258186.0,5258186.0,5258186.0,0.0
1781812800,5258186.0,5258186.0,5258186.0,5258186.0,0.0
1781813700,5258186.0,5258186.0,5258186.0,5258186.0,0.0
1781814600,5258186.0,5258186.0,5258186.0,5258186.0,0.01921134
1781815500,5257945.0,5257945.0,5257939.0,5257939.0,0.58034403
1781816400,5257939.0,5257939.0,5257939.0,5257939.0,0.0
1781817300,5257939.0,5257939.0,5257939.0,5257939.0,0.0
1781818200,5257939.0,5257939.0,5257939.0,5257939.0,0.0
1781819100,5257939.0,5257939.0,5257939.0,5257939.0,0.0
1781820000,5257939.0,5257939.0,5257939.0,5257939.0,0.0
1781820900,5257939.0,5257939.0,5257939.0,5257939.0,0.0
1781821800,5257939.0,5257939.0,5257939.0,5257939.0,0.0
1781822700,5257939.0,5257939.0,5257939.0,5257939.0,0.0
1781823600,5257939.0,5257939.0,5257939.0,5257939.0,0.0
1781824500,5257939.0,5257939.0,5257939.0,5257939.0,0.0
1781825400,5257939.0,5257939.0,5257939.0,5257939.0,0.0
1781826300,5257939.0,5257939.0,5257939.0,5257939.0,0.0
1781827200,5257939.0,5257939.0,5257939.0,5257939.0,0.0
1781828100,5257939.0,5257939.0,5257939.0,5257939.0,0.0
1781829000,5257939.0,5257939.0,5257939.0,5257939.0,0.0
1781829900,5257922.0,5257922.0,5257920.0,5257920.0,0.02240197
1781830800,5257920.0,5257920.0,5257920.0,5257920.0,0.0
1781831700,5257920.0,5257920.0,5257920.0,5257920.0,0.0
1781832600,5257920.0,5257920.0,5257920.0,5257920.0,0.0
1781833500,5257919.0,5257919.0,5257919.0,5257919.0,0.003021
1781834400,5257919.0,5257919.0,5257919.0,5257919.0,0.0
1781835300,5257919.0,5257919.0,5257919.0,5257919.0,0.0
1781836200,5257919.0,5257919.0,5057107.0,5057107.0,0.32011409
1781837100,5057107.0,5057107.0,5057107.0,5057107.0,0.0
1781838000,5057107.0,5057107.0,5057107.0,5057107.0,0.0
1781838900,5057107.0,5057107.0,5057107.0,5057107.0,0.0
1781839800,5057204.0,5057204.0,5057204.0,5057204.0,0.00440675
1781840700,5057204.0,5057204.0,5057204.0,5057204.0,0.0
1781841600,5057204.0,5057204.0,5057204.0,5057204.0,0.0
1781842500,5057204.0,5057204.0,5057204.0,5057204.0,0.0
1781843400,5057204.0,5057204.0,5057204.0,5057204.0,0.0
1781844300,5057204.0,5057204.0,5057204.0,5057204.0,0.0
1781845200,5057370.0,5057370.0,5057370.0,5057370.0,0.01267711
1781846100,5057248.0,5057248.0,5057246.0,5057246.0,0.0048242
1781847000,5057246.0,5057246.0,5057246.0,5057246.0,0.0
1781847900,5279922.0,5279944.0,5279922.0,5279944.0,0.00944975
1781848800,5279944.0,5279944.0,5279944.0,5279944.0,0.0
1781849700,5279944.0,5279944.0,5279944.0,5279944.0,0.0
1781850600,5279986.0,5279986.0,5279986.0,5279986.0,0.00944093
1781851500,5279986.0,5279986.0,5279986.0,5279986.0,0.00855114
1781852400,5279986.0,5279986.0,5279986.0,5279986.0,0.0
1781853300,5279986.0,5279988.0,5279986.0,5279988.0,0.03608669
1781854200,5279988.0,5279988.0,5279988.0,5279988.0,0.10574677
1781855100,5279986.0,5279986.0,5279986.0,5279986.0,0.00452671
1781856000,5057294.0,5057294.0,5057292.0,5057292.0,0.02979043
1781856900,5057255.0,5057263.0,5057255.0,5057262.0,0.01396764
1781857800,5057262.0,5057262.0,5057262.0,5057262.0,0.0
1781858700,5057262.0,5057262.0,5057262.0,5057262.0,0.0
1781859600,5057262.0,5057262.0,5057262.0,5057262.0,0.0
1781860500,5279898.0,5279898.0,5279890.0,5279893.0,0.02281464
1781861400,5279898.0,5279899.0,5279898.0,5279899.0,0.01407621
1781862300,5057316.0,5057316.0,5057316.0,5057316.0,0.00449971
1781863200,5057316.0,5057316.0,5057316.0,5057316.0,0.0
1781864100,5057316.0,5057316.0,5057316.0,5057316.0,0.0
1781865000,5057316.0,5057316.0,5057316.0,5057316.0,0.0
1781865900,5057316.0,5057316.0,5057316.0,5057316.0,0.0
1781866800,5057316.0,5057316.0,5057316.0,5057316.0,0.0
1781867700,5279894.0,5279900.0,5279894.0,5279900.0,0.04711719
1781868600,5279900.0,5279900.0,5057420.0,5057420.0,0.03218735
1781869500,5057428.0,5279898.0,5057427.0,5279898.0,0.02294458
1781870400,5279898.0,5279898.0,5279898.0,5279898.0,0.0
1781871300,5057942.0,5279900.0,5057942.0,5279900.0,0.03699722
1781872200,5279898.0,5279898.0,5057956.0,5057956.0,0.0051588
1781873100,5057956.0,5057956.0,5057956.0,5057956.0,0.0
1781874000,5057956.0,5057956.0,5057956.0,5057956.0,0.0
1781874900,5057972.0,5279898.0,5057972.0,5279898.0,0.01607075
1781875800,5279898.0,5279900.0,5279898.0,5279900.0,0.03942574
1781876700,5279900.0,5279900.0,5279900.0,5279900.0,0.0
1781877600,5057977.0,5279899.0,5057977.0,5057977.0,0.0508709
1781878500,5057977.0,5057977.0,5057977.0,5057977.0,0.00198913
1781879400,5279899.0,5279899.0,5279899.0,5279899.0,0.00796056
1781880300,5279899.0,5279899.0,5279899.0,5279899.0,0.0
1781881200,5279899.0,5279899.0,5279899.0,5279899.0,0.00389344
1781882100,5279899.0,5279899.0,5279899.0,5279899.0,0.0
1781883000,5279899.0,5279899.0,5279899.0,5279899.0,0.0
1781883900,5058084.0,5279899.0,5058084.0,5279899.0,0.01236904
1781884800,5279899.0,5279899.0,5279899.0,5279899.0,0.0
1781885700,5279899.0,5279899.0,5279899.0,5279899.0,0.0
1781886600,5279899.0,5279899.0,5058012.0,5058012.0,0.00635847
1781887500,5058012.0,5058012.0,5058012.0,5058012.0,0.0
1781888400,5058012.0,5058012.0,5058012.0,5058012.0,0.0
1781889300,5058012.0,5058012.0,5058012.0,5058012.0,0.0
1781890200,5058012.0,5058012.0,5058012.0,5058012.0,0.0
1781891100,5058012.0,5058012.0,5058012.0,5058012.0,0.0
1781892000,5279894.0,5279896.0,5279894.0,5279896.0,0.00935056
1781892900,5279896.0,5279896.0,5279896.0,5279896.0,0.0
1781893800,5058218.0,5058218.0,5058218.0,5058218.0,0.00266813
1781894700,5058218.0,5058218.0,5058218.0,5058218.0,0.0
1781895600,5058218.0,5058218.0,5058218.0,5058218.0,0.0
1781896500,5058218.0,5058218.0,5058218.0,5058218.0,0.0
1781897400,5279894.0,5279894.0,5279894.0,5279894.0,0.00217352
1781898300,5279894.0,5279894.0,5279894.0,5279894.0,0.0
1781899200,5279894.0,5279894.0,5279894.0,5279894.0,0.0
1781900100,5279894.0,5279894.0,5279894.0,5279894.0,0.0
1781901000,5279894.0,5279894.0,5279894.0,5279894.0,0.0
1781901900,5279894.0,5279894.0,5279894.0,5279894.0,0.0
1781902800,5279894.0,5279894.0,5279894.0,5279894.0,0.0
1781903700,5279894.0,5279894.0,5279894.0,5279894.0,0.0
1781904600,5279894.0,5279894.0,5279894.0,5279894.0,0.0
1781905500,5279894.0,5279894.0,5279894.0,5279894.0,0.0
1781906400,5279894.0,5279894.0,5279894.0,5279894.0,0.0
1781907300,5279894.0,5279894.0,5279894.0,5279894.0,0.0
1781908200,5279894.0,5279894.0,5279894.0,5279894.0,0.0
1781909100,5279894.0,5279894.0,5279894.0,5279894.0,0.0
1781910000,5279896.0,5279896.0,5279896.0,5279896.0,0.00435557
1781910900,5279896.0,5279896.0,5279896.0,5279896.0,0.00404401
1781911800,5279896.0,5279896.0,5279896.0,5279896.0,0.0
1781912700,5279896.0,5279896.0,5279896.0,5279896.0,0.01038808
1781913600,5279896.0,5279896.0,5279896.0,5279896.0,0.0
1781914500,5279896.0,5279896.0,5279896.0,5279896.0,0.0
1781915400,5279896.0,5279896.0,5279896.0,5279896.0,0.0
1781916300,5279896.0,5279896.0,5279896.0,5279896.0,0.0
1781917200,5279896.0,5279896.0,5279896.0,5279896.0,0.0
1781918100,5198238.0,5198238.0,5198238.0,5198238.0,0.00796056
1781919000,5198238.0,5198238.0,5198238.0,5198238.0,0.0
1781919900,5279895.0,5279895.0,5279895.0,5279895.0,0.0040353
1781920800,5279895.0,5279895.0,5279895.0,5279895.0,0.0
1781921700,5279895.0,5279895.0,5279895.0,5279895.0,0.0
1781922600,5279895.0,5279895.0,5279895.0,5279895.0,0.0
1781923500,5279895.0,5279895.0,5279895.0,5279895.0,0.0
1781924400,5279895.0,5279895.0,5279895.0,5279895.0,0.00228792
1781925300,5279895.0,5279895.0,5279895.0,5279895.0,0.0
1781926200,5279895.0,5279896.0,5279895.0,5279896.0,0.02650715
1781927100,5198243.0,5198243.0,5198243.0,5198243.0,0.01854713
1781928000,5279896.0,5279896.0,5058242.0,5058242.0,0.08054141
1781928900,5058246.0,5058246.0,5058246.0,5058246.0,0.01054337
1781929800,5279896.0,5279896.0,5279896.0,5279896.0,0.00563249
1781930700,5279896.0,5279896.0,5279896.0,5279896.0,0.0
1781931600,5279896.0,5279896.0,5279896.0,5279896.0,0.0
1781932500,5279896.0,5279896.0,5279896.0,5279896.0,0.0
1781933400,5279896.0,5279896.0,5279896.0,5279896.0,0.0
1781934300,5279896.0,5279896.0,5279896.0,5279896.0,0.0
1781935200,5279896.0,5279896.0,5279896.0,5279896.0,0.0
1781936100,5279896.0,5279896.0,5279896.0,5279896.0,0.0
1781937000,5279896.0,5279896.0,5279896.0,5279896.0,0.0
1781937900,5279896.0,5279896.0,5279896.0,5279896.0,0.0
1781938800,5279896.0,5279896.0,5279896.0,5279896.0,0.0
1781939700,5279896.0,5279896.0,5279896.0,5279896.0,0.0
1781940600,5279896.0,5279896.0,5279896.0,5279896.0,0.0
1781941500,5279896.0,5279896.0,5279896.0,5279896.0,0.0
1781942400,5279896.0,5279896.0,5279896.0,5279896.0,0.0
1781943300,5279896.0,5279896.0,5279896.0,5279896.0,0.0
1781944200,5279895.0,5279895.0,5279895.0,5279895.0,0.00279872
1781945100,5279895.0,5279895.0,5279895.0,5279895.0,0.0
1781946000,5279895.0,5279895.0,5279895.0,5279895.0,0.0
1781946900,5279895.0,5279895.0,5279895.0,5279895.0,0.0
1781947800,5279895.0,5279895.0,5279895.0,5279895.0,0.01995285
1781948700,5279895.0,5279895.0,5279895.0,5279895.0,0.0
1781949600,5279895.0,5279895.0,5210010.0,5210010.0,0.01839806
1781950500,5210010.0,5210010.0,5210010.0,5210010.0,0.00546531
1781951400,5210010.0,5210010.0,5210010.0,5210010.0,0.0
1781952300,5060010.0,5060010.0,5060000.0,5060000.0,0.21831004
1781953200,5060000.0,5060000.0,5060000.0,5060000.0,0.0
1781954100,5162880.0,5162880.0,5162880.0,5162880.0,0.02147561
1781955000,5060002.0,5279879.0,5060002.0,5279879.0,0.0046702
1781955900,5060002.0,5060002.0,5060000.0,5060000.0,0.02012662
1781956800,5060000.0,5060000.0,5060000.0,5060000.0,0.01140055
1781957700,5162868.0,5162868.0,5162868.0,5162868.0,0.0065727
1781958600,5060000.0,5060000.0,5060000.0,5060000.0,0.00328635
1781959500,5060000.0,5060000.0,5060000.0,5060000.0,0.02650715
1781960400,5060000.0,5060000.0,5060000.0,5060000.0,0.0
1781961300,5162868.0,5162868.0,5162868.0,5162868.0,0.009259
1781962200,5162868.0,5162868.0,5162868.0,5162868.0,0.0
1781963100,5162868.0,5162868.0,5162868.0,5162868.0,0.0
1781964000,5060000.0,5060000.0,5058241.0,5058241.0,0.06351192
1781964900,5058241.0,5058241.0,5058241.0,5058241.0,0.0
1781965800,5058241.0,5058241.0,5058241.0,5058241.0,0.0023074
1781966700,5058241.0,5058241.0,5058241.0,5058241.0,0.0
1781967600,5058241.0,5058241.0,5058241.0,5058241.0,0.0040353
1781968500,5058241.0,5058241.0,5058241.0,5058241.0,0.0
1781969400,5058241.0,5058241.0,5058236.0,5058236.0,0.09233957
1781970300,5058236.0,5058236.0,5058236.0,5058236.0,0.0
1781971200,5058236.0,5058236.0,5058236.0,5058236.0,0.00492073
1781972100,5058236.0,5058236.0,5058236.0,5058236.0,0.0
1781973000,5058236.0,5058236.0,5058236.0,5058236.0,0.0
1781973900,5058236.0,5058236.0,5058236.0,5058236.0,0.0
1781974800,5058236.0,5058236.0,5058236.0,5058236.0,0.0
1781975700,5058236.0,5058236.0,5058236.0,5058236.0,0.0
1781976600,5058236.0,5058236.0,5058236.0,5058236.0,0.01293981
1781977500,5058236.0,5058236.0,5058236.0,5058236.0,0.0
1781978400,5058236.0,5058236.0,5058236.0,5058236.0,0.0
1781979300,5058236.0,5058236.0,5058236.0,5058236.0,0.0
1781980200,5058236.0,5058236.0,5058236.0,5058236.0,0.0
1781981100,5058236.0,5058236.0,5058236.0,5058236.0,0.0
1781982000,5162868.0,5162868.0,5162868.0,5162868.0,0.00230627
1781982900,5162868.0,5162868.0,5162868.0,5162868.0,0.0
1781983800,5058236.0,5058236.0,5058236.0,5058236.0,0.00289205
1781984700,5058236.0,5058236.0,5058236.0,5058236.0,0.0
1781985600,5058236.0,5058236.0,5058236.0,5058236.0,0.0
1781986500,5058236.0,5058236.0,5058236.0,5058236.0,0.0
1781987400,5058236.0,5058236.0,5058236.0,5058236.0,0.0
1781988300,5058236.0,5058236.0,5058236.0,5058236.0,0.0
1781989200,5058236.0,5058236.0,5058236.0,5058236.0,0.0
1781990100,5058236.0,5058236.0,5058236.0,5058236.0,0.0
1781991000,5162868.0,5162868.0,5162868.0,5162868.0,0.00655759
1781991900,5058299.0,5058299.0,5058299.0,5058299.0,0.00655759
1781992800,5058299.0,5058299.0,5058299.0,5058299.0,0.0
1781993700,5058299.0,5058299.0,5058299.0,5058299.0,0.0
1781994600,5058299.0,5058299.0,5058299.0,5058299.0,0.0
1781995500,5058299.0,5058299.0,5058299.0,5058299.0,0.0
1781996400,5058299.0,5058299.0,5058299.0,5058299.0,0.0
1781997300,5058299.0,5058299.0,5058299.0,5058299.0,0.0
1781998200,5058299.0,5058299.0,5058299.0,5058299.0,0.0
1781999100,5162868.0,5279020.0,5162868.0,5279020.0,0.18470869
1782000000,5279020.0,5279020.0,5279020.0,5279020.0,0.0
1782000900,5279020.0,5279020.0,5279020.0,5279020.0,0.0
1782001800,5279020.0,5279020.0,5279020.0,5279020.0,0.0
1782002700,5279020.0,5279020.0,5279020.0,5279020.0,0.0
1782003600,5279019.0,5279019.0,5279019.0,5279019.0,0.00661922
1782004500,5279019.0,5279019.0,5279019.0,5279019.0,0.0
1782005400,5158304.0,5158304.0,5158304.0,5158304.0,0.00246023
1782006300,5158304.0,5158304.0,5158304.0,5158304.0,0.0
1782007200,5279019.0,5279019.0,5158304.0,5279019.0,0.01717723
1782008100,5279019.0,5279019.0,5279019.0,5279019.0,0.0
1782009000,5279019.0,5279019.0,5279019.0,5279019.0,0.00943262
1782009900,5279019.0,5279019.0,5279019.0,5279019.0,0.0
1782010800,5279019.0,5279019.0,5279019.0,5279019.0,0.0
1782011700,5279019.0,5279019.0,5279019.0,5279019.0,0.0
1782012600,5279019.0,5279019.0,5279019.0,5279019.0,0.0
1782013500,5279019.0,5279019.0,5279019.0,5279019.0,0.00377304
1782014400,5279019.0,5279019.0,5279019.0,5279019.0,0.00443112
1782015300,5279019.0,5279019.0,5279019.0,5279019.0,0.0
1782016200,5279019.0,5279019.0,5279019.0,5279019.0,0.00439399
1782017100,5279019.0,5279019.0,5279019.0,5279019.0,0.0
1782018000,5279019.0,5279019.0,5279019.0,5279019.0,0.0
1782018900,5158305.0,5158305.0,5158305.0,5158305.0,0.01318984
1782019800,5158305.0,5158305.0,5158305.0,5158305.0,0.0
1782020700,5158305.0,5158305.0,5158305.0,5158305.0,0.0
1782021600,5158305.0,5158305.0,5158305.0,5158305.0,0.0
1782022500,5158305.0,5158305.0,5158305.0,5158305.0,0.00747893
1782023400,5158305.0,5158305.0,5158305.0,5158305.0,0.0
1782024300,5158305.0,5158305.0,5158305.0,5158305.0,0.0
1782025200,5158305.0,5158305.0,5158305.0,5158305.0,0.0
1782026100,5158305.0,5158305.0,5158305.0,5158305.0,0.0
1782027000,5158305.0,5158305.0,5158305.0,5158305.0,0.0
1782027900,5158305.0,5158305.0,5158305.0,5158305.0,0.0
1782028800,5158305.0,5158305.0,5158305.0,5158305.0,0.0
1782029700,5158305.0,5158305.0,5158305.0,5158305.0,0.0
1782030600,5158305.0,5158305.0,5158305.0,5158305.0,0.0
1782031500,5260019.0,5260019.0,5260019.0,5260019.0,0.00262147
1782032400,5260019.0,5260019.0,5260019.0,5260019.0,0.0
1782033300,5260019.0,5260019.0,5260019.0,5260019.0,0.0
1782034200,5260019.0,5260019.0,5260019.0,5260019.0,0.0
1782035100,5158305.0,5260019.0,5158304.0,5158304.0,0.02322718
1782036000,5260019.0,5279019.0,5158304.0,5158304.0,0.05278587
1782036900,5158304.0,5158304.0,5158304.0,5158304.0,0.0
1782037800,5158304.0,5158304.0,5158304.0,5158304.0,0.0
1782038700,5279019.0,5279019.0,5279019.0,5279019.0,0.00238358
1782039600,5279019.0,5279019.0,5279019.0,5279019.0,0.02335736
1782040500,5279019.0,5279019.0,5279019.0,5279019.0,0.0
1782041400,5279019.0,5279019.0,5279019.0,5279019.0,0.00943262
1782042300,5279019.0,5279019.0,5279019.0,5279019.0,0.0
1782043200,5279019.0,5279019.0,5279019.0,5279019.0,0.03337059
1782044100,5158305.0,5158305.0,5158305.0,5158305.0,0.03337059
1782045000,5279018.0,5279018.0,5058900.0,5058900.0,0.1254538
1782045900,5058900.0,5058900.0,5058900.0,5058900.0,0.0
1782046800,5279018.0,5279018.0,5058904.0,5058904.0,0.03525885
1782047700,5058904.0,5058904.0,5058904.0,5058904.0,0.0
1782048600,5278994.0,5278997.0,5278994.0,5278997.0,0.02835463
1782049500,5278997.0,5278997.0,5278997.0,5278997.0,0.0
1782050400,5278997.0,5278997.0,5278997.0,5278997.0,0.0
1782051300,5059006.0,5059006.0,5059006.0,5059006.0,0.00563249
1782052200,5059006.0,5059006.0,5059005.0,5059005.0,0.0048972
1782053100,5278994.0,5278994.0,5059006.0,5059006.0,0.01096419
1782054000,5059006.0,5059006.0,5059006.0,5059006.0,0.0
1782054900,5278994.0,5278997.0,5278994.0,5278997.0,0.0028297
1782055800,5278994.0,5278997.0,5278994.0,5278997.0,0.00445179
1782056700,5278997.0,5278997.0,5278997.0,5278997.0,0.0
1782057600,5278997.0,5278997.0,5278997.0,5278997.0,0.0
1782058500,5278997.0,5278997.0,5278997.0,5278997.0,0.0
1782059400,5059006.0,5059006.0,5059005.0,5059005.0,0.01643847
1782060300,5059005.0,5059005.0,5059005.0,5059005.0,0.0
1782061200,5059005.0,5059005.0,5059005.0,5059005.0,0.0
1782062100,5059006.0,5059006.0,5059006.0,5059006.0,0.0028297
1782063000,5059006.0,5059006.0,5059006.0,5059006.0,0.00765375
1782063900,5059006.0,5059006.0,5059006.0,5059006.0,0.0
1782064800,5059006.0,5059006.0,5059006.0,5059006.0,0.0
1782065700,5059006.0,5059006.0,5059006.0,5059006.0,0.0
1782066600,5059006.0,5059006.0,5059006.0,5059006.0,0.0
1782067500,5059006.0,5059006.0,5059006.0,5059006.0,0.0
1782068400,5059006.0,5059006.0,5059006.0,5059006.0,0.0
1782069300,5059006.0,5059006.0,5059006.0,5059006.0,0.0
1782070200,5059005.0,5278992.0,5059005.0,5278992.0,0.02958265
1782071100,5278992.0,5278992.0,5278992.0,5278992.0,0.0
1782072000,5278992.0,5278992.0,5278992.0,5278992.0,0.0
1782072900,5278984.0,5278984.0,5278984.0,5278984.0,0.00269085
1782073800,5278972.0,5278972.0,5059005.0,5059005.0,0.0052082
1782074700,5059005.0,5059005.0,5059005.0,5059005.0,0.0
1782075600,5278970.0,5278970.0,5278970.0,5278970.0,0.00297842
1782076500,5278970.0,5278970.0,5278970.0,5278970.0,0.0
1782077400,5278970.0,5278970.0,5278970.0,5278970.0,0.0
1782078300,5278970.0,5278970.0,5278970.0,5278970.0,0.0
1782079200,5278970.0,5278970.0,5278970.0,5278970.0,0.0
1782080100,5066002.0,5066002.0,5066000.0,5066000.0,0.00966324
1782081000,5066000.0,5066000.0,5066000.0,5066000.0,0.0
1782081900,5066000.0,5066000.0,5066000.0,5066000.0,0.0
1782082800,5066000.0,5066000.0,5066000.0,5066000.0,0.0
1782083700,5066000.0,5066000.0,5066000.0,5066000.0,0.0
1782084600,5066900.0,5066900.0,5066900.0,5066900.0,0.00238358
1782085500,5066900.0,5066900.0,5066900.0,5066900.0,0.0
1782086400,5066900.0,5066900.0,5066900.0,5066900.0,0.0
1782087300,5066900.0,5066900.0,5066900.0,5066900.0,0.0
1782088200,5066900.0,5066900.0,5066900.0,5066900.0,0.0
1782089100,5249998.0,5249998.0,5249998.0,5249998.0,0.00935505
1782090000,5249998.0,5249998.0,5249998.0,5249998.0,0.0
1782090900,5249998.0,5249998.0,5249998.0,5249998.0,0.0
1782091800,5249998.0,5249998.0,5249998.0,5249998.0,0.0
1782092700,5249998.0,5249998.0,5249998.0,5249998.0,0.0
1782093600,5249998.0,5249998.0,5249998.0,5249998.0,0.0
1782094500,5249998.0,5249998.0,5249998.0,5249998.0,0.0
1782095400,5248998.0,5248998.0,5248998.0,5248998.0,0.00838293
1782096300,5248998.0,5248998.0,5066906.0,5066906.0,0.00562064
1782097200,5066906.0,5066906.0,5066906.0,5066906.0,0.0
1782098100,5066906.0,5066906.0,5066906.0,5066906.0,0.0
1782099000,5066999.0,5066999.0,5066999.0,5066999.0,0.00536175
1782099900,5067000.0,5067000.0,5067000.0,5067000.0,0.00299532
1782100800,5068001.0,5068001.0,5068001.0,5068001.0,0.00838293
1782101700,5068001.0,5068001.0,5068001.0,5068001.0,0.0
1782102600,5248986.0,5248988.0,5248986.0,5248988.0,0.00379463
1782103500,5248988.0,5248988.0,5248988.0,5248988.0,0.0
1782104400,5248988.0,5248988.0,5248988.0,5248988.0,0.0
1782105300,5248988.0,5248988.0,5248988.0,5248988.0,0.0
1782106200,5248988.0,5248988.0,5248988.0,5248988.0,0.0
1782107100,5248988.0,5248988.0,5248988.0,5248988.0,0.0
1782108000,5248986.0,5248986.0,5248986.0,5248986.0,0.00622996
1782108900,5076001.0,5076001.0,5076001.0,5076001.0,0.00622996
1782109800,5076001.0,5076001.0,5076001.0,5076001.0,0.0
1782110700,5076001.0,5076001.0,5076001.0,5076001.0,0.0
1782111600,5248986.0,5248987.0,5248986.0,5248987.0,0.0055424
1782112500,5248987.0,5248987.0,5248987.0,5248987.0,0.0
1782113400,5248987.0,5248987.0,5248987.0,5248987.0,0.00284588
1782114300,5100001.0,5100001.0,5100001.0,5100001.0,0.00804588
1782115200,5100001.0,5100001.0,5100001.0,5100001.0,0.00943147
1782116100,5248450.0,5248450.0,5248450.0,5248450.0,0.01755699
1782117000,5248450.0,5250000.0,5248450.0,5250000.0,0.66405915
1782117900,5250000.0,5250000.0,5250000.0,5250000.0,0.0
1782118800,5250000.0,5250000.0,5250000.0,5250000.0,0.0
1782119700,5250000.0,5250000.0,5250000.0,5250000.0,0.0
1782120600,5250000.0,5250000.0,5250000.0,5250000.0,0.0
1782121500,5250000.0,5250000.0,5250000.0,5250000.0,0.0
1782122400,5250000.0,5250000.0,5250000.0,5250000.0,0.0
1782123300,5250000.0,5250000.0,5250000.0,5250000.0,0.0
1782124200,5126353.0,5126353.0,5126353.0,5126353.0,0.01749281
1782125100,5126353.0,5126353.0,5126353.0,5126353.0,0.0
1782126000,5126353.0,5126353.0,5126353.0,5126353.0,0.0
1782126900,5268795.0,5268795.0,5268795.0,5268795.0,0.0094513
1782127800,5268795.0,5278974.0,5268795.0,5278974.0,0.14829394
1782128700,5125001.0,5125001.0,5125001.0,5125001.0,0.00297842
1782129600,5125001.0,5125001.0,5125001.0,5125001.0,0.0
1782130500,5125001.0,5125001.0,5125001.0,5125001.0,0.0
1782131400,5125001.0,5125001.0,5125001.0,5125001.0,0.00715117
1782132300,5125001.0,5125001.0,5125001.0,5125001.0,0.0
1782133200,5125001.0,5125001.0,5125001.0,5125001.0,0.0
1782134100,5125001.0,5125001.0,5125001.0,5125001.0,0.0
1782135000,5278974.0,5279019.0,5278974.0,5279019.0,0.10800426
1782135900,5279019.0,5279019.0,5279019.0,5279019.0,0.0
1782136800,5279019.0,5279019.0,5279019.0,5279019.0,0.0
1782137700,5279019.0,5279019.0,5279019.0,5279019.0,0.0
1782138600,5279019.0,5279019.0,5279019.0,5279019.0,0.0
1782139500,5279019.0,5324990.0,5279019.0,5324990.0,0.0031571
1782140400,5125018.0,5125018.0,5125018.0,5125018.0,0.00612368
1782141300,5125018.0,5125018.0,5125018.0,5125018.0,0.0
1782142200,5125018.0,5125018.0,5125018.0,5125018.0,0.0
1782143100,5125022.0,5125022.0,5125022.0,5125022.0,0.01469222
1782144000,5125026.0,5324988.0,5125023.0,5324988.0,0.02044364
1782144900,5324988.0,5324988.0,5324988.0,5324988.0,0.0
1782145800,5324988.0,5324988.0,5324988.0,5324988.0,0.0
1782146700,5324988.0,5324988.0,5324988.0,5324988.0,0.00436583
1782147600,5324988.0,5324988.0,5324988.0,5324988.0,0.0
1782148500,5324988.0,5324988.0,5324988.0,5324988.0,0.0
1782149400,5324988.0,5324988.0,5324988.0,5324988.0,0.0
1782150300,5324988.0,5324988.0,5324988.0,5324988.0,0.0
1782151200,5324988.0,5324988.0,5324988.0,5324988.0,0.00464357
1782152100,5324988.0,5324988.0,5324988.0,5324988.0,0.0
1782153000,5324988.0,5324988.0,5324988.0,5324988.0,0.0
1782153900,5324988.0,5324988.0,5324988.0,5324988.0,0.0
1782154800,5324988.0,5324988.0,5324988.0,5324988.0,0.00187023
1782155700,5324988.0,5324988.0,5324988.0,5324988.0,0.0
1782156600,5125032.0,5125032.0,5125032.0,5125032.0,0.00199454
1782157500,5125032.0,5125032.0,5125032.0,5125032.0,0.0
1782158400,5125032.0,5125032.0,5125032.0,5125032.0,0.0
1782159300,5125032.0,5125032.0,5125032.0,5125032.0,0.0
1782160200,5125032.0,5125032.0,5125032.0,5125032.0,0.0
1782161100,5125032.0,5125032.0,5125032.0,5125032.0,0.0
1782162000,5125032.0,5125032.0,5125032.0,5125032.0,0.0
1782162900,5125032.0,5125032.0,5125032.0,5125032.0,0.0
1782163800,5125032.0,5125032.0,5125032.0,5125032.0,0.0
1782164700,5125032.0,5125032.0,5125032.0,5125032.0,0.00289104
1782165600,5125032.0,5125032.0,5125032.0,5125032.0,0.0
1782166500,5125032.0,5125032.0,5125032.0,5125032.0,0.0
1782167400,5125032.0,5125032.0,5125032.0,5125032.0,0.0
1782168300,5294502.0,5294502.0,5125032.0,5125032.0,0.01226588
1782169200,5125032.0,5125032.0,5125032.0,5125032.0,0.0
1782170100,5125032.0,5125032.0,5125032.0,5125032.0,0.0
1782171000,5125032.0,5125032.0,5125032.0,5125032.0,0.0
1782171900,5125032.0,5125032.0,5125032.0,5125032.0,0.0
1782172800,5125032.0,5125032.0,5125032.0,5125032.0,0.0
1782173700,5125032.0,5125032.0,5125032.0,5125032.0,0.0
1782174600,5125032.0,5125032.0,5125032.0,5125032.0,0.0
1782175500,5125032.0,5125032.0,5125032.0,5125032.0,0.0
1782176400,5294502.0,5324990.0,5294502.0,5324990.0,0.00374142
1782177300,5324990.0,5404887.0,5324990.0,5404887.0,0.0204479
1782178200,5125043.0,5125043.0,5125043.0,5125043.0,0.00348812
1782179100,5404887.0,5404887.0,5125044.0,5125044.0,0.00547475
1782180000,5125044.0,5125044.0,5125044.0,5125044.0,0.0
1782180900,5125044.0,5125044.0,5125044.0,5125044.0,0.0
1782181800,5125044.0,5125044.0,5125044.0,5125044.0,0.0
1782182700,5125044.0,5125044.0,5125044.0,5125044.0,0.0
1782183600,5125044.0,5125044.0,5125044.0,5125044.0,0.0
1782184500,5125044.0,5125044.0,5125044.0,5125044.0,0.0
1782185400,5125044.0,5125044.0,5125044.0,5125044.0,0.0
1782186300,5125044.0,5125044.0,5125044.0,5125044.0,0.0
1782187200,5125044.0,5125044.0,5125044.0,5125044.0,0.0
1782188100,5327532.0,5327532.0,5327532.0,5327532.0,0.00214245
1782189000,5327532.0,5327532.0,5327532.0,5327532.0,0.0
1782189900,5327532.0,5327532.0,5327532.0,5327532.0,0.0
1782190800,5327532.0,5327532.0,5327532.0,5327532.0,0.0
1782191700,5327532.0,5327532.0,5327532.0,5327532.0,0.0
1782192600,5327532.0,5327532.0,5327532.0,5327532.0,0.0
1782193500,5327532.0,5327532.0,5327532.0,5327532.0,0.0
1782194400,5327534.0,5327534.0,5327534.0,5327534.0,0.00827511
1782195300,5327534.0,5335226.0,5327534.0,5335226.0,0.01868333
1782196200,5335226.0,5335226.0,5335226.0,5335226.0,0.0
1782197100,5315037.0,5315037.0,5301926.0,5303277.0,0.01185153
1782198000,5303277.0,5303277.0,5303277.0,5303277.0,0.0
1782198900,5151001.0,5151001.0,5151001.0,5151001.0,0.00260551
1782199800,5151001.0,5151001.0,5151001.0,5151001.0,0.0
1782200700,5151001.0,5151001.0,5151001.0,5151001.0,0.0
1782201600,5151001.0,5151001.0,5151001.0,5151001.0,0.0
1782202500,5151001.0,5151001.0,5151001.0,5151001.0,0.0
1782203400,5151001.0,5151001.0,5151001.0,5151001.0,0.00352143
1782204300,5303277.0,5335226.0,5303277.0,5335226.0,0.01123019
1782205200,5335226.0,5335226.0,5335226.0,5335226.0,0.0037333
1782206100,5335226.0,5335226.0,5335226.0,5335226.0,0.0
1782207000,5335226.0,5335226.0,5335226.0,5335226.0,0.0
1782207900,5151001.0,5151001.0,5151001.0,5151001.0,0.00279872
1782208800,5151001.0,5151001.0,5151001.0,5151001.0,0.0
1782209700,5335226.0,5335226.0,5335226.0,5335226.0,0.06424188
1782210600,5335226.0,5335226.0,5335226.0,5335226.0,0.0
1782211500,5335226.0,5335226.0,5335226.0,5335226.0,0.0
1782212400,5335226.0,5335226.0,5335226.0,5335226.0,0.0
1782213300,5335226.0,5335226.0,5335226.0,5335226.0,0.0
1782214200,5162001.0,5162001.0,5162001.0,5162001.0,0.01949321
1782215100,5162001.0,5162001.0,5162001.0,5162001.0,0.00849923
1782216000,5162001.0,5162001.0,5162001.0,5162001.0,0.0
1782216900,5162001.0,5162001.0,5162001.0,5162001.0,0.0
1782217800,5162001.0,5162001.0,5162001.0,5162001.0,0.0
1782218700,5335226.0,5335226.0,5335226.0,5335226.0,0.00649344
1782219600,5335226.0,5335226.0,5335226.0,5335226.0,0.0
1782220500,5335226.0,5335226.0,5335226.0,5335226.0,0.0019255
1782221400,5335226.0,5335226.0,5335226.0,5335226.0,0.0037333
1782222300,5335226.0,5335226.0,5335226.0,5335226.0,0.00205202
1782223200,5335226.0,5335226.0,5335226.0,5335226.0,0.01614626
1782224100,5335226.0,5335226.0,5162002.0,5162002.0,0.01402419
1782225000,5162002.0,5162002.0,5162002.0,5162002.0,0.0
1782225900,5162002.0,5162002.0,5162002.0,5162002.0,0.0
1782226800,5162004.0,5162004.0,5162001.0,5162001.0,0.0119824
1782227700,5335226.0,5335226.0,5335226.0,5335226.0,0.00988392
1782228600,5335226.0,5335226.0,5335226.0,5335226.0,0.0
1782229500,5162001.0,5334206.0,5162001.0,5334206.0,0.00462714
1782230400,5334206.0,5334206.0,5334206.0,5334206.0,0.0
1782231300,5334206.0,5334206.0,5334206.0,5334206.0,0.0
1782232200,5335226.0,5335226.0,5162001.0,5162001.0,0.0056003
1782233100,5162001.0,5162001.0,5162001.0,5162001.0,0.0
1782234000,5162001.0,5162001.0,5162001.0,5162001.0,0.0
1782234900,5162001.0,5162001.0,5162001.0,5162001.0,0.0
1782235800,5162001.0,5162001.0,5162001.0,5162001.0,0.0
1782236700,5335226.0,5343289.0,5335226.0,5343289.0,0.00372958
1782237600,5343289.0,5343289.0,5343289.0,5343289.0,0.0
1782238500,5162003.0,5162003.0,5162003.0,5162003.0,0.00259702
1782239400,5162003.0,5162003.0,5162003.0,5162003.0,0.0
1782240300,5162003.0,5162003.0,5162003.0,5162003.0,0.0
1782241200,5162003.0,5162003.0,5162003.0,5162003.0,0.0
1782242100,5162003.0,5162003.0,5162003.0,5162003.0,0.0
1782243000,5162003.0,5162003.0,5162003.0,5162003.0,0.0
1782243900,5162001.0,5162001.0,5162001.0,5162001.0,0.00439399
1782244800,5162001.0,5162001.0,5162001.0,5162001.0,0.0
1782245700,5162001.0,5162001.0,5162001.0,5162001.0,0.0
1782246600,5162002.0,5162002.0,5162002.0,5162002.0,0.00464357
1782247500,5162002.0,5162002.0,5162002.0,5162002.0,0.01039368
1782248400,5162002.0,5162002.0,5162002.0,5162002.0,0.0
1782249300,5404072.0,5404072.0,5404072.0,5404072.0,0.00184286
1782250200,5404074.0,5404074.0,5404074.0,5404074.0,0.0070123
1782251100,5404074.0,5404074.0,5404074.0,5404074.0,0.0
1782252000,5404064.0,5404074.0,5162001.0,5162001.0,0.01513764
1782252900,5404074.0,5404074.0,5404074.0,5404074.0,0.00184286
1782253800,5404074.0,5404074.0,5404074.0,5404074.0,0.0
1782254700,5403965.0,5403965.0,5162002.0,5162002.0,0.00552866
1782255600,5404074.0,5404074.0,5404074.0,5404074.0,0.00184286
1782256500,5404074.0,5404074.0,5162002.0,5162002.0,0.00552858
1782257400,5162002.0,5162002.0,5162002.0,5162002.0,0.0
1782258300,5162002.0,5162002.0,5162002.0,5162002.0,0.0
1782259200,5162002.0,5162002.0,5162002.0,5162002.0,0.00205202
1782260100,5162002.0,5162002.0,5162002.0,5162002.0,0.0
1782261000,5162002.0,5162002.0,5162002.0,5162002.0,0.0
1782261900,5162002.0,5162002.0,5162002.0,5162002.0,0.0
1782262800,5162002.0,5162002.0,5162002.0,5162002.0,0.0
1782263700,5162002.0,5162002.0,5162002.0,5162002.0,0.0
1782264600,5162002.0,5162002.0,5162002.0,5162002.0,0.0
1782265500,5162002.0,5162002.0,5162002.0,5162002.0,0.0
1782266400,5162002.0,5162002.0,5162002.0,5162002.0,0.0
1782267300,5162002.0,5162002.0,5162002.0,5162002.0,0.0
1782268200,5162002.0,5162002.0,5162002.0,5162002.0,0.0
1782269100,5162006.0,5162006.0,5162006.0,5162006.0,0.00454948
1782270000,5162006.0,5162006.0,5162006.0,5162006.0,0.0
1782270900,5162006.0,5162006.0,5162006.0,5162006.0,0.0
1782271800,5162006.0,5162006.0,5162006.0,5162006.0,0.0
1782272700,5162006.0,5162006.0,5162006.0,5162006.0,0.0
1782273600,5399092.0,5399092.0,5162001.0,5399088.0,0.01687398
1782274500,5399088.0,5399088.0,5399088.0,5399088.0,0.00832974
1782275400,5399088.0,5399088.0,5399088.0,5399088.0,0.0
1782276300,5399087.0,5399087.0,5399087.0,5399087.0,0.0251974
1782277200,5399087.0,5399087.0,5399087.0,5399087.0,0.0
1782278100,5399087.0,5399087.0,5399087.0,5399087.0,0.0
1782279000,5399087.0,5399087.0,5399087.0,5399087.0,0.0
1782279900,5399087.0,5399087.0,5399087.0,5399087.0,0.0
1782280800,5399087.0,5399087.0,5162504.0,5162504.0,0.00484152
1782281700,5399084.0,5399084.0,5399084.0,5399084.0,0.00184457
1782282600,5399084.0,5399084.0,5399084.0,5399084.0,0.0
1782283500,5399084.0,5399084.0,5399084.0,5399084.0,0.0
1782284400,5398999.0,5398999.0,5398999.0,5398999.0,0.00891628
1782285300,5398999.0,5398999.0,5398999.0,5398999.0,0.0
1782286200,5398999.0,5398999.0,5398999.0,5398999.0,0.0073784
1782287100,5398999.0,5398999.0,5398999.0,5398999.0,0.0
1782288000,5162002.0,5162002.0,5162002.0,5162002.0,0.0097466
1782288900,5162002.0,5162002.0,5162001.0,5162001.0,0.00952324
1782289800,5162001.0,5162001.0,5162001.0,5162001.0,0.0
1782290700,5162001.0,5162001.0,5162001.0,5162001.0,0.0
1782291600,5398594.0,5398999.0,5398594.0,5398999.0,0.17376642
1782292500,5398999.0,5398999.0,5398999.0,5398999.0,0.0
1782293400,5162004.0,5162004.0,5162002.0,5162002.0,0.02150826
1782294300,5162002.0,5162002.0,5162002.0,5162002.0,0.0
1782295200,5398996.0,5398999.0,5398996.0,5398999.0,0.06348363
1782296100,5398999.0,5398999.0,5398999.0,5398999.0,0.0
1782297000,5398999.0,5398999.0,5398999.0,5398999.0,0.0
1782297900,5162508.0,5162508.0,5162508.0,5162508.0,0.00196706
1782298800,5162508.0,5162508.0,5162508.0,5162508.0,0.0
1782299700,5162508.0,5162508.0,5162508.0,5162508.0,0.0
1782300600,5162508.0,5162508.0,5162002.0,5162002.0,0.17376642
1782301500,5162002.0,5162002.0,5162002.0,5162002.0,0.0
1782302400,5398994.0,5398994.0,5162090.0,5162090.0,0.0056147
1782303300,5398988.0,5398988.0,5398988.0,5398988.0,0.0041441
1782304200,5162092.0,5162092.0,5162091.0,5162091.0,0.02277051
1782305100,5162091.0,5162091.0,5162091.0,5162091.0,0.0
1782306000,5398986.0,5398991.0,5398986.0,5398991.0,0.09806169
1782306900,5398991.0,5398991.0,5398991.0,5398991.0,0.0
1782307800,5398991.0,5398991.0,5398991.0,5398991.0,0.0
1782308700,5398991.0,5398991.0,5398991.0,5398991.0,0.0
1782309600,5398991.0,5398991.0,5398991.0,5398991.0,0.0
1782310500,5162554.0,5162554.0,5162554.0,5162554.0,0.00379463
1782311400,5162554.0,5162554.0,5162554.0,5162554.0,0.0
1782312300,5398988.0,5398991.0,5398988.0,5398991.0,0.00554474
1782313200,5162554.0,5162554.0,5162090.0,5162090.0,0.19571495
1782314100,5162090.0,5162090.0,5162090.0,5162090.0,0.0
1782315000,5398984.0,5398984.0,5398984.0,5398984.0,0.00952531
1782315900,5398982.0,5398984.0,5398982.0,5398984.0,0.02029066
1782316800,5398984.0,5398984.0,5398984.0,5398984.0,0.0
1782317700,5398984.0,5398984.0,5398984.0,5398984.0,0.002193
1782318600,5398984.0,5398984.0,5398984.0,5398984.0,0.0
1782319500,5398983.0,5398983.0,5398983.0,5398983.0,0.00316096
1782320400,5183046.0,5398980.0,5183046.0,5398980.0,0.02282082
1782321300,5398980.0,5398980.0,5398980.0,5398980.0,0.00276941
1782322200,5398980.0,5398980.0,5398980.0,5398980.0,0.0
1782323100,5398980.0,5398980.0,5398980.0,5398980.0,0.0
1782324000,5398980.0,5398980.0,5398980.0,5398980.0,0.0
1782324900,5398980.0,5398980.0,5398980.0,5398980.0,0.0
1782325800,5398980.0,5398980.0,5398980.0,5398980.0,0.0
1782326700,5398980.0,5398980.0,5398980.0,5398980.0,0.0
1782327600,5398980.0,5398980.0,5398980.0,5398980.0,0.0
1782328500,5398980.0,5398980.0,5398980.0,5398980.0,0.0
1782329400,5398981.0,5398981.0,5398981.0,5398981.0,0.01414025
1782330300,5398981.0,5398981.0,5398981.0,5398981.0,0.0
1782331200,5398981.0,5398981.0,5398981.0,5398981.0,0.0
1782332100,5398981.0,5398981.0,5398981.0,5398981.0,0.0
1782333000,5398980.0,5398980.0,5398980.0,5398980.0,0.0388753
1782333900,5398980.0,5398980.0,5398980.0,5398980.0,0.0
1782334800,5183046.0,5183046.0,5183035.0,5183035.0,0.0388753
1782335700,5183035.0,5183035.0,5183035.0,5183035.0,0.0
1782336600,5183035.0,5183035.0,5183035.0,5183035.0,0.0
1782337500,5183035.0,5183035.0,5183035.0,5183035.0,0.0
1782338400,5183035.0,5183035.0,5183035.0,5183035.0,0.0
1782339300,5183035.0,5183035.0,5183035.0,5183035.0,0.0
1782340200,5398956.0,5398956.0,5398956.0,5398956.0,0.00202891
1782341100,5398956.0,5398956.0,5398956.0,5398956.0,0.0
1782342000,5398891.0,5398891.0,5398891.0,5398891.0,0.00664617
1782342900,5183052.0,5183052.0,5183051.0,5183051.0,0.00664617
1782343800,5183051.0,5183051.0,5183051.0,5183051.0,0.0
1782344700,5183105.0,5183105.0,5183105.0,5183105.0,0.0094026
1782345600,5183105.0,5183105.0,5183105.0,5183105.0,0.0
1782346500,5183105.0,5183105.0,5183105.0,5183105.0,0.0
1782347400,5398140.0,5398140.0,5398140.0,5398140.0,0.01051343
1782348300,5183096.0,5183096.0,5183090.0,5183090.0,0.0922476
1782349200,5398030.0,5398030.0,5183090.0,5183090.0,0.00438186
1782350100,5183090.0,5183090.0,5183090.0,5183090.0,0.0
1782351000,5183090.0,5183090.0,5183090.0,5183090.0,0.0
1782351900,5183090.0,5183090.0,5183090.0,5183090.0,0.0
1782352800,5183090.0,5183090.0,5183090.0,5183090.0,0.0
1782353700,5397976.0,5397976.0,5397976.0,5397976.0,0.00184495
1782354600,5397976.0,5397976.0,5397976.0,5397976.0,0.0
1782355500,5397838.0,5397838.0,5183112.0,5183112.0,0.01124376
1782356400,5183112.0,5183112.0,5183112.0,5183112.0,0.0
1782357300,5183092.0,5183092.0,5183090.0,5183090.0,0.00226717
1782358200,5183090.0,5183090.0,5183090.0,5183090.0,0.0
1782359100,5397878.0,5397880.0,5397878.0,5397880.0,0.0645748
1782360000,5397874.0,5397874.0,5397873.0,5397873.0,0.00783215
1782360900,5397873.0,5397873.0,5397873.0,5397873.0,0.0
1782361800,5397873.0,5397873.0,5397873.0,5397873.0,0.0
1782362700,5397873.0,5397873.0,5397873.0,5397873.0,0.0
1782363600,5397873.0,5397873.0,5397873.0,5397873.0,0.0
1782364500,5397873.0,5397873.0,5397873.0,5397873.0,0.0
1782365400,5397873.0,5397873.0,5397873.0,5397873.0,0.0
1782366300,5397873.0,5397873.0,5397873.0,5397873.0,0.0
1782367200,5183506.0,5183506.0,5183506.0,5183506.0,0.018799
1782368100,5183506.0,5183506.0,5183506.0,5183506.0,0.0
1782369000,5183506.0,5183506.0,5183506.0,5183506.0,0.0
1782369900,5183506.0,5183506.0,5183506.0,5183506.0,0.0
1782370800,5183506.0,5183506.0,5183504.0,5183504.0,0.0089766
1782371700,5183504.0,5183504.0,5183504.0,5183504.0,0.0
1782372600,5396664.0,5396664.0,5396664.0,5396664.0,0.01808487
1782373500,5396664.0,5396664.0,5396664.0,5396664.0,0.0
1782374400,5396664.0,5396664.0,5396664.0,5396664.0,0.0
1782375300,5183506.0,5183506.0,5183506.0,5183506.0,0.00456555
1782376200,5183506.0,5183506.0,5183506.0,5183506.0,0.0
1782377100,5183506.0,5396666.0,5183504.0,5396666.0,0.04122089
1782378000,5396666.0,5396666.0,5396666.0,5396666.0,0.0
1782378900,5396664.0,5396664.0,5396664.0,5396664.0,0.00461339
1782379800,5396664.0,5396664.0,5396664.0,5396664.0,0.0
1782380700,5396664.0,5396664.0,5396664.0,5396664.0,0.0
1782381600,5396664.0,5396664.0,5396664.0,5396664.0,0.0
1782382500,5190192.0,5190192.0,5183090.0,5183090.0,0.06010124
1782383400,5385382.0,5385382.0,5385382.0,5385382.0,0.0027064
1782384300,5385382.0,5385382.0,5385382.0,5385382.0,0.0
1782385200,5183092.0,5385372.0,5057204.0,5385372.0,0.0992319
1782386100,5385372.0,5385372.0,5385372.0,5385372.0,0.0
1782387000,5273664.0,5273664.0,5273664.0,5273664.0,0.00188844
1782387900,5273664.0,5273664.0,5273664.0,5273664.0,0.0
1782388800,5273664.0,5273664.0,5273664.0,5273664.0,0.0
1782389700,5273664.0,5273664.0,5273664.0,5273664.0,0.0
1782390600,5273664.0,5273664.0,5273664.0,5273664.0,0.0
1782391500,5273664.0,5273664.0,5273664.0,5273664.0,0.0
1782392400,5273664.0,5273664.0,5273664.0,5273664.0,0.0
1782393300,5273664.0,5273664.0,5273664.0,5273664.0,0.0
1782394200,5057208.0,5057208.0,5057107.0,5057107.0,0.10821682
1782395100,5057107.0,5057107.0,5057107.0,5057107.0,0.0
1782396000,5263998.0,5263998.0,5057107.0,5263998.0,0.00699432
1782396900,5057108.0,5057108.0,5057107.0,5057107.0,0.00281095
1782397800,5057107.0,5273660.0,5010373.0,5273660.0,0.15616507
1782398700,5273660.0,5273660.0,5273660.0,5273660.0,0.0
1782399600,5010374.0,5010374.0,5010373.0,5010373.0,0.00832974
1782400500,5010373.0,5010373.0,5010373.0,5010373.0,0.0
1782401400,5010373.0,5010373.0,5010373.0,5010373.0,0.0
1782402300,5010373.0,5010373.0,5010373.0,5010373.0,0.0
1782403200,5010373.0,5010373.0,5010373.0,5010373.0,0.0
1782404100,5000000.0,5000000.0,5000000.0,5000000.0,0.01138668
1782405000,5000000.0,5000000.0,5000000.0,5000000.0,0.0
1782405900,5000000.0,5000000.0,5000000.0,5000000.0,0.0
1782406800,5000000.0,5000000.0,4850382.0,4850382.0,0.14530361
1782407700,4850442.0,4850446.0,4850442.0,4850446.0,0.00986934
1782408600,5273414.0,5273414.0,5273414.0,5273414.0,0.00431712
1782409500,5273364.0,5273365.0,5273364.0,5273365.0,0.04352363
1782410400,5273365.0,5273365.0,5273365.0,5273365.0,0.0
1782411300,5273365.0,5273365.0,5273365.0,5273365.0,0.0
1782412200,5273365.0,5273365.0,5273365.0,5273365.0,0.0
1782413100,5273396.0,5273396.0,4850729.0,5273368.0,0.00877034
1782414000,5273368.0,5273368.0,5273368.0,5273368.0,0.0
1782414900,5273368.0,5273368.0,5273368.0,5273368.0,0.0
1782415800,4850874.0,4850874.0,4850874.0,4850874.0,0.00389344
1782416700,5272924.0,5272924.0,5272924.0,5272924.0,0.00191146
1782417600,5272924.0,5272924.0,5272924.0,5272924.0,0.0
1782418500,5272784.0,5272785.0,5272784.0,5272785.0,0.0025203
1782419400,5272785.0,5272785.0,5272785.0,5272785.0,0.0
1782420300,5272785.0,5272785.0,5272785.0,5272785.0,0.0
1782421200,5272785.0,5272785.0,5272785.0,5272785.0,0.0
1782422100,5272785.0,5272785.0,5272785.0,5272785.0,0.0
1782423000,5272785.0,5272785.0,5272785.0,5272785.0,0.0
1782423900,5272785.0,5272785.0,5272785.0,5272785.0,0.0
1782424800,5272785.0,5272785.0,5272785.0,5272785.0,0.0
1782425700,4851995.0,4851995.0,4851994.0,4851994.0,0.00938446
1782426600,4851994.0,4851994.0,4851994.0,4851994.0,0.0
1782427500,5269964.0,5269964.0,5269964.0,5269964.0,0.00801599
1782428400,5269964.0,5269964.0,5269964.0,5269964.0,0.0
1782429300,5269964.0,5269964.0,5269964.0,5269964.0,0.0
1782430200,5269964.0,5269964.0,5269964.0,5269964.0,0.0
1782431100,5269964.0,5269964.0,5269964.0,5269964.0,0.0
1782432000,5269964.0,5269964.0,5269964.0,5269964.0,0.0
1782432900,5269964.0,5269964.0,5269964.0,5269964.0,0.0
1782433800,5269964.0,5269964.0,5269964.0,5269964.0,0.0
1782434700,5269964.0,5269964.0,5269964.0,5269964.0,0.0
1782435600,5269964.0,5269964.0,5269964.0,5269964.0,0.0
1782436500,4854040.0,4854040.0,4854039.0,4854039.0,0.04352363
1782437400,4854039.0,4854039.0,4854039.0,4854039.0,0.0
1782438300,4854039.0,4854039.0,4854039.0,4854039.0,0.0
1782439200,4854039.0,4854039.0,4854039.0,4854039.0,0.0
1782440100,5268323.0,5268323.0,5268225.0,5268225.0,0.05183441
1782441000,4854367.0,4854394.0,4854367.0,4854394.0,0.04362502
1782441900,4854394.0,4854394.0,4854394.0,4854394.0,0.0
1782442800,4854394.0,4854394.0,4854394.0,4854394.0,0.0
1782443700,4854394.0,4854394.0,4854394.0,4854394.0,0.0
1782444600,4854394.0,4854394.0,4854394.0,4854394.0,0.0
1782445500,4854812.0,4854812.0,4854812.0,4854812.0,0.14829394
1782446400,5267397.0,5267397.0,5267378.0,5267378.0,0.00378137
1782447300,5267378.0,5267378.0,5267378.0,5267378.0,0.0
1782448200,5267378.0,5267378.0,5267378.0,5267378.0,0.0
1782449100,4855136.0,4855136.0,4855135.0,4855135.0,0.06424889
1782450000,4855135.0,4855135.0,4855135.0,4855135.0,0.0
1782450900,4855375.0,4855375.0,4855375.0,4855375.0,0.00316096
1782451800,5252127.0,5252127.0,5252127.0,5252127.0,0.00289977
1782452700,5252127.0,5252127.0,5252127.0,5252127.0,0.0
1782453600,5252127.0,5252127.0,5252127.0,5252127.0,0.0
1782454500,5252428.0,5252429.0,4855693.0,4855693.0,0.09990757
1782455400,4855693.0,4855693.0,4855693.0,4855693.0,0.0
1782456300,4855693.0,4855693.0,4855693.0,4855693.0,0.0
1782457200,5252141.0,5252141.0,5252096.0,5252096.0,0.01740263
1782458100,5252096.0,5252096.0,5252096.0,5252096.0,0.0
1782459000,4856156.0,5251900.0,4856154.0,5251900.0,0.34793439
1782459900,4856260.0,4856260.0,4856260.0,4856260.0,0.00690016
1782460800,4856260.0,4856260.0,4856260.0,4856260.0,0.0
1782461700,4856260.0,4856260.0,4856260.0,4856260.0,0.0
1782462600,4856260.0,4856260.0,4856260.0,4856260.0,0.0
1782463500,4856260.0,4856260.0,4856260.0,4856260.0,0.0
1782464400,4856260.0,4856260.0,4856260.0,4856260.0,0.0
1782465300,4856260.0,4856260.0,4856260.0,4856260.0,0.0
1782466200,5249832.0,5249832.0,5249815.0,5249815.0,0.018725
1782467100,5249815.0,5249815.0,5249815.0,5249815.0,0.0
1782468000,5249815.0,5249815.0,5249815.0,5249815.0,0.0
1782468900,5249815.0,5249815.0,5249815.0,5249815.0,0.0
1782469800,5249815.0,5249815.0,5249815.0,5249815.0,0.0
1782470700,5249815.0,5249815.0,5249815.0,5249815.0,0.0
1782471600,4900710.0,5249104.0,4900710.0,5249104.0,0.01185191
1782472500,4900742.0,4900742.0,4900742.0,4900742.0,0.0182734
1782473400,5248947.0,5248947.0,5248947.0,5248947.0,0.00379466
1782474300,5248947.0,5248947.0,5248947.0,5248947.0,0.0
1782475200,4900972.0,5248650.0,4900972.0,5248650.0,0.3314744
1782476100,4901054.0,4901054.0,4901054.0,4901054.0,0.00420195
1782477000,4901054.0,4901054.0,4901054.0,4901054.0,0.0
1782477900,5247745.0,5247745.0,5247745.0,5247745.0,0.00286103
1782478800,5247745.0,5247745.0,5247745.0,5247745.0,0.0
1782479700,5246876.0,5246876.0,5246876.0,5246876.0,0.0033883
1782480600,5246876.0,5246876.0,5246876.0,5246876.0,0.0
1782481500,5246876.0,5246876.0,5246876.0,5246876.0,0.0
1782482400,5246876.0,5246876.0,5246876.0,5246876.0,0.0
1782483300,5246876.0,5246876.0,5246876.0,5246876.0,0.0
1782484200,5245172.0,5245172.0,5245172.0,5245172.0,0.00537427
1782485100,5245172.0,5245172.0,5245172.0,5245172.0,0.0
1782486000,5245172.0,5245172.0,5245172.0,5245172.0,0.0
1782486900,5245172.0,5245172.0,5245172.0,5245172.0,0.0
1782487800,5245172.0,5245172.0,5245172.0,5245172.0,0.0
1782488700,5245172.0,5245172.0,5245172.0,5245172.0,0.0
1782489600,5245172.0,5245172.0,5245172.0,5245172.0,0.0
1782490500,5245172.0,5245172.0,5245172.0,5245172.0,0.0
1782491400,5245172.0,5245172.0,5245172.0,5245172.0,0.0
1782492300,5245172.0,5245172.0,5245172.0,5245172.0,0.0
1782493200,5245172.0,5245172.0,5245172.0,5245172.0,0.0
1782494100,5245172.0,5245172.0,5245172.0,5245172.0,0.0
1782495000,5245172.0,5245172.0,5245172.0,5245172.0,0.0
1782495900,5245172.0,5245172.0,5245172.0,5245172.0,0.0
1782496800,5245172.0,5245172.0,5245172.0,5245172.0,0.0
1782497700,5243189.0,5243189.0,5243189.0,5243189.0,0.00236268
1782498600,5243189.0,5243189.0,5243189.0,5243189.0,0.0
1782499500,5243189.0,5243189.0,5243189.0,5243189.0,0.0
1782500400,5243189.0,5243189.0,5243189.0,5243189.0,0.0
1782501300,5243189.0,5243189.0,5243189.0,5243189.0,0.0
1782502200,5243189.0,5243189.0,5243189.0,5243189.0,0.0
1782503100,5243189.0,5243189.0,5243189.0,5243189.0,0.0
1782504000,5243189.0,5243189.0,5243189.0,5243189.0,0.0
1782504900,5243189.0,5243189.0,5243189.0,5243189.0,0.0
1782505800,5243189.0,5243189.0,5243189.0,5243189.0,0.0
1782506700,5243189.0,5243189.0,5243189.0,5243189.0,0.0
1782507600,5000664.0,5000664.0,5000663.0,5000663.0,0.01177832
1782508500,5000663.0,5000663.0,5000663.0,5000663.0,0.0
1782509400,5000663.0,5000663.0,5000663.0,5000663.0,0.0
1782510300,5000663.0,5000663.0,5000663.0,5000663.0,0.0
1782511200,5000663.0,5000663.0,5000663.0,5000663.0,0.0
1782512100,5000663.0,5000663.0,5000663.0,5000663.0,0.0
1782513000,5000663.0,5000663.0,5000663.0,5000663.0,0.0
1782513900,5000663.0,5000663.0,5000663.0,5000663.0,0.0
1782514800,5000663.0,5000663.0,5000663.0,5000663.0,0.0
1782515700,5000663.0,5000663.0,5000663.0,5000663.0,0.0
1782516600,5000663.0,5000663.0,5000663.0,5000663.0,0.0
1782517500,5000663.0,5000663.0,5000663.0,5000663.0,0.0
1782518400,5000663.0,5000663.0,5000663.0,5000663.0,0.0
1782519300,5000663.0,5000663.0,5000663.0,5000663.0,0.0
1782520200,5000663.0,5000663.0,5000663.0,5000663.0,0.0
1782521100,5000663.0,5000663.0,5000663.0,5000663.0,0.0
1782522000,5001551.0,5242857.0,5001550.0,5242857.0,0.04266355
1782522900,5242857.0,5242857.0,5242857.0,5242857.0,0.0
1782523800,5242857.0,5242857.0,5242857.0,5242857.0,0.0
1782524700,5242857.0,5242857.0,5242857.0,5242857.0,0.0
1782525600,5244504.0,5244504.0,5244504.0,5244504.0,0.0026584
1782526500,5244504.0,5244504.0,5244504.0,5244504.0,0.0
1782527400,5244260.0,5244260.0,5244238.0,5244238.0,0.01418636
1782528300,5244238.0,5244238.0,5244238.0,5244238.0,0.0
1782529200,5244238.0,5244238.0,5244238.0,5244238.0,0.0
1782530100,5244238.0,5244238.0,5244238.0,5244238.0,0.0
1782531000,5002574.0,5002574.0,5002572.0,5002572.0,0.0541773
1782531900,5000804.0,5000804.0,5000804.0,5000804.0,0.00276941
1782532800,5000804.0,5000804.0,5000800.0,5000800.0,0.00475678
1782533700,5248677.0,5248677.0,5000815.0,5000815.0,0.15209812
1782534600,5000815.0,5000815.0,5000815.0,5000815.0,0.0
1782535500,5000815.0,5000815.0,5000815.0,5000815.0,0.0
1782536400,5248218.0,5248218.0,5248218.0,5248218.0,0.00189759
1782537300,5248218.0,5248218.0,5248218.0,5248218.0,0.0
1782538200,5247918.0,5247918.0,5247918.0,5247918.0,0.0018977
1782539100,5247918.0,5247918.0,5247918.0,5247918.0,0.0
1782540000,5247918.0,5247918.0,5247918.0,5247918.0,0.0
1782540900,5247918.0,5247918.0,5247918.0,5247918.0,0.0
1782541800,5246992.0,5246992.0,5246992.0,5246992.0,0.00202249
1782542700,5246910.0,5246910.0,5246910.0,5246910.0,0.00942383
1782543600,5246910.0,5246910.0,5246910.0,5246910.0,0.0
1782544500,5246910.0,5246910.0,5246910.0,5246910.0,0.0
1782545400,5246910.0,5246910.0,5246910.0,5246910.0,0.0
1782546300,5246910.0,5246910.0,5246910.0,5246910.0,0.0
1782547200,5246137.0,5246137.0,5246137.0,5246137.0,0.18850765
1782548100,5245566.0,5245566.0,4901427.0,5245530.0,0.00784015
1782549000,5245530.0,5245530.0,5245530.0,5245530.0,0.0
1782549900,5245530.0,5245530.0,5245530.0,5245530.0,0.0
1782550800,4901469.0,4901469.0,4901469.0,4901469.0,0.00923994
1782551700,4901469.0,4901469.0,4901469.0,4901469.0,0.0
1782552600,4901469.0,4901469.0,4901469.0,4901469.0,0.0
1782553500,4901469.0,4901469.0,4901469.0,4901469.0,0.0
1782554400,4901469.0,4901469.0,4901469.0,4901469.0,0.0
1782555300,4901469.0,4901469.0,4901469.0,4901469.0,0.0
1782556200,4901469.0,4901469.0,4901469.0,4901469.0,0.0
1782557100,4901469.0,4901469.0,4901469.0,4901469.0,0.0
1782558000,5143293.0,5143293.0,5143293.0,5143293.0,0.00348531
1782558900,4901792.0,4901792.0,4901514.0,4901514.0,0.03283866
1782559800,4901514.0,4901514.0,4901514.0,4901514.0,0.0
1782560700,4901514.0,4901514.0,4901514.0,4901514.0,0.0
1782561600,4901514.0,4901514.0,4901514.0,4901514.0,0.0
1782562500,4901514.0,4901514.0,4901514.0,4901514.0,0.0
1782563400,5142557.0,5142557.0,5142557.0,5142557.0,0.00193658
1782564300,5142420.0,5142420.0,4901404.0,4901404.0,0.10387153
1782565200,5142282.0,5142282.0,5142282.0,5142282.0,0.00380764
1782566100,5142282.0,5142282.0,5142282.0,5142282.0,0.0
1782567000,5142282.0,5142282.0,5142282.0,5142282.0,0.0
1782567900,4905080.0,4905080.0,4905080.0,4905080.0,0.02419369
1782568800,4905080.0,4905080.0,4905080.0,4905080.0,0.0
1782569700,4905080.0,4905080.0,4905080.0,4905080.0,0.0
1782570600,4905080.0,4905080.0,4905080.0,4905080.0,0.0
1782571500,4905080.0,4905080.0,4905080.0,4905080.0,0.0
1782572400,4905080.0,4905080.0,4905080.0,4905080.0,0.0
1782573300,4906026.0,4906026.0,4906026.0,4906026.0,0.00380735
1782574200,4906026.0,4906026.0,4906026.0,4906026.0,0.0
1782575100,5140716.0,5140716.0,5140716.0,5140716.0,0.01164682
1782576000,5140716.0,5140716.0,5140716.0,5140716.0,0.0
1782576900,4906199.0,4906199.0,4906001.0,4906001.0,0.01529376
1782577800,4906001.0,4906001.0,4906001.0,4906001.0,0.0
1782578700,4906001.0,4906001.0,4906001.0,4906001.0,0.0
1782579600,5140106.0,5140106.0,4906041.0,4906041.0,0.01892143
1782580500,5139917.0,5139917.0,5139917.0,5139917.0,0.00598978
1782581400,5139748.0,5139748.0,5139748.0,5139748.0,0.00668748
1782582300,5139748.0,5139748.0,5139748.0,5139748.0,0.0
1782583200,5139748.0,5139748.0,5139748.0,5139748.0,0.0
1782584100,5139748.0,5139748.0,5139748.0,5139748.0,0.0
1782585000,5139222.0,5139222.0,5139222.0,5139222.0,0.00193784
1782585900,5139222.0,5139222.0,5139222.0,5139222.0,0.0
1782586800,5139222.0,5139222.0,5139222.0,5139222.0,0.0
1782587700,5139222.0,5139222.0,5139222.0,5139222.0,0.0
1782588600,5139222.0,5139222.0,5139222.0,5139222.0,0.0
1782589500,5139222.0,5139222.0,5139222.0,5139222.0,0.0
1782590400,5139222.0,5139222.0,5139222.0,5139222.0,0.0
1782591300,5139222.0,5139222.0,5139222.0,5139222.0,0.0
1782592200,5139222.0,5139222.0,5139222.0,5139222.0,0.0
1782593100,5139222.0,5139222.0,5139222.0,5139222.0,0.0
1782594000,5139222.0,5139222.0,5139222.0,5139222.0,0.0
1782594900,5140050.0,5140050.0,5140050.0,5140050.0,0.00545811
1782595800,5140050.0,5140050.0,5140050.0,5140050.0,0.0
1782596700,5140050.0,5140050.0,5140050.0,5140050.0,0.0
1782597600,5140050.0,5140050.0,5140050.0,5140050.0,0.0
1782598500,5139266.0,5139266.0,5139266.0,5139266.0,0.00232523
1782599400,5139266.0,5139266.0,5139266.0,5139266.0,0.0
1782600300,5139266.0,5139266.0,5139266.0,5139266.0,0.0
1782601200,5139266.0,5139266.0,5139266.0,5139266.0,0.0
1782602100,4906567.0,4906567.0,4906567.0,4906567.0,0.0026584
1782603000,4906567.0,4906567.0,4906567.0,4906567.0,0.0
1782603900,4906567.0,4906567.0,4906567.0,4906567.0,0.0
1782604800,4906567.0,4906567.0,4906567.0,4906567.0,0.0
1782605700,4906567.0,4906567.0,4906567.0,4906567.0,0.0
1782606600,5140374.0,5140374.0,5140374.0,5140374.0,0.07710781
1782607500,5140374.0,5140374.0,5140374.0,5140374.0,0.0
1782608400,5140374.0,5140374.0,5140374.0,5140374.0,0.0
1782609300,5140374.0,5140374.0,5140374.0,5140374.0,0.0
1782610200,4906578.0,4906578.0,4906578.0,4906578.0,0.00285771
1782611100,4906751.0,4906751.0,4906750.0,4906750.0,0.02542341
1782612000,4906750.0,4906750.0,4906750.0,4906750.0,0.0
1782612900,4906750.0,4906750.0,4906750.0,4906750.0,0.0
1782613800,4906750.0,4906750.0,4906750.0,4906750.0,0.0
1782614700,4906956.0,4906956.0,4906956.0,4906956.0,0.00368914
1782615600,5140194.0,5140195.0,5140194.0,5140195.0,0.0193623
1782616500,5140195.0,5140195.0,5140195.0,5140195.0,0.0
1782617400,5140195.0,5140195.0,5140195.0,5140195.0,0.0
1782618300,5140195.0,5140195.0,5140195.0,5140195.0,0.0
1782619200,5140195.0,5140195.0,5140195.0,5140195.0,0.0
1782620100,5140195.0,5140195.0,5140195.0,5140195.0,0.0
1782621000,5140195.0,5140195.0,5140195.0,5140195.0,0.0
1782621900,5140195.0,5140195.0,5140195.0,5140195.0,0.0
1782622800,5140195.0,5140195.0,5140195.0,5140195.0,0.0
1782623700,4907140.0,4907140.0,4907140.0,4907140.0,0.0193623
1782624600,4907140.0,4907140.0,4907140.0,4907140.0,0.0
1782625500,4907140.0,4907140.0,4907140.0,4907140.0,0.0
1782626400,4907140.0,4907140.0,4907140.0,4907140.0,0.0
1782627300,4907140.0,4907140.0,4907140.0,4907140.0,0.0
1782628200,4907140.0,4907140.0,4907140.0,4907140.0,0.0
1782629100,4907140.0,4907140.0,4907140.0,4907140.0,0.0
1782630000,4906144.0,4906144.0,4906137.0,4906137.0,0.00948506
1782630900,4906137.0,4906137.0,4906133.0,4906133.0,0.18850765
1782631800,4906133.0,4906133.0,4906133.0,4906133.0,0.0
1782632700,4906133.0,4906133.0,4906133.0,4906133.0,0.0
1782633600,4906133.0,4906133.0,4906133.0,4906133.0,0.0
1782634500,4906133.0,4906133.0,4906133.0,4906133.0,0.0
1782635400,4906133.0,4906133.0,4906133.0,4906133.0,0.0
1782636300,5138922.0,5138922.0,5138922.0,5138922.0,0.00215317
1782637200,5138761.0,5138761.0,5138761.0,5138761.0,0.00193801
1782638100,5138761.0,5138761.0,5138761.0,5138761.0,0.0
1782639000,5138761.0,5138761.0,5138761.0,5138761.0,0.0
1782639900,5138761.0,5138761.0,5138761.0,5138761.0,0.0
1782640800,5138761.0,5138761.0,5138761.0,5138761.0,0.0
1782641700,5138761.0,5138761.0,5138761.0,5138761.0,0.0
1782642600,5137802.0,5137802.0,5137802.0,5137802.0,0.00484584
1782643500,4906341.0,4906341.0,4906341.0,4906341.0,0.0102339
1782644400,4906341.0,4906341.0,4906341.0,4906341.0,0.0
1782645300,4906341.0,4906341.0,4906341.0,4906341.0,0.0
1782646200,4906341.0,4906341.0,4906341.0,4906341.0,0.0
1782647100,5137005.0,5137005.0,5137005.0,5137005.0,0.00425539
1782648000,5136854.0,5136854.0,5136854.0,5136854.0,0.00449516
1782648900,5136854.0,5136854.0,5136854.0,5136854.0,0.0
1782649800,5136566.0,5136566.0,5136478.0,5136478.0,0.00660133
1782650700,4996162.0,4996162.0,4996162.0,4996162.0,0.00277018
1782651600,4996162.0,4996162.0,4996162.0,4996162.0,0.0
1782652500,4996162.0,4996162.0,4996162.0,4996162.0,0.0
1782653400,4996162.0,4996162.0,4996162.0,4996162.0,0.0
1782654300,5135875.0,5135875.0,5135875.0,5135875.0,0.00504159
1782655200,5135875.0,5135875.0,5135875.0,5135875.0,0.0
1782656100,5135875.0,5135875.0,5135875.0,5135875.0,0.0
1782657000,5135333.0,5135333.0,5135290.0,5135293.0,0.05832771
1782657900,5135293.0,5135293.0,5135293.0,5135293.0,0.0
1782658800,4996162.0,4996162.0,4926163.0,4926163.0,0.00598978
1782659700,4926163.0,4926163.0,4926163.0,4926163.0,0.0
1782660600,4926163.0,4926163.0,4926163.0,4926163.0,0.0
1782661500,4926163.0,4926163.0,4926163.0,4926163.0,0.0
1782662400,4926163.0,4926163.0,4926163.0,4926163.0,0.0
1782663300,4926163.0,4926163.0,4926163.0,4926163.0,0.0
1782664200,4926163.0,4926163.0,4926163.0,4926163.0,0.0
1782665100,4926163.0,4926163.0,4926163.0,4926163.0,0.0
1782666000,4926163.0,4926163.0,4926163.0,4926163.0,0.0
1782666900,4926163.0,4926163.0,4926163.0,4926163.0,0.0
1782667800,4926163.0,4926163.0,4926163.0,4926163.0,0.0
1782668700,4926163.0,4926163.0,4926163.0,4926163.0,0.0
1782669600,4926163.0,4926163.0,4926163.0,4926163.0,0.0
1782670500,4926163.0,4926163.0,4926163.0,4926163.0,0.0
1782671400,4926163.0,4926163.0,4926163.0,4926163.0,0.0
1782672300,5132824.0,5132824.0,5132824.0,5132824.0,0.00528169
1782673200,5132824.0,5132824.0,5132824.0,5132824.0,0.0
1782674100,5132824.0,5132824.0,5132824.0,5132824.0,0.0
1782675000,5132824.0,5132824.0,5132824.0,5132824.0,0.0
1782675900,5132824.0,5132824.0,5132824.0,5132824.0,0.0
1782676800,5132824.0,5132824.0,5132824.0,5132824.0,0.0
1782677700,5132824.0,5132824.0,5132824.0,5132824.0,0.0
1782678600,5132824.0,5132824.0,5132824.0,5132824.0,0.0
1782679500,5132824.0,5132824.0,5132824.0,5132824.0,0.0
1782680400,5132824.0,5132824.0,5132824.0,5132824.0,0.0
1782681300,5132824.0,5132824.0,5132824.0,5132824.0,0.0
1782682200,5132824.0,5132824.0,5132824.0,5132824.0,0.0
1782683100,5132824.0,5132824.0,5132824.0,5132824.0,0.0
1782684000,5132824.0,5132824.0,5132824.0,5132824.0,0.0
1782684900,5132824.0,5132824.0,5132824.0,5132824.0,0.0
1782685800,5132824.0,5132824.0,5132824.0,5132824.0,0.0
1782686700,5132824.0,5132824.0,5132824.0,5132824.0,0.0
1782687600,5132824.0,5132824.0,5132824.0,5132824.0,0.0
1782688500,5132824.0,5132824.0,5132824.0,5132824.0,0.0
1782689400,5132824.0,5132824.0,5132824.0,5132824.0,0.0
1782690300,5132824.0,5132824.0,5132824.0,5132824.0,0.0
1782691200,5132824.0,5132824.0,5132824.0,5132824.0,0.0
1782692100,5132824.0,5132824.0,5132824.0,5132824.0,0.0
1782693000,5132824.0,5132824.0,5132824.0,5132824.0,0.0
1782693900,5132824.0,5132824.0,5132824.0,5132824.0,0.0
1782694800,5132824.0,5132824.0,5132824.0,5132824.0,0.0
1782695700,5132824.0,5132824.0,5132824.0,5132824.0,0.0
1782696600,5132824.0,5132824.0,5132824.0,5132824.0,0.0
1782697500,5132824.0,5132824.0,5132824.0,5132824.0,0.0
1782698400,5132824.0,5132824.0,5132824.0,5132824.0,0.0
1782699300,5130496.0,5130497.0,5130496.0,5130497.0,0.0075977
1782700200,5130497.0,5130497.0,5130497.0,5130497.0,0.0
1782701100,5130497.0,5130497.0,5130497.0,5130497.0,0.07534489
1782702000,5130497.0,5130497.0,5130497.0,5130497.0,0.0
1782702900,5130497.0,5130497.0,5130497.0,5130497.0,0.0
1782703800,5130497.0,5130497.0,5130497.0,5130497.0,0.0
1782704700,5130497.0,5130497.0,5130497.0,5130497.0,0.0
1782705600,5130497.0,5130497.0,5130497.0,5130497.0,0.0
1782706500,4928698.0,4928704.0,4928698.0,4928702.0,0.02841512
1782707400,4928694.0,4928694.0,4928694.0,4928694.0,0.00232829
1782708300,4928694.0,4928694.0,4928694.0,4928694.0,0.0
1782709200,5141282.0,5141282.0,5141270.0,5141270.0,0.02075554
1782710100,5141270.0,5141270.0,5141270.0,5141270.0,0.0
1782711000,5141270.0,5141270.0,5141270.0,5141270.0,0.0
1782711900,5141270.0,5141270.0,5141270.0,5141270.0,0.0
1782712800,5141132.0,5141134.0,5141132.0,5141134.0,0.01940992
1782713700,5141134.0,5141134.0,5141134.0,5141134.0,0.0
1782714600,5141134.0,5141134.0,5141134.0,5141134.0,0.0
1782715500,5141134.0,5141134.0,5141134.0,5141134.0,0.0
1782716400,5141471.0,5141471.0,5141471.0,5141471.0,0.00225402
1782717300,4929431.0,4929431.0,4929431.0,4929431.0,0.00436583
1782718200,4929431.0,4929431.0,4929431.0,4929431.0,0.0
1782719100,4929582.0,4929582.0,4929582.0,4929582.0,0.00225402
1782720000,4929655.0,5141441.0,4929655.0,5141441.0,0.01104931
1782720900,5141441.0,5141441.0,5141441.0,5141441.0,0.0
1782721800,5141441.0,5141441.0,5141441.0,5141441.0,0.0
1782722700,5141111.0,5141111.0,5141111.0,5141111.0,0.00250121
1782723600,5141111.0,5141111.0,5141111.0,5141111.0,0.0
1782724500,5141111.0,5141111.0,5141111.0,5141111.0,0.0
1782725400,5140850.0,5140850.0,5140850.0,5140850.0,0.00193722
1782726300,5140850.0,5140850.0,5140850.0,5140850.0,0.0
1782727200,5140699.0,5140700.0,5140699.0,5140700.0,0.0136458
1782728100,5140700.0,5140700.0,5140700.0,5140700.0,0.0
1782729000,5140700.0,5140700.0,5140700.0,5140700.0,0.0
1782729900,5140700.0,5140700.0,5140700.0,5140700.0,0.0
1782730800,5140700.0,5140700.0,5140700.0,5140700.0,0.0
1782731700,4930766.0,5140380.0,4930766.0,5140380.0,0.02882614
1782732600,5140318.0,5140318.0,4930901.0,4930901.0,0.00582291
1782733500,5140263.0,5140268.0,5140263.0,5140268.0,0.00968724
1782734400,4931051.0,4931051.0,4931050.0,4931050.0,0.02244693
1782735300,5140278.0,5140278.0,4931114.0,4931114.0,0.01716301
1782736200,5140179.0,5140179.0,5140179.0,5140179.0,0.01162624
1782737100,5140179.0,5140179.0,5140179.0,5140179.0,0.0
1782738000,5140093.0,5140093.0,5140093.0,5140093.0,0.01628044
1782738900,5140093.0,5140093.0,5140093.0,5140093.0,0.0
1782739800,5140093.0,5140093.0,5140093.0,5140093.0,0.0
1782740700,5140093.0,5140093.0,5140093.0,5140093.0,0.0
1782741600,5140093.0,5140093.0,5140093.0,5140093.0,0.0
1782742500,5139877.0,5139877.0,5139877.0,5139877.0,0.0070809
1782743400,5139877.0,5139877.0,5139877.0,5139877.0,0.0
1782744300,5139691.0,5139691.0,4931801.0,4931801.0,0.02804762
1782745200,5139581.0,5139581.0,5139574.0,5139574.0,0.00896551
1782746100,5139529.0,5139529.0,5139529.0,5139529.0,0.01925156
1782747000,4932037.0,5139409.0,4932016.0,5139400.0,0.03986171
1782747900,5139400.0,5139400.0,5139400.0,5139400.0,0.0
1782748800,5139400.0,5139400.0,5139400.0,5139400.0,0.0
1782749700,5139400.0,5139400.0,5139400.0,5139400.0,0.0
1782750600,5139400.0,5139400.0,5139400.0,5139400.0,0.0
1782751500,5139400.0,5139400.0,5139400.0,5139400.0,0.0
1782752400,5139400.0,5139400.0,5139400.0,5139400.0,0.0
1782753300,5139400.0,5139400.0,5139400.0,5139400.0,0.0
1782754200,5139400.0,5139400.0,5139400.0,5139400.0,0.0
1782755100,5138772.0,5138772.0,5138772.0,5138772.0,0.00265082
1782756000,5138772.0,5138772.0,5138772.0,5138772.0,0.0
1782756900,4933227.0,4933227.0,4933227.0,4933227.0,0.00461688
1782757800,4933227.0,4933227.0,4933227.0,4933227.0,0.0
1782758700,4933227.0,4933227.0,4933227.0,4933227.0,0.0
1782759600,4933227.0,4933227.0,4933227.0,4933227.0,0.0
1782760500,4933622.0,4933622.0,4933622.0,4933622.0,0.00265082
1782761400,4933622.0,4933622.0,4933622.0,4933622.0,0.0
1782762300,4933622.0,4933622.0,4933622.0,4933622.0,0.0
1782763200,4933622.0,4933622.0,4933622.0,4933622.0,0.0
1782764100,4933622.0,4933622.0,4933622.0,4933622.0,0.0
1782765000,4933622.0,4933622.0,4933622.0,4933622.0,0.0
1782765900,4933622.0,4933622.0,4933622.0,4933622.0,0.0
1782766800,4933622.0,4933622.0,4933622.0,4933622.0,0.0
1782767700,4933622.0,4933622.0,4933622.0,4933622.0,0.0
1782768600,4933622.0,4933622.0,4933622.0,4933622.0,0.0
1782769500,4933622.0,4933622.0,4933622.0,4933622.0,0.0
1782770400,4933622.0,4933622.0,4933622.0,4933622.0,0.0
1782771300,4934965.0,4934965.0,4934965.0,4934965.0,0.0020478
1782772200,4934965.0,4934965.0,4934965.0,4934965.0,0.0
1782773100,5135215.0,5135215.0,5135215.0,5135215.0,0.00829604
1782774000,5135215.0,5135215.0,5135215.0,5135215.0,0.0
1782774900,5135215.0,5135215.0,5135215.0,5135215.0,0.0
1782775800,5135215.0,5135215.0,5135215.0,5135215.0,0.0
1782776700,5134665.0,5134665.0,5134665.0,5134665.0,0.01621176
1782777600,4935764.0,4935764.0,4935764.0,4935764.0,0.0070809
1782778500,4935764.0,4935764.0,4935764.0,4935764.0,0.0
1782779400,4935764.0,4935764.0,4935764.0,4935764.0,0.0
1782780300,4935764.0,4935764.0,4935764.0,4935764.0,0.0
1782781200,4936282.0,4936282.0,4936271.0,4936271.0,0.25918635
1782782100,4936271.0,4936271.0,4936259.0,4936259.0,0.00643775
1782783000,4936259.0,4936259.0,4936259.0,4936259.0,0.0
1782783900,4936259.0,4936259.0,4936259.0,4936259.0,0.0
1782784800,4936259.0,4936259.0,4936259.0,4936259.0,0.0
1782785700,4936259.0,4936259.0,4936259.0,4936259.0,0.0
1782786600,4936259.0,4936259.0,4936259.0,4936259.0,0.0
1782787500,4936259.0,4936259.0,4936259.0,4936259.0,0.0
1782788400,4936259.0,4936259.0,4936259.0,4936259.0,0.0
1782789300,4936307.0,5132913.0,4936307.0,5132913.0,0.02164201
1782790200,4936316.0,4936316.0,4936315.0,4936315.0,0.00972547
1782791100,4936315.0,4936315.0,4936315.0,4936315.0,0.0
1782792000,4936331.0,4936331.0,4936331.0,4936331.0,0.00669764
1782792900,4936339.0,4936339.0,4936339.0,4936339.0,0.00487852
1782793800,4936343.0,4936343.0,4936343.0,4936343.0,0.00920337
1782794700,4936343.0,4936343.0,4936343.0,4936343.0,0.0
1782795600,4936343.0,4936343.0,4936343.0,4936343.0,0.0
1782796500,4936343.0,4936343.0,4936343.0,4936343.0,0.0
1782797400,4936343.0,4936343.0,4936343.0,4936343.0,0.0
1782798300,4936343.0,4936343.0,4936343.0,4936343.0,0.0
1782799200,4936379.0,4936379.0,4936379.0,4936379.0,0.00488374
1782800100,4936379.0,4936379.0,4936379.0,4936379.0,0.0
1782801000,4936379.0,4936379.0,4936379.0,4936379.0,0.0
1782801900,4936379.0,4936379.0,4936379.0,4936379.0,0.0
1782802800,4936379.0,4936379.0,4936379.0,4936379.0,0.0
1782803700,4936379.0,4936379.0,4936379.0,4936379.0,0.0
1782804600,4936399.0,4936399.0,4936391.0,4936391.0,0.18903536
1782805500,4936391.0,4936391.0,4936391.0,4936391.0,0.02331329
1782806400,4936391.0,4936391.0,4936391.0,4936391.0,0.0
1782807300,4936391.0,4936391.0,4936391.0,4936391.0,0.0
1782808200,4936391.0,4936391.0,4936391.0,4936391.0,0.0
1782809100,4936391.0,4936391.0,4936391.0,4936391.0,0.0
1782810000,4936391.0,4936391.0,4936391.0,4936391.0,0.0
1782810900,4936391.0,4936391.0,4936391.0,4936391.0,0.0
1782811800,4936391.0,4936391.0,4936391.0,4936391.0,0.0
1782812700,5130576.0,5130576.0,5130576.0,5130576.0,0.0020943
1782813600,5130576.0,5130576.0,5130576.0,5130576.0,0.0
1782814500,5130576.0,5130576.0,5130576.0,5130576.0,0.0
1782815400,5132552.0,5132559.0,5132552.0,5132559.0,0.03304553
1782816300,5132559.0,5132559.0,5132559.0,5132559.0,0.0
1782817200,5132896.0,5132897.0,5132896.0,5132897.0,0.0291278
1782818100,5132897.0,5132897.0,5132897.0,5132897.0,0.0
1782819000,5132897.0,5132897.0,5132897.0,5132897.0,0.0
1782819900,5132897.0,5132897.0,5132897.0,5132897.0,0.0
1782820800,5132897.0,5135304.0,5132897.0,5135304.0,0.00320145
1782821700,5135304.0,5135304.0,5135304.0,5135304.0,0.0
1782822600,5135304.0,5135304.0,5135304.0,5135304.0,0.0
1782823500,5135304.0,5135304.0,5135304.0,5135304.0,0.0
1782824400,5135304.0,5135304.0,5135304.0,5135304.0,0.0
1782825300,5134807.0,5135304.0,5134807.0,5135304.0,1.10633698
1782826200,4936824.0,4936824.0,4936824.0,4936824.0,0.00210351
1782827100,4936831.0,4936831.0,4936263.0,4936263.0,1.10633698
1782828000,4936263.0,4936263.0,4936263.0,4936263.0,0.0
1782828900,5135113.0,5135113.0,4936271.0,4936271.0,0.00514084
1782829800,5135015.0,5141534.0,5135015.0,5141530.0,0.23524205
1782830700,4936411.0,5141530.0,4936411.0,5141530.0,0.00785855
1782831600,4936472.0,4936472.0,4936472.0,4936472.0,0.00678569
1782832500,4936472.0,4936472.0,4936472.0,4936472.0,0.0
1782833400,4936472.0,4936472.0,4936472.0,4936472.0,0.0
1782834300,4936472.0,4936472.0,4936472.0,4936472.0,0.0
1782835200,4936472.0,4936472.0,4936472.0,4936472.0,0.0
1782836100,4936472.0,4936472.0,4936472.0,4936472.0,0.0
1782837000,4936472.0,4936472.0,4936472.0,4936472.0,0.0
1782837900,4936472.0,4936472.0,4936472.0,4936472.0,0.0
1782838800,5141532.0,5141534.0,5141532.0,5141534.0,0.00952342
1782839700,5141534.0,5141534.0,5141534.0,5141534.0,0.0
1782840600,5141534.0,5141534.0,5141534.0,5141534.0,0.0
1782841500,4937258.0,4937258.0,4937258.0,4937258.0,0.01484528
1782842400,4937258.0,4937258.0,4937258.0,4937258.0,0.0
1782843300,4937258.0,4937258.0,4937258.0,4937258.0,0.0
1782844200,4937258.0,4937258.0,4937258.0,4937258.0,0.0
1782845100,4937258.0,4937258.0,4937258.0,4937258.0,0.0
1782846000,4937258.0,4937258.0,4937258.0,4937258.0,0.0
1782846900,4937258.0,4937258.0,4937258.0,4937258.0,0.0
1782847800,4937258.0,4937258.0,4937258.0,4937258.0,0.0
1782848700,4937258.0,4937258.0,4937258.0,4937258.0,0.0
1782849600,4937258.0,4937258.0,4937258.0,4937258.0,0.0
1782850500,4937258.0,4937258.0,4937258.0,4937258.0,0.0
1782851400,4937258.0,4937258.0,4937258.0,4937258.0,0.0
1782852300,4937258.0,4937258.0,4937258.0,4937258.0,0.0
1782853200,5141532.0,5141532.0,5141532.0,5141532.0,0.00240881
1782854100,5141532.0,5141532.0,5141532.0,5141532.0,0.0
1782855000,5141532.0,5141532.0,5141532.0,5141532.0,0.0
1782855900,5141532.0,5141532.0,5141532.0,5141532.0,0.0
1782856800,5141532.0,5141532.0,5141532.0,5141532.0,0.0
1782857700,5141532.0,5141532.0,5141532.0,5141532.0,0.0
1782858600,5141532.0,5141532.0,5141532.0,5141532.0,0.0
1782859500,5141532.0,5141532.0,5141532.0,5141532.0,0.0072669
1782860400,5141532.0,5141532.0,5141532.0,5141532.0,0.0
1782861300,5141532.0,5141532.0,5141532.0,5141532.0,0.0
1782862200,5141532.0,5141532.0,5141532.0,5141532.0,0.0
1782863100,4937887.0,4937887.0,4937887.0,4937887.0,0.00528169
1782864000,4937887.0,4937887.0,4937887.0,4937887.0,0.0
1782864900,5141528.0,5141528.0,4938067.0,4938067.0,0.0073207
1782865800,4938067.0,4938067.0,4938067.0,4938067.0,0.0
1782866700,4938067.0,4938067.0,4938067.0,4938067.0,0.0
1782867600,4938067.0,4938067.0,4938067.0,4938067.0,0.0
1782868500,5141528.0,5141528.0,5141528.0,5141528.0,0.00193697
1782869400,5141528.0,5141528.0,5141528.0,5141528.0,0.0
1782870300,5141533.0,5141533.0,5141533.0,5141533.0,0.00929742
1782871200,5141533.0,5142309.0,5141533.0,5142309.0,0.01226627
1782872100,5142309.0,5142309.0,5142309.0,5142309.0,0.0
1782873000,4938296.0,4938391.0,4938296.0,4938391.0,0.01656432
1782873900,4938383.0,5142306.0,4938382.0,5142306.0,0.04989922
1782874800,5142306.0,5142306.0,5142306.0,5142306.0,0.0
1782875700,5142306.0,5142306.0,5142306.0,5142306.0,0.00203916
1782876600,5142306.0,5142306.0,5142306.0,5142306.0,0.00193667
1782877500,5142306.0,5142309.0,5142306.0,5142309.0,0.00432101
1782878400,5142309.0,5249398.0,5142309.0,5249398.0,0.02129251
1782879300,5249363.0,5249363.0,4938416.0,4938416.0,0.05458719
1782880200,4938416.0,4938416.0,4938416.0,4938416.0,0.0
1782881100,4938416.0,4938416.0,4938416.0,4938416.0,0.0
1782882000,4938416.0,4938416.0,4938416.0,4938416.0,0.0
1782882900,4938472.0,4938472.0,4938472.0,4938472.0,0.01994321
1782883800,4938472.0,4938472.0,4938472.0,4938472.0,0.0
1782884700,5249151.0,5249151.0,4938475.0,4938475.0,0.00573203
1782885600,4938475.0,4938475.0,4938471.0,4938475.0,0.20054731
1782886500,4938475.0,4938475.0,4938475.0,4938475.0,0.0
1782887400,4938475.0,4938475.0,4938475.0,4938475.0,0.0
1782888300,4938475.0,4938475.0,4938475.0,4938475.0,0.0
1782889200,4938475.0,4938475.0,4938475.0,4938475.0,0.03313824
1782890100,4938475.0,4938475.0,4938475.0,4938475.0,0.0
1782891000,4938475.0,4938475.0,4938475.0,4938475.0,0.0
1782891900,4938475.0,4938475.0,4938475.0,4938475.0,0.0
1782892800,4938475.0,4938475.0,4938475.0,4938475.0,0.0
1782893700,4938475.0,4938475.0,4938475.0,4938475.0,0.0
1782894600,5248273.0,5248273.0,5248273.0,5248273.0,0.00189757
1782895500,5248273.0,5248273.0,5248273.0,5248273.0,0.0
1782896400,5248111.0,5248111.0,5248111.0,5248111.0,0.00482745
1782897300,5248111.0,5248111.0,5248111.0,5248111.0,0.0
1782898200,5247832.0,5247832.0,5247832.0,5247832.0,0.00189773
1782899100,5247832.0,5247832.0,5247832.0,5247832.0,0.0
1782900000,5247606.0,5247606.0,5247606.0,5247606.0,0.00189781
1782900900,5247468.0,5247468.0,5247437.0,5247437.0,0.00756671
1782901800,5247437.0,5247437.0,5247437.0,5247437.0,0.0
1782902700,5245995.0,5246000.0,4939058.0,4939058.0,0.05303757
1782903600,4939095.0,4939133.0,4939095.0,4939133.0,0.01087875
1782904500,4939133.0,4939133.0,4939133.0,4939133.0,0.0
1782905400,4939133.0,4939133.0,4939133.0,4939133.0,0.0
1782906300,5247481.0,5247481.0,5247481.0,5247481.0,0.00475408
1782907200,5247481.0,5247481.0,5247481.0,5247481.0,0.0
1782908100,5247481.0,5247481.0,5247481.0,5247481.0,0.0
1782909000,5247481.0,5247481.0,5247481.0,5247481.0,0.0
1782909900,4939675.0,4939675.0,4939675.0,4939675.0,0.00837982
1782910800,4939675.0,4939675.0,4939675.0,4939675.0,0.0
1782911700,5247510.0,5247510.0,5247510.0,5247510.0,0.00438226
1782912600,5247510.0,5247510.0,5247510.0,5247510.0,0.0
1782913500,5247510.0,5247510.0,5247510.0,5247510.0,0.0
1782914400,5247510.0,5247510.0,5247510.0,5247510.0,0.0
1782915300,5247510.0,5247510.0,5247510.0,5247510.0,0.0
1782916200,5247510.0,5247510.0,5247510.0,5247510.0,0.0
1782917100,5247510.0,5247510.0,5247510.0,5247510.0,0.0
1782918000,4987114.0,5247484.0,4987113.0,5247484.0,0.02114942
1782918900,5247486.0,5247517.0,5247486.0,5247517.0,0.20461017
1782919800,5247517.0,5247517.0,5027981.0,5027983.0,0.08254652
1782920700,5247516.0,5273527.0,5247516.0,5273527.0,1.04819636
1782921600,5273527.0,5273527.0,5273527.0,5273527.0,0.0
1782922500,5028789.0,5028789.0,5028789.0,5028789.0,0.0044198
1782923400,5298760.0,5298760.0,5028894.0,5028894.0,0.01173589
1782924300,5298757.0,5298758.0,5298757.0,5298758.0,0.0046207
1782925200,5298762.0,5298765.0,5298762.0,5298765.0,0.01208224
1782926100,5298765.0,5298765.0,5298765.0,5298765.0,0.0
1782927000,5298765.0,5298765.0,5298765.0,5298765.0,0.0
1782927900,5298761.0,5298761.0,5298761.0,5298761.0,0.00582305
1782928800,5298761.0,5298761.0,5298761.0,5298761.0,0.00373955
1782929700,5298761.0,5298761.0,5298761.0,5298761.0,0.0
1782930600,5298761.0,5298761.0,5043419.0,5043419.0,0.00963786
1782931500,5298760.0,5298760.0,5043538.0,5043538.0,0.00495935
1782932400,5298758.0,5298761.0,5298758.0,5298761.0,0.0604798
1782933300,5298761.0,5298761.0,5298761.0,5298761.0,0.0
1782934200,5043767.0,5043767.0,5043767.0,5043767.0,0.00236232
1782935100,5043767.0,5043767.0,5043767.0,5043767.0,0.0
1782936000,5298760.0,5298761.0,5298760.0,5298761.0,0.01883251
1782936900,5044135.0,5044135.0,5044135.0,5044135.0,0.00286103
1782937800,5044135.0,5044135.0,5044135.0,5044135.0,0.0
1782938700,5044135.0,5044135.0,5044135.0,5044135.0,0.0
1782939600,5044135.0,5044135.0,5044135.0,5044135.0,0.0
1782940500,5044135.0,5044135.0,5044135.0,5044135.0,0.0
1782941400,5044135.0,5044135.0,5044135.0,5044135.0,0.0
1782942300,5044135.0,5044135.0,5044135.0,5044135.0,0.0
1782943200,5044135.0,5044135.0,5044135.0,5044135.0,0.0
1782944100,5044135.0,5044135.0,5044135.0,5044135.0,0.0
1782945000,5044135.0,5044135.0,5044135.0,5044135.0,0.0
1782945900,5044135.0,5044135.0,5044135.0,5044135.0,0.0
1782946800,5044135.0,5044135.0,5044135.0,5044135.0,0.0
1782947700,5044135.0,5044135.0,5044135.0,5044135.0,0.0
1782948600,5298760.0,5298765.0,5298760.0,5298765.0,0.12244199
1782949500,5045091.0,5298761.0,5045091.0,5298761.0,0.00796847
1782950400,5298761.0,5298761.0,5298761.0,5298761.0,0.0
1782951300,5298765.0,5298765.0,5298765.0,5298765.0,0.00413473
1782952200,5333333.0,5333333.0,5110000.0,5110000.0,0.00746924
1782953100,5110000.0,5110000.0,5110000.0,5110000.0,0.0
1782954000,5333318.0,5333318.0,5333318.0,5333318.0,0.00276488
1782954900,5333318.0,5333318.0,5333318.0,5333318.0,0.0
1782955800,5333318.0,5333318.0,5333318.0,5333318.0,0.0
1782956700,5333318.0,5333318.0,5333318.0,5333318.0,0.0
1782957600,5333318.0,5333318.0,5333318.0,5333318.0,0.0
1782958500,5333318.0,5333318.0,5333318.0,5333318.0,0.0
1782959400,5333314.0,5333314.0,5110781.0,5110781.0,0.19519479
1782960300,5110781.0,5110781.0,5110781.0,5110781.0,0.0
1782961200,5110781.0,5110781.0,5110781.0,5110781.0,0.0
1782962100,5333314.0,5333314.0,5333314.0,5333314.0,0.00349407
1782963000,5333314.0,5333314.0,5333314.0,5333314.0,0.0
1782963900,5333314.0,5333314.0,5333314.0,5333314.0,0.0
1782964800,5333314.0,5333314.0,5333314.0,5333314.0,0.0
1782965700,5333314.0,5333314.0,5333314.0,5333314.0,0.0
1782966600,5333314.0,5333314.0,5333314.0,5333314.0,0.0
1782967500,5333314.0,5333314.0,5333314.0,5333314.0,0.0
1782968400,5333314.0,5333314.0,5333314.0,5333314.0,0.0
1782969300,5333200.0,5333200.0,5333200.0,5333200.0,0.00207473
1782970200,5333200.0,5333200.0,5333200.0,5333200.0,0.0
1782971100,5333200.0,5333200.0,5333200.0,5333200.0,0.0
1782972000,5112621.0,5333195.0,5112620.0,5112627.0,0.02613653
1782972900,5112627.0,5112627.0,5112627.0,5112627.0,0.0
1782973800,5112627.0,5112627.0,5112627.0,5112627.0,0.0
1782974700,5113138.0,5113138.0,5113138.0,5113138.0,0.00389553
1782975600,5113138.0,5113138.0,5113138.0,5113138.0,0.0
1782976500,5113138.0,5113138.0,5113138.0,5113138.0,0.0
1782977400,5113138.0,5113138.0,5113138.0,5113138.0,0.0
1782978300,5333194.0,5333194.0,5333194.0,5333194.0,0.00998519
1782979200,5333194.0,5333194.0,5333194.0,5333194.0,0.00373472
1782980100,5333194.0,5333194.0,5333194.0,5333194.0,0.0
1782981000,5333194.0,5333194.0,5333194.0,5333194.0,0.0
1782981900,5333197.0,5333200.0,5333197.0,5333200.0,0.05602097
1782982800,5333196.0,5333196.0,5333196.0,5333196.0,0.00201998
1782983700,5333196.0,5333196.0,5333196.0,5333196.0,0.0
1782984600,5114527.0,5333195.0,5114527.0,5333195.0,0.01827426
1782985500,5114758.0,5114758.0,5114758.0,5114758.0,0.01076828
1782986400,5114758.0,5114758.0,5114758.0,5114758.0,0.0
1782987300,5114758.0,5114758.0,5114758.0,5114758.0,0.0
1782988200,5114758.0,5114758.0,5114758.0,5114758.0,0.0
1782989100,5114758.0,5114758.0,5114758.0,5114758.0,0.0
1782990000,5114758.0,5114758.0,5114758.0,5114758.0,0.0
1782990900,5114758.0,5114758.0,5114758.0,5114758.0,0.0
1782991800,5114758.0,5114758.0,5114758.0,5114758.0,0.0
1782992700,5115726.0,5115794.0,5115725.0,5115793.0,0.11199301
1782993600,5115793.0,5115793.0,5115793.0,5115793.0,0.0
1782994500,5115793.0,5115793.0,5115793.0,5115793.0,0.0
1782995400,5115793.0,5115793.0,5115793.0,5115793.0,0.0
1782996300,5115793.0,5115793.0,5115793.0,5115793.0,0.0
1782997200,5115793.0,5115793.0,5115793.0,5115793.0,0.0
1782998100,5115794.0,5115794.0,4995010.0,4995010.0,0.07867771
1782999000,5333197.0,5333333.0,5333193.0,5333333.0,0.14435131
1782999900,5333333.0,5333333.0,5333333.0,5333333.0,0.02025684
1783000800,5333333.0,5333333.0,5333333.0,5333333.0,0.00701362
1783001700,5222222.0,5222222.0,5222222.0,5222222.0,0.00201998
1783002600,5333333.0,5409975.0,5333333.0,5409975.0,0.1469354
1783003500,5409975.0,5410000.0,5409905.0,5409905.0,1.69470658
1783004400,5222240.0,5222240.0,5222240.0,5222240.0,0.20740128
1783005300,5250000.0,5250000.0,5250000.0,5250000.0,0.00230627
1783006200,5250000.0,5410000.0,5250000.0,5410000.0,0.00549545
1783007100,5410000.0,5410000.0,5410000.0,5410000.0,0.0153222
1783008000,5410000.0,5410000.0,5410000.0,5410000.0,0.0
1783008900,5410000.0,5410000.0,5410000.0,5410000.0,0.0
1783009800,5500000.0,5500000.0,5500000.0,5500000.0,0.00373472
1783010700,5500000.0,5500000.0,5500000.0,5500000.0,0.0
1783011600,5222537.0,5222537.0,5222537.0,5222537.0,0.001924
1783012500,5222566.0,5222566.0,5222566.0,5222566.0,0.01940992
1783013400,5222566.0,5222566.0,5222566.0,5222566.0,0.0
1783014300,5222566.0,5222566.0,5222566.0,5222566.0,0.0
1783015200,5222566.0,5222566.0,5222566.0,5222566.0,0.0
1783016100,5222566.0,5222566.0,5222566.0,5222566.0,0.0
1783017000,5222566.0,5222566.0,5222566.0,5222566.0,0.0
1783017900,5222566.0,5222566.0,5222566.0,5222566.0,0.0
1783018800,5222566.0,5222566.0,5222566.0,5222566.0,0.0
1783019700,5222566.0,5222566.0,5222566.0,5222566.0,0.0
1783020600,5222566.0,5222566.0,5222566.0,5222566.0,0.0
1783021500,5222566.0,5222566.0,5222566.0,5222566.0,0.0
1783022400,5223183.0,5499990.0,5223183.0,5223184.0,0.01511924
1783023300,5223184.0,5223184.0,5223184.0,5223184.0,0.0
1783024200,5223184.0,5223184.0,5223184.0,5223184.0,0.0
1783025100,5223184.0,5223184.0,5223184.0,5223184.0,0.0
1783026000,5223184.0,5223184.0,5223184.0,5223184.0,0.0
1783026900,5223184.0,5223184.0,5223184.0,5223184.0,0.0
1783027800,5223184.0,5223184.0,5223184.0,5223184.0,0.0
1783028700,5223184.0,5223184.0,5223184.0,5223184.0,0.0
1783029600,5223184.0,5223184.0,5223184.0,5223184.0,0.0
1783030500,5223184.0,5223184.0,5223184.0,5223184.0,0.0
1783031400,5222910.0,5222910.0,5222910.0,5222910.0,0.00349407
1783032300,5222910.0,5222910.0,5222910.0,5222910.0,0.0
1783033200,5222910.0,5222910.0,5222910.0,5222910.0,0.0
1783034100,5222910.0,5222910.0,5222910.0,5222910.0,0.0
1783035000,5222908.0,5222908.0,5222906.0,5222906.0,0.00882801
1783035900,5499997.0,5555005.0,5499997.0,5555005.0,0.01828208
1783036800,5555005.0,5555005.0,5555005.0,5555005.0,0.0
1783037700,5555005.0,5555005.0,5555005.0,5555005.0,0.0
1783038600,5222991.0,5222991.0,5222991.0,5222991.0,0.00197907
1783039500,5222991.0,5222991.0,5222991.0,5222991.0,0.0
1783040400,5222991.0,5222991.0,5222991.0,5222991.0,0.0
1783041300,5222991.0,5222991.0,5222991.0,5222991.0,0.0
1783042200,5222991.0,5222991.0,5222991.0,5222991.0,0.0
1783043100,5222991.0,5222991.0,5222991.0,5222991.0,0.0
1783044000,5222995.0,5519104.0,5222995.0,5519025.0,0.01419448
1783044900,5519025.0,5519025.0,5519025.0,5519025.0,0.0
1783045800,5519025.0,5519025.0,5519025.0,5519025.0,0.0
1783046700,5519025.0,5519025.0,5519025.0,5519025.0,0.0
1783047600,5519025.0,5519025.0,5519025.0,5519025.0,0.0
1783048500,5519025.0,5519025.0,5519025.0,5519025.0,0.0
1783049400,5223040.0,5223040.0,5223039.0,5223039.0,0.02050498
1783050300,5223039.0,5223039.0,5223039.0,5223039.0,0.0
1783051200,5223039.0,5223039.0,5223039.0,5223039.0,0.0
1783052100,5223039.0,5223039.0,5223039.0,5223039.0,0.0
1783053000,5223039.0,5223039.0,5223039.0,5223039.0,0.0
1783053900,5517900.0,5517900.0,5222994.0,5222994.0,0.06735823
1783054800,5222994.0,5222994.0,5222994.0,5222994.0,0.0
1783055700,5222994.0,5222994.0,5222994.0,5222994.0,0.0
1783056600,5222994.0,5222994.0,5222994.0,5222994.0,0.0
1783057500,5522124.0,5522124.0,5522124.0,5522124.0,0.01121416
1783058400,5223006.0,5223006.0,5223005.0,5223005.0,0.00333294
1783059300,5223005.0,5223005.0,5223005.0,5223005.0,0.0
1783060200,5223005.0,5223005.0,5223005.0,5223005.0,0.0
1783061100,5223005.0,5223005.0,5223005.0,5223005.0,0.0
1783062000,5223005.0,5223005.0,5223005.0,5223005.0,0.0
1783062900,5223005.0,5223005.0,5223005.0,5223005.0,0.0
1783063800,5223020.0,5223020.0,5223020.0,5223020.0,0.00192647
1783064700,5223020.0,5223020.0,5223020.0,5223020.0,0.0
1783065600,5223020.0,5223020.0,5223020.0,5223020.0,0.0
1783066500,5223020.0,5223020.0,5223020.0,5223020.0,0.0
1783067400,5223020.0,5223020.0,5223020.0,5223020.0,0.0
1783068300,5223020.0,5223020.0,5223020.0,5223020.0,0.0
1783069200,5522143.0,5522143.0,5522143.0,5522143.0,0.00360693
1783070100,5522143.0,5522143.0,5522143.0,5522143.0,0.0
1783071000,5522022.0,5522022.0,5222451.0,5222451.0,0.42832501
1783071900,5222451.0,5222451.0,5222451.0,5222451.0,0.0
1783072800,5521996.0,5522003.0,5521996.0,5522003.0,0.06796323
1783073700,5522003.0,5522003.0,5522003.0,5522003.0,0.0063696
1783074600,5222571.0,5222571.0,5222570.0,5222570.0,0.01828208
1783075500,5522134.0,5522138.0,5522134.0,5522138.0,0.01680652
1783076400,5222455.0,5522139.0,5222455.0,5222457.0,0.0204512
1783077300,5222457.0,5222457.0,5222457.0,5222457.0,0.0
1783078200,5520674.0,5522139.0,5520674.0,5522139.0,0.01359165
1783079100,5522139.0,5522139.0,5522139.0,5522139.0,0.0
1783080000,5522125.0,5522125.0,5222461.0,5222461.0,0.04363204
1783080900,5222452.0,5222452.0,5222451.0,5222451.0,0.02928023
1783081800,5222451.0,5222451.0,5222451.0,5222451.0,0.0
1783082700,5522121.0,5522121.0,5222451.0,5222451.0,0.00399048
1783083600,5522121.0,5522122.0,5222455.0,5522122.0,0.00636091
1783084500,5522121.0,5522121.0,5522121.0,5522121.0,0.00299377
1783085400,5522121.0,5522121.0,5522121.0,5522121.0,0.0
1783086300,5522118.0,5522118.0,5522118.0,5522118.0,0.01705468
1783087200,5522118.0,5522118.0,5522118.0,5522118.0,0.0
1783088100,5522118.0,5522118.0,5522118.0,5522118.0,0.0
1783089000,5522118.0,5522118.0,5522118.0,5522118.0,0.0
1783089900,5521916.0,5521916.0,5267112.0,5267112.0,0.00557638
1783090800,5267112.0,5267112.0,5267112.0,5267112.0,0.0
1783091700,5267112.0,5267112.0,5267112.0,5267112.0,0.0
1783092600,5521486.0,5521486.0,5521486.0,5521486.0,0.00721472
1783093500,5521486.0,5521486.0,5521486.0,5521486.0,0.0
1783094400,5521818.0,5521818.0,5267266.0,5267266.0,0.00907493
1783095300,5267266.0,5267266.0,5267266.0,5267266.0,0.0
1783096200,5267266.0,5267266.0,5267266.0,5267266.0,0.0
1783097100,5267266.0,5267266.0,5267266.0,5267266.0,0.0
1783098000,5521945.0,5522121.0,5521945.0,5522121.0,0.19337487
1783098900,5522121.0,5522121.0,5522121.0,5522121.0,0.0
1783099800,5268359.0,5268359.0,5268359.0,5268359.0,0.00195848
1783100700,5522121.0,5522124.0,5522121.0,5522124.0,0.17791223
1783101600,5522124.0,5522124.0,5522124.0,5522124.0,0.0
1783102500,5522124.0,5522124.0,5522124.0,5522124.0,0.0
1783103400,5522124.0,5522124.0,5522124.0,5522124.0,0.0
1783104300,5522124.0,5522124.0,5522124.0,5522124.0,0.00180347
1783105200,5522124.0,5522124.0,5522124.0,5522124.0,0.0
1783106100,5522124.0,5522124.0,5522124.0,5522124.0,0.00400425
1783107000,5270691.0,5522123.0,5270691.0,5522123.0,0.00852533
1783107900,5522123.0,5522123.0,5522123.0,5522123.0,0.0
1783108800,5522123.0,5522124.0,5522123.0,5522124.0,0.00180347
1783109700,5522124.0,5522124.0,5522124.0,5522124.0,0.0
1783110600,5522124.0,5522124.0,5522124.0,5522124.0,0.0
1783111500,5522124.0,5522124.0,5522124.0,5522124.0,0.0
1783112400,5522124.0,5522124.0,5522124.0,5522124.0,0.0
1783113300,5522124.0,5522124.0,5522124.0,5522124.0,0.0
1783114200,5522124.0,5522124.0,5522124.0,5522124.0,0.0
1783115100,5522124.0,5522124.0,5522124.0,5522124.0,0.0
1783116000,5272035.0,5272035.0,5272035.0,5272035.0,0.00299377
1783116900,5272035.0,5272035.0,5272035.0,5272035.0,0.0
1783117800,5272035.0,5272035.0,5272035.0,5272035.0,0.0
1783118700,5272035.0,5272035.0,5272035.0,5272035.0,0.0
1783119600,5272035.0,5272035.0,5272035.0,5272035.0,0.0
1783120500,5272035.0,5272035.0,5272035.0,5272035.0,0.0
1783121400,5273610.0,5273610.0,5273610.0,5273610.0,0.00206718
1783122300,5273636.0,5522119.0,5273636.0,5522119.0,0.00554394
1783123200,5522116.0,5522122.0,5522116.0,5522122.0,0.00360694
1783124100,5522122.0,5522122.0,5522122.0,5522122.0,0.0
1783125000,5522120.0,5522120.0,5522120.0,5522120.0,0.00903529
1783125900,5522120.0,5522120.0,5522120.0,5522120.0,0.0
1783126800,5522120.0,5522120.0,5522120.0,5522120.0,0.0
1783127700,5522115.0,5522115.0,5274338.0,5274338.0,0.04027323
1783128600,5274338.0,5274338.0,5274338.0,5274338.0,0.0
1783129500,5274338.0,5274338.0,5274338.0,5274338.0,0.0
1783130400,5522001.0,5522001.0,5522001.0,5522001.0,0.00623306
1783131300,5274600.0,5274600.0,5274600.0,5274600.0,0.00550255
1783132200,5274600.0,5274600.0,5274600.0,5274600.0,0.0
1783133100,5274600.0,5274600.0,5274600.0,5274600.0,0.0
1783134000,5274600.0,5274600.0,5274600.0,5274600.0,0.0
1783134900,5274600.0,5274600.0,5274600.0,5274600.0,0.0
1783135800,5274600.0,5274600.0,5274600.0,5274600.0,0.0
1783136700,5275703.0,5275703.0,5275703.0,5275703.0,0.00476827
1783137600,5521695.0,5521838.0,5275747.0,5521838.0,0.01966181
1783138500,5522009.0,5522009.0,5522009.0,5522009.0,0.00180351
1783139400,5521906.0,5521906.0,5521906.0,5521906.0,0.00340842
1783140300,5521906.0,5521906.0,5521906.0,5521906.0,0.0
1783141200,5521906.0,5521906.0,5521906.0,5521906.0,0.0
1783142100,5521770.0,5521770.0,5276129.0,5276129.0,0.02789562
1783143000,5276215.0,5521739.0,5276215.0,5276346.0,0.0163918
1783143900,5276346.0,5276346.0,5276346.0,5276346.0,0.0
1783144800,5276346.0,5276346.0,5276346.0,5276346.0,0.0
1783145700,5276346.0,5276346.0,5276346.0,5276346.0,0.0
1783146600,5521773.0,5521774.0,5519968.0,5519968.0,0.00631304
1783147500,5519968.0,5519968.0,5519968.0,5519968.0,0.0
1783148400,5519968.0,5519968.0,5519968.0,5519968.0,0.0
1783149300,5519968.0,5519968.0,5519968.0,5519968.0,0.0
1783150200,5519968.0,5519968.0,5519968.0,5519968.0,0.0
1783151100,5519968.0,5519968.0,5519968.0,5519968.0,0.0
1783152000,5277871.0,5516944.0,5277868.0,5277973.0,0.0544609
1783152900,5277973.0,5277973.0,5277973.0,5277973.0,0.0
1783153800,5277973.0,5277973.0,5277973.0,5277973.0,0.0
1783154700,5277973.0,5277973.0,5277973.0,5277973.0,0.0
1783155600,5277973.0,5277973.0,5277973.0,5277973.0,0.0
1783156500,5277973.0,5277973.0,5277973.0,5277973.0,0.0
1783157400,5277973.0,5277973.0,5277973.0,5277973.0,0.0
1783158300,5277973.0,5277973.0,5277973.0,5277973.0,0.0
1783159200,5277973.0,5277973.0,5277973.0,5277973.0,0.0
1783160100,5277973.0,5277973.0,5277973.0,5277973.0,0.0
1783161000,5277973.0,5277973.0,5277973.0,5277973.0,0.0
1783161900,5277973.0,5277973.0,5277973.0,5277973.0,0.0
1783162800,5277973.0,5277973.0,5277973.0,5277973.0,0.0
1783163700,5277973.0,5277973.0,5277973.0,5277973.0,0.0
1783164600,5501574.0,5501574.0,5280015.0,5280015.0,0.00901842
1783165500,5280030.0,5280030.0,5280030.0,5280030.0,0.00373955
1783166400,5280030.0,5280030.0,5280030.0,5280030.0,0.0
1783167300,5280030.0,5280030.0,5280030.0,5280030.0,0.0
1783168200,5501573.0,5501573.0,5501573.0,5501573.0,0.00194526
1783169100,5501573.0,5501573.0,5501573.0,5501573.0,0.0
1783170000,5501573.0,5501573.0,5501573.0,5501573.0,0.0
1783170900,5501573.0,5501573.0,5501573.0,5501573.0,0.0
1783171800,5501573.0,5501573.0,5501573.0,5501573.0,0.0
1783172700,5501573.0,5501573.0,5501573.0,5501573.0,0.0
1783173600,5501573.0,5501573.0,5501573.0,5501573.0,0.0
1783174500,5280072.0,5280176.0,5279999.0,5279999.0,0.01522442
1783175400,5279999.0,5279999.0,5279999.0,5279999.0,0.0
1783176300,5280009.0,5280009.0,5280009.0,5280009.0,0.00559995
1783177200,5516778.0,5516778.0,5516778.0,5516778.0,0.00198557
1783178100,5516593.0,5516593.0,5516593.0,5516593.0,0.00522206
1783179000,5516302.0,5516302.0,5516302.0,5516302.0,0.0361077
1783179900,5516302.0,5516302.0,5516302.0,5516302.0,0.0
1783180800,5280339.0,5280339.0,5279999.0,5279999.0,0.04360744
1783181700,5279999.0,5279999.0,5279999.0,5279999.0,0.0
1783182600,5279999.0,5279999.0,5279999.0,5279999.0,0.0
1783183500,5279999.0,5279999.0,5279999.0,5279999.0,0.0
1783184400,5279999.0,5279999.0,5279999.0,5279999.0,0.0
1783185300,5279999.0,5279999.0,5279999.0,5279999.0,0.0
1783186200,5279999.0,5279999.0,5279999.0,5279999.0,0.0
1783187100,5279999.0,5279999.0,5279999.0,5279999.0,0.0
1783188000,5279999.0,5279999.0,5279999.0,5279999.0,0.0
1783188900,5279999.0,5279999.0,5279999.0,5279999.0,0.0
1783189800,5279999.0,5279999.0,5279999.0,5279999.0,0.0
1783190700,5279999.0,5279999.0,5279999.0,5279999.0,0.0
1783191600,5279999.0,5279999.0,5279999.0,5279999.0,0.0
1783192500,5279999.0,5279999.0,5279999.0,5279999.0,0.0
1783193400,5279999.0,5279999.0,5279999.0,5279999.0,0.0
1783194300,5279999.0,5279999.0,5279999.0,5279999.0,0.0
1783195200,5279999.0,5279999.0,5279999.0,5279999.0,0.0
1783196100,5279999.0,5279999.0,5279999.0,5279999.0,0.0
1783197000,5279999.0,5279999.0,5279999.0,5279999.0,0.0
1783197900,5279999.0,5279999.0,5279999.0,5279999.0,0.0
1783198800,5279999.0,5279999.0,5279999.0,5279999.0,0.0
1783199700,5279999.0,5279999.0,5279999.0,5279999.0,0.0
1783200600,5280004.0,5280004.0,5280004.0,5280004.0,0.00234194
1783201500,5280004.0,5280004.0,5280004.0,5280004.0,0.0
1783202400,5280004.0,5280004.0,5280004.0,5280004.0,0.0
1783203300,5493700.0,5493700.0,5280006.0,5280006.0,0.01757303
1783204200,5280006.0,5280006.0,5280006.0,5280006.0,0.0
1783205100,5280006.0,5280006.0,5280006.0,5280006.0,0.0
1783206000,5280012.0,5280012.0,5280012.0,5280012.0,0.0033883
1783206900,5280012.0,5280012.0,5280012.0,5280012.0,0.0
1783207800,5280012.0,5280012.0,5280006.0,5280006.0,0.01883251
1783208700,5280006.0,5280006.0,5280006.0,5280006.0,0.0
1783209600,5280006.0,5280006.0,5280006.0,5280006.0,0.0
1783210500,5280006.0,5280006.0,5280006.0,5280006.0,0.0
1783211400,5280006.0,5280006.0,5280006.0,5280006.0,0.0
1783212300,5280006.0,5280006.0,5280006.0,5280006.0,0.0
1783213200,5280006.0,5280006.0,5280006.0,5280006.0,0.0
1783214100,5280006.0,5280006.0,5280006.0,5280006.0,0.0
1783215000,5280006.0,5280006.0,5280006.0,5280006.0,0.0
1783215900,5280006.0,5280006.0,5280006.0,5280006.0,0.0
1783216800,5280006.0,5280006.0,5280006.0,5280006.0,0.0
1783217700,5473619.0,5473619.0,5473619.0,5473619.0,0.01612355
1783218600,5473619.0,5473619.0,5473619.0,5473619.0,0.0
1783219500,5473619.0,5473619.0,5473619.0,5473619.0,0.0
1783220400,5280305.0,5280305.0,5280305.0,5280305.0,0.00193667
1783221300,5505167.0,5505167.0,5280323.0,5280323.0,0.00703108
1783222200,5468073.0,5468074.0,5468073.0,5468074.0,0.00910649
1783223100,5505234.0,5505234.0,5505234.0,5505234.0,0.00308379
1783224000,5505234.0,5505234.0,5505234.0,5505234.0,0.0
1783224900,5505234.0,5505234.0,5505234.0,5505234.0,0.0
1783225800,5505234.0,5505234.0,5505234.0,5505234.0,0.0
1783226700,5505234.0,5505234.0,5505234.0,5505234.0,0.0
1783227600,5281069.0,5281069.0,5281069.0,5281069.0,0.00475377
1783228500,5281069.0,5281069.0,5281069.0,5281069.0,0.0
1783229400,5281069.0,5281069.0,5281069.0,5281069.0,0.0
1783230300,5281069.0,5281069.0,5281069.0,5281069.0,0.0
1783231200,5281069.0,5281069.0,5281069.0,5281069.0,0.0
1783232100,5281069.0,5281069.0,5281069.0,5281069.0,0.0
1783233000,5281069.0,5281069.0,5281069.0,5281069.0,0.0
1783233900,5505303.0,5505304.0,5505303.0,5505304.0,0.00583946
1783234800,5505381.0,5505381.0,5505381.0,5505381.0,0.00180895
1783235700,5504915.0,5504915.0,5504915.0,5504915.0,0.00180911
1783236600,5504915.0,5504915.0,5504915.0,5504915.0,0.0
1783237500,5504915.0,5504915.0,5504915.0,5504915.0,0.0
1783238400,5504915.0,5504915.0,5504915.0,5504915.0,0.0
1783239300,5504986.0,5504986.0,5301369.0,5301369.0,0.01765052
1783240200,5301369.0,5301369.0,5301369.0,5301369.0,0.0
1783241100,5301369.0,5301369.0,5301369.0,5301369.0,0.0
1783242000,5301369.0,5301369.0,5301369.0,5301369.0,0.0
1783242900,5301369.0,5301369.0,5301369.0,5301369.0,0.0
1783243800,5301369.0,5301369.0,5301369.0,5301369.0,0.0
1783244700,5301369.0,5301369.0,5301369.0,5301369.0,0.0
1783245600,5301369.0,5301369.0,5301369.0,5301369.0,0.0
1783246500,5302101.0,5302101.0,5302101.0,5302101.0,0.00308379
1783247400,5302101.0,5302101.0,5302101.0,5302101.0,0.0
1783248300,5302101.0,5302101.0,5302101.0,5302101.0,0.0
1783249200,5302048.0,5302048.0,5302048.0,5302048.0,0.00279983
1783250100,5302048.0,5302048.0,5302048.0,5302048.0,0.0
1783251000,5302048.0,5302048.0,5302048.0,5302048.0,0.0
1783251900,5302048.0,5302048.0,5302048.0,5302048.0,0.0
1783252800,5302048.0,5302048.0,5302048.0,5302048.0,0.0
1783253700,5302048.0,5302048.0,5302048.0,5302048.0,0.0
1783254600,5302168.0,5302168.0,5302168.0,5302168.0,0.01088535
1783255500,5504950.0,5504950.0,5302174.0,5302174.0,0.00537861
1783256400,5504871.0,5504871.0,5504871.0,5504871.0,0.0021708
1783257300,5302170.0,5302170.0,5302170.0,5302170.0,0.00189771
1783258200,5302170.0,5302170.0,5302170.0,5302170.0,0.0
1783259100,5302170.0,5302170.0,5302170.0,5302170.0,0.0
1783260000,5504727.0,5504728.0,5504727.0,5504728.0,0.01812787
1783260900,5504914.0,5504914.0,5504914.0,5504914.0,0.00267397
1783261800,5505014.0,5505014.0,5505014.0,5505014.0,0.00412424
1783262700,5504886.0,5505014.0,5504886.0,5505014.0,0.01941143
1783263600,5505014.0,5505014.0,5505014.0,5505014.0,0.0
1783264500,5505014.0,5505014.0,5505014.0,5505014.0,0.0
1783265400,5505014.0,5505014.0,5505014.0,5505014.0,0.0
1783266300,5505014.0,5505014.0,5505014.0,5505014.0,0.0
1783267200,5505014.0,5505014.0,5505014.0,5505014.0,0.0
1783268100,5505014.0,5505014.0,5505014.0,5505014.0,0.0
1783269000,5302305.0,5302305.0,5302305.0,5302305.0,0.00195767
1783269900,5505020.0,5505020.0,5505016.0,5505016.0,0.01795252
1783270800,5302568.0,5302568.0,5302568.0,5302568.0,0.00924084
1783271700,5302568.0,5302568.0,5302568.0,5302568.0,0.0
1783272600,5303130.0,5504978.0,5303119.0,5504978.0,0.01483861
1783273500,5504978.0,5504978.0,5504978.0,5504978.0,0.0
1783274400,5504978.0,5504978.0,5504978.0,5504978.0,0.0
1783275300,5504978.0,5504978.0,5504978.0,5504978.0,0.0
1783276200,5504978.0,5504978.0,5504978.0,5504978.0,0.0
1783277100,5504978.0,5504978.0,5504978.0,5504978.0,0.0
1783278000,5504978.0,5504978.0,5504978.0,5504978.0,0.0
1783278900,5504984.0,5504984.0,5504984.0,5504984.0,0.00414315
1783279800,5504984.0,5504984.0,5504984.0,5504984.0,0.0
1783280700,5504984.0,5504984.0,5504984.0,5504984.0,0.0
1783281600,5505002.0,5505501.0,5505002.0,5505501.0,0.17963179
1783282500,5505501.0,5505501.0,5505501.0,5505501.0,0.0
1783283400,5505501.0,5505501.0,5505501.0,5505501.0,0.0
1783284300,5505501.0,5505501.0,5505501.0,5505501.0,0.0
1783285200,5505501.0,5505501.0,5505501.0,5505501.0,0.0
1783286100,5303285.0,5303285.0,5302168.0,5302168.0,0.28716286
1783287000,5302170.0,5302170.0,5302168.0,5302168.0,0.00940963
1783287900,5302168.0,5302168.0,5302168.0,5302168.0,0.00414315
1783288800,5302168.0,5302168.0,5302168.0,5302168.0,0.0
1783289700,5302168.0,5302168.0,5302168.0,5302168.0,0.0
1783290600,5302168.0,5302168.0,5302168.0,5302168.0,0.0
1783291500,5302168.0,5302168.0,5302168.0,5302168.0,0.0
1783292400,5302168.0,5302168.0,5302168.0,5302168.0,0.0
1783293300,5302168.0,5302168.0,5302168.0,5302168.0,0.0
1783294200,5302168.0,5302168.0,5302168.0,5302168.0,0.0
1783295100,5302168.0,5302168.0,5302168.0,5302168.0,0.0
1783296000,5302168.0,5302168.0,5302168.0,5302168.0,0.0
1783296900,5456204.0,5456204.0,5456204.0,5456204.0,0.0027378
1783297800,5456204.0,5456204.0,5456204.0,5456204.0,0.0
1783298700,5456204.0,5456204.0,5456204.0,5456204.0,0.0
1783299600,5456204.0,5456204.0,5456204.0,5456204.0,0.0
1783300500,5456204.0,5456204.0,5456204.0,5456204.0,0.0
1783301400,5456204.0,5456204.0,5456204.0,5456204.0,0.0
1783302300,5456204.0,5456204.0,5456204.0,5456204.0,0.0
1783303200,5456204.0,5456204.0,5456204.0,5456204.0,0.0
1783304100,5456204.0,5456204.0,5456204.0,5456204.0,0.0
1783305000,5456204.0,5456204.0,5456204.0,5456204.0,0.0
1783305900,5302365.0,5302365.0,5302365.0,5302365.0,0.00985325
1783306800,5302365.0,5302365.0,5302365.0,5302365.0,0.0
1783307700,5302365.0,5302365.0,5302365.0,5302365.0,0.0
1783308600,5302365.0,5302365.0,5302365.0,5302365.0,0.0
1783309500,5302365.0,5302365.0,5302365.0,5302365.0,0.0
1783310400,5302365.0,5302365.0,5302365.0,5302365.0,0.0
1783311300,5302365.0,5302365.0,5302365.0,5302365.0,0.0
1783312200,5302365.0,5302365.0,5302365.0,5302365.0,0.0
1783313100,5302365.0,5302365.0,5302365.0,5302365.0,0.0
1783314000,5303201.0,5303201.0,5303201.0,5303201.0,0.05047683
1783314900,5456291.0,5456292.0,5456291.0,5456292.0,0.016428
1783315800,5456292.0,5456292.0,5456292.0,5456292.0,0.0
1783316700,5456302.0,5456302.0,5456302.0,5456302.0,0.00419788
1783317600,5456302.0,5456302.0,5456302.0,5456302.0,0.0
1783318500,5456302.0,5456302.0,5456302.0,5456302.0,0.0
1783319400,5456298.0,5456298.0,5303555.0,5456298.0,0.01032324
1783320300,5456298.0,5456306.0,5303597.0,5303597.0,0.10973288
1783321200,5303597.0,5303597.0,5303597.0,5303597.0,0.0
1783322100,5303597.0,5303597.0,5303597.0,5303597.0,0.0
1783323000,5303597.0,5303597.0,5303597.0,5303597.0,0.0
1783323900,5456200.0,5456200.0,5456200.0,5456200.0,0.00906235
1783324800,5456200.0,5456200.0,5456200.0,5456200.0,0.0
1783325700,5303919.0,5303919.0,5303919.0,5303919.0,0.53165748
1783326600,5303919.0,5303919.0,5303919.0,5303919.0,0.0
1783327500,5303919.0,5303919.0,5303919.0,5303919.0,0.0
1783328400,5304150.0,5304150.0,5304150.0,5304150.0,0.02520102
1783329300,5456197.0,5456200.0,5456197.0,5456200.0,0.0182891
1783330200,5456200.0,5456200.0,5456200.0,5456200.0,0.0
1783331100,5311004.0,5311004.0,5311004.0,5311004.0,0.00306802
1783332000,5311004.0,5311004.0,5311004.0,5311004.0,0.0
1783332900,5311004.0,5311004.0,5311004.0,5311004.0,0.0
1783333800,5311004.0,5311004.0,5311004.0,5311004.0,0.0
1783334700,5311004.0,5311004.0,5311004.0,5311004.0,0.0
1783335600,5456200.0,5505489.0,5456200.0,5505489.0,1.70226682
1783336500,5505489.0,5505489.0,5311135.0,5311135.0,0.00593316
1783337400,5311135.0,5311135.0,5311135.0,5311135.0,0.0
1783338300,5311135.0,5311135.0,5311135.0,5311135.0,0.0
1783339200,5311135.0,5311135.0,5311135.0,5311135.0,0.0
1783340100,5505488.0,5505500.0,5505488.0,5505500.0,0.016552
1783341000,5311528.0,5311528.0,5311527.0,5311527.0,0.01474308
1783341900,5311527.0,5311527.0,5311527.0,5311527.0,0.0
1783342800,5311512.0,5311512.0,5311512.0,5311512.0,0.00871168
1783343700,5311512.0,5311512.0,5311512.0,5311512.0,0.0
1783344600,5311512.0,5311512.0,5311512.0,5311512.0,0.0
1783345500,5505499.0,5522119.0,5311487.0,5311518.0,1.17962496
1783346400,5522142.0,5522142.0,5522142.0,5522142.0,0.00180346
1783347300,5522142.0,5522142.0,5522142.0,5522142.0,0.00879296
1783348200,5320001.0,5499999.0,5320001.0,5499999.0,0.00441619
1783349100,5499999.0,5522143.0,5499999.0,5522143.0,0.00629686
1783350000,5330001.0,5330001.0,5322286.0,5322286.0,0.09056743
1783350900,5509999.0,5555555.0,5330022.0,5330022.0,0.66819174
1783351800,5330022.0,5330022.0,5330022.0,5330022.0,0.0
1783352700,5330022.0,5330022.0,5330022.0,5330022.0,0.0
1783353600,5330022.0,5330022.0,5330022.0,5330022.0,0.0
1783354500,5592738.0,5592738.0,5592738.0,5592738.0,0.00181842
1783355400,5592738.0,5592738.0,5592738.0,5592738.0,0.0
1783356300,5330442.0,5330442.0,5330261.0,5330261.0,0.06792557
1783357200,5330261.0,5330261.0,5330261.0,5330261.0,0.0
1783358100,5330261.0,5330261.0,5330261.0,5330261.0,0.0
1783359000,5330261.0,5330261.0,5330261.0,5330261.0,0.0
1783359900,5330553.0,5330553.0,5330553.0,5330553.0,0.00399492
1783360800,5330553.0,5330553.0,5330553.0,5330553.0,0.0
1783361700,5330813.0,5599983.0,5330813.0,5599983.0,0.00489013
1783362600,5599983.0,5599983.0,5599983.0,5599983.0,0.0
1783363500,5599983.0,5599983.0,5599983.0,5599983.0,0.0
1783364400,5599983.0,5599983.0,5599983.0,5599983.0,0.0
1783365300,5599983.0,5599983.0,5599983.0,5599983.0,0.0
1783366200,5599968.0,5599968.0,5599968.0,5599968.0,0.0053352
1783367100,5599968.0,5599968.0,5599968.0,5599968.0,0.0
1783368000,5599968.0,5599968.0,5599968.0,5599968.0,0.0
1783368900,5599968.0,5599968.0,5599968.0,5599968.0,0.0
1783369800,5599968.0,5599968.0,5599968.0,5599968.0,0.0
1783370700,5599968.0,5599968.0,5599968.0,5599968.0,0.0
1783371600,5599968.0,5599968.0,5599968.0,5599968.0,0.0
1783372500,5579713.0,5579713.0,5331341.0,5579709.0,0.02383084
1783373400,5579709.0,5579709.0,5579709.0,5579709.0,0.0
1783374300,5579709.0,5579709.0,5579709.0,5579709.0,0.0
1783375200,5579709.0,5579709.0,5579709.0,5579709.0,0.0
1783376100,5579709.0,5579709.0,5579709.0,5579709.0,0.0
1783377000,5579709.0,5579709.0,5579709.0,5579709.0,0.0
1783377900,5579709.0,5579709.0,5579709.0,5579709.0,0.0
1783378800,5579709.0,5579709.0,5579709.0,5579709.0,0.0
1783379700,5584076.0,5584076.0,5584076.0,5584076.0,0.00178346
1783380600,5584076.0,5584076.0,5584076.0,5584076.0,0.0
1783381500,5599991.0,5599991.0,5599991.0,5599991.0,0.00607375
1783382400,5599991.0,5599992.0,5599991.0,5599992.0,0.0148418
1783383300,5599992.0,5599992.0,5599992.0,5599992.0,0.0
1783384200,5599992.0,5599992.0,5599992.0,5599992.0,0.0
1783385100,5599992.0,5599992.0,5599992.0,5599992.0,0.0
1783386000,5599992.0,5599992.0,5599992.0,5599992.0,0.0
1783386900,5599992.0,5599992.0,5599992.0,5599992.0,0.0
1783387800,5599992.0,5599992.0,5599992.0,5599992.0,0.0
1783388700,5599992.0,5599992.0,5599992.0,5599992.0,0.0
1783389600,5599992.0,5599992.0,5599992.0,5599992.0,0.0
1783390500,5599992.0,5599992.0,5599992.0,5599992.0,0.0
1783391400,5599992.0,5599992.0,5599992.0,5599992.0,0.00215911
1783392300,5335433.0,5335433.0,5335433.0,5335433.0,0.00906235
1783393200,5335542.0,5335542.0,5335368.0,5335368.0,0.04581697
1783394100,5599975.0,5599975.0,5599975.0,5599975.0,0.00212233
1783395000,5599975.0,5599975.0,5599975.0,5599975.0,0.0
1783395900,5599975.0,5599975.0,5599975.0,5599975.0,0.0
1783396800,5599975.0,5599975.0,5599975.0,5599975.0,0.0
1783397700,5335620.0,5599517.0,5335618.0,5599517.0,0.01524345
1783398600,5599517.0,5599517.0,5599517.0,5599517.0,0.0
1783399500,5599517.0,5599517.0,5599517.0,5599517.0,0.0
1783400400,5599504.0,5599504.0,5599504.0,5599504.0,0.00177855
1783401300,5599504.0,5599504.0,5599504.0,5599504.0,0.01084988
1783402200,5599504.0,5599519.0,5599504.0,5599519.0,0.01782103
1783403100,5599567.0,5599567.0,5599567.0,5599567.0,0.00717537
1783404000,5335698.0,5335698.0,5335698.0,5335698.0,0.01084988
1783404900,5335698.0,5335698.0,5335698.0,5335698.0,0.0
1783405800,5335698.0,5335698.0,5335698.0,5335698.0,0.0
1783406700,5599564.0,5599564.0,5599564.0,5599564.0,0.00205819
1783407600,5599564.0,5599564.0,5599564.0,5599564.0,0.0
1783408500,5599564.0,5599564.0,5599564.0,5599564.0,0.0
1783409400,5599564.0,5599564.0,5599564.0,5599564.0,0.0
1783410300,5599564.0,5599564.0,5599564.0,5599564.0,0.0
1783411200,5599564.0,5599564.0,5599564.0,5599564.0,0.0
1783412100,5599564.0,5599564.0,5599564.0,5599564.0,0.0
1783413000,5599564.0,5599564.0,5599564.0,5599564.0,0.0
1783413900,5599564.0,5599564.0,5599564.0,5599564.0,0.0
1783414800,5599564.0,5599564.0,5335916.0,5335916.0,0.00535183
1783415700,5599564.0,5599567.0,5599564.0,5599567.0,0.0071018
1783416600,5336100.0,5336100.0,5335709.0,5335709.0,0.28716286
1783417500,5335759.0,5335759.0,5335709.0,5335709.0,0.10445263
1783418400,5335709.0,5335709.0,5335709.0,5335709.0,0.0
1783419300,5335709.0,5335709.0,5335709.0,5335709.0,0.0
1783420200,5599547.0,5600000.0,5599547.0,5600000.0,0.68274563
1783421100,5631911.0,5684031.0,5631911.0,5684031.0,0.00795618
1783422000,5335872.0,5335872.0,5335870.0,5335870.0,0.03709909
1783422900,5679986.0,5679986.0,5335709.0,5679924.0,0.04970259
1783423800,5679924.0,5679924.0,5679924.0,5679924.0,0.0
1783424700,5679924.0,5679924.0,5679924.0,5679924.0,0.0
1783425600,5679587.0,5689982.0,5679587.0,5689971.0,0.24427291
1783426500,5689971.0,5689971.0,5689971.0,5689971.0,0.0
1783427400,5689971.0,5689971.0,5689971.0,5689971.0,0.0
1783428300,5336189.0,5336189.0,5336189.0,5336189.0,0.00189044
1783429200,5336189.0,5336189.0,5336189.0,5336189.0,0.0
1783430100,5694210.0,5694210.0,5694210.0,5694210.0,0.00349792
1783431000,5694210.0,5694210.0,5694210.0,5694210.0,0.0
1783431900,5694210.0,5694210.0,5694210.0,5694210.0,0.0
1783432800,5336492.0,5336492.0,5336492.0,5336492.0,0.00296204
1783433700,5693078.0,5693081.0,5693078.0,5693081.0,0.02039738
1783434600,5693054.0,5693054.0,5336409.0,5336409.0,0.01749324
1783435500,5336409.0,5336409.0,5336409.0,5336409.0,0.0
1783436400,5692868.0,5692868.0,5692868.0,5692868.0,0.01749381
1783437300,5692868.0,5692868.0,5692868.0,5692868.0,0.0
1783438200,5336621.0,5336621.0,5336586.0,5336618.0,0.28622245
1783439100,5675390.0,5675390.0,5336667.0,5336667.0,0.00362207
1783440000,5675328.0,5675328.0,5675290.0,5675290.0,0.01121844
1783440900,5336754.0,5622514.0,5336752.0,5622513.0,0.02845606
1783441800,5622513.0,5622513.0,5622513.0,5622513.0,0.0
1783442700,5622513.0,5622513.0,5622513.0,5622513.0,0.0
1783443600,5622424.0,5622424.0,5622424.0,5622424.0,0.00547966
1783444500,5622424.0,5622424.0,5622424.0,5622424.0,0.0
1783445400,5622424.0,5622424.0,5622424.0,5622424.0,0.0
1783446300,5622424.0,5622424.0,5622424.0,5622424.0,0.0
1783447200,5619972.0,5619972.0,5619961.0,5619961.0,0.01250219
1783448100,5619942.0,5619942.0,5619942.0,5619942.0,0.00398972
1783449000,5337505.0,5337505.0,5337476.0,5337476.0,0.00527934
1783449900,5337476.0,5337476.0,5337476.0,5337476.0,0.0
1783450800,5337476.0,5337476.0,5337476.0,5337476.0,0.0
1783451700,5337476.0,5337476.0,5337476.0,5337476.0,0.0
1783452600,5337476.0,5337476.0,5337476.0,5337476.0,0.0
1783453500,5337476.0,5337476.0,5337476.0,5337476.0,0.0
1783454400,5337806.0,5337806.0,5337806.0,5337806.0,0.00998154
1783455300,5337806.0,5337806.0,5337806.0,5337806.0,0.0
1783456200,5337894.0,5337894.0,5337892.0,5337892.0,0.01705719
1783457100,5337892.0,5337892.0,5337892.0,5337892.0,0.0
1783458000,5337892.0,5337892.0,5337892.0,5337892.0,0.0
1783458900,5337892.0,5337892.0,5337892.0,5337892.0,0.0
1783459800,5337892.0,5337892.0,5337892.0,5337892.0,0.0
1783460700,5556034.0,5556034.0,5556034.0,5556034.0,0.00358493
1783461600,5556034.0,5556034.0,5556034.0,5556034.0,0.0
1783462500,5556034.0,5556034.0,5556034.0,5556034.0,0.0
1783463400,5556034.0,5556034.0,5556034.0,5556034.0,0.0
1783464300,5556034.0,5556034.0,5556034.0,5556034.0,0.0
1783465200,5556034.0,5556034.0,5556034.0,5556034.0,0.0
1783466100,5556034.0,5556034.0,5556034.0,5556034.0,0.0
1783467000,5556034.0,5556034.0,5556034.0,5556034.0,0.0
1783467900,5575735.0,5575735.0,5575735.0,5575735.0,0.00229691
1783468800,5575735.0,5575735.0,5575735.0,5575735.0,0.0
1783469700,5575735.0,5575735.0,5575735.0,5575735.0,0.0
1783470600,5575735.0,5575735.0,5575735.0,5575735.0,0.0
1783471500,5575735.0,5575735.0,5575735.0,5575735.0,0.0
1783472400,5575735.0,5575735.0,5575735.0,5575735.0,0.0
1783473300,5338583.0,5338583.0,5338583.0,5338583.0,0.00470593
1783474200,5338583.0,5338583.0,5338583.0,5338583.0,0.0
1783475100,5338583.0,5338583.0,5338583.0,5338583.0,0.0
1783476000,5338583.0,5338583.0,5338583.0,5338583.0,0.0
1783476900,5338583.0,5338583.0,5338583.0,5338583.0,0.0
1783477800,5562282.0,5562282.0,5562282.0,5562282.0,0.00215954
1783478700,5562282.0,5562282.0,5562282.0,5562282.0,0.0
1783479600,5562282.0,5562282.0,5562282.0,5562282.0,0.0
1783480500,5562282.0,5562282.0,5562282.0,5562282.0,0.0
1783481400,5562282.0,5562282.0,5562282.0,5562282.0,0.0
1783482300,5569404.0,5569415.0,5569404.0,5569415.0,0.05374033
1783483200,5569415.0,5569415.0,5569415.0,5569415.0,0.0
1783484100,5339163.0,5339163.0,5339163.0,5339163.0,0.00539684
1783485000,5571259.0,5571259.0,5571259.0,5571259.0,0.00342723
1783485900,5571259.0,5571259.0,5571259.0,5571259.0,0.0
1783486800,5571259.0,5571259.0,5571259.0,5571259.0,0.0
1783487700,5571259.0,5571259.0,5571259.0,5571259.0,0.0
1783488600,5571259.0,5571259.0,5571259.0,5571259.0,0.0
1783489500,5571259.0,5571259.0,5571259.0,5571259.0,0.0
1783490400,5571259.0,5571259.0,5571259.0,5571259.0,0.0
1783491300,5578972.0,5619000.0,5578972.0,5619000.0,0.01915671
1783492200,5619000.0,5619000.0,5619000.0,5619000.0,0.00248122
1783493100,5619000.0,5619000.0,5619000.0,5619000.0,0.00177237
1783494000,5619000.0,5619000.0,5619000.0,5619000.0,0.0
1783494900,5619000.0,5619000.0,5619000.0,5619000.0,0.0
1783495800,5619000.0,5622442.0,5619000.0,5622442.0,0.07187092
1783496700,5622442.0,5622442.0,5622442.0,5622442.0,0.0
1783497600,5622442.0,5622442.0,5622442.0,5622442.0,0.0
1783498500,5340097.0,5340097.0,5340097.0,5340097.0,0.00209528
1783499400,5340097.0,5340097.0,5340097.0,5340097.0,0.0
1783500300,5340097.0,5340097.0,5340097.0,5340097.0,0.0
1783501200,5340097.0,5340097.0,5340097.0,5340097.0,0.0
1783502100,5340097.0,5340097.0,5340097.0,5340097.0,0.0
1783503000,5621805.0,5621805.0,5340400.0,5340400.0,0.00885759
1783503900,5340400.0,5340400.0,5340400.0,5340400.0,0.0
1783504800,5621626.0,5621626.0,5340533.0,5340533.0,0.00824778
1783505700,5340533.0,5340533.0,5340533.0,5340533.0,0.0
1783506600,5340533.0,5340533.0,5340533.0,5340533.0,0.0
1783507500,5621266.0,5621266.0,5621240.0,5621240.0,0.06697905
1783508400,5340828.0,5340830.0,5340827.0,5340827.0,0.0674498
1783509300,5340896.0,5340896.0,5340896.0,5340896.0,0.00229691
1783510200,5340896.0,5340896.0,5340896.0,5340896.0,0.0
1783511100,5340896.0,5340896.0,5340896.0,5340896.0,0.0
1783512000,5620808.0,5620808.0,5620808.0,5620808.0,0.00287858
1783512900,5620808.0,5620808.0,5620808.0,5620808.0,0.0
1783513800,5341174.0,5622403.0,5341174.0,5622403.0,0.20351539
1783514700,5622403.0,5622403.0,5622403.0,5622403.0,0.0
1783515600,5622403.0,5622403.0,5622403.0,5622403.0,0.0
1783516500,5622326.0,5622326.0,5341383.0,5341383.0,0.0065308
1783517400,5341423.0,5619959.0,5341423.0,5619959.0,0.02545821
1783518300,5619959.0,5619959.0,5619959.0,5619959.0,0.0
1783519200,5619959.0,5619959.0,5619959.0,5619959.0,0.0
1783520100,5619959.0,5619959.0,5619959.0,5619959.0,0.0
1783521000,5619709.0,5619709.0,5619709.0,5619709.0,0.00887839
1783521900,5341722.0,5619654.0,5341691.0,5619654.0,0.07629467
1783522800,5619613.0,5619613.0,5341762.0,5341762.0,0.01173312
1783523700,5619517.0,5619517.0,5619517.0,5619517.0,0.00627402
1783524600,5619517.0,5619517.0,5619517.0,5619517.0,0.0
1783525500,5341944.0,5341944.0,5341912.0,5341912.0,0.00939939
1783526400,5619969.0,5619969.0,5341958.0,5341958.0,0.00529748
1783527300,5341958.0,5341958.0,5341958.0,5341958.0,0.0
1783528200,5619920.0,5619920.0,5619920.0,5619920.0,0.00704031
1783529100,5619994.0,5619994.0,5619994.0,5619994.0,0.00380196
1783530000,5342400.0,5342400.0,5342400.0,5342400.0,0.00216975
1783530900,5342400.0,5342400.0,5342400.0,5342400.0,0.0
1783531800,5619994.0,5619994.0,5342425.0,5342425.0,0.01760342
1783532700,5342425.0,5342425.0,5342425.0,5342425.0,0.0
1783533600,5342425.0,5342425.0,5342425.0,5342425.0,0.0
1783534500,5342425.0,5342425.0,5342425.0,5342425.0,0.0
1783535400,5342425.0,5342425.0,5342425.0,5342425.0,0.0
1783536300,5342425.0,5342425.0,5342425.0,5342425.0,0.0
1783537200,5619997.0,5619997.0,5343049.0,5619990.0,0.00596717
1783538100,5343069.0,5640539.0,5343069.0,5640539.0,0.18138601
1783539000,5343179.0,5343179.0,5343179.0,5343179.0,0.00708754
1783539900,5343339.0,5343339.0,5343339.0,5343339.0,0.0027378
1783540800,5343339.0,5343339.0,5343339.0,5343339.0,0.0
1783541700,5343339.0,5343339.0,5343339.0,5343339.0,0.0
1783542600,5640508.0,5640508.0,5343509.0,5343509.0,0.00602736
1783543500,5343509.0,5343509.0,5343509.0,5343509.0,0.0
1783544400,5343509.0,5343509.0,5343509.0,5343509.0,0.0
1783545300,5343509.0,5343509.0,5343509.0,5343509.0,0.0
1783546200,5343509.0,5343509.0,5343509.0,5343509.0,0.0
1783547100,5343509.0,5343509.0,5343509.0,5343509.0,0.0
1783548000,5343509.0,5343509.0,5343509.0,5343509.0,0.0
1783548900,5343509.0,5343509.0,5343509.0,5343509.0,0.0
1783549800,5343509.0,5343509.0,5343509.0,5343509.0,0.0
1783550700,5343509.0,5343509.0,5343509.0,5343509.0,0.0
1783551600,5343509.0,5343509.0,5343509.0,5343509.0,0.0
1783552500,5343509.0,5343509.0,5343509.0,5343509.0,0.0
1783553400,5343509.0,5343509.0,5343509.0,5343509.0,0.0
1783554300,5343509.0,5343509.0,5343509.0,5343509.0,0.0
1783555200,5343509.0,5343509.0,5343509.0,5343509.0,0.0
1783556100,5343509.0,5343509.0,5343509.0,5343509.0,0.0
1783557000,5345211.0,5345211.0,5345204.0,5345204.0,0.05040882
1783557900,5345204.0,5345204.0,5345204.0,5345204.0,0.0
1783558800,5345290.0,5345290.0,5345289.0,5345289.0,0.16473471
1783559700,5345289.0,5345289.0,5345289.0,5345289.0,0.0
1783560600,5345289.0,5345289.0,5345289.0,5345289.0,0.0
1783561500,5345289.0,5345289.0,5345289.0,5345289.0,0.0
1783562400,5345289.0,5345289.0,5345289.0,5345289.0,0.0
1783563300,5640399.0,5640399.0,5640399.0,5640399.0,0.00740195
1783564200,5640399.0,5640399.0,5640399.0,5640399.0,0.0
1783565100,5640399.0,5640399.0,5640399.0,5640399.0,0.0
1783566000,5640417.0,5640417.0,5346005.0,5346005.0,0.0097005
1783566900,5640407.0,5640410.0,5346083.0,5346083.0,0.05001531
1783567800,5346086.0,5346086.0,5346086.0,5346086.0,0.00740195
1783568700,5346086.0,5346086.0,5346086.0,5346086.0,0.0
1783569600,5346086.0,5346086.0,5346086.0,5346086.0,0.0
1783570500,5346256.0,5346256.0,5346256.0,5346256.0,0.00248122
1783571400,5346174.0,5346174.0,5346174.0,5346174.0,0.00547966
1783572300,5346180.0,5346180.0,5346180.0,5346180.0,0.00207153
1783573200,5346182.0,5346182.0,5346181.0,5346181.0,0.0091331
1783574100,5346239.0,5640535.0,5346239.0,5640535.0,0.01242238
1783575000,5640535.0,5640535.0,5640535.0,5640535.0,0.0
1783575900,5640535.0,5640535.0,5640535.0,5640535.0,0.0
1783576800,5640535.0,5640535.0,5640535.0,5640535.0,0.0
1783577700,5640536.0,5640536.0,5640536.0,5640536.0,0.00221929
1783578600,5640536.0,5640536.0,5640536.0,5640536.0,0.00176862
1783579500,5640536.0,5640536.0,5640536.0,5640536.0,0.0
1783580400,5640536.0,5640536.0,5640536.0,5640536.0,0.0
1783581300,5640536.0,5640536.0,5640536.0,5640536.0,0.0
1783582200,5640536.0,5640536.0,5640536.0,5640536.0,0.0
1783583100,5640536.0,5640536.0,5640536.0,5640536.0,0.0
1783584000,5640463.0,5640463.0,5640463.0,5640463.0,0.00441399
1783584900,5640463.0,5640463.0,5640463.0,5640463.0,0.0
1783585800,5640463.0,5640463.0,5640463.0,5640463.0,0.0
1783586700,5640504.0,5640504.0,5640504.0,5640504.0,0.00176562
1783587600,5640504.0,5640504.0,5640504.0,5640504.0,0.0
1783588500,5640504.0,5640504.0,5640504.0,5640504.0,0.0
1783589400,5640531.0,5640531.0,5347422.0,5640531.0,0.00804569
1783590300,5640531.0,5640531.0,5640531.0,5640531.0,0.0
1783591200,5347450.0,5640517.0,5346592.0,5346642.0,0.21129302
1783592100,5346688.0,5346688.0,5346687.0,5346687.0,0.00428009
1783593000,5346744.0,5346752.0,5346744.0,5346752.0,0.04271072
1783593900,5640523.0,5640524.0,5640523.0,5640524.0,0.01677344
1783594800,5640524.0,5640524.0,5640524.0,5640524.0,0.0
1783595700,5346965.0,5346965.0,5346965.0,5346965.0,0.00859474
1783596600,5346973.0,5347018.0,5346973.0,5347017.0,0.00868487
1783597500,5640501.0,5640504.0,5640501.0,5640504.0,0.05238255
1783598400,5640535.0,5640535.0,5347198.0,5347198.0,0.01143791
1783599300,5347198.0,5347198.0,5347198.0,5347198.0,0.0
1783600200,5347248.0,5640532.0,5347248.0,5640532.0,0.01434606
1783601100,5640532.0,5640532.0,5640532.0,5640532.0,0.0
1783602000,5640532.0,5640535.0,5640532.0,5640535.0,0.00918352
1783602900,5640535.0,5640535.0,5640535.0,5640535.0,0.0
1783603800,5640535.0,5640535.0,5640535.0,5640535.0,0.0
1783604700,5640526.0,5640526.0,5346219.0,5346219.0,0.0045889
1783605600,5346219.0,5346219.0,5346219.0,5346219.0,0.0
1783606500,5346219.0,5346219.0,5346219.0,5346219.0,0.0
1783607400,5346219.0,5346219.0,5346219.0,5346219.0,0.0
1783608300,5639995.0,5666120.0,5639995.0,5666120.0,0.28392769
1783609200,5666120.0,5666120.0,5666120.0,5666120.0,0.0
1783610100,5699994.0,5699994.0,5699994.0,5699994.0,0.00875334
1783611000,5699994.0,5699994.0,5699994.0,5699994.0,0.0
1783611900,5347015.0,5699996.0,5347015.0,5699995.0,0.01098007
1783612800,5347181.0,5347181.0,5347179.0,5347179.0,0.64776531
1783613700,5347195.0,5347195.0,5347195.0,5347195.0,0.00383115
1783614600,5347195.0,5347195.0,5347195.0,5347195.0,0.0
1783615500,5348001.0,5348001.0,5348001.0,5348001.0,0.0039142
1783616400,5348001.0,5348001.0,5348001.0,5348001.0,0.0
1783617300,5348001.0,5348001.0,5348001.0,5348001.0,0.0
1783618200,5348001.0,5348001.0,5348001.0,5348001.0,0.0
1783619100,5348001.0,5348001.0,5348001.0,5348001.0,0.0
1783620000,5348001.0,5348001.0,5348001.0,5348001.0,0.0
1783620900,5348001.0,5348001.0,5348001.0,5348001.0,0.0
1783621800,5348001.0,5348001.0,5348001.0,5348001.0,0.0
1783622700,5348001.0,5348001.0,5348001.0,5348001.0,0.0
1783623600,5677244.0,5700000.0,5677244.0,5700000.0,0.17540631
1783624500,5700000.0,5700000.0,5700000.0,5700000.0,0.0
1783625400,5700000.0,5700000.0,5700000.0,5700000.0,0.0
1783626300,5699914.0,5699914.0,5699914.0,5699914.0,0.00366689
1783627200,5699914.0,5699914.0,5699914.0,5699914.0,0.0
1783628100,5699914.0,5699914.0,5699914.0,5699914.0,0.0
1783629000,5699914.0,5699914.0,5699914.0,5699914.0,0.0
1783629900,5699914.0,5699914.0,5699914.0,5699914.0,0.0
1783630800,5699914.0,5699914.0,5699914.0,5699914.0,0.0
1783631700,5699914.0,5699914.0,5699914.0,5699914.0,0.0
1783632600,5699914.0,5699914.0,5699914.0,5699914.0,0.0
1783633500,5699914.0,5699914.0,5699914.0,5699914.0,0.0
1783634400,5699914.0,5699914.0,5699914.0,5699914.0,0.0
1783635300,5699914.0,5699914.0,5699914.0,5699914.0,0.0
1783636200,5699914.0,5699914.0,5699914.0,5699914.0,0.0
1783637100,5673537.0,5673537.0,5348712.0,5348713.0,0.00660228
1783638000,5673536.0,5673538.0,5673536.0,5673538.0,0.00390602
1783638900,5673538.0,5673538.0,5673538.0,5673538.0,0.0
1783639800,5699953.0,5699953.0,5350069.0,5699949.0,0.02319073
1783640700,5350077.0,5699949.0,5350077.0,5350166.0,0.01707215
1783641600,5350166.0,5350166.0,5350166.0,5350166.0,0.0
1783642500,5350166.0,5350166.0,5350166.0,5350166.0,0.0
1783643400,5350255.0,5350255.0,5350255.0,5350255.0,0.001888
1783644300,5350255.0,5350255.0,5350255.0,5350255.0,0.0
1783645200,5350255.0,5350255.0,5350255.0,5350255.0,0.0
1783646100,5350255.0,5350255.0,5350255.0,5350255.0,0.0
1783647000,5699820.0,5699820.0,5350674.0,5350674.0,0.00894768
1783647900,5350674.0,5350674.0,5350674.0,5350674.0,0.0
1783648800,5350674.0,5350674.0,5350674.0,5350674.0,0.0
1783649700,5350674.0,5350674.0,5350674.0,5350674.0,0.0
1783650600,5350674.0,5350674.0,5350674.0,5350674.0,0.0
1783651500,5699831.0,5699936.0,5699831.0,5699936.0,0.01467767
1783652400,5350969.0,5350969.0,5350969.0,5350969.0,0.00326624
1783653300,5350969.0,5350969.0,5350969.0,5350969.0,0.0
1783654200,5350969.0,5350969.0,5350969.0,5350969.0,0.0
1783655100,5350969.0,5350969.0,5350969.0,5350969.0,0.0
1783656000,5351441.0,5351441.0,5351441.0,5351441.0,0.00267397
1783656900,5351441.0,5351441.0,5351441.0,5351441.0,0.0
1783657800,5699935.0,5699935.0,5351575.0,5351575.0,0.00839804
1783658700,5351660.0,5351660.0,5351657.0,5351657.0,0.17934426
1783659600,5351757.0,5351757.0,5351757.0,5351757.0,0.00517801
1783660500,5351757.0,5351757.0,5351757.0,5351757.0,0.0
1783661400,5351757.0,5351757.0,5351757.0,5351757.0,0.0
1783662300,5351084.0,5351084.0,5351082.0,5351082.0,0.00817094
1783663200,5351082.0,5351082.0,5351082.0,5351082.0,0.0
1783664100,5351082.0,5351082.0,5351082.0,5351082.0,0.0
1783665000,5351082.0,5351082.0,5351082.0,5351082.0,0.0
1783665900,5351082.0,5351082.0,5351082.0,5351082.0,0.0
1783666800,5351082.0,5351082.0,5351082.0,5351082.0,0.0
1783667700,5351082.0,5351082.0,5351082.0,5351082.0,0.0
1783668600,5351082.0,5351082.0,5351082.0,5351082.0,0.0
1783669500,5351082.0,5351082.0,5351082.0,5351082.0,0.0
1783670400,5351082.0,5351082.0,5351082.0,5351082.0,0.0
1783671300,5699444.0,5699444.0,5699444.0,5699444.0,0.0095897
1783672200,5699374.0,5699385.0,5699374.0,5699385.0,0.05141273
1783673100,5699364.0,5699364.0,5377102.0,5377102.0,0.00543231
1783674000,5699325.0,5699333.0,5377163.0,5377163.0,0.03022657
1783674900,5377163.0,5377163.0,5377163.0,5377163.0,0.0
1783675800,5377163.0,5377163.0,5377163.0,5377163.0,0.0
1783676700,5699470.0,5699481.0,5378214.0,5378214.0,0.16671754
1783677600,5378214.0,5378214.0,5378214.0,5378214.0,0.0
1783678500,5378214.0,5378214.0,5378214.0,5378214.0,0.0
1783679400,5378214.0,5378214.0,5378214.0,5378214.0,0.0
1783680300,5699489.0,5699489.0,5699489.0,5699489.0,0.00174734
1783681200,5699489.0,5699489.0,5699489.0,5699489.0,0.0
1783682100,5699408.0,5699408.0,5699408.0,5699408.0,0.00174737
1783683000,5699408.0,5699408.0,5699408.0,5699408.0,0.0
1783683900,5699408.0,5699408.0,5699408.0,5699408.0,0.0
1783684800,5400002.0,5699031.0,5378224.0,5699031.0,0.01060787
1783685700,5378226.0,5698895.0,5378224.0,5698895.0,0.02115095
1783686600,5698895.0,5698895.0,5698895.0,5698895.0,0.0
1783687500,5698895.0,5698895.0,5698895.0,5698895.0,0.0
1783688400,5698895.0,5698895.0,5698895.0,5698895.0,0.0
1783689300,5385002.0,5385002.0,5378230.0,5378230.0,0.01060787
1783690200,5378230.0,5378230.0,5378230.0,5378230.0,0.0
1783691100,5378230.0,5378230.0,5378230.0,5378230.0,0.0
1783692000,5400000.0,5569956.0,5400000.0,5569956.0,0.06049626
1783692900,5569956.0,5569956.0,5569956.0,5569956.0,0.0
1783693800,5569956.0,5569956.0,5569956.0,5569956.0,0.0
1783694700,5569956.0,5569956.0,5569956.0,5569956.0,0.0
1783695600,5378231.0,5378231.0,5378231.0,5378231.0,0.00407872
1783696500,5378231.0,5378231.0,5378231.0,5378231.0,0.0
1783697400,5569939.0,5569939.0,5569939.0,5569939.0,0.00433379
1783698300,5569931.0,5569931.0,5569931.0,5569931.0,0.00178799
1783699200,5569931.0,5569931.0,5569931.0,5569931.0,0.0
1783700100,5569931.0,5569931.0,5569931.0,5569931.0,0.0
1783701000,5569931.0,5569931.0,5569931.0,5569931.0,0.0
1783701900,5569933.0,5569934.0,5569933.0,5569934.0,0.00689451
1783702800,5569934.0,5569934.0,5569934.0,5569934.0,0.0
1783703700,5569934.0,5569934.0,5569934.0,5569934.0,0.0
1783704600,5569934.0,5569934.0,5569934.0,5569934.0,0.0
1783705500,5569934.0,5569934.0,5569934.0,5569934.0,0.0
1783706400,5569934.0,5569934.0,5569934.0,5569934.0,0.0
1783707300,5569934.0,5569934.0,5569934.0,5569934.0,0.0
1783708200,5569934.0,5569934.0,5569934.0,5569934.0,0.0
1783709100,5569934.0,5569934.0,5569934.0,5569934.0,0.0
1783710000,5569934.0,5569934.0,5569934.0,5569934.0,0.0
1783710900,5569934.0,5569934.0,5569934.0,5569934.0,0.0
1783711800,5569934.0,5569934.0,5569934.0,5569934.0,0.0
1783712700,5569934.0,5569934.0,5569934.0,5569934.0,0.0
1783713600,5569934.0,5569934.0,5569934.0,5569934.0,0.0
1783714500,5569934.0,5569934.0,5569934.0,5569934.0,0.0
1783715400,5569934.0,5569934.0,5569934.0,5569934.0,0.0
1783716300,5569934.0,5569934.0,5569934.0,5569934.0,0.0
1783717200,5569934.0,5569934.0,5569934.0,5569934.0,0.0
1783718100,5569934.0,5569934.0,5569934.0,5569934.0,0.0
1783719000,5569934.0,5569934.0,5569934.0,5569934.0,0.0
1783719900,5569934.0,5569934.0,5569934.0,5569934.0,0.0
1783720800,5569934.0,5569934.0,5569934.0,5569934.0,0.0
1783721700,5569934.0,5569934.0,5569934.0,5569934.0,0.0
1783722600,5569934.0,5569942.0,5569934.0,5569942.0,0.05571005
1783723500,5378474.0,5677293.0,5378474.0,5677293.0,0.02000771
1783724400,5677293.0,5677293.0,5677293.0,5677293.0,0.0
1783725300,5677293.0,5677293.0,5677293.0,5677293.0,0.0
1783726200,5677293.0,5677293.0,5677293.0,5677293.0,0.0
1783727100,5378499.0,5378499.0,5378499.0,5378499.0,0.00187091
1783728000,5378499.0,5378499.0,5378499.0,5378499.0,0.0
1783728900,5378499.0,5378499.0,5378499.0,5378499.0,0.0
1783729800,5378499.0,5378499.0,5378499.0,5378499.0,0.0
1783730700,5378499.0,5378499.0,5378499.0,5378499.0,0.0
1783731600,5378499.0,5378499.0,5378499.0,5378499.0,0.0
1783732500,5378499.0,5378499.0,5378499.0,5378499.0,0.0
1783733400,5378499.0,5378499.0,5378499.0,5378499.0,0.0
1783734300,5378499.0,5378499.0,5378499.0,5378499.0,0.0
1783735200,5390515.0,5390515.0,5378226.0,5378226.0,0.23270565
1783736100,5378226.0,5378226.0,5378226.0,5378226.0,0.0
1783737000,5378226.0,5378226.0,5378226.0,5378226.0,0.0
1783737900,5378226.0,5378226.0,5378226.0,5378226.0,0.0
1783738800,5378226.0,5378226.0,5378226.0,5378226.0,0.0
1783739700,5378226.0,5378226.0,5378226.0,5378226.0,0.0
1783740600,5378226.0,5378226.0,5378226.0,5378226.0,0.0
1783741500,5378254.0,5378254.0,5378254.0,5378254.0,0.0373439
1783742400,5378254.0,5378254.0,5378254.0,5378254.0,0.0
1783743300,5378254.0,5378254.0,5378254.0,5378254.0,0.0
1783744200,5378254.0,5378254.0,5378254.0,5378254.0,0.0
1783745100,5378254.0,5378254.0,5378254.0,5378254.0,0.0
1783746000,5378230.0,5378230.0,5378230.0,5378230.0,0.02134269
1783746900,5378230.0,5378230.0,5378230.0,5378230.0,0.00276488
1783747800,5378230.0,5669983.0,5378230.0,5669983.0,0.02402844
1783748700,5378250.0,5378250.0,5378249.0,5378249.0,0.01664165
1783749600,5378249.0,5378249.0,5378249.0,5378249.0,0.0
1783750500,5669941.0,5669941.0,5669941.0,5669941.0,0.01584478
1783751400,5669941.0,5669941.0,5669941.0,5669941.0,0.0
1783752300,5669884.0,5669995.0,5669884.0,5669995.0,0.02556035
1783753200,5669995.0,5669995.0,5669995.0,5669995.0,0.00863545
1783754100,5669995.0,5669995.0,5669995.0,5669995.0,0.0
1783755000,5669995.0,5669995.0,5669995.0,5669995.0,0.0
1783755900,5669991.0,5669991.0,5669991.0,5669991.0,0.05438227
1783756800,5669991.0,5669991.0,5669991.0,5669991.0,0.1308092
1783757700,5669991.0,5669991.0,5669991.0,5669991.0,0.0
1783758600,5669987.0,5669987.0,5669987.0,5669987.0,0.00288871
1783759500,5669987.0,5669987.0,5669987.0,5669987.0,0.0
1783760400,5669987.0,5669987.0,5669987.0,5669987.0,0.0
1783761300,5667049.0,5667049.0,5667049.0,5667049.0,0.00175735
1783762200,5667049.0,5667049.0,5667049.0,5667049.0,0.0
1783763100,5389019.0,5389019.0,5389019.0,5389019.0,0.00215954
1783764000,5389105.0,5389105.0,5389105.0,5389105.0,0.00212233
1783764900,5669990.0,5669991.0,5669990.0,5669991.0,0.00527972
1783765800,5669985.0,5669986.0,5669985.0,5669986.0,0.00351288
1783766700,5666455.0,6000000.0,5666455.0,5999945.0,0.68941273
1783767600,5999897.0,5999897.0,5389505.0,5389505.0,0.00655838
1783768500,5389505.0,5389505.0,5389505.0,5389505.0,0.0
1783769400,5999569.0,5999570.0,5999569.0,5999570.0,0.01999976
1783770300,5393001.0,5393001.0,5392990.0,5392990.0,0.03811402
1783771200,5392990.0,5392990.0,5392990.0,5392990.0,0.0
1783772100,5392990.0,5392990.0,5392990.0,5392990.0,0.0
1783773000,5392990.0,5392990.0,5392990.0,5392990.0,0.0
1783773900,5979956.0,5979956.0,5390002.0,5390002.0,0.02378904
1783774800,5390020.0,5390020.0,5390020.0,5390020.0,0.00443005
1783775700,5390020.0,5390020.0,5390020.0,5390020.0,0.0
1783776600,5949998.0,5949998.0,5949998.0,5949998.0,0.00374504
1783777500,5389680.0,5949888.0,5389678.0,5949876.0,0.5965547
1783778400,5949876.0,5949876.0,5949876.0,5949876.0,0.0
1783779300,5392044.0,5392044.0,5392044.0,5392044.0,0.00503853
1783780200,5949448.0,5949448.0,5949448.0,5949448.0,0.0167402
1783781100,5392340.0,5392352.0,5392340.0,5392352.0,0.01506114
1783782000,5949208.0,6100000.0,5949208.0,6100000.0,0.668445
1783782900,5396113.0,5396137.0,5396113.0,5396131.0,0.04989918
1783783800,5389622.0,6099751.0,5389622.0,5389622.0,0.01319138
1783784700,5389622.0,5389622.0,5389622.0,5389622.0,0.0
1783785600,5389622.0,5389622.0,5389622.0,5389622.0,0.0
1783786500,6099355.0,6099357.0,6099307.0,6099307.0,0.08857199
1783787400,6099274.0,6099274.0,6099274.0,6099274.0,0.00630632
1783788300,6099274.0,6099274.0,6099274.0,6099274.0,0.0
1783789200,5392033.0,5392033.0,5392033.0,5392033.0,0.00798778
1783790100,6098709.0,6098709.0,6098709.0,6098709.0,0.00163296
1783791000,6098637.0,6098637.0,6098637.0,6098637.0,0.00187812
1783791900,5395512.0,6098513.0,5395512.0,6098513.0,0.00810404
1783792800,6098513.0,6098513.0,6098513.0,6098513.0,0.0
1783793700,6098513.0,6098513.0,6098513.0,6098513.0,0.0
1783794600,6098125.0,6098125.0,6098122.0,6098122.0,0.02444094
1783795500,6098051.0,6098051.0,6098051.0,6098051.0,0.00333254
1783796400,6098051.0,6098051.0,6098051.0,6098051.0,0.0
1783797300,6098051.0,6098051.0,6098051.0,6098051.0,0.0
1783798200,6098051.0,6098051.0,6098051.0,6098051.0,0.0
1783799100,5431160.0,6097247.0,5431160.0,6097247.0,0.30333252
1783800000,6097247.0,6097247.0,6097247.0,6097247.0,0.0
1783800900,6097247.0,6097247.0,6097247.0,6097247.0,0.0
1783801800,5445224.0,6096790.0,5445223.0,6096790.0,0.11847914
1783802700,5445206.0,6096762.0,5445206.0,6096762.0,0.01981657
1783803600,6096762.0,6096762.0,6096762.0,6096762.0,0.0
1783804500,5445253.0,6097092.0,5445253.0,5455011.0,1.01283448
1783805400,6096955.0,6096955.0,6096849.0,6096849.0,0.08604774
1783806300,6096849.0,6096849.0,6096849.0,6096849.0,0.0
1783807200,5555559.0,5555559.0,5555555.0,5555555.0,0.07710781
1783808100,5555555.0,5555555.0,5555555.0,5555555.0,0.0
1783809000,5555555.0,5555555.0,5555555.0,5555555.0,0.0
1783809900,5555555.0,5555555.0,5555555.0,5555555.0,0.0
1783810800,5555555.0,5555555.0,5555555.0,5555555.0,0.0
1783811700,5555555.0,5555555.0,5555555.0,5555555.0,0.0
1783812600,5457950.0,6096638.0,5457950.0,6096638.0,0.01374481
1783813500,6096638.0,6096638.0,6096638.0,6096638.0,0.0
1783814400,6096638.0,6096638.0,6096638.0,6096638.0,0.0
1783815300,6096339.0,6096339.0,5461040.0,5461040.0,0.01531845
1783816200,6096256.0,6096256.0,5461143.0,5461143.0,0.01504511
1783817100,5461143.0,5461143.0,5461143.0,5461143.0,0.0
1783818000,6096026.0,6096027.0,5463044.0,5463044.0,0.30129769
1783818900,6095918.0,6095919.0,6095851.0,6095851.0,0.11969438
1783819800,6095851.0,6095851.0,6095851.0,6095851.0,0.0
1783820700,6095851.0,6095851.0,6095851.0,6095851.0,0.0
1783821600,5500017.0,6095633.0,5500017.0,6095601.0,0.09073448
1783822500,6095506.0,6095506.0,6095506.0,6095506.0,0.00320514
1783823400,5500135.0,6095391.0,5500135.0,5505902.0,0.02681296
1783824300,6095272.0,6095272.0,5505961.0,6095256.0,0.03158484
1783825200,6095240.0,6095240.0,5510100.0,6095192.0,0.06804543
1783826100,5530021.0,5530021.0,5530021.0,5530021.0,0.00653741
1783827000,5530021.0,5530021.0,5530021.0,5530021.0,0.0
1783827900,6094992.0,6094992.0,6094992.0,6094992.0,0.00163396
1783828800,6094992.0,6094992.0,6094992.0,6094992.0,0.0
1783829700,5530455.0,6094807.0,5530454.0,6094807.0,0.12614609
1783830600,6094744.0,6094744.0,5535936.0,5535961.0,0.17688411
1783831500,6094465.0,6094465.0,6094465.0,6094465.0,0.11663173
1783832400,5536736.0,5536736.0,5536736.0,5536736.0,0.11663173
1783833300,5536736.0,5536736.0,5536736.0,5536736.0,0.0
1783834200,5536998.0,5536998.0,5536998.0,5536998.0,0.00320514
1783835100,6094153.0,6094154.0,5537141.0,6094105.0,0.22407166
1783836000,6093955.0,6093955.0,6093955.0,6093955.0,0.06491235
1783836900,5537627.0,6093886.0,5537627.0,6093886.0,0.00692795
1783837800,5537771.0,5537771.0,5537771.0,5537771.0,0.00210879
1783838700,5537771.0,5537771.0,5537771.0,5537771.0,0.0
1783839600,5539294.0,5539294.0,5539294.0,5539294.0,0.02865859
1783840500,5539294.0,5539294.0,5539294.0,5539294.0,0.0
1783841400,6093710.0,6093710.0,6093660.0,6093660.0,0.22406676
1783842300,6093842.0,6093842.0,5541999.0,5541999.0,0.01508943
1783843200,5543006.0,5543006.0,5543006.0,5543006.0,0.00949084
1783844100,5543006.0,5543006.0,5543006.0,5543006.0,0.0
1783845000,5543006.0,5543006.0,5543006.0,5543006.0,0.0
1783845900,6093578.0,6093578.0,5566126.0,5566126.0,0.00505341
1783846800,5567043.0,5567057.0,5567043.0,5567057.0,0.21345935
1783847700,5567057.0,5567057.0,5567057.0,5567057.0,0.0
1783848600,5567057.0,5567057.0,5567057.0,5567057.0,0.0
1783849500,5567057.0,5567057.0,5567057.0,5567057.0,0.0
1783850400,6093356.0,6093357.0,5569130.0,5569134.0,0.06667615
1783851300,5999997.0,5999997.0,5999997.0,5999997.0,0.00298766
1783852200,5999997.0,5999997.0,5999997.0,5999997.0,0.0
1783853100,5999873.0,5999873.0,5999873.0,5999873.0,0.00176587
1783854000,5999828.0,5999828.0,5600002.0,5600002.0,0.00364392
1783854900,5999739.0,5999739.0,5600003.0,5999716.0,0.01901706
1783855800,5999716.0,5999716.0,5999716.0,5999716.0,0.0
1783856700,5610018.0,5610018.0,5610018.0,5610018.0,0.00405364
1783857600,5650001.0,5989998.0,5650001.0,5700001.0,0.11346206
1783858500,5949990.0,5949990.0,5949990.0,5949990.0,0.06173539
1783859400,5949990.0,5949990.0,5949990.0,5949990.0,0.0
1783860300,5869987.0,5869987.0,5600004.0,5600004.0,0.02096009
1783861200,5600004.0,5600004.0,5600004.0,5600004.0,0.0
1783862100,5600004.0,5600004.0,5600004.0,5600004.0,0.0
1783863000,5600004.0,5600004.0,5600004.0,5600004.0,0.0
1783863900,5869572.0,5869572.0,5869572.0,5869572.0,0.00598834
1783864800,5600080.0,5869534.0,5600069.0,5869534.0,0.06930498
1783865700,5600169.0,5600169.0,5600169.0,5600169.0,0.00756959
1783866600,5600179.0,5600179.0,5600179.0,5600179.0,0.006998
1783867500,5864663.0,5864663.0,5864529.0,5864530.0,0.0250328
1783868400,5600293.0,5864428.0,5600222.0,5864428.0,0.10324938
1783869300,5864396.0,5864396.0,5600096.0,5600096.0,0.00390403
1783870200,5864260.0,5864261.0,5864192.0,5864192.0,0.02483511
1783871100,5864192.0,5864192.0,5864192.0,5864192.0,0.0
1783872000,5864028.0,5864028.0,5863997.0,5863997.0,0.05401855
1783872900,5863997.0,5863997.0,5863997.0,5863997.0,0.0
1783873800,5863901.0,5863901.0,5863835.0,5863835.0,0.01690693
1783874700,5863835.0,5863835.0,5863835.0,5863835.0,0.0
1783875600,5600537.0,5863633.0,5600537.0,5863633.0,0.01238659
1783876500,5863633.0,5863657.0,5600635.0,5600635.0,0.01320615
1783877400,5863533.0,5863533.0,5863533.0,5863533.0,0.00169846
1783878300,5863384.0,5863384.0,5863384.0,5863384.0,0.01522243
1783879200,5600739.0,5600739.0,5600739.0,5600739.0,0.00598834
1783880100,5600739.0,5600739.0,5600739.0,5600739.0,0.0
1783881000,5600745.0,5863134.0,5600745.0,5863134.0,0.01707289
1783881900,5863134.0,5863134.0,5863134.0,5863134.0,0.0
1783882800,5863134.0,5863134.0,5863134.0,5863134.0,0.0
1783883700,5862878.0,5862878.0,5862878.0,5862878.0,0.00169882
1783884600,5862878.0,5862878.0,5862878.0,5862878.0,0.0
1783885500,5862878.0,5862878.0,5862878.0,5862878.0,0.0
1783886400,5862878.0,5862878.0,5862878.0,5862878.0,0.0
1783887300,5862878.0,5862878.0,5862878.0,5862878.0,0.0
1783888200,5862878.0,5862878.0,5862878.0,5862878.0,0.0
1783889100,5862878.0,5862878.0,5862878.0,5862878.0,0.0
1783890000,5862227.0,5862227.0,5862217.0,5862217.0,0.03598916
1783890900,5862176.0,5862176.0,5862176.0,5862176.0,0.18257751
1783891800,5862176.0,5862176.0,5862176.0,5862176.0,0.0
1783892700,5861983.0,5861983.0,5861983.0,5861983.0,0.0050372
1783893600,5861983.0,5861983.0,5861983.0,5861983.0,0.0
1783894500,5861983.0,5861983.0,5861983.0,5861983.0,0.0
1783895400,5861983.0,5861983.0,5861983.0,5861983.0,0.0
1783896300,5861983.0,5861983.0,5861983.0,5861983.0,0.0
1783897200,5861983.0,5861983.0,5861983.0,5861983.0,0.0
1783898100,5861983.0,5861983.0,5861983.0,5861983.0,0.0
1783899000,5861983.0,5861983.0,5861983.0,5861983.0,0.0
1783899900,5861983.0,5861983.0,5861983.0,5861983.0,0.0
1783900800,5861983.0,5861983.0,5861983.0,5861983.0,0.0
1783901700,5600883.0,5600883.0,5600883.0,5600883.0,0.00613049
1783902600,5864214.0,5864214.0,5601009.0,5601009.0,0.00503021
1783903500,5601009.0,5601009.0,5601009.0,5601009.0,0.0
1783904400,5601009.0,5601009.0,5601009.0,5601009.0,0.0
1783905300,5863995.0,5863995.0,5601072.0,5601072.0,0.01501139
1783906200,5863873.0,5863874.0,5863873.0,5863874.0,0.01595259
1783907100,5863874.0,5863874.0,5863874.0,5863874.0,0.0
1783908000,5863874.0,5863874.0,5863874.0,5863874.0,0.0
1783908900,5863874.0,5863874.0,5863874.0,5863874.0,0.0
1783909800,5863874.0,5863874.0,5863874.0,5863874.0,0.0
1783910700,5861637.0,5863671.0,5601515.0,5863671.0,0.01601484
1783911600,5601653.0,5601653.0,5601638.0,5601638.0,0.01595259
1783912500,5863535.0,5863535.0,5863535.0,5863535.0,0.00169846
1783913400,5863535.0,5863535.0,5863535.0,5863535.0,0.0
1783914300,5863535.0,5863535.0,5863535.0,5863535.0,0.0
1783915200,5863535.0,5863535.0,5863535.0,5863535.0,0.0
1783916100,5601548.0,5863540.0,5601547.0,5863540.0,0.02489607
1783917000,5601548.0,5601548.0,5601548.0,5601548.0,0.0050372
1783917900,5863539.0,5863539.0,5601606.0,5863532.0,0.01159395
1783918800,5863532.0,5863532.0,5863532.0,5863532.0,0.0
1783919700,5863532.0,5863532.0,5863532.0,5863532.0,0.0
1783920600,5601617.0,5601617.0,5601423.0,5601423.0,0.14529651
1783921500,5601423.0,5601423.0,5601423.0,5601423.0,0.0
1783922400,5601423.0,5601423.0,5601423.0,5601423.0,0.0
1783923300,5863605.0,5863605.0,5863605.0,5863605.0,0.00876713
1783924200,5863605.0,5863605.0,5863605.0,5863605.0,0.0
1783925100,5601531.0,5601531.0,5601531.0,5601531.0,0.00231856
1783926000,5601531.0,5601531.0,5601531.0,5601531.0,0.0
1783926900,5601531.0,5601531.0,5601529.0,5601529.0,0.01573631
1783927800,5783567.0,5783567.0,5783567.0,5783567.0,0.00527771
1783928700,5783567.0,5783567.0,5783567.0,5783567.0,0.0
1783929600,5782398.0,5782398.0,5782398.0,5782398.0,0.00335016
1783930500,5605001.0,5605001.0,5601516.0,5601516.0,0.02003623
1783931400,5601516.0,5601516.0,5601516.0,5601516.0,0.0
1783932300,5602000.0,5602000.0,5601530.0,5601530.0,0.01690037
1783933200,5601530.0,5601530.0,5601530.0,5601530.0,0.0
1783934100,5601530.0,5601530.0,5601530.0,5601530.0,0.0
1783935000,5601519.0,5601519.0,5601519.0,5601519.0,0.00372569
1783935900,5601519.0,5601519.0,5601519.0,5601519.0,0.0
1783936800,5601524.0,5601524.0,5601524.0,5601524.0,0.00931052
1783937700,5601524.0,5601524.0,5601524.0,5601524.0,0.0
1783938600,5601525.0,5601525.0,5601525.0,5601525.0,0.01659912
1783939500,5764431.0,5764431.0,5601525.0,5601525.0,0.01908935
1783940400,5601525.0,5601525.0,5601525.0,5601525.0,0.0
1783941300,5601525.0,5764444.0,5601525.0,5764444.0,0.07317786
1783942200,5764444.0,5764444.0,5764444.0,5764444.0,0.0
1783943100,5601535.0,5601535.0,5601535.0,5601535.0,0.01522243
1783944000,5764282.0,5764282.0,5764228.0,5764231.0,0.05534889
1783944900,5764209.0,5764209.0,5764209.0,5764209.0,0.00345546
1783945800,5764209.0,5764209.0,5764209.0,5764209.0,0.0
1783946700,5764209.0,5764209.0,5764209.0,5764209.0,0.0
1783947600,5764209.0,5764209.0,5764209.0,5764209.0,0.0
1783948500,5764209.0,5764209.0,5764209.0,5764209.0,0.0
1783949400,5764209.0,5764209.0,5764209.0,5764209.0,0.0
1783950300,5770000.0,5770000.0,5770000.0,5770000.0,0.00340155
1783951200,5770000.0,5770000.0,5770000.0,5770000.0,0.0
1783952100,5770000.0,5770000.0,5770000.0,5770000.0,0.0
1783953000,5770000.0,5770000.0,5770000.0,5770000.0,0.01697313
1783953900,5770000.0,5782392.0,5770000.0,5782392.0,0.00861883
1783954800,5782396.0,5782396.0,5782396.0,5782396.0,0.00201023
1783955700,5782396.0,5782396.0,5782396.0,5782396.0,0.0
1783956600,5782396.0,5782396.0,5782396.0,5782396.0,0.0
1783957500,5782396.0,5782396.0,5782396.0,5782396.0,0.0
1783958400,5782396.0,5782396.0,5782396.0,5782396.0,0.0
1783959300,5782396.0,5782396.0,5782396.0,5782396.0,0.0
1783960200,5605038.0,5605038.0,5605038.0,5605038.0,0.0035977
1783961100,5605038.0,5605038.0,5605038.0,5605038.0,0.0
1783962000,5782368.0,5782368.0,5782368.0,5782368.0,0.00203601
1783962900,5782263.0,5782264.0,5782263.0,5782264.0,0.0043144
1783963800,5782169.0,5782169.0,5782169.0,5782169.0,0.00423387
1783964700,5782169.0,5782169.0,5782169.0,5782169.0,0.0
1783965600,5782169.0,5782169.0,5782169.0,5782169.0,0.0
1783966500,5782169.0,5782169.0,5782169.0,5782169.0,0.0
1783967400,5782169.0,5782169.0,5782169.0,5782169.0,0.0
1783968300,5782169.0,5782169.0,5782169.0,5782169.0,0.0
1783969200,5782169.0,5782169.0,5782169.0,5782169.0,0.0
1783970100,5782169.0,5782169.0,5782169.0,5782169.0,0.0
1783971000,5782169.0,5782169.0,5782169.0,5782169.0,0.0
1783971900,5782169.0,5782169.0,5782169.0,5782169.0,0.0
1783972800,5782169.0,5782169.0,5782169.0,5782169.0,0.0
1783973700,5782169.0,5782169.0,5782169.0,5782169.0,0.0
1783974600,5782169.0,5782169.0,5782169.0,5782169.0,0.0
1783975500,5782169.0,5782169.0,5782169.0,5782169.0,0.0
1783976400,5782169.0,5782169.0,5782169.0,5782169.0,0.0
1783977300,5782169.0,5782169.0,5782169.0,5782169.0,0.0
1783978200,5782169.0,5782169.0,5782169.0,5782169.0,0.0
1783979100,5782169.0,5782169.0,5782169.0,5782169.0,0.0
1783980000,5782169.0,5782169.0,5782169.0,5782169.0,0.0
1783980900,5782169.0,5782169.0,5782169.0,5782169.0,0.0
1783981800,5782169.0,5782169.0,5782169.0,5782169.0,0.0
1783982700,5782169.0,5782169.0,5782169.0,5782169.0,0.0
1783983600,5782169.0,5782169.0,5782169.0,5782169.0,0.0
1783984500,5782169.0,5782169.0,5782169.0,5782169.0,0.0
1783985400,5782169.0,5782169.0,5782169.0,5782169.0,0.0
1783986300,5782169.0,5782169.0,5782169.0,5782169.0,0.0
1783987200,5782169.0,5782169.0,5782169.0,5782169.0,0.0
1783988100,5782169.0,5782169.0,5782169.0,5782169.0,0.0
1783989000,5782169.0,5782169.0,5782169.0,5782169.0,0.0
1783989900,5782169.0,5782169.0,5782169.0,5782169.0,0.0
1783990800,5782169.0,5782169.0,5782169.0,5782169.0,0.0
1783991700,5782169.0,5782169.0,5782169.0,5782169.0,0.0
1783992600,5782169.0,5782169.0,5782169.0,5782169.0,0.0
1783993500,5782169.0,5782169.0,5782169.0,5782169.0,0.0
1783994400,5782169.0,5782169.0,5782169.0,5782169.0,0.0
1783995300,5782169.0,5782169.0,5782169.0,5782169.0,0.0
1783996200,5605701.0,5605701.0,5605701.0,5605701.0,0.00300027
1783997100,5605701.0,5605701.0,5605678.0,5605678.0,0.02010477
1783998000,5605678.0,5605678.0,5605678.0,5605678.0,0.0
1783998900,5605678.0,5605678.0,5605678.0,5605678.0,0.0
1783999800,5605678.0,5605678.0,5605678.0,5605678.0,0.0
1784000700,5605673.0,5605673.0,5605673.0,5605673.0,0.18257751
1784001600,5771651.0,5771651.0,5771651.0,5771651.0,0.00215605
1784002500,5771651.0,5771651.0,5771651.0,5771651.0,0.0
1784003400,5771651.0,5771651.0,5771651.0,5771651.0,0.0
1784004300,5771651.0,5771651.0,5771651.0,5771651.0,0.0
1784005200,5771651.0,5771651.0,5771651.0,5771651.0,0.0
1784006100,5771651.0,5771651.0,5771651.0,5771651.0,0.0
1784007000,5605678.0,5605678.0,5605678.0,5605678.0,0.00437661
1784007900,5605678.0,5605678.0,5605678.0,5605678.0,0.0
1784008800,5605708.0,5605708.0,5605708.0,5605708.0,0.02144744
1784009700,5770501.0,5770501.0,5770470.0,5770470.0,0.00463461
1784010600,5770470.0,5770470.0,5770470.0,5770470.0,0.0
1784011500,5770470.0,5770470.0,5770470.0,5770470.0,0.0
1784012400,5770139.0,5770139.0,5770139.0,5770139.0,0.00763725
1784013300,5770139.0,5770139.0,5770139.0,5770139.0,0.0
1784014200,5770139.0,5770139.0,5770139.0,5770139.0,0.0
1784015100,5605668.0,5605668.0,5605668.0,5605668.0,0.00180346
1784016000,5735559.0,5735559.0,5735559.0,5735559.0,0.00173636
1784016900,5735387.0,5735388.0,5735387.0,5735388.0,0.01399312
1784017800,5735359.0,5735359.0,5735359.0,5735359.0,0.004935
1784018700,5735359.0,5735359.0,5735359.0,5735359.0,0.0
1784019600,5735359.0,5735359.0,5735359.0,5735359.0,0.0
1784020500,5722114.0,5722114.0,5722114.0,5722114.0,0.00363554
1784021400,5722114.0,5722114.0,5722114.0,5722114.0,0.0
1784022300,5722114.0,5722114.0,5722114.0,5722114.0,0.0
1784023200,5722114.0,5722114.0,5722114.0,5722114.0,0.0
1784024100,5722114.0,5722114.0,5722114.0,5722114.0,0.0
1784025000,5722114.0,5722114.0,5722114.0,5722114.0,0.0
1784025900,5721777.0,5721777.0,5721768.0,5721768.0,0.02240198
1784026800,5721768.0,5721768.0,5721768.0,5721768.0,0.0
1784027700,5733591.0,5733591.0,5733564.0,5733564.0,0.02014866
1784028600,5733564.0,5733564.0,5733564.0,5733564.0,0.0
1784029500,5733564.0,5733564.0,5733564.0,5733564.0,0.0
1784030400,5606460.0,5606460.0,5606460.0,5606460.0,0.01176269
1784031300,5606460.0,5606460.0,5606460.0,5606460.0,0.0
1784032200,5606605.0,5606605.0,5606605.0,5606605.0,0.00423357
1784033100,5606605.0,5606605.0,5606605.0,5606605.0,0.0
1784034000,5731829.0,5731829.0,5606830.0,5606830.0,0.01184259
1784034900,5606830.0,5606830.0,5606830.0,5606830.0,0.0
1784035800,5606830.0,5606830.0,5606830.0,5606830.0,0.0
1784036700,5606830.0,5606830.0,5606830.0,5606830.0,0.0
1784037600,5724230.0,5724230.0,5724225.0,5724225.0,0.00765569
1784038500,5724125.0,5724125.0,5724125.0,5724125.0,0.00891437
1784039400,5724125.0,5724125.0,5724125.0,5724125.0,0.0
1784040300,5733405.0,5733405.0,5733405.0,5733405.0,0.00228747
1784041200,5733405.0,5733405.0,5733405.0,5733405.0,0.0
1784042100,5733205.0,5733205.0,5607146.0,5733172.0,0.03031974
1784043000,5733172.0,5733172.0,5733172.0,5733172.0,0.0
1784043900,5733172.0,5733172.0,5733172.0,5733172.0,0.0
1784044800,5733172.0,5733172.0,5733172.0,5733172.0,0.0
1784045700,5733172.0,5733172.0,5733172.0,5733172.0,0.0
1784046600,5607013.0,5607013.0,5606923.0,5606923.0,0.01146384
1784047500,5720014.0,5720014.0,5720014.0,5720014.0,0.00219754
1784048400,5720014.0,5720014.0,5720014.0,5720014.0,0.0
1784049300,5720014.0,5720014.0,5720014.0,5720014.0,0.0
1784050200,5720014.0,5720014.0,5720014.0,5720014.0,0.0
1784051100,5719575.0,5719575.0,5606984.0,5606984.0,0.02098865
1784052000,5606984.0,5606984.0,5606984.0,5606984.0,0.0
1784052900,5606984.0,5606984.0,5606984.0,5606984.0,0.0
1784053800,5719225.0,5719225.0,5719225.0,5719225.0,0.00564639
1784054700,5719153.0,5719153.0,5719153.0,5719153.0,0.00837501
1784055600,5719153.0,5719153.0,5719153.0,5719153.0,0.0
1784056500,5719153.0,5719153.0,5719153.0,5719153.0,0.0
1784057400,5719153.0,5719153.0,5719153.0,5719153.0,0.0
1784058300,5733491.0,5733491.0,5727207.0,5727207.0,0.00480042
1784059200,5727207.0,5727207.0,5727207.0,5727207.0,0.0
1784060100,5727207.0,5727207.0,5727207.0,5727207.0,0.0
1784061000,5726877.0,5726877.0,5726877.0,5726877.0,0.0026084
1784061900,5726877.0,5726877.0,5726877.0,5726877.0,0.0
1784062800,5726877.0,5726877.0,5726877.0,5726877.0,0.0
1784063700,5726877.0,5726877.0,5726877.0,5726877.0,0.0
1784064600,5726877.0,5726877.0,5726877.0,5726877.0,0.0
1784065500,5726877.0,5726877.0,5726877.0,5726877.0,0.0
1784066400,5726877.0,5726877.0,5726877.0,5726877.0,0.0
1784067300,5726877.0,5726877.0,5726877.0,5726877.0,0.0
1784068200,5726877.0,5726877.0,5726877.0,5726877.0,0.0
1784069100,5726877.0,5726877.0,5726877.0,5726877.0,0.0
1784070000,5726877.0,5726877.0,5726877.0,5726877.0,0.0
1784070900,5726877.0,5726877.0,5726877.0,5726877.0,0.0
1784071800,5726877.0,5726877.0,5726877.0,5726877.0,0.0
1784072700,5726877.0,5726877.0,5726877.0,5726877.0,0.0
1784073600,5726877.0,5726877.0,5726877.0,5726877.0,0.0
1784074500,5725906.0,5725906.0,5725906.0,5725906.0,0.00244852
1784075400,5725833.0,5725833.0,5725833.0,5725833.0,0.00446432
1784076300,5725833.0,5725833.0,5725833.0,5725833.0,0.0
1784077200,5607323.0,5607323.0,5607323.0,5607323.0,0.00446432
1784078100,5607323.0,5607323.0,5607323.0,5607323.0,0.0
1784079000,5607323.0,5607323.0,5607323.0,5607323.0,0.0
1784079900,5725362.0,5725362.0,5607487.0,5607498.0,0.126656
1784080800,5607498.0,5607498.0,5607498.0,5607498.0,0.0
1784081700,5607498.0,5607498.0,5607498.0,5607498.0,0.0
1784082600,5607498.0,5607498.0,5607498.0,5607498.0,0.0
1784083500,5607498.0,5607498.0,5607498.0,5607498.0,0.0
1784084400,5607498.0,5607498.0,5607498.0,5607498.0,0.0
1784085300,5607920.0,5607974.0,5607920.0,5607974.0,0.02138991
1784086200,5607974.0,5607974.0,5607974.0,5607974.0,0.0
1784087100,5608067.0,5608067.0,5608067.0,5608067.0,0.01164323
1784088000,5608067.0,5608067.0,5608067.0,5608067.0,0.0
1784088900,5608067.0,5608067.0,5608067.0,5608067.0,0.0
1784089800,5608067.0,5608067.0,5608067.0,5608067.0,0.0
1784090700,5608067.0,5608067.0,5608067.0,5608067.0,0.0
1784091600,5733486.0,5733486.0,5733486.0,5733486.0,0.00191053
1784092500,5733476.0,5733476.0,5608593.0,5608593.0,0.02031601
1784093400,5608593.0,5608593.0,5608593.0,5608593.0,0.0
1784094300,5608772.0,5608772.0,5608772.0,5608772.0,0.00191053
1784095200,5608772.0,5608772.0,5608772.0,5608772.0,0.0
1784096100,5733442.0,5733442.0,5733442.0,5733442.0,0.0344969
1784097000,5733442.0,5733442.0,5733442.0,5733442.0,0.0
1784097900,5733442.0,5733442.0,5733442.0,5733442.0,0.0
1784098800,5733177.0,5733177.0,5733177.0,5733177.0,0.00173708
1784099700,5733177.0,5733177.0,5733177.0,5733177.0,0.0
1784100600,5733177.0,5733177.0,5733177.0,5733177.0,0.0
1784101500,5733177.0,5733177.0,5733177.0,5733177.0,0.0
1784102400,5733177.0,5733177.0,5733177.0,5733177.0,0.0
1784103300,5732813.0,5732813.0,5732813.0,5732813.0,0.00200041
1784104200,5732813.0,5732813.0,5732813.0,5732813.0,0.0
1784105100,5732813.0,5732813.0,5732813.0,5732813.0,0.0
1784106000,5732813.0,5732813.0,5732813.0,5732813.0,0.0
1784106900,5732813.0,5732813.0,5732813.0,5732813.0,0.0
1784107800,5608338.0,5763726.0,5608338.0,5608405.0,0.21894077
1784108700,5608405.0,5608405.0,5608405.0,5608405.0,0.0
1784109600,5608405.0,5608405.0,5608405.0,5608405.0,0.0
1784110500,5608405.0,5608405.0,5608405.0,5608405.0,0.0
1784111400,5608405.0,5608405.0,5608405.0,5608405.0,0.0
1784112300,5608405.0,5608405.0,5608405.0,5608405.0,0.0
1784113200,5763696.0,5802725.0,5763696.0,5802725.0,0.86273849
1784114100,5841147.0,5841147.0,5841147.0,5841147.0,0.01696447
1784115000,5801640.0,5801640.0,5801640.0,5801640.0,0.01716583
1784115900,5609665.0,5609665.0,5609664.0,5609664.0,0.00986565
1784116800,5791469.0,5791469.0,5609749.0,5609749.0,0.00808854
1784117700,5791442.0,5791443.0,5791442.0,5791443.0,0.00848113
1784118600,5791443.0,5791443.0,5791443.0,5791443.0,0.0
1784119500,5610049.0,5791479.0,5610048.0,5791479.0,0.04205323
1784120400,5610076.0,5791475.0,5610076.0,5610090.0,0.01931769
1784121300,5610090.0,5610090.0,5610090.0,5610090.0,0.0
1784122200,5610090.0,5610090.0,5610090.0,5610090.0,0.0
1784123100,5610090.0,5610090.0,5610090.0,5610090.0,0.0
1784124000,5610090.0,5610090.0,5610090.0,5610090.0,0.0
1784124900,5791479.0,5863516.0,5791479.0,5863516.0,0.01710033
1784125800,5863515.0,5863515.0,5610032.0,5610032.0,0.0035234
1784126700,5611053.0,5611053.0,5611051.0,5611051.0,0.0344969
1784127600,5863508.0,5863511.0,5863508.0,5863511.0,0.00481281
1784128500,5863511.0,5863511.0,5863511.0,5863511.0,0.0
1784129400,5863499.0,5863499.0,5611377.0,5611377.0,0.00435912
1784130300,5611377.0,5611377.0,5611377.0,5611377.0,0.0
1784131200,5611377.0,5611377.0,5611377.0,5611377.0,0.0
1784132100,5611377.0,5611377.0,5611377.0,5611377.0,0.0
1784133000,5863499.0,5863649.0,5863499.0,5863649.0,0.24021558
1784133900,5863649.0,5863649.0,5863649.0,5863649.0,0.0
1784134800,5863649.0,5863649.0,5863649.0,5863649.0,0.00425451
1784135700,5863649.0,5863649.0,5863649.0,5863649.0,0.0
1784136600,5863649.0,5863649.0,5863649.0,5863649.0,0.0
1784137500,5863649.0,5863649.0,5863649.0,5863649.0,0.0
1784138400,5863649.0,5899000.0,5652459.0,5652459.0,0.05198538
1784139300,5652459.0,5652459.0,5652459.0,5652459.0,0.0
1784140200,5652459.0,5652459.0,5652459.0,5652459.0,0.0
1784141100,5652459.0,5652459.0,5652459.0,5652459.0,0.0
1784142000,5652459.0,5652459.0,5652459.0,5652459.0,0.0
1784142900,5652459.0,5652459.0,5652459.0,5652459.0,0.0
1784143800,5652459.0,5652459.0,5652459.0,5652459.0,0.0
1784144700,5653295.0,5653295.0,5653281.0,5653281.0,0.20484184
1784145600,5653281.0,5653281.0,5653281.0,5653281.0,0.0
1784146500,5653281.0,5653281.0,5653281.0,5653281.0,0.0
1784147400,5653281.0,5653281.0,5653281.0,5653281.0,0.0
1784148300,5653281.0,5653281.0,5653281.0,5653281.0,0.0
1784149200,5898993.0,5898993.0,5898993.0,5898993.0,0.00277182
1784150100,5898993.0,5898993.0,5898993.0,5898993.0,0.0
1784151000,5898993.0,5898993.0,5898993.0,5898993.0,0.00168825
1784151900,5898993.0,5898993.0,5898993.0,5898993.0,0.0
1784152800,5898993.0,5898993.0,5898993.0,5898993.0,0.0
1784153700,5898993.0,5898993.0,5898993.0,5898993.0,0.0
1784154600,5898993.0,5898993.0,5898993.0,5898993.0,0.0
1784155500,5898993.0,5898993.0,5898993.0,5898993.0,0.0
1784156400,5898993.0,5898993.0,5898993.0,5898993.0,0.0
1784157300,5898993.0,5898993.0,5898993.0,5898993.0,0.0
1784158200,5995344.0,5995344.0,5995344.0,5995344.0,0.00204225
1784159100,5995344.0,5995344.0,5995344.0,5995344.0,0.0
1784160000,5995344.0,5995344.0,5995344.0,5995344.0,0.0
1784160900,5981969.0,5981969.0,5981969.0,5981969.0,0.00166483
1784161800,5981969.0,5981969.0,5981969.0,5981969.0,0.0
1784162700,5981969.0,5981969.0,5981969.0,5981969.0,0.0
1784163600,5981969.0,5981969.0,5981969.0,5981969.0,0.0
1784164500,5981969.0,5981969.0,5981969.0,5981969.0,0.0
1784165400,5981900.0,5981900.0,5981900.0,5981900.0,0.00832427
1784166300,5981900.0,5981900.0,5981900.0,5981900.0,0.0
1784167200,5981887.0,5981887.0,5682047.0,5682047.0,0.00690106
1784168100,5682024.0,5682024.0,5682024.0,5682024.0,0.00316035
1784169000,5682024.0,5682024.0,5682024.0,5682024.0,0.0
1784169900,5981841.0,5981842.0,5682047.0,5682047.0,0.02544911
1784170800,5682140.0,5682140.0,5682140.0,5682140.0,0.01020275
1784171700,5981797.0,5981806.0,5981797.0,5981806.0,0.08341064
1784172600,5981806.0,5981806.0,5981806.0,5981806.0,0.0
1784173500,5981806.0,5981806.0,5981806.0,5981806.0,0.0
1784174400,5981911.0,5996564.0,5981911.0,5996564.0,0.00499372
1784175300,5687071.0,5985250.0,5687001.0,5985085.0,0.11705492
1784176200,5687067.0,5687067.0,5687062.0,5687062.0,0.19463002
1784177100,5981055.0,5981055.0,5981055.0,5981055.0,0.00731526
1784178000,5981055.0,5981055.0,5981055.0,5981055.0,0.0
1784178900,5687298.0,5687395.0,5687298.0,5687395.0,0.02054314
1784179800,5687395.0,5687395.0,5687395.0,5687395.0,0.0
1784180700,5687395.0,5687395.0,5687395.0,5687395.0,0.0
1784181600,5687104.0,5687104.0,5687104.0,5687104.0,0.00371806
1784182500,5968610.0,5968610.0,5687114.0,5687114.0,0.00506214
1784183400,5963913.0,5963913.0,5687178.0,5687178.0,0.00591608
1784184300,5687178.0,5687178.0,5687178.0,5687178.0,0.0
1784185200,5687178.0,5687178.0,5687178.0,5687178.0,0.0
1784186100,5687178.0,5687178.0,5687178.0,5687178.0,0.0
1784187000,5687178.0,5687178.0,5687178.0,5687178.0,0.0
1784187900,5957145.0,5957145.0,5957145.0,5957145.0,0.15913629
1784188800,5712036.0,5712036.0,5712036.0,5712036.0,0.00277182
1784189700,5712036.0,5712036.0,5712036.0,5712036.0,0.0
1784190600,5956788.0,5956788.0,5956788.0,5956788.0,0.00668749
1784191500,5956751.0,5956751.0,5956751.0,5956751.0,0.00405422
1784192400,5956751.0,5956751.0,5956751.0,5956751.0,0.0
1784193300,5956634.0,5956634.0,5712381.0,5712381.0,0.00660365
1784194200,5712381.0,5712381.0,5712381.0,5712381.0,0.0
1784195100,5712381.0,5712381.0,5712381.0,5712381.0,0.0
1784196000,5712381.0,5712381.0,5712381.0,5712381.0,0.0
1784196900,5712381.0,5712381.0,5712381.0,5712381.0,0.0
1784197800,5712381.0,5712381.0,5712381.0,5712381.0,0.0
1784198700,5951676.0,5951679.0,5951676.0,5951679.0,0.08841909
1784199600,5712574.0,5712574.0,5712573.0,5712573.0,0.03178751
1784200500,5712573.0,5712573.0,5712573.0,5712573.0,0.0
1784201400,5951654.0,5951654.0,5951654.0,5951654.0,0.00443238
1784202300,5951628.0,5951628.0,5951628.0,5951628.0,0.00174019
1784203200,5951628.0,5951628.0,5951628.0,5951628.0,0.0
1784204100,5951628.0,5951628.0,5951628.0,5951628.0,0.0
1784205000,5951587.0,5951587.0,5716822.0,5716822.0,0.09076388
1784205900,5716915.0,5716915.0,5655277.0,5655277.0,0.93711009
1784206800,5925126.0,5925126.0,5925126.0,5925126.0,0.00224197
1784207700,5925149.0,5925149.0,5925149.0,5925149.0,0.01061104
1784208600,5925149.0,5925149.0,5925149.0,5925149.0,0.0
1784209500,5925137.0,5925138.0,5925137.0,5925138.0,0.00421036
1784210400,5925138.0,5925140.0,5925138.0,5925140.0,0.050454
1784211300,5925140.0,5925140.0,5925140.0,5925140.0,0.0
1784212200,5656434.0,5925116.0,5656355.0,5925116.0,0.06825027
1784213100,5925131.0,5925131.0,5925124.0,5925124.0,0.00654904
1784214000,5925124.0,5925124.0,5925124.0,5925124.0,0.0
1784214900,5925124.0,5925124.0,5925124.0,5925124.0,0.0
1784215800,5925125.0,5925125.0,5656361.0,5656361.0,0.00362354
1784216700,5656521.0,5925128.0,5656382.0,5925128.0,0.19628342
1784217600,5925127.0,5925128.0,5656438.0,5656438.0,0.02174315
1784218500,5656496.0,5656496.0,5656496.0,5656496.0,0.00346742
1784219400,5925122.0,5925122.0,5925122.0,5925122.0,0.00313782
1784220300,5925122.0,5925124.0,5925122.0,5925124.0,0.00840404
1784221200,5925124.0,5925124.0,5925124.0,5925124.0,0.0
1784222100,5925124.0,5925124.0,5925124.0,5925124.0,0.0
1784223000,5656691.0,5656691.0,5656691.0,5656691.0,0.00349515
1784223900,5656691.0,5656691.0,5656691.0,5656691.0,0.0
1784224800,5656474.0,5656474.0,5656474.0,5656474.0,0.01710033
1784225700,5656455.0,5656455.0,5656455.0,5656455.0,0.00349724
1784226600,5925110.0,5925110.0,5925110.0,5925110.0,0.00294171
1784227500,5925110.0,5925110.0,5925110.0,5925110.0,0.0
1784228400,5925121.0,5964110.0,5925121.0,5964110.0,0.64896352
1784229300,5999995.0,5999995.0,5999995.0,5999995.0,0.01694417
1784230200,5999995.0,6049535.0,5999995.0,6049535.0,0.67887331
1784231100,6047137.0,6047137.0,6047137.0,6047137.0,0.38156817
1784232000,5656671.0,5656671.0,5656612.0,5656612.0,0.01778874
1784232900,6051148.0,6051148.0,5656657.0,5656657.0,0.00749985
1784233800,5656767.0,5656767.0,5656767.0,5656767.0,0.26511037
1784234700,5656780.0,5656832.0,5656780.0,5656832.0,0.37654321
1784235600,5656832.0,5656832.0,5656832.0,5656832.0,0.0
1784236500,5656832.0,5656832.0,5656832.0,5656832.0,0.0
1784237400,6048148.0,6048151.0,6048148.0,6048151.0,0.19843503
1784238300,6048151.0,6048151.0,6048151.0,6048151.0,0.0
1784239200,6048151.0,6048151.0,6048151.0,6048151.0,0.0
1784240100,5657682.0,5657682.0,5657682.0,5657682.0,0.00705949
1784241000,5657682.0,5657682.0,5657682.0,5657682.0,0.0
1784241900,6048081.0,6048081.0,5707188.0,5707188.0,0.02033638
1784242800,5707250.0,5707250.0,5707250.0,5707250.0,0.00182388
1784243700,5707343.0,5707343.0,5707343.0,5707343.0,0.19281962
1784244600,5707397.0,5707397.0,5656382.0,5656382.0,5.28918769
1784245500,5656382.0,5656382.0,5656382.0,5656382.0,0.0
1784246400,5656382.0,5656382.0,5656382.0,5656382.0,0.0
1784247300,5656382.0,5656382.0,5656382.0,5656382.0,0.0
1784248200,5656382.0,5656382.0,5656382.0,5656382.0,0.0
1784249100,5656382.0,5656382.0,5656382.0,5656382.0,0.0
1784250000,5656382.0,5656382.0,5656382.0,5656382.0,0.0
1784250900,5656382.0,5656382.0,5656382.0,5656382.0,0.0
1784251800,5980781.0,6000000.0,5980781.0,6000000.0,1.02608465
1784252700,6048002.0,6048002.0,6048002.0,6048002.0,0.075
1784253600,5686534.0,5686534.0,5686534.0,5686534.0,0.02371919
1784254500,5686534.0,5686534.0,5686534.0,5686534.0,0.0
1784255400,5686534.0,5686534.0,5686534.0,5686534.0,0.0
1784256300,6095954.0,6095954.0,6095936.0,6095936.0,0.01479196
1784257200,6095868.0,6095868.0,5686618.0,6095818.0,0.01186406
1784258100,5686745.0,5686745.0,5686744.0,5686744.0,0.02617936
1784259000,6090148.0,6090149.0,5733177.0,5733177.0,0.0728712
1784259900,5733177.0,5733177.0,5733177.0,5733177.0,0.0
1784260800,5733209.0,5733209.0,5733209.0,5733209.0,0.00234976
1784261700,5733209.0,6073367.0,5733208.0,6073367.0,0.13417621
1784262600,6073342.0,6073342.0,6073342.0,6073342.0,0.00246454
1784263500,6073207.0,6073207.0,6073207.0,6073207.0,0.00245965
1784264400,6073207.0,6073207.0,6073207.0,6073207.0,0.0
1784265300,6073207.0,6073207.0,6073207.0,6073207.0,0.0
1784266200,6072933.0,6072933.0,6072933.0,6072933.0,0.00163989
1784267100,6072907.0,6072927.0,6072907.0,6072927.0,0.00836335
1784268000,5775885.0,5775885.0,5775856.0,5775856.0,0.03804503
1784268900,5775856.0,5775856.0,5688803.0,5688803.0,0.03969496
1784269800,6072733.0,6072738.0,6072703.0,6072703.0,0.0698432
1784270700,6070788.0,6070788.0,6070788.0,6070788.0,0.00328095
1784271600,6068594.0,6072608.0,6068594.0,6072608.0,0.00492104
1784272500,6072608.0,6072608.0,6072608.0,6072608.0,0.0
1784273400,6047133.0,6047133.0,6047133.0,6047133.0,0.00214084
1784274300,5786066.0,6047133.0,5786066.0,6047133.0,0.01314337
1784275200,6047133.0,6047133.0,6047133.0,6047133.0,0.0
1784276100,5785940.0,5785940.0,5785940.0,5785940.0,0.00668724
1784277000,6072472.0,6072472.0,6072472.0,6072472.0,0.00168778
1784277900,6072423.0,6072423.0,6072423.0,6072423.0,0.00491187
1784278800,6072340.0,6072340.0,6072340.0,6072340.0,0.11557815
1784279700,6072151.0,6072151.0,6072151.0,6072151.0,0.00164011
1784280600,5720237.0,6052039.0,5720237.0,6052015.0,0.3040812
1784281500,5740952.0,5740952.0,5740952.0,5740952.0,0.00175288
1784282400,5740952.0,5740952.0,5740952.0,5740952.0,0.0
1784283300,5740952.0,5740952.0,5740952.0,5740952.0,0.0
1784284200,5740952.0,5740952.0,5740952.0,5740952.0,0.0
1784285100,6036613.0,6036613.0,6036613.0,6036613.0,0.00164976
1784286000,6036574.0,6036576.0,6036574.0,6036576.0,0.00247723
1784286900,6036576.0,6036576.0,6036576.0,6036576.0,0.0
1784287800,6016413.0,6016413.0,6016413.0,6016413.0,0.00383268
1784288700,6016413.0,6016413.0,6016413.0,6016413.0,0.0
1784289600,6016489.0,6016489.0,6016489.0,6016489.0,0.00173838
1784290500,6016489.0,6016490.0,5746057.0,5746057.0,0.08867161
1784291400,5746093.0,6016490.0,5746093.0,6016490.0,0.00985582
1784292300,5999996.0,5999996.0,5746301.0,5746351.0,0.02590567
1784293200,6016489.0,6016490.0,6016489.0,6016490.0,0.00831597
1784294100,6006470.0,6006474.0,6006470.0,6006474.0,0.00641124
1784295000,6006474.0,6006474.0,6006474.0,6006474.0,0.0
1784295900,6006467.0,6006467.0,6006467.0,6006467.0,0.00165804
1784296800,6006467.0,6006467.0,6006467.0,6006467.0,0.0
1784297700,5984067.0,5987272.0,5747662.0,5747690.0,0.0121091
1784298600,5747809.0,5747809.0,5747809.0,5747809.0,0.00221619
1784299500,5747893.0,5747927.0,5745447.0,5745447.0,1.88422145
1784300400,5745447.0,5745447.0,5745447.0,5745447.0,0.0
1784301300,5745447.0,5745447.0,5745447.0,5745447.0,0.0
1784302200,6006346.0,6006427.0,6006346.0,6006422.0,0.08390513
1784303100,6006422.0,6006422.0,6006422.0,6006422.0,0.0
1784304000,6006422.0,6006422.0,6006422.0,6006422.0,0.0
1784304900,5993122.0,5993122.0,5745619.0,5745619.0,0.00340949
1784305800,5745619.0,5745619.0,5745619.0,5745619.0,0.0
1784306700,5745619.0,5745619.0,5745619.0,5745619.0,0.0
1784307600,5745619.0,5745619.0,5745619.0,5745619.0,0.0
1784308500,5745619.0,5745619.0,5745619.0,5745619.0,0.0
1784309400,5995692.0,5995692.0,5995692.0,5995692.0,0.00285671
1784310300,5995603.0,5995603.0,5995603.0,5995603.0,0.00249149
1784311200,5995603.0,5995603.0,5995603.0,5995603.0,0.0
1784312100,5999995.0,5999995.0,5745902.0,5745902.0,0.01438033
1784313000,5999992.0,5999996.0,5999992.0,5999996.0,0.012457
1784313900,5999996.0,5999996.0,5999996.0,5999996.0,0.0
1784314800,6000000.0,6000000.0,5746316.0,5746316.0,0.00730583
1784315700,5999998.0,6000000.0,5999998.0,6000000.0,0.00501733
1784316600,6000000.0,6000000.0,6000000.0,6000000.0,0.0
1784317500,6000000.0,6000000.0,6000000.0,6000000.0,0.0
1784318400,6000000.0,6000000.0,6000000.0,6000000.0,0.0
1784319300,6000000.0,6000000.0,6000000.0,6000000.0,0.0
1784320200,5747041.0,5956999.0,5747041.0,5956999.0,0.01126295
1784321100,5747075.0,5750001.0,5747075.0,5750000.0,0.01146713
1784322000,5750000.0,5750000.0,5750000.0,5750000.0,0.0
1784322900,5956999.0,5956999.0,5782396.0,5956999.0,0.0054487
1784323800,5782396.0,5782396.0,5782396.0,5782396.0,0.00176834
1784324700,5782396.0,5782396.0,5782396.0,5782396.0,0.0
1784325600,5782396.0,5782396.0,5782396.0,5782396.0,0.0
1784326500,5782396.0,5782396.0,5782396.0,5782396.0,0.0
1784327400,5783319.0,5783319.0,5783319.0,5783319.0,0.00176043
1784328300,5783319.0,5783319.0,5783319.0,5783319.0,0.0
1784329200,5783319.0,5783319.0,5783319.0,5783319.0,0.0
1784330100,5783319.0,5783319.0,5783319.0,5783319.0,0.0
1784331000,5783319.0,5783319.0,5783319.0,5783319.0,0.0
1784331900,5783319.0,5783319.0,5783319.0,5783319.0,0.0
1784332800,5981805.0,5981806.0,5981805.0,5981806.0,0.02314568
1784333700,5981806.0,5981806.0,5981806.0,5981806.0,0.0
1784334600,5981806.0,5981806.0,5981806.0,5981806.0,0.0
1784335500,5981806.0,6006437.0,5981806.0,6006437.0,0.01115177
1784336400,5809828.0,5809828.0,5809828.0,5809828.0,0.00176834
1784337300,5809828.0,5809828.0,5809828.0,5809828.0,0.0
1784338200,5809843.0,5809843.0,5809842.0,5809842.0,0.02314568
1784339100,6006427.0,6006427.0,5783327.0,5783327.0,0.00680402
1784340000,6006432.0,6006437.0,5783451.0,5783451.0,0.16905107
1784340900,5783557.0,6006432.0,5783557.0,6006432.0,0.00416412
1784341800,5783741.0,5783741.0,5783741.0,5783741.0,0.00173673
1784342700,5783741.0,5783741.0,5783741.0,5783741.0,0.0
1784343600,5784059.0,5784059.0,5784058.0,5784058.0,0.01615555
1784344500,6006427.0,6006427.0,6006427.0,6006427.0,0.00248833
1784345400,6006427.0,6006427.0,6006427.0,6006427.0,0.0
1784346300,6006425.0,6006425.0,5939909.0,5939909.0,0.00641578
1784347200,6006418.0,6006418.0,6006418.0,6006418.0,0.00403435
1784348100,6006386.0,6006437.0,6006386.0,6006437.0,0.16553107
1784349000,5950234.0,6006426.0,5950234.0,6006416.0,0.00522202
1784349900,5783322.0,5783322.0,5782396.0,5782396.0,0.16553107
1784350800,5782396.0,5782396.0,5782396.0,5782396.0,0.0
1784351700,5782396.0,5782396.0,5782396.0,5782396.0,0.0
1784352600,5782396.0,5782396.0,5782396.0,5782396.0,0.0
1784353500,5782396.0,5782396.0,5782396.0,5782396.0,0.0
1784354400,5782396.0,5782396.0,5782396.0,5782396.0,0.0
1784355300,6006341.0,6006341.0,6006341.0,6006341.0,0.03108298
1784356200,6006341.0,6006341.0,6006341.0,6006341.0,0.0
1784357100,6006334.0,6006334.0,6006334.0,6006334.0,0.00220367
1784358000,6006334.0,6006334.0,6006334.0,6006334.0,0.0
1784358900,6006334.0,6006334.0,6006334.0,6006334.0,0.0
1784359800,6006334.0,6006334.0,6006334.0,6006334.0,0.0
1784360700,6006239.0,6006239.0,6006239.0,6006239.0,0.00652205
1784361600,6006244.0,6006245.0,6006244.0,6006245.0,0.01397662
1784362500,5956642.0,6006245.0,5956642.0,6006245.0,0.00791614
1784363400,6006245.0,6006245.0,6006245.0,6006245.0,0.0
1784364300,6006245.0,6006245.0,6006245.0,6006245.0,0.0
1784365200,5950412.0,5950412.0,5950412.0,5950412.0,0.00169097
1784366100,6006365.0,6006365.0,5956998.0,5956998.0,0.02874606
1784367000,5951836.0,6006370.0,5951836.0,6006370.0,0.00668312
1784367900,6006370.0,6006370.0,6006370.0,6006370.0,0.0
1784368800,6006370.0,6006370.0,6006370.0,6006370.0,0.0
1784369700,5955574.0,5956108.0,5955574.0,5956108.0,0.08952938
1784370600,5956108.0,5956108.0,5956108.0,5956108.0,0.0
1784371500,6006368.0,6006368.0,5957710.0,5957710.0,0.02022086
1784372400,5957710.0,5957710.0,5957710.0,5957710.0,0.0
1784373300,5957710.0,5957710.0,5957710.0,5957710.0,0.0
1784374200,5957710.0,5957710.0,5957710.0,5957710.0,0.0
1784375100,6006355.0,6006355.0,6006355.0,6006355.0,0.00330782
1784376000,5950946.0,6006351.0,5950946.0,6006351.0,0.02116664
1784376900,5953616.0,5953616.0,5953616.0,5953616.0,0.0046207
1784377800,5948810.0,6005341.0,5687012.0,6005341.0,0.89494537
1784378700,5697236.0,5697236.0,5697236.0,5697236.0,0.00795618
1784379600,5697371.0,5697371.0,5697371.0,5697371.0,0.0062625
1784380500,6000987.0,6000988.0,6000987.0,6000988.0,0.00979755
1784381400,5698544.0,5698544.0,5698544.0,5698544.0,0.0041875
1784382300,5698593.0,5698593.0,5698580.0,5698580.0,0.0161194
1784383200,6000670.0,6000670.0,6000670.0,6000670.0,0.00165964
1784384100,6000670.0,6000670.0,6000670.0,6000670.0,0.0
1784385000,6000655.0,6000655.0,6000655.0,6000655.0,0.01240647
1784385900,6000434.0,6000434.0,6000434.0,6000434.0,0.0017637
1784386800,6000440.0,6000440.0,6000440.0,6000440.0,0.0058089
1784387700,6000429.0,6000430.0,6000429.0,6000430.0,0.00829857
1784388600,6000424.0,6000424.0,5699933.0,5699969.0,0.00769277
1784389500,6000423.0,6000423.0,6000423.0,6000423.0,0.00204135
1784390400,6000417.0,6000417.0,6000417.0,6000417.0,0.05251884
1784391300,6000417.0,6000417.0,6000417.0,6000417.0,0.0
1784392200,6000417.0,6000417.0,6000417.0,6000417.0,0.0
1784393100,6000413.0,6000428.0,6000413.0,6000428.0,0.17306371
1784394000,6000424.0,6000424.0,6000424.0,6000424.0,0.01746659
1784394900,6000424.0,6000424.0,6000424.0,6000424.0,0.0018027
1784395800,6000424.0,6000424.0,6000424.0,6000424.0,0.0
1784396700,6000424.0,6000424.0,6000424.0,6000424.0,0.0
1784397600,6000424.0,6000424.0,6000424.0,6000424.0,0.0
1784398500,6000424.0,6000424.0,6000424.0,6000424.0,0.0
1784399400,6000424.0,6000424.0,6000424.0,6000424.0,0.0
1784400300,5999995.0,5999995.0,5999995.0,5999995.0,0.00165983
1784401200,5999995.0,5999995.0,5999995.0,5999995.0,0.0
1784402100,5999995.0,5999995.0,5999995.0,5999995.0,0.00235433
1784403000,5999995.0,5999995.0,5999995.0,5999995.0,0.0
1784403900,5999995.0,5999995.0,5999995.0,5999995.0,0.02497318
1784404800,5999995.0,5999995.0,5999995.0,5999995.0,0.0
1784405700,5999995.0,5999995.0,5999995.0,5999995.0,0.0
1784406600,5999995.0,5999995.0,5999995.0,5999995.0,0.0
1784407500,5999995.0,5999995.0,5999995.0,5999995.0,0.0
1784408400,5999995.0,5999995.0,5999995.0,5999995.0,0.0
1784409300,5999995.0,5999995.0,5999995.0,5999995.0,0.0
1784410200,5999995.0,5999995.0,5999995.0,5999995.0,0.0
1784411100,5999995.0,5999995.0,5999995.0,5999995.0,0.0
1784412000,5999995.0,5999995.0,5999995.0,5999995.0,0.0054625
1784412900,5999995.0,5999995.0,5999995.0,5999995.0,0.0
1784413800,5999995.0,5999995.0,5999995.0,5999995.0,0.0
1784414700,5999995.0,5999995.0,5999995.0,5999995.0,0.0
1784415600,5999995.0,5999995.0,5999995.0,5999995.0,0.0
1784416500,5999995.0,5999995.0,5999995.0,5999995.0,0.0
1784417400,5999999.0,5999999.0,5999999.0,5999999.0,0.00165983
1784418300,5999999.0,5999999.0,5999999.0,5999999.0,0.0
1784419200,5999999.0,5999999.0,5999999.0,5999999.0,0.0
1784420100,5999999.0,5999999.0,5999999.0,5999999.0,0.0
1784421000,5735097.0,5735097.0,5735097.0,5735097.0,0.00249149
1784421900,5999187.0,5999188.0,5735193.0,5999188.0,0.01396097
1784422800,5999187.0,5999187.0,5999187.0,5999187.0,0.00265602
1784423700,5999187.0,5999187.0,5999187.0,5999187.0,0.0
1784424600,5998995.0,5998995.0,5998995.0,5998995.0,0.00166011
1784425500,5998995.0,5998995.0,5998995.0,5998995.0,0.0
1784426400,5735869.0,5735869.0,5735840.0,5735846.0,0.02987312
1784427300,5998907.0,5998908.0,5998907.0,5998908.0,0.01656034
1784428200,5997990.0,5997990.0,5997990.0,5997990.0,0.00494682
1784429100,5997990.0,5997990.0,5997990.0,5997990.0,0.0
1784430000,5997990.0,5997990.0,5997990.0,5997990.0,0.0
1784430900,5997990.0,5997990.0,5997990.0,5997990.0,0.0
1784431800,5997996.0,5997996.0,5997996.0,5997996.0,0.00182627
1784432700,5997996.0,5997996.0,5997996.0,5997996.0,0.00673173
1784433600,5997996.0,5997996.0,5997996.0,5997996.0,0.0
1784434500,5997996.0,5997996.0,5997996.0,5997996.0,0.0
1784435400,5704195.0,5997988.0,5704195.0,5997988.0,0.00345113
1784436300,5997985.0,5997985.0,5997985.0,5997985.0,0.00219373
1784437200,5997985.0,5997985.0,5997985.0,5997985.0,0.00412188
1784438100,5997985.0,5997985.0,5997985.0,5997985.0,0.0
1784439000,5704873.0,5997985.0,5704873.0,5997985.0,0.01766006
1784439900,5997985.0,5997985.0,5997985.0,5997985.0,0.0
1784440800,5997985.0,5997985.0,5997985.0,5997985.0,0.0
1784441700,5996994.0,5996995.0,5996994.0,5996995.0,0.01151493
1784442600,5996991.0,5996991.0,5705982.0,5705982.0,0.01146388
1784443500,5706125.0,5706125.0,5706125.0,5706125.0,0.00214084
1784444400,5706331.0,5706331.0,5706331.0,5706331.0,0.01673399
1784445300,5706331.0,5706331.0,5706331.0,5706331.0,0.0
1784446200,5706331.0,5706331.0,5706331.0,5706331.0,0.0
1784447100,5706331.0,5706331.0,5706331.0,5706331.0,0.0
1784448000,5706331.0,5706331.0,5706331.0,5706331.0,0.0
1784448900,5726212.0,5726212.0,5704027.0,5704027.0,0.21838854
1784449800,5965995.0,5965995.0,5965995.0,5965995.0,0.00255078
1784450700,5704047.0,5704047.0,5704047.0,5704047.0,0.00240713
1784451600,5704047.0,5704047.0,5704047.0,5704047.0,0.0
1784452500,5704072.0,5704072.0,5704072.0,5704072.0,0.00219373
1784453400,5956984.0,5956984.0,5956984.0,5956984.0,0.00397449
1784454300,5704060.0,5956978.0,5704027.0,5704027.0,0.23279416
1784455200,5704027.0,5704027.0,5704027.0,5704027.0,0.0
1784456100,5704027.0,5704027.0,5704027.0,5704027.0,0.0
1784457000,5704027.0,5704027.0,5704027.0,5704027.0,0.0
1784457900,5704027.0,5704027.0,5704027.0,5704027.0,0.0
1784458800,5704027.0,5704027.0,5704027.0,5704027.0,0.0
1784459700,5704027.0,5704027.0,5704027.0,5704027.0,0.0
1784460600,5704027.0,5704027.0,5704027.0,5704027.0,0.0
1784461500,5704032.0,5704032.0,5704027.0,5704027.0,0.17488909
1784462400,5704027.0,5704027.0,5704027.0,5704027.0,0.0
1784463300,5926666.0,5926666.0,5926666.0,5926666.0,0.00364083
1784464200,5926666.0,5926666.0,5926666.0,5926666.0,0.0
1784465100,5926666.0,5926666.0,5926666.0,5926666.0,0.0
1784466000,5926666.0,5926666.0,5926666.0,5926666.0,0.0
1784466900,5704031.0,5704031.0,5704031.0,5704031.0,0.00687242
1784467800,5704031.0,5704031.0,5704031.0,5704031.0,0.0
1784468700,5704031.0,5704031.0,5704031.0,5704031.0,0.00328095
1784469600,5704031.0,5704031.0,5704031.0,5704031.0,0.0
1784470500,5919990.0,5925999.0,5919990.0,5925999.0,0.19161836
1784471400,5925999.0,5925999.0,5925999.0,5925999.0,0.0
1784472300,5925999.0,5956980.0,5925999.0,5956980.0,0.08402401
1784473200,5956000.0,5956000.0,5956000.0,5956000.0,0.00168888
1784474100,5704453.0,5955999.0,5704027.0,5955999.0,0.2225771
1784475000,5955999.0,5955999.0,5704064.0,5704064.0,0.01929504
1784475900,5704064.0,5704064.0,5704064.0,5704064.0,0.0
1784476800,5704387.0,5704387.0,5704387.0,5704387.0,0.00438226
1784477700,5704387.0,5704387.0,5704387.0,5704387.0,0.0
1784478600,5704387.0,5704387.0,5704387.0,5704387.0,0.0
1784479500,5704387.0,5704387.0,5704387.0,5704387.0,0.0
1784480400,5704387.0,5704387.0,5704387.0,5704387.0,0.0
1784481300,5955984.0,5955984.0,5955984.0,5955984.0,0.00217428
1784482200,5955993.0,5955993.0,5704093.0,5704093.0,0.00411162
1784483100,5704093.0,5704093.0,5704093.0,5704093.0,0.0
1784484000,5704093.0,5704093.0,5704093.0,5704093.0,0.0
1784484900,5704093.0,5704093.0,5704093.0,5704093.0,0.0
1784485800,5704093.0,5704093.0,5704093.0,5704093.0,0.0
1784486700,5704093.0,5704093.0,5704093.0,5704093.0,0.0
1784487600,5704093.0,5704093.0,5704093.0,5704093.0,0.0
1784488500,5704093.0,5704093.0,5704093.0,5704093.0,0.0
1784489400,5704093.0,5704093.0,5704093.0,5704093.0,0.0
1784490300,5704093.0,5704093.0,5704093.0,5704093.0,0.0
1784491200,5704093.0,5704093.0,5704093.0,5704093.0,0.0
1784492100,5704093.0,5704093.0,5704093.0,5704093.0,0.0
1784493000,5704093.0,5704093.0,5704093.0,5704093.0,0.0
1784493900,5704093.0,5704093.0,5704093.0,5704093.0,0.0
1784494800,5704093.0,5704093.0,5704093.0,5704093.0,0.0
1784495700,5704093.0,5704093.0,5704093.0,5704093.0,0.0
1784496600,5704093.0,5704093.0,5704093.0,5704093.0,0.0
1784497500,5704093.0,5704093.0,5704093.0,5704093.0,0.0
1784498400,5704093.0,5704093.0,5704093.0,5704093.0,0.0
1784499300,5955918.0,5955918.0,5955918.0,5955918.0,0.00250809
1784500200,5955918.0,5955918.0,5955918.0,5955918.0,0.0
1784501100,5955918.0,5955918.0,5955918.0,5955918.0,0.0
1784502000,5955918.0,5955918.0,5955918.0,5955918.0,0.0
1784502900,5955918.0,5955918.0,5955918.0,5955918.0,0.0
1784503800,5955918.0,5955918.0,5955918.0,5955918.0,0.0
1784504700,5955918.0,5955918.0,5955918.0,5955918.0,0.0
1784505600,5955918.0,5955918.0,5955918.0,5955918.0,0.0
1784506500,5955918.0,5955918.0,5955918.0,5955918.0,0.0
1784507400,5955918.0,5955918.0,5955918.0,5955918.0,0.0
1784508300,5955918.0,5955918.0,5955918.0,5955918.0,0.0
1784509200,5955918.0,5955918.0,5955918.0,5955918.0,0.0
1784510100,5955918.0,5955918.0,5955918.0,5955918.0,0.0
1784511000,5955918.0,5955918.0,5955918.0,5955918.0,0.0
1784511900,5955918.0,5955918.0,5955918.0,5955918.0,0.0
1784512800,5955917.0,6000434.0,5955917.0,6000434.0,2.0
1784513700,6000434.0,6000434.0,6000434.0,6000434.0,0.00870203
1784514600,5756195.0,5756195.0,5756195.0,5756195.0,0.00175647
1784515500,5756195.0,5756195.0,5756195.0,5756195.0,0.0
1784516400,5756195.0,5756195.0,5756195.0,5756195.0,0.0
1784517300,5756195.0,5756195.0,5756195.0,5756195.0,0.0
1784518200,5756195.0,5756195.0,5756195.0,5756195.0,0.0
1784519100,5756195.0,5756195.0,5756195.0,5756195.0,0.0
1784520000,5756195.0,5756195.0,5756195.0,5756195.0,0.0
1784520900,5780106.0,5780106.0,5780106.0,5780106.0,0.00320305
1784521800,5780106.0,5780106.0,5780106.0,5780106.0,0.0
1784522700,5780106.0,5780106.0,5780106.0,5780106.0,0.0
1784523600,5780106.0,5780106.0,5780106.0,5780106.0,0.0
1784524500,5780106.0,5780106.0,5780106.0,5780106.0,0.0
1784525400,5780397.0,5780397.0,5780397.0,5780397.0,0.00840404
1784526300,5780397.0,5780397.0,5780397.0,5780397.0,0.0
1784527200,5780397.0,5780397.0,5780397.0,5780397.0,0.0
1784528100,5780397.0,5780397.0,5780397.0,5780397.0,0.0
1784529000,5780397.0,5780397.0,5780397.0,5780397.0,0.0
1784529900,5780397.0,5780397.0,5780397.0,5780397.0,0.0
1784530800,5780397.0,5780397.0,5780397.0,5780397.0,0.0
1784531700,5785000.0,6000418.0,5785000.0,6000418.0,0.03399112
1784532600,5785004.0,5999994.0,5704097.0,5999994.0,0.87072576
1784533500,5999993.0,5999993.0,5999993.0,5999993.0,0.0034
1784534400,5704207.0,6006374.0,5704098.0,6006374.0,0.42740806
1784535300,6006374.0,6006374.0,6006374.0,6006374.0,0.0
1784536200,6006374.0,6006374.0,6006374.0,6006374.0,0.0
1784537100,5705236.0,5993585.0,5704097.0,5704099.0,0.49296021
1784538000,5704099.0,5704099.0,5704099.0,5704099.0,0.0
1784538900,5704099.0,5704099.0,5704099.0,5704099.0,0.0
1784539800,5982287.0,5982287.0,5982287.0,5982287.0,0.0091032
1784540700,5704107.0,5985876.0,5704107.0,5985876.0,0.00755714
1784541600,5985876.0,5985876.0,5985876.0,5985876.0,0.0
1784542500,5985876.0,5985876.0,5985876.0,5985876.0,0.0
1784543400,5974004.0,5995496.0,5704097.0,5704097.0,0.57204399
1784544300,5704097.0,5704097.0,5704097.0,5704097.0,0.12275575
1784545200,5973085.0,5973085.0,5973085.0,5973085.0,0.00193551
1784546100,5973085.0,5973085.0,5973085.0,5973085.0,0.0
1784547000,5973073.0,5973073.0,5973073.0,5973073.0,0.00619095
1784547900,5973073.0,5973073.0,5973073.0,5973073.0,0.0
1784548800,5972879.0,5973081.0,5972874.0,5973081.0,0.09438492
1784549700,5973081.0,5973081.0,5973081.0,5973081.0,0.01040701
1784550600,5973081.0,5973081.0,5705272.0,5705295.0,0.00787649
1784551500,5973074.0,5973080.0,5973074.0,5973080.0,0.00611426
1784552400,5973080.0,5973080.0,5973080.0,5973080.0,0.0
1784553300,5973080.0,5973080.0,5973080.0,5973080.0,0.0
1784554200,5707759.0,5971970.0,5707705.0,5971970.0,0.08630393
1784555100,5707690.0,5707690.0,5707689.0,5707689.0,0.01508406
1784556000,5707689.0,5707689.0,5707689.0,5707689.0,0.0
1784556900,5707694.0,5707694.0,5707694.0,5707694.0,0.05251884
1784557800,5707694.0,5707694.0,5707694.0,5707694.0,0.0
1784558700,5917352.0,5917352.0,5707689.0,5707689.0,0.00507366
1784559600,5707689.0,5707689.0,5707689.0,5707689.0,0.0
1784560500,5876163.0,5876163.0,5707689.0,5707689.0,0.00587679
1784561400,5875098.0,5875098.0,5875098.0,5875098.0,0.00406818
1784562300,5875098.0,5875098.0,5875098.0,5875098.0,0.0
1784563200,5875038.0,5875038.0,5875038.0,5875038.0,0.00416576
1784564100,5875005.0,5875005.0,5875005.0,5875005.0,0.00525208
1784565000,5869901.0,5869902.0,5869901.0,5869902.0,0.00789928
1784565900,5707685.0,5707685.0,5707685.0,5707685.0,0.00705172
1784566800,5864062.0,5864062.0,5864062.0,5864062.0,0.00425421
1784567700,5864062.0,5864062.0,5864062.0,5864062.0,0.0
1784568600,5864062.0,5864062.0,5864062.0,5864062.0,0.0
1784569500,5864062.0,5864062.0,5864062.0,5864062.0,0.0
1784570400,5864062.0,5864062.0,5864062.0,5864062.0,0.0
1784571300,5864062.0,5864062.0,5864062.0,5864062.0,0.0
1784572200,5707686.0,5707686.0,5707686.0,5707686.0,0.00569899
1784573100,5707686.0,5707686.0,5707686.0,5707686.0,0.0
1784574000,5707685.0,5707685.0,5707685.0,5707685.0,0.00341844
1784574900,5707685.0,5707685.0,5707685.0,5707685.0,0.0
1784575800,5863648.0,5875098.0,5863648.0,5875098.0,0.33941412
1784576700,5875098.0,5875098.0,5875098.0,5875098.0,0.0
1784577600,5875098.0,5875098.0,5875098.0,5875098.0,0.0
1784578500,5875098.0,5875098.0,5875098.0,5875098.0,0.0
1784579400,5875098.0,5875098.0,5875098.0,5875098.0,0.0
1784580300,5875098.0,5875098.0,5875098.0,5875098.0,0.0
1784581200,5875098.0,5875098.0,5875098.0,5875098.0,0.0
1784582100,5707689.0,5707689.0,5707689.0,5707689.0,0.00352577
1784583000,5875094.0,5875098.0,5875094.0,5875098.0,0.33902606
1784583900,5875098.0,5875098.0,5875098.0,5875098.0,0.0
1784584800,5875098.0,5875098.0,5875098.0,5875098.0,0.0
1784585700,5875098.0,5875098.0,5875098.0,5875098.0,0.0
1784586600,5875089.0,5875089.0,5875089.0,5875089.0,0.02069023
1784587500,5707689.0,5707689.0,5707685.0,5707685.0,0.20345777
1784588400,5707685.0,5707685.0,5707685.0,5707685.0,0.0
1784589300,5707689.0,5707689.0,5707689.0,5707689.0,0.00416576
1784590200,5707689.0,5707689.0,5707689.0,5707689.0,0.0
1784591100,5707689.0,5707689.0,5707689.0,5707689.0,0.0
1784592000,5707689.0,5707689.0,5707689.0,5707689.0,0.0
1784592900,5707689.0,5707689.0,5707689.0,5707689.0,0.0
1784593800,5875089.0,5875089.0,5875089.0,5875089.0,0.03322451
1784594700,5875089.0,5875093.0,5875089.0,5875093.0,0.05522401
1784595600,5707694.0,5707694.0,5707693.0,5707693.0,0.08702598
1784596500,5707693.0,5707693.0,5707693.0,5707693.0,0.0
1784597400,5707693.0,5707693.0,5707693.0,5707693.0,0.0
1784598300,5875061.0,5875061.0,5875061.0,5875061.0,0.0046539
1784599200,5875061.0,5875061.0,5875061.0,5875061.0,0.0
1784600100,5875061.0,5875061.0,5875061.0,5875061.0,0.0
1784601000,5875061.0,5875061.0,5875061.0,5875061.0,0.0
1784601900,5875061.0,5875061.0,5875061.0,5875061.0,0.0
1784602800,5875061.0,5875061.0,5875061.0,5875061.0,0.0
1784603700,5875061.0,5875061.0,5875061.0,5875061.0,0.0
1784604600,5875061.0,5875061.0,5875061.0,5875061.0,0.0
1784605500,5875061.0,5875061.0,5875061.0,5875061.0,0.0
1784606400,5723973.0,5723973.0,5723973.0,5723973.0,0.00176216
1784607300,5723973.0,5723973.0,5723973.0,5723973.0,0.0
1784608200,5723969.0,5723969.0,5723969.0,5723969.0,0.00432759
1784609100,5723969.0,5723969.0,5723969.0,5723969.0,0.0
1784610000,5723969.0,5723969.0,5723969.0,5723969.0,0.01385076
1784610900,5875056.0,5875056.0,5875056.0,5875056.0,0.00254261
1784611800,5875056.0,5875056.0,5707632.0,5707636.0,0.08522054
1784612700,5875048.0,5875048.0,5707636.0,5875048.0,0.04280374
1784613600,5875048.0,5875048.0,5875048.0,5875048.0,0.0
1784614500,5875048.0,5875048.0,5875048.0,5875048.0,0.0
1784615400,5875048.0,5875048.0,5875048.0,5875048.0,0.0
1784616300,5843754.0,5851720.0,5843754.0,5851720.0,0.0085182
1784617200,5851720.0,5851720.0,5851720.0,5851720.0,0.0
1784618100,5851720.0,5851720.0,5851720.0,5851720.0,0.0
1784619000,5851716.0,5870928.0,5851716.0,5870928.0,0.50725509
1784619900,5870928.0,5870928.0,5870928.0,5870928.0,0.0
1784620800,5870683.0,5870683.0,5870683.0,5870683.0,0.01313288
1784621700,5870683.0,5870683.0,5870683.0,5870683.0,0.0
1784622600,5870683.0,5870683.0,5870683.0,5870683.0,0.0
1784623500,5707686.0,5863430.0,5707686.0,5863430.0,0.01055045
1784624400,5863430.0,5863430.0,5863430.0,5863430.0,0.0
1784625300,5863430.0,5863430.0,5863430.0,5863430.0,0.0
1784626200,5862756.0,5862756.0,5862756.0,5862756.0,0.01014983
1784627100,5862756.0,5862756.0,5862756.0,5862756.0,0.0
1784628000,5862756.0,5862756.0,5862756.0,5862756.0,0.0
1784628900,5862496.0,5862496.0,5862496.0,5862496.0,0.00943847
1784629800,5852464.0,5862457.0,5852464.0,5862455.0,0.05710079
1784630700,5743143.0,5743195.0,5743143.0,5743195.0,0.00804476
1784631600,5861359.0,5861359.0,5743264.0,5743264.0,0.00463352
1784632500,5743264.0,5743264.0,5743264.0,5743264.0,0.0
1784633400,5861359.0,5862193.0,5861359.0,5862193.0,0.01404312
1784634300,5862165.0,5862165.0,5743455.0,5743455.0,0.0050111
1784635200,5743455.0,5743455.0,5743455.0,5743455.0,0.0
1784636100,5743455.0,5743455.0,5743455.0,5743455.0,0.0
1784637000,5743715.0,5743715.0,5743715.0,5743715.0,0.00418751
1784637900,5743715.0,5743715.0,5743715.0,5743715.0,0.0
1784638800,5872359.0,5872359.0,5872359.0,5872359.0,0.00508773
1784639700,5870249.0,5870249.0,5870214.0,5870214.0,0.06533948
1784640600,5744115.0,5863103.0,5744115.0,5863103.0,0.0082748
1784641500,5863103.0,5863103.0,5863103.0,5863103.0,0.0
1784642400,5744239.0,5744239.0,5744239.0,5744239.0,0.05103556
1784643300,5744239.0,5744239.0,5744239.0,5744239.0,0.0
1784644200,5744485.0,5744485.0,5744485.0,5744485.0,0.11557815
1784645100,5744485.0,5744485.0,5744485.0,5744485.0,0.0
1784646000,5744485.0,5744485.0,5744485.0,5744485.0,0.0
1784646900,5744485.0,5744485.0,5744485.0,5744485.0,0.0
1784647800,5744939.0,5744939.0,5744939.0,5744939.0,0.01404312
1784648700,5745026.0,5745026.0,5745026.0,5745026.0,0.00298766
1784649600,5745026.0,5745026.0,5745026.0,5745026.0,0.0
1784650500,5745026.0,5745026.0,5745026.0,5745026.0,0.0
1784651400,5745026.0,5745026.0,5745026.0,5745026.0,0.0
1784652300,5832398.0,5935138.0,5832398.0,5935138.0,0.83830827
1784653200,5935138.0,5935138.0,5935138.0,5935138.0,0.0
1784654100,5932767.0,5932767.0,5932747.0,5932747.0,0.01222399
1784655000,5745653.0,5918193.0,5745653.0,5918193.0,0.01147739
1784655900,5745758.0,5745758.0,5745758.0,5745758.0,0.01525675
1784656800,5918061.0,5918061.0,5918061.0,5918061.0,0.00384399
1784657700,5918061.0,5918061.0,5918061.0,5918061.0,0.0
1784658600,5918061.0,5918061.0,5918061.0,5918061.0,0.0
1784659500,5918061.0,5918061.0,5918061.0,5918061.0,0.0
1784660400,5918061.0,5918061.0,5918061.0,5918061.0,0.0
1784661300,5918061.0,5918061.0,5918061.0,5918061.0,0.0
1784662200,5746249.0,5746249.0,5746249.0,5746249.0,0.08669655
1784663100,5917679.0,5917679.0,5917679.0,5917679.0,0.08332016
1784664000,5917679.0,5917679.0,5917679.0,5917679.0,0.0
1784664900,5917679.0,5917679.0,5917679.0,5917679.0,0.0
1784665800,5917679.0,5917679.0,5917679.0,5917679.0,0.0
1784666700,5917679.0,5917679.0,5917679.0,5917679.0,0.0
1784667600,5746695.0,5746695.0,5746695.0,5746695.0,0.05522401
1784668500,5746773.0,5746773.0,5746773.0,5746773.0,0.08331997
1784669400,5887274.0,5887274.0,5887274.0,5887274.0,0.00351877
1784670300,5887274.0,5887274.0,5887274.0,5887274.0,0.0
1784671200,5887274.0,5887274.0,5887274.0,5887274.0,0.0
1784672100,5887274.0,5887274.0,5887274.0,5887274.0,0.0
1784673000,5887274.0,5887274.0,5887274.0,5887274.0,0.0
1784673900,5887274.0,5887274.0,5887274.0,5887274.0,0.0
1784674800,5887274.0,5887274.0,5887274.0,5887274.0,0.0
1784675700,5887274.0,5887274.0,5887274.0,5887274.0,0.0
1784676600,5887274.0,5887274.0,5887274.0,5887274.0,0.0
1784677500,5887274.0,5887274.0,5887274.0,5887274.0,0.0
1784678400,5887274.0,5887274.0,5887274.0,5887274.0,0.0
1784679300,5887274.0,5887274.0,5887274.0,5887274.0,0.0
1784680200,5887274.0,5887274.0,5887274.0,5887274.0,0.0
1784681100,5887274.0,5887274.0,5887274.0,5887274.0,0.0
1784682000,5887274.0,5887274.0,5887274.0,5887274.0,0.0
1784682900,5861477.0,5861477.0,5747940.0,5747940.0,0.00432486
1784683800,5747940.0,5747940.0,5747940.0,5747940.0,0.0
1784684700,5747940.0,5747940.0,5747940.0,5747940.0,0.0
1784685600,5747940.0,5747940.0,5747940.0,5747940.0,0.0
1784686500,5747940.0,5747940.0,5747940.0,5747940.0,0.0
1784687400,5747940.0,5747940.0,5747940.0,5747940.0,0.0
1784688300,5747940.0,5747940.0,5747940.0,5747940.0,0.0
1784689200,5861070.0,5861070.0,5861070.0,5861070.0,0.00382302
1784690100,5861070.0,5861070.0,5861070.0,5861070.0,0.0509755
1784691000,5747952.0,5747952.0,5747952.0,5747952.0,0.0509755
1784691900,5861070.0,5861070.0,5861070.0,5861070.0,0.00170497
1784692800,5748023.0,5748023.0,5748023.0,5748023.0,0.00357811
1784693700,5748088.0,5891181.0,5748088.0,5891181.0,0.01490729
1784694600,5891181.0,5891181.0,5891181.0,5891181.0,0.0
1784695500,5891181.0,5891181.0,5891181.0,5891181.0,0.0
1784696400,5891181.0,5891181.0,5891181.0,5891181.0,0.0
1784697300,5891181.0,5891181.0,5891181.0,5891181.0,0.0
1784698200,5885103.0,5885103.0,5885103.0,5885103.0,0.01260946
1784699100,5917742.0,5917742.0,5917742.0,5917742.0,0.00825551
1784700000,5911946.0,5911946.0,5911946.0,5911946.0,0.0018427
1784700900,5911946.0,5911946.0,5911946.0,5911946.0,0.0
1784701800,5911946.0,5911946.0,5911946.0,5911946.0,0.0
1784702700,5911946.0,5911946.0,5911946.0,5911946.0,0.0
1784703600,5891480.0,5891480.0,5748852.0,5748852.0,0.00781885
1784704500,5748852.0,5748852.0,5748852.0,5748852.0,0.0
1784705400,5748852.0,5748852.0,5748852.0,5748852.0,0.0
1784706300,5891314.0,5891314.0,5891314.0,5891314.0,0.01693832
1784707200,5891314.0,5891314.0,5891314.0,5891314.0,0.0
1784708100,5891314.0,5891314.0,5891314.0,5891314.0,0.0
1784709000,5891314.0,5891314.0,5891314.0,5891314.0,0.0
1784709900,5891314.0,5891314.0,5891314.0,5891314.0,0.0
1784710800,5891314.0,5891314.0,5891314.0,5891314.0,0.0
1784711700,5749462.0,5749462.0,5749462.0,5749462.0,0.00607947
1784712600,5749462.0,5749462.0,5749462.0,5749462.0,0.0
1784713500,5891118.0,5891118.0,5891118.0,5891118.0,0.00202881
1784714400,5891118.0,5891118.0,5891118.0,5891118.0,0.0
1784715300,5891118.0,5891118.0,5891118.0,5891118.0,0.0
1784716200,5750769.0,5750769.0,5750769.0,5750769.0,0.00178264
1784717100,5750769.0,5750769.0,5750769.0,5750769.0,0.0
1784718000,5750769.0,5750769.0,5750769.0,5750769.0,0.0
1784718900,5751089.0,5751089.0,5751089.0,5751089.0,0.00787346
1784719800,5751089.0,5751089.0,5751089.0,5751089.0,0.0
1784720700,5751334.0,5891114.0,5751334.0,5891114.0,0.0284761
1784721600,5891114.0,5891114.0,5891114.0,5891114.0,0.0
1784722500,5751601.0,5751601.0,5751601.0,5751601.0,0.08747546
1784723400,5891114.0,5891114.0,5891114.0,5891114.0,0.00169051
1784724300,5891114.0,5891114.0,5891114.0,5891114.0,0.0
1784725200,5840001.0,5840001.0,5840001.0,5840001.0,0.01324561
1784726100,5840001.0,5840001.0,5840001.0,5840001.0,0.0
1784727000,5840001.0,5840001.0,5840000.0,5840000.0,0.38642805
1784727900,5840000.0,5840000.0,5840000.0,5840000.0,0.0
1784728800,5840000.0,5840000.0,5840000.0,5840000.0,0.01151493
1784729700,5840000.0,5840000.0,5840000.0,5840000.0,0.0
1784730600,5840000.0,5840000.0,5840000.0,5840000.0,0.0
1784731500,5840000.0,5840000.0,5840000.0,5840000.0,0.12213838
1784732400,5840000.0,5840000.0,5840000.0,5840000.0,0.00294171
1784733300,5859595.0,5859595.0,5859595.0,5859595.0,0.00365997
1784734200,5840000.0,5840000.0,5840000.0,5840000.0,0.00344791
1784735100,5840000.0,5840000.0,5750683.0,5750683.0,0.50725509
1784736000,5859540.0,5859540.0,5750683.0,5859493.0,0.00601949
1784736900,5750683.0,5858119.0,5748205.0,5858119.0,0.03605122
1784737800,5858042.0,5858042.0,5858042.0,5858042.0,0.00170005
1784738700,5748201.0,5748201.0,5748183.0,5748183.0,0.01728151
1784739600,5857959.0,5857959.0,5857952.0,5857952.0,0.01682412
1784740500,5857952.0,5857952.0,5857952.0,5857952.0,0.0
1784741400,5857952.0,5857952.0,5857952.0,5857952.0,0.0
1784742300,5748187.0,5748187.0,5748187.0,5748187.0,0.0018427
1784743200,5748187.0,5748187.0,5748187.0,5748187.0,0.00525208
1784744100,5852043.0,5852043.0,5852043.0,5852043.0,0.01701798
1784745000,5852043.0,5852043.0,5852043.0,5852043.0,0.0
1784745900,5852043.0,5852043.0,5852043.0,5852043.0,0.0
1784746800,5851776.0,5851776.0,5748187.0,5748187.0,0.00376251
1784747700,5748187.0,5748187.0,5748187.0,5748187.0,0.0
1784748600,5748187.0,5748187.0,5748187.0,5748187.0,0.0
1784749500,5748187.0,5748187.0,5748187.0,5748187.0,0.0
1784750400,5748187.0,5748187.0,5748187.0,5748187.0,0.0
1784751300,5748187.0,5748187.0,5748187.0,5748187.0,0.0
1784752200,5748187.0,5748187.0,5748187.0,5748187.0,0.0
1784753100,5748187.0,5748187.0,5748187.0,5748187.0,0.0
1784754000,5748187.0,5748187.0,5748187.0,5748187.0,0.0
1784754900,5748187.0,5748187.0,5748187.0,5748187.0,0.0
1784755800,5857948.0,5857948.0,5857948.0,5857948.0,0.00170383
1784756700,5857948.0,5857948.0,5857948.0,5857948.0,0.0
1784757600,5857948.0,5857948.0,5857948.0,5857948.0,0.0
1784758500,5857948.0,5857948.0,5857948.0,5857948.0,0.00834558
1784759400,5857948.0,5857948.0,5857948.0,5857948.0,0.0
1784760300,5857948.0,5857948.0,5857948.0,5857948.0,0.0
1784761200,5857948.0,5857948.0,5857948.0,5857948.0,0.0
1784762100,5857948.0,5857952.0,5857948.0,5857952.0,0.06295429
1784763000,5857952.0,5857952.0,5857952.0,5857952.0,0.0
1784763900,5758183.0,5758183.0,5758183.0,5758183.0,0.00806326
1784764800,5758183.0,5758183.0,5758183.0,5758183.0,0.0
1784765700,5758183.0,5758183.0,5758183.0,5758183.0,0.0
1784766600,5758183.0,5758183.0,5758183.0,5758183.0,0.0
1784767500,5758183.0,5758183.0,5758183.0,5758183.0,0.0
1784768400,5758183.0,5758183.0,5758183.0,5758183.0,0.0
1784769300,5758183.0,5758183.0,5758183.0,5758183.0,0.0
1784770200,5758183.0,5758183.0,5750000.0,5750000.0,0.01222399
1784771100,5847948.0,5847948.0,5847948.0,5847948.0,0.00287947
1784772000,5750050.0,5750050.0,5750001.0,5750001.0,0.01120922
1784772900,5750001.0,5750001.0,5750001.0,5750001.0,0.0
1784773800,5750001.0,5750001.0,5750001.0,5750001.0,0.0
1784774700,5748272.0,5748272.0,5748272.0,5748272.0,0.00832618
1784775600,5748235.0,5748235.0,5748235.0,5748235.0,0.00200516
1784776500,5837948.0,5837948.0,5837948.0,5837948.0,0.00282496
1784777400,5837948.0,5837948.0,5837948.0,5837948.0,0.0
1784778300,5837948.0,5837948.0,5837948.0,5837948.0,0.0
1784779200,5837948.0,5837948.0,5837948.0,5837948.0,0.0017059
1784780100,5837948.0,5837948.0,5837948.0,5837948.0,0.0
1784781000,5837948.0,5837948.0,5837948.0,5837948.0,0.0
1784781900,5837948.0,5837948.0,5837948.0,5837948.0,0.0
1784782800,5837948.0,5837948.0,5837948.0,5837948.0,0.0
1784783700,5837948.0,5837948.0,5837948.0,5837948.0,0.0
1784784600,5837948.0,5849996.0,5837948.0,5849996.0,0.00170582
1784785500,5849996.0,5849996.0,5849996.0,5849996.0,0.0
1784786400,5849996.0,5849996.0,5849996.0,5849996.0,0.0
1784787300,5849996.0,5849996.0,5849996.0,5849996.0,0.0
1784788200,5748187.0,5748187.0,5748187.0,5748187.0,0.01543276
1784789100,5748187.0,5748187.0,5748187.0,5748187.0,0.00176043
1784790000,5849463.0,5849463.0,5849463.0,5849463.0,0.01015802
1784790900,5849463.0,5849463.0,5849463.0,5849463.0,0.0
1784791800,5849357.0,5849357.0,5849357.0,5849357.0,0.08707008
1784792700,5748193.0,5748193.0,5748192.0,5748192.0,0.07211193
1784793600,5748220.0,5748220.0,5748220.0,5748220.0,0.7508326
1784794500,5748220.0,5748220.0,5748220.0,5748220.0,0.0
1784795400,5748220.0,5748220.0,5748220.0,5748220.0,0.0
1784796300,5748220.0,5748220.0,5748220.0,5748220.0,0.0
1784797200,5748220.0,5748220.0,5748220.0,5748220.0,0.0
1784798100,5748187.0,5748187.0,5748187.0,5748187.0,0.00375067
1784799000,5748187.0,5748187.0,5748187.0,5748187.0,0.0
1784799900,5748187.0,5748187.0,5748187.0,5748187.0,0.05941124
1784800800,5748187.0,5748187.0,5748187.0,5748187.0,0.0
1784801700,5748187.0,5748187.0,5748187.0,5748187.0,0.00604803
1784802600,5748187.0,5748187.0,5748187.0,5748187.0,0.03471981
1784803500,5748187.0,5748187.0,5748187.0,5748187.0,0.0
1784804400,5748187.0,5748187.0,5748187.0,5748187.0,0.0
1784805300,5748187.0,5748187.0,5748187.0,5748187.0,0.00175046
1784806200,5847720.0,5847720.0,5744139.0,5744139.0,0.20697673
1784807100,5744139.0,5744139.0,5744139.0,5744139.0,0.08994955
1784808000,5744139.0,5744139.0,5744139.0,5744139.0,0.0
1784808900,5744143.0,5847395.0,5744143.0,5847395.0,0.01184346
1784809800,5847395.0,5847395.0,5847395.0,5847395.0,0.0
1784810700,5847395.0,5847395.0,5847395.0,5847395.0,0.0
1784811600,5847395.0,5847395.0,5847395.0,5847395.0,0.0
1784812500,5847395.0,5847395.0,5847395.0,5847395.0,0.0
1784813400,5826193.0,5826193.0,5826193.0,5826193.0,0.00214805
1784814300,5826193.0,5826193.0,5826193.0,5826193.0,0.0
1784815200,5826193.0,5826193.0,5826193.0,5826193.0,0.0
1784816100,5812870.0,5812870.0,5812870.0,5812870.0,0.01699108
1784817000,5813575.0,5813575.0,5813575.0,5813575.0,0.00521107
1784817900,5813575.0,5813575.0,5813575.0,5813575.0,0.0
1784818800,5813575.0,5813575.0,5813575.0,5813575.0,0.0
1784819700,5800000.0,5826197.0,5800000.0,5826197.0,0.00370951
1784820600,5826197.0,5826197.0,5826197.0,5826197.0,0.0
1784821500,5826197.0,5826197.0,5800000.0,5800000.0,0.00544537
1784822400,5800000.0,5800000.0,5800000.0,5800000.0,0.0
1784823300,5800000.0,5800000.0,5744139.0,5744139.0,0.04272423
1784824200,5826197.0,5829345.0,5702000.0,5702000.0,0.10705495
1784825100,5702000.0,5702000.0,5702000.0,5702000.0,0.0
1784826000,5823231.0,5823231.0,5823231.0,5823231.0,0.00171021
1784826900,5823231.0,5823231.0,5823231.0,5823231.0,0.0
1784827800,5823231.0,5823231.0,5823231.0,5823231.0,0.0
1784828700,5823231.0,5823231.0,5823231.0,5823231.0,0.0
1784829600,5823231.0,5823231.0,5823231.0,5823231.0,0.0
1784830500,5822709.0,5822709.0,5822709.0,5822709.0,0.00242464
1784831400,5822709.0,5822709.0,5822709.0,5822709.0,0.0
1784832300,5822709.0,5822709.0,5822709.0,5822709.0,0.0
1784833200,5822709.0,5822709.0,5822709.0,5822709.0,0.0
1784834100,5822709.0,5822709.0,5822709.0,5822709.0,0.0
1784835000,5822709.0,5822709.0,5822709.0,5822709.0,0.0
1784835900,5702000.0,5702000.0,5700013.0,5700013.0,0.00521107
1784836800,5700013.0,5700013.0,5700013.0,5700013.0,0.0
1784837700,5700013.0,5700013.0,5700013.0,5700013.0,0.0
1784838600,5700013.0,5700013.0,5700013.0,5700013.0,0.0
1784839500,5700013.0,5700013.0,5700013.0,5700013.0,0.0
1784840400,5700013.0,5700013.0,5700013.0,5700013.0,0.0
1784841300,5700013.0,5700013.0,5700013.0,5700013.0,0.0
1784842200,5700013.0,5700013.0,5700013.0,5700013.0,0.0
1784843100,5700013.0,5700013.0,5700013.0,5700013.0,0.0
1784844000,5700013.0,5700013.0,5700013.0,5700013.0,0.0
1784844900,5700013.0,5700013.0,5700013.0,5700013.0,0.0
1784845800,5700013.0,5700013.0,5700013.0,5700013.0,0.0
1784846700,5700441.0,5700441.0,5700441.0,5700441.0,0.00236114
1784847600,5700441.0,5700441.0,5700441.0,5700441.0,0.0
1784848500,5700441.0,5700441.0,5700441.0,5700441.0,0.0
1784849400,5700441.0,5700441.0,5700441.0,5700441.0,0.0
1784850300,5700441.0,5700441.0,5700441.0,5700441.0,0.0
1784851200,5700441.0,5700441.0,5700441.0,5700441.0,0.0
1784852100,5700441.0,5700441.0,5700441.0,5700441.0,0.0
1784853000,5700441.0,5700441.0,5700441.0,5700441.0,0.0
1784853900,5827965.0,5827965.0,5827965.0,5827965.0,0.02358662
1784854800,5827965.0,5827965.0,5827965.0,5827965.0,0.0
1784855700,5827871.0,5827871.0,5827871.0,5827871.0,0.0026912
1784856600,5827871.0,5827871.0,5827871.0,5827871.0,0.0
1784857500,5827649.0,5827649.0,5827649.0,5827649.0,0.01877463
1784858400,5827649.0,5827649.0,5827649.0,5827649.0,0.0
1784859300,5819526.0,5819526.0,5819502.0,5819502.0,0.01925947
1784860200,5819502.0,5819502.0,5819502.0,5819502.0,0.0
1784861100,5819502.0,5819502.0,5819502.0,5819502.0,0.0
1784862000,5819502.0,5819502.0,5819502.0,5819502.0,0.0
1784862900,5819502.0,5819502.0,5819502.0,5819502.0,0.0
1784863800,5700107.0,5700107.0,5700107.0,5700107.0,0.00899
1784864700,5700107.0,5700107.0,5700107.0,5700107.0,0.0
1784865600,5700107.0,5700107.0,5700107.0,5700107.0,0.0
1784866500,5700107.0,5700107.0,5700107.0,5700107.0,0.0
1784867400,5700107.0,5700107.0,5700107.0,5700107.0,0.0
1784868300,5812695.0,5812695.0,5812695.0,5812695.0,0.00229067
1784869200,5812695.0,5812695.0,5812695.0,5812695.0,0.0
1784870100,5812478.0,5812478.0,5812478.0,5812478.0,0.00265033
1784871000,5812478.0,5812478.0,5812478.0,5812478.0,0.0
1784871900,5812478.0,5812478.0,5812478.0,5812478.0,0.0
1784872800,5812478.0,5812478.0,5812478.0,5812478.0,0.0
1784873700,5812478.0,5812478.0,5812478.0,5812478.0,0.0
1784874600,5812478.0,5812478.0,5812478.0,5812478.0,0.0
1784875500,5700020.0,5700020.0,5700020.0,5700020.0,0.0095897
1784876400,5801015.0,5801015.0,5700020.0,5700020.0,0.02031046
1784877300,5800946.0,5800946.0,5700021.0,5700021.0,0.01160646
1784878200,5700021.0,5700021.0,5700021.0,5700021.0,0.0
1784879100,5700021.0,5700021.0,5700021.0,5700021.0,0.0
1784880000,5700030.0,5800982.0,5700030.0,5800982.0,0.03263564
1784880900,5800982.0,5800982.0,5800982.0,5800982.0,0.0
1784881800,5700172.0,5700172.0,5700172.0,5700172.0,0.00224197
1784882700,5700172.0,5700172.0,5700172.0,5700172.0,0.0
1784883600,5700172.0,5700172.0,5700172.0,5700172.0,0.0
1784884500,5700172.0,5700172.0,5700172.0,5700172.0,0.0
1784885400,5700172.0,5700172.0,5700172.0,5700172.0,0.0
1784886300,5700172.0,5700172.0,5700172.0,5700172.0,0.0
1784887200,5700339.0,5816706.0,5700339.0,5816706.0,0.01485005
1784888100,5816618.0,5816618.0,5816618.0,5816618.0,0.06848687
1784889000,5816618.0,5816618.0,5816618.0,5816618.0,0.0
1784889900,5816618.0,5816618.0,5816618.0,5816618.0,0.0
1784890800,5816528.0,5816528.0,5816528.0,5816528.0,0.02550318
1784891700,5816528.0,5816528.0,5816528.0,5816528.0,0.0
1784892600,5700526.0,5700526.0,5700526.0,5700526.0,0.02550318
1784893500,5700526.0,5700526.0,5700526.0,5700526.0,0.0
1784894400,5700526.0,5700526.0,5700526.0,5700526.0,0.0
1784895300,5816552.0,5816552.0,5816552.0,5816552.0,0.00173745
1784896200,5816552.0,5816552.0,5816552.0,5816552.0,0.0
1784897100,5700819.0,5700819.0,5700819.0,5700819.0,0.00291153
1784898000,5700819.0,5700819.0,5700819.0,5700819.0,0.0
1784898900,5700819.0,5700819.0,5700819.0,5700819.0,0.0
1784899800,5700819.0,5700819.0,5700819.0,5700819.0,0.0
1784900700,5700819.0,5700819.0,5700819.0,5700819.0,0.0
1784901600,5816370.0,5816370.0,5816370.0,5816370.0,0.00342447
1784902500,5816820.0,5816820.0,5701008.0,5701008.0,0.06659971
1784903400,5816820.0,5827965.0,5816820.0,5827965.0,0.08859002
1784904300,5827965.0,5827965.0,5827965.0,5827965.0,0.05235223
1784905200,5827965.0,5827965.0,5827965.0,5827965.0,0.0086018
1784906100,5827965.0,5827965.0,5701167.0,5827965.0,0.03635375
1784907000,5827965.0,5917751.0,5827965.0,5917751.0,0.65755868
1784907900,6000000.0,6000000.0,6000000.0,6000000.0,0.00176416
1784908800,5917752.0,5917752.0,5917752.0,5917752.0,0.00588393
1784909700,6000000.0,6000000.0,6000000.0,6000000.0,0.00326083
1784910600,6000000.0,6006379.0,6000000.0,6006379.0,0.00758337
1784911500,6006344.0,6006344.0,6006341.0,6006341.0,0.01568624
1784912400,6006341.0,6006341.0,6006341.0,6006341.0,0.0
1784913300,6006341.0,6006341.0,6006341.0,6006341.0,0.0
1784914200,6006216.0,6006216.0,6006216.0,6006216.0,0.00201907
1784915100,5917752.0,5917752.0,5917752.0,5917752.0,0.00408031
1784916000,5917752.0,5917752.0,5917752.0,5917752.0,0.0
1784916900,6006161.0,6006161.0,6006145.0,6006145.0,0.01005519
1784917800,6006145.0,6006145.0,6006145.0,6006145.0,0.0
1784918700,6006145.0,6006145.0,6006145.0,6006145.0,0.0
1784919600,5917752.0,5917752.0,5700935.0,5700935.0,0.01714727
1784920500,5700935.0,5700935.0,5700935.0,5700935.0,0.0
1784921400,5700935.0,5700935.0,5700935.0,5700935.0,0.0
1784922300,5700935.0,5700935.0,5700935.0,5700935.0,0.0
1784923200,5700935.0,5700935.0,5700935.0,5700935.0,0.0
1784924100,5700935.0,5700935.0,5700935.0,5700935.0,0.0
1784925000,5700935.0,5700935.0,5700935.0,5700935.0,0.0
1784925900,5700935.0,5700935.0,5700935.0,5700935.0,0.0
1784926800,5700935.0,5700935.0,5700935.0,5700935.0,0.0
1784927700,6006375.0,6006375.0,6006375.0,6006375.0,0.04780637
1784928600,6006375.0,6006375.0,6006375.0,6006375.0,0.0
1784929500,6006375.0,6006375.0,6006375.0,6006375.0,0.0
1784930400,6006375.0,6006375.0,6006375.0,6006375.0,0.0
1784931300,6006375.0,6006375.0,6006375.0,6006375.0,0.0
1784932200,5702059.0,5702059.0,5702059.0,5702059.0,0.00342447
1784933100,5702059.0,5702059.0,5702059.0,5702059.0,0.0
1784934000,5702059.0,5702059.0,5702059.0,5702059.0,0.0
1784934900,5702059.0,5702059.0,5702059.0,5702059.0,0.0
1784935800,5702059.0,5702059.0,5702059.0,5702059.0,0.0
1784936700,5702059.0,5702059.0,5702059.0,5702059.0,0.0
1784937600,5702059.0,5702059.0,5702059.0,5702059.0,0.0
1784938500,5702059.0,5702059.0,5702059.0,5702059.0,0.0
1784939400,6006254.0,6006254.0,6006254.0,6006254.0,0.0016581
1784940300,6006254.0,6006254.0,6006254.0,6006254.0,0.0
1784941200,6006089.0,6006089.0,6006089.0,6006089.0,0.00835835
1784942100,6006089.0,6006089.0,6006089.0,6006089.0,0.0
1784943000,6006089.0,6006089.0,6006089.0,6006089.0,0.0
1784943900,6005940.0,6005940.0,6005940.0,6005940.0,0.0020463
1784944800,6005897.0,6005897.0,6005880.0,6005880.0,0.00986381
1784945700,6005880.0,6005880.0,6005880.0,6005880.0,0.0
1784946600,6005817.0,6005817.0,6005817.0,6005817.0,0.00171433
1784947500,5703114.0,5703114.0,5703114.0,5703114.0,0.01071132
1784948400,5703114.0,5703114.0,5703114.0,5703114.0,0.0
1784949300,5703114.0,5703114.0,5703114.0,5703114.0,0.0
1784950200,5703114.0,5703114.0,5703114.0,5703114.0,0.0
1784951100,6005332.0,6005332.0,5703486.0,5703486.0,0.00486444
1784952000,6005292.0,6005295.0,6005292.0,6005295.0,0.04045197
1784952900,6005199.0,6005199.0,6005199.0,6005199.0,0.01014404
1784953800,6005199.0,6005199.0,6005199.0,6005199.0,0.0
1784954700,6005120.0,6005120.0,5703815.0,5703815.0,0.01624519
1784955600,5703815.0,5703815.0,5703815.0,5703815.0,0.0
1784956500,5703815.0,5703815.0,5703815.0,5703815.0,0.0
1784957400,5703824.0,6004910.0,5703824.0,6004909.0,0.29570559
1784958300,6004909.0,6004909.0,6004909.0,6004909.0,0.0
1784959200,6004801.0,6004801.0,6004801.0,6004801.0,0.0016585
1784960100,6004801.0,6004801.0,6004801.0,6004801.0,0.0
1784961000,6004801.0,6004801.0,6004801.0,6004801.0,0.0
1784961900,6004631.0,6004631.0,6004631.0,6004631.0,0.00201877
1784962800,6004631.0,6004631.0,6004631.0,6004631.0,0.0
1784963700,6004495.0,6004495.0,6004495.0,6004495.0,0.00197502
1784964600,6004495.0,6004495.0,6004495.0,6004495.0,0.0
1784965500,6004495.0,6004495.0,6004495.0,6004495.0,0.0
1784966400,5704110.0,6004327.0,5704110.0,6004327.0,0.0396635
1784967300,6004327.0,6004327.0,6004327.0,6004327.0,0.0
1784968200,6004327.0,6004327.0,6004327.0,6004327.0,0.0
1784969100,5715446.0,5715446.0,5715446.0,5715446.0,0.0018027
1784970000,5715473.0,5715473.0,5715473.0,5715473.0,0.00252065
1784970900,5715473.0,5715473.0,5715473.0,5715473.0,0.0
1784971800,5715473.0,5715473.0,5715473.0,5715473.0,0.0
1784972700,6003870.0,6003870.0,5715725.0,5715736.0,0.07624612
1784973600,6003749.0,6003749.0,6003749.0,6003749.0,0.00199042
1784974500,6003749.0,6003749.0,6003749.0,6003749.0,0.0
1784975400,6003571.0,6003571.0,5715912.0,5715920.0,0.02461586
1784976300,5715920.0,5715920.0,5715920.0,5715920.0,0.0
1784977200,6003333.0,6003333.0,6003333.0,6003333.0,0.00316807
1784978100,6003267.0,6003267.0,6003252.0,6003252.0,0.00479355
1784979000,6003224.0,6003224.0,6003211.0,6003222.0,0.00783612
1784979900,6003222.0,6003222.0,6003222.0,6003222.0,0.0
1784980800,6003028.0,6003028.0,6003028.0,6003028.0,0.00176494
1784981700,5716411.0,5716411.0,5716411.0,5716411.0,0.01014404
1784982600,6002893.0,6002893.0,5716412.0,5716412.0,0.0048271
1784983500,5716525.0,5716525.0,5716525.0,5716525.0,0.00265033
1784984400,6002680.0,6002680.0,5716546.0,5716546.0,0.00701464
1784985300,5716546.0,5716546.0,5716546.0,5716546.0,0.0
1784986200,6002422.0,6002422.0,5716477.0,5716477.0,0.00500352
1784987100,6002390.0,6002390.0,6002390.0,6002390.0,0.00165917
1784988000,6002166.0,6002166.0,6002166.0,6002166.0,0.00831266
1784988900,6002122.0,6002122.0,6002122.0,6002122.0,0.00280367
1784989800,6002122.0,6002122.0,6002122.0,6002122.0,0.0
1784990700,6001898.0,6001898.0,6001884.0,6001884.0,0.0161044
1784991600,6001884.0,6001884.0,6001884.0,6001884.0,0.0
1784992500,6001884.0,6001884.0,6001884.0,6001884.0,0.0
1784993400,6001884.0,6001884.0,6001884.0,6001884.0,0.0
1784994300,6001884.0,6001884.0,6001884.0,6001884.0,0.0
1784995200,6001884.0,6001884.0,6001884.0,6001884.0,0.0
1784996100,5720325.0,6001399.0,5720321.0,6001399.0,0.01742424
1784997000,6001399.0,6001399.0,6001399.0,6001399.0,0.0
1784997900,6001399.0,6001399.0,6001399.0,6001399.0,0.0
1784998800,6001399.0,6001399.0,6001399.0,6001399.0,0.0
1784999700,6001399.0,6001399.0,6001399.0,6001399.0,0.0
1785000600,6001399.0,6001399.0,6001399.0,6001399.0,0.0
1785001500,6001399.0,6001399.0,6001399.0,6001399.0,0.0
1785002400,6001399.0,6001399.0,6001399.0,6001399.0,0.0
1785003300,6001399.0,6001399.0,6001399.0,6001399.0,0.0
1785004200,5720256.0,5720256.0,5720256.0,5720256.0,0.00483374
1785005100,6000539.0,6000542.0,6000539.0,6000542.0,0.16630048
1785006000,5720409.0,5720409.0,5720256.0,5720256.0,0.10886023
1785006900,5999983.0,5999983.0,5720247.0,5720248.0,0.17293982
1785007800,5720248.0,5720248.0,5720248.0,5720248.0,0.0
1785008700,5720248.0,5720248.0,5720248.0,5720248.0,0.0
1785009600,5720248.0,5720248.0,5720248.0,5720248.0,0.0
1785010500,5720248.0,5720248.0,5720248.0,5720248.0,0.0
1785011400,5720302.0,5720302.0,5720295.0,5720295.0,0.00831266
1785012300,5720295.0,5720295.0,5720295.0,5720295.0,0.0
1785013200,5720295.0,5720295.0,5720295.0,5720295.0,0.0
1785014100,5720295.0,5720295.0,5720295.0,5720295.0,0.0
1785015000,5720295.0,5720295.0,5720295.0,5720295.0,0.0
1785015900,5720295.0,5720295.0,5720295.0,5720295.0,0.0
1785016800,5720295.0,5720295.0,5720295.0,5720295.0,0.0
1785017700,5720295.0,5720295.0,5720295.0,5720295.0,0.0
1785018600,5720295.0,5720295.0,5720295.0,5720295.0,0.0
1785019500,5720295.0,5720295.0,5720295.0,5720295.0,0.0
1785020400,5720295.0,5720295.0,5720295.0,5720295.0,0.0
1785021300,5720295.0,5720295.0,5720295.0,5720295.0,0.0
1785022200,5720268.0,5720268.0,5720268.0,5720268.0,0.00280367
1785023100,5720268.0,5720268.0,5720268.0,5720268.0,0.0
1785024000,5720268.0,5720268.0,5720268.0,5720268.0,0.0
1785024900,5720268.0,5720268.0,5720268.0,5720268.0,0.0
1785025800,5720268.0,5720268.0,5720268.0,5720268.0,0.0
1785026700,5720268.0,5720268.0,5720268.0,5720268.0,0.0
1785027600,5720268.0,5720268.0,5720268.0,5720268.0,0.0
1785028500,5720268.0,5720268.0,5720268.0,5720268.0,0.0
1785029400,6000931.0,6000931.0,6000931.0,6000931.0,0.00331915
1785030300,6000931.0,6000931.0,6000931.0,6000931.0,0.0
1785031200,5720331.0,6003611.0,5720246.0,6003590.0,0.4632757
1785032100,6003590.0,6003590.0,6003590.0,6003590.0,0.0
1785033000,6003590.0,6003590.0,6003590.0,6003590.0,0.0
1785033900,6003590.0,6003590.0,6003590.0,6003590.0,0.0
1785034800,6000000.0,6000000.0,5720263.0,5720263.0,0.34109806
1785035700,5720254.0,5720254.0,5720246.0,5720246.0,0.16414829
1785036600,5720246.0,5720246.0,5720246.0,5720246.0,0.0
1785037500,5999957.0,5999961.0,5999957.0,5999961.0,0.00414952
1785038400,5999961.0,5999961.0,5999961.0,5999961.0,0.0
1785039300,5999961.0,5999961.0,5999961.0,5999961.0,0.0
1785040200,5720280.0,5720280.0,5700850.0,5700850.0,0.33902606
1785041100,5700850.0,5700850.0,5700850.0,5700850.0,0.0
1785042000,5700876.0,5990000.0,5700876.0,5700879.0,0.01015613
1785042900,5700879.0,5700879.0,5700879.0,5700879.0,0.0
1785043800,5700879.0,5700879.0,5700879.0,5700879.0,0.0
1785044700,5700879.0,5700879.0,5700879.0,5700879.0,0.0
1785045600,5700879.0,5700879.0,5700879.0,5700879.0,0.0
1785046500,5700879.0,5700879.0,5700879.0,5700879.0,0.0
1785047400,5979981.0,5979981.0,5979981.0,5979981.0,0.00296472
1785048300,5979981.0,5979981.0,5979981.0,5979981.0,0.0
1785049200,5710074.0,5710074.0,5710074.0,5710074.0,0.00296472
1785050100,5710001.0,5710001.0,5710001.0,5710001.0,0.00193835
1785051000,5710001.0,5710001.0,5710001.0,5710001.0,0.0
1785051900,5710001.0,5710001.0,5710001.0,5710001.0,0.0
1785052800,5710001.0,5710001.0,5710001.0,5710001.0,0.0
1785053700,5710001.0,5710001.0,5710001.0,5710001.0,0.0
1785054600,5710001.0,5710001.0,5710001.0,5710001.0,0.0
1785055500,5710001.0,5710001.0,5710001.0,5710001.0,0.0
1785056400,5710001.0,5710001.0,5710001.0,5710001.0,0.0
1785057300,5710001.0,5710001.0,5710001.0,5710001.0,0.0
1785058200,5710001.0,5710001.0,5710001.0,5710001.0,0.0
1785059100,5974932.0,5974932.0,5974932.0,5974932.0,0.00402682
1785060000,5974932.0,5974932.0,5974932.0,5974932.0,0.0
1785060900,5974932.0,5974932.0,5974932.0,5974932.0,0.0
1785061800,5974932.0,5974932.0,5974932.0,5974932.0,0.0
1785062700,5974932.0,5974932.0,5974932.0,5974932.0,0.0
1785063600,5710002.0,5710002.0,5700874.0,5700874.0,0.0100018
1785064500,5700874.0,5700874.0,5700874.0,5700874.0,0.0
1785065400,5949973.0,5949974.0,5700929.0,5700929.0,0.01568345
1785066300,5700929.0,5700929.0,5700929.0,5700929.0,0.0
1785067200,5949924.0,5949930.0,5949924.0,5949930.0,0.08357898
1785068100,5700961.0,5700961.0,5700961.0,5700961.0,0.00235433
1785069000,5949929.0,5949930.0,5949929.0,5949930.0,0.01188064
1785069900,5949929.0,5950000.0,5949929.0,5950000.0,0.00492777
1785070800,5950000.0,5950000.0,5950000.0,5950000.0,0.0
1785071700,5950000.0,5950000.0,5950000.0,5950000.0,0.0
1785072600,5950000.0,5950000.0,5950000.0,5950000.0,0.0
1785073500,5950000.0,5950000.0,5950000.0,5950000.0,0.0
1785074400,5949986.0,5949986.0,5949986.0,5949986.0,0.00832859
1785075300,5949986.0,5949986.0,5949986.0,5949986.0,0.05021423
1785076200,5949986.0,5949986.0,5949986.0,5949986.0,0.0
1785077100,5949986.0,5949986.0,5949986.0,5949986.0,0.00301278
1785078000,5949986.0,5949986.0,5949986.0,5949986.0,0.0
1785078900,5949986.0,5949986.0,5949986.0,5949986.0,0.0
1785079800,5949986.0,5949986.0,5949986.0,5949986.0,0.0
1785080700,5949986.0,5949986.0,5949986.0,5949986.0,0.0
1785081600,5929906.0,5929906.0,5700870.0,5700870.0,0.09962933
1785082500,5700870.0,5700870.0,5700870.0,5700870.0,0.0
1785083400,5700876.0,5700876.0,5700876.0,5700876.0,0.00176499
1785084300,5700876.0,5700876.0,5700876.0,5700876.0,0.0
1785085200,5700876.0,5929904.0,5700872.0,5700872.0,0.02450046
1785086100,5700870.0,5700870.0,5700870.0,5700870.0,0.00176294
1785087000,5700870.0,5700870.0,5700870.0,5700870.0,0.0
1785087900,5700870.0,5700870.0,5700870.0,5700870.0,0.0
1785088800,5700870.0,5700870.0,5700870.0,5700870.0,0.0
1785089700,5700890.0,5700890.0,5700890.0,5700890.0,0.00199019
1785090600,5929899.0,5929899.0,5929899.0,5929899.0,0.00788158
1785091500,5929899.0,5929899.0,5929899.0,5929899.0,0.0
1785092400,5928895.0,5928895.0,5700961.0,5700961.0,0.00501756
1785093300,5700961.0,5700961.0,5700961.0,5700961.0,0.0
1785094200,5700961.0,5700961.0,5700961.0,5700961.0,0.0
1785095100,5700961.0,5700961.0,5700961.0,5700961.0,0.0
1785096000,5928896.0,5928896.0,5928895.0,5928896.0,0.01656193
1785096900,5928896.0,5928896.0,5928896.0,5928896.0,0.0
1785097800,5928896.0,5928896.0,5928896.0,5928896.0,0.0
1785098700,5928896.0,5928896.0,5928896.0,5928896.0,0.0
1785099600,5928896.0,5928896.0,5928896.0,5928896.0,0.0
1785100500,5928896.0,5928896.0,5928896.0,5928896.0,0.0
1785101400,5928896.0,5928896.0,5928896.0,5928896.0,0.0
1785102300,5928896.0,5928896.0,5928896.0,5928896.0,0.0
1785103200,5928896.0,5928896.0,5928896.0,5928896.0,0.0
1785104100,5928896.0,5928896.0,5928896.0,5928896.0,0.0
1785105000,5928896.0,5928896.0,5928896.0,5928896.0,0.0
1785105900,5928896.0,5928896.0,5928896.0,5928896.0,0.0
1785106800,5928896.0,5928896.0,5928896.0,5928896.0,0.0
1785107700,5928896.0,5928896.0,5928896.0,5928896.0,0.0
1785108600,5928896.0,5928896.0,5928896.0,5928896.0,0.0
1785109500,5928896.0,5928896.0,5928896.0,5928896.0,0.0
1785110400,5928896.0,5928903.0,5928896.0,5928903.0,0.2214162
1785111300,5701335.0,5701335.0,5701335.0,5701335.0,0.00313462
1785112200,5701335.0,5701335.0,5701335.0,5701335.0,0.0
1785113100,5701335.0,5701335.0,5701335.0,5701335.0,0.0
1785114000,5701335.0,5701335.0,5701335.0,5701335.0,0.0
1785114900,5701335.0,5701335.0,5701335.0,5701335.0,0.0
1785115800,5701847.0,5701847.0,5701846.0,5701846.0,0.01384069
1785116700,5701846.0,5701846.0,5701846.0,5701846.0,0.0
1785117600,5701846.0,5701846.0,5701846.0,5701846.0,0.0
1785118500,5701846.0,5701846.0,5701846.0,5701846.0,0.0
1785119400,5701846.0,5701846.0,5701846.0,5701846.0,0.0
1785120300,5701846.0,5701846.0,5701846.0,5701846.0,0.0
1785121200,5701846.0,5701846.0,5701846.0,5701846.0,0.0
1785122100,5918899.0,5918899.0,5701356.0,5701356.0,0.00518176
1785123000,5701356.0,5701356.0,5701356.0,5701356.0,0.0
1785123900,5701356.0,5701356.0,5701356.0,5701356.0,0.0
1785124800,5918891.0,6000000.0,5918891.0,6000000.0,0.22703925
1785125700,5720528.0,5999996.0,5720528.0,5999996.0,0.01028421
1785126600,5999996.0,5999996.0,5999996.0,5999996.0,0.0
1785127500,5999995.0,5999999.0,5999995.0,5999999.0,0.008127
1785128400,5999999.0,6000000.0,5999999.0,6000000.0,0.01648266
1785129300,6000000.0,6000000.0,6000000.0,6000000.0,0.00329633
1785130200,6000000.0,6000000.0,6000000.0,6000000.0,0.0
1785131100,5999996.0,5999996.0,5720517.0,5720517.0,0.02647068
1785132000,6000000.0,6000000.0,5720512.0,5720512.0,0.00466746
1785132900,5999994.0,5999994.0,5720518.0,5720518.0,0.00594805
1785133800,5720518.0,5720518.0,5720518.0,5720518.0,0.0
1785134700,5999994.0,5999994.0,5720520.0,5720520.0,0.00689555
1785135600,5720520.0,5720520.0,5720520.0,5720520.0,0.0
1785136500,5720520.0,5720520.0,5720520.0,5720520.0,0.0
1785137400,5720520.0,5720520.0,5720520.0,5720520.0,0.0
1785138300,5720526.0,5720526.0,5720526.0,5720526.0,0.00183309
1785139200,5999988.0,5999988.0,5999988.0,5999988.0,0.0022835
1785140100,5999988.0,5999988.0,5999988.0,5999988.0,0.0
1785141000,5999988.0,5999988.0,5999988.0,5999988.0,0.0
1785141900,5720536.0,5720536.0,5720535.0,5720535.0,0.05223758
1785142800,5720550.0,5720550.0,5720550.0,5720550.0,0.0026912
1785143700,5999986.0,5999986.0,5720535.0,5720535.0,0.01609547
1785144600,5720535.0,5720535.0,5720535.0,5720535.0,0.0
1785145500,5720535.0,5720535.0,5720535.0,5720535.0,0.0
1785146400,5999920.0,5999920.0,5720532.0,5720532.0,0.00363038
1785147300,5999884.0,5999886.0,5720540.0,5720540.0,0.03853732
1785148200,5720540.0,5720540.0,5720540.0,5720540.0,0.0
1785149100,5730568.0,5730568.0,5730568.0,5730568.0,0.00758337
1785150000,5730572.0,5730572.0,5730572.0,5730572.0,0.00321156
1785150900,5999988.0,5999991.0,5730570.0,5730570.0,0.04507594
1785151800,5730572.0,5730572.0,5730572.0,5730572.0,0.00599588
1785152700,5999988.0,6000000.0,5999988.0,6000000.0,0.18068768
1785153600,6000000.0,6000000.0,6000000.0,6000000.0,0.0
1785154500,5999996.0,5999996.0,5999996.0,5999996.0,0.008586
1785155400,5730574.0,5730574.0,5730574.0,5730574.0,0.00832817
1785156300,5730574.0,5730574.0,5730574.0,5730574.0,0.0
1785157200,5730574.0,5730574.0,5730574.0,5730574.0,0.00228319
1785158100,5730574.0,5730574.0,5730574.0,5730574.0,0.0
1785159000,5999994.0,5999994.0,5999994.0,5999994.0,0.00776717
1785159900,5999994.0,5999994.0,5999994.0,5999994.0,0.0
1785160800,5735066.0,5735066.0,5735066.0,5735066.0,0.00329633
1785161700,5999992.0,5999994.0,5999992.0,5999994.0,0.02577502
1785162600,5999994.0,5999994.0,5999994.0,5999994.0,0.0
1785163500,5999994.0,5999994.0,5999994.0,5999994.0,0.0
1785164400,5999990.0,6082000.0,5999990.0,6082000.0,0.68212566
1785165300,5750059.0,5750059.0,5750059.0,5750059.0,0.00389317
1785166200,5750059.0,5750059.0,5750059.0,5750059.0,0.0
1785167100,6097492.0,6097493.0,5750088.0,5750088.0,0.04045071
1785168000,5750088.0,5750088.0,5750088.0,5750088.0,0.0
1785168900,5750050.0,5750050.0,5750048.0,5750048.0,0.00427042
1785169800,6097461.0,6105945.0,6097461.0,6105945.0,0.24473204
1785170700,5750048.0,5750048.0,5750048.0,5750048.0,0.00417368
1785171600,5750048.0,5750048.0,5750048.0,5750048.0,0.0
1785172500,5750048.0,5750048.0,5750048.0,5750048.0,0.0
1785173400,6189715.0,6189715.0,6189715.0,6189715.0,0.00225002
1785174300,6189715.0,6189715.0,6189715.0,6189715.0,0.0
1785175200,6189715.0,6189715.0,6189715.0,6189715.0,0.0
1785176100,6189715.0,6189715.0,6189715.0,6189715.0,0.0
1785177000,5750073.0,5750073.0,5750073.0,5750073.0,0.03892499
1785177900,5750073.0,5750073.0,5750073.0,5750073.0,0.0
1785178800,5750073.0,5750073.0,5750073.0,5750073.0,0.0
1785179700,6179830.0,6179830.0,6179830.0,6179830.0,0.00389476
1785180600,6179830.0,6179830.0,6179830.0,6179830.0,0.0
1785181500,6179830.0,6179830.0,6179830.0,6179830.0,0.0
1785182400,6179830.0,6179830.0,6179830.0,6179830.0,0.0
1785183300,6179830.0,6179830.0,6179830.0,6179830.0,0.0
1785184200,5750120.0,5750124.0,5750120.0,5750123.0,0.00357308
1785185100,6179209.0,6179209.0,6179209.0,6179209.0,0.00458602
1785186000,6178988.0,6178988.0,6178988.0,6178988.0,0.00412268
1785186900,6178988.0,6178988.0,6178988.0,6178988.0,0.0
1785187800,6178988.0,6178988.0,6178988.0,6178988.0,0.0
1785188700,6178988.0,6178988.0,6178988.0,6178988.0,0.0
1785189600,6178988.0,6178988.0,6178988.0,6178988.0,0.0
1785190500,5735002.0,5735002.0,5735002.0,5735002.0,0.00225002
1785191400,5735002.0,5735002.0,5735002.0,5735002.0,0.0
1785192300,5735002.0,5735002.0,5735002.0,5735002.0,0.0
1785193200,5735002.0,5735002.0,5730583.0,5730583.0,0.00412268
1785194100,5730583.0,5730583.0,5730583.0,5730583.0,0.0
1785195000,5730583.0,5730583.0,5730583.0,5730583.0,0.0
1785195900,5730595.0,5730595.0,5730595.0,5730595.0,0.00548039
1785196800,5730595.0,5730595.0,5730595.0,5730595.0,0.0
1785197700,5730595.0,5730595.0,5730595.0,5730595.0,0.0
1785198600,5730595.0,5730595.0,5730595.0,5730595.0,0.0
1785199500,5730595.0,5730595.0,5730595.0,5730595.0,0.0
1785200400,5730595.0,5730595.0,5730595.0,5730595.0,0.0
1785201300,5730595.0,5730595.0,5730595.0,5730595.0,0.0
1785202200,5730595.0,5730595.0,5730595.0,5730595.0,0.0
1785203100,6177104.0,6177109.0,6177104.0,6177109.0,0.12007349
1785204000,6177109.0,6177109.0,6177109.0,6177109.0,0.0
1785204900,6177109.0,6177109.0,6177109.0,6177109.0,0.0
1785205800,6177109.0,6177109.0,6177109.0,6177109.0,0.0
1785206700,5730600.0,5730600.0,5730600.0,5730600.0,0.0024582
1785207600,6099994.0,6176670.0,6099994.0,6176670.0,0.0284822
1785208500,6176670.0,6176670.0,6176670.0,6176670.0,0.0
1785209400,5730643.0,5730643.0,5730643.0,5730643.0,0.01668198
1785210300,5730643.0,5730643.0,5730643.0,5730643.0,0.0
1785211200,5730643.0,5730643.0,5730643.0,5730643.0,0.0
1785212100,5730643.0,5730643.0,5730643.0,5730643.0,0.0
1785213000,6176091.0,6176091.0,6176065.0,6176065.0,0.01142036
1785213900,5730742.0,5730742.0,5730742.0,5730742.0,0.00738917
1785214800,5730742.0,5730742.0,5730742.0,5730742.0,0.0
1785215700,5730742.0,5730742.0,5730742.0,5730742.0,0.0
1785216600,5730742.0,5730742.0,5730742.0,5730742.0,0.0
1785217500,6175506.0,6175507.0,6175506.0,6175507.0,0.01599625
1785218400,6175507.0,6175507.0,6175507.0,6175507.0,0.0
1785219300,6175507.0,6175507.0,6175507.0,6175507.0,0.0
1785220200,6175307.0,6175307.0,5732506.0,5732506.0,0.02738773
1785221100,6175227.0,6175227.0,6175178.0,6175178.0,0.0210468
1785222000,6175112.0,6175114.0,6175112.0,6175114.0,0.00276982
1785222900,6175114.0,6175114.0,6175114.0,6175114.0,0.0
1785223800,5730784.0,5730784.0,5730784.0,5730784.0,0.01685376
1785224700,5730784.0,5730784.0,5730784.0,5730784.0,0.0
1785225600,6174825.0,6174826.0,5730784.0,5730784.0,0.05591451
1785226500,5730784.0,5730784.0,5730784.0,5730784.0,0.0
1785227400,5730784.0,5730784.0,5730784.0,5730784.0,0.0
1785228300,5731168.0,5731168.0,5731168.0,5731168.0,0.00245063
1785229200,5731168.0,5731168.0,5731168.0,5731168.0,0.0
1785230100,6174443.0,6174443.0,6174443.0,6174443.0,0.00198301
1785231000,6174443.0,6174443.0,6174443.0,6174443.0,0.0
1785231900,5731674.0,5731674.0,5731552.0,5731552.0,0.01548173
1785232800,5731552.0,5731552.0,5731552.0,5731552.0,0.0
1785233700,6174060.0,6174060.0,6174060.0,6174060.0,0.00161303
1785234600,6174060.0,6174060.0,6174060.0,6174060.0,0.0
1785235500,6173968.0,6173968.0,6173968.0,6173968.0,0.00238695
1785236400,6173968.0,6173968.0,6173968.0,6173968.0,0.0
1785237300,6173968.0,6173968.0,6173968.0,6173968.0,0.0
1785238200,6173968.0,6173968.0,6173968.0,6173968.0,0.0
1785239100,6173642.0,6173643.0,6173642.0,6173643.0,0.02724226
1785240000,6173498.0,6173498.0,6173498.0,6173498.0,0.00480602
1785240900,6173498.0,6173498.0,6173498.0,6173498.0,0.0
1785241800,6173498.0,6173498.0,6173498.0,6173498.0,0.0
1785242700,6173285.0,6173285.0,5732245.0,5732245.0,0.01156325
1785243600,5732245.0,5732245.0,5732245.0,5732245.0,0.0
1785244500,6173083.0,6173084.0,6173055.0,6173055.0,0.03841389
1785245400,6173055.0,6173055.0,6173055.0,6173055.0,0.0
1785246300,5732390.0,5732390.0,5732390.0,5732390.0,0.008586
1785247200,5732390.0,5732390.0,5732390.0,5732390.0,0.0
1785248100,5732390.0,5732390.0,5732390.0,5732390.0,0.0
1785249000,5732508.0,5732508.0,5732508.0,5732508.0,0.00901044
1785249900,6173108.0,6173108.0,6173092.0,6173092.0,0.01886311
1785250800,6173046.0,6173046.0,6173046.0,6173046.0,0.00232413
1785251700,6173046.0,6173046.0,6173046.0,6173046.0,0.0
1785252600,6173046.0,6173046.0,6173046.0,6173046.0,0.0
1785253500,6172824.0,6172824.0,6172824.0,6172824.0,0.00509394
1785254400,6172824.0,6172824.0,6172824.0,6172824.0,0.0
1785255300,6172824.0,6172824.0,6172824.0,6172824.0,0.0
1785256200,6172824.0,6172824.0,6172824.0,6172824.0,0.0
1785257100,6172824.0,6172824.0,6172824.0,6172824.0,0.0
1785258000,6171914.0,6171914.0,6171914.0,6171914.0,0.00161359
1785258900,6171852.0,6171854.0,6171852.0,6171854.0,0.00790702
1785259800,5733070.0,5733070.0,5733070.0,5733070.0,0.00232413
1785260700,5733070.0,5733070.0,5733070.0,5733070.0,0.0
1785261600,5733425.0,5733425.0,5733425.0,5733425.0,0.00273785
1785262500,5733425.0,5733425.0,5733425.0,5733425.0,0.0
1785263400,5733425.0,5733425.0,5733425.0,5733425.0,0.0
1785264300,6171304.0,6171304.0,5733474.0,5733474.0,0.00547273
1785265200,5733474.0,5733474.0,5733474.0,5733474.0,0.0
1785266100,5733474.0,5733474.0,5733474.0,5733474.0,0.0
1785267000,5733474.0,5733474.0,5733474.0,5733474.0,0.0
1785267900,6171122.0,6171122.0,6171122.0,6171122.0,0.0016138
1785268800,6171994.0,6171996.0,6171994.0,6171996.0,0.01613578
1785269700,6171996.0,6171996.0,6171996.0,6171996.0,0.0
1785270600,6171996.0,6171996.0,6171996.0,6171996.0,0.0
1785271500,6171996.0,6171996.0,6171996.0,6171996.0,0.0
1785272400,6171996.0,6171996.0,6171996.0,6171996.0,0.0
1785273300,6171996.0,6171996.0,6171996.0,6171996.0,0.0
1785274200,6171921.0,6171921.0,6171921.0,6171921.0,0.00170465
1785275100,6171921.0,6171921.0,6171921.0,6171921.0,0.0
1785276000,6171921.0,6171921.0,6171921.0,6171921.0,0.0
1785276900,6171921.0,6171921.0,6171921.0,6171921.0,0.0
1785277800,6171921.0,6171921.0,6171921.0,6171921.0,0.0
1785278700,6171634.0,6171634.0,6171634.0,6171634.0,0.00381195
1785279600,6171525.0,6172000.0,6171525.0,6172000.0,1.12690862
1785280500,6172000.0,6172000.0,6172000.0,6172000.0,0.0
1785281400,6172000.0,6172000.0,6172000.0,6172000.0,0.0
1785282300,6172000.0,6172000.0,6172000.0,6172000.0,0.0
1785283200,6172000.0,6172000.0,6172000.0,6172000.0,0.0
1785284100,6172000.0,6172000.0,6172000.0,6172000.0,0.0
1785285000,6172000.0,6172000.0,6172000.0,6172000.0,0.0
1785285900,6172000.0,6172000.0,6172000.0,6172000.0,0.0
1785286800,5745780.0,5745780.0,5745780.0,5745780.0,0.0034841
1785287700,6171994.0,6171994.0,6171994.0,6171994.0,0.00161357
1785288600,6171994.0,6171994.0,6171994.0,6171994.0,0.0
1785289500,5745865.0,5745865.0,5745865.0,5745865.0,0.00180911
1785290400,5745865.0,5745865.0,5745865.0,5745865.0,0.0
1785291300,5745868.0,6173092.0,5730599.0,6173092.0,1.42226205
1785292200,6173092.0,6173092.0,6173092.0,6173092.0,0.0
1785293100,5730835.0,6173088.0,5730835.0,6173088.0,0.0365605
1785294000,6173088.0,6173088.0,6173088.0,6173088.0,0.0
1785294900,6173088.0,6173088.0,6173088.0,6173088.0,0.0
1785295800,6173088.0,6173088.0,6173088.0,6173088.0,0.0
1785296700,6173088.0,6173088.0,6173088.0,6173088.0,0.0
1785297600,6149999.0,6149999.0,6149999.0,6149999.0,0.00161934
1785298500,6149999.0,6149999.0,5846108.0,5846108.0,0.0702787
1785299400,6149996.0,6150000.0,6149996.0,6150000.0,0.5279231
1785300300,6150000.0,6150000.0,6150000.0,6150000.0,0.0
1785301200,6150000.0,6150000.0,6150000.0,6150000.0,0.0
1785302100,6150000.0,6150000.0,6150000.0,6150000.0,0.0
1785303000,6150084.0,6150084.0,6150084.0,6150084.0,0.0030767
1785303900,5735207.0,5735207.0,5735207.0,5735207.0,0.00383268
1785304800,5735207.0,5735207.0,5735207.0,5735207.0,0.0
1785305700,5741062.0,5741062.0,5741018.0,5741018.0,0.04508969
1785306600,6150065.0,6282823.0,6150065.0,6282823.0,0.80493303
1785307500,6333239.0,6333239.0,6333239.0,6333239.0,0.01538217
1785308400,6333239.0,6333239.0,6333239.0,6333239.0,0.0
1785309300,5741527.0,6333114.0,5741527.0,6333114.0,0.00332517
1785310200,5741615.0,5741615.0,5741615.0,5741615.0,0.00636642
1785311100,5741615.0,5741615.0,5741615.0,5741615.0,0.0
1785312000,5741615.0,5741615.0,5741615.0,5741615.0,0.0
1785312900,5741615.0,5741615.0,5741615.0,5741615.0,0.0
1785313800,6332849.0,6332849.0,6332826.0,6332826.0,0.00923107
1785314700,6332826.0,6332826.0,6332826.0,6332826.0,0.0
1785315600,6332713.0,6332713.0,6332667.0,6332667.0,0.00912123
1785316500,6332667.0,6332667.0,6332667.0,6332667.0,0.0
1785317400,5755151.0,5755151.0,5755151.0,5755151.0,0.00437104
1785318300,6332454.0,6332454.0,5755270.0,5755270.0,0.01168453
1785319200,6332344.0,6332345.0,6332344.0,6332345.0,0.01415447
1785320100,5755441.0,5755441.0,5755441.0,5755441.0,0.0139866
1785321000,5755441.0,5755441.0,5755441.0,5755441.0,0.0
1785321900,5755441.0,5755441.0,5755441.0,5755441.0,0.0
1785322800,5755441.0,5755441.0,5755441.0,5755441.0,0.0
1785323700,5755441.0,5755441.0,5755441.0,5755441.0,0.0
1785324600,5755441.0,5755441.0,5755441.0,5755441.0,0.0
1785325500,6331982.0,6331982.0,6331979.0,6331979.0,0.02164093
1785326400,5776936.0,6331933.0,5776936.0,6331933.0,0.01985185
1785327300,5776984.0,5777019.0,5776984.0,5777019.0,0.01603735
1785328200,5777019.0,5777019.0,5777019.0,5777019.0,0.0
1785329100,6331696.0,6331696.0,5778179.0,5778179.0,0.00641517
1785330000,6331612.0,6331612.0,6331612.0,6331612.0,0.00312369
1785330900,6331576.0,6331576.0,6331576.0,6331576.0,0.00297066
1785331800,6331576.0,6331576.0,6331576.0,6331576.0,0.0
1785332700,6331576.0,6331576.0,6331576.0,6331576.0,0.0
1785333600,6331576.0,6331576.0,6331576.0,6331576.0,0.0
1785334500,6331352.0,6331352.0,6331352.0,6331352.0,0.002218
1785335400,5778901.0,6331259.0,5778901.0,6331259.0,0.00379098
1785336300,6331259.0,6331259.0,6331259.0,6331259.0,0.0
1785337200,6331259.0,6331259.0,6331259.0,6331259.0,0.0
1785338100,6331259.0,6331259.0,6331259.0,6331259.0,0.0
1785339000,6331027.0,6331027.0,6331027.0,6331027.0,0.00157304
1785339900,5801086.0,5801086.0,5801086.0,5801086.0,0.00870203
1785340800,5801086.0,5801086.0,5801086.0,5801086.0,0.0
1785341700,5801086.0,5801086.0,5801086.0,5801086.0,0.0
1785342600,5801086.0,5801086.0,5801086.0,5801086.0,0.0
1785343500,5801086.0,5801086.0,5801086.0,5801086.0,0.0
1785344400,6329958.0,6329958.0,5801005.0,5801005.0,0.00709555
1785345300,5801005.0,5801005.0,5801005.0,5801005.0,0.00860202
1785346200,5801005.0,5801005.0,5801005.0,5801005.0,0.0
1785347100,5801005.0,5801005.0,5801005.0,5801005.0,0.0
1785348000,6329717.0,6329717.0,6329717.0,6329717.0,0.01508076
1785348900,5801014.0,6329684.0,5801014.0,6329656.0,0.02397362
1785349800,6329541.0,6329541.0,6329541.0,6329541.0,0.00459906
1785350700,6329516.0,6329516.0,6329516.0,6329516.0,0.00494445
1785351600,5801049.0,6329450.0,5801049.0,5801066.0,0.02901542
1785352500,5801076.0,6329359.0,5801076.0,5801093.0,0.02886874
1785353400,6329291.0,6329291.0,5801116.0,5801116.0,0.02194134
1785354300,5801116.0,5801116.0,5801116.0,5801116.0,0.0
1785355200,6329166.0,6329166.0,5801115.0,5801115.0,0.0205153
1785356100,6329116.0,6329116.0,5801115.0,6329096.0,0.08523102
1785357000,6329096.0,6329096.0,6329096.0,6329096.0,0.0
1785357900,5801115.0,6328920.0,5801115.0,6328920.0,0.00679866
1785358800,6328920.0,6328920.0,6328920.0,6328920.0,0.0
1785359700,6328920.0,6328920.0,6328920.0,6328920.0,0.0
1785360600,6328920.0,6328920.0,6328920.0,6328920.0,0.0
1785361500,6328920.0,6328920.0,6328920.0,6328920.0,0.0
1785362400,6328920.0,6328920.0,6328920.0,6328920.0,0.0
1785363300,6328920.0,6328920.0,6328920.0,6328920.0,0.0
1785364200,6328920.0,6328920.0,6328920.0,6328920.0,0.0
1785365100,6328169.0,6328169.0,5801231.0,5801231.0,0.00935372
1785366000,5801231.0,5801231.0,5801231.0,5801231.0,0.0
1785366900,5801231.0,5801231.0,5801231.0,5801231.0,0.0
1785367800,5801231.0,5801231.0,5801231.0,5801231.0,0.0
1785368700,5801231.0,5801231.0,5801231.0,5801231.0,0.0
1785369600,5801231.0,5801231.0,5801231.0,5801231.0,0.0
1785370500,5801231.0,5801231.0,5801231.0,5801231.0,0.0
1785371400,5826050.0,6327490.0,5826050.0,5826054.0,0.00795899
1785372300,6327486.0,6327486.0,5826054.0,5826054.0,0.01993626
1785373200,6327397.0,6327398.0,6327397.0,6327398.0,0.01484085
1785374100,5828108.0,5828108.0,5828108.0,5828108.0,0.01484085
1785375000,5828108.0,5828108.0,5828108.0,5828108.0,0.0
1785375900,5828108.0,5828108.0,5828108.0,5828108.0,0.0
1785376800,5828108.0,5828108.0,5828108.0,5828108.0,0.0
1785377700,6326906.0,6326907.0,6326906.0,6326907.0,0.15740787
1785378600,6326808.0,6326808.0,6326808.0,6326808.0,0.00157409
1785379500,5850020.0,6326743.0,5850020.0,6326743.0,0.03103646
1785380400,6326652.0,6326652.0,6326641.0,6326641.0,0.00581619
1785381300,6326641.0,6326641.0,6326641.0,6326641.0,0.0
1785382200,5850060.0,5850060.0,5850060.0,5850060.0,0.0018863
1785383100,5850060.0,5850060.0,5850060.0,5850060.0,0.0
1785384000,5850060.0,5850060.0,5850060.0,5850060.0,0.0
1785384900,5870147.0,5870147.0,5870147.0,5870147.0,0.29535343
1785385800,5870147.0,5870147.0,5870147.0,5870147.0,0.0
1785386700,5870147.0,5870147.0,5870147.0,5870147.0,0.0
1785387600,5870147.0,5870147.0,5870147.0,5870147.0,0.0
1785388500,5870191.0,6325671.0,5870191.0,6325641.0,0.05029257
1785389400,5870222.0,5870222.0,5870222.0,5870222.0,0.04804212
1785390300,6325538.0,6325538.0,5870227.0,5870227.0,0.01970508
1785391200,6325409.0,6325409.0,6325409.0,6325409.0,0.01574443
1785392100,6325409.0,6325409.0,6325409.0,6325409.0,0.0
1785393000,6325209.0,6325209.0,6325209.0,6325209.0,0.00194017
1785393900,6324994.0,6324994.0,6324994.0,6324994.0,0.00157454
1785394800,6324935.0,6324935.0,6324935.0,6324935.0,0.00734885
1785395700,5880441.0,5880441.0,5880432.0,5880432.0,0.01538217
1785396600,5880450.0,5880450.0,5880432.0,5880437.0,0.11924831
1785397500,6223757.0,6223758.0,6223757.0,6223758.0,0.01683581
1785398400,6223702.0,6223705.0,6223702.0,6223705.0,0.04205662
1785399300,6223705.0,6223705.0,6223705.0,6223705.0,0.0
1785400200,6223452.0,6223452.0,6223452.0,6223452.0,0.00601426
1785401100,6223452.0,6223452.0,6223452.0,6223452.0,0.0
1785402000,6223259.0,6223259.0,6223259.0,6223259.0,0.05679998
1785402900,6223259.0,6223259.0,6223259.0,6223259.0,0.0
1785403800,5890169.0,5890169.0,5890169.0,5890169.0,0.00177949
1785404700,5890169.0,5890169.0,5890169.0,5890169.0,0.0
1785405600,6223007.0,6223007.0,5890231.0,6222976.0,0.0643234
1785406500,6222976.0,6222976.0,6222976.0,6222976.0,0.0
1785407400,6222976.0,6222976.0,6222976.0,6222976.0,0.0
1785408300,6222976.0,6222976.0,6222976.0,6222976.0,0.0
1785409200,5890314.0,5890314.0,5890314.0,5890314.0,0.00509394
1785410100,5890337.0,6222564.0,5890337.0,5890345.0,0.02295413
1785411000,5890345.0,5890345.0,5890345.0,5890345.0,0.0
1785411900,5890345.0,5890345.0,5890345.0,5890345.0,0.0
1785412800,5890345.0,5890345.0,5890345.0,5890345.0,0.0
1785413700,5890388.0,5890388.0,5890388.0,5890388.0,0.02521766
1785414600,5890388.0,5890388.0,5890388.0,5890388.0,0.0
1785415500,5890388.0,5890388.0,5890388.0,5890388.0,0.0
1785416400,6222022.0,6222022.0,6222022.0,6222022.0,0.00192059
1785417300,6222022.0,6222022.0,6222022.0,6222022.0,0.0
1785418200,5890409.0,5890409.0,5890409.0,5890409.0,0.01430026
1785419100,5890409.0,5890409.0,5890409.0,5890409.0,0.0
1785420000,5890409.0,5890409.0,5890409.0,5890409.0,0.0
1785420900,5890409.0,5890409.0,5890409.0,5890409.0,0.0
1785421800,5890453.0,5890453.0,5890453.0,5890453.0,0.00494445
1785422700,6221343.0,6221343.0,5890463.0,5890463.0,0.01740627
1785423600,5890463.0,5890463.0,5890463.0,5890463.0,0.0
1785424500,6221153.0,6221153.0,6221153.0,6221153.0,0.00480248
1785425400,6221153.0,6221153.0,6221153.0,6221153.0,0.0
1785426300,6221014.0,6221014.0,6221014.0,6221014.0,0.05993331
1785427200,6220946.0,6220946.0,6220946.0,6220946.0,0.0028105
1785428100,6220815.0,6220815.0,6220815.0,6220815.0,0.02714145
1785429000,6220815.0,6220815.0,6220815.0,6220815.0,0.0
1785429900,6220554.0,6220554.0,6220503.0,6220503.0,0.00912412
1785430800,5926006.0,5926006.0,5926006.0,5926006.0,0.00196044
1785431700,5926006.0,5926006.0,5926006.0,5926006.0,0.0
1785432600,5926006.0,5926006.0,5926006.0,5926006.0,0.0
1785433500,5926006.0,5926006.0,5926006.0,5926006.0,0.0
1785434400,6219983.0,6219984.0,6219983.0,6219984.0,0.01609795
1785435300,6219984.0,6219984.0,6219984.0,6219984.0,0.0
1785436200,5926567.0,5926567.0,5926567.0,5926567.0,0.00192043
1785437100,5926621.0,5926621.0,5926621.0,5926621.0,0.00847211
1785438000,6219556.0,6219556.0,6219556.0,6219556.0,0.00311549
1785438900,6219556.0,6219556.0,6219556.0,6219556.0,0.0
1785439800,6219556.0,6219556.0,6219556.0,6219556.0,0.0
1785440700,6219556.0,6219556.0,6219556.0,6219556.0,0.0
1785441600,6219556.0,6219556.0,6219556.0,6219556.0,0.0
1785442500,6219078.0,6219078.0,5927103.0,5927103.0,0.00481629
1785443400,5927098.0,5927098.0,5777007.0,5777007.0,1.3455116
1785444300,5777007.0,5777007.0,5777007.0,5777007.0,0.0
1785445200,5777007.0,5777007.0,5777007.0,5777007.0,0.04790182
1785446100,5777007.0,5925774.0,5706182.0,5706182.0,1.11049732
1785447000,5706182.0,5730540.0,5706182.0,5730540.0,0.42393658
1785447900,5730540.0,5730540.0,5730540.0,5730540.0,0.0
1785448800,5730540.0,5730540.0,5730540.0,5730540.0,0.0
1785449700,5730540.0,5730540.0,5730540.0,5730540.0,0.0
1785450600,5730301.0,5730301.0,5730301.0,5730301.0,0.00174826
1785451500,5730301.0,5730301.0,5730300.0,5730300.0,0.03423448
1785452400,5706182.0,5706182.0,5706182.0,5706182.0,0.36752954
1785453300,5706182.0,5730163.0,5706182.0,5730163.0,0.50614668
1785454200,5706182.0,5770294.0,5700000.0,5770294.0,1.83155353
1785455100,5770232.0,5770232.0,5770232.0,5770232.0,0.00383156
1785456000,5770232.0,5770232.0,5770232.0,5770232.0,0.0
1785456900,5770232.0,5770232.0,5770232.0,5770232.0,0.0
1785457800,5680083.0,5770000.0,5680083.0,5769995.0,0.10377504
1785458700,5769995.0,5769995.0,5769995.0,5769995.0,0.0
1785459600,5769904.0,5769904.0,5769904.0,5769904.0,0.0357616
1785460500,5769904.0,5769904.0,5769904.0,5769904.0,0.0
1785461400,5769805.0,5769805.0,5769805.0,5769805.0,0.00287462
1785462300,5769805.0,5769805.0,5769805.0,5769805.0,0.0
1785463200,5606922.0,5769962.0,5606922.0,5769933.0,0.01803823
1785464100,5606937.0,5606937.0,5606937.0,5606937.0,0.00636482
1785465000,5606946.0,5606946.0,5606946.0,5606946.0,0.00195848
1785465900,5606946.0,5606946.0,5606946.0,5606946.0,0.0
1785466800,5606946.0,5606946.0,5606946.0,5606946.0,0.0
1785467700,5769806.0,5769806.0,5769782.0,5769782.0,0.04806485
1785468600,5769782.0,5769782.0,5769782.0,5769782.0,0.0
1785469500,5769782.0,5769782.0,5769782.0,5769782.0,0.0
1785470400,5769782.0,5769782.0,5769782.0,5769782.0,0.0
1785471300,5769782.0,5769782.0,5769782.0,5769782.0,0.0
1785472200,5769939.0,5769939.0,5769939.0,5769939.0,0.00845745
1785473100,5769909.0,5769909.0,5607016.0,5769888.0,0.0133775
1785474000,5607021.0,5607021.0,5607021.0,5607021.0,0.02355452
1785474900,5769778.0,5769778.0,5769778.0,5769778.0,0.00196749
1785475800,5769936.0,5769936.0,5769936.0,5769936.0,0.00226605
1785476700,5769936.0,5769936.0,5769936.0,5769936.0,0.0
1785477600,5607047.0,5607047.0,5607047.0,5607047.0,0.01276359
1785478500,5607047.0,5607047.0,5607036.0,5607040.0,0.17719772
1785479400,5607040.0,5607040.0,5607040.0,5607040.0,0.0
1785480300,5769818.0,5769818.0,5769818.0,5769818.0,0.0088261
1785481200,5769790.0,5769792.0,5769790.0,5769792.0,0.34296973
1785482100,5769792.0,5769792.0,5769792.0,5769792.0,0.0
1785483000,5769792.0,5769792.0,5769792.0,5769792.0,0.0
1785483900,5769657.0,5769657.0,5769657.0,5769657.0,0.00316847
1785484800,5769657.0,5769657.0,5769657.0,5769657.0,0.0
1785485700,5607040.0,5607040.0,5607040.0,5607040.0,0.00445179
1785486600,5607040.0,5607040.0,5607040.0,5607040.0,0.0
1785487500,5607040.0,5607040.0,5607040.0,5607040.0,0.0
1785488400,5769822.0,5769822.0,5769822.0,5769822.0,0.02697188
1785489300,5607060.0,5607060.0,5607060.0,5607060.0,0.00383156
1785490200,5607060.0,5607060.0,5607060.0,5607060.0,0.0
1785491100,5607060.0,5607060.0,5607060.0,5607060.0,0.0
1785492000,5607060.0,5607060.0,5607060.0,5607060.0,0.0
1785492900,5607060.0,5607060.0,5607060.0,5607060.0,0.0
1785493800,5607060.0,5607060.0,5607060.0,5607060.0,0.0
1785494700,5607040.0,5607040.0,5600000.0,5600000.0,0.18825404
1785495600,5769864.0,5769939.0,5769864.0,5769939.0,0.00915822
1785496500,5600000.0,5600000.0,5600000.0,5600000.0,0.01027244
1785497400,5769939.0,5770412.0,5769939.0,5770412.0,0.01698346
1785498300,5770412.0,5770412.0,5770412.0,5770412.0,0.0
1785499200,5770412.0,5770412.0,5770412.0,5770412.0,0.0
1785500100,5816430.0,5816430.0,5816430.0,5816430.0,0.00216404
1785501000,5816430.0,5816430.0,5816430.0,5816430.0,0.0
1785501900,5816430.0,5816430.0,5816430.0,5816430.0,0.0
1785502800,5816430.0,5816430.0,5816430.0,5816430.0,0.0
1785503700,5816430.0,5816430.0,5816430.0,5816430.0,0.0
1785504600,5816430.0,5816430.0,5816430.0,5816430.0,0.0
1785505500,5816430.0,5816430.0,5816430.0,5816430.0,0.0
1785506400,5816428.0,5979302.0,5816428.0,5979302.0,0.03448653
1785507300,5979302.0,5999902.0,5979302.0,5999902.0,0.01331855
1785508200,5999902.0,5999902.0,5999902.0,5999902.0,0.0
1785509100,5999903.0,5999995.0,5999903.0,5999995.0,0.09039117
1785510000,5999995.0,5999995.0,5999995.0,5999995.0,0.0
1785510900,5500073.0,5999890.0,5500073.0,5999890.0,0.0090662
1785511800,6000000.0,6000000.0,5999973.0,5999973.0,0.0149385
1785512700,5999973.0,5999973.0,5999973.0,5999973.0,0.0
1785513600,5500027.0,5999970.0,5500027.0,5999970.0,0.01102488
1785514500,5999919.0,5999987.0,5405962.0,5999987.0,0.31268506
1785515400,5406001.0,5999953.0,5405962.0,5405962.0,0.02722678
1785516300,5405962.0,5405962.0,5405962.0,5405962.0,0.0
1785517200,5999801.0,5999801.0,5999801.0,5999801.0,0.01659888
1785518100,5999801.0,5999801.0,5999801.0,5999801.0,0.0
1785519000,5405985.0,5405985.0,5405985.0,5405985.0,0.00788158
1785519900,5405985.0,5405985.0,5405985.0,5405985.0,0.0
1785520800,5405985.0,5405985.0,5405985.0,5405985.0,0.0
1785521700,5405993.0,5405993.0,5405993.0,5405993.0,0.14351178
1785522600,5405993.0,5405993.0,5405993.0,5405993.0,0.0
1785523500,5405993.0,5405993.0,5405993.0,5405993.0,0.0
1785524400,5461094.0,5461094.0,5461094.0,5461094.0,0.00220267
1785525300,5461094.0,5461094.0,5461094.0,5461094.0,0.0
1785526200,5461094.0,5461094.0,5461094.0,5461094.0,0.0
1785527100,5461094.0,5461094.0,5461094.0,5461094.0,0.10543116
1785528000,5461094.0,5461094.0,5461094.0,5461094.0,0.0
1785528900,5461094.0,5461094.0,5461094.0,5461094.0,0.0
1785529800,5597721.0,5597721.0,5597721.0,5597721.0,0.03528668
1785530700,5597721.0,5597721.0,5597721.0,5597721.0,0.0
1785531600,5597721.0,5597721.0,5597721.0,5597721.0,0.0
1785532500,5597721.0,5597721.0,5597721.0,5597721.0,0.0
1785533400,5597721.0,5597721.0,5597721.0,5597721.0,0.0
1785534300,5597298.0,5597299.0,5597267.0,5597299.0,0.35181623
1785535200,5597299.0,5597299.0,5597299.0,5597299.0,0.0
1785536100,5597299.0,5597299.0,5597299.0,5597299.0,0.0
1785537000,5597299.0,5597299.0,5597299.0,5597299.0,0.0
1785537900,5597299.0,5597299.0,5597299.0,5597299.0,0.0
1785538800,5597299.0,5597299.0,5597299.0,5597299.0,0.0
1785539700,5597299.0,5597299.0,5597299.0,5597299.0,0.0
1785540600,5597299.0,5597299.0,5597299.0,5597299.0,0.0
1785541500,5596959.0,5596959.0,5596959.0,5596959.0,0.00735917
1785542400,5596959.0,5596959.0,5596959.0,5596959.0,0.0
1785543300,5596959.0,5596959.0,5596959.0,5596959.0,0.0
1785544200,5461065.0,5461065.0,5461065.0,5461065.0,0.01698346
1785545100,5461065.0,5461065.0,5461065.0,5461065.0,0.0
1785546000,5461090.0,5461090.0,5461090.0,5461090.0,0.00590959
1785546900,5461090.0,5461090.0,5461090.0,5461090.0,0.0
1785547800,5461090.0,5461090.0,5461090.0,5461090.0,0.0
1785548700,5597175.0,5699349.0,5597175.0,5699349.0,0.17596022
1785549600,5699349.0,5699349.0,5699349.0,5699349.0,0.0
1785550500,5461256.0,5461256.0,5461256.0,5461256.0,0.01915863
1785551400,5699460.0,5699524.0,5699460.0,5699524.0,0.02655494
1785552300,5699500.0,5699500.0,5699500.0,5699500.0,0.00759101
1785553200,5699500.0,5699500.0,5699500.0,5699500.0,0.0
1785554100,5699500.0,5699500.0,5699500.0,5699500.0,0.0
1785555000,5699206.0,5699206.0,5699206.0,5699206.0,0.00506965
1785555900,5699485.0,5699485.0,5699485.0,5699485.0,0.01335506
1785556800,5699485.0,5699485.0,5699485.0,5699485.0,0.0
1785557700,5699485.0,5699485.0,5699485.0,5699485.0,0.0
1785558600,5699263.0,5699263.0,5699263.0,5699263.0,0.00948508
1785559500,5699591.0,5699591.0,5699591.0,5699591.0,0.01747318
1785560400,5699585.0,5699585.0,5699585.0,5699585.0,0.00347007
1785561300,5699585.0,5699585.0,5699585.0,5699585.0,0.0
1785562200,5461810.0,5461810.0,5461245.0,5461245.0,0.11460519
1785563100,5461245.0,5461245.0,5461245.0,5461245.0,0.0
1785564000,5461245.0,5461245.0,5461245.0,5461245.0,0.0
1785564900,5699060.0,5699060.0,5699060.0,5699060.0,0.01048488
1785565800,5699624.0,5699624.0,5699624.0,5699624.0,0.00873654
1785566700,5699624.0,5699624.0,5699624.0,5699624.0,0.0
1785567600,5699624.0,5699624.0,5699624.0,5699624.0,0.0
1785568500,5699624.0,5699624.0,5699624.0,5699624.0,0.0
1785569400,5699292.0,5699292.0,5699292.0,5699292.0,0.00343639
1785570300,5699292.0,5699292.0,5699292.0,5699292.0,0.0
1785571200,5699292.0,5699292.0,5699292.0,5699292.0,0.0
1785572100,5699292.0,5699292.0,5699292.0,5699292.0,0.0
1785573000,5699292.0,5699292.0,5699292.0,5699292.0,0.0
1785573900,5699292.0,5699292.0,5699292.0,5699292.0,0.0
1785574800,5699292.0,5699292.0,5699292.0,5699292.0,0.0
1785575700,5699292.0,5699292.0,5699292.0,5699292.0,0.0
1785576600,5461876.0,5465049.0,5461876.0,5465000.0,0.35245481
1785577500,5465000.0,5465000.0,5465000.0,5465000.0,0.0
1785578400,5465000.0,5465000.0,5465000.0,5465000.0,0.0
1785579300,5694920.0,5694920.0,5694870.0,5694870.0,0.01308068
1785580200,5694870.0,5694870.0,5694870.0,5694870.0,0.0
1785581100,5694870.0,5694870.0,5694870.0,5694870.0,0.0
1785582000,5694870.0,5694870.0,5694870.0,5694870.0,0.0
1785582900,5694870.0,5694870.0,5694870.0,5694870.0,0.0
1785583800,5694870.0,5694870.0,5694870.0,5694870.0,0.0
1785584700,5694870.0,5694870.0,5694870.0,5694870.0,0.0
1785585600,5694870.0,5694870.0,5694870.0,5694870.0,0.0
1785586500,5694870.0,5694870.0,5694870.0,5694870.0,0.0
1785587400,5694870.0,5694870.0,5694870.0,5694870.0,0.0
1785588300,5688596.0,5688596.0,5688585.0,5688585.0,0.01253983
1785589200,5688585.0,5688585.0,5688585.0,5688585.0,0.0
1785590100,5688585.0,5688585.0,5688585.0,5688585.0,0.0
1785591000,5465097.0,5465097.0,5465097.0,5465097.0,0.00759101
1785591900,5465097.0,5465097.0,5465097.0,5465097.0,0.0
1785592800,5465099.0,5465099.0,5465099.0,5465099.0,0.00186736
1785593700,5465109.0,5465109.0,5465108.0,5465108.0,0.00920603
1785594600,5465108.0,5465108.0,5465108.0,5465108.0,0.0
1785595500,5465108.0,5465108.0,5465108.0,5465108.0,0.0
1785596400,5668574.0,5668577.0,5668538.0,5668538.0,0.02609038
1785597300,5668538.0,5668538.0,5668538.0,5668538.0,0.0
1785598200,5465164.0,5668511.0,5465164.0,5668511.0,0.62389543
1785599100,5668485.0,5668485.0,5668485.0,5668485.0,0.00218135
1785600000,5668488.0,5668488.0,5668488.0,5668488.0,0.00432355
1785600900,5668488.0,5668488.0,5668488.0,5668488.0,0.0
1785601800,5599947.0,5599947.0,5599947.0,5599947.0,0.00510219
1785602700,5599947.0,5599947.0,5599947.0,5599947.0,0.0
1785603600,5599947.0,5599947.0,5599947.0,5599947.0,0.0
1785604500,5599947.0,5599947.0,5599947.0,5599947.0,0.0
1785605400,5465198.0,5465198.0,5465198.0,5465198.0,0.00343625
1785606300,5465198.0,5465198.0,5465198.0,5465198.0,0.0
1785607200,5465198.0,5465198.0,5465198.0,5465198.0,0.0
1785608100,5465198.0,5465198.0,5465198.0,5465198.0,0.0
1785609000,5574494.0,5574495.0,5465259.0,5465259.0,0.03319054
1785609900,5465259.0,5465259.0,5465259.0,5465259.0,0.0
1785610800,5574449.0,5574449.0,5574449.0,5574449.0,0.03543399
1785611700,5574449.0,5574449.0,5574449.0,5574449.0,0.0
1785612600,5574449.0,5574449.0,5574449.0,5574449.0,0.0
1785613500,5574449.0,5574449.0,5574449.0,5574449.0,0.0
1785614400,5574449.0,5574449.0,5574449.0,5574449.0,0.0
1785615300,5574449.0,5574449.0,5574449.0,5574449.0,0.0
1785616200,5574449.0,5574449.0,5574449.0,5574449.0,0.0
1785617100,5574449.0,5574449.0,5574449.0,5574449.0,0.0
1785618000,5574449.0,5574449.0,5574449.0,5574449.0,0.0
1785618900,5574449.0,5574449.0,5574449.0,5574449.0,0.0
1785619800,5574449.0,5574449.0,5574449.0,5574449.0,0.0
1785620700,5574449.0,5574449.0,5574449.0,5574449.0,0.0
1785621600,5574449.0,5574449.0,5574449.0,5574449.0,0.0
1785622500,5574449.0,5574449.0,5574449.0,5574449.0,0.0
1785623400,5574449.0,5574449.0,5574449.0,5574449.0,0.0
1785624300,5574449.0,5574449.0,5574449.0,5574449.0,0.0
1785625200,5574449.0,5574449.0,5574449.0,5574449.0,0.0
1785626100,5574449.0,5574449.0,5574449.0,5574449.0,0.0
1785627000,5574449.0,5574449.0,5574449.0,5574449.0,0.0
1785627900,5465201.0,5465201.0,5465201.0,5465201.0,0.02697188
1785628800,5465201.0,5465201.0,5465201.0,5465201.0,0.0
1785629700,5465201.0,5465201.0,5465201.0,5465201.0,0.0
1785630600,5500000.0,5500000.0,5500000.0,5500000.0,0.00475636
1785631500,5500000.0,5500000.0,5500000.0,5500000.0,0.0
1785632400,5500000.0,5500000.0,5500000.0,5500000.0,0.00981654
1785633300,5465229.0,5465229.0,5465229.0,5465229.0,0.0128882
1785634200,5465229.0,5465229.0,5465229.0,5465229.0,0.0
1785635100,5465229.0,5465229.0,5465229.0,5465229.0,0.0
1785636000,5465229.0,5465229.0,5465229.0,5465229.0,0.0
1785636900,5465736.0,5465736.0,5465736.0,5465736.0,0.0081776
1785637800,5465736.0,5465736.0,5465736.0,5465736.0,0.0
1785638700,5465736.0,5465736.0,5465736.0,5465736.0,0.0
1785639600,5465761.0,5465761.0,5465761.0,5465761.0,0.00386866
1785640500,5465761.0,5465761.0,5465761.0,5465761.0,0.0
1785641400,5465761.0,5465761.0,5465761.0,5465761.0,0.0
1785642300,5465761.0,5465761.0,5465761.0,5465761.0,0.0
1785643200,5465761.0,5465761.0,5465761.0,5465761.0,0.0
1785644100,5500000.0,5500000.0,5465831.0,5465831.0,0.00916999
1785645000,5500000.0,5500000.0,5465845.0,5465845.0,0.56140491
1785645900,5465845.0,5465845.0,5465845.0,5465845.0,0.0
1785646800,5500000.0,5586949.0,5500000.0,5586949.0,0.00711287
1785647700,5586949.0,5586949.0,5586949.0,5586949.0,0.0
1785648600,5600201.0,5600201.0,5600201.0,5600201.0,0.00177832
1785649500,5600201.0,5600201.0,5600201.0,5600201.0,0.0
1785650400,5465739.0,5465739.0,5465739.0,5465739.0,0.00182999
1785651300,5465739.0,5465739.0,5465739.0,5465739.0,0.0
1785652200,5465739.0,5465739.0,5465739.0,5465739.0,0.0
1785653100,5465739.0,5465739.0,5465739.0,5465739.0,0.0
1785654000,5465739.0,5465739.0,5465739.0,5465739.0,0.0
1785654900,5465745.0,5465745.0,5465745.0,5465745.0,0.00465889
1785655800,5611235.0,5611238.0,5611235.0,5611238.0,0.0498621
1785656700,5465800.0,5465800.0,5465800.0,5465800.0,0.18409912
1785657600,5465800.0,5465800.0,5465800.0,5465800.0,0.0
1785658500,5465800.0,5465800.0,5465800.0,5465800.0,0.0
1785659400,5465800.0,5465800.0,5465800.0,5465800.0,0.0
1785660300,5465800.0,5465800.0,5465800.0,5465800.0,0.0
1785661200,5465800.0,5465800.0,5465800.0,5465800.0,0.0
1785662100,5465998.0,5465998.0,5465963.0,5465963.0,0.03674443
1785663000,5465963.0,5465963.0,5465963.0,5465963.0,0.0
1785663900,5668519.0,5668519.0,5668503.0,5668503.0,0.02374289
1785664800,5668503.0,5668503.0,5668503.0,5668503.0,0.0
1785665700,5668503.0,5668503.0,5668503.0,5668503.0,0.0
1785666600,5666996.0,5666996.0,5666996.0,5666996.0,0.00582777
1785667500,5466097.0,5466097.0,5466097.0,5466097.0,0.00582777
1785668400,5666985.0,5666990.0,5666985.0,5666990.0,0.17297954
1785669300,5666990.0,5666990.0,5666990.0,5666990.0,0.0
1785670200,5666990.0,5666990.0,5666990.0,5666990.0,0.0
1785671100,5666990.0,5666990.0,5666990.0,5666990.0,0.0
1785672000,5666990.0,5666990.0,5666990.0,5666990.0,0.0
1785672900,5666990.0,5666990.0,5666990.0,5666990.0,0.0
1785673800,5666990.0,5666990.0,5666990.0,5666990.0,0.0
1785674700,5466229.0,5466253.0,5466229.0,5466253.0,0.0106933
1785675600,5664944.0,5664944.0,5664939.0,5664940.0,0.01133586
1785676500,5664940.0,5664940.0,5664940.0,5664940.0,0.0
1785677400,5466313.0,5664963.0,5466313.0,5664963.0,0.02633378
1785678300,5664963.0,5664963.0,5664963.0,5664963.0,0.0
1785679200,5664963.0,5664963.0,5664963.0,5664963.0,0.0
1785680100,5664963.0,5664963.0,5664963.0,5664963.0,0.0
1785681000,5664963.0,5664963.0,5664963.0,5664963.0,0.0
1785681900,5664971.0,5664971.0,5664971.0,5664971.0,0.01118646
1785682800,5664971.0,5664971.0,5664971.0,5664971.0,0.0
1785683700,5664971.0,5664971.0,5664971.0,5664971.0,0.0
1785684600,5664971.0,5664971.0,5664971.0,5664971.0,0.0
1785685500,5664971.0,5664971.0,5664971.0,5664971.0,0.00557037
1785686400,5466416.0,5466416.0,5466416.0,5466416.0,0.00601268
1785687300,5664990.0,5664991.0,5664990.0,5664991.0,0.00737812
1785688200,5466461.0,5664985.0,5466461.0,5664985.0,0.00984679
1785689100,5664971.0,5664995.0,5466501.0,5466501.0,0.01361769
1785690000,5664989.0,5664990.0,5664989.0,5664990.0,0.04403767
1785690900,5664990.0,5664990.0,5664990.0,5664990.0,0.0
1785691800,5664990.0,5664990.0,5664990.0,5664990.0,0.0
1785692700,5664999.0,5664999.0,5466542.0,5466542.0,0.00359353
1785693600,5466542.0,5466542.0,5466542.0,5466542.0,0.0
1785694500,5466542.0,5466542.0,5466542.0,5466542.0,0.0
1785695400,5466542.0,5466542.0,5466542.0,5466542.0,0.0
1785696300,5466542.0,5466542.0,5466542.0,5466542.0,0.0
1785697200,5466542.0,5466542.0,5466542.0,5466542.0,0.0
1785698100,5466542.0,5466542.0,5466542.0,5466542.0,0.0
1785699000,5466665.0,5466665.0,5466665.0,5466665.0,0.00804732
1785699900,5466665.0,5466665.0,5466665.0,5466665.0,0.0
1785700800,5466665.0,5466665.0,5466665.0,5466665.0,0.0
1785701700,5466680.0,5466680.0,5466680.0,5466680.0,0.00344102
1785702600,5466680.0,5466680.0,5466680.0,5466680.0,0.0
1785703500,5466680.0,5466680.0,5466680.0,5466680.0,0.0
1785704400,5466680.0,5466680.0,5466680.0,5466680.0,0.0
1785705300,5466680.0,5466680.0,5466680.0,5466680.0,0.0
1785706200,5466680.0,5466680.0,5466680.0,5466680.0,0.0
1785707100,5466823.0,5466823.0,5466823.0,5466823.0,0.00378581
1785708000,5466823.0,5466823.0,5466823.0,5466823.0,0.0
1785708900,5466823.0,5466823.0,5466823.0,5466823.0,0.0
1785709800,5466823.0,5466823.0,5466823.0,5466823.0,0.0
1785710700,5466823.0,5466823.0,5466823.0,5466823.0,0.0
1785711600,5466823.0,5466823.0,5466823.0,5466823.0,0.0
1785712500,5658994.0,5658994.0,5658994.0,5658994.0,0.04823684
1785713400,5658994.0,5658994.0,5658994.0,5658994.0,0.0
1785714300,5658994.0,5658994.0,5658994.0,5658994.0,0.0
1785715200,5658994.0,5658994.0,5658994.0,5658994.0,0.0
1785716100,5658994.0,5658994.0,5658994.0,5658994.0,0.01688551
1785717000,5658994.0,5658994.0,5658994.0,5658994.0,0.0
1785717900,5658949.0,5658949.0,5658949.0,5658949.0,0.01727865
1785718800,5466823.0,5466823.0,5466823.0,5466823.0,0.00262147
1785719700,5466823.0,5466823.0,5466823.0,5466823.0,0.0
1785720600,5466823.0,5466823.0,5466823.0,5466823.0,0.0
1785721500,5466823.0,5466823.0,5466823.0,5466823.0,0.0
1785722400,5658974.0,5658974.0,5658974.0,5658974.0,0.0026093
1785723300,5658974.0,5658975.0,5658974.0,5658975.0,0.00225782
1785724200,5658966.0,5658966.0,5658966.0,5658966.0,0.01748411
1785725100,5658966.0,5658966.0,5658966.0,5658966.0,0.0
1785726000,5658956.0,5658956.0,5658956.0,5658956.0,0.0102305
1785726900,5658951.0,5658951.0,5658951.0,5658951.0,0.00840968
1785727800,5658951.0,5658951.0,5658951.0,5658951.0,0.0
1785728700,5658950.0,5658950.0,5658950.0,5658950.0,0.00218662
1785729600,5658950.0,5658950.0,5658950.0,5658950.0,0.0
1785730500,5658946.0,5658946.0,5658946.0,5658946.0,0.00214262
1785731400,5658946.0,5658946.0,5658946.0,5658946.0,0.0
1785732300,5486895.0,5486895.0,5486894.0,5486894.0,0.01748411
1785733200,5658920.0,5658921.0,5658920.0,5658921.0,0.01704406
1785734100,5486952.0,5486952.0,5486951.0,5486951.0,0.01704406
1785735000,5486951.0,5486951.0,5486951.0,5486951.0,0.0
1785735900,5486951.0,5486951.0,5486951.0,5486951.0,0.0
1785736800,5486951.0,5486951.0,5486951.0,5486951.0,0.0
1785737700,5486951.0,5486951.0,5486951.0,5486951.0,0.0
1785738600,5486928.0,5486928.0,5486927.0,5486927.0,0.09151095
1785739500,5486932.0,5486932.0,5486931.0,5486931.0,0.00603061
1785740400,5486936.0,5486936.0,5486936.0,5486936.0,0.00506965
1785741300,5486936.0,5486936.0,5486936.0,5486936.0,0.0
1785742200,5486936.0,5486936.0,5486936.0,5486936.0,0.0
1785743100,5486936.0,5486936.0,5486936.0,5486936.0,0.0
1785744000,5486925.0,5486925.0,5486925.0,5486925.0,0.01118646
1785744900,5486925.0,5486925.0,5486925.0,5486925.0,0.0
1785745800,5486925.0,5486925.0,5486925.0,5486925.0,0.0
1785746700,5486925.0,5486925.0,5486925.0,5486925.0,0.0
1785747600,5486925.0,5486925.0,5486925.0,5486925.0,0.0
1785748500,5658940.0,5658940.0,5486931.0,5486931.0,0.0351974
1785749400,5486931.0,5486931.0,5486931.0,5486931.0,0.0
1785750300,5486931.0,5486931.0,5486931.0,5486931.0,0.0
1785751200,5486931.0,5486931.0,5486931.0,5486931.0,0.0
1785752100,5486931.0,5486931.0,5486931.0,5486931.0,0.0
1785753000,5632358.0,5632358.0,5632358.0,5632358.0,0.00957094
1785753900,5632358.0,5632358.0,5632358.0,5632358.0,0.0
1785754800,5632293.0,5632293.0,5632293.0,5632293.0,0.00177618
1785755700,5632269.0,5632269.0,5487026.0,5487026.0,0.00425145
1785756600,5632254.0,5632255.0,5632250.0,5632250.0,0.06410917
1785757500,5632250.0,5632250.0,5632250.0,5632250.0,0.0
1785758400,5632250.0,5632250.0,5632250.0,5632250.0,0.0
1785759300,5632250.0,5632250.0,5632250.0,5632250.0,0.0
1785760200,5650979.0,5650979.0,5650979.0,5650979.0,0.00240082
1785761100,5650979.0,5650979.0,5650979.0,5650979.0,0.0
1785762000,5650944.0,5650944.0,5487096.0,5487096.0,0.02591108
1785762900,5650920.0,5650920.0,5487105.0,5487105.0,0.00733578
1785763800,5487105.0,5487105.0,5487105.0,5487105.0,0.0
1785764700,5487105.0,5487105.0,5487105.0,5487105.0,0.0
1785765600,5487105.0,5487105.0,5487105.0,5487105.0,0.0
1785766500,5555200.0,5555200.0,5555200.0,5555200.0,0.00179273
1785767400,5555200.0,5555200.0,5555200.0,5555200.0,0.0
1785768300,5555200.0,5555200.0,5555200.0,5555200.0,0.0
1785769200,5555200.0,5555200.0,5555200.0,5555200.0,0.0
1785770100,5555200.0,5555200.0,5555200.0,5555200.0,0.0
1785771000,5487041.0,5487041.0,5487041.0,5487041.0,0.00498777
1785771900,5487042.0,5520145.0,5487041.0,5520145.0,0.05717097
1785772800,5520145.0,5520145.0,5520145.0,5520145.0,0.0
1785773700,5520145.0,5520145.0,5520145.0,5520145.0,0.0
1785774600,5536138.0,5536138.0,5536138.0,5536138.0,0.00404632
1785775500,5536138.0,5536138.0,5536138.0,5536138.0,0.0
1785776400,5536138.0,5536138.0,5536138.0,5536138.0,0.0
1785777300,5536138.0,5546648.0,5536138.0,5546648.0,0.0053923
1785778200,5599710.0,5599710.0,5599710.0,5599710.0,0.00177848
1785779100,5599710.0,5599710.0,5599710.0,5599710.0,0.0
1785780000,5599710.0,5599710.0,5599710.0,5599710.0,0.0
1785780900,5599710.0,5599710.0,5599710.0,5599710.0,0.0
1785781800,5599710.0,5599710.0,5599710.0,5599710.0,0.0
1785782700,5599710.0,5599710.0,5599710.0,5599710.0,0.0
1785783600,5566829.0,5566829.0,5566829.0,5566829.0,0.00178898
1785784500,5566829.0,5566829.0,5566829.0,5566829.0,0.0
1785785400,5566829.0,5566829.0,5566829.0,5566829.0,0.0
1785786300,5566829.0,5566829.0,5566829.0,5566829.0,0.0
1785787200,5487041.0,5487041.0,5487041.0,5487041.0,0.02650977
1785788100,5487041.0,5487041.0,5487041.0,5487041.0,0.0
1785789000,5487041.0,5487041.0,5487041.0,5487041.0,0.0
1785789900,5487041.0,5487041.0,5487041.0,5487041.0,0.0
1785790800,5487041.0,5487041.0,5487041.0,5487041.0,0.0
1785791700,5487041.0,5487041.0,5487041.0,5487041.0,0.0
1785792600,5487041.0,5487041.0,5487041.0,5487041.0,0.0
1785793500,5512578.0,5512578.0,5487041.0,5487041.0,0.00540216
1785794400,5487041.0,5487041.0,5487041.0,5487041.0,0.0
1785795300,5512579.0,5512579.0,5512579.0,5512579.0,0.00723654
1785796200,5512579.0,5512579.0,5512579.0,5512579.0,0.0
1785797100,5519692.0,5519692.0,5519692.0,5519692.0,0.00360853
1785798000,5519692.0,5519692.0,5519692.0,5519692.0,0.0
1785798900,5519692.0,5519692.0,5519692.0,5519692.0,0.0
1785799800,5519692.0,5519692.0,5519692.0,5519692.0,0.0
1785800700,5516168.0,5651000.0,5516168.0,5651000.0,0.12467382
1785801600,5487041.0,5516119.0,5486631.0,5516119.0,0.05107065
1785802500,5516119.0,5516119.0,5516119.0,5516119.0,0.0
1785803400,5536640.0,5536640.0,5536640.0,5536640.0,0.0071724
1785804300,5536640.0,5536640.0,5536640.0,5536640.0,0.0
1785805200,5536640.0,5536640.0,5536640.0,5536640.0,0.0
1785806100,5536640.0,5536640.0,5536640.0,5536640.0,0.0
1785807000,5536640.0,5536640.0,5536640.0,5536640.0,0.0
1785807900,5536640.0,5536640.0,5536640.0,5536640.0,0.0
1785808800,5536640.0,5536640.0,5536640.0,5536640.0,0.0
1785809700,5536138.0,5536138.0,5536138.0,5536138.0,0.00338792
1785810600,5536138.0,5536138.0,5536138.0,5536138.0,0.0
1785811500,5536138.0,5542601.0,5536138.0,5542601.0,0.01387417
1785812400,5542601.0,5542601.0,5542601.0,5542601.0,0.0
1785813300,5542601.0,5542601.0,5542601.0,5542601.0,0.0
1785814200,5542601.0,5542601.0,5542601.0,5542601.0,0.0
1785815100,5542601.0,5542601.0,5542601.0,5542601.0,0.0
1785816000,5542601.0,5542601.0,5542601.0,5542601.0,0.0
1785816900,5560201.0,5560201.0,5560201.0,5560201.0,0.00179885
1785817800,5560201.0,5560201.0,5560201.0,5560201.0,0.0
1785818700,5486631.0,5486631.0,5486631.0,5486631.0,0.00696912
1785819600,5486631.0,5486631.0,5486631.0,5486631.0,0.0
1785820500,5486631.0,5486631.0,5486631.0,5486631.0,0.0
1785821400,5486631.0,5486631.0,5486631.0,5486631.0,0.0
1785822300,5486631.0,5486631.0,5486631.0,5486631.0,0.0
1785823200,5542375.0,5542375.0,5486631.0,5486631.0,0.00928608
1785824100,5537240.0,5537240.0,5536640.0,5536640.0,0.02668213
1785825000,5536640.0,5536640.0,5536640.0,5536640.0,0.0
1785825900,5536640.0,5536640.0,5536640.0,5536640.0,0.0
1785826800,5536640.0,5536640.0,5536640.0,5536640.0,0.0
1785827700,5536640.0,5536640.0,5536640.0,5536640.0,0.0
1785828600,5486631.0,5649000.0,5486631.0,5649000.0,0.19585129
1785829500,5531157.0,5531157.0,5531157.0,5531157.0,0.00790033
1785830400,5531157.0,5531157.0,5531157.0,5531157.0,0.0
1785831300,5531157.0,5531157.0,5531157.0,5531157.0,0.0
1785832200,5531157.0,5531157.0,5531157.0,5531157.0,0.0
1785833100,5528489.0,5528489.0,5528489.0,5528489.0,0.02238948
1785834000,5528489.0,5528489.0,5528489.0,5528489.0,0.0
1785834900,5649000.0,5992252.0,5532802.0,5541672.0,3.56489343
1785835800,5486631.0,5486631.0,5486631.0,5486631.0,0.03667988
1785836700,5486631.0,5486631.0,5486631.0,5486631.0,0.00368176
1785837600,5487631.0,5546232.0,5487631.0,5487631.0,0.01096369
1785838500,5487631.0,5487631.0,5487631.0,5487631.0,0.0081097
1785839400,5535941.0,5535941.0,5535941.0,5535941.0,0.00540757
1785840300,5535941.0,5535941.0,5535941.0,5535941.0,0.0
1785841200,5507318.0,5507318.0,5487631.0,5487631.0,0.00844845
1785842100,5487731.0,5487731.0,5466403.0,5466403.0,0.42723887
1785843000,5487732.0,5512757.0,5487732.0,5512757.0,0.01142662
1785843900,5466403.0,5466403.0,5466403.0,5466403.0,0.01755833
1785844800,5466403.0,5508271.0,5466403.0,5508271.0,0.00454702
1785845700,5466403.0,5504667.0,5465000.0,5465000.0,0.18340133
1785846600,5465000.0,5465000.0,5465000.0,5465000.0,0.0
1785847500,5465000.0,5465000.0,5465000.0,5465000.0,0.0
1785848400,5650000.0,5810410.0,5650000.0,5810410.0,0.02091668
1785849300,5810410.0,5810410.0,5810410.0,5810410.0,0.0
1785850200,5465005.0,5465005.0,5423363.0,5423363.0,0.23623867
1785851100,5423363.0,5423363.0,5423363.0,5423363.0,0.0
1785852000,5472206.0,5472206.0,5472206.0,5472206.0,0.00316481
1785852900,5472206.0,5472206.0,5472206.0,5472206.0,0.0
1785853800,5472206.0,5472206.0,5472206.0,5472206.0,0.0
1785854700,5485660.0,5485660.0,5485660.0,5485660.0,0.0033966
1785855600,5555977.0,5555977.0,5485680.0,5485680.0,0.02377734
1785856500,5485680.0,5485680.0,5485680.0,5485680.0,0.01922168
1785857400,5485680.0,5485680.0,5485680.0,5485680.0,0.0
1785858300,5566884.0,5566884.0,5565551.0,5565551.0,1.08312616
1785859200,5559371.0,5700000.0,5490029.0,5700000.0,0.01236668
1785860100,5700000.0,5700000.0,5700000.0,5700000.0,0.0
1785861000,5560107.0,5560107.0,5560107.0,5560107.0,0.00695508
1785861900,5560107.0,5560107.0,5560107.0,5560107.0,0.0
1785862800,5584260.0,5584260.0,5584260.0,5584260.0,0.00326972
1785863700,5584260.0,5584260.0,5584260.0,5584260.0,0.0
1785864600,5584260.0,5584260.0,5584260.0,5584260.0,0.0
1785865500,5584260.0,5584260.0,5584260.0,5584260.0,0.0
1785866400,5584260.0,5584260.0,5584260.0,5584260.0,0.0
1785867300,5584260.0,5584260.0,5584260.0,5584260.0,0.0
1785868200,5584260.0,5584260.0,5584260.0,5584260.0,0.0
1785869100,5584260.0,5584260.0,5584260.0,5584260.0,0.0
1785870000,5584260.0,5584260.0,5584260.0,5584260.0,0.0
1785870900,5528695.0,5528695.0,5528695.0,5528695.0,0.00659772
1785871800,5528695.0,5528695.0,5528695.0,5528695.0,0.0
1785872700,5528695.0,5528695.0,5528695.0,5528695.0,0.0
1785873600,5612013.0,5612582.0,5612013.0,5612582.0,0.22222174
1785874500,5612582.0,5612582.0,5612582.0,5612582.0,0.0
1785875400,5612582.0,5612582.0,5612582.0,5612582.0,0.0
1785876300,5612582.0,5612582.0,5612582.0,5612582.0,0.0
1785877200,5612582.0,5612582.0,5612582.0,5612582.0,0.0
1785878100,5612582.0,5612582.0,5612582.0,5612582.0,0.0
1785879000,5613001.0,5613001.0,5613001.0,5613001.0,0.01625244
1785879900,5553303.0,5612997.0,5553303.0,5612997.0,0.02668236
1785880800,5612997.0,5612997.0,5612997.0,5612997.0,0.0
1785881700,5612997.0,5612997.0,5612997.0,5612997.0,0.0
1785882600,5612997.0,5612997.0,5612997.0,5612997.0,0.0
1785883500,5612997.0,5612997.0,5612997.0,5612997.0,0.0
1785884400,5612997.0,5612997.0,5612997.0,5612997.0,0.0
1785885300,5612997.0,5612997.0,5612997.0,5612997.0,0.0
1785886200,5612997.0,5612997.0,5612997.0,5612997.0,0.0
1785887100,5612997.0,5612997.0,5612997.0,5612997.0,0.0
1785888000,5612997.0,5612997.0,5612997.0,5612997.0,0.0
1785888900,5612997.0,5612997.0,5612997.0,5612997.0,0.0
1785889800,5612997.0,5612997.0,5612997.0,5612997.0,0.0
1785890700,5612997.0,5612997.0,5612997.0,5612997.0,0.0
1785891600,5550381.0,5550381.0,5550381.0,5550381.0,0.00406652
1785892500,5613001.0,5613001.0,5613001.0,5613001.0,0.01738784
1785893400,5613001.0,5613001.0,5613001.0,5613001.0,0.0
1785894300,5613001.0,5613001.0,5613001.0,5613001.0,0.0
1785895200,5613001.0,5613001.0,5613001.0,5613001.0,0.0
1785896100,5571810.0,5571810.0,5571810.0,5571810.0,0.02202433
1785897000,5571810.0,5571810.0,5571810.0,5571810.0,0.01738784
1785897900,5571810.0,5571810.0,5571810.0,5571810.0,0.0
1785898800,5559363.0,5559363.0,5559363.0,5559363.0,0.01427697
1785899700,5559363.0,5559363.0,5559363.0,5559363.0,0.0
1785900600,5559363.0,5559363.0,5559363.0,5559363.0,0.0
1785901500,5559363.0,5559363.0,5559363.0,5559363.0,0.0
1785902400,5609996.0,5610001.0,5609996.0,5610001.0,0.87150023
1785903300,5610001.0,5610001.0,5610001.0,5610001.0,0.0
1785904200,5610001.0,5610001.0,5610001.0,5610001.0,0.00889375
1785905100,5610001.0,5610001.0,5610001.0,5610001.0,0.0
1785906000,5610001.0,5610001.0,5563193.0,5610001.0,0.01665817
1785906900,5610001.0,5610001.0,5610001.0,5610001.0,0.0
1785907800,5610001.0,5610001.0,5610001.0,5610001.0,0.0
1785908700,5560726.0,5560726.0,5560726.0,5560726.0,0.00902957
1785909600,5609997.0,5610001.0,5559375.0,5610001.0,0.00987022
1785910500,5610001.0,5610001.0,5609997.0,5609997.0,0.00697646
1785911400,5609997.0,5609997.0,5609997.0,5609997.0,0.0101303
1785912300,5559381.0,5559381.0,5559381.0,5559381.0,0.03312201
1785913200,5608996.0,5608996.0,5559396.0,5559396.0,0.02794358
1785914100,5607996.0,5607996.0,5607996.0,5607996.0,0.00266369
1785915000,5607996.0,5607996.0,5607996.0,5607996.0,0.00355171
1785915900,5559426.0,5559426.0,5559426.0,5559426.0,0.00342602
1785916800,5559426.0,5559426.0,5559426.0,5559426.0,0.0
1785917700,5607992.0,5607992.0,5607992.0,5607992.0,0.01958258
1785918600,5607992.0,5607992.0,5607992.0,5607992.0,0.0
1785919500,5607992.0,5607992.0,5607992.0,5607992.0,0.0
1785920400,5607992.0,5607992.0,5607992.0,5607992.0,0.0
1785921300,5607992.0,5607992.0,5607992.0,5607992.0,0.0
1785922200,5607992.0,5607992.0,5607992.0,5607992.0,0.0
1785923100,5607992.0,5607992.0,5607992.0,5607992.0,0.0
1785924000,5607992.0,5607992.0,5607992.0,5607992.0,0.0
1785924900,5607992.0,5607992.0,5607992.0,5607992.0,0.0
1785925800,5606996.0,5606996.0,5606996.0,5606996.0,0.0145486
1785926700,5606996.0,5606996.0,5606996.0,5606996.0,0.0
1785927600,5560244.0,5560244.0,5547840.0,5547840.0,0.21010543
1785928500,5547840.0,5547840.0,5547840.0,5547840.0,0.0
1785929400,5544096.0,5544096.0,5544096.0,5544096.0,0.001824
1785930300,5544096.0,5544096.0,5544096.0,5544096.0,0.07715153
1785931200,5500000.0,5500000.0,5500000.0,5500000.0,0.02594119
1785932100,5500001.0,5500010.0,5500001.0,5500010.0,0.0097506
1785933000,5566513.0,5566513.0,5566513.0,5566513.0,0.00820513
1785933900,5566513.0,5566513.0,5566513.0,5566513.0,0.0
1785934800,5566513.0,5566513.0,5566513.0,5566513.0,0.0
1785935700,5594715.0,5594715.0,5594714.0,5594714.0,0.01424272
1785936600,5532839.0,5532839.0,5532839.0,5532839.0,0.07950496
1785937500,5532839.0,5532839.0,5532839.0,5532839.0,0.0
1785938400,5532839.0,5532839.0,5532839.0,5532839.0,0.0
1785939300,5532839.0,5532839.0,5532839.0,5532839.0,0.0
1785940200,5500010.0,5534672.0,5500010.0,5534672.0,0.00620572
1785941100,5500330.0,5500330.0,5500330.0,5500330.0,0.00354203
1785942000,5500330.0,5500330.0,5500330.0,5500330.0,0.0
1785942900,5579723.0,5579723.0,5512620.0,5512620.0,0.00409486
1785943800,5512626.0,5512626.0,5512626.0,5512626.0,0.02441417
1785944700,5512626.0,5512626.0,5512626.0,5512626.0,0.0
1785945600,5512626.0,5512626.0,5512626.0,5512626.0,0.0
1785946500,5507004.0,5507004.0,5507004.0,5507004.0,0.01147665
1785947400,5566234.0,5566234.0,5507024.0,5507024.0,0.00968951
1785948300,5507024.0,5507024.0,5507024.0,5507024.0,0.0
1785949200,5511047.0,5511047.0,5511047.0,5511047.0,0.01434153
1785950100,5511047.0,5511047.0,5511047.0,5511047.0,0.0
1785951000,5511047.0,5511047.0,5511047.0,5511047.0,0.0
1785951900,5511047.0,5511047.0,5511047.0,5511047.0,0.0
1785952800,5511047.0,5511047.0,5511047.0,5511047.0,0.0
1785953700,5511047.0,5511047.0,5511047.0,5511047.0,0.0
1785954600,5511047.0,5511047.0,5511047.0,5511047.0,0.0
1785955500,5511047.0,5511047.0,5511047.0,5511047.0,0.0
1785956400,5511047.0,5511047.0,5511047.0,5511047.0,0.0
1785957300,5511047.0,5511047.0,5511047.0,5511047.0,0.0
1785958200,5511047.0,5511047.0,5511047.0,5511047.0,0.0
1785959100,5511047.0,5511047.0,5511047.0,5511047.0,0.0
1785960000,5511047.0,5511047.0,5511047.0,5511047.0,0.0
1785960900,5511047.0,5511047.0,5511047.0,5511047.0,0.0
1785961800,5511047.0,5511047.0,5511047.0,5511047.0,0.0
1785962700,5511047.0,5511047.0,5511047.0,5511047.0,0.0
1785963600,5511047.0,5511047.0,5511047.0,5511047.0,0.0
1785964500,5511047.0,5511047.0,5511047.0,5511047.0,0.0
1785965400,5609691.0,5609691.0,5609691.0,5609691.0,0.00185643
1785966300,5609691.0,5609691.0,5609691.0,5609691.0,0.0
1785967200,5609691.0,5609691.0,5609691.0,5609691.0,0.0
1785968100,5609691.0,5609691.0,5609691.0,5609691.0,0.0
1785969000,5609691.0,5609691.0,5609691.0,5609691.0,0.0
1785969900,5609691.0,5609691.0,5609691.0,5609691.0,0.0
1785970800,5609691.0,5609691.0,5609691.0,5609691.0,0.0
1785971700,5609701.0,5609701.0,5609701.0,5609701.0,0.00964757
1785972600,5609701.0,5609701.0,5609701.0,5609701.0,0.0
1785973500,5564299.0,5564299.0,5564299.0,5564299.0,0.00922272
1785974400,5564299.0,5564299.0,5564299.0,5564299.0,0.0
1785975300,5564299.0,5564299.0,5564299.0,5564299.0,0.0
1785976200,5564299.0,5564299.0,5564299.0,5564299.0,0.0
1785977100,5564299.0,5564299.0,5564299.0,5564299.0,0.0
1785978000,5564299.0,5564299.0,5564299.0,5564299.0,0.0
1785978900,5609696.0,5609696.0,5609696.0,5609696.0,0.00177531
1785979800,5609696.0,5609696.0,5609696.0,5609696.0,0.0
1785980700,5582174.0,5582174.0,5582174.0,5582174.0,0.00358694
1785981600,5583144.0,5583144.0,5583144.0,5583144.0,0.00189986
1785982500,5583144.0,5583144.0,5583144.0,5583144.0,0.0
1785983400,5583144.0,5583144.0,5583144.0,5583144.0,0.0
1785984300,5609705.0,5609705.0,5587373.0,5587373.0,0.00616992
1785985200,5609705.0,5609705.0,5587840.0,5609705.0,0.06794289
1785986100,5587976.0,5609705.0,5587976.0,5609705.0,0.00412698
1785987000,5584193.0,5584193.0,5584193.0,5584193.0,0.00205598
1785987900,5584193.0,5584193.0,5584193.0,5584193.0,0.0
1785988800,5609705.0,5609705.0,5609705.0,5609705.0,0.01066971
1785989700,5609705.0,5609705.0,5609705.0,5609705.0,0.00650996
1785990600,5609705.0,5609705.0,5609705.0,5609705.0,0.0
1785991500,5609705.0,5609705.0,5609705.0,5609705.0,0.0
1785992400,5609705.0,5609705.0,5609705.0,5609705.0,0.0
1785993300,5584980.0,5584980.0,5582174.0,5582174.0,0.0552924
1785994200,5582174.0,5582174.0,5582174.0,5582174.0,0.0
1785995100,5582174.0,5582174.0,5582174.0,5582174.0,0.0
1785996000,5582174.0,5582174.0,5582174.0,5582174.0,0.0056452
1785996900,5582174.0,5582174.0,5582174.0,5582174.0,0.0
1785997800,5582174.0,5582174.0,5582174.0,5582174.0,0.0
1785998700,5582548.0,5609705.0,5582548.0,5609705.0,0.00591119
1785999600,5609705.0,5609705.0,5609705.0,5609705.0,0.0
1786000500,5609705.0,5609705.0,5609705.0,5609705.0,0.0
1786001400,5609705.0,5609705.0,5609705.0,5609705.0,0.0
1786002300,5609705.0,5609705.0,5555555.0,5555555.0,0.87342065
1786003200,5555555.0,5555555.0,5555555.0,5555555.0,0.0
1786004100,5609705.0,5609705.0,5609705.0,5609705.0,0.02662974
1786005000,5609705.0,5609705.0,5609705.0,5609705.0,0.0
1786005900,5609705.0,5609705.0,5609705.0,5609705.0,0.0
1786006800,5609705.0,5609705.0,5609705.0,5609705.0,0.0
1786007700,5609705.0,5691741.0,5609705.0,5691741.0,0.05382911
1786008600,5691741.0,5691741.0,5691741.0,5691741.0,0.0
1786009500,5689819.0,5689819.0,5555555.0,5686545.0,0.01195913
1786010400,5686545.0,5686545.0,5686545.0,5686545.0,0.0
1786011300,5686545.0,5686545.0,5686545.0,5686545.0,0.0
1786012200,5678056.0,5678056.0,5678056.0,5678056.0,0.0022564
1786013100,5673720.0,5673720.0,5673720.0,5673720.0,0.00479738
1786014000,5676056.0,5676056.0,5676056.0,5676056.0,0.00422071
1786014900,5676056.0,5676056.0,5676056.0,5676056.0,0.0
1786015800,5676056.0,5676056.0,5676056.0,5676056.0,0.0
1786016700,5676056.0,5676056.0,5676056.0,5676056.0,0.0
1786017600,5592279.0,5592279.0,5592279.0,5592279.0,0.00480248
1786018500,5592279.0,5592279.0,5592279.0,5592279.0,0.0
1786019400,5599745.0,5599745.0,5599745.0,5599745.0,0.01601308
1786020300,5596723.0,5596723.0,5596723.0,5596723.0,0.00820513
1786021200,5678056.0,5678056.0,5678056.0,5678056.0,0.00358115
1786022100,5678056.0,5678056.0,5678056.0,5678056.0,0.0
1786023000,5678056.0,5678056.0,5678056.0,5678056.0,0.00247162
1786023900,5678056.0,5678056.0,5678056.0,5678056.0,0.00192918
1786024800,5654053.0,5654053.0,5654053.0,5654053.0,0.00176139
1786025700,5632426.0,5632426.0,5632426.0,5632426.0,0.00244672
1786026600,5596368.0,5596368.0,5596368.0,5596368.0,0.00331967
1786027500,5632237.0,5632237.0,5632237.0,5632237.0,0.00354335
1786028400,5632237.0,5632237.0,5632237.0,5632237.0,0.0
1786029300,5632237.0,5632237.0,5632237.0,5632237.0,0.0
1786030200,5600533.0,5600533.0,5555555.0,5555555.0,0.01802007
1786031100,5555555.0,5555555.0,5555555.0,5555555.0,0.0
1786032000,5555555.0,5555555.0,5555555.0,5555555.0,0.0
1786032900,5592962.0,5592962.0,5592962.0,5592962.0,0.01228079
1786033800,5592962.0,5592962.0,5592962.0,5592962.0,0.0
1786034700,5592962.0,5592962.0,5592962.0,5592962.0,0.0
1786035600,5592962.0,5592962.0,5592962.0,5592962.0,0.0
1786036500,5592962.0,5592962.0,5592962.0,5592962.0,0.00195853
1786037400,5592962.0,5592962.0,5592962.0,5592962.0,0.0
1786038300,5592962.0,5592962.0,5592962.0,5592962.0,0.0
1786039200,5592962.0,5592962.0,5592962.0,5592962.0,0.0
1786040100,5609993.0,5609993.0,5609993.0,5609993.0,0.00177522
1786041000,5609993.0,5609993.0,5609993.0,5609993.0,0.0
1786041900,5609993.0,5609993.0,5609993.0,5609993.0,0.0
1786042800,5609993.0,5609993.0,5609993.0,5609993.0,0.0
1786043700,5609948.0,5609948.0,5609948.0,5609948.0,0.00271214
1786044600,5609948.0,5609948.0,5609948.0,5609948.0,0.0
1786045500,5609948.0,5609948.0,5609948.0,5609948.0,0.0
1786046400,5558372.0,5558372.0,5558372.0,5558372.0,0.00271214
1786047300,5558372.0,5558372.0,5558372.0,5558372.0,0.0
1786048200,5558372.0,5558372.0,5558372.0,5558372.0,0.0
1786049100,5558372.0,5558372.0,5558372.0,5558372.0,0.0
1786050000,5558372.0,5558372.0,5558372.0,5558372.0,0.0
1786050900,5558372.0,5558372.0,5558372.0,5558372.0,0.0
1786051800,5558372.0,5558372.0,5558372.0,5558372.0,0.0
1786052700,5558372.0,5558372.0,5558372.0,5558372.0,0.0
1786053600,5558372.0,5558372.0,5558372.0,5558372.0,0.0
1786054500,5558372.0,5558372.0,5558372.0,5558372.0,0.0
1786055400,5558372.0,5558372.0,5558372.0,5558372.0,0.0
1786056300,5558372.0,5558372.0,5558372.0,5558372.0,0.0
1786057200,5558372.0,5558372.0,5558372.0,5558372.0,0.0
1786058100,5558372.0,5558372.0,5558372.0,5558372.0,0.0
1786059000,5558372.0,5558372.0,5558372.0,5558372.0,0.0
1786059900,5558372.0,5558372.0,5558372.0,5558372.0,0.0
1786060800,5632237.0,5632237.0,5632237.0,5632237.0,0.00176821
1786061700,5632237.0,5632237.0,5632237.0,5632237.0,0.0
1786062600,5632237.0,5632237.0,5632237.0,5632237.0,0.0
1786063500,5632237.0,5632237.0,5632237.0,5632237.0,0.0
1786064400,5632237.0,5632237.0,5632237.0,5632237.0,0.0
1786065300,5563139.0,5563139.0,5563139.0,5563139.0,0.00244672
1786066200,5632237.0,5632237.0,5632237.0,5632237.0,0.00530464
1786067100,5632237.0,5632237.0,5632237.0,5632237.0,0.0
1786068000,5632207.0,5632207.0,5632207.0,5632207.0,0.00756861
1786068900,5563139.0,5563139.0,5563139.0,5563139.0,0.00195224
1786069800,5563139.0,5563139.0,5563139.0,5563139.0,0.0
1786070700,5563139.0,5563139.0,5563139.0,5563139.0,0.0
1786071600,5566370.0,5566370.0,5566370.0,5566370.0,0.01626948
1786072500,5566107.0,5566615.0,5566107.0,5566615.0,0.00909159
1786073400,5563139.0,5563139.0,5563139.0,5563139.0,0.00222488
1786074300,5563139.0,5563139.0,5563139.0,5563139.0,0.0
1786075200,5563139.0,5563139.0,5563139.0,5563139.0,0.0
1786076100,5632237.0,5632237.0,5632237.0,5632237.0,0.03011964
1786077000,5632237.0,5632237.0,5632237.0,5632237.0,0.0
1786077900,5632237.0,5632237.0,5632237.0,5632237.0,0.0
1786078800,5632237.0,5632237.0,5632237.0,5632237.0,0.0
1786079700,5632237.0,5632237.0,5632237.0,5632237.0,0.0
1786080600,5632237.0,5632237.0,5632237.0,5632237.0,0.0
1786081500,5632237.0,5632237.0,5632237.0,5632237.0,0.0
1786082400,5632217.0,5632217.0,5632217.0,5632217.0,0.00794802
1786083300,5632217.0,5632217.0,5632217.0,5632217.0,0.0176822
1786084200,5632217.0,5632217.0,5632217.0,5632217.0,0.0
1786085100,5631643.0,5631643.0,5631643.0,5631643.0,0.0017684
1786086000,5627498.0,5627498.0,5627498.0,5627498.0,0.00180346
1786086900,5627493.0,5627493.0,5627493.0,5627493.0,0.01258676
1786087800,5627493.0,5627493.0,5563143.0,5563143.0,0.01363536
1786088700,5563143.0,5563143.0,5563143.0,5563143.0,0.0
1786089600,5563143.0,5563143.0,5563143.0,5563143.0,0.0
1786090500,5563143.0,5563143.0,5563143.0,5563143.0,0.0
1786091400,5563139.0,5563139.0,5563139.0,5563139.0,0.00358115
1786092300,5563139.0,5563139.0,5563139.0,5563139.0,0.0
1786093200,5563139.0,5563139.0,5563139.0,5563139.0,0.0
1786094100,5563139.0,5563139.0,5563139.0,5563139.0,0.0
1786095000,5563139.0,5563139.0,5563139.0,5563139.0,0.0
1786095900,5620956.0,5620956.0,5620956.0,5620956.0,0.00856526
1786096800,5563143.0,5563143.0,5563143.0,5563143.0,0.0101303
1786097700,5563143.0,5563143.0,5563143.0,5563143.0,0.0
1786098600,5563143.0,5563143.0,5563143.0,5563143.0,0.0
1786099500,5563143.0,5563143.0,5563139.0,5563139.0,0.01140595
1786100400,5563139.0,5563139.0,5563139.0,5563139.0,0.0
1786101300,5563139.0,5563139.0,5563139.0,5563139.0,0.0
1786102200,5563139.0,5563139.0,5563139.0,5563139.0,0.00566422
1786103100,5563139.0,5563139.0,5563139.0,5563139.0,0.0
1786104000,5563139.0,5563139.0,5563139.0,5563139.0,0.0
1786104900,5563139.0,5563139.0,5563139.0,5563139.0,0.0
1786105800,5563139.0,5563139.0,5563139.0,5563139.0,0.00404632
1786106700,5563139.0,5563139.0,5563139.0,5563139.0,0.0
1786107600,5563139.0,5563139.0,5563139.0,5563139.0,0.0
1786108500,5563139.0,5563139.0,5563139.0,5563139.0,0.0
1786109400,5563139.0,5563139.0,5563139.0,5563139.0,0.0
1786110300,5563139.0,5563139.0,5563139.0,5563139.0,0.0
1786111200,5563139.0,5563139.0,5563139.0,5563139.0,0.0
1786112100,5563139.0,5563139.0,5563139.0,5563139.0,0.0
1786113000,5607868.0,5607868.0,5607868.0,5607868.0,0.00629685
1786113900,5607868.0,5607868.0,5607868.0,5607868.0,0.01704854
1786114800,5607868.0,5607868.0,5607868.0,5607868.0,0.0
1786115700,5607868.0,5607868.0,5607868.0,5607868.0,0.0
1786116600,5607868.0,5607868.0,5607868.0,5607868.0,0.0
1786117500,5607868.0,5607868.0,5607868.0,5607868.0,0.0
1786118400,5607868.0,5607868.0,5607868.0,5607868.0,0.0
1786119300,5607868.0,5607868.0,5607868.0,5607868.0,0.0
1786120200,5607868.0,5607868.0,5607868.0,5607868.0,0.0
1786121100,5607868.0,5607868.0,5607868.0,5607868.0,0.0
1786122000,5607868.0,5607868.0,5607868.0,5607868.0,0.0
1786122900,5607868.0,5607868.0,5607868.0,5607868.0,0.0
1786123800,5607868.0,5607868.0,5607868.0,5607868.0,0.0
1786124700,5607868.0,5607868.0,5607868.0,5607868.0,0.0
1786125600,5607871.0,5607871.0,5607871.0,5607871.0,0.00803958
1786126500,5607871.0,5607871.0,5607871.0,5607871.0,0.0
1786127400,5607871.0,5607871.0,5607871.0,5607871.0,0.0
1786128300,5607871.0,5607871.0,5607871.0,5607871.0,0.0
1786129200,5607871.0,5607871.0,5607871.0,5607871.0,0.0
1786130100,5607871.0,5607871.0,5607871.0,5607871.0,0.0
1786131000,5607871.0,5607871.0,5607871.0,5607871.0,0.0
1786131900,5607871.0,5607871.0,5607871.0,5607871.0,0.0
1786132800,5607871.0,5607871.0,5607871.0,5607871.0,0.0
1786133700,5607871.0,5607871.0,5607871.0,5607871.0,0.0
1786134600,5607871.0,5607871.0,5607871.0,5607871.0,0.0
1786135500,5607871.0,5607871.0,5607871.0,5607871.0,0.0
1786136400,5607871.0,5607871.0,5607871.0,5607871.0,0.0
1786137300,5607871.0,5607871.0,5607871.0,5607871.0,0.0
1786138200,5607871.0,5607871.0,5607871.0,5607871.0,0.0
1786139100,5607871.0,5607871.0,5607871.0,5607871.0,0.0
1786140000,5607871.0,5607871.0,5607871.0,5607871.0,0.0
1786140900,5607871.0,5607871.0,5607871.0,5607871.0,0.0
1786141800,5607871.0,5607871.0,5607871.0,5607871.0,0.0
1786142700,5607871.0,5607871.0,5607871.0,5607871.0,0.0
1786143600,5607871.0,5607871.0,5607871.0,5607871.0,0.0
1786144500,5607868.0,5607868.0,5607868.0,5607868.0,0.00177589
1786145400,5607868.0,5607868.0,5607868.0,5607868.0,0.0
1786146300,5607868.0,5607868.0,5607868.0,5607868.0,0.0
1786147200,5563143.0,5563143.0,5563143.0,5563143.0,0.0090438
1786148100,5563143.0,5563143.0,5563143.0,5563143.0,0.0
1786149000,5563143.0,5563143.0,5563143.0,5563143.0,0.0
1786149900,5563143.0,5563143.0,5563143.0,5563143.0,0.0
1786150800,5563143.0,5563143.0,5563143.0,5563143.0,0.0
1786151700,5563143.0,5563143.0,5563143.0,5563143.0,0.0
1786152600,5607868.0,5607868.0,5607868.0,5607868.0,0.00177589
1786153500,5607868.0,5607868.0,5607868.0,5607868.0,0.0
1786154400,5607868.0,5607868.0,5607868.0,5607868.0,0.01775897
1786155300,5563143.0,5563143.0,5563143.0,5563143.0,0.00334613
1786156200,5563143.0,5563143.0,5563143.0,5563143.0,0.0
1786157100,5563143.0,5563143.0,5563143.0,5563143.0,0.0
1786158000,5607868.0,5607868.0,5607868.0,5607868.0,0.01134851
1786158900,5607868.0,5607868.0,5607868.0,5607868.0,0.0
1786159800,5607868.0,5607868.0,5607868.0,5607868.0,0.00177589
1786160700,5607868.0,5607868.0,5607868.0,5607868.0,0.0
1786161600,5563143.0,5563143.0,5563143.0,5563143.0,0.00808079
1786162500,5563143.0,5563143.0,5563143.0,5563143.0,0.0
1786163400,5563143.0,5563143.0,5563143.0,5563143.0,0.0
1786164300,5563139.0,5607867.0,5563139.0,5607867.0,0.04371928
1786165200,5563139.0,5563139.0,5563139.0,5563139.0,0.00492777
1786166100,5563139.0,5563139.0,5563139.0,5563139.0,0.0
1786167000,5563139.0,5563139.0,5563139.0,5563139.0,0.00183246
1786167900,5563139.0,5563139.0,5563139.0,5563139.0,0.0
1786168800,5563139.0,5563139.0,5563139.0,5563139.0,0.0
1786169700,5563139.0,5563139.0,5563139.0,5563139.0,0.0
1786170600,5563139.0,5563139.0,5563139.0,5563139.0,0.0
1786171500,5563139.0,5563139.0,5563139.0,5563139.0,0.0
1786172400,5563139.0,5563139.0,5563139.0,5563139.0,0.0
1786173300,5563139.0,5563139.0,5563139.0,5563139.0,0.01124401
1786174200,5563139.0,5563139.0,5563139.0,5563139.0,0.0
1786175100,5607847.0,5607847.0,5563139.0,5563139.0,0.007055
1786176000,5563139.0,5563139.0,5563139.0,5563139.0,0.0
1786176900,5563139.0,5563139.0,5563139.0,5563139.0,0.0
1786177800,5563139.0,5563139.0,5563139.0,5563139.0,0.0
1786178700,5607822.0,5607822.0,5563139.0,5563139.0,0.03333292
1786179600,5563139.0,5563139.0,5563139.0,5563139.0,0.0
1786180500,5607857.0,5607857.0,5607857.0,5607857.0,0.00727461
1786181400,5607857.0,5607857.0,5607857.0,5607857.0,0.0
1786182300,5607857.0,5607857.0,5607857.0,5607857.0,0.0
1786183200,5563139.0,5607857.0,5563139.0,5607857.0,0.13083653
1786184100,5607848.0,5607848.0,5607848.0,5607848.0,0.0110167
1786185000,5607847.0,5622235.0,5555555.0,5622235.0,0.69980578
1786185900,5622235.0,5622235.0,5622235.0,5622235.0,0.0
1786186800,5622235.0,5622235.0,5622235.0,5622235.0,0.0
1786187700,5616916.0,5616916.0,5555555.0,5555555.0,0.09995129
1786188600,5555555.0,5555555.0,5555555.0,5555555.0,0.0
1786189500,5555555.0,5555555.0,5555555.0,5555555.0,0.0
1786190400,5555555.0,5555555.0,5555555.0,5555555.0,0.0
1786191300,5555555.0,5555555.0,5555555.0,5555555.0,0.0
1786192200,5618181.0,5618181.0,5555555.0,5555555.0,0.01409803
1786193100,5610471.0,5610471.0,5610471.0,5610471.0,0.00252937
1786194000,5611552.0,5611552.0,5611552.0,5611552.0,0.01024172
1786194900,5611552.0,5611552.0,5611552.0,5611552.0,0.0
1786195800,5611552.0,5611552.0,5611552.0,5611552.0,0.0
1786196700,5555600.0,5555600.0,5555600.0,5555600.0,0.00443112
1786197600,5555600.0,5555600.0,5555600.0,5555600.0,0.0
1786198500,5555600.0,5555600.0,5555600.0,5555600.0,0.0
1786199400,5555600.0,5555600.0,5555600.0,5555600.0,0.0
1786200300,5555600.0,5555600.0,5555600.0,5555600.0,0.0
1786201200,5555600.0,5555600.0,5555600.0,5555600.0,0.0
1786202100,5555600.0,5555600.0,5555600.0,5555600.0,0.0
1786203000,5555600.0,5555600.0,5555600.0,5555600.0,0.0
1786203900,5555600.0,5555600.0,5555600.0,5555600.0,0.04313917
1786204800,5601497.0,5601498.0,5601497.0,5601498.0,0.08860237
1786205700,5601498.0,5601498.0,5601498.0,5601498.0,0.0
1786206600,5601498.0,5601498.0,5601498.0,5601498.0,0.0
1786207500,5601498.0,5601498.0,5601498.0,5601498.0,0.0
1786208400,5601498.0,5601498.0,5601498.0,5601498.0,0.0
1786209300,5601498.0,5601498.0,5601498.0,5601498.0,0.0
1786210200,5601498.0,5601498.0,5601498.0,5601498.0,0.0
1786211100,5601498.0,5601498.0,5601498.0,5601498.0,0.0
1786212000,5601498.0,5601498.0,5601498.0,5601498.0,0.0
1786212900,5601498.0,5601498.0,5601498.0,5601498.0,0.0
1786213800,5601498.0,5601498.0,5601498.0,5601498.0,0.0
1786214700,5602943.0,5602943.0,5602943.0,5602943.0,0.00248833
1786215600,5602943.0,5602943.0,5602943.0,5602943.0,0.0
1786216500,5602943.0,5602943.0,5602943.0,5602943.0,0.0
1786217400,5602943.0,5602943.0,5602943.0,5602943.0,0.0
1786218300,5602943.0,5602943.0,5602943.0,5602943.0,0.0
1786219200,5602935.0,5602935.0,5602935.0,5602935.0,0.03199448
1786220100,5601867.0,5601867.0,5601867.0,5601867.0,0.0017778
1786221000,5601867.0,5601867.0,5601867.0,5601867.0,0.0
1786221900,5601867.0,5601867.0,5601867.0,5601867.0,0.0
1786222800,5601867.0,5601867.0,5601867.0,5601867.0,0.0
1786223700,5555600.0,5555600.0,5555600.0,5555600.0,0.00620986
1786224600,5601863.0,5601863.0,5601863.0,5601863.0,0.00423644
1786225500,5601863.0,5601863.0,5601863.0,5601863.0,0.0
1786226400,5601867.0,5601867.0,5601867.0,5601867.0,0.00444441
1786227300,5601867.0,5601867.0,5601867.0,5601867.0,0.0
1786228200,5601867.0,5601867.0,5601867.0,5601867.0,0.0
1786229100,5601867.0,5601867.0,5601867.0,5601867.0,0.0
1786230000,5601867.0,5601867.0,5601867.0,5601867.0,0.0
1786230900,5601867.0,5601867.0,5601867.0,5601867.0,0.0
1786231800,5601867.0,5601867.0,5601867.0,5601867.0,0.0
1786232700,5601867.0,5601867.0,5601867.0,5601867.0,0.0
1786233600,5601867.0,5601867.0,5601867.0,5601867.0,0.0035556
1786234500,5601867.0,5601867.0,5601867.0,5601867.0,0.0
1786235400,5601867.0,5601867.0,5601867.0,5601867.0,0.0
1786236300,5601867.0,5601867.0,5601867.0,5601867.0,0.0
1786237200,5601867.0,5601867.0,5601867.0,5601867.0,0.0
1786238100,5555600.0,5601867.0,5555600.0,5601867.0,0.0064665
1786239000,5601867.0,5601867.0,5601867.0,5601867.0,0.0017778
1786239900,5601867.0,5601867.0,5601867.0,5601867.0,0.0
1786240800,5601867.0,5601867.0,5601867.0,5601867.0,0.0
1786241700,5601863.0,5601863.0,5555600.0,5555600.0,0.00521733
1786242600,5555600.0,5555600.0,5555600.0,5555600.0,0.0
1786243500,5601863.0,5601867.0,5555600.0,5601863.0,0.01503193
1786244400,5601863.0,5601863.0,5601863.0,5601863.0,0.0
1786245300,5601863.0,5601863.0,5601863.0,5601863.0,0.0
1786246200,5601863.0,5601863.0,5601863.0,5601863.0,0.0
1786247100,5601863.0,5601863.0,5601863.0,5601863.0,0.0
1786248000,5601863.0,5601863.0,5601863.0,5601863.0,0.0
1786248900,5601867.0,5601867.0,5601867.0,5601867.0,0.0017778
1786249800,5601867.0,5601867.0,5555600.0,5601867.0,0.00908597
1786250700,5601867.0,5601867.0,5601867.0,5601867.0,0.0
1786251600,5601867.0,5601867.0,5601867.0,5601867.0,0.0
1786252500,5555600.0,5555600.0,5555555.0,5555555.0,0.10306059
1786253400,5555555.0,5555555.0,5555555.0,5555555.0,0.0
1786254300,5555555.0,5555555.0,5555555.0,5555555.0,0.0
1786255200,5555555.0,5555555.0,5555555.0,5555555.0,0.00891437
1786256100,5555555.0,5555555.0,5555555.0,5555555.0,0.0
1786257000,5622235.0,5622306.0,5622235.0,5622306.0,0.00351408
1786257900,5622306.0,5622306.0,5622306.0,5622306.0,0.0
1786258800,5622306.0,5622306.0,5622306.0,5622306.0,0.0
1786259700,5625000.0,5632238.0,5625000.0,5632238.0,0.01773019
1786260600,5618007.0,5618007.0,5618007.0,5618007.0,0.05281072
1786261500,5618007.0,5618007.0,5618007.0,5618007.0,0.0
1786262400,5555555.0,5555555.0,5555555.0,5555555.0,0.09426825
1786263300,5555555.0,5555555.0,5555555.0,5555555.0,0.0110167
1786264200,5555555.0,5555555.0,5555555.0,5555555.0,0.0
1786265100,5555555.0,5555555.0,5555555.0,5555555.0,0.0
1786266000,5555555.0,5608505.0,5555555.0,5608505.0,0.0094703
1786266900,5617110.0,5617110.0,5555555.0,5555555.0,0.00532374
1786267800,5555555.0,5555555.0,5555555.0,5555555.0,0.0
1786268700,5555555.0,5555555.0,5555555.0,5555555.0,0.0
1786269600,5555555.0,5555555.0,5555555.0,5555555.0,0.00362628
1786270500,5555555.0,5555555.0,5555555.0,5555555.0,0.00343639
1786271400,5555555.0,5606891.0,5555555.0,5555555.0,0.08712747
1786272300,5555555.0,5555555.0,5555555.0,5555555.0,0.03789526
1786273200,5555555.0,5555555.0,5555555.0,5555555.0,0.0
1786274100,5555555.0,5555555.0,5555555.0,5555555.0,0.0
1786275000,5632238.0,5632238.0,5632238.0,5632238.0,0.00637916
1786275900,5632238.0,5632238.0,5632238.0,5632238.0,0.0
1786276800,5632238.0,5632238.0,5632238.0,5632238.0,0.0
1786277700,5632238.0,5632238.0,5632238.0,5632238.0,0.0
1786278600,5632238.0,5632238.0,5632238.0,5632238.0,0.0
1786279500,5632238.0,5632238.0,5632238.0,5632238.0,0.0
1786280400,5614242.0,5614242.0,5614242.0,5614242.0,0.00177388
1786281300,5627509.0,5627509.0,5627509.0,5627509.0,0.06733583
1786282200,5627509.0,5627509.0,5627509.0,5627509.0,0.0
1786283100,5555555.0,5618007.0,5555555.0,5618007.0,0.0054783
1786284000,5555555.0,5555555.0,5555555.0,5555555.0,0.00630632
1786284900,5555555.0,5555555.0,5555555.0,5555555.0,0.0
1786285800,5555555.0,5555555.0,5555555.0,5555555.0,0.0
1786286700,5555555.0,5555555.0,5555555.0,5555555.0,0.0
1786287600,5632238.0,5632238.0,5632238.0,5632238.0,0.0141457
1786288500,5632238.0,5632238.0,5632238.0,5632238.0,0.0
1786289400,5632238.0,5632238.0,5632238.0,5632238.0,0.0
1786290300,5619800.0,5619800.0,5619800.0,5619800.0,0.00177604
1786291200,5619800.0,5619800.0,5619800.0,5619800.0,0.0
1786292100,5622131.0,5622131.0,5555555.0,5555555.0,0.0050639
1786293000,5555555.0,5555555.0,5555555.0,5555555.0,0.0
1786293900,5555555.0,5555555.0,5555555.0,5555555.0,0.00339696
1786294800,5555555.0,5555555.0,5555555.0,5555555.0,0.0
1786295700,5555555.0,5555555.0,5555555.0,5555555.0,0.0
1786296600,5555555.0,5555555.0,5555555.0,5555555.0,0.0
1786297500,5555555.0,5632238.0,5555555.0,5632238.0,0.04852966
1786298400,5632238.0,5632238.0,5632238.0,5632238.0,0.0
1786299300,5632238.0,5632238.0,5632238.0,5632238.0,0.0
1786300200,5621951.0,5621951.0,5621951.0,5621951.0,0.04223906
1786301100,5621951.0,5621951.0,5621951.0,5621951.0,0.0
1786302000,5621951.0,5621951.0,5621951.0,5621951.0,0.0
1786302900,5621951.0,5621951.0,5621951.0,5621951.0,0.0
1786303800,5621951.0,5621951.0,5621951.0,5621951.0,0.0
1786304700,5621951.0,5621951.0,5621951.0,5621951.0,0.0
1786305600,5621951.0,5621951.0,5621951.0,5621951.0,0.0
1786306500,5621951.0,5621951.0,5621951.0,5621951.0,0.0
1786307400,5621951.0,5621951.0,5621951.0,5621951.0,0.0
1786308300,5621951.0,5621951.0,5621951.0,5621951.0,0.0
1786309200,5621951.0,5621951.0,5621951.0,5621951.0,0.0
1786310100,5621951.0,5621951.0,5621951.0,5621951.0,0.0
1786311000,5621951.0,5621951.0,5621951.0,5621951.0,0.0
1786311900,5621951.0,5621951.0,5621951.0,5621951.0,0.0
1786312800,5621951.0,5621951.0,5621951.0,5621951.0,0.0
1786313700,5621951.0,5621951.0,5621951.0,5621951.0,0.0
1786314600,5621951.0,5621951.0,5621951.0,5621951.0,0.0
1786315500,5621951.0,5621951.0,5621951.0,5621951.0,0.0
1786316400,5632238.0,5632238.0,5632238.0,5632238.0,0.00250504
1786317300,5632238.0,5632238.0,5632238.0,5632238.0,0.0
1786318200,5625770.0,5625770.0,5625770.0,5625770.0,0.00347294
1786319100,5625520.0,5625520.0,5625520.0,5625520.0,0.01070674
1786320000,5625520.0,5625520.0,5625520.0,5625520.0,0.0
1786320900,5625520.0,5625520.0,5625520.0,5625520.0,0.0
1786321800,5625520.0,5625520.0,5625520.0,5625520.0,0.0
1786322700,5555555.0,5555555.0,5555555.0,5555555.0,0.03432076
1786323600,5555555.0,5555555.0,5555555.0,5555555.0,0.0
1786324500,5555555.0,5555555.0,5555555.0,5555555.0,0.0
1786325400,5555555.0,5555555.0,5555555.0,5555555.0,0.0029727
1786326300,5555555.0,5555555.0,5555555.0,5555555.0,0.0
1786327200,5555555.0,5555555.0,5555555.0,5555555.0,0.0
1786328100,5555555.0,5555555.0,5555555.0,5555555.0,0.0
1786329000,5555555.0,5555555.0,5555555.0,5555555.0,0.0
1786329900,5555555.0,5555555.0,5555555.0,5555555.0,0.0
1786330800,5555555.0,5555555.0,5555555.0,5555555.0,0.0
1786331700,5555555.0,5555555.0,5555555.0,5555555.0,0.0
1786332600,5575555.0,5575555.0,5575555.0,5575555.0,0.00361645
1786333500,5575555.0,5575555.0,5575555.0,5575555.0,0.0
1786334400,5575555.0,5575555.0,5575555.0,5575555.0,0.0
1786335300,5575555.0,5575555.0,5575555.0,5575555.0,0.0
1786336200,5575556.0,5575556.0,5575556.0,5575556.0,0.00607321
1786337100,5575556.0,5575556.0,5575556.0,5575556.0,0.0
1786338000,5575556.0,5575556.0,5575555.0,5575555.0,0.01747318
1786338900,5575555.0,5575555.0,5575555.0,5575555.0,0.0
1786339800,5575555.0,5575555.0,5575555.0,5575555.0,0.0
1786340700,5575555.0,5575555.0,5575555.0,5575555.0,0.0
1786341600,5575555.0,5575555.0,5575555.0,5575555.0,0.0
1786342500,5575555.0,5575555.0,5575555.0,5575555.0,0.0
1786343400,5575555.0,5575555.0,5575555.0,5575555.0,0.0
1786344300,5575555.0,5575555.0,5575555.0,5575555.0,0.0
1786345200,5575555.0,5575555.0,5575555.0,5575555.0,0.0
1786346100,5614102.0,5614102.0,5614102.0,5614102.0,0.08869664
1786347000,5632238.0,5632238.0,5568273.0,5568273.0,0.01161088
1786347900,5568273.0,5568273.0,5568273.0,5568273.0,0.0
1786348800,5613053.0,5613053.0,5613053.0,5613053.0,0.00404271
1786349700,5568273.0,5568273.0,5568273.0,5568273.0,0.01425467
1786350600,5568273.0,5568273.0,5568273.0,5568273.0,0.0
1786351500,5568273.0,5568273.0,5568273.0,5568273.0,0.00819398
1786352400,5568273.0,5568273.0,5568273.0,5568273.0,0.0
1786353300,5568273.0,5568273.0,5568273.0,5568273.0,0.0
1786354200,5568273.0,5568273.0,5568273.0,5568273.0,0.0
1786355100,5626276.0,5626276.0,5626276.0,5626276.0,0.00183478
1786356000,5626276.0,5626276.0,5626276.0,5626276.0,0.0
1786356900,5626276.0,5626276.0,5626276.0,5626276.0,0.0
1786357800,5568273.0,5568273.0,5555555.0,5555555.0,2.59905927
1786358700,5540992.0,5540992.0,5540992.0,5540992.0,0.07071477
1786359600,5540992.0,5540992.0,5540992.0,5540992.0,0.0
1786360500,5540992.0,5540992.0,5540992.0,5540992.0,0.0
1786361400,5540992.0,5540992.0,5540992.0,5540992.0,0.0
1786362300,5529000.0,5529000.0,5529000.0,5529000.0,0.017516
1786363200,5529000.0,5529000.0,5529000.0,5529000.0,0.0
1786364100,5529000.0,5529000.0,5529000.0,5529000.0,0.0
1786365000,5529000.0,5529000.0,5529000.0,5529000.0,0.0
1786365900,5529000.0,5529000.0,5529000.0,5529000.0,0.0
1786366800,5529000.0,5529000.0,5529000.0,5529000.0,0.0
1786367700,5556192.0,5556192.0,5526430.0,5526430.0,0.45389873
1786368600,5500010.0,5500010.0,5489721.0,5489721.0,0.11368693
1786369500,5489721.0,5489721.0,5489721.0,5489721.0,0.0
1786370400,5489721.0,5489721.0,5489721.0,5489721.0,0.0
1786371300,5489721.0,5489721.0,5489721.0,5489721.0,0.0
1786372200,5489721.0,5489721.0,5489721.0,5489721.0,0.0
1786373100,5632238.0,5632238.0,5632238.0,5632238.0,0.00176821
1786374000,5516342.0,5516342.0,5428501.0,5428501.0,0.01586376
1786374900,5503515.0,5503515.0,5503515.0,5503515.0,0.00476659
1786375800,5503515.0,5503515.0,5503515.0,5503515.0,0.0
1786376700,5503515.0,5503515.0,5503515.0,5503515.0,0.0
1786377600,5503515.0,5503515.0,5503515.0,5503515.0,0.0
1786378500,5420000.0,5498360.0,5417904.0,5498360.0,0.09775297
1786379400,5498360.0,5498360.0,5498360.0,5498360.0,0.0
1786380300,5498360.0,5632238.0,5495476.0,5632238.0,0.03323324
1786381200,5503035.0,5506762.0,5503035.0,5506762.0,0.21953154
1786382100,5430135.0,5430135.0,5430135.0,5430135.0,0.04217614
1786383000,5430135.0,5430135.0,5430135.0,5430135.0,0.0
1786383900,5430135.0,5430135.0,5430135.0,5430135.0,0.0
1786384800,5432567.0,5432567.0,5432567.0,5432567.0,0.01070674
1786385700,5432567.0,5432567.0,5432567.0,5432567.0,0.0
1786386600,5432567.0,5432567.0,5432567.0,5432567.0,0.0
1786387500,5432567.0,5432567.0,5432567.0,5432567.0,0.0
1786388400,5515350.0,5515350.0,5515350.0,5515350.0,0.00180623
1786389300,5515350.0,5515350.0,5515350.0,5515350.0,0.0
1786390200,5515350.0,5515350.0,5515350.0,5515350.0,0.0
1786391100,5515350.0,5515350.0,5515350.0,5515350.0,0.0
1786392000,5515350.0,5515350.0,5515350.0,5515350.0,0.0
1786392900,5515350.0,5515350.0,5515350.0,5515350.0,0.0
1786393800,5515350.0,5515350.0,5515350.0,5515350.0,0.0
1786394700,5515350.0,5515350.0,5515350.0,5515350.0,0.0
1786395600,5515350.0,5515350.0,5515350.0,5515350.0,0.0
1786396500,5515350.0,5515350.0,5515350.0,5515350.0,0.0
1786397400,5515350.0,5515350.0,5515350.0,5515350.0,0.0
1786398300,5515350.0,5515350.0,5515350.0,5515350.0,0.0
1786399200,5515350.0,5515350.0,5515350.0,5515350.0,0.0
1786400100,5515350.0,5515350.0,5515350.0,5515350.0,0.0
1786401000,5515350.0,5515350.0,5515350.0,5515350.0,0.0
1786401900,5515350.0,5515350.0,5515350.0,5515350.0,0.0
1786402800,5515350.0,5515350.0,5515350.0,5515350.0,0.0
1786403700,5515350.0,5515350.0,5515350.0,5515350.0,0.0
1786404600,5515350.0,5515350.0,5515350.0,5515350.0,0.0
1786405500,5515350.0,5515350.0,5515350.0,5515350.0,0.0
1786406400,5532810.0,5532810.0,5532810.0,5532810.0,0.00210128
1786407300,5532810.0,5532810.0,5532810.0,5532810.0,0.0
1786408200,5532810.0,5532810.0,5532810.0,5532810.0,0.0
1786409100,5532810.0,5532810.0,5532810.0,5532810.0,0.0
1786410000,5532810.0,5532810.0,5532810.0,5532810.0,0.0
1786410900,5457316.0,5457316.0,5457316.0,5457316.0,0.0265232
1786411800,5457316.0,5457316.0,5457316.0,5457316.0,0.0
1786412700,5470364.0,5479292.0,5470364.0,5479292.0,0.30168429
1786413600,5479292.0,5479292.0,5479292.0,5479292.0,0.0
1786414500,5479292.0,5479292.0,5479292.0,5479292.0,0.0
1786415400,5479292.0,5479292.0,5479292.0,5479292.0,0.0
1786416300,5479292.0,5479292.0,5479292.0,5479292.0,0.0
1786417200,5479292.0,5479292.0,5479292.0,5479292.0,0.0
1786418100,5479292.0,5479292.0,5479292.0,5479292.0,0.0
1786419000,5479292.0,5479292.0,5479292.0,5479292.0,0.0
1786419900,5552764.0,5552764.0,5552764.0,5552764.0,0.00179352
1786420800,5552764.0,5552764.0,5552764.0,5552764.0,0.0
1786421700,5552764.0,5552764.0,5552764.0,5552764.0,0.0
1786422600,5552764.0,5564083.0,5552764.0,5564083.0,0.03333996
1786423500,5564083.0,5564083.0,5564083.0,5564083.0,0.0
1786424400,5564083.0,5564083.0,5564083.0,5564083.0,0.0
1786425300,5564083.0,5564083.0,5564083.0,5564083.0,0.0
1786426200,5564083.0,5564083.0,5564083.0,5564083.0,0.0
1786427100,5564083.0,5564083.0,5564083.0,5564083.0,0.0
1786428000,5564083.0,5564083.0,5564083.0,5564083.0,0.0
1786428900,5564083.0,5564083.0,5564083.0,5564083.0,0.0
1786429800,5564083.0,5564083.0,5564083.0,5564083.0,0.0
1786430700,5564083.0,5564083.0,5564083.0,5564083.0,0.0
1786431600,5564083.0,5564083.0,5564083.0,5564083.0,0.0
1786432500,5564083.0,5564083.0,5564083.0,5564083.0,0.0
1786433400,5564083.0,5564083.0,5564083.0,5564083.0,0.0
1786434300,5564083.0,5564083.0,5564083.0,5564083.0,0.0
1786435200,5564083.0,5564083.0,5564083.0,5564083.0,0.0
1786436100,5564083.0,5564083.0,5564083.0,5564083.0,0.0
1786437000,5564083.0,5564083.0,5564083.0,5564083.0,0.0
1786437900,5564083.0,5564083.0,5564083.0,5564083.0,0.0
1786438800,5564083.0,5564083.0,5564083.0,5564083.0,0.0
1786439700,5564083.0,5564083.0,5564083.0,5564083.0,0.0
1786440600,5564083.0,5564083.0,5564083.0,5564083.0,0.0
1786441500,5564083.0,5564083.0,5564083.0,5564083.0,0.0
1786442400,5564083.0,5564083.0,5564083.0,5564083.0,0.0
1786443300,5564083.0,5564083.0,5564083.0,5564083.0,0.0
1786444200,5632238.0,5632238.0,5632238.0,5632238.0,0.00778092
1786445100,5577814.0,5577814.0,5577769.0,5577769.0,0.02073092
1786446000,5577769.0,5577769.0,5577769.0,5577769.0,0.0
1786446900,5632238.0,5632238.0,5453137.0,5453137.0,0.00382198
1786447800,5453137.0,5453137.0,5453137.0,5453137.0,0.0
1786448700,5453137.0,5453137.0,5453137.0,5453137.0,0.0
1786449600,5453137.0,5453137.0,5434730.0,5434730.0,0.00557312
1786450500,5434730.0,5434730.0,5434730.0,5434730.0,0.0
1786451400,5434730.0,5434730.0,5434730.0,5434730.0,0.0
1786452300,5434730.0,5434730.0,5434730.0,5434730.0,0.0
1786453200,5632238.0,5632238.0,5632238.0,5632238.0,0.00176821
1786454100,5632238.0,5632238.0,5632238.0,5632238.0,0.0
1786455000,5474851.0,5632238.0,5474851.0,5632238.0,0.03222989
1786455900,5632238.0,5632238.0,5632238.0,5632238.0,0.00176821
1786456800,5632238.0,5670238.0,5434725.0,5670237.0,0.03708014
1786457700,5670238.0,5670238.0,5670238.0,5670238.0,0.00877053
1786458600,5670238.0,5670238.0,5670238.0,5670238.0,0.0
1786459500,5670238.0,5670238.0,5670238.0,5670238.0,0.0
1786460400,5670238.0,5670238.0,5670238.0,5670238.0,0.0
1786461300,5670238.0,5670238.0,5670238.0,5670238.0,0.0
1786462200,5667999.0,5667999.0,5667999.0,5667999.0,0.00175705
1786463100,5667999.0,5667999.0,5456722.0,5456722.0,0.00592518
1786464000,5456722.0,5456722.0,5456722.0,5456722.0,0.0
1786464900,5456722.0,5456722.0,5456722.0,5456722.0,0.0
1786465800,5456722.0,5456722.0,5456722.0,5456722.0,0.0
1786466700,5456722.0,5456722.0,5456722.0,5456722.0,0.0
1786467600,5667998.0,5667999.0,5667998.0,5667999.0,0.00675494
1786468500,5667999.0,5667999.0,5667999.0,5667999.0,0.0
1786469400,5667999.0,5667999.0,5667999.0,5667999.0,0.0
1786470300,5456858.0,5456858.0,5456858.0,5456858.0,0.00476659
1786471200,5456858.0,5456858.0,5456858.0,5456858.0,0.0
1786472100,5456858.0,5456858.0,5456858.0,5456858.0,0.0
1786473000,5456858.0,5456858.0,5456858.0,5456858.0,0.0
1786473900,5456858.0,5456858.0,5456858.0,5456858.0,0.0
1786474800,5456858.0,5456858.0,5456858.0,5456858.0,0.0
1786475700,5456858.0,5456858.0,5456858.0,5456858.0,0.0
1786476600,5456858.0,5456858.0,5456858.0,5456858.0,0.0
1786477500,5456858.0,5456858.0,5456858.0,5456858.0,0.0
1786478400,5456858.0,5456858.0,5456858.0,5456858.0,0.0
1786479300,5667996.0,5667996.0,5667996.0,5667996.0,0.00210832
1786480200,5667996.0,5667996.0,5667996.0,5667996.0,0.0
1786481100,5667996.0,5667996.0,5667996.0,5667996.0,0.0
1786482000,5457361.0,5457361.0,5456738.0,5456738.0,0.01382866
1786482900,5456738.0,5456738.0,5456738.0,5456738.0,0.0
1786483800,5456738.0,5456738.0,5456738.0,5456738.0,0.0
1786484700,5456738.0,5456738.0,5456738.0,5456738.0,0.0
1786485600,5456738.0,5456738.0,5456738.0,5456738.0,0.0
1786486500,5456738.0,5456738.0,5456738.0,5456738.0,0.0
1786487400,5456738.0,5456738.0,5456738.0,5456738.0,0.0
1786488300,5456738.0,5456738.0,5456738.0,5456738.0,0.0
1786489200,5456738.0,5456738.0,5456738.0,5456738.0,0.0
1786490100,5456738.0,5456738.0,5456738.0,5456738.0,0.0
1786491000,5456738.0,5456738.0,5456738.0,5456738.0,0.0
1786491900,5456738.0,5456738.0,5456738.0,5456738.0,0.0
1786492800,5456738.0,5456738.0,5456738.0,5456738.0,0.0
1786493700,5456738.0,5456738.0,5456738.0,5456738.0,0.0
1786494600,5456738.0,5456738.0,5456738.0,5456738.0,0.0
1786495500,5456738.0,5456738.0,5456738.0,5456738.0,0.0
1786496400,5456738.0,5456738.0,5456738.0,5456738.0,0.0
1786497300,5456738.0,5456738.0,5456738.0,5456738.0,0.0
1786498200,5456738.0,5456738.0,5456738.0,5456738.0,0.0
1786499100,5456738.0,5456738.0,5456738.0,5456738.0,0.0
1786500000,5504595.0,5504595.0,5456737.0,5456737.0,0.00537526
1786500900,5456737.0,5456737.0,5456737.0,5456737.0,0.0
1786501800,5512594.0,5512597.0,5456757.0,5456757.0,1.5405276
1786502700,5456757.0,5456757.0,5456757.0,5456757.0,0.0
1786503600,5456757.0,5456757.0,5456757.0,5456757.0,0.0
1786504500,5456757.0,5456757.0,5456757.0,5456757.0,0.0
1786505400,5456757.0,5456757.0,5456757.0,5456757.0,0.0
1786506300,5456757.0,5456757.0,5456757.0,5456757.0,0.0
1786507200,5505813.0,5507709.0,5505813.0,5507709.0,0.45021568
1786508100,5507345.0,5507345.0,5507345.0,5507345.0,0.00663059
1786509000,5507345.0,5507345.0,5507345.0,5507345.0,0.0
1786509900,5506730.0,5506730.0,5506730.0,5506730.0,0.00180851
1786510800,5456737.0,5456737.0,5434720.0,5434720.0,0.01685828
1786511700,5434720.0,5434720.0,5434720.0,5434720.0,0.0
1786512600,5434720.0,5434720.0,5434720.0,5434720.0,0.0
1786513500,5510631.0,5510631.0,5510631.0,5510631.0,0.002632
1786514400,5510631.0,5510631.0,5510631.0,5510631.0,0.0
1786515300,5510631.0,5510631.0,5510631.0,5510631.0,0.0
1786516200,5510631.0,5510631.0,5510631.0,5510631.0,0.0
1786517100,5435233.0,5435233.0,5435233.0,5435233.0,0.03546092
1786518000,5435233.0,5435233.0,5435233.0,5435233.0,0.0
1786518900,5435233.0,5435233.0,5435233.0,5435233.0,0.0
1786519800,5435233.0,5435233.0,5435233.0,5435233.0,0.0
1786520700,5434720.0,5434720.0,5429358.0,5429358.0,0.03703024
1786521600,5506058.0,5506058.0,5506058.0,5506058.0,0.00180873
1786522500,5506058.0,5506058.0,5506058.0,5506058.0,0.0
1786523400,5506058.0,5506058.0,5506058.0,5506058.0,0.0
1786524300,5506058.0,5506058.0,5506058.0,5506058.0,0.0
1786525200,5506058.0,5506058.0,5506058.0,5506058.0,0.0
1786526100,5419929.0,5419929.0,5419929.0,5419929.0,0.00717811
1786527000,5419929.0,5419929.0,5419929.0,5419929.0,0.0
1786527900,5419929.0,5419929.0,5419929.0,5419929.0,0.0
1786528800,5419929.0,5419929.0,5419929.0,5419929.0,0.0
1786529700,5419929.0,5419929.0,5419929.0,5419929.0,0.0
1786530600,5423492.0,5423492.0,5423492.0,5423492.0,0.002632
1786531500,5423492.0,5423492.0,5423492.0,5423492.0,0.0
1786532400,5423492.0,5423492.0,5423492.0,5423492.0,0.0
1786533300,5423492.0,5423492.0,5423492.0,5423492.0,0.0
1786534200,5495263.0,5498608.0,5495263.0,5498608.0,0.00382036
1786535100,5498608.0,5498608.0,5498608.0,5498608.0,0.0
1786536000,5498608.0,5498608.0,5498608.0,5498608.0,0.0
1786536900,5498608.0,5498608.0,5498608.0,5498608.0,0.0
1786537800,5498608.0,5498608.0,5498608.0,5498608.0,0.0
1786538700,5498608.0,5498608.0,5498608.0,5498608.0,0.0
1786539600,5498608.0,5498608.0,5498608.0,5498608.0,0.0
1786540500,5498608.0,5498608.0,5498608.0,5498608.0,0.0
1786541400,5498608.0,5498608.0,5498608.0,5498608.0,0.0
1786542300,5419884.0,5419884.0,5419884.0,5419884.0,0.00877053
1786543200,5419884.0,5419884.0,5419884.0,5419884.0,0.0
1786544100,5419884.0,5419884.0,5419884.0,5419884.0,0.0
1786545000,5419884.0,5419884.0,5419884.0,5419884.0,0.0
1786545900,5473178.0,5473178.0,5473178.0,5473178.0,0.0018196
1786546800,5473178.0,5473178.0,5473178.0,5473178.0,0.0
1786547700,5437035.0,5437035.0,5424000.0,5424000.0,0.03552597
1786548600,5424000.0,5424000.0,5424000.0,5424000.0,0.00548416
1786549500,5424000.0,5424000.0,5424000.0,5424000.0,0.0
1786550400,5424000.0,5424000.0,5424000.0,5424000.0,0.0
1786551300,5424000.0,5424000.0,5424000.0,5424000.0,0.0
1786552200,5424000.0,5424000.0,5424000.0,5424000.0,0.0
1786553100,5424000.0,5424000.0,5424000.0,5424000.0,0.0
1786554000,5425000.0,5425000.0,5425000.0,5425000.0,0.0081988
1786554900,5425000.0,5425000.0,5425000.0,5425000.0,0.0
1786555800,5425000.0,5425000.0,5425000.0,5425000.0,0.0
1786556700,5425000.0,5425000.0,5425000.0,5425000.0,0.0
1786557600,5425000.0,5425000.0,5425000.0,5425000.0,0.0
1786558500,5425000.0,5425000.0,5425000.0,5425000.0,0.0
1786559400,5425000.0,5425000.0,5425000.0,5425000.0,0.0
1786560300,5425000.0,5425000.0,5425000.0,5425000.0,0.0
1786561200,5425000.0,5425000.0,5425000.0,5425000.0,0.0
1786562100,5437233.0,5437233.0,5437233.0,5437233.0,0.09142977
1786563000,5437233.0,5437233.0,5437233.0,5437233.0,0.0
1786563900,5437233.0,5437233.0,5437233.0,5437233.0,0.0
1786564800,5437233.0,5437233.0,5437233.0,5437233.0,0.0
1786565700,5437233.0,5437233.0,5437233.0,5437233.0,0.0
1786566600,5437233.0,5437233.0,5437233.0,5437233.0,0.0
1786567500,5437233.0,5437233.0,5437233.0,5437233.0,0.0
1786568400,5437233.0,5437233.0,5437233.0,5437233.0,0.0
1786569300,5437233.0,5437233.0,5437233.0,5437233.0,0.0
1786570200,5437233.0,5437233.0,5437233.0,5437233.0,0.0
1786571100,5437233.0,5437233.0,5437233.0,5437233.0,0.0
1786572000,5437233.0,5437233.0,5437233.0,5437233.0,0.0
1786572900,5437233.0,5437233.0,5437233.0,5437233.0,0.0
1786573800,5437233.0,5437233.0,5437233.0,5437233.0,0.0
1786574700,5437233.0,5437233.0,5437233.0,5437233.0,0.0
1786575600,5419884.0,5419884.0,5419884.0,5419884.0,0.00915822
1786576500,5419884.0,5419884.0,5419884.0,5419884.0,0.0
1786577400,5419884.0,5419884.0,5419884.0,5419884.0,0.0
1786578300,5443148.0,5443148.0,5443148.0,5443148.0,0.00182963
1786579200,5419884.0,5419884.0,5419884.0,5419884.0,0.0032556
1786580100,5419884.0,5419884.0,5419884.0,5419884.0,0.0
1786581000,5419884.0,5419884.0,5419884.0,5419884.0,0.0
1786581900,5419884.0,5419884.0,5419884.0,5419884.0,0.0
1786582800,5454688.0,5454688.0,5419884.0,5419884.0,0.00649777
1786583700,5419884.0,5419884.0,5419884.0,5419884.0,0.01308068
1786584600,5419884.0,5419884.0,5419884.0,5419884.0,0.0
1786585500,5419884.0,5419884.0,5419884.0,5419884.0,0.0
1786586400,5419884.0,5419884.0,5419884.0,5419884.0,0.0
1786587300,5419884.0,5419884.0,5419884.0,5419884.0,0.0
1786588200,5419884.0,5419884.0,5419884.0,5419884.0,0.0
1786589100,5419884.0,5419884.0,5419884.0,5419884.0,0.0
1786590000,5419884.0,5419884.0,5419884.0,5419884.0,0.0
1786590900,5657000.0,5657000.0,5657000.0,5657000.0,0.00352094
1786591800,5462051.0,5462051.0,5462051.0,5462051.0,0.00364661
1786592700,5462051.0,5462051.0,5462051.0,5462051.0,0.0
1786593600,5462051.0,5462051.0,5462051.0,5462051.0,0.0
1786594500,5462051.0,5462051.0,5462051.0,5462051.0,0.0
1786595400,5462051.0,5462051.0,5462051.0,5462051.0,0.0
1786596300,5462051.0,5462051.0,5462051.0,5462051.0,0.0
1786597200,5462051.0,5462051.0,5462051.0,5462051.0,0.0
1786598100,5462051.0,5462051.0,5462051.0,5462051.0,0.0
1786599000,5462051.0,5462051.0,5462051.0,5462051.0,0.0
1786599900,5462051.0,5462051.0,5462051.0,5462051.0,0.0
1786600800,5462051.0,5462051.0,5462051.0,5462051.0,0.0
1786601700,5419885.0,5419885.0,5419885.0,5419885.0,0.00778092
1786602600,5419885.0,5419885.0,5419885.0,5419885.0,0.0
1786603500,5419885.0,5419885.0,5419885.0,5419885.0,0.0
1786604400,5419885.0,5419885.0,5419885.0,5419885.0,0.0
1786605300,5419885.0,5419885.0,5419885.0,5419885.0,0.0
1786606200,5419885.0,5419885.0,5419885.0,5419885.0,0.0
1786607100,5419885.0,5419885.0,5419885.0,5419885.0,0.0
1786608000,5419885.0,5419885.0,5419885.0,5419885.0,0.0
1786608900,5419885.0,5419885.0,5419885.0,5419885.0,0.0
1786609800,5419884.0,5419884.0,5419884.0,5419884.0,0.00464142
1786610700,5490350.0,5490350.0,5490350.0,5490350.0,0.00195579
1786611600,5490350.0,5490350.0,5490350.0,5490350.0,0.0
1786612500,5490350.0,5490350.0,5490350.0,5490350.0,0.0
1786613400,5490350.0,5490350.0,5490350.0,5490350.0,0.0
1786614300,5657000.0,5657000.0,5657000.0,5657000.0,0.00176047
1786615200,5419884.0,5419884.0,5419884.0,5419884.0,0.0035078
1786616100,5419884.0,5419884.0,5419884.0,5419884.0,0.0
1786617000,5419884.0,5419884.0,5419884.0,5419884.0,0.0
1786617900,5484970.0,5484970.0,5484970.0,5484970.0,0.00693495
1786618800,5481377.0,5481377.0,5477516.0,5477516.0,0.00642082
1786619700,5657000.0,5657000.0,5419884.0,5419884.0,0.03617927
1786620600,5419884.0,5419884.0,5419884.0,5419884.0,0.0
1786621500,5419884.0,5419884.0,5419884.0,5419884.0,0.0
1786622400,5419884.0,5419884.0,5419884.0,5419884.0,0.0
1786623300,5486422.0,5486422.0,5486422.0,5486422.0,0.0018152
1786624200,5480386.0,5480386.0,5480386.0,5480386.0,0.08180226
1786625100,5480386.0,5480386.0,5480386.0,5480386.0,0.0
1786626000,5480386.0,5480386.0,5480386.0,5480386.0,0.0
1786626900,5480386.0,5480386.0,5480386.0,5480386.0,0.0
1786627800,5480386.0,5480386.0,5480386.0,5480386.0,0.0
1786628700,5503666.0,5503666.0,5420000.0,5420000.0,0.00575521
1786629600,5420000.0,5420000.0,5420000.0,5420000.0,0.0
1786630500,5420000.0,5420000.0,5420000.0,5420000.0,0.0
1786631400,5420000.0,5420000.0,5420000.0,5420000.0,0.0
1786632300,5502017.0,5502017.0,5502017.0,5502017.0,0.00333895
1786633200,5495939.0,5495939.0,5495939.0,5495939.0,0.0131235
1786634100,5421000.0,5493276.0,5421000.0,5493276.0,0.01535331
1786635000,5493276.0,5493276.0,5493276.0,5493276.0,0.0
1786635900,5493276.0,5493276.0,5493276.0,5493276.0,0.0
1786636800,5470404.0,5470404.0,5421000.0,5421000.0,0.00741178
1786637700,5421000.0,5421000.0,5421000.0,5421000.0,0.0
1786638600,5480108.0,5480108.0,5480108.0,5480108.0,0.00693526
1786639500,5480108.0,5480108.0,5480108.0,5480108.0,0.0
1786640400,5480108.0,5480108.0,5480108.0,5480108.0,0.0
1786641300,5480108.0,5480108.0,5480108.0,5480108.0,0.0
1786642200,5480108.0,5480108.0,5480108.0,5480108.0,0.0
1786643100,5480108.0,5480108.0,5480108.0,5480108.0,0.0
1786644000,5480108.0,5480108.0,5480108.0,5480108.0,0.0
1786644900,5480108.0,5480108.0,5480108.0,5480108.0,0.0
1786645800,5479379.0,5479379.0,5479379.0,5479379.0,0.00431636
1786646700,5479379.0,5479379.0,5479379.0,5479379.0,0.0
1786647600,5479379.0,5479379.0,5479379.0,5479379.0,0.0
1786648500,5479379.0,5479379.0,5479379.0,5479379.0,0.0
1786649400,5479379.0,5479379.0,5479379.0,5479379.0,0.0
1786650300,5479379.0,5479379.0,5479379.0,5479379.0,0.0
1786651200,5479379.0,5479379.0,5479379.0,5479379.0,0.0
1786652100,5489070.0,5508652.0,5489070.0,5508652.0,0.02075462
1786653000,5508652.0,5508652.0,5508652.0,5508652.0,0.0
1786653900,5508652.0,5508652.0,5508652.0,5508652.0,0.0
1786654800,5508652.0,5508652.0,5508652.0,5508652.0,0.0
1786655700,5508652.0,5508652.0,5508652.0,5508652.0,0.0
1786656600,5508652.0,5508652.0,5508652.0,5508652.0,0.0
1786657500,5508652.0,5508652.0,5508652.0,5508652.0,0.0
1786658400,5508652.0,5508652.0,5508652.0,5508652.0,0.0
1786659300,5508652.0,5508652.0,5508652.0,5508652.0,0.0
1786660200,5511875.0,5511875.0,5511875.0,5511875.0,0.08970994
1786661100,5511875.0,5511875.0,5511875.0,5511875.0,0.0
1786662000,5511875.0,5511875.0,5511875.0,5511875.0,0.0
1786662900,5511875.0,5511875.0,5511875.0,5511875.0,0.0
1786663800,5425173.0,5428545.0,5425173.0,5428545.0,0.02878186
1786664700,5428545.0,5428545.0,5428545.0,5428545.0,0.0
1786665600,5428545.0,5428545.0,5428545.0,5428545.0,0.0
1786666500,5428545.0,5428545.0,5428545.0,5428545.0,0.0
1786667400,5428545.0,5428545.0,5428545.0,5428545.0,0.0
1786668300,5428545.0,5428545.0,5428545.0,5428545.0,0.0
1786669200,5428545.0,5428545.0,5428545.0,5428545.0,0.0
1786670100,5504860.0,5504860.0,5504860.0,5504860.0,0.00180912
1786671000,5504860.0,5504860.0,5504860.0,5504860.0,0.0
1786671900,5506120.0,5506120.0,5506120.0,5506120.0,0.01070172
1786672800,5506120.0,5506120.0,5506120.0,5506120.0,0.0
1786673700,5506120.0,5506120.0,5506120.0,5506120.0,0.0
1786674600,5501975.0,5501975.0,5501975.0,5501975.0,0.00339169
1786675500,5421000.0,5421000.0,5421000.0,5421000.0,0.00339144
1786676400,5505759.0,5505759.0,5505759.0,5505759.0,0.00228978
1786677300,5505580.0,5505580.0,5505580.0,5505580.0,0.00220776
1786678200,5505580.0,5505580.0,5505580.0,5505580.0,0.0
1786679100,5422905.0,5422905.0,5422901.0,5422901.0,0.08873777
1786680000,5422901.0,5422901.0,5422901.0,5422901.0,0.0
1786680900,5426273.0,5426273.0,5426273.0,5426273.0,0.0022564
1786681800,5426273.0,5426273.0,5426273.0,5426273.0,0.0
1786682700,5426273.0,5426273.0,5426273.0,5426273.0,0.0
1786683600,5426273.0,5426273.0,5426273.0,5426273.0,0.0
1786684500,5505759.0,5521949.0,5505759.0,5521949.0,0.02329188
1786685400,5525372.0,5525372.0,5525372.0,5525372.0,0.00325317
1786686300,5525372.0,5525372.0,5525372.0,5525372.0,0.0
1786687200,5523572.0,5523572.0,5523572.0,5523572.0,0.01793984
1786688100,5523572.0,5523572.0,5523572.0,5523572.0,0.0
1786689000,5523572.0,5523572.0,5523572.0,5523572.0,0.0
1786689900,5523572.0,5523572.0,5523572.0,5523572.0,0.0
1786690800,5522669.0,5522669.0,5522669.0,5522669.0,0.03527424
1786691700,5522669.0,5522669.0,5522669.0,5522669.0,0.0
1786692600,5443647.0,5443647.0,5443647.0,5443647.0,0.03149636
1786693500,5443647.0,5443647.0,5443647.0,5443647.0,0.0
1786694400,5443647.0,5443647.0,5443647.0,5443647.0,0.02195394
1786695300,5522673.0,5522673.0,5522673.0,5522673.0,0.00226611
1786696200,5522673.0,5522673.0,5522673.0,5522673.0,0.0
1786697100,5522673.0,5522673.0,5522673.0,5522673.0,0.0
1786698000,5522673.0,5522673.0,5522673.0,5522673.0,0.0
1786698900,5443647.0,5522665.0,5443643.0,5522665.0,0.11475287
1786699800,5522665.0,5522665.0,5522665.0,5522665.0,0.0
1786700700,5521049.0,5521049.0,5521049.0,5521049.0,0.0145936
1786701600,5521049.0,5521049.0,5521049.0,5521049.0,0.0
1786702500,5521049.0,5521049.0,5521049.0,5521049.0,0.0
1786703400,5521049.0,5521049.0,5521049.0,5521049.0,0.0
1786704300,5443643.0,5443643.0,5443643.0,5443643.0,0.00693526
1786705200,5443643.0,5443643.0,5443643.0,5443643.0,0.0
1786706100,5443643.0,5443643.0,5443643.0,5443643.0,0.01796921
1786707000,5443643.0,5443643.0,5443643.0,5443643.0,0.0
1786707900,5443643.0,5443643.0,5443643.0,5443643.0,0.0
1786708800,5443643.0,5443643.0,5443643.0,5443643.0,0.00221784
1786709700,5443643.0,5443643.0,5443643.0,5443643.0,0.0
1786710600,5517627.0,5517627.0,5517627.0,5517627.0,0.00230298
1786711500,5517627.0,5517627.0,5517627.0,5517627.0,0.0
1786712400,5517627.0,5517627.0,5517627.0,5517627.0,0.0
1786713300,5517627.0,5517627.0,5517627.0,5517627.0,0.0
1786714200,5517627.0,5517627.0,5517627.0,5517627.0,0.0
1786715100,5522669.0,5522673.0,5522669.0,5522673.0,0.12446875
1786716000,5522673.0,5522673.0,5449488.0,5449488.0,0.02326929
1786716900,5522673.0,5524112.0,5522673.0,5524112.0,0.0036062
1786717800,5524112.0,5524112.0,5524112.0,5524112.0,0.0
1786718700,5524112.0,5524112.0,5524112.0,5524112.0,0.0
1786719600,5512056.0,5512056.0,5512056.0,5512056.0,0.00918477
1786720500,5512056.0,5512056.0,5443647.0,5512056.0,0.00676007
1786721400,5512056.0,5512056.0,5443820.0,5443820.0,0.02272861
1786722300,5443820.0,5443820.0,5443820.0,5443820.0,0.0
1786723200,5443647.0,5443647.0,5443643.0,5443643.0,0.00622413
1786724100,5443643.0,5443643.0,5443643.0,5443643.0,0.0
1786725000,5443643.0,5443643.0,5443643.0,5443643.0,0.0
1786725900,5443643.0,5503125.0,5427641.0,5503125.0,0.04722878
1786726800,5507324.0,5507942.0,5427681.0,5427681.0,0.01094071
1786727700,5427681.0,5427681.0,5427681.0,5427681.0,0.0
1786728600,5427681.0,5427681.0,5427681.0,5427681.0,0.0
1786729500,5501055.0,5501055.0,5501055.0,5501055.0,0.00223593
1786730400,5501055.0,5501055.0,5501055.0,5501055.0,0.0
1786731300,5501055.0,5501055.0,5501055.0,5501055.0,0.0
1786732200,5512056.0,5512056.0,5512056.0,5512056.0,0.00284068
1786733100,5512056.0,5512056.0,5512056.0,5512056.0,0.0
1786734000,5512056.0,5512056.0,5512056.0,5512056.0,0.00291724
1786734900,5512056.0,5512056.0,5512056.0,5512056.0,0.0
1786735800,5512056.0,5512056.0,5512056.0,5512056.0,0.0
1786736700,5512056.0,5512056.0,5512056.0,5512056.0,0.0
1786737600,5511384.0,5511384.0,5511384.0,5511384.0,0.01253351
1786738500,5512056.0,5512056.0,5512056.0,5512056.0,0.00233306
1786739400,5512056.0,5512056.0,5512056.0,5512056.0,0.0
1786740300,5512056.0,5512056.0,5512056.0,5512056.0,0.0
1786741200,5512056.0,5512056.0,5512056.0,5512056.0,0.0
1786742100,5512056.0,5512056.0,5512056.0,5512056.0,0.00397474
1786743000,5512056.0,5512056.0,5512056.0,5512056.0,0.0
1786743900,5512056.0,5512056.0,5512056.0,5512056.0,0.0
1786744800,5430525.0,5430525.0,5430525.0,5430525.0,0.00233306
1786745700,5430525.0,5430525.0,5430525.0,5430525.0,0.0
1786746600,5430525.0,5430525.0,5430525.0,5430525.0,0.0
1786747500,5430525.0,5430525.0,5430525.0,5430525.0,0.0
1786748400,5430525.0,5430525.0,5430525.0,5430525.0,0.0
1786749300,5430525.0,5430525.0,5430525.0,5430525.0,0.0
1786750200,5430525.0,5430525.0,5430525.0,5430525.0,0.0
1786751100,5430525.0,5430525.0,5430525.0,5430525.0,0.0
1786752000,5430525.0,5430525.0,5430525.0,5430525.0,0.0
1786752900,5430525.0,5430525.0,5430525.0,5430525.0,0.0
1786753800,5511984.0,5511984.0,5511984.0,5511984.0,0.00904973
1786754700,5511983.0,5511983.0,5511983.0,5511983.0,0.00180679
1786755600,5511983.0,5511983.0,5511983.0,5511983.0,0.0
1786756500,5511983.0,5511983.0,5511983.0,5511983.0,0.0
1786757400,5506058.0,5506059.0,5427711.0,5427711.0,0.00857157
1786758300,5427711.0,5427711.0,5427711.0,5427711.0,0.0
1786759200,5506059.0,5506059.0,5427716.0,5427716.0,0.00531413
1786760100,5506059.0,5506059.0,5506059.0,5506059.0,0.01808734
1786761000,5427700.0,5427700.0,5427700.0,5427700.0,0.03602722
1786761900,5427695.0,5427695.0,5424438.0,5424438.0,0.09886754
1786762800,5424438.0,5424438.0,5424438.0,5424438.0,0.0
1786763700,5424438.0,5424438.0,5424438.0,5424438.0,0.0
1786764600,5425146.0,5425146.0,5425146.0,5425146.0,0.00291724
1786765500,5425146.0,5425146.0,5425146.0,5425146.0,0.0
1786766400,5425146.0,5425146.0,5425146.0,5425146.0,0.0
1786767300,5425146.0,5425146.0,5425146.0,5425146.0,0.0
1786768200,5426473.0,5506053.0,5426473.0,5426478.0,0.06262705
1786769100,5426478.0,5426478.0,5426478.0,5426478.0,0.0
1786770000,5426478.0,5426478.0,5426478.0,5426478.0,0.0
1786770900,5426478.0,5426478.0,5426478.0,5426478.0,0.0
1786771800,5421006.0,5421006.0,5421006.0,5421006.0,0.00387824
1786772700,5421006.0,5421006.0,5421006.0,5421006.0,0.0
1786773600,5500129.0,5500129.0,5500129.0,5500129.0,0.00840762
1786774500,5500129.0,5500129.0,5500129.0,5500129.0,0.0
1786775400,5500129.0,5500129.0,5500129.0,5500129.0,0.0
1786776300,5502642.0,5502642.0,5421087.0,5421087.0,0.00533852
1786777200,5504261.0,5504261.0,5504261.0,5504261.0,0.00180932
1786778100,5504261.0,5504261.0,5504261.0,5504261.0,0.0
1786779000,5504261.0,5504261.0,5504261.0,5504261.0,0.00223644
1786779900,5504261.0,5504261.0,5504261.0,5504261.0,0.0
1786780800,5426570.0,5426570.0,5426570.0,5426570.0,0.12800067
1786781700,5426570.0,5426570.0,5426570.0,5426570.0,0.0
1786782600,5426570.0,5426570.0,5426570.0,5426570.0,0.0
1786783500,5426570.0,5426570.0,5426570.0,5426570.0,0.0
1786784400,5426570.0,5426570.0,5426570.0,5426570.0,0.0
1786785300,5426570.0,5426570.0,5426570.0,5426570.0,0.0
1786786200,5426570.0,5426570.0,5426570.0,5426570.0,0.0
1786787100,5426570.0,5426570.0,5426570.0,5426570.0,0.0
1786788000,5426570.0,5426570.0,5426570.0,5426570.0,0.0
1786788900,5505139.0,5505139.0,5505139.0,5505139.0,0.00180903
1786789800,5505139.0,5505139.0,5505139.0,5505139.0,0.0
1786790700,5505139.0,5505139.0,5505139.0,5505139.0,0.0
1786791600,5505139.0,5505139.0,5505139.0,5505139.0,0.0
1786792500,5504979.0,5504979.0,5504979.0,5504979.0,0.00269465
1786793400,5427004.0,5427004.0,5427004.0,5427004.0,0.02048884
1786794300,5427004.0,5427004.0,5427004.0,5427004.0,0.0
1786795200,5427004.0,5427004.0,5427004.0,5427004.0,0.0
1786796100,5427004.0,5427004.0,5427004.0,5427004.0,0.0
1786797000,5501207.0,5501207.0,5501197.0,5501197.0,0.02112172
1786797900,5501197.0,5501197.0,5501197.0,5501197.0,0.0
1786798800,5501197.0,5501197.0,5501197.0,5501197.0,0.0
1786799700,5501197.0,5501197.0,5501197.0,5501197.0,0.0
1786800600,5501197.0,5501197.0,5501197.0,5501197.0,0.0
1786801500,5501197.0,5501197.0,5501197.0,5501197.0,0.0
1786802400,5504597.0,5504597.0,5427004.0,5427004.0,0.01420742
1786803300,5427004.0,5427004.0,5427004.0,5427004.0,0.0
1786804200,5427004.0,5427004.0,5427004.0,5427004.0,0.0
1786805100,5427004.0,5427004.0,5427004.0,5427004.0,0.0
1786806000,5427004.0,5427004.0,5427004.0,5427004.0,0.0
1786806900,5427004.0,5427004.0,5427004.0,5427004.0,0.00218135
1786807800,5427004.0,5427004.0,5427004.0,5427004.0,0.0
1786808700,5505143.0,5505143.0,5505143.0,5505143.0,0.04531634
1786809600,5505143.0,5505143.0,5505143.0,5505143.0,0.0
1786810500,5503716.0,5503716.0,5427104.0,5427104.0,0.03975686
1786811400,5427104.0,5427104.0,5427104.0,5427104.0,0.0
1786812300,5427104.0,5427104.0,5427104.0,5427104.0,0.0
1786813200,5504964.0,5504964.0,5427104.0,5427104.0,0.02991008
1786814100,5427104.0,5427104.0,5427104.0,5427104.0,0.0
1786815000,5427104.0,5427104.0,5427104.0,5427104.0,0.0
1786815900,5427104.0,5427104.0,5427104.0,5427104.0,0.0
1786816800,5427104.0,5427104.0,5427104.0,5427104.0,0.0
1786817700,5427104.0,5427104.0,5427104.0,5427104.0,0.0
1786818600,5427104.0,5427104.0,5427104.0,5427104.0,0.00467806
1786819500,5427104.0,5427104.0,5427104.0,5427104.0,0.0
1786820400,5427104.0,5427104.0,5427104.0,5427104.0,0.0
1786821300,5503184.0,5503184.0,5503184.0,5503184.0,0.00407727
1786822200,5503184.0,5503184.0,5503184.0,5503184.0,0.0
1786823100,5503184.0,5503184.0,5503184.0,5503184.0,0.0
1786824000,5503183.0,5503183.0,5503183.0,5503183.0,0.00428043
1786824900,5503183.0,5503183.0,5503183.0,5503183.0,0.0
1786825800,5503183.0,5503183.0,5503183.0,5503183.0,0.0
1786826700,5503183.0,5503183.0,5503183.0,5503183.0,0.0
1786827600,5503183.0,5503183.0,5503183.0,5503183.0,0.0
1786828500,5503183.0,5503183.0,5503183.0,5503183.0,0.0
1786829400,5503183.0,5503183.0,5503183.0,5503183.0,0.0
1786830300,5503183.0,5503183.0,5503183.0,5503183.0,0.0
1786831200,5427104.0,5427104.0,5427104.0,5427104.0,0.01172424
1786832100,5502818.0,5502818.0,5502818.0,5502818.0,0.00183796
1786833000,5502818.0,5502818.0,5502818.0,5502818.0,0.0
1786833900,5502818.0,5502818.0,5502818.0,5502818.0,0.0
1786834800,5502818.0,5502818.0,5502818.0,5502818.0,0.0
1786835700,5502818.0,5502818.0,5502818.0,5502818.0,0.0
1786836600,5502818.0,5502818.0,5502818.0,5502818.0,0.0
1786837500,5502818.0,5502818.0,5502818.0,5502818.0,0.0
1786838400,5502818.0,5502818.0,5502818.0,5502818.0,0.0
1786839300,5502818.0,5502818.0,5502818.0,5502818.0,0.0
1786840200,5502818.0,5502818.0,5502818.0,5502818.0,0.0
1786841100,5502818.0,5502818.0,5502818.0,5502818.0,0.0
1786842000,5502818.0,5502818.0,5502818.0,5502818.0,0.0
1786842900,5502818.0,5502818.0,5502818.0,5502818.0,0.0
1786843800,5502818.0,5502818.0,5502818.0,5502818.0,0.0
1786844700,5502818.0,5502818.0,5502818.0,5502818.0,0.0
1786845600,5502818.0,5502818.0,5502818.0,5502818.0,0.0
1786846500,5500644.0,5500644.0,5500644.0,5500644.0,0.00181051
1786847400,5503544.0,5503544.0,5503544.0,5503544.0,0.00452889
1786848300,5503544.0,5503544.0,5503544.0,5503544.0,0.0
1786849200,5503544.0,5503544.0,5503544.0,5503544.0,0.0
1786850100,5503544.0,5503544.0,5503544.0,5503544.0,0.0
1786851000,5503544.0,5503544.0,5503544.0,5503544.0,0.0
1786851900,5503544.0,5503544.0,5503544.0,5503544.0,0.0
1786852800,5500840.0,5500840.0,5427104.0,5500831.0,0.00815077
1786853700,5500831.0,5500831.0,5500831.0,5500831.0,0.0
1786854600,5501211.0,5501211.0,5501211.0,5501211.0,0.00543098
1786855500,5501211.0,5501211.0,5501211.0,5501211.0,0.0
1786856400,5501211.0,5501211.0,5501211.0,5501211.0,0.0
1786857300,5427504.0,5427504.0,5427504.0,5427504.0,0.00452889
1786858200,5427504.0,5499775.0,5427504.0,5499775.0,0.00810414
1786859100,5499775.0,5499775.0,5499775.0,5499775.0,0.0
1786860000,5499775.0,5499775.0,5499775.0,5499775.0,0.0
1786860900,5501743.0,5501743.0,5501743.0,5501743.0,0.0124635
1786861800,5501743.0,5501743.0,5501743.0,5501743.0,0.0
1786862700,5501743.0,5501743.0,5501743.0,5501743.0,0.0
1786863600,5427504.0,5427504.0,5427504.0,5427504.0,0.00340421
1786864500,5502288.0,5502288.0,5501922.0,5501922.0,0.00543015
1786865400,5427504.0,5427504.0,5427504.0,5427504.0,0.00362018
1786866300,5427504.0,5427504.0,5427504.0,5427504.0,0.0
1786867200,5427504.0,5427504.0,5422847.0,5422847.0,0.13175877
1786868100,5422847.0,5422847.0,5422847.0,5422847.0,0.0
1786869000,5504255.0,5504255.0,5504255.0,5504255.0,0.00180932
1786869900,5504234.0,5504234.0,5504234.0,5504234.0,0.18129552
1786870800,5504234.0,5504234.0,5504234.0,5504234.0,0.0
1786871700,5423028.0,5423028.0,5423028.0,5423028.0,0.02088859
1786872600,5420905.0,5420905.0,5420372.0,5420372.0,0.18129552
1786873500,5420372.0,5420372.0,5420372.0,5420372.0,0.0
1786874400,5420372.0,5420372.0,5420372.0,5420372.0,0.0
1786875300,5421079.0,5421079.0,5421079.0,5421079.0,0.00737802
1786876200,5502985.0,5502985.0,5422850.0,5422850.0,0.00464609
1786877100,5422850.0,5422850.0,5422850.0,5422850.0,0.0
1786878000,5422850.0,5422850.0,5422850.0,5422850.0,0.0
1786878900,5502829.0,5502829.0,5502829.0,5502829.0,0.002464
1786879800,5502829.0,5502829.0,5502829.0,5502829.0,0.0
1786880700,5502829.0,5502829.0,5502829.0,5502829.0,0.0
1786881600,5502829.0,5502829.0,5502829.0,5502829.0,0.0
1786882500,5502829.0,5502829.0,5502829.0,5502829.0,0.0
1786883400,5504221.0,5504221.0,5504221.0,5504221.0,0.00906467
1786884300,5504192.0,5504192.0,5423412.0,5423412.0,0.07237428
1786885200,5423412.0,5423412.0,5423412.0,5423412.0,0.0
1786886100,5423412.0,5423412.0,5423412.0,5423412.0,0.0
1786887000,5423412.0,5423412.0,5423412.0,5423412.0,0.0
1786887900,5423736.0,5423736.0,5423736.0,5423736.0,0.00366804
1786888800,5423736.0,5423736.0,5423736.0,5423736.0,0.0
1786889700,5423736.0,5423736.0,5423736.0,5423736.0,0.0
1786890600,5426034.0,5426034.0,5426034.0,5426034.0,0.00432355
1786891500,5426034.0,5426034.0,5426034.0,5426034.0,0.0
1786892400,5426580.0,5504196.0,5426580.0,5504196.0,0.05029725
1786893300,5504196.0,5504196.0,5504196.0,5504196.0,0.0
1786894200,5504196.0,5504196.0,5504196.0,5504196.0,0.0
1786895100,5504196.0,5504196.0,5504196.0,5504196.0,0.0
1786896000,5504121.0,5504121.0,5504121.0,5504121.0,0.02381433
1786896900,5504121.0,5504121.0,5504121.0,5504121.0,0.0
1786897800,5430818.0,5430818.0,5430818.0,5430818.0,0.04619225
1786898700,5430818.0,5430818.0,5430818.0,5430818.0,0.0
1786899600,5430818.0,5430818.0,5430818.0,5430818.0,0.0
1786900500,5430818.0,5430818.0,5430818.0,5430818.0,0.0
1786901400,5430818.0,5430818.0,5430818.0,5430818.0,0.0
1786902300,5504011.0,5504011.0,5504006.0,5504006.0,0.00843566
1786903200,5504006.0,5504006.0,5504006.0,5504006.0,0.0
1786904100,5504006.0,5504006.0,5504006.0,5504006.0,0.0
1786905000,5504006.0,5504006.0,5504006.0,5504006.0,0.0
1786905900,5428534.0,5428534.0,5428534.0,5428534.0,0.00210832
1786906800,5428534.0,5428534.0,5428534.0,5428534.0,0.0
1786907700,5428534.0,5428534.0,5428534.0,5428534.0,0.0
1786908600,5428534.0,5428534.0,5428534.0,5428534.0,0.0
1786909500,5428534.0,5428534.0,5428534.0,5428534.0,0.0
1786910400,5428534.0,5428534.0,5428534.0,5428534.0,0.0
1786911300,5428534.0,5428534.0,5428534.0,5428534.0,0.0
1786912200,5428534.0,5428534.0,5428534.0,5428534.0,0.0
1786913100,5428534.0,5428534.0,5428534.0,5428534.0,0.0
1786914000,5426379.0,5426379.0,5426379.0,5426379.0,0.01253351
1786914900,5426379.0,5426379.0,5426379.0,5426379.0,0.0
1786915800,5500998.0,5501035.0,5500998.0,5501035.0,0.59395032
1786916700,5501035.0,5501035.0,5501035.0,5501035.0,0.0
1786917600,5501035.0,5501035.0,5501035.0,5501035.0,0.0
1786918500,5501035.0,5501035.0,5501035.0,5501035.0,0.0
1786919400,5501035.0,5501035.0,5501035.0,5501035.0,0.0
1786920300,5501035.0,5501035.0,5501035.0,5501035.0,0.0
1786921200,5501035.0,5501035.0,5501035.0,5501035.0,0.0
1786922100,5501035.0,5501035.0,5501035.0,5501035.0,0.0
1786923000,5501035.0,5501035.0,5501035.0,5501035.0,0.0
1786923900,5501035.0,5501035.0,5501035.0,5501035.0,0.0
1786924800,5501035.0,5501035.0,5501035.0,5501035.0,0.0
1786925700,5503543.0,5503543.0,5503543.0,5503543.0,0.00359404
1786926600,5502531.0,5504021.0,5502531.0,5504021.0,0.04078192
1786927500,5504021.0,5504021.0,5504021.0,5504021.0,0.0
1786928400,5504021.0,5504021.0,5504021.0,5504021.0,0.0
1786929300,5422203.0,5422203.0,5422203.0,5422203.0,0.08304201
1786930200,5422203.0,5422203.0,5422203.0,5422203.0,0.0
1786931100,5422203.0,5422203.0,5422203.0,5422203.0,0.0
1786932000,5421955.0,5501710.0,5421955.0,5501710.0,0.05669715
1786932900,5501710.0,5501710.0,5501710.0,5501710.0,0.0
1786933800,5501710.0,5501710.0,5501710.0,5501710.0,0.0
1786934700,5501710.0,5501710.0,5501710.0,5501710.0,0.0
1786935600,5498188.0,5498188.0,5419810.0,5498188.0,0.17542713
1786936500,5498188.0,5498188.0,5498188.0,5498188.0,0.03980184
1786937400,5498188.0,5498188.0,5498188.0,5498188.0,0.0
1786938300,5498188.0,5498188.0,5498188.0,5498188.0,0.0
1786939200,5498188.0,5498188.0,5498188.0,5498188.0,0.0
1786940100,5498188.0,5498188.0,5498188.0,5498188.0,0.0
1786941000,5419638.0,5419638.0,5419638.0,5419638.0,0.00417723
1786941900,5500616.0,5500616.0,5500616.0,5500616.0,0.00476255
1786942800,5500616.0,5500616.0,5500616.0,5500616.0,0.0
1786943700,5503599.0,5503599.0,5503599.0,5503599.0,0.00189966
1786944600,5503599.0,5503599.0,5503599.0,5503599.0,0.0
1786945500,5503599.0,5503599.0,5503599.0,5503599.0,0.00753943
1786946400,5503599.0,5503599.0,5503599.0,5503599.0,0.0
1786947300,5441593.0,5441593.0,5441593.0,5441593.0,0.00273046
1786948200,5441593.0,5441593.0,5441593.0,5441593.0,0.0
1786949100,5441593.0,5441593.0,5441593.0,5441593.0,0.0
1786950000,5441593.0,5441593.0,5441593.0,5441593.0,0.0
1786950900,5441593.0,5441593.0,5441593.0,5441593.0,0.0
1786951800,5441593.0,5441593.0,5441593.0,5441593.0,0.0
1786952700,5454306.0,5454306.0,5452191.0,5452191.0,0.04362486
1786953600,5443497.0,5443497.0,5443497.0,5443497.0,0.00753943
1786954500,5447610.0,5447610.0,5447610.0,5447610.0,0.02381433
1786955400,5447610.0,5447610.0,5447610.0,5447610.0,0.0
1786956300,5447610.0,5447610.0,5447610.0,5447610.0,0.0
1786957200,5447610.0,5447610.0,5447610.0,5447610.0,0.0
1786958100,5447610.0,5447610.0,5447610.0,5447610.0,0.0
1786959000,5447610.0,5447610.0,5447610.0,5447610.0,0.0
1786959900,5447610.0,5447610.0,5447610.0,5447610.0,0.0
1786960800,5447610.0,5447610.0,5447610.0,5447610.0,0.0
1786961700,5447610.0,5447610.0,5447610.0,5447610.0,0.0
1786962600,5504011.0,5504011.0,5449397.0,5504011.0,0.00619514
1786963500,5504011.0,5504011.0,5504011.0,5504011.0,0.00363589
1786964400,5504010.0,5504010.0,5504010.0,5504010.0,0.00181031
1786965300,5504010.0,5504010.0,5504010.0,5504010.0,0.0
1786966200,5504010.0,5504010.0,5504010.0,5504010.0,0.0
1786967100,5457831.0,5457831.0,5457831.0,5457831.0,0.03888998
1786968000,5457831.0,5457831.0,5457831.0,5457831.0,0.0
1786968900,5457831.0,5457831.0,5457831.0,5457831.0,0.0
1786969800,5457831.0,5457831.0,5457831.0,5457831.0,0.0
1786970700,5449397.0,5449397.0,5449397.0,5449397.0,0.00221949
1786971600,5439861.0,5439861.0,5439861.0,5439861.0,0.00221949
1786972500,5439861.0,5439861.0,5439861.0,5439861.0,0.0
1786973400,5439861.0,5439861.0,5439861.0,5439861.0,0.0
1786974300,5417905.0,5417905.0,5417905.0,5417905.0,0.03202788
1786975200,5417904.0,5417904.0,5417904.0,5417904.0,0.03041177
1786976100,5417904.0,5417904.0,5417904.0,5417904.0,0.02910748
1786977000,5417904.0,5417904.0,5417904.0,5417904.0,0.0
1786977900,5417904.0,5417904.0,5417904.0,5417904.0,0.00185348
1786978800,5417904.0,5417904.0,5417904.0,5417904.0,0.0
1786979700,5417904.0,5417904.0,5417904.0,5417904.0,0.0
1786980600,5417904.0,5466772.0,5417904.0,5466772.0,0.00574554
1786981500,5466772.0,5466772.0,5466772.0,5466772.0,0.0
1786982400,5458916.0,5458916.0,5458916.0,5458916.0,0.01824354
1786983300,5465755.0,5465755.0,5465755.0,5465755.0,0.0022458
1786984200,5465755.0,5465755.0,5465755.0,5465755.0,0.0
1786985100,5417904.0,5417904.0,5417904.0,5417904.0,0.00265403
1786986000,5461068.0,5465509.0,5461068.0,5465509.0,0.13639811
1786986900,5465509.0,5465509.0,5465509.0,5465509.0,0.0
1786987800,5484222.0,5484222.0,5417904.0,5417904.0,0.0160286
1786988700,5417904.0,5417904.0,5417904.0,5417904.0,0.0
1786989600,5417904.0,5417904.0,5417904.0,5417904.0,0.0
1786990500,5417904.0,5417904.0,5417904.0,5417904.0,0.0
1786991400,5417904.0,5417904.0,5417904.0,5417904.0,0.0030995
1786992300,5504010.0,5504010.0,5504010.0,5504010.0,0.00190006
1786993200,5422820.0,5422820.0,5422820.0,5422820.0,0.00269465
1786994100,5422820.0,5422820.0,5422820.0,5422820.0,0.0
1786995000,5422820.0,5422820.0,5422820.0,5422820.0,0.0
1786995900,5422820.0,5422820.0,5422820.0,5422820.0,0.0
1786996800,5422820.0,5422820.0,5422820.0,5422820.0,0.0
1786997700,5422820.0,5422820.0,5422820.0,5422820.0,0.0
1786998600,5422820.0,5422820.0,5422820.0,5422820.0,0.0
1786999500,5422820.0,5422820.0,5422820.0,5422820.0,0.0
1787000400,5422820.0,5422820.0,5422820.0,5422820.0,0.0
1787001300,5422820.0,5422820.0,5422820.0,5422820.0,0.0
1787002200,5422820.0,5422820.0,5422820.0,5422820.0,0.0
1787003100,5501266.0,5501266.0,5499831.0,5499831.0,0.00388837
1787004000,5499831.0,5499831.0,5499831.0,5499831.0,0.0
1787004900,5499831.0,5499831.0,5499831.0,5499831.0,0.0
1787005800,5499831.0,5499831.0,5499831.0,5499831.0,0.0
1787006700,5499831.0,5499831.0,5499831.0,5499831.0,0.0
1787007600,5499831.0,5499831.0,5499831.0,5499831.0,0.0
1787008500,5499831.0,5499831.0,5499831.0,5499831.0,0.0
1787009400,5499831.0,5499831.0,5499831.0,5499831.0,0.0
1787010300,5417904.0,5498927.0,5417904.0,5498927.0,0.01048915
1787011200,5498927.0,5498927.0,5498927.0,5498927.0,0.0
1787012100,5498927.0,5498927.0,5498927.0,5498927.0,0.0
1787013000,5498927.0,5498927.0,5498927.0,5498927.0,0.0
1787013900,5498927.0,5498927.0,5498927.0,5498927.0,0.0
1787014800,5496446.0,5496446.0,5496446.0,5496446.0,0.07817433
1787015700,5417904.0,5499967.0,5417904.0,5499967.0,0.01774547
1787016600,5499967.0,5499967.0,5499967.0,5499967.0,0.0
1787017500,5499967.0,5499967.0,5499967.0,5499967.0,0.0
1787018400,5499967.0,5499967.0,5499967.0,5499967.0,0.0
1787019300,5499967.0,5499967.0,5499967.0,5499967.0,0.0
1787020200,5504006.0,5504006.0,5504006.0,5504006.0,0.00385955
1787021100,5504006.0,5504006.0,5504006.0,5504006.0,0.0
1787022000,5504006.0,5504006.0,5504006.0,5504006.0,0.0
1787022900,5504006.0,5504006.0,5504006.0,5504006.0,0.0
1787023800,5504006.0,5504006.0,5504006.0,5504006.0,0.0
1787024700,5504006.0,5504006.0,5504006.0,5504006.0,0.00265388
1787025600,5504006.0,5504006.0,5504006.0,5504006.0,0.0
1787026500,5504006.0,5504006.0,5504006.0,5504006.0,0.0
1787027400,5504006.0,5504006.0,5504006.0,5504006.0,0.0
1787028300,5504010.0,5504010.0,5504010.0,5504010.0,0.00723673
1787029200,5504010.0,5504010.0,5504010.0,5504010.0,0.00265388
1787030100,5504010.0,5504010.0,5504010.0,5504010.0,0.0
1787031000,5504010.0,5504010.0,5504010.0,5504010.0,0.0
1787031900,5504010.0,5504010.0,5435460.0,5435460.0,0.0063014
1787032800,5504022.0,5504022.0,5504022.0,5504022.0,0.0018094
1787033700,5504022.0,5504022.0,5504022.0,5504022.0,0.0
1787034600,5504022.0,5504022.0,5504022.0,5504022.0,0.0
1787035500,5504022.0,5504022.0,5504022.0,5504022.0,0.0
1787036400,5504022.0,5504022.0,5431346.0,5431346.0,0.00988729
1787037300,5504022.0,5504022.0,5504022.0,5504022.0,0.0018094
1787038200,5504022.0,5504022.0,5504022.0,5504022.0,0.0
1787039100,5504022.0,5504022.0,5504022.0,5504022.0,0.0
1787040000,5504022.0,5504022.0,5504022.0,5504022.0,0.01764491
1787040900,5504022.0,5504022.0,5504022.0,5504022.0,0.0
1787041800,5504022.0,5504022.0,5504022.0,5504022.0,0.0
1787042700,5456497.0,5456497.0,5456497.0,5456497.0,0.00197474
1787043600,5456497.0,5456497.0,5456497.0,5456497.0,0.0
1787044500,5504026.0,5504026.0,5470558.0,5470558.0,0.0053041
1787045400,5470558.0,5470558.0,5470558.0,5470558.0,0.0
1787046300,5470558.0,5470558.0,5470558.0,5470558.0,0.0
1787047200,5470558.0,5470558.0,5470558.0,5470558.0,0.0
1787048100,5470558.0,5470558.0,5470558.0,5470558.0,0.0
1787049000,5488738.0,5488738.0,5488738.0,5488738.0,0.00724165
1787049900,5488738.0,5488738.0,5488738.0,5488738.0,0.00243987
1787050800,5488738.0,5488738.0,5488738.0,5488738.0,0.0
1787051700,5488738.0,5488738.0,5488738.0,5488738.0,0.0
1787052600,5488738.0,5488738.0,5488738.0,5488738.0,0.0
1787053500,5488738.0,5488738.0,5488738.0,5488738.0,0.0
1787054400,5488738.0,5488738.0,5488738.0,5488738.0,0.0
1787055300,5504026.0,5504026.0,5504026.0,5504026.0,0.00907444
1787056200,5504026.0,5504026.0,5504026.0,5504026.0,0.0
1787057100,5504026.0,5504026.0,5504026.0,5504026.0,0.0
1787058000,5472929.0,5472929.0,5472929.0,5472929.0,0.01764491
1787058900,5460453.0,5460453.0,5460453.0,5460453.0,0.00385955
1787059800,5460453.0,5460453.0,5460453.0,5460453.0,0.0
1787060700,5504026.0,5505147.0,5504026.0,5505147.0,0.02352139
1787061600,5505147.0,5505147.0,5505147.0,5505147.0,0.00543343
1787062500,5505147.0,5505147.0,5505147.0,5505147.0,0.0
1787063400,5505147.0,5505147.0,5505147.0,5505147.0,0.0
1787064300,5523912.0,5523912.0,5523912.0,5523912.0,0.0022458
1787065200,5523912.0,5523912.0,5523912.0,5523912.0,0.0
1787066100,5601206.0,5601206.0,5601206.0,5601206.0,0.00355601
1787067000,5601206.0,5601206.0,5601206.0,5601206.0,0.0
1787067900,5601206.0,5601206.0,5601206.0,5601206.0,0.0
1787068800,5598171.0,5598171.0,5598171.0,5598171.0,0.00355794
1787069700,5598171.0,5598171.0,5598171.0,5598171.0,0.0
1787070600,5598171.0,5598171.0,5598171.0,5598171.0,0.0
1787071500,5598171.0,5598171.0,5598171.0,5598171.0,0.0
1787072400,5598171.0,5598171.0,5598171.0,5598171.0,0.0
1787073300,5598171.0,5598171.0,5598171.0,5598171.0,0.0
1787074200,5601206.0,5601206.0,5601206.0,5601206.0,0.00441387
1787075100,5519708.0,5519708.0,5519593.0,5519593.0,0.13639811
1787076000,5530326.0,5530326.0,5530326.0,5530326.0,0.00181185
1787076900,5530326.0,5530326.0,5530326.0,5530326.0,0.0
1787077800,5530326.0,5530326.0,5530326.0,5530326.0,0.0
1787078700,5530326.0,5530326.0,5530326.0,5530326.0,0.0
1787079600,5530326.0,5530326.0,5530326.0,5530326.0,0.0
1787080500,5512478.0,5512478.0,5512478.0,5512478.0,0.00889375
1787081400,5512478.0,5512478.0,5512478.0,5512478.0,0.0
1787082300,5512478.0,5512478.0,5512478.0,5512478.0,0.0
1787083200,5512478.0,5512478.0,5512478.0,5512478.0,0.0
1787084100,5512478.0,5512478.0,5512478.0,5512478.0,0.0
1787085000,5512478.0,5512478.0,5512478.0,5512478.0,0.0
1787085900,5512478.0,5512478.0,5512478.0,5512478.0,0.0
1787086800,5512478.0,5512478.0,5512478.0,5512478.0,0.0
1787087700,5512478.0,5512478.0,5512478.0,5512478.0,0.0
1787088600,5512478.0,5512478.0,5512478.0,5512478.0,0.0
1787089500,5512478.0,5512478.0,5512478.0,5512478.0,0.0
1787090400,5512478.0,5512478.0,5512478.0,5512478.0,0.0
1787091300,5512478.0,5512478.0,5512478.0,5512478.0,0.0
1787092200,5512478.0,5512478.0,5512478.0,5512478.0,0.0
1787093100,5512478.0,5512478.0,5512478.0,5512478.0,0.0
1787094000,5512478.0,5512478.0,5512478.0,5512478.0,0.0
1787094900,5512478.0,5512478.0,5512478.0,5512478.0,0.0
1787095800,5512478.0,5512478.0,5512478.0,5512478.0,0.0
1787096700,5512478.0,5512478.0,5512478.0,5512478.0,0.0
1787097600,5512478.0,5512478.0,5512478.0,5512478.0,0.0
1787098500,5512478.0,5512478.0,5512478.0,5512478.0,0.0
1787099400,5512478.0,5512478.0,5512478.0,5512478.0,0.0
1787100300,5601205.0,5601205.0,5524523.0,5524523.0,0.01779794
1787101200,5601205.0,5601206.0,5601205.0,5601206.0,0.00994732
1787102100,5519750.0,5519750.0,5519750.0,5519750.0,0.002464
1787103000,5601206.0,5601206.0,5601206.0,5601206.0,0.001956
1787103900,5601206.0,5601206.0,5601206.0,5601206.0,0.0
1787104800,5601206.0,5601206.0,5601206.0,5601206.0,0.0
1787105700,5601206.0,5601206.0,5601206.0,5601206.0,0.0
1787106600,5601206.0,5601206.0,5601206.0,5601206.0,0.0
1787107500,5600473.0,5600473.0,5600473.0,5600473.0,0.00297742
1787108400,5596424.0,5596424.0,5596424.0,5596424.0,0.00907561
1787109300,5596424.0,5596424.0,5596424.0,5596424.0,0.0
1787110200,5596424.0,5596424.0,5596424.0,5596424.0,0.0
1787111100,5516145.0,5516150.0,5516145.0,5516150.0,0.02766099
1787112000,5516150.0,5516150.0,5516150.0,5516150.0,0.0
1787112900,5521196.0,5521196.0,5521196.0,5521196.0,0.00333895
1787113800,5522236.0,5600925.0,5522236.0,5600925.0,0.1935269
1787114700,5600925.0,5600925.0,5600925.0,5600925.0,0.0
1787115600,5600925.0,5600925.0,5600925.0,5600925.0,0.0
1787116500,5525086.0,5525086.0,5525086.0,5525086.0,0.00540757
1787117400,5525086.0,5525086.0,5525086.0,5525086.0,0.0
1787118300,5525086.0,5525086.0,5525086.0,5525086.0,0.0
1787119200,5525086.0,5525086.0,5525086.0,5525086.0,0.0
1787120100,5525086.0,5525086.0,5525086.0,5525086.0,0.0
1787121000,5525086.0,5525086.0,5525086.0,5525086.0,0.0
1787121900,5525086.0,5525086.0,5525086.0,5525086.0,0.0
1787122800,5525086.0,5525086.0,5525086.0,5525086.0,0.0
1787123700,5525086.0,5525086.0,5525086.0,5525086.0,0.0
1787124600,5509634.0,5509634.0,5509634.0,5509634.0,0.20919048
1787125500,5509634.0,5509634.0,5509634.0,5509634.0,0.0
1787126400,5509634.0,5509634.0,5509634.0,5509634.0,0.0
1787127300,5509634.0,5509634.0,5509634.0,5509634.0,0.0
1787128200,5509634.0,5509634.0,5509634.0,5509634.0,0.0
1787129100,5555004.0,5555004.0,5496004.0,5496004.0,0.00460079
1787130000,5496004.0,5496004.0,5496004.0,5496004.0,0.0
1787130900,5554989.0,5554989.0,5554989.0,5554989.0,0.06630832
1787131800,5554989.0,5554989.0,5497231.0,5497231.0,0.00527036
1787132700,5497231.0,5497231.0,5497231.0,5497231.0,0.0
1787133600,5497231.0,5497231.0,5497231.0,5497231.0,0.0
1787134500,5497231.0,5497231.0,5497231.0,5497231.0,0.0
1787135400,5506574.0,5506574.0,5506574.0,5506574.0,0.00297742
1787136300,5506574.0,5506574.0,5506574.0,5506574.0,0.0
1787137200,5505633.0,5505633.0,5505633.0,5505633.0,0.00790062
1787138100,5505633.0,5505633.0,5505633.0,5505633.0,0.01662809
1787139000,5505633.0,5505633.0,5505633.0,5505633.0,0.0
1787139900,5505633.0,5505633.0,5505633.0,5505633.0,0.0
1787140800,5518238.0,5518238.0,5518238.0,5518238.0,0.01668724
1787141700,5578518.0,5578518.0,5578518.0,5578518.0,0.01038878
1787142600,5578518.0,5578518.0,5578518.0,5578518.0,0.0
1787143500,5578518.0,5578518.0,5578518.0,5578518.0,0.0
1787144400,5578518.0,5578518.0,5578518.0,5578518.0,0.0
1787145300,5578518.0,5578518.0,5578518.0,5578518.0,0.0
1787146200,5578518.0,5578518.0,5578518.0,5578518.0,0.0
1787147100,5578513.0,5603040.0,5578513.0,5603040.0,0.06734603
1787148000,5656999.0,5656999.0,5656999.0,5656999.0,0.00447799
1787148900,5656999.0,5657000.0,5656999.0,5657000.0,0.09687024
1787149800,5656996.0,5656996.0,5656996.0,5656996.0,0.00176047
1787150700,5656996.0,5656996.0,5656996.0,5656996.0,0.0
1787151600,5656996.0,5657000.0,5656996.0,5657000.0,0.13494988
1787152500,5678056.0,5731196.0,5678056.0,5731196.0,0.00174142
1787153400,5731196.0,5731196.0,5731196.0,5731196.0,0.0
1787154300,5658860.0,5658860.0,5658860.0,5658860.0,0.00176821
1787155200,5688187.0,5688187.0,5688187.0,5688187.0,0.0023009
1787156100,5658860.0,5658860.0,5622501.0,5622501.0,0.10669092
1787157000,5691347.0,5691347.0,5691347.0,5691347.0,0.0100788
1787157900,5662608.0,5662608.0,5662608.0,5662608.0,0.00227209
1787158800,5655816.0,5655816.0,5655816.0,5655816.0,0.00496745
1787159700,5655816.0,5655816.0,5655816.0,5655816.0,0.0
1787160600,5655668.0,5655668.0,5655668.0,5655668.0,0.00631878
1787161500,5655668.0,5655668.0,5655668.0,5655668.0,0.0
1787162400,5655668.0,5655668.0,5655668.0,5655668.0,0.0
1787163300,5655668.0,5655668.0,5655668.0,5655668.0,0.0
1787164200,5655668.0,5655668.0,5655668.0,5655668.0,0.0
1787165100,5585947.0,5585947.0,5585947.0,5585947.0,0.0042925
1787166000,5585947.0,5585947.0,5585947.0,5585947.0,0.0
1787166900,5612222.0,5612222.0,5612222.0,5612222.0,0.00306344
1787167800,5612222.0,5612222.0,5612222.0,5612222.0,0.0
1787168700,5612222.0,5612222.0,5612222.0,5612222.0,0.0
1787169600,5612222.0,5612222.0,5612222.0,5612222.0,0.0
1787170500,5612222.0,5612222.0,5612222.0,5612222.0,0.0
1787171400,5606650.0,5606650.0,5606650.0,5606650.0,0.00179465
1787172300,5606650.0,5606650.0,5606650.0,5606650.0,0.0
1787173200,5606650.0,5606650.0,5606650.0,5606650.0,0.0
1787174100,5606650.0,5606650.0,5606650.0,5606650.0,0.0
1787175000,5606650.0,5606650.0,5606650.0,5606650.0,0.0
1787175900,5606650.0,5606650.0,5606650.0,5606650.0,0.0
1787176800,5606650.0,5606650.0,5606650.0,5606650.0,0.0
1787177700,5606650.0,5606650.0,5606650.0,5606650.0,0.0
1787178600,5690825.0,5690825.0,5610850.0,5610850.0,0.0152635
1787179500,5610850.0,5610850.0,5610850.0,5610850.0,0.0
1787180400,5610850.0,5610850.0,5610850.0,5610850.0,0.0
1787181300,5708874.0,5708874.0,5708874.0,5708874.0,0.00316437
1787182200,5708874.0,5708874.0,5708874.0,5708874.0,0.0
1787183100,5708875.0,5708875.0,5708875.0,5708875.0,0.0104877
1787184000,5702484.0,5702484.0,5702484.0,5702484.0,0.05623531
1787184900,5702484.0,5702484.0,5702484.0,5702484.0,0.0
1787185800,5702484.0,5702484.0,5702484.0,5702484.0,0.0
1787186700,5702558.0,5702558.0,5617915.0,5617915.0,0.75006665
1787187600,5621763.0,5621763.0,5621763.0,5621763.0,0.00227188
1787188500,5621763.0,5621763.0,5621763.0,5621763.0,0.0
1787189400,5621407.0,5621407.0,5621407.0,5621407.0,0.02075462
1787190300,5621407.0,5621407.0,5621407.0,5621407.0,0.0
1787191200,5621407.0,5621407.0,5621407.0,5621407.0,0.0
1787192100,5695546.0,5696176.0,5608509.0,5696068.0,0.20342668
1787193000,5696068.0,5696068.0,5696068.0,5696068.0,0.0
1787193900,5608090.0,5608090.0,5608090.0,5608090.0,0.11902896
1787194800,5608090.0,5608090.0,5608090.0,5608090.0,0.0
1787195700,5608090.0,5608090.0,5608090.0,5608090.0,0.0
1787196600,5608090.0,5608090.0,5608090.0,5608090.0,0.0
1787197500,5608090.0,5608090.0,5608090.0,5608090.0,0.0
1787198400,5608090.0,5608090.0,5608090.0,5608090.0,0.0
1787199300,5608090.0,5608090.0,5608090.0,5608090.0,0.0
1787200200,5608090.0,5608090.0,5608090.0,5608090.0,0.0
1787201100,5600019.0,5600019.0,5600019.0,5600019.0,0.00637916
1787202000,5676696.0,5676696.0,5600014.0,5600014.0,0.00784626
1787202900,5600014.0,5600014.0,5600014.0,5600014.0,0.02821546
1787203800,5600014.0,5600014.0,5600014.0,5600014.0,0.0
1787204700,5600014.0,5600014.0,5600014.0,5600014.0,0.0
1787205600,5600014.0,5600014.0,5600014.0,5600014.0,0.0
1787206500,5678678.0,5678678.0,5678678.0,5678678.0,0.00175375
1787207400,5678678.0,5678678.0,5678678.0,5678678.0,0.0
1787208300,5678678.0,5678678.0,5678678.0,5678678.0,0.0
1787209200,5678678.0,5678678.0,5678678.0,5678678.0,0.0
1787210100,5678678.0,5678678.0,5678678.0,5678678.0,0.0
1787211000,5661722.0,5661722.0,5661722.0,5661722.0,0.001759
1787211900,5661722.0,5661722.0,5661722.0,5661722.0,0.0
1787212800,5661722.0,5661722.0,5661722.0,5661722.0,0.0
1787213700,5661722.0,5661722.0,5661722.0,5661722.0,0.0
1787214600,5661722.0,5661722.0,5661722.0,5661722.0,0.0
1787215500,5661722.0,5661722.0,5661722.0,5661722.0,0.0
1787216400,5661722.0,5661722.0,5661722.0,5661722.0,0.0
1787217300,5600018.0,5600018.0,5600014.0,5600014.0,0.45355369
1787218200,5600014.0,5600014.0,5600014.0,5600014.0,0.0
1787219100,5600018.0,5768996.0,5600018.0,5768996.0,0.05713532
1787220000,5768996.0,5768996.0,5768996.0,5768996.0,0.0
1787220900,5669437.0,5669437.0,5600018.0,5600018.0,0.00708772
1787221800,5600018.0,5600018.0,5600018.0,5600018.0,0.0
1787222700,5600018.0,5600018.0,5600018.0,5600018.0,0.0
1787223600,5600018.0,5600018.0,5600018.0,5600018.0,0.0
1787224500,5680760.0,5680760.0,5680760.0,5680760.0,0.00405385
1787225400,5603479.0,5603479.0,5603479.0,5603479.0,0.01151004
1787226300,5680759.0,5680759.0,5680759.0,5680759.0,0.00241552
1787227200,5680759.0,5680759.0,5680759.0,5680759.0,0.0
1787228100,5680759.0,5680759.0,5680759.0,5680759.0,0.0
1787229000,5680759.0,5680759.0,5680759.0,5680759.0,0.0
1787229900,5680759.0,5680759.0,5680759.0,5680759.0,0.0
1787230800,5680759.0,5680759.0,5680759.0,5680759.0,0.0
1787231700,5680759.0,5680759.0,5680759.0,5680759.0,0.0
1787232600,5695423.0,5695423.0,5695423.0,5695423.0,0.0026228
1787233500,5695423.0,5695423.0,5695423.0,5695423.0,0.0
1787234400,5695423.0,5695423.0,5695423.0,5695423.0,0.00200424
1787235300,5695423.0,5695423.0,5695423.0,5695423.0,0.0
1787236200,5622796.0,5622796.0,5600014.0,5600014.0,0.74101692
1787237100,5682502.0,5682502.0,5682502.0,5682502.0,0.00175257
1787238000,5616160.0,5616160.0,5608658.0,5608658.0,0.00911739
1787238900,5682502.0,5683254.0,5682502.0,5683254.0,0.00781371
1787239800,5683254.0,5683254.0,5683254.0,5683254.0,0.0
1787240700,5683254.0,5683254.0,5683254.0,5683254.0,0.0
1787241600,5683254.0,5683254.0,5683254.0,5683254.0,0.0
1787242500,5683254.0,5683254.0,5683254.0,5683254.0,0.0
1787243400,5608658.0,5608658.0,5601940.0,5601940.0,0.07806714
1787244300,5601940.0,5601940.0,5601940.0,5601940.0,0.0
1787245200,5601940.0,5601940.0,5601940.0,5601940.0,0.0
1787246100,5601940.0,5601940.0,5601940.0,5601940.0,0.0
1787247000,5601940.0,5601940.0,5601940.0,5601940.0,0.0
1787247900,5605719.0,5605719.0,5605719.0,5605719.0,0.00180952
1787248800,5605719.0,5605719.0,5605719.0,5605719.0,0.0
1787249700,5605719.0,5605719.0,5605719.0,5605719.0,0.0
1787250600,5605719.0,5605719.0,5605719.0,5605719.0,0.0
1787251500,5605719.0,5605719.0,5605719.0,5605719.0,0.0
1787252400,5605719.0,5605719.0,5605719.0,5605719.0,0.0
1787253300,5605719.0,5605719.0,5601940.0,5601940.0,0.1247996
1787254200,5601940.0,5601940.0,5601940.0,5601940.0,0.05281407
1787255100,5601940.0,5601940.0,5600000.0,5600000.0,0.38636684
1787256000,5600000.0,5600000.0,5600000.0,5600000.0,0.0
1787256900,5600000.0,5600000.0,5600000.0,5600000.0,0.0
1787257800,5600014.0,5604205.0,5600014.0,5604205.0,0.00177824
1787258700,5604205.0,5604205.0,5604205.0,5604205.0,0.0
1787259600,5604205.0,5604205.0,5604205.0,5604205.0,0.0
1787260500,5604205.0,5604205.0,5604205.0,5604205.0,0.0
1787261400,5604205.0,5604205.0,5604205.0,5604205.0,0.0
1787262300,5604205.0,5604205.0,5604205.0,5604205.0,0.0
1787263200,5695439.0,5695439.0,5695439.0,5695439.0,0.00306174
1787264100,5695439.0,5695439.0,5695439.0,5695439.0,0.0
1787265000,5695439.0,5695439.0,5695439.0,5695439.0,0.0
1787265900,5695439.0,5695439.0,5695439.0,5695439.0,0.0
1787266800,5557480.0,5557480.0,5533428.0,5533428.0,0.22222174
1787267700,5533428.0,5533428.0,5533428.0,5533428.0,0.0
1787268600,5533428.0,5533428.0,5533428.0,5533428.0,0.0
1787269500,5526548.0,5526548.0,5526548.0,5526548.0,0.0026228
1787270400,5526548.0,5526548.0,5526548.0,5526548.0,0.0
1787271300,5526548.0,5526548.0,5526548.0,5526548.0,0.0
1787272200,5602245.0,5602245.0,5602245.0,5602245.0,0.00177768
1787273100,5602245.0,5602245.0,5602245.0,5602245.0,0.0
1787274000,5602357.0,5602357.0,5602357.0,5602357.0,0.00372985
1787274900,5600708.0,5600708.0,5526548.0,5526548.0,0.00894348
1787275800,5526548.0,5526548.0,5526548.0,5526548.0,0.0
1787276700,5526548.0,5526548.0,5526548.0,5526548.0,0.0
1787277600,5607864.0,5607864.0,5607864.0,5607864.0,0.00279963
1787278500,5584538.0,5584538.0,5584538.0,5584538.0,0.00178331
1787279400,5580050.0,5580050.0,5580050.0,5580050.0,0.0041168
1787280300,5580050.0,5580050.0,5580050.0,5580050.0,0.0
1787281200,5580050.0,5580050.0,5580050.0,5580050.0,0.0
1787282100,5575313.0,5575313.0,5575313.0,5575313.0,0.00309973
1787283000,5575771.0,5607864.0,5526548.0,5607864.0,0.00962875
1787283900,5607864.0,5607864.0,5607864.0,5607864.0,0.0
1787284800,5607864.0,5607864.0,5607864.0,5607864.0,0.0
1787285700,5526548.0,5526548.0,5526548.0,5526548.0,0.00190006
1787286600,5526548.0,5587072.0,5526548.0,5587072.0,0.05578988
1787287500,5587072.0,5587072.0,5587072.0,5587072.0,0.0
1787288400,5585822.0,5585822.0,5585822.0,5585822.0,0.00193221
1787289300,5526548.0,5526548.0,5526548.0,5526548.0,0.00569189
1787290200,5607864.0,5607864.0,5607864.0,5607864.0,0.01062989
1787291100,5607864.0,5695439.0,5526548.0,5526548.0,0.00966386
1787292000,5526548.0,5526548.0,5526548.0,5526548.0,0.0
1787292900,5526548.0,5526548.0,5526548.0,5526548.0,0.00286738
1787293800,5526548.0,5526548.0,5526548.0,5526548.0,0.0
1787294700,5526548.0,5526548.0,5526548.0,5526548.0,0.0
1787295600,5526548.0,5526548.0,5526548.0,5526548.0,0.0
1787296500,5526548.0,5526548.0,5526548.0,5526548.0,0.0
1787297400,5526548.0,5526548.0,5526548.0,5526548.0,0.00438362
1787298300,5526548.0,5568818.0,5526548.0,5568818.0,0.01026469
1787299200,5568818.0,5568818.0,5568818.0,5568818.0,0.0
1787300100,5568818.0,5568818.0,5568818.0,5568818.0,0.0
1787301000,5695439.0,5695439.0,5695439.0,5695439.0,0.00524577
1787301900,5695439.0,5695439.0,5695439.0,5695439.0,0.0
1787302800,5526548.0,5526548.0,5526548.0,5526548.0,0.02598561
1787303700,5526548.0,5526548.0,5526548.0,5526548.0,0.0
1787304600,5566409.0,5566409.0,5566409.0,5566409.0,0.00337919
1787305500,5566409.0,5566409.0,5566409.0,5566409.0,0.0
1787306400,5695439.0,5695439.0,5526548.0,5526548.0,0.19013141
1787307300,5568631.0,5695439.0,5568071.0,5695439.0,0.06618292
1787308200,5570029.0,5695439.0,5570029.0,5695439.0,0.0386133
1787309100,5695439.0,5695439.0,5695439.0,5695439.0,0.0
1787310000,5568820.0,5568820.0,5568820.0,5568820.0,0.00342406
1787310900,5526548.0,5526548.0,5526548.0,5526548.0,0.02924363
1787311800,5565635.0,5565635.0,5526548.0,5526548.0,0.00533056
1787312700,5526548.0,5526548.0,5526548.0,5526548.0,0.0
1787313600,5568820.0,5695439.0,5568820.0,5568846.0,0.02373139
1787314500,5568846.0,5568846.0,5568846.0,5568846.0,0.0
1787315400,5695439.0,5695439.0,5695439.0,5695439.0,0.00351193
1787316300,5572703.0,5572703.0,5572703.0,5572703.0,0.00403502
1787317200,5695439.0,5695439.0,5569865.0,5569865.0,0.00911141
1787318100,5695439.0,5695439.0,5545885.0,5545885.0,0.0530144
1787319000,5526548.0,5526548.0,5503328.0,5503328.0,0.29648603
1787319900,5497344.0,5501650.0,5487877.0,5487877.0,0.07854588
1787320800,5460006.0,5695439.0,5460006.0,5695439.0,0.00670048
1787321700,5493066.0,5501525.0,5460006.0,5496564.0,0.01201826
1787322600,5495687.0,5508655.0,5495687.0,5508655.0,0.08153708
1787323500,5460006.0,5695439.0,5460006.0,5695439.0,0.00756469
1787324400,5695439.0,5695439.0,5695439.0,5695439.0,0.0026228
1787325300,5528310.0,5528310.0,5460006.0,5527580.0,0.05456222
1787326200,5472555.0,5768999.0,5472555.0,5558750.0,0.0373382
1787327100,5564582.0,5564582.0,5564582.0,5564582.0,0.00340043
1787328000,5562526.0,5562526.0,5478934.0,5478934.0,0.06469741
1787328900,5478934.0,5478934.0,5478934.0,5478934.0,0.00340043
1787329800,5768999.0,5768999.0,5478934.0,5768999.0,0.01408836
1787330700,5768999.0,5768999.0,5768999.0,5768999.0,0.0
1787331600,5768999.0,5768999.0,5768999.0,5768999.0,0.0
1787332500,5768999.0,5768999.0,5768999.0,5768999.0,0.0
1787333400,5768999.0,5768999.0,5768999.0,5768999.0,0.0
1787334300,5768999.0,5768999.0,5768999.0,5768999.0,0.0
1787335200,5524296.0,5524296.0,5524296.0,5524296.0,0.00360552
1787336100,5524296.0,5524296.0,5524296.0,5524296.0,0.0
1787337000,5505648.0,5505648.0,5478934.0,5478934.0,0.00532354
1787337900,5478934.0,5478934.0,5478934.0,5478934.0,0.0
1787338800,5478934.0,5478934.0,5478934.0,5478934.0,0.0
1787339700,5524081.0,5524081.0,5524081.0,5524081.0,0.03605685
1787340600,5524082.0,5524082.0,5524082.0,5524082.0,0.00558797
1787341500,5524083.0,5524083.0,5524082.0,5524082.0,0.23199517
1787342400,5524082.0,5524082.0,5524082.0,5524082.0,0.0
1787343300,5524082.0,5524082.0,5524082.0,5524082.0,0.0
1787344200,5527769.0,5527769.0,5527769.0,5527769.0,0.00450398
1787345100,5527769.0,5527769.0,5527769.0,5527769.0,0.0
1787346000,5527769.0,5527769.0,5527769.0,5527769.0,0.0
1787346900,5527769.0,5527769.0,5527769.0,5527769.0,0.0
1787347800,5527769.0,5527769.0,5527769.0,5527769.0,0.0
1787348700,5527769.0,5527769.0,5527769.0,5527769.0,0.0
1787349600,5527769.0,5527769.0,5527769.0,5527769.0,0.0
1787350500,5527769.0,5527769.0,5527769.0,5527769.0,0.0
1787351400,5523919.0,5523919.0,5523919.0,5523919.0,0.01802886
1787352300,5523919.0,5523919.0,5523919.0,5523919.0,0.0
1787353200,5523919.0,5523919.0,5523919.0,5523919.0,0.0
1787354100,5523919.0,5523919.0,5523919.0,5523919.0,0.0
1787355000,5552223.0,5552223.0,5552223.0,5552223.0,0.00376677
1787355900,5522497.0,5522497.0,5522497.0,5522497.0,0.0036067
1787356800,5552223.0,5552223.0,5552223.0,5552223.0,0.00186177
1787357700,5524453.0,5524453.0,5524453.0,5524453.0,0.61238044
1787358600,5529433.0,5529433.0,5529433.0,5529433.0,0.0174705
1787359500,5529433.0,5529433.0,5529433.0,5529433.0,0.0
1787360400,5529433.0,5529433.0,5529433.0,5529433.0,0.0
1787361300,5532456.0,5532456.0,5532456.0,5532456.0,0.01032416
1787362200,5522223.0,5522223.0,5522223.0,5522223.0,0.03045015
1787363100,5522223.0,5522223.0,5522223.0,5522223.0,0.0
1787364000,5522223.0,5522223.0,5522223.0,5522223.0,0.01822164
1787364900,5528544.0,5528544.0,5528544.0,5528544.0,0.03143593
1787365800,5522223.0,5522223.0,5522223.0,5522223.0,0.00241552
1787366700,5522223.0,5522223.0,5522223.0,5522223.0,0.0
1787367600,5522223.0,5522223.0,5522223.0,5522223.0,0.01654234
1787368500,5522223.0,5522223.0,5522223.0,5522223.0,0.09110896
1787369400,5522223.0,5522223.0,5522223.0,5522223.0,0.0
1787370300,5522223.0,5522223.0,5522223.0,5522223.0,0.0
1787371200,5522223.0,5522223.0,5498927.0,5498927.0,0.02445005
1787372100,5519473.0,5519473.0,5519473.0,5519473.0,0.00180433
1787373000,5552223.0,5552223.0,5498927.0,5498927.0,0.01405934
1787373900,5498927.0,5498927.0,5498927.0,5498927.0,0.0
1787374800,5498927.0,5498927.0,5478934.0,5478934.0,0.57448505
1787375700,5498486.0,5498486.0,5498486.0,5498486.0,0.00485333
1787376600,5498486.0,5498486.0,5498486.0,5498486.0,0.0
1787377500,5498486.0,5498486.0,5498486.0,5498486.0,0.0
1787378400,5510758.0,5510758.0,5504889.0,5504889.0,0.09268268
1787379300,5506312.0,5506312.0,5506312.0,5506312.0,0.00180865
1787380200,5506312.0,5506312.0,5506312.0,5506312.0,0.0
1787381100,5504000.0,5515027.0,5460008.0,5515027.0,0.64936032
1787382000,5460008.0,5460008.0,5460006.0,5460006.0,0.00356832
1787382900,5518406.0,5518406.0,5518406.0,5518406.0,0.00180468
1787383800,5518406.0,5518406.0,5518406.0,5518406.0,0.0
1787384700,5518406.0,5518406.0,5518406.0,5518406.0,0.0
1787385600,5518406.0,5518406.0,5518406.0,5518406.0,0.0
1787386500,5518406.0,5518406.0,5518406.0,5518406.0,0.0
1787387400,5512537.0,5552223.0,5512537.0,5552223.0,0.00536931
1787388300,5552223.0,5552223.0,5552223.0,5552223.0,0.0
1787389200,5511825.0,5511825.0,5511825.0,5511825.0,0.0026249
1787390100,5460006.0,5552223.0,5460006.0,5552223.0,0.00909308
1787391000,5552223.0,5552223.0,5552223.0,5552223.0,0.0
1787391900,5552223.0,5552223.0,5552223.0,5552223.0,0.0
1787392800,5460006.0,5460006.0,5460006.0,5460006.0,0.00621778
1787393700,5460006.0,5460006.0,5460006.0,5460006.0,0.0
1787394600,5552223.0,5552223.0,5460006.0,5507023.0,0.04801595
1787395500,5506846.0,5552223.0,5506846.0,5552223.0,0.00541064
1787396400,5552223.0,5552223.0,5552223.0,5552223.0,0.0
1787397300,5460006.0,5460006.0,5460006.0,5460006.0,0.00372985
1787398200,5460006.0,5460006.0,5460006.0,5460006.0,0.0
1787399100,5460006.0,5460006.0,5450003.0,5450003.0,0.02901516
1787400000,5515738.0,5515738.0,5450003.0,5450003.0,0.00753008
1787400900,5515738.0,5515738.0,5515738.0,5515738.0,0.03614947
1787401800,5515738.0,5515738.0,5515738.0,5515738.0,0.0
1787402700,5450003.0,5517695.0,5450000.0,5517695.0,0.46311252
1787403600,5517695.0,5517695.0,5517695.0,5517695.0,0.0
1787404500,5517695.0,5517695.0,5517695.0,5517695.0,0.0
1787405400,5450000.0,5450000.0,5450000.0,5450000.0,0.61238044
1787406300,5450000.0,5450000.0,5450000.0,5450000.0,0.0
1787407200,5450000.0,5450000.0,5450000.0,5450000.0,0.0
1787408100,5552223.0,5552223.0,5552223.0,5552223.0,0.00179369
1787409000,5552223.0,5552223.0,5552223.0,5552223.0,0.0
1787409900,5520718.0,5520718.0,5520718.0,5520718.0,0.01489878
1787410800,5520718.0,5520718.0,5520718.0,5520718.0,0.0
1787411700,5520718.0,5520718.0,5520718.0,5520718.0,0.0
1787412600,5522674.0,5522674.0,5522674.0,5522674.0,0.0124663
1787413500,5522674.0,5522674.0,5522674.0,5522674.0,0.0
1787414400,5524453.0,5524453.0,5522674.0,5522674.0,0.00803841
1787415300,5520362.0,5520362.0,5450000.0,5450000.0,0.06981149
1787416200,5521429.0,5521429.0,5521429.0,5521429.0,0.00249428
1787417100,5521429.0,5521429.0,5521429.0,5521429.0,0.0
1787418000,5521429.0,5521429.0,5521429.0,5521429.0,0.0
1787418900,5521429.0,5521429.0,5521429.0,5521429.0,0.0
1787419800,5521429.0,5521429.0,5521429.0,5521429.0,0.0
1787420700,5521429.0,5521429.0,5521429.0,5521429.0,0.0
1787421600,5521429.0,5521429.0,5521429.0,5521429.0,0.0
1787422500,5521429.0,5521429.0,5521429.0,5521429.0,0.0
1787423400,5521429.0,5521429.0,5521429.0,5521429.0,0.0
1787424300,5450000.0,5450000.0,5450000.0,5450000.0,0.0054625
1787425200,5552223.0,5552223.0,5552223.0,5552223.0,0.00618346
1787426100,5552223.0,5552223.0,5552223.0,5552223.0,0.0
1787427000,5450000.0,5450000.0,5450000.0,5450000.0,0.01846311
1787427900,5450000.0,5450000.0,5450000.0,5450000.0,0.0
1787428800,5450000.0,5450000.0,5450000.0,5450000.0,0.0
1787429700,5450000.0,5450000.0,5450000.0,5450000.0,0.0
1787430600,5450000.0,5450000.0,5450000.0,5450000.0,0.0
1787431500,5552223.0,5700000.0,5552223.0,5700000.0,0.36987576
1787432400,5513426.0,5513426.0,5513426.0,5513426.0,0.01625686
1787433300,5513426.0,5513426.0,5513426.0,5513426.0,0.0
1787434200,5513426.0,5513426.0,5513426.0,5513426.0,0.0
1787435100,5513426.0,5513426.0,5513426.0,5513426.0,0.0
1787436000,5450000.0,5450000.0,5450000.0,5450000.0,0.01625686
1787436900,5450000.0,5450000.0,5450000.0,5450000.0,0.0
1787437800,5520007.0,5520007.0,5520007.0,5520007.0,0.00280633
1787438700,5520007.0,5520007.0,5520007.0,5520007.0,0.0
1787439600,5520007.0,5520007.0,5520007.0,5520007.0,0.0
1787440500,5450000.0,5450000.0,5450000.0,5450000.0,0.00447799
1787441400,5450000.0,5450000.0,5450000.0,5450000.0,0.0
1787442300,5450000.0,5450000.0,5450000.0,5450000.0,0.0
1787443200,5450000.0,5450000.0,5450000.0,5450000.0,0.0
1787444100,5522852.0,5522852.0,5522852.0,5522852.0,0.00180323
1787445000,5522852.0,5522852.0,5522852.0,5522852.0,0.0
1787445900,5522852.0,5522852.0,5522852.0,5522852.0,0.0
1787446800,5525342.0,5525342.0,5525342.0,5525342.0,0.002604
1787447700,5525342.0,5525342.0,5525342.0,5525342.0,0.09908453
1787448600,5528544.0,5528544.0,5528544.0,5528544.0,0.00385454
1787449500,5528544.0,5528544.0,5528544.0,5528544.0,0.0
1787450400,5450004.0,5528544.0,5450004.0,5528544.0,0.01103292
1787451300,5528544.0,5700000.0,5450005.0,5450005.0,0.01957666
1787452200,5450005.0,5450005.0,5450005.0,5450005.0,0.0
1787453100,5530677.0,5530678.0,5530677.0,5530678.0,0.00406134
1787454000,5528188.0,5528188.0,5528188.0,5528188.0,0.02122563
1787454900,5529966.0,5529966.0,5529966.0,5529966.0,0.01501962
1787455800,5508624.0,5508624.0,5508624.0,5508624.0,0.00903946
1787456700,5450004.0,5450004.0,5450004.0,5450004.0,0.00210495
1787457600,5699999.0,5699999.0,5699999.0,5699999.0,0.00237684
1787458500,5699999.0,5699999.0,5699999.0,5699999.0,0.0
1787459400,5513070.0,5513070.0,5513070.0,5513070.0,0.00808025
1787460300,5508980.0,5512893.0,5450004.0,5512893.0,0.01638039
1787461200,5699999.0,5699999.0,5699999.0,5699999.0,0.01747193
1787462100,5517872.0,5517872.0,5517872.0,5517872.0,0.00303486
1787463000,5517872.0,5517872.0,5517872.0,5517872.0,0.0
1787463900,5517872.0,5517872.0,5517872.0,5517872.0,0.0
1787464800,5512715.0,5512715.0,5512715.0,5512715.0,0.18065599
1787465700,5450005.0,5450005.0,5450005.0,5450005.0,0.0118941
1787466600,5512181.0,5512181.0,5512181.0,5512181.0,0.00764071
1787467500,5513604.0,5513604.0,5513604.0,5513604.0,0.01793618
1787468400,5450005.0,5450005.0,5450005.0,5450005.0,0.00303486
1787469300,5450005.0,5450005.0,5450003.0,5450003.0,0.01773019
1787470200,5450003.0,5450003.0,5450003.0,5450003.0,0.0
1787471100,5450003.0,5450003.0,5450003.0,5450003.0,0.0
1787472000,5450003.0,5450003.0,5450003.0,5450003.0,0.00220776
1787472900,5450003.0,5450003.0,5450003.0,5450003.0,0.0
1787473800,5450003.0,5450003.0,5450003.0,5450003.0,0.0
1787474700,5450004.0,5450004.0,5450004.0,5450004.0,0.0068132
1787475600,5450004.0,5450004.0,5450004.0,5450004.0,0.0
1787476500,5450003.0,5525520.0,5450003.0,5525520.0,0.01061871
1787477400,5525520.0,5525520.0,5525520.0,5525520.0,0.0
1787478300,5699998.0,5699998.0,5500000.0,5527654.0,0.00967171
1787479200,5500000.0,5500000.0,5500000.0,5500000.0,0.01261981
1787480100,5699998.0,5699998.0,5699998.0,5699998.0,0.00174719
1787481000,5699998.0,5699998.0,5699998.0,5699998.0,0.0
1787481900,5699998.0,5699998.0,5699998.0,5699998.0,0.0
1787482800,5536901.0,5536902.0,5536901.0,5536902.0,0.03372859
1787483700,5536902.0,5536902.0,5536902.0,5536902.0,0.0
1787484600,5536902.0,5536902.0,5536902.0,5536902.0,0.0
1787485500,5535658.0,5536902.0,5500000.0,5536902.0,0.00681217
1787486400,5536902.0,5536902.0,5536902.0,5536902.0,0.0
1787487300,5536902.0,5536902.0,5536902.0,5536902.0,0.0
1787488200,5532278.0,5532278.0,5532278.0,5532278.0,0.00360032
1787489100,5532278.0,5532278.0,5532278.0,5532278.0,0.0
1787490000,5532278.0,5532278.0,5532278.0,5532278.0,0.0
1787490900,5500000.0,5536902.0,5500000.0,5536902.0,0.00736843
1787491800,5500000.0,5500000.0,5500000.0,5500000.0,0.0118941
1787492700,5536902.0,5536902.0,5500000.0,5500000.0,0.01842496
1787493600,5500000.0,5536902.0,5500000.0,5536902.0,0.0114003
1787494500,5536902.0,5539926.0,5536902.0,5539926.0,0.03454358
1787495400,5500000.0,5500000.0,5500000.0,5500000.0,0.00441387
1787496300,5500000.0,5500000.0,5500000.0,5500000.0,0.0
1787497200,5500000.0,5500000.0,5500000.0,5500000.0,0.0
1787498100,5500000.0,5500000.0,5500000.0,5500000.0,0.00439963
1787499000,5500000.0,5500000.0,5500000.0,5500000.0,0.0
1787499900,5500000.0,5500000.0,5500000.0,5500000.0,0.0
1787500800,5500000.0,5500000.0,5500000.0,5500000.0,0.0
1787501700,5500000.0,5500000.0,5500000.0,5500000.0,0.0
1787502600,5500000.0,5533879.0,5500000.0,5533879.0,0.00974345
1787503500,5500000.0,5534413.0,5500000.0,5534413.0,0.02563492
1787504400,5500000.0,5500000.0,5500000.0,5500000.0,0.00672808
1787505300,5500000.0,5500000.0,5500000.0,5500000.0,0.0
1787506200,5500000.0,5500000.0,5500000.0,5500000.0,0.0
1787507100,5500000.0,5500000.0,5500000.0,5500000.0,0.0
1787508000,5500000.0,5500000.0,5500000.0,5500000.0,0.0
1787508900,5500000.0,5500000.0,5500000.0,5500000.0,0.0
1787509800,5500000.0,5500000.0,5500000.0,5500000.0,0.0
1787510700,5500000.0,5500000.0,5500000.0,5500000.0,0.0
1787511600,5500000.0,5500000.0,5500000.0,5500000.0,0.0
1787512500,5500000.0,5500000.0,5500000.0,5500000.0,0.0
1787513400,5532990.0,5532990.0,5532990.0,5532990.0,0.00268227
1787514300,5532990.0,5532990.0,5532990.0,5532990.0,0.0
1787515200,5532990.0,5532990.0,5532990.0,5532990.0,0.0
1787516100,5528899.0,5528899.0,5528899.0,5528899.0,0.00203874
1787517000,5528899.0,5528899.0,5528899.0,5528899.0,0.0
1787517900,5528899.0,5528899.0,5528899.0,5528899.0,0.0
1787518800,5500000.0,5500000.0,5500000.0,5500000.0,0.00907444
1787519700,5500000.0,5500000.0,5500000.0,5500000.0,0.0036589
1787520600,5500000.0,5500000.0,5500000.0,5500000.0,0.00280633
1787521500,5500000.0,5500000.0,5500000.0,5500000.0,0.00207806
1787522400,5537436.0,5537436.0,5537436.0,5537436.0,0.00540611
1787523300,5537436.0,5537436.0,5537436.0,5537436.0,0.0
1787524200,5537436.0,5537436.0,5537436.0,5537436.0,0.0
1787525100,5500000.0,5530019.0,5500000.0,5500000.0,0.05251978
1787526000,5500000.0,5500000.0,5500000.0,5500000.0,0.0
1787526900,5500000.0,5500000.0,5500000.0,5500000.0,0.0
1787527800,5500000.0,5500000.0,5500000.0,5500000.0,0.0
1787528700,5500000.0,5500000.0,5500000.0,5500000.0,0.0
1787529600,5500000.0,5500000.0,5500000.0,5500000.0,0.0
1787530500,5500000.0,5500000.0,5500000.0,5500000.0,0.0
1787531400,5520587.0,5520587.0,5520587.0,5520587.0,0.0072302
1787532300,5528576.0,5528576.0,5528576.0,5528576.0,0.00327353
1787533200,5528576.0,5528576.0,5528576.0,5528576.0,0.0
1787534100,5528576.0,5528576.0,5528576.0,5528576.0,0.0
1787535000,5528576.0,5528576.0,5528576.0,5528576.0,0.0
1787535900,5500000.0,5500000.0,5500000.0,5500000.0,0.09147709
1787536800,5500000.0,5500000.0,5500000.0,5500000.0,0.0
1787537700,5500000.0,5500000.0,5500000.0,5500000.0,0.0
1787538600,5500000.0,5500000.0,5500000.0,5500000.0,0.0
1787539500,5500000.0,5500000.0,5500000.0,5500000.0,0.0
1787540400,5500000.0,5500000.0,5500000.0,5500000.0,0.0
1787541300,5500000.0,5500000.0,5500000.0,5500000.0,0.0
1787542200,5500000.0,5500000.0,5500000.0,5500000.0,0.01792549
1787543100,5537436.0,5537436.0,5537436.0,5537436.0,0.00813697
1787544000,5537436.0,5547075.0,5537436.0,5547075.0,0.35958515
1787544900,5547075.0,5547075.0,5547075.0,5547075.0,0.0
1787545800,5547075.0,5547075.0,5547075.0,5547075.0,0.0
1787546700,5500000.0,5500000.0,5500000.0,5500000.0,0.002682
1787547600,5500000.0,5500000.0,5500000.0,5500000.0,0.0
1787548500,5500000.0,5500000.0,5500000.0,5500000.0,0.0
1787549400,5538861.0,5541415.0,5538861.0,5541415.0,0.00749124
1787550300,5541415.0,5541415.0,5541415.0,5541415.0,0.0
1787551200,5500000.0,5500000.0,5500000.0,5500000.0,0.00196781
1787552100,5500000.0,5500000.0,5500000.0,5500000.0,0.0
1787553000,5500000.0,5500000.0,5500000.0,5500000.0,0.0
1787553900,5500000.0,5500000.0,5500000.0,5500000.0,0.0
1787554800,5500000.0,5500000.0,5500000.0,5500000.0,0.0
1787555700,5500000.0,5500000.0,5500000.0,5500000.0,0.0
1787556600,5500000.0,5500000.0,5500000.0,5500000.0,0.0
1787557500,5500000.0,5500000.0,5500000.0,5500000.0,0.00705737
1787558400,5500000.0,5500000.0,5500000.0,5500000.0,0.0
1787559300,5500000.0,5500000.0,5500000.0,5500000.0,0.0
1787560200,5625520.0,5699998.0,5625520.0,5699998.0,0.01819433
1787561100,5699998.0,5699998.0,5699998.0,5699998.0,0.0
1787562000,5500000.0,5500000.0,5500000.0,5500000.0,0.00186177
1787562900,5500000.0,5500000.0,5500000.0,5500000.0,0.0
1787563800,5500000.0,5500000.0,5500000.0,5500000.0,0.0
1787564700,5500000.0,5500000.0,5500000.0,5500000.0,0.0124663
1787565600,5500000.0,5500000.0,5500000.0,5500000.0,0.0
1787566500,5500000.0,5500000.0,5500000.0,5500000.0,0.0
1787567400,5500000.0,5500000.0,5500000.0,5500000.0,0.0
1787568300,5500000.0,5500000.0,5500000.0,5500000.0,0.0
1787569200,5500000.0,5500000.0,5500000.0,5500000.0,0.0
1787570100,5560417.0,5560417.0,5560417.0,5560417.0,0.00399538
1787571000,5560417.0,5560417.0,5560417.0,5560417.0,0.0
1787571900,5549345.0,5549345.0,5549345.0,5549345.0,0.0071785
1787572800,5549345.0,5549345.0,5549345.0,5549345.0,0.0
1787573700,5562362.0,5562362.0,5562362.0,5562362.0,0.00895213
1787574600,5562362.0,5562362.0,5562362.0,5562362.0,0.0
1787575500,5500001.0,5500001.0,5500001.0,5500001.0,0.00878316
1787576400,5567231.0,5699985.0,5500006.0,5699985.0,0.04568628
1787577300,5699985.0,5699985.0,5699985.0,5699985.0,0.0
1787578200,5699985.0,5699985.0,5699985.0,5699985.0,0.0
1787579100,5577381.0,5577381.0,5577381.0,5577381.0,0.0034595
1787580000,5577381.0,5577381.0,5577381.0,5577381.0,0.0
1787580900,5597126.0,5597126.0,5597126.0,5597126.0,0.08896565
1787581800,5597126.0,5597126.0,5597126.0,5597126.0,0.0
1787582700,5519096.0,5519096.0,5519096.0,5519096.0,0.00399538
1787583600,5519096.0,5519096.0,5519096.0,5519096.0,0.0
1787584500,5519096.0,5519096.0,5519096.0,5519096.0,0.0
1787585400,5519096.0,5519096.0,5519096.0,5519096.0,0.0
1787586300,5527241.0,5527241.0,5527241.0,5527241.0,0.00364087
1787587200,5527241.0,5527241.0,5527241.0,5527241.0,0.0
1787588100,5527241.0,5583779.0,5500000.0,5583779.0,0.36749717
1787589000,5583779.0,5583779.0,5583779.0,5583779.0,0.0
1787589900,5514571.0,5523249.0,5514571.0,5523249.0,0.01137152
1787590800,5595091.0,5595091.0,5595091.0,5595091.0,0.00532413
1787591700,5595091.0,5595091.0,5595091.0,5595091.0,0.0
1787592600,5595091.0,5595091.0,5595091.0,5595091.0,0.0
1787593500,5595091.0,5595091.0,5595091.0,5595091.0,0.0
1787594400,5508989.0,5508989.0,5508989.0,5508989.0,0.02342003
1787595300,5508989.0,5508989.0,5508989.0,5508989.0,0.0
1787596200,5508989.0,5508989.0,5508989.0,5508989.0,0.0
1787597100,5508989.0,5508989.0,5508989.0,5508989.0,0.0
1787598000,5508989.0,5508989.0,5508989.0,5508989.0,0.0
1787598900,5508989.0,5508989.0,5508989.0,5508989.0,0.0
1787599800,5508989.0,5508989.0,5508989.0,5508989.0,0.0
1787600700,5508989.0,5508989.0,5508989.0,5508989.0,0.0
1787601600,5508989.0,5508989.0,5508989.0,5508989.0,0.0
1787602500,5503000.0,5503000.0,5500000.0,5500000.0,0.0115099
1787603400,5500000.0,5500000.0,5500000.0,5500000.0,0.0
1787604300,5500000.0,5500000.0,5500000.0,5500000.0,0.0
1787605200,5500000.0,5500000.0,5500000.0,5500000.0,0.0
1787606100,5500000.0,5500000.0,5500000.0,5500000.0,0.0
1787607000,5500000.0,5500000.0,5500000.0,5500000.0,0.0
1787607900,5699983.0,5699983.0,5699983.0,5699983.0,0.00174719
1787608800,5699983.0,5699983.0,5699983.0,5699983.0,0.0
1787609700,5699983.0,5699983.0,5699983.0,5699983.0,0.0
1787610600,5500005.0,5500005.0,5500005.0,5500005.0,0.00256127
1787611500,5500005.0,5500005.0,5500005.0,5500005.0,0.0
1787612400,5500005.0,5500005.0,5500005.0,5500005.0,0.0
1787613300,5500005.0,5500005.0,5500004.0,5500004.0,0.0075977
1787614200,5500005.0,5500005.0,5500004.0,5500004.0,0.02199709
1787615100,5500004.0,5500004.0,5500004.0,5500004.0,0.0
1787616000,5500004.0,5500004.0,5500004.0,5500004.0,0.0
1787616900,5500000.0,5500000.0,5500000.0,5500000.0,0.0072302
1787617800,5500000.0,5500000.0,5500000.0,5500000.0,0.0
1787618700,5500000.0,5500000.0,5500000.0,5500000.0,0.0
1787619600,5568945.0,5568945.0,5500000.0,5500000.0,0.03924669
1787620500,5568945.0,5568945.0,5568945.0,5568945.0,0.00343763
1787621400,5568945.0,5568945.0,5568945.0,5568945.0,0.0
1787622300,5568945.0,5568945.0,5568945.0,5568945.0,0.0
1787623200,5568945.0,5568945.0,5568945.0,5568945.0,0.00266046
1787624100,5568945.0,5568945.0,5568945.0,5568945.0,0.0
1787625000,5500000.0,5500000.0,5500000.0,5500000.0,0.00212592
1787625900,5500000.0,5500000.0,5500000.0,5500000.0,0.0
1787626800,5500000.0,5500000.0,5500000.0,5500000.0,0.0
1787627700,5500000.0,5500000.0,5500000.0,5500000.0,0.0
1787628600,5500000.0,5500000.0,5500000.0,5500000.0,0.0
1787629500,5500000.0,5532507.0,5500000.0,5532507.0,0.27780807
1787630400,5532507.0,5532507.0,5532507.0,5532507.0,0.0
1787631300,5532976.0,5532976.0,5532976.0,5532976.0,0.00179993
1787632200,5550000.0,5550000.0,5550000.0,5550000.0,0.51011351
1787633100,5550000.0,5550000.0,5550000.0,5550000.0,0.0
1787634000,5550000.0,5550000.0,5550000.0,5550000.0,0.0
1787634900,5550000.0,5550000.0,5550000.0,5550000.0,0.0
1787635800,5550000.0,5550000.0,5550000.0,5550000.0,0.0
1787636700,5550000.0,5550000.0,5550000.0,5550000.0,0.0
1787637600,5500000.0,5500000.0,5500000.0,5500000.0,0.3659089
1787638500,5500000.0,5500000.0,5500000.0,5500000.0,0.0
1787639400,5500000.0,5500000.0,5500000.0,5500000.0,0.0
1787640300,5500000.0,5500000.0,5500000.0,5500000.0,0.0
1787641200,5500000.0,5500000.0,5500000.0,5500000.0,0.0
1787642100,5500000.0,5500000.0,5500000.0,5500000.0,0.00311018
1787643000,5500000.0,5500000.0,5500000.0,5500000.0,0.0
1787643900,5500000.0,5500000.0,5450001.0,5450001.0,0.32627236
1787644800,5450001.0,5450001.0,5450001.0,5450001.0,0.0
1787645700,5548883.0,5548883.0,5548883.0,5548883.0,0.00357567
1787646600,5464074.0,5464074.0,5464074.0,5464074.0,0.00357567
1787647500,5464074.0,5464074.0,5464074.0,5464074.0,0.0
1787648400,5464074.0,5464074.0,5464074.0,5464074.0,0.0
1787649300,5544276.0,5544276.0,5544276.0,5544276.0,0.00256011
1787650200,5468823.0,5468823.0,5468823.0,5468823.0,0.00382035
1787651100,5468174.0,5468174.0,5468174.0,5468174.0,0.00355601
1787652000,5468174.0,5468174.0,5468174.0,5468174.0,0.0
1787652900,5468174.0,5468174.0,5468174.0,5468174.0,0.0
1787653800,5468174.0,5468174.0,5468174.0,5468174.0,0.0
1787654700,5536259.0,5536259.0,5536259.0,5536259.0,0.00179886
1787655600,5536259.0,5536259.0,5536259.0,5536259.0,0.0
1787656500,5473472.0,5473472.0,5472110.0,5472110.0,0.23876676
1787657400,5469725.0,5469725.0,5469725.0,5469725.0,0.01370753
1787658300,5469745.0,5469745.0,5469745.0,5469745.0,0.0966585
1787659200,5471832.0,5471832.0,5471832.0,5471832.0,0.00525991
1787660100,5471832.0,5471832.0,5471832.0,5471832.0,0.0
1787661000,5538537.0,5538537.0,5538537.0,5538537.0,0.00219697
1787661900,5537947.0,5537947.0,5471832.0,5471832.0,0.00765797
1787662800,5540861.0,5555982.0,5540861.0,5555982.0,0.00920492
1787663700,5555982.0,5555982.0,5555982.0,5555982.0,0.01488233
1787664600,5477367.0,5477760.0,5477367.0,5477760.0,0.00782626
1787665500,5549456.0,5549456.0,5549456.0,5549456.0,0.00206795
1787666400,5549456.0,5549456.0,5549456.0,5549456.0,0.0
1787667300,5549456.0,5549456.0,5549456.0,5549456.0,0.0
1787668200,5549456.0,5549456.0,5549456.0,5549456.0,0.0
1787669100,5549456.0,5549456.0,5549456.0,5549456.0,0.0
1787670000,5518122.0,5518122.0,5471832.0,5518111.0,0.03133309
1787670900,5518111.0,5518111.0,5518111.0,5518111.0,0.0
1787671800,5518111.0,5518111.0,5518111.0,5518111.0,0.0
1787672700,5518111.0,5518111.0,5518111.0,5518111.0,0.0
1787673600,5471832.0,5471832.0,5469745.0,5469745.0,0.00248373
1787674500,5469745.0,5469745.0,5469745.0,5469745.0,0.0
1787675400,5530893.0,5649999.0,5530893.0,5649999.0,0.08894639
1787676300,5649999.0,5649999.0,5649999.0,5649999.0,0.0
1787677200,5649999.0,5649999.0,5649999.0,5649999.0,0.0
1787678100,5649999.0,5649999.0,5649999.0,5649999.0,0.0
1787679000,5649999.0,5649999.0,5649999.0,5649999.0,0.0
1787679900,5534479.0,5534479.0,5534479.0,5534479.0,0.00262517
1787680800,5469745.0,5513806.0,5469745.0,5513806.0,0.01782566
1787681700,5513806.0,5513806.0,5513806.0,5513806.0,0.0
1787682600,5513789.0,5531020.0,5513789.0,5531020.0,0.45081817
1787683500,5531020.0,5531020.0,5531020.0,5531020.0,0.0
1787684400,5531020.0,5531020.0,5531020.0,5531020.0,0.0
1787685300,5531020.0,5531020.0,5531020.0,5531020.0,0.0
1787686200,5524348.0,5524348.0,5524348.0,5524348.0,0.00180274
1787687100,5524348.0,5524348.0,5524348.0,5524348.0,0.0
1787688000,5524348.0,5524348.0,5524348.0,5524348.0,0.0
1787688900,5524348.0,5524348.0,5524348.0,5524348.0,0.0
1787689800,5524348.0,5524348.0,5524348.0,5524348.0,0.0
1787690700,5524348.0,5524348.0,5524348.0,5524348.0,0.0
1787691600,5524348.0,5524348.0,5524348.0,5524348.0,0.0
1787692500,5524348.0,5524348.0,5524348.0,5524348.0,0.0
1787693400,5500000.0,5500000.0,5500000.0,5500000.0,0.00694445
1787694300,5500000.0,5500000.0,5500000.0,5500000.0,0.0
1787695200,5532129.0,5532129.0,5532129.0,5532129.0,0.00263967
1787696100,5532129.0,5532129.0,5532129.0,5532129.0,0.0
1787697000,5532129.0,5532129.0,5532129.0,5532129.0,0.0
1787697900,5539151.0,5539151.0,5539151.0,5539151.0,0.26891594
1787698800,5539151.0,5539151.0,5539151.0,5539151.0,0.0
1787699700,5539151.0,5539151.0,5539151.0,5539151.0,0.0
1787700600,5539151.0,5539151.0,5539151.0,5539151.0,0.0
1787701500,5539151.0,5539151.0,5539151.0,5539151.0,0.0
1787702400,5539151.0,5539151.0,5539151.0,5539151.0,0.0
1787703300,5539151.0,5539151.0,5539151.0,5539151.0,0.0
1787704200,5539151.0,5539151.0,5539151.0,5539151.0,0.0
1787705100,5539151.0,5539151.0,5539151.0,5539151.0,0.0
1787706000,5524357.0,5524357.0,5524357.0,5524357.0,0.01459898
1787706900,5524357.0,5524357.0,5524357.0,5524357.0,0.0
1787707800,5500000.0,5500000.0,5500000.0,5500000.0,0.0018629
1787708700,5518443.0,5518443.0,5518443.0,5518443.0,0.00270692
1787709600,5500000.0,5500000.0,5500000.0,5500000.0,0.00397289
1787710500,5518867.0,5518867.0,5518867.0,5518867.0,0.01648581
1787711400,5521562.0,5521562.0,5521562.0,5521562.0,0.00432866
1787712300,5500000.0,5500000.0,5500000.0,5500000.0,0.01648581
1787713200,5500000.0,5500000.0,5500000.0,5500000.0,0.0
1787714100,5500000.0,5500000.0,5500000.0,5500000.0,0.0
1787715000,5500000.0,5650000.0,5500000.0,5650000.0,0.1828144
1787715900,5533730.0,5533730.0,5533730.0,5533730.0,0.00359938
1787716800,5533730.0,5533730.0,5533730.0,5533730.0,0.0
1787717700,5533730.0,5533730.0,5533730.0,5533730.0,0.0
1787718600,5532251.0,5532251.0,5532251.0,5532251.0,0.00263292
1787719500,5532251.0,5532251.0,5532251.0,5532251.0,0.0
1787720400,5500000.0,5500000.0,5500000.0,5500000.0,0.00263945
1787721300,5640000.0,5640000.0,5640000.0,5640000.0,0.1765789
1787722200,5500000.0,5500000.0,5500000.0,5500000.0,0.02065616
1787723100,5500000.0,5500000.0,5500000.0,5500000.0,0.0
1787724000,5500000.0,5500000.0,5500000.0,5500000.0,0.0
1787724900,5500000.0,5500000.0,5500000.0,5500000.0,0.01898412
1787725800,5500000.0,5500000.0,5500000.0,5500000.0,0.0
1787726700,5500000.0,5500000.0,5500000.0,5500000.0,0.0
1787727600,5500000.0,5500000.0,5500000.0,5500000.0,0.0
1787728500,5500000.0,5500000.0,5500000.0,5500000.0,0.00472179
1787729400,5640000.0,5640000.0,5640000.0,5640000.0,0.00184432
1787730300,5640000.0,5640000.0,5640000.0,5640000.0,0.0
1787731200,5500000.0,5500000.0,5500000.0,5500000.0,0.00432866
1787732100,5640000.0,5640000.0,5640000.0,5640000.0,0.00187198
1787733000,5640000.0,5640000.0,5640000.0,5640000.0,0.0
1787733900,5500000.0,5500000.0,5500000.0,5500000.0,0.00532413
1787734800,5500000.0,5500000.0,5500000.0,5500000.0,0.0
1787735700,5500000.0,5500000.0,5500000.0,5500000.0,0.0036067
1787736600,5544047.0,5544047.0,5544047.0,5544047.0,0.00328009
1787737500,5545358.0,5545358.0,5545358.0,5545358.0,0.01813354
1787738400,5545358.0,5545358.0,5545358.0,5545358.0,0.0
1787739300,5541317.0,5541317.0,5540000.0,5540000.0,0.03953793
1787740200,5540000.0,5540000.0,5540000.0,5540000.0,0.0
1787741100,5538471.0,5538471.0,5538471.0,5538471.0,0.00635247
1787742000,5538471.0,5640000.0,5538471.0,5640000.0,0.17711039
1787742900,5640000.0,5640000.0,5640000.0,5640000.0,0.0
1787743800,5640000.0,5640000.0,5640000.0,5640000.0,0.0
1787744700,5640000.0,5640000.0,5640000.0,5640000.0,0.0
1787745600,5640000.0,5640000.0,5640000.0,5640000.0,0.0
1787746500,5640000.0,5640000.0,5640000.0,5640000.0,0.00176578
1787747400,5640000.0,5640000.0,5640000.0,5640000.0,0.0
1787748300,5640000.0,5640000.0,5640000.0,5640000.0,0.0
1787749200,5500000.0,5500000.0,5500000.0,5500000.0,0.01025368
1787750100,5500000.0,5500000.0,5500000.0,5500000.0,0.0
1787751000,5500000.0,5500000.0,5500000.0,5500000.0,0.0
1787751900,5571829.0,5571829.0,5571829.0,5571829.0,0.53246537
1787752800,5571829.0,5571829.0,5571829.0,5571829.0,0.0
1787753700,5571829.0,5571829.0,5571829.0,5571829.0,0.0
1787754600,5571829.0,5571829.0,5571829.0,5571829.0,0.0
1787755500,5515929.0,5515929.0,5515929.0,5515929.0,0.00222356
1787756400,5515929.0,5515929.0,5515929.0,5515929.0,0.0
1787757300,5515929.0,5515929.0,5515929.0,5515929.0,0.0
1787758200,5515929.0,5515929.0,5515929.0,5515929.0,0.0
1787759100,5515929.0,5515929.0,5515929.0,5515929.0,0.0
1787760000,5591766.0,5591766.0,5591766.0,5591766.0,0.00178101
1787760900,5591766.0,5611707.0,5591766.0,5611707.0,0.00349159
1787761800,5611707.0,5611707.0,5611707.0,5611707.0,0.0
1787762700,5611707.0,5611707.0,5611707.0,5611707.0,0.0
1787763600,5524123.0,5524123.0,5524123.0,5524123.0,0.00309308
1787764500,5524123.0,5524123.0,5524123.0,5524123.0,0.0
1787765400,5524123.0,5524123.0,5524123.0,5524123.0,0.0
1787766300,5524123.0,5524123.0,5524123.0,5524123.0,0.0
1787767200,5524123.0,5524123.0,5524123.0,5524123.0,0.0
1787768100,5524123.0,5524123.0,5524123.0,5524123.0,0.0
1787769000,5524123.0,5524123.0,5524123.0,5524123.0,0.0
1787769900,5601707.0,5640000.0,5601707.0,5640000.0,0.02471355
1787770800,5639920.0,5639920.0,5558942.0,5558942.0,0.10629882
1787771700,5558942.0,5558942.0,5558942.0,5558942.0,0.0
1787772600,5639999.0,5639999.0,5560007.0,5560007.0,0.03165
1787773500,5560007.0,5560007.0,5560007.0,5560007.0,0.0
1787774400,5560007.0,5560007.0,5560007.0,5560007.0,0.0
1787775300,5615992.0,5615992.0,5615992.0,5615992.0,0.01830184
1787776200,5615992.0,5615992.0,5615992.0,5615992.0,0.0
1787777100,5615992.0,5615992.0,5615992.0,5615992.0,0.0
1787778000,5615992.0,5615992.0,5615992.0,5615992.0,0.0
1787778900,5615992.0,5615992.0,5615992.0,5615992.0,0.0
1787779800,5615992.0,5615992.0,5615992.0,5615992.0,0.0
1787780700,5615992.0,5615992.0,5615992.0,5615992.0,0.0
1787781600,5615992.0,5615992.0,5615992.0,5615992.0,0.0
1787782500,5615992.0,5615992.0,5615992.0,5615992.0,0.0
1787783400,5615992.0,5615992.0,5615992.0,5615992.0,0.0
1787784300,5615992.0,5615992.0,5615992.0,5615992.0,0.0
1787785200,5580079.0,5580079.0,5504939.0,5580079.0,0.0068237
1787786100,5504254.0,5504254.0,5504254.0,5504254.0,0.00219697
1787787000,5580079.0,5582243.0,5501773.0,5501773.0,0.00589983
1787787900,5501773.0,5501773.0,5501773.0,5501773.0,0.0
1787788800,5501773.0,5501773.0,5501773.0,5501773.0,0.0
1787789700,5501773.0,5501773.0,5501773.0,5501773.0,0.0
1787790600,5501773.0,5501773.0,5501773.0,5501773.0,0.0
1787791500,5501773.0,5501773.0,5501773.0,5501773.0,0.0
1787792400,5501773.0,5501773.0,5501773.0,5501773.0,0.0
1787793300,5570815.0,5570815.0,5570815.0,5570815.0,0.00197026
1787794200,5570280.0,5570280.0,5570280.0,5570280.0,0.00268173
1787795100,5570280.0,5570280.0,5570280.0,5570280.0,0.0
1787796000,5565280.0,5565280.0,5506352.0,5506352.0,0.034185
1787796900,5506352.0,5506352.0,5506352.0,5506352.0,0.0
1787797800,5506352.0,5506352.0,5506352.0,5506352.0,0.0
1787798700,5506352.0,5506352.0,5506352.0,5506352.0,0.0
1787799600,5506352.0,5506352.0,5506352.0,5506352.0,0.0
1787800500,5506352.0,5506352.0,5506352.0,5506352.0,0.0
1787801400,5506356.0,5506356.0,5506356.0,5506356.0,0.00246386
1787802300,5507356.0,5507356.0,5507356.0,5507356.0,0.00197026
1787803200,5507356.0,5507356.0,5507356.0,5507356.0,0.0
1787804100,5507356.0,5507356.0,5507356.0,5507356.0,0.0
1787805000,5506353.0,5506353.0,5506353.0,5506353.0,0.00243933
1787805900,5572954.0,5572954.0,5572954.0,5572954.0,0.00178702
1787806800,5570815.0,5570815.0,5570815.0,5570815.0,0.0017877
1787807700,5570815.0,5570815.0,5570815.0,5570815.0,0.0
1787808600,5570815.0,5570815.0,5570815.0,5570815.0,0.0
1787809500,5570815.0,5570815.0,5570815.0,5570815.0,0.0
1787810400,5570815.0,5570815.0,5570815.0,5570815.0,0.0
1787811300,5570815.0,5570815.0,5570815.0,5570815.0,0.0
1787812200,5570815.0,5570815.0,5570815.0,5570815.0,0.0
1787813100,5570815.0,5570815.0,5570815.0,5570815.0,0.0
1787814000,5570815.0,5570815.0,5570815.0,5570815.0,0.0
1787814900,5565101.0,5565101.0,5565101.0,5565101.0,0.00178954
1787815800,5506352.0,5506352.0,5506352.0,5506352.0,0.0383286
1787816700,5506352.0,5506352.0,5506352.0,5506352.0,0.0
1787817600,5506352.0,5506352.0,5506352.0,5506352.0,0.0
1787818500,5567958.0,5567958.0,5567958.0,5567958.0,0.01019512
1787819400,5567958.0,5567958.0,5567958.0,5567958.0,0.0
1787820300,5567958.0,5567958.0,5567958.0,5567958.0,0.0
1787821200,5567958.0,5567958.0,5567958.0,5567958.0,0.0
1787822100,5567958.0,5567958.0,5567958.0,5567958.0,0.0
1787823000,5557959.0,5557959.0,5557959.0,5557959.0,0.00231343
1787823900,5557959.0,5557959.0,5557959.0,5557959.0,0.0
1787824800,5639999.0,5639999.0,5639999.0,5639999.0,0.00441436
1787825700,5639999.0,5639999.0,5639999.0,5639999.0,0.0
1787826600,5556708.0,5699999.0,5507500.0,5507500.0,0.60702221
1787827500,5560638.0,6000000.0,5507500.0,5507507.0,2.58750763
1787828400,5507508.0,5563138.0,5506352.0,5563138.0,0.21759024
1787829300,5563138.0,5563138.0,5563138.0,5563138.0,0.0
1787830200,5563138.0,5563138.0,5563138.0,5563138.0,0.0
1787831100,5563138.0,5563138.0,5563138.0,5563138.0,0.0
1787832000,5506370.0,5506370.0,5506368.0,5506368.0,0.00885651
1787832900,5506368.0,5506368.0,5506368.0,5506368.0,0.0
1787833800,5506368.0,5506368.0,5506368.0,5506368.0,0.0
1787834700,5506368.0,5506368.0,5506368.0,5506368.0,0.0
1787835600,5506368.0,5506368.0,5506368.0,5506368.0,0.0
1787836500,5506368.0,5506368.0,5506368.0,5506368.0,0.0
1787837400,5506368.0,5506368.0,5506368.0,5506368.0,0.0
1787838300,5506368.0,5506368.0,5506368.0,5506368.0,0.0
1787839200,5506368.0,5506368.0,5506368.0,5506368.0,0.0
1787840100,5557603.0,5558495.0,5506406.0,5558495.0,0.01383004
1787841000,5558495.0,5558495.0,5558495.0,5558495.0,0.0
1787841900,5558495.0,5558495.0,5558495.0,5558495.0,0.0
1787842800,5625635.0,5625635.0,5625635.0,5625635.0,0.00885144
1787843700,5625635.0,5625635.0,5625635.0,5625635.0,0.0
1787844600,5630099.0,5630099.0,5630099.0,5630099.0,0.00176888
1787845500,5557886.0,5557886.0,5557886.0,5557886.0,0.0084539
1787846400,5557901.0,5557901.0,5557901.0,5557901.0,0.01824915
1787847300,5557901.0,5557901.0,5557901.0,5557901.0,0.0
1787848200,5557911.0,5557911.0,5557911.0,5557911.0,0.00384873
1787849100,5557911.0,5557911.0,5557911.0,5557911.0,0.0
1787850000,5627560.0,5627560.0,5627560.0,5627560.0,0.00530905
1787850900,5627560.0,5627560.0,5627560.0,5627560.0,0.0
1787851800,5561756.0,5561756.0,5561756.0,5561756.0,0.00705612
1787852700,5561756.0,5561756.0,5561756.0,5561756.0,0.0
1787853600,5561756.0,5561756.0,5561756.0,5561756.0,0.0
1787854500,5626526.0,5626526.0,5626526.0,5626526.0,0.00521796
1787855400,5626526.0,5626526.0,5626526.0,5626526.0,0.0
1787856300,5626526.0,5626526.0,5626526.0,5626526.0,0.0
1787857200,5617941.0,5617941.0,5617941.0,5617941.0,0.03545444
1787858100,5617941.0,5617941.0,5617941.0,5617941.0,0.0
1787859000,5558429.0,5558429.0,5558429.0,5558429.0,0.06611936
1787859900,5558429.0,5558429.0,5558429.0,5558429.0,0.0
1787860800,5558429.0,5558429.0,5558429.0,5558429.0,0.0
1787861700,5558429.0,5558429.0,5558429.0,5558429.0,0.0
1787862600,5558433.0,5558433.0,5558433.0,5558433.0,0.00518599
1787863500,5558433.0,5558433.0,5558433.0,5558433.0,0.0
1787864400,5558433.0,5558433.0,5558433.0,5558433.0,0.0
1787865300,5558433.0,5558433.0,5558433.0,5558433.0,0.0
1787866200,5622411.0,5625814.0,5622411.0,5625814.0,0.0532186
1787867100,5625814.0,5625814.0,5625814.0,5625814.0,0.0
1787868000,5625814.0,5625814.0,5625814.0,5625814.0,0.0
1787868900,5625814.0,5625814.0,5625814.0,5625814.0,0.0
1787869800,5625814.0,5625814.0,5625814.0,5625814.0,0.0
1787870700,5625814.0,5625814.0,5625814.0,5625814.0,0.0
1787871600,5625814.0,5625814.0,5625814.0,5625814.0,0.0
1787872500,5558433.0,5630635.0,5558433.0,5630635.0,0.00746257
1787873400,5630635.0,5630635.0,5630635.0,5630635.0,0.0
1787874300,5630635.0,5630635.0,5630635.0,5630635.0,0.0
1787875200,5630635.0,5630635.0,5630635.0,5630635.0,0.0
1787876100,5558781.0,5630631.0,5558781.0,5630631.0,0.01334337
1787877000,5630631.0,5630631.0,5630631.0,5630631.0,0.0
1787877900,5630631.0,5630631.0,5630631.0,5630631.0,0.0
1787878800,5558441.0,5558441.0,5558441.0,5558441.0,0.0019456
1787879700,5630631.0,5630631.0,5630631.0,5630631.0,0.01768718
1787880600,5630631.0,5630631.0,5630631.0,5630631.0,0.0
1787881500,5630631.0,5630631.0,5630631.0,5630631.0,0.0
1787882400,5630631.0,5630631.0,5630631.0,5630631.0,0.0
1787883300,5561952.0,5561952.0,5561952.0,5561952.0,0.00355219
1787884200,5561952.0,5561952.0,5561952.0,5561952.0,0.0
1787885100,5630631.0,5630631.0,5630631.0,5630631.0,0.00178399
1787886000,5630631.0,5630635.0,5630631.0,5630635.0,0.0089164
1787886900,5630635.0,5630635.0,5630635.0,5630635.0,0.02228594
1787887800,5630635.0,5630635.0,5630635.0,5630635.0,0.00176871
1787888700,5630635.0,5630635.0,5630635.0,5630635.0,0.0
1787889600,5630635.0,5642593.0,5630635.0,5642593.0,0.00862197
1787890500,5642593.0,5642593.0,5642593.0,5642593.0,0.0
1787891400,5644920.0,5644920.0,5644920.0,5644920.0,0.01693664
1787892300,5644920.0,5644920.0,5644920.0,5644920.0,0.0
1787893200,5644920.0,5644920.0,5644920.0,5644920.0,0.0
1787894100,5644920.0,5644920.0,5644920.0,5644920.0,0.0
1787895000,5644920.0,5644920.0,5644920.0,5644920.0,0.0
1787895900,5650273.0,5650273.0,5568268.0,5568268.0,0.00733345
1787896800,5566339.0,5566339.0,5565278.0,5565278.0,0.00546691
1787897700,5565278.0,5565278.0,5565278.0,5565278.0,0.0
1787898600,5565278.0,5565278.0,5565278.0,5565278.0,0.0
1787899500,5654204.0,5654204.0,5570024.0,5570024.0,0.00530667
1787900400,5657597.0,5657597.0,5573734.0,5573734.0,0.00907612
1787901300,5573734.0,5573734.0,5573734.0,5573734.0,0.0
1787902200,5651526.0,5652420.0,5651526.0,5652420.0,1.62363117
1787903100,5749999.0,5749999.0,5749999.0,5749999.0,0.003228
1787904000,5749999.0,5749999.0,5749999.0,5749999.0,0.0
1787904900,5646523.0,5646523.0,5573774.0,5573774.0,0.01592121
1787905800,5573794.0,5573794.0,5573794.0,5573794.0,0.00328009
1787906700,5573794.0,5573794.0,5573794.0,5573794.0,0.0
1787907600,5573794.0,5573794.0,5573794.0,5573794.0,0.0
1787908500,5573794.0,5573794.0,5573794.0,5573794.0,0.0
1787909400,5646705.0,5646705.0,5646169.0,5646169.0,0.00529121
1787910300,5643844.0,5749999.0,5643844.0,5749999.0,0.00541163
1787911200,5749999.0,5749999.0,5749999.0,5749999.0,0.0
1787912100,5647773.0,5647773.0,5647773.0,5647773.0,0.03516235
1787913000,5573773.0,5573773.0,5573773.0,5573773.0,0.00530707
1787913900,5573773.0,5573773.0,5573773.0,5573773.0,0.0
1787914800,5573777.0,5646349.0,5573777.0,5646349.0,0.35514146
1787915700,5646349.0,5646349.0,5646349.0,5646349.0,0.0
1787916600,5646349.0,5646349.0,5646349.0,5646349.0,0.0
1787917500,5646349.0,5646349.0,5646349.0,5646349.0,0.0
1787918400,5582000.0,5582000.0,5582000.0,5582000.0,0.0037254
1787919300,5582000.0,5582000.0,5582000.0,5582000.0,0.0
1787920200,5661347.0,5661347.0,5661347.0,5661347.0,0.00206134
1787921100,5582915.0,5582924.0,5578998.0,5578998.0,0.22790129
1787922000,5578998.0,5578998.0,5578998.0,5578998.0,0.0
1787922900,5578998.0,5578998.0,5578998.0,5578998.0,0.0
1787923800,5578998.0,5578998.0,5578998.0,5578998.0,0.0
1787924700,5653307.0,5653307.0,5653307.0,5653307.0,0.00176162
1787925600,5591151.0,5591151.0,5591151.0,5591151.0,0.00548304
1787926500,5591151.0,5591151.0,5591151.0,5591151.0,0.0
1787927400,5591151.0,5591151.0,5591151.0,5591151.0,0.0
1787928300,5591151.0,5591151.0,5591151.0,5591151.0,0.0
1787929200,5591151.0,5591151.0,5591151.0,5591151.0,0.0
1787930100,5725229.0,5738332.0,5725229.0,5738332.0,0.00417076
1787931000,5749974.0,5749974.0,5749974.0,5749974.0,0.00590715
1787931900,5749974.0,5749974.0,5749974.0,5749974.0,0.0
1787932800,5749904.0,5749904.0,5674868.0,5674873.0,0.01909096
1787933700,5748129.0,5748129.0,5663089.0,5663089.0,0.05622119
1787934600,5667651.0,5741680.0,5667651.0,5741680.0,0.04048359
1787935500,5741655.0,5741655.0,5741655.0,5741655.0,0.00473382
1787936400,5671208.0,5671208.0,5663078.0,5663078.0,1.59015489
1787937300,5663082.0,5663082.0,5663082.0,5663082.0,0.00602693
1787938200,5663082.0,5663082.0,5663082.0,5663082.0,0.0
1787939100,5663082.0,5663082.0,5663082.0,5663082.0,0.0
1787940000,5663082.0,5663082.0,5663082.0,5663082.0,0.0
1787940900,5663078.0,5663078.0,5663078.0,5663078.0,0.00590715
1787941800,5663078.0,5663078.0,5663078.0,5663078.0,0.0
1787942700,5663078.0,5663078.0,5663078.0,5663078.0,0.06186677
1787943600,5714529.0,5714529.0,5714529.0,5714529.0,0.00261403
1787944500,5714529.0,5714529.0,5714529.0,5714529.0,0.0
1787945400,5714529.0,5714529.0,5714529.0,5714529.0,0.0
1787946300,5663082.0,5663082.0,5663082.0,5663082.0,0.0527203
1787947200,5663082.0,5663082.0,5663082.0,5663082.0,0.0
1787948100,5663082.0,5663082.0,5663082.0,5663082.0,0.0
1787949000,5663082.0,5663082.0,5663082.0,5663082.0,0.0
1787949900,5721449.0,5721449.0,5721449.0,5721449.0,0.00365536
1787950800,5723553.0,5723553.0,5723553.0,5723553.0,0.00964732
1787951700,5723553.0,5723553.0,5723553.0,5723553.0,0.0
1787952600,5723553.0,5723553.0,5723553.0,5723553.0,0.0
1787953500,5723528.0,5723528.0,5663088.0,5663088.0,0.0046314
1787954400,5663088.0,5663088.0,5663088.0,5663088.0,0.0
1787955300,5725630.0,5725630.0,5725630.0,5725630.0,0.00173937
1787956200,5663112.0,5726524.0,5663112.0,5726524.0,0.0109463
1787957100,5663112.0,5663112.0,5663112.0,5663112.0,0.00365536
1787958000,5663112.0,5663112.0,5663112.0,5663112.0,0.0
1787958900,5663112.0,5663112.0,5663112.0,5663112.0,0.0
1787959800,5728473.0,5728473.0,5728473.0,5728473.0,0.00347701
1787960700,5728474.0,5728474.0,5728473.0,5728473.0,0.01280759
1787961600,5741676.0,5741676.0,5741676.0,5741676.0,0.00790936
1787962500,5741676.0,5741676.0,5741676.0,5741676.0,0.0
1787963400,5730084.0,5730084.0,5730069.0,5730069.0,0.00347603
1787964300,5730272.0,5730272.0,5730272.0,5730272.0,0.00331101
1787965200,5730075.0,5730075.0,5730075.0,5730075.0,0.01812978
1787966100,5728836.0,5728836.0,5728836.0,5728836.0,0.00231652
1787967000,5663088.0,5663088.0,5663078.0,5663078.0,0.17596022
1787967900,5663082.0,5663082.0,5663082.0,5663082.0,0.0174878
1787968800,5726151.0,5726151.0,5726151.0,5726151.0,0.01217519
1787969700,5726151.0,5726151.0,5726151.0,5726151.0,0.0
1787970600,5667143.0,5730047.0,5667143.0,5730047.0,0.00995589
1787971500,5730042.0,5730042.0,5730042.0,5730042.0,0.00173855
1787972400,5665922.0,5730042.0,5665921.0,5730042.0,0.07654841
1787973300,5730042.0,5730042.0,5730042.0,5730042.0,0.0
1787974200,5665899.0,5665899.0,5414414.0,5414414.0,2.57159123
1787975100,5414414.0,5414414.0,5414414.0,5414414.0,0.0
1787976000,5730038.0,5730038.0,5730038.0,5730038.0,0.00690379
1787976900,5730038.0,5730038.0,5661493.0,5661493.0,0.04021243
1787977800,5661493.0,5661493.0,5661493.0,5661493.0,0.0
1787978700,5659382.0,5659382.0,5659382.0,5659382.0,0.00261403
1787979600,5659382.0,5659382.0,5659382.0,5659382.0,0.00335442
1787980500,5659382.0,5659382.0,5659382.0,5659382.0,0.0
1787981400,5661493.0,5661493.0,5661493.0,5661493.0,0.00485333
1787982300,5661141.0,5661141.0,5661141.0,5661141.0,0.01217519
1787983200,5730032.0,5730032.0,5730032.0,5730032.0,0.01538158
1787984100,5661151.0,5661151.0,5661151.0,5661151.0,0.00185802
1787985000,5661161.0,5661161.0,5661161.0,5661161.0,0.00224124
1787985900,5661161.0,5661161.0,5661161.0,5661161.0,0.0
1787986800,5730033.0,5730033.0,5730033.0,5730033.0,0.00196491
1787987700,5730033.0,5730033.0,5730033.0,5730033.0,0.0
1787988600,5730033.0,5730033.0,5730033.0,5730033.0,0.00407257
1787989500,5730033.0,5730033.0,5730033.0,5730033.0,0.0
1787990400,5730033.0,5730033.0,5730033.0,5730033.0,0.0
1787991300,5730033.0,5730033.0,5730033.0,5730033.0,0.0
1787992200,5730033.0,5730033.0,5730033.0,5730033.0,0.0
1787993100,5730033.0,5730033.0,5730033.0,5730033.0,0.0
1787994000,5730033.0,5730033.0,5730033.0,5730033.0,0.0
1787994900,5730028.0,5730028.0,5730028.0,5730028.0,0.00260696
1787995800,5668003.0,5730029.0,5668003.0,5730029.0,0.00355444
1787996700,5730028.0,5730028.0,5730028.0,5730028.0,0.00209091
1787997600,5730028.0,5730028.0,5730028.0,5730028.0,0.0
1787998500,5665197.0,5665197.0,5662030.0,5662030.0,0.06630832
1787999400,5662030.0,5662030.0,5662030.0,5662030.0,0.0
1788000300,5662030.0,5662030.0,5662030.0,5662030.0,0.0
1788001200,5730028.0,5730028.0,5730028.0,5730028.0,0.01410167
1788002100,5730028.0,5730028.0,5730028.0,5730028.0,0.0
1788003000,5661866.0,5661866.0,5661866.0,5661866.0,0.00180679
1788003900,5729993.0,5729993.0,5729993.0,5729993.0,0.00347609
1788004800,5730028.0,5730028.0,5730028.0,5730028.0,0.00328514
1788005700,5661860.0,5730029.0,5661860.0,5730029.0,0.00771216
1788006600,5730029.0,5730029.0,5730029.0,5730029.0,0.0
1788007500,5661881.0,5661881.0,5661881.0,5661881.0,0.01538158
1788008400,5725273.0,5725273.0,5725273.0,5725273.0,0.00625891
1788009300,5725248.0,5725248.0,5725244.0,5725244.0,0.01870486
1788010200,5730000.0,5730007.0,5730000.0,5730007.0,0.54112143
1788011100,5730010.0,5730051.0,5730010.0,5730051.0,1.06148837
1788012000,5746700.0,5746700.0,5661876.0,5661876.0,0.00520402
1788012900,5733487.0,5733487.0,5733487.0,5733487.0,0.00173698
1788013800,5733487.0,5733487.0,5733487.0,5733487.0,0.0
1788014700,5738844.0,5738844.0,5738844.0,5738844.0,0.0032226
1788015600,5738844.0,5738844.0,5738844.0,5738844.0,0.0
1788016500,5738309.0,5738309.0,5662205.0,5662205.0,0.00415921
1788017400,5662205.0,5662205.0,5661880.0,5661880.0,0.01668242
1788018300,5735809.0,5735809.0,5735809.0,5735809.0,0.00853741
1788019200,5661876.0,5661876.0,5650235.0,5650235.0,0.29362949
1788020100,5650235.0,5650235.0,5650235.0,5650235.0,0.0
1788021000,5660092.0,5739559.0,5660092.0,5739559.0,0.198351
1788021900,5739555.0,5739555.0,5739555.0,5739555.0,0.01709156
1788022800,5737948.0,5737948.0,5652537.0,5652537.0,0.00832884
1788023700,5736701.0,5736701.0,5736701.0,5736701.0,0.00191381
1788024600,5741697.0,5741697.0,5741697.0,5741697.0,0.00264956
1788025500,5741697.0,5741697.0,5741697.0,5741697.0,0.0
1788026400,5743662.0,5743662.0,5743662.0,5743662.0,0.01226952
1788027300,5743662.0,5743662.0,5743662.0,5743662.0,0.0
1788028200,5746696.0,5746696.0,5746696.0,5746696.0,0.00881985
1788029100,5742594.0,5742594.0,5735273.0,5735273.0,0.00465833
1788030000,5735273.0,5735273.0,5735273.0,5735273.0,0.0
1788030900,5746700.0,5749999.0,5746700.0,5749999.0,0.01965943
1788031800,5736519.0,5736519.0,5656764.0,5656764.0,0.0213955
1788032700,5656764.0,5656764.0,5656764.0,5656764.0,0.0
1788033600,5656764.0,5656764.0,5656764.0,5656764.0,0.0
1788034500,5656764.0,5656764.0,5656764.0,5656764.0,0.0
1788035400,5737768.0,5737768.0,5737768.0,5737768.0,0.01772274
1788036300,5737768.0,5737768.0,5737768.0,5737768.0,0.0
1788037200,5737768.0,5737768.0,5737768.0,5737768.0,0.0
1788038100,5737768.0,5737768.0,5737768.0,5737768.0,0.0
1788039000,5737768.0,5737768.0,5737768.0,5737768.0,0.0
1788039900,5737768.0,5737768.0,5737768.0,5737768.0,0.0
1788040800,5737768.0,5737768.0,5737768.0,5737768.0,0.0
1788041700,5737768.0,5737768.0,5737768.0,5737768.0,0.0
1788042600,5737768.0,5737768.0,5737768.0,5737768.0,0.0
1788043500,5737768.0,5737768.0,5737768.0,5737768.0,0.0
1788044400,5737768.0,5737768.0,5737768.0,5737768.0,0.0
1788045300,5737768.0,5737768.0,5737768.0,5737768.0,0.0
1788046200,5737768.0,5737768.0,5737768.0,5737768.0,0.0
1788047100,5656789.0,5656789.0,5656789.0,5656789.0,0.00347706
1788048000,5656789.0,5656789.0,5656789.0,5656789.0,0.00190976
1788048900,5656789.0,5656789.0,5656789.0,5656789.0,0.0
1788049800,5656789.0,5656789.0,5656789.0,5656789.0,0.0
1788050700,5656789.0,5656789.0,5656789.0,5656789.0,0.0
1788051600,5656789.0,5656789.0,5656789.0,5656789.0,0.0
1788052500,5656789.0,5656789.0,5656789.0,5656789.0,0.0
1788053400,5656789.0,5656789.0,5656789.0,5656789.0,0.0
1788054300,5656789.0,5656789.0,5656789.0,5656789.0,0.0
1788055200,5730442.0,5730442.0,5656804.0,5656809.0,0.3752716
1788056100,5656809.0,5656809.0,5656809.0,5656809.0,0.0
1788057000,5656809.0,5656809.0,5656809.0,5656809.0,0.0
1788057900,5656809.0,5656809.0,5656809.0,5656809.0,0.0
1788058800,5656809.0,5656809.0,5656809.0,5656809.0,0.0
1788059700,5730007.0,5730007.0,5730007.0,5730007.0,0.00173804
1788060600,5730007.0,5730007.0,5730007.0,5730007.0,0.0
1788061500,5659904.0,5659904.0,5659904.0,5659904.0,0.00266546
1788062400,5659904.0,5659904.0,5659904.0,5659904.0,0.0
1788063300,5659904.0,5659904.0,5659904.0,5659904.0,0.0
1788064200,5659904.0,5659904.0,5659904.0,5659904.0,0.0
1788065100,5659904.0,5659904.0,5659904.0,5659904.0,0.0
1788066000,5659904.0,5659904.0,5659904.0,5659904.0,0.0
1788066900,5699996.0,5716666.0,5699996.0,5716666.0,0.4329623
1788067800,5730007.0,5730007.0,5730007.0,5730007.0,0.00326718
1788068700,5730007.0,5730007.0,5659904.0,5659904.0,0.00689684
1788069600,5730007.0,5737768.0,5730007.0,5737768.0,0.42820143
1788070500,5736344.0,5736344.0,5736344.0,5736344.0,0.00878939
1788071400,5736344.0,5736344.0,5736344.0,5736344.0,0.0
1788072300,5736344.0,5736344.0,5736344.0,5736344.0,0.0
1788073200,5736344.0,5736344.0,5736344.0,5736344.0,0.0
1788074100,5730066.0,5737768.0,5730066.0,5737768.0,0.01740075
1788075000,5737768.0,5737768.0,5737768.0,5737768.0,0.0
1788075900,5737594.0,5737594.0,5737594.0,5737594.0,0.00173574
1788076800,5737594.0,5737594.0,5737594.0,5737594.0,0.0
1788077700,5737594.0,5737594.0,5737594.0,5737594.0,0.0
1788078600,5737594.0,5737594.0,5737594.0,5737594.0,0.0
1788079500,5737594.0,5737594.0,5737594.0,5737594.0,0.0
1788080400,5737594.0,5737594.0,5737594.0,5737594.0,0.0
1788081300,5737594.0,5737594.0,5737594.0,5737594.0,0.0
1788082200,5659904.0,5659904.0,5659904.0,5659904.0,0.00196006
1788083100,5659904.0,5659904.0,5659392.0,5659392.0,0.17778552
1788084000,5659392.0,5659392.0,5659392.0,5659392.0,0.0
1788084900,5737767.0,5737768.0,5737767.0,5737768.0,0.02103134
1788085800,5656799.0,5656799.0,5656799.0,5656799.0,0.04283092
1788086700,5656799.0,5656799.0,5656799.0,5656799.0,0.0
1788087600,5737767.0,5737767.0,5737767.0,5737767.0,0.02702706
1788088500,5737767.0,5737767.0,5737767.0,5737767.0,0.0
1788089400,5737767.0,5737767.0,5737767.0,5737767.0,0.0
1788090300,5656829.0,5656834.0,5656829.0,5656834.0,0.03084742
1788091200,5737067.0,5737067.0,5737067.0,5737067.0,0.0017359
1788092100,5672948.0,5672948.0,5672948.0,5672948.0,0.02695887
1788093000,5737067.0,5737768.0,5737067.0,5737768.0,0.00753002
1788093900,5737768.0,5737768.0,5737768.0,5737768.0,0.0
1788094800,5737767.0,5737767.0,5737767.0,5737767.0,0.01723771
1788095700,5737767.0,5737767.0,5664660.0,5737767.0,0.01872924
1788096600,5664669.0,5664669.0,5664669.0,5664669.0,0.01895775
1788097500,5660106.0,5660106.0,5660106.0,5660106.0,0.00569237
1788098400,5660267.0,5660267.0,5660267.0,5660267.0,0.00883517
1788099300,5660267.0,5737767.0,5660267.0,5737767.0,0.00380364
1788100200,5669077.0,5669077.0,5669077.0,5669077.0,0.0017684
1788101100,5669077.0,5669077.0,5663434.0,5663434.0,0.01219191
1788102000,5663434.0,5663434.0,5663434.0,5663434.0,0.0
1788102900,5730767.0,5730767.0,5730767.0,5730767.0,0.00221924
1788103800,5730767.0,5730767.0,5730767.0,5730767.0,0.0
1788104700,5730767.0,5730767.0,5730767.0,5730767.0,0.0
1788105600,5730767.0,5730767.0,5730767.0,5730767.0,0.0
1788106500,5665188.0,5665188.0,5665187.0,5665187.0,0.42607221
1788107400,5665187.0,5665187.0,5665187.0,5665187.0,0.0
1788108300,5737063.0,5737063.0,5737063.0,5737063.0,0.00433967
1788109200,5737063.0,5737063.0,5737063.0,5737063.0,0.0
1788110100,5737063.0,5737063.0,5737063.0,5737063.0,0.0
1788111000,5737063.0,5737063.0,5737063.0,5737063.0,0.0
1788111900,5737063.0,5737063.0,5737063.0,5737063.0,0.0
1788112800,5737063.0,5737063.0,5737063.0,5737063.0,0.0
1788113700,5667474.0,5667474.0,5667474.0,5667474.0,0.00202244
1788114600,5737768.0,5737768.0,5737768.0,5737768.0,0.0024499
1788115500,5667474.0,5667474.0,5667474.0,5667474.0,0.01487933
1788116400,5737767.0,5737767.0,5737767.0,5737767.0,0.00213462
1788117300,5667478.0,5667478.0,5667478.0,5667478.0,0.00180137
1788118200,5737763.0,5737767.0,5737763.0,5737767.0,0.00435448
1788119100,5737767.0,5737767.0,5737767.0,5737767.0,0.0
1788120000,5737767.0,5737767.0,5737767.0,5737767.0,0.0
1788120900,5737767.0,5737767.0,5737767.0,5737767.0,0.0
1788121800,5737767.0,5737768.0,5737767.0,5737768.0,0.01735692
1788122700,5737768.0,5737768.0,5737768.0,5737768.0,0.0
1788123600,5737768.0,5737768.0,5737768.0,5737768.0,0.0
1788124500,5737768.0,5737768.0,5737768.0,5737768.0,0.0
1788125400,5737768.0,5737768.0,5737768.0,5737768.0,0.0
1788126300,5737768.0,5737768.0,5737768.0,5737768.0,0.0
1788127200,5737768.0,5737768.0,5737768.0,5737768.0,0.0
1788128100,5737768.0,5737768.0,5737768.0,5737768.0,0.0
1788129000,5737768.0,5737768.0,5737768.0,5737768.0,0.0
1788129900,5737768.0,5737768.0,5737768.0,5737768.0,0.0
1788130800,5727768.0,5727768.0,5727768.0,5727768.0,0.01018703
1788131700,5727768.0,5727768.0,5727768.0,5727768.0,0.0
1788132600,5727768.0,5727768.0,5727768.0,5727768.0,0.0
1788133500,5664659.0,5664659.0,5664659.0,5664659.0,0.00352457
1788134400,5664659.0,5664659.0,5664659.0,5664659.0,0.0
1788135300,5664663.0,5737764.0,5664663.0,5737764.0,0.00968206
1788136200,5737764.0,5737768.0,5737764.0,5737768.0,0.01628752
1788137100,5664667.0,5664667.0,5664667.0,5664667.0,0.00433935
1788138000,5737768.0,5737768.0,5737768.0,5737768.0,0.00190893
1788138900,5737768.0,5737768.0,5737768.0,5737768.0,0.01533348
1788139800,5737764.0,5737764.0,5664672.0,5664672.0,0.02294451
1788140700,5664672.0,5664672.0,5664672.0,5664672.0,0.0
1788141600,5664672.0,5664672.0,5664672.0,5664672.0,0.0
1788142500,5664672.0,5664672.0,5664672.0,5664672.0,0.0
1788143400,5664672.0,5664672.0,5664672.0,5664672.0,0.0
1788144300,5737768.0,5737768.0,5737768.0,5737768.0,0.00777462
1788145200,5664672.0,5664672.0,5664672.0,5664672.0,0.01533348
1788146100,5664672.0,5664672.0,5664672.0,5664672.0,0.00752982
1788147000,5664672.0,5664672.0,5664672.0,5664672.0,0.0
1788147900,5664672.0,5664672.0,5664672.0,5664672.0,0.00213462
1788148800,5664672.0,5664672.0,5664672.0,5664672.0,0.0
1788149700,5664672.0,5664672.0,5664672.0,5664672.0,0.00537481
1788150600,5737764.0,5737764.0,5737764.0,5737764.0,0.00344733
1788151500,5737764.0,5737764.0,5664672.0,5664672.0,0.00763536
1788152400,5664672.0,5664672.0,5664672.0,5664672.0,0.0
1788153300,5664672.0,5664672.0,5664672.0,5664672.0,0.0
1788154200,5664672.0,5664672.0,5664672.0,5664672.0,0.0
1788155100,5664672.0,5664672.0,5664672.0,5664672.0,0.0
1788156000,5664672.0,5664672.0,5664672.0,5664672.0,0.0024499
1788156900,5664668.0,5664668.0,5664668.0,5664668.0,0.00326586
1788157800,5664668.0,5664668.0,5664668.0,5664668.0,0.0
1788158700,5664668.0,5664668.0,5664663.0,5664663.0,0.01776344
1788159600,5664663.0,5664663.0,5664663.0,5664663.0,0.0
1788160500,5737759.0,5737759.0,5737759.0,5737759.0,0.00322129
1788161400,5664659.0,5737763.0,5660096.0,5737763.0,0.00736035
1788162300,5737763.0,5737763.0,5737763.0,5737763.0,0.0
1788163200,5737763.0,5737763.0,5737763.0,5737763.0,0.0
1788164100,5737763.0,5737763.0,5737763.0,5737763.0,0.0
1788165000,5737763.0,5737763.0,5737763.0,5737763.0,0.0
1788165900,5737763.0,5737763.0,5737763.0,5737763.0,0.0
1788166800,5660098.0,5737757.0,5660098.0,5737757.0,0.00886076
1788167700,5737757.0,5737757.0,5737757.0,5737757.0,0.0
1788168600,5737757.0,5737763.0,5737757.0,5737763.0,0.0914815
1788169500,5737763.0,5737763.0,5737763.0,5737763.0,0.0
1788170400,5660100.0,5737759.0,5660100.0,5737759.0,0.03170951
1788171300,5737759.0,5737759.0,5737759.0,5737759.0,0.0
1788172200,5737759.0,5737759.0,5737759.0,5737759.0,0.0
1788173100,5737759.0,5737759.0,5737759.0,5737759.0,0.0
1788174000,5737759.0,5737759.0,5737759.0,5737759.0,0.0
1788174900,5737763.0,5737763.0,5737763.0,5737763.0,0.00179251
1788175800,5737763.0,5737763.0,5737763.0,5737763.0,0.0
1788176700,5737763.0,5737763.0,5737763.0,5737763.0,0.0
1788177600,5737763.0,5737763.0,5737763.0,5737763.0,0.0
1788178500,5737763.0,5737763.0,5737763.0,5737763.0,0.0
1788179400,5737763.0,5737763.0,5737763.0,5737763.0,0.0
1788180300,5737763.0,5737763.0,5737763.0,5737763.0,0.0
1788181200,5737763.0,5737763.0,5737763.0,5737763.0,0.0
1788182100,5737755.0,5737755.0,5737755.0,5737755.0,0.00173569
1788183000,5737755.0,5737755.0,5737755.0,5737755.0,0.0
1788183900,5660099.0,5660099.0,5660099.0,5660099.0,0.00343033
1788184800,5660099.0,5660099.0,5660098.0,5660098.0,0.01996393
1788185700,5660098.0,5660098.0,5660098.0,5660098.0,0.00270918
1788186600,5660098.0,5660098.0,5571594.0,5571594.0,0.25517678
1788187500,5571594.0,5571594.0,5571594.0,5571594.0,0.0
1788188400,5571594.0,5571594.0,5571594.0,5571594.0,0.0
1788189300,5737755.0,5737758.0,5571648.0,5737758.0,0.19711356
1788190200,5737758.0,5737758.0,5737758.0,5737758.0,0.0
1788191100,5560373.0,5737748.0,5560373.0,5737748.0,0.19113075
1788192000,5737748.0,5737748.0,5737748.0,5737748.0,0.0
1788192900,5737748.0,5737753.0,5737748.0,5737753.0,0.01427893
1788193800,5737753.0,5737753.0,5550006.0,5550006.0,0.08952704
1788194700,5550006.0,5550006.0,5550006.0,5550006.0,0.0
1788195600,5737752.0,5737753.0,5550011.0,5550011.0,0.00651599
1788196500,5737752.0,5737752.0,5737752.0,5737752.0,0.00260345
1788197400,5737752.0,5737752.0,5737752.0,5737752.0,0.0
1788198300,5737752.0,5737752.0,5737752.0,5737752.0,0.0
1788199200,5737752.0,5737753.0,5737752.0,5737753.0,0.00173569
1788200100,5737753.0,5737753.0,5737753.0,5737753.0,0.0
1788201000,5737753.0,5737753.0,5737753.0,5737753.0,0.0
1788201900,5737753.0,5737753.0,5737753.0,5737753.0,0.00173569
1788202800,5737753.0,5737753.0,5737753.0,5737753.0,0.00173569
1788203700,5737753.0,5737753.0,5737753.0,5737753.0,0.0
1788204600,5737753.0,5737753.0,5737753.0,5737753.0,0.05717098
1788205500,5737753.0,5737753.0,5737753.0,5737753.0,0.0
1788206400,5737753.0,5737753.0,5737753.0,5737753.0,0.0
1788207300,5737753.0,5737753.0,5737753.0,5737753.0,0.0
1788208200,5737753.0,5737753.0,5737753.0,5737753.0,0.0
1788209100,5737753.0,5737753.0,5737753.0,5737753.0,0.0
1788210000,5737753.0,5737753.0,5737753.0,5737753.0,0.0
1788210900,5737753.0,5737753.0,5737753.0,5737753.0,0.0
1788211800,5737753.0,5737753.0,5737753.0,5737753.0,0.0
1788212700,5737753.0,5737753.0,5737753.0,5737753.0,0.0
1788213600,5737753.0,5737753.0,5737753.0,5737753.0,0.0
1788214500,5737753.0,5737753.0,5737753.0,5737753.0,0.0
1788215400,5737758.0,5737758.0,5737758.0,5737758.0,0.0018664
1788216300,5737758.0,5737758.0,5737758.0,5737758.0,0.0
1788217200,5737758.0,5737758.0,5737758.0,5737758.0,0.0
1788218100,5737758.0,5737758.0,5737758.0,5737758.0,0.00324482
1788219000,5737758.0,5737758.0,5737758.0,5737758.0,0.0
1788219900,5737758.0,5737758.0,5737758.0,5737758.0,0.0
1788220800,5737758.0,5737758.0,5737758.0,5737758.0,0.0
1788221700,5737758.0,5737758.0,5737758.0,5737758.0,0.0
1788222600,5737758.0,5737758.0,5737758.0,5737758.0,0.0
1788223500,5737758.0,5737758.0,5737758.0,5737758.0,0.0
1788224400,5737758.0,5737758.0,5737758.0,5737758.0,0.0
1788225300,5737750.0,5737758.0,5550803.0,5550803.0,0.01058741
1788226200,5737758.0,5737758.0,5737758.0,5737758.0,0.00208269
1788227100,5737758.0,5737758.0,5737758.0,5737758.0,0.0
1788228000,5737758.0,5737758.0,5737758.0,5737758.0,0.0
1788228900,5737759.0,5737759.0,5737759.0,5737759.0,0.00260345
1788229800,5737758.0,5737758.0,5737758.0,5737758.0,0.01186857
1788230700,5550989.0,5550989.0,5550989.0,5550989.0,0.00287948
1788231600,5550994.0,5550994.0,5550994.0,5550994.0,0.03633264
1788232500,5737758.0,5737758.0,5737758.0,5737758.0,0.17269951
1788233400,5737758.0,5737758.0,5737758.0,5737758.0,0.0
1788234300,5737758.0,5737758.0,5737758.0,5737758.0,0.0
1788235200,5737758.0,5737758.0,5737758.0,5737758.0,0.00347139
1788236100,5737758.0,5737758.0,5737758.0,5737758.0,0.0
1788237000,5737758.0,5737758.0,5737758.0,5737758.0,0.00416555
1788237900,5737758.0,5737758.0,5737758.0,5737758.0,0.0
1788238800,5737758.0,5737758.0,5737758.0,5737758.0,0.0
1788239700,5737758.0,5737758.0,5737758.0,5737758.0,0.0
1788240600,5551272.0,5551272.0,5551272.0,5551272.0,0.00344389
1788241500,5737753.0,5737754.0,5737753.0,5737754.0,0.00881006
1788242400,5551326.0,5551326.0,5551326.0,5551326.0,0.0022881
1788243300,5551326.0,5551326.0,5551326.0,5551326.0,0.0
1788244200,5551326.0,5551326.0,5551326.0,5551326.0,0.0
1788245100,5551326.0,5551326.0,5551326.0,5551326.0,0.0
1788246000,5551326.0,5551326.0,5551326.0,5551326.0,0.0
1788246900,5551326.0,5551326.0,5551326.0,5551326.0,0.0
1788247800,5737753.0,5737754.0,5737753.0,5737754.0,0.00689468
1788248700,5737754.0,5737754.0,5737754.0,5737754.0,0.0
1788249600,5737754.0,5737754.0,5737754.0,5737754.0,0.0
1788250500,5737754.0,5737754.0,5737754.0,5737754.0,0.0
1788251400,5737754.0,5737754.0,5737754.0,5737754.0,0.0
1788252300,5737754.0,5737754.0,5737754.0,5737754.0,0.0
1788253200,5551713.0,5551713.0,5551713.0,5551713.0,0.00347701
1788254100,5551713.0,5551713.0,5551713.0,5551713.0,0.0
1788255000,5737753.0,5737754.0,5737753.0,5737754.0,0.0093561
1788255900,5551785.0,5551785.0,5551784.0,5551784.0,0.27062957
1788256800,5737753.0,5737753.0,5737753.0,5737753.0,0.00440067
1788257700,5737753.0,5737753.0,5737753.0,5737753.0,0.0
1788258600,5737753.0,5737753.0,5737753.0,5737753.0,0.0
1788259500,5737753.0,5737753.0,5737753.0,5737753.0,0.0
1788260400,5737753.0,5737753.0,5737753.0,5737753.0,0.0
1788261300,5737753.0,5737753.0,5737753.0,5737753.0,0.0
1788262200,5551895.0,5551900.0,5551895.0,5551900.0,0.00478747
1788263100,5737753.0,5737758.0,5737753.0,5737758.0,0.02452091
1788264000,5737758.0,5737758.0,5737758.0,5737758.0,0.0
1788264900,5737758.0,5737758.0,5737758.0,5737758.0,0.0
1788265800,5737758.0,5737758.0,5737758.0,5737758.0,0.0
1788266700,5737756.0,5737757.0,5737756.0,5737757.0,0.03565539
1788267600,5737758.0,5737758.0,5737758.0,5737758.0,0.00254559
1788268500,5737758.0,5737758.0,5737758.0,5737758.0,0.0
1788269400,5737758.0,5737758.0,5737758.0,5737758.0,0.0019091
1788270300,5737758.0,5737758.0,5737758.0,5737758.0,0.0
1788271200,5737758.0,5737758.0,5737758.0,5737758.0,0.0
1788272100,5737759.0,5737759.0,5737759.0,5737759.0,0.00173569
1788273000,5737759.0,5737759.0,5737759.0,5737759.0,0.00947983
1788273900,5737759.0,5737759.0,5737759.0,5737759.0,0.0
1788274800,5737759.0,5737759.0,5552264.0,5552264.0,0.00775271
1788275700,5730614.0,5737758.0,5552325.0,5552325.0,0.08930068
1788276600,5737757.0,5737757.0,5737757.0,5737757.0,0.00628764
1788277500,5737757.0,5737757.0,5737757.0,5737757.0,0.0
1788278400,5737757.0,5737757.0,5737757.0,5737757.0,0.0
1788279300,5737757.0,5737757.0,5737757.0,5737757.0,0.0
1788280200,5737757.0,5737757.0,5737757.0,5737757.0,0.0
1788281100,5552444.0,5552464.0,5552444.0,5552464.0,0.00977637
1788282000,5737757.0,5737759.0,5737757.0,5737759.0,0.01870434
1788282900,5737759.0,5737759.0,5737759.0,5737759.0,0.0
1788283800,5737759.0,5737759.0,5737759.0,5737759.0,0.0
1788284700,5552564.0,5552564.0,5552564.0,5552564.0,0.00324482
1788285600,5737759.0,5737759.0,5737759.0,5737759.0,0.00475394
1788286500,5737759.0,5737759.0,5737759.0,5737759.0,0.0
1788287400,5552584.0,5552598.0,5552584.0,5552598.0,0.00735704
1788288300,5737758.0,5737758.0,5737758.0,5737758.0,0.00173569
1788289200,5737758.0,5737758.0,5737758.0,5737758.0,0.0
1788290100,5737758.0,5737758.0,5737758.0,5737758.0,0.0
1788291000,5737758.0,5737758.0,5737758.0,5737758.0,0.0
1788291900,5737758.0,5737758.0,5737758.0,5737758.0,0.0
1788292800,5737758.0,5737758.0,5737758.0,5737758.0,0.0
1788293700,5737758.0,5737758.0,5737758.0,5737758.0,0.0
1788294600,5737758.0,5737758.0,5737758.0,5737758.0,0.0
1788295500,5737758.0,5737758.0,5737758.0,5737758.0,0.0
1788296400,5737758.0,5737758.0,5737758.0,5737758.0,0.0
1788297300,5737758.0,5737758.0,5737758.0,5737758.0,0.0
1788298200,5737758.0,5737758.0,5737758.0,5737758.0,0.0
1788299100,5552656.0,5552656.0,5552656.0,5552656.0,0.00790936
1788300000,5552656.0,5552656.0,5552656.0,5552656.0,0.0
1788300900,5552656.0,5552656.0,5552656.0,5552656.0,0.0
1788301800,5552656.0,5552656.0,5552656.0,5552656.0,0.0
1788302700,5552656.0,5552656.0,5552656.0,5552656.0,0.0
1788303600,5552656.0,5552656.0,5552656.0,5552656.0,0.0
1788304500,5552656.0,5552656.0,5552656.0,5552656.0,0.0
1788305400,5737758.0,5737759.0,5737758.0,5737759.0,0.01678355
1788306300,5737759.0,5737759.0,5737759.0,5737759.0,0.0
1788307200,5737759.0,5737759.0,5737759.0,5737759.0,0.01844971
1788308100,5737759.0,5737759.0,5737759.0,5737759.0,0.0
1788309000,5737759.0,5737759.0,5737759.0,5737759.0,0.0
1788309900,5737756.0,5737756.0,5737756.0,5737756.0,0.00225628
1788310800,5737756.0,5737756.0,5737756.0,5737756.0,0.0
1788311700,5737756.0,5737756.0,5737756.0,5737756.0,0.0
1788312600,5737755.0,5750000.0,5737755.0,5750000.0,0.34464739
1788313500,5749000.0,5749000.0,5749000.0,5749000.0,0.04646912
1788314400,5749000.0,5749000.0,5749000.0,5749000.0,0.0
1788315300,5749000.0,5749000.0,5749000.0,5749000.0,0.00446512
1788316200,5749000.0,5749000.0,5749000.0,5749000.0,0.00361401
1788317100,5749000.0,5749000.0,5552790.0,5552790.0,0.0156902
1788318000,5552790.0,5552790.0,5552790.0,5552790.0,0.0
1788318900,5749000.0,5749000.0,5749000.0,5749000.0,0.00635971
1788319800,5749000.0,5749000.0,5749000.0,5749000.0,0.00867872
1788320700,5749000.0,5749000.0,5749000.0,5749000.0,0.0
1788321600,5749000.0,5749000.0,5749000.0,5749000.0,0.00429083
1788322500,5749000.0,5749000.0,5749000.0,5749000.0,0.0
1788323400,5749000.0,5749000.0,5749000.0,5749000.0,0.01981805
1788324300,5749000.0,5749000.0,5749000.0,5749000.0,0.0
1788325200,5749000.0,5749000.0,5749000.0,5749000.0,0.0
1788326100,5749000.0,5749000.0,5749000.0,5749000.0,0.00877335
1788327000,5749000.0,5749000.0,5749000.0,5749000.0,0.0017323
1788327900,5749000.0,5749000.0,5749000.0,5749000.0,0.0
1788328800,5749000.0,5749000.0,5552805.0,5552805.0,0.00871335
1788329700,5552806.0,5552806.0,5552805.0,5552805.0,0.01122508
1788330600,5552805.0,5552805.0,5552805.0,5552805.0,0.0
1788331500,5552805.0,5552805.0,5552805.0,5552805.0,0.0
1788332400,5552812.0,5748996.0,5552812.0,5748996.0,0.02335767
1788333300,5748996.0,5748996.0,5748996.0,5748996.0,0.0
1788334200,5748996.0,5748996.0,5748996.0,5748996.0,0.0
1788335100,5748996.0,5748996.0,5748996.0,5748996.0,0.0
1788336000,5748996.0,5748996.0,5748996.0,5748996.0,0.0
1788336900,5748996.0,5748996.0,5748996.0,5748996.0,0.0
1788337800,5748996.0,5748996.0,5748996.0,5748996.0,0.0
1788338700,5749000.0,5749000.0,5749000.0,5749000.0,0.00236388
1788339600,5552825.0,5552825.0,5552825.0,5552825.0,0.00236388
1788340500,5749000.0,5749000.0,5749000.0,5749000.0,0.0077229
1788341400,5749000.0,5749000.0,5749000.0,5749000.0,0.0
1788342300,5749000.0,5749000.0,5749000.0,5749000.0,0.00264776
1788343200,5552828.0,5552828.0,5552828.0,5552828.0,0.00264776
1788344100,5552828.0,5552828.0,5552828.0,5552828.0,0.0
1788345000,5552828.0,5552828.0,5552828.0,5552828.0,0.0
1788345900,5552828.0,5552828.0,5552828.0,5552828.0,0.0
1788346800,5552828.0,5552828.0,5552828.0,5552828.0,0.0
1788347700,5749000.0,5749000.0,5552865.0,5552865.0,0.02160778
1788348600,5552865.0,5552865.0,5552865.0,5552865.0,0.0
1788349500,5747998.0,5832748.0,5747998.0,5832748.0,1.03569708
1788350400,5832748.0,5832748.0,5790076.0,5792877.0,0.00590136
1788351300,5792877.0,5792877.0,5792877.0,5792877.0,0.0
1788352200,5801122.0,5801122.0,5801122.0,5801122.0,0.00171673
1788353100,5795481.0,5844792.0,5552868.0,5552868.0,0.00901792
1788354000,5552868.0,5552868.0,5552868.0,5552868.0,0.0
1788354900,5552868.0,5552868.0,5552868.0,5552868.0,0.0
1788355800,5552868.0,5552868.0,5552868.0,5552868.0,0.0
1788356700,5757053.0,5850000.0,5757053.0,5850000.0,0.01679318
1788357600,5758223.0,5758223.0,5758223.0,5758223.0,0.01008921
1788358500,5758223.0,5758223.0,5758223.0,5758223.0,0.0
1788359400,5758223.0,5758223.0,5758223.0,5758223.0,0.00866482
1788360300,5758223.0,5758223.0,5758223.0,5758223.0,0.0
1788361200,5555508.0,5555508.0,5555507.0,5555507.0,0.01929816
1788362100,5555507.0,5555507.0,5555507.0,5555507.0,0.0
1788363000,5758222.0,5758223.0,5758222.0,5758223.0,0.01309344
1788363900,5758223.0,5758223.0,5758223.0,5758223.0,0.0
1788364800,5758223.0,5758223.0,5758223.0,5758223.0,0.0
1788365700,5758223.0,5758223.0,5758223.0,5758223.0,0.0
1788366600,5758223.0,5944998.0,5758223.0,5944998.0,0.00358452
1788367500,5585076.0,5944967.0,5575083.0,5944967.0,0.04692752
1788368400,5944965.0,5944965.0,5944965.0,5944965.0,0.00837599
1788369300,5944965.0,5944965.0,5944965.0,5944965.0,0.0
1788370200,5944956.0,5944965.0,5944956.0,5944965.0,0.01574309
1788371100,5944965.0,5944994.0,5575197.0,5575197.0,0.01979187
1788372000,5575233.0,5575233.0,5575233.0,5575233.0,0.00404844
1788372900,5575233.0,5575233.0,5575233.0,5575233.0,0.0
1788373800,5575233.0,5575233.0,5575233.0,5575233.0,0.0
1788374700,5575233.0,5575233.0,5575233.0,5575233.0,0.0
1788375600,5575233.0,5575233.0,5575233.0,5575233.0,0.0
1788376500,5575233.0,5575233.0,5575233.0,5575233.0,0.0
1788377400,5575233.0,5575233.0,5575233.0,5575233.0,0.0
1788378300,5575233.0,5575233.0,5575233.0,5575233.0,0.0
1788379200,5944740.0,5945000.0,5944740.0,5945000.0,0.66909445
1788380100,5945000.0,5945000.0,5945000.0,5945000.0,0.0
1788381000,5575783.0,5575783.0,5575783.0,5575783.0,0.00218421
1788381900,5575783.0,5575783.0,5575783.0,5575783.0,0.0
1788382800,5575783.0,5575783.0,5575783.0,5575783.0,0.0
1788383700,5575783.0,5575783.0,5575783.0,5575783.0,0.0
1788384600,5575783.0,5575783.0,5575783.0,5575783.0,0.0
1788385500,5575783.0,5575783.0,5575783.0,5575783.0,0.0
1788386400,5575783.0,5575783.0,5575783.0,5575783.0,0.0
1788387300,5575783.0,5575783.0,5575783.0,5575783.0,0.0
1788388200,5575783.0,5575783.0,5575783.0,5575783.0,0.0
1788389100,5575783.0,5575783.0,5575783.0,5575783.0,0.0
1788390000,5577209.0,5577209.0,5577209.0,5577209.0,0.01296051
1788390900,5577209.0,5577209.0,5577209.0,5577209.0,0.0
1788391800,5577270.0,5577270.0,5577270.0,5577270.0,0.00358452
1788392700,5944994.0,5944996.0,5944994.0,5944996.0,0.00847536
1788393600,5944999.0,5945000.0,5577356.0,5577356.0,0.0141978
1788394500,5577356.0,5577356.0,5577356.0,5577356.0,0.0
1788395400,5577356.0,5577356.0,5577356.0,5577356.0,0.0
1788396300,5577356.0,5577356.0,5577356.0,5577356.0,0.0
1788397200,5577356.0,5577356.0,5577356.0,5577356.0,0.0
1788398100,5577356.0,5577356.0,5577356.0,5577356.0,0.0
1788399000,5577356.0,5577356.0,5577356.0,5577356.0,0.0
1788399900,5944996.0,5944996.0,5944996.0,5944996.0,0.00329167
1788400800,5779459.0,5779459.0,5679459.0,5679459.0,0.00867848
1788401700,5679459.0,5679459.0,5679459.0,5679459.0,0.0
1788402600,5679459.0,5679459.0,5679459.0,5679459.0,0.0
1788403500,5679459.0,5679459.0,5679459.0,5679459.0,0.0
1788404400,5679459.0,5679459.0,5679459.0,5679459.0,0.0
1788405300,5944992.0,5944992.0,5944992.0,5944992.0,0.00264256
1788406200,5944992.0,5944994.0,5944992.0,5944994.0,0.00196232
1788407100,5944994.0,5944999.0,5944994.0,5944999.0,0.01720488
1788408000,5739504.0,5739504.0,5575370.0,5575370.0,0.66909445
1788408900,5944970.0,5944970.0,5944970.0,5944970.0,0.00169992
1788409800,5944970.0,5944970.0,5944970.0,5944970.0,0.0
1788410700,5944970.0,5944970.0,5944970.0,5944970.0,0.0
1788411600,5944970.0,5944970.0,5944970.0,5944970.0,0.0
1788412500,5944879.0,5944879.0,5944867.0,5944867.0,0.01621783
1788413400,5944867.0,5944867.0,5944867.0,5944867.0,0.0
1788414300,5749508.0,5749508.0,5749508.0,5749508.0,0.02019977
1788415200,5944843.0,5944874.0,5555000.0,5944874.0,1.30151661
1788416100,5555049.0,5555049.0,5555044.0,5555044.0,0.06273013
1788417000,5944795.0,5944795.0,5555037.0,5555037.0,0.0059851
1788417900,5944832.0,5944832.0,5555025.0,5555025.0,0.63481078
1788418800,5555035.0,5555035.0,5555035.0,5555035.0,0.00194573
1788419700,5555042.0,5944803.0,5555041.0,5944803.0,0.01355895
1788420600,5555021.0,5555025.0,5555020.0,5555025.0,0.01259425
1788421500,5555025.0,5555025.0,5555025.0,5555025.0,0.0
1788422400,5555059.0,5555059.0,5555058.0,5555058.0,0.01232357
1788423300,5555058.0,5555058.0,5555058.0,5555058.0,0.0
1788424200,5555058.0,5555058.0,5555058.0,5555058.0,0.0
1788425100,5555058.0,5555058.0,5555058.0,5555058.0,0.0
1788426000,5555127.0,5555127.0,5555126.0,5555126.0,0.01811371
1788426900,5555126.0,5555126.0,5555126.0,5555126.0,0.0
1788427800,5555126.0,5555126.0,5555126.0,5555126.0,0.0
1788428700,5555126.0,5555126.0,5555126.0,5555126.0,0.0
1788429600,5741106.0,5741106.0,5741106.0,5741106.0,0.01836109
1788430500,5741106.0,5741106.0,5741106.0,5741106.0,0.0
1788431400,5741106.0,5741106.0,5741106.0,5741106.0,0.0
1788432300,5732930.0,5746249.0,5731797.0,5746249.0,0.02952625
1788433200,5746249.0,5746249.0,5746249.0,5746249.0,0.0
1788434100,5746249.0,5746249.0,5746249.0,5746249.0,0.00294626
1788435000,5746249.0,5772451.0,5746249.0,5772451.0,0.00664833
1788435900,5772451.0,5772451.0,5772451.0,5772451.0,0.0
1788436800,5772451.0,5772451.0,5772451.0,5772451.0,0.0
1788437700,5555153.0,5757609.0,5555152.0,5757609.0,0.01871749
1788438600,5555164.0,5555164.0,5555164.0,5555164.0,0.0034351
1788439500,5773218.0,5773220.0,5555214.0,5555214.0,0.11852927
1788440400,5555234.0,5555234.0,5555234.0,5555234.0,0.00810761
1788441300,5555256.0,5555256.0,5555255.0,5555255.0,0.00231343
1788442200,5555255.0,5555255.0,5555255.0,5555255.0,0.0
1788443100,5807820.0,5807820.0,5807820.0,5807820.0,0.00515442
1788444000,5807820.0,5807820.0,5807820.0,5807820.0,0.0
1788444900,5555386.0,5555386.0,5555385.0,5555385.0,0.00664833
1788445800,5555385.0,5555385.0,5555385.0,5555385.0,0.0
1788446700,5777960.0,5777960.0,5777960.0,5777960.0,0.00828475
1788447600,5777960.0,5777960.0,5777960.0,5777960.0,0.0
1788448500,5816578.0,5867433.0,5816578.0,5867433.0,0.08986572
1788449400,5555524.0,5555524.0,5555523.0,5555523.0,0.01836109
1788450300,5802944.0,5802960.0,5802944.0,5802960.0,0.02644119
1788451200,5555590.0,5555604.0,5555590.0,5555603.0,0.01665317
1788452100,5806523.0,5806523.0,5806520.0,5806520.0,0.0055007
1788453000,5806520.0,5806520.0,5806520.0,5806520.0,0.0
1788453900,5853502.0,5853505.0,5853502.0,5853505.0,0.16877307
1788454800,5853505.0,5853505.0,5853505.0,5853505.0,0.0
1788455700,5778287.0,5778287.0,5555790.0,5772128.0,0.02827347
1788456600,5555816.0,5555816.0,5555775.0,5555775.0,0.04399302
1788457500,5756018.0,5756018.0,5555775.0,5585018.0,0.03007916
1788458400,5585018.0,5585018.0,5585018.0,5585018.0,0.0
1788459300,5585018.0,5795335.0,5585018.0,5795335.0,0.16800836
1788460200,5795335.0,5795335.0,5795335.0,5795335.0,0.0
1788461100,5795335.0,5795335.0,5795335.0,5795335.0,0.0
1788462000,5555878.0,5795278.0,5555878.0,5795278.0,0.01654679
1788462900,5795278.0,5795278.0,5795278.0,5795278.0,0.0
1788463800,5795278.0,5795278.0,5795278.0,5795278.0,0.0
1788464700,5795278.0,5795278.0,5795278.0,5795278.0,0.0
1788465600,5556034.0,5556034.0,5556033.0,5556033.0,0.01057754
1788466500,5556033.0,5556033.0,5556033.0,5556033.0,0.0
1788467400,5556033.0,5556033.0,5556033.0,5556033.0,0.0
1788468300,5774018.0,5774018.0,5556146.0,5556146.0,0.00442534
1788469200,5773720.0,5773720.0,5773720.0,5773720.0,0.0078213
1788470100,5773720.0,5773720.0,5773720.0,5773720.0,0.0
1788471000,5773720.0,5773720.0,5773720.0,5773720.0,0.0
1788471900,5773654.0,5773654.0,5773654.0,5773654.0,0.00353502
1788472800,5556303.0,5773636.0,5556301.0,5773636.0,0.02510486
1788473700,5773636.0,5773636.0,5773636.0,5773636.0,0.0
1788474600,5773636.0,5773636.0,5773636.0,5773636.0,0.0
1788475500,5773636.0,5773636.0,5773636.0,5773636.0,0.0
1788476400,5773636.0,5773636.0,5773636.0,5773636.0,0.0
1788477300,5773636.0,5773636.0,5773636.0,5773636.0,0.0
1788478200,5773636.0,5773636.0,5773636.0,5773636.0,0.0
1788479100,5944818.0,5944818.0,5944818.0,5944818.0,0.00172149
1788480000,5556897.0,5556897.0,5556888.0,5556888.0,0.01981805
1788480900,5556888.0,5556888.0,5556888.0,5556888.0,0.0
1788481800,5772090.0,5772090.0,5556936.0,5556948.0,0.01095667
1788482700,5773877.0,5773877.0,5556956.0,5773762.0,0.00706998
1788483600,5773762.0,5773762.0,5773762.0,5773762.0,0.0
1788484500,5773762.0,5773762.0,5773762.0,5773762.0,0.0
1788485400,5774937.0,5774937.0,5774937.0,5774937.0,0.00172452
1788486300,5774937.0,5774937.0,5774937.0,5774937.0,0.0
1788487200,5774340.0,5774340.0,5557064.0,5557064.0,0.00517425
1788488100,5557068.0,5557068.0,5557066.0,5557066.0,0.0308804
1788489000,5774299.0,5774299.0,5774299.0,5774299.0,0.00172471
1788489900,5774312.0,5774312.0,5774312.0,5774312.0,0.00423998
1788490800,5774994.0,5775000.0,5774994.0,5775000.0,0.07441316
1788491700,5775000.0,5775000.0,5775000.0,5775000.0,0.0
1788492600,5775000.0,5775000.0,5775000.0,5775000.0,0.003449
1788493500,5557449.0,5775000.0,5557449.0,5775000.0,0.03793921
1788494400,5775000.0,5775000.0,5775000.0,5775000.0,0.0531922
1788495300,5775000.0,5945000.0,5775000.0,5945000.0,0.69362301
1788496200,5557933.0,5950000.0,5557933.0,5950000.0,0.99310756
1788497100,5950000.0,5950000.0,5950000.0,5950000.0,0.0
1788498000,5558319.0,5949999.0,5558319.0,5949999.0,0.00751576
1788498900,5949999.0,5949999.0,5949999.0,5949999.0,0.0
1788499800,5949999.0,5949999.0,5949999.0,5949999.0,0.0
1788500700,5949999.0,5949999.0,5949999.0,5949999.0,0.0
1788501600,5560167.0,5560167.0,5560167.0,5560167.0,0.00918443
1788502500,5837634.0,5975000.0,5837634.0,5975000.0,0.33366794
1788503400,5587014.0,5587014.0,5587014.0,5587014.0,0.0026496
1788504300,5587014.0,5587014.0,5587014.0,5587014.0,0.0
1788505200,5974996.0,5974999.0,5974996.0,5974999.0,0.00333355
1788506100,5974999.0,5974999.0,5974999.0,5974999.0,0.0
1788507000,5974997.0,5974997.0,5974997.0,5974997.0,0.002
1788507900,5974997.0,5974997.0,5974997.0,5974997.0,0.0
1788508800,5974997.0,5974997.0,5974997.0,5974997.0,0.0
1788509700,5974997.0,5974997.0,5974997.0,5974997.0,0.0
1788510600,5974997.0,5974997.0,5974997.0,5974997.0,0.0
1788511500,5974997.0,5974997.0,5974997.0,5974997.0,0.0
1788512400,5974997.0,5974997.0,5974997.0,5974997.0,0.0
1788513300,5588373.0,5588373.0,5588372.0,5588372.0,0.01800595
1788514200,5588372.0,5588372.0,5588372.0,5588372.0,0.0
1788515100,5588372.0,5588372.0,5588372.0,5588372.0,0.0
1788516000,5588372.0,5588372.0,5588372.0,5588372.0,0.0
1788516900,5737038.0,5737038.0,5737038.0,5737038.0,0.00182271
1788517800,5744628.0,5744628.0,5744628.0,5744628.0,0.00433851
1788518700,5744628.0,5744628.0,5744628.0,5744628.0,0.0
1788519600,5600200.0,5600200.0,5600198.0,5600198.0,0.02109939
1788520500,5974994.0,5974994.0,5974994.0,5974994.0,0.0074559
1788521400,5974984.0,5974984.0,5974984.0,5974984.0,0.00166678
1788522300,5974984.0,5974984.0,5974984.0,5974984.0,0.0
1788523200,5600246.0,5600246.0,5600246.0,5600246.0,0.00430046
1788524100,5600246.0,5600246.0,5600246.0,5600246.0,0.0
1788525000,5600286.0,5752377.0,5600286.0,5752377.0,0.01171272
1788525900,5600310.0,5600310.0,5600310.0,5600310.0,0.00289115
1788526800,5600310.0,5600310.0,5600310.0,5600310.0,0.0
1788527700,5974967.0,5974967.0,5843259.0,5843263.0,0.00946704
1788528600,5744819.0,5744819.0,5744819.0,5744819.0,0.00213078
1788529500,5731970.0,5974984.0,5731970.0,5974984.0,0.08347931
1788530400,5974984.0,5974984.0,5974984.0,5974984.0,0.0
1788531300,5974984.0,5974984.0,5974984.0,5974984.0,0.0
1788532200,5974984.0,5974984.0,5974984.0,5974984.0,0.0
1788533100,5605171.0,5605171.0,5605171.0,5605171.0,0.00848951
1788534000,5605171.0,5605171.0,5605171.0,5605171.0,0.0
1788534900,5605226.0,5605226.0,5605225.0,5605225.0,0.08975456
1788535800,5605225.0,5605225.0,5605225.0,5605225.0,0.0
1788536700,5605225.0,5605225.0,5605225.0,5605225.0,0.0
1788537600,5605225.0,5605225.0,5605225.0,5605225.0,0.0
1788538500,5974951.0,5974951.0,5974951.0,5974951.0,0.00246177
1788539400,5974951.0,5974951.0,5974951.0,5974951.0,0.0
1788540300,5974900.0,5974900.0,5974900.0,5974900.0,0.00896851
1788541200,5974900.0,5974900.0,5974900.0,5974900.0,0.0
1788542100,5974924.0,5974928.0,5610121.0,5610121.0,0.00732423
1788543000,5610121.0,5610121.0,5610121.0,5610121.0,0.0
1788543900,5610160.0,5610160.0,5610160.0,5610160.0,0.00196232
1788544800,5974930.0,5974930.0,5974930.0,5974930.0,0.00333359
1788545700,5974930.0,5974930.0,5974930.0,5974930.0,0.0
1788546600,5974930.0,5974930.0,5974930.0,5974930.0,0.0
1788547500,5974930.0,5974930.0,5974930.0,5974930.0,0.0
1788548400,5974930.0,5974930.0,5974930.0,5974930.0,0.0
1788549300,5974930.0,5974930.0,5974930.0,5974930.0,0.0
1788550200,5974930.0,5974930.0,5974930.0,5974930.0,0.0
1788551100,5974930.0,5974930.0,5974930.0,5974930.0,0.0
1788552000,5974930.0,5974930.0,5974930.0,5974930.0,0.0
1788552900,5969991.0,5969992.0,5610577.0,5610577.0,0.04264811
1788553800,5610577.0,5610577.0,5610577.0,5610577.0,0.0
1788554700,5650000.0,5650000.0,5650000.0,5650000.0,0.02262216
1788555600,5650000.0,5650000.0,5650000.0,5650000.0,0.0
1788556500,5650000.0,5650000.0,5650000.0,5650000.0,0.0
1788557400,5650000.0,5650000.0,5650000.0,5650000.0,0.0
1788558300,5650000.0,5650000.0,5650000.0,5650000.0,0.0
1788559200,5650000.0,5650000.0,5650000.0,5650000.0,0.0
1788560100,5969996.0,5970000.0,5969996.0,5970000.0,0.16084776
1788561000,5970000.0,5970000.0,5970000.0,5970000.0,0.0
1788561900,5970000.0,5970000.0,5970000.0,5970000.0,0.0
1788562800,5970000.0,5970000.0,5970000.0,5970000.0,0.0
1788563700,5970000.0,5970000.0,5970000.0,5970000.0,0.0
1788564600,5760009.0,5760009.0,5650006.0,5650006.0,0.03449021
1788565500,5650006.0,5650006.0,5650006.0,5650006.0,0.0
1788566400,5650006.0,5650006.0,5650006.0,5650006.0,0.0
1788567300,5650006.0,5650006.0,5650006.0,5650006.0,0.0
1788568200,5959996.0,5969999.0,5750008.0,5969999.0,0.19694093
1788569100,5750010.0,5750010.0,5650000.0,5650000.0,0.19186825
1788570000,5650005.0,5650005.0,5650005.0,5650005.0,0.00847536
1788570900,5650005.0,5650005.0,5650005.0,5650005.0,0.0
1788571800,5650005.0,5650005.0,5650005.0,5650005.0,0.0
1788572700,5809972.0,5809972.0,5809972.0,5809972.0,0.00421413
1788573600,5809972.0,5809972.0,5809972.0,5809972.0,0.00558229
1788574500,5809969.0,5809969.0,5750009.0,5750009.0,0.00846231
1788575400,5750009.0,5750009.0,5650014.0,5650014.0,0.0089164
1788576300,5650014.0,5650014.0,5650014.0,5650014.0,0.0
1788577200,5809972.0,5969986.0,5809972.0,5969986.0,0.01811036
1788578100,5650016.0,5650016.0,5650016.0,5650016.0,0.00308538
1788579000,5650016.0,5650016.0,5650016.0,5650016.0,0.0
1788579900,5969986.0,5969986.0,5969986.0,5969986.0,0.00287705
1788580800,5969986.0,5969986.0,5969986.0,5969986.0,0.0
1788581700,5650024.0,5650024.0,5650010.0,5650010.0,0.17050876
1788582600,5650010.0,5650010.0,5650010.0,5650010.0,0.00896851
1788583500,5969974.0,5969974.0,5969974.0,5969974.0,0.00257605
1788584400,5969974.0,5969974.0,5969974.0,5969974.0,0.0
1788585300,5969974.0,5969974.0,5969974.0,5969974.0,0.0
1788586200,5969974.0,5969974.0,5969974.0,5969974.0,0.0
1788587100,5969974.0,5969974.0,5969974.0,5969974.0,0.0
1788588000,5759959.0,5769952.0,5759958.0,5759958.0,0.02321623
1788588900,5759958.0,5759958.0,5759958.0,5759958.0,0.0
1788589800,5759958.0,5759958.0,5759958.0,5759958.0,0.0
1788590700,5660001.0,5759958.0,5660001.0,5759958.0,0.00605911
1788591600,5759958.0,5759958.0,5759958.0,5759958.0,0.00365089
1788592500,5759958.0,5759958.0,5759958.0,5759958.0,0.0
1788593400,5749952.0,5769962.0,5749952.0,5769962.0,0.08593784
1788594300,5769962.0,5769962.0,5769962.0,5769962.0,0.00213627
1788595200,5769962.0,5899999.0,5769962.0,5899999.0,0.031166
1788596100,5899999.0,5899999.0,5899999.0,5899999.0,0.0
1788597000,5660274.0,5899996.0,5660274.0,5899996.0,0.0214576
1788597900,5899996.0,5899996.0,5899996.0,5899996.0,0.0
1788598800,5899996.0,5899996.0,5899996.0,5899996.0,0.0042283
1788599700,5899996.0,5899996.0,5899996.0,5899996.0,0.0
1788600600,5899996.0,5899996.0,5899996.0,5899996.0,0.0
1788601500,5899996.0,5899996.0,5899996.0,5899996.0,0.0
1788602400,5660004.0,5660004.0,5660002.0,5660002.0,0.00333321
1788603300,5660006.0,5660006.0,5660001.0,5660001.0,0.0350807
1788604200,5660001.0,5660001.0,5660001.0,5660001.0,0.0
1788605100,5892995.0,5892995.0,5892995.0,5892995.0,0.00324011
1788606000,5892998.0,5892998.0,5892998.0,5892998.0,0.00422484
1788606900,5892987.0,5892987.0,5892987.0,5892987.0,0.00260563
1788607800,5892987.0,5892987.0,5892987.0,5892987.0,0.0
1788608700,5892987.0,5892987.0,5892987.0,5892987.0,0.0
1788609600,5892987.0,5892987.0,5892987.0,5892987.0,0.0
1788610500,5792984.0,5892991.0,5792984.0,5892991.0,0.03502396
1788611400,5892991.0,5892991.0,5892991.0,5892991.0,0.0
1788612300,5892991.0,5892991.0,5892991.0,5892991.0,0.0
1788613200,5892990.0,5892990.0,5660001.0,5660001.0,0.0925484
1788614100,5892986.0,5892986.0,5892986.0,5892986.0,0.00473189
1788615000,5892986.0,5892986.0,5892986.0,5892986.0,0.00469269
1788615900,5660002.0,5660002.0,5660001.0,5660001.0,0.00661056
1788616800,5660001.0,5660001.0,5660001.0,5660001.0,0.0
1788617700,5660001.0,5660001.0,5660001.0,5660001.0,0.0
1788618600,5892982.0,5970000.0,5892982.0,5970000.0,0.16751915
1788619500,5670004.0,5975000.0,5665004.0,5665004.0,1.95294337
1788620400,5665004.0,5665004.0,5665004.0,5665004.0,0.0
1788621300,5974987.0,5974987.0,5974987.0,5974987.0,0.00461507
1788622200,5665101.0,5974989.0,5665101.0,5974989.0,0.01186029
1788623100,5974989.0,5974989.0,5974989.0,5974989.0,0.0
1788624000,5974989.0,5974989.0,5974989.0,5974989.0,0.0
1788624900,5974989.0,5974989.0,5974989.0,5974989.0,0.0
1788625800,5974989.0,5974989.0,5974989.0,5974989.0,0.0
1788626700,5974989.0,5974989.0,5974989.0,5974989.0,0.0
1788627600,5940969.0,5940969.0,5940969.0,5940969.0,0.00838162
1788628500,5665102.0,5665102.0,5665102.0,5665102.0,0.00225475
1788629400,5940977.0,5940978.0,5665107.0,5665107.0,0.01606436
1788630300,5665107.0,5665107.0,5665107.0,5665107.0,0.0
1788631200,5665109.0,5665109.0,5665109.0,5665109.0,0.00461507
1788632100,5665109.0,5665109.0,5665109.0,5665109.0,0.0
1788633000,5665109.0,5665109.0,5665109.0,5665109.0,0.00297925
1788633900,5665109.0,5665109.0,5665109.0,5665109.0,0.0
1788634800,5665109.0,5665109.0,5665109.0,5665109.0,0.0
1788635700,5940974.0,5940974.0,5940974.0,5940974.0,0.00827524
1788636600,5940974.0,5940974.0,5940974.0,5940974.0,0.0
1788637500,5940978.0,5940978.0,5940978.0,5940978.0,0.00891671
1788638400,5940978.0,5940978.0,5940978.0,5940978.0,0.0
1788639300,5940978.0,5940978.0,5940978.0,5940978.0,0.0
1788640200,5940978.0,5940978.0,5940978.0,5940978.0,0.0
1788641100,5940978.0,5940978.0,5940978.0,5940978.0,0.0
1788642000,5940978.0,5940978.0,5940978.0,5940978.0,0.0
1788642900,5670002.0,5670002.0,5670002.0,5670002.0,0.00255409
1788643800,5670002.0,5670002.0,5670002.0,5670002.0,0.0
1788644700,5670002.0,5670002.0,5670002.0,5670002.0,0.0
1788645600,5670002.0,5670002.0,5670002.0,5670002.0,0.0
1788646500,5940968.0,5940971.0,5940968.0,5940971.0,0.01676325
1788647400,5670056.0,5670056.0,5670056.0,5670056.0,0.00225628
1788648300,5670056.0,5670056.0,5670056.0,5670056.0,0.0
1788649200,5670056.0,5670056.0,5670056.0,5670056.0,0.0
1788650100,5670056.0,5670056.0,5670056.0,5670056.0,0.0
1788651000,5940968.0,5940984.0,5940968.0,5940984.0,0.04938245
1788651900,5670405.0,5670405.0,5670405.0,5670405.0,0.0021293
1788652800,5940983.0,5940984.0,5940983.0,5940984.0,0.03359342
1788653700,5940984.0,5940984.0,5940984.0,5940984.0,0.0
1788654600,5940984.0,5940984.0,5940984.0,5940984.0,0.00167632
1788655500,5940984.0,5940984.0,5940984.0,5940984.0,0.0
1788656400,5940984.0,5940984.0,5940984.0,5940984.0,0.0
1788657300,5940984.0,5940984.0,5940984.0,5940984.0,0.0
1788658200,5940984.0,5940984.0,5940984.0,5940984.0,0.0
1788659100,5940984.0,5940984.0,5671032.0,5671032.0,0.20111991
1788660000,5671032.0,5671032.0,5671032.0,5671032.0,0.0
1788660900,5671032.0,5671032.0,5671032.0,5671032.0,0.0
1788661800,5940980.0,5940983.0,5940980.0,5940983.0,0.00502896
1788662700,5671038.0,5671038.0,5671038.0,5671038.0,0.00246177
1788663600,5671038.0,5671038.0,5671038.0,5671038.0,0.0
1788664500,5940978.0,5940981.0,5940978.0,5940981.0,0.00410689
1788665400,5682002.0,5682002.0,5682002.0,5682002.0,0.00177405
1788666300,5682002.0,5682002.0,5682002.0,5682002.0,0.0
1788667200,5940978.0,5940982.0,5940978.0,5940982.0,0.01843954
1788668100,5940982.0,5940984.0,5680076.0,5680076.0,0.01919427
1788669000,5680076.0,5680076.0,5680076.0,5680076.0,0.0
1788669900,5940982.0,5940984.0,5940982.0,5940984.0,0.00815807
1788670800,5940984.0,5940984.0,5940984.0,5940984.0,0.0
1788671700,5940984.0,5940984.0,5680044.0,5680044.0,0.03075278
1788672600,5940980.0,5940984.0,5940980.0,5940984.0,0.16763302
1788673500,5940984.0,5940984.0,5940984.0,5940984.0,0.0
1788674400,5940984.0,5940984.0,5940984.0,5940984.0,0.01498876
1788675300,5940984.0,5940984.0,5940984.0,5940984.0,0.00219879
1788676200,5940984.0,5940984.0,5940984.0,5940984.0,0.0
1788677100,5940984.0,5940984.0,5680108.0,5680108.0,0.02897201
1788678000,5680108.0,5680108.0,5680108.0,5680108.0,0.0
1788678900,5940982.0,5940984.0,5940982.0,5940984.0,0.00774097
1788679800,5940984.0,5940984.0,5940984.0,5940984.0,0.0
1788680700,5691377.0,5691377.0,5691377.0,5691377.0,0.00774097
1788681600,5691377.0,5691377.0,5691377.0,5691377.0,0.0
1788682500,5691599.0,5940983.0,5691377.0,5691378.0,0.03351397
1788683400,5700002.0,5700002.0,5700002.0,5700002.0,0.00182963
1788684300,5940980.0,5940983.0,5940980.0,5940983.0,0.00712542
1788685200,5940983.0,5940984.0,5750000.0,5940983.0,0.00740861
1788686100,5940983.0,5940983.0,5940983.0,5940983.0,0.0
1788687000,5940983.0,5940983.0,5940983.0,5940983.0,0.0
1788687900,5750000.0,5750000.0,5691000.0,5691000.0,0.1919086
1788688800,5691000.0,5691000.0,5691000.0,5691000.0,0.0
1788689700,5691000.0,5691000.0,5691000.0,5691000.0,0.0
1788690600,5691000.0,5691000.0,5691000.0,5691000.0,0.0
1788691500,5929990.0,5929990.0,5929990.0,5929990.0,0.00595987
1788692400,5929990.0,5929990.0,5929990.0,5929990.0,0.0
1788693300,5691004.0,5691004.0,5691004.0,5691004.0,0.00329959
1788694200,5691004.0,5691004.0,5691004.0,5691004.0,0.0
1788695100,5929988.0,5929997.0,5929988.0,5929997.0,0.01108955
1788696000,5691011.0,5929994.0,5691010.0,5929994.0,0.01685634
1788696900,5929994.0,5929994.0,5929994.0,5929994.0,0.0
1788697800,5929994.0,5929994.0,5929994.0,5929994.0,0.0
1788698700,5691016.0,5691016.0,5691016.0,5691016.0,0.01700504
1788699600,5929988.0,5929988.0,5929974.0,5929977.0,0.02910717
1788700500,5929997.0,5929998.0,5929997.0,5929998.0,0.00750506
1788701400,5691065.0,5691065.0,5691065.0,5691065.0,0.00990998
1788702300,5929997.0,5930000.0,5929997.0,5930000.0,0.0841393
1788703200,5930000.0,5930000.0,5930000.0,5930000.0,0.0
1788704100,5930000.0,5930000.0,5930000.0,5930000.0,0.0
1788705000,5696212.0,5929998.0,5696212.0,5929998.0,0.00615352
1788705900,5929998.0,5929998.0,5929998.0,5929998.0,0.0
1788706800,5929998.0,5929998.0,5929998.0,5929998.0,0.0
1788707700,5929998.0,5930000.0,5929998.0,5930000.0,0.00839713
1788708600,5930000.0,5930000.0,5696300.0,5929990.0,0.11345952
1788709500,5929990.0,5929990.0,5929990.0,5929990.0,0.0
1788710400,5696304.0,5696304.0,5696304.0,5696304.0,0.00240898
1788711300,5696306.0,5696306.0,5696304.0,5696304.0,0.01549884
1788712200,5930000.0,5940984.0,5930000.0,5940984.0,0.03231078
1788713100,5940982.0,5940982.0,5940982.0,5940982.0,0.00199495
1788714000,5940984.0,5940984.0,5940981.0,5940981.0,0.02469573
1788714900,5940974.0,5940974.0,5940974.0,5940974.0,0.00583422
1788715800,5940974.0,5940974.0,5940974.0,5940974.0,0.0
1788716700,5940974.0,5940974.0,5940974.0,5940974.0,0.0
1788717600,5940974.0,5940974.0,5940974.0,5940974.0,0.0
1788718500,5940974.0,5940974.0,5940974.0,5940974.0,0.0
1788719400,5696402.0,5696402.0,5696304.0,5696304.0,0.04722695
1788720300,5696304.0,5696304.0,5696304.0,5696304.0,0.0
1788721200,5696304.0,5696304.0,5696304.0,5696304.0,0.0
1788722100,5940942.0,5940942.0,5940942.0,5940942.0,0.00167633
1788723000,5940942.0,5940942.0,5940942.0,5940942.0,0.0
1788723900,5940942.0,5940942.0,5940942.0,5940942.0,0.0
1788724800,5940942.0,5940942.0,5940942.0,5940942.0,0.0
1788725700,5940942.0,5940942.0,5940942.0,5940942.0,0.0
1788726600,5940952.0,5940952.0,5940952.0,5940952.0,0.00502899
1788727500,5940958.0,5940958.0,5940958.0,5940958.0,0.00839107
1788728400,5940958.0,5940958.0,5940958.0,5940958.0,0.0
1788729300,5940958.0,5940958.0,5940958.0,5940958.0,0.0
1788730200,5940958.0,5940958.0,5940958.0,5940958.0,0.0
1788731100,5940958.0,5940958.0,5940958.0,5940958.0,0.0
1788732000,5940958.0,5940958.0,5940958.0,5940958.0,0.0
1788732900,5940931.0,5940931.0,5696310.0,5696310.0,0.00880175
1788733800,5696310.0,5696310.0,5696310.0,5696310.0,0.0
1788734700,5696310.0,5696310.0,5696310.0,5696310.0,0.0
1788735600,5696310.0,5696310.0,5696310.0,5696310.0,0.0
1788736500,5696310.0,5696310.0,5696310.0,5696310.0,0.0
1788737400,5696310.0,5696310.0,5696310.0,5696310.0,0.0
1788738300,5696310.0,5696310.0,5696310.0,5696310.0,0.0
1788739200,5939974.0,5939974.0,5696312.0,5696312.0,0.02637453
1788740100,5696312.0,5696312.0,5696312.0,5696312.0,0.0
1788741000,5696312.0,5696312.0,5696312.0,5696312.0,0.0
1788741900,5696312.0,5696312.0,5696312.0,5696312.0,0.0
1788742800,5696312.0,5696312.0,5696312.0,5696312.0,0.0
1788743700,5696312.0,5696312.0,5696312.0,5696312.0,0.0
1788744600,5696312.0,5696312.0,5696312.0,5696312.0,0.0
1788745500,5696312.0,5696312.0,5696312.0,5696312.0,0.0
1788746400,5696312.0,5696312.0,5696312.0,5696312.0,0.0
1788747300,5696312.0,5696312.0,5696312.0,5696312.0,0.0
1788748200,5696316.0,5940934.0,5696316.0,5940934.0,0.01246334
1788749100,5940934.0,5940934.0,5940934.0,5940934.0,0.0
1788750000,5940934.0,5940934.0,5940934.0,5940934.0,0.0
1788750900,5940941.0,5940941.0,5940941.0,5940941.0,0.01676333
1788751800,5696322.0,5696322.0,5696321.0,5696321.0,0.00595987
1788752700,5696321.0,5696321.0,5696321.0,5696321.0,0.0
1788753600,5696321.0,5696321.0,5696321.0,5696321.0,0.0
1788754500,5696321.0,5696321.0,5696321.0,5696321.0,0.0
1788755400,5696321.0,5696321.0,5696321.0,5696321.0,0.0
1788756300,5940922.0,5940922.0,5940922.0,5940922.0,0.00223904
1788757200,5940922.0,5940922.0,5940922.0,5940922.0,0.0
1788758100,5940922.0,5940922.0,5940922.0,5940922.0,0.0
1788759000,5940922.0,5940922.0,5940922.0,5940922.0,0.0
1788759900,5940922.0,5940922.0,5940922.0,5940922.0,0.0
1788760800,5697002.0,5697002.0,5697000.0,5697000.0,0.16800836
1788761700,5940934.0,5940934.0,5940934.0,5940934.0,0.0020288
1788762600,5697002.0,5697002.0,5697000.0,5697000.0,0.00329167
1788763500,5697000.0,5697000.0,5697000.0,5697000.0,0.0
1788764400,5697000.0,5697000.0,5697000.0,5697000.0,0.0
1788765300,5940927.0,5940927.0,5940927.0,5940927.0,0.00198521
1788766200,5940932.0,5940932.0,5940932.0,5940932.0,0.00839834
1788767100,5940932.0,5940932.0,5940932.0,5940932.0,0.0
1788768000,5697006.0,5697006.0,5697004.0,5697004.0,0.02050754
1788768900,5940915.0,5940915.0,5940915.0,5940915.0,0.00251442
1788769800,5940936.0,5940936.0,5940936.0,5940936.0,0.005029
1788770700,5940932.0,5940932.0,5940932.0,5940932.0,0.00838168
1788771600,5697008.0,5697008.0,5697008.0,5697008.0,0.00247162
1788772500,5697008.0,5697008.0,5697008.0,5697008.0,0.0
1788773400,5697008.0,5697008.0,5697008.0,5697008.0,0.0
1788774300,5940879.0,5940879.0,5697067.0,5697067.0,0.01567139
1788775200,5697125.0,5697205.0,5697125.0,5697205.0,0.00394802
1788776100,5697205.0,5697205.0,5697205.0,5697205.0,0.0
1788777000,5697205.0,5697205.0,5697205.0,5697205.0,0.0
1788777900,5697205.0,5697205.0,5697205.0,5697205.0,0.0
1788778800,5939991.0,5939992.0,5939991.0,5939992.0,0.01801483
1788779700,5939992.0,5939992.0,5939992.0,5939992.0,0.0
1788780600,5939992.0,5939992.0,5939992.0,5939992.0,0.0
1788781500,5939992.0,5939992.0,5939992.0,5939992.0,0.0
1788782400,5939992.0,5940000.0,5939992.0,5940000.0,0.08383031
1788783300,5940000.0,5940000.0,5940000.0,5940000.0,0.0
1788784200,5940000.0,5940000.0,5940000.0,5940000.0,0.00499511
1788785100,5940000.0,5940000.0,5940000.0,5940000.0,0.0
1788786000,5698241.0,5940000.0,5698241.0,5940000.0,0.09305086
1788786900,5698379.0,5940941.0,5698379.0,5940941.0,0.05362638
1788787800,5940941.0,5940941.0,5940941.0,5940941.0,0.0
1788788700,5698515.0,5940926.0,5698514.0,5940926.0,0.03529812
1788789600,5698492.0,5698492.0,5698492.0,5698492.0,0.00223904
1788790500,5698494.0,5698494.0,5698494.0,5698494.0,0.00345919
1788791400,5940933.0,5940933.0,5698999.0,5698999.0,0.00508218
1788792300,5698999.0,5698999.0,5698999.0,5698999.0,0.0
1788793200,5940938.0,5940938.0,5940938.0,5940938.0,0.00958182
1788794100,5940938.0,5940938.0,5940938.0,5940938.0,0.0
1788795000,5940938.0,5940938.0,5940938.0,5940938.0,0.0
1788795900,5940925.0,5940926.0,5698999.0,5698999.0,0.03685467
1788796800,5698999.0,5698999.0,5698999.0,5698999.0,0.0
1788797700,5699002.0,5699002.0,5699002.0,5699002.0,0.00633168
1788798600,5699000.0,5699000.0,5699000.0,5699000.0,0.00832605
1788799500,5699000.0,5699000.0,5699000.0,5699000.0,0.0
1788800400,5940929.0,5940929.0,5699002.0,5699002.0,0.02535091
1788801300,5699002.0,5699002.0,5699002.0,5699002.0,0.0
1788802200,5940926.0,5940926.0,5699004.0,5699004.0,0.01267988
1788803100,5699004.0,5699004.0,5699004.0,5699004.0,0.0
1788804000,5699004.0,5699004.0,5699004.0,5699004.0,0.0
1788804900,5699004.0,5699004.0,5699004.0,5699004.0,0.0
1788805800,5940926.0,5940958.0,5699101.0,5699101.0,0.05169429
1788806700,5699101.0,5699101.0,5699101.0,5699101.0,0.0
1788807600,5699101.0,5699101.0,5699101.0,5699101.0,0.0
1788808500,5699101.0,5699101.0,5699101.0,5699101.0,0.0
1788809400,5699101.0,5699101.0,5699101.0,5699101.0,0.0
1788810300,5699101.0,5699101.0,5699101.0,5699101.0,0.0
1788811200,5699101.0,5699101.0,5699101.0,5699101.0,0.0
1788812100,5699101.0,5699101.0,5699101.0,5699101.0,0.0
1788813000,5699101.0,5699101.0,5699101.0,5699101.0,0.0
1788813900,5699101.0,5699101.0,5699101.0,5699101.0,0.0
1788814800,5699101.0,5699101.0,5699101.0,5699101.0,0.0
1788815700,5699101.0,5699101.0,5699101.0,5699101.0,0.0
1788816600,5699101.0,5699101.0,5699101.0,5699101.0,0.00260563
1788817500,5699101.0,5699101.0,5699101.0,5699101.0,0.0
1788818400,5699101.0,5699101.0,5699101.0,5699101.0,0.01188637
1788819300,5940951.0,5940951.0,5940951.0,5940951.0,0.00176015
1788820200,5940951.0,5940951.0,5940951.0,5940951.0,0.0
1788821100,5940951.0,5940951.0,5940951.0,5940951.0,0.0
1788822000,5940951.0,5940951.0,5940951.0,5940951.0,0.0
1788822900,5940947.0,5940947.0,5940923.0,5940923.0,0.00894066
1788823800,5940923.0,5940923.0,5940923.0,5940923.0,0.0
1788824700,5940920.0,5940920.0,5940920.0,5940920.0,0.00167633
1788825600,5699114.0,5940955.0,5699113.0,5940955.0,0.00881443
1788826500,5699113.0,5699113.0,5698492.0,5698492.0,0.942445
1788827400,5698492.0,5698492.0,5680044.0,5680044.0,1.146241
1788828300,5938997.0,5938997.0,5938997.0,5938997.0,0.00301667
1788829200,5938997.0,5938997.0,5938997.0,5938997.0,0.0
1788830100,5680045.0,5950000.0,4830736.0,5949999.0,6.9174878
1788831000,5200002.0,5200002.0,5200000.0,5200000.0,0.04418758
1788831900,5200000.0,5200000.0,5200000.0,5200000.0,0.0
1788832800,5949988.0,5949988.0,5245008.0,5245008.0,0.02357566
1788833700,5949968.0,5949974.0,5245176.0,5245188.0,0.03148592
1788834600,5245188.0,5245188.0,5245188.0,5245188.0,0.0
1788835500,5251092.0,5949976.0,5251092.0,5949976.0,0.02296494
1788836400,5949976.0,5949976.0,5949976.0,5949976.0,0.0
1788837300,5949966.0,5949969.0,5949966.0,5949969.0,0.02448499
1788838200,5949968.0,5949968.0,5949968.0,5949968.0,0.00830996
1788839100,5949968.0,5949968.0,5949968.0,5949968.0,0.0
1788840000,5949960.0,5949960.0,5949960.0,5949960.0,0.00374523
1788840900,5949960.0,5949968.0,5949960.0,5949968.0,0.00515818
1788841800,5949968.0,5949968.0,5949968.0,5949968.0,0.0
1788842700,5949968.0,5949968.0,5949968.0,5949968.0,0.0
1788843600,5949968.0,5949968.0,5949968.0,5949968.0,0.0
1788844500,5949968.0,5949968.0,5949968.0,5949968.0,0.0
1788845400,5405077.0,5944999.0,5405071.0,5944999.0,0.10733517
1788846300,5944999.0,5944999.0,5944999.0,5944999.0,0.0
1788847200,5944999.0,5944999.0,5944999.0,5944999.0,0.0
1788848100,5944999.0,5944999.0,5944999.0,5944999.0,0.0
1788849000,5405236.0,5405236.0,5405236.0,5405236.0,0.01835856
1788849900,5405236.0,5405236.0,5405236.0,5405236.0,0.0
1788850800,5947974.0,5947980.0,5947974.0,5947980.0,0.0596522
1788851700,5947975.0,5947975.0,5947975.0,5947975.0,0.04371234
1788852600,5947971.0,5947971.0,5947971.0,5947971.0,0.0419425
1788853500,5420187.0,5420187.0,5420187.0,5420187.0,0.00185639
1788854400,5420187.0,5420187.0,5420187.0,5420187.0,0.0
1788855300,5945999.0,5945999.0,5945994.0,5945994.0,0.24816553
1788856200,5945994.0,5945994.0,5945994.0,5945994.0,0.0
1788857100,5945987.0,5945996.0,5945987.0,5945996.0,0.0988047
1788858000,5945990.0,5945990.0,5945990.0,5945990.0,0.00337218
1788858900,5720290.0,5720290.0,5720290.0,5720290.0,0.00374491
1788859800,5720290.0,5720290.0,5720290.0,5720290.0,0.00628764
1788860700,5720290.0,5720290.0,5720290.0,5720290.0,0.0
1788861600,5820291.0,5820291.0,5820291.0,5820291.0,0.00343763
1788862500,5820291.0,5820291.0,5820291.0,5820291.0,0.0
1788863400,5945982.0,5945984.0,5620287.0,5620287.0,0.02024014
1788864300,5620287.0,5620287.0,5620287.0,5620287.0,0.0
1788865200,5650002.0,5650002.0,5650000.0,5650000.0,0.10367361
1788866100,5670008.0,5670008.0,5670007.0,5670007.0,0.00874296
1788867000,5670007.0,5670007.0,5670007.0,5670007.0,0.0
1788867900,5945982.0,5945982.0,5945982.0,5945982.0,0.00411773
1788868800,5945982.0,5945982.0,5945982.0,5945982.0,0.0
1788869700,5944988.0,5945982.0,5944988.0,5945982.0,0.09593015
1788870600,5945982.0,5945982.0,5945982.0,5945982.0,0.0
1788871500,5945982.0,5945982.0,5945982.0,5945982.0,0.0
1788872400,5670038.0,5945977.0,5415008.0,5945977.0,0.87218083
1788873300,5945967.0,5945976.0,5945967.0,5945976.0,0.05036129
1788874200,5945976.0,5945976.0,5945976.0,5945976.0,0.08391322
1788875100,5945972.0,5945972.0,5945972.0,5945972.0,0.03339469
1788876000,5945970.0,5945970.0,5945970.0,5945970.0,0.03501424
1788876900,5945970.0,5945970.0,5945970.0,5945970.0,0.0
1788877800,5945970.0,5945970.0,5945970.0,5945970.0,0.01013514
1788878700,5945970.0,5945974.0,5450266.0,5450298.0,0.26718681
1788879600,5945972.0,5945972.0,5945972.0,5945972.0,0.00328894
1788880500,5945972.0,5945972.0,5945972.0,5945972.0,0.0
1788881400,5945972.0,5945972.0,5945972.0,5945972.0,0.0
1788882300,5500175.0,5500176.0,5500175.0,5500176.0,0.01900099
1788883200,5945950.0,5945967.0,5945950.0,5945966.0,0.08593812
1788884100,5945966.0,5945966.0,5945966.0,5945966.0,0.0
1788885000,5945966.0,5945967.0,5945966.0,5945967.0,0.01332348
1788885900,5515050.0,5515050.0,5515050.0,5515050.0,0.00182271
1788886800,5515050.0,5515050.0,5515050.0,5515050.0,0.0
1788887700,5515050.0,5515050.0,5515050.0,5515050.0,0.0
1788888600,5945958.0,5945962.0,5945958.0,5945962.0,0.00975401
1788889500,5515430.0,5515430.0,5515430.0,5515430.0,0.01638452
1788890400,5515430.0,5515430.0,5515430.0,5515430.0,0.0
1788891300,5515430.0,5515430.0,5515430.0,5515430.0,0.0
1788892200,5515430.0,5515430.0,5515430.0,5515430.0,0.0
1788893100,5515430.0,5515430.0,5515430.0,5515430.0,0.0
1788894000,5944996.0,5944996.0,5944996.0,5944996.0,0.00820841
1788894900,5944996.0,5944996.0,5944996.0,5944996.0,0.0
1788895800,5944996.0,5944996.0,5944996.0,5944996.0,0.00499142
1788896700,5944996.0,5944996.0,5944996.0,5944996.0,0.0
1788897600,5944996.0,5944996.0,5944996.0,5944996.0,0.0
1788898500,5944996.0,5944996.0,5944996.0,5944996.0,0.0
1788899400,5944996.0,5944996.0,5944996.0,5944996.0,0.0
1788900300,5944996.0,5944996.0,5944996.0,5944996.0,0.0
1788901200,5944996.0,5944996.0,5944996.0,5944996.0,0.0
1788902100,5566767.0,5566767.0,5566767.0,5566767.0,0.00463167
1788903000,5944992.0,5944995.0,5944992.0,5944995.0,0.00713978
1788903900,5599064.0,5599064.0,5599064.0,5599064.0,0.02674107
1788904800,5599064.0,5599064.0,5599064.0,5599064.0,0.14925416
1788905700,5599064.0,5599064.0,5599064.0,5599064.0,0.0
1788906600,5600002.0,5600002.0,5600001.0,5600001.0,0.00868368
1788907500,5600001.0,5600001.0,5600001.0,5600001.0,0.0
1788908400,5944991.0,5944991.0,5944991.0,5944991.0,0.00349857
1788909300,5944991.0,5944991.0,5944991.0,5944991.0,0.0
1788910200,5944991.0,5944991.0,5944991.0,5944991.0,0.0
1788911100,5944991.0,5944991.0,5944991.0,5944991.0,0.0
1788912000,5944940.0,5944990.0,5944939.0,5944990.0,0.05513475
1788912900,5944988.0,5944988.0,5944988.0,5944988.0,0.04228773
1788913800,5944988.0,5944988.0,5944988.0,5944988.0,0.00232161
1788914700,5944988.0,5944988.0,5944988.0,5944988.0,0.0
1788915600,5600030.0,5600030.0,5600030.0,5600030.0,0.01678259
1788916500,5600030.0,5600030.0,5600030.0,5600030.0,0.0
1788917400,5600030.0,5600030.0,5600030.0,5600030.0,0.0
1788918300,5600030.0,5600030.0,5600030.0,5600030.0,0.0
1788919200,5600030.0,5600030.0,5600030.0,5600030.0,0.0
1788920100,5944986.0,5944986.0,5944986.0,5944986.0,0.005054
1788921000,5660029.0,5944988.0,5660029.0,5944987.0,0.02806212
1788921900,5944987.0,5944987.0,5700002.0,5700002.0,0.00415475
1788922800,5700002.0,5919982.0,5650002.0,5919982.0,0.6375533
1788923700,5899998.0,5899998.0,5899998.0,5899998.0,0.00168796
1788924600,5899998.0,5899998.0,5899998.0,5899998.0,0.00443101
1788925500,5899998.0,5899998.0,5899998.0,5899998.0,0.0
1788926400,5899998.0,5899998.0,5899998.0,5899998.0,0.0
1788927300,5899998.0,5899998.0,5899998.0,5899998.0,0.0
1788928200,5899998.0,5899998.0,5899998.0,5899998.0,0.0
1788929100,5899998.0,5899998.0,5899998.0,5899998.0,0.0
1788930000,5899998.0,5899998.0,5899998.0,5899998.0,0.01908624
1788930900,5899998.0,5899998.0,5899998.0,5899998.0,0.00848952
1788931800,5899998.0,5899998.0,5899998.0,5899998.0,0.0
1788932700,5899998.0,5899998.0,5650004.0,5650004.0,0.0162813
1788933600,5650004.0,5650004.0,5650004.0,5650004.0,0.0
1788934500,5650004.0,5650004.0,5650004.0,5650004.0,0.0
1788935400,5650004.0,5650004.0,5650004.0,5650004.0,0.0
1788936300,5650075.0,5650075.0,5650075.0,5650075.0,0.00869466
1788937200,5650075.0,5650075.0,5650075.0,5650075.0,0.0
1788938100,5650075.0,5650075.0,5650075.0,5650075.0,0.0
1788939000,5650004.0,5944988.0,5600005.0,5600005.0,0.53566593
1788939900,5944985.0,5944985.0,5600005.0,5600005.0,0.0860312
1788940800,5944983.0,5944984.0,5944983.0,5944984.0,0.08320039
1788941700,5610002.0,5610002.0,5610002.0,5610002.0,0.00975401
1788942600,5675000.0,5675000.0,5675000.0,5675000.0,0.89749
1788943500,5675000.0,5675000.0,5600000.0,5600000.0,0.43226413
1788944400,5600000.0,5600000.0,5600000.0,5600000.0,0.0
1788945300,5600000.0,5600000.0,5600000.0,5600000.0,0.00168987
1788946200,5884999.0,5884999.0,5884999.0,5884999.0,0.00338453
1788947100,5824968.0,5824968.0,5824968.0,5824968.0,0.00501067
1788948000,5824968.0,5824968.0,5824968.0,5824968.0,0.0
1788948900,5824968.0,5824968.0,5824968.0,5824968.0,0.0
1788949800,5566050.0,5566050.0,5566050.0,5566050.0,0.00520854
1788950700,5820957.0,5820957.0,5820937.0,5820937.0,0.00566196
1788951600,5820953.0,5820953.0,5820953.0,5820953.0,0.00430633
1788952500,5820953.0,5820953.0,5820953.0,5820953.0,0.0
1788953400,5566050.0,5566050.0,5566050.0,5566050.0,0.03047743
