ts,open,high,low,close,volume
1776240000,5701353.0,5701353.0,5701353.0,5701353.0,0.00875137
1776243600,5701353.0,5701353.0,5701353.0,5701353.0,0.0
1776247200,5701353.0,5701353.0,5701353.0,5701353.0,0.0
1776250800,5701353.0,5701353.0,5701353.0,5701353.0,0.0
1776254400,5701353.0,5701353.0,5701353.0,5701353.0,0.0
1776258000,5701353.0,5701353.0,5701353.0,5701353.0,0.0
1776261600,5701353.0,5701353.0,5701353.0,5701353.0,0.0
1776265200,5701353.0,5701353.0,5701353.0,5701353.0,0.0
1776268800,5701353.0,5701353.0,5701353.0,5701353.0,0.0
1776272400,5701353.0,5701353.0,5701353.0,5701353.0,0.0
1776276000,5701353.0,5701353.0,5701353.0,5701353.0,0.0
1776279600,5701353.0,5701353.0,5701353.0,5701353.0,0.0
1776283200,5701353.0,5701353.0,5701353.0,5701353.0,0.0
1776286800,5701353.0,5701353.0,5701353.0,5701353.0,0.0
1776290400,5701353.0,5701353.0,5701353.0,5701353.0,0.0
1776294000,5701353.0,5701353.0,5701353.0,5701353.0,0.0
1776297600,5701353.0,5701353.0,5701353.0,5701353.0,0.0
1776301200,5701353.0,5701353.0,5701353.0,5701353.0,0.0
1776304800,5701353.0,5701353.0,5701353.0,5701353.0,0.0
1776308400,5701353.0,5701353.0,5701353.0,5701353.0,0.0
1776312000,5701353.0,5701353.0,5701353.0,5701353.0,0.0
1776315600,5701353.0,5701353.0,5701353.0,5701353.0,0.0
1776319200,5701353.0,5701353.0,5701353.0,5701353.0,0.0
1776322800,5905518.0,8899996.0,5200000.0,5883785.0,1.93711014
1776326400,5879541.0,5879541.0,5800000.0,5865327.0,0.21620617
1776330000,5877945.0,8111111.0,5800000.0,5861382.0,2.5651164
1776333600,5854710.0,5854754.0,5844266.0,5844266.0,0.41240391
1776337200,5838874.0,5842854.0,5800000.0,5800000.0,0.36073997
1776340800,5800000.0,5900000.0,5800000.0,5832231.0,0.6905833
1776344400,5878128.0,5900000.0,5800004.0,5860179.0,0.46798065
1776348000,5864673.0,6000000.0,5800000.0,5800000.0,1.95653671
1776351600,5859046.0,5860761.0,5800000.0,5860686.0,0.1909581
1776355200,5865764.0,5874000.0,5800000.0,5800000.0,0.46416698
1776358800,5800000.0,5800000.0,5800000.0,5800000.0,0.0
1776362400,5800000.0,5835814.0,5800000.0,5835814.0,0.00440729
1776366000,5836946.0,5839220.0,5836946.0,5838265.0,0.01283867
1776369600,5838265.0,5838265.0,5838265.0,5838265.0,0.0
1776373200,5835902.0,5846306.0,5704889.0,5846306.0,0.3475247
1776376800,5704531.0,5831553.0,5704531.0,5830116.0,0.0208016
1776380400,5830045.0,5841144.0,5713903.0,5841144.0,0.4260127
1776384000,5712795.0,5712795.0,5712795.0,5712795.0,0.01733401
1776387600,5712790.0,5712790.0,5709670.0,5712181.0,0.51103039
1776391200,5841000.0,6000000.0,5841000.0,5843691.0,0.0563314
1776394800,5843467.0,5844005.0,5716954.0,5716954.0,0.09628951
1776398400,5999997.0,5999998.0,5716954.0,5850528.0,1.10595484
1776402000,5722379.0,5839827.0,5716954.0,5718585.0,0.22544526
1776405600,5839827.0,5852457.0,5722887.0,5851181.0,0.04309369
1776409200,5852023.0,5857057.0,5728052.0,5846646.0,0.16430663
1776412800,5863372.0,5865759.0,5736414.0,5865759.0,0.22563896
1776416400,5738793.0,5878427.0,5738793.0,5859548.0,0.03653661
1776420000,5739795.0,5868577.0,5739795.0,5750000.0,0.15608538
1776423600,5750000.0,5870423.0,5750000.0,5870423.0,0.00512584
1776427200,5861451.0,6000000.0,5750000.0,5860534.0,0.09702645
1776430800,5867916.0,5879290.0,5754313.0,5770000.0,0.10926345
1776434400,5843945.0,5843945.0,5770005.0,5770006.0,0.24610265
1776438000,6000000.0,6000000.0,5728286.0,5855347.0,4.83204535
1776441600,5854835.0,5854925.0,5745539.0,5745539.0,0.29461777
1776445200,5854925.0,5854925.0,5757008.0,5757008.0,0.0114209
1776448800,5854925.0,5854925.0,5854925.0,5854925.0,0.02866081
1776452400,5798690.0,5854928.0,5796393.0,5854928.0,0.02891188
1776456000,5790513.0,5790513.0,5790513.0,5790513.0,0.01587668
1776459600,5854928.0,5854936.0,5810280.0,5810280.0,0.22086372
1776463200,5870132.0,5870132.0,5870132.0,5870132.0,0.00594636
1776466800,5804672.0,5931981.0,5804672.0,5929190.0,0.04201553
1776470400,5800084.0,5923319.0,5800084.0,5923319.0,0.00998708
1776474000,5915796.0,5915796.0,5800084.0,5915438.0,0.03373549
1776477600,5914901.0,5914901.0,5800100.0,5800100.0,0.07822649
1776481200,5904475.0,5904475.0,5903874.0,5903874.0,0.03145307
1776484800,5800084.0,5902828.0,5800084.0,5800084.0,0.06500145
1776488400,5902000.0,5902341.0,5800086.0,5901000.0,0.04584472
1776492000,5800089.0,5900000.0,5800085.0,5900000.0,0.02672264
1776495600,5900000.0,5900362.0,5800084.0,5899499.0,0.25698688
1776499200,5800099.0,5898000.0,5800084.0,5879899.0,0.16909009
1776502800,5898000.0,5916033.0,5898000.0,5914629.0,2.103042
1776506400,5914000.0,5914000.0,5801993.0,5801993.0,0.0060256
1776510000,5914000.0,5914000.0,5801993.0,5900248.0,0.08193102
1776513600,5900144.0,5900144.0,5801993.0,5899000.0,0.11380605
1776517200,5898892.0,5898892.0,5770344.0,5886048.0,2.272195
1776520800,5886048.0,5903501.0,5803904.0,5803904.0,0.3014417
1776524400,5914000.0,5916550.0,5914000.0,5916550.0,0.29985794
1776528000,5803904.0,5893247.0,5803904.0,5803904.0,0.06271503
1776531600,5803904.0,5883199.0,5803904.0,5883199.0,0.01118652
1776535200,5883199.0,5883199.0,5873123.0,5873123.0,0.01280478
1776538800,5873123.0,5873123.0,5873123.0,5873123.0,0.0
1776542400,5892198.0,5892198.0,5892198.0,5892198.0,0.02288025
1776546000,5877118.0,5877118.0,5803904.0,5803904.0,0.0102024
1776549600,5870517.0,5870517.0,5803904.0,5803904.0,0.01679151
1776553200,5865001.0,5899530.0,5803994.0,5803994.0,3.40426486
1776556800,5890284.0,5890284.0,5890284.0,5890284.0,0.01271482
1776560400,5803995.0,5803999.0,5803995.0,5803999.0,0.04094743
1776564000,5886851.0,5886851.0,5885987.0,5885987.0,0.00338371
1776567600,5804009.0,5876772.0,5727860.0,5727860.0,0.36612345
1776571200,5850403.0,5850403.0,5729859.0,5729859.0,0.05108256
1776574800,5850403.0,5880420.0,5729859.0,5736696.0,0.34469337
1776578400,5737696.0,5737696.0,5737696.0,5737696.0,0.0344095
1776582000,5744003.0,5744003.0,5742815.0,5742815.0,0.05300882
1776585600,5744003.0,5744100.0,5744003.0,5744100.0,0.01561212
1776589200,5863437.0,5863437.0,5729859.0,5729859.0,0.00851371
1776592800,5863437.0,5863437.0,5301201.0,5301201.0,1.50236049
1776596400,5854361.0,5854361.0,5745703.0,5854272.0,0.12066221
1776600000,5854272.0,5854272.0,5854272.0,5854272.0,0.0
1776603600,5850272.0,5850272.0,5850200.0,5850272.0,0.18409728
1776607200,5769997.0,5769997.0,5757769.0,5757769.0,0.09307687
1776610800,5769507.0,5769507.0,5769507.0,5769507.0,0.001748
1776614400,5769907.0,5769907.0,5769907.0,5769907.0,0.00506801
1776618000,5769907.0,5850002.0,5769907.0,5850002.0,0.05409589
1776621600,5770000.0,5863434.0,5769999.0,5863433.0,0.17020486
1776625200,5863399.0,5863400.0,5863399.0,5863400.0,0.01312805
1776628800,5769999.0,5769999.0,5731258.0,5731258.0,0.30379863
1776632400,5345533.0,5345533.0,5345533.0,5345533.0,0.00438364
1776636000,5863434.0,5863434.0,5863434.0,5863434.0,0.00169849
1776639600,5749975.0,5863433.0,5749975.0,5749975.0,0.05690881
1776643200,5744746.0,5850080.0,5744530.0,5850080.0,0.02038471
1776646800,5850080.0,5850080.0,5850080.0,5850080.0,0.0
1776650400,5749998.0,5749998.0,5749998.0,5749998.0,0.00252929
1776654000,5850080.0,5866785.0,5769934.0,5845746.0,0.35328047
1776657600,5769934.0,5769934.0,5759907.0,5759907.0,0.01139979
1776661200,5761698.0,5854851.0,5761698.0,5769992.0,0.35456926
1776664800,5854594.0,5854594.0,5854594.0,5854594.0,0.00340211
1776668400,5854600.0,5854600.0,5854600.0,5854600.0,0.00323198
1776672000,5854600.0,5854600.0,5769992.0,5769992.0,0.09414584
1776675600,5769995.0,5769995.0,5769995.0,5769995.0,0.03281015
1776679200,5854600.0,5854600.0,5850094.0,5850094.0,0.01517669
1776682800,5850094.0,5850094.0,5850094.0,5850094.0,0.0
1776686400,5850000.0,5850000.0,5769993.0,5850000.0,0.08022903
1776690000,5850000.0,5850000.0,5845000.0,5845000.0,0.02698071
1776693600,5845000.0,5845000.0,5779990.0,5779990.0,0.0254247
1776697200,5841231.0,5841231.0,5779990.0,5779990.0,0.02961675
1776700800,5779990.0,5779990.0,5779990.0,5779990.0,0.0
1776704400,5779990.0,5850000.0,5779990.0,5850000.0,0.10826075
1776708000,5850000.0,5850000.0,5779990.0,5779990.0,0.00590123
1776711600,5779990.0,5779990.0,5779990.0,5779990.0,0.0
1776715200,5779990.0,5779990.0,5779990.0,5779990.0,0.0
1776718800,5850000.0,5850094.0,5850000.0,5850094.0,0.03404772
1776722400,5850094.0,5855732.0,5850094.0,5855732.0,0.01871364
1776726000,5855732.0,5855732.0,5855732.0,5855732.0,0.0
1776729600,5854177.0,5854177.0,5779991.0,5779991.0,0.0958443
1776733200,5779991.0,5779991.0,5779991.0,5779991.0,0.0
1776736800,5853950.0,5853950.0,5779992.0,5779992.0,0.00727773
1776740400,5853950.0,5861326.0,5853950.0,5861326.0,0.05052504
1776744000,5870001.0,5870001.0,5800015.0,5800015.0,0.01120735
1776747600,5855562.0,5872862.0,5850000.0,5872862.0,0.20452772
1776751200,5779995.0,5779995.0,5779995.0,5779995.0,0.00246611
1776754800,5779995.0,5779995.0,5779995.0,5779995.0,0.00759731
1776758400,5779995.0,5860001.0,5779994.0,5860001.0,0.02790599
1776762000,5779995.0,5779995.0,5779995.0,5779995.0,0.00822375
1776765600,5860001.0,5860001.0,5779995.0,5779995.0,0.01059896
1776769200,5779995.0,5867122.0,5779992.0,5860743.0,0.09191361
1776772800,5852591.0,5852591.0,5852591.0,5852591.0,0.00259799
1776776400,5779992.0,5779992.0,5779992.0,5779992.0,0.0095349
1776780000,5779992.0,5779992.0,5779992.0,5779992.0,0.0
1776783600,5779992.0,5779992.0,5779992.0,5779992.0,0.0
1776787200,5840320.0,5840320.0,5840320.0,5840320.0,0.00427151
1776790800,5798091.0,5798091.0,5798091.0,5798091.0,0.01343459
1776794400,5798091.0,5798091.0,5798091.0,5798091.0,0.0
1776798000,5781300.0,5781300.0,5779000.0,5779000.0,0.27398004
1776801600,5779000.0,5779000.0,5779000.0,5779000.0,0.0
1776805200,5779000.0,5779000.0,5779000.0,5779000.0,0.0
1776808800,5801768.0,5801768.0,5801768.0,5801768.0,0.00257473
1776812400,5801768.0,5801768.0,5801768.0,5801768.0,0.0
1776816000,5801768.0,5801768.0,5801768.0,5801768.0,0.0
1776819600,5817929.0,5818187.0,5500010.0,5500010.0,0.05561183
1776823200,5818033.0,5840736.0,5818033.0,5840736.0,0.05621816
1776826800,5841810.0,5841810.0,5841810.0,5841810.0,0.00235474
1776830400,5744662.0,5744662.0,5743042.0,5743042.0,0.05076516
1776834000,5830375.0,5830375.0,5742368.0,5742368.0,0.00747196
1776837600,5810465.0,5829222.0,5810465.0,5829222.0,0.17117643
1776841200,5713786.0,5713786.0,5713786.0,5713786.0,0.00494039
1776844800,5738959.0,5825862.0,5727840.0,5825862.0,0.04193307
1776848400,5826004.0,5826004.0,5746186.0,5746186.0,0.00510785
1776852000,5746039.0,5746039.0,5746039.0,5746039.0,0.11825016
1776855600,5826803.0,5826803.0,5826803.0,5826803.0,0.00232271
1776859200,5769617.0,5826803.0,5769617.0,5826803.0,0.01452363
1776862800,5826803.0,5848743.0,5782095.0,5848743.0,0.0768163
1776866400,5876803.0,5898595.0,5748978.0,5898595.0,0.8928353
1776870000,5796216.0,5895097.0,5785408.0,5785408.0,0.34894583
1776873600,5744885.0,5800000.0,5600001.0,5797586.0,1.23989345
1776877200,5797586.0,5797586.0,5797586.0,5797586.0,0.0
1776880800,5884902.0,5884902.0,5884902.0,5884902.0,0.01000458
1776884400,5884902.0,5884902.0,5884902.0,5884902.0,0.0
1776888000,5806605.0,5884902.0,5806605.0,5884902.0,0.00385839
1776891600,5884902.0,5884902.0,5804319.0,5804319.0,0.00509108
1776895200,5884902.0,5900000.0,5884902.0,5900000.0,0.12262226
1776898800,5900000.0,5900000.0,5900000.0,5900000.0,0.0
1776902400,5881806.0,5888595.0,5881806.0,5888595.0,0.00407629
1776906000,5888595.0,5888595.0,5888595.0,5888595.0,0.00338264
1776909600,5888594.0,5888594.0,5808273.0,5808273.0,0.02362429
1776913200,5880772.0,5880772.0,5808273.0,5808273.0,0.0493923
1776916800,5808273.0,5883526.0,5784494.0,5798918.0,0.27206357
1776920400,5780781.0,5780781.0,5780781.0,5780781.0,0.17117643
1776924000,5780781.0,5780781.0,5780781.0,5780781.0,0.0
1776927600,5809165.0,5882592.0,5795636.0,5795636.0,0.03030511
1776931200,5798290.0,5798290.0,5798290.0,5798290.0,0.02968816
1776934800,5882592.0,5897555.0,5882592.0,5897555.0,0.99574285
1776938400,5893880.0,5899033.0,5799462.0,5899033.0,0.18141537
1776942000,5899033.0,5916168.0,5810380.0,5810380.0,0.17309955
1776945600,5909893.0,5909893.0,5824198.0,5824198.0,0.00815196
1776949200,5909893.0,5913381.0,5909893.0,5913381.0,0.01684968
1776952800,5942890.0,5956901.0,5942890.0,5956901.0,0.02333602
1776956400,6000000.0,6000000.0,5880661.0,5880661.0,0.01122879
1776960000,5845592.0,5845592.0,5845592.0,5845592.0,0.0035787
1776963600,5845592.0,5916029.0,5827509.0,5916029.0,0.02113005
1776967200,5864387.0,5864387.0,5864387.0,5864387.0,0.00183656
1776970800,5848604.0,5947895.0,5848473.0,5856062.0,0.09558203
1776974400,5856062.0,5856062.0,5856062.0,5856062.0,0.0
1776978000,5944255.0,5944255.0,5944255.0,5944255.0,0.08377029
1776981600,5947895.0,5953454.0,5947895.0,5953454.0,0.04182674
1776985200,5953454.0,5953454.0,5953454.0,5953454.0,0.0
1776988800,5946789.0,5953371.0,5946789.0,5953371.0,0.00362239
1776992400,5950823.0,5950823.0,5950823.0,5950823.0,0.00830943
1776996000,5953300.0,5953300.0,5856517.0,5953300.0,0.0317944
1776999600,5953300.0,6000000.0,5856062.0,5856062.0,0.03810186
1777003200,6000000.0,6000000.0,6000000.0,6000000.0,0.00893182
1777006800,5856062.0,5934702.0,5834477.0,5934702.0,0.03758938
1777010400,5934702.0,5934702.0,5934702.0,5934702.0,0.0
1777014000,5908490.0,5908490.0,5827509.0,5827509.0,0.00487196
1777017600,5827509.0,5827509.0,5827509.0,5827509.0,0.0
1777021200,5827509.0,5827509.0,5827509.0,5827509.0,0.0
1777024800,5827509.0,5827509.0,5827509.0,5827509.0,0.0
1777028400,5827509.0,5827509.0,5827509.0,5827509.0,0.0
1777032000,5851724.0,5851724.0,5851724.0,5851724.0,0.00246566
1777035600,5915576.0,5915576.0,5844315.0,5915576.0,0.01129389
1777039200,5844314.0,5915583.0,5827509.0,5827509.0,0.03009247
1777042800,5888501.0,5888501.0,5827509.0,5827509.0,0.0228618
1777046400,5915583.0,5932439.0,5905735.0,5905735.0,0.02147114
1777050000,5905735.0,5905735.0,5905735.0,5905735.0,0.01519312
1777053600,5894104.0,5905439.0,5894104.0,5905439.0,0.00367573
1777057200,5905439.0,5905439.0,5905439.0,5905439.0,0.0
1777060800,5905439.0,5905439.0,5905439.0,5905439.0,0.0
1777064400,5932439.0,6000000.0,5932439.0,6000000.0,0.01658032
1777068000,5903543.0,5903543.0,5903543.0,5903543.0,0.01175732
1777071600,5903543.0,5903543.0,5903543.0,5903543.0,0.0
1777075200,6000000.0,6000000.0,5996061.0,5996061.0,0.06999753
1777078800,5996060.0,5997457.0,5996060.0,5996061.0,0.19968758
1777082400,5910405.0,5987324.0,5896509.0,5987324.0,0.03821459
1777086000,5896509.0,5896509.0,5827509.0,5895136.0,0.02140411
1777089600,5895136.0,5895136.0,5895136.0,5895136.0,0.0
1777093200,5974247.0,5974247.0,5974247.0,5974247.0,0.00451538
1777096800,5884499.0,5974247.0,5884499.0,5974247.0,0.02145692
1777100400,5974247.0,5974247.0,5974247.0,5974247.0,0.0
1777104000,5870344.0,5897881.0,5870344.0,5897881.0,0.00941508
1777107600,5897881.0,5987324.0,5897881.0,5987324.0,0.0532556
1777111200,5902685.0,5902685.0,5902685.0,5902685.0,0.00528725
1777114800,5999995.0,6002692.0,5901655.0,6002692.0,0.12485944
1777118400,5901655.0,6999998.0,5901655.0,6002000.0,0.27482781
1777122000,6001999.0,6001999.0,6001999.0,6001999.0,0.03394735
1777125600,6001999.0,6001999.0,6001999.0,6001999.0,0.02214777
1777129200,5901655.0,6002692.0,5901655.0,6002692.0,0.13315853
1777132800,6006356.0,6006356.0,5905258.0,6002692.0,0.12797289
1777136400,5988906.0,6008101.0,5988906.0,6008101.0,0.01122038
1777140000,5905200.0,5905200.0,5905200.0,5905200.0,0.00353518
1777143600,5905200.0,5905200.0,5905200.0,5905200.0,0.0
1777147200,5905200.0,5905200.0,5905200.0,5905200.0,0.0
1777150800,5905200.0,5905200.0,5905200.0,5905200.0,0.0
1777154400,5905200.0,5905200.0,5905200.0,5905200.0,0.0
1777158000,5905200.0,6005000.0,5905200.0,6005000.0,0.04712886
1777161600,6004995.0,6004995.0,5991000.0,5991000.0,0.04202825
1777165200,5991000.0,5991000.0,5905205.0,5905205.0,0.01555041
1777168800,5905650.0,5905650.0,5905650.0,5905650.0,0.0123508
1777172400,5906459.0,5906459.0,5905650.0,5905650.0,0.03565411
1777176000,5990986.0,5990986.0,5990986.0,5990986.0,0.00740913
1777179600,5990198.0,5990198.0,5990198.0,5990198.0,0.00166254
1777183200,5905650.0,5990198.0,5905650.0,5990198.0,0.02248899
1777186800,5990198.0,5990200.0,5905650.0,5990200.0,0.02161281
1777190400,5990200.0,5990200.0,5990200.0,5990200.0,0.0049424
1777194000,5905650.0,5990986.0,5905650.0,5905650.0,0.26843103
1777197600,5990986.0,5990986.0,5905650.0,5905650.0,0.07016192
1777201200,5905650.0,5905650.0,5905650.0,5905650.0,0.0
1777204800,5905650.0,5905650.0,5905650.0,5905650.0,0.0
1777208400,5905651.0,5905651.0,5884842.0,5884842.0,0.70226294
1777212000,5916238.0,5916238.0,5916238.0,5916238.0,0.01823922
1777215600,5990020.0,5990020.0,5950000.0,5950000.0,0.00498751
1777219200,5950000.0,5950000.0,5950000.0,5950000.0,0.0
1777222800,5990019.0,5990019.0,5990019.0,5990019.0,0.00588679
1777226400,5950000.0,5950000.0,5950000.0,5950000.0,0.002961
1777230000,5950000.0,5950000.0,5950000.0,5950000.0,0.0
1777233600,5950000.0,5950000.0,5950000.0,5950000.0,0.0
1777237200,5950000.0,6004994.0,5950000.0,6004994.0,0.03084725
1777240800,6004994.0,6004994.0,6004994.0,6004994.0,0.0
1777244400,6004994.0,6004994.0,6004994.0,6004994.0,0.0
1777248000,6004994.0,6004994.0,6004994.0,6004994.0,0.0
1777251600,6004994.0,6004994.0,6004994.0,6004994.0,0.0
1777255200,6004994.0,6004994.0,6004994.0,6004994.0,0.0
1777258800,5950000.0,5950000.0,5920108.0,5920108.0,0.01738186
1777262400,6004995.0,6022747.0,6004995.0,6017645.0,0.17348062
1777266000,5909923.0,6005595.0,5600000.0,6005595.0,1.22948955
1777269600,5908272.0,5908272.0,5908272.0,5908272.0,0.00762232
1777273200,5987649.0,5987649.0,5903496.0,5903496.0,0.00407287
1777276800,5987649.0,5999965.0,5987649.0,5999965.0,0.03441365
1777280400,5999200.0,5999200.0,5999200.0,5999200.0,0.00169589
1777284000,5999200.0,5999200.0,5999200.0,5999200.0,0.00711961
1777287600,5999200.0,5999200.0,5600502.0,5600502.0,0.02415653
1777291200,5999198.0,6020827.0,5999198.0,6020827.0,0.18408565
1777294800,6028815.0,6028815.0,5611030.0,5613051.0,0.22240708
1777298400,5613292.0,6019764.0,5613292.0,6019762.0,0.04124459
1777302000,6019762.0,6019762.0,6019762.0,6019762.0,0.0
1777305600,6019762.0,6019762.0,6019762.0,6019762.0,0.03807807
1777309200,6019762.0,6019762.0,6019762.0,6019762.0,0.0
1777312800,6019761.0,6019761.0,6019761.0,6019761.0,0.00254744
1777316400,6019761.0,6019761.0,6019761.0,6019761.0,0.0028124
1777320000,6019761.0,6899000.0,6019761.0,6899000.0,0.07867876
1777323600,5651538.0,6121154.0,5651019.0,6121113.0,1.64067426
1777327200,5659120.0,6125938.0,5659075.0,6119994.0,0.15343015
1777330800,6126368.0,6126368.0,6126368.0,6126368.0,0.00162592
1777334400,6144512.0,6144512.0,6144045.0,6144045.0,0.01587879
1777338000,6143224.0,6143224.0,6139987.0,6139987.0,0.10866084
1777341600,6139969.0,6139969.0,5710130.0,5710166.0,0.01625676
1777345200,5715166.0,6009980.0,5715166.0,6009980.0,0.01877713
1777348800,6009978.0,6009980.0,5715846.0,5715846.0,0.03657683
1777352400,6100274.0,6100274.0,5717186.0,6100162.0,0.00890046
1777356000,6000050.0,6000050.0,6000050.0,6000050.0,0.00995891
1777359600,6000050.0,6000054.0,5718804.0,6000054.0,0.094165
1777363200,6118482.0,6150111.0,5720106.0,5720380.0,0.10846284
1777366800,6134300.0,6134300.0,5725218.0,6117326.0,0.03972844
1777370400,6114228.0,6114228.0,5800068.0,5800315.0,0.00648195
1777374000,6111324.0,6111324.0,5800760.0,5800760.0,0.01047852
1777377600,6085494.0,6899000.0,6073525.0,6899000.0,0.8609305
1777381200,6072364.0,6082369.0,5901568.0,6082369.0,0.45443742
1777384800,6126981.0,6129282.0,6044229.0,6129278.0,0.05775206
1777388400,6038254.0,6899000.0,6021678.0,6125334.0,0.49580216
1777392000,6102124.0,6102124.0,6014900.0,6014900.0,0.01089121
1777395600,6014900.0,6014900.0,6014900.0,6014900.0,0.0
1777399200,6014900.0,6014900.0,6014900.0,6014900.0,0.0
1777402800,6899000.0,6899000.0,6013395.0,6013395.0,0.81581071
1777406400,6013395.0,6013395.0,6013395.0,6013395.0,0.0
1777410000,6013395.0,6013395.0,6013395.0,6013395.0,0.0
1777413600,6013395.0,6013395.0,6013395.0,6013395.0,0.0
1777417200,6898994.0,6899000.0,6013395.0,6116314.0,0.81635279
1777420800,6116314.0,6116314.0,6116314.0,6116314.0,0.0
1777424400,6122746.0,6122746.0,6121933.0,6121933.0,0.07613445
1777428000,6038177.0,6159499.0,6038177.0,6159499.0,0.12143956
1777431600,6165158.0,6898997.0,6058352.0,6168503.0,0.0694916
1777435200,6169001.0,6169001.0,6169001.0,6169001.0,0.00195104
1777438800,6898000.0,6898000.0,6169097.0,6169097.0,0.24705289
1777442400,6165125.0,6168410.0,6100000.0,6100000.0,0.18653778
1777446000,6100000.0,6849994.0,6100000.0,6100000.0,0.03187432
1777449600,6069135.0,6165588.0,6069135.0,6150151.0,0.12560218
1777453200,6138580.0,6138580.0,6069135.0,6133404.0,0.04402377
1777456800,6069136.0,6824697.0,6069135.0,6824697.0,0.14697478
1777460400,6070150.0,6121260.0,6070150.0,6121260.0,0.21489411
1777464000,6136443.0,6136443.0,6136443.0,6136443.0,0.00175753
1777467600,6200000.0,6200000.0,6072900.0,6181894.0,0.01524273
1777471200,6195020.0,6195020.0,6122164.0,6122164.0,0.05221313
1777474800,6195000.0,6195210.0,6091051.0,6091051.0,0.00808683
1777478400,6164655.0,6164655.0,6164655.0,6164655.0,0.01989389
1777482000,6139041.0,6139041.0,6139041.0,6139041.0,0.00373136
1777485600,6168806.0,6168806.0,6168806.0,6168806.0,0.009253
1777489200,6168806.0,6168806.0,6168806.0,6168806.0,0.0
1777492800,6168806.0,6439326.0,6168806.0,6439326.0,0.37098825
1777496400,6547135.0,6547135.0,6547135.0,6547135.0,0.02661973
1777500000,6430481.0,6532893.0,6424110.0,6532893.0,2.43695895
1777503600,6424435.0,6424440.0,6100901.0,6100955.0,0.02173867
1777507200,6109994.0,6109994.0,6109994.0,6109994.0,0.01870194
1777510800,6549998.0,6549998.0,6484679.0,6484679.0,0.00975665
1777514400,6489392.0,6552254.0,6482606.0,6482606.0,0.09061137
1777518000,6482606.0,6550000.0,6076076.0,6473478.0,0.72281907
1777521600,6550237.0,6550237.0,6111990.0,6111990.0,0.05208931
1777525200,6113001.0,6119010.0,6113001.0,6119010.0,0.01858675
1777528800,6526794.0,6596591.0,6526794.0,6596591.0,1.55959496
1777532400,6593941.0,6593941.0,6477158.0,6584647.0,0.03108201
1777536000,6553357.0,6553357.0,6409277.0,6510839.0,0.13744862
1777539600,6510774.0,6549000.0,6222600.0,6222600.0,0.02813484
1777543200,6519398.0,6549000.0,6519200.0,6548961.0,0.0092619
1777546800,6549000.0,6549000.0,6471642.0,6549000.0,0.4882838
1777550400,6512097.0,6549000.0,6223337.0,6548999.0,0.07093241
1777554000,6474003.0,6474003.0,6401318.0,6401318.0,0.01542954
1777557600,6416991.0,6508340.0,6305594.0,6433368.0,0.39725492
1777561200,6548998.0,6605734.0,6548998.0,6549000.0,0.26638994
1777564800,6594696.0,6594696.0,6549000.0,6549000.0,0.03378433
1777568400,6564273.0,6723940.0,6549000.0,6604216.0,0.56769941
1777572000,6749964.0,6749964.0,6549000.0,6728382.0,0.01139577
1777575600,6694224.0,6749999.0,6694224.0,6749999.0,0.00926171
1777579200,6749988.0,6749988.0,6749778.0,6749778.0,0.04210648
1777582800,6749657.0,6749657.0,6648027.0,6648027.0,0.01666149
1777586400,6640602.0,6640602.0,6640602.0,6640602.0,0.00388181
1777590000,6639046.0,6639046.0,6639046.0,6639046.0,0.02884359
1777593600,6639046.0,6749997.0,6549096.0,6549957.0,0.15629264
1777597200,6550011.0,6554203.0,6550011.0,6554203.0,0.01655157
1777600800,6550114.0,6550114.0,6550021.0,6550021.0,0.10649179
1777604400,6550121.0,6749995.0,6550121.0,6749995.0,0.03952301
1777608000,6749999.0,6749999.0,6749999.0,6749999.0,0.0225545
1777611600,6550128.0,6750000.0,6550124.0,6750000.0,0.15483698
1777615200,6805010.0,6805010.0,6550218.0,6550290.0,0.00568776
1777618800,6550290.0,6550290.0,6550290.0,6550290.0,0.0
1777622400,6550818.0,6804224.0,6550818.0,6783397.0,0.01040837
1777626000,6550246.0,6782888.0,6550242.0,6782854.0,0.37932133
1777629600,6782691.0,6782691.0,6550654.0,6782186.0,0.08959481
1777633200,6775074.0,6775074.0,6735274.0,6735274.0,0.0153122
1777636800,6735270.0,6735270.0,6550658.0,6550658.0,0.03062126
1777640400,6727744.0,6727744.0,6727744.0,6727744.0,0.00370807
1777644000,6711519.0,6713416.0,6699819.0,6699819.0,0.14781697
1777647600,6699660.0,6699660.0,6550658.0,6583411.0,0.03271331
1777651200,6550662.0,6583415.0,6550662.0,6583415.0,0.02149141
1777654800,6583415.0,6731165.0,6583415.0,6731067.0,0.01464872
1777658400,6731003.0,6731003.0,6730868.0,6730868.0,0.00781787
1777662000,6730868.0,6730868.0,6730868.0,6730868.0,0.0
1777665600,6709365.0,6709365.0,6709365.0,6709365.0,0.00743647
1777669200,6550900.0,6709265.0,6550900.0,6583654.0,0.035388
1777672800,6708910.0,6708910.0,6708910.0,6708910.0,0.00148444
1777676400,6708289.0,6708289.0,6550900.0,6550900.0,0.02387544
1777680000,6550900.0,6550900.0,6550900.0,6550900.0,0.0016329
1777683600,6707361.0,6707361.0,6583654.0,6707340.0,0.03857884
1777687200,6707092.0,6707092.0,6707092.0,6707092.0,0.12532957
1777690800,6707092.0,6707092.0,6707092.0,6707092.0,0.0
1777694400,6705970.0,6705970.0,6705970.0,6705970.0,0.00148509
1777698000,6706055.0,6706055.0,6551000.0,6551000.0,0.16110275
1777701600,6551004.0,6705521.0,6551004.0,6705519.0,0.01618191
1777705200,6551004.0,6679997.0,6551000.0,6551000.0,0.11433399
1777708800,6705100.0,6705707.0,6705009.0,6705707.0,0.01471888
1777712400,6705707.0,6705707.0,6705707.0,6705707.0,0.0
1777716000,6705707.0,6705707.0,6705707.0,6705707.0,0.0
1777719600,6704003.0,6756352.0,6551004.0,6756352.0,0.54521009
1777723200,6756004.0,6756100.0,6551010.0,6754008.0,0.18108593
1777726800,6551010.0,6751051.0,6551004.0,6749935.0,0.16276697
1777730400,6749856.0,6781949.0,6551901.0,6551901.0,0.01263832
1777734000,6759939.0,6759939.0,6450000.0,6746988.0,0.5557501
1777737600,6450258.0,6450258.0,6450050.0,6450050.0,0.05532646
1777741200,6688964.0,6700074.0,6667880.0,6677884.0,0.02520611
1777744800,6742829.0,6742829.0,6742626.0,6742626.0,0.13262251
1777748400,6742318.0,6742318.0,6450518.0,6450518.0,0.00706982
1777752000,6450566.0,6450566.0,6150666.0,6150666.0,0.18890983
1777755600,6742276.0,6742279.0,6741925.0,6741925.0,0.091919
1777759200,6741746.0,6741746.0,6741746.0,6741746.0,0.07400841
1777762800,6740722.0,6740722.0,6160902.0,6740538.0,0.11364958
1777766400,6739331.0,6739609.0,6161903.0,6161950.0,0.1822514
1777770000,6161994.0,6688870.0,6161994.0,6688870.0,0.04096807
1777773600,6171052.0,6687982.0,6171052.0,6196928.0,0.03090659
1777777200,6171030.0,6686778.0,6171028.0,6679932.0,0.01287773
1777780800,6679830.0,6679830.0,6679806.0,6679806.0,0.00298181
1777784400,6679998.0,6687020.0,6196248.0,6687020.0,0.01658172
1777788000,6198394.0,6687020.0,6198394.0,6666654.0,0.30485012
1777791600,6200912.0,6666590.0,6200910.0,6666579.0,0.56869072
1777795200,6666579.0,6666579.0,6666579.0,6666579.0,0.02030816
1777798800,6268048.0,6268048.0,6268048.0,6268048.0,0.00566441
1777802400,6666580.0,6666583.0,6266996.0,6280030.0,0.03831047
1777806000,6665198.0,6665198.0,6280952.0,6280952.0,0.03136948
1777809600,6665186.0,6665198.0,6280906.0,6665198.0,0.02463953
1777813200,6665198.0,6666658.0,6281066.0,6281066.0,0.08218507
1777816800,6666656.0,6666656.0,6281062.0,6666654.0,0.04419351
1777820400,6666654.0,6666654.0,6666654.0,6666654.0,0.0016431
1777824000,6282202.0,6282202.0,6282202.0,6282202.0,0.00774876
1777827600,6666648.0,6666648.0,6666648.0,6666648.0,0.0032331
1777831200,6666626.0,6666626.0,6666626.0,6666626.0,0.00149385
1777834800,6666640.0,6666640.0,6666640.0,6666640.0,0.0016431
1777838400,6666652.0,6666652.0,6666648.0,6666648.0,0.003972
1777842000,6666648.0,6666648.0,6666648.0,6666648.0,0.0
1777845600,6282336.0,6282356.0,6282336.0,6282354.0,0.02096286
1777849200,6311304.0,6311304.0,6311304.0,6311304.0,0.01099731
1777852800,6311304.0,6311304.0,6311304.0,6311304.0,0.0
1777856400,6666646.0,6666646.0,6311310.0,6311310.0,0.0044814
1777860000,6666642.0,6666644.0,6666642.0,6666644.0,0.02241532
1777863600,6311390.0,6666648.0,6311390.0,6666648.0,0.14969154
1777867200,6311518.0,6741702.0,6311518.0,6741696.0,0.18617483
1777870800,6444444.0,6756878.0,6311714.0,6311714.0,0.01779016
1777874400,6776578.0,6776639.0,6312580.0,6776634.0,0.22745629
1777878000,6776630.0,6776630.0,6313062.0,6776604.0,0.01781719
1777881600,6776516.0,6776543.0,6316064.0,6316198.0,0.20646288
1777885200,6776502.0,6776502.0,6776452.0,6776452.0,0.02055383
1777888800,6320056.0,6773888.0,6320056.0,6420060.0,0.0216445
1777892400,6420062.0,6420062.0,6420062.0,6420062.0,0.00172322
1777896000,6420064.0,6420064.0,6420064.0,6420064.0,0.00163815
1777899600,6420096.0,6721368.0,6420060.0,6721368.0,0.1524487
1777903200,6721330.0,6721330.0,6420064.0,6721274.0,0.02135229
1777906800,6420156.0,6715076.0,6420156.0,6715076.0,0.00689067
1777910400,6714998.0,6721363.0,6425308.0,6425308.0,0.05465261
1777914000,6721363.0,6721363.0,6425802.0,6425802.0,0.04452927
1777917600,6721363.0,6769370.0,6645152.0,6645152.0,0.41603474
1777921200,6743834.0,6743834.0,6743834.0,6743834.0,0.0026688
1777924800,6752365.0,6752365.0,6752365.0,6752365.0,0.00221226
1777928400,6640356.0,6640356.0,6640356.0,6640356.0,0.00152024
1777932000,6644213.0,6644213.0,6644128.0,6644128.0,0.03724861
1777935600,6644128.0,6644128.0,6644128.0,6644128.0,0.0
1777939200,6644128.0,6644128.0,6644128.0,6644128.0,0.0
1777942800,6639315.0,6639315.0,6639315.0,6639315.0,0.00373136
1777946400,6653553.0,6762702.0,6653553.0,6762702.0,0.38751327
1777950000,6775648.0,6775650.0,6775648.0,6775650.0,0.03550364
1777953600,6622000.0,6622000.0,6622000.0,6622000.0,0.00958206
1777957200,6775650.0,6800000.0,6460050.0,6800000.0,0.32923023
1777960800,6500026.0,6783492.0,6500026.0,6500121.0,0.05877574
1777964400,6783478.0,6783491.0,6500125.0,6500125.0,0.05154061
1777968000,6782656.0,6784233.0,6500118.0,6500134.0,0.10077353
1777971600,6782896.0,6783826.0,6500121.0,6783826.0,0.02455072
1777975200,6783826.0,6783826.0,6783826.0,6783826.0,0.0
1777978800,6783638.0,6783844.0,6500134.0,6783844.0,0.02070051
1777982400,6783844.0,6783850.0,6783844.0,6783850.0,0.29419711
1777986000,6800000.0,6849996.0,6501231.0,6501231.0,0.46589271
1777989600,6728891.0,6850000.0,6728891.0,6850000.0,0.0222922
1777993200,6846021.0,6862811.0,6500651.0,6862811.0,1.53009828
1777996800,6500651.0,6967043.0,6500651.0,6714328.0,0.07724585
1778000400,6694055.0,6694055.0,6500651.0,6500651.0,0.02051298
1778004000,6693103.0,7666000.0,6693103.0,7666000.0,0.0411033
1778007600,6815932.0,6822037.0,6706445.0,6822037.0,0.0401515
1778011200,7666000.0,7666000.0,6731097.0,6819919.0,0.05808962
1778014800,6959029.0,6959029.0,6500651.0,6819380.0,0.00958026
1778018400,6819380.0,6819380.0,6819380.0,6819380.0,0.0
1778022000,6955920.0,6955920.0,6838835.0,6838835.0,0.0033465
1778025600,7298886.0,7298887.0,6802595.0,6802595.0,0.03343193
1778029200,6910071.0,6910071.0,6817172.0,6910071.0,0.00618646
1778032800,6910071.0,6910071.0,6792436.0,6792436.0,0.00445657
1778036400,6910071.0,6936263.0,6910071.0,6936263.0,0.02375513
1778040000,6957524.0,7298887.0,6835893.0,6835893.0,0.14007839
1778043600,6947757.0,6947757.0,6835751.0,6835751.0,0.01161714
1778047200,6947830.0,6962615.0,6836357.0,6962615.0,0.03872433
1778050800,6844484.0,6950554.0,6750513.0,6950554.0,1.65473513
1778054400,6842205.0,6950554.0,6842205.0,6950554.0,0.01907077
1778058000,6931749.0,6939298.0,6931749.0,6939298.0,0.01550396
1778061600,6820445.0,6867778.0,6820445.0,6867778.0,0.02590902
1778065200,6864530.0,6920000.0,6827934.0,6827934.0,0.02265638
1778068800,6834154.0,6834154.0,6825019.0,6827212.0,0.02334057
1778072400,6827212.0,6920000.0,6827212.0,6920000.0,0.01036745
1778076000,6920000.0,6920000.0,6827214.0,6827214.0,0.03406339
1778079600,6919999.0,6919999.0,6837355.0,6919797.0,0.02154216
1778083200,6867039.0,6919200.0,6836253.0,6919200.0,0.06570999
1778086800,7012164.0,7298887.0,6894337.0,6894337.0,0.01644821
1778090400,6950462.0,6962961.0,6950462.0,6962961.0,0.01668266
1778094000,6974402.0,6974402.0,6974402.0,6974402.0,0.01401052
1778097600,6985522.0,6985522.0,6985522.0,6985522.0,0.00903382
1778101200,6985522.0,6985522.0,6985522.0,6985522.0,0.0
1778104800,6894337.0,6978813.0,6894337.0,6978813.0,0.00998238
1778108400,6978813.0,6978813.0,6978813.0,6978813.0,0.0
1778112000,7016022.0,7016022.0,6895150.0,6895150.0,0.01711307
1778115600,7298887.0,8000000.0,6979268.0,6990050.0,0.02444673
1778119200,6895651.0,7012113.0,6895651.0,7010123.0,0.02906945
1778122800,7010123.0,7010123.0,7010123.0,7010123.0,0.0
1778126400,6897138.0,6897138.0,6897138.0,6897138.0,0.01401052
1778130000,7010123.0,7010123.0,7010123.0,7010123.0,0.00159069
1778133600,7010123.0,7034724.0,6895656.0,7034724.0,0.22301591
1778137200,7034724.0,7034724.0,7034724.0,7034724.0,0.0
1778140800,7038445.0,7038445.0,7033149.0,7033149.0,0.01263292
1778144400,7069010.0,7069010.0,6952000.0,6952000.0,0.00768641
1778148000,7064731.0,7899999.0,6952005.0,7089858.0,0.47314566
1778151600,7000000.0,7097098.0,6952005.0,7053518.0,0.37840887
1778155200,7044811.0,7899899.0,6952005.0,7899899.0,0.27605078
1778158800,6952005.0,7899899.0,6900900.0,6959277.0,1.34364114
1778162400,6959278.0,6960898.0,6900900.0,6960898.0,0.01236295
1778166000,6957541.0,6957541.0,6901100.0,6901100.0,0.18160994
1778169600,6901100.0,6901100.0,6900900.0,6900900.0,2.262525
1778173200,6900900.0,6957535.0,6900000.0,6900000.0,0.04470696
1778176800,6900000.0,6900000.0,6900000.0,6900000.0,0.0
1778180400,6900000.0,6900000.0,6900000.0,6900000.0,0.02921876
1778184000,6900000.0,6900000.0,6900000.0,6900000.0,0.00914845
1778187600,6970172.0,6970172.0,6970172.0,6970172.0,0.03305112
1778191200,6958616.0,6958616.0,6900000.0,6951364.0,0.00775562
1778194800,6951364.0,6951364.0,6951364.0,6951364.0,0.0
1778198400,6950000.0,6979136.0,6950000.0,6979136.0,0.43416951
1778202000,6979136.0,6979136.0,6979136.0,6979136.0,0.0
1778205600,7014442.0,7014442.0,7014442.0,7014442.0,0.01419785
1778209200,6910000.0,7021322.0,6910000.0,7017039.0,0.12227101
1778212800,6910000.0,6910000.0,6910000.0,6910000.0,0.00165625
1778216400,6912638.0,7025656.0,6912638.0,7000000.0,0.79894903
1778220000,7018062.0,7018062.0,6910000.0,6910000.0,0.12176894
1778223600,7030042.0,7030042.0,7030042.0,7030042.0,0.01015716
1778227200,7037566.0,7041652.0,6960000.0,6960000.0,0.03214644
1778230800,6960000.0,7017449.0,6960000.0,7017449.0,0.00734383
1778234400,7489999.0,7489999.0,6960000.0,6960000.0,0.11275919
1778238000,7489999.0,7499000.0,7014254.0,7499000.0,0.57884033
1778241600,7020266.0,7020266.0,6960001.0,6960001.0,0.33161718
1778245200,6960001.0,6960001.0,6960001.0,6960001.0,0.0802797
1778248800,7034839.0,7043307.0,7034839.0,7043307.0,0.00463499
1778252400,7399999.0,7399999.0,6960001.0,6960002.0,0.19154547
1778256000,7009590.0,7019886.0,7000272.0,7000272.0,1.56373646
1778259600,6986214.0,7399999.0,6910000.0,7399999.0,2.16776731
1778263200,7021506.0,7021506.0,7021506.0,7021506.0,0.00292273
1778266800,7028575.0,7028575.0,7028575.0,7028575.0,0.00141693
1778270400,7040826.0,7040826.0,7040826.0,7040826.0,0.00212162
1778274000,7085077.0,7299999.0,7085077.0,7299999.0,0.00630384
1778277600,6937982.0,7052715.0,6937982.0,7040756.0,0.080868
1778281200,7070303.0,7070303.0,7056057.0,7056057.0,0.01277949
1778284800,7056057.0,7056057.0,7056057.0,7056057.0,0.0
1778288400,7050077.0,7299997.0,7019123.0,7041987.0,0.05435383
1778292000,6937295.0,7299997.0,6937291.0,7299997.0,0.10115027
1778295600,6937291.0,7300755.0,6937291.0,6937294.0,0.04170716
1778299200,7300755.0,7300755.0,6937294.0,6950000.0,0.43158291
1778302800,7044801.0,7044801.0,6950000.0,7037062.0,0.04166041
1778306400,7037062.0,7037062.0,6950000.0,6950000.0,0.05040533
1778310000,6950000.0,7300754.0,6950000.0,6950001.0,0.05285676
1778313600,7035303.0,7056233.0,6950002.0,7035127.0,0.12365065
1778317200,7058343.0,7058343.0,6950002.0,6950002.0,0.0569205
1778320800,6950002.0,7048142.0,6900000.0,7048142.0,1.8851945
1778324400,7040142.0,7040142.0,6939368.0,7030127.0,0.03498738
1778328000,7050000.0,7239200.0,7050000.0,7239200.0,0.16358268
1778331600,7238200.0,7238200.0,7050781.0,7050781.0,0.03518777
1778335200,6965369.0,7050781.0,6963368.0,7050781.0,0.55469593
1778338800,7050001.0,7050781.0,6963370.0,7050001.0,0.0605608
1778342400,7050001.0,7050001.0,7050000.0,7050001.0,0.57714914
1778346000,7050054.0,7050054.0,6963500.0,6963500.0,47.09540906
1778349600,7050781.0,7050781.0,6963500.0,7050781.0,0.01537644
1778353200,7050781.0,7142061.0,7050781.0,7142061.0,1.12041743
1778356800,6981903.0,6981903.0,6981903.0,6981903.0,0.00284789
1778360400,7054298.0,7086836.0,7054298.0,7086836.0,0.10700052
1778364000,7086484.0,7086484.0,7073468.0,7073468.0,0.00416678
1778367600,7055553.0,7089474.0,7000101.0,7000101.0,0.04981105
1778371200,7000101.0,7086836.0,7000101.0,7079449.0,0.14991596
1778374800,7035127.0,7224999.0,7000000.0,7000000.0,0.07281181
1778378400,7000000.0,7000000.0,7000000.0,7000000.0,0.01364247
1778382000,7000000.0,7076107.0,7000000.0,7062389.0,1.06951565
1778385600,7062389.0,7199999.0,7059399.0,7081383.0,0.25989061
1778389200,7081003.0,7081383.0,7010000.0,7010000.0,0.0824069
1778392800,7010000.0,7036710.0,7000000.0,7036710.0,0.10005764
1778396400,7036710.0,7149999.0,7000000.0,7060278.0,0.02406081
1778400000,7060278.0,7060278.0,7000000.0,7000000.0,0.03674037
1778403600,7000000.0,7140998.0,7000000.0,7123946.0,0.01533201
1778407200,7089298.0,7089298.0,7079298.0,7079298.0,0.00281156
1778410800,7079298.0,7079298.0,7063268.0,7079298.0,0.05200525
1778414400,7000001.0,7232061.0,6963368.0,7085077.0,2.38037565
1778418000,7085076.0,7232060.0,6965823.0,7048141.0,0.04832047
1778421600,7048141.0,7208141.0,6968070.0,7091233.0,0.74671496
1778425200,6968070.0,7208141.0,6968070.0,6968101.0,0.07657154
1778428800,7083142.0,7232060.0,6980866.0,6980866.0,0.02770245
1778432400,7232060.0,7232060.0,6973949.0,7069423.0,0.4928189
1778436000,7069423.0,7069423.0,7069423.0,7069423.0,0.0
1778439600,7069423.0,7069423.0,7069423.0,7069423.0,0.0
1778443200,7069423.0,7069423.0,7069423.0,7069423.0,0.00140874
1778446800,6968200.0,7069423.0,6968200.0,7069423.0,0.01971293
1778450400,7069423.0,7069423.0,7069423.0,7069423.0,0.0
1778454000,7069423.0,7069423.0,7000101.0,7000101.0,0.00693646
1778457600,7069423.0,7069423.0,6968101.0,6968101.0,0.16200587
1778461200,7031973.0,7032986.0,6963368.0,6963368.0,0.15909649
1778464800,6963368.0,7050445.0,6963368.0,6976335.0,0.11388764
1778468400,7050464.0,7102735.0,6963368.0,7102735.0,0.10104868
1778472000,7067368.0,7067368.0,7067368.0,7067368.0,0.00677734
1778475600,7050820.0,7050820.0,7043128.0,7043128.0,0.00377927
1778479200,6980000.0,6980000.0,6980000.0,6980000.0,0.0026381
1778482800,7043128.0,7200063.0,7043128.0,7200063.0,0.15936905
1778486400,7200000.0,7200000.0,6963368.0,6963368.0,1.03817746
1778490000,6963368.0,7127896.0,6963368.0,6963369.0,0.54179438
1778493600,7054358.0,7058917.0,7052428.0,7052428.0,0.03748054
1778497200,7051253.0,7199999.0,7051253.0,7199999.0,0.04008668
1778500800,6973370.0,7003205.0,6973370.0,6973370.0,0.09537736
1778504400,6973370.0,7001905.0,6900000.0,7001905.0,1.88858454
1778508000,6980483.0,6980483.0,6963972.0,6976825.0,0.06731161
1778511600,6961152.0,6961152.0,6899994.0,6899994.0,0.11679664
1778515200,6956142.0,6961467.0,6899994.0,6899994.0,0.07032275
1778518800,6964059.0,6964059.0,6899990.0,6899990.0,1.01140178
1778522400,6964059.0,7099245.0,6899990.0,6899990.0,0.05786121
1778526000,6899990.0,6899990.0,6888888.0,6888888.0,0.30085726
1778529600,6878661.0,6878661.0,6878661.0,6878661.0,0.0043837
1778533200,6878484.0,6878484.0,6827212.0,6860498.0,0.03276743
1778536800,6860533.0,6875134.0,6827212.0,6875134.0,0.01634662
1778540400,6878484.0,6925401.0,6827212.0,6917804.0,0.66777952
1778544000,6917784.0,6990000.0,6881718.0,6990000.0,0.05261568
1778547600,6864699.0,7200000.0,6830001.0,6874040.0,2.44075738
1778551200,6840000.0,6889306.0,6840000.0,6889069.0,0.72652283
1778554800,6841000.0,7090000.0,6805000.0,6894726.0,1.0508955
1778558400,6800000.0,6915483.0,6800000.0,6860792.0,0.04466553
1778562000,7000000.0,7000000.0,6801000.0,6888971.0,2.93627077
1778565600,6866757.0,6874257.0,6805000.0,6872905.0,0.0891021
1778569200,6805000.0,6874257.0,6805000.0,6874257.0,0.47919849
1778572800,6805200.0,6852426.0,6805200.0,6852426.0,0.00606644
1778576400,6870000.0,6870000.0,6870000.0,6870000.0,0.00372969
1778580000,6820547.0,6867037.0,6820547.0,6866277.0,0.85560353
1778583600,6865054.0,6868389.0,6816680.0,6835659.0,1.97656769
1778587200,6816680.0,6870000.0,6816679.0,6860458.0,0.14466415
1778590800,6860615.0,6870000.0,6832733.0,6870000.0,0.20885406
1778594400,6839681.0,6863946.0,6805200.0,6863927.0,0.50378869
1778598000,6805200.0,6870000.0,6777212.0,6870000.0,0.5728556
1778601600,6854251.0,6854251.0,6780000.0,6780000.0,0.02581717
1778605200,6805448.0,6831995.0,6805448.0,6831995.0,0.00585652
1778608800,6777212.0,6777212.0,6747000.0,6747000.0,0.03830735
1778612400,6747000.0,6747000.0,6747000.0,6747000.0,0.0
1778616000,6747000.0,6747000.0,6747000.0,6747000.0,0.0
1778619600,6785211.0,6785211.0,6785211.0,6785211.0,0.06111238
1778623200,6870000.0,6874257.0,6780291.0,6780291.0,0.3160247
1778626800,6920805.0,6920805.0,6920805.0,6920805.0,0.01482153
1778630400,6900658.0,6900658.0,6900658.0,6900658.0,0.00264945
1778634000,6920035.0,7000000.0,6804744.0,7000000.0,1.46085783
1778637600,6804744.0,6897930.0,6804744.0,6897930.0,0.16539495
1778641200,6897930.0,6897930.0,6811368.0,6811368.0,0.14596067
1778644800,6897000.0,6897000.0,6897000.0,6897000.0,0.3907717
1778648400,6897000.0,6897000.0,6816000.0,6816000.0,0.31709253
1778652000,6816000.0,6816000.0,6816000.0,6816000.0,0.0
1778655600,6815000.0,6815000.0,6815000.0,6815000.0,0.00957669
1778659200,6886209.0,6897930.0,6870809.0,6897930.0,0.01212059
1778662800,6815200.0,6815200.0,6815200.0,6815200.0,0.00720156
1778666400,6887855.0,6887855.0,6887855.0,6887855.0,0.00364583
1778670000,6883629.0,6893159.0,6815200.0,6893159.0,2.90587673
1778673600,6848103.0,6893159.0,6815200.0,6815200.0,0.18291986
1778677200,6815000.0,6817783.0,6815000.0,6817783.0,0.01546142
1778680800,6875157.0,7000000.0,6875157.0,7000000.0,0.42480622
1778684400,6933941.0,7056402.0,6815001.0,6941184.0,0.19161285
1778688000,7061629.0,7080092.0,6972886.0,6972886.0,0.01811089
1778691600,7011314.0,7099200.0,7011314.0,7099200.0,0.66993586
1778695200,7099200.0,7099200.0,7099200.0,7099200.0,0.0
1778698800,7099200.0,7099200.0,6978790.0,6978790.0,0.02045305
1778702400,6978790.0,6978790.0,6978790.0,6978790.0,0.0
1778706000,6978790.0,6978790.0,6978790.0,6978790.0,0.0
1778709600,7039848.0,7099200.0,7039848.0,7040545.0,0.00973937
1778713200,7099200.0,7144163.0,6804174.0,7140094.0,3.59915166
1778716800,7156759.0,7156759.0,6804174.0,7156759.0,1.73016577
1778720400,7150000.0,7150000.0,7058454.0,7139000.0,0.01783731
1778724000,7061318.0,7062710.0,7061318.0,7062710.0,0.20500512
1778727600,7139000.0,7139000.0,7056191.0,7056191.0,0.00651672
1778731200,7100000.0,7100000.0,7100000.0,7100000.0,0.07027408
1778734800,7056191.0,7138000.0,7056191.0,7135000.0,0.01947692
1778738400,7135000.0,7135000.0,7056191.0,7056191.0,0.3335225
1778742000,7056194.0,7139000.0,7056194.0,7057979.0,0.1497269
1778745600,7067301.0,7139000.0,7067301.0,7139000.0,0.15340983
1778749200,7139000.0,7139000.0,7056194.0,7138000.0,0.01128329
1778752800,7056194.0,7138000.0,7056194.0,7056194.0,0.59561678
1778756400,7139000.0,7139000.0,7139000.0,7139000.0,0.06807241
1778760000,7139000.0,7139000.0,7139000.0,7139000.0,0.00738758
1778763600,7139000.0,7139000.0,7056194.0,7056194.0,0.48076013
1778767200,7056194.0,7139000.0,6900200.0,6900200.0,0.74882595
1778770800,6900200.0,7138020.0,6900100.0,6900100.0,0.07889403
1778774400,7138020.0,7138020.0,6900100.0,7138020.0,0.04971166
1778778000,6900100.0,7139000.0,6804174.0,7139000.0,1.08780064
1778781600,6810002.0,7138996.0,6810002.0,7138996.0,0.01960415
1778785200,7138996.0,7138996.0,7138996.0,7138996.0,0.0
1778788800,7138996.0,7138996.0,7138996.0,7138996.0,0.0
1778792400,6899999.0,7136996.0,6810454.0,7136996.0,0.03978488
1778796000,7136996.0,7136996.0,7136996.0,7136996.0,0.0
1778799600,6811248.0,7136988.0,6811204.0,7136988.0,0.15546029
1778803200,7136988.0,7136988.0,7136988.0,7136988.0,0.0
1778806800,7120000.0,7120000.0,6811420.0,7094185.0,0.02091899
1778810400,6910000.0,6984670.0,6910000.0,6984670.0,0.0240898
1778814000,6984670.0,6984670.0,6984670.0,6984670.0,0.0
1778817600,7050000.0,7050000.0,7050000.0,7050000.0,0.01271361
1778821200,6984603.0,7050000.0,6984603.0,7050000.0,0.00891056
1778824800,6984603.0,6984603.0,6984603.0,6984603.0,0.77256074
1778828400,7041771.0,7042488.0,6889238.0,6889238.0,0.63034493
1778832000,6889238.0,6889238.0,6889238.0,6889238.0,0.0
1778835600,6889238.0,6889238.0,6889238.0,6889238.0,0.0
1778839200,7045358.0,7050000.0,7045358.0,7050000.0,0.03572564
1778842800,7035574.0,7035574.0,7035169.0,7035169.0,0.00283112
1778846400,6874226.0,6874226.0,6874226.0,6874226.0,0.01395398
1778850000,6878724.0,6946083.0,6878724.0,6946083.0,0.05123137
1778853600,7050000.0,7050000.0,6874226.0,6947875.0,0.13848281
1778857200,7049999.0,7049999.0,6923800.0,6923800.0,0.15736136
1778860800,7049999.0,7049999.0,7049999.0,7049999.0,0.00993602
1778864400,6936397.0,7049999.0,6928521.0,6953715.0,0.09324442
1778868000,6953715.0,6953715.0,6953715.0,6953715.0,0.0
1778871600,6953715.0,6953715.0,6953715.0,6953715.0,0.0
1778875200,6930648.0,6930648.0,6930648.0,6930648.0,0.00340192
1778878800,7048000.0,7048000.0,6930457.0,6930457.0,0.02019585
1778882400,7048000.0,7049998.0,7048000.0,7049998.0,0.21194088
1778886000,7049998.0,7049998.0,7049998.0,7049998.0,0.0
1778889600,6918427.0,6918427.0,6875450.0,6875450.0,0.00369317
1778893200,6875450.0,6875450.0,6875450.0,6875450.0,0.00345333
1778896800,6875450.0,6875450.0,6875450.0,6875450.0,0.0
1778900400,6875450.0,6875450.0,6875450.0,6875450.0,0.0
1778904000,6875450.0,6875450.0,6875450.0,6875450.0,0.0
1778907600,6875450.0,6875450.0,6875450.0,6875450.0,0.0
1778911200,7000000.0,7000000.0,7000000.0,7000000.0,0.01133413
1778914800,6910000.0,7049998.0,6907791.0,7049998.0,0.08592994
1778918400,7049998.0,7049998.0,6907791.0,6907791.0,0.00558076
1778922000,6900000.0,6926796.0,6875650.0,6926796.0,0.01839299
1778925600,6875650.0,6875650.0,6875650.0,6875650.0,0.02981426
1778929200,7038000.0,7038000.0,7038000.0,7038000.0,0.00421582
1778932800,7038000.0,7038000.0,6890182.0,6890182.0,0.69232708
1778936400,6890182.0,6890182.0,6890182.0,6890182.0,0.0
1778940000,6895587.0,6897156.0,6895587.0,6897156.0,0.0323295
1778943600,7038000.0,7038000.0,6897505.0,6897505.0,0.03285459
1778947200,6901166.0,7038000.0,6901166.0,6901166.0,0.05805711
1778950800,6907966.0,7038000.0,6875662.0,6875662.0,0.03946005
1778954400,7038000.0,7038000.0,7038000.0,7038000.0,0.00674452
1778958000,6903084.0,7038000.0,6903084.0,7038000.0,0.01370549
1778961600,7038000.0,7038000.0,7038000.0,7038000.0,0.0
1778965200,7038000.0,7038000.0,7038000.0,7038000.0,0.0
1778968800,6903084.0,6903084.0,6875650.0,6875650.0,0.01370885
1778972400,6905874.0,6905874.0,6905874.0,6905874.0,0.00466893
1778976000,7037894.0,7038000.0,6904479.0,6904479.0,0.02266026
1778979600,7038000.0,7038000.0,6904479.0,6904479.0,0.0048714
1778983200,7037998.0,7037998.0,7037998.0,7037998.0,0.00339599
1778986800,7037998.0,7037998.0,6893146.0,7037998.0,0.05469324
1778990400,6888090.0,6888090.0,6888090.0,6888090.0,0.30739148
1778994000,6900469.0,6900469.0,6900469.0,6900469.0,0.00337723
1778997600,7037998.0,7037998.0,7037998.0,7037998.0,0.00602485
1779001200,6921914.0,6921914.0,6921914.0,6921914.0,0.00857667
1779004800,7037200.0,7037200.0,7037200.0,7037200.0,0.00141519
1779008400,7036995.0,7036995.0,7036995.0,7036995.0,0.00283046
1779012000,6926098.0,6926098.0,6926098.0,6926098.0,0.06669695
1779015600,7036995.0,7036995.0,6927496.0,7036995.0,0.05697061
1779019200,6937431.0,6937431.0,6937431.0,6937431.0,0.00528202
1779022800,6937431.0,6937431.0,6937431.0,6937431.0,0.0
1779026400,6939349.0,6939349.0,6939349.0,6939349.0,0.005464
1779030000,6939349.0,6939349.0,6939349.0,6939349.0,0.0
1779033600,6932201.0,6932201.0,6932201.0,6932201.0,0.00412872
1779037200,6932201.0,6932201.0,6932201.0,6932201.0,0.0
1779040800,6932201.0,6932201.0,6932201.0,6932201.0,0.0
1779044400,6932201.0,6932201.0,6932201.0,6932201.0,0.0
1779048000,6932201.0,6932201.0,6932201.0,6932201.0,0.0
1779051600,6928539.0,7036994.0,6918252.0,6939000.0,0.238661
1779055200,6931785.0,6931785.0,6931785.0,6931785.0,0.00341964
1779058800,6934736.0,7036994.0,6930796.0,6930796.0,0.00693364
1779062400,6930796.0,6930796.0,6930796.0,6930796.0,0.00359944
1779066000,6881128.0,6881128.0,6881128.0,6881128.0,0.0072968
1779069600,6930796.0,6930796.0,6930796.0,6930796.0,0.01252828
1779073200,6930796.0,6930796.0,6930796.0,6930796.0,0.02514617
1779076800,6930796.0,6930796.0,6930796.0,6930796.0,0.0
1779080400,6901077.0,6930796.0,6901077.0,6930796.0,0.04613997
1779084000,6901077.0,6930796.0,6901077.0,6901077.0,0.01176291
1779087600,6901083.0,6916472.0,6901083.0,6916471.0,0.09366443
1779091200,6916473.0,7020334.0,6916473.0,6949237.0,0.18607342
1779094800,6949237.0,6949237.0,6949237.0,6949237.0,0.0
1779098400,6916758.0,6916758.0,6916758.0,6916758.0,0.00504229
1779102000,6977103.0,7036995.0,6913121.0,6913121.0,0.84979466
1779105600,6940568.0,7036995.0,6940568.0,7036995.0,0.01671485
1779109200,7036994.0,7120000.0,7036000.0,7120000.0,1.13469464
1779112800,7136990.0,7195000.0,6804000.0,7094005.0,3.97818119
1779116400,7093794.0,7101228.0,7079128.0,7095639.0,0.03279458
1779120000,6809205.0,7122016.0,6809205.0,7122016.0,0.0875669
1779123600,7089605.0,7089605.0,7089605.0,7089605.0,0.00355506
1779127200,7043694.0,7043694.0,7043694.0,7043694.0,0.00706944
1779130800,7043694.0,7043694.0,7043694.0,7043694.0,0.0
1779134400,7043694.0,7043694.0,7043694.0,7043694.0,0.0
1779138000,7115396.0,7124336.0,7110000.0,7110000.0,0.04658053
1779141600,7134455.0,7134455.0,7134455.0,7134455.0,0.006143
1779145200,7160079.0,7174554.0,7021961.0,7021961.0,0.23503721
1779148800,7151085.0,7171792.0,7038338.0,7171792.0,0.02489365
1779152400,7171792.0,7171792.0,7171792.0,7171792.0,0.0
1779156000,7163734.0,7171792.0,7163734.0,7171792.0,0.01142976
1779159600,7050299.0,7171792.0,7050299.0,7171792.0,0.01408231
1779163200,7171791.0,7171791.0,7028568.0,7028568.0,0.01397914
1779166800,6810200.0,6810200.0,6810200.0,6810200.0,0.00837204
1779170400,7171788.0,7171788.0,7171788.0,7171788.0,0.01388635
1779174000,7046929.0,7171200.0,7044563.0,7044563.0,0.00824542
1779177600,7101200.0,7101200.0,6811900.0,7070370.0,0.07854597
1779181200,7011989.0,7011989.0,7011989.0,7011989.0,0.01332403
1779184800,7101100.0,7101200.0,7101100.0,7101200.0,0.01590512
1779188400,7101200.0,7101200.0,7101200.0,7101200.0,0.04207331
1779192000,7101200.0,7101200.0,7101200.0,7101200.0,0.00263828
1779195600,6812754.0,7071960.0,6812754.0,7071960.0,0.00552732
1779199200,6890983.0,6890983.0,6812900.0,6848039.0,0.02016922
1779202800,6837203.0,6837203.0,6837203.0,6837203.0,0.04658053
1779206400,6834825.0,6834825.0,6834825.0,6834825.0,0.01098042
1779210000,6834825.0,6834825.0,6834825.0,6834825.0,0.0
1779213600,7017523.0,7060191.0,7017523.0,7060191.0,0.0140701
1779217200,7060191.0,7060191.0,7060191.0,7060191.0,0.0
1779220800,7060191.0,7060191.0,7060191.0,7060191.0,0.0
1779224400,7060191.0,7060191.0,7060191.0,7060191.0,0.0
1779228000,6985997.0,6985997.0,6985997.0,6985997.0,0.00571357
1779231600,6985997.0,6985997.0,6985997.0,6985997.0,0.0
1779235200,6843058.0,6995321.0,6843058.0,6981877.0,0.12291539
1779238800,6981877.0,6981877.0,6981877.0,6981877.0,0.0
1779242400,6979975.0,6979975.0,6840297.0,6840297.0,0.28844425
1779246000,7101000.0,7101000.0,6834900.0,6972533.0,0.0309585
1779249600,6972533.0,6972533.0,6972533.0,6972533.0,0.0
1779253200,6834900.0,7101000.0,6834900.0,7101000.0,0.01685407
1779256800,6841929.0,6988746.0,6841929.0,6988746.0,0.01596313
1779260400,6834900.0,6969227.0,6834900.0,6969227.0,0.50390238
1779264000,7100900.0,7120000.0,6839920.0,6985111.0,0.12376838
1779267600,6839920.0,6839920.0,6839920.0,6839920.0,0.00248414
1779271200,6961704.0,6961704.0,6961704.0,6961704.0,0.00358346
1779274800,6961704.0,6961704.0,6961704.0,6961704.0,0.0
1779278400,6961704.0,6961704.0,6961704.0,6961704.0,0.0
1779282000,6978131.0,7042727.0,6978131.0,7042727.0,0.01556799
1779285600,6839923.0,6914338.0,6839923.0,6914338.0,0.01488974
1779289200,6907009.0,6907009.0,6885840.0,6885840.0,0.02457706
1779292800,6839923.0,6839923.0,6839921.0,6839921.0,0.05278588
1779296400,6839921.0,6839921.0,6839921.0,6839921.0,0.01405245
1779300000,6927099.0,6927099.0,6927099.0,6927099.0,0.00360136
1779303600,6927099.0,6927099.0,6927099.0,6927099.0,0.0
1779307200,6839921.0,7100000.0,6839921.0,7100000.0,0.05956894
1779310800,6954561.0,6954561.0,6954561.0,6954561.0,0.01790019
1779314400,7100000.0,7100000.0,7100000.0,7100000.0,0.00210394
1779318000,7100000.0,7100000.0,7100000.0,7100000.0,0.0
1779321600,7100000.0,7100000.0,7100000.0,7100000.0,0.0
1779325200,6839921.0,6839921.0,6839921.0,6839921.0,0.00571357
1779328800,6839921.0,6839921.0,6839921.0,6839921.0,0.0
1779332400,6994833.0,6995403.0,6994833.0,6995403.0,0.10330602
1779336000,6995403.0,6995403.0,6995403.0,6995403.0,0.0
1779339600,6995403.0,6995403.0,6995403.0,6995403.0,0.0
1779343200,6995403.0,6995403.0,6995403.0,6995403.0,0.0
1779346800,6900000.0,6900000.0,6900000.0,6900000.0,0.00150244
1779350400,6900000.0,6992521.0,6900000.0,6985745.0,0.02248733
1779354000,6900000.0,6900000.0,6900000.0,6900000.0,0.00160405
1779357600,6900000.0,6900000.0,6900000.0,6900000.0,0.0
1779361200,6969895.0,6969895.0,6900000.0,6900000.0,0.00697555
1779364800,6900000.0,6900000.0,6900000.0,6900000.0,0.00813866
1779368400,6900000.0,6915354.0,6812900.0,6915354.0,0.29376703
1779372000,6812901.0,6966407.0,6812901.0,6966407.0,0.00498463
1779375600,6966407.0,6966407.0,6966407.0,6966407.0,0.0
1779379200,6992200.0,6992200.0,6812901.0,6812901.0,0.00840422
1779382800,6979561.0,6979561.0,6979561.0,6979561.0,0.00357429
1779386400,6979561.0,6979561.0,6979561.0,6979561.0,0.0
1779390000,6979561.0,6979561.0,6979561.0,6979561.0,0.0
1779393600,6979561.0,6979561.0,6979561.0,6979561.0,0.0
1779397200,6979561.0,6979561.0,6979561.0,6979561.0,0.0
1779400800,6979561.0,6979561.0,6979561.0,6979561.0,0.0
1779404400,6984199.0,6985342.0,6984199.0,6985342.0,0.0211272
1779408000,6992200.0,6992200.0,6976867.0,6976867.0,0.02589331
1779411600,6976376.0,6976376.0,6976376.0,6976376.0,0.00572145
1779415200,6836294.0,6992200.0,6836294.0,6992200.0,0.01915551
1779418800,6992200.0,6992200.0,6992200.0,6992200.0,0.0
1779422400,6992200.0,6992200.0,6992200.0,6992200.0,0.00635894
1779426000,6992200.0,6992521.0,6992200.0,6992521.0,0.01768447
1779429600,6992521.0,6992521.0,6992521.0,6992521.0,0.0
1779433200,6854325.0,6854325.0,6854325.0,6854325.0,0.004525
1779436800,6992521.0,6992521.0,6992521.0,6992521.0,0.00356766
1779440400,6854852.0,6854852.0,6854852.0,6854852.0,0.0046342
1779444000,6854853.0,6854853.0,6854853.0,6854853.0,0.00448323
1779447600,6992520.0,6992520.0,6992520.0,6992520.0,0.00713533
1779451200,6854853.0,6992520.0,6804000.0,6992520.0,0.57329988
1779454800,6992520.0,6992520.0,6992520.0,6992520.0,0.0016785
1779458400,6992200.0,6992200.0,6992200.0,6992200.0,0.00356783
1779462000,6810000.0,6992200.0,6810000.0,6992200.0,0.00511912
1779465600,6992200.0,6992520.0,6992200.0,6992520.0,0.14271178
1779469200,6992520.0,6992520.0,6992520.0,6992520.0,0.00146241
1779472800,6992520.0,6992520.0,6992520.0,6992520.0,0.0
1779476400,6804200.0,6992520.0,6804200.0,6992520.0,0.00354075
1779480000,6992520.0,6992520.0,6992520.0,6992520.0,0.0
1779483600,6992520.0,6992520.0,6992520.0,6992520.0,0.0
1779487200,6992520.0,6992520.0,6992520.0,6992520.0,0.02854164
1779490800,6992520.0,6992520.0,6992520.0,6992520.0,0.01780302
1779494400,6992520.0,6992520.0,6992520.0,6992520.0,0.0
1779498000,6992520.0,6992520.0,6992520.0,6992520.0,0.0
1779501600,6873609.0,6873609.0,6810200.0,6864117.0,0.08723788
1779505200,6865191.0,6865191.0,6810200.0,6810200.0,0.04766882
1779508800,6865191.0,6865191.0,6865191.0,6865191.0,0.00363383
1779512400,6865191.0,6865191.0,6865191.0,6865191.0,0.0
1779516000,6854624.0,6854624.0,6810200.0,6810200.0,0.06386406
1779519600,6810200.0,6992520.0,6810200.0,6810200.0,0.0140889
1779523200,6810200.0,6810200.0,6804200.0,6804200.0,0.79504308
1779526800,6804200.0,6871818.0,6804200.0,6871818.0,0.01594087
1779530400,6871818.0,6871818.0,6871818.0,6871818.0,0.02593447
1779534000,6874326.0,6874326.0,6874326.0,6874326.0,0.00628061
1779537600,6804200.0,6870385.0,6804000.0,6804000.0,0.16923358
1779541200,6804000.0,6804000.0,6800000.0,6800000.0,0.78046694
1779544800,6800000.0,6800000.0,6800000.0,6800000.0,0.0
1779548400,6868415.0,6868415.0,6868415.0,6868415.0,0.00158974
1779552000,6874326.0,6874326.0,6800009.0,6800009.0,0.02471103
1779555600,6800009.0,6848176.0,6800000.0,6848176.0,0.0066382
1779559200,6848176.0,6848176.0,6848176.0,6848176.0,0.0
1779562800,6874505.0,6874505.0,6800000.0,6800000.0,0.03276424
1779566400,6800000.0,6800000.0,6800000.0,6800000.0,0.0
1779570000,6800000.0,6800000.0,6800000.0,6800000.0,0.0
1779573600,6800000.0,6800000.0,6800000.0,6800000.0,0.0
1779577200,6800000.0,6800000.0,6800000.0,6800000.0,0.0
1779580800,6800000.0,6800000.0,6800000.0,6800000.0,0.0
1779584400,6989200.0,6990000.0,6773402.0,6810000.0,1.02113919
1779588000,6810000.0,6810000.0,6810000.0,6810000.0,0.0
1779591600,6940417.0,6940417.0,6940417.0,6940417.0,0.14076257
1779595200,6940417.0,6940417.0,6940417.0,6940417.0,0.0
1779598800,6942387.0,6942387.0,6942387.0,6942387.0,0.00200824
1779602400,6942387.0,6942387.0,6942387.0,6942387.0,0.0
1779606000,6810000.0,6810000.0,6810000.0,6810000.0,0.14248399
1779609600,6950000.0,6950000.0,6950000.0,6950000.0,0.00563481
1779613200,6810000.0,6950000.0,6810000.0,6810000.0,0.0254769
1779616800,6810000.0,6810000.0,6810000.0,6810000.0,0.0
1779620400,6810000.0,6810000.0,6810000.0,6810000.0,0.0
1779624000,6949999.0,6949999.0,6949999.0,6949999.0,0.00275956
1779627600,6949999.0,6949999.0,6949999.0,6949999.0,0.00886747
1779631200,6945432.0,6945432.0,6810000.0,6810000.0,0.00702092
1779634800,6810000.0,6810000.0,6810000.0,6810000.0,0.03001761
1779638400,6949999.0,6949999.0,6949999.0,6949999.0,0.00278014
1779642000,6949999.0,6949999.0,6949999.0,6949999.0,0.0
1779645600,6949999.0,6949999.0,6949999.0,6949999.0,0.0
1779649200,6949999.0,6949999.0,6949999.0,6949999.0,0.0
1779652800,6949999.0,6949999.0,6949999.0,6949999.0,0.0
1779656400,6949999.0,6949999.0,6949999.0,6949999.0,0.0
1779660000,6949999.0,6949999.0,6949999.0,6949999.0,0.0
1779663600,6918655.0,6918655.0,6918655.0,6918655.0,0.01799309
1779667200,6918655.0,6918655.0,6918655.0,6918655.0,0.0
1779670800,6927219.0,6927219.0,6927219.0,6927219.0,0.00276719
1779674400,6927219.0,6927219.0,6927219.0,6927219.0,0.0
1779678000,6918655.0,6926000.0,6900000.0,6900000.0,0.0582799
1779681600,6900000.0,6900000.0,6900000.0,6900000.0,0.02003659
1779685200,6900000.0,6900000.0,6900000.0,6900000.0,0.00216492
1779688800,6810201.0,6810201.0,6810201.0,6810201.0,0.00339599
1779692400,6900000.0,6900000.0,6900000.0,6900000.0,0.00144333
1779696000,6900000.0,6900000.0,6820504.0,6820504.0,0.00427529
1779699600,6820504.0,6820504.0,6820504.0,6820504.0,0.0
1779703200,6822270.0,6824305.0,6810200.0,6824305.0,1.40163986
1779706800,6826437.0,6900000.0,6826437.0,6830296.0,0.02910269
1779710400,6899999.0,6899999.0,6899999.0,6899999.0,0.03159478
1779714000,6899999.0,6899999.0,6830500.0,6830500.0,0.00432979
1779717600,6830500.0,6830500.0,6830500.0,6830500.0,0.0
1779721200,6830500.0,6830500.0,6830500.0,6830500.0,0.03159478
1779724800,6830500.0,6830500.0,6830500.0,6830500.0,0.00288646
1779728400,6830500.0,6830500.0,6830500.0,6830500.0,0.0
1779732000,6830500.0,6830500.0,6830500.0,6830500.0,0.0
1779735600,6830500.0,6830500.0,6830500.0,6830500.0,0.0
1779739200,6899999.0,6899999.0,6831220.0,6831220.0,0.04824004
1779742800,6899999.0,6899999.0,6899999.0,6899999.0,0.01982246
1779746400,6899999.0,6899999.0,6899999.0,6899999.0,0.0
1779750000,6899999.0,6899999.0,6899999.0,6899999.0,0.0
1779753600,6899999.0,6899999.0,6899999.0,6899999.0,0.0
1779757200,6899999.0,6899999.0,6899999.0,6899999.0,0.0
1779760800,6830503.0,6830503.0,6830503.0,6830503.0,0.00610281
1779764400,6899999.0,6899999.0,6899999.0,6899999.0,0.02165029
1779768000,6830503.0,6899999.0,6830500.0,6899999.0,0.1227357
1779771600,6899999.0,6899999.0,6830500.0,6830500.0,0.00869873
1779775200,6830500.0,6830500.0,6830500.0,6830500.0,0.02093482
1779778800,6899999.0,6899999.0,6899999.0,6899999.0,0.00578042
1779782400,6830500.0,6899999.0,6830500.0,6830500.0,0.0277148
1779786000,6899999.0,6899999.0,6830500.0,6830500.0,0.01090116
1779789600,6830500.0,6830500.0,6830500.0,6830500.0,0.00525158
1779793200,6830500.0,6899999.0,6830500.0,6899999.0,0.01252064
1779796800,6830500.0,6830500.0,6830500.0,6830500.0,0.02833326
1779800400,6830500.0,6840000.0,6830500.0,6830500.0,0.2956564
1779804000,6830500.0,6830500.0,6822280.0,6822280.0,0.28535661
1779807600,6822280.0,6822280.0,6822280.0,6822280.0,0.0
1779811200,6822280.0,6822280.0,6822280.0,6822280.0,0.0
1779814800,6899999.0,6899999.0,6899999.0,6899999.0,0.0036155
1779818400,6839319.0,6839319.0,6839319.0,6839319.0,0.00251732
1779822000,6899999.0,6899999.0,6856231.0,6899999.0,0.06044678
1779825600,6899999.0,6899999.0,6810000.0,6810000.0,0.00497826
1779829200,6899999.0,6899999.0,6899999.0,6899999.0,0.01804174
1779832800,6899999.0,6899999.0,6899999.0,6899999.0,0.0
1779836400,6899999.0,6899999.0,6899999.0,6899999.0,0.0
1779840000,6899999.0,6899999.0,6899999.0,6899999.0,0.07096189
1779843600,6869541.0,6869541.0,6869541.0,6869541.0,0.07096189
1779847200,6899999.0,6899999.0,6899999.0,6899999.0,0.00191681
1779850800,6899999.0,6899999.0,6899999.0,6899999.0,0.00259898
1779854400,6899999.0,6899999.0,6839358.0,6839358.0,0.0070355
1779858000,6826850.0,6826850.0,6826850.0,6826850.0,0.00291302
1779861600,6842509.0,6842509.0,6842509.0,6842509.0,0.00443652
1779865200,6842509.0,6842509.0,6842509.0,6842509.0,0.0
1779868800,6842509.0,6842509.0,6842509.0,6842509.0,0.0
1779872400,6842509.0,6842509.0,6842509.0,6842509.0,0.0
1779876000,6899999.0,6899999.0,6810004.0,6810004.0,0.05768226
1779879600,6841325.0,6853217.0,6841325.0,6850638.0,0.01415669
1779883200,6890000.0,6899995.0,6890000.0,6899995.0,0.00892229
1779886800,6899995.0,6900000.0,6865057.0,6900000.0,0.2358291
1779890400,6925650.0,6980000.0,6820005.0,6980000.0,0.49174296
1779894000,6980000.0,6980000.0,6975000.0,6975000.0,0.05656234
1779897600,6975000.0,6980000.0,6975000.0,6980000.0,1.73646666
1779901200,6961507.0,6961507.0,6961507.0,6961507.0,0.00305137
1779904800,6961507.0,6961507.0,6961507.0,6961507.0,0.0
1779908400,6931746.0,6931746.0,6931746.0,6931746.0,0.0024509
1779912000,6931746.0,6931746.0,6931746.0,6931746.0,0.00216492
1779915600,6980000.0,6980000.0,6980000.0,6980000.0,0.55629225
1779919200,6980000.0,6999999.0,6980000.0,6999999.0,0.03053321
1779922800,6931746.0,6931746.0,6931746.0,6931746.0,0.00185472
1779926400,6931746.0,6931746.0,6931746.0,6931746.0,0.0
1779930000,7000000.0,7000000.0,7000000.0,7000000.0,0.07396013
1779933600,7000000.0,7000000.0,6812201.0,6885332.0,0.02552481
1779937200,6870276.0,6870276.0,6870276.0,6870276.0,0.14524787
1779940800,6842740.0,6842740.0,6842740.0,6842740.0,0.31244603
1779944400,6812200.0,6999999.0,6812200.0,6999999.0,0.01808274
1779948000,6999997.0,6999997.0,6999997.0,6999997.0,0.0049687
1779951600,6999997.0,6999999.0,6999997.0,6999999.0,0.02451928
1779955200,6999999.0,6999999.0,6848381.0,6848381.0,0.21286787
1779958800,6999000.0,6999999.0,6815044.0,6815044.0,0.03358365
1779962400,6878735.0,6878735.0,6878735.0,6878735.0,0.00635916
1779966000,6999995.0,6999999.0,6999995.0,6999999.0,0.00299585
1779969600,6999999.0,6999999.0,6840445.0,6999999.0,0.72598131
1779973200,6842706.0,6842706.0,6842706.0,6842706.0,0.84419599
1779976800,6891925.0,6999999.0,6891925.0,6999999.0,0.01725642
1779980400,6896549.0,6999999.0,6894455.0,6999999.0,0.01255331
1779984000,6999999.0,6999999.0,6894188.0,6894188.0,0.00673655
1779987600,6894188.0,6895651.0,6894188.0,6895651.0,0.00946793
1779991200,6895651.0,6895651.0,6895651.0,6895651.0,0.0
1779994800,6895651.0,6895651.0,6895651.0,6895651.0,0.0
1779998400,6895651.0,6895651.0,6895651.0,6895651.0,0.0
1780002000,6895651.0,6895651.0,6895651.0,6895651.0,0.0
1780005600,6895651.0,6895651.0,6895651.0,6895651.0,0.0
1780009200,6999999.0,6999999.0,6999995.0,6999999.0,0.01391128
1780012800,6895200.0,6895200.0,6895200.0,6895200.0,0.00526298
1780016400,6895200.0,6895200.0,6895200.0,6895200.0,0.0
1780020000,6999999.0,6999999.0,6999999.0,6999999.0,0.017784
1780023600,6895200.0,6895200.0,6895200.0,6895200.0,0.0021798
1780027200,6895200.0,6895200.0,6895200.0,6895200.0,0.00150858
1780030800,6999200.0,6999200.0,6999200.0,6999200.0,0.00570922
1780034400,6999200.0,6999999.0,6907841.0,6999999.0,0.08988123
1780038000,6999999.0,6999999.0,6895210.0,6999999.0,0.00914614
1780041600,6899234.0,6899234.0,6899234.0,6899234.0,0.00291684
1780045200,6999999.0,6999999.0,6999999.0,6999999.0,0.12474444
1780048800,6999999.0,6999999.0,6999999.0,6999999.0,0.04288029
1780052400,6895210.0,6999999.0,6895210.0,6999999.0,0.02971237
1780056000,6999999.0,6999999.0,6999999.0,6999999.0,0.0
1780059600,6895210.0,6941666.0,6855200.0,6855200.0,1.13811243
1780063200,6855200.0,6855200.0,6855200.0,6855200.0,0.0
1780066800,6936444.0,6999999.0,6755291.0,6999999.0,0.60594242
1780070400,6906653.0,6999646.0,6762595.0,6762595.0,0.07423622
1780074000,6750000.0,6750000.0,6750000.0,6750000.0,0.00282592
1780077600,6917796.0,6917796.0,6750000.0,6750000.0,0.01501608
1780081200,6912635.0,6999646.0,6912635.0,6999646.0,0.00401496
1780084800,6876559.0,6876559.0,6876559.0,6876559.0,0.00154495
1780088400,6876559.0,6876559.0,6876559.0,6876559.0,0.0
1780092000,6876558.0,6876558.0,6876558.0,6876558.0,0.005793
1780095600,6876558.0,6876558.0,6876558.0,6876558.0,0.00870391
1780099200,6876558.0,6876558.0,6873727.0,6873727.0,0.06069017
1780102800,6876558.0,6897897.0,6750200.0,6877875.0,0.1151697
1780106400,6767568.0,6891037.0,6767568.0,6891037.0,0.02510466
1780110000,6891037.0,6891037.0,6891037.0,6891037.0,0.01110848
1780113600,6773385.0,6891037.0,6773385.0,6773385.0,0.01772002
1780117200,6773385.0,6773385.0,6773385.0,6773385.0,0.0
1780120800,6891020.0,6891037.0,6760693.0,6760693.0,0.07514751
1780124400,6891037.0,6891037.0,6891037.0,6891037.0,0.00434419
1780128000,6891037.0,6927299.0,6891037.0,6927299.0,0.07190309
1780131600,6916296.0,6916296.0,6916296.0,6916296.0,0.0044343
1780135200,6760699.0,6760699.0,6760699.0,6760699.0,0.00222417
1780138800,6909081.0,6999200.0,6760699.0,6909081.0,0.01071565
1780142400,6763690.0,6914853.0,6760906.0,6760906.0,0.01336832
1780146000,6913410.0,6913410.0,6913408.0,6913408.0,0.00378741
1780149600,6795069.0,6795069.0,6795069.0,6795069.0,0.01209201
1780153200,6913407.0,6913407.0,6913407.0,6913407.0,0.0058223
1780156800,6795069.0,6891404.0,6795069.0,6891404.0,0.12237393
1780160400,6891404.0,6891404.0,6891404.0,6891404.0,0.0
1780164000,6912689.0,6912689.0,6912689.0,6912689.0,0.0017287
1780167600,6912689.0,6912689.0,6912689.0,6912689.0,0.0
1780171200,6912689.0,6912689.0,6912689.0,6912689.0,0.0
1780174800,6912689.0,6912689.0,6912689.0,6912689.0,0.0
1780178400,6907818.0,6907818.0,6907818.0,6907818.0,0.00288339
1780182000,6907818.0,6907818.0,6907818.0,6907818.0,0.0
1780185600,6850002.0,6850002.0,6850002.0,6850002.0,0.002767
1780189200,6850002.0,6913408.0,6810751.0,6913408.0,0.03903907
1780192800,6913408.0,6999200.0,6913408.0,6999200.0,0.01424102
1780196400,6810755.0,6942090.0,6810755.0,6942090.0,0.00654831
1780200000,6932891.0,6999200.0,6932891.0,6999200.0,0.03253348
1780203600,6999200.0,6999200.0,6999200.0,6999200.0,0.0
1780207200,6911426.0,6911426.0,6911426.0,6911426.0,0.06642362
1780210800,6810755.0,6912328.0,6810755.0,6912328.0,0.00316945
1780214400,6912328.0,6912328.0,6912328.0,6912328.0,0.0
1780218000,6912328.0,6912328.0,6912328.0,6912328.0,0.0
1780221600,6811001.0,6811001.0,6811001.0,6811001.0,0.06909431
1780225200,6811001.0,6936318.0,6811001.0,6936318.0,0.54240634
1780228800,6914673.0,6914673.0,6914673.0,6914673.0,0.01226811
1780232400,6811002.0,6811002.0,6811002.0,6811002.0,0.00567685
1780236000,6939204.0,6939204.0,6939204.0,6939204.0,0.00143517
1780239600,6939204.0,6939204.0,6811001.0,6811001.0,0.00502457
1780243200,6921527.0,6921527.0,6811001.0,6811001.0,0.12737601
1780246800,6811001.0,6811001.0,6811001.0,6811001.0,0.0
1780250400,6811001.0,6811001.0,6811001.0,6811001.0,0.0
1780254000,6811001.0,6811001.0,6811001.0,6811001.0,0.0
1780257600,6811001.0,6811001.0,6811001.0,6811001.0,0.0
1780261200,6925135.0,6925135.0,6925135.0,6925135.0,0.01797625
1780264800,6925135.0,6925135.0,6925135.0,6925135.0,0.0
1780268400,6926233.0,6929202.0,6900000.0,6929202.0,0.00847934
1780272000,6929202.0,6929202.0,6929202.0,6929202.0,0.0
1780275600,6900000.0,6900000.0,6881686.0,6881686.0,0.0344218
1780279200,6811200.0,6811201.0,6811200.0,6811201.0,0.00544512
1780282800,6811201.0,6811201.0,6811200.0,6811200.0,0.00674452
1780286400,6875262.0,6875262.0,6874516.0,6874516.0,0.02037399
1780290000,6811205.0,6811205.0,6811205.0,6811205.0,0.00288339
1780293600,6858057.0,6858057.0,6858057.0,6858057.0,0.00145216
1780297200,6858057.0,6858057.0,6858057.0,6858057.0,0.0
1780300800,6848526.0,6860599.0,6848526.0,6860599.0,0.0035966
1780304400,6860599.0,6860599.0,6835121.0,6835121.0,0.0311151
1780308000,6811450.0,6811450.0,6811450.0,6811450.0,0.00925936
1780311600,6850717.0,6850717.0,6850717.0,6850717.0,0.00145371
1780315200,6850717.0,6850717.0,6850717.0,6850717.0,0.0
1780318800,6811450.0,6860598.0,6795000.0,6860598.0,0.35616607
1780322400,6806926.0,6806926.0,6804892.0,6804892.0,0.21948318
1780326000,6754241.0,6754241.0,6700000.0,6700000.0,0.1694046
1780329600,6700000.0,6739991.0,6700000.0,6700000.0,0.00546618
1780333200,6739991.0,6740000.0,6739991.0,6740000.0,0.00801602
1780336800,6740000.0,6740000.0,6740000.0,6740000.0,0.01477596
1780340400,6740000.0,6740000.0,6740000.0,6740000.0,0.0
1780344000,6740000.0,6740000.0,6640000.0,6640000.0,0.1587087
1780347600,6740000.0,6740000.0,6740000.0,6740000.0,0.01847002
1780351200,6740000.0,6740000.0,6740000.0,6740000.0,0.0
1780354800,6640000.0,6640000.0,6640000.0,6640000.0,0.00522
1780358400,6740000.0,6740000.0,6563161.0,6563161.0,0.30593504
1780362000,6740000.0,6740000.0,6620085.0,6620085.0,0.00626898
1780365600,6740000.0,6740000.0,6740000.0,6740000.0,0.00524302
1780369200,6740000.0,6740000.0,6585822.0,6585822.0,0.07415786
1780372800,6711843.0,6711843.0,6541600.0,6541600.0,0.00547783
1780376400,6543067.0,6543067.0,6543067.0,6543067.0,0.03714508
1780380000,6541600.0,6664963.0,6541600.0,6664963.0,0.15246869
1780383600,6541600.0,6541600.0,6541600.0,6541600.0,0.00293449
1780387200,6541600.0,6541600.0,6541600.0,6541600.0,0.0
1780390800,6740000.0,6740000.0,6740000.0,6740000.0,0.02961097
1780394400,6740000.0,6740000.0,6740000.0,6740000.0,0.0
1780398000,6740000.0,6740000.0,6740000.0,6740000.0,0.0
1780401600,6541600.0,6631900.0,6541600.0,6626453.0,0.10637035
1780405200,6541600.0,6629101.0,6541600.0,6550900.0,2.85194939
1780408800,6560383.0,6574273.0,6560383.0,6574273.0,0.01122938
1780412400,6566377.0,6695506.0,6566377.0,6695506.0,0.02313867
1780416000,6500000.0,6646814.0,6350000.0,6646814.0,0.2224798
1780419600,6649572.0,6649572.0,6649572.0,6649572.0,0.00149769
1780423200,6466888.0,6466888.0,6466888.0,6466888.0,0.01424754
1780426800,6466888.0,6466888.0,6466888.0,6466888.0,0.0
1780430400,6466888.0,6466888.0,6466888.0,6466888.0,0.0
1780434000,6563551.0,6563551.0,6425494.0,6425494.0,0.03377074
1780437600,6700000.0,6700000.0,6700000.0,6700000.0,0.00744686
1780441200,6700000.0,6700000.0,6700000.0,6700000.0,0.0
1780444800,6700000.0,6700000.0,6414379.0,6414379.0,0.03548687
1780448400,6577423.0,6577423.0,6577423.0,6577423.0,0.01892656
1780452000,6577423.0,6577423.0,6577423.0,6577423.0,0.0
1780455600,6596633.0,6596633.0,6447868.0,6447868.0,0.14264636
1780459200,6605848.0,6632685.0,6605848.0,6632685.0,0.09084713
1780462800,6619169.0,6619169.0,5600000.0,5600000.0,0.86113602
1780466400,6700000.0,6700000.0,6456009.0,6473308.0,0.30175364
1780470000,6473308.0,6473308.0,6473308.0,6473308.0,0.0
1780473600,6481267.0,6481267.0,6481267.0,6481267.0,0.01424586
1780477200,6609471.0,6609471.0,6000902.0,6000902.0,0.00444452
1780480800,6434312.0,6614170.0,6000902.0,6614170.0,0.02417399
1780484400,6391984.0,6539012.0,6391984.0,6521601.0,0.0287343
1780488000,6521601.0,6521601.0,6521601.0,6521601.0,0.0
1780491600,6699199.0,6699199.0,6551911.0,6551911.0,1.08069203
1780495200,6649067.0,6699000.0,6386480.0,6386480.0,0.03397696
1780498800,6415859.0,6540406.0,6389130.0,6389130.0,0.01902023
1780502400,6389130.0,6389130.0,6389130.0,6389130.0,0.0
1780506000,6389130.0,6389130.0,6389130.0,6389130.0,0.0
1780509600,6389130.0,6389130.0,6389130.0,6389130.0,0.0
1780513200,6389130.0,6389130.0,6389130.0,6389130.0,0.0
1780516800,6389130.0,6389130.0,6389130.0,6389130.0,0.0
1780520400,6522139.0,6522139.0,6522139.0,6522139.0,0.01908698
1780524000,6539236.0,6539236.0,6539236.0,6539236.0,0.00756176
1780527600,6539236.0,6539236.0,6539236.0,6539236.0,0.0
1780531200,6539236.0,6539236.0,6539236.0,6539236.0,0.0
1780534800,6539236.0,6539236.0,6539236.0,6539236.0,0.0
1780538400,6421034.0,6698199.0,6421034.0,6575897.0,0.02314151
1780542000,6419430.0,6419430.0,6419430.0,6419430.0,0.21980029
1780545600,6465521.0,6591017.0,6119000.0,6591017.0,1.08093652
1780549200,6587582.0,6607848.0,6587582.0,6607848.0,0.03014622
1780552800,6597160.0,6597160.0,6446287.0,6446287.0,0.07207215
1780556400,6456905.0,6456905.0,6456905.0,6456905.0,0.06231964
1780560000,6435450.0,6435450.0,6200450.0,6200450.0,0.21980029
1780563600,6443415.0,6587890.0,6443415.0,6587890.0,0.0078792
1780567200,6200450.0,6200450.0,6200450.0,6200450.0,0.03037292
1780570800,6451750.0,6576370.0,6426895.0,6576086.0,0.84507342
1780574400,6576086.0,6576086.0,6464475.0,6464475.0,0.00812768
1780578000,6509523.0,6509523.0,6509523.0,6509523.0,0.00177369
1780581600,6564267.0,6576703.0,6564267.0,6576703.0,0.13059103
1780585200,6590243.0,6698993.0,6590243.0,6698993.0,0.08532304
1780588800,6698993.0,6699999.0,6553983.0,6699999.0,0.02717473
1780592400,6657591.0,6657591.0,6657591.0,6657591.0,0.00154416
1780596000,6699999.0,6700000.0,6699999.0,6700000.0,0.00148641
1780599600,6700000.0,6700000.0,6614033.0,6649638.0,0.04000916
1780603200,6700000.0,6700000.0,6553983.0,6553983.0,0.00445923
1780606800,6700000.0,6700000.0,6638575.0,6638575.0,0.02063237
1780610400,6638575.0,6638575.0,6638575.0,6638575.0,0.0
1780614000,6638575.0,6638575.0,6638575.0,6638575.0,0.0
1780617600,6638575.0,6638575.0,6638575.0,6638575.0,0.0
1780621200,6638575.0,6638575.0,6638575.0,6638575.0,0.0
1780624800,6699995.0,6699995.0,6591059.0,6591059.0,0.02929136
1780628400,6600000.0,6699995.0,6597023.0,6597023.0,2.85760527
1780632000,6553983.0,6595938.0,6252900.0,6595938.0,0.16976005
1780635600,6595938.0,6595938.0,6595938.0,6595938.0,0.0
1780639200,6699995.0,6700000.0,6590742.0,6590742.0,0.0178801
1780642800,6699996.0,6699996.0,6699996.0,6699996.0,0.00718492
1780646400,6699995.0,6700000.0,6699995.0,6700000.0,0.04612791
1780650000,6253205.0,6647431.0,6253205.0,6647431.0,0.11150926
1780653600,6635208.0,6635208.0,6253211.0,6253211.0,0.03459853
1780657200,6700000.0,6739991.0,6680986.0,6680986.0,0.03112089
1780660800,6670000.0,6670000.0,6670000.0,6670000.0,0.00614467
1780664400,6739986.0,6739986.0,6635409.0,6647996.0,0.02019187
1780668000,6739986.0,6740000.0,6254000.0,6620158.0,0.6324785
1780671600,6619481.0,6641802.0,6225000.0,6641802.0,0.38731489
1780675200,6739995.0,6740000.0,6628825.0,6739996.0,0.86931025
1780678800,6739995.0,6740000.0,6739995.0,6739995.0,0.05919216
1780682400,6300096.0,6300096.0,6300096.0,6300096.0,0.03342895
1780686000,6300096.0,6300096.0,6300096.0,6300096.0,0.0
1780689600,6300096.0,6300096.0,6300096.0,6300096.0,0.0
1780693200,6300096.0,6300096.0,6300096.0,6300096.0,0.0
1780696800,6300096.0,6300096.0,6300096.0,6300096.0,0.0
1780700400,6538693.0,6538693.0,6538693.0,6538693.0,0.04283455
1780704000,6682142.0,6682142.0,6540303.0,6540303.0,0.05017313
1780707600,6540303.0,6540303.0,6540303.0,6540303.0,0.0
1780711200,6538518.0,6628127.0,6538518.0,6628127.0,0.02285204
1780714800,6593887.0,6593887.0,6593887.0,6593887.0,0.00151033
1780718400,6637832.0,6637832.0,6592426.0,6592426.0,0.01746959
1780722000,6592426.0,6592426.0,6441882.0,6442423.0,0.0410702
1780725600,6442423.0,6442423.0,6442423.0,6442423.0,0.0
1780729200,6600000.0,6600000.0,6466397.0,6466397.0,0.01841306
1780732800,6466397.0,6466397.0,6466397.0,6466397.0,0.0
1780736400,6599995.0,6599995.0,6470516.0,6473018.0,0.02018486
1780740000,6599995.0,6599995.0,6599995.0,6599995.0,0.00390348
1780743600,6599995.0,6599995.0,6599995.0,6599995.0,0.0
1780747200,6512921.0,6512921.0,6512921.0,6512921.0,0.00191045
1780750800,6512921.0,6512921.0,6512921.0,6512921.0,0.0
1780754400,6600000.0,6671893.0,6600000.0,6671893.0,1.00211537
1780758000,6671893.0,6671893.0,6671893.0,6671893.0,0.0
1780761600,6671893.0,6671893.0,6671893.0,6671893.0,0.0
1780765200,6671893.0,6671893.0,6671893.0,6671893.0,0.0
1780768800,6671893.0,6671893.0,6671893.0,6671893.0,0.0
1780772400,6671893.0,6671893.0,6671893.0,6671893.0,0.0
1780776000,6671893.0,6671893.0,6671893.0,6671893.0,0.0
1780779600,6671893.0,6671893.0,6671893.0,6671893.0,0.0
1780783200,6671889.0,6671889.0,6556225.0,6556225.0,0.0057085
1780786800,6671889.0,6671889.0,6671889.0,6671889.0,0.01865858
1780790400,6671889.0,6671889.0,6556229.0,6556229.0,0.017286
1780794000,6573404.0,6573404.0,6573404.0,6573404.0,0.0154299
1780797600,6573404.0,6573404.0,6573404.0,6573404.0,0.0
1780801200,6573404.0,6573404.0,6573404.0,6573404.0,0.0
1780804800,6671893.0,6687270.0,6671893.0,6687270.0,0.01270411
1780808400,6687270.0,6687270.0,6687270.0,6687270.0,0.0
1780812000,6687270.0,6687270.0,6687270.0,6687270.0,0.0
1780815600,6687270.0,6687270.0,6687270.0,6687270.0,0.00148924
1780819200,6585397.0,6585397.0,6585397.0,6585397.0,0.01515219
1780822800,6585397.0,6585397.0,6585397.0,6585397.0,0.0
1780826400,6687266.0,6687266.0,6575022.0,6575022.0,0.02191467
1780830000,6575022.0,6687266.0,6575022.0,6687266.0,0.00779466
1780833600,6687200.0,6687200.0,6575022.0,6575022.0,0.00413173
1780837200,6687266.0,6687266.0,6687266.0,6687266.0,0.01492224
1780840800,6687200.0,6687200.0,6687200.0,6687200.0,0.00373055
1780844400,6687200.0,6687200.0,6579492.0,6579492.0,0.02854164
1780848000,6575022.0,6575022.0,6575022.0,6575022.0,0.00775775
1780851600,6687266.0,6687266.0,6687266.0,6687266.0,0.00738433
1780855200,6687266.0,6687266.0,6687266.0,6687266.0,0.0
1780858800,6687266.0,6687266.0,6687266.0,6687266.0,0.0
1780862400,6687266.0,6687266.0,6687266.0,6687266.0,0.0
1780866000,6687266.0,6687266.0,6687266.0,6687266.0,0.0
1780869600,6687266.0,6687266.0,6687266.0,6687266.0,0.0
1780873200,6687266.0,6687266.0,6681006.0,6681006.0,0.02758919
1780876800,6681006.0,6681006.0,6681006.0,6681006.0,0.0
1780880400,6687266.0,6740000.0,6687266.0,6740000.0,0.52006473
1780884000,6575200.0,6714594.0,6575200.0,6714594.0,0.02015961
1780887600,6714594.0,6714594.0,6714594.0,6714594.0,0.0
1780891200,6714594.0,6714594.0,6714594.0,6714594.0,0.0
1780894800,6714594.0,6714594.0,6714594.0,6714594.0,0.0
1780898400,6699347.0,6699347.0,6699347.0,6699347.0,0.22343073
1780902000,6699347.0,6699347.0,6699347.0,6699347.0,0.0
1780905600,6575454.0,6575454.0,6575454.0,6575454.0,0.01654384
1780909200,6575454.0,6575454.0,6575454.0,6575454.0,0.0
1780912800,6575454.0,6575454.0,6575454.0,6575454.0,0.0
1780916400,6690433.0,6690433.0,6575450.0,6575450.0,0.00445467
1780920000,6576500.0,6697262.0,6576500.0,6585645.0,0.11010936
1780923600,6697262.0,6739994.0,6697262.0,6739994.0,0.0192132
1780927200,6695269.0,6695269.0,6695269.0,6695269.0,0.00178484
1780930800,6739994.0,6739994.0,6739994.0,6739994.0,0.00290222
1780934400,6575454.0,6575454.0,6575454.0,6575454.0,0.00298337
1780938000,6575450.0,6575450.0,6575450.0,6575450.0,0.00290222
1780941600,6727476.0,6727476.0,6727476.0,6727476.0,0.00429299
1780945200,6727476.0,6727476.0,6727476.0,6727476.0,0.0
1780948800,6727476.0,6727476.0,6727476.0,6727476.0,0.0
1780952400,6727476.0,6727476.0,6727476.0,6727476.0,0.0
1780956000,6727476.0,6727476.0,6727476.0,6727476.0,0.0
1780959600,6727476.0,6727476.0,6727476.0,6727476.0,0.0
1780963200,6674003.0,6674003.0,6665012.0,6665012.0,0.01620784
1780966800,6697963.0,6697963.0,6697963.0,6697963.0,0.00743434
1780970400,6697963.0,6697963.0,6697963.0,6697963.0,0.0
1780974000,6697963.0,6697963.0,6697963.0,6697963.0,0.0
1780977600,6575454.0,6701005.0,6575454.0,6701005.0,0.05436492
1780981200,6690866.0,6690866.0,6690866.0,6690866.0,0.00745703
1780984800,6668984.0,6668984.0,6575454.0,6668984.0,0.01532925
1780988400,6668984.0,6668984.0,6668984.0,6668984.0,0.0
1780992000,6668984.0,6668984.0,6668984.0,6668984.0,0.0
1780995600,6575450.0,6575450.0,6575450.0,6575450.0,0.14738504
1780999200,6652924.0,6652924.0,6575450.0,6575450.0,0.00437047
1781002800,6575450.0,6575450.0,6575450.0,6575450.0,0.00250999
1781006400,6575450.0,6575450.0,6575450.0,6575450.0,0.00263447
1781010000,6575450.0,6575450.0,6575450.0,6575450.0,0.0
1781013600,6575454.0,6575454.0,6575450.0,6575450.0,0.10047446
1781017200,6636861.0,6636861.0,6579543.0,6579543.0,0.01734227
1781020800,6579543.0,6579543.0,6579543.0,6579543.0,0.0
1781024400,6462698.0,6462698.0,6462698.0,6462698.0,0.0140701
1781028000,6462698.0,6462698.0,6462698.0,6462698.0,0.0
1781031600,6647362.0,6647362.0,6647362.0,6647362.0,0.00185652
1781035200,6647362.0,6647362.0,6647362.0,6647362.0,0.0
1781038800,6647362.0,6647362.0,6647362.0,6647362.0,0.0
1781042400,6647362.0,6647362.0,6647362.0,6647362.0,0.0
1781046000,6484421.0,6484421.0,6484421.0,6484421.0,0.00217572
1781049600,6625306.0,6625306.0,6625306.0,6625306.0,0.00225468
1781053200,6585217.0,6585217.0,6585217.0,6585217.0,0.03024668
1781056800,6590900.0,6590900.0,6590900.0,6590900.0,0.00352288
1781060400,6574826.0,6574826.0,6574826.0,6574826.0,0.01893403
1781064000,6569906.0,6569906.0,6569906.0,6569906.0,0.15165361
1781067600,6560741.0,6560741.0,6442817.0,6442817.0,0.03641073
1781071200,6442817.0,6442817.0,6442817.0,6442817.0,0.0
1781074800,6442813.0,6442813.0,6442813.0,6442813.0,0.0192132
1781078400,6442813.0,6442813.0,6442813.0,6442813.0,0.0
1781082000,6442813.0,6442813.0,6442813.0,6442813.0,0.0
1781085600,6442817.0,6442817.0,6442813.0,6442813.0,0.07190309
1781089200,6442813.0,6442813.0,6442813.0,6442813.0,0.0
1781092800,6527168.0,6527168.0,6527168.0,6527168.0,0.00762888
1781096400,6517168.0,6567173.0,6418131.0,6418131.0,0.0197697
1781100000,6508361.0,6508361.0,6508361.0,6508361.0,0.00558885
1781103600,6516988.0,6516988.0,6516988.0,6516988.0,0.00427881
1781107200,6358110.0,6358110.0,6349867.0,6349867.0,0.0146017
1781110800,6349867.0,6349867.0,6349867.0,6349867.0,0.0
1781114400,6349867.0,6349867.0,6349867.0,6349867.0,0.0
1781118000,6449445.0,6449445.0,6449445.0,6449445.0,0.01930212
1781121600,6449445.0,6449445.0,6449445.0,6449445.0,0.0
1781125200,6449445.0,6449445.0,6449445.0,6449445.0,0.0
1781128800,6449445.0,6449445.0,6449445.0,6449445.0,0.0
1781132400,6334223.0,6415954.0,6334223.0,6415954.0,0.00396276
1781136000,6415954.0,6415954.0,6415954.0,6415954.0,0.0
1781139600,6415954.0,6415954.0,6415954.0,6415954.0,0.0
1781143200,6415954.0,6415954.0,6415954.0,6415954.0,0.0
1781146800,6300091.0,6590903.0,6300091.0,6590903.0,0.06289656
1781150400,6590903.0,6590903.0,6590903.0,6590903.0,0.0
1781154000,6590903.0,6590903.0,6590903.0,6590903.0,0.0
1781157600,6590903.0,6590903.0,6590903.0,6590903.0,0.0
1781161200,6590903.0,6590903.0,6590903.0,6590903.0,0.0017075
1781164800,6333398.0,6333398.0,6300094.0,6300094.0,0.03024668
1781168400,6300094.0,6300094.0,5800005.0,5800005.0,0.16190108
1781172000,6590770.0,6590773.0,6500000.0,6500000.0,0.03693389
1781175600,6355002.0,6355002.0,6355002.0,6355002.0,0.004073
1781179200,6430739.0,6500650.0,6430739.0,6500650.0,0.02179271
1781182800,6500650.0,6500650.0,6500650.0,6500650.0,0.0
1781186400,6500650.0,6500650.0,6500650.0,6500650.0,0.0
1781190000,5879396.0,6500638.0,5879396.0,6001018.0,0.01592945
1781193600,6001018.0,6001018.0,6001018.0,6001018.0,0.0
1781197200,6001018.0,6001018.0,6001018.0,6001018.0,0.0
1781200800,6001018.0,6001018.0,6001018.0,6001018.0,0.0
1781204400,6500458.0,6500646.0,6500450.0,6500646.0,0.06335946
1781208000,6001226.0,6001226.0,6001226.0,6001226.0,0.00787572
1781211600,6500626.0,6500626.0,6500626.0,6500626.0,0.00382993
1781215200,6500644.0,6500646.0,6500644.0,6500646.0,0.03276274
1781218800,6001284.0,6001284.0,6001284.0,6001284.0,0.0017075
1781222400,6500646.0,6500648.0,6500646.0,6500648.0,0.00347873
1781226000,6500644.0,6500644.0,6500644.0,6500644.0,0.001532
1781229600,6011098.0,6011102.0,6011098.0,6011102.0,0.01087927
1781233200,6500639.0,6500639.0,6011111.0,6500639.0,0.01703692
1781236800,6500000.0,6500000.0,6500000.0,6500000.0,0.00456414
1781240400,6500000.0,6500000.0,6500000.0,6500000.0,0.0
1781244000,6500000.0,6500000.0,6500000.0,6500000.0,0.0
1781247600,6500000.0,6500000.0,6500000.0,6500000.0,0.0
1781251200,6011123.0,6499995.0,6011123.0,6011137.0,0.01341716
1781254800,6011149.0,6011149.0,6011149.0,6011149.0,0.02179271
1781258400,6499999.0,6499999.0,6499999.0,6499999.0,0.03070431
1781262000,6066695.0,6140018.0,6066695.0,6140018.0,0.06780837
1781265600,6499998.0,6499998.0,6499998.0,6499998.0,0.00214538
1781269200,6499986.0,6499986.0,6499986.0,6499986.0,0.00153215
1781272800,6131762.0,6131762.0,6131762.0,6131762.0,0.03637937
1781276400,6131762.0,6131762.0,6131762.0,6131762.0,0.0
1781280000,6499998.0,6499998.0,6499998.0,6499998.0,0.00155584
1781283600,6500000.0,6740000.0,6500000.0,6740000.0,0.14979585
1781287200,6739825.0,6739825.0,6131762.0,6739769.0,0.04206244
1781290800,6739895.0,6739896.0,6739895.0,6739896.0,0.02940475
1781294400,6739896.0,6739896.0,6739896.0,6739896.0,0.0
1781298000,6739896.0,6739896.0,6739896.0,6739896.0,0.00738809
1781301600,6131770.0,6131770.0,6131770.0,6131770.0,0.00214538
1781305200,6131770.0,6131770.0,6131770.0,6131770.0,0.0
1781308800,6739896.0,6739896.0,6133349.0,6739896.0,0.00591047
1781312400,6739885.0,6739885.0,6739885.0,6739885.0,0.00242125
1781316000,6133389.0,6133389.0,6133389.0,6133389.0,0.02940475
1781319600,6739696.0,6739696.0,6133384.0,6739696.0,0.00591059
1781323200,6739696.0,6739696.0,6739696.0,6739696.0,0.0
1781326800,6739681.0,6739681.0,6739644.0,6739644.0,0.01994857
1781330400,6739644.0,6739644.0,6739644.0,6739644.0,0.0
1781334000,6739644.0,6739650.0,6200016.0,6200016.0,0.06689907
1781337600,6200016.0,6700000.0,6200016.0,6700000.0,0.01462462
1781341200,6700000.0,6700000.0,6700000.0,6700000.0,0.0
1781344800,6202904.0,6202904.0,6200007.0,6200007.0,0.20876428
1781348400,6200007.0,6200007.0,6200007.0,6200007.0,0.0
1781352000,6200007.0,6200007.0,6200007.0,6200007.0,0.0
1781355600,6200007.0,6200007.0,6200007.0,6200007.0,0.0
1781359200,6200007.0,6200007.0,6200007.0,6200007.0,0.0
1781362800,6133402.0,6133402.0,6133402.0,6133402.0,0.00218151
1781366400,6679995.0,6679999.0,6133389.0,6133389.0,0.10372324
1781370000,6133389.0,6133389.0,6133389.0,6133389.0,0.0
1781373600,6678001.0,6678001.0,6133410.0,6133410.0,0.02186322
1781377200,6676001.0,6676001.0,6676001.0,6676001.0,0.03696059
1781380800,6675997.0,6675997.0,6134505.0,6675997.0,0.05245996
1781384400,6675997.0,6675997.0,6675997.0,6675997.0,0.00747364
1781388000,6134509.0,6134509.0,6134509.0,6134509.0,0.00541734
1781391600,6457200.0,6457200.0,6457200.0,6457200.0,0.00951279
1781395200,6457200.0,6457200.0,6457200.0,6457200.0,0.0
1781398800,6136912.0,6136912.0,6136912.0,6136912.0,0.0095126
1781402400,6136912.0,6136912.0,6136912.0,6136912.0,0.0
1781406000,6463850.0,6463850.0,6463850.0,6463850.0,0.01321115
1781409600,6463850.0,6463850.0,6463850.0,6463850.0,0.0148116
1781413200,6492091.0,6492091.0,6492091.0,6492091.0,0.00153402
1781416800,6536953.0,6536953.0,6536953.0,6536953.0,0.00292347
1781420400,6536953.0,6536953.0,6536953.0,6536953.0,0.0
1781424000,6536953.0,6536953.0,6536953.0,6536953.0,0.0
1781427600,6675976.0,6675976.0,6675976.0,6675976.0,0.00237658
1781431200,6675976.0,6675976.0,6675976.0,6675976.0,0.0
1781434800,6675970.0,6675970.0,6675970.0,6675970.0,0.00551545
1781438400,6675970.0,6675971.0,6536953.0,6536953.0,0.0231671
1781442000,6536953.0,6675970.0,6136962.0,6675970.0,0.03293714
1781445600,6675970.0,6675970.0,6675956.0,6675956.0,0.05196468
1781449200,6675956.0,6675956.0,6675956.0,6675956.0,0.02689157
1781452800,6675956.0,6675956.0,6675956.0,6675956.0,0.0
1781456400,6675956.0,6675956.0,6675956.0,6675956.0,0.00332132
1781460000,6675956.0,6675956.0,6675956.0,6675956.0,0.00745885
1781463600,6675956.0,6675956.0,6675956.0,6675956.0,0.0
1781467200,6675956.0,6675956.0,6675956.0,6675956.0,0.0
1781470800,6675956.0,6675956.0,6675956.0,6675956.0,0.0
1781474400,6675956.0,6675956.0,6675956.0,6675956.0,0.0
1781478000,6639123.0,6639123.0,6639123.0,6639123.0,0.00617913
1781481600,6639123.0,6639123.0,6639123.0,6639123.0,0.0
1781485200,6675000.0,6675000.0,6150004.0,6150004.0,0.01468157
1781488800,6675945.0,6740000.0,6675945.0,6740000.0,0.58130761
1781492400,6740000.0,6740000.0,6400000.0,6400000.0,1.16286656
1781496000,6400000.0,6400000.0,6400000.0,6400000.0,0.0
1781499600,6150416.0,6150416.0,6150414.0,6150414.0,0.05042828
1781503200,6399998.0,6400000.0,6399998.0,6400000.0,0.02189376
1781506800,6580486.0,6580486.0,6150474.0,6150482.0,0.0192964
1781510400,6151035.0,6739995.0,6151035.0,6151042.0,0.01646524
1781514000,6151042.0,6151042.0,6151042.0,6151042.0,0.0
1781517600,6739954.0,6739954.0,6739954.0,6739954.0,0.00369394
1781521200,6739954.0,6739954.0,6739954.0,6739954.0,0.0
1781524800,6151232.0,6151232.0,6151232.0,6151232.0,0.005654
1781528400,6739718.0,6739718.0,6739681.0,6739681.0,0.00896151
1781532000,6739648.0,6739648.0,6151318.0,6151318.0,0.05084462
1781535600,6739000.0,6739579.0,6739000.0,6739579.0,0.19084722
1781539200,6151345.0,6151375.0,6151345.0,6151375.0,0.02646655
1781542800,6739579.0,6739579.0,6739579.0,6739579.0,0.00297911
1781546400,6739579.0,6739579.0,6739579.0,6739579.0,0.0
1781550000,6739579.0,6739579.0,6739579.0,6739579.0,0.0
1781553600,6739579.0,6739579.0,6739579.0,6739579.0,0.0
1781557200,6160930.0,6160930.0,6160923.0,6160923.0,0.18465068
1781560800,6554134.0,6554529.0,6160936.0,6160936.0,0.03493461
1781564400,6160936.0,6160936.0,6160936.0,6160936.0,0.0
1781568000,6545940.0,6545940.0,6545940.0,6545940.0,0.00749548
1781571600,6545940.0,6739578.0,6545940.0,6739578.0,0.01088366
1781575200,6739574.0,6739574.0,6561947.0,6621084.0,0.03473006
1781578800,6621084.0,6621084.0,6621084.0,6621084.0,0.0
1781582400,6621084.0,6621084.0,6621084.0,6621084.0,0.0
1781586000,6621084.0,6621084.0,6621084.0,6621084.0,0.0
1781589600,6621084.0,6621084.0,6621084.0,6621084.0,0.0
1781593200,6596203.0,6596203.0,6596203.0,6596203.0,0.00170749
1781596800,6596203.0,6596203.0,6596203.0,6596203.0,0.0
1781600400,6596203.0,6596203.0,6596203.0,6596203.0,0.0
1781604000,6166905.0,6166905.0,6166905.0,6166905.0,0.03305624
1781607600,6166936.0,6566924.0,6166936.0,6566924.0,0.01988475
1781611200,6566924.0,6566924.0,6566924.0,6566924.0,0.0
1781614800,6566924.0,6566924.0,6566924.0,6566924.0,0.0
1781618400,6595995.0,6595995.0,6595995.0,6595995.0,0.0022647
1781622000,6595995.0,6596198.0,6595995.0,6596198.0,0.46138374
1781625600,6596198.0,6596198.0,6596198.0,6596198.0,0.0
1781629200,6562870.0,6562870.0,6562870.0,6562870.0,0.00343416
1781632800,6596198.0,6608858.0,6168216.0,6608858.0,0.03469208
1781636400,6608858.0,6608858.0,6608858.0,6608858.0,0.0
1781640000,6621084.0,6739399.0,6621084.0,6739399.0,0.02982199
1781643600,6739399.0,6739399.0,6739399.0,6739399.0,0.0
1781647200,6739399.0,6739399.0,6739399.0,6739399.0,0.0
1781650800,6739399.0,6739399.0,6739399.0,6739399.0,0.0
1781654400,6739399.0,6739399.0,6739399.0,6739399.0,0.0
1781658000,6739399.0,6739399.0,6739399.0,6739399.0,0.0
1781661600,6739399.0,6739399.0,6739399.0,6739399.0,0.0
1781665200,6633768.0,6662026.0,6623024.0,6623024.0,0.01879598
1781668800,6623024.0,6623024.0,6623024.0,6623024.0,0.0
1781672400,6623024.0,6623024.0,6623024.0,6623024.0,0.0
1781676000,6599011.0,6599011.0,6599011.0,6599011.0,0.00347873
1781679600,6599011.0,6599011.0,6599011.0,6599011.0,0.0
1781683200,6622956.0,6622956.0,6400053.0,6400053.0,0.0053239
1781686800,6400053.0,6400053.0,6400053.0,6400053.0,0.0
1781690400,6400053.0,6400053.0,6400053.0,6400053.0,0.0
1781694000,6400080.0,6400080.0,6400080.0,6400080.0,0.00169826
1781697600,6400080.0,6400080.0,6400080.0,6400080.0,0.0
1781701200,6628500.0,6628500.0,6612260.0,6612260.0,0.00526973
1781704800,6587575.0,6587575.0,6400065.0,6400065.0,0.01643455
1781708400,6400065.0,6400065.0,6400065.0,6400065.0,0.00262935
1781712000,6400065.0,6400065.0,6400065.0,6400065.0,0.0
1781715600,6400065.0,6400065.0,6400065.0,6400065.0,0.0
1781719200,6628577.0,6628577.0,6628577.0,6628577.0,0.00188034
1781722800,6628577.0,6628577.0,6628577.0,6628577.0,0.0
1781726400,6628577.0,6628577.0,6628577.0,6628577.0,0.0
1781730000,6628199.0,6628199.0,6628199.0,6628199.0,0.00349914
1781733600,6628199.0,6628199.0,6628199.0,6628199.0,0.0
1781737200,6400065.0,6400065.0,6400000.0,6400000.0,0.00462928
1781740800,6400000.0,6400000.0,6400000.0,6400000.0,0.0
1781744400,6400000.0,6400000.0,6400000.0,6400000.0,0.0
1781748000,6400059.0,6400059.0,6400059.0,6400059.0,0.0328498
1781751600,6400059.0,6400059.0,6400059.0,6400059.0,0.0
1781755200,6400059.0,6400059.0,6400059.0,6400059.0,0.0
1781758800,6400031.0,6400031.0,6400027.0,6400027.0,0.00738402
1781762400,6400027.0,6400027.0,6400027.0,6400027.0,0.0
1781766000,6482059.0,6482059.0,6400032.0,6400032.0,0.0138727
1781769600,6400032.0,6400032.0,6400032.0,6400032.0,0.0
1781773200,6400032.0,6400032.0,6400032.0,6400032.0,0.0
1781776800,6400032.0,6400032.0,6400032.0,6400032.0,0.0
1781780400,6400032.0,6400032.0,6400032.0,6400032.0,0.0
1781784000,6400027.0,6400027.0,6400000.0,6400000.0,0.01088366
1781787600,6400000.0,6400000.0,6400000.0,6400000.0,0.0
1781791200,6400000.0,6400000.0,6400000.0,6400000.0,0.0
1781794800,6400000.0,6400000.0,6400000.0,6400000.0,0.0
1781798400,6493977.0,6493977.0,6400007.0,6400008.0,0.01785773
1781802000,6400008.0,6400008.0,6400008.0,6400008.0,0.0
1781805600,6493977.0,6493977.0,6493977.0,6493977.0,0.10224991
1781809200,6493977.0,6493977.0,6493977.0,6493977.0,0.0
1781812800,6493977.0,6493977.0,6493977.0,6493977.0,0.0
1781816400,6494089.0,6750000.0,6494089.0,6750000.0,1.47985631
1781820000,6400054.0,6400054.0,6400054.0,6400054.0,0.00195953
1781823600,6400054.0,6400054.0,6400054.0,6400054.0,0.0
1781827200,6400054.0,6400054.0,6400054.0,6400054.0,0.0
1781830800,6400054.0,6400054.0,6400054.0,6400054.0,0.0
1781834400,6460041.0,6460041.0,6460038.0,6460038.0,0.02525355
1781838000,6460038.0,6460038.0,6460038.0,6460038.0,0.0
1781841600,6460038.0,6460038.0,6460038.0,6460038.0,0.0
1781845200,6460038.0,6460038.0,6460038.0,6460038.0,0.0
1781848800,6799926.0,6799926.0,6799926.0,6799926.0,0.00932098
1781852400,6799926.0,6799926.0,6460043.0,6460043.0,0.00747596
1781856000,6630522.0,6799924.0,6630522.0,6799924.0,0.01011241
1781859600,6799924.0,6799927.0,6460047.0,6460047.0,0.03192336
1781863200,6634768.0,6634768.0,6460047.0,6541146.0,0.02302634
1781866800,6460052.0,6460052.0,6460051.0,6460051.0,0.01708235
1781870400,6460051.0,6460051.0,6460051.0,6460051.0,0.0
1781874000,6545905.0,6545905.0,6460051.0,6460051.0,0.02655476
1781877600,6541030.0,6541030.0,6541030.0,6541030.0,0.00203897
1781881200,6541030.0,6541030.0,6541030.0,6541030.0,0.00512517
1781884800,6541030.0,6541030.0,6541030.0,6541030.0,0.0
1781888400,6541030.0,6541030.0,6541030.0,6541030.0,0.0
1781892000,6541030.0,6541030.0,6541030.0,6541030.0,0.0
1781895600,6541030.0,6541030.0,6541030.0,6541030.0,0.0
1781899200,6541030.0,6541030.0,6541030.0,6541030.0,0.0
1781902800,6541030.0,6541030.0,6541030.0,6541030.0,0.0
1781906400,6541030.0,6541030.0,6541030.0,6541030.0,0.0
1781910000,6634768.0,6634768.0,6634768.0,6634768.0,0.0082666
1781913600,6634768.0,6634768.0,6634768.0,6634768.0,0.00154082
1781917200,6634768.0,6634768.0,6634768.0,6634768.0,0.0
1781920800,6560050.0,6560050.0,6560050.0,6560050.0,0.02610593
1781924400,6560050.0,6560050.0,6560050.0,6560050.0,0.0
1781928000,6560050.0,6560050.0,6560050.0,6560050.0,0.0
1781931600,6560050.0,6560050.0,6560050.0,6560050.0,0.0
1781935200,6560050.0,6560050.0,6560050.0,6560050.0,0.0
1781938800,6560050.0,6560050.0,6560050.0,6560050.0,0.0
1781942400,6560049.0,6560049.0,6560049.0,6560049.0,0.01541495
1781946000,6560049.0,6560049.0,6560049.0,6560049.0,0.0
1781949600,6560049.0,6560049.0,6560049.0,6560049.0,0.00206518
1781953200,6560049.0,6560049.0,6560049.0,6560049.0,0.00431927
1781956800,6560049.0,6560049.0,6560049.0,6560049.0,0.00710251
1781960400,6490069.0,6490069.0,6490069.0,6490069.0,0.00185652
1781964000,6490069.0,6490069.0,6490069.0,6490069.0,0.00372821
1781967600,6490069.0,6490069.0,6490069.0,6490069.0,0.0
1781971200,6490069.0,6490069.0,6490069.0,6490069.0,0.0
1781974800,6490069.0,6490069.0,6490069.0,6490069.0,0.0
1781978400,6490069.0,6490069.0,6490069.0,6490069.0,0.0
1781982000,6490069.0,6490069.0,6490069.0,6490069.0,0.0
1781985600,6490069.0,6490069.0,6490069.0,6490069.0,0.0
1781989200,6490069.0,6490069.0,6490069.0,6490069.0,0.0
1781992800,6490069.0,6490069.0,6490069.0,6490069.0,0.0
1781996400,6490069.0,6490069.0,6490069.0,6490069.0,0.0
1782000000,6490069.0,6490069.0,6490069.0,6490069.0,0.0
1782003600,6490069.0,6490069.0,6490069.0,6490069.0,0.0
1782007200,6490069.0,6490069.0,6490069.0,6490069.0,0.0
1782010800,6490069.0,6490069.0,6490069.0,6490069.0,0.0
1782014400,6634763.0,6634764.0,6634763.0,6634764.0,0.02066538
1782018000,6634764.0,6634764.0,6634764.0,6634764.0,0.0
1782021600,6634764.0,6634764.0,6634764.0,6634764.0,0.0
1782025200,6634763.0,6634763.0,6634763.0,6634763.0,0.00526047
1782028800,6634763.0,6634763.0,6634763.0,6634763.0,0.0
1782032400,6634763.0,6634763.0,6634763.0,6634763.0,0.0
1782036000,6490070.0,6490070.0,6490070.0,6490070.0,0.00750516
1782039600,6490070.0,6490070.0,6490070.0,6490070.0,0.0
1782043200,6634763.0,6634763.0,6634763.0,6634763.0,0.00300206
1782046800,6634763.0,6634763.0,6634763.0,6634763.0,0.0
1782050400,6634763.0,6634763.0,6634763.0,6634763.0,0.0
1782054000,6634763.0,6634763.0,6634763.0,6634763.0,0.0
1782057600,6634763.0,6634763.0,6634763.0,6634763.0,0.0
1782061200,6490070.0,6490070.0,6490070.0,6490070.0,0.00300206
1782064800,6490070.0,6490070.0,6490070.0,6490070.0,0.0
1782068400,6634763.0,6634763.0,6634763.0,6634763.0,0.03002081
1782072000,6634763.0,6634763.0,6634763.0,6634763.0,0.0
1782075600,6634763.0,6634763.0,6634763.0,6634763.0,0.0
1782079200,6490070.0,6490070.0,6490070.0,6490070.0,0.06451944
1782082800,6490070.0,6490070.0,6490070.0,6490070.0,0.0
1782086400,6490070.0,6490070.0,6490070.0,6490070.0,0.0
1782090000,6490070.0,6490070.0,6490070.0,6490070.0,0.0
1782093600,6490070.0,6490070.0,6490070.0,6490070.0,0.0
1782097200,6490070.0,6490070.0,6490070.0,6490070.0,0.0
1782100800,6490070.0,6490070.0,6490070.0,6490070.0,0.00154082
1782104400,6490070.0,6490070.0,6490070.0,6490070.0,0.0
1782108000,6490070.0,6490070.0,6490070.0,6490070.0,0.0
1782111600,6490070.0,6490070.0,6490070.0,6490070.0,0.0
1782115200,6490070.0,6490070.0,6490070.0,6490070.0,0.14404616
1782118800,6490070.0,6490070.0,6490070.0,6490070.0,0.0
1782122400,6634763.0,6634763.0,6634763.0,6634763.0,0.00426857
1782126000,6634763.0,6634763.0,6634763.0,6634763.0,0.0
1782129600,6490071.0,6634763.0,6490071.0,6634763.0,0.01158969
1782133200,6490071.0,6490071.0,6490069.0,6490069.0,0.3442
1782136800,6490070.0,6634759.0,6490070.0,6490070.0,0.01204993
1782140400,6490070.0,6490070.0,6490070.0,6490070.0,0.00426857
1782144000,6490070.0,6490070.0,6490070.0,6490070.0,0.02374344
1782147600,6490070.0,6490070.0,6490070.0,6490070.0,0.0
1782151200,6490070.0,6490070.0,6490070.0,6490070.0,0.0
1782154800,6490070.0,6490070.0,6490070.0,6490070.0,0.0
1782158400,6490070.0,6490070.0,6490070.0,6490070.0,0.0
1782162000,6490070.0,6490070.0,6490070.0,6490070.0,0.0
1782165600,6490070.0,6490070.0,6490070.0,6490070.0,0.0
1782169200,6490070.0,6490070.0,6490070.0,6490070.0,0.0
1782172800,6490070.0,6490070.0,6490070.0,6490070.0,0.0
1782176400,6634759.0,6634759.0,6634759.0,6634759.0,0.01501034
1782180000,6490069.0,6490069.0,6350000.0,6350000.0,0.09715085
1782183600,6350000.0,6350000.0,6350000.0,6350000.0,0.0
1782187200,6350000.0,6350000.0,6350000.0,6350000.0,0.0
1782190800,6634750.0,6634750.0,6634750.0,6634750.0,0.0075201
1782194400,6634759.0,6634759.0,6634759.0,6634759.0,0.01793478
1782198000,6175902.0,6175902.0,6175902.0,6175902.0,0.00292444
1782201600,6175902.0,6634759.0,6175902.0,6634759.0,0.07946593
1782205200,6634756.0,6770000.0,6634756.0,6770000.0,0.74483105
1782208800,6175904.0,6769999.0,6175904.0,6769999.0,0.02353181
1782212400,6769999.0,6769999.0,6255904.0,6255904.0,0.36082957
1782216000,6255904.0,6255904.0,6255904.0,6255904.0,0.0
1782219600,6175904.0,6756999.0,6175902.0,6175902.0,0.10344182
1782223200,6756996.0,6756996.0,6756996.0,6756996.0,0.00147387
1782226800,6756996.0,6756996.0,6756996.0,6756996.0,0.00906053
1782230400,6756996.0,6756996.0,6756996.0,6756996.0,0.00413068
1782234000,6756996.0,6756996.0,6756996.0,6756996.0,0.0
1782237600,6186004.0,6756992.0,6186004.0,6756992.0,0.00623127
1782241200,6756992.0,6756992.0,6756992.0,6756992.0,0.0
1782244800,6756992.0,6756992.0,6756992.0,6756992.0,0.0
1782248400,6756996.0,6756996.0,6756996.0,6756996.0,0.00250614
1782252000,6756996.0,6756999.0,6756996.0,6756999.0,0.00147387
1782255600,6756999.0,6756999.0,6756999.0,6756999.0,0.0
1782259200,6756999.0,6756999.0,6756999.0,6756999.0,0.0
1782262800,6234562.0,6234562.0,6234562.0,6234562.0,0.00413036
1782266400,6234562.0,6234562.0,6234562.0,6234562.0,0.0
1782270000,6738988.0,6738990.0,6738988.0,6738990.0,0.00728774
1782273600,6738989.0,6738989.0,6234568.0,6234568.0,0.00640979
1782277200,6234568.0,6234568.0,6234568.0,6234568.0,0.0
1782280800,6234568.0,6234568.0,6234568.0,6234568.0,0.0
1782284400,6234568.0,6234568.0,6234568.0,6234568.0,0.0
1782288000,6234568.0,6234568.0,6234568.0,6234568.0,0.0
1782291600,6738986.0,6738986.0,6738986.0,6738986.0,0.00170381
1782295200,6234978.0,6234978.0,6234978.0,6234978.0,0.00303841
1782298800,6234978.0,6234978.0,6234978.0,6234978.0,0.0
1782302400,6235502.0,6235502.0,6235502.0,6235502.0,0.00250614
1782306000,6728994.0,6728997.0,6728994.0,6728997.0,0.01180057
1782309600,6728997.0,6728997.0,6728997.0,6728997.0,0.0
1782313200,6728997.0,6729000.0,6728997.0,6729000.0,0.02960039
1782316800,6728555.0,6729000.0,6728555.0,6729000.0,0.06859596
1782320400,6392552.0,6728599.0,6392552.0,6728599.0,0.00866078
1782324000,6728599.0,6728599.0,6728599.0,6728599.0,0.0
1782327600,6728599.0,6728599.0,6728599.0,6728599.0,0.0
1782331200,6728599.0,6728599.0,6728599.0,6728599.0,0.0
1782334800,6235504.0,6235504.0,6235502.0,6235502.0,0.016996
1782338400,6728596.0,6728596.0,6728596.0,6728596.0,0.00162797
1782342000,6235506.0,6235506.0,6235504.0,6235504.0,0.01478322
1782345600,6728596.0,6728596.0,6728596.0,6728596.0,0.0037076
1782349200,6728596.0,6728596.0,6728596.0,6728596.0,0.0
1782352800,6444442.0,6444444.0,6444442.0,6444444.0,0.04473093
1782356400,6444444.0,6444444.0,6444444.0,6444444.0,0.00748613
1782360000,6444444.0,6444444.0,6444444.0,6444444.0,0.0
1782363600,5903756.0,5903756.0,5903756.0,5903756.0,0.0025565
1782367200,5903756.0,5903756.0,5903756.0,5903756.0,0.0
1782370800,6304444.0,6304444.0,5904443.0,5904443.0,0.01180057
1782374400,5904810.0,5904810.0,5904807.0,5904807.0,0.0731635
1782378000,6444412.0,6444415.0,6444412.0,6444415.0,0.00434065
1782381600,6444415.0,6444415.0,6444415.0,6444415.0,0.0
1782385200,6306622.0,6306622.0,6206622.0,6206911.0,0.04000107
1782388800,6208555.0,6208555.0,6208555.0,6208555.0,0.00428567
1782392400,6208555.0,6208555.0,6208555.0,6208555.0,0.01607282
1782396000,6208555.0,6208555.0,6208555.0,6208555.0,0.0
1782399600,6208555.0,6208555.0,6208555.0,6208555.0,0.0
1782403200,6208555.0,6208555.0,6208555.0,6208555.0,0.0
1782406800,6208555.0,6208555.0,6208555.0,6208555.0,0.0
1782410400,6443963.0,6443963.0,6443948.0,6443948.0,0.00322316
1782414000,6443948.0,6443948.0,6443948.0,6443948.0,0.0
1782417600,5912634.0,5912634.0,5912633.0,5912633.0,0.00906053
1782421200,5912633.0,5912633.0,5912633.0,5912633.0,0.0
1782424800,5912633.0,5912633.0,5912633.0,5912633.0,0.0
1782428400,6443922.0,6443922.0,6443922.0,6443922.0,0.0038714
1782432000,6443922.0,6443922.0,6443922.0,6443922.0,0.0
1782435600,6443922.0,6443922.0,6443922.0,6443922.0,0.0
1782439200,5916449.0,5916449.0,5916449.0,5916449.0,0.0019814
1782442800,5916449.0,5916449.0,5916449.0,5916449.0,0.0
1782446400,5916449.0,5916449.0,5916449.0,5916449.0,0.0
1782450000,5916449.0,5916449.0,5916449.0,5916449.0,0.0
1782453600,6443042.0,6443964.0,6443042.0,6443964.0,0.07728185
1782457200,6443964.0,6443964.0,6443964.0,6443964.0,0.00154547
1782460800,6443964.0,6443964.0,6443964.0,6443964.0,0.0
1782464400,6443000.0,6443000.0,6443000.0,6443000.0,0.00721325
1782468000,6443000.0,6443000.0,6443000.0,6443000.0,0.0
1782471600,6443000.0,6443000.0,5920738.0,5920738.0,0.12897622
1782475200,6400020.0,6400020.0,6400020.0,6400020.0,0.00173807
1782478800,6442998.0,6443000.0,6442998.0,6443000.0,0.011465
1782482400,6443000.0,6443000.0,6443000.0,6443000.0,0.0
1782486000,6400020.0,6400020.0,6001038.0,6001038.0,0.011465
1782489600,6443000.0,6443000.0,6443000.0,6443000.0,0.00217165
1782493200,6002034.0,6002034.0,6002034.0,6002034.0,0.00305247
1782496800,6002034.0,6002034.0,6002034.0,6002034.0,0.0
1782500400,6002034.0,6002034.0,6002034.0,6002034.0,0.0
1782504000,6442998.0,6442998.0,6442998.0,6442998.0,0.00232997
1782507600,6003410.0,6003410.0,6003410.0,6003410.0,0.00232997
1782511200,6003705.0,6003705.0,6003705.0,6003705.0,0.00209797
1782514800,6003705.0,6003705.0,6003705.0,6003705.0,0.0
1782518400,6003705.0,6003705.0,6003705.0,6003705.0,0.0
1782522000,6003705.0,6003705.0,6003705.0,6003705.0,0.0
1782525600,6442998.0,6442998.0,6442998.0,6442998.0,0.00774391
1782529200,6006922.0,6006922.0,6006922.0,6006922.0,0.01488545
1782532800,6442987.0,6442999.0,6442987.0,6442999.0,0.03091435
1782536400,6442995.0,6442995.0,6442995.0,6442995.0,0.0015457
1782540000,6442995.0,6442995.0,6442995.0,6442995.0,0.0
1782543600,6442995.0,6442995.0,6442995.0,6442995.0,0.0
1782547200,6442995.0,6442995.0,6442995.0,6442995.0,0.0
1782550800,6442995.0,6442995.0,6442995.0,6442995.0,0.0
1782554400,6007142.0,6007142.0,6007142.0,6007142.0,0.00217165
1782558000,6007138.0,6442994.0,6007128.0,6007136.0,0.03323297
1782561600,6007136.0,6007136.0,6007136.0,6007136.0,0.00170749
1782565200,6442992.0,6442992.0,6007144.0,6442988.0,0.02791742
1782568800,6442988.0,6442988.0,6442988.0,6442988.0,0.0
1782572400,6442988.0,6442988.0,6442988.0,6442988.0,0.0
1782576000,6442988.0,6442988.0,6442988.0,6442988.0,0.0
1782579600,6442988.0,6442988.0,6442988.0,6442988.0,0.0
1782583200,6442988.0,6442988.0,6442988.0,6442988.0,0.0
1782586800,6007234.0,6007234.0,6007234.0,6007234.0,0.00774391
1782590400,6442983.0,6442983.0,6442983.0,6442983.0,0.00231849
1782594000,6442983.0,6442983.0,6442983.0,6442983.0,0.0
1782597600,6442946.0,6442946.0,6442946.0,6442946.0,0.00280073
1782601200,6442946.0,6442946.0,6442946.0,6442946.0,0.0
1782604800,6007940.0,6007940.0,6007940.0,6007940.0,0.00249466
1782608400,6007940.0,6007940.0,6007940.0,6007940.0,0.0
1782612000,6007940.0,6007940.0,6007940.0,6007940.0,0.0
1782615600,6007940.0,6007940.0,6007940.0,6007940.0,0.0
1782619200,6342547.0,6442988.0,6342547.0,6442988.0,0.07768015
1782622800,6442988.0,6442988.0,6442988.0,6442988.0,0.0
1782626400,6009190.0,6009190.0,6009190.0,6009190.0,0.00721325
1782630000,6009190.0,6009190.0,6009190.0,6009190.0,0.0
1782633600,6100420.0,6100420.0,6100420.0,6100420.0,0.00164939
1782637200,6100420.0,6100420.0,6100420.0,6100420.0,0.0
1782640800,6100420.0,6100420.0,6100420.0,6100420.0,0.0
1782644400,6442194.0,6442196.0,6442194.0,6442196.0,0.00302272
1782648000,6442196.0,6442196.0,6442196.0,6442196.0,0.01039535
1782651600,6100033.0,6442196.0,6100033.0,6442196.0,0.01467681
1782655200,6442200.0,6442200.0,6442200.0,6442200.0,0.01401757
1782658800,6100590.0,6100593.0,6100590.0,6100593.0,0.02608798
1782662400,6100593.0,6100593.0,6100593.0,6100593.0,0.0
1782666000,6442155.0,6442155.0,6442155.0,6442155.0,0.00170036
1782669600,6442155.0,6442155.0,6442155.0,6442155.0,0.0
1782673200,6442057.0,6711110.0,6442057.0,6711110.0,0.30343735
1782676800,6711110.0,6711110.0,6711110.0,6711110.0,0.0
1782680400,6100624.0,6100624.0,6100624.0,6100624.0,0.00170036
1782684000,6100624.0,6100624.0,6100624.0,6100624.0,0.0
1782687600,6100624.0,6100624.0,6100624.0,6100624.0,0.0
1782691200,6100624.0,6100624.0,6100624.0,6100624.0,0.0
1782694800,6711104.0,6711104.0,6711104.0,6711104.0,0.00741978
1782698400,6711102.0,6711110.0,6100329.0,6100329.0,0.23164866
1782702000,6711067.0,6711068.0,6711067.0,6711068.0,0.02967948
1782705600,6511061.0,6511061.0,6511061.0,6511061.0,0.00170925
1782709200,6511061.0,6711056.0,6442100.0,6442100.0,0.01085444
1782712800,6442100.0,6442100.0,6442100.0,6442100.0,0.0
1782716400,6442102.0,6442102.0,6442100.0,6442100.0,0.01535507
1782720000,6710000.0,6711062.0,6710000.0,6711062.0,0.14273277
1782723600,6711062.0,6711062.0,6711062.0,6711062.0,0.0
1782727200,6180015.0,6180015.0,6180006.0,6180006.0,0.01690479
1782730800,6180006.0,6711055.0,6180004.0,6180077.0,0.03154361
1782734400,6180061.0,6711059.0,6180061.0,6180076.0,0.03023686
1782738000,6580556.0,6580556.0,6180077.0,6380079.0,0.03163253
1782741600,6180560.0,6380079.0,6180560.0,6380079.0,0.00818126
1782745200,6380079.0,6380079.0,6380079.0,6380079.0,0.00352157
1782748800,6380079.0,6380079.0,6181093.0,6280078.0,0.02063541
1782752400,6280078.0,6280078.0,6280078.0,6280078.0,0.0
1782756000,6280078.0,6280078.0,6280078.0,6280078.0,0.0
1782759600,6280078.0,6280078.0,6280078.0,6280078.0,0.0
1782763200,6280078.0,6280078.0,6280078.0,6280078.0,0.0
1782766800,6380078.0,6380079.0,6380078.0,6380079.0,0.01570027
1782770400,6280080.0,6280080.0,6280080.0,6280080.0,0.00180467
1782774000,6380079.0,6380079.0,6380079.0,6380079.0,0.09262377
1782777600,6380079.0,6380079.0,6380079.0,6380079.0,0.0
1782781200,6380076.0,6380076.0,6380076.0,6380076.0,0.0144144
1782784800,6380075.0,6380075.0,6280132.0,6280132.0,0.01719885
1782788400,6280169.0,6380079.0,6280169.0,6380079.0,0.03293613
1782792000,6380079.0,6380079.0,6380079.0,6380079.0,0.0
1782795600,6380079.0,6380079.0,6380079.0,6380079.0,0.0
1782799200,6380079.0,6380079.0,6380079.0,6380079.0,0.0
1782802800,6380079.0,6380079.0,6380079.0,6380079.0,0.0
1782806400,6280229.0,6280229.0,6280229.0,6280229.0,0.02165029
1782810000,6280229.0,6280229.0,6280229.0,6280229.0,0.0
1782813600,6280229.0,6280229.0,6280229.0,6280229.0,0.0
1782817200,6280229.0,6280229.0,6280229.0,6280229.0,0.0
1782820800,6280229.0,6280229.0,6280229.0,6280229.0,0.0
1782824400,6380079.0,6380079.0,6280245.0,6280245.0,0.00803392
1782828000,6380079.0,6711060.0,6380079.0,6711060.0,0.37097615
1782831600,6280454.0,6280454.0,6280454.0,6280454.0,0.0090316
1782835200,6280454.0,6280454.0,6280454.0,6280454.0,0.0
1782838800,6280454.0,6280454.0,6280454.0,6280454.0,0.0
1782842400,6280454.0,6280454.0,6280454.0,6280454.0,0.0
1782846000,6280454.0,6280454.0,6280454.0,6280454.0,0.0
1782849600,6280454.0,6280454.0,6280454.0,6280454.0,0.0
1782853200,6280454.0,6280454.0,6280454.0,6280454.0,0.0
1782856800,6282137.0,6282137.0,6282137.0,6282137.0,0.01482585
1782860400,6711043.0,6711043.0,6282106.0,6282106.0,0.00946074
1782864000,6282106.0,6282106.0,6282106.0,6282106.0,0.0
1782867600,6282580.0,6282580.0,6282556.0,6282556.0,0.00717288
1782871200,6282556.0,6282556.0,6282556.0,6282556.0,0.0
1782874800,6282556.0,6282556.0,6282556.0,6282556.0,0.0
1782878400,6282556.0,6282556.0,6282556.0,6282556.0,0.0
1782882000,6282556.0,6282556.0,6282556.0,6282556.0,0.0
1782885600,6711007.0,6711015.0,6283606.0,6283606.0,0.00683389
1782889200,6283606.0,6283606.0,6283606.0,6283606.0,0.0
1782892800,6710998.0,6710998.0,6710998.0,6710998.0,0.00148398
1782896400,6710998.0,6710998.0,6710998.0,6710998.0,0.0
1782900000,6710980.0,6710980.0,6284856.0,6284856.0,0.25631309
1782903600,6710934.0,6710934.0,6311062.0,6710881.0,0.01396024
1782907200,6710881.0,6710881.0,6710881.0,6710881.0,0.0
1782910800,6701009.0,6701009.0,6311849.0,6311849.0,0.00696074
1782914400,6701046.0,6701058.0,6312302.0,6701058.0,0.0118784
1782918000,6701058.0,6701058.0,6701058.0,6701058.0,0.0
1782921600,6410023.0,6410023.0,6410023.0,6410023.0,0.00366911
1782925200,6410023.0,6410023.0,6410023.0,6410023.0,0.0
1782928800,6410023.0,6410023.0,6410023.0,6410023.0,0.0
1782932400,6410023.0,6410023.0,6410023.0,6410023.0,0.0
1782936000,6410023.0,6410023.0,6410023.0,6410023.0,0.0
1782939600,6410023.0,6410023.0,6410023.0,6410023.0,0.0
1782943200,6410023.0,6410023.0,6410023.0,6410023.0,0.0
1782946800,6410023.0,6410023.0,6410023.0,6410023.0,0.0
1782950400,6410023.0,6410023.0,6410023.0,6410023.0,0.0
1782954000,6410023.0,6410023.0,6410023.0,6410023.0,0.0
1782957600,6410023.0,6410023.0,6410023.0,6410023.0,0.0
1782961200,6700535.0,6700535.0,6284921.0,6284921.0,0.01222406
1782964800,6700387.0,6700387.0,6700387.0,6700387.0,0.00372321
1782968400,6700387.0,6700387.0,6700387.0,6700387.0,0.0
1782972000,6299065.0,6299065.0,6299065.0,6299065.0,0.00206665
1782975600,6299065.0,6299065.0,6299065.0,6299065.0,0.0
1782979200,6299065.0,6299065.0,6299065.0,6299065.0,0.0
1782982800,6700270.0,6700270.0,6700270.0,6700270.0,0.04461178
1782986400,6700270.0,6700270.0,6700270.0,6700270.0,0.00372328
1782990000,6301901.0,6301901.0,6301901.0,6301901.0,0.00307187
1782993600,6699740.0,6699740.0,6302219.0,6302219.0,0.00430194
1782997200,6302399.0,6302399.0,6302399.0,6302399.0,0.01383642
1783000800,6302399.0,6302399.0,6302399.0,6302399.0,0.0
1783004400,6699105.0,6699105.0,6699105.0,6699105.0,0.00571583
1783008000,6699105.0,6699105.0,6699105.0,6699105.0,0.0
1783011600,6302544.0,6302544.0,6302542.0,6302542.0,0.04262377
1783015200,6302537.0,6698795.0,6302537.0,6698795.0,0.01699653
1783018800,6698795.0,6698795.0,6698795.0,6698795.0,0.0
1783022400,6697617.0,6697617.0,6697617.0,6697617.0,0.00150172
1783026000,6697617.0,6697617.0,6697617.0,6697617.0,0.0
1783029600,6697617.0,6697617.0,6697617.0,6697617.0,0.0
1783033200,6697617.0,6697617.0,6697617.0,6697617.0,0.0
1783036800,6697617.0,6697617.0,6697617.0,6697617.0,0.0
1783040400,6697617.0,6697617.0,6697617.0,6697617.0,0.0
1783044000,6304288.0,6304288.0,6304288.0,6304288.0,0.00571583
1783047600,6304288.0,6304288.0,6304288.0,6304288.0,0.0
1783051200,6696054.0,6696054.0,6696054.0,6696054.0,0.00792899
1783054800,6304692.0,6304692.0,6304692.0,6304692.0,0.00278445
1783058400,6695415.0,6695417.0,6695415.0,6695417.0,0.01822635
1783062000,6695417.0,6695417.0,6695417.0,6695417.0,0.0
1783065600,6696441.0,6696441.0,6696441.0,6696441.0,0.01273766
1783069200,6696441.0,6696441.0,6696441.0,6696441.0,0.0
1783072800,6696441.0,6696441.0,6696441.0,6696441.0,0.0
1783076400,6695941.0,6695941.0,6351080.0,6351202.0,0.01839362
1783080000,6694952.0,6694952.0,6694952.0,6694952.0,0.00745248
1783083600,6694822.0,6694822.0,6350879.0,6350879.0,0.00383999
1783087200,6350879.0,6350879.0,6350879.0,6350879.0,0.0
1783090800,6350879.0,6350879.0,6350879.0,6350879.0,0.0
1783094400,6352082.0,6352082.0,6352082.0,6352082.0,0.0042932
1783098000,6352082.0,6352082.0,6352082.0,6352082.0,0.0
1783101600,6352082.0,6352082.0,6352082.0,6352082.0,0.0
1783105200,6352082.0,6352082.0,6352082.0,6352082.0,0.0
1783108800,6352082.0,6352082.0,6352082.0,6352082.0,0.0
1783112400,6696283.0,6696287.0,6696283.0,6696287.0,0.04390134
1783116000,6353089.0,6696041.0,6352755.0,6352766.0,0.05225168
1783119600,6352770.0,6695490.0,6352770.0,6695490.0,0.01595639
1783123200,6696350.0,6696350.0,6696350.0,6696350.0,0.00148722
1783126800,6443482.0,6443482.0,6352782.0,6352782.0,0.07726881
1783130400,6430444.0,6430444.0,6430444.0,6430444.0,0.00154872
1783134000,6430444.0,6430444.0,6430444.0,6430444.0,0.0
1783137600,6430444.0,6430444.0,6430444.0,6430444.0,0.0
1783141200,6433310.0,6433316.0,6433310.0,6433316.0,0.01238428
1783144800,6352854.0,6420792.0,6352850.0,6420792.0,0.01390558
1783148400,6352834.0,6352834.0,6352834.0,6352834.0,0.00191665
1783152000,6352834.0,6352834.0,6352834.0,6352834.0,0.0
1783155600,6352842.0,6352842.0,6352841.0,6352841.0,0.01570027
1783159200,6352870.0,6352870.0,6352870.0,6352870.0,0.01516655
1783162800,6422464.0,6422464.0,6422464.0,6422464.0,0.00155065
1783166400,6696771.0,6696771.0,6696771.0,6696771.0,0.00159838
1783170000,6696612.0,6696612.0,6353041.0,6353041.0,0.0045629
1783173600,6696758.0,6696763.0,6696758.0,6696763.0,0.02466924
1783177200,6353003.0,6414006.0,6353003.0,6353040.0,0.01598688
1783180800,6415026.0,6415026.0,6415026.0,6415026.0,0.00167902
1783184400,6353020.0,6413596.0,6353020.0,6413596.0,0.01536643
1783188000,6413596.0,6413596.0,6413596.0,6413596.0,0.0
1783191600,6413596.0,6413596.0,6413596.0,6413596.0,0.0
1783195200,6413596.0,6413596.0,6413596.0,6413596.0,0.0
1783198800,6413596.0,6413596.0,6413596.0,6413596.0,0.0
1783202400,6413596.0,6413596.0,6413596.0,6413596.0,0.0
1783206000,6413596.0,6413596.0,6413596.0,6413596.0,0.0
1783209600,6413596.0,6413596.0,6413596.0,6413596.0,0.0
1783213200,6405477.0,6405477.0,6405477.0,6405477.0,0.00233206
1783216800,6404360.0,6405458.0,6404360.0,6405448.0,0.0148002
1783220400,6353049.0,6764808.0,6353044.0,6519059.0,0.01777519
1783224000,6764779.0,6764779.0,6764779.0,6764779.0,0.00279713
1783227600,6764536.0,6764536.0,6407274.0,6407274.0,0.00494375
1783231200,6407380.0,6408470.0,6407380.0,6408470.0,0.00264418
1783234800,6520724.0,6520724.0,6353031.0,6353031.0,0.07402553
1783238400,6353032.0,6764003.0,6353032.0,6397312.0,0.01551308
1783242000,6400103.0,6762919.0,6353033.0,6353033.0,0.01449407
1783245600,6761071.0,6761071.0,6353065.0,6353065.0,0.01204188
1783249200,6353035.0,6759702.0,6353033.0,6759310.0,0.01251217
1783252800,6759183.0,6759183.0,6389999.0,6389999.0,0.01670629
1783256400,6435600.0,6435600.0,6389999.0,6389999.0,0.00619016
1783260000,6389999.0,6389999.0,6389999.0,6389999.0,0.0
1783263600,6739873.0,6739874.0,6739873.0,6739874.0,0.01422326
1783267200,6500000.0,6500000.0,6390000.0,6390000.0,0.01806126
1783270800,6390000.0,6544565.0,6390000.0,6544565.0,0.00568762
1783274400,6544565.0,6544565.0,6544565.0,6544565.0,0.0
1783278000,6390000.0,6390000.0,6352830.0,6352830.0,0.39289076
1783281600,6352830.0,6352830.0,6290000.0,6290000.0,0.40228141
1783285200,6290000.0,6290000.0,6290000.0,6290000.0,0.0
1783288800,6544390.0,6544395.0,6544390.0,6544395.0,0.03891988
1783292400,6290004.0,6434664.0,6290000.0,6434664.0,0.07610752
1783296000,6434664.0,6434664.0,6434664.0,6434664.0,0.0
1783299600,6434664.0,6434664.0,6434664.0,6434664.0,0.0
1783303200,6434664.0,6434664.0,6434664.0,6434664.0,0.0
1783306800,6424938.0,6424938.0,6424938.0,6424938.0,0.00758762
1783310400,6290550.0,6434661.0,6290550.0,6434661.0,0.02401738
1783314000,6434661.0,6434755.0,6434661.0,6434755.0,0.03174118
1783317600,6291056.0,6434755.0,6291056.0,6434755.0,0.02431976
1783321200,6291221.0,6732614.0,6291221.0,6291423.0,0.07257746
1783324800,6291423.0,6291423.0,6291423.0,6291423.0,0.0
1783328400,6291423.0,6291423.0,6291423.0,6291423.0,0.0
1783332000,6400184.0,6732608.0,6291311.0,6732608.0,0.05065855
1783335600,6400001.0,6400001.0,6351077.0,6351077.0,0.30343735
1783339200,6483124.0,6487644.0,6351106.0,6351121.0,0.03552882
1783342800,6479567.0,6479567.0,6351074.0,6351074.0,0.00462243
1783346400,6351074.0,6351074.0,6351074.0,6351074.0,0.0
1783350000,6351074.0,6351074.0,6351074.0,6351074.0,0.0
1783353600,6510373.0,6510373.0,6355107.0,6355107.0,0.01222657
1783357200,6731733.0,6731733.0,6355040.0,6355047.0,0.00581735
1783360800,6355047.0,6355047.0,6355047.0,6355047.0,0.0
1783364400,6730965.0,6730965.0,6730965.0,6730965.0,0.00147957
1783368000,6355030.0,6355030.0,6355030.0,6355030.0,0.03174118
1783371600,6355030.0,6355030.0,6355030.0,6355030.0,0.0
1783375200,6355031.0,6355031.0,6355031.0,6355031.0,0.04318557
1783378800,6355031.0,6355031.0,6355031.0,6355031.0,0.0
1783382400,6355031.0,6355031.0,6355031.0,6355031.0,0.0
1783386000,6355031.0,6355031.0,6355031.0,6355031.0,0.0
1783389600,6544264.0,6544272.0,6355300.0,6355300.0,0.01222593
1783393200,6355300.0,6355300.0,6355300.0,6355300.0,0.0
1783396800,6355300.0,6355300.0,6355300.0,6355300.0,0.0
1783400400,6511786.0,6511786.0,6511786.0,6511786.0,0.00152938
1783404000,6511786.0,6511786.0,6511786.0,6511786.0,0.0
1783407600,6511786.0,6511786.0,6511786.0,6511786.0,0.0
1783411200,6549400.0,6549400.0,6356870.0,6356870.0,0.00806449
1783414800,6549296.0,6549403.0,6549296.0,6549403.0,0.01258259
1783418400,6549402.0,6549402.0,6549402.0,6549402.0,0.00181879
1783422000,6400000.0,6400000.0,6357581.0,6357581.0,0.00792899
1783425600,6357720.0,6699150.0,6357625.0,6699150.0,1.03530821
1783429200,6699150.0,6699150.0,6699150.0,6699150.0,0.0
1783432800,6699151.0,6699151.0,6356510.0,6356653.0,0.03113181
1783436400,6699007.0,6699007.0,6699007.0,6699007.0,0.00148663
1783440000,6689929.0,6689929.0,6357105.0,6357105.0,0.0056455
1783443600,6357105.0,6357105.0,6357105.0,6357105.0,0.0
1783447200,6357105.0,6357105.0,6357105.0,6357105.0,0.0
1783450800,6689298.0,6689298.0,6689298.0,6689298.0,0.01053309
1783454400,6689298.0,6689298.0,6689298.0,6689298.0,0.0
1783458000,6689298.0,6689298.0,6689298.0,6689298.0,0.0
1783461600,6550285.0,6550285.0,6550285.0,6550285.0,0.00251118
1783465200,6359433.0,6359433.0,6359433.0,6359433.0,0.00251118
1783468800,6359433.0,6359433.0,6359433.0,6359433.0,0.0
1783472400,6359433.0,6359433.0,6359433.0,6359433.0,0.0
1783476000,6359433.0,6359433.0,6359433.0,6359433.0,0.0
1783479600,6550688.0,6550688.0,6360474.0,6360634.0,0.0647633
1783483200,6360634.0,6360634.0,6360634.0,6360634.0,0.0
1783486800,6360634.0,6360634.0,6360634.0,6360634.0,0.0
1783490400,6361375.0,6361375.0,6361375.0,6361375.0,0.09775241
1783494000,6361375.0,6361375.0,6361375.0,6361375.0,0.0
1783497600,6550680.0,6550683.0,6550680.0,6550683.0,0.05581146
1783501200,6550683.0,6550683.0,6362255.0,6362255.0,0.0251592
1783504800,6688823.0,6688823.0,6362621.0,6362621.0,0.00352018
1783508400,6362770.0,6362770.0,6362758.0,6362758.0,0.03174118
1783512000,6362758.0,6362758.0,6362758.0,6362758.0,0.0
1783515600,6687919.0,6687920.0,6687919.0,6687920.0,0.01489102
1783519200,6400000.0,6400000.0,6400000.0,6400000.0,0.03776863
1783522800,6400000.0,6400000.0,6400000.0,6400000.0,0.0
1783526400,6400000.0,6400000.0,6400000.0,6400000.0,0.0
1783530000,6400000.0,6400000.0,6400000.0,6400000.0,0.0
1783533600,6686476.0,6686478.0,6686476.0,6686478.0,0.14967775
1783537200,6686478.0,6686478.0,6686478.0,6686478.0,0.0
1783540800,6402565.0,6402565.0,6402565.0,6402565.0,0.00167769
1783544400,6402565.0,6402565.0,6402565.0,6402565.0,0.0
1783548000,6402565.0,6402565.0,6402565.0,6402565.0,0.0
1783551600,6402565.0,6402565.0,6402565.0,6402565.0,0.0
1783555200,6402565.0,6402565.0,6402565.0,6402565.0,0.0
1783558800,6684473.0,6684473.0,6404483.0,6404483.0,0.00672584
1783562400,6404483.0,6404483.0,6404483.0,6404483.0,0.0
1783566000,6404974.0,6404974.0,6404974.0,6404974.0,0.0018735
1783569600,6405415.0,6405415.0,6362993.0,6362993.0,0.00625091
1783573200,6363134.0,6547522.0,5791113.0,6547522.0,2.21694295
1783576800,6000100.0,6547513.0,6000100.0,6547513.0,0.00715314
1783580400,6547513.0,6547513.0,6547513.0,6547513.0,0.0
1783584000,6547448.0,6547466.0,6000288.0,6547465.0,0.00925594
1783587600,6547465.0,6547465.0,6547465.0,6547465.0,0.0
1783591200,6000434.0,6547236.0,6000434.0,6547236.0,0.02074185
1783594800,6000580.0,6547160.0,6000580.0,6547160.0,0.03892157
1783598400,6546849.0,6546849.0,6002202.0,6546834.0,0.00809808
1783602000,6546277.0,6546277.0,6546277.0,6546277.0,0.00227396
1783605600,6546154.0,6546154.0,6005155.0,6546123.0,0.10340691
1783609200,6545802.0,6545802.0,6121889.0,6545553.0,0.19216797
1783612800,6122420.0,6545012.0,6122420.0,6545012.0,0.00577021
1783616400,6543864.0,6543864.0,6124440.0,6543024.0,0.00551654
1783620000,6543024.0,6543024.0,6543024.0,6543024.0,0.0
1783623600,6543024.0,6543024.0,6543024.0,6543024.0,0.0
1783627200,6543024.0,6543024.0,6543024.0,6543024.0,0.0
1783630800,6543024.0,6543024.0,6543024.0,6543024.0,0.0
1783634400,6543024.0,6543024.0,6543024.0,6543024.0,0.0
1783638000,6539090.0,6539090.0,6539090.0,6539090.0,0.00154731
1783641600,6538638.0,6538638.0,6538638.0,6538638.0,0.00332561
1783645200,6538638.0,6538638.0,6538638.0,6538638.0,0.0
1783648800,6538638.0,6538638.0,6538638.0,6538638.0,0.0
1783652400,6538638.0,6538638.0,6538638.0,6538638.0,0.0
1783656000,6538638.0,6538638.0,6538638.0,6538638.0,0.0
1783659600,6101608.0,6102003.0,6101554.0,6102003.0,0.04645496
1783663200,6102003.0,6102003.0,6102003.0,6102003.0,0.0
1783666800,6508043.0,6508043.0,6508043.0,6508043.0,0.00196771
1783670400,6508043.0,6508043.0,6508043.0,6508043.0,0.0
1783674000,6508043.0,6508043.0,6508043.0,6508043.0,0.0
1783677600,6102010.0,6678747.0,6102010.0,6678747.0,1.54170801
1783681200,6677879.0,6677879.0,6677879.0,6677879.0,0.00387039
1783684800,6675040.0,6675040.0,6123048.0,6674934.0,0.07602224
1783688400,6123362.0,6123362.0,6123359.0,6123359.0,0.01489102
1783692000,6674976.0,6674976.0,6123078.0,6123078.0,0.04027797
1783695600,6123078.0,6123078.0,6123078.0,6123078.0,0.0
1783699200,6123082.0,6123082.0,6123082.0,6123082.0,0.00814185
1783702800,6123082.0,6123082.0,6123082.0,6123082.0,0.0
1783706400,6123082.0,6123082.0,6123082.0,6123082.0,0.0
1783710000,6123082.0,6123082.0,6123082.0,6123082.0,0.0
1783713600,6123082.0,6123082.0,6123082.0,6123082.0,0.01412608
1783717200,6123082.0,6123082.0,6123082.0,6123082.0,0.0
1783720800,6674199.0,6674199.0,6674199.0,6674199.0,0.00438014
1783724400,6674199.0,6674199.0,6674199.0,6674199.0,0.0
1783728000,6674197.0,6674198.0,6674197.0,6674198.0,0.04149276
1783731600,6674198.0,6674198.0,6674198.0,6674198.0,0.0
1783735200,6123167.0,6123167.0,6123166.0,6123166.0,0.01714022
1783738800,6123166.0,6123166.0,6123166.0,6123166.0,0.0
1783742400,6123166.0,6123166.0,6123166.0,6123166.0,0.0
1783746000,6123166.0,6123166.0,6123166.0,6123166.0,0.0
1783749600,6123184.0,6649161.0,6123183.0,6649004.0,0.07034656
1783753200,6649004.0,6649004.0,6649004.0,6649004.0,0.0
1783756800,6649004.0,6649004.0,6649004.0,6649004.0,0.0
1783760400,6300178.0,6647621.0,6300159.0,6647621.0,0.05226373
1783764000,6300181.0,6300181.0,6300181.0,6300181.0,0.01073778
1783767600,6300181.0,6300181.0,6300181.0,6300181.0,0.0
1783771200,6646046.0,6646047.0,6646046.0,6646047.0,0.1496002
1783774800,6300048.0,6300048.0,6300046.0,6300046.0,0.01947108
1783778400,6300046.0,6300046.0,6300046.0,6300046.0,0.0
1783782000,6300046.0,6300046.0,6300046.0,6300046.0,0.0
1783785600,6644231.0,6644231.0,6300000.0,6300000.0,0.01466457
1783789200,6300000.0,6300000.0,6300000.0,6300000.0,0.0
1783792800,6643232.0,6643232.0,6643232.0,6643232.0,0.00215542
1783796400,6643232.0,6643232.0,6643232.0,6643232.0,0.0
1783800000,6300004.0,6300004.0,6300004.0,6300004.0,0.00904558
1783803600,6300004.0,6300004.0,6300004.0,6300004.0,0.0
1783807200,6300004.0,6300004.0,6124200.0,6124200.0,0.1496002
1783810800,6640097.0,6640097.0,6124204.0,6640074.0,0.02274052
1783814400,6640074.0,6640074.0,6640074.0,6640074.0,0.0
1783818000,6639277.0,6639277.0,6639277.0,6639277.0,0.0362645
1783821600,6300023.0,6300023.0,6300023.0,6300023.0,0.37097615
1783825200,6300041.0,6300041.0,6300041.0,6300041.0,0.00682143
1783828800,6300041.0,6300041.0,6300041.0,6300041.0,0.0
1783832400,6300041.0,6300041.0,6300041.0,6300041.0,0.0
1783836000,6300236.0,6300236.0,6300236.0,6300236.0,0.00443468
1783839600,6300518.0,6300518.0,6300518.0,6300518.0,0.00738809
1783843200,6300518.0,6300518.0,6300518.0,6300518.0,0.0
1783846800,6300518.0,6300518.0,6300518.0,6300518.0,0.0
1783850400,6300518.0,6300518.0,6300518.0,6300518.0,0.0
1783854000,6300518.0,6300518.0,6300518.0,6300518.0,0.0
1783857600,6300037.0,6300037.0,6300028.0,6300028.0,0.05039233
1783861200,6587843.0,6587843.0,6300029.0,6300029.0,0.06098019
1783864800,6300029.0,6300029.0,6300029.0,6300029.0,0.0
1783868400,6300029.0,6300029.0,6300029.0,6300029.0,0.0
1783872000,6300029.0,6300029.0,6300029.0,6300029.0,0.0
1783875600,6586049.0,6586049.0,6585934.0,6585934.0,0.00604098
1783879200,6585934.0,6585934.0,6585934.0,6585934.0,0.0
1783882800,6300075.0,6300075.0,6300075.0,6300075.0,0.0026083
1783886400,6300075.0,6300075.0,6300075.0,6300075.0,0.0
1783890000,6583732.0,6583732.0,6583605.0,6583605.0,0.00417486
1783893600,6583605.0,6583605.0,6583605.0,6583605.0,0.0
1783897200,6300085.0,6300085.0,6300085.0,6300085.0,0.0019059
1783900800,6300085.0,6300085.0,6300085.0,6300085.0,0.0
1783904400,6300085.0,6300085.0,6300085.0,6300085.0,0.0
1783908000,6300085.0,6300085.0,6300085.0,6300085.0,0.0
1783911600,6581356.0,6581356.0,6300114.0,6581347.0,0.00596208
1783915200,6580958.0,6580963.0,6580958.0,6580963.0,0.02236026
1783918800,6580759.0,6580759.0,6580759.0,6580759.0,0.00344504
1783922400,6580563.0,6580563.0,6300108.0,6300112.0,0.08853296
1783926000,6300112.0,6300112.0,6300112.0,6300112.0,0.00200338
1783929600,6300112.0,6300112.0,6300112.0,6300112.0,0.0
1783933200,6300112.0,6300112.0,6300112.0,6300112.0,0.0
1783936800,6300112.0,6300112.0,6124200.0,6124200.0,0.14967775
1783940400,6511286.0,6511286.0,6124202.0,6124202.0,0.0544086
1783944000,6124202.0,6124202.0,6124202.0,6124202.0,0.0
1783947600,6483806.0,6483806.0,6483806.0,6483806.0,0.01000369
1783951200,6484419.0,6484419.0,6484419.0,6484419.0,0.00239188
1783954800,6125009.0,6125013.0,6125009.0,6125013.0,0.01178958
1783958400,6125013.0,6125013.0,6125013.0,6125013.0,0.0
1783962000,6493432.0,6493432.0,6493432.0,6493432.0,0.00384188
1783965600,6493432.0,6493432.0,6493432.0,6493432.0,0.0
1783969200,6493432.0,6493432.0,6493432.0,6493432.0,0.0
1783972800,6493432.0,6493432.0,6493432.0,6493432.0,0.0
1783976400,6493432.0,6493432.0,6493432.0,6493432.0,0.0
1783980000,6493432.0,6493432.0,6493432.0,6493432.0,0.0
1783983600,6493432.0,6493432.0,6493432.0,6493432.0,0.0
1783987200,6445978.0,6445978.0,6445978.0,6445978.0,0.00330019
1783990800,6125004.0,6125004.0,6125003.0,6125003.0,0.00330019
1783994400,6125003.0,6125003.0,6125003.0,6125003.0,0.0
1783998000,6430714.0,6430714.0,6430714.0,6430714.0,0.00154866
1784001600,6430714.0,6430714.0,6430714.0,6430714.0,0.0
1784005200,6125028.0,6125028.0,6125026.0,6125026.0,0.00711677
1784008800,6125026.0,6125026.0,6125026.0,6125026.0,0.0
1784012400,6125036.0,6125036.0,6125034.0,6125034.0,0.00288798
1784016000,6125034.0,6125034.0,6125034.0,6125034.0,0.0
1784019600,6125034.0,6125034.0,6125034.0,6125034.0,0.0
1784023200,6125034.0,6125034.0,6125034.0,6125034.0,0.0
1784026800,6125034.0,6125034.0,6125034.0,6125034.0,0.0
1784030400,6410737.0,6410737.0,6410737.0,6410737.0,0.00181414
1784034000,6416990.0,6416990.0,6416990.0,6416990.0,0.00476204
1784037600,6200000.0,6416979.0,6126458.0,6126468.0,0.00956182
1784041200,6126468.0,6126468.0,6126468.0,6126468.0,0.0
1784044800,6126468.0,6126468.0,6126468.0,6126468.0,0.0
1784048400,6416965.0,6416976.0,6127020.0,6127020.0,0.03485105
1784052000,6127196.0,6127196.0,6127196.0,6127196.0,0.00535872
1784055600,6417000.0,6429650.0,6417000.0,6429650.0,0.01630274
1784059200,6429650.0,6429650.0,6429650.0,6429650.0,0.0
1784062800,6429650.0,6429650.0,6429650.0,6429650.0,0.0
1784066400,6429650.0,6429650.0,6429650.0,6429650.0,0.0
1784070000,6429650.0,6429650.0,6429650.0,6429650.0,0.0
1784073600,6429650.0,6429650.0,6429650.0,6429650.0,0.00232329
1784077200,6154503.0,6154503.0,6154503.0,6154503.0,0.00162882
1784080800,6154503.0,6154503.0,6154503.0,6154503.0,0.0
1784084400,6154503.0,6154503.0,6154503.0,6154503.0,0.0
1784088000,6154503.0,6154503.0,6154503.0,6154503.0,0.0
1784091600,6429650.0,6520428.0,6429650.0,6520428.0,0.0950949
1784095200,6519998.0,6519998.0,6519998.0,6519998.0,0.02434785
1784098800,6520002.0,6520002.0,6520002.0,6520002.0,0.00152745
1784102400,6520002.0,6520002.0,6520002.0,6520002.0,0.0
1784106000,6520002.0,6520002.0,6520002.0,6520002.0,0.0
1784109600,6519744.0,6519744.0,6160228.0,6160228.0,0.00422331
1784113200,6161007.0,6555136.0,6098394.0,6526568.0,3.79795803
1784116800,6526568.0,6526568.0,6526568.0,6526568.0,0.0
1784120400,6489854.0,6489854.0,6188339.0,6188339.0,0.00990721
1784124000,6489853.0,6555002.0,6212838.0,6212838.0,0.75388161
1784127600,6212838.0,6212838.0,6212838.0,6212838.0,0.0
1784131200,6649999.0,6650000.0,6649999.0,6650000.0,0.56305159
1784134800,6650000.0,6650000.0,6400002.0,6400002.0,0.00881006
1784138400,6400002.0,6400002.0,6400002.0,6400002.0,0.0
1784142000,6400002.0,6400002.0,6400002.0,6400002.0,0.0
1784145600,6649996.0,6649998.0,6649996.0,6649998.0,0.00808946
1784149200,6649998.0,6649998.0,6649998.0,6649998.0,0.0
1784152800,6401278.0,6401278.0,6401278.0,6401278.0,0.00174813
1784156400,6401709.0,6401709.0,6401709.0,6401709.0,0.00181414
1784160000,6649991.0,6649998.0,6649991.0,6649998.0,0.0687978
1784163600,6649998.0,6649998.0,6649998.0,6649998.0,0.0
1784167200,6403325.0,6403325.0,6403325.0,6403325.0,0.00585915
1784170800,6649997.0,6734657.0,6403509.0,6403509.0,0.07891021
1784174400,6734650.0,6734650.0,6734650.0,6734650.0,0.00147877
1784178000,6403778.0,6734631.0,6403777.0,6734631.0,0.10371687
1784181600,6734626.0,6734650.0,6403490.0,6734650.0,0.01927469
1784185200,6734650.0,6734650.0,6734650.0,6734650.0,0.0
1784188800,6734649.0,6734650.0,6734649.0,6734650.0,0.06491863
1784192400,6734650.0,6734657.0,6423205.0,6425033.0,0.2123468
1784196000,6425033.0,6425033.0,6425033.0,6425033.0,0.0
1784199600,6425033.0,6425033.0,6425033.0,6425033.0,0.0
1784203200,6425033.0,6425033.0,6425033.0,6425033.0,0.0
1784206800,6425033.0,6425033.0,6425033.0,6425033.0,0.0
1784210400,6734632.0,6734632.0,6734632.0,6734632.0,0.00370428
1784214000,6426002.0,6746272.0,6403498.0,6746272.0,0.24281591
1784217600,6746272.0,6746272.0,6746272.0,6746272.0,0.0
1784221200,6746272.0,6746272.0,6746272.0,6746272.0,0.0
1784224800,6462999.0,6462999.0,6462999.0,6462999.0,0.59368221
1784228400,6462999.0,6462999.0,6400002.0,6431277.0,1.39548451
1784232000,6431277.0,6431277.0,6431277.0,6431277.0,0.0
1784235600,6470176.0,6470176.0,6470176.0,6470176.0,0.18470687
1784239200,6400002.0,6400002.0,6400002.0,6400002.0,0.00449717
1784242800,6400002.0,6400002.0,6368997.0,6368997.0,0.24681674
1784246400,6368997.0,6368997.0,6368997.0,6368997.0,0.0
1784250000,6422345.0,6422345.0,6422345.0,6422345.0,0.00692021
1784253600,6422345.0,6422345.0,6422345.0,6422345.0,0.0
1784257200,6349950.0,6349950.0,6349650.0,6349650.0,0.0950949
1784260800,6349650.0,6368649.0,6340000.0,6368649.0,0.13595971
1784264400,6357997.0,6357997.0,6357997.0,6357997.0,0.00156637
1784268000,6357997.0,6357997.0,6357997.0,6357997.0,0.0
1784271600,6357997.0,6357997.0,6357997.0,6357997.0,0.0
1784275200,6290000.0,6290000.0,6290000.0,6290000.0,0.31231492
1784278800,6290000.0,6290000.0,6290000.0,6290000.0,0.0
1784282400,6290000.0,6290000.0,6290000.0,6290000.0,0.07917186
1784286000,6290000.0,6328686.0,6290000.0,6328686.0,0.18734238
1784289600,6225307.0,6319263.0,6225307.0,6319263.0,0.02673641
1784293200,6319263.0,6319263.0,6319263.0,6319263.0,0.0
1784296800,6319263.0,6319263.0,6319263.0,6319263.0,0.0
1784300400,6319263.0,6319263.0,6319263.0,6319263.0,0.0
1784304000,6319263.0,6319263.0,6319263.0,6319263.0,0.0
1784307600,6275076.0,6275076.0,6247077.0,6247077.0,0.02340001
1784311200,6259942.0,6259942.0,6259942.0,6259942.0,0.00398518
1784314800,6259942.0,6259942.0,6259942.0,6259942.0,0.0
1784318400,6212833.0,6212833.0,6212833.0,6212833.0,0.00206717
1784322000,6212833.0,6212833.0,6212833.0,6212833.0,0.0
1784325600,6212833.0,6212833.0,6212833.0,6212833.0,0.0
1784329200,6283302.0,6283303.0,6283302.0,6283303.0,0.40049901
1784332800,6283303.0,6283303.0,6283303.0,6283303.0,0.0
1784336400,6283303.0,6283303.0,6283303.0,6283303.0,0.0
1784340000,6283303.0,6283303.0,6283303.0,6283303.0,0.01629699
1784343600,6283303.0,6283303.0,6283303.0,6283303.0,0.0
1784347200,6283303.0,6283303.0,6283303.0,6283303.0,0.00332866
1784350800,6283303.0,6283303.0,6283303.0,6283303.0,0.0
1784354400,6283303.0,6283303.0,6283303.0,6283303.0,0.0
1784358000,6283303.0,6283303.0,6283303.0,6283303.0,0.0
1784361600,6278133.0,6282651.0,6278133.0,6282651.0,0.00531484
1784365200,6282651.0,6282651.0,6282651.0,6282651.0,0.0
1784368800,6274950.0,6274950.0,6274950.0,6274950.0,0.00795942
1784372400,6274950.0,6274950.0,6274950.0,6274950.0,0.0
1784376000,6275398.0,6275398.0,6275398.0,6275398.0,0.00158699
1784379600,6275177.0,6275177.0,6213000.0,6213000.0,0.00690441
1784383200,6274921.0,6274921.0,6274921.0,6274921.0,0.00158711
1784386800,6274408.0,6274408.0,6274408.0,6274408.0,0.00181451
1784390400,6274386.0,6280518.0,6274386.0,6280518.0,0.0337149
1784394000,6280518.0,6280518.0,6280518.0,6280518.0,0.0
1784397600,6283303.0,6450000.0,6283303.0,6450000.0,0.01240206
1784401200,6280844.0,6280844.0,6280844.0,6280844.0,0.00158561
1784404800,6280844.0,6280844.0,6280844.0,6280844.0,0.0
1784408400,6280844.0,6280844.0,6280844.0,6280844.0,0.0
1784412000,6280844.0,6280844.0,6280844.0,6280844.0,0.0
1784415600,6280844.0,6280844.0,6280844.0,6280844.0,0.0
1784419200,6280844.0,6280844.0,6280844.0,6280844.0,0.0
1784422800,6263678.0,6263678.0,6213000.0,6213000.0,0.02801175
1784426400,6213000.0,6213000.0,6213000.0,6213000.0,0.0
1784430000,6213000.0,6213000.0,6213000.0,6213000.0,0.00445388
1784433600,6213000.0,6213000.0,6213000.0,6213000.0,0.0
1784437200,6213000.0,6213000.0,6213000.0,6213000.0,0.00741984
1784440800,6213000.0,6213000.0,6213000.0,6213000.0,0.0
1784444400,6213000.0,6213000.0,6213000.0,6213000.0,0.0
1784448000,6213000.0,6213000.0,6213000.0,6213000.0,0.0
1784451600,6213000.0,6213000.0,6213000.0,6213000.0,0.20077065
1784455200,6213000.0,6213000.0,6213000.0,6213000.0,0.0
1784458800,6213000.0,6213000.0,6213000.0,6213000.0,0.0
1784462400,6213000.0,6213000.0,6212833.0,6212833.0,1.13007406
1784466000,6272436.0,6272436.0,6272436.0,6272436.0,0.00221556
1784469600,6272436.0,6277264.0,6272436.0,6277264.0,0.0015872
1784473200,6276929.0,6278756.0,6212833.0,6212833.0,0.26368286
1784476800,6278840.0,6278840.0,6278840.0,6278840.0,0.03134305
1784480400,6278840.0,6278840.0,6278840.0,6278840.0,0.0
1784484000,6212833.0,6278794.0,6212833.0,6278794.0,0.01806898
1784487600,6278794.0,6278794.0,6278794.0,6278794.0,0.0
1784491200,6278794.0,6278794.0,6278794.0,6278794.0,0.0
1784494800,6278794.0,6278794.0,6278794.0,6278794.0,0.0
1784498400,6278840.0,6278840.0,6278840.0,6278840.0,0.00317224
1784502000,6278840.0,6278840.0,6278840.0,6278840.0,0.0315004
1784505600,6278840.0,6278840.0,6278840.0,6278840.0,0.0
1784509200,6278840.0,6278840.0,6278840.0,6278840.0,0.00158612
1784512800,6228495.0,6228495.0,6228495.0,6228495.0,0.01561248
1784516400,6228495.0,6228495.0,6228495.0,6228495.0,0.0
1784520000,6228495.0,6228495.0,6228495.0,6228495.0,0.0
1784523600,6235886.0,6235886.0,6235886.0,6235886.0,0.00267069
1784527200,6235886.0,6235886.0,6235886.0,6235886.0,0.0
1784530800,6235886.0,6235886.0,6235886.0,6235886.0,0.0
1784534400,6278840.0,6278840.0,6212836.0,6212836.0,0.19031655
1784538000,6218087.0,6218087.0,6218087.0,6218087.0,0.0315004
1784541600,6212833.0,6212833.0,6212833.0,6212833.0,0.0058818
1784545200,6212833.0,6212833.0,6212833.0,6212833.0,0.0
1784548800,6310714.0,6310714.0,6310119.0,6310119.0,0.00545787
1784552400,6314007.0,6450000.0,6314007.0,6450000.0,0.1690278
1784556000,6364950.0,6449994.0,6364950.0,6449994.0,0.00628044
1784559600,6447281.0,6447281.0,6212838.0,6212838.0,0.00854934
1784563200,6212838.0,6212838.0,6212838.0,6212838.0,0.0
1784566800,6395550.0,6395550.0,6375378.0,6375379.0,0.00748415
1784570400,6264721.0,6264721.0,6264721.0,6264721.0,0.00160584
1784574000,6277406.0,6387561.0,6277406.0,6387561.0,0.78273159
1784577600,6387561.0,6387561.0,6387561.0,6387561.0,0.0
1784581200,6374031.0,6374031.0,6374031.0,6374031.0,0.15624414
1784584800,6374031.0,6374031.0,6374031.0,6374031.0,0.0
1784588400,6370598.0,6370598.0,6370598.0,6370598.0,0.00230841
1784592000,6303230.0,6303355.0,6303230.0,6303355.0,0.00425429
1784595600,6303355.0,6303355.0,6303355.0,6303355.0,0.0
1784599200,6370548.0,6370548.0,6370548.0,6370548.0,0.00156328
1784602800,6370548.0,6370548.0,6370548.0,6370548.0,0.0
1784606400,6370548.0,6370548.0,6370548.0,6370548.0,0.0
1784610000,6311556.0,6311556.0,6311556.0,6311556.0,0.00158561
1784613600,6345499.0,6345499.0,6212833.0,6345184.0,0.30742265
1784617200,6450000.0,6450000.0,6335185.0,6423034.0,0.52781131
1784620800,6423034.0,6423034.0,6423034.0,6423034.0,0.0
1784624400,6323173.0,6410094.0,6323173.0,6410094.0,0.00341898
1784628000,6313501.0,6313501.0,6313501.0,6313501.0,0.15
1784631600,6312631.0,6312631.0,6312631.0,6312631.0,0.00230841
1784635200,6274352.0,6274352.0,6274352.0,6274352.0,0.00388244
1784638800,6274352.0,6274352.0,6274352.0,6274352.0,0.0
1784642400,6271605.0,6271605.0,6271605.0,6271605.0,0.00732042
1784646000,6271605.0,6271605.0,6271605.0,6271605.0,0.0
1784649600,6271605.0,6318108.0,6212833.0,6318108.0,0.52522524
1784653200,6311025.0,6311025.0,6311025.0,6311025.0,0.00157803
1784656800,6214523.0,6214523.0,6213814.0,6213814.0,0.00473001
1784660400,6307499.0,6307499.0,6212833.0,6212833.0,0.0156791
1784664000,6212833.0,6212833.0,6212833.0,6212833.0,0.0
1784667600,6212833.0,6212833.0,6212833.0,6212833.0,0.0
1784671200,6212833.0,6212833.0,6212833.0,6212833.0,0.03666005
1784674800,6212833.0,6212833.0,6212833.0,6212833.0,0.0
1784678400,6212833.0,6212833.0,6212833.0,6212833.0,0.0
1784682000,6212833.0,6212833.0,6212833.0,6212833.0,0.0
1784685600,6212833.0,6212833.0,6212833.0,6212833.0,0.0
1784689200,6212833.0,6212833.0,6212833.0,6212833.0,0.0
1784692800,6304259.0,6304259.0,6304259.0,6304259.0,0.04739192
1784696400,6299004.0,6299004.0,6299004.0,6299004.0,0.00158151
1784700000,6299004.0,6299004.0,6299004.0,6299004.0,0.0
1784703600,6299004.0,6299004.0,6299004.0,6299004.0,0.0
1784707200,6219933.0,6219933.0,6219933.0,6219933.0,0.01041689
1784710800,6219933.0,6219933.0,6219933.0,6219933.0,0.0
1784714400,6315872.0,6315872.0,6241585.0,6241585.0,0.00541302
1784718000,6449993.0,6449993.0,6449993.0,6449993.0,0.00415488
1784721600,6449993.0,6449993.0,6449993.0,6449993.0,0.0
1784725200,6278135.0,6278135.0,6278135.0,6278135.0,0.00278299
1784728800,6278135.0,6278135.0,6278135.0,6278135.0,0.0
1784732400,6281454.0,6281454.0,6281454.0,6281454.0,0.00499916
1784736000,6281454.0,6281454.0,6281454.0,6281454.0,0.0
1784739600,6281454.0,6281454.0,6281454.0,6281454.0,0.0
1784743200,6271780.0,6271780.0,6219935.0,6219935.0,0.01027255
1784746800,6247323.0,6247323.0,6212833.0,6212833.0,0.24222072
1784750400,6212992.0,6212992.0,6098394.0,6118850.0,1.76729564
1784754000,6027900.0,6027900.0,6022000.0,6022000.0,0.61812969
1784757600,5946821.0,5946821.0,5864047.0,5864047.0,0.00483597
1784761200,5864047.0,5864047.0,5864047.0,5864047.0,0.0
1784764800,6018702.0,6057538.0,5971957.0,5973308.0,0.02867895
1784768400,5973308.0,5973308.0,5973308.0,5973308.0,0.0
1784772000,5973308.0,5973308.0,5973308.0,5973308.0,0.0
1784775600,5973308.0,5973308.0,5973308.0,5973308.0,0.0
1784779200,6025259.0,6025259.0,6025084.0,6025084.0,0.00991748
1784782800,6025084.0,6025084.0,6025084.0,6025084.0,0.0
1784786400,5999500.0,5999506.0,5999500.0,5999506.0,0.0960068
1784790000,5999506.0,5999506.0,5999506.0,5999506.0,0.0
1784793600,5983670.0,5988280.0,5864043.0,5970072.0,4.03641815
1784797200,5968106.0,5968106.0,5968106.0,5968106.0,0.1672043
1784800800,5968106.0,5968106.0,5968106.0,5968106.0,0.0
1784804400,5921696.0,6395990.0,5864043.0,5888760.0,0.04926613
1784808000,5864043.0,5893751.0,5864043.0,5864043.0,0.8713823
1784811600,5864043.0,6395990.0,5715421.0,5715421.0,9.70861143
1784815200,5715421.0,5715421.0,5715421.0,5715421.0,0.0
1784818800,5747125.0,5919534.0,5664268.0,5742494.0,0.5960871
1784822400,5822298.0,5832296.0,5733857.0,5745462.0,0.01205769
1784826000,5813256.0,5919539.0,5729752.0,5919539.0,1.03982359
1784829600,5919539.0,5919539.0,5919539.0,5919539.0,0.0
1784833200,5792596.0,5792596.0,5706560.0,5706560.0,0.01323032
1784836800,5706560.0,5706560.0,5706560.0,5706560.0,0.0
1784840400,5706560.0,5706560.0,5706560.0,5706560.0,0.0
1784844000,5802681.0,5802681.0,5715898.0,5715898.0,0.00541162
1784847600,5715898.0,5715898.0,5715898.0,5715898.0,0.0
1784851200,5707421.0,5813014.0,5707421.0,5813014.0,0.09466575
1784854800,5727580.0,5874325.0,5727580.0,5803523.0,0.00872231
1784858400,5803523.0,5803523.0,5803523.0,5803523.0,0.0
1784862000,5727576.0,5727576.0,5727576.0,5727576.0,0.00308891
1784865600,5727576.0,5780003.0,5727576.0,5780003.0,0.03674698
1784869200,5727577.0,5777656.0,5727577.0,5777656.0,0.01009279
1784872800,5777656.0,5777656.0,5777656.0,5777656.0,0.0
1784876400,5783082.0,5786490.0,5783082.0,5786490.0,0.6545987
1784880000,5727576.0,5727576.0,5727576.0,5727576.0,0.02712766
1784883600,5796154.0,5816875.0,5743504.0,5743504.0,0.19411134
1784887200,5727580.0,5727580.0,5727580.0,5727580.0,0.02344817
1784890800,5794884.0,6249993.0,5000000.0,5702366.0,1.68529125
1784894400,5670238.0,5670238.0,5200001.0,5200001.0,0.02718184
1784898000,5711310.0,6249974.0,5711310.0,6249974.0,0.23815513
1784901600,5779593.0,6249964.0,5764305.0,5764305.0,0.05122713
1784905200,6249958.0,6249958.0,5678021.0,5678021.0,0.78578404
1784908800,5678021.0,5678021.0,5678021.0,5678021.0,0.0
1784912400,5718291.0,5718291.0,5718291.0,5718291.0,0.00813222
1784916000,5718291.0,5718291.0,5718291.0,5718291.0,0.0
1784919600,5718291.0,5718291.0,5718291.0,5718291.0,0.0
1784923200,5718291.0,5718291.0,5718291.0,5718291.0,0.0
1784926800,5786611.0,5786611.0,5786611.0,5786611.0,0.0094513
1784930400,5783535.0,5783542.0,5783535.0,5783542.0,0.04821495
1784934000,6222556.0,6222556.0,6222556.0,6222556.0,0.00225228
1784937600,5680361.0,6222556.0,5000010.0,5678938.0,7.0326675
1784941200,5758085.0,5758085.0,5758085.0,5758085.0,0.0017372
1784944800,5758085.0,5758085.0,5758085.0,5758085.0,0.0
1784948400,5758085.0,5758085.0,5758085.0,5758085.0,0.0
1784952000,5764762.0,5764763.0,5764762.0,5764763.0,0.04318928
1784955600,5764763.0,5764763.0,5764763.0,5764763.0,0.0
1784959200,5713617.0,5713617.0,5713617.0,5713617.0,0.03645591
1784962800,5713617.0,5713617.0,5713617.0,5713617.0,0.0
1784966400,5713617.0,5713617.0,5713617.0,5713617.0,0.0
1784970000,5675030.0,5675030.0,5675030.0,5675030.0,0.00317224
1784973600,5675030.0,5675030.0,5675030.0,5675030.0,0.0
1784977200,5675030.0,5675030.0,5675030.0,5675030.0,0.0
1784980800,5759034.0,5759034.0,5759034.0,5759034.0,0.0043318
1784984400,5759034.0,5759034.0,5759034.0,5759034.0,0.0
1784988000,5689609.0,5702165.0,5689609.0,5702165.0,0.03787537
1784991600,5702164.0,5749500.0,5702164.0,5749462.0,0.07164617
1784995200,5677164.0,5753781.0,5677164.0,5753781.0,0.09174929
1784998800,5753781.0,5753781.0,5753781.0,5753781.0,0.0
1785002400,5753781.0,5753781.0,5753781.0,5753781.0,0.0
1785006000,5749961.0,5749961.0,5749961.0,5749961.0,0.00200036
1785009600,5749961.0,5749961.0,5749961.0,5749961.0,0.0
1785013200,5749961.0,5749961.0,5749961.0,5749961.0,0.0
1785016800,5749961.0,5749961.0,5749961.0,5749961.0,0.0
1785020400,5749961.0,5749961.0,5749961.0,5749961.0,0.0
1785024000,5749957.0,5749957.0,5749957.0,5749957.0,0.0124667
1785027600,5749957.0,5749961.0,5749957.0,5749957.0,0.02957656
1785031200,5749957.0,5749957.0,5749957.0,5749957.0,0.0
1785034800,5708282.0,5749957.0,5708282.0,5749957.0,0.0057163
1785038400,5749957.0,5749961.0,5710772.0,5710772.0,0.10387663
1785042000,5710772.0,5710772.0,5710772.0,5710772.0,0.0
1785045600,5749961.0,5749961.0,5749961.0,5749961.0,0.00433863
1785049200,5749961.0,5749961.0,5749961.0,5749961.0,0.0
1785052800,5749957.0,5749957.0,5749957.0,5749957.0,0.03347938
1785056400,5749957.0,5749957.0,5749957.0,5749957.0,0.0
1785060000,5749957.0,5749957.0,5749957.0,5749957.0,0.0
1785063600,5749961.0,5749961.0,5749961.0,5749961.0,0.00190592
1785067200,5749961.0,5749961.0,5749961.0,5749961.0,0.00230992
1785070800,5723220.0,5749957.0,5710772.0,5749957.0,0.09314451
1785074400,5749957.0,5749961.0,5749957.0,5749961.0,0.00519603
1785078000,5749961.0,5749961.0,5749961.0,5749961.0,0.0
1785081600,5749961.0,5749961.0,5749961.0,5749961.0,0.0
1785085200,5749961.0,5759961.0,5749961.0,5759961.0,0.34078443
1785088800,5751141.0,5751141.0,5751141.0,5751141.0,0.00304344
1785092400,5751141.0,5751141.0,5751141.0,5751141.0,0.0
1785096000,5751141.0,5751141.0,5751141.0,5751141.0,0.0
1785099600,5751141.0,5751141.0,5751141.0,5751141.0,0.0
1785103200,5751141.0,5751141.0,5751141.0,5751141.0,0.0
1785106800,5715579.0,5715579.0,5715579.0,5715579.0,0.00225228
1785110400,5715579.0,5715579.0,5715579.0,5715579.0,0.0
1785114000,5715579.0,5715579.0,5715579.0,5715579.0,0.0
1785117600,6221243.0,6221243.0,6221243.0,6221243.0,0.00581539
1785121200,6221243.0,6221243.0,6221243.0,6221243.0,0.0
1785124800,5716574.0,6109998.0,5222970.0,5700000.0,2.32515342
1785128400,5700000.0,5700000.0,5700000.0,5700000.0,0.0
1785132000,5799993.0,5800000.0,5799993.0,5800000.0,0.0318438
1785135600,5800000.0,5800000.0,5800000.0,5800000.0,0.0
1785139200,5799996.0,5799996.0,5799996.0,5799996.0,0.00171707
1785142800,5226950.0,5226950.0,5226950.0,5226950.0,0.00867214
1785146400,5799996.0,5799998.0,5226954.0,5229996.0,0.09592703
1785150000,5799996.0,5799998.0,5799996.0,5799998.0,0.01891655
1785153600,5799998.0,5799998.0,5799998.0,5799998.0,0.0
1785157200,5800000.0,5800000.0,5800000.0,5800000.0,0.07380877
1785160800,5230918.0,5230918.0,5230900.0,5230900.0,0.08586051
1785164400,5230947.0,5984992.0,5229006.0,5980007.0,0.06377393
1785168000,5980007.0,5980007.0,5980007.0,5980007.0,0.0
1785171600,5229028.0,5229028.0,5229026.0,5229026.0,0.0026688
1785175200,5229026.0,5949790.0,5229004.0,5949730.0,0.10732443
1785178800,5949391.0,5949391.0,5949391.0,5949391.0,0.00188557
1785182400,5949391.0,5949391.0,5949391.0,5949391.0,0.0
1785186000,5949391.0,5949391.0,5949391.0,5949391.0,0.0
1785189600,5949391.0,5949391.0,5949391.0,5949391.0,0.0
1785193200,5949391.0,5949391.0,5949391.0,5949391.0,0.0
1785196800,5949391.0,5949391.0,5949391.0,5949391.0,0.0
1785200400,5939593.0,5939593.0,5939593.0,5939593.0,0.00217961
1785204000,5230034.0,5937067.0,5230030.0,5230045.0,0.1588082
1785207600,5934620.0,5934620.0,5934620.0,5934620.0,0.00322244
1785211200,5230076.0,5932030.0,5230074.0,5932030.0,0.03403049
1785214800,5932030.0,5932030.0,5932030.0,5932030.0,0.0
1785218400,5901087.0,5901087.0,5901087.0,5901087.0,0.00633696
1785222000,5900423.0,5900423.0,5900423.0,5900423.0,0.00421952
1785225600,5230296.0,5899831.0,5230270.0,5899831.0,0.0168389
1785229200,5899831.0,5899831.0,5899831.0,5899831.0,0.0
1785232800,5899831.0,5899831.0,5899831.0,5899831.0,0.0
1785236400,5888012.0,5888013.0,5230688.0,5230816.0,0.08273464
1785240000,5865010.0,5865010.0,5301143.0,5845002.0,0.05838028
1785243600,5845001.0,5845001.0,5845001.0,5845001.0,0.07359711
1785247200,5845001.0,5845001.0,5845001.0,5845001.0,0.1415612
1785250800,5845001.0,5885005.0,5301761.0,5885005.0,0.0640959
1785254400,5885005.0,5888013.0,5885005.0,5888013.0,0.00708474
1785258000,5888013.0,6000000.0,5888013.0,6000000.0,0.05417534
1785261600,6000000.0,6000000.0,6000000.0,6000000.0,0.01265249
1785265200,6000000.0,6000000.0,6000000.0,6000000.0,0.0
1785268800,6000000.0,6000000.0,6000000.0,6000000.0,0.0
1785272400,6000000.0,6000000.0,6000000.0,6000000.0,0.00663933
1785276000,6000000.0,6000000.0,6000000.0,6000000.0,0.0
1785279600,6000000.0,6000000.0,6000000.0,6000000.0,0.0
1785283200,6000000.0,6000000.0,6000000.0,6000000.0,0.0
1785286800,5304666.0,5304666.0,5304666.0,5304666.0,0.00259017
1785290400,5999998.0,6000000.0,5999998.0,6000000.0,0.06421933
1785294000,5305812.0,5305812.0,5305812.0,5305812.0,0.00284516
1785297600,5305812.0,5305812.0,5305812.0,5305812.0,0.0
1785301200,5309359.0,5309359.0,5309359.0,5309359.0,0.0139314
1785304800,5999990.0,6100000.0,5309306.0,5309306.0,2.47905464
1785308400,5999994.0,6000000.0,5309310.0,5999997.0,0.04478701
1785312000,5309310.0,6000000.0,5309310.0,6000000.0,3.45606276
1785315600,6000000.0,6000000.0,6000000.0,6000000.0,0.0
1785319200,5318559.0,6099554.0,5318559.0,5320023.0,0.02147909
1785322800,5320908.0,6099427.0,5320908.0,6099427.0,0.02281997
1785326400,6099678.0,6099678.0,6099542.0,6099544.0,0.02390476
1785330000,6099338.0,6099338.0,5330147.0,6099336.0,0.02215595
1785333600,6099212.0,6099212.0,5330136.0,6099060.0,0.01573326
1785337200,6098980.0,6098980.0,5330916.0,5330916.0,0.00947946
1785340800,5330921.0,5330921.0,5330920.0,5330920.0,0.01304127
1785344400,5330920.0,5330920.0,5330920.0,5330920.0,0.0
1785348000,6099666.0,6099666.0,6099666.0,6099666.0,0.00203404
1785351600,6099666.0,6099666.0,6099666.0,6099666.0,0.0
1785355200,6099666.0,6099666.0,6099666.0,6099666.0,0.0
1785358800,6079794.0,6079795.0,6079757.0,6079757.0,0.0174802
1785362400,6079757.0,6079757.0,6079757.0,6079757.0,0.0
1785366000,6079757.0,6079757.0,6079757.0,6079757.0,0.0
1785369600,6079757.0,6079757.0,6079757.0,6079757.0,0.0
1785373200,6079668.0,6079668.0,6079668.0,6079668.0,0.00180174
1785376800,6079668.0,6079996.0,5340208.0,5340208.0,0.0148184
1785380400,5340213.0,6079995.0,5340213.0,6079995.0,0.01671162
1785384000,5350254.0,5350254.0,5350254.0,5350254.0,0.00253881
1785387600,5361025.0,5361025.0,5361024.0,5361024.0,0.02380216
1785391200,6079567.0,6079567.0,6079364.0,6079364.0,0.05033636
1785394800,5366046.0,5366046.0,5366046.0,5366046.0,0.00353468
1785398400,6079526.0,6079526.0,6049999.0,6049999.0,0.03693771
1785402000,6049964.0,6049964.0,5381008.0,5381008.0,0.00569631
1785405600,5381008.0,5381008.0,5381008.0,5381008.0,0.0
1785409200,5999999.0,6080000.0,5400025.0,5995000.0,1.04127742
1785412800,5995000.0,5995000.0,5995000.0,5995000.0,0.0
1785416400,5995000.0,5995000.0,5995000.0,5995000.0,0.0
1785420000,5994996.0,5995000.0,5898227.0,5898227.0,0.29310997
1785423600,5898227.0,5898227.0,5898227.0,5898227.0,0.02622858
1785427200,6064555.0,6064555.0,6062931.0,6062931.0,0.00454964
1785430800,6062960.0,6062960.0,6062960.0,6062960.0,0.00411465
1785434400,5898227.0,5898227.0,5400126.0,5400126.0,0.48905606
1785438000,6062428.0,6062428.0,6062428.0,6062428.0,0.00630061
1785441600,6062709.0,6062709.0,6062709.0,6062709.0,0.00830008
1785445200,6062709.0,6062709.0,6062709.0,6062709.0,0.0
1785448800,6062709.0,6062709.0,6062709.0,6062709.0,0.0
1785452400,6062709.0,6062709.0,6062709.0,6062709.0,0.0
1785456000,6062811.0,6062811.0,6062811.0,6062811.0,0.01631141
1785459600,6040000.0,6065000.0,5732566.0,5732566.0,2.16327875
1785463200,5732791.0,5732791.0,5732791.0,5732791.0,0.00224412
1785466800,5732791.0,5732791.0,5732791.0,5732791.0,0.0
1785470400,5733106.0,6100000.0,5733106.0,6100000.0,2.93386345
1785474000,6249736.0,6249736.0,6105004.0,6249516.0,0.14163493
1785477600,6249425.0,6249425.0,6249425.0,6249425.0,0.00548194
1785481200,5733168.0,5734006.0,5733168.0,5734004.0,0.0773659
1785484800,5734004.0,6248589.0,5734004.0,6248589.0,0.00865161
1785488400,5734065.0,5734065.0,5734064.0,5734064.0,0.02221824
1785492000,5734064.0,5734064.0,5734064.0,5734064.0,0.0
1785495600,5734004.0,5734004.0,5733063.0,5733063.0,0.52540702
1785499200,5733063.0,5733063.0,5733063.0,5733063.0,0.0
1785502800,6247123.0,6247123.0,6246974.0,6246974.0,0.0339016
1785506400,6003791.0,6260000.0,6003791.0,6260000.0,2.7266113
1785510000,6299996.0,6299996.0,6004015.0,6004015.0,0.00951685
1785513600,6299995.0,6299995.0,6299995.0,6299995.0,0.00395984
1785517200,6299995.0,6350001.0,6004092.0,6004167.0,0.17864232
1785520800,6004167.0,6004167.0,6004167.0,6004167.0,0.0
1785524400,6004167.0,6004167.0,6004167.0,6004167.0,0.0
1785528000,6004167.0,6004167.0,6004167.0,6004167.0,0.0
1785531600,6004167.0,6004167.0,6004167.0,6004167.0,0.0
1785535200,6349996.0,6349997.0,6003946.0,6004009.0,0.00898019
1785538800,6004009.0,6004009.0,6004009.0,6004009.0,0.0
1785542400,6004511.0,6004511.0,6004511.0,6004511.0,0.00328153
1785546000,6004511.0,6004511.0,6004511.0,6004511.0,0.0
1785549600,6349994.0,6350001.0,6349989.0,6349989.0,0.01111022
1785553200,6349999.0,6350000.0,6005377.0,6005377.0,0.01926661
1785556800,6349999.0,6349999.0,6349999.0,6349999.0,0.03136709
1785560400,6005584.0,6005584.0,6005584.0,6005584.0,0.00323919
1785564000,6349994.0,6349994.0,6006215.0,6006215.0,0.00491558
1785567600,6349997.0,6349998.0,6006305.0,6006677.0,0.01864991
1785571200,6006677.0,6006677.0,6006677.0,6006677.0,0.0
1785574800,6349928.0,6349928.0,6007546.0,6007546.0,0.00485473
1785578400,6007546.0,6007546.0,6007546.0,6007546.0,0.0
1785582000,6349983.0,6349983.0,6008511.0,6008511.0,0.01931503
1785585600,6008258.0,6008258.0,6008232.0,6008232.0,0.00613373
1785589200,6008338.0,6008338.0,6008338.0,6008338.0,0.004
1785592800,6008338.0,6008338.0,6008338.0,6008338.0,0.0
1785596400,6008609.0,6008609.0,6008604.0,6008604.0,0.00915351
1785600000,6349695.0,6349695.0,6008318.0,6008318.0,0.00870888
1785603600,6349455.0,6349455.0,6008634.0,6008634.0,0.02143111
1785607200,6349896.0,6349896.0,6008309.0,6008309.0,0.00904119
1785610800,6008309.0,6008309.0,6008309.0,6008309.0,0.0
1785614400,6008309.0,6008309.0,6008309.0,6008309.0,0.0
1785618000,6008309.0,6008309.0,6008309.0,6008309.0,0.0
1785621600,6349540.0,6349562.0,6008789.0,6008789.0,0.0128731
1785625200,6349498.0,6349498.0,6349498.0,6349498.0,0.0156847
1785628800,6349498.0,6349499.0,6349498.0,6349499.0,0.00920198
1785632400,6010077.0,6010077.0,6010077.0,6010077.0,0.01631141
1785636000,6010766.0,6010766.0,6010766.0,6010766.0,0.00920198
1785639600,6009526.0,6009641.0,6009525.0,6009641.0,0.01766235
1785643200,6009826.0,6009879.0,6009826.0,6009879.0,0.00571801
1785646800,6349565.0,6349565.0,6349565.0,6349565.0,0.00201809
1785650400,6010192.0,6349565.0,6010192.0,6349565.0,0.00661681
1785654000,6349545.0,6349545.0,6349545.0,6349545.0,0.00252065
1785657600,6349545.0,6349545.0,6349545.0,6349545.0,0.0
1785661200,6349545.0,6349545.0,6349545.0,6349545.0,0.0
1785664800,6349549.0,6349549.0,6349549.0,6349549.0,0.01557543
1785668400,6349549.0,6349549.0,6349549.0,6349549.0,0.0
1785672000,6349549.0,6349549.0,6349549.0,6349549.0,0.0
1785675600,6348960.0,6348999.0,6348960.0,6348999.0,0.03115247
1785679200,6013282.0,6013282.0,6013282.0,6013282.0,0.00260173
1785682800,6013282.0,6013282.0,6013282.0,6013282.0,0.0
1785686400,6013406.0,6013406.0,6013406.0,6013406.0,0.00252065
1785690000,6013406.0,6013406.0,6013406.0,6013406.0,0.0
1785693600,6013406.0,6013406.0,6013406.0,6013406.0,0.0
1785697200,6013406.0,6013406.0,6013406.0,6013406.0,0.0
1785700800,6013406.0,6013406.0,6013406.0,6013406.0,0.0
1785704400,6015845.0,6015845.0,6015845.0,6015845.0,0.00201809
1785708000,6015845.0,6015845.0,6015845.0,6015845.0,0.0
1785711600,6015845.0,6015845.0,6015845.0,6015845.0,0.0
1785715200,6348977.0,6350000.0,6348977.0,6350000.0,0.28829041
1785718800,6350000.0,6350000.0,6350000.0,6350000.0,0.01382163
1785722400,6350000.0,6350000.0,6350000.0,6350000.0,0.0
1785726000,6350000.0,6350000.0,6350000.0,6350000.0,0.003263
1785729600,6350000.0,6350000.0,6350000.0,6350000.0,0.0
1785733200,6350000.0,6350000.0,6350000.0,6350000.0,0.0
1785736800,6350001.0,6350001.0,6350001.0,6350001.0,0.01720826
1785740400,6350001.0,6350001.0,6350001.0,6350001.0,0.0
1785744000,6350001.0,6395990.0,6350001.0,6395990.0,0.00417325
1785747600,6395990.0,6395990.0,6395990.0,6395990.0,0.0
1785751200,6395990.0,6500000.0,6395990.0,6500000.0,0.41497179
1785754800,6592105.0,6592105.0,6390000.0,6500261.0,0.2710492
1785758400,6584516.0,6584516.0,6584516.0,6584516.0,0.0173062
1785762000,6584476.0,6584476.0,6505450.0,6584413.0,0.086414
1785765600,6626048.0,6699142.0,6594735.0,6600998.0,0.48573038
1785769200,6616385.0,6700000.0,6605113.0,6700000.0,0.30435115
1785772800,6750007.0,6750026.0,6736983.0,6750026.0,0.23968065
1785776400,6605113.0,6750026.0,6048999.0,6722490.0,0.53622724
1785780000,6722490.0,6722490.0,6722490.0,6722490.0,0.0
1785783600,6722490.0,6722490.0,6722490.0,6722490.0,0.0
1785787200,6722490.0,6722490.0,6722490.0,6722490.0,0.0
1785790800,6738090.0,6738090.0,6738090.0,6738090.0,0.00205577
1785794400,6737889.0,6737889.0,6737889.0,6737889.0,0.00200626
1785798000,6737889.0,6737889.0,6737889.0,6737889.0,0.0
1785801600,6726152.0,6726152.0,6726152.0,6726152.0,0.02961291
1785805200,6125359.0,6125359.0,6125359.0,6125359.0,0.00390294
1785808800,6699902.0,6699902.0,6699902.0,6699902.0,0.01512496
1785812400,6708435.0,6708435.0,6708090.0,6708090.0,0.0567272
1785816000,6708090.0,6708090.0,6708090.0,6708090.0,0.0
1785819600,6125363.0,6125363.0,6125363.0,6125363.0,0.00150469
1785823200,6737685.0,6737685.0,6737685.0,6737685.0,0.08524436
1785826800,6692207.0,6692207.0,6692207.0,6692207.0,0.00272777
1785830400,6706697.0,6706698.0,6706697.0,6706698.0,0.07382395
1785834000,6617769.0,6617769.0,6617769.0,6617769.0,0.0018884
1785837600,6703096.0,6703096.0,6703096.0,6703096.0,0.0017826
1785841200,6703096.0,6703096.0,6703096.0,6703096.0,0.0
1785844800,6586461.0,6586461.0,6586461.0,6586461.0,0.14650529
1785848400,6139001.0,6698844.0,6139001.0,6698844.0,0.01006905
1785852000,6750027.0,6750027.0,6750027.0,6750027.0,0.44405722
1785855600,6750027.0,6750027.0,6750027.0,6750027.0,0.0029508
1785859200,6750027.0,6750027.0,6750027.0,6750027.0,0.0
1785862800,6750027.0,6756878.0,6750027.0,6756878.0,1.89968216
1785866400,6850000.0,6850000.0,6850000.0,6850000.0,0.00145386
1785870000,6850000.0,6850000.0,6850000.0,6850000.0,0.0
1785873600,6850000.0,6850000.0,6850000.0,6850000.0,0.0
1785877200,6850000.0,6850000.0,6850000.0,6850000.0,0.0
1785880800,6850000.0,6850000.0,6850000.0,6850000.0,0.0
1785884400,6850000.0,6850000.0,6850000.0,6850000.0,0.0
1785888000,6850000.0,6850000.0,6850000.0,6850000.0,0.0
1785891600,6850000.0,6850000.0,6850000.0,6850000.0,0.0
1785895200,6846076.0,6849995.0,6846076.0,6849995.0,0.01531157
1785898800,6849917.0,6849917.0,6849917.0,6849917.0,0.00345449
1785902400,6762694.0,6762694.0,6762694.0,6762694.0,0.01531157
1785906000,6150999.0,6150999.0,6150999.0,6150999.0,0.00208116
1785909600,6764816.0,6849995.0,6764816.0,6849995.0,0.01321331
1785913200,6770815.0,6849995.0,6770815.0,6849995.0,0.03793067
1785916800,6849995.0,6877816.0,6849995.0,6877816.0,0.74023639
1785920400,6887595.0,6887595.0,6804629.0,6804629.0,0.00366392
1785924000,6850000.0,6899916.0,6155993.0,6899916.0,0.35878133
1785927600,6891031.0,6891031.0,6891031.0,6891031.0,0.00199273
1785931200,6899916.0,6899916.0,6785788.0,6785788.0,0.0185517
1785934800,6899912.0,6899912.0,6500001.0,6891468.0,0.02449805
1785938400,6899912.0,6899912.0,6899912.0,6899912.0,0.001479
1785942000,6899912.0,6899912.0,6899912.0,6899912.0,0.0
1785945600,6550000.0,6550000.0,6170682.0,6170682.0,0.06794268
1785949200,6471708.0,6564865.0,6471708.0,6538409.0,0.01845599
1785952800,6526254.0,6526254.0,6426874.0,6426874.0,0.03521402
1785956400,6525193.0,6525193.0,6444418.0,6456300.0,0.62112902
1785960000,6530226.0,6549773.0,6530226.0,6549773.0,2.07205542
1785963600,6549773.0,6549773.0,6549773.0,6549773.0,0.0
1785967200,6538928.0,6538928.0,6538928.0,6538928.0,0.02993028
1785970800,6538928.0,6538928.0,6538928.0,6538928.0,0.0
1785974400,6538928.0,6538928.0,6538928.0,6538928.0,0.0
1785978000,6538928.0,6538928.0,6538928.0,6538928.0,0.0
1785981600,6538928.0,6538928.0,6538928.0,6538928.0,0.0
1785985200,6200034.0,6494601.0,6170999.0,6494601.0,2.13294294
1785988800,6494601.0,6494601.0,6494601.0,6494601.0,0.0
1785992400,6490998.0,6496060.0,6490998.0,6493101.0,0.43448098
1785996000,6494392.0,6523331.0,6494392.0,6523331.0,0.16341681
1785999600,6588100.0,6588100.0,6496321.0,6525758.0,0.0600118
1786003200,6505474.0,6505474.0,6505474.0,6505474.0,0.00334772
1786006800,6495455.0,6495455.0,6495455.0,6495455.0,0.00383986
1786010400,6495455.0,6495455.0,6495455.0,6495455.0,0.0
1786014000,6505174.0,6588106.0,6467223.0,6467223.0,0.07765306
1786017600,6467187.0,6467187.0,6467187.0,6467187.0,0.00153992
1786021200,6523388.0,6523388.0,6523388.0,6523388.0,0.00225588
1786024800,6518611.0,6518611.0,6419957.0,6431653.0,0.71504192
1786028400,6494874.0,6494874.0,6494874.0,6494874.0,0.02237841
1786032000,6407288.0,6476811.0,6407288.0,6476811.0,0.07118707
1786035600,6476811.0,6476811.0,6476811.0,6476811.0,0.0
1786039200,6476811.0,6476811.0,6476811.0,6476811.0,0.0
1786042800,6370107.0,6370107.0,6370107.0,6370107.0,0.07643324
1786046400,6388874.0,6388874.0,6388874.0,6388874.0,0.03779888
1786050000,6200455.0,6481714.0,6200452.0,6385216.0,0.02296737
1786053600,6389971.0,6401563.0,6389971.0,6390760.0,0.0428201
1786057200,6432246.0,6479186.0,6432246.0,6479186.0,0.01101679
1786060800,6400382.0,6400382.0,6400382.0,6400382.0,0.04851164
1786064400,6411868.0,6411868.0,6411868.0,6411868.0,0.0031125
1786068000,6419807.0,6419965.0,6385384.0,6419278.0,0.02199771
1786071600,6419278.0,6419278.0,6419278.0,6419278.0,0.0
1786075200,6415825.0,6415825.0,6415825.0,6415825.0,0.00643783
1786078800,6379731.0,6379731.0,6379731.0,6379731.0,0.00805074
1786082400,6418665.0,6418665.0,6418665.0,6418665.0,0.03878937
1786086000,6385144.0,6418669.0,6385144.0,6418669.0,0.0053419
1786089600,6418669.0,6418669.0,6418669.0,6418669.0,0.0
1786093200,6398617.0,6398617.0,6395694.0,6395698.0,0.07353038
1786096800,6418669.0,6418669.0,6200542.0,6200542.0,0.00796636
1786100400,6418668.0,6418668.0,6418668.0,6418668.0,0.00155156
1786104000,6418652.0,6418652.0,6418652.0,6418652.0,0.00317325
1786107600,6368102.0,6368102.0,6368102.0,6368102.0,0.03320706
1786111200,6368102.0,6368102.0,6368102.0,6368102.0,0.0
1786114800,6405980.0,6405980.0,6405980.0,6405980.0,0.00824885
1786118400,6405980.0,6405980.0,6405980.0,6405980.0,0.0
1786122000,6405980.0,6405980.0,6405980.0,6405980.0,0.0
1786125600,6405980.0,6405980.0,6405980.0,6405980.0,0.0
1786129200,6405980.0,6405980.0,6405980.0,6405980.0,0.0
1786132800,6405980.0,6405980.0,6405980.0,6405980.0,0.0
1786136400,6405980.0,6405980.0,6405980.0,6405980.0,0.0
1786140000,6316510.0,6316510.0,6316510.0,6316510.0,0.00175175
1786143600,6367938.0,6367938.0,6273161.0,6273161.0,0.00344063
1786147200,6367777.0,6367777.0,6275461.0,6278287.0,0.01692809
1786150800,6331999.0,6336305.0,6331999.0,6336305.0,0.03930982
1786154400,6375484.0,6375484.0,6375484.0,6375484.0,0.00781038
1786158000,6375484.0,6375484.0,6375484.0,6375484.0,0.0
1786161600,6375484.0,6375484.0,6375484.0,6375484.0,0.0
1786165200,6375484.0,6375484.0,6375484.0,6375484.0,0.0
1786168800,6375484.0,6375484.0,6375484.0,6375484.0,0.0
1786172400,6371686.0,6371686.0,6371686.0,6371686.0,0.01172279
1786176000,6372503.0,6372503.0,6290486.0,6290486.0,0.01858115
1786179600,6372583.0,6372583.0,6295592.0,6295592.0,0.00460464
1786183200,6295592.0,6295592.0,6295592.0,6295592.0,0.0
1786186800,6372206.0,6372206.0,6372206.0,6372206.0,0.00614229
1786190400,6371850.0,6371850.0,6371850.0,6371850.0,0.01947268
1786194000,6371850.0,6371850.0,6371850.0,6371850.0,0.0
1786197600,6290482.0,6290482.0,6290482.0,6290482.0,0.02285876
1786201200,6290482.0,6290482.0,6290482.0,6290482.0,0.0
1786204800,6290482.0,6290482.0,6290482.0,6290482.0,0.0
1786208400,6290482.0,6290482.0,6290482.0,6290482.0,0.0
1786212000,6372256.0,6372256.0,6372256.0,6372256.0,0.00218792
1786215600,6372256.0,6372256.0,6372256.0,6372256.0,0.0
1786219200,6303191.0,6303191.0,6303191.0,6303191.0,0.00188557
1786222800,6303191.0,6303191.0,6303191.0,6303191.0,0.0
1786226400,6372612.0,6372612.0,6372612.0,6372612.0,0.00173633
1786230000,6372612.0,6372612.0,6372612.0,6372612.0,0.0
1786233600,6372612.0,6372612.0,6372612.0,6372612.0,0.0
1786237200,6372376.0,6372376.0,6372376.0,6372376.0,0.00625104
1786240800,6372134.0,6372134.0,6311135.0,6371913.0,0.01456918
1786244400,6371913.0,6371913.0,6371913.0,6371913.0,0.0
1786248000,6371913.0,6371913.0,6371913.0,6371913.0,0.0
1786251600,6371913.0,6371913.0,6371913.0,6371913.0,0.0
1786255200,6371913.0,6371913.0,6371913.0,6371913.0,0.0
1786258800,6307072.0,6307072.0,6290482.0,6290482.0,0.15283841
1786262400,6290482.0,6290482.0,6290482.0,6290482.0,0.0
1786266000,6290482.0,6290482.0,6290482.0,6290482.0,0.0
1786269600,6290482.0,6290482.0,6290482.0,6290482.0,0.0
1786273200,6290482.0,6290482.0,6290482.0,6290482.0,0.0
1786276800,6324558.0,6324558.0,6324558.0,6324558.0,0.03198
1786280400,6324558.0,6324558.0,6324558.0,6324558.0,0.0
1786284000,6324558.0,6324558.0,6324558.0,6324558.0,0.0
1786287600,6324558.0,6324558.0,6324558.0,6324558.0,0.0
1786291200,6324558.0,6324558.0,6324558.0,6324558.0,0.0
1786294800,6372626.0,6372626.0,6372626.0,6372626.0,0.00277891
1786298400,6372626.0,6372626.0,6372626.0,6372626.0,0.0
1786302000,6372626.0,6372626.0,6372626.0,6372626.0,0.0
1786305600,6372626.0,6372626.0,6372626.0,6372626.0,0.0
1786309200,6372630.0,6372630.0,6372630.0,6372630.0,0.00173633
1786312800,6372630.0,6372630.0,6372630.0,6372630.0,0.0
1786316400,6372630.0,6372630.0,6372630.0,6372630.0,0.0
1786320000,6372630.0,6372630.0,6372630.0,6372630.0,0.0
1786323600,6372630.0,6372630.0,6372630.0,6372630.0,0.0
1786327200,6352110.0,6352110.0,6352110.0,6352110.0,0.00277891
1786330800,6352110.0,6352110.0,6352110.0,6352110.0,0.0
1786334400,6352110.0,6372630.0,6352110.0,6372630.0,0.00506885
1786338000,6372630.0,6372630.0,6372630.0,6372630.0,0.0
1786341600,6352110.0,6352110.0,6290486.0,6290486.0,0.03320706
1786345200,6290486.0,6290486.0,6290486.0,6290486.0,0.0
1786348800,6290486.0,6290486.0,6290486.0,6290486.0,0.0
1786352400,6301432.0,6301432.0,6301066.0,6301066.0,0.20867105
1786356000,6301066.0,6301066.0,6301066.0,6301066.0,0.0
1786359600,6301066.0,6301066.0,6301066.0,6301066.0,0.0
1786363200,6301066.0,6301066.0,6301066.0,6301066.0,0.0
1786366800,6301100.0,6301100.0,6290482.0,6290482.0,0.36460166
1786370400,6290482.0,6290482.0,6290482.0,6290482.0,0.0
1786374000,6290482.0,6290482.0,6290482.0,6290482.0,0.0
1786377600,6290482.0,6290482.0,6290482.0,6290482.0,0.0
1786381200,6349855.0,6349855.0,6290482.0,6290482.0,0.01382298
1786384800,6290482.0,6290482.0,6290482.0,6290482.0,0.0
1786388400,6290482.0,6290482.0,6290482.0,6290482.0,0.0
1786392000,6290482.0,6290482.0,6290482.0,6290482.0,0.0
1786395600,6372630.0,6398938.0,6372630.0,6398938.0,0.03892017
1786399200,6398624.0,6398624.0,6398624.0,6398624.0,0.00172927
1786402800,6303690.0,6303690.0,6303690.0,6303690.0,0.0044298
1786406400,6303690.0,6303690.0,6303690.0,6303690.0,0.0
1786410000,6395957.0,6395957.0,6395957.0,6395957.0,0.00172999
1786413600,6395957.0,6395957.0,6395957.0,6395957.0,0.0
1786417200,6395957.0,6395957.0,6395957.0,6395957.0,0.0
1786420800,6395957.0,6395957.0,6395957.0,6395957.0,0.0
1786424400,6395957.0,6395957.0,6395957.0,6395957.0,0.0
1786428000,6395957.0,6395957.0,6395957.0,6395957.0,0.0
1786431600,6418669.0,6427941.0,6300002.0,6300002.0,0.00769447
1786435200,6423167.0,6423167.0,6423167.0,6423167.0,0.00155048
1786438800,6423167.0,6423167.0,6423167.0,6423167.0,0.0
1786442400,6426305.0,6426305.0,6426305.0,6426305.0,0.0022218
1786446000,6426196.0,6426222.0,6343861.0,6426222.0,0.00647692
1786449600,6426222.0,6426222.0,6426222.0,6426222.0,0.0
1786453200,6300215.0,6300215.0,6290482.0,6290482.0,0.71586949
1786456800,6899517.0,6899517.0,6899500.0,6899500.0,0.00314427
1786460400,6290485.0,6290485.0,6290482.0,6290482.0,0.07548606
1786464000,6290482.0,6290482.0,6290482.0,6290482.0,0.22115096
1786467600,6290482.0,6290482.0,6290482.0,6290482.0,0.0
1786471200,6290482.0,6290482.0,6290482.0,6290482.0,0.0
1786474800,6250000.0,6250000.0,6250000.0,6250000.0,0.00539147
1786478400,6250000.0,6250000.0,6250000.0,6250000.0,0.00683566
1786482000,6250000.0,6344276.0,6200100.0,6344276.0,0.19580909
1786485600,6199287.0,6899250.0,6199287.0,6899250.0,0.02978989
1786489200,6141124.0,6141124.0,6141124.0,6141124.0,0.00954543
1786492800,6214681.0,6214681.0,6214681.0,6214681.0,0.00593272
1786496400,6214681.0,6214681.0,6214681.0,6214681.0,0.0
1786500000,6214681.0,6214681.0,6214681.0,6214681.0,0.0
1786503600,6214681.0,6214681.0,6214681.0,6214681.0,0.48513348
1786507200,6233476.0,6800000.0,6233476.0,6235141.0,0.1339414
1786510800,6235141.0,6235141.0,6235141.0,6235141.0,0.0
1786514400,6240629.0,6240633.0,6237255.0,6237255.0,0.06972286
1786518000,6240000.0,6240000.0,6240000.0,6240000.0,0.42170929
1786521600,6251386.0,6251386.0,6251386.0,6251386.0,0.00852147
1786525200,6251386.0,6251386.0,6251386.0,6251386.0,0.0
1786528800,6251386.0,6251386.0,6251386.0,6251386.0,0.0
1786532400,6214681.0,6237987.0,6214681.0,6231932.0,0.01747396
1786536000,6228116.0,6228116.0,6216645.0,6216645.0,0.0161043
1786539600,6219746.0,6234315.0,6214681.0,6214681.0,0.11523899
1786543200,6164687.0,6599999.0,6164687.0,6599999.0,0.373399
1786546800,6150000.0,6569000.0,6150000.0,6150000.0,1.25068788
1786550400,6150000.0,6150000.0,6139000.0,6139000.0,0.98326903
1786554000,6139000.0,6139000.0,6139000.0,6139000.0,0.0
1786557600,6204598.0,6204598.0,6204598.0,6204598.0,0.00309254
1786561200,6139004.0,6139004.0,6139004.0,6139004.0,0.00309254
1786564800,6139004.0,6139004.0,6139004.0,6139004.0,0.0
1786568400,6139004.0,6139004.0,6139004.0,6139004.0,0.0
1786572000,6139004.0,6139004.0,6139004.0,6139004.0,0.0
1786575600,6201306.0,6201306.0,6200962.0,6200962.0,0.00432987
1786579200,6200962.0,6200962.0,6200962.0,6200962.0,0.0
1786582800,6187405.0,6187405.0,6139000.0,6139000.0,0.13044118
1786586400,6555554.0,6555554.0,6139000.0,6139000.0,0.00607666
1786590000,6200319.0,6209837.0,6200319.0,6209837.0,0.06406423
1786593600,6139000.0,6210048.0,6139000.0,6210048.0,0.03882042
1786597200,6217497.0,6217497.0,6217497.0,6217497.0,0.01209055
1786600800,6217497.0,6217497.0,6217497.0,6217497.0,0.0
1786604400,6217497.0,6217497.0,6217497.0,6217497.0,0.0
1786608000,6150862.0,6150862.0,6150862.0,6150862.0,0.03451551
1786611600,6143485.0,6236998.0,6143485.0,6236998.0,0.02235478
1786615200,6224600.0,6224601.0,6139004.0,6139004.0,0.01735666
1786618800,6223708.0,6223708.0,6219113.0,6219113.0,0.0104786
1786622400,6141321.0,6141321.0,6141321.0,6141321.0,0.01434551
1786626000,6141321.0,6141321.0,6141321.0,6141321.0,0.0
1786629600,6154194.0,6154194.0,6154194.0,6154194.0,0.0030051
1786633200,6154194.0,6154194.0,6154194.0,6154194.0,0.0
1786636800,6157337.0,6157337.0,6139766.0,6153767.0,0.28781991
1786640400,6153767.0,6153767.0,6153767.0,6153767.0,0.0
1786644000,6153767.0,6153767.0,6153767.0,6153767.0,0.0
1786647600,6153767.0,6153767.0,6153767.0,6153767.0,0.0
1786651200,6153767.0,6153767.0,6153767.0,6153767.0,0.0
1786654800,6153767.0,6153767.0,6153767.0,6153767.0,0.0
1786658400,6153767.0,6153767.0,6153767.0,6153767.0,0.0
1786662000,6224622.0,6224622.0,6224622.0,6224622.0,0.00177761
1786665600,6224618.0,6224618.0,6224618.0,6224618.0,0.01439943
1786669200,6224618.0,6224618.0,6224618.0,6224618.0,0.00159993
1786672800,6158480.0,6224618.0,6158480.0,6224618.0,0.01094621
1786676400,6224618.0,6399998.0,6224618.0,6399998.0,0.07995886
1786680000,6253535.0,6253535.0,6251916.0,6251916.0,0.02246437
1786683600,6247958.0,6247958.0,6247958.0,6247958.0,0.00798564
1786687200,6246338.0,6249210.0,6155000.0,6155000.0,0.00772278
1786690800,6155000.0,6155000.0,6155000.0,6155000.0,0.0
1786694400,6155000.0,6155000.0,6155000.0,6155000.0,0.0
1786698000,6155000.0,6155000.0,6155000.0,6155000.0,0.0
1786701600,6155000.0,6155000.0,6155000.0,6155000.0,0.0
1786705200,6249214.0,6249214.0,6249214.0,6249214.0,0.00509952
1786708800,6249210.0,6249214.0,6249210.0,6249214.0,0.00956184
1786712400,6160079.0,6197833.0,6160079.0,6197833.0,0.01306772
1786716000,6197833.0,6197833.0,6197833.0,6197833.0,0.0
1786719600,6197833.0,6197833.0,6197833.0,6197833.0,0.0
1786723200,6155000.0,6155000.0,6155000.0,6155000.0,0.01557543
1786726800,6155000.0,6155000.0,6155000.0,6155000.0,0.0
1786730400,6155000.0,6155000.0,6155000.0,6155000.0,0.0
1786734000,6155000.0,6155000.0,6155000.0,6155000.0,0.0
1786737600,6220517.0,6220517.0,6220517.0,6220517.0,0.00234932
1786741200,6220517.0,6220517.0,6220517.0,6220517.0,0.0
1786744800,6155004.0,6246616.0,6155004.0,6155004.0,0.01077015
1786748400,6249129.0,6249129.0,6249129.0,6249129.0,0.0053121
1786752000,6249129.0,6249129.0,6249129.0,6249129.0,0.0
1786755600,6249129.0,6249129.0,6249129.0,6249129.0,0.0
1786759200,6249129.0,6249129.0,6249129.0,6249129.0,0.0
1786762800,6249214.0,6249214.0,6249214.0,6249214.0,0.02071732
1786766400,6249214.0,6249214.0,6249214.0,6249214.0,0.00159364
1786770000,6249214.0,6249214.0,6249214.0,6249214.0,0.0
1786773600,6163515.0,6249214.0,6163515.0,6249214.0,0.05193173
1786777200,6249214.0,6249214.0,6249214.0,6249214.0,0.0
1786780800,6249214.0,6249214.0,6249214.0,6249214.0,0.0
1786784400,6249214.0,6249214.0,6249214.0,6249214.0,0.00159364
1786788000,6249214.0,6249214.0,6249214.0,6249214.0,0.0
1786791600,6249214.0,6249214.0,6249214.0,6249214.0,0.0
1786795200,6249214.0,6249214.0,6249214.0,6249214.0,0.0
1786798800,6249214.0,6249214.0,6249214.0,6249214.0,0.0
1786802400,6249214.0,6249214.0,6249214.0,6249214.0,0.16743177
1786806000,6249214.0,6249214.0,6249214.0,6249214.0,0.0
1786809600,6249214.0,6249214.0,6249214.0,6249214.0,0.00368174
1786813200,6249214.0,6249214.0,6164583.0,6164583.0,0.00728346
1786816800,6164583.0,6164583.0,6164583.0,6164583.0,0.0
1786820400,6164583.0,6164583.0,6164583.0,6164583.0,0.0
1786824000,6164583.0,6164583.0,6164583.0,6164583.0,0.0
1786827600,6164583.0,6164583.0,6164583.0,6164583.0,0.0
1786831200,6249210.0,6249214.0,6249210.0,6249214.0,0.00847722
1786834800,6249214.0,6249214.0,6249214.0,6249214.0,0.0
1786838400,6249214.0,6249214.0,6165813.0,6165813.0,0.00438239
1786842000,6164583.0,6164583.0,6164583.0,6164583.0,0.02611254
1786845600,6249214.0,6249214.0,6249210.0,6249210.0,0.00318728
1786849200,6166520.0,6249210.0,6166520.0,6249210.0,0.09047909
1786852800,6166348.0,6249210.0,6164583.0,6249210.0,0.00979917
1786856400,6249210.0,6249210.0,6249210.0,6249210.0,0.0
1786860000,6249210.0,6249210.0,6165283.0,6165283.0,0.00401141
1786863600,6165283.0,6165283.0,6165283.0,6165283.0,0.0
1786867200,6249210.0,6249214.0,6249210.0,6249214.0,0.03984118
1786870800,6169349.0,6169349.0,6167585.0,6167585.0,0.07764576
1786874400,6167585.0,6167585.0,6167585.0,6167585.0,0.0
1786878000,6167585.0,6167585.0,6167585.0,6167585.0,0.0
1786881600,6169880.0,6169880.0,6169880.0,6169880.0,0.00171235
1786885200,6169880.0,6169880.0,6169880.0,6169880.0,0.0
1786888800,6169880.0,6169880.0,6169880.0,6169880.0,0.0
1786892400,6171829.0,6171829.0,6171829.0,6171829.0,0.00287708
1786896000,6173243.0,6173243.0,6173239.0,6173239.0,0.08390578
1786899600,6249206.0,6249210.0,6249206.0,6249210.0,0.07767828
1786903200,6249210.0,6249210.0,6249210.0,6249210.0,0.0
1786906800,6249210.0,6249210.0,6249210.0,6249210.0,0.0
1786910400,6249210.0,6249210.0,6249210.0,6249210.0,0.0
1786914000,6249210.0,6249210.0,6249210.0,6249210.0,0.0
1786917600,6249210.0,6249210.0,6249210.0,6249210.0,0.0
1786921200,6249210.0,6249210.0,6249210.0,6249210.0,0.0
1786924800,6249214.0,6249214.0,6249214.0,6249214.0,0.00177062
1786928400,6249214.0,6249214.0,6249214.0,6249214.0,0.03984117
1786932000,6249214.0,6249214.0,6249214.0,6249214.0,0.0
1786935600,6249214.0,6249214.0,6249214.0,6249214.0,0.0
1786939200,6249214.0,6249214.0,6249214.0,6249214.0,0.01401168
1786942800,6249214.0,6249214.0,6249214.0,6249214.0,0.0
1786946400,6249214.0,6249214.0,6249214.0,6249214.0,0.0
1786950000,6249214.0,6249214.0,6249214.0,6249214.0,0.0
1786953600,6179514.0,6179514.0,6179514.0,6179514.0,0.00821299
1786957200,6249214.0,6249214.0,6249214.0,6249214.0,0.00229772
1786960800,6249214.0,6249214.0,6179514.0,6179514.0,0.00370163
1786964400,6249210.0,6249210.0,6179514.0,6179514.0,0.01144112
1786968000,6179514.0,6179514.0,6179514.0,6179514.0,0.0
1786971600,6179514.0,6236518.0,6179514.0,6179514.0,0.01187492
1786975200,6179514.0,6179514.0,6165283.0,6165283.0,0.0670168
1786978800,6165283.0,6165283.0,6165283.0,6165283.0,0.0
1786982400,6249214.0,6249214.0,6249214.0,6249214.0,0.0159364
1786986000,6249214.0,6249214.0,6249214.0,6249214.0,0.00227788
1786989600,6249214.0,6249214.0,6249214.0,6249214.0,0.0
1786993200,6249214.0,6249214.0,6249214.0,6249214.0,0.0
1786996800,6249214.0,6249214.0,6249214.0,6249214.0,0.0
1787000400,6249214.0,6249214.0,6249214.0,6249214.0,0.0
1787004000,6249214.0,6249214.0,6249214.0,6249214.0,0.0
1787007600,6185897.0,6249214.0,6155000.0,6249214.0,0.02241258
1787011200,6249214.0,6249214.0,6249214.0,6249214.0,0.0
1787014800,6188592.0,6193125.0,6155000.0,6193125.0,0.00991086
1787018400,6249214.0,6249214.0,6249214.0,6249214.0,0.03984117
1787022000,6249214.0,6249214.0,6249214.0,6249214.0,0.0
1787025600,6181130.0,6249214.0,6155000.0,6249214.0,0.00929789
1787029200,6155000.0,6178106.0,6125365.0,6178106.0,0.03430881
1787032800,6178312.0,6178312.0,6125900.0,6178312.0,0.00513608
1787036400,6178312.0,6178312.0,6178312.0,6178312.0,0.0
1787040000,6178312.0,6178312.0,6178312.0,6178312.0,0.0
1787043600,6178312.0,6178312.0,6178312.0,6178312.0,0.0
1787047200,6125900.0,6125900.0,6125900.0,6125900.0,0.00962838
1787050800,6125900.0,6125900.0,6125900.0,6125900.0,0.05712806
1787054400,6125900.0,6125900.0,6125900.0,6125900.0,0.0
1787058000,6125900.0,6125900.0,6125900.0,6125900.0,0.16949652
1787061600,6178312.0,6198099.0,6178312.0,6198099.0,0.08064265
1787065200,6198099.0,6198099.0,6198099.0,6198099.0,0.0
1787068800,6240000.0,6240000.0,6240000.0,6240000.0,0.00227243
1787072400,6240000.0,6240000.0,6240000.0,6240000.0,0.0
1787076000,6224956.0,6224956.0,6132276.0,6132276.0,0.00479334
1787079600,6132276.0,6132276.0,6132276.0,6132276.0,0.0
1787083200,6205356.0,6205356.0,6205356.0,6205356.0,0.01652628
1787086800,6205356.0,6205356.0,6205356.0,6205356.0,0.0
1787090400,6205356.0,6205356.0,6205356.0,6205356.0,0.0
1787094000,6249000.0,6249000.0,6249000.0,6249000.0,0.00348295
1787097600,6249000.0,6249000.0,6249000.0,6249000.0,0.0
1787101200,6249000.0,6249000.0,6249000.0,6249000.0,0.0
1787104800,6249000.0,6249000.0,6249000.0,6249000.0,0.0
1787108400,6125904.0,6185076.0,6125904.0,6125904.0,0.02441763
1787112000,6187721.0,6187721.0,6187721.0,6187721.0,0.0402371
1787115600,6187721.0,6187721.0,6187721.0,6187721.0,0.0
1787119200,6180700.0,6180700.0,6104417.0,6104417.0,0.21599725
1787122800,6104421.0,6240000.0,6083926.0,6087833.0,0.08762436
1787126400,6087833.0,6087833.0,6087833.0,6087833.0,0.0
1787130000,6088807.0,6173953.0,6088807.0,6173953.0,0.00584664
1787133600,6168343.0,6168343.0,6168343.0,6168343.0,0.00170175
1787137200,6165350.0,6165350.0,6165350.0,6165350.0,0.00359038
1787140800,6069409.0,6069531.0,6069409.0,6069531.0,0.01860161
1787144400,6069531.0,6069531.0,6069531.0,6069531.0,0.0
1787148000,6173953.0,6173953.0,6089951.0,6089951.0,0.00331481
1787151600,6173953.0,6173953.0,6173953.0,6173953.0,0.00181018
1787155200,6173953.0,6173953.0,6173953.0,6173953.0,0.00193765
1787158800,6173953.0,6173953.0,6173953.0,6173953.0,0.0
1787162400,6173953.0,6173953.0,6173953.0,6173953.0,0.00484875
1787166000,6173953.0,6173953.0,6173953.0,6173953.0,0.0
1787169600,6173953.0,6173953.0,6173953.0,6173953.0,0.0
1787173200,6173953.0,6173953.0,6173953.0,6173953.0,0.024196
1787176800,6173953.0,6173953.0,6173953.0,6173953.0,0.0017922
1787180400,6173953.0,6173953.0,6173953.0,6173953.0,0.10487899
1787184000,6173956.0,6209819.0,6173956.0,6209819.0,0.47019369
1787187600,6173953.0,6239996.0,6170000.0,6239996.0,0.06637199
1787191200,6215391.0,6215391.0,6212714.0,6212714.0,0.01803495
1787194800,6212714.0,6212714.0,6212714.0,6212714.0,0.0
1787198400,6170000.0,6191874.0,6170000.0,6170000.0,0.04523487
1787202000,6170000.0,6170000.0,6170000.0,6170000.0,0.00484875
1787205600,6191874.0,6191874.0,6191874.0,6191874.0,0.05284619
1787209200,6191874.0,6191874.0,6191874.0,6191874.0,0.0
1787212800,6170000.0,6170000.0,6123110.0,6123110.0,0.01780778
1787216400,6123110.0,6123110.0,6123110.0,6123110.0,0.0
1787220000,6123110.0,6123110.0,6123110.0,6123110.0,0.0
1787223600,6176667.0,6176667.0,6123110.0,6166784.0,0.02894879
1787227200,6166784.0,6166784.0,6166784.0,6166784.0,0.0
1787230800,6123110.0,6123110.0,6123110.0,6123110.0,0.01104918
1787234400,6123110.0,6123110.0,6050214.0,6050214.0,1.0983182
1787238000,6050214.0,6050214.0,6050214.0,6050214.0,0.01652108
1787241600,6092997.0,6092997.0,6092997.0,6092997.0,0.00163449
1787245200,6092997.0,6092997.0,6092997.0,6092997.0,0.0
1787248800,6050214.0,6103223.0,6050214.0,6050214.0,0.11371838
1787252400,6104840.0,6104840.0,6050214.0,6050214.0,0.00371679
1787256000,6050214.0,6050214.0,6050214.0,6050214.0,0.0
1787259600,6116462.0,6116462.0,6116462.0,6116462.0,0.00181722
1787263200,6122115.0,6122115.0,6115788.0,6115788.0,0.03415151
1787266800,6115788.0,6115788.0,6115788.0,6115788.0,0.0
1787270400,6116279.0,6116279.0,6116279.0,6116279.0,0.00325655
1787274000,6114524.0,6117299.0,6102920.0,6102920.0,0.06104957
1787277600,6105501.0,6105501.0,6105501.0,6105501.0,0.00163115
1787281200,6088126.0,6191878.0,6088126.0,6191878.0,0.65693099
1787284800,6191878.0,6191878.0,6191878.0,6191878.0,0.0
1787288400,6191878.0,6191878.0,6191878.0,6191878.0,0.0
1787292000,6066052.0,6066052.0,6066047.0,6066048.0,0.05229499
1787295600,6066048.0,6066048.0,6066048.0,6066048.0,0.0
1787299200,6107221.0,6107221.0,6066049.0,6066049.0,0.02143871
1787302800,6066049.0,6066049.0,6066049.0,6066049.0,0.0
1787306400,6123740.0,6123740.0,6066050.0,6120834.0,0.0416435
1787310000,6120834.0,6120834.0,6120834.0,6120834.0,0.0
1787313600,6108008.0,6125569.0,6108008.0,6123181.0,0.01338628
1787317200,6066050.0,6120712.0,6066049.0,6066049.0,1.12567528
1787320800,6106751.0,6135662.0,6066049.0,6135662.0,0.00715276
1787324400,6066049.0,6066049.0,6066049.0,6066049.0,0.00399765
1787328000,6066049.0,6156010.0,6066049.0,6156010.0,0.00959392
1787331600,6156010.0,6156010.0,6156010.0,6156010.0,0.0
1787335200,6156010.0,6156010.0,6156010.0,6156010.0,0.0
1787338800,6156010.0,6156010.0,6156010.0,6156010.0,0.0
1787342400,6156010.0,6156010.0,6156010.0,6156010.0,0.0
1787346000,6066049.0,6066049.0,6066049.0,6066049.0,0.00197954
1787349600,6066049.0,6066049.0,6066049.0,6066049.0,0.0
1787353200,6148537.0,6148537.0,6148537.0,6148537.0,0.0019089
1787356800,6066050.0,6066050.0,6066050.0,6066050.0,0.0019089
1787360400,6066050.0,6066050.0,6066050.0,6066050.0,0.00227243
1787364000,6146932.0,6146932.0,6146932.0,6146932.0,0.00828071
1787367600,6066050.0,6066050.0,6066050.0,6066050.0,0.03836992
1787371200,6066050.0,6066050.0,6066050.0,6066050.0,0.0
1787374800,6114741.0,6121677.0,6066051.0,6066051.0,0.12858478
1787378400,6110651.0,6119187.0,6108165.0,6119187.0,0.02253243
1787382000,6123812.0,6123812.0,6123812.0,6123812.0,0.03252565
1787385600,6123812.0,6123812.0,6123812.0,6123812.0,0.0
1787389200,6118654.0,6118654.0,6066053.0,6066053.0,0.00361476
1787392800,6066053.0,6066053.0,6066053.0,6066053.0,0.0
1787396400,6066053.0,6100000.0,6066051.0,6100000.0,0.29152898
1787400000,6066051.0,6118120.0,6050214.0,6050214.0,0.09650909
1787403600,6050214.0,6050214.0,6050214.0,6050214.0,0.0
1787407200,6050214.0,6050214.0,6050214.0,6050214.0,0.0018437
1787410800,6050214.0,6050214.0,6050214.0,6050214.0,0.0
1787414400,6111544.0,6111544.0,6111544.0,6111544.0,0.00325907
1787418000,6111544.0,6111544.0,6111544.0,6111544.0,0.0
1787421600,6119895.0,6119895.0,6050214.0,6050214.0,0.04992363
1787425200,6050214.0,6050214.0,6050214.0,6050214.0,0.0
1787428800,6050214.0,6050214.0,6050214.0,6050214.0,0.0
1787432400,6050214.0,6119895.0,6050214.0,6119895.0,0.04534057
1787436000,6119895.0,6119895.0,6119895.0,6119895.0,0.0
1787439600,6119895.0,6119895.0,6119895.0,6119895.0,0.0
1787443200,6119895.0,6119895.0,6119895.0,6119895.0,0.00162731
1787446800,6119895.0,6119895.0,6119895.0,6119895.0,0.0
1787450400,6050214.0,6050214.0,6050214.0,6050214.0,0.00641124
1787454000,6050214.0,6050214.0,6050214.0,6050214.0,0.0
1787457600,6050214.0,6050214.0,6050214.0,6050214.0,0.0
1787461200,6050214.0,6050214.0,6050214.0,6050214.0,0.0
1787464800,6050214.0,6050214.0,6050214.0,6050214.0,0.00166308
1787468400,6050214.0,6050214.0,6050214.0,6050214.0,0.0
1787472000,6050214.0,6050214.0,6050214.0,6050214.0,0.0
1787475600,6050214.0,6050214.0,6050214.0,6050214.0,0.02061678
1787479200,6050214.0,6050214.0,6050214.0,6050214.0,0.0
1787482800,6047183.0,6050214.0,6047183.0,6050214.0,0.38618359
1787486400,6050337.0,6050337.0,6050337.0,6050337.0,0.01401749
1787490000,6050337.0,6050337.0,6050337.0,6050337.0,0.0
1787493600,6050337.0,6050337.0,6050337.0,6050337.0,0.0
1787497200,6119895.0,6119895.0,6119895.0,6119895.0,0.02094676
1787500800,6119895.0,6119895.0,6119895.0,6119895.0,0.01532036
1787504400,6119895.0,6140178.0,6119895.0,6140178.0,0.32495806
1787508000,6140178.0,6140178.0,6140178.0,6140178.0,0.0
1787511600,6140178.0,6140178.0,6140178.0,6140178.0,0.0
1787515200,6140178.0,6140178.0,6140178.0,6140178.0,0.0
1787518800,6140178.0,6140178.0,6140178.0,6140178.0,0.0
1787522400,6140178.0,6140178.0,6140178.0,6140178.0,0.0
1787526000,6130283.0,6138345.0,6129589.0,6138345.0,0.65119833
1787529600,6138345.0,6138345.0,6138345.0,6138345.0,0.0
1787533200,6150000.0,6150000.0,6061041.0,6061041.0,0.00485996
1787536800,6060000.0,6060000.0,6060000.0,6060000.0,0.01577819
1787540400,6138252.0,6138252.0,6060000.0,6118412.0,0.04251151
1787544000,6060000.0,6060000.0,6060000.0,6060000.0,0.02597276
1787547600,6056820.0,6056820.0,6056820.0,6056820.0,0.00650266
1787551200,6056820.0,6056820.0,6056820.0,6056820.0,0.0
1787554800,6056820.0,6056820.0,6056820.0,6056820.0,0.0
1787558400,6126077.0,6126077.0,6126077.0,6126077.0,0.04064199
1787562000,6145754.0,6145754.0,6145754.0,6145754.0,0.00324093
1787565600,6145754.0,6145754.0,6145754.0,6145754.0,0.0
1787569200,6145754.0,6145754.0,6145754.0,6145754.0,0.0
1787572800,6057546.0,6057546.0,6057546.0,6057546.0,0.00251112
1787576400,6145800.0,6145800.0,6145800.0,6145800.0,0.01883497
1787580000,6145800.0,6236769.0,6134445.0,6236765.0,0.20659232
1787583600,6236765.0,6236765.0,6236765.0,6236765.0,0.02753911
1787587200,6172390.0,6236761.0,6003430.0,6181346.0,1.61126619
1787590800,6236765.0,6236768.0,6236765.0,6236768.0,0.00877665
1787594400,6140080.0,6140080.0,6140080.0,6140080.0,0.01872545
1787598000,6140080.0,6140080.0,6140080.0,6140080.0,0.0
1787601600,6140080.0,6140080.0,6140080.0,6140080.0,0.0
1787605200,6236764.0,6236764.0,6236764.0,6236764.0,0.03193659
1787608800,6236764.0,6236764.0,6236764.0,6236764.0,0.0
1787612400,6003449.0,6003449.0,6003449.0,6003449.0,0.0107457
1787616000,6003449.0,6003449.0,6003449.0,6003449.0,0.0
1787619600,6209996.0,6209996.0,6209996.0,6209996.0,0.0017818
1787623200,6209996.0,6209996.0,6126387.0,6126387.0,0.00562998
1787626800,6129480.0,6209996.0,6129480.0,6209996.0,0.49925807
1787630400,6209996.0,6209996.0,6003458.0,6209996.0,0.04944393
1787634000,6130266.0,6130266.0,6130266.0,6130266.0,0.00394283
1787637600,6130266.0,6130266.0,6130266.0,6130266.0,0.0
1787641200,6130266.0,6130266.0,6130266.0,6130266.0,0.0
1787644800,6130266.0,6130266.0,6130266.0,6130266.0,0.0
1787648400,6209995.0,6210000.0,6003464.0,6003464.0,0.04064717
1787652000,6003464.0,6003464.0,6003464.0,6003464.0,0.0
1787655600,6003464.0,6003464.0,6003464.0,6003464.0,0.0
1787659200,6003464.0,6003464.0,6003464.0,6003464.0,0.0
1787662800,6171770.0,6172506.0,6140291.0,6140291.0,0.00774338
1787666400,6098168.0,6192674.0,6098168.0,6192674.0,0.0269393
1787670000,6192674.0,6192674.0,6192674.0,6192674.0,0.0
1787673600,6192674.0,6192674.0,6192674.0,6192674.0,0.0
1787677200,6192674.0,6192674.0,6192674.0,6192674.0,0.0
1787680800,6093242.0,6183461.0,6093238.0,6183461.0,0.07575994
1787684400,6093242.0,6177940.0,6093242.0,6177940.0,0.03409753
1787688000,6099574.0,6099574.0,6099574.0,6099574.0,0.00300612
1787691600,6199996.0,6199996.0,6199996.0,6199996.0,0.00380871
1787695200,6197165.0,6197165.0,6093238.0,6108183.0,0.0055942
1787698800,6199996.0,6199996.0,6199996.0,6199996.0,0.03212598
1787702400,6199996.0,6199996.0,6199996.0,6199996.0,0.0
1787706000,6199996.0,6199996.0,6199996.0,6199996.0,0.0
1787709600,6199996.0,6199996.0,6199996.0,6199996.0,0.0
1787713200,6185138.0,6199996.0,6096090.0,6096090.0,0.02092681
1787716800,6106752.0,6106752.0,6106752.0,6106752.0,0.01753646
1787720400,6106752.0,6106752.0,6106752.0,6106752.0,0.0
1787724000,6106752.0,6106752.0,6106752.0,6106752.0,0.0
1787727600,6109342.0,6197975.0,6109342.0,6197975.0,0.00841892
1787731200,6197975.0,6197975.0,6197975.0,6197975.0,0.0
1787734800,6197975.0,6197975.0,6197975.0,6197975.0,0.0
1787738400,6197975.0,6197975.0,6197975.0,6197975.0,0.0
1787742000,6116036.0,6116036.0,6116036.0,6116036.0,0.00178855
1787745600,6199365.0,6199365.0,6114938.0,6199365.0,0.07610324
1787749200,6199365.0,6199365.0,6199365.0,6199365.0,0.0
1787752800,6143434.0,6143434.0,6093238.0,6093238.0,0.11077209
1787756400,6093238.0,6093238.0,6093238.0,6093238.0,0.42806989
1787760000,6093238.0,6093238.0,6093238.0,6093238.0,45.27551297
1787763600,6093238.0,6093238.0,6093238.0,6093238.0,0.65377029
1787767200,6093238.0,6093238.0,6093238.0,6093238.0,7.22465457
1787770800,6199365.0,6199365.0,6199365.0,6199365.0,0.00289739
1787774400,6093238.0,6093238.0,6093238.0,6093238.0,3.61502343
1787778000,6199361.0,6199361.0,6199361.0,6199361.0,0.03212927
1787781600,6199361.0,6199361.0,6199361.0,6199361.0,0.0
1787785200,6199361.0,6199361.0,6199361.0,6199361.0,0.03381605
1787788800,6199361.0,6199361.0,6199361.0,6199361.0,0.0
1787792400,6093240.0,6189996.0,6093240.0,6189996.0,0.01052502
1787796000,6189996.0,6189996.0,6189996.0,6189996.0,0.122976
1787799600,6093240.0,6093240.0,6093238.0,6093238.0,0.00174232
1787803200,6189991.0,6189991.0,6189991.0,6189991.0,0.03217791
1787806800,6093238.0,6189995.0,6093238.0,6189995.0,0.0151722
1787810400,6189995.0,6189995.0,6189995.0,6189995.0,0.0
1787814000,6189995.0,6189995.0,6189995.0,6189995.0,0.0
1787817600,6189995.0,6189995.0,6189995.0,6189995.0,0.0
1787821200,6189995.0,6189995.0,6189995.0,6189995.0,0.0
1787824800,6189986.0,6189986.0,6189986.0,6189986.0,0.00811744
1787828400,6189986.0,6189986.0,6189986.0,6189986.0,0.0
1787832000,6189986.0,6189986.0,6093238.0,6189986.0,0.0109664
1787835600,6189981.0,6189984.0,6093238.0,6189984.0,0.25458566
1787839200,6189984.0,6189986.0,6093238.0,6093238.0,0.02270325
1787842800,6093238.0,6093238.0,6093238.0,6093238.0,0.0
1787846400,6189986.0,6189986.0,6189986.0,6189986.0,0.00981294
1787850000,6189986.0,6189986.0,6189986.0,6189986.0,0.0
1787853600,6189986.0,6189986.0,6189986.0,6189986.0,0.0
1787857200,6093238.0,6093238.0,6093238.0,6093238.0,0.00981294
1787860800,6093238.0,6093238.0,6093238.0,6093238.0,0.0
1787864400,6093238.0,6093238.0,6093238.0,6093238.0,0.0
1787868000,6160000.0,6160000.0,6159996.0,6159996.0,0.01796346
1787871600,6159996.0,6159996.0,6159996.0,6159996.0,0.0049086
1787875200,6159996.0,6159996.0,6159996.0,6159996.0,0.0
1787878800,6159996.0,6159996.0,6159996.0,6159996.0,0.0
1787882400,6159992.0,6159992.0,6093238.0,6093238.0,0.01142223
1787886000,6093238.0,6093238.0,6093238.0,6093238.0,0.0
1787889600,6093238.0,6093238.0,6093238.0,6093238.0,0.0
1787893200,6093238.0,6159996.0,6093238.0,6159996.0,0.15409903
1787896800,6159992.0,6159992.0,6159992.0,6159992.0,0.0032349
1787900400,6159992.0,6159992.0,6003466.0,6003466.0,0.08608842
1787904000,6159992.0,6159992.0,6159988.0,6159992.0,0.16673892
1787907600,6159988.0,6159988.0,6029838.0,6029838.0,0.00925119
1787911200,6029838.0,6029838.0,6029838.0,6029838.0,0.0
1787914800,6115077.0,6159978.0,6113827.0,6159978.0,0.00713007
1787918400,6050000.0,6050000.0,6024385.0,6024385.0,0.13269011
1787922000,6024385.0,6024385.0,6024385.0,6024385.0,0.0
1787925600,6024385.0,6024385.0,6024385.0,6024385.0,0.0
1787929200,6024385.0,6024385.0,6024385.0,6024385.0,0.0
1787932800,6159982.0,6159985.0,6134505.0,6134505.0,0.02101741
1787936400,6159981.0,6159981.0,6134505.0,6134505.0,0.00656752
1787940000,6134505.0,6134505.0,6119201.0,6119201.0,0.00291596
1787943600,6119201.0,6119201.0,6119201.0,6119201.0,0.04651097
1787947200,6159985.0,6159988.0,6159985.0,6159988.0,0.00220308
1787950800,6159988.0,6159988.0,6159988.0,6159988.0,0.0
1787954400,6159988.0,6159988.0,6159988.0,6159988.0,0.00538897
1787958000,6159988.0,6159988.0,6159988.0,6159988.0,0.0
1787961600,6159984.0,6159984.0,6159984.0,6159984.0,0.01720556
1787965200,6119201.0,6119201.0,6119201.0,6119201.0,0.05811198
1787968800,6119201.0,6119201.0,6119201.0,6119201.0,0.0
1787972400,6119197.0,6119197.0,6119197.0,6119197.0,0.00220308
1787976000,6149992.0,6149992.0,6149992.0,6149992.0,0.03238719
1787979600,6149996.0,6149996.0,6149996.0,6149996.0,0.00161935
1787983200,6149996.0,6149996.0,6149996.0,6149996.0,0.0
1787986800,6149996.0,6149996.0,6149996.0,6149996.0,0.0
1787990400,6149996.0,6150000.0,6119197.0,6119197.0,0.01666599
1787994000,6149996.0,6149996.0,6119197.0,6119197.0,0.00890581
1787997600,6149996.0,6159992.0,6149996.0,6159992.0,1.7322367
1788001200,6159992.0,6159992.0,6159992.0,6159992.0,0.0
1788004800,6119197.0,6119197.0,6094395.0,6094395.0,0.03989603
1788008400,6159988.0,6159988.0,6159988.0,6159988.0,0.00161672
1788012000,6159988.0,6159988.0,6097565.0,6159988.0,0.0239437
1788015600,6159988.0,6159988.0,6159988.0,6159988.0,0.00291445
1788019200,6159988.0,6159988.0,6159988.0,6159988.0,0.00228701
1788022800,6159988.0,6159988.0,6159988.0,6159988.0,0.0
1788026400,6159988.0,6159988.0,6159988.0,6159988.0,0.0
1788030000,6058518.0,6058518.0,6058518.0,6058518.0,0.00888612
1788033600,6092284.0,6092284.0,6092284.0,6092284.0,0.00888613
1788037200,6159988.0,6159988.0,6159988.0,6159988.0,0.00578182
1788040800,6159988.0,6159988.0,6159988.0,6159988.0,0.0
1788044400,6159988.0,6159988.0,6159988.0,6159988.0,0.0
1788048000,6159988.0,6159988.0,6159988.0,6159988.0,0.0
1788051600,6159988.0,6159988.0,6159988.0,6159988.0,0.0
1788055200,6159988.0,6159988.0,6159988.0,6159988.0,0.0
1788058800,6159982.0,6159982.0,6159982.0,6159982.0,0.00345179
1788062400,6097385.0,6097385.0,6097385.0,6097385.0,0.00253604
1788066000,6097385.0,6097385.0,6097385.0,6097385.0,0.0
1788069600,6159981.0,6159982.0,6098620.0,6159982.0,0.01875692
1788073200,6159982.0,6159992.0,6159982.0,6159992.0,0.16167317
1788076800,6095004.0,6095004.0,6095004.0,6095004.0,0.00400308
1788080400,6095008.0,6095008.0,6095008.0,6095008.0,0.00578182
1788084000,6095008.0,6095008.0,6095008.0,6095008.0,0.0
1788087600,6095008.0,6095008.0,6095008.0,6095008.0,0.00165085
1788091200,6095008.0,6095008.0,6095008.0,6095008.0,0.0
1788094800,6095008.0,6095008.0,6095008.0,6095008.0,0.0
1788098400,6159988.0,6159988.0,6159988.0,6159988.0,0.02342503
1788102000,6159988.0,6159988.0,6159988.0,6159988.0,0.0
1788105600,6159988.0,6159988.0,6159988.0,6159988.0,0.0
1788109200,6159988.0,6159988.0,6159988.0,6159988.0,0.0
1788112800,6159988.0,6159988.0,6159988.0,6159988.0,0.00258231
1788116400,6159988.0,6159988.0,6159988.0,6159988.0,0.00404984
1788120000,6159988.0,6159988.0,6159988.0,6159988.0,0.0
1788123600,6159988.0,6159988.0,6159988.0,6159988.0,0.0
1788127200,6159988.0,6159988.0,6159988.0,6159988.0,0.0
1788130800,6159988.0,6159988.0,6159988.0,6159988.0,0.0
1788134400,6159988.0,6159988.0,6159988.0,6159988.0,0.0
1788138000,6095012.0,6095012.0,6095012.0,6095012.0,0.00808361
1788141600,6095012.0,6095012.0,6095012.0,6095012.0,0.0
1788145200,6095016.0,6095016.0,6095016.0,6095016.0,0.01731529
1788148800,6159984.0,6159992.0,6159984.0,6159992.0,0.06466925
1788152400,6095016.0,6095016.0,6095016.0,6095016.0,0.00303738
1788156000,6095016.0,6095016.0,6095016.0,6095016.0,0.0
1788159600,6095016.0,6095016.0,6095016.0,6095016.0,0.0
1788163200,6159982.0,6159982.0,6095016.0,6095016.0,0.00404172
1788166800,6159982.0,6159982.0,6159982.0,6159982.0,0.00350065
1788170400,6159982.0,6159982.0,6159982.0,6159982.0,0.0
1788174000,6159978.0,6159978.0,6159978.0,6159978.0,0.00826804
1788177600,6095020.0,6095020.0,6003460.0,6003460.0,0.04860051
1788181200,6159978.0,6159978.0,6159978.0,6159978.0,0.00173636
1788184800,6159974.0,6159974.0,6159974.0,6159974.0,0.00179627
1788188400,6003471.0,6159970.0,6003471.0,6159970.0,0.00511737
1788192000,6159970.0,6159970.0,6159970.0,6159970.0,0.00683363
1788195600,6159970.0,6159970.0,6003471.0,6003471.0,0.0042459
1788199200,6003471.0,6003471.0,6003471.0,6003471.0,0.0
1788202800,6003471.0,6003471.0,6003471.0,6003471.0,0.0
1788206400,6003471.0,6003471.0,6003471.0,6003471.0,0.0
1788210000,6003471.0,6003471.0,6003471.0,6003471.0,0.0
1788213600,6159970.0,6159970.0,6159970.0,6159970.0,0.01081531
1788217200,6159970.0,6159970.0,6159970.0,6159970.0,0.0
1788220800,6159970.0,6159970.0,6159970.0,6159970.0,0.0
1788224400,6159970.0,6159970.0,6159970.0,6159970.0,0.00355666
1788228000,6159970.0,6159970.0,6159970.0,6159970.0,0.00323345
1788231600,6159962.0,6159962.0,6159962.0,6159962.0,0.00287388
1788235200,6159962.0,6159962.0,6003471.0,6033471.0,0.36751011
1788238800,6033471.0,6033471.0,6033471.0,6033471.0,0.0240737
1788242400,6033471.0,6033471.0,6003471.0,6003471.0,0.03874805
1788246000,6033471.0,6033471.0,6033471.0,6033471.0,0.00825312
1788249600,6033471.0,6033471.0,6033471.0,6033471.0,0.0
1788253200,6003471.0,6003471.0,6003430.0,6003430.0,0.1543795
1788256800,6003430.0,6003430.0,6003430.0,6003430.0,0.0
1788260400,6033471.0,6159000.0,6003430.0,6003430.0,0.19974144
1788264000,6003430.0,6159000.0,6003430.0,6159000.0,0.60255553
1788267600,6003430.0,6158995.0,6000000.0,6158995.0,2.46148498
1788271200,5887447.0,6147989.0,5887447.0,6147989.0,0.00490468
1788274800,6147989.0,6147989.0,6147989.0,6147989.0,0.00161987
1788278400,6147989.0,6147989.0,6147989.0,6147989.0,0.0
1788282000,6147985.0,6147985.0,5887870.0,5887870.0,0.01490276
1788285600,6147910.0,6147912.0,5887512.0,5887512.0,0.01135347
1788289200,5887512.0,5887512.0,5887512.0,5887512.0,0.0
1788292800,5887512.0,5887512.0,5887512.0,5887512.0,0.0
1788296400,5887512.0,5887512.0,5887512.0,5887512.0,0.0
1788300000,5887512.0,5887512.0,5887512.0,5887512.0,0.0
1788303600,6147976.0,6147976.0,6147976.0,6147976.0,0.00217052
1788307200,6147976.0,6147976.0,6147976.0,6147976.0,0.0
1788310800,6147976.0,6147976.0,6147976.0,6147976.0,0.0
1788314400,6147978.0,6147985.0,6147978.0,6147985.0,0.09719336
1788318000,6147985.0,6147985.0,6147985.0,6147985.0,0.0
1788321600,6147985.0,6147985.0,6147985.0,6147985.0,0.00405937
1788325200,6147985.0,6147985.0,6147985.0,6147985.0,0.0
1788328800,6147985.0,6147985.0,6147985.0,6147985.0,0.0116726
1788332400,6145996.0,6145996.0,5889578.0,6145978.0,0.05424759
1788336000,6145990.0,6145990.0,6145990.0,6145990.0,0.00221103
1788339600,5889518.0,5889562.0,5889518.0,5889560.0,0.021692
1788343200,6145950.0,6145950.0,5889518.0,5889518.0,0.03564918
1788346800,5889524.0,5889524.0,5889523.0,5889523.0,0.00633746
1788350400,5889523.0,5889523.0,5889523.0,5889523.0,0.0
1788354000,5889523.0,5889523.0,5889523.0,5889523.0,0.0
1788357600,6145596.0,6145596.0,6145524.0,6145526.0,0.01805433
1788361200,6145955.0,6145955.0,6145955.0,6145955.0,0.00540127
1788364800,6145955.0,6145955.0,6145955.0,6145955.0,0.0
1788368400,6145955.0,6145955.0,6145955.0,6145955.0,0.0
1788372000,6145955.0,6145955.0,6145955.0,6145955.0,0.0
1788375600,6145955.0,6145955.0,6145955.0,6145955.0,0.0
1788379200,6145955.0,6145955.0,6145955.0,6145955.0,0.0
1788382800,6145955.0,6145955.0,6145955.0,6145955.0,0.0
1788386400,6145955.0,6145955.0,6145955.0,6145955.0,0.00487084
1788390000,6145955.0,6145955.0,6145955.0,6145955.0,0.0019468
1788393600,6145955.0,6145955.0,6145955.0,6145955.0,0.0
1788397200,6145955.0,6145955.0,6145955.0,6145955.0,0.0
1788400800,6000000.0,6145955.0,6000000.0,6145955.0,0.04846361
1788404400,6145955.0,6145955.0,6145955.0,6145955.0,0.0
1788408000,6145955.0,6145955.0,6145955.0,6145955.0,0.0
1788411600,6000006.0,6145946.0,6000000.0,6145946.0,0.01224705
1788415200,6000000.0,6000000.0,6000000.0,6000000.0,0.06527782
1788418800,6000000.0,6000000.0,5950002.0,5950002.0,0.01410556
1788422400,5950002.0,5950002.0,5950002.0,5950002.0,0.0
1788426000,5950002.0,5950002.0,5950002.0,5950002.0,0.0
1788429600,5950046.0,5950066.0,5950046.0,5950066.0,0.00368695
1788433200,6145930.0,6145931.0,5950080.0,6145931.0,0.05444934
1788436800,6145931.0,6145931.0,5850000.0,6145915.0,0.4276805
1788440400,6145890.0,6145890.0,5850239.0,5850239.0,0.01176603
1788444000,6145886.0,6145886.0,5850312.0,5850312.0,0.01053518
1788447600,6145808.0,6145860.0,5850006.0,6000000.0,0.02510132
1788451200,6145854.0,6145860.0,6145854.0,6145860.0,0.02990128
1788454800,6145860.0,6145860.0,6145860.0,6145860.0,0.0
1788458400,6145860.0,6145860.0,6145860.0,6145860.0,0.0
1788462000,6145860.0,6145860.0,6145860.0,6145860.0,0.0
1788465600,6145860.0,6145860.0,6145860.0,6145860.0,0.0
1788469200,6145860.0,6145860.0,6145860.0,6145860.0,0.0
1788472800,6145850.0,6145856.0,6145850.0,6145856.0,0.01025374
1788476400,6145856.0,6145856.0,6145856.0,6145856.0,0.0
1788480000,6145856.0,6145856.0,6145856.0,6145856.0,0.0
1788483600,6000004.0,6000004.0,6000004.0,6000004.0,0.01720556
1788487200,6145860.0,6145877.0,6000004.0,6145860.0,0.07796875
1788490800,6145860.0,6145860.0,5888000.0,5888000.0,0.20957456
1788494400,5888000.0,5888000.0,5888000.0,5888000.0,0.0
1788498000,6145845.0,6145845.0,6145845.0,6145845.0,0.01172515
1788501600,6145845.0,6145845.0,6145845.0,6145845.0,0.0
1788505200,6145832.0,6145832.0,6145832.0,6145832.0,0.01620447
1788508800,6145832.0,6145832.0,6145832.0,6145832.0,0.0
1788512400,5890595.0,6145823.0,5890595.0,6145823.0,0.00642108
1788516000,5891114.0,6145820.0,5891114.0,6145820.0,0.00575378
1788519600,5891104.0,6145784.0,5891104.0,6145784.0,0.0098885
1788523200,6145784.0,6145784.0,6145784.0,6145784.0,0.0
1788526800,6145624.0,6145722.0,6145624.0,6145722.0,0.01999793
1788530400,6145718.0,6145718.0,6145718.0,6145718.0,0.02308225
1788534000,6145718.0,6145718.0,6145718.0,6145718.0,0.0
1788537600,6145718.0,6145718.0,6145718.0,6145718.0,0.0
1788541200,6145718.0,6145718.0,6145718.0,6145718.0,0.0
1788544800,6145718.0,6145718.0,6145718.0,6145718.0,0.0
1788548400,6145718.0,6145718.0,6145718.0,6145718.0,0.0
1788552000,6145718.0,6145718.0,6145718.0,6145718.0,0.0
1788555600,6145718.0,6145718.0,6145718.0,6145718.0,0.0
1788559200,6145718.0,6145718.0,6145718.0,6145718.0,0.0
1788562800,6145718.0,6145718.0,6145718.0,6145718.0,0.0
1788566400,6129995.0,6129996.0,6129995.0,6129996.0,0.03249284
1788570000,6129996.0,6129996.0,6129996.0,6129996.0,0.0
1788573600,6129996.0,6129996.0,6129996.0,6129996.0,0.0
1788577200,5892140.0,5892144.0,5892140.0,5892142.0,0.0278921
1788580800,6129882.0,6129893.0,6129882.0,6129893.0,0.02515722
1788584400,6129893.0,6129893.0,6129893.0,6129893.0,0.0
1788588000,6129893.0,6129893.0,6129893.0,6129893.0,0.0
1788591600,6129893.0,6129893.0,6129893.0,6129893.0,0.0
1788595200,5891740.0,6129646.0,5891255.0,6129646.0,0.09309872
1788598800,5891887.0,5891887.0,5891886.0,5891886.0,0.01269644
1788602400,6129778.0,6129781.0,6129778.0,6129781.0,0.04374528
1788606000,6129781.0,6129781.0,6129781.0,6129781.0,0.0
1788609600,6129781.0,6129781.0,6129781.0,6129781.0,0.0
1788613200,6129807.0,6129807.0,5892546.0,5892546.0,0.01809806
1788616800,5892546.0,5892546.0,5892546.0,5892546.0,0.0
1788620400,6129802.0,6159000.0,6129802.0,6159000.0,0.78664769
1788624000,6159000.0,6159000.0,6159000.0,6159000.0,0.0
1788627600,6157996.0,6157996.0,5911248.0,5911248.0,0.0086904
1788631200,6157994.0,6157996.0,6157994.0,6157996.0,0.01856902
1788634800,5912410.0,6157990.0,5912410.0,5912425.0,0.0329097
1788638400,5912425.0,5912425.0,5912425.0,5912425.0,0.0
1788642000,5912425.0,5912425.0,5912425.0,5912425.0,0.0
1788645600,6157879.0,6157879.0,6157879.0,6157879.0,0.00161727
1788649200,6157995.0,6157995.0,6157995.0,6157995.0,0.00593666
1788652800,6157991.0,6157991.0,5894667.0,5894667.0,0.00963131
1788656400,5894667.0,5894667.0,5894667.0,5894667.0,0.0
1788660000,6157985.0,6157986.0,6157985.0,6157986.0,0.00808624
1788663600,5895789.0,5895789.0,5895789.0,5895789.0,0.02733136
1788667200,5895789.0,5937060.0,5895789.0,5895813.0,0.02105154
1788670800,6157933.0,6157933.0,6157866.0,6157868.0,0.03397683
1788674400,6157882.0,6157882.0,6157882.0,6157882.0,0.00323454
1788678000,5896430.0,6157877.0,5896430.0,6015255.0,0.16511349
1788681600,6015255.0,6015255.0,5894865.0,5894865.0,0.78664769
1788685200,5895179.0,6157875.0,5894664.0,5894664.0,0.33424192
1788688800,6157822.0,6157822.0,5940001.0,5940001.0,0.14728072
1788692400,5940001.0,5940001.0,5940001.0,5940001.0,0.0
1788696000,6157618.0,6158000.0,5940002.0,6157996.0,1.02941908
1788699600,5940004.0,5940004.0,5940003.0,5940003.0,0.02747561
1788703200,5940003.0,5940003.0,5940003.0,5940003.0,0.0
1788706800,6157980.0,6157989.0,6157980.0,6157988.0,0.00976878
1788710400,6157988.0,6157988.0,6157988.0,6157988.0,0.0
1788714000,6140983.0,6140983.0,6140983.0,6140983.0,0.01624967
1788717600,5940013.0,5940013.0,5940013.0,5940013.0,0.00319527
1788721200,6140982.0,6140982.0,6140982.0,6140982.0,0.00333041
1788724800,6140982.0,6140982.0,6140982.0,6140982.0,0.0
1788728400,6140978.0,6140979.0,5940017.0,5940017.0,0.01270024
1788732000,6140978.0,6140978.0,5940020.0,5940020.0,0.00545065
1788735600,5940020.0,5940020.0,5940020.0,5940020.0,0.0
1788739200,6140968.0,6140968.0,6140968.0,6140968.0,0.00449049
1788742800,5940024.0,6140973.0,5940023.0,5940024.0,0.04061312
1788746400,6140978.0,6140978.0,6140968.0,6140968.0,0.02341144
1788750000,6140968.0,6140968.0,5940024.0,5940025.0,0.01602985
1788753600,6140966.0,6140967.0,5940013.0,5940013.0,0.0461659
1788757200,5940013.0,5940013.0,5940009.0,5940009.0,0.01154113
1788760800,5940009.0,5940009.0,5940009.0,5940009.0,0.03696059
1788764400,6140835.0,6140835.0,6140835.0,6140835.0,0.00392845
1788768000,6140835.0,6140835.0,6140835.0,6140835.0,0.0
1788771600,5940027.0,5940027.0,5940026.0,5940026.0,0.00929055
1788775200,5940026.0,5940026.0,5940026.0,5940026.0,0.0
1788778800,5940026.0,5940026.0,5940026.0,5940026.0,0.0
1788782400,5940026.0,5940026.0,5940026.0,5940026.0,0.0
1788786000,5940034.0,6140693.0,5940016.0,6140693.0,0.16335076
1788789600,6140643.0,6140643.0,5940021.0,5940021.0,0.00486388
1788793200,6140607.0,6159992.0,5940024.0,5940024.0,1.70609226
1788796800,5940070.0,6159940.0,5940069.0,6159940.0,0.0296002
1788800400,6159940.0,6159940.0,6159940.0,6159940.0,0.0
1788804000,6159940.0,6159940.0,6159940.0,6159940.0,0.0
1788807600,6159940.0,6159940.0,6159940.0,6159940.0,0.0
1788811200,6159940.0,6159940.0,6159940.0,6159940.0,0.0
1788814800,6159940.0,6159940.0,6159940.0,6159940.0,0.0
1788818400,6159941.0,6159941.0,5940100.0,5940100.0,0.02069922
1788822000,6159940.0,6159940.0,6159940.0,6159940.0,0.00161673
1788825600,6159940.0,6159940.0,6159940.0,6159940.0,0.0
1788829200,6159940.0,6159940.0,6159940.0,6159940.0,0.0
1788832800,6159940.0,6159940.0,6159940.0,6159940.0,0.0
1788836400,5940118.0,5940118.0,5940110.0,5940110.0,0.08342812
1788840000,5940110.0,5940110.0,5940110.0,5940110.0,0.0
1788843600,6159664.0,6159945.0,5940118.0,5996119.0,1.90271057
1788847200,5996119.0,6159939.0,5940121.0,5940121.0,0.60822229
1788850800,5940121.0,5940121.0,5940121.0,5940121.0,0.0
1788854400,5940121.0,5940121.0,5940121.0,5940121.0,0.0
1788858000,6098996.0,6098996.0,6098996.0,6098996.0,0.00669487
1788861600,6085992.0,6159992.0,5940121.0,6159992.0,8.11276678
1788865200,6159988.0,6159988.0,6159988.0,6159988.0,0.00514886
1788868800,6159988.0,6159992.0,6159988.0,6159992.0,0.01728833
1788872400,5940125.0,6159988.0,5940121.0,5940121.0,0.94584904
1788876000,5940121.0,6159985.0,5940105.0,5998108.0,0.67994194
1788879600,6159983.0,6159983.0,5998108.0,5998108.0,0.03621653
1788883200,6159967.0,6159968.0,5998108.0,5998108.0,0.03341865
1788886800,5998108.0,6159964.0,5998108.0,6159964.0,0.00678232
1788890400,5998108.0,6159964.0,5998108.0,5998108.0,0.14433391
1788894000,6125960.0,6125960.0,6125960.0,6125960.0,0.00814468
1788897600,5998108.0,5998108.0,5998108.0,5998108.0,0.00174838
1788901200,5998108.0,5998108.0,5998108.0,5998108.0,0.00236247
1788904800,6125960.0,6125960.0,6125960.0,6125960.0,0.00185032
1788908400,6125960.0,6125960.0,6125960.0,6125960.0,0.0
1788912000,6125960.0,6125960.0,6125960.0,6125960.0,0.0
1788915600,6125950.0,6125951.0,6125950.0,6125951.0,0.03610214
1788919200,5998108.0,6125951.0,5940115.0,5940116.0,0.00922485
1788922800,6125950.0,6125951.0,5940121.0,5940121.0,0.01110552
1788926400,6125950.0,6125950.0,5940123.0,5940123.0,0.0042578
1788930000,5940123.0,5940123.0,5940123.0,5940123.0,0.0
1788933600,5940123.0,5940123.0,5940123.0,5940123.0,0.0
1788937200,5940123.0,5940123.0,5940123.0,5940123.0,0.0
1788940800,6125954.0,6125955.0,6125954.0,6125955.0,0.03839646
1788944400,6125955.0,6125955.0,6125955.0,6125955.0,0.0
1788948000,5940123.0,5940123.0,5940013.0,5940013.0,0.06993173
1788951600,5940013.0,5940013.0,5940013.0,5940013.0,0.0
1788955200,6125952.0,6125952.0,6125952.0,6125952.0,0.00814501
1788958800,5940021.0,5940021.0,5894988.0,5894988.0,0.15755401
1788962400,5894988.0,5894988.0,5894988.0,5894988.0,0.0
