ts,open,high,low,close,volume
1776240000,3208512.0,3208512.0,3208512.0,3208512.0,0.01555072
1776243600,3208512.0,3208512.0,3208512.0,3208512.0,0.0
1776247200,3208512.0,3208512.0,3208512.0,3208512.0,0.0
1776250800,3208512.0,3208512.0,3208512.0,3208512.0,0.0
1776254400,3208512.0,3208512.0,3208512.0,3208512.0,0.0
1776258000,3208512.0,3208512.0,3208512.0,3208512.0,0.0
1776261600,3208512.0,3208512.0,3208512.0,3208512.0,0.0
1776265200,3208512.0,3208512.0,3208512.0,3208512.0,0.0
1776268800,3208512.0,3208512.0,3208512.0,3208512.0,0.0
1776272400,3208512.0,3208512.0,3208512.0,3208512.0,0.0
1776276000,3208512.0,3208512.0,3208512.0,3208512.0,0.0
1776279600,3208512.0,3208512.0,3208512.0,3208512.0,0.0
1776283200,3208512.0,3208512.0,3208512.0,3208512.0,0.0
1776286800,3208512.0,3208512.0,3208512.0,3208512.0,0.0
1776290400,3208512.0,3208512.0,3208512.0,3208512.0,0.0
1776294000,3208512.0,3208512.0,3208512.0,3208512.0,0.0
1776297600,3208512.0,3208512.0,3208512.0,3208512.0,0.0
1776301200,3208512.0,3208512.0,3208512.0,3208512.0,0.0
1776304800,3208512.0,3208512.0,3208512.0,3208512.0,0.0
1776308400,3208512.0,3208512.0,3208512.0,3208512.0,0.0
1776312000,3208512.0,3208512.0,3208512.0,3208512.0,0.0
1776315600,3208512.0,3208512.0,3208512.0,3208512.0,0.0
1776319200,3208512.0,3208512.0,3208512.0,3208512.0,0.0
1776322800,3470601.0,4999997.0,3420000.0,3461860.0,1.48943314
1776326400,3000001.0,3463785.0,3000001.0,3453254.0,0.72983832
1776330000,3453132.0,3460341.0,3453000.0,3453000.0,2.02645324
1776333600,3457123.0,4000000.0,3374067.0,3441624.0,3.28152677
1776337200,3425084.0,3442747.0,3374067.0,3427725.0,2.72163711
1776340800,3427701.0,3429475.0,3356126.0,3374067.0,2.48992659
1776344400,3374067.0,3998000.0,3356007.0,3356008.0,1.16284509
1776348000,3856008.0,3856008.0,3356007.0,3431223.0,0.24747643
1776351600,3443023.0,3699998.0,3378878.0,3453899.0,4.38093113
1776355200,3450000.0,3454129.0,3445985.0,3449008.0,1.44238138
1776358800,3378628.0,3443019.0,3378628.0,3441021.0,0.23563116
1776362400,3433152.0,3436960.0,3400007.0,3436960.0,1.18307791
1776366000,3445601.0,3445601.0,3445601.0,3445601.0,0.00611504
1776369600,3439075.0,3439075.0,3432452.0,3432452.0,0.02780099
1776373200,3432452.0,3432452.0,3432452.0,3432452.0,0.0
1776376800,3427681.0,3427681.0,3427681.0,3427681.0,0.26522275
1776380400,3427681.0,3427681.0,3427681.0,3427681.0,0.58947054
1776384000,3427681.0,3427681.0,3400010.0,3427681.0,0.09310104
1776387600,3400010.0,3427681.0,3400010.0,3427681.0,0.09197379
1776391200,3427681.0,3700000.0,3400010.0,3401010.0,0.91405445
1776394800,3401010.0,3700000.0,3401010.0,3437375.0,2.06201239
1776398400,3436826.0,3690000.0,3362637.0,3362637.0,3.51237599
1776402000,3359561.0,3435704.0,3359561.0,3435704.0,0.01781689
1776405600,3436056.0,3436056.0,3362056.0,3362118.0,0.27220303
1776409200,3449983.0,3450099.0,3371847.0,3450099.0,0.93723302
1776412800,3450091.0,3450091.0,3450045.0,3450069.0,0.08485949
1776416400,3448933.0,3452075.0,3379716.0,3452075.0,0.52634184
1776420000,3395680.0,3450775.0,3380176.0,3450097.0,0.1306969
1776423600,3447042.0,3473002.0,3389999.0,3452983.0,1.52653057
1776427200,3390115.0,3648999.0,3390115.0,3396245.0,0.16255633
1776430800,3396863.0,3476465.0,3396863.0,3471413.0,0.13419991
1776434400,3474062.0,3500000.0,3399217.0,3464590.0,0.22567034
1776438000,3464818.0,3477606.0,3400970.0,3477606.0,0.6877754
1776441600,3474336.0,3477643.0,3469101.0,3470933.0,0.3616743
1776445200,3406072.0,3466230.0,3405999.0,3466230.0,0.9224908
1776448800,3466230.0,3466230.0,3466230.0,3466230.0,0.06642633
1776452400,3466230.0,3466230.0,3466230.0,3466230.0,0.00861945
1776456000,3466230.0,3466230.0,3415046.0,3466230.0,0.45231062
1776459600,3466230.0,3466230.0,3466230.0,3466230.0,0.0
1776463200,3420401.0,3466230.0,3420401.0,3466230.0,0.00710935
1776466800,3466230.0,3466230.0,3466230.0,3466230.0,0.01449932
1776470400,3420401.0,3466230.0,3420401.0,3466230.0,0.06516818
1776474000,3466230.0,3466230.0,3420401.0,3464406.0,0.07788529
1776477600,3420401.0,3599965.0,3420401.0,3420401.0,4.32029986
1776481200,3470680.0,3477281.0,3420401.0,3477281.0,1.49075399
1776484800,3481103.0,3589000.0,3420420.0,3420420.0,0.08088674
1776488400,3472938.0,3472938.0,3420420.0,3420420.0,0.54414024
1776492000,3469290.0,3469637.0,3420420.0,3469637.0,0.04047752
1776495600,3471374.0,3478663.0,3420420.0,3478663.0,1.00845551
1776499200,3468595.0,3599999.0,3468595.0,3475524.0,2.19845406
1776502800,3475364.0,3477281.0,3472587.0,3472591.0,2.02632376
1776506400,3480060.0,3590000.0,3420518.0,3464078.0,0.59667032
1776510000,3469637.0,3590000.0,3420518.0,3420599.0,0.34206624
1776513600,3420602.0,3560000.0,3005000.0,3400018.0,5.71313398
1776517200,3400945.0,3460045.0,3392618.0,3400000.0,2.02323891
1776520800,3457999.0,3457999.0,3397799.0,3397799.0,0.01367688
1776524400,3457999.0,3458000.0,3392631.0,3392631.0,0.02795142
1776528000,3457900.0,3457900.0,3250099.0,3457900.0,0.09176595
1776531600,3457890.0,3590000.0,3384713.0,3590000.0,1.0450777
1776535200,3391851.0,3467030.0,3391851.0,3396609.0,0.30469142
1776538800,3388792.0,3388792.0,3388792.0,3388792.0,0.0066214
1776542400,3374517.0,3466336.0,3374517.0,3466336.0,0.01240892
1776546000,3270010.0,3270010.0,3270010.0,3270010.0,0.00792028
1776549600,3270010.0,3270010.0,3270010.0,3270010.0,0.0
1776553200,3457824.0,3467900.0,3456824.0,3465468.0,5.76101514
1776556800,3450091.0,3450091.0,3383954.0,3383954.0,0.02223903
1776560400,3393040.0,3393040.0,3386223.0,3386223.0,0.10094986
1776564000,3385223.0,3450091.0,3383954.0,3383954.0,0.1332805
1776567600,3450000.0,3471374.0,3384543.0,3458909.0,0.49125887
1776571200,3384943.0,3458909.0,3383954.0,3456782.0,0.50332398
1776574800,3383954.0,3456782.0,3270000.0,3456129.0,3.66181346
1776578400,3451049.0,3465468.0,3377236.0,3465468.0,0.2804322
1776582000,3445489.0,3458866.0,3378935.0,3458866.0,0.81096148
1776585600,3383694.0,3460059.0,3383694.0,3455392.0,0.27350489
1776589200,3365340.0,3464468.0,3365340.0,3445837.0,0.07028914
1776592800,3377236.0,3464468.0,3367234.0,3367234.0,0.7023442
1776596400,3447922.0,3461125.0,3372647.0,3382674.0,0.49267884
1776600000,3467205.0,3589098.0,3384883.0,3589098.0,0.19567105
1776603600,3389992.0,3589098.0,3389992.0,3460256.0,0.1058096
1776607200,3465294.0,3589098.0,3390390.0,3470158.0,1.87163962
1776610800,3470060.0,3589098.0,3469811.0,3588999.0,0.75661216
1776614400,3470680.0,3476058.0,3409998.0,3471892.0,0.1002112
1776618000,3409998.0,3588906.0,3390390.0,3460232.0,0.46216628
1776621600,3390390.0,3452602.0,3390390.0,3446011.0,0.07643269
1776625200,3450031.0,3450875.0,3443052.0,3443052.0,0.05534011
1776628800,3390391.0,3443052.0,3390391.0,3443052.0,0.023566
1776632400,3441668.0,3441668.0,3440278.0,3440278.0,0.00975325
1776636000,3443052.0,3443052.0,3390390.0,3390390.0,0.13930081
1776639600,3443052.0,3443052.0,3390390.0,3390390.0,0.01444461
1776643200,3390390.0,3390390.0,3390390.0,3390390.0,0.03173599
1776646800,3440052.0,3443752.0,3390390.0,3440002.0,0.31422138
1776650400,3394670.0,3443752.0,3390390.0,3443752.0,0.01570135
1776654000,3443752.0,3443752.0,3443752.0,3443752.0,0.00453981
1776657600,3399285.0,3399285.0,3399285.0,3399285.0,0.00884953
1776661200,3438542.0,3438542.0,3390321.0,3390321.0,0.82867059
1776664800,3390322.0,3443693.0,3390322.0,3435670.0,0.1057362
1776668400,3396778.0,3438000.0,3390321.0,3390321.0,3.7734108
1776672000,3390321.0,3443677.0,3390321.0,3443677.0,0.00602821
1776675600,3390508.0,3393775.0,3390508.0,3393775.0,0.30910723
1776679200,3392663.0,3442000.0,3392663.0,3442000.0,0.01585036
1776682800,3442000.0,3442000.0,3442000.0,3442000.0,0.06052992
1776686400,3442000.0,3451574.0,3399996.0,3402967.0,0.16470044
1776690000,3451276.0,3451276.0,3403980.0,3451276.0,0.04214521
1776693600,3404014.0,3445516.0,3403978.0,3403978.0,0.10887569
1776697200,3433028.0,3433028.0,3431813.0,3431813.0,0.58737953
1776700800,3403978.0,3403978.0,3403978.0,3403978.0,0.00666018
1776704400,3439000.0,3448152.0,3439000.0,3448152.0,0.04164186
1776708000,3447000.0,3451276.0,3406318.0,3451276.0,0.05027347
1776711600,3451276.0,3484984.0,3416482.0,3484984.0,0.09790313
1776715200,3484984.0,3484984.0,3484984.0,3484984.0,0.0
1776718800,3487607.0,3487607.0,3487607.0,3487607.0,0.04283309
1776722400,3484081.0,3484081.0,3484081.0,3484081.0,0.02858429
1776726000,3433333.0,3484027.0,3433333.0,3484027.0,0.06526238
1776729600,3482050.0,3483002.0,3433333.0,3433333.0,0.02799591
1776733200,3433333.0,3433333.0,3433333.0,3433333.0,0.0
1776736800,3480763.0,3480763.0,3433333.0,3433333.0,0.20542842
1776740400,3433333.0,3478545.0,3433333.0,3433333.0,0.12220868
1776744000,3433333.0,3478545.0,3433333.0,3477478.0,0.09438965
1776747600,3477478.0,3478545.0,3477478.0,3478251.0,0.10500319
1776751200,3478275.0,3478275.0,3478275.0,3478275.0,0.02558508
1776754800,3478275.0,3478275.0,3477819.0,3477819.0,0.00970948
1776758400,3440672.0,3478275.0,3434147.0,3478275.0,0.06556783
1776762000,3478275.0,3478275.0,3478275.0,3478275.0,0.0
1776765600,3478275.0,3478275.0,3478275.0,3478275.0,0.01355384
1776769200,3478275.0,3478275.0,3478275.0,3478275.0,0.01162271
1776772800,3478275.0,3478275.0,3478275.0,3478275.0,0.15552673
1776776400,3478275.0,3478275.0,3478275.0,3478275.0,0.0
1776780000,3477920.0,3477920.0,3477920.0,3477920.0,0.00286349
1776783600,3434115.0,3477065.0,3434115.0,3476862.0,0.14990651
1776787200,3475385.0,3475385.0,3467634.0,3467634.0,0.01598477
1776790800,3467634.0,3467634.0,3467634.0,3467634.0,0.0
1776794400,3467634.0,3467634.0,3467634.0,3467634.0,0.0
1776798000,3477955.0,3477955.0,3433333.0,3433333.0,0.01795294
1776801600,3433333.0,3433333.0,3433333.0,3433333.0,0.0
1776805200,3433333.0,3433333.0,3433333.0,3433333.0,0.07243024
1776808800,3460607.0,3460607.0,3460607.0,3460607.0,0.00431658
1776812400,3433333.0,3433333.0,3433333.0,3433333.0,0.00577728
1776816000,3433333.0,3460527.0,3433333.0,3433333.0,0.0221405
1776819600,3460527.0,3460527.0,3433336.0,3433336.0,0.01707692
1776823200,3460527.0,3477943.0,3460527.0,3477769.0,0.48607836
1776826800,3477441.0,3477739.0,3460527.0,3460527.0,0.59008375
1776830400,3478256.0,3478256.0,3460527.0,3478030.0,0.47152319
1776834000,3460527.0,3460527.0,3436167.0,3436167.0,0.24143094
1776837600,3436167.0,3478265.0,3436167.0,3478265.0,0.34393785
1776841200,3478028.0,3478028.0,3478028.0,3478028.0,0.00573428
1776844800,3440167.0,3477588.0,3436167.0,3436167.0,0.35113116
1776848400,3476886.0,3476886.0,3476886.0,3476886.0,0.00286434
1776852000,3475896.0,3476766.0,3436853.0,3476630.0,0.98345025
1776855600,3436853.0,3476960.0,3436853.0,3476960.0,0.10455534
1776859200,3477000.0,3477000.0,3440629.0,3440629.0,0.30956207
1776862800,3437412.0,3476515.0,3367234.0,3476515.0,0.57596242
1776866400,3473396.0,3473398.0,3447219.0,3447219.0,0.70111493
1776870000,3447925.0,3476575.0,3447925.0,3476575.0,1.03784724
1776873600,3447654.0,3447654.0,3400098.0,3400098.0,0.07081374
1776877200,3400098.0,3400098.0,3400098.0,3400098.0,0.0
1776880800,3476575.0,3478275.0,3476575.0,3478275.0,0.16937173
1776884400,3478275.0,3478275.0,3478275.0,3478275.0,0.0
1776888000,3478275.0,3478275.0,3478275.0,3478275.0,0.0
1776891600,3478275.0,3478275.0,3462997.0,3462997.0,0.00859946
1776895200,3462997.0,3462997.0,3462997.0,3462997.0,0.0
1776898800,3462997.0,3462997.0,3462997.0,3462997.0,0.0
1776902400,3478275.0,3478275.0,3461140.0,3461140.0,0.17766334
1776906000,3478275.0,3478275.0,3461140.0,3478275.0,0.15382128
1776909600,3461140.0,3461140.0,3400098.0,3456738.0,0.30378906
1776913200,3452625.0,3478275.0,3452625.0,3478275.0,0.01013339
1776916800,3478275.0,3478275.0,3478275.0,3478275.0,0.0028632
1776920400,3478275.0,3478275.0,3478275.0,3478275.0,0.00410835
1776924000,3478275.0,3478275.0,3452625.0,3478275.0,0.24334734
1776927600,3478275.0,3520409.0,3400190.0,3470203.0,0.1897704
1776931200,3470203.0,3470203.0,3456624.0,3456624.0,0.36309948
1776934800,3510676.0,3513954.0,3455168.0,3513954.0,0.04735869
1776938400,3452882.0,3550000.0,3452882.0,3519392.0,0.17493326
1776942000,3522079.0,3550000.0,3522079.0,3524766.0,0.01590169
1776945600,3534219.0,3537274.0,3474455.0,3482405.0,1.2398606
1776949200,3531731.0,3531731.0,3468508.0,3468508.0,3.91505377
1776952800,3482894.0,3524946.0,3482894.0,3524946.0,0.03164693
1776956400,3524946.0,3524946.0,3524946.0,3524946.0,0.010081
1776960000,3487162.0,3487162.0,3487162.0,3487162.0,0.0220202
1776963600,3487162.0,3487162.0,3459591.0,3459591.0,0.55765226
1776967200,3524946.0,3524946.0,3484474.0,3484474.0,0.07196908
1776970800,3401460.0,3482582.0,3401460.0,3482582.0,0.01595109
1776974400,3482582.0,3482582.0,3482582.0,3482582.0,0.0
1776978000,3488859.0,3489561.0,3488859.0,3489561.0,0.03423151
1776981600,3493427.0,3493427.0,3493427.0,3493427.0,0.00462869
1776985200,3493625.0,3493625.0,3493625.0,3493625.0,0.01161172
1776988800,3512916.0,3512916.0,3512916.0,3512916.0,0.04664272
1776992400,3495673.0,3495673.0,3494886.0,3494886.0,0.04186699
1776996000,3535970.0,3535970.0,3436221.0,3495539.0,0.03207451
1776999600,3435155.0,3435155.0,3435155.0,3435155.0,0.02840149
1777003200,3482743.0,3482743.0,3435155.0,3435155.0,0.06051823
1777006800,3435155.0,3494490.0,3430673.0,3494490.0,0.03124703
1777010400,3494490.0,3494490.0,3494490.0,3494490.0,0.0
1777014000,3481826.0,3481826.0,3430999.0,3430999.0,0.01102066
1777017600,3430999.0,3430999.0,3430999.0,3430999.0,0.0
1777021200,3431014.0,3479722.0,3431014.0,3473982.0,0.1465847
1777024800,3431015.0,3473063.0,3430673.0,3473063.0,0.20792481
1777028400,3473058.0,3473058.0,3401442.0,3473058.0,0.50852412
1777032000,3467000.0,3473056.0,3435994.0,3435994.0,0.07161446
1777035600,3473047.0,3473062.0,3473047.0,3473062.0,0.11632332
1777039200,3494441.0,3575000.0,3494441.0,3575000.0,5.83532118
1777042800,3575000.0,3638369.0,3575000.0,3585702.0,0.29716359
1777046400,3633496.0,3643209.0,3616841.0,3643205.0,0.35412999
1777050000,3643205.0,3643209.0,3410000.0,3643209.0,0.37943185
1777053600,3591432.0,3632579.0,3591432.0,3632579.0,0.01130706
1777057200,3570633.0,3643213.0,3569729.0,3643213.0,0.10043648
1777060800,3632268.0,3634880.0,3571811.0,3632936.0,0.90988459
1777064400,3627546.0,3750321.0,3561688.0,3621788.0,4.94831932
1777068000,3750317.0,3750317.0,3563918.0,3623707.0,0.42232481
1777071600,3565801.0,3568203.0,3565801.0,3568203.0,0.82292022
1777075200,3627023.0,3627023.0,3627023.0,3627023.0,0.34249355
1777078800,3568718.0,3623870.0,3562885.0,3617767.0,0.70643817
1777082400,3617767.0,3621788.0,3550708.0,3550708.0,0.24705023
1777086000,3552595.0,3616025.0,3411999.0,3616025.0,1.31397093
1777089600,3610267.0,3620911.0,3412005.0,3620911.0,0.14077565
1777093200,3623866.0,3623866.0,3556884.0,3616894.0,0.06192408
1777096800,3614804.0,3614804.0,3556884.0,3610443.0,0.16868075
1777100400,3612012.0,3625801.0,3563571.0,3563571.0,2.0499741
1777104000,3561516.0,3620043.0,3561516.0,3619694.0,2.80549753
1777107600,3557054.0,3623882.0,3557052.0,3557056.0,0.29935359
1777111200,3557400.0,3819519.0,3557052.0,3557052.0,0.10942572
1777114800,3622311.0,3819519.0,3557509.0,3614110.0,1.80121412
1777118400,3617076.0,3617076.0,3557900.0,3610969.0,2.02381397
1777122000,3558081.0,3616200.0,3557904.0,3557904.0,0.0519857
1777125600,3625801.0,3818973.0,3548988.0,3614284.0,1.98414752
1777129200,3614284.0,3615157.0,3554311.0,3615157.0,1.23433298
1777132800,3616029.0,3818973.0,3561684.0,3615672.0,0.05583223
1777136400,3613935.0,3613935.0,3561684.0,3561684.0,0.01357632
1777140000,3617000.0,3818000.0,3604512.0,3604512.0,0.16233804
1777143600,3561900.0,3605210.0,3412000.0,3603112.0,4.16702639
1777147200,3543155.0,3611995.0,3543155.0,3611995.0,0.29540486
1777150800,3611991.0,3611995.0,3422469.0,3557223.0,0.04789207
1777154400,3558253.0,3611991.0,3558253.0,3611991.0,0.31595382
1777158000,3611991.0,3611991.0,3611991.0,3611991.0,0.0043386
1777161600,3611987.0,3611987.0,3611000.0,3611000.0,0.00927829
1777165200,3558257.0,3610995.0,3557056.0,3557056.0,0.05718537
1777168800,3557052.0,3557052.0,3556708.0,3556708.0,0.15056296
1777172400,3610643.0,3610647.0,3556880.0,3556880.0,0.08776054
1777176000,3610643.0,3610643.0,3559110.0,3559110.0,0.01225403
1777179600,3610199.0,3610199.0,3556708.0,3610195.0,0.08155087
1777183200,3610178.0,3610182.0,3562198.0,3610182.0,2.08448326
1777186800,3562027.0,3610182.0,3560311.0,3567689.0,0.02588454
1777190400,3610182.0,3610200.0,3540880.0,3610200.0,0.32553899
1777194000,3610200.0,3610200.0,3575066.0,3575066.0,0.03189648
1777197600,3610196.0,3610196.0,3580217.0,3580217.0,0.04090225
1777201200,3610197.0,3610200.0,3610197.0,3610200.0,0.04839427
1777204800,3581217.0,3610200.0,3581217.0,3610197.0,0.02493838
1777208400,3610197.0,3610197.0,3610197.0,3610197.0,0.0
1777212000,3610200.0,3610644.0,3610200.0,3610644.0,0.05191746
1777215600,3611988.0,3650406.0,3611988.0,3634526.0,0.87752199
1777219200,3636446.0,3639447.0,3636446.0,3639447.0,0.36844905
1777222800,3639063.0,3651802.0,3639063.0,3643600.0,0.45682441
1777226400,3639238.0,3641157.0,3639238.0,3641157.0,0.02885359
1777230000,3645346.0,3646742.0,3610197.0,3610197.0,0.07222216
1777233600,3651628.0,3651628.0,3646742.0,3646742.0,0.01278836
1777237200,3646742.0,3646742.0,3646742.0,3646742.0,0.0
1777240800,3646742.0,3646742.0,3646742.0,3646742.0,0.0
1777244400,3646739.0,3646739.0,3638848.0,3642891.0,0.23598032
1777248000,3647000.0,3647000.0,3610197.0,3645485.0,0.26220153
1777251600,3647000.0,3647000.0,3647000.0,3647000.0,0.0043145
1777255200,3610197.0,3819519.0,3610197.0,3819519.0,0.21744934
1777258800,3650000.0,3667681.0,3650000.0,3650000.0,0.02084923
1777262400,3662969.0,3662969.0,3650000.0,3650000.0,0.19604728
1777266000,3650000.0,3650000.0,3610197.0,3610197.0,0.27252006
1777269600,3610197.0,3610197.0,3610197.0,3610197.0,0.1116877
1777273200,3583003.0,3640538.0,3582999.0,3631762.0,0.08619956
1777276800,3633627.0,3633627.0,3583003.0,3583003.0,4.95969107
1777280400,3583003.0,3583003.0,3582999.0,3582999.0,0.14814321
1777284000,3639196.0,3639200.0,3600610.0,3600610.0,0.02601346
1777287600,3618913.0,3618913.0,3618913.0,3618913.0,0.01289988
1777291200,3618913.0,3661996.0,3613291.0,3661996.0,0.01708191
1777294800,3657845.0,3657845.0,3605654.0,3605654.0,0.0836641
1777298400,3605654.0,3662969.0,3605650.0,3637513.0,0.20494233
1777302000,3641335.0,3642488.0,3607910.0,3642484.0,0.04421919
1777305600,3642484.0,3662969.0,3608049.0,3662969.0,2.3450228
1777309200,3662969.0,3700000.0,3662969.0,3700000.0,0.67122672
1777312800,3700000.0,3763127.0,3620000.0,3620000.0,1.33791582
1777316400,3751202.0,3990000.0,3620004.0,3990000.0,0.05192945
1777320000,3620134.0,3620148.0,3620134.0,3620148.0,0.02701116
1777323600,3620148.0,3620148.0,3620148.0,3620148.0,0.0
1777327200,3622972.0,3622972.0,3622972.0,3622972.0,0.00482789
1777330800,3761190.0,3761976.0,3624170.0,3761976.0,0.07448574
1777334400,3761544.0,3761698.0,3623271.0,3761490.0,0.15636207
1777338000,3623076.0,3761122.0,3623039.0,3760936.0,0.04027426
1777341600,3761442.0,3761442.0,3624118.0,3624118.0,0.03216014
1777345200,3624531.0,3761528.0,3624531.0,3761528.0,1.59028349
1777348800,3761528.0,3761528.0,3625278.0,3761528.0,0.10951237
1777352400,3761528.0,3761528.0,3625892.0,3625896.0,0.1933944
1777356000,3751621.0,3751621.0,3625884.0,3750613.0,0.06036497
1777359600,3750512.0,3751895.0,3626169.0,3626866.0,0.37652802
1777363200,3747231.0,3747231.0,3747231.0,3747231.0,0.36961118
1777366800,3751540.0,3751540.0,3717891.0,3718014.0,0.18140978
1777370400,3627037.0,3726883.0,3627037.0,3627345.0,0.11695125
1777374000,3715139.0,3715139.0,3626916.0,3672736.0,0.10752038
1777377600,3672001.0,3674985.0,3625875.0,3625875.0,1.57331223
1777381200,3681184.0,3703898.0,3623397.0,3637356.0,0.13610853
1777384800,3656189.0,3713110.0,3624567.0,3624567.0,0.23735423
1777388400,3650000.0,3661185.0,3624567.0,3624567.0,0.73948271
1777392000,3752000.0,6499500.0,3624567.0,3674186.0,13.09264207
1777395600,3624567.0,3633561.0,3623397.0,3633561.0,2.55822175
1777399200,3695906.0,3695906.0,3653797.0,3695000.0,0.21298896
1777402800,3690000.0,3690000.0,3690000.0,3690000.0,0.00363902
1777406400,3666819.0,3690000.0,3666819.0,3690000.0,0.09876494
1777410000,3690000.0,3690000.0,3650432.0,3690000.0,0.10092303
1777413600,3646990.0,3685000.0,3646990.0,3685000.0,0.03627289
1777417200,3685000.0,3685000.0,3646426.0,3682000.0,0.26319946
1777420800,3682000.0,3726706.0,3663126.0,3670076.0,0.5927775
1777424400,3670000.0,3735751.0,3664154.0,3735751.0,0.78192305
1777428000,3735474.0,3739995.0,3676644.0,3676644.0,0.65956649
1777431600,3746535.0,3756818.0,3663900.0,3663900.0,3.47086717
1777435200,3692742.0,3737372.0,3692742.0,3737372.0,1.58017365
1777438800,3737373.0,3737373.0,3690000.0,3737373.0,0.07111033
1777442400,3696350.0,3737373.0,3696350.0,3696350.0,0.02606738
1777446000,3696350.0,3696350.0,3696350.0,3696350.0,0.0
1777449600,3737373.0,3737373.0,3696350.0,3696350.0,0.03990961
1777453200,3737373.0,3737373.0,3696350.0,3696354.0,0.04662278
1777456800,3737369.0,3737369.0,3696354.0,3737369.0,0.87127933
1777460400,3737369.0,3737373.0,3700471.0,3737369.0,0.09994188
1777464000,3737369.0,3737373.0,3700650.0,3737373.0,0.28015146
1777467600,3737373.0,3737373.0,3700450.0,3700450.0,0.50340972
1777471200,3701000.0,3737373.0,3682000.0,3712308.0,0.81464907
1777474800,3714302.0,3737373.0,3663902.0,3699127.0,0.10184578
1777478400,3688915.0,3688915.0,3663999.0,3663999.0,0.77076508
1777482000,3663999.0,3684731.0,3663999.0,3663999.0,0.0201434
1777485600,3663999.0,3672963.0,3654618.0,3672963.0,0.35991534
1777489200,3672963.0,3672963.0,3672963.0,3672963.0,0.0
1777492800,3654618.0,3654618.0,3646500.0,3646500.0,1.13838152
1777496400,3646500.0,3646500.0,3646500.0,3646500.0,0.0
1777500000,3646499.0,3646499.0,3646499.0,3646499.0,0.07327074
1777503600,3712178.0,3737020.0,3712178.0,3737020.0,0.00588052
1777507200,3663665.0,3716359.0,3663665.0,3663669.0,0.08868957
1777510800,3724835.0,3724835.0,3724835.0,3724835.0,0.01339495
1777514400,3737020.0,3737020.0,3663669.0,3663669.0,0.10961663
1777518000,3709808.0,3709808.0,3700284.0,3701726.0,0.0432727
1777521600,3673976.0,3673976.0,3663665.0,3669913.0,1.66549796
1777525200,3667060.0,3667060.0,3639900.0,3639900.0,1.65793884
1777528800,3658532.0,3658532.0,3658532.0,3658532.0,0.00831699
1777532400,3639900.0,3737000.0,3575010.0,3691183.0,2.10539649
1777536000,3634874.0,3642731.0,3634874.0,3642731.0,0.01524208
1777539600,3641712.0,3641712.0,3641712.0,3641712.0,0.00831699
1777543200,3695664.0,3700656.0,3641716.0,3700656.0,0.02342827
1777546800,3711838.0,3711838.0,3648372.0,3648372.0,0.01437727
1777550400,3646009.0,3708879.0,3646009.0,3708879.0,0.08230425
1777554000,3706855.0,3736900.0,3563759.0,3563759.0,2.1661856
1777557600,3556005.0,3572868.0,3480197.0,3535881.0,2.63849403
1777561200,3546350.0,3700000.0,3487397.0,3533824.0,0.15011711
1777564800,3527705.0,3700000.0,3488888.0,3509438.0,0.22708754
1777568400,3669668.0,3669668.0,3488890.0,3519795.0,0.15678406
1777572000,3531351.0,3531351.0,3488894.0,3488894.0,0.07192618
1777575600,3532483.0,3669668.0,3512295.0,3512295.0,0.43198276
1777579200,3488894.0,3669668.0,3488894.0,3506861.0,0.07928558
1777582800,3506861.0,3506861.0,3506861.0,3506861.0,0.0
1777586400,3522326.0,3522326.0,3517929.0,3521466.0,0.06799483
1777590000,3488894.0,3519485.0,3488894.0,3519485.0,0.05708872
1777593600,3489994.0,3669668.0,3489994.0,3669668.0,0.10621118
1777597200,3489998.0,3532883.0,3489997.0,3521076.0,0.04145261
1777600800,3520048.0,3537566.0,3500995.0,3500995.0,0.25672633
1777604400,3500000.0,3529002.0,3500000.0,3529002.0,0.31833236
1777608000,3500000.0,3526806.0,3500000.0,3500000.0,0.08775626
1777611600,3527339.0,3527674.0,3522185.0,3522185.0,0.99863584
1777615200,3530010.0,3649997.0,3500002.0,3522055.0,1.78082812
1777618800,3523626.0,3523626.0,3500002.0,3500002.0,0.14928759
1777622400,3500002.0,3527805.0,3498588.0,3498588.0,3.44826324
1777626000,3490003.0,3649993.0,3490000.0,3649993.0,2.00034088
1777629600,3524730.0,3524730.0,3490200.0,3490200.0,0.33363587
1777633200,3490203.0,3736650.0,3490200.0,3532240.0,3.16394493
1777636800,3532240.0,3534232.0,3490202.0,3527698.0,5.72974558
1777640400,3526406.0,3541481.0,3490605.0,3490605.0,0.07839328
1777644000,3490805.0,3490805.0,3400000.0,3400000.0,7.58992763
1777647600,3478100.0,3660005.0,3435608.0,3493605.0,0.9387059
1777651200,3489435.0,3489435.0,3430701.0,3430701.0,0.04899739
1777654800,3495087.0,3510577.0,3429251.0,3505592.0,1.46840614
1777658400,3494453.0,3494453.0,3477723.0,3477723.0,0.0761526
1777662000,3483314.0,3653899.0,3434864.0,3653899.0,1.81149423
1777665600,3490184.0,3490184.0,3435003.0,3487279.0,0.3282889
1777669200,3474497.0,3477304.0,3429251.0,3477304.0,1.2412923
1777672800,3477256.0,3477256.0,3429251.0,3429251.0,0.46345229
1777676400,3429251.0,3484848.0,3429251.0,3477479.0,1.00102984
1777680000,3483620.0,3498749.0,3429251.0,3429251.0,1.30279686
1777683600,3429253.0,3649980.0,3429253.0,3649980.0,0.09692192
1777687200,3434643.0,3488357.0,3434643.0,3488357.0,0.14667843
1777690800,3474146.0,3487304.0,3474146.0,3487304.0,0.03141486
1777694400,3482392.0,3482392.0,3482392.0,3482392.0,0.23027533
1777698000,3479234.0,3649020.0,3479234.0,3480286.0,0.04713142
1777701600,3450000.0,3477830.0,3434649.0,3434649.0,0.08688582
1777705200,3474146.0,3474497.0,3474146.0,3474497.0,0.24878883
1777708800,3434650.0,3488882.0,3434650.0,3488882.0,1.48211847
1777712400,3480462.0,3480462.0,3434647.0,3434647.0,0.11134122
1777716000,3484672.0,3488882.0,3484672.0,3484672.0,0.24925924
1777719600,3484672.0,3484672.0,3434647.0,3434647.0,0.37917618
1777723200,3488881.0,3488881.0,3440000.0,3440000.0,0.28146668
1777726800,3480813.0,3482041.0,3434647.0,3477830.0,0.46843263
1777730400,3477830.0,3480637.0,3477830.0,3477830.0,3.56805409
1777734000,3434648.0,3485901.0,3429251.0,3474848.0,3.23851021
1777737600,3479585.0,3482567.0,3429252.0,3482567.0,0.59255536
1777741200,3483269.0,3483269.0,3430000.0,3483269.0,0.08721343
1777744800,3435506.0,3435506.0,3430000.0,3430000.0,0.18939043
1777748400,3480813.0,3480813.0,3480813.0,3480813.0,0.01452132
1777752000,3430000.0,3483269.0,3430000.0,3483269.0,0.27594451
1777755600,3483269.0,3483269.0,3483269.0,3483269.0,0.00648385
1777759200,3483269.0,3483269.0,3430000.0,3430000.0,0.3279615
1777762800,3430000.0,3430000.0,3430000.0,3430000.0,0.33816872
1777766400,3430002.0,3443440.0,3430002.0,3443440.0,0.3254928
1777770000,3483269.0,3483269.0,3430002.0,3482743.0,0.03282369
1777773600,3479234.0,3479234.0,3430002.0,3430002.0,0.04057189
1777777200,3441199.0,3479234.0,3430002.0,3443268.0,0.68008923
1777780800,3479234.0,3479234.0,3435164.0,3435164.0,0.0392261
1777784400,3479234.0,3479234.0,3435164.0,3435164.0,0.0655364
1777788000,3479234.0,3479234.0,3435165.0,3479234.0,0.05834891
1777791600,3448615.0,3479234.0,3448615.0,3479234.0,0.06307147
1777795200,3435165.0,3479234.0,3435161.0,3479234.0,0.25052508
1777798800,3479234.0,3479234.0,3435170.0,3435170.0,0.00821559
1777802400,3440853.0,3440853.0,3435171.0,3435171.0,0.02129171
1777806000,3435171.0,3479234.0,3435170.0,3446373.0,0.01521792
1777809600,3479234.0,3479234.0,3435161.0,3479234.0,0.12564144
1777813200,3479234.0,3483269.0,3430002.0,3483269.0,1.66547886
1777816800,3439300.0,3487129.0,3430002.0,3435851.0,0.30837428
1777820400,3456700.0,3456700.0,3456700.0,3456700.0,0.00319984
1777824000,3492567.0,3496076.0,3492567.0,3496076.0,0.02696282
1777827600,3499743.0,3499752.0,3499743.0,3499752.0,0.01859592
1777831200,3499752.0,3499752.0,3462242.0,3462242.0,0.0088109
1777834800,3499752.0,3499758.0,3499752.0,3499758.0,0.01382667
1777838400,3464312.0,3510112.0,3464312.0,3510112.0,0.28712598
1777842000,3553249.0,3553249.0,3553249.0,3553249.0,0.00840836
1777845600,3540993.0,3540993.0,3460365.0,3460365.0,0.03213787
1777849200,3456700.0,3499213.0,3456700.0,3499213.0,0.46110106
1777852800,3499213.0,3510006.0,3437238.0,3510006.0,0.027577
1777856400,3494309.0,3501856.0,3441562.0,3501856.0,0.31614947
1777860000,3508453.0,3508453.0,3506545.0,3506545.0,0.64025704
1777863600,3510006.0,3510006.0,3448217.0,3500080.0,0.38717387
1777867200,3500080.0,3510006.0,3454669.0,3509813.0,1.73786702
1777870800,3510006.0,3515814.0,3463940.0,3464001.0,0.09961403
1777874400,3464001.0,3511293.0,3464001.0,3510443.0,0.01365435
1777878000,3512916.0,3512916.0,3512916.0,3512916.0,0.00607814
1777881600,3514906.0,3515804.0,3457933.0,3457933.0,0.17739967
1777885200,3456735.0,3515804.0,3453022.0,3453022.0,0.19062311
1777888800,3486462.0,3512473.0,3451448.0,3451448.0,0.02361344
1777892400,3484824.0,3511000.0,3451448.0,3511000.0,0.11006802
1777896000,3493016.0,3511000.0,3451448.0,3511000.0,0.38413873
1777899600,3451448.0,3510966.0,3449355.0,3510966.0,0.45894945
1777903200,3470743.0,3478300.0,3470743.0,3478300.0,1.93463232
1777906800,3470743.0,3470743.0,3449355.0,3449355.0,0.95414928
1777910400,3457848.0,3510978.0,3430002.0,3510978.0,0.05887325
1777914000,3473321.0,3481913.0,3450002.0,3450002.0,0.06971792
1777917600,3510978.0,3511000.0,3506614.0,3511000.0,0.66285618
1777921200,3500672.0,3500672.0,3450002.0,3450002.0,0.06429165
1777924800,3503994.0,3503994.0,3450002.0,3450002.0,0.08069913
1777928400,3450002.0,3494828.0,3450002.0,3494828.0,0.06290085
1777932000,3494828.0,3494828.0,3494828.0,3494828.0,0.00838353
1777935600,3450002.0,3481409.0,3450002.0,3481409.0,0.20002634
1777939200,3477616.0,3486283.0,3450002.0,3486283.0,0.05830605
1777942800,3486283.0,3494828.0,3450002.0,3450002.0,1.10576892
1777946400,3450002.0,3510989.0,3430008.0,3510989.0,0.95351275
1777950000,3450002.0,3450002.0,3450002.0,3450002.0,0.04303509
1777953600,3450002.0,3499151.0,3450002.0,3497654.0,0.52486002
1777957200,3497654.0,3507893.0,3450002.0,3507893.0,0.55478596
1777960800,3510967.0,3510967.0,3452263.0,3507618.0,0.06569496
1777964400,3507614.0,3507614.0,3507614.0,3507614.0,0.04457959
1777968000,3507206.0,3507601.0,3507206.0,3507601.0,0.00851798
1777971600,3499139.0,3507601.0,3456139.0,3506757.0,2.09500149
1777975200,3456147.0,3506761.0,3456143.0,3506761.0,0.11043489
1777978800,3506761.0,3510222.0,3456159.0,3456160.0,4.84306306
1777982400,3510972.0,3510972.0,3456160.0,3459996.0,0.19106297
1777986000,3499999.0,3519193.0,3465465.0,3465465.0,1.30759308
1777989600,3519435.0,3519435.0,3465466.0,3465466.0,0.1476097
1777993200,3465468.0,3467814.0,3456160.0,3456160.0,1.30027471
1777996800,3475103.0,3483180.0,3440000.0,3483180.0,2.2360434
1778000400,3440000.0,3473780.0,3440000.0,3473780.0,0.01364951
1778004000,3478300.0,3478300.0,3478300.0,3478300.0,0.0031616
1778007600,3440000.0,3440000.0,3440000.0,3440000.0,0.04467371
1778011200,3440000.0,3459104.0,3440000.0,3440000.0,0.02637774
1778014800,3440001.0,3470000.0,3440000.0,3440000.0,4.4263858
1778018400,3440000.0,3463085.0,3440000.0,3463085.0,0.29917557
1778022000,3468511.0,3468547.0,3440000.0,3468547.0,0.03057864
1778025600,3468500.0,3468500.0,3440000.0,3440000.0,0.04286065
1778029200,3462344.0,3462344.0,3440000.0,3455778.0,0.08610647
1778032800,3456746.0,3460378.0,3453488.0,3457278.0,0.37256036
1778036400,3461876.0,3468547.0,3440000.0,3460620.0,0.57269845
1778040000,3440001.0,3466834.0,3440001.0,3463642.0,0.33618994
1778043600,3440001.0,3440001.0,3440000.0,3440000.0,0.28933382
1778047200,3462869.0,3462869.0,3440003.0,3440003.0,0.05664179
1778050800,3440004.0,3466834.0,3440004.0,3466834.0,0.03971503
1778054400,3466043.0,3466043.0,3466042.0,3466042.0,0.0485167
1778058000,3466042.0,3466043.0,3449355.0,3449355.0,0.25667706
1778061600,3466043.0,3519433.0,3446261.0,3519433.0,3.07555498
1778065200,3519433.0,3519433.0,3500000.0,3500000.0,0.11524432
1778068800,3500000.0,3514511.0,3500000.0,3514511.0,1.0121535
1778072400,3504167.0,3555702.0,3500000.0,3520775.0,0.98083929
1778076000,3555702.0,3597000.0,3506816.0,3539144.0,0.86471807
1778079600,3578766.0,3597776.0,3575772.0,3597776.0,0.42862548
1778083200,3547501.0,3597776.0,3547501.0,3597776.0,0.09468626
1778086800,3591363.0,3597776.0,3546401.0,3596094.0,0.12496282
1778090400,3563204.0,3597776.0,3563204.0,3597776.0,0.06718231
1778094000,3597776.0,3597776.0,3546397.0,3597776.0,1.16934292
1778097600,3597776.0,3597776.0,3597776.0,3597776.0,0.0
1778101200,3597776.0,3597776.0,3546397.0,3546397.0,0.93005741
1778104800,3555940.0,3597000.0,3555940.0,3597000.0,0.05720088
1778108400,3597000.0,3597000.0,3597000.0,3597000.0,0.0
1778112000,3596000.0,3596000.0,3564907.0,3596000.0,0.33361556
1778115600,3596000.0,3596000.0,3596000.0,3596000.0,0.0066941
1778119200,3596000.0,3596000.0,3555943.0,3596000.0,0.23273538
1778122800,3575336.0,3596000.0,3575336.0,3596000.0,1.17858905
1778126400,3581325.0,3596996.0,3580127.0,3596996.0,0.68498643
1778130000,3596996.0,3596996.0,3596996.0,3596996.0,0.0
1778133600,3596996.0,3597776.0,3578913.0,3597776.0,0.77306369
1778137200,3585982.0,3675894.0,3585982.0,3675894.0,0.7494764
1778140800,3607052.0,3665646.0,3605251.0,3665646.0,0.64664328
1778144400,3665646.0,3665646.0,3602004.0,3602004.0,0.13460269
1778148000,3602004.0,3644306.0,3581714.0,3643000.0,6.89178409
1778151600,3595237.0,3635537.0,3578092.0,3578092.0,1.2474674
1778155200,3635533.0,3635537.0,3582300.0,3635269.0,0.4282695
1778158800,3635171.0,3635521.0,3622175.0,3635521.0,0.17369542
1778162400,3596614.0,3700000.0,3596614.0,3700000.0,6.55475885
1778166000,3699996.0,3699999.0,3546397.0,3546397.0,3.74405722
1778169600,3666507.0,3730000.0,3659342.0,3730000.0,7.20569369
1778173200,3719346.0,3838383.0,3546397.0,3668572.0,4.55851741
1778176800,3728829.0,3838383.0,3546397.0,3838383.0,7.54268518
1778180400,3664971.0,3719786.0,3663190.0,3665000.0,0.25344591
1778184000,3665000.0,3665000.0,3665000.0,3665000.0,0.0
1778187600,3713328.0,3720000.0,3650830.0,3676634.0,0.29538698
1778191200,3686576.0,3701555.0,3630456.0,3630456.0,0.06816247
1778194800,3640004.0,3692632.0,3640004.0,3692069.0,0.0353722
1778198400,3692069.0,3707761.0,3644816.0,3707761.0,1.44871706
1778202000,3706200.0,3706200.0,3706200.0,3706200.0,0.00872564
1778205600,3706197.0,3706200.0,3706000.0,3706000.0,1.7131611
1778209200,3706000.0,3720000.0,3706000.0,3706000.0,0.53835512
1778212800,3706000.0,3720000.0,3706000.0,3720000.0,0.57529101
1778216400,3720000.0,3720000.0,3706000.0,3706000.0,2.91331627
1778220000,3720000.0,3720000.0,3706000.0,3720000.0,1.22272657
1778223600,3719000.0,3720000.0,3706000.0,3706000.0,0.45231275
1778227200,3720000.0,3806199.0,3706000.0,3706000.0,5.08788426
1778230800,3706000.0,3757565.0,3706000.0,3706000.0,0.49693934
1778234400,3754550.0,3756896.0,3706000.0,3753745.0,0.16695832
1778238000,3748255.0,3752504.0,3706000.0,3706000.0,0.12075857
1778241600,3752261.0,3754039.0,3706000.0,3754039.0,0.47540065
1778245200,3754038.0,3806199.0,3720929.0,3806199.0,1.3982819
1778248800,3806199.0,3806199.0,3731536.0,3788453.0,1.03341284
1778252400,3729561.0,3806199.0,3729561.0,3787541.0,1.67714318
1778256000,3735047.0,3796505.0,3706000.0,3783760.0,4.04865381
1778259600,3780436.0,3790338.0,3721995.0,3730000.0,1.19247697
1778263200,3785442.0,3785442.0,3730000.0,3774161.0,0.08861097
1778266800,3780531.0,3780531.0,3730000.0,3730000.0,0.06488034
1778270400,3730000.0,3730000.0,3730000.0,3730000.0,1.43941215
1778274000,3730000.0,3730000.0,3730000.0,3730000.0,0.71379532
1778277600,3730000.0,3778563.0,3730000.0,3775929.0,0.07690575
1778281200,3773990.0,3774874.0,3731001.0,3731001.0,0.01518405
1778284800,3779443.0,3779443.0,3731001.0,3773814.0,0.13239043
1778288400,3773990.0,3774518.0,3732000.0,3732001.0,0.12008268
1778292000,3732001.0,3735000.0,3732001.0,3732001.0,0.05045538
1778295600,3732002.0,3806198.0,3732002.0,3781205.0,0.04983242
1778299200,3774518.0,3806199.0,3732001.0,3806199.0,0.71706126
1778302800,3773994.0,3806198.0,3732001.0,3732001.0,0.17031594
1778306400,3732001.0,3781029.0,3732000.0,3732000.0,3.29349329
1778310000,3775222.0,3806198.0,3732000.0,3778215.0,0.32599159
1778313600,3781381.0,3781381.0,3732000.0,3732000.0,0.14539127
1778317200,3778040.0,3782788.0,3732000.0,3778040.0,3.48122702
1778320800,3778567.0,3784000.0,3775001.0,3780678.0,0.24715598
1778324400,3775001.0,3784723.0,3775001.0,3781205.0,1.91496255
1778328000,3778743.0,3778743.0,3775001.0,3775001.0,0.19722713
1778331600,3775001.0,3780854.0,3732500.0,3732500.0,0.16372925
1778335200,3779000.0,3786832.0,3732501.0,3732501.0,1.45868093
1778338800,3774346.0,3786833.0,3732501.0,3732501.0,1.11373654
1778342400,3732501.0,3786833.0,3732501.0,3781557.0,1.48869329
1778346000,3732501.0,3780854.0,3732001.0,3780678.0,0.86479983
1778349600,3780678.0,3786833.0,3780678.0,3780678.0,0.01245154
1778353200,3781029.0,3781029.0,3781029.0,3781029.0,0.02639202
1778356800,3781029.0,3781029.0,3781029.0,3781029.0,0.0
1778360400,3784195.0,3784195.0,3784195.0,3784195.0,0.05630074
1778364000,3784195.0,3784195.0,3784195.0,3784195.0,0.0
1778367600,3785602.0,3785602.0,3785602.0,3785602.0,0.05535103
1778371200,3785602.0,3802663.0,3738656.0,3802663.0,0.27913345
1778374800,3805125.0,3838000.0,3805125.0,3838000.0,1.62733499
1778378400,3802663.0,3803366.0,3738900.0,3803366.0,0.385092
1778382000,3802000.0,3803366.0,3738901.0,3738901.0,0.37480349
1778385600,3741077.0,3805125.0,3738901.0,3738901.0,0.02636659
1778389200,3802487.0,3803014.0,3747994.0,3749954.0,27.95844205
1778392800,3740213.0,3801000.0,3740213.0,3801000.0,0.05720934
1778396400,3801000.0,3801000.0,3800024.0,3800024.0,0.01281415
1778400000,3801000.0,3801000.0,3745000.0,3801000.0,0.06492361
1778403600,3746200.0,3801000.0,3746200.0,3801000.0,0.02580866
1778407200,3746200.0,3801000.0,3746200.0,3801000.0,0.22948615
1778410800,3750588.0,3808115.0,3745000.0,3808115.0,1.66037432
1778414400,3753700.0,3817964.0,3749500.0,3812863.0,2.85034159
1778418000,3825000.0,3825000.0,3754000.0,3816557.0,1.3800312
1778421600,3807411.0,3808291.0,3755000.0,3759000.0,0.60668996
1778425200,3806000.0,3806000.0,3761000.0,3761000.0,0.06894784
1778428800,3800000.0,3800000.0,3760002.0,3798000.0,0.19244692
1778432400,3798000.0,3798000.0,3798000.0,3798000.0,0.0
1778436000,3760002.0,3802661.0,3760000.0,3802661.0,0.25038184
1778439600,3760000.0,3760000.0,3760000.0,3760000.0,0.0112258
1778443200,3802661.0,3805998.0,3754000.0,3754000.0,0.3008685
1778446800,3754000.0,3754000.0,3754000.0,3754000.0,0.0
1778450400,3790361.0,3790361.0,3754000.0,3754000.0,0.05644403
1778454000,3754000.0,3787000.0,3754000.0,3787000.0,2.12786263
1778457600,3787000.0,3790470.0,3732000.0,3732000.0,12.05523847
1778461200,3775980.0,3790501.0,3732000.0,3771653.0,0.16984188
1778464800,3732000.0,3785000.0,3732000.0,3775000.0,1.58414073
1778468400,3775000.0,3790501.0,3735500.0,3778632.0,1.06007829
1778472000,3735600.0,3789816.0,3735600.0,3789816.0,0.13570645
1778475600,3736000.0,3790000.0,3736000.0,3782844.0,2.92561288
1778479200,3788848.0,3838000.0,3737000.0,3776668.0,3.12436947
1778482800,3776461.0,3781539.0,3737001.0,3781539.0,0.59560855
1778486400,3825000.0,3825000.0,3740001.0,3824999.0,0.68543788
1778490000,3765488.0,3779205.0,3740002.0,3779205.0,2.79446645
1778493600,3773014.0,3773014.0,3764569.0,3764569.0,0.32102099
1778497200,3740002.0,3740002.0,3740002.0,3740002.0,0.0067793
1778500800,3740003.0,3769359.0,3732000.0,3732001.0,2.27666674
1778504400,3765343.0,3824998.0,3732005.0,3824998.0,0.28704055
1778508000,3820000.0,3838383.0,3770270.0,3833187.0,3.83510055
1778511600,3852644.0,3888886.0,3842126.0,3888882.0,0.14905569
1778515200,3844616.0,3888888.0,3844616.0,3888888.0,1.08543465
1778518800,3845070.0,3895733.0,3845070.0,3892398.0,0.55150859
1778522400,3893533.0,3895733.0,3892864.0,3895733.0,0.17773317
1778526000,3845071.0,3895733.0,3845071.0,3845071.0,0.20855358
1778529600,3845071.0,3895733.0,3845071.0,3845071.0,0.02415317
1778533200,3861543.0,3861543.0,3861543.0,3861543.0,0.00513447
1778536800,3861543.0,3861543.0,3861543.0,3861543.0,0.0
1778540400,3877942.0,3877950.0,3845071.0,3877236.0,0.04371612
1778544000,3878114.0,3895733.0,3850000.0,3867672.0,1.54727846
1778547600,3850001.0,3869981.0,3796900.0,3796900.0,3.61442721
1778551200,3895733.0,3895733.0,3796900.0,3799223.0,0.56012007
1778554800,3869608.0,3873104.0,3867949.0,3873104.0,2.08420043
1778558400,3865444.0,3865444.0,3864735.0,3864735.0,0.29107328
1778562000,3862517.0,3862517.0,3807912.0,3807912.0,0.11451145
1778565600,3862517.0,3862517.0,3807912.0,3807912.0,0.06153534
1778569200,3860309.0,3862517.0,3803207.0,3859030.0,4.19892597
1778572800,3855000.0,3855000.0,3803207.0,3841517.0,0.05409159
1778576400,3847596.0,3857912.0,3803207.0,3855707.0,0.01445214
1778580000,3855707.0,3855707.0,3803215.0,3853272.0,0.0381666
1778583600,3853272.0,3853272.0,3803207.0,3803207.0,0.04997261
1778587200,3803207.0,3853200.0,3788000.0,3809663.0,2.11009647
1778590800,3810529.0,3929490.0,3804281.0,3915278.0,26.99996202
1778594400,3890834.0,3917548.0,3809614.0,3850000.0,3.09365567
1778598000,3812627.0,3900000.0,3791046.0,3794569.0,1.49165786
1778601600,3861182.0,3900000.0,3798973.0,3798973.0,0.42929106
1778605200,3835057.0,3875302.0,3810135.0,3869343.0,0.15519747
1778608800,3867119.0,3886575.0,3867119.0,3886575.0,1.05057752
1778612400,3894678.0,3900000.0,3894678.0,3900000.0,0.05524099
1778616000,3900000.0,3900000.0,3835509.0,3835509.0,0.20474085
1778619600,3835683.0,3835683.0,3835683.0,3835683.0,0.01584863
1778623200,3888294.0,3892553.0,3888294.0,3892553.0,0.01552032
1778626800,3900000.0,3902688.0,3799001.0,3799001.0,0.99818413
1778630400,3834362.0,3897484.0,3823981.0,3895679.0,0.05849232
1778634000,3896390.0,3897543.0,3896390.0,3897543.0,0.05851608
1778637600,3897997.0,3929494.0,3897543.0,3929494.0,1.24635777
1778641200,3929494.0,3929494.0,3904410.0,3929494.0,0.07370046
1778644800,3929494.0,3929494.0,3732000.0,3929489.0,7.52644486
1778648400,3929490.0,3929490.0,3740000.0,3740000.0,0.93182415
1778652000,3896986.0,3925000.0,3895700.0,3895700.0,0.58290659
1778655600,3903603.0,3928000.0,3732000.0,3928000.0,4.86549755
1778659200,3928000.0,3949998.0,3928000.0,3949998.0,1.10586531
1778662800,3949998.0,3950000.0,3936688.0,3950000.0,0.9816353
1778666400,3940251.0,4008417.0,3937117.0,4003202.0,2.35207324
1778670000,3983197.0,4075000.0,3936688.0,4075000.0,13.57689381
1778673600,3986090.0,4232378.0,3931028.0,3968000.0,27.93979291
1778677200,3968000.0,4070000.0,3930360.0,3930360.0,4.47229592
1778680800,4050000.0,4050000.0,3930360.0,3930360.0,0.21357883
1778684400,4000000.0,4020000.0,3946151.0,4020000.0,1.90530969
1778688000,4020000.0,4020000.0,3958786.0,4020000.0,2.24253426
1778691600,3958743.0,4020000.0,3957238.0,4007027.0,0.11312355
1778695200,4020000.0,4020000.0,3960458.0,4020000.0,0.72195015
1778698800,4020000.0,4070000.0,3960458.0,3998388.0,0.14661057
1778702400,3960458.0,4012176.0,3960458.0,4012176.0,0.28289046
1778706000,4013059.0,4013059.0,3949818.0,4007391.0,0.71362563
1778709600,3949818.0,4027248.0,3949818.0,4023351.0,0.14785638
1778713200,3971369.0,4020612.0,3959927.0,4020612.0,0.39719276
1778716800,4041376.0,4041376.0,3988403.0,4041375.0,0.04602921
1778720400,3962001.0,4051712.0,3962001.0,4050409.0,2.59606988
1778724000,3985440.0,4043596.0,3985440.0,4035699.0,0.83895505
1778727600,4044000.0,4048590.0,3986650.0,4039933.0,2.07997043
1778731200,4021473.0,4044655.0,3986650.0,4043506.0,0.41896167
1778734800,4044175.0,4069999.0,4000000.0,4040000.0,0.17958002
1778738400,4040000.0,4123720.0,4040000.0,4123720.0,0.21509852
1778742000,4125407.0,4125490.0,4000000.0,4118265.0,1.6472638
1778745600,4113026.0,4250000.0,4043360.0,4200000.0,2.64326791
1778749200,4096996.0,4200000.0,4023268.0,4023268.0,2.8106352
1778752800,4088836.0,4091938.0,4085065.0,4085065.0,0.81814817
1778756400,4026806.0,4200000.0,4010001.0,4010001.0,1.65728301
1778760000,4199998.0,4200000.0,4010090.0,4199000.0,1.45704451
1778763600,4199000.0,4199992.0,4010069.0,4010138.0,1.04400464
1778767200,4199942.0,4200000.0,4010142.0,4200000.0,3.54039118
1778770800,4199998.0,4199998.0,4060000.0,4161204.0,0.41571554
1778774400,4161204.0,4200000.0,4060000.0,4185000.0,1.0574387
1778778000,4185000.0,4185000.0,4080000.0,4180000.0,0.2368809
1778781600,4080000.0,4180000.0,4080000.0,4180000.0,0.04894584
1778785200,4180000.0,4180000.0,4180000.0,4180000.0,0.0
1778788800,4179999.0,4179999.0,4080003.0,4080003.0,0.74675135
1778792400,4080000.0,4080003.0,4080000.0,4080003.0,11.50856688
1778796000,4080003.0,4180000.0,4080003.0,4080003.0,0.14437114
1778799600,4085000.0,4240000.0,4085000.0,4240000.0,0.64141624
1778803200,4240000.0,4240000.0,4100000.0,4240000.0,0.5688481
1778806800,4240000.0,4250000.0,4141153.0,4219833.0,0.9962628
1778810400,4213000.0,4250000.0,4132008.0,4212179.0,0.21233421
1778814000,4204285.0,4210583.0,4150000.0,4210583.0,0.5100609
1778817600,4150000.0,4210583.0,4150000.0,4150000.0,0.30361135
1778821200,4150000.0,4159495.0,4100000.0,4100000.0,5.1363002
1778824800,4110216.0,4155671.0,4080003.0,4080003.0,4.77651996
1778828400,4155671.0,4200000.0,4080003.0,4145832.0,0.69893225
1778832000,4080006.0,4114960.0,4080000.0,4102755.0,23.1358351
1778835600,4098830.0,4099836.0,4010002.0,4010002.0,4.00867043
1778839200,4010002.0,4199200.0,4010002.0,4199200.0,0.19369071
1778842800,4199200.0,4199205.0,4020453.0,4112377.0,1.30976151
1778846400,4199166.0,4199166.0,4000000.0,4002495.0,0.93863701
1778850000,4081384.0,4198008.0,4000001.0,4198000.0,3.04941512
1778853600,4158000.0,4197999.0,4000000.0,4189990.0,22.5809467
1778857200,4189990.0,4189990.0,4000033.0,4000033.0,0.48745875
1778860800,4000033.0,4071034.0,4000033.0,4066567.0,0.72690296
1778864400,4070148.0,4102182.0,4000037.0,4099174.0,1.0884394
1778868000,4126606.0,4189650.0,4000008.0,4189650.0,0.53714197
1778871600,4067570.0,4067570.0,4000001.0,4000001.0,0.37880866
1778875200,4000001.0,4010095.0,4000000.0,4000000.0,68.02583357
1778878800,4000000.0,4010343.0,4000000.0,4000000.0,11.26252125
1778882400,4010165.0,4189649.0,4000000.0,4002323.0,2.18661772
1778886000,4000000.0,4000000.0,3920858.0,3920858.0,57.4617075
1778889600,3920866.0,3993589.0,3920866.0,3985565.0,0.37078749
1778893200,3983430.0,4087649.0,3920866.0,4087649.0,0.68676108
1778896800,3978258.0,3978262.0,3921000.0,3958254.0,0.19584162
1778900400,3958254.0,3978262.0,3925000.0,3978261.0,0.29154604
1778904000,3978262.0,4087649.0,3978262.0,4087649.0,0.18082088
1778907600,4087648.0,4087648.0,3978262.0,3978262.0,0.09639314
1778911200,4003748.0,4086999.0,3978262.0,3978262.0,5.33724007
1778914800,3997154.0,3997154.0,3978260.0,3978260.0,2.50989098
1778918400,3978260.0,3978260.0,3921006.0,3978260.0,0.03548255
1778922000,3921006.0,3921006.0,3921006.0,3921006.0,0.05154442
1778925600,3921005.0,3978260.0,3921000.0,3921006.0,3.12859358
1778929200,3921007.0,3978260.0,3921007.0,3921009.0,0.1285386
1778932800,3921009.0,3978260.0,3921000.0,3921000.0,0.19084081
1778936400,3921000.0,3921000.0,3891866.0,3891866.0,2.68565173
1778940000,3898000.0,3977901.0,3891866.0,3977901.0,0.19716366
1778943600,3977901.0,3981648.0,3890300.0,3893618.0,0.80949316
1778947200,3893268.0,4079999.0,3893268.0,3982000.0,0.36437798
1778950800,3989130.0,3989130.0,3982000.0,3982000.0,0.0327298
1778954400,3904423.0,3991981.0,3904423.0,3991981.0,0.11510471
1778958000,3990021.0,3990729.0,3989843.0,3990729.0,0.39473774
1778961600,3990729.0,3990729.0,3990729.0,3990729.0,0.0
1778965200,3903207.0,3993584.0,3903207.0,3993584.0,0.12114053
1778968800,3985922.0,3986278.0,3900004.0,3986278.0,0.02667158
1778972400,3900004.0,3982892.0,3900004.0,3900940.0,0.10755051
1778976000,3982000.0,3982000.0,3982000.0,3982000.0,0.00449296
1778979600,3981995.0,4086000.0,3929495.0,4086000.0,0.28001054
1778983200,3930000.0,4085999.0,3929495.0,4085999.0,0.07370053
1778986800,3929495.0,3990381.0,3907731.0,3907731.0,2.75075523
1778990400,3910000.0,4085999.0,3910000.0,4085999.0,0.07345704
1778994000,3990203.0,3994302.0,3923000.0,3923000.0,0.30618976
1778997600,3923000.0,3923000.0,3923000.0,3923000.0,0.00449296
1779001200,3923000.0,3923000.0,3910000.0,3910001.0,0.67165507
1779004800,3991602.0,3992520.0,3910001.0,3910001.0,0.09654653
1779008400,3997328.0,4000719.0,3910695.0,3910695.0,0.10945029
1779012000,4003927.0,4003927.0,3915926.0,3915926.0,0.03126416
1779015600,3919936.0,4007670.0,3919936.0,4004992.0,0.72328228
1779019200,4003734.0,4003734.0,3917150.0,3917150.0,0.01709828
1779022800,3921509.0,3924996.0,3921509.0,3924996.0,0.01702092
1779026400,4013902.0,4018363.0,3926565.0,3926565.0,0.2010505
1779030000,3924992.0,4009986.0,3924992.0,4009986.0,0.06688216
1779033600,3928852.0,4015508.0,3928846.0,3928846.0,0.18701911
1779037200,3928846.0,4007844.0,3922551.0,3922551.0,0.94056574
1779040800,4009448.0,4009452.0,3926057.0,3926057.0,0.33772507
1779044400,4010699.0,4015151.0,3927437.0,4015151.0,0.0109374
1779048000,4015151.0,4015151.0,4015151.0,4015151.0,0.0
1779051600,4014996.0,4014996.0,3940684.0,4012996.0,0.01513306
1779055200,4012996.0,4012996.0,3934938.0,3934938.0,0.02172924
1779058800,3934934.0,4008760.0,3922642.0,3922642.0,1.23074361
1779062400,3922642.0,4085999.0,3922551.0,3959179.0,0.82427275
1779066000,3922551.0,3959179.0,3922551.0,3959179.0,0.24914007
1779069600,3959179.0,3959179.0,3922551.0,3922551.0,0.05002548
1779073200,3922552.0,3959179.0,3922552.0,3959179.0,0.06735275
1779076800,3926336.0,3959179.0,3926336.0,3959179.0,0.30565316
1779080400,3959179.0,3959179.0,3922556.0,3959175.0,0.56365087
1779084000,3959175.0,3959179.0,3922552.0,3922552.0,0.09968606
1779087600,3924673.0,3959179.0,3924204.0,3959179.0,0.07933797
1779091200,3924451.0,4052460.0,3922552.0,4050000.0,6.96655185
1779094800,4049986.0,4049990.0,3986734.0,4049986.0,0.28485397
1779098400,4049990.0,4049990.0,3986734.0,3986734.0,0.02631722
1779102000,3989734.0,4049990.0,3962057.0,3978327.0,1.77168551
1779105600,4004220.0,4086000.0,4004220.0,4086000.0,0.70203798
1779109200,4086000.0,4086000.0,4000000.0,4045011.0,0.22176447
1779112800,4039293.0,4085000.0,3936623.0,3954922.0,2.20494193
1779116400,3936623.0,3993773.0,3936623.0,3936623.0,0.22554784
1779120000,3936623.0,4085000.0,3936623.0,3971747.0,0.70538225
1779123600,3936623.0,4085000.0,3936623.0,3936623.0,0.11761826
1779127200,3936623.0,3950179.0,3919064.0,3919064.0,1.62247463
1779130800,3947679.0,3947679.0,3940139.0,3940139.0,1.02967115
1779134400,3940139.0,3940139.0,3940139.0,3940139.0,0.0
1779138000,3917150.0,3925647.0,3917150.0,3925647.0,0.01739335
1779141600,3925647.0,4008397.0,3925647.0,4002879.0,0.10020597
1779145200,4003660.0,4003660.0,3915926.0,3915934.0,0.42948783
1779148800,3992406.0,3999489.0,3915947.0,3915947.0,0.1739018
1779152400,3966775.0,3966775.0,3953676.0,3953676.0,0.32713069
1779156000,3916000.0,3956847.0,3915926.0,3956847.0,0.18080555
1779159600,3963512.0,3974592.0,3915926.0,3915926.0,0.17731009
1779163200,3960955.0,3960955.0,3915926.0,3915926.0,0.05865137
1779166800,3965374.0,3965374.0,3915926.0,3915926.0,0.04939504
1779170400,3968199.0,3979693.0,3915959.0,3979693.0,0.07971666
1779174000,3979628.0,3997335.0,3915926.0,3995802.0,1.39535747
1779177600,3979552.0,3979552.0,3976439.0,3976439.0,0.03458052
1779181200,3915926.0,3962656.0,3915926.0,3958088.0,0.1920104
1779184800,3915927.0,3999489.0,3915927.0,3999489.0,0.11700145
1779188400,3960530.0,3999489.0,3915927.0,3955599.0,0.18785897
1779192000,3965374.0,3965374.0,3915927.0,3915927.0,0.0166287
1779195600,3955883.0,3988296.0,3920881.0,3920885.0,0.12223591
1779199200,3954068.0,3954068.0,3900000.0,3900000.0,4.67853811
1779202800,3971307.0,3976871.0,3890000.0,3976871.0,1.2454888
1779206400,3912272.0,4010492.0,3912272.0,3922805.0,0.44915579
1779210000,4008018.0,4008018.0,3931768.0,4005311.0,0.10426338
1779213600,4009213.0,4009213.0,3912987.0,3920858.0,0.25366183
1779217200,3908379.0,3908379.0,3908379.0,3908379.0,0.00265817
1779220800,3908379.0,3908379.0,3908379.0,3908379.0,0.0
1779224400,3895696.0,3985364.0,3895696.0,3985364.0,0.04871566
1779228000,3903113.0,3985184.0,3903113.0,3985184.0,0.17587198
1779231600,3985184.0,3997649.0,3985184.0,3997649.0,0.00424367
1779235200,3970578.0,3972008.0,3911004.0,3911004.0,0.08624164
1779238800,3911004.0,3911004.0,3911000.0,3911000.0,0.56363507
1779242400,3980000.0,3981291.0,3911000.0,3911000.0,1.18191565
1779246000,3911000.0,3971382.0,3850000.0,3877743.0,3.66717961
1779249600,3878509.0,3965931.0,3878509.0,3885556.0,0.03077127
1779253200,3889595.0,3889595.0,3889595.0,3889595.0,0.0025869
1779256800,3967753.0,3970716.0,3967753.0,3970716.0,0.00978401
1779260400,3970716.0,3970716.0,3970716.0,3970716.0,0.00829748
1779264000,3912458.0,3970719.0,3912458.0,3914265.0,0.26008047
1779267600,3970719.0,4009451.0,3918049.0,3936245.0,0.77535777
1779271200,3938950.0,4002227.0,3938949.0,3940647.0,0.35194101
1779274800,3940647.0,4000000.0,3939002.0,3939002.0,1.02320623
1779278400,3998996.0,3998996.0,3939003.0,3943047.0,0.02227547
1779282000,3939011.0,3997996.0,3939011.0,3939011.0,0.49862483
1779285600,3998988.0,4086000.0,3946147.0,3946147.0,12.02597688
1779289200,4021836.0,4021836.0,3944967.0,3944967.0,0.04473578
1779292800,3999996.0,4085000.0,3927432.0,4023474.0,2.18473181
1779296400,4024268.0,4086000.0,3926980.0,4085996.0,0.73755492
1779300000,4085994.0,4085994.0,3901666.0,4085980.0,0.02194701
1779303600,4085870.0,4085876.0,4085870.0,4085876.0,0.03766244
1779307200,4085876.0,4085876.0,3900202.0,3910526.0,0.07861034
1779310800,3910520.0,4085842.0,3910508.0,3910508.0,0.17639123
1779314400,3910508.0,4084998.0,3885541.0,3885545.0,2.60332727
1779318000,4084840.0,4086000.0,4084728.0,4084968.0,2.05695565
1779321600,3885656.0,4085964.0,3885656.0,4000000.0,0.06147939
1779325200,3954883.0,3954883.0,3889336.0,3890004.0,0.04655258
1779328800,3959052.0,3966689.0,3890004.0,3966684.0,0.1904671
1779332400,3890112.0,4084996.0,3878762.0,3878762.0,2.13843707
1779336000,3967047.0,3968326.0,3880807.0,3880807.0,0.25129364
1779339600,3900004.0,3901867.0,3896835.0,3896835.0,0.91681565
1779343200,3897181.0,3987918.0,3896258.0,3987918.0,1.13344269
1779346800,3987918.0,3987918.0,3987918.0,3987918.0,0.0
1779350400,3893906.0,3982779.0,3893906.0,3982775.0,0.08763128
1779354000,3982775.0,3982775.0,3909074.0,3982775.0,0.03416965
1779357600,3917615.0,3982771.0,3917615.0,3919388.0,0.13299217
1779361200,3982767.0,3982767.0,3919601.0,3982767.0,0.15162842
1779364800,3982767.0,3982767.0,3919384.0,3919384.0,0.50803375
1779368400,3919384.0,4071397.0,3917067.0,3933858.0,4.02073853
1779372000,4079999.0,4079999.0,2999999.0,3900000.0,38.83999581
1779375600,3900000.0,3916000.0,3832979.0,3916000.0,1.84667319
1779379200,3916000.0,3916000.0,3567014.0,3916000.0,0.1076084
1779382800,3915998.0,3915998.0,3567200.0,3877367.0,1.8573973
1779386400,3867271.0,3889809.0,3776813.0,3847308.0,0.09208003
1779390000,3889805.0,3889809.0,3835263.0,3851063.0,0.04743324
1779393600,3851063.0,3889809.0,3851063.0,3889809.0,0.95705658
1779397200,3889809.0,3889809.0,3889809.0,3889809.0,0.02565404
1779400800,3851067.0,3916000.0,3851063.0,3916000.0,1.31347518
1779404400,3853942.0,3915992.0,3853942.0,3915992.0,0.04643862
1779408000,3890000.0,3915992.0,3861011.0,3915992.0,0.32165978
1779411600,3915992.0,3915996.0,3915992.0,3915996.0,0.05395183
1779415200,3915996.0,3915996.0,3872539.0,3872539.0,0.47778558
1779418800,3870299.0,3915996.0,3870299.0,3915994.0,0.11001344
1779422400,3873773.0,3915990.0,3873773.0,3915990.0,0.06875322
1779426000,3877557.0,3915994.0,3860004.0,3872362.0,9.66274226
1779429600,3872996.0,3915990.0,3872163.0,3915990.0,2.99180744
1779433200,3879469.0,3917582.0,3879465.0,3917582.0,2.24054621
1779436800,3895792.0,3917582.0,3894392.0,3894396.0,0.80463193
1779440400,3894398.0,3917577.0,3886673.0,3917577.0,0.11272086
1779444000,3917577.0,3917582.0,3886672.0,3886672.0,0.31807579
1779447600,3886672.0,3917574.0,3886671.0,3917574.0,0.02025228
1779451200,3917574.0,3917582.0,3917574.0,3917582.0,0.25060316
1779454800,3917578.0,3917582.0,3917578.0,3917582.0,0.08510713
1779458400,3917582.0,3945995.0,3820004.0,3945994.0,4.68843066
1779462000,3945991.0,3945991.0,3945991.0,3945991.0,0.00968045
1779465600,3945991.0,3946000.0,3799262.0,3799262.0,0.31575842
1779469200,3945998.0,3946000.0,3945998.0,3946000.0,0.01344424
1779472800,3799266.0,3946000.0,3799266.0,3946000.0,0.02879542
1779476400,3799316.0,3945982.0,3799310.0,3945982.0,0.02792132
1779480000,3945956.0,3946000.0,3945956.0,3946000.0,0.07744425
1779483600,3799262.0,3799262.0,3799262.0,3799262.0,0.00799494
1779487200,3945998.0,3946000.0,3799262.0,3799262.0,0.05706948
1779490800,3945998.0,3946000.0,3945998.0,3946000.0,0.05433779
1779494400,3945998.0,3945998.0,3799268.0,3799268.0,0.15681249
1779498000,3799268.0,3842394.0,3799268.0,3842394.0,0.03651291
1779501600,3799268.0,3799268.0,3799268.0,3799268.0,0.02497283
1779505200,3799268.0,3835409.0,3799268.0,3799268.0,0.10580688
1779508800,3833618.0,3837379.0,3799268.0,3800000.0,0.23794851
1779512400,3832722.0,3832722.0,3832722.0,3832722.0,0.92474982
1779516000,3800000.0,3800000.0,3799268.0,3799268.0,0.13355859
1779519600,3799268.0,3836662.0,3799268.0,3833797.0,0.24481591
1779523200,3823050.0,3823767.0,3757569.0,3799268.0,0.44900158
1779526800,3799268.0,3945998.0,3750000.0,3945998.0,0.08044832
1779530400,3833439.0,3840245.0,3833439.0,3840245.0,0.65026499
1779534000,3800000.0,3800000.0,3750000.0,3750100.0,1.03455895
1779537600,3750866.0,3836837.0,3750866.0,3835767.0,0.89040498
1779541200,3750866.0,3841140.0,3748064.0,3752615.0,0.93941558
1779544800,3829000.0,3829000.0,3753140.0,3753140.0,0.04588166
1779548400,3828500.0,3828500.0,3828500.0,3828500.0,0.00650306
1779552000,3828500.0,3828500.0,3786572.0,3786572.0,0.08986997
1779555600,3786572.0,3786572.0,3786572.0,3786572.0,0.0327848
1779559200,3828000.0,3828000.0,3788498.0,3812303.0,0.07163146
1779562800,3810000.0,3828000.0,3810000.0,3828000.0,0.00736668
1779566400,3816504.0,3828000.0,3815103.0,3828000.0,0.98376674
1779570000,3832432.0,3832432.0,3832432.0,3832432.0,0.08211115
1779573600,3826481.0,3945000.0,3824730.0,3945000.0,0.95532247
1779577200,3825606.0,3853612.0,3810000.0,3853612.0,0.10215109
1779580800,3939291.0,3939291.0,3939291.0,3939291.0,0.00381286
1779584400,3937856.0,3937858.0,3852736.0,3858863.0,0.27239632
1779588000,3937858.0,3937858.0,3937858.0,3937858.0,0.01405433
1779591600,3853962.0,3853962.0,3849236.0,3849236.0,0.14270915
1779595200,3848886.0,3942856.0,3466812.0,3466812.0,3.19714511
1779598800,3849586.0,3849586.0,3849586.0,3849586.0,0.11025647
1779602400,3848886.0,3867707.0,3500500.0,3867002.0,2.10571884
1779606000,3830682.0,3849550.0,3742111.0,3841884.0,0.86743495
1779609600,3833482.0,3870507.0,3833482.0,3842059.0,0.14041912
1779613200,3842409.0,3870507.0,3842409.0,3850986.0,0.35072852
1779616800,3870507.0,3929279.0,3870507.0,3929279.0,0.09469968
1779620400,3857637.0,3940000.0,3857637.0,3940000.0,0.25647625
1779624000,3857637.0,3940000.0,3857637.0,3934097.0,0.10545381
1779627600,3857637.0,3938037.0,3833483.0,3938037.0,0.38022477
1779631200,3858000.0,3919118.0,3825000.0,3825000.0,2.9542688
1779634800,3829281.0,3858000.0,3827531.0,3858000.0,0.19697348
1779638400,3858000.0,3858000.0,3834533.0,3834708.0,0.08516239
1779642000,3858000.0,3858000.0,3858000.0,3858000.0,0.03154457
1779645600,3836108.0,3836108.0,3835408.0,3835408.0,0.01110052
1779649200,3858000.0,3858000.0,3858000.0,3858000.0,0.00795386
1779652800,3833657.0,3858000.0,3833657.0,3858000.0,0.01406272
1779656400,3858000.0,3858000.0,3858000.0,3858000.0,0.00353965
1779660000,3858000.0,3858000.0,3858000.0,3858000.0,0.0
1779663600,3850000.0,3850000.0,3832121.0,3832121.0,1.5587419
1779667200,3858000.0,3858000.0,3858000.0,3858000.0,0.00335562
1779670800,3858000.0,3858000.0,3832121.0,3832121.0,0.01481077
1779674400,3838896.0,3858000.0,3838896.0,3848500.0,0.56120584
1779678000,3858000.0,3920000.0,3856026.0,3856026.0,0.46131065
1779681600,3864667.0,3940000.0,3864667.0,3940000.0,0.52778809
1779685200,3940000.0,3940000.0,3800000.0,3940000.0,1.04904154
1779688800,3940000.0,3940000.0,3940000.0,3940000.0,0.00252766
1779692400,3872779.0,3872779.0,3872386.0,3872386.0,0.34350674
1779696000,3939999.0,3940000.0,3872015.0,3872015.0,0.43328848
1779699600,3939996.0,3939996.0,3874878.0,3874878.0,0.25922528
1779703200,3939996.0,3939996.0,3939996.0,3939996.0,0.0029571
1779706800,3883560.0,3939996.0,3883556.0,3939996.0,0.56204153
1779710400,3939988.0,3939988.0,3874878.0,3874878.0,1.74744822
1779714000,3879410.0,3939996.0,3879410.0,3939996.0,0.787449
1779717600,3889194.0,3939987.0,3889194.0,3939987.0,0.08893816
1779721200,3937996.0,3937996.0,3881534.0,3881534.0,0.03682821
1779724800,3881329.0,3881329.0,3878573.0,3878573.0,0.31062082
1779728400,3812194.0,3937996.0,3801011.0,3884840.0,0.64717604
1779732000,3937992.0,3937992.0,3881989.0,3881989.0,0.01050662
1779735600,3882685.0,3882685.0,3882685.0,3882685.0,0.01481055
1779739200,3882685.0,3882685.0,3882685.0,3882685.0,0.0
1779742800,3937992.0,3937992.0,3937992.0,3937992.0,0.00936771
1779746400,3886659.0,3937992.0,3886659.0,3937992.0,0.06328695
1779750000,3937992.0,3937992.0,3937992.0,3937992.0,0.0
1779753600,3881100.0,3881100.0,3881100.0,3881100.0,0.45475755
1779757200,3907521.0,3907521.0,3881100.0,3881100.0,0.6740506
1779760800,3881100.0,3881100.0,3877468.0,3877468.0,0.04921782
1779764400,3877468.0,3877468.0,3877468.0,3877468.0,0.0
1779768000,3870000.0,3904000.0,3825395.0,3904000.0,0.33739277
1779771600,3826710.0,3904000.0,3826098.0,3904000.0,0.12632306
1779775200,3827415.0,3904000.0,3827415.0,3900000.0,0.02341553
1779778800,3826146.0,3828737.0,3823672.0,3824499.0,0.0881637
1779782400,3899896.0,3899896.0,3829569.0,3899896.0,0.03578806
1779786000,3831647.0,3836923.0,3831261.0,3836923.0,1.07435454
1779789600,3850547.0,3850547.0,3850547.0,3850547.0,0.00336065
1779793200,3899887.0,3899887.0,3845159.0,3899883.0,0.02040414
1779796800,3898996.0,3898996.0,3860309.0,3860309.0,0.25362169
1779800400,3897500.0,3897500.0,3897500.0,3897500.0,0.05056318
1779804000,3860309.0,3891201.0,3860309.0,3860309.0,1.58757422
1779807600,3891201.0,3891201.0,3829896.0,3829896.0,1.58650996
1779811200,3829896.0,3851865.0,3810000.0,3810000.0,1.23974914
1779814800,3810000.0,3845000.0,3810000.0,3845000.0,0.40648802
1779818400,3845000.0,3845000.0,3845000.0,3845000.0,0.0
1779822000,3845000.0,3845000.0,3845000.0,3845000.0,0.03244108
1779825600,3845000.0,3845000.0,3845000.0,3845000.0,0.00388504
1779829200,3800005.0,3845000.0,3800005.0,3800005.0,0.01513733
1779832800,3800005.0,3800005.0,3800000.0,3800000.0,0.21719004
1779836400,3845000.0,3845000.0,3845000.0,3845000.0,0.00648816
1779840000,3845000.0,3845000.0,3800000.0,3800000.0,0.14577367
1779843600,3800000.0,3800000.0,3800000.0,3800000.0,0.04466076
1779847200,3797844.0,3797844.0,3781250.0,3781250.0,0.07350542
1779850800,3805000.0,3805000.0,3780004.0,3805000.0,0.07675491
1779854400,3783244.0,3805000.0,3783244.0,3805000.0,0.06894915
1779858000,3783252.0,3783256.0,3774750.0,3774750.0,1.03287435
1779861600,3780000.0,3780000.0,3776925.0,3776925.0,0.05427406
1779865200,3775103.0,3775835.0,3775103.0,3775835.0,0.19061614
1779868800,3775103.0,3845000.0,3772801.0,3786911.0,3.00868497
1779872400,3797088.0,3797088.0,3797088.0,3797088.0,0.03801023
1779876000,3815572.0,3815572.0,3814972.0,3814972.0,0.0764264
1779879600,3800000.0,3844996.0,3787886.0,3822493.0,0.03396417
1779883200,3845000.0,3849996.0,3845000.0,3849996.0,0.01227126
1779886800,3804209.0,3849996.0,3804209.0,3849996.0,0.02404095
1779890400,3775500.0,3809045.0,3775500.0,3795108.0,0.27737988
1779894000,3785282.0,3796407.0,3689319.0,3689319.0,2.31413526
1779897600,3712700.0,3734500.0,3712700.0,3734500.0,0.02443414
1779901200,3689319.0,3837710.0,3688371.0,3837710.0,0.01313796
1779904800,3839070.0,3845000.0,3839070.0,3845000.0,0.01685409
1779908400,3845000.0,3845000.0,3845000.0,3845000.0,0.0
1779912000,3842766.0,3842766.0,3842766.0,3842766.0,0.02600444
1779915600,3842766.0,3842766.0,3842766.0,3842766.0,0.0
1779919200,3844035.0,3845000.0,3828641.0,3828641.0,0.1533461
1779922800,3759309.0,4300000.0,3759309.0,3816681.0,20.53488444
1779926400,3760009.0,3820129.0,3760009.0,3820129.0,0.06251241
1779930000,3820133.0,3820136.0,3775500.0,3775500.0,3.38625703
1779933600,3797846.0,3806042.0,3797846.0,3806042.0,0.26559611
1779937200,3806042.0,3806042.0,3729774.0,3729774.0,2.66782458
1779940800,3729774.0,3729774.0,3729774.0,3729774.0,0.0
1779944400,3730121.0,3806042.0,3730121.0,3806042.0,0.37454011
1779948000,3806042.0,3806042.0,3432218.0,3723081.0,15.48481801
1779951600,3567001.0,3735751.0,3512405.0,3735751.0,3.51244526
1779955200,3733618.0,3739259.0,3731369.0,3736490.0,0.41597033
1779958800,3740610.0,3806042.0,3740610.0,3806042.0,0.36646582
1779962400,3806034.0,3806034.0,3806034.0,3806034.0,0.00275273
1779966000,3784613.0,3802616.0,3784613.0,3802616.0,0.04165094
1779969600,3784613.0,3805999.0,3784613.0,3805999.0,0.04762253
1779973200,3805997.0,3805999.0,3805995.0,3805999.0,0.03434525
1779976800,3784613.0,3805999.0,3567000.0,3805999.0,1.87922456
1779980400,3805996.0,3805996.0,3755584.0,3755584.0,0.08272384
1779984000,3755584.0,3804547.0,3755584.0,3804538.0,0.31092132
1779987600,3804538.0,3804538.0,3804538.0,3804538.0,0.0
1779991200,3804538.0,3804538.0,3804538.0,3804538.0,0.0
1779994800,3805999.0,3805999.0,3805999.0,3805999.0,0.00374041
1779998400,3805999.0,3805999.0,3805999.0,3805999.0,0.0
1780002000,3805999.0,3805999.0,3805999.0,3805999.0,0.0
1780005600,3805999.0,3805999.0,3805999.0,3805999.0,0.0
1780009200,3790000.0,3790343.0,3789844.0,3790343.0,0.06613835
1780012800,3805999.0,3805999.0,3777519.0,3777866.0,0.14938544
1780016400,3805998.0,3805998.0,3805998.0,3805998.0,0.04448031
1780020000,3805998.0,3805998.0,3805998.0,3805998.0,0.0
1780023600,3805998.0,3805998.0,3800000.0,3800000.0,0.03918029
1780027200,3805998.0,3806042.0,3609900.0,3806042.0,2.06349437
1780030800,3806042.0,3815043.0,3806042.0,3815043.0,2.1930914
1780034400,3809417.0,3842711.0,3809417.0,3842711.0,0.26082349
1780038000,3795967.0,3850000.0,3795967.0,3850000.0,0.5125661
1780041600,3814303.0,3850000.0,3700001.0,3700001.0,0.59203539
1780045200,3839996.0,3839996.0,3807893.0,3807893.0,0.00779857
1780048800,3839996.0,3839996.0,3839996.0,3839996.0,0.00595026
1780052400,3839986.0,3839986.0,3839986.0,3839986.0,0.06748383
1780056000,3803139.0,3803139.0,3803139.0,3803139.0,0.02529586
1780059600,3834992.0,3834996.0,3834992.0,3834996.0,0.19780241
1780063200,3839990.0,3850000.0,3832217.0,3848998.0,0.28313837
1780066800,3829333.0,3848998.0,3802187.0,3802187.0,0.44306022
1780070400,3814108.0,3814108.0,3804609.0,3804609.0,0.01088697
1780074000,3804609.0,3804609.0,3804609.0,3804609.0,0.0
1780077600,3829119.0,3829119.0,3829119.0,3829119.0,0.0433601
1780081200,3848998.0,3848998.0,3848998.0,3848998.0,0.06124684
1780084800,3840448.0,3848998.0,3840448.0,3848998.0,0.99820327
1780088400,3820576.0,3840459.0,3820572.0,3840459.0,0.06150648
1780092000,3820572.0,3842808.0,3820572.0,3842808.0,0.01475614
1780095600,3820572.0,3840824.0,3820572.0,3840824.0,0.06147319
1780099200,3820572.0,3842086.0,3820572.0,3842086.0,0.06251709
1780102800,3844251.0,3844792.0,3844251.0,3844792.0,0.05836633
1780106400,3848997.0,3848997.0,3848997.0,3848997.0,0.01296285
1780110000,3804609.0,3848997.0,3771336.0,3848997.0,1.03212699
1780113600,3848995.0,3848995.0,3770630.0,3848995.0,0.17351323
1780117200,3773803.0,3850000.0,3773803.0,3779973.0,0.28444895
1780120800,3783675.0,3850000.0,3783675.0,3850000.0,0.35801967
1780124400,3850000.0,3850000.0,3850000.0,3850000.0,0.03180685
1780128000,3850393.0,3991791.0,3791431.0,3879425.0,1.35898103
1780131600,3879064.0,3991791.0,3793384.0,3793384.0,0.25398318
1780135200,3793394.0,3793394.0,3793394.0,3793394.0,0.08570924
1780138800,3873472.0,3874010.0,3793399.0,3874010.0,0.03012504
1780142400,3794504.0,3880499.0,3794504.0,3880499.0,0.0354672
1780146000,3798310.0,3880499.0,3798310.0,3880499.0,0.05190326
1780149600,3880499.0,3880499.0,3848927.0,3848927.0,0.02709784
1780153200,3848927.0,3880503.0,3807958.0,3880503.0,0.03931764
1780156800,3880503.0,3880503.0,3880503.0,3880503.0,0.01622856
1780160400,3880499.0,3880499.0,3880499.0,3880499.0,0.00787475
1780164000,3880499.0,3880499.0,3880499.0,3880499.0,0.0030795
1780167600,3807966.0,3880499.0,3807966.0,3880499.0,0.038808
1780171200,3826997.0,3866079.0,3826997.0,3866079.0,0.00559806
1780174800,3866079.0,3880499.0,3866079.0,3880499.0,0.03273239
1780178400,3880499.0,3880499.0,3880499.0,3880499.0,0.00513284
1780182000,3880499.0,3880503.0,3880499.0,3880503.0,0.98593561
1780185600,3880503.0,3880503.0,3830491.0,3830491.0,0.05901815
1780189200,3830491.0,3830491.0,3830491.0,3830491.0,0.00394414
1780192800,3880503.0,3901070.0,3880503.0,3901070.0,0.33257732
1780196400,3904498.0,3995771.0,3830497.0,3995771.0,0.50445057
1780200000,3908827.0,3909007.0,3908105.0,3909007.0,0.31389638
1780203600,3907744.0,3907744.0,3907744.0,3907744.0,0.01274264
1780207200,3995767.0,3995768.0,3831623.0,3831623.0,0.06396339
1780210800,3831447.0,3995768.0,3831447.0,3995768.0,0.01845051
1780214400,3930833.0,3934080.0,3842913.0,3842913.0,0.26205919
1780218000,3890000.0,3890000.0,3842913.0,3842913.0,0.01785041
1780221600,3889996.0,3994998.0,3889996.0,3994998.0,0.52095134
1780225200,3912254.0,3914419.0,3845913.0,3845916.0,0.77021771
1780228800,3916222.0,3916222.0,3916222.0,3916222.0,0.05302176
1780232400,3916402.0,3916402.0,3916402.0,3916402.0,0.00411066
1780236000,3890000.0,3890000.0,3845924.0,3845924.0,0.02930334
1780239600,3890000.0,3890000.0,3890000.0,3890000.0,0.01053983
1780243200,3845924.0,3845924.0,3845920.0,3845920.0,0.00841203
1780246800,3914960.0,3916222.0,3845924.0,3916222.0,0.88893803
1780250400,3916222.0,3916222.0,3916222.0,3916222.0,0.0
1780254000,3912795.0,3912795.0,3912434.0,3912434.0,0.00653624
1780257600,3910811.0,3910811.0,3910811.0,3910811.0,0.01226957
1780261200,3910811.0,3910811.0,3910811.0,3910811.0,0.0
1780264800,3910811.0,3910811.0,3910811.0,3910811.0,0.0
1780268400,3845929.0,3900743.0,3801000.0,3801000.0,6.76546239
1780272000,3888060.0,3888060.0,3886666.0,3886666.0,0.00525191
1780275600,3820000.0,3886082.0,3820000.0,3820001.0,0.05553438
1780279200,3885403.0,3885403.0,3820100.0,3820200.0,0.12680886
1780282800,3889819.0,3892001.0,3820000.0,3820000.0,0.06920617
1780286400,3892236.0,3892236.0,3835856.0,3835856.0,0.26464413
1780290000,3892236.0,3892236.0,3826314.0,3826318.0,0.04939945
1780293600,3826328.0,3869996.0,3826324.0,3826324.0,1.15298855
1780297200,3826328.0,3826328.0,3826324.0,3826328.0,0.17103523
1780300800,3869996.0,3869996.0,3869996.0,3869996.0,0.00257338
1780304400,3850000.0,3869996.0,3826310.0,3826310.0,0.37664791
1780308000,3869992.0,3869992.0,3826314.0,3826314.0,0.07191904
1780311600,3869992.0,3869992.0,3869992.0,3869992.0,0.00631344
1780315200,3830017.0,3830021.0,3830017.0,3830021.0,0.06639172
1780318800,3869988.0,3916200.0,3830025.0,3916000.0,2.20197464
1780322400,3916200.0,3950000.0,3916004.0,3949996.0,0.54403697
1780326000,3949996.0,3950000.0,3830017.0,3950000.0,0.69016207
1780329600,3949996.0,3950000.0,3850022.0,3850027.0,0.39544055
1780333200,3950000.0,3950000.0,3950000.0,3950000.0,0.00297468
1780336800,3950000.0,3950000.0,3850030.0,3850030.0,1.28369885
1780340400,3850030.0,3850030.0,3850030.0,3850030.0,0.0
1780344000,3950000.0,3950000.0,3950000.0,3950000.0,0.1490188
1780347600,3850096.0,3949997.0,3850096.0,3949997.0,1.26696978
1780351200,3950000.0,3954724.0,3950000.0,3954724.0,0.12027801
1780354800,3954723.0,3954723.0,3954723.0,3954723.0,0.03752954
1780358400,3954723.0,3974995.0,3861019.0,3861023.0,0.20872622
1780362000,3861047.0,3994999.0,3861047.0,3994999.0,0.39579562
1780365600,3861031.0,3969996.0,3861031.0,3861041.0,0.10649705
1780369200,3861041.0,3970000.0,3861027.0,3970000.0,0.23408881
1780372800,3950003.0,3970000.0,3950003.0,3970000.0,0.7381312
1780376400,3960003.0,3994999.0,3950000.0,3994999.0,1.32958018
1780380000,3994999.0,3994999.0,3950000.0,3994999.0,0.92979421
1780383600,3994999.0,3996055.0,3955013.0,3996055.0,0.51202481
1780387200,3955020.0,4015096.0,3955020.0,3955057.0,3.79601657
1780390800,4015096.0,4031156.0,4015096.0,4031156.0,0.15520095
1780394400,3955090.0,4066541.0,3955090.0,4066541.0,0.65140865
1780398000,3966445.0,4089669.0,3966442.0,3966453.0,0.94528155
1780401600,3966461.0,4062267.0,3966461.0,4027251.0,0.17065423
1780405200,4054907.0,4088888.0,4027247.0,4088888.0,1.42114824
1780408800,4088888.0,4105000.0,4070005.0,4070005.0,0.22960361
1780412400,4070004.0,4105000.0,3950000.0,3950000.0,0.90938429
1780416000,4071728.0,4077601.0,3950004.0,4060021.0,0.23675368
1780419600,4055489.0,4055489.0,4033654.0,4033654.0,0.04411228
1780423200,3997219.0,4038823.0,3997219.0,4022717.0,0.29921456
1780426800,3997219.0,3997219.0,3997219.0,3997219.0,0.00822895
1780430400,4021474.0,4028777.0,4021474.0,4028777.0,0.01237325
1780434000,4025802.0,4025802.0,3950000.0,4016261.0,0.17832218
1780437600,3950004.0,4014009.0,3950000.0,3950000.0,1.57486783
1780441200,3950000.0,3992716.0,3950000.0,3950000.0,0.43869913
1780444800,4001980.0,4001980.0,4001980.0,4001980.0,0.01244259
1780448400,4001812.0,4001812.0,3950000.0,3950000.0,0.11538741
1780452000,3950004.0,3950004.0,3950004.0,3950004.0,0.02009322
1780455600,3950000.0,3968933.0,3950000.0,3968933.0,0.29875401
1780459200,3968933.0,4000000.0,3968933.0,3975005.0,0.05907297
1780462800,3975005.0,3999996.0,3975005.0,3999996.0,0.33019933
1780466400,3975009.0,3999996.0,3975005.0,3975005.0,0.17610101
1780470000,3975009.0,3999996.0,3950000.0,3950000.0,2.5085499
1780473600,3950004.0,4055000.0,3950004.0,4055000.0,2.72646037
1780477200,4017165.0,4020141.0,3950014.0,4020141.0,0.03618009
1780480800,3950014.0,4017165.0,3950000.0,4017165.0,2.52005258
1780484400,4017165.0,4017165.0,4017165.0,4017165.0,0.0
1780488000,4011380.0,4017165.0,4011380.0,4017165.0,0.04960951
1780491600,4017157.0,4017165.0,3900000.0,3954861.0,8.47636416
1780495200,3941758.0,3943929.0,3900000.0,3900000.0,0.12769604
1780498800,3939253.0,3948054.0,3939253.0,3948054.0,0.00651736
1780502400,3917000.0,3999996.0,3909302.0,3922642.0,0.24796254
1780506000,3922642.0,3922642.0,3922642.0,3922642.0,0.0
1780509600,3917421.0,3929110.0,3917421.0,3926643.0,2.99530044
1780513200,4000000.0,4000000.0,4000000.0,4000000.0,0.02494725
1780516800,4000000.0,4000000.0,3900000.0,3900000.0,1.5960358
1780520400,3891574.0,3891574.0,3880000.0,3880000.0,1.2914588
1780524000,4000000.0,4000000.0,3900000.0,3900000.0,0.01528308
1780527600,3880000.0,3897294.0,3880000.0,3897294.0,0.01345122
1780531200,3898927.0,3898927.0,3880000.0,3898927.0,0.01245457
1780534800,3898927.0,3898927.0,3898927.0,3898927.0,0.0
1780538400,3880005.0,3910527.0,3861036.0,3861036.0,0.3735979
1780542000,3861036.0,3913408.0,3823683.0,3913408.0,1.54699414
1780545600,3841014.0,3841014.0,3836400.0,3836400.0,1.18530137
1780549200,3836743.0,3913408.0,3836743.0,3913408.0,0.0573375
1780552800,3913408.0,3927177.0,3841322.0,3927177.0,0.02536579
1780556400,3930005.0,3930005.0,3847981.0,3847981.0,0.00922986
1780560000,3845964.0,3916400.0,3845964.0,3916400.0,0.05156079
1780563600,3886656.0,3886656.0,3886656.0,3886656.0,0.01264145
1780567200,3930005.0,3969733.0,3825000.0,3825004.0,0.47602406
1780570800,3825004.0,3883932.0,3793674.0,3865421.0,2.25504464
1780574400,3874212.0,3874590.0,3789277.0,3789277.0,0.12504122
1780578000,3890826.0,3895423.0,3789824.0,3789824.0,1.43132086
1780581600,3789824.0,3789824.0,3789824.0,3789824.0,0.0
1780585200,3842122.0,3933781.0,3842122.0,3867503.0,0.32125198
1780588800,3954995.0,3982343.0,3887088.0,3982343.0,1.38369586
1780592400,3984105.0,3999995.0,3902324.0,3906212.0,0.10395127
1780596000,3927638.0,3999995.0,3927638.0,3999995.0,0.00914648
1780599600,3993237.0,3993237.0,3993237.0,3993237.0,0.20664814
1780603200,3905398.0,3978800.0,3883620.0,3883620.0,1.21893342
1780606800,3875751.0,3875751.0,3875751.0,3875751.0,0.01426692
1780610400,3875751.0,3875751.0,3875751.0,3875751.0,0.0
1780614000,3875751.0,3875751.0,3875751.0,3875751.0,0.0
1780617600,3950746.0,3964375.0,3875751.0,3964375.0,0.01741152
1780621200,3929477.0,3929477.0,3929477.0,3929477.0,0.00529281
1780624800,3875755.0,3875755.0,3875755.0,3875755.0,0.0141484
1780628400,3875755.0,3875755.0,3875755.0,3875755.0,0.0
1780632000,3875751.0,3929477.0,3875751.0,3929477.0,0.2364358
1780635600,3875755.0,3929477.0,3750000.0,3846617.0,3.75022123
1780639200,3848874.0,3919996.0,3843425.0,3919996.0,0.2342034
1780642800,3843425.0,3919369.0,3843425.0,3919369.0,0.0629399
1780646400,3843425.0,3919364.0,3843425.0,3919361.0,0.15313564
1780650000,3919361.0,3919365.0,3853869.0,3859345.0,0.39832846
1780653600,3919351.0,3919355.0,3854029.0,3862015.0,0.31431219
1780657200,3880361.0,3919346.0,3880361.0,3919346.0,0.04192418
1780660800,3919346.0,3919346.0,3860104.0,3860113.0,0.22731106
1780664400,3860113.0,3860113.0,3860113.0,3860113.0,0.15922647
1780668000,3890796.0,3890796.0,3853865.0,3853865.0,0.02940742
1780671600,3853865.0,3853865.0,3756474.0,3756474.0,0.94825639
1780675200,3828829.0,3835836.0,3756474.0,3756474.0,1.84662016
1780678800,3806242.0,3806242.0,3806242.0,3806242.0,0.00654109
1780682400,3806242.0,3806242.0,3806242.0,3806242.0,0.0
1780686000,3756475.0,3756475.0,3756474.0,3756474.0,0.97181407
1780689600,3756474.0,3756474.0,3740001.0,3740001.0,7.97454214
1780693200,3760012.0,3760012.0,3760012.0,3760012.0,0.02648661
1780696800,3760012.0,3760012.0,3760012.0,3760012.0,0.0
1780700400,3733437.0,3753783.0,3725000.0,3725000.0,0.09548101
1780704000,3725008.0,3749759.0,3725008.0,3749759.0,0.03813832
1780707600,3725008.0,3725008.0,3682235.0,3682235.0,0.34189208
1780711200,3682926.0,3690433.0,3678504.0,3689701.0,3.92520032
1780714800,3690000.0,3690000.0,3690000.0,3690000.0,0.00539782
1780718400,3675000.0,3675000.0,3614969.0,3614969.0,2.05780078
1780722000,3668827.0,3668827.0,3600015.0,3612643.0,0.69693229
1780725600,3666264.0,3705631.0,3663063.0,3663067.0,8.99610513
1780729200,3663067.0,3663067.0,3663067.0,3663067.0,0.00963622
1780732800,3663067.0,3663067.0,3663063.0,3663063.0,0.06523175
1780736400,3663067.0,3723026.0,3663067.0,3715152.0,0.66526652
1780740000,3710025.0,3710025.0,3710025.0,3710025.0,0.05379424
1780743600,3663118.0,3713613.0,3643958.0,3713609.0,0.73589256
1780747200,3713609.0,3713609.0,3662746.0,3662746.0,0.0101866
1780750800,3669371.0,3713613.0,3669371.0,3713613.0,0.02459066
1780754400,3668119.0,3713613.0,3668119.0,3713613.0,0.04548875
1780758000,3666871.0,3666871.0,3651115.0,3653267.0,0.27329837
1780761600,3655056.0,3740054.0,3480211.0,3480211.0,4.22797031
1780765200,3672055.0,3676202.0,3669549.0,3676202.0,0.08868239
1780768800,3676202.0,3676202.0,3676202.0,3676202.0,0.00541808
1780772400,3676202.0,3676202.0,3676202.0,3676202.0,0.00406343
1780776000,3676202.0,3676202.0,3673841.0,3673841.0,0.17135421
1780779600,3673841.0,3673841.0,3673841.0,3673841.0,0.0
1780783200,3673841.0,3673841.0,3673841.0,3673841.0,0.0
1780786800,3677602.0,3767520.0,3677602.0,3767520.0,0.17772576
1780790400,3769083.0,3769083.0,3769083.0,3769083.0,0.00792686
1780794000,3688156.0,3688156.0,3688156.0,3688156.0,0.15944499
1780797600,3686009.0,3769083.0,3675988.0,3769083.0,0.01490378
1780801200,3769083.0,3860000.0,3769083.0,3860000.0,0.39312793
1780804800,3774844.0,3776488.0,3774844.0,3776488.0,0.07657316
1780808400,3776488.0,3776488.0,3776488.0,3776488.0,0.0
1780812000,3795900.0,3795900.0,3795900.0,3795900.0,0.01343364
1780815600,3796446.0,3796446.0,3796263.0,3796263.0,0.00811205
1780819200,3714111.0,3791502.0,3714111.0,3714111.0,0.03952394
1780822800,3714111.0,3785643.0,3699966.0,3785643.0,1.03294102
1780826400,3762210.0,3777773.0,3675992.0,3692093.0,0.3323172
1780830000,3776125.0,3778872.0,3692105.0,3692105.0,0.28953979
1780833600,3692105.0,3692105.0,3692105.0,3692105.0,0.0
1780837200,3692114.0,3750670.0,3692114.0,3692114.0,0.17693508
1780840800,3750670.0,3750670.0,3692105.0,3692105.0,1.80967622
1780844400,3707307.0,3713387.0,3707307.0,3713387.0,0.08059314
1780848000,3697644.0,3750670.0,3697644.0,3705513.0,0.28155864
1780851600,3750666.0,3750666.0,3750666.0,3750666.0,0.01284917
1780855200,3750666.0,3750666.0,3750666.0,3750666.0,0.0
1780858800,3750666.0,3750666.0,3750666.0,3750666.0,0.0
1780862400,3750666.0,3750666.0,3750666.0,3750666.0,0.0
1780866000,3750666.0,3750666.0,3750666.0,3750666.0,0.0
1780869600,3705517.0,3705517.0,3705517.0,3705517.0,0.07129666
1780873200,3750666.0,3750670.0,3750666.0,3750670.0,0.06373133
1780876800,3750670.0,3812911.0,3750670.0,3805406.0,0.41313532
1780880400,3805402.0,3805402.0,3805402.0,3805402.0,0.55910702
1780884000,3715236.0,3716886.0,3708240.0,3708240.0,0.26714647
1780887600,3740978.0,3805394.0,3738046.0,3805394.0,0.16507666
1780891200,3738882.0,3805398.0,3590303.0,3805398.0,1.18150773
1780894800,3803783.0,3803783.0,3720078.0,3720078.0,0.00798221
1780898400,3800156.0,3803779.0,3800000.0,3800000.0,1.0664442
1780902000,3800000.0,3800000.0,3800000.0,3800000.0,0.0
1780905600,3803775.0,3803775.0,3803775.0,3803775.0,0.00261818
1780909200,3803770.0,3803770.0,3803770.0,3803770.0,0.00392715
1780912800,3758416.0,3758416.0,3758416.0,3758416.0,0.00383222
1780916400,3803766.0,3803766.0,3758651.0,3761057.0,0.27142325
1780920000,3803758.0,3803775.0,3747213.0,3803775.0,1.86934973
1780923600,3747213.0,3805402.0,3747213.0,3750000.0,0.0750472
1780927200,3747213.0,3803000.0,3747012.0,3803000.0,0.02338619
1780930800,3741365.0,3756065.0,3741365.0,3756065.0,0.31155158
1780934400,3752321.0,3802996.0,3752321.0,3802996.0,1.12600454
1780938000,3802992.0,3803000.0,3802992.0,3803000.0,0.28319138
1780941600,3803000.0,3845022.0,3803000.0,3845022.0,0.37606324
1780945200,3845022.0,3845022.0,3845022.0,3845022.0,0.0
1780948800,3787124.0,3787124.0,3787124.0,3787124.0,0.01313678
1780952400,3830075.0,3830075.0,3830075.0,3830075.0,0.02597741
1780956000,3841375.0,3859000.0,3841375.0,3859000.0,0.30112962
1780959600,3821089.0,3821089.0,3821089.0,3821089.0,0.00492555
1780963200,3809056.0,3809056.0,3809056.0,3809056.0,0.23531158
1780966800,3787120.0,3787120.0,3725804.0,3725804.0,0.23531158
1780970400,3725804.0,3725804.0,3725804.0,3725804.0,0.0
1780974000,3756141.0,3825128.0,3756141.0,3765187.0,0.12734772
1780977600,3773220.0,3857996.0,3773220.0,3776195.0,0.61948778
1780981200,3852870.0,3852870.0,3775642.0,3845479.0,0.15007544
1780984800,3831187.0,3851283.0,3831187.0,3848496.0,0.1713815
1780988400,3851404.0,3851404.0,3759043.0,3759043.0,0.04127698
1780992000,3759043.0,3759043.0,3759043.0,3759043.0,0.0
1780995600,3828798.0,3834916.0,3759047.0,3759090.0,0.51856975
1780999200,3759051.0,3827361.0,3759051.0,3827361.0,0.06669359
1781002800,3759051.0,3759051.0,3759051.0,3759051.0,0.06441923
1781006400,3798913.0,3799154.0,3730001.0,3730001.0,1.31520509
1781010000,3740165.0,3740165.0,3740165.0,3740165.0,0.82916434
1781013600,3797812.0,3797812.0,3725811.0,3725811.0,0.48230014
1781017200,3737577.0,3737577.0,3070008.0,3672444.0,21.62690766
1781020800,3620953.0,3620953.0,3590580.0,3611111.0,6.43752892
1781024400,3611111.0,3654919.0,3603758.0,3654919.0,4.80918431
1781028000,3718525.0,3740700.0,3654919.0,3718525.0,0.89313583
1781031600,3718525.0,3755417.0,3662022.0,3734522.0,0.09746474
1781035200,3671321.0,3671321.0,3671321.0,3671321.0,0.03811011
1781038800,3671321.0,3671321.0,3671321.0,3671321.0,0.0
1781042400,3671321.0,3671321.0,3671321.0,3671321.0,0.0
1781046000,3671321.0,3671321.0,3671321.0,3671321.0,0.0
1781049600,3667081.0,3752158.0,3666881.0,3739996.0,0.11011476
1781053200,3739988.0,3739992.0,3730588.0,3733597.0,0.96667316
1781056800,3733593.0,3733593.0,3733593.0,3733593.0,0.36060518
1781060400,3733593.0,3733593.0,3668183.0,3668183.0,0.09222527
1781064000,3725000.0,3725000.0,3724996.0,3725000.0,0.36137691
1781067600,3724995.0,3724995.0,3668183.0,3668183.0,0.08465967
1781071200,3668183.0,3668183.0,3668183.0,3668183.0,0.0
1781074800,3720000.0,3720000.0,3720000.0,3720000.0,0.00401559
1781078400,3716578.0,3716578.0,3716578.0,3716578.0,0.00267961
1781082000,3668183.0,3699996.0,3662229.0,3699996.0,0.67439039
1781085600,3662229.0,3662229.0,3593751.0,3593751.0,0.12886542
1781089200,3603973.0,3603973.0,3601041.0,3601041.0,0.03039891
1781092800,3650000.0,3650000.0,3617883.0,3630649.0,1.19147321
1781096400,3628358.0,3700000.0,3628358.0,3700000.0,0.18668717
1781100000,3640638.0,3700000.0,3640638.0,3700000.0,0.04533124
1781103600,3666683.0,3674278.0,3567313.0,3567313.0,0.59032536
1781107200,3673237.0,3673237.0,3582878.0,3582878.0,0.06923198
1781110800,3585149.0,3621761.0,3585149.0,3621761.0,0.00555083
1781114400,3621761.0,3621761.0,3621761.0,3621761.0,0.0
1781118000,3621761.0,3646305.0,3550172.0,3550172.0,0.369933
1781121600,3551988.0,3551988.0,3551988.0,3551988.0,0.02689532
1781125200,3551988.0,3551988.0,3551988.0,3551988.0,0.0
1781128800,3631308.0,3631308.0,3553082.0,3553082.0,0.08285043
1781132400,3641986.0,3641986.0,3567044.0,3567044.0,0.1717362
1781136000,3620614.0,3620614.0,3620614.0,3620614.0,0.00275063
1781139600,3591011.0,3620858.0,3591011.0,3620858.0,0.03443481
1781143200,3550628.0,3590500.0,3501000.0,3590500.0,0.51986917
1781146800,3590500.0,3590500.0,3578512.0,3578512.0,0.02525429
1781150400,3578512.0,3578512.0,3578512.0,3578512.0,0.0
1781154000,3578512.0,3662366.0,3578512.0,3578512.0,0.01862283
1781157600,3662362.0,3662362.0,3578516.0,3578516.0,0.01134378
1781161200,3578516.0,3578516.0,3578516.0,3578516.0,0.0
1781164800,3578516.0,3662358.0,3578516.0,3662358.0,0.07394016
1781168400,3578516.0,3578516.0,3578516.0,3578516.0,0.0095597
1781172000,3578516.0,3662358.0,3578516.0,3662358.0,0.03347638
1781175600,3578516.0,3662358.0,3578512.0,3662358.0,0.0628929
1781179200,3578512.0,3662358.0,3578512.0,3662358.0,0.02472067
1781182800,3578512.0,3662358.0,3525000.0,3662358.0,0.14403422
1781186400,3525014.0,3525014.0,3525012.0,3525012.0,0.02523593
1781190000,3525018.0,3662356.0,3525018.0,3525022.0,0.0264858
1781193600,3662356.0,3662356.0,3662356.0,3662356.0,0.00566875
1781197200,3662356.0,3662356.0,3662356.0,3662356.0,0.0
1781200800,3662356.0,3662356.0,3662356.0,3662356.0,0.0
1781204400,3661662.0,3662000.0,3661662.0,3662000.0,0.6286189
1781208000,3662000.0,3662000.0,3662000.0,3662000.0,0.0
1781211600,3662000.0,3662000.0,3662000.0,3662000.0,0.0
1781215200,3662000.0,3757388.0,3662000.0,3757388.0,0.97826174
1781218800,3757384.0,3757384.0,3757384.0,3757384.0,0.0107101
1781222400,3757368.0,3757377.0,3757368.0,3757377.0,0.01858236
1781226000,3757377.0,3757377.0,3757369.0,3757369.0,0.05654726
1781229600,3527244.0,3527452.0,3501010.0,3501010.0,0.98775895
1781233200,3757091.0,3757091.0,3501077.0,3757020.0,0.0101642
1781236800,3695958.0,3695958.0,3501181.0,3525120.0,0.0975753
1781240400,3696418.0,3696418.0,3525139.0,3525139.0,0.03926731
1781244000,3678867.0,3684203.0,3671021.0,3671021.0,0.03814031
1781247600,3667774.0,3694340.0,3501058.0,3694340.0,0.21361651
1781251200,3694340.0,3694340.0,3694340.0,3694340.0,0.0
1781254800,3501320.0,3501320.0,3501320.0,3501320.0,0.01549063
1781258400,3688464.0,3694336.0,3688464.0,3694336.0,0.06391505
1781262000,3694329.0,3757022.0,3534790.0,3534864.0,0.63232312
1781265600,3708085.0,3708085.0,3534567.0,3545004.0,0.43557245
1781269200,3705840.0,3705840.0,3705840.0,3705840.0,0.00268737
1781272800,3697896.0,3705898.0,3695724.0,3695724.0,0.02120222
1781276400,3551088.0,3551088.0,3551088.0,3551088.0,0.0029788
1781280000,3705644.0,3705875.0,3705644.0,3705713.0,0.02997659
1781283600,3705836.0,3705836.0,3551256.0,3551256.0,0.526127
1781287200,3705536.0,3705536.0,3551260.0,3705532.0,0.01075017
1781290800,3551266.0,3551266.0,3551256.0,3551256.0,0.57926549
1781294400,3551256.0,3551256.0,3551256.0,3551256.0,0.0
1781298000,3551256.0,3551256.0,3551256.0,3551256.0,0.0
1781301600,3705270.0,3705276.0,3705270.0,3705276.0,0.12095108
1781305200,3705517.0,3705517.0,3705516.0,3705516.0,0.05706572
1781308800,3552006.0,3705572.0,3552006.0,3705572.0,0.03375748
1781312400,3685865.0,3685865.0,3683310.0,3683310.0,0.01081151
1781316000,3560018.0,3560018.0,3560018.0,3560018.0,0.02522507
1781319600,3560018.0,3684928.0,3560017.0,3684928.0,0.02195224
1781323200,3560021.0,3600000.0,3560021.0,3560021.0,0.10343941
1781326800,3599999.0,3599999.0,3599998.0,3599999.0,0.05166615
1781330400,3599998.0,3705563.0,3560032.0,3560242.0,0.09285775
1781334000,3705556.0,3705556.0,3560536.0,3704968.0,0.0786629
1781337600,3560542.0,3560542.0,3560542.0,3560542.0,0.00283628
1781341200,3699998.0,3757292.0,3560552.0,3560552.0,1.60822856
1781344800,3560558.0,3560586.0,3560558.0,3560586.0,0.2031527
1781348400,3757269.0,3757269.0,3757224.0,3757224.0,0.01586722
1781352000,3757043.0,3757208.0,3757006.0,3757208.0,0.07054793
1781355600,3561092.0,3561092.0,3561066.0,3561066.0,0.70328632
1781359200,3561074.0,3754959.0,3561074.0,3754838.0,0.06399742
1781362800,3754838.0,3754838.0,3754838.0,3754838.0,0.0
1781366400,3754064.0,3754064.0,3588888.0,3588888.0,0.0562621
1781370000,3588892.0,3588892.0,3568900.0,3568900.0,0.27429127
1781373600,3568910.0,3568910.0,3568910.0,3568910.0,0.01428469
1781377200,3748830.0,3748843.0,3748830.0,3748843.0,0.13282855
1781380800,3748843.0,3748843.0,3748843.0,3748843.0,0.0
1781384400,3672869.0,3751996.0,3672869.0,3751996.0,0.22676006
1781388000,3568917.0,3568917.0,3568913.0,3568913.0,0.16947466
1781391600,3569122.0,3569122.0,3569122.0,3569122.0,0.00769761
1781395200,3569122.0,3569122.0,3569122.0,3569122.0,0.0
1781398800,3569004.0,3751946.0,3569004.0,3751946.0,0.00672819
1781402400,3570268.0,3751748.0,3570100.0,3751748.0,0.30220286
1781406000,3748788.0,3748788.0,3748788.0,3748788.0,0.01893918
1781409600,3748788.0,3748788.0,3671600.0,3671600.0,0.01295948
1781413200,3674122.0,3674122.0,3578902.0,3578902.0,0.01576503
1781416800,3748760.0,3748760.0,3748760.0,3748760.0,0.00956929
1781420400,3744996.0,3744996.0,3744996.0,3744996.0,0.01037117
1781424000,3680091.0,3702022.0,3590056.0,3590056.0,0.11927906
1781427600,3590056.0,3590056.0,3590056.0,3590056.0,0.0
1781431200,3680562.0,3748764.0,3680562.0,3748760.0,0.99186555
1781434800,3748760.0,3748760.0,3591428.0,3748752.0,0.03713759
1781438400,3748512.0,3748512.0,3748512.0,3748512.0,0.00522527
1781442000,3748722.0,3748724.0,3748722.0,3748724.0,0.01147429
1781445600,3748724.0,3748724.0,3601409.0,3748700.0,0.13589221
1781449200,3748700.0,3748700.0,3748700.0,3748700.0,0.0
1781452800,3748700.0,3748700.0,3748700.0,3748700.0,0.0
1781456400,3748226.0,3748226.0,3610052.0,3610052.0,0.02348285
1781460000,3747864.0,3747864.0,3747864.0,3747864.0,0.00699011
1781463600,3610072.0,3693777.0,3610000.0,3693017.0,1.59143861
1781467200,3748192.0,3748192.0,3748192.0,3748192.0,0.00398538
1781470800,3748192.0,3748192.0,3748192.0,3748192.0,0.0
1781474400,3610369.0,3610369.0,3610369.0,3610369.0,0.00933506
1781478000,3747000.0,3747000.0,3747000.0,3747000.0,0.00531571
1781481600,3746996.0,3746996.0,3746996.0,3746996.0,0.00265786
1781485200,3730958.0,3730958.0,3729996.0,3730000.0,0.13831186
1781488800,3620518.0,3730000.0,3620510.0,3730000.0,1.19760899
1781492400,3625607.0,3714996.0,3625603.0,3714996.0,0.12959062
1781496000,3650011.0,3700000.0,3650010.0,3700000.0,1.68598627
1781499600,3630021.0,3730000.0,3630021.0,3730000.0,0.03940686
1781503200,3730000.0,3730000.0,3730000.0,3730000.0,0.0
1781506800,3635059.0,3715000.0,3635055.0,3715000.0,1.75226411
1781510400,3714000.0,3714000.0,3714000.0,3714000.0,0.01074427
1781514000,3713900.0,3713900.0,3650025.0,3650025.0,0.02746504
1781517600,3650025.0,3650025.0,3650025.0,3650025.0,0.0
1781521200,3699990.0,3699990.0,3651054.0,3651054.0,0.16950042
1781524800,3699000.0,3699000.0,3651504.0,3651504.0,0.03429639
1781528400,3651510.0,3698000.0,3651504.0,3651513.0,0.09536192
1781532000,3651510.0,3651517.0,3651510.0,3651517.0,0.10316778
1781535600,3699997.0,3730000.0,3660000.0,3690000.0,1.85143905
1781539200,3690008.0,3740000.0,3690000.0,3740000.0,0.54690158
1781542800,3655082.0,3740000.0,3655072.0,3655097.0,0.26377061
1781546400,3655081.0,3655081.0,3651506.0,3651506.0,2.62508251
1781550000,3740000.0,3740000.0,3651510.0,3740000.0,0.01531072
1781553600,3740000.0,3740000.0,3740000.0,3740000.0,0.0
1781557200,3651514.0,3798000.0,3651514.0,3798000.0,2.66498695
1781560800,3661058.0,3661058.0,3661058.0,3661058.0,0.00298215
1781564400,3748500.0,3774996.0,3748500.0,3774996.0,0.01178102
1781568000,3757611.0,3757611.0,3665068.0,3666068.0,0.77681492
1781571600,3743199.0,3743199.0,3743199.0,3743199.0,0.04059549
1781575200,3666079.0,3666079.0,3666079.0,3666079.0,0.00300457
1781578800,3743080.0,3769900.0,3739063.0,3769900.0,0.0840846
1781582400,3769890.0,3769890.0,3769881.0,3769881.0,0.04044362
1781586000,3739063.0,3765000.0,3670018.0,3764996.0,0.04924283
1781589600,3764996.0,3764996.0,3764996.0,3764996.0,0.0
1781593200,3759992.0,3759992.0,3759992.0,3759992.0,0.02205083
1781596800,3750000.0,3750000.0,3700000.0,3700000.0,0.50547263
1781600400,3675013.0,3675013.0,3675000.0,3675004.0,0.58142253
1781604000,3749996.0,3750000.0,3675004.0,3750000.0,0.0227028
1781607600,3675004.0,3760000.0,3675004.0,3681029.0,0.19628838
1781611200,3681055.0,3755000.0,3675008.0,3690004.0,0.07174058
1781614800,3722203.0,3722203.0,3722203.0,3722203.0,0.01372735
1781618400,3721648.0,3722203.0,3715000.0,3715000.0,0.09007392
1781622000,3714000.0,3714000.0,3714000.0,3714000.0,0.11664457
1781625600,3710000.0,3714000.0,3710000.0,3714000.0,0.02640443
1781629200,3690019.0,3690019.0,3675004.0,3675004.0,0.13719284
1781632800,3710000.0,3710000.0,3675008.0,3675008.0,0.01115349
1781636400,3675008.0,3675008.0,3675008.0,3675008.0,0.0
1781640000,3709996.0,3800000.0,3670014.0,3800000.0,3.42704812
1781643600,3670018.0,3670018.0,3670018.0,3670018.0,0.01264139
1781647200,3799996.0,3799996.0,3799996.0,3799996.0,0.04970399
1781650800,3670204.0,3799996.0,3670204.0,3799996.0,0.04195714
1781654400,3799996.0,3799996.0,3799996.0,3799996.0,0.0
1781658000,3804821.0,3806092.0,3804821.0,3806092.0,0.02622463
1781661600,3806077.0,3980000.0,3670232.0,3670232.0,2.54708034
1781665200,3670254.0,3979995.0,3670254.0,3979995.0,0.02762556
1781668800,3670402.0,3969944.0,3670335.0,3870509.0,0.40125465
1781672400,3969982.0,3969982.0,3969968.0,3969968.0,0.00501715
1781676000,3870822.0,3870822.0,3770758.0,3770758.0,0.1705681
1781679600,3770758.0,3770758.0,3670745.0,3670745.0,0.01741006
1781683200,3670745.0,3670745.0,3670745.0,3670745.0,0.0
1781686800,3958626.0,3958626.0,3670768.0,3958438.0,0.14812382
1781690400,3958426.0,3958430.0,3671228.0,3671334.0,0.3092414
1781694000,3672696.0,3672710.0,3672696.0,3672710.0,0.01930428
1781697600,3672719.0,3672719.0,3672715.0,3672715.0,0.87348421
1781701200,3957532.0,3957532.0,3957512.0,3957514.0,0.13211085
1781704800,3948000.0,3948000.0,3672868.0,3675000.0,0.32222715
1781708400,3851110.0,3899802.0,3676000.0,3676003.0,0.16004955
1781712000,3676008.0,3676008.0,3676007.0,3676007.0,0.12373114
1781715600,3899640.0,3899642.0,3676007.0,3678000.0,0.60775944
1781719200,3678000.0,3678000.0,3672706.0,3672706.0,0.81820544
1781722800,3672708.0,3672708.0,3672706.0,3672706.0,0.49901424
1781726400,3672706.0,3672706.0,3672706.0,3672706.0,0.01714696
1781730000,3898768.0,3898768.0,3898768.0,3898768.0,0.00383146
1781733600,3896940.0,3896940.0,3896916.0,3896916.0,0.00705555
1781737200,3896886.0,3896886.0,3896886.0,3896886.0,0.00485567
1781740800,3700006.0,3700006.0,3700004.0,3700004.0,0.02566383
1781744400,3896374.0,3896374.0,3896374.0,3896374.0,0.00269943
1781748000,3896142.0,3896188.0,3700010.0,3700015.0,0.23641989
1781751600,3700015.0,3700015.0,3700015.0,3700015.0,0.0
1781755200,3700024.0,3700024.0,3700010.0,3700010.0,0.07437031
1781758800,3895816.0,3895816.0,3700010.0,3700010.0,0.01511182
1781762400,3700080.0,3850000.0,3700080.0,3850000.0,0.16013083
1781766000,3845000.0,3845000.0,3700017.0,3700017.0,0.07125265
1781769600,3839998.0,3839998.0,3839998.0,3839998.0,0.0077802
1781773200,3839998.0,3839998.0,3672712.0,3672712.0,0.12218788
1781776800,3838998.0,3839000.0,3672750.0,3672750.0,0.09828109
1781780400,3672754.0,3672754.0,3672754.0,3672754.0,0.00621755
1781784000,3672754.0,3672754.0,3672750.0,3672750.0,0.12311027
1781787600,3829998.0,3836985.0,3829998.0,3836980.0,0.34785498
1781791200,3835992.0,3835996.0,3835987.0,3835996.0,0.26773079
1781794800,3835992.0,3835992.0,3677527.0,3835990.0,0.06926437
1781798400,3835990.0,3835990.0,3677560.0,3783026.0,0.02411819
1781802000,3677531.0,3677531.0,3677531.0,3677531.0,0.00593693
1781805600,3677531.0,3677531.0,3677531.0,3677531.0,0.0
1781809200,3677531.0,3677531.0,3677531.0,3677531.0,0.0
1781812800,3677531.0,3677531.0,3677531.0,3677531.0,0.0
1781816400,3783026.0,3836970.0,3783026.0,3836970.0,0.70223021
1781820000,3677820.0,3836968.0,3677820.0,3836968.0,0.13946959
1781823600,3677904.0,3787009.0,3677902.0,3787009.0,0.02032017
1781827200,3835666.0,3835666.0,3742022.0,3742022.0,0.00836969
1781830800,3835512.0,3835512.0,3688101.0,3688101.0,0.13287108
1781834400,3688101.0,3835472.0,3675000.0,3835472.0,0.44910544
1781838000,3835464.0,3835464.0,3835460.0,3835460.0,0.04259655
1781841600,3835460.0,3835460.0,3835460.0,3835460.0,0.0
1781845200,3835460.0,3835460.0,3835460.0,3835460.0,0.0
1781848800,3829995.0,3829995.0,3829995.0,3829995.0,0.00522428
1781852400,3675446.0,3829981.0,3675446.0,3829981.0,0.0161525
1781856000,3675700.0,3829985.0,3675700.0,3829985.0,0.17307938
1781859600,3829985.0,3829985.0,3829985.0,3829985.0,0.0
1781863200,3675896.0,3829960.0,3675896.0,3829960.0,0.02196742
1781866800,3829956.0,3829958.0,3675898.0,3675898.0,0.02220676
1781870400,3675898.0,3829958.0,3675000.0,3829950.0,1.51529115
1781874000,3829941.0,3829941.0,3829941.0,3829941.0,0.02752287
1781877600,3829936.0,3829936.0,3695401.0,3695401.0,0.2762201
1781881200,3829904.0,3829936.0,3829904.0,3829936.0,1.17322665
1781884800,3696112.0,3696112.0,3675000.0,3675000.0,1.68292639
1781888400,3675000.0,3675000.0,3675000.0,3675000.0,0.0
1781892000,3676226.0,3676226.0,3676224.0,3676224.0,0.14037632
1781895600,3676114.0,3829818.0,3676114.0,3829818.0,0.03245861
1781899200,3829794.0,3829794.0,3829688.0,3829690.0,0.07279881
1781902800,3829690.0,3829690.0,3829690.0,3829690.0,0.0
1781906400,3829690.0,3829690.0,3829690.0,3829690.0,0.0
1781910000,3676280.0,3676280.0,3676280.0,3676280.0,0.01249022
1781913600,3724974.0,3824977.0,3676126.0,3824977.0,0.07176658
1781917200,3776152.0,3776152.0,3776152.0,3776152.0,0.01262555
1781920800,3736127.0,3736127.0,3726126.0,3726126.0,0.05042341
1781924400,3737002.0,3737002.0,3737002.0,3737002.0,0.01275782
1781928000,3737002.0,3737002.0,3737002.0,3737002.0,0.0
1781931600,3727006.0,3733006.0,3727006.0,3733006.0,0.01318778
1781935200,3824959.0,3824959.0,3824959.0,3824959.0,0.00397729
1781938800,3824958.0,3824958.0,3824958.0,3824958.0,0.05738597
1781942400,3727007.0,3727007.0,3727007.0,3727007.0,0.05603864
1781946000,3727007.0,3727007.0,3727007.0,3727007.0,0.02692242
1781949600,3822999.0,3822999.0,3822999.0,3822999.0,0.00506905
1781953200,3727007.0,3822994.0,3727007.0,3822994.0,0.01600195
1781956800,3727007.0,3822994.0,3727007.0,3822994.0,0.0109491
1781960400,3822990.0,3822990.0,3822989.0,3822989.0,0.00913054
1781964000,3822984.0,3822984.0,3727012.0,3727012.0,0.00943669
1781967600,3822984.0,3822984.0,3727012.0,3727012.0,0.06530897
1781971200,3727012.0,3727012.0,3727012.0,3727012.0,0.0
1781974800,3819998.0,3819998.0,3727012.0,3727012.0,0.07604319
1781978400,3819998.0,3819998.0,3819998.0,3819998.0,0.0032411
1781982000,3819998.0,3819999.0,3819998.0,3819999.0,0.03649895
1781985600,3819999.0,3819999.0,3819999.0,3819999.0,0.00647199
1781989200,3727012.0,3727012.0,3727012.0,3727012.0,0.00647199
1781992800,3727012.0,3727012.0,3727012.0,3727012.0,0.0032411
1781996400,3727012.0,3727012.0,3727012.0,3727012.0,0.02694437
1782000000,3814999.0,3814999.0,3727012.0,3727012.0,0.04235663
1782003600,3727012.0,3727012.0,3727011.0,3727011.0,0.06744711
1782007200,3727012.0,3814993.0,3727012.0,3814993.0,0.05088863
1782010800,3727012.0,3727016.0,3727011.0,3727011.0,0.33227669
1782014400,3727011.0,3814988.0,3727011.0,3814988.0,0.03494121
1782018000,3809999.0,3829685.0,3809999.0,3829685.0,2.78358489
1782021600,3829685.0,3829685.0,3829685.0,3829685.0,0.0121271
1782025200,3829684.0,3829684.0,3829684.0,3829684.0,0.00379117
1782028800,3750202.0,3750202.0,3750202.0,3750202.0,0.02835343
1782032400,3750202.0,3829684.0,3727503.0,3727503.0,0.09957085
1782036000,3829684.0,3850000.0,3727500.0,3840000.0,1.04005053
1782039600,3730000.0,3835000.0,3728000.0,3730010.0,0.50124385
1782043200,3834899.0,3834899.0,3730112.0,3834899.0,0.29412809
1782046800,3834899.0,3834899.0,3730112.0,3834899.0,0.02871703
1782050400,3730500.0,3834899.0,3730112.0,3730112.0,0.06540345
1782054000,3830000.0,3830000.0,3830000.0,3830000.0,0.0637953
1782057600,3730501.0,3730501.0,3730501.0,3730501.0,0.00659518
1782061200,3730501.0,3730501.0,3730501.0,3730501.0,0.01466443
1782064800,3730501.0,3730501.0,3730501.0,3730501.0,0.0
1782068400,3730501.0,3730501.0,3730501.0,3730501.0,0.0
1782072000,3829998.0,3829998.0,3829998.0,3829998.0,0.02065692
1782075600,3829998.0,3829998.0,3829998.0,3829998.0,0.0
1782079200,3824000.0,3824000.0,3824000.0,3824000.0,0.00300941
1782082800,3824000.0,3824000.0,3824000.0,3824000.0,0.0
1782086400,3823989.0,3823989.0,3823989.0,3823989.0,0.00480519
1782090000,3731001.0,3823984.0,3731001.0,3823980.0,0.01311635
1782093600,3731100.0,3823976.0,3731100.0,3823976.0,0.16463334
1782097200,3823972.0,3823972.0,3731110.0,3731115.0,0.02163458
1782100800,3731116.0,3731116.0,3731116.0,3731116.0,0.06050422
1782104400,3823967.0,3823967.0,3731501.0,3731501.0,0.11595397
1782108000,3731505.0,3823960.0,3731501.0,3823960.0,1.07326052
1782111600,3823959.0,3823959.0,3823959.0,3823959.0,0.01071298
1782115200,3731501.0,3823959.0,3731501.0,3823959.0,0.03969521
1782118800,3731501.0,3731501.0,3731501.0,3731501.0,0.01316498
1782122400,3731501.0,3731501.0,3731501.0,3731501.0,0.0
1782126000,3731507.0,3731507.0,3731507.0,3731507.0,0.00299213
1782129600,3799999.0,3823953.0,3799999.0,3823953.0,0.21452552
1782133200,3731520.0,3823950.0,3731520.0,3823950.0,0.06788352
1782136800,3823946.0,3823946.0,3732243.0,3823946.0,0.02055167
1782140400,3732554.0,3732554.0,3732554.0,3732554.0,0.02695848
1782144000,3823940.0,3823940.0,3823940.0,3823940.0,0.00781314
1782147600,3823940.0,3823940.0,3732554.0,3732554.0,0.12039928
1782151200,3732554.0,3732554.0,3732554.0,3732554.0,0.0
1782154800,3732554.0,3732554.0,3732554.0,3732554.0,0.0
1782158400,3732554.0,3732554.0,3732554.0,3732554.0,0.0
1782162000,3732554.0,3732554.0,3732554.0,3732554.0,0.0
1782165600,3732554.0,3732554.0,3732554.0,3732554.0,0.0
1782169200,3823930.0,3823930.0,3823930.0,3823930.0,0.00260438
1782172800,3823921.0,3823926.0,3823921.0,3823926.0,0.65704863
1782176400,3823926.0,3823926.0,3823922.0,3823922.0,0.02864833
1782180000,3823922.0,3823922.0,3823922.0,3823922.0,0.0
1782183600,3823920.0,3823920.0,3700000.0,3820000.0,1.49080125
1782187200,3820000.0,3823909.0,3820000.0,3823909.0,0.00520897
1782190800,3823909.0,3823909.0,3823909.0,3823909.0,0.0
1782194400,3823905.0,3823905.0,3700001.0,3700001.0,1.01061342
1782198000,3820000.0,3820000.0,3672693.0,3672693.0,0.4029837
1782201600,3672696.0,3823895.0,3672694.0,3672694.0,0.39489034
1782205200,3823892.0,3850000.0,3672694.0,3850000.0,1.53243087
1782208800,3839998.0,3850000.0,3675002.0,3849998.0,0.28655389
1782212400,3680002.0,3680002.0,3672698.0,3672698.0,0.05079472
1782216000,3839998.0,3839998.0,3672710.0,3672710.0,0.00771193
1782219600,3829998.0,3829998.0,3666079.0,3824992.0,1.449696
1782223200,3824992.0,3824992.0,3824992.0,3824992.0,0.0
1782226800,3666080.0,3824986.0,3661124.0,3824986.0,0.46043641
1782230400,3824986.0,3824986.0,3824986.0,3824986.0,0.0
1782234000,3824964.0,3824964.0,3648311.0,3648311.0,0.02198849
1782237600,3824958.0,3824958.0,3640001.0,3640001.0,0.00883883
1782241200,3640001.0,3640001.0,3640001.0,3640001.0,0.0
1782244800,3640001.0,3640001.0,3640001.0,3640001.0,0.0
1782248400,3640001.0,3640001.0,3640001.0,3640001.0,0.0
1782252000,3640002.0,3640002.0,3640002.0,3640002.0,0.00469944
1782255600,3824958.0,3824958.0,3824958.0,3824958.0,0.0039054
1782259200,3824958.0,3824958.0,3824958.0,3824958.0,0.0
1782262800,3824948.0,3824950.0,3824948.0,3824950.0,0.27566557
1782266400,3641004.0,3641004.0,3641003.0,3641003.0,0.03092448
1782270000,3646001.0,3646001.0,3646001.0,3646001.0,0.00324547
1782273600,3646001.0,3646001.0,3646001.0,3646001.0,0.0
1782277200,3646001.0,3646001.0,3646000.0,3646000.0,0.60900413
1782280800,3646000.0,3646000.0,3646000.0,3646000.0,0.0
1782284400,3646000.0,3724844.0,3646000.0,3724844.0,0.01595687
1782288000,3646002.0,3824496.0,3646001.0,3646002.0,0.06035362
1782291600,3819996.0,3819996.0,3819996.0,3819996.0,0.00567173
1782295200,3809986.0,3809986.0,3809986.0,3809986.0,0.00576012
1782298800,3650002.0,3650002.0,3646001.0,3646001.0,0.06474688
1782302400,3646001.0,3799998.0,3646000.0,3799998.0,0.22690768
1782306000,3770000.0,3799999.0,3650002.0,3651003.0,1.26118806
1782309600,3651004.0,3651004.0,3651003.0,3651003.0,0.14820772
1782313200,3651003.0,3651003.0,3651003.0,3651003.0,0.0
1782316800,3652002.0,3652002.0,3652002.0,3652002.0,0.02604381
1782320400,3652002.0,3652002.0,3652002.0,3652002.0,0.0
1782324000,3652004.0,3652004.0,3642000.0,3642000.0,1.339431
1782327600,3797992.0,3797995.0,3797992.0,3797995.0,0.05915017
1782331200,3797995.0,3797995.0,3797995.0,3797995.0,0.0
1782334800,3797991.0,3797991.0,3797991.0,3797991.0,0.01156479
1782338400,3797991.0,3797991.0,3797991.0,3797991.0,0.0
1782342000,3645000.0,3645010.0,3452666.0,3452666.0,3.44112778
1782345600,3653501.0,3653501.0,3653501.0,3653501.0,0.0130494
1782349200,3653501.0,3653501.0,3653501.0,3653501.0,0.0
1782352800,3555000.0,3649994.0,3454866.0,3649986.0,1.27952714
1782356400,3460815.0,3469929.0,3460815.0,3469929.0,0.07047501
1782360000,3487278.0,3505364.0,3487278.0,3505364.0,0.00715885
1782363600,3522890.0,3522890.0,3522890.0,3522890.0,0.00425787
1782367200,3540800.0,3700000.0,3540800.0,3700000.0,1.02072522
1782370800,3700000.0,3700000.0,3700000.0,3700000.0,0.0
1782374400,3511388.0,3699996.0,3511388.0,3511638.0,0.03522845
1782378000,3511638.0,3511638.0,3511638.0,3511638.0,0.0
1782381600,3699986.0,3700000.0,3699986.0,3700000.0,0.26727996
1782385200,3700000.0,3700000.0,3700000.0,3700000.0,0.01508891
1782388800,3600008.0,3699990.0,3600008.0,3699990.0,0.04767671
1782392400,3699989.0,3699989.0,3600000.0,3600000.0,0.8874888
1782396000,3550000.0,3600000.0,3512950.0,3512950.0,0.04407834
1782399600,3600000.0,3699994.0,3600000.0,3613333.0,0.3870907
1782403200,3512950.0,3699993.0,3512023.0,3699962.0,0.2330607
1782406800,3512000.0,3512000.0,3512000.0,3512000.0,0.00450378
1782410400,3699839.0,3699839.0,3510992.0,3510992.0,0.27559917
1782414000,3510992.0,3510992.0,3510992.0,3510992.0,0.0
1782417600,3510992.0,3510992.0,3510992.0,3510992.0,0.0
1782421200,3588994.0,3588994.0,3588994.0,3588994.0,0.03160172
1782424800,3588994.0,3588994.0,3588994.0,3588994.0,0.0
1782428400,3655004.0,3655004.0,3655004.0,3655004.0,0.03065578
1782432000,3699000.0,3699000.0,3699000.0,3699000.0,0.04025709
1782435600,3699000.0,3699000.0,3699000.0,3699000.0,0.0
1782439200,3699000.0,3699000.0,3510992.0,3510996.0,0.21051594
1782442800,3510996.0,3698998.0,3510996.0,3698998.0,0.02840492
1782446400,3510998.0,3679978.0,3451000.0,3679978.0,0.44024628
1782450000,3660000.0,3669000.0,3453026.0,3453026.0,0.03050091
1782453600,3668998.0,3669998.0,3453000.0,3659998.0,0.22269634
1782457200,3649998.0,3660000.0,3453000.0,3659998.0,0.25723401
1782460800,3659998.0,3698996.0,3659998.0,3698996.0,0.10767785
1782464400,3698987.0,3698988.0,3698987.0,3698988.0,0.01346179
1782468000,3460092.0,3698986.0,3460090.0,3698986.0,0.10651335
1782471600,3470032.0,3698952.0,3470032.0,3698948.0,0.17185054
1782475200,3470154.0,3698432.0,3470152.0,3470158.0,0.15104876
1782478800,3698006.0,3698006.0,3470158.0,3470158.0,0.02983461
1782482400,3697966.0,3697966.0,3697966.0,3697966.0,0.01283786
1782486000,3697974.0,3697974.0,3697934.0,3697974.0,0.0381022
1782489600,3697976.0,3697990.0,3697976.0,3697990.0,0.02973454
1782493200,3697990.0,3697990.0,3697990.0,3697990.0,0.0
1782496800,3697990.0,3697990.0,3697990.0,3697990.0,0.0
1782500400,3697990.0,3697990.0,3697990.0,3697990.0,0.00403949
1782504000,3470160.0,3697990.0,3470160.0,3697990.0,0.01061803
1782507600,3697990.0,3697990.0,3697990.0,3697990.0,0.0
1782511200,3470016.0,3697978.0,3470014.0,3697978.0,0.21600554
1782514800,3697978.0,3697978.0,3697978.0,3697978.0,0.0
1782518400,3470004.0,3470004.0,3470002.0,3470002.0,0.00520897
1782522000,3470004.0,3536567.0,3470003.0,3536567.0,0.02242103
1782525600,3536567.0,3546568.0,3536567.0,3546568.0,0.00281173
1782529200,3470003.0,3546568.0,3470003.0,3546568.0,0.01661203
1782532800,3546568.0,3546568.0,3546568.0,3546568.0,0.0
1782536400,3546568.0,3546568.0,3470015.0,3470015.0,0.0437172
1782540000,3470015.0,3696580.0,3470015.0,3696580.0,0.05452798
1782543600,3696580.0,3696580.0,3696580.0,3696580.0,0.0
1782547200,3696499.0,3696499.0,3696499.0,3696499.0,0.0269417
1782550800,3696499.0,3696499.0,3696499.0,3696499.0,0.0
1782554400,3500001.0,3500001.0,3500001.0,3500001.0,0.01819831
1782558000,3696479.0,3696479.0,3696479.0,3696479.0,0.00538837
1782561600,3500001.0,3500001.0,3470010.0,3470010.0,0.07046756
1782565200,3679999.0,3679999.0,3470009.0,3470009.0,0.20940956
1782568800,3674998.0,3674998.0,3674998.0,3674998.0,0.04110451
1782572400,3470012.0,3569989.0,3470009.0,3569989.0,0.06892699
1782576000,3470010.0,3569989.0,3470010.0,3569989.0,0.04951649
1782579600,3569989.0,3569989.0,3569989.0,3569989.0,0.0
1782583200,3569989.0,3569989.0,3569989.0,3569989.0,0.0
1782586800,3569989.0,3569989.0,3569989.0,3569989.0,0.0
1782590400,3569989.0,3569989.0,3569989.0,3569989.0,0.00278964
1782594000,3569989.0,3569989.0,3569989.0,3569989.0,0.0
1782597600,3569989.0,3569989.0,3569989.0,3569989.0,0.0
1782601200,3499946.0,3499946.0,3499946.0,3499946.0,0.00535293
1782604800,3499946.0,3499946.0,3499946.0,3499946.0,0.0
1782608400,3470013.0,3470013.0,3470013.0,3470013.0,0.11060196
1782612000,3470013.0,3470013.0,3470013.0,3470013.0,0.05605717
1782615600,3470013.0,3669979.0,3470013.0,3669979.0,0.33571005
1782619200,3470157.0,3470157.0,3470157.0,3470157.0,0.01553359
1782622800,3669978.0,3669979.0,3470065.0,3470065.0,0.02489169
1782626400,3669977.0,3669978.0,3669977.0,3669977.0,0.06194692
1782630000,3669977.0,3669977.0,3669977.0,3669977.0,0.00407032
1782633600,3669969.0,3669970.0,3669968.0,3669968.0,0.27718724
1782637200,3470049.0,3470049.0,3470013.0,3470013.0,0.42447001
1782640800,3499958.0,3499958.0,3499958.0,3499958.0,0.02610856
1782644400,3669954.0,3669954.0,3669954.0,3669954.0,0.0041777
1782648000,3470011.0,3669943.0,3470011.0,3470013.0,0.08820326
1782651600,3669931.0,3669931.0,3470014.0,3470014.0,0.007288
1782655200,3499911.0,3499911.0,3470015.0,3470015.0,0.03347068
1782658800,3669902.0,3669910.0,3470016.0,3470016.0,0.0651685
1782662400,3470016.0,3470050.0,3470016.0,3470035.0,0.17208468
1782666000,3669909.0,3669909.0,3669909.0,3669909.0,0.01326572
1782669600,3669908.0,3669908.0,3669908.0,3669908.0,0.01384503
1782673200,3669907.0,3669951.0,3669907.0,3669951.0,0.54273938
1782676800,3470204.0,3669948.0,3470204.0,3669948.0,0.0189363
1782680400,3669948.0,3669948.0,3669948.0,3669948.0,0.0
1782684000,3669948.0,3669948.0,3669948.0,3669948.0,0.0
1782687600,3549942.0,3549942.0,3549942.0,3549942.0,0.03046413
1782691200,3669947.0,3669947.0,3470215.0,3470215.0,0.03571519
1782694800,3470215.0,3470215.0,3470215.0,3470215.0,0.0
1782698400,3669947.0,3669947.0,3470215.0,3470216.0,0.03676618
1782702000,3669944.0,3669944.0,3470222.0,3669943.0,0.07114196
1782705600,3570223.0,3570223.0,3470222.0,3470222.0,0.68572789
1782709200,3470222.0,3470222.0,3470222.0,3470222.0,0.0
1782712800,3470222.0,3470222.0,3470222.0,3470222.0,0.0
1782716400,3666995.0,3666995.0,3570239.0,3570239.0,0.01403321
1782720000,3666995.0,3666995.0,3666995.0,3666995.0,0.00488056
1782723600,3666995.0,3666995.0,3666995.0,3666995.0,0.0
1782727200,3570600.0,3666993.0,3470599.0,3666993.0,0.0228147
1782730800,3470798.0,3659999.0,3470798.0,3659999.0,0.01856675
1782734400,3659999.0,3659999.0,3470900.0,3570922.0,2.84203961
1782738000,3659650.0,3659650.0,3659650.0,3659650.0,0.00377522
1782741600,3659649.0,3659649.0,3471559.0,3658998.0,0.03960701
1782745200,3658896.0,3658896.0,3658896.0,3658896.0,0.00299379
1782748800,3658896.0,3658898.0,3475004.0,3475022.0,0.04707201
1782752400,3475022.0,3475022.0,3475022.0,3475022.0,0.0
1782756000,3475009.0,3657998.0,3475000.0,3657998.0,0.09041433
1782759600,3657998.0,3657998.0,3657998.0,3657998.0,0.0
1782763200,3657998.0,3657998.0,3657998.0,3657998.0,0.0
1782766800,3657998.0,3657998.0,3657998.0,3657998.0,0.0
1782770400,3657989.0,3657989.0,3657989.0,3657989.0,0.00408366
1782774000,3656993.0,3657000.0,3656993.0,3657000.0,0.0321343
1782777600,3656899.0,3656899.0,3656899.0,3656899.0,0.00671005
1782781200,3656899.0,3656900.0,3656899.0,3656900.0,0.02165851
1782784800,3575705.0,3575705.0,3475714.0,3475714.0,0.06050247
1782788400,3656500.0,3658900.0,3480505.0,3480505.0,0.81914424
1782792000,3480654.0,3480654.0,3480654.0,3480654.0,0.00570326
1782795600,3480654.0,3480654.0,3480654.0,3480654.0,0.0
1782799200,3658894.0,3658897.0,3658894.0,3658897.0,0.01343629
1782802800,3581101.0,3581101.0,3581101.0,3581101.0,1.0543
1782806400,3581101.0,3581101.0,3581101.0,3581101.0,0.0
1782810000,3581101.0,3658894.0,3581101.0,3658894.0,0.03005341
1782813600,3658894.0,3658894.0,3658894.0,3658894.0,0.0049422
1782817200,3658889.0,3658889.0,3658889.0,3658889.0,0.42837128
1782820800,3658889.0,3658889.0,3582119.0,3658889.0,0.10053455
1782824400,3658889.0,3658889.0,3482124.0,3482124.0,0.04498224
1782828000,3582502.0,3582502.0,3582502.0,3582502.0,0.00680452
1782831600,3582502.0,3654880.0,3482505.0,3654880.0,0.00862484
1782835200,3654876.0,3654880.0,3482694.0,3482736.0,0.18143171
1782838800,3482772.0,3654880.0,3482772.0,3654880.0,0.43298701
1782842400,3654880.0,3654880.0,3654880.0,3654880.0,0.0
1782846000,3654874.0,3654874.0,3654874.0,3654874.0,0.00616355
1782849600,3654874.0,3654874.0,3654874.0,3654874.0,0.0
1782853200,3654874.0,3654874.0,3654874.0,3654874.0,0.0
1782856800,3654879.0,3654879.0,3654879.0,3654879.0,0.0040595
1782860400,3483658.0,3483658.0,3483658.0,3483658.0,0.00806098
1782864000,3484102.0,3484102.0,3484102.0,3484102.0,0.0082427
1782867600,3654858.0,3654858.0,3654858.0,3654858.0,0.00272486
1782871200,3484250.0,3484296.0,3484250.0,3484296.0,0.01924857
1782874800,3486014.0,3486014.0,3486008.0,3486008.0,0.1928143
1782878400,3486020.0,3654637.0,3486014.0,3654637.0,0.12224502
1782882000,3654628.0,3654628.0,3492269.0,3492269.0,0.01626897
1782885600,3492269.0,3492269.0,3492269.0,3492269.0,0.0
1782889200,3653547.0,3653547.0,3653547.0,3653547.0,0.00272584
1782892800,3492578.0,3654000.0,3492288.0,3495040.0,0.37406551
1782896400,3653955.0,3653975.0,3495167.0,3653975.0,0.01464979
1782900000,3496688.0,3496688.0,3475000.0,3475000.0,3.9504462
1782903600,3496829.0,3651886.0,3496829.0,3651886.0,0.55433411
1782907200,3497116.0,3519999.0,3497114.0,3519999.0,0.34351288
1782910800,3651908.0,3651910.0,3651908.0,3651910.0,0.12053694
1782914400,3651544.0,3651544.0,3480715.0,3480715.0,0.0385217
1782918000,3490217.0,3490217.0,3490217.0,3490217.0,0.00437882
1782921600,3634596.0,3634596.0,3634596.0,3634596.0,0.01334811
1782925200,3634596.0,3634596.0,3634596.0,3634596.0,0.0
1782928800,3500845.0,3500852.0,3490218.0,3490218.0,0.24338002
1782932400,3633627.0,3633628.0,3633627.0,3633628.0,0.03551216
1782936000,3633628.0,3633628.0,3633628.0,3633628.0,0.0
1782939600,3633628.0,3633628.0,3633628.0,3633628.0,0.0
1782943200,3633628.0,3633628.0,3633628.0,3633628.0,0.0
1782946800,3599928.0,3599928.0,3599928.0,3599928.0,0.0037034
1782950400,3599678.0,3599678.0,3599678.0,3599678.0,0.00485098
1782954000,3501205.0,3501205.0,3501205.0,3501205.0,0.03352962
1782957600,3599300.0,3599300.0,3599300.0,3599300.0,0.00830828
1782961200,3501209.0,3599016.0,3501209.0,3599016.0,0.00850526
1782964800,3598658.0,3598658.0,3598658.0,3598658.0,0.00415099
1782968400,3501205.0,3598524.0,3501205.0,3598308.0,0.03010959
1782972000,3598308.0,3598308.0,3598308.0,3598308.0,0.0
1782975600,3597154.0,3597154.0,3597154.0,3597154.0,0.00323144
1782979200,3597154.0,3597154.0,3597154.0,3597154.0,0.0
1782982800,3596333.0,3596333.0,3596333.0,3596333.0,0.00590323
1782986400,3596146.0,3596146.0,3596043.0,3596043.0,0.11094121
1782990000,3501209.0,3595494.0,3501205.0,3595494.0,0.23679509
1782993600,3595089.0,3595089.0,3594930.0,3594930.0,0.01042032
1782997200,3594930.0,3594930.0,3594930.0,3594930.0,0.0
1783000800,3594720.0,3594720.0,3501650.0,3501650.0,0.01927337
1783004400,3594216.0,3594216.0,3594216.0,3594216.0,0.00277084
1783008000,3501655.0,3501655.0,3501655.0,3501655.0,0.43209699
1783011600,3594005.0,3594005.0,3501205.0,3501205.0,1.60887923
1783015200,3501205.0,3593780.0,3501205.0,3593586.0,0.30166535
1783018800,3593586.0,3593586.0,3593586.0,3593586.0,0.0
1783022400,3593586.0,3593586.0,3593586.0,3593586.0,0.0
1783026000,3501205.0,3501205.0,3501205.0,3501205.0,0.00583659
1783029600,3501205.0,3501205.0,3501205.0,3501205.0,0.04110451
1783033200,3501205.0,3591975.0,3475000.0,3591955.0,0.4913091
1783036800,3591794.0,3591794.0,3591794.0,3591794.0,0.00543488
1783040400,3591633.0,3591633.0,3591633.0,3591633.0,0.00277283
1783044000,3475350.0,3475395.0,3475000.0,3475000.0,0.16164054
1783047600,3476000.0,3529916.0,3476000.0,3529916.0,0.07174616
1783051200,3592960.0,3592960.0,3592960.0,3592960.0,0.01385904
1783054800,3592701.0,3592701.0,3592701.0,3592701.0,0.13860101
1783058400,3592701.0,3592701.0,3592701.0,3592701.0,0.0
1783062000,3476780.0,3476780.0,3476780.0,3476780.0,0.00535293
1783065600,3476780.0,3476780.0,3476780.0,3476780.0,0.0
1783069200,3589999.0,3589999.0,3589999.0,3589999.0,0.00277409
1783072800,3584000.0,3585000.0,3584000.0,3585000.0,0.27780428
1783076400,3583612.0,3583612.0,3583612.0,3583612.0,0.00277903
1783080000,3582727.0,3582727.0,3478129.0,3478129.0,0.03236117
1783083600,3479012.0,3581998.0,3479011.0,3581998.0,0.46000916
1783087200,3527745.0,3527749.0,3527745.0,3527749.0,0.05671747
1783090800,3479115.0,3528914.0,3479115.0,3528914.0,0.22382278
1783094400,3527499.0,3527499.0,3527499.0,3527499.0,0.00705797
1783098000,3549226.0,3549226.0,3479129.0,3479129.0,0.03218133
1783101600,3518836.0,3518836.0,3518836.0,3518836.0,0.00359749
1783105200,3518836.0,3518836.0,3518836.0,3518836.0,0.0
1783108800,3519232.0,3519232.0,3519232.0,3519232.0,0.04222597
1783112400,3520857.0,3522942.0,3513694.0,3513694.0,0.2855769
1783116000,3513694.0,3513694.0,3513694.0,3513694.0,0.00555569
1783119600,3510212.0,3510212.0,3510212.0,3510212.0,0.0056743
1783123200,3510211.0,3510211.0,3479129.0,3479129.0,0.0311996
1783126800,3479129.0,3479129.0,3479125.0,3479125.0,0.5362221
1783130400,3479125.0,3479125.0,3479125.0,3479125.0,0.0
1783134000,3480008.0,3516770.0,3480008.0,3516770.0,0.0194307
1783137600,3536410.0,3536410.0,3536410.0,3536410.0,0.00309749
1783141200,3536410.0,3536410.0,3536410.0,3536410.0,0.0
1783144800,3520387.0,3536407.0,3520387.0,3536399.0,0.10040446
1783148400,3536033.0,3536033.0,3480016.0,3480016.0,0.00908164
1783152000,3535469.0,3535469.0,3480039.0,3480039.0,0.03738194
1783155600,3480039.0,3480039.0,3480039.0,3480039.0,0.0
1783159200,3523879.0,3536401.0,3480043.0,3536401.0,0.03572478
1783162800,3518089.0,3518089.0,3480039.0,3480039.0,0.00865029
1783166400,3480012.0,3480012.0,3480012.0,3480012.0,0.00573629
1783170000,3480016.0,3480016.0,3480012.0,3480012.0,0.08158875
1783173600,3480012.0,3480012.0,3480012.0,3480012.0,0.0
1783177200,3480012.0,3480012.0,3480012.0,3480012.0,0.0
1783180800,3514254.0,3527592.0,3480012.0,3527585.0,0.25060205
1783184400,3527005.0,3527005.0,3527005.0,3527005.0,0.00989451
1783188000,3527005.0,3527005.0,3527005.0,3527005.0,0.0
1783191600,3527005.0,3527005.0,3527005.0,3527005.0,0.0
1783195200,3577866.0,3577866.0,3577866.0,3577866.0,0.07871172
1783198800,3577866.0,3577866.0,3577866.0,3577866.0,0.0
1783202400,3578814.0,3578814.0,3480012.0,3480012.0,0.02955405
1783206000,3576719.0,3578822.0,3576719.0,3578822.0,0.27887994
1783209600,3482004.0,3482004.0,3482004.0,3482004.0,0.06968171
1783213200,3482004.0,3575831.0,3482004.0,3575831.0,0.13635883
1783216800,3575300.0,3575300.0,3575300.0,3575300.0,0.13927558
1783220400,3575139.0,3575139.0,3483000.0,3574956.0,0.31916432
1783224000,3574956.0,3574956.0,3574956.0,3574956.0,0.0
1783227600,3573770.0,3573770.0,3573739.0,3573739.0,0.07936577
1783231200,3573288.0,3573288.0,3483104.0,3483104.0,0.01369982
1783234800,3572522.0,3572522.0,3483104.0,3483104.0,0.10588308
1783238400,3573926.0,3573926.0,3573926.0,3573926.0,0.00573347
1783242000,3483104.0,3573614.0,3483100.0,3573567.0,0.03226055
1783245600,3573190.0,3573190.0,3573190.0,3573190.0,0.01932083
1783249200,3573190.0,3573190.0,3573190.0,3573190.0,0.0
1783252800,3480016.0,3570899.0,3480016.0,3480016.0,0.09285368
1783256400,3570711.0,3570715.0,3570711.0,3570715.0,0.11223142
1783260000,3569969.0,3569992.0,3481104.0,3481104.0,0.13829835
1783263600,3569927.0,3569927.0,3481204.0,3568970.0,0.04987563
1783267200,3568970.0,3568970.0,3568970.0,3568970.0,0.0
1783270800,3567939.0,3567939.0,3567873.0,3567873.0,0.01140413
1783274400,3567873.0,3567873.0,3567873.0,3567873.0,0.0
1783278000,3567873.0,3567873.0,3567873.0,3567873.0,0.0
1783281600,3567873.0,3567873.0,3567873.0,3567873.0,0.0
1783285200,3567873.0,3567873.0,3567873.0,3567873.0,0.0
1783288800,3567873.0,3567873.0,3567873.0,3567873.0,0.0
1783292400,3481211.0,3565055.0,3481211.0,3565055.0,0.02549113
1783296000,3565055.0,3565055.0,3565055.0,3565055.0,0.0
1783299600,3565055.0,3565055.0,3565055.0,3565055.0,0.0
1783303200,3554730.0,3554730.0,3482000.0,3482000.0,0.02021905
1783306800,3482000.0,3554694.0,3480012.0,3480012.0,0.24411274
1783310400,3480012.0,3480012.0,3480012.0,3480012.0,0.0
1783314000,3480012.0,3480012.0,3480012.0,3480012.0,0.0
1783317600,3549021.0,3549021.0,3549021.0,3549021.0,0.00280612
1783321200,3549021.0,3549021.0,3549021.0,3549021.0,0.0
1783324800,3515012.0,3549838.0,3515012.0,3549838.0,0.03915974
1783328400,3549975.0,3550000.0,3515012.0,3515012.0,0.05925932
1783332000,3515012.0,3515012.0,3515012.0,3515012.0,0.0
1783335600,3515012.0,3515012.0,3515012.0,3515012.0,0.01199676
1783339200,3549366.0,3549366.0,3515012.0,3515012.0,0.05370713
1783342800,3539976.0,3539976.0,3539976.0,3539976.0,0.00281329
1783346400,3539976.0,3539976.0,3539976.0,3539976.0,0.0
1783350000,3539976.0,3539976.0,3539976.0,3539976.0,0.0
1783353600,3515012.0,3515012.0,3515012.0,3515012.0,0.03519597
1783357200,3515012.0,3515012.0,3515012.0,3515012.0,0.00780941
1783360800,3538876.0,3538876.0,3538876.0,3538876.0,0.00471788
1783364400,3538876.0,3538876.0,3538876.0,3538876.0,0.0
1783368000,3538876.0,3538876.0,3538876.0,3538876.0,0.0
1783371600,3538876.0,3538876.0,3538876.0,3538876.0,0.0
1783375200,3538876.0,3538876.0,3538876.0,3538876.0,0.0
1783378800,3538876.0,3538876.0,3538876.0,3538876.0,0.0
1783382400,3515012.0,3515012.0,3515012.0,3515012.0,0.031638
1783386000,3537994.0,3537994.0,3519986.0,3519986.0,0.0904636
1783389600,3515012.0,3515012.0,3515012.0,3515012.0,0.13308947
1783393200,3515012.0,3515012.0,3515012.0,3515012.0,0.0
1783396800,3515012.0,3515012.0,3515012.0,3515012.0,0.0
1783400400,3518927.0,3518927.0,3480012.0,3480012.0,0.02734636
1783404000,3480012.0,3514966.0,3480012.0,3514966.0,0.05543406
1783407600,3480012.0,3480012.0,3480012.0,3480012.0,0.01668491
1783411200,3513986.0,3513986.0,3513986.0,3513986.0,0.06291743
1783414800,3513811.0,3513811.0,3513811.0,3513811.0,0.02640096
1783418400,3509946.0,3509980.0,3480012.0,3480012.0,0.10028689
1783422000,3480012.0,3480012.0,3475000.0,3475000.0,2.71411897
1783425600,3489931.0,3489931.0,3489931.0,3489931.0,0.0285934
1783429200,3489889.0,3489909.0,3475000.0,3475000.0,0.05311016
1783432800,3475000.0,3475000.0,3469933.0,3469933.0,0.39288664
1783436400,3475000.0,3475000.0,3475000.0,3475000.0,0.01578127
1783440000,3489920.0,3489920.0,3489920.0,3489920.0,1.0
1783443600,3489920.0,3489920.0,3489920.0,3489920.0,0.0
1783447200,3489920.0,3489920.0,3489920.0,3489920.0,0.0
1783450800,3489920.0,3489920.0,3489920.0,3489920.0,0.0
1783454400,3489920.0,3489920.0,3489920.0,3489920.0,0.0
1783458000,3489920.0,3489920.0,3489920.0,3489920.0,0.0
1783461600,3489920.0,3489920.0,3489920.0,3489920.0,0.0
1783465200,3489920.0,3519705.0,3489920.0,3519705.0,0.03385307
1783468800,3519705.0,3519705.0,3519705.0,3519705.0,0.0
1783472400,3519705.0,3566425.0,3519705.0,3566425.0,0.94175871
1783476000,3476097.0,3476097.0,3475835.0,3475835.0,0.94175871
1783479600,3566281.0,3566281.0,3475932.0,3565569.0,0.03947672
1783483200,3476705.0,3476705.0,3476705.0,3476705.0,0.00655603
1783486800,3476705.0,3476705.0,3476705.0,3476705.0,0.0
1783490400,3565445.0,3565445.0,3565000.0,3565000.0,0.04075924
1783494000,3565000.0,3565000.0,3565000.0,3565000.0,0.03368499
1783497600,3565000.0,3565100.0,3479333.0,3479333.0,0.45392658
1783501200,3479333.0,3479333.0,3478905.0,3478905.0,0.13927558
1783504800,3478905.0,3478905.0,3478905.0,3478905.0,0.01385904
1783508400,3479905.0,3479905.0,3479905.0,3479905.0,0.04271652
1783512000,3475952.0,3475952.0,3475952.0,3475952.0,0.30172022
1783515600,3559555.0,3559555.0,3559555.0,3559555.0,0.03346906
1783519200,3477245.0,3559550.0,3475000.0,3475000.0,2.80147758
1783522800,3559000.0,3559000.0,3559000.0,3559000.0,0.03220651
1783526400,3559000.0,3566425.0,3559000.0,3566425.0,0.46396636
1783530000,3578822.0,3592676.0,3578822.0,3592676.0,0.37274703
1783533600,3592676.0,3653000.0,3592676.0,3653000.0,0.22503854
1783537200,3641078.0,3641078.0,3639573.0,3639573.0,0.04507932
1783540800,3653000.0,3653000.0,3620023.0,3652996.0,0.01351181
1783544400,3652996.0,3652996.0,3652996.0,3652996.0,0.03137068
1783548000,3620023.0,3652996.0,3620023.0,3620023.0,0.0113027
1783551600,3653000.0,3653000.0,3653000.0,3653000.0,0.00974459
1783555200,3653000.0,3653000.0,3653000.0,3653000.0,0.0
1783558800,3653000.0,3653000.0,3653000.0,3653000.0,0.01292526
1783562400,3653000.0,3653000.0,3620023.0,3653000.0,0.24145058
1783566000,3620023.0,3620023.0,3600426.0,3600426.0,0.1930523
1783569600,3600426.0,3653000.0,3600426.0,3600430.0,0.10179367
1783573200,3653000.0,3653000.0,3600454.0,3600454.0,0.3096034
1783576800,3600464.0,3600464.0,3600464.0,3600464.0,0.13874578
1783580400,3652995.0,3653000.0,3652995.0,3653000.0,0.54866324
1783584000,3653000.0,3654842.0,3653000.0,3654842.0,0.04043552
1783587600,3654842.0,3675000.0,3654842.0,3675000.0,0.09820776
1783591200,3675000.0,3675000.0,3601015.0,3601015.0,0.05173934
1783594800,3675000.0,3697989.0,3675000.0,3697989.0,0.7872566
1783598400,3697989.0,3697989.0,3697989.0,3697989.0,0.04860587
1783602000,3601023.0,3694958.0,3601023.0,3601023.0,0.0904197
1783605600,3694916.0,3694916.0,3601019.0,3601019.0,0.90236939
1783609200,3601023.0,3694524.0,3601023.0,3694524.0,0.04230593
1783612800,3689850.0,3689850.0,3601023.0,3601023.0,0.05497269
1783616400,3601023.0,3601023.0,3601023.0,3601023.0,0.00801754
1783620000,3690000.0,3690000.0,3690000.0,3690000.0,0.00507913
1783623600,3690000.0,3693979.0,3690000.0,3693979.0,0.24602218
1783627200,3693979.0,3693979.0,3693979.0,3693979.0,0.0
1783630800,3689636.0,3689636.0,3689636.0,3689636.0,0.02704575
1783634400,3689636.0,3689636.0,3689636.0,3689636.0,0.0
1783638000,3689096.0,3689096.0,3689014.0,3689047.0,0.63502922
1783641600,3688859.0,3688859.0,3601508.0,3601508.0,0.01499888
1783645200,3601508.0,3601508.0,3601508.0,3601508.0,0.0
1783648800,3601508.0,3601508.0,3601508.0,3601508.0,0.02606789
1783652400,3687992.0,3687992.0,3601516.0,3601516.0,0.023041
1783656000,3687611.0,3687611.0,3687611.0,3687611.0,0.01999939
1783659600,3601533.0,3601533.0,3600423.0,3600427.0,0.261943
1783663200,3600427.0,3600427.0,3600427.0,3600427.0,0.0
1783666800,3600427.0,3600427.0,3600427.0,3600427.0,0.0
1783670400,3600427.0,3600427.0,3600427.0,3600427.0,0.0
1783674000,3600431.0,3667582.0,3600431.0,3667582.0,0.23334447
1783677600,3667369.0,3667369.0,3659956.0,3659956.0,0.16157884
1783681200,3600426.0,3659710.0,3600422.0,3600422.0,0.04591409
1783684800,3659478.0,3659478.0,3658860.0,3658860.0,0.01121394
1783688400,3658557.0,3687633.0,3541696.0,3687633.0,2.02578645
1783692000,3697989.0,3700000.0,3541877.0,3699996.0,3.42162932
1783695600,3699988.0,3736562.0,3542001.0,3736562.0,1.33884043
1783699200,3736562.0,3736563.0,3541984.0,3541984.0,0.1603623
1783702800,3541984.0,3541984.0,3541984.0,3541984.0,0.0
1783706400,3541984.0,3541984.0,3541984.0,3541984.0,0.0
1783710000,3541984.0,3541984.0,3541984.0,3541984.0,0.0
1783713600,3541984.0,3541984.0,3541984.0,3541984.0,0.0
1783717200,3541984.0,3541984.0,3541984.0,3541984.0,0.0
1783720800,3682140.0,3736562.0,3682140.0,3736562.0,0.05569942
1783724400,3736562.0,3736562.0,3736562.0,3736562.0,0.0
1783728000,3736562.0,3783739.0,3584911.0,3584911.0,0.15900416
1783731600,3684918.0,3821230.0,3480000.0,3480000.0,3.58846137
1783735200,3500125.0,3789998.0,3500018.0,3789998.0,0.02373571
1783738800,3789997.0,3789997.0,3779955.0,3779968.0,0.15499457
1783742400,3500290.0,3779000.0,3500149.0,3779000.0,0.06316892
1783746000,3779004.0,3779004.0,3700352.0,3700352.0,0.27602831
1783749600,3778976.0,3778978.0,3700352.0,3700352.0,0.07352444
1783753200,3700352.0,3700352.0,3700352.0,3700352.0,0.0
1783756800,3700352.0,3700352.0,3700352.0,3700352.0,0.0
1783760400,3700369.0,3779796.0,3500370.0,3779796.0,1.94727778
1783764000,3779796.0,3779796.0,3779796.0,3779796.0,0.00504868
1783767600,3779792.0,3779792.0,3700509.0,3779784.0,0.04188734
1783771200,3705012.0,3779780.0,3505006.0,3779746.0,0.09396342
1783774800,3779746.0,3779746.0,3520050.0,3609693.0,0.33456928
1783778400,3730013.0,3730013.0,3730013.0,3730013.0,0.0157541
1783782000,3719333.0,3779724.0,3530207.0,3679649.0,0.58949956
1783785600,3729133.0,3729133.0,3729133.0,3729133.0,0.00668975
1783789200,3651002.0,3729132.0,3651002.0,3729132.0,0.01281266
1783792800,3729132.0,3729132.0,3531011.0,3553809.0,0.05733458
1783796400,3589734.0,3625659.0,3589734.0,3625659.0,0.00952493
1783800000,3625659.0,3625659.0,3625659.0,3625659.0,0.0
1783803600,3535994.0,3535995.0,3535994.0,3535995.0,0.00961544
1783807200,3535995.0,3535995.0,3535995.0,3535995.0,0.0
1783810800,3625659.0,3679115.0,3625659.0,3679115.0,0.02723079
1783814400,3679115.0,3679115.0,3679115.0,3679115.0,0.1137634
1783818000,3679115.0,3679115.0,3679115.0,3679115.0,0.0
1783821600,3679100.0,3679100.0,3679100.0,3679100.0,0.00624853
1783825200,3556214.0,3729000.0,3556214.0,3729000.0,0.43422303
1783828800,3556248.0,3728998.0,3556248.0,3728998.0,0.0454969
1783832400,3728997.0,3728998.0,3728997.0,3728998.0,0.00879941
1783836000,3600303.0,3728998.0,3600303.0,3728998.0,0.0168361
1783839600,3600303.0,3733434.0,3558482.0,3733434.0,1.99021233
1783843200,3561558.0,3733432.0,3561558.0,3733432.0,0.26708195
1783846800,3633427.0,3633427.0,3633427.0,3633427.0,0.01449621
1783850400,3633427.0,3633427.0,3633427.0,3633427.0,0.0
1783854000,3733432.0,3733432.0,3733432.0,3733432.0,0.00380668
1783857600,3583019.0,3585121.0,3583019.0,3585121.0,0.05509401
1783861200,3733430.0,3769359.0,3733430.0,3769359.0,0.30037109
1783864800,3769359.0,3779750.0,3769359.0,3779750.0,0.13316132
1783868400,3779750.0,3779750.0,3779750.0,3779750.0,0.18701076
1783872000,3700000.0,3779749.0,3656764.0,3779749.0,0.02460643
1783875600,3661389.0,3779748.0,3661388.0,3779748.0,0.01977432
1783879200,3779748.0,3779748.0,3661389.0,3661389.0,0.007083
1783882800,3779748.0,3779748.0,3779748.0,3779748.0,0.00295734
1783886400,3779748.0,3779748.0,3779748.0,3779748.0,0.0
1783890000,3779748.0,3779748.0,3779748.0,3779748.0,0.00327541
1783893600,3779748.0,3779748.0,3779748.0,3779748.0,0.03254549
1783897200,3779744.0,3852169.0,3661388.0,3852029.0,2.37942932
1783900800,3851746.0,3851746.0,3661405.0,3851594.0,0.15284132
1783904400,3661992.0,3661992.0,3642680.0,3642680.0,2.23541011
1783908000,3634459.0,3634459.0,3634459.0,3634459.0,0.01683473
1783911600,3669487.0,3768086.0,3669487.0,3767008.0,0.04342493
1783915200,3763048.0,3763048.0,3600843.0,3760998.0,0.1001187
1783918800,3760998.0,3760998.0,3760998.0,3760998.0,0.0
1783922400,3738002.0,3738002.0,3738002.0,3738002.0,0.0183368
1783926000,3737000.0,3737000.0,3609705.0,3735999.0,0.06412127
1783929600,3609807.0,3609851.0,3609806.0,3609851.0,0.01837563
1783933200,3726009.0,3726010.0,3726009.0,3726010.0,0.0750618
1783936800,3610101.0,3725004.0,3610101.0,3680117.0,0.17498792
1783940400,3680117.0,3680117.0,3680117.0,3680117.0,0.0
1783944000,3720009.0,3720010.0,3720002.0,3720002.0,0.02000157
1783947600,3719010.0,3737010.0,3680127.0,3680127.0,0.37319638
1783951200,3680127.0,3680127.0,3680127.0,3680127.0,0.0
1783954800,3734996.0,3734996.0,3637191.0,3637191.0,0.00784136
1783958400,3734996.0,3734996.0,3734996.0,3734996.0,0.05686351
1783962000,3730210.0,3730210.0,3730210.0,3730210.0,0.00668782
1783965600,3727520.0,3727520.0,3637190.0,3727465.0,0.0872536
1783969200,3705849.0,3705849.0,3705849.0,3705849.0,0.00419689
1783972800,3705849.0,3705849.0,3705849.0,3705849.0,0.0
1783976400,3705849.0,3705849.0,3705849.0,3705849.0,0.0
1783980000,3705849.0,3705849.0,3705849.0,3705849.0,0.0
1783983600,3705849.0,3705849.0,3705849.0,3705849.0,0.00253499
1783987200,3666403.0,3666403.0,3666403.0,3666403.0,0.00504868
1783990800,3705746.0,3705746.0,3666403.0,3666404.0,0.01820868
1783994400,3666404.0,3666404.0,3666404.0,3666404.0,0.0
1783998000,3666403.0,3666403.0,3666403.0,3666403.0,0.37500421
1784001600,3704801.0,3704996.0,3637264.0,3704495.0,1.1400564
1784005200,3677939.0,3677939.0,3677939.0,3677939.0,0.04043552
1784008800,3677943.0,3677943.0,3677943.0,3677943.0,0.00417312
1784012400,3677943.0,3677943.0,3677943.0,3677943.0,0.0
1784016000,3703996.0,3703996.0,3703996.0,3703996.0,0.00268871
1784019600,3703996.0,3703996.0,3703996.0,3703996.0,0.0
1784023200,3677939.0,3677939.0,3677939.0,3677939.0,0.00813897
1784026800,3677939.0,3677939.0,3677939.0,3677939.0,0.0
1784030400,3703492.0,3703492.0,3703492.0,3703492.0,0.00421737
1784034000,3716458.0,3716458.0,3677939.0,3677939.0,0.20500009
1784037600,3677939.0,3677939.0,3677939.0,3677939.0,0.0
1784041200,3709000.0,3709000.0,3671036.0,3671036.0,0.03593684
1784044800,3716436.0,3716436.0,3716436.0,3716436.0,0.12422411
1784048400,3759991.0,3759991.0,3759991.0,3759991.0,0.00663485
1784052000,3759991.0,3763041.0,3759991.0,3763041.0,0.18323461
1784055600,3763041.0,3763041.0,3763041.0,3763041.0,0.0
1784059200,3763041.0,3763041.0,3763041.0,3763041.0,0.00529305
1784062800,3763041.0,3763041.0,3763041.0,3763041.0,0.0
1784066400,3760500.0,3763042.0,3760500.0,3763042.0,2.35900001
1784070000,3763050.0,3772903.0,3669949.0,3672904.0,0.70199743
1784073600,3790126.0,3790126.0,3790126.0,3790126.0,0.01379371
1784077200,3790126.0,3790126.0,3790126.0,3790126.0,0.0
1784080800,3790126.0,3790126.0,3790126.0,3790126.0,0.0
1784084400,3790126.0,3790126.0,3790126.0,3790126.0,0.0
1784088000,3790124.0,3790124.0,3790124.0,3790124.0,0.10018221
1784091600,3790124.0,3808900.0,3790124.0,3790130.0,1.42019851
1784095200,3849995.0,3849995.0,3849995.0,3849995.0,0.0036039
1784098800,3790526.0,3849995.0,3790526.0,3790526.0,0.05390633
1784102400,3706645.0,3844527.0,3706645.0,3742987.0,0.01445849
1784106000,3742987.0,3742987.0,3742987.0,3742987.0,0.0
1784109600,3742987.0,3742987.0,3742987.0,3742987.0,0.0
1784113200,3707918.0,3707922.0,3707918.0,3707922.0,0.10543394
1784116800,3707950.0,3707950.0,3707950.0,3707950.0,0.55829932
1784120400,3789999.0,3790000.0,3789890.0,3789890.0,0.0420149
1784124000,3789870.0,3789870.0,3707911.0,3707912.0,0.06949181
1784127600,3707912.0,3707912.0,3707911.0,3707911.0,0.80186261
1784131200,3765771.0,3765771.0,3765771.0,3765771.0,0.00905312
1784134800,3788845.0,3788845.0,3707002.0,3707002.0,0.0145857
1784138400,3788860.0,3788860.0,3788860.0,3788860.0,0.0988218
1784142000,3707002.0,3707002.0,3690526.0,3690526.0,0.04515774
1784145600,3690526.0,3690526.0,3690526.0,3690526.0,0.0
1784149200,3788800.0,3788800.0,3788800.0,3788800.0,0.01314268
1784152800,3788800.0,3788800.0,3788800.0,3788800.0,0.0
1784156400,3788800.0,3788800.0,3788800.0,3788800.0,0.0
1784160000,3788700.0,3788700.0,3788700.0,3788700.0,0.58933735
1784163600,3788700.0,3788700.0,3788700.0,3788700.0,0.0
1784167200,3788600.0,3788600.0,3691993.0,3691993.0,0.02867623
1784170800,3788600.0,3838999.0,3788600.0,3838951.0,0.71855542
1784174400,3838985.0,3838985.0,3838985.0,3838985.0,0.00259417
1784178000,3838751.0,3838751.0,3838751.0,3838751.0,0.00759413
1784181600,3838751.0,3838751.0,3838751.0,3838751.0,0.0
1784185200,3793589.0,3794000.0,3793589.0,3794000.0,0.28783887
1784188800,3794996.0,3794996.0,3794096.0,3794996.0,0.04532258
1784192400,3693917.0,3693917.0,3693917.0,3693917.0,0.00273093
1784196000,3794005.0,3794875.0,3693921.0,3794875.0,0.11713941
1784199600,3791269.0,3791269.0,3791269.0,3791269.0,0.00262682
1784203200,3791125.0,3791125.0,3791125.0,3791125.0,0.00279442
1784206800,3695541.0,3789081.0,3695541.0,3789081.0,0.14471808
1784210400,3770005.0,3770005.0,3695510.0,3695909.0,0.10702728
1784214000,3695909.0,3750480.0,3695909.0,3750480.0,0.02277654
1784217600,3750480.0,3750480.0,3748795.0,3748795.0,0.03124787
1784221200,3695915.0,3750480.0,3695915.0,3695915.0,0.0435533
1784224800,3695915.0,3695915.0,3695915.0,3695915.0,0.0
1784228400,3749999.0,3749999.0,3749999.0,3749999.0,0.00904826
1784232000,3749999.0,3749999.0,3749999.0,3749999.0,0.0
1784235600,3749653.0,3749653.0,3749653.0,3749653.0,0.31871909
1784239200,3749653.0,3749653.0,3749653.0,3749653.0,0.0
1784242800,3695915.0,3695915.0,3693916.0,3693916.0,0.17230663
1784246400,3693916.0,3693916.0,3650000.0,3650000.0,1.21294993
1784250000,3650000.0,3650000.0,3650000.0,3650000.0,0.01015481
1784253600,3650004.0,3650004.0,3590121.0,3590121.0,0.21511593
1784257200,3590012.0,3705480.0,3590012.0,3590042.0,0.12324312
1784260800,3684397.0,3684398.0,3681606.0,3681606.0,0.40965215
1784264400,3590925.0,3667659.0,3590034.0,3667657.0,0.04225573
1784268000,3667657.0,3667657.0,3667657.0,3667657.0,0.0
1784271600,3590048.0,3641341.0,3590048.0,3590052.0,0.01463239
1784275200,3649470.0,3649470.0,3649470.0,3649470.0,0.00446201
1784278800,3590052.0,3650487.0,3590025.0,3590035.0,0.05350609
1784282400,3590035.0,3590035.0,3590035.0,3590035.0,0.0
1784286000,3591000.0,3658878.0,3590032.0,3590035.0,0.6434451
1784289600,3590035.0,3590035.0,3590035.0,3590035.0,0.0
1784293200,3590042.0,3590042.0,3590042.0,3590042.0,0.00372679
1784296800,3590042.0,3590042.0,3590042.0,3590042.0,0.0
1784300400,3590042.0,3590042.0,3590042.0,3590042.0,0.0
1784304000,3590042.0,3590042.0,3590042.0,3590042.0,0.0
1784307600,3693916.0,3695889.0,3693916.0,3695889.0,0.02825068
1784311200,3697659.0,3697659.0,3687847.0,3687852.0,0.03975454
1784314800,3687852.0,3687852.0,3687852.0,3687852.0,0.0
1784318400,3687852.0,3687852.0,3687852.0,3687852.0,0.0
1784322000,3687852.0,3687852.0,3687852.0,3687852.0,0.0
1784325600,3669105.0,3669105.0,3669105.0,3669105.0,0.00271428
1784329200,3669105.0,3669105.0,3669105.0,3669105.0,0.00271428
1784332800,3590961.0,3590961.0,3590961.0,3590961.0,0.04371911
1784336400,3676596.0,3676596.0,3676596.0,3676596.0,0.01007344
1784340000,3676596.0,3676596.0,3676596.0,3676596.0,0.0
1784343600,3676596.0,3676596.0,3676596.0,3676596.0,0.0
1784347200,3590961.0,3700000.0,3590961.0,3700000.0,0.03074824
1784350800,3591100.0,3700000.0,3591100.0,3700000.0,0.0681472
1784354400,3700000.0,3700000.0,3700000.0,3700000.0,0.0
1784358000,3591304.0,3699996.0,3591304.0,3699996.0,0.03253793
1784361600,3660634.0,3700000.0,3591300.0,3591300.0,0.01070819
1784365200,3591500.0,3591500.0,3591500.0,3591500.0,0.00576012
1784368800,3656478.0,3656478.0,3656478.0,3656478.0,0.0152346
1784372400,3656478.0,3656478.0,3656478.0,3656478.0,0.0
1784376000,3658092.0,3658092.0,3657820.0,3657820.0,0.00898437
1784379600,3591750.0,3591750.0,3591750.0,3591750.0,0.01286114
1784383200,3658965.0,3658965.0,3658955.0,3658955.0,0.01613109
1784386800,3658955.0,3658955.0,3658955.0,3658955.0,0.0
1784390400,3656944.0,3656944.0,3656944.0,3656944.0,0.01316317
1784394000,3657014.0,3657014.0,3657014.0,3657014.0,0.08079433
1784397600,3657014.0,3657014.0,3592063.0,3592063.0,0.00599066
1784401200,3657014.0,3657014.0,3657014.0,3657014.0,0.01364337
1784404800,3657014.0,3657014.0,3657014.0,3657014.0,0.01286454
1784408400,3657014.0,3657014.0,3657014.0,3657014.0,0.0
1784412000,3657014.0,3657014.0,3657014.0,3657014.0,0.0
1784415600,3657014.0,3657014.0,3657014.0,3657014.0,0.01714573
1784419200,3592150.0,3592150.0,3592150.0,3592150.0,0.02704575
1784422800,3655932.0,3655932.0,3655932.0,3655932.0,0.00272406
1784426400,3655932.0,3655932.0,3655932.0,3655932.0,0.0
1784430000,3656478.0,3656478.0,3656478.0,3656478.0,0.00702178
1784433600,3657280.0,3657280.0,3657280.0,3657280.0,0.1368167
1784437200,3655909.0,3655909.0,3655909.0,3655909.0,0.02015832
1784440800,3655909.0,3655909.0,3655909.0,3655909.0,0.0
1784444400,3592655.0,3654309.0,3483067.0,3654309.0,2.96238656
1784448000,3484556.0,3532000.0,3483971.0,3521969.0,0.09369359
1784451600,3658820.0,3658820.0,3484709.0,3484709.0,0.32407215
1784455200,3484709.0,3484709.0,3484709.0,3484709.0,0.0
1784458800,3648979.0,3648982.0,3648979.0,3648982.0,0.05374514
1784462400,3558492.0,3558492.0,3558492.0,3558492.0,0.04090954
1784466000,3648089.0,3648098.0,3648089.0,3648098.0,0.19808801
1784469600,3648098.0,3648098.0,3648093.0,3648093.0,0.01394973
1784473200,3647991.0,3647991.0,3647991.0,3647991.0,0.00959595
1784476800,3569839.0,3644984.0,3559830.0,3644984.0,0.4090579
1784480400,3644980.0,3644980.0,3644492.0,3644492.0,0.00546486
1784484000,3644492.0,3644492.0,3644492.0,3644492.0,0.0
1784487600,3644492.0,3644492.0,3644492.0,3644492.0,0.0
1784491200,3644492.0,3644492.0,3644492.0,3644492.0,0.0
1784494800,3644492.0,3644492.0,3644492.0,3644492.0,0.0
1784498400,3644496.0,3644496.0,3644496.0,3644496.0,0.27927482
1784502000,3644400.0,3644400.0,3644400.0,3644400.0,0.00546537
1784505600,3577507.0,3577507.0,3577507.0,3577507.0,0.00508347
1784509200,3643995.0,3643995.0,3643995.0,3643995.0,0.01197367
1784512800,3577755.0,3643976.0,3577754.0,3643976.0,0.03598981
1784516400,3643976.0,3643976.0,3643976.0,3643976.0,0.02098861
1784520000,3594033.0,3643981.0,3594033.0,3643981.0,0.04880653
1784523600,3643900.0,3643900.0,3643900.0,3643900.0,0.10826175
1784527200,3643900.0,3643900.0,3643900.0,3643900.0,0.0
1784530800,3604025.0,3604025.0,3505000.0,3505000.0,0.33436893
1784534400,3643790.0,3643795.0,3515596.0,3515596.0,0.82981616
1784538000,3515723.0,3643794.0,3515723.0,3643794.0,0.01030467
1784541600,3515768.0,3515768.0,3515767.0,3515767.0,0.03415361
1784545200,3643794.0,3699996.0,3643794.0,3644984.0,0.72589512
1784548800,3699892.0,3699892.0,3644984.0,3644984.0,0.38480523
1784552400,3699790.0,3699790.0,3644988.0,3644988.0,0.03498794
1784556000,3665003.0,3670203.0,3549039.0,3549039.0,0.22288048
1784559600,3570201.0,3690000.0,3570201.0,3690000.0,0.28361644
1784563200,3589995.0,3689996.0,3589995.0,3689995.0,0.02623101
1784566800,3680556.0,3680978.0,3521542.0,3680978.0,0.15691473
1784570400,3631614.0,3631614.0,3521599.0,3521599.0,0.01244876
1784574000,3521658.0,3521658.0,3521658.0,3521658.0,0.00554549
1784577600,3660234.0,3660234.0,3660234.0,3660234.0,0.00681568
1784581200,3663533.0,3663533.0,3663533.0,3663533.0,0.27184278
1784584800,3663533.0,3663533.0,3663533.0,3663533.0,0.0
1784588400,3661017.0,3669121.0,3523623.0,3669121.0,0.03250106
1784592000,3625765.0,3670855.0,3625765.0,3670855.0,0.0447832
1784595600,3625792.0,3673034.0,3625792.0,3673034.0,0.03122201
1784599200,3673034.0,3673034.0,3673034.0,3673034.0,0.0
1784602800,3625792.0,3625793.0,3525770.0,3525770.0,0.01519205
1784606400,3525770.0,3525770.0,3525770.0,3525770.0,0.0
1784610000,3525770.0,3525770.0,3525770.0,3525770.0,0.0
1784613600,3525770.0,3525770.0,3525770.0,3525770.0,0.0
1784617200,3637502.0,3693824.0,3637502.0,3693215.0,0.94000159
1784620800,3699967.0,3699996.0,3699896.0,3699996.0,0.02391264
1784624400,3679269.0,3699996.0,3679269.0,3699996.0,0.0053818
1784628000,3699996.0,3699996.0,3699996.0,3699996.0,0.0
1784631600,3699996.0,3699996.0,3699996.0,3699996.0,0.0
1784635200,3699824.0,3700000.0,3699824.0,3700000.0,0.80910877
1784638800,3700000.0,3729000.0,3700000.0,3727996.0,0.35936783
1784642400,3670671.0,3705080.0,3637506.0,3637506.0,0.34842821
1784646000,3637610.0,3726928.0,3637610.0,3726928.0,0.05817156
1784649600,3722466.0,3722466.0,3704148.0,3706904.0,0.23962508
1784653200,3659376.0,3659376.0,3659376.0,3659376.0,0.00805981
1784656800,3725410.0,3725410.0,3725410.0,3725410.0,0.00666074
1784660400,3689028.0,3689028.0,3689028.0,3689028.0,0.00437883
1784664000,3689028.0,3689028.0,3689028.0,3689028.0,0.0
1784667600,3686371.0,3686371.0,3685305.0,3685305.0,0.01419701
1784671200,3679295.0,3679295.0,3679295.0,3679295.0,0.13008728
1784674800,3726996.0,3728000.0,3726996.0,3728000.0,0.20037834
1784678400,3728000.0,3728000.0,3728000.0,3728000.0,0.0
1784682000,3728000.0,3728000.0,3728000.0,3728000.0,0.0
1784685600,3716393.0,3716393.0,3639155.0,3639155.0,0.01720542
1784689200,3714007.0,3714007.0,3639237.0,3713961.0,0.06616043
1784692800,3713961.0,3713961.0,3713961.0,3713961.0,0.0
1784696400,3638999.0,3850598.0,3638999.0,3850598.0,2.41496641
1784700000,3639003.0,3699860.0,3638999.0,3695332.0,0.04544988
1784703600,3850597.0,3850597.0,3639002.0,3639002.0,0.18381682
1784707200,3703643.0,3703643.0,3703643.0,3703643.0,0.00424851
1784710800,3639013.0,3639013.0,3639013.0,3639013.0,0.01147285
1784714400,3639008.0,3715756.0,3639008.0,3639018.0,0.12556384
1784718000,3703955.0,3703955.0,3639117.0,3639117.0,0.01928526
1784721600,3639504.0,3702303.0,3639504.0,3702303.0,0.01790305
1784725200,3639757.0,3702244.0,3639757.0,3702244.0,0.01732174
1784728800,3672936.0,3702244.0,3642032.0,3702244.0,1.43226137
1784732400,3720755.0,3796744.0,3632771.0,3632771.0,1.20014345
1784736000,3651588.0,3763459.0,3651588.0,3763459.0,0.03253691
1784739600,3763459.0,3838028.0,3763459.0,3838028.0,0.03011225
1784743200,3838028.0,3838028.0,3671666.0,3671666.0,0.0235313
1784746800,3837974.0,3838018.0,3671933.0,3674205.0,0.02812484
1784750400,3674205.0,3674205.0,3674205.0,3674205.0,0.0
1784754000,3674205.0,3674205.0,3674205.0,3674205.0,0.0
1784757600,3658889.0,3800166.0,3658886.0,3800166.0,0.07852844
1784761200,3805885.0,3805885.0,3659209.0,3659583.0,0.02341062
1784764800,3659583.0,3659583.0,3659583.0,3659583.0,0.0
1784768400,3805731.0,3805731.0,3701377.0,3805671.0,0.01494232
1784772000,3776214.0,3776214.0,3701330.0,3701330.0,0.05950335
1784775600,3701624.0,3701700.0,3701624.0,3701700.0,0.01903506
1784779200,3805710.0,3805710.0,3805710.0,3805710.0,0.00633968
1784782800,3702590.0,3702590.0,3702590.0,3702590.0,0.05213278
1784786400,3702762.0,3850598.0,3702762.0,3765751.0,8.76565018
1784790000,3815465.0,3815465.0,3754615.0,3754615.0,0.36064426
1784793600,3804952.0,3818092.0,3650007.0,3650007.0,0.38780168
1784797200,3777491.0,3778143.0,3773837.0,3773837.0,0.22286478
1784800800,3812027.0,3812027.0,3763043.0,3763043.0,0.01530319
1784804400,3764411.0,3812094.0,3661002.0,3747165.0,0.68704619
1784808000,3740283.0,3740283.0,3740283.0,3740283.0,0.02741085
1784811600,3793162.0,3793205.0,3670954.0,3757152.0,0.7326053
1784815200,3793197.0,3793197.0,3670990.0,3670990.0,0.04532377
1784818800,3758683.0,3772571.0,3758683.0,3772571.0,0.52996664
1784822400,3793185.0,3793189.0,3746664.0,3751347.0,0.17573175
1784826000,3751347.0,3751347.0,3751347.0,3751347.0,0.0
1784829600,3734244.0,3777507.0,3734244.0,3777507.0,0.0132283
1784833200,3717287.0,3717287.0,3717287.0,3717287.0,0.04771401
1784836800,3717287.0,3717287.0,3717287.0,3717287.0,0.0
1784840400,3717287.0,3717287.0,3717287.0,3717287.0,0.0
1784844000,3717287.0,3717287.0,3717287.0,3717287.0,0.0
1784847600,3717287.0,3717287.0,3717287.0,3717287.0,0.0
1784851200,3717287.0,3717287.0,3717287.0,3717287.0,0.0
1784854800,3770936.0,3770936.0,3770936.0,3770936.0,0.00397195
1784858400,3770936.0,3770936.0,3770936.0,3770936.0,0.0
1784862000,3671005.0,3749603.0,3671005.0,3749603.0,0.05728277
1784865600,3749039.0,3749039.0,3671011.0,3692713.0,0.01578813
1784869200,3789067.0,3793201.0,3700776.0,3793201.0,0.29722681
1784872800,3742676.0,3744518.0,3742676.0,3744518.0,1.98771104
1784876400,3744518.0,3744518.0,3744518.0,3744518.0,0.0
1784880000,3699880.0,3706695.0,3699880.0,3706695.0,0.02219997
1784883600,3706695.0,3706695.0,3706695.0,3706695.0,0.0
1784887200,3721616.0,3793197.0,3721616.0,3793197.0,0.01669334
1784890800,3793197.0,3793197.0,3713443.0,3793197.0,0.02156333
1784894400,3716632.0,3793183.0,3716632.0,3793183.0,0.03552399
1784898000,3792500.0,3792500.0,3792500.0,3792500.0,0.26076044
1784901600,3792400.0,3792400.0,3792400.0,3792400.0,0.00583878
1784905200,3722504.0,3792196.0,3677010.0,3792196.0,1.72406389
1784908800,3792196.0,3792196.0,3755687.0,3755687.0,0.06861073
1784912400,3740284.0,3744577.0,3740284.0,3744577.0,0.02060225
1784916000,3744577.0,3744577.0,3744577.0,3744577.0,0.0
1784919600,3744577.0,3744577.0,3744577.0,3744577.0,0.0
1784923200,3744577.0,3744577.0,3744577.0,3744577.0,0.0
1784926800,3744577.0,3744577.0,3744577.0,3744577.0,0.0
1784930400,3740284.0,3792046.0,3671010.0,3792046.0,2.00905809
1784934000,3790000.0,3790000.0,3789950.0,3789950.0,0.01624941
1784937600,3789936.0,3789936.0,3789936.0,3789936.0,0.00262774
1784941200,3789916.0,3789920.0,3671015.0,3671015.0,0.14921989
1784944800,3789898.0,3789909.0,3684294.0,3684294.0,0.72847761
1784948400,3672054.0,3672054.0,3672054.0,3672054.0,0.00314081
1784952000,3672054.0,3672054.0,3672054.0,3672054.0,0.0
1784955600,3692297.0,3789888.0,3692297.0,3692656.0,0.03161677
1784959200,3692656.0,3692656.0,3692656.0,3692656.0,0.0
1784962800,3789788.0,3789788.0,3789788.0,3789788.0,0.00530874
1784966400,3692664.0,3700000.0,3692656.0,3692656.0,0.03383094
1784970000,3692656.0,3692656.0,3692656.0,3692656.0,0.12260604
1784973600,3692656.0,3700000.0,3692656.0,3700000.0,0.01778916
1784977200,3700000.0,3700000.0,3700000.0,3700000.0,0.08034405
1784980800,3692656.0,3692656.0,3690874.0,3690874.0,0.55911547
1784984400,3700000.0,3700000.0,3700000.0,3700000.0,0.72190845
1784988000,3700000.0,3700000.0,3692830.0,3697632.0,0.09335944
1784991600,3700000.0,3700000.0,3700000.0,3700000.0,1.67420887
1784995200,3700000.0,3700000.0,3700000.0,3700000.0,0.09856648
1784998800,3696031.0,3696031.0,3671011.0,3671011.0,0.02468948
1785002400,3700000.0,3700000.0,3700000.0,3700000.0,0.06681972
1785006000,3671012.0,3671012.0,3671012.0,3671012.0,0.00380891
1785009600,3700000.0,3700000.0,3700000.0,3700000.0,0.01025108
1785013200,3700000.0,3700000.0,3700000.0,3700000.0,0.0
1785016800,3671012.0,3671012.0,3671012.0,3671012.0,0.00530874
1785020400,3700000.0,3700000.0,3700000.0,3700000.0,0.0606827
1785024000,3700000.0,3700000.0,3700000.0,3700000.0,0.0
1785027600,3671550.0,3700000.0,3671550.0,3700000.0,0.03961946
1785031200,3700000.0,3700000.0,3700000.0,3700000.0,0.02390027
1785034800,3700000.0,3700000.0,3700000.0,3700000.0,0.0
1785038400,3671654.0,3671654.0,3671654.0,3671654.0,0.06681972
1785042000,3700000.0,3700000.0,3700000.0,3700000.0,0.00269162
1785045600,3700000.0,3700000.0,3700000.0,3700000.0,0.00300756
1785049200,3700000.0,3700000.0,3700000.0,3700000.0,0.00286162
1785052800,3671956.0,3671959.0,3671956.0,3671959.0,0.03065151
1785056400,3671959.0,3671959.0,3671959.0,3671959.0,0.0
1785060000,3671950.0,3671950.0,3671950.0,3671950.0,0.01275752
1785063600,3671950.0,3671950.0,3671950.0,3671950.0,0.0
1785067200,3672050.0,3672050.0,3672050.0,3672050.0,0.00278422
1785070800,3672050.0,3672050.0,3672050.0,3672050.0,0.0
1785074400,3700000.0,3700000.0,3700000.0,3700000.0,0.01581513
1785078000,3672553.0,3672553.0,3672553.0,3672553.0,0.00530938
1785081600,3700000.0,3700000.0,3672557.0,3672557.0,0.0170154
1785085200,3672557.0,3672557.0,3672557.0,3672557.0,0.0
1785088800,3672557.0,3672557.0,3672557.0,3672557.0,0.0
1785092400,3672557.0,3672557.0,3672557.0,3672557.0,0.0
1785096000,3672557.0,3672557.0,3672557.0,3672557.0,0.0
1785099600,3672557.0,3672557.0,3672557.0,3672557.0,0.0
1785103200,3672557.0,3672557.0,3672557.0,3672557.0,0.0
1785106800,3700000.0,3700000.0,3700000.0,3700000.0,0.05094675
1785110400,3700000.0,3700000.0,3700000.0,3700000.0,0.0
1785114000,3700000.0,3700000.0,3700000.0,3700000.0,0.03657054
1785117600,3672555.0,3700000.0,3672554.0,3672554.0,0.09373304
1785121200,3673054.0,3673054.0,3673054.0,3673054.0,0.03636534
1785124800,3700000.0,3752787.0,3700000.0,3752787.0,0.66922113
1785128400,3752787.0,3752787.0,3752787.0,3752787.0,0.0
1785132000,3673070.0,3673070.0,3673070.0,3673070.0,0.00304008
1785135600,3793161.0,3793161.0,3793161.0,3793161.0,0.00274441
1785139200,3793127.0,3793127.0,3673104.0,3673104.0,0.01050214
1785142800,3673104.0,3673104.0,3673104.0,3673104.0,0.0
1785146400,3674010.0,3674111.0,3674010.0,3674111.0,0.0247788
1785150000,3793161.0,3793162.0,3674510.0,3674510.0,0.02194465
1785153600,3793153.0,3793153.0,3674650.0,3674650.0,0.00789788
1785157200,3792996.0,3792996.0,3675005.0,3675005.0,0.01668891
1785160800,3676000.0,3792994.0,3650000.0,3650000.0,1.49373879
1785164400,3618788.0,3618788.0,3618788.0,3618788.0,0.08948264
1785168000,3618788.0,3618788.0,3618788.0,3618788.0,0.0
1785171600,3618788.0,3618788.0,3618788.0,3618788.0,0.0
1785175200,3618788.0,3618788.0,3560953.0,3560953.0,0.06798676
1785178800,3560953.0,3560953.0,3560953.0,3560953.0,0.0
1785182400,3560953.0,3560953.0,3560953.0,3560953.0,0.0
1785186000,3560953.0,3560953.0,3560953.0,3560953.0,0.0
1785189600,3560953.0,3560953.0,3560953.0,3560953.0,0.0
1785193200,3560953.0,3560953.0,3560953.0,3560953.0,0.0
1785196800,3570953.0,3570953.0,3570953.0,3570953.0,0.00366369
1785200400,3570953.0,3678999.0,3550000.0,3550000.0,2.48701646
1785204000,3677499.0,3677499.0,3677499.0,3677499.0,0.00677009
1785207600,3677495.0,3677495.0,3677495.0,3677495.0,0.06783775
1785211200,3527508.0,3527508.0,3525000.0,3525000.0,0.31482257
1785214800,3535353.0,3535353.0,3535353.0,3535353.0,5.7407261
1785218400,3535353.0,3535353.0,3535353.0,3535353.0,0.0
1785222000,3677463.0,3677463.0,3677463.0,3677463.0,0.00270811
1785225600,3677459.0,3677459.0,3677459.0,3677459.0,0.00350078
1785229200,3677459.0,3677459.0,3677459.0,3677459.0,0.0
1785232800,3677182.0,3677182.0,3535353.0,3535353.0,0.03990402
1785236400,3535353.0,3535353.0,3535353.0,3535353.0,0.0
1785240000,3676998.0,3676998.0,3676998.0,3676998.0,0.00628556
1785243600,3676984.0,3676984.0,3525006.0,3566979.0,0.16393464
1785247200,3525006.0,3676993.0,3484709.0,3585099.0,1.12097577
1785250800,3640668.0,3676993.0,3640668.0,3676993.0,0.04035898
1785254400,3676993.0,3676993.0,3676993.0,3676993.0,0.0
1785258000,3676993.0,3676993.0,3676993.0,3676993.0,0.12524716
1785261600,3676499.0,3676499.0,3676499.0,3676499.0,0.00425078
1785265200,3676499.0,3676499.0,3585099.0,3585099.0,0.02284618
1785268800,3676499.0,3676499.0,3676499.0,3676499.0,0.02897266
1785272400,3676499.0,3676499.0,3676499.0,3676499.0,0.0
1785276000,3676499.0,3676499.0,3676499.0,3676499.0,0.0
1785279600,3676499.0,3676500.0,3676499.0,3676500.0,0.13893214
1785283200,3650000.0,3650000.0,3547735.0,3547735.0,0.00836552
1785286800,3547735.0,3547735.0,3547735.0,3547735.0,0.0
1785290400,3545000.0,3676100.0,3484709.0,3484709.0,1.44197872
1785294000,3673997.0,3673997.0,3673997.0,3673997.0,0.00406587
1785297600,3671994.0,3672000.0,3670998.0,3670999.0,0.1297998
1785301200,3670000.0,3670000.0,3670000.0,3670000.0,0.02012316
1785304800,3670000.0,3670000.0,3670000.0,3670000.0,0.0
1785308400,3485889.0,3669899.0,3485889.0,3669899.0,0.04694322
1785312000,3486084.0,3486084.0,3486084.0,3486084.0,0.00542739
1785315600,3669499.0,3669499.0,3669499.0,3669499.0,0.01000272
1785319200,3487494.0,3487494.0,3487494.0,3487494.0,0.01000272
1785322800,3487494.0,3487494.0,3487494.0,3487494.0,0.0
1785326400,3488046.0,3488134.0,3488046.0,3488134.0,0.04307047
1785330000,3667981.0,3667985.0,3667981.0,3667985.0,0.135307
1785333600,3665996.0,3665996.0,3665996.0,3665996.0,0.01324496
1785337200,3665996.0,3665996.0,3665996.0,3665996.0,0.0
1785340800,3495901.0,3664999.0,3484709.0,3659998.0,1.06950575
1785344400,3659998.0,3659998.0,3659998.0,3659998.0,0.0
1785348000,3659998.0,3659998.0,3659998.0,3659998.0,0.0
1785351600,3659998.0,3659998.0,3659998.0,3659998.0,0.0
1785355200,3654000.0,3654000.0,3428015.0,3654000.0,3.52765792
1785358800,3654000.0,3654000.0,3654000.0,3654000.0,0.0
1785362400,3654000.0,3654000.0,3654000.0,3654000.0,0.0
1785366000,3653998.0,3669699.0,3428052.0,3428052.0,2.73651253
1785369600,3428072.0,3649999.0,3428072.0,3649999.0,0.01088065
1785373200,3648999.0,3649000.0,3433018.0,3433018.0,0.01993613
1785376800,3433311.0,3640000.0,3433300.0,3640000.0,0.31480269
1785380400,3640000.0,3640000.0,3640000.0,3640000.0,0.01367994
1785384000,3639000.0,3639000.0,3434042.0,3637000.0,0.13993155
1785387600,3629500.0,3629500.0,3435502.0,3435502.0,0.07088831
1785391200,3628996.0,3628997.0,3628996.0,3628997.0,0.03114166
1785394800,3440055.0,3440055.0,3440050.0,3440050.0,0.02839738
1785398400,3440050.0,3440050.0,3440050.0,3440050.0,0.0
1785402000,3620992.0,3620993.0,3620992.0,3620993.0,0.08943983
1785405600,3620993.0,3620993.0,3620993.0,3620993.0,0.0
1785409200,3620993.0,3620993.0,3620993.0,3620993.0,0.0
1785412800,3524874.0,3988935.0,3524874.0,3870129.0,9.30090764
1785416400,3550173.0,3550173.0,3480171.0,3480171.0,1.56493928
1785420000,3480196.0,3749974.0,3480196.0,3480203.0,0.3896328
1785423600,3649937.0,3649985.0,3530013.0,3531000.0,0.73688641
1785427200,3531000.0,3531000.0,3531000.0,3531000.0,0.0
1785430800,3547663.0,3561335.0,3547663.0,3561335.0,0.00840808
1785434400,3561335.0,3561335.0,3561335.0,3561335.0,0.0
1785438000,3543528.0,3543528.0,3531000.0,3531000.0,0.00607513
1785441600,3531000.0,3531000.0,3531000.0,3531000.0,0.0
1785445200,3561335.0,3590798.0,3561335.0,3590798.0,0.01374879
1785448800,3590798.0,3590798.0,3590798.0,3590798.0,0.00312267
1785452400,3590798.0,3590798.0,3531100.0,3531100.0,0.08743268
1785456000,3590100.0,3590100.0,3590100.0,3590100.0,0.00277401
1785459600,3590000.0,3590000.0,3531100.0,3531104.0,0.09739551
1785463200,3589896.0,3870126.0,3589896.0,3870125.0,3.34429067
1785466800,3870125.0,3870125.0,3614736.0,3870124.0,0.6387116
1785470400,3614738.0,3614738.0,3614738.0,3614738.0,0.05965019
1785474000,3614738.0,3614740.0,3614738.0,3614738.0,0.07017269
1785477600,3834996.0,3834996.0,3551000.0,3551000.0,1.38083541
1785481200,3551004.0,3551004.0,3551004.0,3551004.0,0.00908841
1785484800,3551004.0,3551004.0,3551004.0,3551004.0,0.0
1785488400,3551004.0,3551004.0,3551004.0,3551004.0,0.0
1785492000,3565142.0,3565142.0,3555555.0,3555555.0,0.19282939
1785495600,3555555.0,3555555.0,3555555.0,3555555.0,0.0
1785499200,3573206.0,3658531.0,3573206.0,3658531.0,0.6573417
1785502800,3658531.0,3707006.0,3658531.0,3707006.0,0.06062689
1785506400,3707006.0,3722754.0,3707006.0,3722754.0,0.02412003
1785510000,3722754.0,3738503.0,3555752.0,3555752.0,0.04525284
1785513600,3555822.0,3738498.0,3555822.0,3738498.0,0.01881018
1785517200,3738498.0,3750000.0,3738498.0,3750000.0,0.09038117
1785520800,3750000.0,3750000.0,3750000.0,3750000.0,0.0
1785524400,3719810.0,3719810.0,3633323.0,3633324.0,0.04192075
1785528000,3633231.0,3775916.0,3579810.0,3775916.0,0.19512753
1785531600,3775916.0,3781218.0,3775916.0,3781218.0,0.01971989
1785535200,3781218.0,3781218.0,3781218.0,3781218.0,0.0
1785538800,3781218.0,3781218.0,3579896.0,3579990.0,0.10184772
1785542400,3579991.0,3579991.0,3579990.0,3579990.0,0.01289751
1785546000,3579990.0,3579990.0,3579990.0,3579990.0,0.0
1785549600,3579994.0,3699994.0,3579990.0,3580000.0,0.20438546
1785553200,3669996.0,3669996.0,3580000.0,3666460.0,0.18983123
1785556800,3663254.0,3663254.0,3656844.0,3656844.0,0.01701872
1785560400,3687345.0,3700000.0,3687345.0,3700000.0,0.00623875
1785564000,3700000.0,3700000.0,3700000.0,3700000.0,0.00612134
1785567600,3700000.0,3700000.0,3700000.0,3700000.0,0.0128127
1785571200,3700000.0,3700000.0,3700000.0,3700000.0,0.0
1785574800,3656844.0,3656844.0,3656844.0,3656844.0,0.00612134
1785578400,3700000.0,3700000.0,3653640.0,3653640.0,0.06908568
1785582000,3653640.0,3653640.0,3650434.0,3650434.0,0.0087944
1785585600,3650434.0,3650434.0,3650434.0,3650434.0,0.0
1785589200,3650434.0,3650434.0,3650434.0,3650434.0,0.0128127
1785592800,3650434.0,3650434.0,3636232.0,3636232.0,0.0410672
1785596400,3700000.0,3700000.0,3700000.0,3700000.0,0.00269162
1785600000,3636232.0,3636232.0,3636232.0,3636232.0,0.01155504
1785603600,3700000.0,3700000.0,3636232.0,3636232.0,0.02399599
1785607200,3633061.0,3700000.0,3590118.0,3700000.0,0.19039029
1785610800,3700000.0,3700000.0,3700000.0,3700000.0,0.01347162
1785614400,3700000.0,3700000.0,3700000.0,3700000.0,0.03768215
1785618000,3700000.0,3700000.0,3700000.0,3700000.0,0.0
1785621600,3700000.0,3700000.0,3700000.0,3700000.0,0.0
1785625200,3700000.0,3700000.0,3581000.0,3581000.0,0.17745539
1785628800,3581000.0,3581000.0,3581000.0,3581000.0,0.0
1785632400,3581000.0,3581000.0,3581000.0,3581000.0,0.0
1785636000,3699999.0,3726000.0,3699999.0,3726000.0,0.10447245
1785639600,3582088.0,3724998.0,3581003.0,3724995.0,0.32307847
1785643200,3581011.0,3581011.0,3578315.0,3578315.0,0.05475414
1785646800,3724100.0,3724100.0,3584110.0,3584110.0,0.05554468
1785650400,3722989.0,3722989.0,3722989.0,3722989.0,0.01922084
1785654000,3584090.0,3584090.0,3571307.0,3571307.0,0.47041563
1785657600,3571307.0,3571307.0,3571307.0,3571307.0,0.0
1785661200,3571307.0,3571307.0,3571307.0,3571307.0,0.0
1785664800,3571307.0,3571307.0,3571307.0,3571307.0,0.0135687
1785668400,3592311.0,3606161.0,3572307.0,3606161.0,0.12566455
1785672000,3610098.0,3610098.0,3610098.0,3610098.0,0.0031434
1785675600,3610098.0,3610098.0,3610098.0,3610098.0,0.0
1785679200,3610090.0,3610093.0,3610090.0,3610093.0,0.02686409
1785682800,3610094.0,3610094.0,3610094.0,3610094.0,0.00366527
1785686400,3571327.0,3610088.0,3571327.0,3610088.0,0.01080106
1785690000,3610093.0,3610093.0,3610093.0,3610093.0,0.0055173
1785693600,3610093.0,3610093.0,3610093.0,3610093.0,0.0
1785697200,3610093.0,3610093.0,3610093.0,3610093.0,0.0
1785700800,3571327.0,3571327.0,3571327.0,3571327.0,0.0268644
1785704400,3610090.0,3610090.0,3571323.0,3571323.0,0.01584654
1785708000,3610090.0,3610090.0,3610090.0,3610090.0,0.00551731
1785711600,3610090.0,3610090.0,3610090.0,3610090.0,0.0
1785715200,3610093.0,3634535.0,3610093.0,3634535.0,0.03123361
1785718800,3571327.0,3643519.0,3571327.0,3643519.0,0.01661733
1785722400,3643523.0,3648017.0,3571327.0,3571327.0,0.05163146
1785726000,3571327.0,3746403.0,3571327.0,3581121.0,0.79512946
1785729600,3581126.0,3581126.0,3581126.0,3581126.0,0.00335
1785733200,3727670.0,3740000.0,3676997.0,3738996.0,0.12005996
1785736800,3676997.0,3699000.0,3571319.0,3699000.0,1.71946567
1785740400,3698000.0,3698000.0,3698000.0,3698000.0,0.09077067
1785744000,3676997.0,3698000.0,3573004.0,3698000.0,0.01478208
1785747600,3698000.0,3698000.0,3698000.0,3698000.0,0.0
1785751200,3696000.0,3696000.0,3696000.0,3696000.0,0.00518614
1785754800,3575001.0,3634635.0,3575000.0,3611749.0,0.16593737
1785758400,3607209.0,3607209.0,3571319.0,3571319.0,0.06936709
1785762000,3599338.0,3609519.0,3571319.0,3571319.0,0.11090223
1785765600,3609518.0,3609518.0,3609518.0,3609518.0,0.00275909
1785769200,3579004.0,3631998.0,3579004.0,3631998.0,0.01990329
1785772800,3631998.0,3637142.0,3631998.0,3637142.0,0.00403216
1785776400,3637142.0,3669748.0,3579010.0,3579010.0,0.02190417
1785780000,3579019.0,3579019.0,3579019.0,3579019.0,0.00313756
1785783600,3579019.0,3579019.0,3579019.0,3579019.0,0.0
1785787200,3669748.0,3870126.0,3669748.0,3746506.0,2.52122486
1785790800,3651399.0,3746784.0,3579010.0,3746784.0,0.0288314
1785794400,3748952.0,3748952.0,3579236.0,3579236.0,0.00646354
1785798000,3579236.0,3579236.0,3579236.0,3579236.0,0.0
1785801600,3579236.0,3579236.0,3579236.0,3579236.0,0.0
1785805200,3748951.0,3828722.0,3748951.0,3782080.0,0.09934155
1785808800,3772382.0,3772382.0,3747487.0,3747487.0,0.020033
1785812400,3747487.0,3762053.0,3735568.0,3735568.0,0.02822786
1785816000,3735568.0,3770976.0,3729608.0,3729608.0,0.01339604
1785819600,3729608.0,3729608.0,3700975.0,3700975.0,0.04923779
1785823200,3700975.0,3700975.0,3700975.0,3700975.0,0.0
1785826800,3779821.0,3819521.0,3779821.0,3819521.0,0.01614776
1785830400,3700976.0,3700976.0,3695084.0,3695084.0,0.05437729
1785834000,3785037.0,3785037.0,3785037.0,3785037.0,0.01315574
1785837600,3785037.0,3785037.0,3785037.0,3785037.0,0.0
1785841200,3695080.0,3786830.0,3660422.0,3786830.0,0.09487186
1785844800,3660424.0,3660424.0,3660424.0,3660424.0,0.00397773
1785848400,3660431.0,3696249.0,3660431.0,3696249.0,0.01507643
1785852000,3696249.0,3696249.0,3696249.0,3696249.0,0.0
1785855600,3696248.0,3782840.0,3665004.0,3665005.0,0.09640722
1785859200,3665008.0,3665008.0,3665008.0,3665008.0,0.00495213
1785862800,3665008.0,3665008.0,3665008.0,3665008.0,0.0
1785866400,3671004.0,3671004.0,3671004.0,3671004.0,0.00533997
1785870000,3671004.0,3671004.0,3671004.0,3671004.0,0.0
1785873600,3782839.0,3870126.0,3705379.0,3705379.0,1.07037745
1785877200,3705525.0,3705525.0,3705522.0,3705522.0,0.02664982
1785880800,3799993.0,3800000.0,3799993.0,3800000.0,0.11705357
1785884400,3799998.0,3870126.0,3799998.0,3870126.0,0.52352145
1785888000,3715273.0,3715273.0,3715268.0,3715268.0,0.11864603
1785891600,3715268.0,3715268.0,3715268.0,3715268.0,0.0
1785895200,3841364.0,3841364.0,3822157.0,3822159.0,0.00548604
1785898800,3822162.0,3822163.0,3822158.0,3822163.0,0.50648425
1785902400,3869594.0,3869594.0,3869594.0,3869594.0,0.00257365
1785906000,3869594.0,3869594.0,3869594.0,3869594.0,0.0
1785909600,3869593.0,3869594.0,3800613.0,3800617.0,0.0640096
1785913200,3869592.0,3869594.0,3730055.0,3730059.0,0.04963622
1785916800,3730059.0,3869594.0,3730059.0,3733004.0,0.13873326
1785920400,3733204.0,3865131.0,3733200.0,3865131.0,0.1733982
1785924000,3733404.0,3733404.0,3733404.0,3733404.0,0.04905463
1785927600,3868121.0,3868122.0,3859733.0,3860000.0,0.06855983
1785931200,3860000.0,3860000.0,3734104.0,3734104.0,0.06119512
1785934800,3848271.0,3932557.0,3838087.0,3932557.0,6.08670718
1785938400,3932557.0,3932557.0,3838087.0,3838087.0,0.11397224
1785942000,3838087.0,3838087.0,3838087.0,3838087.0,0.0
1785945600,3932549.0,3932549.0,3838090.0,3838090.0,0.01273279
1785949200,3912898.0,3912898.0,3912894.0,3912894.0,0.15387927
1785952800,3912894.0,3912894.0,3912894.0,3912894.0,0.0
1785956400,3932553.0,3932557.0,3932553.0,3932557.0,0.12644116
1785960000,3912894.0,3938620.0,3912894.0,3938620.0,0.13647162
1785963600,3912894.0,3912894.0,3871783.0,3871783.0,0.42180125
1785967200,3871783.0,3871783.0,3871783.0,3871783.0,0.0
1785970800,3871783.0,3871783.0,3871783.0,3871783.0,0.0
1785974400,3871783.0,3871783.0,3871783.0,3871783.0,0.0
1785978000,3871783.0,3871783.0,3871783.0,3871783.0,0.0
1785981600,3938606.0,3938606.0,3872544.0,3872544.0,0.79553383
1785985200,3872485.0,3938100.0,3872411.0,3872560.0,0.15899472
1785988800,3873050.0,3873050.0,3873050.0,3873050.0,0.00260503
1785992400,3874000.0,3874000.0,3874000.0,3874000.0,0.00954471
1785996000,3937996.0,3937996.0,3874508.0,3874508.0,0.0075431
1785999600,3874508.0,3937981.0,3874508.0,3937981.0,0.04094197
1786003200,3937981.0,3937981.0,3937981.0,3937981.0,0.0
1786006800,3874508.0,3874508.0,3874508.0,3874508.0,0.00506113
1786010400,3936996.0,3953835.0,3874915.0,3874915.0,0.27151659
1786014000,3953835.0,3953835.0,3881018.0,3881018.0,0.23704174
1786017600,3881010.0,3881010.0,3881010.0,3881010.0,0.00820796
1786021200,3882004.0,3961391.0,3882000.0,3884001.0,0.61133496
1786024800,3961390.0,3961391.0,3884004.0,3884004.0,0.08525199
1786028400,3886424.0,3932972.0,3881035.0,3928865.0,0.76829239
1786032000,3928789.0,3928789.0,3899769.0,3899769.0,0.29594626
1786035600,3899769.0,3899769.0,3899769.0,3899769.0,0.0
1786039200,3948509.0,3957124.0,3899773.0,3957124.0,0.01095829
1786042800,3957124.0,3957124.0,3957124.0,3957124.0,0.0
1786046400,3946781.0,3946781.0,3899773.0,3899773.0,0.01641933
1786050000,3953626.0,3953626.0,3953626.0,3953626.0,0.38
1786053600,3948478.0,3948478.0,3948478.0,3948478.0,0.00630546
1786057200,3948132.0,3948132.0,3899769.0,3899769.0,0.11476239
1786060800,3961164.0,3961164.0,3961164.0,3961164.0,0.00500105
1786064400,3961164.0,3961164.0,3961164.0,3961164.0,0.0
1786068000,3899769.0,3899769.0,3899769.0,3899769.0,0.02691706
1786071600,3899769.0,3899769.0,3899769.0,3899769.0,0.01001271
1786075200,3950438.0,3950438.0,3950438.0,3950438.0,0.00743715
1786078800,3948672.0,3948672.0,3899769.0,3899769.0,0.09987556
1786082400,3952806.0,3955673.0,3952806.0,3955673.0,2.65230223
1786086000,3955673.0,3955673.0,3905135.0,3905135.0,0.03891726
1786089600,3905135.0,3905135.0,3905135.0,3905135.0,0.0
1786093200,3906157.0,3906262.0,3702000.0,3897391.0,2.86710201
1786096800,3905927.0,3914464.0,3905927.0,3914464.0,0.01533345
1786100400,3913000.0,3913000.0,3913000.0,3913000.0,0.02993687
1786104000,3912000.0,3919429.0,3871809.0,3919429.0,0.40123914
1786107600,3919429.0,3936675.0,3900814.0,3936675.0,0.15530237
1786111200,3945294.0,3955673.0,3871813.0,3871813.0,0.15303513
1786114800,3952091.0,3955673.0,3805000.0,3811020.0,1.72154382
1786118400,3811020.0,3811020.0,3811020.0,3811020.0,0.0
1786122000,3948402.0,3961384.0,3811056.0,3961384.0,0.0691921
1786125600,3950682.0,3950682.0,3712599.0,3712599.0,1.44247684
1786129200,3950675.0,3950678.0,3950675.0,3950678.0,0.08385878
1786132800,3950678.0,3950678.0,3950678.0,3950678.0,0.00265017
1786136400,3961388.0,3961388.0,3961388.0,3961388.0,0.00251401
1786140000,3961388.0,3961388.0,3713441.0,3713441.0,0.01382694
1786143600,3961387.0,3961387.0,3961387.0,3961387.0,0.00407104
1786147200,3961387.0,3961387.0,3961387.0,3961387.0,0.0
1786150800,3961387.0,3962447.0,3758264.0,3962447.0,0.97902167
1786154400,3961443.0,3961443.0,3960000.0,3960000.0,0.00882977
1786158000,3960000.0,3960000.0,3765340.0,3959998.0,0.04400513
1786161600,3961440.0,3962446.0,3961440.0,3962446.0,0.07156531
1786165200,3962446.0,3962446.0,3962446.0,3962446.0,0.0
1786168800,3850004.0,3962442.0,3850000.0,3850000.0,0.45247417
1786172400,3850000.0,3850000.0,3850000.0,3850000.0,0.0
1786176000,3900363.0,3940486.0,3850000.0,3850004.0,0.2750851
1786179600,3940486.0,3962446.0,3855004.0,3855004.0,0.13627229
1786183200,3962438.0,3962438.0,3962438.0,3962438.0,0.03688915
1786186800,3962434.0,3962434.0,3962433.0,3962433.0,0.01569868
1786190400,3962424.0,3962424.0,3962424.0,3962424.0,0.03583208
1786194000,3962424.0,3962424.0,3962424.0,3962424.0,0.00613437
1786197600,3962424.0,3962424.0,3861000.0,3862004.0,0.02336167
1786201200,3962424.0,3962424.0,3862004.0,3962424.0,0.13213776
1786204800,3865008.0,3962424.0,3865008.0,3947999.0,0.06511911
1786208400,3931982.0,3931982.0,3931982.0,3931982.0,0.00279324
1786212000,3947999.0,3947999.0,3947999.0,3947999.0,0.0035314
1786215600,3947999.0,3948000.0,3947999.0,3948000.0,0.12612767
1786219200,3948000.0,3948000.0,3948000.0,3948000.0,0.0
1786222800,3932442.0,3932442.0,3919056.0,3919056.0,0.00503419
1786226400,3919056.0,3919056.0,3919056.0,3919056.0,0.0
1786230000,3919056.0,3919056.0,3919056.0,3919056.0,0.0
1786233600,3919056.0,3919056.0,3919056.0,3919056.0,0.0
1786237200,3948000.0,3948000.0,3919060.0,3919060.0,0.05020764
1786240800,3948000.0,3948000.0,3919069.0,3919069.0,0.01141507
1786244400,3919064.0,3919064.0,3919064.0,3919064.0,0.01206692
1786248000,3948000.0,3948000.0,3919064.0,3919064.0,0.0092007
1786251600,3919064.0,3919064.0,3919064.0,3919064.0,0.08920233
1786255200,3931000.0,3962000.0,3919060.0,3919060.0,0.58495167
1786258800,3961996.0,3961996.0,3920004.0,3920004.0,0.08785319
1786262400,3961996.0,3961996.0,3920004.0,3920004.0,0.04516778
1786266000,3961996.0,3961996.0,3961996.0,3961996.0,0.03222794
1786269600,3920008.0,3961992.0,3920008.0,3961986.0,0.02475589
1786273200,3921108.0,3961992.0,3921108.0,3961992.0,0.0678755
1786276800,3961992.0,3961992.0,3961992.0,3961992.0,0.0
1786280400,3961992.0,3961992.0,3961992.0,3961992.0,0.0
1786284000,3930062.0,3930062.0,3930062.0,3930062.0,0.02850544
1786287600,3930062.0,3930062.0,3930062.0,3930062.0,0.0
1786291200,3930062.0,3961996.0,3930062.0,3961996.0,0.02320554
1786294800,3930066.0,3930066.0,3930066.0,3930066.0,0.02547988
1786298400,3961996.0,3962000.0,3961996.0,3962000.0,0.18568504
1786302000,3930066.0,3962000.0,3930066.0,3962000.0,0.06949511
1786305600,3962000.0,3962000.0,3962000.0,3962000.0,0.0
1786309200,3962000.0,3962000.0,3962000.0,3962000.0,0.0
1786312800,3962000.0,3962000.0,3962000.0,3962000.0,0.0
1786316400,3962000.0,3962000.0,3962000.0,3962000.0,0.00634931
1786320000,3961996.0,3962000.0,3961996.0,3961996.0,0.25237409
1786323600,3961992.0,3961992.0,3930066.0,3930066.0,0.02090827
1786327200,3930070.0,3930070.0,3930070.0,3930070.0,0.00377888
1786330800,3961992.0,3961992.0,3961992.0,3961992.0,0.01235868
1786334400,3961992.0,3962000.0,3930062.0,3930066.0,0.17180109
1786338000,3930066.0,3930066.0,3930066.0,3930066.0,0.0
1786341600,3930066.0,3930066.0,3930066.0,3930066.0,0.09447996
1786345200,3930066.0,3930066.0,3930066.0,3930066.0,0.01224325
1786348800,3930066.0,3930066.0,3930066.0,3930066.0,0.0
1786352400,3930066.0,3960000.0,3930066.0,3960000.0,0.01487485
1786356000,3930066.0,3930066.0,3930066.0,3930066.0,0.10207948
1786359600,3930066.0,3930066.0,3930066.0,3930066.0,0.0
1786363200,3930066.0,3930066.0,3930066.0,3930066.0,0.0
1786366800,3930062.0,3930062.0,3930062.0,3930062.0,0.19386842
1786370400,3930054.0,3945000.0,3850000.0,3943999.0,1.40465358
1786374000,3855004.0,3860000.0,3855004.0,3860000.0,0.07253529
1786377600,3901370.0,3901370.0,3850000.0,3901365.0,0.13419903
1786381200,3883972.0,3883972.0,3883972.0,3883972.0,0.05270686
1786384800,3883972.0,3883972.0,3883972.0,3883972.0,0.0
1786388400,3883972.0,3883972.0,3883972.0,3883972.0,0.0
1786392000,3883972.0,3883972.0,3883972.0,3883972.0,0.0
1786395600,3883972.0,3883972.0,3883972.0,3883972.0,0.0
1786399200,3879634.0,3879634.0,3850004.0,3872608.0,0.01311573
1786402800,3850000.0,3850000.0,3850000.0,3850000.0,0.03264999
1786406400,3861919.0,3861919.0,3861919.0,3861919.0,0.00257876
1786410000,3879634.0,3962428.0,3879634.0,3962428.0,1.66750877
1786413600,3850025.0,3898710.0,3850025.0,3898710.0,0.05118021
1786417200,3905605.0,3905605.0,3905605.0,3905605.0,0.00254992
1786420800,3940782.0,3940782.0,3940782.0,3940782.0,0.00550626
1786424400,3891981.0,3891981.0,3850056.0,3888022.0,0.01358332
1786428000,3891617.0,3891617.0,3891617.0,3891617.0,0.02456716
1786431600,3850042.0,3850042.0,3850042.0,3850042.0,0.02456716
1786435200,3850050.0,3850050.0,3850046.0,3850046.0,0.13346735
1786438800,3850046.0,3850046.0,3850046.0,3850046.0,0.0
1786442400,3850060.0,3956101.0,3850060.0,3956101.0,0.04280283
1786446000,3910743.0,3962424.0,3910743.0,3962424.0,0.00498556
1786449600,3855013.0,3855013.0,3855012.0,3855012.0,0.07482389
1786453200,3962423.0,3962423.0,3899345.0,3899345.0,0.00506737
1786456800,3899345.0,3899345.0,3899345.0,3899345.0,0.0
1786460400,3887629.0,3899341.0,3857209.0,3857209.0,0.02391179
1786464000,3885076.0,3885076.0,3885076.0,3885076.0,0.03845098
1786467600,3885076.0,3885076.0,3885076.0,3885076.0,0.0
1786471200,3857205.0,3857205.0,3857205.0,3857205.0,0.00317465
1786474800,3857205.0,3857205.0,3857205.0,3857205.0,0.0
1786478400,3857205.0,3857205.0,3857205.0,3857205.0,0.0
1786482000,3857205.0,3857205.0,3857205.0,3857205.0,0.0
1786485600,3857205.0,3857205.0,3857205.0,3857205.0,0.0
1786489200,3889058.0,3889058.0,3889058.0,3889058.0,0.00683018
1786492800,3889058.0,3908283.0,3889058.0,3908283.0,0.13939039
1786496400,3857209.0,3857209.0,3857209.0,3857209.0,0.02547781
1786500000,3857214.0,3857214.0,3857214.0,3857214.0,0.0046289
1786503600,3857214.0,3857214.0,3857214.0,3857214.0,0.0
1786507200,3924537.0,3924538.0,3924537.0,3924538.0,0.01268812
1786510800,3924538.0,3924538.0,3924538.0,3924538.0,0.0
1786514400,3924532.0,3924538.0,3924532.0,3924537.0,0.01758984
1786518000,3924537.0,3942205.0,3924537.0,3942205.0,2.5520385
1786521600,3886349.0,3888395.0,3886349.0,3888395.0,0.01294509
1786525200,3939989.0,3939990.0,3888396.0,3888396.0,0.03746668
1786528800,3888396.0,3888396.0,3888396.0,3888396.0,0.0
1786532400,3888396.0,3888396.0,3888396.0,3888396.0,0.0
1786536000,3888396.0,3888396.0,3888396.0,3888396.0,0.0
1786539600,3905771.0,3963025.0,3905771.0,3963025.0,0.87521084
1786543200,3964777.0,3990879.0,3857239.0,3990879.0,0.33478277
1786546800,3991048.0,4000000.0,3991048.0,3999996.0,0.3100141
1786550400,3963894.0,3963894.0,3963894.0,3963894.0,0.00256036
1786554000,3963894.0,3963894.0,3963894.0,3963894.0,0.0
1786557600,3999996.0,3999996.0,3857205.0,3999996.0,1.93187665
1786561200,3857259.0,3999995.0,3857258.0,3999995.0,0.03036602
1786564800,3999995.0,3999995.0,3999995.0,3999995.0,0.0
1786568400,3999995.0,3999995.0,3999995.0,3999995.0,0.0
1786572000,3999995.0,3999995.0,3999995.0,3999995.0,0.0
1786575600,3999995.0,3999995.0,3999995.0,3999995.0,0.0
1786579200,3999995.0,3999995.0,3999995.0,3999995.0,0.00248975
1786582800,3999995.0,3999996.0,3980520.0,3980520.0,0.01197126
1786586400,3986205.0,4000000.0,3986205.0,4000000.0,0.06909086
1786590000,4000000.0,4000000.0,3984002.0,3984002.0,0.0592103
1786593600,4000000.0,4000000.0,3985837.0,4000000.0,0.03024314
1786597200,4000000.0,4000000.0,4000000.0,4000000.0,0.00651175
1786600800,4000000.0,4000000.0,3986324.0,3986535.0,0.13860821
1786604400,3999996.0,3999996.0,3889093.0,3889093.0,0.0662007
1786608000,3980723.0,4000000.0,3976349.0,4000000.0,0.24770221
1786611600,3991667.0,3991667.0,3889062.0,3975549.0,0.03181624
1786615200,3982777.0,3991667.0,3892004.0,3892004.0,0.01951865
1786618800,3991667.0,3991667.0,3972734.0,3990577.0,0.25944645
1786622400,3969103.0,3991663.0,3964487.0,3991663.0,0.06928981
1786626000,3977195.0,4000000.0,3902040.0,3902040.0,1.12548756
1786629600,4000000.0,4000000.0,3905016.0,3905016.0,0.00954513
1786633200,3905004.0,3905004.0,3905004.0,3905004.0,0.0047305
1786636800,3905022.0,3905022.0,3905022.0,3905022.0,0.00257187
1786640400,3905022.0,3905022.0,3905022.0,3905022.0,0.0
1786644000,3909606.0,3929059.0,3909606.0,3929059.0,0.00381464
1786647600,3929059.0,3929059.0,3929059.0,3929059.0,0.0
1786651200,3929059.0,3929059.0,3929059.0,3929059.0,0.0
1786654800,3929059.0,3929059.0,3929059.0,3929059.0,0.0
1786658400,3929059.0,3929059.0,3929059.0,3929059.0,0.0
1786662000,3929059.0,4000000.0,3929059.0,4000000.0,0.10428204
1786665600,4000000.0,4000000.0,4000000.0,4000000.0,0.00437475
1786669200,4000000.0,4000000.0,4000000.0,4000000.0,0.0
1786672800,3905008.0,3905008.0,3905000.0,3905000.0,0.25741664
1786676400,3905004.0,4000000.0,3905004.0,3915004.0,0.01623293
1786680000,3915004.0,3999989.0,3857214.0,3999989.0,0.40556281
1786683600,3862004.0,3862004.0,3862004.0,3862004.0,0.05200538
1786687200,3999996.0,3999996.0,3999996.0,3999996.0,0.0049795
1786690800,3865060.0,3865060.0,3865060.0,3865060.0,0.00285594
1786694400,3865060.0,3865060.0,3865060.0,3865060.0,0.0
1786698000,3865067.0,3865068.0,3865067.0,3865068.0,0.18271842
1786701600,3865068.0,3865068.0,3865068.0,3865068.0,0.0
1786705200,3880004.0,4000000.0,3857259.0,3857259.0,0.09343896
1786708800,3857259.0,3857259.0,3857259.0,3857259.0,0.0
1786712400,3999989.0,3999989.0,3999989.0,3999989.0,0.01538631
1786716000,3999990.0,3999990.0,3999900.0,3999900.0,0.08417831
1786719600,3999900.0,3999900.0,3999900.0,3999900.0,0.0
1786723200,3859069.0,3859069.0,3859069.0,3859069.0,0.0060665
1786726800,3999899.0,3999900.0,3999899.0,3999900.0,0.0364514
1786730400,3999900.0,3999900.0,3999900.0,3999900.0,0.0
1786734000,3999900.0,3999900.0,3999900.0,3999900.0,0.0
1786737600,3999896.0,3999896.0,3999896.0,3999896.0,0.00340483
1786741200,3860497.0,3860497.0,3860497.0,3860497.0,0.00340483
1786744800,3860497.0,3860497.0,3860497.0,3860497.0,0.0
1786748400,3860497.0,3860497.0,3860497.0,3860497.0,0.0
1786752000,3882004.0,3882013.0,3882004.0,3882004.0,0.29587703
1786755600,3999890.0,3999891.0,3999890.0,3999891.0,0.02494793
1786759200,3999891.0,3999891.0,3885023.0,3885023.0,0.02341941
1786762800,3885027.0,3885033.0,3885023.0,3885023.0,0.44621748
1786766400,3994308.0,3994308.0,3994308.0,3994308.0,0.0024953
1786770000,3994303.0,3994307.0,3994303.0,3994307.0,0.24808093
1786773600,3993996.0,3993996.0,3993996.0,3993996.0,0.00249349
1786777200,3993996.0,3993996.0,3993996.0,3993996.0,0.03696047
1786780800,3993996.0,3993996.0,3993996.0,3993996.0,0.0
1786784400,3993996.0,3993996.0,3993996.0,3993996.0,0.0
1786788000,3885049.0,3992000.0,3885049.0,3992000.0,0.03655643
1786791600,3992000.0,3992000.0,3992000.0,3992000.0,0.0
1786795200,3991996.0,3992000.0,3886004.0,3886004.0,0.02162083
1786798800,3886004.0,3886004.0,3886004.0,3886004.0,0.0
1786802400,3992000.0,3992000.0,3992000.0,3992000.0,0.00831688
1786806000,3886016.0,3886016.0,3886016.0,3886016.0,0.0028855
1786809600,3886020.0,4000000.0,3886020.0,3886020.0,0.25411579
1786813200,3886020.0,3999996.0,3886020.0,3999996.0,0.01367572
1786816800,3999996.0,3999996.0,3999996.0,3999996.0,0.0
1786820400,3999996.0,3999996.0,3999996.0,3999996.0,0.0
1786824000,3999996.0,3999996.0,3999996.0,3999996.0,0.0
1786827600,3886038.0,3886038.0,3886038.0,3886038.0,0.0038839
1786831200,3886038.0,3886038.0,3886038.0,3886038.0,0.0
1786834800,3887004.0,3887004.0,3887004.0,3887004.0,0.00347319
1786838400,3887004.0,3887004.0,3887004.0,3887004.0,0.0
1786842000,3999987.0,3999987.0,3999987.0,3999987.0,0.00637352
1786845600,3998996.0,3998996.0,3887008.0,3998996.0,0.08615811
1786849200,3887004.0,3998996.0,3887004.0,3998996.0,0.06837987
1786852800,3998996.0,3998996.0,3887009.0,3998996.0,0.06028811
1786856400,3998996.0,3998996.0,3998996.0,3998996.0,0.00249037
1786860000,3998996.0,3998996.0,3998000.0,3998000.0,0.00831178
1786863600,3998000.0,3998000.0,3902009.0,3902009.0,0.01453975
1786867200,3997500.0,3997500.0,3997500.0,3997500.0,0.03056884
1786870800,3997500.0,3997500.0,3902000.0,3902004.0,0.86955409
1786874400,3902000.0,3998000.0,3887007.0,3887007.0,0.39943588
1786878000,3998000.0,3998000.0,3998000.0,3998000.0,0.00498199
1786881600,3996996.0,3996996.0,3885005.0,3885005.0,0.78552701
1786885200,3885046.0,3885046.0,3885046.0,3885046.0,0.02807754
1786888800,3990000.0,3990000.0,3990000.0,3990000.0,0.24171604
1786892400,3891012.0,3900004.0,3891005.0,3900004.0,0.25601974
1786896000,3900004.0,3900004.0,3900004.0,3900004.0,0.0
1786899600,3988995.0,3996999.0,3988995.0,3996999.0,0.2308757
1786903200,3996999.0,3996999.0,3996999.0,3996999.0,0.0
1786906800,3905005.0,3905005.0,3905005.0,3905005.0,0.00450729
1786910400,3905005.0,3905005.0,3905005.0,3905005.0,0.0
1786914000,3905005.0,3905005.0,3905005.0,3905005.0,0.0
1786917600,3996999.0,3998000.0,3905021.0,3905021.0,0.03939887
1786921200,3905021.0,3905021.0,3905021.0,3905021.0,0.0
1786924800,3905021.0,3905021.0,3905021.0,3905021.0,0.0
1786928400,3998000.0,3998000.0,3998000.0,3998000.0,0.02593189
1786932000,3999900.0,3999900.0,3999900.0,3999900.0,0.05697266
1786935600,3910047.0,3910047.0,3910047.0,3910047.0,0.00477646
1786939200,3910047.0,3910047.0,3910047.0,3910047.0,0.0
1786942800,3999500.0,3999500.0,3916006.0,3998000.0,0.03155204
1786946400,3916017.0,3916017.0,3916017.0,3916017.0,0.0152318
1786950000,3920164.0,3920164.0,3920164.0,3920164.0,0.00263483
1786953600,3996000.0,3996000.0,3996000.0,3996000.0,0.00733808
1786957200,3996000.0,3996000.0,3930105.0,3930105.0,0.01706808
1786960800,3930093.0,3996000.0,3930093.0,3996000.0,0.0179062
1786964400,3995000.0,3995000.0,3995000.0,3995000.0,0.00861476
1786968000,3931485.0,3931485.0,3931485.0,3931485.0,0.00274
1786971600,3932034.0,3932064.0,3932034.0,3932064.0,0.03590014
1786975200,3932124.0,4015000.0,3932124.0,3932394.0,2.07402759
1786978800,3932394.0,3932394.0,3932394.0,3932394.0,0.0
1786982400,4015000.0,4015000.0,4015000.0,4015000.0,0.02480448
1786986000,3990899.0,3990899.0,3930477.0,3930560.0,0.15321137
1786989600,3930560.0,3930560.0,3930560.0,3930560.0,0.0
1786993200,3930560.0,3930560.0,3930560.0,3930560.0,0.0
1786996800,3931074.0,3931074.0,3931074.0,3931074.0,0.00746925
1787000400,3997671.0,3997800.0,3930442.0,3930442.0,2.20422464
1787004000,3930483.0,3930483.0,3930483.0,3930483.0,0.00317466
1787007600,3930483.0,3930483.0,3930483.0,3930483.0,0.0
1787011200,3930483.0,3930483.0,3930483.0,3930483.0,0.0
1787014800,3930483.0,3930483.0,3930483.0,3930483.0,0.0
1787018400,3991630.0,3991630.0,3991630.0,3991630.0,0.01313899
1787022000,3931163.0,3931163.0,3931163.0,3931163.0,0.02449964
1787025600,3991209.0,3991209.0,3991209.0,3991209.0,0.02366901
1787029200,3991209.0,3991209.0,3991209.0,3991209.0,0.0
1787032800,3991209.0,3991209.0,3991209.0,3991209.0,0.0
1787036400,3931168.0,3931168.0,3931168.0,3931168.0,0.0223656
1787040000,3931168.0,3978337.0,3931164.0,3978337.0,0.01840752
1787043600,3978337.0,3978337.0,3978337.0,3978337.0,0.0
1787047200,3931164.0,3957572.0,3931164.0,3957572.0,0.00979482
1787050800,3957572.0,3957572.0,3957572.0,3957572.0,0.0
1787054400,3957510.0,3957510.0,3931164.0,3931164.0,0.11756607
1787058000,3931164.0,3931164.0,3931164.0,3931164.0,0.00634807
1787061600,3953573.0,3953573.0,3931164.0,3931164.0,0.10031193
1787065200,3931164.0,3931164.0,3931164.0,3931164.0,0.0
1787068800,3931164.0,3931164.0,3910010.0,3910010.0,0.03403158
1787072400,3910010.0,3910010.0,3910010.0,3910010.0,0.0
1787076000,3910010.0,3910010.0,3910010.0,3910010.0,0.0
1787079600,3910010.0,3910010.0,3910010.0,3910010.0,0.0
1787083200,3957269.0,3957269.0,3957269.0,3957269.0,0.00251663
1787086800,3915675.0,3915675.0,3915675.0,3915675.0,0.00381492
1787090400,3915675.0,3915675.0,3915675.0,3915675.0,0.0
1787094000,3910010.0,3910010.0,3910010.0,3910010.0,0.02012876
1787097600,3910010.0,3910010.0,3910010.0,3910010.0,0.0393791
1787101200,3910010.0,3910010.0,3910010.0,3910010.0,0.00510849
1787104800,3910010.0,3910010.0,3910010.0,3910010.0,0.0
1787108400,3910011.0,4015000.0,3910011.0,4015000.0,2.42113105
1787112000,4015000.0,4015000.0,4015000.0,4015000.0,0.0
1787115600,4015000.0,4015000.0,4015000.0,4015000.0,0.0
1787119200,3928238.0,3938283.0,3890899.0,3938283.0,0.46847391
1787122800,3890903.0,3938354.0,3890903.0,3890909.0,0.02039937
1787126400,3938354.0,3938354.0,3890930.0,3890930.0,0.01164967
1787130000,3938350.0,3938350.0,3938346.0,3938346.0,0.05022232
1787133600,3890954.0,3938346.0,3890954.0,3891057.0,0.05246251
1787137200,3890974.0,3890974.0,3890974.0,3890974.0,0.00705895
1787140800,3890959.0,3890959.0,3890959.0,3890959.0,0.02640071
1787144400,3892010.0,3892010.0,3892010.0,3892010.0,0.00613403
1787148000,3919761.0,3938333.0,3892000.0,3938333.0,0.31062243
1787151600,3892000.0,3892000.0,3892000.0,3892000.0,0.01258824
1787155200,3938285.0,3938285.0,3938285.0,3938285.0,0.00303533
1787158800,3938285.0,3938285.0,3938285.0,3938285.0,0.0
1787162400,3927474.0,3927474.0,3893000.0,3927457.0,0.00790303
1787166000,3893000.0,3893000.0,3890899.0,3890899.0,0.99532049
1787169600,3892682.0,3892682.0,3892682.0,3892682.0,0.00885302
1787173200,3890899.0,3890899.0,3890899.0,3890899.0,0.02334677
1787176800,3890899.0,3890899.0,3890899.0,3890899.0,0.0
1787180400,3887791.0,3887791.0,3700000.0,3743769.0,5.22860115
1787184000,3743769.0,3917684.0,3700009.0,3700009.0,0.71868041
1787187600,3878190.0,3878190.0,3700076.0,3700076.0,0.03042316
1787191200,3875873.0,4100000.0,3700000.0,3867697.0,13.0982105
1787194800,3867697.0,3867697.0,3867697.0,3867697.0,0.0
1787198400,3890040.0,4099999.0,3889683.0,3926515.0,7.6196303
1787202000,3921796.0,3926614.0,3490000.0,3898965.0,22.95577695
1787205600,3898965.0,3924260.0,3895329.0,3923167.0,0.19169073
1787209200,3913992.0,3914000.0,3903207.0,3903207.0,0.2874984
1787212800,3902000.0,3902000.0,3901997.0,3901997.0,0.15067565
1787216400,3900113.0,3901996.0,3651035.0,3898000.0,4.28807614
1787220000,3858024.0,3897000.0,3854869.0,3897000.0,1.02946621
1787223600,3855320.0,3855320.0,3855320.0,3855320.0,0.04133179
1787227200,3892437.0,3892437.0,3854815.0,3887988.0,0.28301559
1787230800,3887988.0,3887988.0,3887988.0,3887988.0,0.0
1787234400,3854815.0,3854815.0,3849688.0,3849688.0,0.02733942
1787238000,3885996.0,3885996.0,3867447.0,3867447.0,0.03363661
1787241600,3854659.0,3884329.0,3827036.0,3842834.0,0.19580196
1787245200,3831467.0,3867146.0,3831467.0,3867146.0,0.0306683
1787248800,3831286.0,3867150.0,3831286.0,3867150.0,0.08432278
1787252400,3867150.0,3867150.0,3661001.0,3661001.0,3.18405135
1787256000,3830840.0,3832528.0,3827536.0,3831489.0,1.49349798
1787259600,3832599.0,3832599.0,3832599.0,3832599.0,0.01206209
1787263200,3731479.0,3867150.0,3731479.0,3867150.0,0.01029521
1787266800,3867150.0,3867150.0,3867150.0,3867150.0,0.0
1787270400,3832183.0,3832183.0,3831548.0,3831548.0,0.30930759
1787274000,3731551.0,3865997.0,3731551.0,3865997.0,0.01779995
1787277600,3865997.0,3865998.0,3833742.0,3833742.0,0.03534288
1787281200,3857019.0,3857019.0,3829657.0,3829657.0,0.0258395
1787284800,3750000.0,3865000.0,3731476.0,3865000.0,0.02696609
1787288400,3829931.0,3830737.0,3829931.0,3830004.0,0.67414995
1787292000,3848339.0,3848339.0,3848339.0,3848339.0,0.00258786
1787295600,3840000.0,3848339.0,3831596.0,3831596.0,0.14698388
1787299200,3848339.0,3863993.0,3831592.0,3831592.0,0.18894293
1787302800,3834487.0,3839995.0,3661012.0,3839995.0,2.74161762
1787306400,3818230.0,3879642.0,3817029.0,3879642.0,4.66770569
1787310000,3831783.0,3831783.0,3831783.0,3831783.0,0.00458711
1787313600,3877996.0,3877996.0,3874000.0,3874000.0,0.3607337
1787317200,3873996.0,3873996.0,3828963.0,3828963.0,0.0257073
1787320800,3828966.0,3873000.0,3785758.0,3785758.0,1.09883792
1787324400,3785758.0,3785758.0,3785758.0,3785758.0,0.00885302
1787328000,3870000.0,3890000.0,3789254.0,3789259.0,0.26563498
1787331600,3789255.0,3839763.0,3785758.0,3839763.0,0.34808768
1787335200,3830888.0,3830969.0,3830888.0,3830969.0,0.01771008
1787338800,3830969.0,3830969.0,3830969.0,3830969.0,0.0
1787342400,3830969.0,3830969.0,3830969.0,3830969.0,0.0
1787346000,3830231.0,3830231.0,3785758.0,3785758.0,0.00773566
1787349600,3831298.0,3831298.0,3831298.0,3831298.0,0.00389893
1787353200,3785758.0,3790000.0,3750000.0,3776358.0,0.58085562
1787356800,3776358.0,3776358.0,3776358.0,3776358.0,0.0
1787360400,3835210.0,3835210.0,3835210.0,3835210.0,0.00259672
1787364000,3787584.0,3787584.0,3779336.0,3779336.0,0.27287165
1787367600,3857323.0,3857323.0,3857323.0,3857323.0,0.00258184
1787371200,3839301.0,3839301.0,3839301.0,3839301.0,0.00682624
1787374800,3835388.0,3835388.0,3775485.0,3830227.0,0.11731065
1787378400,3831120.0,3831120.0,3830942.0,3830942.0,0.03675787
1787382000,3779615.0,3779615.0,3779615.0,3779615.0,0.00603872
1787385600,3779615.0,3779615.0,3779615.0,3779615.0,0.07992734
1787389200,3779615.0,3830206.0,3779615.0,3830206.0,0.04606345
1787392800,3779615.0,3827919.0,3776885.0,3827919.0,0.18633054
1787396400,3827913.0,3827918.0,3776533.0,3827918.0,0.21197683
1787400000,3800000.0,3827917.0,3800000.0,3800000.0,0.15102954
1787403600,3800000.0,3800000.0,3800000.0,3800000.0,0.01852392
1787407200,3782840.0,3827918.0,3779164.0,3780738.0,0.86864685
1787410800,3827917.0,3827918.0,3773905.0,3827918.0,0.37234858
1787414400,3827918.0,3827918.0,3827918.0,3827918.0,0.11551004
1787418000,3779161.0,3779161.0,3779161.0,3779161.0,0.02745418
1787421600,3827918.0,3827918.0,3827918.0,3827918.0,0.052138
1787425200,3827918.0,3827918.0,3827918.0,3827918.0,0.0
1787428800,3827918.0,3827918.0,3827918.0,3827918.0,0.0
1787432400,3784067.0,3784067.0,3784067.0,3784067.0,0.53076676
1787436000,3778635.0,3778635.0,3750000.0,3750000.0,0.47759891
1787439600,3750000.0,3750000.0,3750000.0,3750000.0,0.0
1787443200,3827918.0,3827919.0,3827918.0,3827919.0,1.00260121
1787446800,3827919.0,3827919.0,3827919.0,3827919.0,0.01614976
1787450400,3794929.0,3827919.0,3794929.0,3797382.0,0.29275002
1787454000,3827919.0,3827919.0,3827919.0,3827919.0,1.57837612
1787457600,3801412.0,3802463.0,3791600.0,3791600.0,0.05820678
1787461200,3827919.0,3827919.0,3801237.0,3801237.0,0.02191195
1787464800,3827919.0,3827919.0,3827919.0,3827919.0,0.5024939
1787468400,3791600.0,3830206.0,3791600.0,3830206.0,0.06536861
1787472000,3791600.0,3830206.0,3791600.0,3830206.0,0.09279547
1787475600,3830206.0,3830206.0,3830206.0,3830206.0,0.0
1787479200,3830206.0,3830206.0,3830206.0,3830206.0,0.00260012
1787482800,3830206.0,4095000.0,3750000.0,3812800.0,12.64152218
1787486400,3828932.0,3883053.0,3828932.0,3883053.0,0.26956654
1787490000,3884653.0,4084997.0,3879675.0,4084988.0,0.62645569
1787493600,3879676.0,4084988.0,3877188.0,3877189.0,0.2130878
1787497200,3877188.0,3889633.0,3869718.0,3869718.0,0.21788426
1787500800,3869718.0,3869718.0,3865539.0,3865539.0,0.03763009
1787504400,3865539.0,3865539.0,3865539.0,3865539.0,0.00260012
1787508000,3884866.0,3884866.0,3884866.0,3884866.0,0.00256353
1787511600,3884866.0,3896570.0,3884866.0,3894969.0,0.31240821
1787515200,3899515.0,3903177.0,3899515.0,3903177.0,0.00899579
1787518800,3865539.0,3865539.0,3863870.0,3863870.0,0.01261955
1787522400,3863870.0,3863870.0,3863870.0,3863870.0,0.0
1787526000,3888988.0,3888988.0,3861263.0,3861263.0,0.12226833
1787529600,3861263.0,3861263.0,3848065.0,3848065.0,0.13309033
1787533200,3848065.0,3848065.0,3848065.0,3848065.0,0.0
1787536800,3845339.0,3845339.0,3843862.0,3843862.0,0.86005408
1787540400,3857889.0,3906834.0,3843862.0,3906834.0,0.2812648
1787544000,3850522.0,3850522.0,3850522.0,3850522.0,0.0064212
1787547600,3843862.0,3843862.0,3839562.0,3839562.0,3.80015871
1787551200,3839562.0,3846105.0,3833785.0,3839927.0,0.09002918
1787554800,3832260.0,3832260.0,3829414.0,3829414.0,0.02529504
1787558400,3829414.0,3829414.0,3829414.0,3829414.0,0.0
1787562000,3829414.0,3829414.0,3829414.0,3829414.0,0.0
1787565600,3841566.0,3848561.0,3830439.0,3830439.0,0.07753841
1787569200,3829414.0,3832461.0,3806403.0,3832461.0,0.39878892
1787572800,3828157.0,3836929.0,3803870.0,3836929.0,0.05212241
1787576400,3803870.0,3803870.0,3727710.0,3743367.0,4.45666381
1787580000,3729734.0,3848558.0,3727709.0,3727709.0,0.23093598
1787583600,3727710.0,3727710.0,3727710.0,3727710.0,0.00511976
1787587200,3727711.0,3766941.0,3705000.0,3705000.0,3.10688112
1787590800,3754112.0,3754112.0,3710000.0,3746494.0,1.0159926
1787594400,3748971.0,3748971.0,3730874.0,3746036.0,1.42889283
1787598000,3723508.0,3723508.0,3723508.0,3723508.0,0.26299956
1787601600,3747439.0,3750217.0,3747439.0,3750217.0,0.00598288
1787605200,3710002.0,3710002.0,3710002.0,3710002.0,0.00299144
1787608800,3729273.0,3730361.0,3710002.0,3710002.0,0.02046168
1787612400,3730350.0,3730350.0,3710002.0,3710002.0,0.01145414
1787616000,3710002.0,3710002.0,3710002.0,3710002.0,0.0
1787619600,3728194.0,3738364.0,3728194.0,3738364.0,0.0444906
1787623200,3742100.0,3743958.0,3741959.0,3743958.0,0.01452405
1787626800,3747601.0,3753904.0,3747601.0,3753904.0,0.01190446
1787630400,3730002.0,3751789.0,3730002.0,3751789.0,0.00909841
1787634000,3753904.0,3780500.0,3753904.0,3780500.0,0.12008403
1787637600,3769992.0,3769992.0,3764870.0,3764870.0,0.07949293
1787641200,3780500.0,3780500.0,3751789.0,3751789.0,0.04074017
1787644800,3751789.0,3766707.0,3751789.0,3766707.0,0.05954773
1787648400,3766706.0,3775345.0,3766706.0,3766706.0,0.01071554
1787652000,3780500.0,3780500.0,3710002.0,3780500.0,1.44278087
1787655600,3755777.0,3780500.0,3755777.0,3762906.0,0.04750218
1787659200,3710701.0,3768963.0,3710410.0,3760307.0,0.14279572
1787662800,3767748.0,3780494.0,3767748.0,3780494.0,0.10660417
1787666400,3776597.0,3776597.0,3776597.0,3776597.0,0.00632923
1787670000,3760866.0,3761234.0,3751627.0,3751627.0,0.02290319
1787673600,3780500.0,3780500.0,3780500.0,3780500.0,0.02527337
1787677200,3780500.0,3780500.0,3742387.0,3780500.0,0.13158919
1787680800,3750000.0,3780500.0,3750000.0,3780500.0,0.26016276
1787684400,3750000.0,3808247.0,3750000.0,3808247.0,0.44441611
1787688000,3753196.0,3753196.0,3753196.0,3753196.0,0.00518887
1787691600,3808247.0,3873357.0,3808247.0,3873357.0,3.57114007
1787695200,3819054.0,3819054.0,3761717.0,3761717.0,0.01333668
1787698800,3761717.0,3761717.0,3761717.0,3761717.0,0.0
1787702400,3761717.0,3761717.0,3761717.0,3761717.0,0.0
1787706000,3873357.0,3873357.0,3778228.0,3796185.0,1.20883553
1787709600,3778230.0,3802522.0,3778230.0,3802522.0,0.00728591
1787713200,3802522.0,3802522.0,3802522.0,3802522.0,0.0
1787716800,3778234.0,3807096.0,3778228.0,3807096.0,0.33287254
1787720400,3807092.0,3807092.0,3778232.0,3778232.0,0.00926531
1787724000,3778232.0,3778232.0,3778232.0,3778232.0,0.0
1787727600,3778232.0,3807096.0,3778232.0,3807096.0,0.01774209
1787731200,3807096.0,3807096.0,3778232.0,3778232.0,0.01084508
1787734800,3807096.0,3807096.0,3807096.0,3807096.0,0.00544404
1787738400,3778228.0,3778228.0,3778228.0,3778228.0,0.02034624
1787742000,3807092.0,3807092.0,3778228.0,3801835.0,0.05427103
1787745600,3778228.0,3778228.0,3778228.0,3778228.0,0.02078147
1787749200,3778228.0,3778228.0,3774375.0,3774375.0,0.53701033
1787752800,3784867.0,3784867.0,3761717.0,3761717.0,0.52377535
1787756400,3761717.0,3761717.0,3761717.0,3761717.0,0.0
1787760000,3759735.0,3759735.0,3748565.0,3748565.0,0.57803098
1787763600,3757150.0,3757150.0,3757150.0,3757150.0,0.00265067
1787767200,3769649.0,3769649.0,3742980.0,3742980.0,0.00774147
1787770800,3742980.0,3742980.0,3742980.0,3742980.0,0.05252962
1787774400,3742980.0,3742980.0,3666261.0,3666261.0,7.01628394
1787778000,3807096.0,3875776.0,3807096.0,3875776.0,4.23236123
1787781600,3850554.0,3850554.0,3849499.0,3849499.0,0.4786563
1787785200,3880439.0,3897143.0,3880439.0,3897143.0,1.54243234
1787788800,3865686.0,3865686.0,3853193.0,3853193.0,0.27572791
1787792400,3899086.0,3910501.0,3895234.0,3910501.0,1.18920378
1787796000,3901390.0,3901390.0,3901390.0,3901390.0,0.51584153
1787799600,3911070.0,3913078.0,3901390.0,3913078.0,0.15925082
1787803200,3913078.0,3913078.0,3913078.0,3913078.0,0.00254505
1787806800,3913076.0,4100000.0,3901390.0,3944462.0,2.94036144
1787810400,3901392.0,3901392.0,3901390.0,3901390.0,0.60126496
1787814000,3949991.0,3961162.0,3901394.0,3959910.0,0.54070976
1787817600,3955924.0,3971225.0,3901390.0,3971225.0,1.47377866
1787821200,4014681.0,4014681.0,3901390.0,3960494.0,2.02506355
1787824800,4001781.0,4013741.0,4001781.0,4013741.0,0.00745109
1787828400,3959702.0,3976150.0,3959690.0,3964816.0,0.63988787
1787832000,3977135.0,3977135.0,3959690.0,3969997.0,0.50048601
1787835600,3963030.0,3963030.0,3959690.0,3959690.0,0.7784257
1787839200,3980042.0,4380000.0,3901390.0,3971932.0,13.55489924
1787842800,4018026.0,4018030.0,3995770.0,4018026.0,0.85955662
1787846400,4003419.0,4073849.0,4003419.0,4073849.0,1.52548285
1787850000,4073849.0,4104991.0,4036137.0,4084992.0,1.01209897
1787853600,4048029.0,4048029.0,3995770.0,3995770.0,1.12526633
1787857200,3995774.0,4058560.0,3995774.0,4058560.0,0.30866409
1787860800,4057839.0,4057839.0,4050495.0,4050495.0,0.0553849
1787864400,4046823.0,4046823.0,4039479.0,4039479.0,0.07219555
1787868000,4037669.0,4037669.0,4037669.0,4037669.0,0.01562436
1787871600,4042672.0,4087420.0,4035807.0,4087420.0,0.07675803
1787875200,4035807.0,4035807.0,4035807.0,4035807.0,0.00997718
1787878800,4051957.0,4051957.0,4048029.0,4048029.0,0.02891689
1787882400,4049275.0,4049275.0,4035807.0,4046239.0,0.18519993
1787886000,4035807.0,4049454.0,4032135.0,4032135.0,0.08756073
1787889600,4032135.0,4049447.0,4032135.0,4049447.0,0.07875572
1787893200,4032135.0,4043381.0,4032135.0,4032135.0,0.03934863
1787896800,4032135.0,4043378.0,4032135.0,4043378.0,0.03658986
1787900400,4032135.0,4043372.0,4024791.0,4043372.0,0.07103022
1787904000,4024791.0,4028030.0,4017447.0,4017447.0,0.06966945
1787907600,4017447.0,4028030.0,4017447.0,4028030.0,0.01251743
1787911200,4017447.0,4043378.0,4017447.0,4017447.0,0.14279494
1787914800,4043378.0,4043378.0,4043378.0,4043378.0,0.29596044
1787918400,4043378.0,4043378.0,4017447.0,4017447.0,0.26074312
1787922000,4043374.0,4043374.0,4017447.0,4017447.0,1.10198724
1787925600,4027673.0,4043378.0,3929135.0,3991102.0,2.05579069
1787929200,3977733.0,4043374.0,3929135.0,3929135.0,0.042729
1787932800,3929135.0,3936963.0,3925354.0,3936963.0,0.04957757
1787936400,3925354.0,3925354.0,3898303.0,3898303.0,2.55786918
1787940000,3914107.0,3914107.0,3877351.0,3877351.0,0.31062381
1787943600,3887858.0,3889465.0,3863110.0,3863110.0,0.15301692
1787947200,3863110.0,3863110.0,3863110.0,3863110.0,0.0
1787950800,3863110.0,3863110.0,3863110.0,3863110.0,0.0
1787954400,3894643.0,3894643.0,3894643.0,3894643.0,0.01281093
1787958000,3863110.0,3894643.0,3860180.0,3894643.0,0.11091204
1787961600,3896068.0,3896068.0,3860180.0,3860180.0,0.02068434
1787965200,3860183.0,3860183.0,3860183.0,3860183.0,0.05609759
1787968800,3894816.0,3894816.0,3860187.0,3860187.0,0.03279079
1787972400,3894816.0,4000000.0,3800000.0,3800000.0,7.08817284
1787976000,3903208.0,3903212.0,3844577.0,3902139.0,0.08810708
1787979600,3848267.0,3848267.0,3848267.0,3848267.0,0.05279668
1787983200,3849994.0,3855081.0,3849994.0,3855081.0,0.0330938
1787986800,3855081.0,3855081.0,3855081.0,3855081.0,0.0
1787990400,3860168.0,3910893.0,3860168.0,3910893.0,0.98900686
1787994000,3910357.0,3910357.0,3883668.0,3883668.0,0.00778772
1787997600,3883668.0,3883668.0,3883668.0,3883668.0,0.0
1788001200,3910296.0,3910296.0,3910296.0,3910296.0,0.00407488
1788004800,3910200.0,3910200.0,3883669.0,3883669.0,0.01359609
1788008400,3883669.0,3883669.0,3883669.0,3883669.0,0.00697795
1788012000,3883669.0,3883669.0,3883669.0,3883669.0,0.01229941
1788015600,3883669.0,3908214.0,3883669.0,3908214.0,0.02653361
1788019200,3910100.0,3910100.0,3910100.0,3910100.0,0.01994987
1788022800,3910100.0,3910100.0,3910100.0,3910100.0,0.0
1788026400,3910096.0,3910100.0,3910096.0,3910100.0,0.25515034
1788030000,3910100.0,3910100.0,3883669.0,3883669.0,0.01677353
1788033600,3910100.0,3910100.0,3910100.0,3910100.0,0.06325132
1788037200,3910000.0,3910000.0,3910000.0,3910000.0,0.00910792
1788040800,3910000.0,3910000.0,3910000.0,3910000.0,0.0
1788044400,3910000.0,3910000.0,3910000.0,3910000.0,0.0
1788048000,3883669.0,3883669.0,3875404.0,3875404.0,0.20732901
1788051600,3872649.0,3872649.0,3869895.0,3869895.0,0.01933312
1788055200,3867140.0,3867140.0,3856121.0,3856363.0,0.12011031
1788058800,3859987.0,3859987.0,3859987.0,3859987.0,0.00538332
1788062400,3859987.0,3859987.0,3857242.0,3857242.0,0.04616262
1788066000,3910348.0,3910348.0,3910348.0,3910348.0,0.00254683
1788069600,3908996.0,3908996.0,3908996.0,3908996.0,0.01290305
1788073200,3859996.0,3859996.0,3859996.0,3859996.0,0.0028919
1788076800,3859996.0,3859996.0,3859996.0,3859996.0,0.0
1788080400,3859996.0,3909000.0,3856187.0,3909000.0,0.05134046
1788084000,3857598.0,3857598.0,3857598.0,3857598.0,0.04153932
1788087600,3910348.0,3910348.0,3857594.0,3857594.0,0.05660477
1788091200,3857594.0,3908214.0,3857594.0,3908214.0,0.01982903
1788094800,3909103.0,3909643.0,3909103.0,3909643.0,0.32511128
1788098400,3910348.0,3910348.0,3910348.0,3910348.0,0.01748412
1788102000,3910348.0,3910348.0,3910348.0,3910348.0,0.0046694
1788105600,3858004.0,3900000.0,3858004.0,3858500.0,0.1258632
1788109200,3899996.0,3899996.0,3899996.0,3899996.0,0.00588205
1788112800,3899996.0,3899996.0,3858294.0,3858294.0,0.03965446
1788116400,3858294.0,3858294.0,3858294.0,3858294.0,0.0
1788120000,3858294.0,3858294.0,3858294.0,3858294.0,0.0
1788123600,3858294.0,3858294.0,3858294.0,3858294.0,0.0
1788127200,3896607.0,3896607.0,3896607.0,3896607.0,0.00511162
1788130800,3857590.0,3857590.0,3800000.0,3800000.0,1.53738446
1788134400,3893211.0,3893211.0,3800004.0,3893211.0,0.02050362
1788138000,3893211.0,3893211.0,3893211.0,3893211.0,0.00633589
1788141600,3893211.0,3893211.0,3893211.0,3893211.0,0.0
1788145200,3800008.0,3893211.0,3800004.0,3893211.0,0.1106889
1788148800,3893211.0,3893211.0,3893211.0,3893211.0,0.0
1788152400,3893210.0,3893211.0,3893210.0,3893211.0,0.02506876
1788156000,3800011.0,3893209.0,3790968.0,3893209.0,0.59353249
1788159600,3893209.0,3893209.0,3893209.0,3893209.0,0.00255804
1788163200,3893204.0,3893204.0,3809922.0,3815118.0,0.00845816
1788166800,3815118.0,3846295.0,3805070.0,3846295.0,0.07054601
1788170400,3846295.0,3846295.0,3846295.0,3846295.0,0.0
1788174000,3846295.0,3846295.0,3846295.0,3846295.0,0.0
1788177600,3846295.0,3851492.0,3846295.0,3851492.0,0.01292232
1788181200,3851492.0,3851492.0,3851492.0,3851492.0,0.0
1788184800,3851492.0,3851492.0,3851492.0,3851492.0,0.00357809
1788188400,3807080.0,3856688.0,3807080.0,3856688.0,0.02020612
1788192000,3807089.0,3856688.0,3807089.0,3856688.0,0.0085238
1788195600,3856688.0,3856688.0,3807128.0,3807128.0,0.01055706
1788199200,3856688.0,3867070.0,3856688.0,3867070.0,0.02584718
1788202800,3867070.0,3867080.0,3867070.0,3867080.0,0.01287665
1788206400,3867080.0,3867080.0,3867080.0,3867080.0,0.0
1788210000,3867080.0,3867080.0,3867080.0,3867080.0,0.0
1788213600,3807226.0,3807226.0,3807226.0,3807226.0,0.0176088
1788217200,3808111.0,3867080.0,3808111.0,3867080.0,0.00610846
1788220800,3867080.0,3877473.0,3867080.0,3877473.0,0.02572603
1788224400,3877473.0,3877473.0,3808122.0,3808122.0,0.01486446
1788228000,3877473.0,3887865.0,3877473.0,3887865.0,0.09602166
1788231600,3887865.0,3893057.0,3810006.0,3893057.0,0.14893102
1788235200,3810028.0,3830032.0,3810024.0,3810024.0,1.31482385
1788238800,3810254.0,3893061.0,3810254.0,3893061.0,0.00566215
1788242400,3893061.0,3900000.0,3893061.0,3900000.0,0.13657039
1788246000,3896259.0,3896259.0,3896259.0,3896259.0,0.00398083
1788249600,3897009.0,3903450.0,3810268.0,3810268.0,0.05533884
1788253200,3810268.0,3903450.0,3810264.0,3810272.0,0.56930724
1788256800,3810272.0,3810272.0,3810272.0,3810272.0,0.00279087
1788260400,3903450.0,3903450.0,3903450.0,3903450.0,0.16735525
1788264000,3903450.0,3908650.0,3903450.0,3908642.0,0.14197156
1788267600,3810409.0,3811008.0,3810409.0,3811008.0,0.02105208
1788271200,3908638.0,3908638.0,3908638.0,3908638.0,0.01967692
1788274800,3908387.0,3908387.0,3908387.0,3908387.0,0.00840858
1788278400,3908292.0,3908292.0,3882523.0,3882523.0,0.01189753
1788282000,3906996.0,3906996.0,3906996.0,3906996.0,0.01121089
1788285600,3882523.0,3906996.0,3869357.0,3869357.0,0.03591418
1788289200,3869357.0,3869357.0,3869357.0,3869357.0,0.0
1788292800,3869357.0,3869357.0,3866066.0,3866066.0,0.00421814
1788296400,3866066.0,3906988.0,3866066.0,3906988.0,0.01066709
1788300000,3866066.0,3866066.0,3856191.0,3856191.0,0.03234829
1788303600,3856191.0,3856191.0,3856191.0,3856191.0,0.00547975
1788307200,3856191.0,3856191.0,3856191.0,3856191.0,0.0
1788310800,3905992.0,3906000.0,3905000.0,3905000.0,0.51168391
1788314400,3904000.0,3904000.0,3904000.0,3904000.0,0.04636603
1788318000,3856191.0,3856191.0,3846317.0,3846317.0,0.12665692
1788321600,3846317.0,3904000.0,3843030.0,3904000.0,0.00784949
1788325200,3843030.0,3843030.0,3843030.0,3843030.0,0.02780318
1788328800,3903496.0,3903500.0,3903496.0,3903500.0,0.02913516
1788332400,3903500.0,3903500.0,3903500.0,3903500.0,0.0025513
1788336000,3903499.0,3903499.0,3903499.0,3903499.0,0.0098386
1788339600,3843030.0,3843030.0,3839734.0,3839734.0,0.04488592
1788343200,3903499.0,3903499.0,3902000.0,3902000.0,0.01138098
1788346800,3839734.0,3839734.0,3839734.0,3839734.0,0.00799589
1788350400,3839734.0,3839734.0,3836447.0,3836447.0,0.01492951
1788354000,3836447.0,3901000.0,3836447.0,3901000.0,0.21376947
1788357600,3900000.0,3911041.0,3900000.0,3911041.0,0.44761742
1788361200,3911041.0,3976955.0,3851000.0,3976955.0,0.66322823
1788364800,3976955.0,3976955.0,3852064.0,3852064.0,0.00800247
1788368400,3976955.0,3976955.0,3976951.0,3976951.0,0.0628549
1788372000,3976951.0,3976951.0,3976951.0,3976951.0,0.0
1788375600,3976951.0,3976951.0,3976951.0,3976951.0,0.0
1788379200,3957070.0,3957070.0,3914649.0,3914649.0,0.16453597
1788382800,3914653.0,3914653.0,3914653.0,3914653.0,0.05096467
1788386400,3914653.0,3976955.0,3914649.0,3976955.0,0.07202395
1788390000,3976951.0,3976951.0,3907583.0,3907583.0,0.09186487
1788393600,3983044.0,3983044.0,3907712.0,3983036.0,0.0568315
1788397200,3907712.0,3983048.0,3907712.0,3983040.0,0.30850679
1788400800,3982996.0,3982996.0,3982996.0,3982996.0,0.00275019
1788404400,3907820.0,3907820.0,3907816.0,3907816.0,0.76575334
1788408000,3907820.0,3907820.0,3907820.0,3907820.0,0.00520335
1788411600,3907868.0,3907882.0,3907868.0,3907882.0,0.01618983
1788415200,3907882.0,3907882.0,3907882.0,3907882.0,0.0
1788418800,3934222.0,3937519.0,3934222.0,3937519.0,0.00506064
1788422400,3937519.0,3947408.0,3937519.0,3947408.0,0.0162641
1788426000,3947408.0,3947408.0,3947408.0,3947408.0,0.0
1788429600,3907903.0,3947408.0,3907903.0,3947408.0,0.02167205
1788433200,3947408.0,3950705.0,3947408.0,3950705.0,0.01182963
1788436800,3907947.0,3963891.0,3907947.0,3963891.0,0.15904417
1788440400,3963000.0,3982986.0,3963000.0,3982986.0,3.04252605
1788444000,3989141.0,3993061.0,3909071.0,3909071.0,0.28206534
1788447600,3974925.0,3976000.0,3909061.0,3976000.0,0.04359609
1788451200,3976000.0,3976000.0,3976000.0,3976000.0,0.25402112
1788454800,3976000.0,4500000.0,3976000.0,4500000.0,40.09524965
1788458400,4499992.0,4499992.0,3966567.0,3966682.0,0.21658541
1788462000,4489994.0,4489995.0,4489994.0,4489995.0,0.02353499
1788465600,3966685.0,4027660.0,3966683.0,4027660.0,0.2610655
1788469200,3966727.0,4028340.0,3966721.0,4028340.0,0.20480994
1788472800,4028340.0,4028340.0,4028340.0,4028340.0,0.0
1788476400,4045226.0,4089234.0,4045226.0,4089234.0,0.06180513
1788480000,3966711.0,4444444.0,3966706.0,4046378.0,2.03901446
1788483600,4046379.0,4074996.0,3876954.0,3936332.0,2.97922886
1788487200,3936332.0,3976326.0,3936332.0,3976326.0,0.04689363
1788490800,3976326.0,3986325.0,3976325.0,3986325.0,0.03682807
1788494400,3986325.0,3986325.0,3986325.0,3986325.0,0.7717376
1788498000,3986324.0,3996323.0,3986324.0,3996323.0,0.09408069
1788501600,3996323.0,4006322.0,3996323.0,4006322.0,0.00895562
1788505200,4006322.0,4064203.0,3878695.0,3878695.0,0.94363652
1788508800,4064199.0,4064199.0,3878933.0,3878933.0,0.03655822
1788512400,4064198.0,4064198.0,4064198.0,4064198.0,0.01827911
1788516000,4064199.0,4064199.0,3960001.0,3960001.0,0.43968512
1788519600,4062996.0,4062996.0,3961004.0,3961004.0,0.11795745
1788523200,3961004.0,4058007.0,3961004.0,4058007.0,0.02080721
1788526800,3961019.0,4098043.0,3961019.0,4098043.0,20.04900602
1788530400,4103579.0,4111450.0,4015000.0,4015000.0,1.34046981
1788534000,4087998.0,4094278.0,4079007.0,4079007.0,0.01961064
1788537600,4072249.0,4078073.0,4017000.0,4078073.0,0.17801242
1788541200,4071587.0,4071683.0,4017000.0,4017000.0,0.04091696
1788544800,4017000.0,4050409.0,4017000.0,4050384.0,0.10856285
1788548400,4050404.0,4050407.0,4045803.0,4045803.0,0.10585474
1788552000,4041696.0,4041696.0,4033481.0,4033481.0,0.0612056
1788555600,4029374.0,4029374.0,3997984.0,3997984.0,0.10809372
1788559200,4037585.0,4037585.0,3988208.0,4037585.0,0.04841202
1788562800,3988208.0,3988208.0,3988208.0,3988208.0,0.00255401
1788566400,4049710.0,4049710.0,4049710.0,4049710.0,0.00245918
1788570000,3998210.0,4049712.0,3998210.0,4049712.0,0.01545546
1788573600,3998210.0,3998210.0,3998210.0,3998210.0,0.01016005
1788577200,4049000.0,4049000.0,3961000.0,3965000.0,0.51265734
1788580800,4049000.0,4049712.0,4049000.0,4049712.0,0.0363879
1788584400,3966009.0,4049711.0,3966009.0,4049711.0,0.06977943
1788588000,4049711.0,4049712.0,4049711.0,4049712.0,0.01412346
1788591600,3971001.0,4049716.0,3971001.0,4049716.0,0.24112237
1788595200,3971001.0,3971001.0,3971000.0,3971000.0,0.02529614
1788598800,3972001.0,3972001.0,3972001.0,3972001.0,0.02978793
1788602400,4048990.0,4048991.0,3972100.0,3972100.0,0.15758187
1788606000,4048990.0,4048990.0,3975000.0,3976000.0,0.04402787
1788609600,3977000.0,3980000.0,3977000.0,3980000.0,0.16224016
1788613200,4048491.0,4048496.0,3980050.0,4048491.0,0.03460417
1788616800,4048491.0,4048491.0,4048491.0,4048491.0,0.00953491
1788620400,4048491.0,4049716.0,4048491.0,4049716.0,0.16154436
1788624000,4049716.0,4049716.0,4048491.0,4049716.0,0.05142035
1788627600,4048491.0,4049716.0,4048491.0,4048491.0,0.0851734
1788631200,4049716.0,4049716.0,4049716.0,4049716.0,0.03459821
1788634800,4049716.0,4049716.0,4049716.0,4049716.0,0.01308042
1788638400,4048491.0,4049716.0,4048491.0,4049716.0,0.02533565
1788642000,4049716.0,4049716.0,4049716.0,4049716.0,0.0
1788645600,4048491.0,4300000.0,4048491.0,4048491.0,6.05527053
1788649200,4048491.0,4300000.0,4048491.0,4145737.0,0.50345354
1788652800,4067511.0,4067511.0,4067511.0,4067511.0,0.09270804
1788656400,4048491.0,4048491.0,4048491.0,4048491.0,0.03752681
1788660000,4094854.0,4145733.0,4063408.0,4145733.0,0.70259706
1788663600,4141939.0,4145733.0,4141939.0,4145733.0,0.01229317
1788667200,4141939.0,4141939.0,4141939.0,4141939.0,0.01661083
1788670800,4130117.0,4130117.0,4118291.0,4118291.0,0.11005824
1788674400,4118287.0,4118287.0,4118281.0,4118283.0,0.06868806
1788678000,4106473.0,4118283.0,4106473.0,4118283.0,0.44339056
1788681600,4118283.0,4462643.0,4106473.0,4197032.0,2.81580005
1788685200,4197032.0,4214536.0,4106476.0,4144510.0,0.68991438
1788688800,4144514.0,4144514.0,4144514.0,4144514.0,0.00459088
1788692400,4144500.0,4162016.0,4106477.0,4106477.0,0.11299972
1788696000,4106477.0,4162007.0,4094651.0,4094652.0,0.11890045
1788699600,4162006.0,4197033.0,4094652.0,4197033.0,0.36776863
1788703200,4094652.0,4197023.0,4094652.0,4094653.0,0.16223295
1788706800,4197011.0,4198260.0,4099000.0,4099000.0,1.7541678
1788710400,4195996.0,4195996.0,4071009.0,4174990.0,2.17651306
1788714000,4174990.0,4174990.0,4174990.0,4174990.0,0.0
1788717600,4071009.0,4071009.0,4071009.0,4071009.0,0.04621748
1788721200,4102649.0,4110814.0,4071008.0,4071008.0,0.09284424
1788724800,4071008.0,4071008.0,4071008.0,4071008.0,0.21275197
1788728400,4071008.0,4071008.0,4071008.0,4071008.0,0.0
1788732000,4110814.0,4127143.0,4063462.0,4127139.0,0.21351828
1788735600,4125996.0,4125996.0,4123996.0,4123996.0,0.02431172
1788739200,4063462.0,4063462.0,4050000.0,4050004.0,0.65883556
1788742800,4109992.0,4109992.0,4109992.0,4109992.0,0.04846262
1788746400,4104996.0,4105000.0,4048491.0,4102000.0,1.36296844
1788750000,4101996.0,4101996.0,4048609.0,4101995.0,0.01536384
1788753600,4055029.0,4101490.0,4048597.0,4101490.0,0.77541731
1788757200,4100995.0,4100995.0,4048626.0,4048626.0,0.0237986
1788760800,4048626.0,4100483.0,4048597.0,4048601.0,0.3127684
1788764400,4100465.0,4100465.0,4048739.0,4048827.0,0.01367987
1788768000,4048867.0,4048888.0,4048867.0,4048888.0,0.04305078
1788771600,4094857.0,4099995.0,4093526.0,4099995.0,0.06687765
1788775200,4099995.0,4099995.0,4090647.0,4090647.0,0.08787792
1788778800,4049055.0,4090647.0,4049055.0,4090647.0,0.0350536
1788782400,4090647.0,4090651.0,3900009.0,3900009.0,2.5698888
1788786000,4089996.0,4089996.0,3901352.0,4088992.0,0.07224136
1788789600,3901534.0,4088977.0,3901532.0,4088977.0,0.07268346
1788793200,4088944.0,4137608.0,3901475.0,4085657.0,2.7164118
1788796800,4109990.0,4109991.0,4077846.0,4077846.0,0.10978056
1788800400,4077842.0,4077842.0,4046581.0,4046589.0,0.19616541
1788804000,4109991.0,4109991.0,4109991.0,4109991.0,0.00519367
1788807600,4046593.0,4046593.0,4046593.0,4046593.0,0.01128852
1788811200,4046601.0,4046601.0,4046601.0,4046601.0,0.00492184
1788814800,4046601.0,4046601.0,4046601.0,4046601.0,0.0
1788818400,4046599.0,4046599.0,4046599.0,4046599.0,0.00459088
1788822000,4046624.0,4108990.0,4046624.0,4108990.0,0.00814241
1788825600,4046635.0,4046635.0,4046589.0,4046589.0,0.23883174
1788829200,4083596.0,4108986.0,4046609.0,4046609.0,0.06668594
1788832800,4100000.0,4100000.0,4046599.0,4096197.0,0.16071618
1788836400,4099991.0,4100000.0,4099991.0,4100000.0,0.03938273
1788840000,4099991.0,4104044.0,4099991.0,4104044.0,0.15086377
1788843600,4104044.0,4104044.0,4104044.0,4104044.0,0.0
1788847200,4080639.0,4080639.0,4046599.0,4046599.0,0.02701788
1788850800,4046599.0,4046599.0,4046599.0,4046599.0,0.0
1788854400,4075856.0,4075859.0,4075856.0,4075859.0,0.02474694
1788858000,4046602.0,4046602.0,4046602.0,4046602.0,0.01008268
1788861600,4104996.0,4104996.0,4046618.0,4072087.0,0.03108678
1788865200,4072087.0,4072087.0,4072087.0,4072087.0,0.0
1788868800,4077178.0,4105000.0,4077178.0,4105000.0,0.16457069
1788872400,4104995.0,4104996.0,4046581.0,4046581.0,0.1093155
1788876000,4099995.0,4100000.0,4018648.0,4100000.0,1.55984108
1788879600,4098995.0,4098995.0,4008794.0,4008794.0,0.03959344
1788883200,4008794.0,4097996.0,4008794.0,4097996.0,0.11190035
1788886800,4097991.0,4098000.0,4097991.0,4098000.0,0.24302244
1788890400,4097990.0,4097990.0,4009000.0,4009000.0,0.0075068
1788894000,4097990.0,4097996.0,4097990.0,4097996.0,0.01217522
1788897600,4097996.0,4097996.0,4097996.0,4097996.0,0.00243021
1788901200,4009000.0,4009000.0,4009000.0,4009000.0,0.00972614
1788904800,4009000.0,4009000.0,4009000.0,4009000.0,0.4832442
1788908400,4010000.0,4010000.0,4000000.0,4000000.0,0.05965277
1788912000,4095995.0,4096000.0,4095995.0,4096000.0,0.12943419
1788915600,4094996.0,4094996.0,4094996.0,4094996.0,0.03661467
1788919200,4094996.0,4094996.0,4094996.0,4094996.0,0.0
1788922800,4094996.0,4094996.0,4094996.0,4094996.0,0.0
1788926400,4093995.0,4094000.0,4093995.0,4094000.0,0.04148657
1788930000,4093993.0,4093996.0,4093993.0,4093996.0,0.0478425
1788933600,4000100.0,4092975.0,3900000.0,4092975.0,6.09030674
1788937200,4092975.0,4092975.0,4092975.0,4092975.0,0.0
1788940800,3910094.0,3910094.0,3910094.0,3910094.0,0.00438557
1788944400,3910254.0,4089959.0,3910232.0,4089959.0,0.08505964
1788948000,3915046.0,3915046.0,3915046.0,3915046.0,0.05244689
1788951600,3910214.0,4079959.0,3910159.0,4079813.0,0.15880463
1788955200,4049968.0,4049968.0,3910159.0,3910159.0,0.01570349
1788958800,4049909.0,4079958.0,3910163.0,4079958.0,0.44985739
