ts,open,high,low,close,volume
1776241800,3208512.0,3208512.0,3208512.0,3208512.0,0.01555072
1776243600,3208512.0,3208512.0,3208512.0,3208512.0,0.0
1776245400,3208512.0,3208512.0,3208512.0,3208512.0,0.0
1776247200,3208512.0,3208512.0,3208512.0,3208512.0,0.0
1776249000,3208512.0,3208512.0,3208512.0,3208512.0,0.0
1776250800,3208512.0,3208512.0,3208512.0,3208512.0,0.0
1776252600,3208512.0,3208512.0,3208512.0,3208512.0,0.0
1776254400,3208512.0,3208512.0,3208512.0,3208512.0,0.0
1776256200,3208512.0,3208512.0,3208512.0,3208512.0,0.0
1776258000,3208512.0,3208512.0,3208512.0,3208512.0,0.0
1776259800,3208512.0,3208512.0,3208512.0,3208512.0,0.0
1776261600,3208512.0,3208512.0,3208512.0,3208512.0,0.0
1776263400,3208512.0,3208512.0,3208512.0,3208512.0,0.0
1776265200,3208512.0,3208512.0,3208512.0,3208512.0,0.0
1776267000,3208512.0,3208512.0,3208512.0,3208512.0,0.0
1776268800,3208512.0,3208512.0,3208512.0,3208512.0,0.0
1776270600,3208512.0,3208512.0,3208512.0,3208512.0,0.0
1776272400,3208512.0,3208512.0,3208512.0,3208512.0,0.0
1776274200,3208512.0,3208512.0,3208512.0,3208512.0,0.0
1776276000,3208512.0,3208512.0,3208512.0,3208512.0,0.0
1776277800,3208512.0,3208512.0,3208512.0,3208512.0,0.0
1776279600,3208512.0,3208512.0,3208512.0,3208512.0,0.0
1776281400,3208512.0,3208512.0,3208512.0,3208512.0,0.0
1776283200,3208512.0,3208512.0,3208512.0,3208512.0,0.0
1776285000,3208512.0,3208512.0,3208512.0,3208512.0,0.0
1776286800,3208512.0,3208512.0,3208512.0,3208512.0,0.0
1776288600,3208512.0,3208512.0,3208512.0,3208512.0,0.0
1776290400,3208512.0,3208512.0,3208512.0,3208512.0,0.0
1776292200,3208512.0,3208512.0,3208512.0,3208512.0,0.0
1776294000,3208512.0,3208512.0,3208512.0,3208512.0,0.0
1776295800,3208512.0,3208512.0,3208512.0,3208512.0,0.0
1776297600,3208512.0,3208512.0,3208512.0,3208512.0,0.0
1776299400,3208512.0,3208512.0,3208512.0,3208512.0,0.0
1776301200,3208512.0,3208512.0,3208512.0,3208512.0,0.0
1776303000,3208512.0,3208512.0,3208512.0,3208512.0,0.0
1776304800,3208512.0,3208512.0,3208512.0,3208512.0,0.0
1776306600,3208512.0,3208512.0,3208512.0,3208512.0,0.0
1776308400,3208512.0,3208512.0,3208512.0,3208512.0,0.0
1776310200,3208512.0,3208512.0,3208512.0,3208512.0,0.0
1776312000,3208512.0,3208512.0,3208512.0,3208512.0,0.0
1776313800,3208512.0,3208512.0,3208512.0,3208512.0,0.0
1776315600,3208512.0,3208512.0,3208512.0,3208512.0,0.0
1776317400,3208512.0,3208512.0,3208512.0,3208512.0,0.0
1776319200,3208512.0,3208512.0,3208512.0,3208512.0,0.0
1776321000,3208512.0,3208512.0,3208512.0,3208512.0,0.0
1776322800,3470601.0,4999997.0,3420000.0,3464135.0,1.40376955
1776324600,3463908.0,3464258.0,3461860.0,3461860.0,0.08566359
1776326400,3000001.0,3463785.0,3000001.0,3454947.0,0.71039251
1776328200,3454909.0,3454909.0,3453254.0,3453254.0,0.01944581
1776330000,3453132.0,3459688.0,3453132.0,3459688.0,0.5567248
1776331800,3456693.0,3460341.0,3453000.0,3453000.0,1.46972844
1776333600,3457123.0,4000000.0,3450000.0,3450000.0,1.92699138
1776335400,3450000.0,3450000.0,3374067.0,3441624.0,1.35453539
1776337200,3425084.0,3442747.0,3425084.0,3434226.0,1.67183037
1776339000,3434617.0,3434692.0,3374067.0,3427725.0,1.04980674
1776340800,3427701.0,3429475.0,3374067.0,3374067.0,2.18219878
1776342600,3374067.0,3374067.0,3356126.0,3374067.0,0.30772781
1776344400,3374067.0,3998000.0,3374067.0,3429423.0,0.45916077
1776346200,3399337.0,3997999.0,3356007.0,3356008.0,0.70368432
1776348000,3856008.0,3856008.0,3356007.0,3422944.0,0.24457397
1776349800,3431223.0,3431223.0,3431223.0,3431223.0,0.00290246
1776351600,3443023.0,3458989.0,3443023.0,3458989.0,3.19015467
1776353400,3459000.0,3699998.0,3378878.0,3453899.0,1.19077646
1776355200,3450000.0,3454129.0,3450000.0,3454129.0,0.06181482
1776357000,3449550.0,3449550.0,3445985.0,3449008.0,1.38056656
1776358800,3378628.0,3443019.0,3378628.0,3442147.0,0.23244723
1776360600,3441021.0,3441021.0,3441021.0,3441021.0,0.00318393
1776362400,3433152.0,3436325.0,3400007.0,3436325.0,1.17563762
1776364200,3436960.0,3436960.0,3436960.0,3436960.0,0.00744029
1776366000,3436960.0,3436960.0,3436960.0,3436960.0,0.0
1776367800,3445601.0,3445601.0,3445601.0,3445601.0,0.00611504
1776369600,3439075.0,3439075.0,3432452.0,3432452.0,0.02780099
1776371400,3432452.0,3432452.0,3432452.0,3432452.0,0.0
1776373200,3432452.0,3432452.0,3432452.0,3432452.0,0.0
1776375000,3432452.0,3432452.0,3432452.0,3432452.0,0.0
1776376800,3432452.0,3432452.0,3432452.0,3432452.0,0.0
1776378600,3427681.0,3427681.0,3427681.0,3427681.0,0.26522275
1776380400,3427681.0,3427681.0,3427681.0,3427681.0,0.00837475
1776382200,3427681.0,3427681.0,3427681.0,3427681.0,0.58109579
1776384000,3427681.0,3427681.0,3400010.0,3427681.0,0.06136472
1776385800,3427681.0,3427681.0,3427681.0,3427681.0,0.03173632
1776387600,3400010.0,3427681.0,3400010.0,3400010.0,0.03523835
1776389400,3427681.0,3427681.0,3427681.0,3427681.0,0.05673544
1776391200,3427681.0,3700000.0,3400010.0,3440811.0,0.59870191
1776393000,3699996.0,3700000.0,3401010.0,3401010.0,0.31535254
1776394800,3401010.0,3700000.0,3401010.0,3401020.0,0.14699662
1776396600,3438363.0,3441991.0,3437375.0,3437375.0,1.91501577
1776398400,3436826.0,3438547.0,3436826.0,3438547.0,0.08725532
1776400200,3438503.0,3690000.0,3362637.0,3362637.0,3.42512067
1776402000,3359561.0,3359561.0,3359561.0,3359561.0,0.00629019
1776403800,3434916.0,3435704.0,3434916.0,3435704.0,0.0115267
1776405600,3436056.0,3436056.0,3362056.0,3362056.0,0.01254087
1776407400,3433965.0,3435265.0,3362118.0,3362118.0,0.25966216
1776409200,3449983.0,3449983.0,3371847.0,3371847.0,0.03845425
1776411000,3371969.0,3450099.0,3371969.0,3450099.0,0.89877877
1776412800,3450091.0,3450091.0,3450091.0,3450091.0,0.00288659
1776414600,3450065.0,3450069.0,3450045.0,3450069.0,0.0819729
1776416400,3448933.0,3448933.0,3446244.0,3446244.0,0.29120361
1776418200,3445681.0,3452075.0,3379716.0,3452075.0,0.23513823
1776420000,3395680.0,3450775.0,3380176.0,3450097.0,0.1306969
1776421800,3450097.0,3450097.0,3450097.0,3450097.0,0.0
1776423600,3447042.0,3473002.0,3389999.0,3473002.0,1.47885009
1776425400,3459535.0,3459535.0,3390039.0,3452983.0,0.04768048
1776427200,3390115.0,3648999.0,3390115.0,3390331.0,0.10155162
1776429000,3390552.0,3462579.0,3390552.0,3396245.0,0.06100471
1776430800,3396863.0,3476465.0,3396863.0,3467594.0,0.09917549
1776432600,3468030.0,3473988.0,3423262.0,3471413.0,0.03502442
1776434400,3474062.0,3500000.0,3423353.0,3500000.0,0.05886832
1776436200,3461656.0,3464590.0,3399217.0,3464590.0,0.16680202
1776438000,3464818.0,3470724.0,3464818.0,3468305.0,0.39429049
1776439800,3470950.0,3477606.0,3400970.0,3477606.0,0.29348491
1776441600,3474336.0,3477643.0,3474336.0,3477643.0,0.00801462
1776443400,3469101.0,3470933.0,3469101.0,3470933.0,0.35365968
1776445200,3406072.0,3406072.0,3405999.0,3405999.0,0.00873606
1776447000,3405999.0,3466230.0,3405999.0,3466230.0,0.91375474
1776448800,3466230.0,3466230.0,3466230.0,3466230.0,0.01436575
1776450600,3466230.0,3466230.0,3466230.0,3466230.0,0.05206058
1776452400,3466230.0,3466230.0,3466230.0,3466230.0,0.00287315
1776454200,3466230.0,3466230.0,3466230.0,3466230.0,0.0057463
1776456000,3466230.0,3466230.0,3466230.0,3466230.0,0.00650274
1776457800,3415046.0,3466230.0,3415046.0,3466230.0,0.44580788
1776459600,3466230.0,3466230.0,3466230.0,3466230.0,0.0
1776461400,3466230.0,3466230.0,3466230.0,3466230.0,0.0
1776463200,3420401.0,3420401.0,3420401.0,3420401.0,0.0042362
1776465000,3466230.0,3466230.0,3466230.0,3466230.0,0.00287315
1776466800,3466230.0,3466230.0,3466230.0,3466230.0,0.01141932
1776468600,3466230.0,3466230.0,3466230.0,3466230.0,0.00308
1776470400,3420401.0,3466230.0,3420401.0,3466230.0,0.06516818
1776472200,3466230.0,3466230.0,3466230.0,3466230.0,0.0
1776474000,3466230.0,3466230.0,3420401.0,3465294.0,0.05994457
1776475800,3420401.0,3464406.0,3420401.0,3464406.0,0.01794072
1776477600,3420401.0,3464413.0,3420401.0,3464413.0,0.15092572
1776479400,3464413.0,3599965.0,3420401.0,3420401.0,4.16937414
1776481200,3470680.0,3477281.0,3420401.0,3477281.0,1.32094977
1776483000,3477281.0,3477281.0,3477281.0,3477281.0,0.16980422
1776484800,3481103.0,3589000.0,3481103.0,3589000.0,0.01936886
1776486600,3480408.0,3480408.0,3420420.0,3420420.0,0.06151788
1776488400,3472938.0,3472938.0,3420420.0,3467205.0,0.53000661
1776490200,3420420.0,3420420.0,3420420.0,3420420.0,0.01413363
1776492000,3469290.0,3469290.0,3420420.0,3420420.0,0.01148717
1776493800,3469637.0,3469637.0,3469637.0,3469637.0,0.02899035
1776495600,3471374.0,3478657.0,3420420.0,3478657.0,0.8529001
1776497400,3476064.0,3478663.0,3476064.0,3478663.0,0.15555541
1776499200,3478663.0,3478663.0,3478663.0,3478663.0,0.0
1776501000,3468595.0,3599999.0,3468595.0,3475524.0,2.19845406
1776502800,3475364.0,3477281.0,3472587.0,3472591.0,2.02632376
1776504600,3472591.0,3472591.0,3472591.0,3472591.0,0.0
1776506400,3472591.0,3472591.0,3472591.0,3472591.0,0.0
1776508200,3480060.0,3590000.0,3420518.0,3464078.0,0.59667032
1776510000,3469637.0,3590000.0,3420518.0,3467726.0,0.19877568
1776511800,3420518.0,3590000.0,3420518.0,3420599.0,0.14329056
1776513600,3420602.0,3560000.0,3420420.0,3420420.0,0.88389618
1776515400,3420990.0,3472591.0,3005000.0,3400018.0,4.8292378
1776517200,3400945.0,3460045.0,3400000.0,3400000.0,1.78767635
1776519000,3400000.0,3400000.0,3392618.0,3400000.0,0.23556256
1776520800,3457999.0,3457999.0,3457999.0,3457999.0,0.00317669
1776522600,3457999.0,3457999.0,3397799.0,3397799.0,0.01050019
1776524400,3457999.0,3458000.0,3392631.0,3392631.0,0.02795142
1776526200,3392631.0,3392631.0,3392631.0,3392631.0,0.0
1776528000,3457900.0,3457900.0,3250099.0,3250099.0,0.08888588
1776529800,3457900.0,3457900.0,3457900.0,3457900.0,0.00288007
1776531600,3457890.0,3457890.0,3384713.0,3384713.0,0.04664227
1776533400,3456087.0,3590000.0,3456087.0,3590000.0,0.99843543
1776535200,3391851.0,3467030.0,3391851.0,3396609.0,0.30469142
1776537000,3396609.0,3396609.0,3396609.0,3396609.0,0.0
1776538800,3396609.0,3396609.0,3396609.0,3396609.0,0.0
1776540600,3388792.0,3388792.0,3388792.0,3388792.0,0.0066214
1776542400,3374517.0,3374517.0,3374517.0,3374517.0,0.00953586
1776544200,3466336.0,3466336.0,3466336.0,3466336.0,0.00287306
1776546000,3466336.0,3466336.0,3466336.0,3466336.0,0.0
1776547800,3270010.0,3270010.0,3270010.0,3270010.0,0.00792028
1776549600,3270010.0,3270010.0,3270010.0,3270010.0,0.0
1776551400,3270010.0,3270010.0,3270010.0,3270010.0,0.0
1776553200,3457824.0,3467900.0,3456824.0,3465468.0,5.76101514
1776555000,3465468.0,3465468.0,3465468.0,3465468.0,0.0
1776556800,3450091.0,3450091.0,3383954.0,3383954.0,0.02223903
1776558600,3383954.0,3383954.0,3383954.0,3383954.0,0.0
1776560400,3393040.0,3393040.0,3393040.0,3393040.0,0.02891415
1776562200,3386223.0,3386223.0,3386223.0,3386223.0,0.07203571
1776564000,3385223.0,3450091.0,3385223.0,3450091.0,0.09433943
1776565800,3383954.0,3383954.0,3383954.0,3383954.0,0.03894107
1776567600,3450000.0,3471374.0,3450000.0,3471374.0,0.43329192
1776569400,3384543.0,3458909.0,3384543.0,3458909.0,0.05796695
1776571200,3384943.0,3456955.0,3383954.0,3456955.0,0.17548211
1776573000,3458909.0,3458909.0,3456782.0,3456782.0,0.32784187
1776574800,3383954.0,3456650.0,3270000.0,3270000.0,0.73303844
1776576600,3381484.0,3456782.0,3381484.0,3456129.0,2.92877502
1776578400,3451049.0,3465468.0,3377236.0,3465468.0,0.27586428
1776580200,3465468.0,3465468.0,3465468.0,3465468.0,0.00456792
1776582000,3445489.0,3454871.0,3378935.0,3447574.0,0.30808251
1776583800,3450354.0,3458866.0,3450354.0,3458866.0,0.50287897
1776585600,3383694.0,3460059.0,3383694.0,3460059.0,0.27062273
1776587400,3455392.0,3455392.0,3455392.0,3455392.0,0.00288216
1776589200,3365340.0,3365340.0,3365340.0,3365340.0,0.05950018
1776591000,3464468.0,3464468.0,3445837.0,3445837.0,0.01078896
1776592800,3377236.0,3452438.0,3377236.0,3452438.0,0.00986579
1776594600,3464468.0,3464468.0,3367234.0,3367234.0,0.69247841
1776596400,3447922.0,3447922.0,3447922.0,3447922.0,0.00317698
1776598200,3372647.0,3461125.0,3372647.0,3382674.0,0.48950186
1776600000,3382674.0,3382674.0,3382674.0,3382674.0,0.0
1776601800,3467205.0,3589098.0,3384883.0,3589098.0,0.19567105
1776603600,3389992.0,3589098.0,3389992.0,3389992.0,0.02033358
1776605400,3460256.0,3460256.0,3460256.0,3460256.0,0.08547602
1776607200,3465294.0,3589098.0,3465294.0,3469464.0,1.48815519
1776609000,3470506.0,3470506.0,3390390.0,3470158.0,0.38348443
1776610800,3470060.0,3589098.0,3469811.0,3589098.0,0.47472265
1776612600,3475718.0,3588999.0,3475718.0,3588999.0,0.28188951
1776614400,3470680.0,3470680.0,3409998.0,3409998.0,0.0517087
1776616200,3476058.0,3476058.0,3409998.0,3471892.0,0.0485025
1776618000,3409998.0,3465590.0,3409998.0,3465548.0,0.04223641
1776619800,3588906.0,3588906.0,3390390.0,3460232.0,0.41992987
1776621600,3390390.0,3452602.0,3390390.0,3452588.0,0.07354269
1776623400,3446011.0,3446011.0,3446011.0,3446011.0,0.00289
1776625200,3450031.0,3450875.0,3446358.0,3450875.0,0.04045158
1776627000,3443052.0,3443052.0,3443052.0,3443052.0,0.01488853
1776628800,3390391.0,3390391.0,3390391.0,3390391.0,0.01488853
1776630600,3443052.0,3443052.0,3443052.0,3443052.0,0.00867747
1776632400,3441668.0,3441668.0,3441668.0,3441668.0,0.00438392
1776634200,3440278.0,3440278.0,3440278.0,3440278.0,0.00536933
1776636000,3443052.0,3443052.0,3440726.0,3440726.0,0.00602874
1776637800,3390391.0,3390391.0,3390390.0,3390390.0,0.13327207
1776639600,3443052.0,3443052.0,3390390.0,3390390.0,0.01444461
1776641400,3390390.0,3390390.0,3390390.0,3390390.0,0.0
1776643200,3390390.0,3390390.0,3390390.0,3390390.0,0.03173599
1776645000,3390390.0,3390390.0,3390390.0,3390390.0,0.0
1776646800,3440052.0,3443752.0,3390390.0,3443752.0,0.23880847
1776648600,3390390.0,3440002.0,3390390.0,3440002.0,0.07541291
1776650400,3394670.0,3443752.0,3390390.0,3443752.0,0.01570135
1776652200,3443752.0,3443752.0,3443752.0,3443752.0,0.0
1776654000,3443752.0,3443752.0,3443752.0,3443752.0,0.0
1776655800,3443752.0,3443752.0,3443752.0,3443752.0,0.00453981
1776657600,3443752.0,3443752.0,3443752.0,3443752.0,0.0
1776659400,3399285.0,3399285.0,3399285.0,3399285.0,0.00884953
1776661200,3438542.0,3438542.0,3438542.0,3438542.0,0.0072551
1776663000,3399285.0,3399285.0,3390321.0,3390321.0,0.82141549
1776664800,3390322.0,3443693.0,3390322.0,3390322.0,0.02444426
1776666600,3443693.0,3443693.0,3435670.0,3435670.0,0.08129194
1776668400,3396778.0,3438000.0,3396778.0,3438000.0,0.0365654
1776670200,3390418.0,3391319.0,3390321.0,3390321.0,3.7368454
1776672000,3390321.0,3390321.0,3390321.0,3390321.0,0.00313625
1776673800,3443677.0,3443677.0,3443677.0,3443677.0,0.00289196
1776675600,3390508.0,3390508.0,3390508.0,3390508.0,0.28991737
1776677400,3393775.0,3393775.0,3393775.0,3393775.0,0.01918986
1776679200,3392663.0,3392663.0,3392663.0,3392663.0,0.0088617
1776681000,3442000.0,3442000.0,3442000.0,3442000.0,0.00698866
1776682800,3442000.0,3442000.0,3442000.0,3442000.0,0.06052992
1776684600,3442000.0,3442000.0,3442000.0,3442000.0,0.0
1776686400,3442000.0,3451574.0,3399996.0,3451343.0,0.12344077
1776688200,3402962.0,3402967.0,3402962.0,3402967.0,0.04125967
1776690000,3451276.0,3451276.0,3451276.0,3451276.0,0.01841521
1776691800,3451276.0,3451276.0,3403980.0,3451276.0,0.02373
1776693600,3404014.0,3445516.0,3403978.0,3445516.0,0.05959518
1776695400,3403978.0,3435792.0,3403978.0,3403978.0,0.04928051
1776697200,3433028.0,3433028.0,3433028.0,3433028.0,0.00582546
1776699000,3431813.0,3431813.0,3431813.0,3431813.0,0.58155407
1776700800,3431813.0,3431813.0,3431813.0,3431813.0,0.0
1776702600,3403978.0,3403978.0,3403978.0,3403978.0,0.00666018
1776704400,3439000.0,3448152.0,3439000.0,3448152.0,0.04164186
1776706200,3448152.0,3448152.0,3448152.0,3448152.0,0.0
1776708000,3447000.0,3447000.0,3406318.0,3406318.0,0.03451264
1776709800,3451276.0,3451276.0,3451276.0,3451276.0,0.01576083
1776711600,3451276.0,3464304.0,3416482.0,3416482.0,0.07685114
1776713400,3476360.0,3484984.0,3476360.0,3484984.0,0.02105199
1776715200,3484984.0,3484984.0,3484984.0,3484984.0,0.0
1776717000,3484984.0,3484984.0,3484984.0,3484984.0,0.0
1776718800,3484984.0,3484984.0,3484984.0,3484984.0,0.0
1776720600,3487607.0,3487607.0,3487607.0,3487607.0,0.04283309
1776722400,3487607.0,3487607.0,3487607.0,3487607.0,0.0
1776724200,3484081.0,3484081.0,3484081.0,3484081.0,0.02858429
1776726000,3433333.0,3484027.0,3433333.0,3484027.0,0.06526238
1776727800,3484027.0,3484027.0,3484027.0,3484027.0,0.0
1776729600,3482050.0,3483002.0,3434911.0,3434911.0,0.02026087
1776731400,3433333.0,3433333.0,3433333.0,3433333.0,0.00773504
1776733200,3433333.0,3433333.0,3433333.0,3433333.0,0.0
1776735000,3433333.0,3433333.0,3433333.0,3433333.0,0.0
1776736800,3480763.0,3480763.0,3480516.0,3480516.0,0.01726271
1776738600,3480423.0,3480423.0,3433333.0,3433333.0,0.18816571
1776740400,3433333.0,3433333.0,3433333.0,3433333.0,0.00435126
1776742200,3478545.0,3478545.0,3433333.0,3433333.0,0.11785742
1776744000,3433333.0,3478545.0,3433333.0,3478545.0,0.07638965
1776745800,3477478.0,3477478.0,3477478.0,3477478.0,0.018
1776747600,3477478.0,3478545.0,3477478.0,3478545.0,0.10213451
1776749400,3478251.0,3478251.0,3478251.0,3478251.0,0.00286868
1776751200,3478251.0,3478251.0,3478251.0,3478251.0,0.0
1776753000,3478275.0,3478275.0,3478275.0,3478275.0,0.02558508
1776754800,3478275.0,3478275.0,3478275.0,3478275.0,0.0
1776756600,3478275.0,3478275.0,3477819.0,3477819.0,0.00970948
1776758400,3440672.0,3477869.0,3440672.0,3477869.0,0.0206483
1776760200,3434147.0,3478275.0,3434147.0,3478275.0,0.04491953
1776762000,3478275.0,3478275.0,3478275.0,3478275.0,0.0
1776763800,3478275.0,3478275.0,3478275.0,3478275.0,0.0
1776765600,3478275.0,3478275.0,3478275.0,3478275.0,0.01355384
1776767400,3478275.0,3478275.0,3478275.0,3478275.0,0.0
1776769200,3478275.0,3478275.0,3478275.0,3478275.0,0.01162271
1776771000,3478275.0,3478275.0,3478275.0,3478275.0,0.0
1776772800,3478275.0,3478275.0,3478275.0,3478275.0,0.0
1776774600,3478275.0,3478275.0,3478275.0,3478275.0,0.15552673
1776776400,3478275.0,3478275.0,3478275.0,3478275.0,0.0
1776778200,3478275.0,3478275.0,3478275.0,3478275.0,0.0
1776780000,3478275.0,3478275.0,3478275.0,3478275.0,0.0
1776781800,3477920.0,3477920.0,3477920.0,3477920.0,0.00286349
1776783600,3434115.0,3477065.0,3434115.0,3477065.0,0.14670737
1776785400,3476862.0,3476862.0,3476862.0,3476862.0,0.00319914
1776787200,3475385.0,3475385.0,3475385.0,3475385.0,0.00717819
1776789000,3467634.0,3467634.0,3467634.0,3467634.0,0.00880658
1776790800,3467634.0,3467634.0,3467634.0,3467634.0,0.0
1776792600,3467634.0,3467634.0,3467634.0,3467634.0,0.0
1776794400,3467634.0,3467634.0,3467634.0,3467634.0,0.0
1776796200,3467634.0,3467634.0,3467634.0,3467634.0,0.0
1776798000,3477955.0,3477955.0,3477955.0,3477955.0,0.01092366
1776799800,3433333.0,3433333.0,3433333.0,3433333.0,0.00702928
1776801600,3433333.0,3433333.0,3433333.0,3433333.0,0.0
1776803400,3433333.0,3433333.0,3433333.0,3433333.0,0.0
1776805200,3433333.0,3433333.0,3433333.0,3433333.0,0.0
1776807000,3433333.0,3433333.0,3433333.0,3433333.0,0.07243024
1776808800,3433333.0,3433333.0,3433333.0,3433333.0,0.0
1776810600,3460607.0,3460607.0,3460607.0,3460607.0,0.00431658
1776812400,3460607.0,3460607.0,3460607.0,3460607.0,0.0
1776814200,3433333.0,3433333.0,3433333.0,3433333.0,0.00577728
1776816000,3433333.0,3433333.0,3433333.0,3433333.0,0.01206587
1776817800,3460527.0,3460527.0,3433333.0,3433333.0,0.01007463
1776819600,3460527.0,3460527.0,3433336.0,3433336.0,0.01707692
1776821400,3433336.0,3433336.0,3433336.0,3433336.0,0.0
1776823200,3460527.0,3460527.0,3460527.0,3460527.0,0.07302419
1776825000,3477943.0,3477943.0,3477769.0,3477769.0,0.41305417
1776826800,3477441.0,3477441.0,3477441.0,3477441.0,0.00671499
1776828600,3477738.0,3477739.0,3460527.0,3460527.0,0.58336876
1776830400,3478256.0,3478256.0,3460527.0,3478030.0,0.47152319
1776832200,3478030.0,3478030.0,3478030.0,3478030.0,0.0
1776834000,3460527.0,3460527.0,3460527.0,3460527.0,0.00590429
1776835800,3460527.0,3460527.0,3436167.0,3436167.0,0.23552665
1776837600,3436167.0,3436167.0,3436167.0,3436167.0,0.0
1776839400,3436167.0,3478265.0,3436167.0,3478265.0,0.34393785
1776841200,3478028.0,3478028.0,3478028.0,3478028.0,0.00573428
1776843000,3478028.0,3478028.0,3478028.0,3478028.0,0.0
1776844800,3440167.0,3440167.0,3437735.0,3437735.0,0.28868789
1776846600,3436171.0,3477588.0,3436167.0,3436167.0,0.06244327
1776848400,3476886.0,3476886.0,3476886.0,3476886.0,0.00286434
1776850200,3476422.0,3476422.0,3476422.0,3476422.0,0.00286472
1776852000,3475896.0,3475896.0,3475896.0,3475896.0,0.00863173
1776853800,3436853.0,3476766.0,3436853.0,3476630.0,0.97481852
1776855600,3476630.0,3476630.0,3476630.0,3476630.0,0.0
1776857400,3436853.0,3476960.0,3436853.0,3476960.0,0.10455534
1776859200,3477000.0,3477000.0,3442819.0,3442819.0,0.30544898
1776861000,3440629.0,3440629.0,3440629.0,3440629.0,0.00411309
1776862800,3440629.0,3440629.0,3440629.0,3440629.0,0.0
1776864600,3437412.0,3476515.0,3367234.0,3476515.0,0.57596242
1776866400,3473396.0,3473397.0,3473396.0,3473397.0,0.51751714
1776868200,3473398.0,3473398.0,3447219.0,3447219.0,0.18359779
1776870000,3447219.0,3447219.0,3447219.0,3447219.0,0.0
1776871800,3447925.0,3476575.0,3447925.0,3476575.0,1.03784724
1776873600,3447654.0,3447654.0,3400098.0,3400098.0,0.07081374
1776875400,3400098.0,3400098.0,3400098.0,3400098.0,0.0
1776877200,3400098.0,3400098.0,3400098.0,3400098.0,0.0
1776879000,3400098.0,3400098.0,3400098.0,3400098.0,0.0
1776880800,3476575.0,3476575.0,3476575.0,3476575.0,0.00855238
1776882600,3476575.0,3478275.0,3476575.0,3478275.0,0.16081935
1776884400,3478275.0,3478275.0,3478275.0,3478275.0,0.0
1776886200,3478275.0,3478275.0,3478275.0,3478275.0,0.0
1776888000,3478275.0,3478275.0,3478275.0,3478275.0,0.0
1776889800,3478275.0,3478275.0,3478275.0,3478275.0,0.0
1776891600,3478275.0,3478275.0,3478275.0,3478275.0,0.0
1776893400,3478275.0,3478275.0,3462997.0,3462997.0,0.00859946
1776895200,3462997.0,3462997.0,3462997.0,3462997.0,0.0
1776897000,3462997.0,3462997.0,3462997.0,3462997.0,0.0
1776898800,3462997.0,3462997.0,3462997.0,3462997.0,0.0
1776900600,3462997.0,3462997.0,3462997.0,3462997.0,0.0
1776902400,3478275.0,3478275.0,3478275.0,3478275.0,0.08883167
1776904200,3462997.0,3462997.0,3461140.0,3461140.0,0.08883167
1776906000,3478275.0,3478275.0,3461140.0,3461140.0,0.13947682
1776907800,3478275.0,3478275.0,3478275.0,3478275.0,0.01434446
1776909600,3461140.0,3461140.0,3400098.0,3400098.0,0.14296971
1776911400,3456738.0,3456738.0,3456738.0,3456738.0,0.16081935
1776913200,3456738.0,3456738.0,3456738.0,3456738.0,0.0
1776915000,3452625.0,3478275.0,3452625.0,3478275.0,0.01013339
1776916800,3478275.0,3478275.0,3478275.0,3478275.0,0.0
1776918600,3478275.0,3478275.0,3478275.0,3478275.0,0.0028632
1776920400,3478275.0,3478275.0,3478275.0,3478275.0,0.0
1776922200,3478275.0,3478275.0,3478275.0,3478275.0,0.00410835
1776924000,3478275.0,3478275.0,3452625.0,3452625.0,0.01647914
1776925800,3478275.0,3478275.0,3478275.0,3478275.0,0.2268682
1776927600,3478275.0,3520409.0,3400190.0,3400190.0,0.17345453
1776929400,3470203.0,3470203.0,3470203.0,3470203.0,0.01631587
1776931200,3470203.0,3470203.0,3456624.0,3456624.0,0.36309948
1776933000,3456624.0,3456624.0,3456624.0,3456624.0,0.0
1776934800,3456624.0,3456624.0,3456624.0,3456624.0,0.0
1776936600,3510676.0,3513954.0,3455168.0,3513954.0,0.04735869
1776938400,3452882.0,3550000.0,3452882.0,3550000.0,0.17075328
1776940200,3519392.0,3519392.0,3519392.0,3519392.0,0.00417998
1776942000,3522079.0,3522079.0,3522079.0,3522079.0,0.00702738
1776943800,3550000.0,3550000.0,3524766.0,3524766.0,0.00887431
1776945600,3534219.0,3537274.0,3474455.0,3537274.0,1.23684455
1776947400,3482405.0,3482405.0,3482405.0,3482405.0,0.00301605
1776949200,3531731.0,3531731.0,3468508.0,3468508.0,3.91505377
1776951000,3468508.0,3468508.0,3468508.0,3468508.0,0.0
1776952800,3482894.0,3482894.0,3482894.0,3482894.0,0.00562441
1776954600,3524946.0,3524946.0,3524946.0,3524946.0,0.02602252
1776956400,3524946.0,3524946.0,3524946.0,3524946.0,0.010081
1776958200,3524946.0,3524946.0,3524946.0,3524946.0,0.0
1776960000,3487162.0,3487162.0,3487162.0,3487162.0,0.0220202
1776961800,3487162.0,3487162.0,3487162.0,3487162.0,0.0
1776963600,3487162.0,3487162.0,3487162.0,3487162.0,0.41387695
1776965400,3486928.0,3486928.0,3459591.0,3459591.0,0.14377531
1776967200,3524946.0,3524946.0,3484474.0,3484474.0,0.07196908
1776969000,3484474.0,3484474.0,3484474.0,3484474.0,0.0
1776970800,3401460.0,3482582.0,3401460.0,3482582.0,0.01595109
1776972600,3482582.0,3482582.0,3482582.0,3482582.0,0.0
1776974400,3482582.0,3482582.0,3482582.0,3482582.0,0.0
1776976200,3482582.0,3482582.0,3482582.0,3482582.0,0.0
1776978000,3488859.0,3488859.0,3488859.0,3488859.0,0.00569211
1776979800,3489561.0,3489561.0,3489561.0,3489561.0,0.0285394
1776981600,3489561.0,3489561.0,3489561.0,3489561.0,0.0
1776983400,3493427.0,3493427.0,3493427.0,3493427.0,0.00462869
1776985200,3493625.0,3493625.0,3493625.0,3493625.0,0.01161172
1776987000,3493625.0,3493625.0,3493625.0,3493625.0,0.0
1776988800,3493625.0,3493625.0,3493625.0,3493625.0,0.0
1776990600,3512916.0,3512916.0,3512916.0,3512916.0,0.04664272
1776992400,3495673.0,3495673.0,3494886.0,3494886.0,0.04186699
1776994200,3494886.0,3494886.0,3494886.0,3494886.0,0.0
1776996000,3535970.0,3535970.0,3498039.0,3498039.0,0.00888298
1776997800,3495601.0,3495601.0,3436221.0,3495539.0,0.02319153
1776999600,3495539.0,3495539.0,3495539.0,3495539.0,0.0
1777001400,3435155.0,3435155.0,3435155.0,3435155.0,0.02840149
1777003200,3482743.0,3482743.0,3482743.0,3482743.0,0.04194165
1777005000,3435155.0,3435155.0,3435155.0,3435155.0,0.01857658
1777006800,3435155.0,3435155.0,3430673.0,3430673.0,0.02836192
1777008600,3494490.0,3494490.0,3494490.0,3494490.0,0.00288511
1777010400,3494490.0,3494490.0,3494490.0,3494490.0,0.0
1777012200,3494490.0,3494490.0,3494490.0,3494490.0,0.0
1777014000,3494490.0,3494490.0,3494490.0,3494490.0,0.0
1777015800,3481826.0,3481826.0,3430999.0,3430999.0,0.01102066
1777017600,3430999.0,3430999.0,3430999.0,3430999.0,0.0
1777019400,3430999.0,3430999.0,3430999.0,3430999.0,0.0
1777021200,3431014.0,3431014.0,3431014.0,3431014.0,0.1319373
1777023000,3479722.0,3479722.0,3431014.0,3473982.0,0.0146474
1777024800,3473982.0,3473982.0,3473982.0,3473982.0,0.0
1777026600,3431015.0,3473063.0,3430673.0,3473063.0,0.20792481
1777028400,3473058.0,3473058.0,3430673.0,3446266.0,0.01993284
1777030200,3449785.0,3473058.0,3401442.0,3473058.0,0.48859128
1777032000,3467000.0,3473056.0,3443759.0,3473056.0,0.01846895
1777033800,3473052.0,3473052.0,3435994.0,3435994.0,0.05314551
1777035600,3473047.0,3473047.0,3473047.0,3473047.0,0.0061649
1777037400,3473051.0,3473062.0,3473051.0,3473062.0,0.11015842
1777039200,3494441.0,3494445.0,3494441.0,3494445.0,0.01020877
1777041000,3494445.0,3575000.0,3494445.0,3575000.0,5.82511241
1777042800,3575000.0,3638369.0,3575000.0,3581973.0,0.25017892
1777044600,3594538.0,3633510.0,3585702.0,3585702.0,0.04698467
1777046400,3633496.0,3642301.0,3633492.0,3640074.0,0.33840096
1777048200,3616841.0,3643209.0,3616841.0,3643205.0,0.01572903
1777050000,3643205.0,3643209.0,3410000.0,3643209.0,0.34104848
1777051800,3589802.0,3643209.0,3589802.0,3643209.0,0.03838337
1777053600,3591432.0,3632579.0,3591432.0,3632579.0,0.01130706
1777055400,3632579.0,3632579.0,3632579.0,3632579.0,0.0
1777057200,3570633.0,3643157.0,3570633.0,3643157.0,0.06211497
1777059000,3569729.0,3643213.0,3569729.0,3643213.0,0.03832151
1777060800,3632268.0,3634880.0,3571811.0,3630233.0,0.63575231
1777062600,3632932.0,3632936.0,3632932.0,3632936.0,0.27413228
1777064400,3627546.0,3750321.0,3622133.0,3750321.0,4.92311638
1777066200,3561688.0,3621788.0,3561688.0,3621788.0,0.02520294
1777068000,3750317.0,3750317.0,3563918.0,3566663.0,0.30160574
1777069800,3628419.0,3628419.0,3623707.0,3623707.0,0.12071907
1777071600,3565801.0,3568203.0,3565801.0,3568203.0,0.82292022
1777073400,3568203.0,3568203.0,3568203.0,3568203.0,0.0
1777075200,3568203.0,3568203.0,3568203.0,3568203.0,0.0
1777077000,3627023.0,3627023.0,3627023.0,3627023.0,0.34249355
1777078800,3568718.0,3623870.0,3562885.0,3616378.0,0.69845595
1777080600,3617596.0,3617767.0,3617596.0,3617767.0,0.00798222
1777082400,3617767.0,3621784.0,3617767.0,3621784.0,0.04494777
1777084200,3621784.0,3621788.0,3550708.0,3550708.0,0.20210246
1777086000,3552595.0,3616025.0,3411999.0,3616025.0,1.31397093
1777087800,3616025.0,3616025.0,3616025.0,3616025.0,0.0
1777089600,3610267.0,3611488.0,3412005.0,3611488.0,0.05081015
1777091400,3611488.0,3620911.0,3540242.0,3620911.0,0.0899655
1777093200,3623866.0,3623866.0,3620741.0,3620741.0,0.01627683
1777095000,3556884.0,3616894.0,3556884.0,3616894.0,0.04564725
1777096800,3614804.0,3614804.0,3556884.0,3556884.0,0.04673561
1777098600,3610443.0,3610443.0,3610443.0,3610443.0,0.12194514
1777100400,3612012.0,3625801.0,3612012.0,3616727.0,1.91248607
1777102200,3563571.0,3563571.0,3563571.0,3563571.0,0.13748803
1777104000,3561516.0,3620043.0,3561516.0,3619694.0,0.05460119
1777105800,3619694.0,3619694.0,3619694.0,3619694.0,2.75089634
1777107600,3557054.0,3623882.0,3557052.0,3557052.0,0.29061563
1777109400,3619170.0,3619170.0,3557056.0,3557056.0,0.00873796
1777111200,3557400.0,3557400.0,3557400.0,3557400.0,0.03147165
1777113000,3617425.0,3819519.0,3557052.0,3557052.0,0.07795407
1777114800,3622311.0,3819519.0,3563914.0,3819515.0,0.75541606
1777116600,3613761.0,3819519.0,3557509.0,3614110.0,1.04579806
1777118400,3617076.0,3617076.0,3557900.0,3610969.0,2.02381397
1777120200,3610969.0,3610969.0,3610969.0,3610969.0,0.0
1777122000,3558081.0,3616200.0,3557904.0,3557904.0,0.0519857
1777123800,3557904.0,3557904.0,3557904.0,3557904.0,0.0
1777125600,3625801.0,3625801.0,3557904.0,3616553.0,0.03798616
1777127400,3557904.0,3818973.0,3548988.0,3614284.0,1.94616136
1777129200,3614284.0,3614284.0,3554311.0,3554311.0,0.04280899
1777131000,3615157.0,3615157.0,3558428.0,3615157.0,1.19152399
1777132800,3616029.0,3616029.0,3616029.0,3616029.0,0.00275412
1777134600,3618821.0,3818973.0,3561684.0,3615672.0,0.05307811
1777136400,3613935.0,3613935.0,3613931.0,3613931.0,0.0107257
1777138200,3561684.0,3561684.0,3561684.0,3561684.0,0.00285062
1777140000,3617000.0,3818000.0,3607300.0,3818000.0,0.15951214
1777141800,3604512.0,3604512.0,3604512.0,3604512.0,0.0028259
1777143600,3561900.0,3604163.0,3412000.0,3604163.0,4.15276774
1777145400,3605210.0,3605210.0,3603112.0,3603112.0,0.01425865
1777147200,3603112.0,3603112.0,3603112.0,3603112.0,0.0
1777149000,3543155.0,3611995.0,3543155.0,3611995.0,0.29540486
1777150800,3611991.0,3611995.0,3422469.0,3611991.0,0.0369117
1777152600,3557223.0,3557223.0,3557223.0,3557223.0,0.01098037
1777154400,3558253.0,3611991.0,3558253.0,3611991.0,0.31595382
1777156200,3611991.0,3611991.0,3611991.0,3611991.0,0.0
1777158000,3611991.0,3611991.0,3611991.0,3611991.0,0.0
1777159800,3611991.0,3611991.0,3611991.0,3611991.0,0.0043386
1777161600,3611991.0,3611991.0,3611991.0,3611991.0,0.0
1777163400,3611987.0,3611987.0,3611000.0,3611000.0,0.00927829
1777165200,3558257.0,3610995.0,3558257.0,3610991.0,0.04459325
1777167000,3558257.0,3558257.0,3557056.0,3557056.0,0.01259212
1777168800,3557052.0,3557052.0,3556708.0,3556708.0,0.02861782
1777170600,3556708.0,3556708.0,3556708.0,3556708.0,0.12194514
1777172400,3610643.0,3610647.0,3610643.0,3610647.0,0.03959818
1777174200,3556880.0,3556880.0,3556880.0,3556880.0,0.04816236
1777176000,3610643.0,3610643.0,3610643.0,3610643.0,0.00557157
1777177800,3610643.0,3610643.0,3559110.0,3559110.0,0.00668246
1777179600,3610199.0,3610199.0,3556708.0,3556708.0,0.05044966
1777181400,3557227.0,3610195.0,3557227.0,3610195.0,0.03110121
1777183200,3610178.0,3610182.0,3610178.0,3610182.0,0.03001234
1777185000,3570262.0,3610182.0,3562198.0,3610182.0,2.05447092
1777186800,3562027.0,3610182.0,3560311.0,3560311.0,0.01461316
1777188600,3610182.0,3610182.0,3567689.0,3567689.0,0.01127138
1777190400,3610182.0,3610195.0,3610182.0,3610195.0,0.30201422
1777192200,3540880.0,3610200.0,3540880.0,3610200.0,0.02352477
1777194000,3610200.0,3610200.0,3610200.0,3610200.0,0.02758572
1777195800,3575066.0,3575066.0,3575066.0,3575066.0,0.00431076
1777197600,3610196.0,3610196.0,3610196.0,3610196.0,0.01343522
1777199400,3580217.0,3580217.0,3580217.0,3580217.0,0.02746703
1777201200,3580217.0,3580217.0,3580217.0,3580217.0,0.0
1777203000,3610197.0,3610200.0,3610197.0,3610200.0,0.04839427
1777204800,3581217.0,3610200.0,3581217.0,3581217.0,0.01103028
1777206600,3610197.0,3610197.0,3610197.0,3610197.0,0.0139081
1777208400,3610197.0,3610197.0,3610197.0,3610197.0,0.0
1777210200,3610197.0,3610197.0,3610197.0,3610197.0,0.0
1777212000,3610200.0,3610200.0,3610200.0,3610200.0,0.00383579
1777213800,3610200.0,3610644.0,3610200.0,3610644.0,0.04808167
1777215600,3611988.0,3650406.0,3611988.0,3634701.0,0.17695577
1777217400,3636795.0,3636795.0,3634177.0,3634526.0,0.70056622
1777219200,3636446.0,3639447.0,3636446.0,3639447.0,0.36844905
1777221000,3639447.0,3639447.0,3639447.0,3639447.0,0.0
1777222800,3639063.0,3651802.0,3639063.0,3651802.0,0.45388062
1777224600,3643600.0,3643600.0,3643600.0,3643600.0,0.00294379
1777226400,3639238.0,3639238.0,3639238.0,3639238.0,0.00336389
1777228200,3641157.0,3641157.0,3641157.0,3641157.0,0.0254897
1777230000,3645346.0,3646742.0,3645346.0,3646742.0,0.01305481
1777231800,3610197.0,3610197.0,3610197.0,3610197.0,0.05916735
1777233600,3610197.0,3610197.0,3610197.0,3610197.0,0.0
1777235400,3651628.0,3651628.0,3646742.0,3646742.0,0.01278836
1777237200,3646742.0,3646742.0,3646742.0,3646742.0,0.0
1777239000,3646742.0,3646742.0,3646742.0,3646742.0,0.0
1777240800,3646742.0,3646742.0,3646742.0,3646742.0,0.0
1777242600,3646742.0,3646742.0,3646742.0,3646742.0,0.0
1777244400,3646739.0,3646739.0,3638848.0,3638848.0,0.01717676
1777246200,3642891.0,3642891.0,3642891.0,3642891.0,0.21880356
1777248000,3647000.0,3647000.0,3610197.0,3610197.0,0.24022039
1777249800,3610197.0,3645485.0,3610197.0,3645485.0,0.02198114
1777251600,3645485.0,3645485.0,3645485.0,3645485.0,0.0
1777253400,3647000.0,3647000.0,3647000.0,3647000.0,0.0043145
1777255200,3610197.0,3647000.0,3610197.0,3647000.0,0.01799499
1777257000,3647000.0,3819519.0,3610197.0,3819519.0,0.19945435
1777258800,3650000.0,3667681.0,3650000.0,3667681.0,0.00709834
1777260600,3650000.0,3650000.0,3650000.0,3650000.0,0.01375089
1777262400,3662969.0,3662969.0,3650000.0,3662969.0,0.05482982
1777264200,3662969.0,3662969.0,3650000.0,3650000.0,0.14121746
1777266000,3650000.0,3650000.0,3650000.0,3650000.0,0.0
1777267800,3650000.0,3650000.0,3610197.0,3610197.0,0.27252006
1777269600,3610197.0,3610197.0,3610197.0,3610197.0,0.00289221
1777271400,3610197.0,3610197.0,3540000.0,3540000.0,1.37544817
1777273200,3583003.0,3640538.0,3582999.0,3640538.0,0.07137423
1777275000,3583003.0,3631762.0,3583003.0,3631762.0,0.01482533
1777276800,3633627.0,3633627.0,3633627.0,3633627.0,4.93420137
1777278600,3583003.0,3583003.0,3583003.0,3583003.0,0.0254897
1777280400,3583003.0,3583003.0,3582999.0,3582999.0,0.14814321
1777282200,3582999.0,3582999.0,3582999.0,3582999.0,0.0
1777284000,3639196.0,3639200.0,3600610.0,3600610.0,0.02601346
1777285800,3600610.0,3600610.0,3600610.0,3600610.0,0.0
1777287600,3600610.0,3600610.0,3600610.0,3600610.0,0.0
1777289400,3618913.0,3618913.0,3618913.0,3618913.0,0.01289988
1777291200,3618913.0,3661996.0,3613291.0,3661996.0,0.01708191
1777293000,3661996.0,3661996.0,3661996.0,3661996.0,0.0
1777294800,3657845.0,3657845.0,3605654.0,3605654.0,0.0836641
1777296600,3605654.0,3605654.0,3605654.0,3605654.0,0.0
1777298400,3605654.0,3605654.0,3605650.0,3605650.0,0.1510067
1777300200,3662000.0,3662969.0,3616581.0,3637513.0,0.05393563
1777302000,3641335.0,3642488.0,3641335.0,3642488.0,0.03296608
1777303800,3642484.0,3642484.0,3607910.0,3642484.0,0.01125311
1777305600,3642484.0,3642484.0,3608049.0,3608049.0,0.03085253
1777307400,3642488.0,3662969.0,3642488.0,3662969.0,2.31417027
1777309200,3662969.0,3667239.0,3662969.0,3667239.0,0.6516248
1777311000,3699992.0,3700000.0,3699992.0,3700000.0,0.01960192
1777312800,3700000.0,3763127.0,3700000.0,3763127.0,1.14569696
1777314600,3620072.0,3620072.0,3620000.0,3620000.0,0.19221886
1777316400,3751202.0,3751202.0,3620004.0,3750898.0,0.00941801
1777318200,3757566.0,3990000.0,3757566.0,3990000.0,0.04251144
1777320000,3620134.0,3620148.0,3620134.0,3620148.0,0.02701116
1777321800,3620148.0,3620148.0,3620148.0,3620148.0,0.0
1777323600,3620148.0,3620148.0,3620148.0,3620148.0,0.0
1777325400,3620148.0,3620148.0,3620148.0,3620148.0,0.0
1777327200,3620148.0,3620148.0,3620148.0,3620148.0,0.0
1777329000,3622972.0,3622972.0,3622972.0,3622972.0,0.00482789
1777330800,3761190.0,3761976.0,3624170.0,3761976.0,0.07448574
1777332600,3761976.0,3761976.0,3761976.0,3761976.0,0.0
1777334400,3761544.0,3761544.0,3761544.0,3761544.0,0.01503903
1777336200,3623272.0,3761698.0,3623271.0,3761490.0,0.14132304
1777338000,3623076.0,3623076.0,3623039.0,3623039.0,0.01494792
1777339800,3761122.0,3761122.0,3760936.0,3760936.0,0.02532634
1777341600,3761442.0,3761442.0,3761442.0,3761442.0,0.0178
1777343400,3624118.0,3624118.0,3624118.0,3624118.0,0.01436014
1777345200,3624118.0,3624118.0,3624118.0,3624118.0,0.0
1777347000,3624531.0,3761528.0,3624531.0,3761528.0,1.59028349
1777348800,3761528.0,3761528.0,3761528.0,3761528.0,0.05405939
1777350600,3761528.0,3761528.0,3625278.0,3761528.0,0.05545298
1777352400,3761528.0,3761528.0,3761497.0,3761516.0,0.147629
1777354200,3761256.0,3761256.0,3625892.0,3625896.0,0.0457654
1777356000,3751621.0,3751621.0,3751621.0,3751621.0,0.00530917
1777357800,3751121.0,3751121.0,3625884.0,3750613.0,0.0550558
1777359600,3750512.0,3751895.0,3626169.0,3751895.0,0.29870172
1777361400,3626360.0,3751821.0,3626360.0,3626866.0,0.0778263
1777363200,3747231.0,3747231.0,3747231.0,3747231.0,0.36606463
1777365000,3747231.0,3747231.0,3747231.0,3747231.0,0.00354655
1777366800,3751540.0,3751540.0,3746545.0,3746545.0,0.17079047
1777368600,3717891.0,3718014.0,3717891.0,3718014.0,0.01061931
1777370400,3627037.0,3718994.0,3627037.0,3718979.0,0.07916807
1777372200,3726883.0,3726883.0,3627345.0,3627345.0,0.03778318
1777374000,3715139.0,3715139.0,3627588.0,3703266.0,0.03592627
1777375800,3627631.0,3672736.0,3626916.0,3672736.0,0.07159411
1777377600,3672001.0,3674985.0,3626916.0,3626916.0,1.38612679
1777379400,3626916.0,3658721.0,3625875.0,3625875.0,0.18718544
1777381200,3681184.0,3681184.0,3625793.0,3625793.0,0.06399026
1777383000,3623397.0,3703898.0,3623397.0,3637356.0,0.07211827
1777384800,3656189.0,3713110.0,3656189.0,3707477.0,0.22361459
1777386600,3686373.0,3686373.0,3624567.0,3624567.0,0.01373964
1777388400,3650000.0,3661185.0,3624567.0,3648001.0,0.72252254
1777390200,3624567.0,3624567.0,3624567.0,3624567.0,0.01696017
1777392000,3752000.0,4000000.0,3664613.0,3670198.0,2.78737887
1777393800,4000000.0,6499500.0,3624567.0,3674186.0,10.3052632
1777395600,3624567.0,3624900.0,3623397.0,3623397.0,2.44949367
1777397400,3633561.0,3633561.0,3633561.0,3633561.0,0.10872808
1777399200,3695906.0,3695906.0,3655475.0,3655475.0,0.18241868
1777401000,3653797.0,3695000.0,3653797.0,3695000.0,0.03057028
1777402800,3690000.0,3690000.0,3690000.0,3690000.0,0.00363902
1777404600,3690000.0,3690000.0,3690000.0,3690000.0,0.0
1777406400,3666819.0,3666819.0,3666819.0,3666819.0,0.0462308
1777408200,3690000.0,3690000.0,3690000.0,3690000.0,0.05253414
1777410000,3690000.0,3690000.0,3690000.0,3690000.0,0.00296883
1777411800,3650432.0,3690000.0,3650432.0,3690000.0,0.0979542
1777413600,3690000.0,3690000.0,3690000.0,3690000.0,0.0
1777415400,3646990.0,3685000.0,3646990.0,3685000.0,0.03627289
1777417200,3685000.0,3685000.0,3646426.0,3646426.0,0.25822527
1777419000,3682000.0,3682000.0,3682000.0,3682000.0,0.00497419
1777420800,3682000.0,3726706.0,3663126.0,3726706.0,0.58961546
1777422600,3670076.0,3670076.0,3670076.0,3670076.0,0.00316204
1777424400,3670076.0,3670076.0,3670076.0,3670076.0,0.0
1777426200,3670000.0,3735751.0,3664154.0,3735751.0,0.78192305
1777428000,3735474.0,3739995.0,3735474.0,3739995.0,0.63496839
1777429800,3676644.0,3676644.0,3676644.0,3676644.0,0.0245981
1777431600,3746535.0,3754097.0,3680820.0,3753252.0,3.44116094
1777433400,3756818.0,3756818.0,3663900.0,3663900.0,0.02970623
1777435200,3692742.0,3692742.0,3692742.0,3692742.0,1.57293831
1777437000,3693119.0,3737372.0,3693119.0,3737372.0,0.00723534
1777438800,3737373.0,3737373.0,3690000.0,3690000.0,0.00798204
1777440600,3737373.0,3737373.0,3737373.0,3737373.0,0.06312829
1777442400,3696350.0,3696350.0,3696350.0,3696350.0,0.01742801
1777444200,3737373.0,3737373.0,3696350.0,3696350.0,0.00863937
1777446000,3696350.0,3696350.0,3696350.0,3696350.0,0.0
1777447800,3696350.0,3696350.0,3696350.0,3696350.0,0.0
1777449600,3737373.0,3737373.0,3737373.0,3737373.0,0.00766982
1777451400,3731853.0,3731853.0,3696350.0,3696350.0,0.03223979
1777453200,3737373.0,3737373.0,3696350.0,3696350.0,0.02261395
1777455000,3737373.0,3737373.0,3696354.0,3696354.0,0.02400883
1777456800,3737369.0,3737369.0,3737369.0,3737369.0,0.00274524
1777458600,3699186.0,3737369.0,3696354.0,3737369.0,0.86853409
1777460400,3737369.0,3737369.0,3737369.0,3737369.0,0.0441238
1777462200,3737369.0,3737373.0,3700471.0,3737369.0,0.05581808
1777464000,3737369.0,3737373.0,3700650.0,3700650.0,0.17554805
1777465800,3737369.0,3737373.0,3737369.0,3737373.0,0.10460341
1777467600,3737373.0,3737373.0,3737373.0,3737373.0,0.00904056
1777469400,3700650.0,3722382.0,3700450.0,3700450.0,0.49436916
1777471200,3701000.0,3706849.0,3682000.0,3682000.0,0.75112101
1777473000,3737373.0,3737373.0,3682000.0,3712308.0,0.06352806
1777474800,3714302.0,3714302.0,3663902.0,3663902.0,0.07075792
1777476600,3709622.0,3737373.0,3663902.0,3699127.0,0.03108786
1777478400,3688915.0,3688915.0,3688915.0,3688915.0,0.00728588
1777480200,3685303.0,3685303.0,3663999.0,3663999.0,0.7634792
1777482000,3663999.0,3684731.0,3663999.0,3684731.0,0.01265918
1777483800,3663999.0,3663999.0,3663999.0,3663999.0,0.00748422
1777485600,3663999.0,3665431.0,3654618.0,3665431.0,0.32880537
1777487400,3665401.0,3672963.0,3665401.0,3672963.0,0.03110997
1777489200,3672963.0,3672963.0,3672963.0,3672963.0,0.0
1777491000,3672963.0,3672963.0,3672963.0,3672963.0,0.0
1777492800,3654618.0,3654618.0,3646500.0,3646500.0,1.13838152
1777494600,3646500.0,3646500.0,3646500.0,3646500.0,0.0
1777496400,3646500.0,3646500.0,3646500.0,3646500.0,0.0
1777498200,3646500.0,3646500.0,3646500.0,3646500.0,0.0
1777500000,3646500.0,3646500.0,3646500.0,3646500.0,0.0
1777501800,3646499.0,3646499.0,3646499.0,3646499.0,0.07327074
1777503600,3646499.0,3646499.0,3646499.0,3646499.0,0.0
1777505400,3712178.0,3737020.0,3712178.0,3737020.0,0.00588052
1777507200,3663665.0,3716359.0,3663665.0,3663665.0,0.03211681
1777509000,3671823.0,3707115.0,3663669.0,3663669.0,0.05657276
1777510800,3724835.0,3724835.0,3724835.0,3724835.0,0.01339495
1777512600,3723675.0,3724120.0,3723675.0,3724120.0,0.01292731
1777514400,3724120.0,3724120.0,3724120.0,3724120.0,0.0
1777516200,3737020.0,3737020.0,3663669.0,3663669.0,0.10961663
1777518000,3709808.0,3709808.0,3700284.0,3700284.0,0.04058234
1777519800,3701726.0,3701726.0,3663669.0,3663669.0,0.00804542
1777521600,3673976.0,3673976.0,3673976.0,3673976.0,0.01429922
1777523400,3663669.0,3669913.0,3663665.0,3669913.0,1.65119874
1777525200,3667060.0,3667060.0,3667060.0,3667060.0,1.63274121
1777527000,3639900.0,3639900.0,3639900.0,3639900.0,0.02519763
1777528800,3658532.0,3658532.0,3658532.0,3658532.0,0.00831699
1777530600,3658532.0,3658532.0,3658532.0,3658532.0,0.0
1777532400,3639900.0,3685482.0,3580000.0,3685482.0,2.03381052
1777534200,3688511.0,3737000.0,3575010.0,3691183.0,0.07158597
1777536000,3691183.0,3691183.0,3691183.0,3691183.0,0.0
1777537800,3634874.0,3642731.0,3634874.0,3642731.0,0.01524208
1777539600,3642731.0,3642731.0,3642731.0,3642731.0,0.0
1777541400,3641712.0,3641712.0,3641712.0,3641712.0,0.00831699
1777543200,3695664.0,3700656.0,3641716.0,3700656.0,0.02342827
1777545000,3700656.0,3700656.0,3700656.0,3700656.0,0.0
1777546800,3711838.0,3711838.0,3711838.0,3711838.0,0.00670745
1777548600,3648372.0,3648372.0,3648372.0,3648372.0,0.00766982
1777550400,3646009.0,3646009.0,3646009.0,3646009.0,0.04756074
1777552200,3649059.0,3708879.0,3649059.0,3708879.0,0.03474351
1777554000,3706855.0,3707305.0,3702813.0,3702813.0,0.09082174
1777555800,3646005.0,3736900.0,3563759.0,3563759.0,2.07536386
1777557600,3556005.0,3572868.0,3500000.0,3535003.0,2.37839392
1777559400,3500004.0,3535881.0,3480197.0,3535881.0,0.26010011
1777561200,3546350.0,3700000.0,3487397.0,3487397.0,0.09407623
1777563000,3535556.0,3535556.0,3516519.0,3533824.0,0.05604088
1777564800,3527705.0,3700000.0,3488888.0,3514643.0,0.07685844
1777566600,3511936.0,3699996.0,3488893.0,3509438.0,0.1502291
1777568400,3669668.0,3669668.0,3488890.0,3488890.0,0.06366633
1777570200,3523653.0,3527563.0,3488890.0,3519795.0,0.09311773
1777572000,3531351.0,3531351.0,3531351.0,3531351.0,0.03249832
1777573800,3488894.0,3488894.0,3488894.0,3488894.0,0.03942786
1777575600,3532483.0,3532483.0,3523696.0,3523696.0,0.41818449
1777577400,3669668.0,3669668.0,3512295.0,3512295.0,0.01379827
1777579200,3488894.0,3669668.0,3488894.0,3516091.0,0.07044663
1777581000,3506861.0,3506861.0,3506861.0,3506861.0,0.00883895
1777582800,3506861.0,3506861.0,3506861.0,3506861.0,0.0
1777584600,3506861.0,3506861.0,3506861.0,3506861.0,0.0
1777586400,3522326.0,3522326.0,3517929.0,3521466.0,0.06799483
1777588200,3521466.0,3521466.0,3521466.0,3521466.0,0.0
1777590000,3488894.0,3488894.0,3488894.0,3488894.0,0.01440272
1777591800,3518351.0,3519485.0,3488994.0,3519485.0,0.042686
1777593600,3489994.0,3489994.0,3489994.0,3489994.0,0.05001148
1777595400,3669659.0,3669668.0,3669659.0,3669668.0,0.0561997
1777597200,3489998.0,3532883.0,3489997.0,3532883.0,0.03756176
1777599000,3521076.0,3521076.0,3521076.0,3521076.0,0.00389085
1777600800,3520048.0,3537566.0,3520048.0,3537566.0,0.2281716
1777602600,3500995.0,3500995.0,3500995.0,3500995.0,0.02855473
1777604400,3500000.0,3521731.0,3500000.0,3521731.0,0.03266847
1777606200,3522563.0,3529002.0,3522563.0,3529002.0,0.28566389
1777608000,3500000.0,3526806.0,3500000.0,3526799.0,0.07051666
1777609800,3524237.0,3524237.0,3500000.0,3500000.0,0.0172396
1777611600,3527339.0,3527674.0,3527281.0,3527674.0,0.15037915
1777613400,3522185.0,3522185.0,3522185.0,3522185.0,0.84825669
1777615200,3530010.0,3530010.0,3525216.0,3529562.0,0.88542202
1777617000,3649997.0,3649997.0,3500002.0,3522055.0,0.8954061
1777618800,3522055.0,3522055.0,3522055.0,3522055.0,0.0
1777620600,3523626.0,3523626.0,3500002.0,3500002.0,0.14928759
1777622400,3500002.0,3527805.0,3500002.0,3500002.0,0.44415069
1777624200,3500002.0,3500300.0,3498588.0,3498588.0,3.00411255
1777626000,3490003.0,3515333.0,3490000.0,3515333.0,1.94602071
1777627800,3515893.0,3649993.0,3490003.0,3649993.0,0.05432017
1777629600,3524730.0,3524730.0,3490200.0,3490200.0,0.33363587
1777631400,3490200.0,3490200.0,3490200.0,3490200.0,0.0
1777633200,3490203.0,3736650.0,3490200.0,3490202.0,3.14982303
1777635000,3525918.0,3532240.0,3525918.0,3532240.0,0.0141219
1777636800,3532240.0,3532240.0,3490202.0,3532240.0,0.04425129
1777638600,3532240.0,3534232.0,3490505.0,3527698.0,5.68549429
1777640400,3526406.0,3526406.0,3526400.0,3526400.0,0.03929889
1777642200,3541481.0,3541481.0,3490605.0,3490605.0,0.03909439
1777644000,3490805.0,3490805.0,3489994.0,3489994.0,4.20112079
1777645800,3488896.0,3488896.0,3400000.0,3400000.0,3.38880684
1777647600,3478100.0,3660005.0,3437405.0,3489768.0,0.85732887
1777649400,3494426.0,3494426.0,3435608.0,3493605.0,0.08137703
1777651200,3493605.0,3493605.0,3493605.0,3493605.0,0.0
1777653000,3489435.0,3489435.0,3430701.0,3430701.0,0.04899739
1777654800,3495087.0,3500304.0,3429251.0,3446181.0,1.26534464
1777656600,3510577.0,3510577.0,3505592.0,3505592.0,0.2030615
1777658400,3494453.0,3494453.0,3494453.0,3494453.0,0.05921412
1777660200,3480005.0,3480005.0,3477723.0,3477723.0,0.01693848
1777662000,3483314.0,3495944.0,3434864.0,3495944.0,0.56335866
1777663800,3502051.0,3653899.0,3445074.0,3653899.0,1.24813557
1777665600,3490184.0,3490184.0,3490184.0,3490184.0,0.28591415
1777667400,3435003.0,3487279.0,3435003.0,3487279.0,0.04237475
1777669200,3474497.0,3474497.0,3474497.0,3474497.0,0.01418824
1777671000,3429251.0,3477304.0,3429251.0,3477304.0,1.22710406
1777672800,3477256.0,3477256.0,3477256.0,3477256.0,0.00418521
1777674600,3477256.0,3477256.0,3429251.0,3429251.0,0.45926708
1777676400,3429251.0,3429251.0,3429251.0,3429251.0,0.00441045
1777678200,3477304.0,3484848.0,3477304.0,3477479.0,0.99661939
1777680000,3483620.0,3483620.0,3429251.0,3429251.0,0.59123955
1777681800,3429251.0,3498749.0,3429251.0,3429251.0,0.71155731
1777683600,3429253.0,3429253.0,3429253.0,3429253.0,0.01427816
1777685400,3475549.0,3649980.0,3475549.0,3649980.0,0.08264376
1777687200,3434643.0,3488357.0,3434643.0,3488357.0,0.14667843
1777689000,3488357.0,3488357.0,3488357.0,3488357.0,0.0
1777690800,3474146.0,3487304.0,3474146.0,3487304.0,0.03141486
1777692600,3487304.0,3487304.0,3487304.0,3487304.0,0.0
1777694400,3487304.0,3487304.0,3487304.0,3487304.0,0.0
1777696200,3482392.0,3482392.0,3482392.0,3482392.0,0.23027533
1777698000,3482392.0,3482392.0,3482392.0,3482392.0,0.0
1777699800,3479234.0,3649020.0,3479234.0,3480286.0,0.04713142
1777701600,3450000.0,3477830.0,3450000.0,3477830.0,0.01829097
1777703400,3450000.0,3450000.0,3434649.0,3434649.0,0.06859485
1777705200,3474146.0,3474146.0,3474146.0,3474146.0,0.00887325
1777707000,3474497.0,3474497.0,3474497.0,3474497.0,0.23991558
1777708800,3434650.0,3488882.0,3434650.0,3488882.0,1.43882352
1777710600,3488882.0,3488882.0,3488882.0,3488882.0,0.04329495
1777712400,3480462.0,3480462.0,3434650.0,3434650.0,0.01806498
1777714200,3480462.0,3480462.0,3434647.0,3434647.0,0.09327624
1777716000,3484672.0,3484848.0,3484672.0,3484848.0,0.23147492
1777717800,3488882.0,3488882.0,3484672.0,3484672.0,0.01778432
1777719600,3484672.0,3484672.0,3484672.0,3484672.0,0.29163088
1777721400,3434647.0,3477479.0,3434647.0,3434647.0,0.0875453
1777723200,3488881.0,3488881.0,3480813.0,3480813.0,0.01873267
1777725000,3440000.0,3440000.0,3440000.0,3440000.0,0.26273401
1777726800,3480813.0,3480813.0,3480813.0,3480813.0,0.01936386
1777728600,3440000.0,3482041.0,3434647.0,3477830.0,0.44906877
1777730400,3477830.0,3477830.0,3477830.0,3477830.0,0.0
1777732200,3477830.0,3480637.0,3477830.0,3477830.0,3.56805409
1777734000,3434648.0,3485901.0,3434647.0,3474848.0,3.08445394
1777735800,3434647.0,3474848.0,3429251.0,3474848.0,0.15405627
1777737600,3479585.0,3479585.0,3429252.0,3479585.0,0.03678137
1777739400,3477655.0,3482567.0,3477655.0,3482567.0,0.55577399
1777741200,3483269.0,3483269.0,3483269.0,3483269.0,0.0483273
1777743000,3430000.0,3483269.0,3430000.0,3483269.0,0.03888613
1777744800,3435506.0,3435506.0,3435506.0,3435506.0,0.03178504
1777746600,3430000.0,3430000.0,3430000.0,3430000.0,0.15760539
1777748400,3480813.0,3480813.0,3480813.0,3480813.0,0.01452132
1777750200,3480813.0,3480813.0,3480813.0,3480813.0,0.0
1777752000,3430000.0,3430000.0,3430000.0,3430000.0,0.26519312
1777753800,3483268.0,3483269.0,3483268.0,3483269.0,0.01075139
1777755600,3483269.0,3483269.0,3483269.0,3483269.0,0.0
1777757400,3483269.0,3483269.0,3483269.0,3483269.0,0.00648385
1777759200,3483269.0,3483269.0,3430000.0,3430000.0,0.14972458
1777761000,3444130.0,3483269.0,3430000.0,3430000.0,0.17823692
1777762800,3430000.0,3430000.0,3430000.0,3430000.0,0.33816872
1777764600,3430000.0,3430000.0,3430000.0,3430000.0,0.0
1777766400,3430000.0,3430000.0,3430000.0,3430000.0,0.0
1777768200,3430002.0,3443440.0,3430002.0,3443440.0,0.3254928
1777770000,3483269.0,3483269.0,3483269.0,3483269.0,0.00343068
1777771800,3430002.0,3482743.0,3430002.0,3482743.0,0.02939301
1777773600,3479234.0,3479234.0,3479234.0,3479234.0,0.00501575
1777775400,3477830.0,3477830.0,3430002.0,3430002.0,0.03555614
1777777200,3441199.0,3441199.0,3430002.0,3430002.0,0.63797463
1777779000,3479233.0,3479234.0,3443268.0,3443268.0,0.0421146
1777780800,3479234.0,3479234.0,3479234.0,3479234.0,0.00849238
1777782600,3435164.0,3435164.0,3435164.0,3435164.0,0.03073372
1777784400,3479234.0,3479234.0,3435164.0,3435164.0,0.00722677
1777786200,3479234.0,3479234.0,3435164.0,3435164.0,0.05830963
1777788000,3479234.0,3479234.0,3435165.0,3479234.0,0.0488931
1777789800,3435165.0,3479234.0,3435165.0,3479234.0,0.00945581
1777791600,3448615.0,3448615.0,3448615.0,3448615.0,0.00570885
1777793400,3479234.0,3479234.0,3479234.0,3479234.0,0.05736262
1777795200,3435165.0,3479231.0,3435161.0,3435161.0,0.23612824
1777797000,3479231.0,3479234.0,3479231.0,3479234.0,0.01439684
1777798800,3479234.0,3479234.0,3479234.0,3479234.0,0.0
1777800600,3479234.0,3479234.0,3435170.0,3435170.0,0.00821559
1777802400,3435170.0,3435170.0,3435170.0,3435170.0,0.0
1777804200,3440853.0,3440853.0,3435171.0,3435171.0,0.02129171
1777806000,3435171.0,3479234.0,3435170.0,3446373.0,0.01521792
1777807800,3446373.0,3446373.0,3446373.0,3446373.0,0.0
1777809600,3479234.0,3479234.0,3435161.0,3435161.0,0.10953215
1777811400,3479234.0,3479234.0,3479234.0,3479234.0,0.01610929
1777813200,3479234.0,3479234.0,3435161.0,3435161.0,1.33415418
1777815000,3435161.0,3483269.0,3430002.0,3483269.0,0.33132468
1777816800,3439300.0,3483269.0,3430002.0,3483269.0,0.29176189
1777818600,3483269.0,3487129.0,3430002.0,3435851.0,0.01661239
1777820400,3435851.0,3435851.0,3435851.0,3435851.0,0.0
1777822200,3456700.0,3456700.0,3456700.0,3456700.0,0.00319984
1777824000,3492567.0,3495725.0,3492567.0,3495725.0,0.01564757
1777825800,3496076.0,3496076.0,3496076.0,3496076.0,0.01131525
1777827600,3499743.0,3499743.0,3499743.0,3499743.0,0.013659
1777829400,3499743.0,3499752.0,3499743.0,3499752.0,0.00493692
1777831200,3499752.0,3499752.0,3462242.0,3462242.0,0.0088109
1777833000,3462242.0,3462242.0,3462242.0,3462242.0,0.0
1777834800,3462242.0,3462242.0,3462242.0,3462242.0,0.0
1777836600,3499752.0,3499758.0,3499752.0,3499758.0,0.01382667
1777838400,3499758.0,3499758.0,3499758.0,3499758.0,0.0
1777840200,3464312.0,3510112.0,3464312.0,3510112.0,0.28712598
1777842000,3510112.0,3510112.0,3510112.0,3510112.0,0.0
1777843800,3553249.0,3553249.0,3553249.0,3553249.0,0.00840836
1777845600,3540993.0,3540993.0,3469479.0,3469479.0,0.01702346
1777847400,3460365.0,3460365.0,3460365.0,3460365.0,0.01511441
1777849200,3456700.0,3456701.0,3456700.0,3456700.0,0.42064757
1777851000,3498749.0,3499213.0,3498749.0,3499213.0,0.04045349
1777852800,3499213.0,3499213.0,3437238.0,3484836.0,0.02466276
1777854600,3510006.0,3510006.0,3510006.0,3510006.0,0.00291424
1777856400,3494309.0,3494309.0,3494309.0,3494309.0,0.01425031
1777858200,3492732.0,3501856.0,3441562.0,3501856.0,0.30189916
1777860000,3508453.0,3508453.0,3508453.0,3508453.0,0.0187185
1777861800,3506545.0,3506545.0,3506545.0,3506545.0,0.62153854
1777863600,3510006.0,3510006.0,3448217.0,3507009.0,0.18206142
1777865400,3500080.0,3500080.0,3500080.0,3500080.0,0.20511245
1777867200,3500080.0,3500080.0,3454669.0,3454669.0,0.05540354
1777869000,3454753.0,3510006.0,3454669.0,3509813.0,1.68246348
1777870800,3510006.0,3515814.0,3463940.0,3510014.0,0.07384588
1777872600,3511175.0,3511175.0,3464001.0,3464001.0,0.02576815
1777874400,3464001.0,3511293.0,3464001.0,3511293.0,0.00757136
1777876200,3510443.0,3510443.0,3510443.0,3510443.0,0.00608299
1777878000,3510443.0,3510443.0,3510443.0,3510443.0,0.0
1777879800,3512916.0,3512916.0,3512916.0,3512916.0,0.00607814
1777881600,3514906.0,3515804.0,3514906.0,3515804.0,0.01863589
1777883400,3513610.0,3515804.0,3457933.0,3457933.0,0.15876378
1777885200,3456735.0,3515804.0,3456735.0,3515625.0,0.02585022
1777887000,3455636.0,3455636.0,3453022.0,3453022.0,0.16477289
1777888800,3486462.0,3512473.0,3486462.0,3512473.0,0.01782873
1777890600,3451448.0,3451448.0,3451448.0,3451448.0,0.00578471
1777892400,3484824.0,3511000.0,3451448.0,3511000.0,0.11006802
1777894200,3511000.0,3511000.0,3511000.0,3511000.0,0.0
1777896000,3493016.0,3511000.0,3451448.0,3511000.0,0.34508975
1777897800,3511000.0,3511000.0,3511000.0,3511000.0,0.03904898
1777899600,3451448.0,3503282.0,3449355.0,3503282.0,0.42811683
1777901400,3471986.0,3510966.0,3471986.0,3510966.0,0.03083262
1777903200,3470743.0,3470743.0,3470743.0,3470743.0,0.00311994
1777905000,3470743.0,3478300.0,3470743.0,3478300.0,1.93151238
1777906800,3470743.0,3470743.0,3449355.0,3449355.0,0.95414928
1777908600,3449355.0,3449355.0,3449355.0,3449355.0,0.0
1777910400,3457848.0,3510978.0,3430002.0,3430002.0,0.03558948
1777912200,3450002.0,3510978.0,3450002.0,3510978.0,0.02328377
1777914000,3473321.0,3473321.0,3473321.0,3473321.0,0.00286728
1777915800,3481913.0,3481913.0,3450002.0,3450002.0,0.06685064
1777917600,3510978.0,3511000.0,3506614.0,3511000.0,0.65655172
1777919400,3511000.0,3511000.0,3511000.0,3511000.0,0.00630446
1777921200,3511000.0,3511000.0,3511000.0,3511000.0,0.0
1777923000,3500672.0,3500672.0,3450002.0,3450002.0,0.06429165
1777924800,3503994.0,3503994.0,3450002.0,3450002.0,0.08069913
1777926600,3450002.0,3450002.0,3450002.0,3450002.0,0.0
1777928400,3450002.0,3494828.0,3450002.0,3494828.0,0.06290085
1777930200,3494828.0,3494828.0,3494828.0,3494828.0,0.0
1777932000,3494828.0,3494828.0,3494828.0,3494828.0,0.00838353
1777933800,3494828.0,3494828.0,3494828.0,3494828.0,0.0
1777935600,3494828.0,3494828.0,3494828.0,3494828.0,0.0
1777937400,3450002.0,3481409.0,3450002.0,3481409.0,0.20002634
1777939200,3477616.0,3477619.0,3450002.0,3477619.0,0.04532894
1777941000,3450002.0,3486283.0,3450002.0,3486283.0,0.01297711
1777942800,3486283.0,3494828.0,3486283.0,3494828.0,0.05521114
1777944600,3450002.0,3494828.0,3450002.0,3450002.0,1.05055778
1777946400,3450002.0,3494828.0,3430008.0,3494828.0,0.62338658
1777948200,3492945.0,3510989.0,3492945.0,3510989.0,0.33012617
1777950000,3450002.0,3450002.0,3450002.0,3450002.0,0.04303509
1777951800,3450002.0,3450002.0,3450002.0,3450002.0,0.0
1777953600,3450002.0,3499151.0,3450002.0,3498132.0,0.40344853
1777955400,3450002.0,3497656.0,3450002.0,3497654.0,0.12141149
1777957200,3497654.0,3504533.0,3497654.0,3504533.0,0.06191286
1777959000,3504557.0,3507893.0,3450002.0,3507893.0,0.4928731
1777960800,3510967.0,3510967.0,3452263.0,3452263.0,0.054356
1777962600,3452562.0,3507618.0,3452562.0,3507618.0,0.01133896
1777964400,3507614.0,3507614.0,3507614.0,3507614.0,0.04457959
1777966200,3507614.0,3507614.0,3507614.0,3507614.0,0.0
1777968000,3507206.0,3507601.0,3507206.0,3507601.0,0.00851798
1777969800,3507601.0,3507601.0,3507601.0,3507601.0,0.0
1777971600,3499139.0,3507601.0,3456139.0,3456139.0,0.10366504
1777973400,3507601.0,3507601.0,3506757.0,3506757.0,1.99133645
1777975200,3456147.0,3506761.0,3456143.0,3506761.0,0.02315006
1777977000,3506757.0,3506761.0,3506757.0,3506761.0,0.08728483
1777978800,3506761.0,3510222.0,3456159.0,3505078.0,4.68404312
1777980600,3501414.0,3501414.0,3456160.0,3456160.0,0.15901994
1777982400,3510972.0,3510972.0,3456160.0,3456160.0,0.04698883
1777984200,3459775.0,3459996.0,3459775.0,3459996.0,0.14407414
1777986000,3499999.0,3512473.0,3499999.0,3512473.0,0.23739436
1777987800,3512473.0,3519193.0,3465465.0,3465465.0,1.07019872
1777989600,3519435.0,3519435.0,3496256.0,3496256.0,0.0894495
1777991400,3476298.0,3476298.0,3465466.0,3465466.0,0.0581602
1777993200,3465468.0,3465468.0,3465465.0,3465465.0,1.19297448
1777995000,3467814.0,3467814.0,3456160.0,3456160.0,0.10730023
1777996800,3475103.0,3477540.0,3440000.0,3440000.0,2.1333875
1777998600,3483180.0,3483180.0,3483180.0,3483180.0,0.1026559
1778000400,3440000.0,3440000.0,3440000.0,3440000.0,0.00707397
1778002200,3473780.0,3473780.0,3473780.0,3473780.0,0.00657554
1778004000,3473780.0,3473780.0,3473780.0,3473780.0,0.0
1778005800,3478300.0,3478300.0,3478300.0,3478300.0,0.0031616
1778007600,3478300.0,3478300.0,3478300.0,3478300.0,0.0
1778009400,3440000.0,3440000.0,3440000.0,3440000.0,0.04467371
1778011200,3440000.0,3459104.0,3440000.0,3440000.0,0.02637774
1778013000,3440000.0,3440000.0,3440000.0,3440000.0,0.0
1778014800,3440001.0,3440001.0,3440000.0,3440000.0,0.3815958
1778016600,3470000.0,3470000.0,3440000.0,3440000.0,4.04479
1778018400,3440000.0,3457972.0,3440000.0,3457972.0,0.26339441
1778020200,3459103.0,3463085.0,3440000.0,3463085.0,0.03578116
1778022000,3463085.0,3463085.0,3463085.0,3463085.0,0.0
1778023800,3468511.0,3468547.0,3440000.0,3468547.0,0.03057864
1778025600,3468500.0,3468500.0,3440000.0,3440000.0,0.04286065
1778027400,3440000.0,3440000.0,3440000.0,3440000.0,0.0
1778029200,3462344.0,3462344.0,3440000.0,3440000.0,0.04911259
1778031000,3440001.0,3462029.0,3440001.0,3455778.0,0.03699388
1778032800,3456746.0,3460378.0,3453488.0,3460378.0,0.22345376
1778034600,3457278.0,3457278.0,3457278.0,3457278.0,0.1491066
1778036400,3461876.0,3468547.0,3440000.0,3468547.0,0.52325198
1778038200,3466834.0,3466834.0,3460620.0,3460620.0,0.04944647
1778040000,3440001.0,3466834.0,3440001.0,3466834.0,0.04256704
1778041800,3440001.0,3463642.0,3440001.0,3463642.0,0.2936229
1778043600,3440001.0,3440001.0,3440000.0,3440000.0,0.28073628
1778045400,3440000.0,3440000.0,3440000.0,3440000.0,0.00859754
1778047200,3462869.0,3462869.0,3440003.0,3440003.0,0.05664179
1778049000,3440003.0,3440003.0,3440003.0,3440003.0,0.0
1778050800,3440004.0,3440004.0,3440004.0,3440004.0,0.01090714
1778052600,3461491.0,3466834.0,3461491.0,3466834.0,0.02880789
1778054400,3466043.0,3466043.0,3466042.0,3466042.0,0.0485167
1778056200,3466042.0,3466042.0,3466042.0,3466042.0,0.0
1778058000,3466042.0,3466043.0,3466000.0,3466000.0,0.20029007
1778059800,3466043.0,3466043.0,3449355.0,3449355.0,0.05638699
1778061600,3466043.0,3468547.0,3446261.0,3468547.0,2.75129661
1778063400,3509996.0,3519433.0,3509996.0,3519433.0,0.32425837
1778065200,3519433.0,3519433.0,3519433.0,3519433.0,0.03750546
1778067000,3500000.0,3515000.0,3500000.0,3500000.0,0.07773886
1778068800,3500000.0,3500000.0,3500000.0,3500000.0,0.00286868
1778070600,3500000.0,3514511.0,3500000.0,3514511.0,1.00928482
1778072400,3504167.0,3504167.0,3504167.0,3504167.0,0.07647552
1778074200,3503220.0,3555702.0,3500000.0,3520775.0,0.90436377
1778076000,3555702.0,3597000.0,3506816.0,3513578.0,0.44775175
1778077800,3592735.0,3592735.0,3533145.0,3539144.0,0.41696632
1778079600,3578766.0,3597776.0,3575772.0,3597776.0,0.41751731
1778081400,3597776.0,3597776.0,3596778.0,3597776.0,0.01110817
1778083200,3547501.0,3550626.0,3547501.0,3550626.0,0.06719845
1778085000,3597776.0,3597776.0,3597776.0,3597776.0,0.02748781
1778086800,3591363.0,3597776.0,3546401.0,3597776.0,0.11946186
1778088600,3596094.0,3596094.0,3596094.0,3596094.0,0.00550096
1778090400,3563204.0,3597776.0,3563204.0,3597776.0,0.03950133
1778092200,3597776.0,3597776.0,3597776.0,3597776.0,0.02768098
1778094000,3597776.0,3597776.0,3597776.0,3597776.0,0.60575337
1778095800,3597776.0,3597776.0,3546397.0,3597776.0,0.56358955
1778097600,3597776.0,3597776.0,3597776.0,3597776.0,0.0
1778099400,3597776.0,3597776.0,3597776.0,3597776.0,0.0
1778101200,3597776.0,3597776.0,3597776.0,3597776.0,0.0
1778103000,3597776.0,3597776.0,3546397.0,3546397.0,0.93005741
1778104800,3555940.0,3555940.0,3555940.0,3555940.0,0.0498384
1778106600,3597000.0,3597000.0,3597000.0,3597000.0,0.013871
1778108400,3597000.0,3597000.0,3597000.0,3597000.0,0.0
1778110200,3597000.0,3597000.0,3597000.0,3597000.0,0.0
1778112000,3596000.0,3596000.0,3564907.0,3564907.0,0.29992748
1778113800,3565753.0,3596000.0,3565753.0,3596000.0,0.03368808
1778115600,3596000.0,3596000.0,3596000.0,3596000.0,0.0066941
1778117400,3596000.0,3596000.0,3596000.0,3596000.0,0.0
1778119200,3596000.0,3596000.0,3567533.0,3567533.0,0.14530125
1778121000,3555943.0,3596000.0,3555943.0,3596000.0,0.08743413
1778122800,3575336.0,3596000.0,3575336.0,3596000.0,0.49829719
1778124600,3596000.0,3596000.0,3576996.0,3596000.0,0.68029186
1778126400,3581325.0,3596000.0,3580127.0,3580286.0,0.65721708
1778128200,3596000.0,3596996.0,3596000.0,3596996.0,0.02776935
1778130000,3596996.0,3596996.0,3596996.0,3596996.0,0.0
1778131800,3596996.0,3596996.0,3596996.0,3596996.0,0.0
1778133600,3596996.0,3597776.0,3578913.0,3597776.0,0.53680832
1778135400,3597776.0,3597776.0,3579191.0,3597776.0,0.23625537
1778137200,3585982.0,3599000.0,3585982.0,3599000.0,0.59815448
1778139000,3630000.0,3675894.0,3614790.0,3675894.0,0.15132192
1778140800,3607052.0,3607052.0,3607052.0,3607052.0,0.00855524
1778142600,3665641.0,3665646.0,3605251.0,3665646.0,0.63808804
1778144400,3665646.0,3665646.0,3604974.0,3650000.0,0.11344658
1778146200,3602004.0,3602004.0,3602004.0,3602004.0,0.02115611
1778148000,3602004.0,3644306.0,3581714.0,3643847.0,5.89178437
1778149800,3643000.0,3643000.0,3643000.0,3643000.0,0.99999972
1778151600,3595237.0,3595237.0,3588054.0,3590120.0,0.2761543
1778153400,3590124.0,3635537.0,3578092.0,3578092.0,0.9713131
1778155200,3635533.0,3635537.0,3626323.0,3626323.0,0.10729241
1778157000,3625218.0,3635269.0,3582300.0,3635269.0,0.32097709
1778158800,3635171.0,3635521.0,3635171.0,3635521.0,0.06875424
1778160600,3622175.0,3635521.0,3622175.0,3635521.0,0.10494118
1778162400,3596614.0,3700000.0,3596614.0,3700000.0,6.46265012
1778164200,3700000.0,3700000.0,3699990.0,3700000.0,0.09210873
1778166000,3699996.0,3699999.0,3670692.0,3670692.0,0.44282466
1778167800,3670696.0,3699995.0,3546397.0,3546397.0,3.30123256
1778169600,3666507.0,3680000.0,3659342.0,3680000.0,3.68211534
1778171400,3680000.0,3730000.0,3680000.0,3730000.0,3.52357835
1778173200,3719346.0,3838383.0,3646638.0,3646638.0,2.36902277
1778175000,3714645.0,3714645.0,3546397.0,3668572.0,2.18949464
1778176800,3728829.0,3736591.0,3546397.0,3546397.0,7.53983138
1778178600,3838383.0,3838383.0,3838383.0,3838383.0,0.0028538
1778180400,3664971.0,3719786.0,3663190.0,3719786.0,0.22595863
1778182200,3665004.0,3665004.0,3665000.0,3665000.0,0.02748728
1778184000,3665000.0,3665000.0,3665000.0,3665000.0,0.0
1778185800,3665000.0,3665000.0,3665000.0,3665000.0,0.0
1778187600,3713328.0,3720000.0,3650830.0,3720000.0,0.17455537
1778189400,3718240.0,3718240.0,3676634.0,3676634.0,0.12083161
1778191200,3686576.0,3701236.0,3686576.0,3701236.0,0.03327965
1778193000,3701555.0,3701555.0,3630456.0,3630456.0,0.03488282
1778194800,3640004.0,3692632.0,3640004.0,3692541.0,0.02759987
1778196600,3692069.0,3692069.0,3692069.0,3692069.0,0.00777233
1778198400,3692069.0,3692069.0,3645505.0,3692069.0,0.10935865
1778200200,3644816.0,3707761.0,3644816.0,3707761.0,1.33935841
1778202000,3706200.0,3706200.0,3706200.0,3706200.0,0.00268711
1778203800,3706200.0,3706200.0,3706200.0,3706200.0,0.00603853
1778205600,3706197.0,3706198.0,3706000.0,3706000.0,0.4402793
1778207400,3706198.0,3706200.0,3706000.0,3706000.0,1.2728818
1778209200,3706000.0,3706000.0,3706000.0,3706000.0,0.14489876
1778211000,3706200.0,3720000.0,3706000.0,3706000.0,0.39345636
1778212800,3706000.0,3720000.0,3706000.0,3706000.0,0.4567214
1778214600,3720000.0,3720000.0,3706000.0,3720000.0,0.11856961
1778216400,3720000.0,3720000.0,3706000.0,3720000.0,0.05938399
1778218200,3720000.0,3720000.0,3706000.0,3706000.0,2.85393228
1778220000,3720000.0,3720000.0,3706000.0,3706000.0,0.06493035
1778221800,3720000.0,3720000.0,3706000.0,3720000.0,1.15779622
1778223600,3719000.0,3720000.0,3719000.0,3720000.0,0.00985645
1778225400,3720000.0,3720000.0,3706000.0,3706000.0,0.4424563
1778227200,3720000.0,3720000.0,3720000.0,3720000.0,0.04612435
1778229000,3720000.0,3806199.0,3706000.0,3706000.0,5.04175991
1778230800,3706000.0,3757485.0,3706000.0,3757485.0,0.45333036
1778232600,3757565.0,3757565.0,3706000.0,3706000.0,0.04360898
1778234400,3754550.0,3756896.0,3754550.0,3756896.0,0.07898626
1778236200,3755778.0,3755778.0,3706000.0,3753745.0,0.08797206
1778238000,3748255.0,3748255.0,3748255.0,3748255.0,0.00292242
1778239800,3752504.0,3752504.0,3706000.0,3706000.0,0.11783615
1778241600,3752261.0,3752404.0,3706000.0,3706000.0,0.04846734
1778243400,3751285.0,3754039.0,3706000.0,3754039.0,0.42693331
1778245200,3754038.0,3754039.0,3751712.0,3754039.0,0.05581524
1778247000,3753695.0,3806199.0,3720929.0,3806199.0,1.34246666
1778248800,3806199.0,3806199.0,3731536.0,3793407.0,0.9969643
1778250600,3772000.0,3788453.0,3772000.0,3788453.0,0.03644854
1778252400,3729561.0,3806199.0,3729561.0,3802159.0,1.55213677
1778254200,3806198.0,3806199.0,3744692.0,3787541.0,0.12500641
1778256000,3735047.0,3796505.0,3719877.0,3796505.0,0.93893819
1778257800,3785863.0,3790454.0,3706000.0,3783760.0,3.10971562
1778259600,3780436.0,3780870.0,3721995.0,3780866.0,0.06961549
1778261400,3790338.0,3790338.0,3726885.0,3730000.0,1.12286148
1778263200,3785442.0,3785442.0,3785442.0,3785442.0,0.00797925
1778265000,3782662.0,3782662.0,3730000.0,3774161.0,0.08063172
1778266800,3780531.0,3780531.0,3778869.0,3778869.0,0.04064978
1778268600,3730000.0,3730000.0,3730000.0,3730000.0,0.02423056
1778270400,3730000.0,3730000.0,3730000.0,3730000.0,1.43941215
1778272200,3730000.0,3730000.0,3730000.0,3730000.0,0.0
1778274000,3730000.0,3730000.0,3730000.0,3730000.0,0.00289744
1778275800,3730000.0,3730000.0,3730000.0,3730000.0,0.71089788
1778277600,3730000.0,3730000.0,3730000.0,3730000.0,0.05519604
1778279400,3777332.0,3778563.0,3775929.0,3775929.0,0.02170971
1778281200,3773990.0,3774874.0,3773990.0,3774874.0,0.01030746
1778283000,3731001.0,3731001.0,3731001.0,3731001.0,0.00487659
1778284800,3779443.0,3779443.0,3779443.0,3779443.0,0.00527008
1778286600,3732001.0,3773814.0,3731001.0,3773814.0,0.12712035
1778288400,3773990.0,3773990.0,3773990.0,3773990.0,0.01820805
1778290200,3768890.0,3774518.0,3732000.0,3732001.0,0.10187463
1778292000,3732001.0,3732001.0,3732001.0,3732001.0,0.01273345
1778293800,3735000.0,3735000.0,3732001.0,3732001.0,0.03772193
1778295600,3732002.0,3774518.0,3732002.0,3774518.0,0.01593915
1778297400,3774518.0,3806198.0,3774518.0,3781205.0,0.03389327
1778299200,3774518.0,3781205.0,3732001.0,3732001.0,0.59625525
1778301000,3772587.0,3806199.0,3772587.0,3806199.0,0.12080601
1778302800,3773994.0,3773994.0,3732001.0,3732001.0,0.11366356
1778304600,3732001.0,3806198.0,3732001.0,3732001.0,0.05665238
1778306400,3732001.0,3781029.0,3732001.0,3781029.0,0.00793609
1778308200,3775226.0,3775226.0,3732000.0,3732000.0,3.2855572
1778310000,3775222.0,3806198.0,3732000.0,3774874.0,0.27580347
1778311800,3732000.0,3780150.0,3732000.0,3778215.0,0.05018812
1778313600,3781381.0,3781381.0,3781381.0,3781381.0,0.00379147
1778315400,3732000.0,3781381.0,3732000.0,3732000.0,0.1415998
1778317200,3778040.0,3782788.0,3732000.0,3733001.0,3.39754187
1778319000,3777160.0,3778040.0,3733001.0,3778040.0,0.08368515
1778320800,3778567.0,3784000.0,3775001.0,3784000.0,0.0777843
1778322600,3780678.0,3780678.0,3775001.0,3780678.0,0.16937168
1778324400,3775001.0,3784723.0,3775001.0,3775001.0,1.89826052
1778326200,3775001.0,3781205.0,3775001.0,3781205.0,0.01670203
1778328000,3778743.0,3778743.0,3775001.0,3775001.0,0.0479643
1778329800,3775001.0,3775001.0,3775001.0,3775001.0,0.14926283
1778331600,3775001.0,3780854.0,3732500.0,3780854.0,0.15729546
1778333400,3732500.0,3732500.0,3732500.0,3732500.0,0.00643379
1778335200,3779000.0,3786832.0,3732501.0,3786832.0,1.29293847
1778337000,3781557.0,3781557.0,3732501.0,3732501.0,0.16574246
1778338800,3774346.0,3774346.0,3773643.0,3773643.0,0.81316608
1778340600,3786833.0,3786833.0,3732501.0,3732501.0,0.30057046
1778342400,3732501.0,3786833.0,3732501.0,3732501.0,1.4027015
1778344200,3732501.0,3781557.0,3732501.0,3781557.0,0.08599179
1778346000,3732501.0,3732501.0,3732001.0,3732001.0,0.78589323
1778347800,3780854.0,3780854.0,3732001.0,3780678.0,0.0789066
1778349600,3780678.0,3780678.0,3780678.0,3780678.0,0.00497291
1778351400,3786833.0,3786833.0,3780678.0,3780678.0,0.00747863
1778353200,3780678.0,3780678.0,3780678.0,3780678.0,0.0
1778355000,3781029.0,3781029.0,3781029.0,3781029.0,0.02639202
1778356800,3781029.0,3781029.0,3781029.0,3781029.0,0.0
1778358600,3781029.0,3781029.0,3781029.0,3781029.0,0.0
1778360400,3784195.0,3784195.0,3784195.0,3784195.0,0.05630074
1778362200,3784195.0,3784195.0,3784195.0,3784195.0,0.0
1778364000,3784195.0,3784195.0,3784195.0,3784195.0,0.0
1778365800,3784195.0,3784195.0,3784195.0,3784195.0,0.0
1778367600,3785602.0,3785602.0,3785602.0,3785602.0,0.05535103
1778369400,3785602.0,3785602.0,3785602.0,3785602.0,0.0
1778371200,3785602.0,3785602.0,3785602.0,3785602.0,0.02091263
1778373000,3738656.0,3802663.0,3738656.0,3802663.0,0.25822082
1778374800,3805125.0,3805125.0,3805125.0,3805125.0,0.00261725
1778376600,3806198.0,3838000.0,3806198.0,3838000.0,1.62471774
1778378400,3802663.0,3802838.0,3738900.0,3802838.0,0.35763391
1778380200,3802000.0,3803366.0,3802000.0,3803366.0,0.02745809
1778382000,3802000.0,3802000.0,3802000.0,3802000.0,0.07054888
1778383800,3802000.0,3803366.0,3738901.0,3738901.0,0.30425461
1778385600,3741077.0,3805125.0,3738901.0,3738901.0,0.02636659
1778387400,3738901.0,3738901.0,3738901.0,3738901.0,0.0
1778389200,3802487.0,3803014.0,3747994.0,3747994.0,27.90402656
1778391000,3801000.0,3801000.0,3749954.0,3749954.0,0.05441549
1778392800,3740213.0,3740213.0,3740213.0,3740213.0,0.04500256
1778394600,3801000.0,3801000.0,3801000.0,3801000.0,0.01220678
1778396400,3801000.0,3801000.0,3801000.0,3801000.0,0.0
1778398200,3801000.0,3801000.0,3800024.0,3800024.0,0.01281415
1778400000,3801000.0,3801000.0,3745000.0,3745000.0,0.03053824
1778401800,3745000.0,3801000.0,3745000.0,3801000.0,0.03438537
1778403600,3801000.0,3801000.0,3801000.0,3801000.0,0.0
1778405400,3746200.0,3801000.0,3746200.0,3801000.0,0.02580866
1778407200,3746200.0,3746200.0,3746200.0,3746200.0,0.00275772
1778409000,3748167.0,3801000.0,3746200.0,3801000.0,0.22672843
1778410800,3750588.0,3750588.0,3745000.0,3745000.0,0.06187142
1778412600,3800999.0,3808115.0,3745000.0,3808115.0,1.5985029
1778414400,3753700.0,3817964.0,3753700.0,3816733.0,1.34119735
1778416200,3751106.0,3812863.0,3749500.0,3812863.0,1.50914424
1778418000,3825000.0,3825000.0,3754000.0,3806708.0,1.35666634
1778419800,3822361.0,3822361.0,3816557.0,3816557.0,0.02336486
1778421600,3807411.0,3807411.0,3758023.0,3758023.0,0.01242438
1778423400,3758023.0,3808291.0,3755000.0,3759000.0,0.59426558
1778425200,3806000.0,3806000.0,3805998.0,3805998.0,0.04592827
1778427000,3761000.0,3801000.0,3761000.0,3761000.0,0.02301957
1778428800,3800000.0,3800000.0,3760002.0,3800000.0,0.14817031
1778430600,3800000.0,3800000.0,3760002.0,3798000.0,0.04427661
1778432400,3798000.0,3798000.0,3798000.0,3798000.0,0.0
1778434200,3798000.0,3798000.0,3798000.0,3798000.0,0.0
1778436000,3760002.0,3760002.0,3760000.0,3760000.0,0.23728707
1778437800,3802661.0,3802661.0,3802661.0,3802661.0,0.01309477
1778439600,3760000.0,3760000.0,3760000.0,3760000.0,0.0112258
1778441400,3760000.0,3760000.0,3760000.0,3760000.0,0.0
1778443200,3802661.0,3805998.0,3802661.0,3805998.0,0.01078333
1778445000,3760000.0,3760000.0,3754000.0,3754000.0,0.29008517
1778446800,3754000.0,3754000.0,3754000.0,3754000.0,0.0
1778448600,3754000.0,3754000.0,3754000.0,3754000.0,0.0
1778450400,3754000.0,3754000.0,3754000.0,3754000.0,0.0
1778452200,3790361.0,3790361.0,3754000.0,3754000.0,0.05644403
1778454000,3754000.0,3786520.0,3754000.0,3754000.0,0.03457436
1778455800,3754000.0,3787000.0,3754000.0,3787000.0,2.09328827
1778457600,3787000.0,3790470.0,3787000.0,3787000.0,2.46437867
1778459400,3785003.0,3785003.0,3732000.0,3732000.0,9.5908598
1778461200,3775980.0,3790501.0,3732000.0,3778063.0,0.09757452
1778463000,3772407.0,3774850.0,3771653.0,3771653.0,0.07226736
1778464800,3732000.0,3785000.0,3732000.0,3779711.0,0.76382327
1778466600,3740000.0,3775000.0,3740000.0,3775000.0,0.82031746
1778468400,3775000.0,3790501.0,3735500.0,3735500.0,0.94633431
1778470200,3782342.0,3782342.0,3735500.0,3778632.0,0.11374398
1778472000,3735600.0,3778543.0,3735600.0,3735603.0,0.12666188
1778473800,3788055.0,3789816.0,3788055.0,3789816.0,0.00904457
1778475600,3736000.0,3790000.0,3736000.0,3780000.0,0.7692675
1778477400,3780000.0,3786950.0,3737000.0,3782844.0,2.15634538
1778479200,3788848.0,3838000.0,3737000.0,3737000.0,2.98967978
1778481000,3737000.0,3838000.0,3737000.0,3776668.0,0.13468969
1778482800,3776461.0,3776461.0,3737001.0,3737001.0,0.0934531
1778484600,3738000.0,3781539.0,3737001.0,3781539.0,0.50215545
1778486400,3825000.0,3825000.0,3740001.0,3776308.0,0.55347955
1778488200,3771030.0,3824999.0,3771030.0,3824999.0,0.13195833
1778490000,3765488.0,3765488.0,3765488.0,3765488.0,0.00793442
1778491800,3777566.0,3779205.0,3740002.0,3779205.0,2.78653203
1778493600,3773014.0,3773014.0,3772390.0,3772390.0,0.28697026
1778495400,3771454.0,3771454.0,3764569.0,3764569.0,0.03405073
1778497200,3740002.0,3740002.0,3740002.0,3740002.0,0.0067793
1778499000,3740002.0,3740002.0,3740002.0,3740002.0,0.0
1778500800,3740003.0,3769359.0,3732000.0,3768446.0,2.21765936
1778502600,3732001.0,3732001.0,3732001.0,3732001.0,0.05900738
1778504400,3765343.0,3771567.0,3765343.0,3771567.0,0.10679445
1778506200,3732005.0,3824998.0,3732005.0,3824998.0,0.1802461
1778508000,3820000.0,3820000.0,3820000.0,3820000.0,0.02217144
1778509800,3820000.0,3838383.0,3770270.0,3833187.0,3.81292911
1778511600,3852644.0,3888886.0,3852644.0,3888886.0,0.10472786
1778513400,3888882.0,3888882.0,3842126.0,3888882.0,0.04432783
1778515200,3844616.0,3888888.0,3844616.0,3845129.0,0.82751297
1778517000,3888888.0,3888888.0,3845070.0,3888888.0,0.25792168
1778518800,3845070.0,3845070.0,3845070.0,3845070.0,0.00293167
1778520600,3888888.0,3895733.0,3888888.0,3892398.0,0.54857692
1778522400,3893533.0,3893533.0,3892864.0,3892864.0,0.16954961
1778524200,3895733.0,3895733.0,3895733.0,3895733.0,0.00818356
1778526000,3845071.0,3875486.0,3845071.0,3875486.0,0.15358026
1778527800,3895733.0,3895733.0,3845071.0,3845071.0,0.05497332
1778529600,3845071.0,3845071.0,3845071.0,3845071.0,0.00818356
1778531400,3865831.0,3895733.0,3845071.0,3845071.0,0.01596961
1778533200,3845071.0,3845071.0,3845071.0,3845071.0,0.0
1778535000,3861543.0,3861543.0,3861543.0,3861543.0,0.00513447
1778536800,3861543.0,3861543.0,3861543.0,3861543.0,0.0
1778538600,3861543.0,3861543.0,3861543.0,3861543.0,0.0
1778540400,3877942.0,3877950.0,3845071.0,3877236.0,0.04371612
1778542200,3877236.0,3877236.0,3877236.0,3877236.0,0.0
1778544000,3878114.0,3879176.0,3850000.0,3870482.0,0.4265433
1778545800,3867131.0,3895733.0,3865556.0,3867672.0,1.12073516
1778547600,3850001.0,3869981.0,3850001.0,3869981.0,1.98068932
1778549400,3850001.0,3850001.0,3796900.0,3796900.0,1.63373789
1778551200,3895733.0,3895733.0,3796900.0,3862129.0,0.45099733
1778553000,3895733.0,3895733.0,3798197.0,3799223.0,0.10912274
1778554800,3869608.0,3871809.0,3869608.0,3871809.0,1.06611659
1778556600,3867949.0,3873104.0,3867949.0,3873104.0,1.01808384
1778558400,3865444.0,3865444.0,3865444.0,3865444.0,0.01674658
1778560200,3864735.0,3864735.0,3864735.0,3864735.0,0.2743267
1778562000,3862517.0,3862517.0,3858133.0,3858145.0,0.07634633
1778563800,3862517.0,3862517.0,3807912.0,3807912.0,0.03816512
1778565600,3862517.0,3862517.0,3803207.0,3803207.0,0.33460784
1778567400,3803207.0,3803207.0,3803207.0,3803207.0,0.0
1778569200,3860309.0,3862517.0,3803207.0,3862513.0,0.11486055
1778571000,3859030.0,3859030.0,3859030.0,3859030.0,4.08406542
1778572800,3855000.0,3855000.0,3803207.0,3803207.0,0.03905795
1778574600,3803207.0,3841517.0,3803207.0,3841517.0,0.01503364
1778576400,3847596.0,3847596.0,3803207.0,3803207.0,0.00545077
1778578200,3857912.0,3857912.0,3855707.0,3855707.0,0.00900137
1778580000,3855707.0,3855707.0,3855707.0,3855707.0,0.0
1778581800,3855707.0,3855707.0,3803215.0,3853272.0,0.0381666
1778583600,3853272.0,3853272.0,3803209.0,3803209.0,0.03945664
1778585400,3803209.0,3803209.0,3803207.0,3803207.0,0.01051597
1778587200,3803207.0,3853196.0,3788904.0,3792336.0,1.84587592
1778589000,3853100.0,3853200.0,3788000.0,3809663.0,0.26422055
1778590800,3810529.0,3853200.0,3804281.0,3853200.0,0.34872255
1778592600,3844921.0,3929490.0,3844921.0,3915278.0,26.65123947
1778594400,3890834.0,3917548.0,3809614.0,3888022.0,3.05397581
1778596200,3881998.0,3899996.0,3850000.0,3850000.0,0.03967986
1778598000,3812627.0,3860530.0,3804022.0,3804022.0,1.26299252
1778599800,3840439.0,3900000.0,3791046.0,3794569.0,0.22866534
1778601600,3861182.0,3900000.0,3799851.0,3799851.0,0.40335025
1778603400,3853837.0,3853837.0,3798973.0,3798973.0,0.02594081
1778605200,3835057.0,3835466.0,3835057.0,3835466.0,0.03714789
1778607000,3875302.0,3875302.0,3810135.0,3869343.0,0.11804958
1778608800,3867119.0,3867119.0,3867119.0,3867119.0,0.05057873
1778610600,3886571.0,3886575.0,3886571.0,3886575.0,0.99999879
1778612400,3894678.0,3900000.0,3894678.0,3900000.0,0.02965407
1778614200,3900000.0,3900000.0,3900000.0,3900000.0,0.02558692
1778616000,3900000.0,3900000.0,3899565.0,3899565.0,0.01590233
1778617800,3835509.0,3835509.0,3835509.0,3835509.0,0.18883852
1778619600,3835683.0,3835683.0,3835683.0,3835683.0,0.01584863
1778621400,3835683.0,3835683.0,3835683.0,3835683.0,0.0
1778623200,3888294.0,3892553.0,3888294.0,3892553.0,0.01552032
1778625000,3892553.0,3892553.0,3892553.0,3892553.0,0.0
1778626800,3900000.0,3900000.0,3900000.0,3900000.0,0.06801692
1778628600,3890000.0,3902688.0,3799001.0,3799001.0,0.93016721
1778630400,3834362.0,3897484.0,3834362.0,3897484.0,0.02851381
1778632200,3889118.0,3895679.0,3823981.0,3895679.0,0.02997851
1778634000,3896390.0,3896390.0,3896390.0,3896390.0,0.00255595
1778635800,3897543.0,3897543.0,3897543.0,3897543.0,0.05596013
1778637600,3897997.0,3897997.0,3897543.0,3897997.0,0.13506988
1778639400,3897543.0,3929494.0,3897543.0,3929494.0,1.11128789
1778641200,3929494.0,3929494.0,3904410.0,3904410.0,0.0585881
1778643000,3929494.0,3929494.0,3929494.0,3929494.0,0.01511236
1778644800,3929494.0,3929494.0,3732000.0,3902866.0,6.90078151
1778646600,3732007.0,3929490.0,3732001.0,3929489.0,0.62566335
1778648400,3929490.0,3929490.0,3929489.0,3929489.0,0.15465525
1778650200,3894680.0,3896187.0,3740000.0,3740000.0,0.7771689
1778652000,3896986.0,3925000.0,3896221.0,3924650.0,0.39374002
1778653800,3905915.0,3925000.0,3895700.0,3895700.0,0.18916657
1778655600,3903603.0,3925000.0,3732000.0,3924999.0,4.72355293
1778657400,3924999.0,3928000.0,3914334.0,3928000.0,0.14194462
1778659200,3928000.0,3929999.0,3928000.0,3929999.0,0.9503022
1778661000,3949998.0,3949998.0,3949998.0,3949998.0,0.15556311
1778662800,3949998.0,3949998.0,3949998.0,3949998.0,0.06710003
1778664600,3936688.0,3950000.0,3936688.0,3950000.0,0.91453527
1778666400,3940251.0,4008417.0,3937117.0,3945637.0,1.54973829
1778668200,4000000.0,4003202.0,4000000.0,4003202.0,0.80233495
1778670000,3983197.0,4044032.0,3981512.0,3981512.0,0.12608658
1778671800,3993788.0,4075000.0,3936688.0,4075000.0,13.45080723
1778673600,3986090.0,4232378.0,3931028.0,4232378.0,1.97509271
1778675400,4232378.0,4232378.0,3965146.0,3968000.0,25.9647002
1778677200,3968000.0,4070000.0,3965146.0,3965146.0,2.79016361
1778679000,3965146.0,4058999.0,3930360.0,3930360.0,1.68213231
1778680800,4050000.0,4050000.0,3930360.0,4025000.0,0.05781322
1778682600,4020000.0,4020000.0,3930360.0,3930360.0,0.15576561
1778684400,4000000.0,4020000.0,3946151.0,3949818.0,0.40916646
1778686200,3949818.0,4020000.0,3949818.0,4020000.0,1.49614323
1778688000,4020000.0,4020000.0,4020000.0,4020000.0,1.30159159
1778689800,4020000.0,4020000.0,3958786.0,4020000.0,0.94094267
1778691600,3958743.0,3960458.0,3957238.0,3960458.0,0.03334408
1778693400,4020000.0,4020000.0,4007027.0,4007027.0,0.07977947
1778695200,4020000.0,4020000.0,3961349.0,3961349.0,0.67141194
1778697000,3960458.0,4020000.0,3960458.0,4020000.0,0.05053821
1778698800,4020000.0,4021270.0,3960458.0,3960458.0,0.11350812
1778700600,4070000.0,4070000.0,3998388.0,3998388.0,0.03310245
1778702400,3960458.0,3960458.0,3960458.0,3960458.0,0.00428633
1778704200,4008468.0,4012176.0,4008071.0,4012176.0,0.27860413
1778706000,4013059.0,4013059.0,4007391.0,4007391.0,0.03912736
1778707800,3960458.0,4007391.0,3949818.0,4007391.0,0.67449827
1778709600,3949818.0,4027248.0,3949818.0,3959375.0,0.03541206
1778711400,4023351.0,4023351.0,4023351.0,4023351.0,0.11244432
1778713200,3971369.0,3971369.0,3964641.0,3964641.0,0.26009399
1778715000,3959927.0,4020612.0,3959927.0,4020612.0,0.13709877
1778716800,4041376.0,4041376.0,4041376.0,4041376.0,0.0135533
1778718600,4041376.0,4041376.0,3988403.0,4041375.0,0.03247591
1778720400,3962001.0,3983823.0,3962001.0,3980355.0,2.05008338
1778722200,3983443.0,4051712.0,3983443.0,4050409.0,0.5459865
1778724000,3985440.0,4039396.0,3985440.0,4035699.0,0.05168857
1778725800,4043596.0,4043596.0,4035699.0,4035699.0,0.78726648
1778727600,4044000.0,4048590.0,4035699.0,4035699.0,1.86134105
1778729400,4035699.0,4039945.0,3986650.0,4039933.0,0.21862938
1778731200,4021473.0,4036815.0,3986650.0,4036815.0,0.20148954
1778733000,4040060.0,4044655.0,3986650.0,4043506.0,0.21747213
1778734800,4044175.0,4069999.0,4037373.0,4037373.0,0.08910095
1778736600,4000000.0,4040000.0,4000000.0,4040000.0,0.09047907
1778738400,4040000.0,4103983.0,4040000.0,4103983.0,0.18369624
1778740200,4102585.0,4123720.0,4070050.0,4123720.0,0.03140228
1778742000,4125407.0,4125490.0,4000000.0,4000000.0,1.4859671
1778743800,4111552.0,4118265.0,4047290.0,4118265.0,0.1612967
1778745600,4113026.0,4117458.0,4043360.0,4107311.0,0.31285681
1778747400,4149199.0,4250000.0,4091661.0,4200000.0,2.3304111
1778749200,4096996.0,4200000.0,4032046.0,4032046.0,2.46473187
1778751000,4032046.0,4086987.0,4023268.0,4023268.0,0.34590333
1778752800,4088836.0,4091938.0,4088836.0,4091938.0,0.07561753
1778754600,4085065.0,4085065.0,4085065.0,4085065.0,0.74253064
1778756400,4026806.0,4085066.0,4026806.0,4085066.0,0.02261874
1778758200,4200000.0,4200000.0,4010001.0,4010001.0,1.63466427
1778760000,4199998.0,4200000.0,4199992.0,4199992.0,1.08796297
1778761800,4199992.0,4199996.0,4010090.0,4199000.0,0.36908154
1778763600,4199000.0,4199992.0,4010069.0,4010078.0,0.96720902
1778765400,4199962.0,4199968.0,4010096.0,4010138.0,0.07679562
1778767200,4199942.0,4199942.0,4010142.0,4020009.0,0.09519973
1778769000,4199926.0,4200000.0,4020009.0,4200000.0,3.44519145
1778770800,4199998.0,4199998.0,4060000.0,4180000.0,0.29446688
1778772600,4180000.0,4180000.0,4100000.0,4161204.0,0.12124866
1778774400,4161204.0,4190000.0,4060000.0,4100000.0,0.30189084
1778776200,4190000.0,4200000.0,4070050.0,4185000.0,0.75554786
1778778000,4185000.0,4185000.0,4185000.0,4185000.0,0.21249605
1778779800,4080000.0,4180000.0,4080000.0,4180000.0,0.02438485
1778781600,4080000.0,4180000.0,4080000.0,4180000.0,0.02968953
1778783400,4180000.0,4180000.0,4080000.0,4180000.0,0.01925631
1778785200,4180000.0,4180000.0,4180000.0,4180000.0,0.0
1778787000,4180000.0,4180000.0,4180000.0,4180000.0,0.0
1778788800,4179999.0,4179999.0,4080003.0,4080003.0,0.01533625
1778790600,4080003.0,4080003.0,4080003.0,4080003.0,0.7314151
1778792400,4080000.0,4080003.0,4080000.0,4080003.0,0.04174199
1778794200,4080003.0,4080003.0,4080003.0,4080003.0,11.46682489
1778796000,4080003.0,4080003.0,4080003.0,4080003.0,0.11663625
1778797800,4179999.0,4180000.0,4080003.0,4080003.0,0.02773489
1778799600,4085000.0,4085000.0,4085000.0,4085000.0,0.0026773
1778801400,4180000.0,4240000.0,4180000.0,4240000.0,0.63873894
1778803200,4240000.0,4240000.0,4100000.0,4240000.0,0.29381746
1778805000,4240000.0,4240000.0,4240000.0,4240000.0,0.27503064
1778806800,4240000.0,4250000.0,4240000.0,4250000.0,0.076665
1778808600,4250000.0,4250000.0,4141153.0,4219833.0,0.9195978
1778810400,4213000.0,4250000.0,4132008.0,4132008.0,0.16175679
1778812200,4132008.0,4215404.0,4132008.0,4212179.0,0.05057742
1778814000,4204285.0,4208625.0,4203283.0,4208625.0,0.10060682
1778815800,4208625.0,4210583.0,4150000.0,4210583.0,0.40945408
1778817600,4150000.0,4210583.0,4150000.0,4150000.0,0.11420828
1778819400,4150000.0,4190788.0,4150000.0,4150000.0,0.18940307
1778821200,4150000.0,4159495.0,4149529.0,4149529.0,0.18506382
1778823000,4132102.0,4132102.0,4100000.0,4100000.0,4.95123638
1778824800,4110216.0,4131923.0,4080003.0,4131923.0,3.76160558
1778826600,4133725.0,4155671.0,4080003.0,4080003.0,1.01491438
1778828400,4155671.0,4159709.0,4080003.0,4153173.0,0.5998665
1778830200,4200000.0,4200000.0,4080006.0,4145832.0,0.09906575
1778832000,4080006.0,4080006.0,4080006.0,4080006.0,0.04194165
1778833800,4080006.0,4114960.0,4080000.0,4102755.0,23.09389345
1778835600,4098830.0,4098830.0,4070001.0,4070001.0,0.81637396
1778837400,4087177.0,4099836.0,4010002.0,4010002.0,3.19229647
1778839200,4010002.0,4095088.0,4010002.0,4093207.0,0.0898321
1778841000,4010002.0,4199200.0,4010002.0,4199200.0,0.10385861
1778842800,4199200.0,4199200.0,4020453.0,4023766.0,0.38872644
1778844600,4115325.0,4199205.0,4106205.0,4112377.0,0.92103507
1778846400,4199166.0,4199166.0,4076765.0,4076765.0,0.10014719
1778848200,4023999.0,4199150.0,4000000.0,4002495.0,0.83848982
1778850000,4081384.0,4198008.0,4075409.0,4198008.0,0.03754363
1778851800,4061012.0,4198000.0,4000001.0,4198000.0,3.01187149
1778853600,4158000.0,4197999.0,4000000.0,4189998.0,22.45602229
1778855400,4189988.0,4189990.0,4189988.0,4189990.0,0.12492441
1778857200,4189990.0,4189990.0,4000033.0,4000033.0,0.3182134
1778859000,4000033.0,4070060.0,4000033.0,4000033.0,0.16924535
1778860800,4000033.0,4071005.0,4000033.0,4071005.0,0.03523187
1778862600,4071034.0,4071034.0,4000033.0,4066567.0,0.69167109
1778864400,4070148.0,4070148.0,4001190.0,4001190.0,0.02073496
1778866200,4000037.0,4102182.0,4000037.0,4099174.0,1.06770444
1778868000,4126606.0,4189650.0,4103045.0,4189650.0,0.01209454
1778869800,4018752.0,4189650.0,4000008.0,4189650.0,0.52504743
1778871600,4067570.0,4067570.0,4067570.0,4067570.0,0.01203789
1778873400,4000008.0,4000008.0,4000001.0,4000001.0,0.36677077
1778875200,4000001.0,4000001.0,4000000.0,4000000.0,45.98518962
1778877000,4000000.0,4010095.0,4000000.0,4000000.0,22.04064395
1778878800,4000000.0,4010165.0,4000000.0,4000000.0,11.03445871
1778880600,4010343.0,4010343.0,4000000.0,4000000.0,0.22806254
1778882400,4010165.0,4010165.0,4000000.0,4000000.0,0.16708441
1778884200,4010165.0,4189649.0,4000000.0,4002323.0,2.01953331
1778886000,4000000.0,4000000.0,3921680.0,3921684.0,57.44159977
1778887800,3920858.0,3920858.0,3920858.0,3920858.0,0.02010773
1778889600,3920858.0,3920858.0,3920858.0,3920858.0,0.0
1778891400,3920866.0,3993589.0,3920866.0,3985565.0,0.37078749
1778893200,3983430.0,3984678.0,3920866.0,3982361.0,0.58268517
1778895000,3980579.0,4087649.0,3921000.0,4087649.0,0.10407591
1778896800,3978258.0,3978262.0,3921000.0,3958254.0,0.17508482
1778898600,3958254.0,3958254.0,3921002.0,3958254.0,0.0207568
1778900400,3958254.0,3958254.0,3958254.0,3958254.0,0.00574494
1778902200,3958254.0,3978262.0,3925000.0,3978261.0,0.2858011
1778904000,3978262.0,3978262.0,3978262.0,3978262.0,0.04751154
1778905800,3996976.0,4087649.0,3996976.0,4087649.0,0.13330934
1778907600,4087648.0,4087648.0,4003036.0,4003036.0,0.0584407
1778909400,3978262.0,4087000.0,3978262.0,3978262.0,0.03795244
1778911200,4003748.0,4003748.0,4001431.0,4001431.0,0.05321481
1778913000,3978262.0,4086999.0,3978262.0,3978262.0,5.28402526
1778914800,3997154.0,3997154.0,3978261.0,3978261.0,1.15071722
1778916600,3978260.0,3978260.0,3978260.0,3978260.0,1.35917376
1778918400,3978260.0,3978260.0,3921006.0,3921006.0,0.03172765
1778920200,3978260.0,3978260.0,3978260.0,3978260.0,0.0037549
1778922000,3921006.0,3921006.0,3921006.0,3921006.0,0.05154442
1778923800,3921006.0,3921006.0,3921006.0,3921006.0,0.0
1778925600,3921005.0,3978260.0,3921000.0,3978260.0,2.99040826
1778927400,3921006.0,3978260.0,3921006.0,3921006.0,0.13818532
1778929200,3921007.0,3978260.0,3921007.0,3978260.0,0.12402064
1778931000,3921009.0,3921009.0,3921009.0,3921009.0,0.00451796
1778932800,3921009.0,3978259.0,3921000.0,3921000.0,0.17214427
1778934600,3921000.0,3978260.0,3921000.0,3921000.0,0.01869654
1778936400,3921000.0,3921000.0,3900000.0,3900000.0,1.25393018
1778938200,3901804.0,3901804.0,3891866.0,3891866.0,1.43172155
1778940000,3898000.0,3977901.0,3891866.0,3977901.0,0.19466008
1778941800,3977901.0,3977901.0,3977901.0,3977901.0,0.00250358
1778943600,3977901.0,3979331.0,3890300.0,3975223.0,0.19338237
1778945400,3978436.0,3981648.0,3893618.0,3893618.0,0.61611079
1778947200,3893268.0,3983252.0,3893268.0,3983252.0,0.34164147
1778949000,4079999.0,4079999.0,3982000.0,3982000.0,0.02273651
1778950800,3989130.0,3989130.0,3989130.0,3989130.0,0.02501522
1778952600,3982000.0,3982000.0,3982000.0,3982000.0,0.00771458
1778954400,3904423.0,3904423.0,3904423.0,3904423.0,0.01223699
1778956200,3991981.0,3991981.0,3991981.0,3991981.0,0.10286772
1778958000,3990021.0,3990729.0,3989843.0,3990729.0,0.39473774
1778959800,3990729.0,3990729.0,3990729.0,3990729.0,0.0
1778961600,3990729.0,3990729.0,3990729.0,3990729.0,0.0
1778963400,3990729.0,3990729.0,3990729.0,3990729.0,0.0
1778965200,3903207.0,3903207.0,3903207.0,3903207.0,0.11864679
1778967000,3993584.0,3993584.0,3993584.0,3993584.0,0.00249374
1778968800,3993584.0,3993584.0,3993584.0,3993584.0,0.0
1778970600,3985922.0,3986278.0,3900004.0,3986278.0,0.02667158
1778972400,3900004.0,3982892.0,3900004.0,3900936.0,0.10383407
1778974200,3900940.0,3900940.0,3900940.0,3900940.0,0.00371644
1778976000,3900940.0,3900940.0,3900940.0,3900940.0,0.0
1778977800,3982000.0,3982000.0,3982000.0,3982000.0,0.00449296
1778979600,3981995.0,3982004.0,3929495.0,3982004.0,0.19692181
1778981400,4086000.0,4086000.0,3981648.0,4086000.0,0.08308873
1778983200,3930000.0,3930000.0,3929495.0,3929495.0,0.00980598
1778985000,4085999.0,4085999.0,3983074.0,4085999.0,0.06389455
1778986800,3929495.0,3950000.0,3929495.0,3950000.0,0.2119807
1778988600,3990381.0,3990381.0,3907731.0,3907731.0,2.53877453
1778990400,3910000.0,3910000.0,3910000.0,3910000.0,0.04552552
1778992200,3990025.0,4085999.0,3990025.0,4085999.0,0.02793152
1778994000,3990203.0,3994302.0,3989668.0,3989668.0,0.20607449
1778995800,3923000.0,3923000.0,3923000.0,3923000.0,0.10011527
1778997600,3923000.0,3923000.0,3923000.0,3923000.0,0.0
1778999400,3923000.0,3923000.0,3923000.0,3923000.0,0.00449296
1779001200,3923000.0,3923000.0,3923000.0,3923000.0,0.0
1779003000,3923000.0,3923000.0,3910000.0,3910001.0,0.67165507
1779004800,3910001.0,3910001.0,3910001.0,3910001.0,0.0
1779006600,3991602.0,3992520.0,3910001.0,3910001.0,0.09654653
1779008400,3997328.0,3997332.0,3996263.0,3996263.0,0.08912628
1779010200,4000719.0,4000719.0,3910695.0,3910695.0,0.02032401
1779012000,4003927.0,4003927.0,4003927.0,4003927.0,0.02445823
1779013800,4003036.0,4003036.0,3915926.0,3915926.0,0.00680593
1779015600,3919936.0,4007670.0,3919936.0,4007670.0,0.70804266
1779017400,3920637.0,4006596.0,3920637.0,4004992.0,0.01523962
1779019200,4003734.0,4003734.0,3917150.0,3917150.0,0.01709828
1779021000,3917150.0,3917150.0,3917150.0,3917150.0,0.0
1779022800,3921509.0,3924996.0,3921509.0,3924996.0,0.01702092
1779024600,3924996.0,3924996.0,3924996.0,3924996.0,0.0
1779026400,4013902.0,4018363.0,3927433.0,3927433.0,0.19592541
1779028200,3926565.0,3926565.0,3926565.0,3926565.0,0.00512509
1779030000,3924992.0,4006418.0,3924992.0,4000000.0,0.06311058
1779031800,4009986.0,4009986.0,4009986.0,4009986.0,0.00377158
1779033600,3928852.0,4011412.0,3928852.0,4011412.0,0.01543397
1779035400,4012481.0,4015508.0,3928846.0,3928846.0,0.17158514
1779037200,3928846.0,4007844.0,3922551.0,3922551.0,0.58978012
1779039000,3922551.0,3922555.0,3922551.0,3922551.0,0.35078562
1779040800,4009448.0,4009452.0,4008378.0,4008378.0,0.26640397
1779042600,4007309.0,4007309.0,3926057.0,3926057.0,0.0713211
1779044400,3926057.0,3926057.0,3926057.0,3926057.0,0.0
1779046200,4010699.0,4015151.0,3927437.0,4015151.0,0.0109374
1779048000,4015151.0,4015151.0,4015151.0,4015151.0,0.0
1779049800,4015151.0,4015151.0,4015151.0,4015151.0,0.0
1779051600,4014996.0,4014996.0,3940684.0,3940684.0,0.00585596
1779053400,4012996.0,4012996.0,4012996.0,4012996.0,0.0092771
1779055200,4012996.0,4012996.0,3935615.0,3935615.0,0.00653466
1779057000,3934938.0,3934938.0,3934938.0,3934938.0,0.01519458
1779058800,3934934.0,3934934.0,3925319.0,3925319.0,1.19579213
1779060600,4008760.0,4008760.0,3922642.0,3922642.0,0.03495148
1779062400,3922642.0,4085999.0,3922551.0,4085999.0,0.49859697
1779064200,3922551.0,3959179.0,3922551.0,3959179.0,0.32567578
1779066000,3922551.0,3959179.0,3922551.0,3959179.0,0.03477649
1779067800,3922551.0,3959179.0,3922551.0,3959179.0,0.21436358
1779069600,3959179.0,3959179.0,3959179.0,3959179.0,0.01462096
1779071400,3922551.0,3922551.0,3922551.0,3922551.0,0.03540452
1779073200,3922552.0,3959179.0,3922552.0,3959179.0,0.04461889
1779075000,3922552.0,3959179.0,3922552.0,3959179.0,0.02273386
1779076800,3926336.0,3959179.0,3926336.0,3959179.0,0.29907326
1779078600,3959175.0,3959179.0,3959175.0,3959179.0,0.0065799
1779080400,3959179.0,3959179.0,3959179.0,3959179.0,0.00503084
1779082200,3922556.0,3959179.0,3922556.0,3959175.0,0.55862003
1779084000,3959175.0,3959179.0,3922552.0,3922552.0,0.09968606
1779085800,3922552.0,3922552.0,3922552.0,3922552.0,0.0
1779087600,3924673.0,3924673.0,3924204.0,3924204.0,0.0663229
1779089400,3959179.0,3959179.0,3959179.0,3959179.0,0.01301507
1779091200,3924451.0,4052460.0,3922552.0,4052460.0,6.87216684
1779093000,4052456.0,4052460.0,3986722.0,4050000.0,0.09438501
1779094800,4049986.0,4049990.0,4049986.0,4049990.0,0.19349132
1779096600,3986734.0,4049986.0,3986734.0,4049986.0,0.09136265
1779098400,4049990.0,4049990.0,3986734.0,3986734.0,0.01420719
1779100200,4049990.0,4049990.0,3986734.0,3986734.0,0.01211003
1779102000,3989734.0,4049990.0,3962057.0,3978327.0,1.77168551
1779103800,3978327.0,3978327.0,3978327.0,3978327.0,0.0
1779105600,4004220.0,4049990.0,4004220.0,4049990.0,0.01730798
1779107400,4049990.0,4086000.0,4028169.0,4086000.0,0.68473
1779109200,4086000.0,4086000.0,4017621.0,4019581.0,0.06292883
1779111000,4025421.0,4045011.0,4000000.0,4045011.0,0.15883564
1779112800,4039293.0,4085000.0,3941797.0,4085000.0,2.09614107
1779114600,3958177.0,3983199.0,3936623.0,3954922.0,0.10880086
1779116400,3936623.0,3993773.0,3936623.0,3936623.0,0.0993898
1779118200,3974834.0,3974834.0,3936623.0,3936623.0,0.12615804
1779120000,3936623.0,3936623.0,3936623.0,3936623.0,0.0
1779121800,3936623.0,4085000.0,3936623.0,3971747.0,0.70538225
1779123600,3936623.0,4085000.0,3936623.0,3966046.0,0.07138817
1779125400,3964556.0,3964556.0,3936623.0,3962588.0,0.05352355
1779127200,3936623.0,3950179.0,3922552.0,3922552.0,0.38095787
1779129000,3922552.0,3922552.0,3919064.0,3919064.0,1.24151676
1779130800,3947679.0,3947679.0,3947679.0,3947679.0,0.018635
1779132600,3940139.0,3940139.0,3940139.0,3940139.0,1.01103615
1779134400,3940139.0,3940139.0,3940139.0,3940139.0,0.0
1779136200,3940139.0,3940139.0,3940139.0,3940139.0,0.0
1779138000,3940139.0,3940139.0,3940139.0,3940139.0,0.0
1779139800,3917150.0,3925647.0,3917150.0,3925647.0,0.01739335
1779141600,3925647.0,4006100.0,3925647.0,4006100.0,0.06803338
1779143400,4008397.0,4008397.0,3998616.0,4002879.0,0.03217259
1779145200,4003660.0,4003660.0,3915926.0,3915926.0,0.40384338
1779147000,3915934.0,3915934.0,3915934.0,3915934.0,0.02564445
1779148800,3992406.0,3999489.0,3992406.0,3998993.0,0.1620067
1779150600,3915947.0,3915947.0,3915947.0,3915947.0,0.0118951
1779152400,3966775.0,3966775.0,3953676.0,3953676.0,0.32713069
1779154200,3953676.0,3953676.0,3953676.0,3953676.0,0.0
1779156000,3916000.0,3916000.0,3915926.0,3915926.0,0.17501672
1779157800,3956619.0,3956847.0,3956619.0,3956847.0,0.00578883
1779159600,3956847.0,3956847.0,3956847.0,3956847.0,0.0
1779161400,3963512.0,3974592.0,3915926.0,3915926.0,0.17731009
1779163200,3960955.0,3960955.0,3915926.0,3915926.0,0.01199464
1779165000,3915926.0,3915926.0,3915926.0,3915926.0,0.04665673
1779166800,3965374.0,3965374.0,3965374.0,3965374.0,0.03118469
1779168600,3915926.0,3915926.0,3915926.0,3915926.0,0.01821035
1779170400,3915926.0,3915926.0,3915926.0,3915926.0,0.0
1779172200,3968199.0,3979693.0,3915959.0,3979693.0,0.07971666
1779174000,3979628.0,3980261.0,3915926.0,3915926.0,0.04786992
1779175800,3988473.0,3997335.0,3915926.0,3995802.0,1.34748755
1779177600,3979552.0,3979552.0,3979552.0,3979552.0,0.02205801
1779179400,3976439.0,3976439.0,3976439.0,3976439.0,0.01252251
1779181200,3915926.0,3962656.0,3915926.0,3958088.0,0.1920104
1779183000,3958088.0,3958088.0,3958088.0,3958088.0,0.0
1779184800,3915927.0,3961976.0,3915927.0,3961976.0,0.00603695
1779186600,3959737.0,3999489.0,3954376.0,3999489.0,0.1109645
1779188400,3960530.0,3960530.0,3915927.0,3958426.0,0.03648604
1779190200,3915927.0,3999489.0,3915927.0,3955599.0,0.15137293
1779192000,3955599.0,3955599.0,3955599.0,3955599.0,0.0
1779193800,3965374.0,3965374.0,3915927.0,3915927.0,0.0166287
1779195600,3955883.0,3955883.0,3955883.0,3955883.0,0.02178224
1779197400,3920881.0,3988296.0,3920881.0,3920885.0,0.10045367
1779199200,3954068.0,3954068.0,3900000.0,3900000.0,4.67486573
1779201000,3900000.0,3900000.0,3900000.0,3900000.0,0.00367238
1779202800,3971307.0,3971307.0,3971307.0,3971307.0,0.30379947
1779204600,3900009.0,3976871.0,3890000.0,3976871.0,0.94168933
1779206400,3976871.0,3976871.0,3976871.0,3976871.0,0.0
1779208200,3912272.0,4010492.0,3912272.0,3922805.0,0.44915579
1779210000,4008018.0,4008018.0,4008018.0,4008018.0,0.05009483
1779211800,3931768.0,4005311.0,3931768.0,4005311.0,0.05416855
1779213600,4009213.0,4009213.0,3918119.0,4001616.0,0.20830857
1779215400,3912987.0,4006974.0,3912987.0,3920858.0,0.04535326
1779217200,3920858.0,3920858.0,3920858.0,3920858.0,0.0
1779219000,3908379.0,3908379.0,3908379.0,3908379.0,0.00265817
1779220800,3908379.0,3908379.0,3908379.0,3908379.0,0.0
1779222600,3908379.0,3908379.0,3908379.0,3908379.0,0.0
1779224400,3895696.0,3895696.0,3895696.0,3895696.0,0.00473994
1779226200,3898116.0,3985364.0,3898116.0,3985364.0,0.04397572
1779228000,3903113.0,3985184.0,3903113.0,3985184.0,0.16961205
1779229800,3985184.0,3985184.0,3985184.0,3985184.0,0.00625993
1779231600,3985184.0,3997649.0,3985184.0,3997649.0,0.00424367
1779233400,3997649.0,3997649.0,3997649.0,3997649.0,0.0
1779235200,3970578.0,3972008.0,3970578.0,3972008.0,0.03099503
1779237000,3911004.0,3911004.0,3911004.0,3911004.0,0.05524661
1779238800,3911004.0,3911004.0,3911004.0,3911004.0,0.05009455
1779240600,3911004.0,3911004.0,3911000.0,3911000.0,0.51354052
1779242400,3980000.0,3981291.0,3973883.0,3973883.0,0.38191565
1779244200,3911000.0,3911000.0,3911000.0,3911000.0,0.8
1779246000,3911000.0,3911000.0,3850000.0,3884284.0,1.99613531
1779247800,3968443.0,3971382.0,3877743.0,3877743.0,1.6710443
1779249600,3878509.0,3878509.0,3878509.0,3878509.0,0.00307388
1779251400,3965931.0,3965931.0,3885556.0,3885556.0,0.02769739
1779253200,3885556.0,3885556.0,3885556.0,3885556.0,0.0
1779255000,3889595.0,3889595.0,3889595.0,3889595.0,0.0025869
1779256800,3967753.0,3967753.0,3967753.0,3967753.0,0.00376485
1779258600,3967753.0,3970716.0,3967753.0,3970716.0,0.00601916
1779260400,3970716.0,3970716.0,3970716.0,3970716.0,0.0
1779262200,3970716.0,3970716.0,3970716.0,3970716.0,0.00829748
1779264000,3912458.0,3970716.0,3912458.0,3970716.0,0.04168681
1779265800,3923258.0,3970719.0,3914265.0,3914265.0,0.21839366
1779267600,3970719.0,4009451.0,3970719.0,4009451.0,0.64730914
1779269400,3918049.0,4002228.0,3918049.0,3936245.0,0.12804863
1779271200,3938950.0,4002227.0,3938949.0,4002227.0,0.01652685
1779273000,3939640.0,3940647.0,3939640.0,3940647.0,0.33541416
1779274800,3940647.0,4000000.0,3940647.0,3999996.0,1.01940071
1779276600,3939002.0,3939002.0,3939002.0,3939002.0,0.00380552
1779278400,3939002.0,3939002.0,3939002.0,3939002.0,0.0
1779280200,3998996.0,3998996.0,3939003.0,3943047.0,0.02227547
1779282000,3939011.0,3939011.0,3939011.0,3939011.0,0.00436923
1779283800,3997996.0,3997996.0,3939011.0,3939011.0,0.4942556
1779285600,3939011.0,3939011.0,3939011.0,3939011.0,0.0
1779287400,3998988.0,4086000.0,3946147.0,3946147.0,12.02597688
1779289200,3946147.0,3946147.0,3946147.0,3946147.0,0.0
1779291000,4021836.0,4021836.0,3944967.0,3944967.0,0.04473578
1779292800,3999996.0,3999996.0,3952723.0,3952723.0,0.77303957
1779294600,3961557.0,4085000.0,3927432.0,4023474.0,1.41169224
1779296400,4024268.0,4086000.0,3934288.0,3938797.0,0.70798049
1779298200,3930850.0,4085996.0,3926980.0,4085996.0,0.02957443
1779300000,4085994.0,4085994.0,3928176.0,3928176.0,0.01066332
1779301800,4085982.0,4085982.0,3901666.0,4085980.0,0.01128369
1779303600,4085980.0,4085980.0,4085980.0,4085980.0,0.0
1779305400,4085870.0,4085876.0,4085870.0,4085876.0,0.03766244
1779307200,4085876.0,4085876.0,3900202.0,3900202.0,0.07439531
1779309000,3910526.0,3910526.0,3910526.0,3910526.0,0.00421503
1779310800,3910520.0,3910524.0,3910520.0,3910524.0,0.02287841
1779312600,4085842.0,4085842.0,3910508.0,3910508.0,0.15351282
1779314400,3910508.0,4084998.0,3885541.0,4084998.0,2.57685137
1779316200,3885545.0,3885545.0,3885545.0,3885545.0,0.0264759
1779318000,4084840.0,4086000.0,4084728.0,4086000.0,2.03221274
1779319800,4084968.0,4084968.0,4084968.0,4084968.0,0.02474291
1779321600,3885656.0,4085964.0,3885656.0,4000000.0,0.06147939
1779323400,4000000.0,4000000.0,4000000.0,4000000.0,0.0
1779325200,3954883.0,3954883.0,3889336.0,3952656.0,0.01257119
1779327000,3889336.0,3890004.0,3889336.0,3890004.0,0.03398139
1779328800,3959052.0,3966689.0,3890004.0,3966689.0,0.04481022
1779330600,3965664.0,3966684.0,3890008.0,3966684.0,0.14565688
1779332400,3890112.0,4084996.0,3890112.0,4084996.0,0.11221443
1779334200,3890112.0,3966690.0,3878762.0,3878762.0,2.02622264
1779336000,3967047.0,3967047.0,3967047.0,3967047.0,0.00822702
1779337800,3968326.0,3968326.0,3880807.0,3880807.0,0.24306662
1779339600,3900004.0,3901867.0,3900004.0,3900459.0,0.66930416
1779341400,3898072.0,3900411.0,3896835.0,3896835.0,0.24751149
1779343200,3897181.0,3987918.0,3896258.0,3987918.0,1.13344269
1779345000,3987918.0,3987918.0,3987918.0,3987918.0,0.0
1779346800,3987918.0,3987918.0,3987918.0,3987918.0,0.0
1779348600,3987918.0,3987918.0,3987918.0,3987918.0,0.0
1779350400,3893906.0,3982779.0,3893906.0,3982779.0,0.06678981
1779352200,3907524.0,3982775.0,3907524.0,3982775.0,0.02084147
1779354000,3982775.0,3982775.0,3909074.0,3982775.0,0.03416965
1779355800,3982775.0,3982775.0,3982775.0,3982775.0,0.0
1779357600,3917615.0,3982771.0,3917615.0,3982771.0,0.05939511
1779359400,3982771.0,3982771.0,3919388.0,3919388.0,0.07359706
1779361200,3982767.0,3982767.0,3982767.0,3982767.0,0.00500104
1779363000,3927134.0,3982767.0,3919601.0,3982767.0,0.14662738
1779364800,3982767.0,3982767.0,3982767.0,3982767.0,0.01604186
1779366600,3923226.0,3982767.0,3919384.0,3919384.0,0.49199189
1779368400,3919384.0,3976379.0,3917067.0,3976375.0,2.27829317
1779370200,3982771.0,4071397.0,3933858.0,3933858.0,1.74244536
1779372000,4079999.0,4079999.0,3450000.0,4079999.0,14.05933352
1779373800,3838806.0,3932650.0,2999999.0,3900000.0,24.78066229
1779375600,3900000.0,3916000.0,3848980.0,3916000.0,0.6570128
1779377400,3915998.0,3916000.0,3832979.0,3916000.0,1.18966039
1779379200,3916000.0,3916000.0,3567014.0,3916000.0,0.1076084
1779381000,3916000.0,3916000.0,3916000.0,3916000.0,0.0
1779382800,3915998.0,3915998.0,3887135.0,3887135.0,0.05961288
1779384600,3875077.0,3877367.0,3567200.0,3877367.0,1.79778442
1779386400,3867271.0,3889516.0,3776813.0,3889516.0,0.07350242
1779388200,3845809.0,3889809.0,3845809.0,3847308.0,0.01857761
1779390000,3889805.0,3889809.0,3835263.0,3889805.0,0.03933461
1779391800,3889805.0,3889805.0,3851063.0,3851063.0,0.00809863
1779393600,3851063.0,3851063.0,3851063.0,3851063.0,0.94754068
1779395400,3889805.0,3889809.0,3889805.0,3889809.0,0.0095159
1779397200,3889809.0,3889809.0,3889809.0,3889809.0,0.02565404
1779399000,3889809.0,3889809.0,3889809.0,3889809.0,0.0
1779400800,3889809.0,3889809.0,3889809.0,3889809.0,0.0
1779402600,3851067.0,3916000.0,3851063.0,3916000.0,1.31347518
1779404400,3916000.0,3916000.0,3916000.0,3916000.0,0.0
1779406200,3853942.0,3915992.0,3853942.0,3915992.0,0.04643862
1779408000,3890000.0,3915992.0,3863223.0,3915992.0,0.13301844
1779409800,3915992.0,3915992.0,3861011.0,3915992.0,0.18864134
1779411600,3915992.0,3915992.0,3915992.0,3915992.0,0.0
1779413400,3915992.0,3915996.0,3915992.0,3915996.0,0.05395183
1779415200,3915996.0,3915996.0,3915996.0,3915996.0,0.01513483
1779417000,3872616.0,3872616.0,3872539.0,3872539.0,0.46265075
1779418800,3870299.0,3915996.0,3870299.0,3870845.0,0.04836601
1779420600,3915994.0,3915994.0,3915994.0,3915994.0,0.06164743
1779422400,3873773.0,3915990.0,3873773.0,3915990.0,0.05603741
1779424200,3915990.0,3915990.0,3915990.0,3915990.0,0.01271581
1779426000,3877557.0,3915994.0,3860004.0,3915994.0,0.05560148
1779427800,3881381.0,3881382.0,3872100.0,3872362.0,9.60714078
1779429600,3872996.0,3915990.0,3872163.0,3915990.0,2.99180744
1779431400,3915990.0,3915990.0,3915990.0,3915990.0,0.0
1779433200,3879469.0,3915990.0,3879465.0,3915990.0,0.32448508
1779435000,3915990.0,3917582.0,3915990.0,3917582.0,1.91606113
1779436800,3917582.0,3917582.0,3917582.0,3917582.0,0.0
1779438600,3895792.0,3917582.0,3894392.0,3894396.0,0.80463193
1779440400,3894398.0,3894398.0,3894398.0,3894398.0,0.0092443
1779442200,3894396.0,3917577.0,3886673.0,3917577.0,0.10347656
1779444000,3917577.0,3917582.0,3917577.0,3917582.0,0.25877978
1779445800,3886673.0,3917578.0,3886672.0,3886672.0,0.05929601
1779447600,3886672.0,3917574.0,3886671.0,3917574.0,0.02025228
1779449400,3917574.0,3917574.0,3917574.0,3917574.0,0.0
1779451200,3917574.0,3917582.0,3917574.0,3917582.0,0.24649783
1779453000,3917582.0,3917582.0,3917582.0,3917582.0,0.00410533
1779454800,3917578.0,3917578.0,3917578.0,3917578.0,0.00299598
1779456600,3917578.0,3917582.0,3917578.0,3917582.0,0.08211115
1779458400,3917582.0,3917582.0,3851064.0,3851064.0,4.28058189
1779460200,3934660.0,3945995.0,3820004.0,3945994.0,0.40784877
1779462000,3945991.0,3945991.0,3945991.0,3945991.0,0.00632211
1779463800,3945991.0,3945991.0,3945991.0,3945991.0,0.00335834
1779465600,3945991.0,3945991.0,3799778.0,3945991.0,0.0311567
1779467400,3945991.0,3946000.0,3799262.0,3799262.0,0.28460172
1779469200,3945998.0,3945998.0,3945998.0,3945998.0,0.01055398
1779471000,3945998.0,3946000.0,3945998.0,3946000.0,0.00289026
1779472800,3946000.0,3946000.0,3946000.0,3946000.0,0.0
1779474600,3799266.0,3946000.0,3799266.0,3946000.0,0.02879542
1779476400,3946000.0,3946000.0,3946000.0,3946000.0,0.0
1779478200,3799316.0,3945982.0,3799310.0,3945982.0,0.02792132
1779480000,3945956.0,3946000.0,3945956.0,3946000.0,0.07744425
1779481800,3946000.0,3946000.0,3946000.0,3946000.0,0.0
1779483600,3946000.0,3946000.0,3946000.0,3946000.0,0.0
1779485400,3799262.0,3799262.0,3799262.0,3799262.0,0.00799494
1779487200,3799262.0,3799262.0,3799262.0,3799262.0,0.0
1779489000,3945998.0,3946000.0,3799262.0,3799262.0,0.05706948
1779490800,3799262.0,3799262.0,3799262.0,3799262.0,0.0
1779492600,3945998.0,3946000.0,3945998.0,3946000.0,0.05433779
1779494400,3945998.0,3945998.0,3799268.0,3799268.0,0.11247738
1779496200,3799268.0,3837737.0,3799268.0,3799268.0,0.04433511
1779498000,3799268.0,3837737.0,3799268.0,3837737.0,0.02914459
1779499800,3842394.0,3842394.0,3842394.0,3842394.0,0.00736832
1779501600,3799268.0,3799268.0,3799268.0,3799268.0,0.02497283
1779503400,3799268.0,3799268.0,3799268.0,3799268.0,0.0
1779505200,3799268.0,3835409.0,3799268.0,3799268.0,0.10580688
1779507000,3799268.0,3799268.0,3799268.0,3799268.0,0.0
1779508800,3799268.0,3799268.0,3799268.0,3799268.0,0.0
1779510600,3833618.0,3837379.0,3799268.0,3800000.0,0.23794851
1779512400,3800000.0,3800000.0,3800000.0,3800000.0,0.0
1779514200,3832722.0,3832722.0,3832722.0,3832722.0,0.92474982
1779516000,3800000.0,3800000.0,3799268.0,3799268.0,0.13355859
1779517800,3799268.0,3799268.0,3799268.0,3799268.0,0.0
1779519600,3799268.0,3799268.0,3799268.0,3799268.0,0.08652384
1779521400,3831468.0,3836662.0,3831468.0,3833797.0,0.15829207
1779523200,3823050.0,3823229.0,3823050.0,3823229.0,0.00859834
1779525000,3823767.0,3823767.0,3757569.0,3799268.0,0.44040324
1779526800,3799268.0,3799268.0,3750000.0,3750000.0,0.04010194
1779528600,3839707.0,3945998.0,3753315.0,3945998.0,0.04034638
1779530400,3833439.0,3833439.0,3833439.0,3833439.0,0.00635904
1779532200,3839707.0,3840245.0,3839707.0,3840245.0,0.64390595
1779534000,3800000.0,3800000.0,3750000.0,3750000.0,0.02720203
1779535800,3750104.0,3750104.0,3750100.0,3750100.0,1.00735692
1779537600,3750866.0,3750866.0,3750866.0,3750866.0,0.07062136
1779539400,3836837.0,3836837.0,3750866.0,3835767.0,0.81978362
1779541200,3750866.0,3841140.0,3748064.0,3841140.0,0.9273976
1779543000,3752615.0,3752615.0,3752615.0,3752615.0,0.01201798
1779544800,3829000.0,3829000.0,3753140.0,3753140.0,0.04588166
1779546600,3753140.0,3753140.0,3753140.0,3753140.0,0.0
1779548400,3828500.0,3828500.0,3828500.0,3828500.0,0.24521037
1779550200,3828500.0,3828500.0,3828500.0,3828500.0,0.0
1779552000,3828500.0,3828500.0,3828500.0,3828500.0,0.02601279
1779553800,3786572.0,3786572.0,3786572.0,3786572.0,0.06385718
1779555600,3786572.0,3786572.0,3786572.0,3786572.0,0.0
1779557400,3786572.0,3786572.0,3786572.0,3786572.0,0.0327848
1779559200,3828000.0,3828000.0,3788498.0,3788498.0,0.0610523
1779561000,3812303.0,3812303.0,3812303.0,3812303.0,0.01057916
1779562800,3812303.0,3812303.0,3812303.0,3812303.0,0.0
1779564600,3810000.0,3828000.0,3810000.0,3828000.0,0.00736668
1779566400,3816504.0,3816504.0,3815103.0,3815103.0,0.29686415
1779568200,3828000.0,3828000.0,3828000.0,3828000.0,0.68690259
1779570000,3832432.0,3832432.0,3832432.0,3832432.0,0.08211115
1779571800,3832432.0,3832432.0,3832432.0,3832432.0,0.0
1779573600,3826481.0,3945000.0,3824730.0,3945000.0,0.95532247
1779575400,3945000.0,3945000.0,3945000.0,3945000.0,0.0
1779577200,3825606.0,3825606.0,3810000.0,3810000.0,0.02470684
1779579000,3853612.0,3853612.0,3853612.0,3853612.0,0.07744425
1779580800,3939291.0,3939291.0,3939291.0,3939291.0,0.00381286
1779582600,3939291.0,3939291.0,3939291.0,3939291.0,0.0
1779584400,3937856.0,3937858.0,3852736.0,3858863.0,0.27239632
1779586200,3858863.0,3858863.0,3858863.0,3858863.0,0.0
1779588000,3858863.0,3858863.0,3858863.0,3858863.0,0.0
1779589800,3937858.0,3937858.0,3937858.0,3937858.0,0.01405433
1779591600,3937858.0,3937858.0,3937858.0,3937858.0,0.0
1779593400,3853962.0,3853962.0,3849236.0,3849236.0,0.14270915
1779595200,3848886.0,3938396.0,3848886.0,3938396.0,0.19341982
1779597000,3942856.0,3942856.0,3466812.0,3466812.0,3.00372529
1779598800,3849586.0,3849586.0,3849586.0,3849586.0,0.11025647
1779600600,3849586.0,3849586.0,3849586.0,3849586.0,0.0
1779602400,3848886.0,3848886.0,3500500.0,3795346.0,0.12307377
1779604200,3822455.0,3867707.0,3822455.0,3867002.0,1.98264507
1779606000,3830682.0,3831907.0,3742111.0,3831907.0,0.38651627
1779607800,3849546.0,3849550.0,3841884.0,3841884.0,0.48091868
1779609600,3833482.0,3849550.0,3833482.0,3849550.0,0.00951857
1779611400,3849550.0,3870507.0,3842059.0,3842059.0,0.13090055
1779613200,3842409.0,3870507.0,3842409.0,3870507.0,0.01855519
1779615000,3846085.0,3850986.0,3846085.0,3850986.0,0.33217333
1779616800,3870507.0,3929279.0,3870507.0,3929279.0,0.08819264
1779618600,3929279.0,3929279.0,3929279.0,3929279.0,0.00650704
1779620400,3857637.0,3857637.0,3857637.0,3857637.0,0.00478592
1779622200,3925279.0,3940000.0,3925279.0,3940000.0,0.25169033
1779624000,3857637.0,3940000.0,3857637.0,3940000.0,0.07929711
1779625800,3934097.0,3934097.0,3934097.0,3934097.0,0.0261567
1779627600,3857637.0,3857637.0,3833483.0,3833483.0,0.02758202
1779629400,3936963.0,3938037.0,3936963.0,3938037.0,0.35264275
1779631200,3858000.0,3919118.0,3858000.0,3858000.0,1.57222525
1779633000,3838269.0,3838269.0,3825000.0,3825000.0,1.38204355
1779634800,3829281.0,3858000.0,3827531.0,3831032.0,0.17115959
1779636600,3858000.0,3858000.0,3858000.0,3858000.0,0.02581389
1779638400,3858000.0,3858000.0,3858000.0,3858000.0,0.00335562
1779640200,3834533.0,3834708.0,3834533.0,3834708.0,0.08180677
1779642000,3834708.0,3834708.0,3834708.0,3834708.0,0.0
1779643800,3858000.0,3858000.0,3858000.0,3858000.0,0.03154457
1779645600,3858000.0,3858000.0,3858000.0,3858000.0,0.0
1779647400,3836108.0,3836108.0,3835408.0,3835408.0,0.01110052
1779649200,3835408.0,3835408.0,3835408.0,3835408.0,0.0
1779651000,3858000.0,3858000.0,3858000.0,3858000.0,0.00795386
1779652800,3858000.0,3858000.0,3858000.0,3858000.0,0.0
1779654600,3833657.0,3858000.0,3833657.0,3858000.0,0.01406272
1779656400,3858000.0,3858000.0,3858000.0,3858000.0,0.0
1779658200,3858000.0,3858000.0,3858000.0,3858000.0,0.00353965
1779660000,3858000.0,3858000.0,3858000.0,3858000.0,0.0
1779661800,3858000.0,3858000.0,3858000.0,3858000.0,0.0
1779663600,3850000.0,3850000.0,3832121.0,3832121.0,1.5587419
1779665400,3832121.0,3832121.0,3832121.0,3832121.0,0.0
1779667200,3832121.0,3832121.0,3832121.0,3832121.0,0.0
1779669000,3858000.0,3858000.0,3858000.0,3858000.0,0.00335562
1779670800,3858000.0,3858000.0,3858000.0,3858000.0,0.00387195
1779672600,3843055.0,3843055.0,3832121.0,3832121.0,0.01093882
1779674400,3838896.0,3858000.0,3838896.0,3848500.0,0.56120584
1779676200,3848500.0,3848500.0,3848500.0,3848500.0,0.0
1779678000,3858000.0,3858000.0,3858000.0,3858000.0,0.25684499
1779679800,3858000.0,3920000.0,3856026.0,3856026.0,0.20446566
1779681600,3864667.0,3864667.0,3864667.0,3864667.0,0.266825
1779683400,3920000.0,3940000.0,3920000.0,3940000.0,0.26096309
1779685200,3940000.0,3940000.0,3825001.0,3940000.0,0.40516377
1779687000,3872802.0,3940000.0,3800000.0,3940000.0,0.64387777
1779688800,3940000.0,3940000.0,3940000.0,3940000.0,0.00252766
1779690600,3940000.0,3940000.0,3940000.0,3940000.0,0.0
1779692400,3872779.0,3872779.0,3872779.0,3872779.0,0.34063946
1779694200,3872386.0,3872386.0,3872386.0,3872386.0,0.00286728
1779696000,3939999.0,3940000.0,3939999.0,3940000.0,0.30215813
1779697800,3872019.0,3872019.0,3872015.0,3872015.0,0.13113035
1779699600,3939996.0,3939996.0,3874882.0,3874882.0,0.0100462
1779701400,3874882.0,3874882.0,3874878.0,3874878.0,0.24917908
1779703200,3874878.0,3874878.0,3874878.0,3874878.0,0.0
1779705000,3939996.0,3939996.0,3939996.0,3939996.0,0.0029571
1779706800,3883560.0,3883560.0,3883556.0,3883556.0,0.55951387
1779708600,3939996.0,3939996.0,3939996.0,3939996.0,0.00252766
1779710400,3939988.0,3939988.0,3884841.0,3884841.0,0.00619518
1779712200,3939988.0,3939988.0,3874878.0,3874878.0,1.74125304
1779714000,3879410.0,3939988.0,3879410.0,3939988.0,0.47162837
1779715800,3939982.0,3939996.0,3880004.0,3939996.0,0.31582063
1779717600,3889194.0,3939987.0,3889194.0,3939987.0,0.08635846
1779719400,3939987.0,3939987.0,3939987.0,3939987.0,0.0025797
1779721200,3937996.0,3937996.0,3937996.0,3937996.0,0.0095546
1779723000,3881534.0,3881534.0,3881534.0,3881534.0,0.02727361
1779724800,3881534.0,3881534.0,3881534.0,3881534.0,0.0
1779726600,3881329.0,3881329.0,3878573.0,3878573.0,0.31062082
1779728400,3812194.0,3882368.0,3801011.0,3882368.0,0.17523047
1779730200,3937196.0,3937996.0,3884840.0,3884840.0,0.47194557
1779732000,3937992.0,3937992.0,3881989.0,3881989.0,0.01050662
1779733800,3881989.0,3881989.0,3881989.0,3881989.0,0.0
1779735600,3882685.0,3882685.0,3882685.0,3882685.0,0.01481055
1779737400,3882685.0,3882685.0,3882685.0,3882685.0,0.0
1779739200,3882685.0,3882685.0,3882685.0,3882685.0,0.0
1779741000,3882685.0,3882685.0,3882685.0,3882685.0,0.0
1779742800,3882685.0,3882685.0,3882685.0,3882685.0,0.0
1779744600,3937992.0,3937992.0,3937992.0,3937992.0,0.00936771
1779746400,3886659.0,3886659.0,3886659.0,3886659.0,0.02527672
1779748200,3937992.0,3937992.0,3937992.0,3937992.0,0.03801023
1779750000,3937992.0,3937992.0,3937992.0,3937992.0,0.0
1779751800,3937992.0,3937992.0,3937992.0,3937992.0,0.0
1779753600,3881100.0,3881100.0,3881100.0,3881100.0,0.43080775
1779755400,3881100.0,3881100.0,3881100.0,3881100.0,0.0239498
1779757200,3907521.0,3907521.0,3907521.0,3907521.0,0.00322327
1779759000,3881100.0,3904568.0,3881100.0,3881100.0,0.67082733
1779760800,3881100.0,3881100.0,3877468.0,3877468.0,0.04921782
1779762600,3877468.0,3877468.0,3877468.0,3877468.0,0.0
1779764400,3877468.0,3877468.0,3877468.0,3877468.0,0.0
1779766200,3877468.0,3877468.0,3877468.0,3877468.0,0.0
1779768000,3870000.0,3870000.0,3825395.0,3826648.0,0.11018744
1779769800,3825859.0,3904000.0,3825859.0,3904000.0,0.22720533
1779771600,3826710.0,3904000.0,3826098.0,3827536.0,0.10193366
1779773400,3827361.0,3904000.0,3827361.0,3904000.0,0.0243894
1779775200,3827415.0,3904000.0,3827415.0,3904000.0,0.01958528
1779777000,3900000.0,3900000.0,3900000.0,3900000.0,0.00383025
1779778800,3826146.0,3828737.0,3826146.0,3828737.0,0.0092611
1779780600,3826146.0,3826146.0,3823672.0,3824499.0,0.0789026
1779782400,3899896.0,3899896.0,3829569.0,3899896.0,0.03578806
1779784200,3899896.0,3899896.0,3899896.0,3899896.0,0.0
1779786000,3831647.0,3831647.0,3831647.0,3831647.0,1.01461745
1779787800,3831261.0,3836923.0,3831261.0,3836923.0,0.05973709
1779789600,3836923.0,3836923.0,3836923.0,3836923.0,0.0
1779791400,3850547.0,3850547.0,3850547.0,3850547.0,0.00336065
1779793200,3899887.0,3899887.0,3845159.0,3899883.0,0.02040414
1779795000,3899883.0,3899883.0,3899883.0,3899883.0,0.0
1779796800,3898996.0,3898996.0,3898996.0,3898996.0,0.01138215
1779798600,3860313.0,3860313.0,3860309.0,3860309.0,0.24223954
1779800400,3860309.0,3860309.0,3860309.0,3860309.0,0.0
1779802200,3897500.0,3897500.0,3897500.0,3897500.0,0.05056318
1779804000,3860309.0,3891201.0,3860309.0,3860309.0,1.58757422
1779805800,3860309.0,3860309.0,3860309.0,3860309.0,0.0
1779807600,3891201.0,3891201.0,3860309.0,3860309.0,0.28388191
1779809400,3860000.0,3860000.0,3829896.0,3829896.0,1.30262805
1779811200,3829896.0,3829896.0,3810000.0,3810000.0,0.09927614
1779813000,3851865.0,3851865.0,3810000.0,3810000.0,1.140473
1779814800,3810000.0,3845000.0,3810000.0,3845000.0,0.40389791
1779816600,3845000.0,3845000.0,3845000.0,3845000.0,0.00259011
1779818400,3845000.0,3845000.0,3845000.0,3845000.0,0.0
1779820200,3845000.0,3845000.0,3845000.0,3845000.0,0.0
1779822000,3845000.0,3845000.0,3845000.0,3845000.0,0.0
1779823800,3845000.0,3845000.0,3845000.0,3845000.0,0.03244108
1779825600,3845000.0,3845000.0,3845000.0,3845000.0,0.00388504
1779827400,3845000.0,3845000.0,3845000.0,3845000.0,0.0
1779829200,3800005.0,3845000.0,3800005.0,3845000.0,0.01099325
1779831000,3800005.0,3800005.0,3800005.0,3800005.0,0.00414408
1779832800,3800005.0,3800005.0,3800005.0,3800005.0,0.00363902
1779834600,3800005.0,3800005.0,3800000.0,3800000.0,0.21355102
1779836400,3800000.0,3800000.0,3800000.0,3800000.0,0.0
1779838200,3845000.0,3845000.0,3845000.0,3845000.0,0.00648816
1779840000,3845000.0,3845000.0,3845000.0,3845000.0,0.00750845
1779841800,3800000.0,3800000.0,3800000.0,3800000.0,0.13826522
1779843600,3800000.0,3800000.0,3800000.0,3800000.0,0.0
1779845400,3800000.0,3800000.0,3800000.0,3800000.0,0.04466076
1779847200,3797844.0,3797844.0,3781250.0,3781250.0,0.07350542
1779849000,3781250.0,3781250.0,3781250.0,3781250.0,0.0
1779850800,3805000.0,3805000.0,3780004.0,3805000.0,0.05508949
1779852600,3805000.0,3805000.0,3805000.0,3805000.0,0.02166542
1779854400,3783244.0,3783244.0,3783244.0,3783244.0,0.01220678
1779856200,3805000.0,3805000.0,3805000.0,3805000.0,0.05674237
1779858000,3783252.0,3783252.0,3783252.0,3783252.0,0.01239198
1779859800,3783256.0,3783256.0,3774750.0,3774750.0,1.02048237
1779861600,3774750.0,3774750.0,3774750.0,3774750.0,0.0
1779863400,3780000.0,3780000.0,3776925.0,3776925.0,0.05427406
1779865200,3775103.0,3775835.0,3775103.0,3775835.0,0.19061614
1779867000,3775835.0,3775835.0,3775835.0,3775835.0,0.0
1779868800,3775103.0,3845000.0,3772801.0,3845000.0,3.00504067
1779870600,3786911.0,3786911.0,3786911.0,3786911.0,0.0036443
1779872400,3786911.0,3786911.0,3786911.0,3786911.0,0.0
1779874200,3797088.0,3797088.0,3797088.0,3797088.0,0.03801023
1779876000,3815572.0,3815572.0,3815572.0,3815572.0,0.05039266
1779877800,3814972.0,3814972.0,3814972.0,3814972.0,0.02603374
1779879600,3800000.0,3844996.0,3787886.0,3822493.0,0.03396417
1779881400,3822493.0,3822493.0,3822493.0,3822493.0,0.0
1779883200,3845000.0,3849996.0,3845000.0,3849996.0,0.01227126
1779885000,3849996.0,3849996.0,3849996.0,3849996.0,0.0
1779886800,3804209.0,3849996.0,3804209.0,3849996.0,0.02404095
1779888600,3849996.0,3849996.0,3849996.0,3849996.0,0.0
1779890400,3775500.0,3809045.0,3775500.0,3775500.0,0.26773853
1779892200,3795108.0,3795108.0,3795108.0,3795108.0,0.00964135
1779894000,3785282.0,3794684.0,3785282.0,3794684.0,0.05908
1779895800,3775600.0,3796407.0,3689319.0,3689319.0,2.25505526
1779897600,3712700.0,3734500.0,3712700.0,3734500.0,0.02443414
1779899400,3734500.0,3734500.0,3734500.0,3734500.0,0.0
1779901200,3689319.0,3837710.0,3688371.0,3837710.0,0.01313796
1779903000,3837710.0,3837710.0,3837710.0,3837710.0,0.0
1779904800,3839070.0,3839070.0,3839070.0,3839070.0,0.01037647
1779906600,3839070.0,3845000.0,3839070.0,3845000.0,0.00647762
1779908400,3845000.0,3845000.0,3845000.0,3845000.0,0.0
1779910200,3845000.0,3845000.0,3845000.0,3845000.0,0.0
1779912000,3845000.0,3845000.0,3845000.0,3845000.0,0.0
1779913800,3842766.0,3842766.0,3842766.0,3842766.0,0.02600444
1779915600,3842766.0,3842766.0,3842766.0,3842766.0,0.0
1779917400,3842766.0,3842766.0,3842766.0,3842766.0,0.0
1779919200,3842766.0,3842766.0,3842766.0,3842766.0,0.0
1779921000,3844035.0,3845000.0,3828641.0,3828641.0,0.1533461
1779922800,3759309.0,3759309.0,3759309.0,3759309.0,0.0239498
1779924600,3825586.0,4300000.0,3816681.0,3816681.0,20.51093464
1779926400,3760009.0,3760009.0,3760009.0,3760009.0,0.03617619
1779928200,3820129.0,3820129.0,3820129.0,3820129.0,0.02633622
1779930000,3820133.0,3820133.0,3820133.0,3820133.0,0.01314378
1779931800,3820136.0,3820136.0,3775500.0,3775500.0,3.37311325
1779933600,3797846.0,3806042.0,3797846.0,3806042.0,0.26559611
1779935400,3806042.0,3806042.0,3806042.0,3806042.0,0.0
1779937200,3806042.0,3806042.0,3729774.0,3729774.0,2.66782458
1779939000,3729774.0,3729774.0,3729774.0,3729774.0,0.0
1779940800,3729774.0,3729774.0,3729774.0,3729774.0,0.0
1779942600,3729774.0,3729774.0,3729774.0,3729774.0,0.0
1779944400,3730121.0,3730121.0,3730121.0,3730121.0,0.00825731
1779946200,3730121.0,3806042.0,3730121.0,3806042.0,0.3662828
1779948000,3806042.0,3806042.0,3432218.0,3734397.0,13.78842255
1779949800,3722925.0,3723081.0,3722925.0,3723081.0,1.69639546
1779951600,3567001.0,3735751.0,3512405.0,3735751.0,3.51244526
1779953400,3735751.0,3735751.0,3735751.0,3735751.0,0.0
1779955200,3733618.0,3739259.0,3731369.0,3737555.0,0.3552154
1779957000,3736490.0,3736490.0,3736490.0,3736490.0,0.06075493
1779958800,3740610.0,3806040.0,3740610.0,3806036.0,0.21229183
1779960600,3742598.0,3806042.0,3742598.0,3806042.0,0.15417399
1779962400,3806042.0,3806042.0,3806042.0,3806042.0,0.0
1779964200,3806034.0,3806034.0,3806034.0,3806034.0,0.00275273
1779966000,3784613.0,3784613.0,3784613.0,3784613.0,0.03375887
1779967800,3784613.0,3802616.0,3784613.0,3802616.0,0.00789207
1779969600,3784613.0,3784613.0,3784613.0,3784613.0,0.00366986
1779971400,3784613.0,3805999.0,3784613.0,3805999.0,0.04395267
1779973200,3805997.0,3805997.0,3805997.0,3805997.0,0.02529586
1779975000,3805995.0,3805999.0,3805995.0,3805999.0,0.00904939
1779976800,3784613.0,3805999.0,3567000.0,3805999.0,1.87399177
1779978600,3805999.0,3805999.0,3805999.0,3805999.0,0.00523279
1779980400,3805999.0,3805999.0,3805999.0,3805999.0,0.0
1779982200,3805996.0,3805996.0,3755584.0,3755584.0,0.08272384
1779984000,3755584.0,3804547.0,3755584.0,3804547.0,0.2993441
1779985800,3804538.0,3804538.0,3804538.0,3804538.0,0.01157722
1779987600,3804538.0,3804538.0,3804538.0,3804538.0,0.0
1779989400,3804538.0,3804538.0,3804538.0,3804538.0,0.0
1779991200,3804538.0,3804538.0,3804538.0,3804538.0,0.0
1779993000,3804538.0,3804538.0,3804538.0,3804538.0,0.0
1779994800,3805999.0,3805999.0,3805999.0,3805999.0,0.00374041
1779996600,3805999.0,3805999.0,3805999.0,3805999.0,0.0
1779998400,3805999.0,3805999.0,3805999.0,3805999.0,0.0
1780000200,3805999.0,3805999.0,3805999.0,3805999.0,0.0
1780002000,3805999.0,3805999.0,3805999.0,3805999.0,0.0
1780003800,3805999.0,3805999.0,3805999.0,3805999.0,0.0
1780005600,3805999.0,3805999.0,3805999.0,3805999.0,0.0
1780007400,3805999.0,3805999.0,3805999.0,3805999.0,0.0
1780009200,3790000.0,3790000.0,3789844.0,3789844.0,0.05347908
1780011000,3790343.0,3790343.0,3790343.0,3790343.0,0.01265927
1780012800,3805999.0,3805999.0,3778759.0,3778759.0,0.09347466
1780014600,3777519.0,3777866.0,3777519.0,3777866.0,0.05591078
1780016400,3805998.0,3805998.0,3805998.0,3805998.0,0.02598346
1780018200,3805998.0,3805998.0,3805998.0,3805998.0,0.01849685
1780020000,3805998.0,3805998.0,3805998.0,3805998.0,0.0
1780021800,3805998.0,3805998.0,3805998.0,3805998.0,0.0
1780023600,3805998.0,3805998.0,3805998.0,3805998.0,0.02219396
1780025400,3805998.0,3805998.0,3800000.0,3800000.0,0.01698633
1780027200,3805998.0,3805998.0,3609900.0,3805998.0,0.09011789
1780029000,3805998.0,3806042.0,3797701.0,3806042.0,1.97337648
1780030800,3806042.0,3809671.0,3806042.0,3809671.0,2.16162127
1780032600,3811239.0,3815043.0,3811239.0,3815043.0,0.03147013
1780034400,3809417.0,3809417.0,3809417.0,3809417.0,0.02684407
1780036200,3809417.0,3842711.0,3809417.0,3842711.0,0.23397942
1780038000,3795967.0,3850000.0,3795967.0,3813681.0,0.13967612
1780039800,3814299.0,3850000.0,3812982.0,3850000.0,0.37288998
1780041600,3814303.0,3850000.0,3811554.0,3850000.0,0.22344806
1780043400,3850000.0,3850000.0,3700001.0,3700001.0,0.36858733
1780045200,3839996.0,3839996.0,3807893.0,3807893.0,0.00779857
1780047000,3807893.0,3807893.0,3807893.0,3807893.0,0.0
1780048800,3839996.0,3839996.0,3839996.0,3839996.0,0.00595026
1780050600,3839996.0,3839996.0,3839996.0,3839996.0,0.0
1780052400,3839986.0,3839986.0,3839986.0,3839986.0,0.01561359
1780054200,3839986.0,3839986.0,3839986.0,3839986.0,0.05187024
1780056000,3839986.0,3839986.0,3839986.0,3839986.0,0.0
1780057800,3803139.0,3803139.0,3803139.0,3803139.0,0.02529586
1780059600,3803139.0,3803139.0,3803139.0,3803139.0,0.0
1780061400,3834992.0,3834996.0,3834992.0,3834996.0,0.19780241
1780063200,3839990.0,3850000.0,3832217.0,3832217.0,0.20698765
1780065000,3848998.0,3848998.0,3848998.0,3848998.0,0.07615072
1780066800,3829333.0,3848998.0,3803139.0,3803139.0,0.07385779
1780068600,3848998.0,3848998.0,3802187.0,3802187.0,0.36920243
1780070400,3802187.0,3802187.0,3802187.0,3802187.0,0.0
1780072200,3814108.0,3814108.0,3804609.0,3804609.0,0.01088697
1780074000,3804609.0,3804609.0,3804609.0,3804609.0,0.0
1780075800,3804609.0,3804609.0,3804609.0,3804609.0,0.0
1780077600,3804609.0,3804609.0,3804609.0,3804609.0,0.0
1780079400,3829119.0,3829119.0,3829119.0,3829119.0,0.0433601
1780081200,3848998.0,3848998.0,3848998.0,3848998.0,0.06124684
1780083000,3848998.0,3848998.0,3848998.0,3848998.0,0.0
1780084800,3848998.0,3848998.0,3848998.0,3848998.0,0.0
1780086600,3840448.0,3848998.0,3840448.0,3848998.0,0.99820327
1780088400,3820576.0,3820576.0,3820572.0,3820572.0,0.01847986
1780090200,3840459.0,3840459.0,3840459.0,3840459.0,0.04302662
1780092000,3840459.0,3840459.0,3840459.0,3840459.0,0.0
1780093800,3820572.0,3842808.0,3820572.0,3842808.0,0.01475614
1780095600,3820572.0,3820572.0,3820572.0,3820572.0,0.05669141
1780097400,3840824.0,3840824.0,3840824.0,3840824.0,0.00478178
1780099200,3820572.0,3820572.0,3820572.0,3820572.0,0.04302601
1780101000,3841906.0,3842086.0,3841906.0,3842086.0,0.01949108
1780102800,3844251.0,3844792.0,3844251.0,3844792.0,0.05836633
1780104600,3844792.0,3844792.0,3844792.0,3844792.0,0.0
1780106400,3844792.0,3844792.0,3844792.0,3844792.0,0.0
1780108200,3848997.0,3848997.0,3848997.0,3848997.0,0.01296285
1780110000,3804609.0,3804609.0,3804609.0,3804609.0,0.02494554
1780111800,3804609.0,3848997.0,3771336.0,3848997.0,1.00718145
1780113600,3848995.0,3848995.0,3770630.0,3848995.0,0.12644458
1780115400,3848995.0,3848995.0,3848995.0,3848995.0,0.04706865
1780117200,3773803.0,3778034.0,3773803.0,3778034.0,0.01570228
1780119000,3848000.0,3850000.0,3779973.0,3779973.0,0.26874667
1780120800,3783675.0,3850000.0,3783675.0,3850000.0,0.1445348
1780122600,3850000.0,3850000.0,3785262.0,3850000.0,0.21348487
1780124400,3850000.0,3850000.0,3850000.0,3850000.0,0.03180685
1780126200,3850000.0,3850000.0,3850000.0,3850000.0,0.0
1780128000,3850393.0,3991791.0,3850000.0,3991791.0,1.03160493
1780129800,3879425.0,3991790.0,3791431.0,3879425.0,0.3273761
1780131600,3879064.0,3991791.0,3879064.0,3991791.0,0.01572557
1780133400,3793394.0,3793394.0,3793384.0,3793384.0,0.23825761
1780135200,3793394.0,3793394.0,3793394.0,3793394.0,0.08570924
1780137000,3793394.0,3793394.0,3793394.0,3793394.0,0.0
1780138800,3873472.0,3873472.0,3873472.0,3873472.0,0.00644047
1780140600,3793399.0,3874010.0,3793399.0,3874010.0,0.02368457
1780142400,3794504.0,3794504.0,3794504.0,3794504.0,0.00685539
1780144200,3880499.0,3880499.0,3799015.0,3880499.0,0.02861181
1780146000,3798310.0,3880499.0,3798310.0,3880499.0,0.0182919
1780147800,3880499.0,3880499.0,3880499.0,3880499.0,0.03361136
1780149600,3880499.0,3880499.0,3880499.0,3880499.0,0.0
1780151400,3880499.0,3880499.0,3848927.0,3848927.0,0.02709784
1780153200,3848927.0,3880499.0,3807958.0,3880499.0,0.03230309
1780155000,3880503.0,3880503.0,3880503.0,3880503.0,0.00701455
1780156800,3880503.0,3880503.0,3880503.0,3880503.0,0.0
1780158600,3880503.0,3880503.0,3880503.0,3880503.0,0.01622856
1780160400,3880499.0,3880499.0,3880499.0,3880499.0,0.00787475
1780162200,3880499.0,3880499.0,3880499.0,3880499.0,0.0
1780164000,3880499.0,3880499.0,3880499.0,3880499.0,0.0030795
1780165800,3880499.0,3880499.0,3880499.0,3880499.0,0.0
1780167600,3807966.0,3880499.0,3807966.0,3880499.0,0.038808
1780169400,3880499.0,3880499.0,3880499.0,3880499.0,0.0
1780171200,3826997.0,3866079.0,3826997.0,3866079.0,0.00559806
1780173000,3866079.0,3866079.0,3866079.0,3866079.0,0.0
1780174800,3866079.0,3880499.0,3866079.0,3880499.0,0.00701689
1780176600,3880499.0,3880499.0,3880499.0,3880499.0,0.0257155
1780178400,3880499.0,3880499.0,3880499.0,3880499.0,0.00513284
1780180200,3880499.0,3880499.0,3880499.0,3880499.0,0.0
1780182000,3880499.0,3880503.0,3880499.0,3880503.0,0.13612157
1780183800,3880503.0,3880503.0,3880503.0,3880503.0,0.84981404
1780185600,3880503.0,3880503.0,3880503.0,3880503.0,0.0
1780187400,3880503.0,3880503.0,3830491.0,3830491.0,0.05901815
1780189200,3830491.0,3830491.0,3830491.0,3830491.0,0.0
1780191000,3830491.0,3830491.0,3830491.0,3830491.0,0.00394414
1780192800,3880503.0,3880503.0,3880503.0,3880503.0,0.01283209
1780194600,3880503.0,3901070.0,3880503.0,3901070.0,0.31974523
1780196400,3904498.0,3904498.0,3904498.0,3904498.0,0.00278422
1780198200,3903055.0,3995771.0,3830497.0,3995771.0,0.50166635
1780200000,3908827.0,3908827.0,3908827.0,3908827.0,0.00324547
1780201800,3909007.0,3909007.0,3908105.0,3909007.0,0.31065091
1780203600,3907744.0,3907744.0,3907744.0,3907744.0,0.01274264
1780205400,3907744.0,3907744.0,3907744.0,3907744.0,0.0
1780207200,3907744.0,3907744.0,3907744.0,3907744.0,0.0
1780209000,3995767.0,3995768.0,3831623.0,3831623.0,0.06396339
1780210800,3831447.0,3831447.0,3831447.0,3831447.0,0.0030795
1780212600,3995768.0,3995768.0,3995768.0,3995768.0,0.01537101
1780214400,3930833.0,3934080.0,3930833.0,3934080.0,0.15200551
1780216200,3929390.0,3929390.0,3842913.0,3842913.0,0.11005368
1780218000,3890000.0,3890000.0,3842913.0,3842913.0,0.01785041
1780219800,3842913.0,3842913.0,3842913.0,3842913.0,0.0
1780221600,3842913.0,3842913.0,3842913.0,3842913.0,0.0
1780223400,3889996.0,3994998.0,3889996.0,3994998.0,0.52095134
1780225200,3912254.0,3913697.0,3845913.0,3912795.0,0.71021448
1780227000,3845914.0,3914419.0,3845914.0,3845916.0,0.06000323
1780228800,3845916.0,3845916.0,3845916.0,3845916.0,0.0
1780230600,3916222.0,3916222.0,3916222.0,3916222.0,0.05302176
1780232400,3916402.0,3916402.0,3916402.0,3916402.0,0.00411066
1780234200,3916402.0,3916402.0,3916402.0,3916402.0,0.0
1780236000,3916402.0,3916402.0,3916402.0,3916402.0,0.0
1780237800,3890000.0,3890000.0,3845924.0,3845924.0,0.02930334
1780239600,3890000.0,3890000.0,3890000.0,3890000.0,0.00563212
1780241400,3890000.0,3890000.0,3890000.0,3890000.0,0.00490771
1780243200,3845924.0,3845924.0,3845920.0,3845920.0,0.00841203
1780245000,3845920.0,3845920.0,3845920.0,3845920.0,0.0
1780246800,3914960.0,3914960.0,3845924.0,3845924.0,0.13137041
1780248600,3916222.0,3916222.0,3916222.0,3916222.0,0.75756762
1780250400,3916222.0,3916222.0,3916222.0,3916222.0,0.0
1780252200,3916222.0,3916222.0,3916222.0,3916222.0,0.0
1780254000,3912795.0,3912795.0,3912434.0,3912434.0,0.00653624
1780255800,3912434.0,3912434.0,3912434.0,3912434.0,0.0
1780257600,3910811.0,3910811.0,3910811.0,3910811.0,0.01226957
1780259400,3910811.0,3910811.0,3910811.0,3910811.0,0.0
1780261200,3910811.0,3910811.0,3910811.0,3910811.0,0.0
1780263000,3910811.0,3910811.0,3910811.0,3910811.0,0.0
1780264800,3910811.0,3910811.0,3910811.0,3910811.0,0.0
1780266600,3910811.0,3910811.0,3910811.0,3910811.0,0.0
1780268400,3845929.0,3845929.0,3845919.0,3845919.0,0.81714618
1780270200,3882416.0,3900743.0,3801000.0,3801000.0,5.94831621
1780272000,3888060.0,3888060.0,3888060.0,3888060.0,0.00256143
1780273800,3886666.0,3886666.0,3886666.0,3886666.0,0.00269048
1780275600,3820000.0,3886082.0,3820000.0,3886082.0,0.02574907
1780277400,3885244.0,3885244.0,3820001.0,3820001.0,0.02978531
1780279200,3885403.0,3885403.0,3820100.0,3820100.0,0.0737871
1780281000,3820200.0,3820200.0,3820200.0,3820200.0,0.05302176
1780282800,3889819.0,3889819.0,3889819.0,3889819.0,0.01118355
1780284600,3892001.0,3892001.0,3820000.0,3820000.0,0.05802262
1780286400,3892236.0,3892236.0,3892236.0,3892236.0,0.00811641
1780288200,3835856.0,3835856.0,3835856.0,3835856.0,0.25652772
1780290000,3892236.0,3892236.0,3892236.0,3892236.0,0.01253752
1780291800,3892236.0,3892236.0,3826314.0,3826318.0,0.03686193
1780293600,3826328.0,3849996.0,3826324.0,3826324.0,1.13682617
1780295400,3826324.0,3869996.0,3826324.0,3826324.0,0.01616238
1780297200,3826328.0,3826328.0,3826324.0,3826324.0,0.1670983
1780299000,3826328.0,3826328.0,3826328.0,3826328.0,0.00393693
1780300800,3869996.0,3869996.0,3869996.0,3869996.0,0.00257338
1780302600,3869996.0,3869996.0,3869996.0,3869996.0,0.0
1780304400,3850000.0,3850000.0,3850000.0,3850000.0,0.02906335
1780306200,3869992.0,3869996.0,3826310.0,3826310.0,0.34758456
1780308000,3826310.0,3826310.0,3826310.0,3826310.0,0.0
1780309800,3869992.0,3869992.0,3826314.0,3826314.0,0.07191904
1780311600,3869992.0,3869992.0,3869992.0,3869992.0,0.00631344
1780313400,3869992.0,3869992.0,3869992.0,3869992.0,0.0
1780315200,3830017.0,3830017.0,3830017.0,3830017.0,0.06136128
1780317000,3830021.0,3830021.0,3830021.0,3830021.0,0.00503044
1780318800,3869988.0,3869992.0,3830025.0,3830025.0,0.10373437
1780320600,3869988.0,3916200.0,3869988.0,3916000.0,2.09824027
1780322400,3916200.0,3950000.0,3916004.0,3916004.0,0.50018985
1780324200,3949996.0,3950000.0,3949996.0,3949996.0,0.04384712
1780326000,3949996.0,3950000.0,3830017.0,3830017.0,0.6611036
1780327800,3950000.0,3950000.0,3950000.0,3950000.0,0.02905847
1780329600,3949996.0,3950000.0,3920000.0,3920000.0,0.05008457
1780331400,3920000.0,3920000.0,3850022.0,3850027.0,0.34535598
1780333200,3850027.0,3850027.0,3850027.0,3850027.0,0.0
1780335000,3950000.0,3950000.0,3950000.0,3950000.0,0.00297468
1780336800,3950000.0,3950000.0,3850030.0,3850030.0,1.28369885
1780338600,3850030.0,3850030.0,3850030.0,3850030.0,0.0
1780340400,3850030.0,3850030.0,3850030.0,3850030.0,0.0
1780342200,3850030.0,3850030.0,3850030.0,3850030.0,0.0
1780344000,3850030.0,3850030.0,3850030.0,3850030.0,0.0
1780345800,3950000.0,3950000.0,3950000.0,3950000.0,0.1490188
1780347600,3850096.0,3949997.0,3850096.0,3949997.0,1.26696978
1780349400,3949997.0,3949997.0,3949997.0,3949997.0,0.0
1780351200,3949997.0,3949997.0,3949997.0,3949997.0,0.0
1780353000,3950000.0,3954724.0,3950000.0,3954724.0,0.12027801
1780354800,3954724.0,3954724.0,3954724.0,3954724.0,0.0
1780356600,3954723.0,3954723.0,3954723.0,3954723.0,0.03752954
1780358400,3954723.0,3974995.0,3861019.0,3861019.0,0.13180453
1780360200,3974991.0,3974991.0,3861023.0,3861023.0,0.07692169
1780362000,3861047.0,3861047.0,3861047.0,3861047.0,0.05001644
1780363800,3974991.0,3994999.0,3974991.0,3994999.0,0.34577918
1780365600,3861031.0,3964101.0,3861031.0,3861031.0,0.08684038
1780367400,3969996.0,3969996.0,3861041.0,3861041.0,0.01965667
1780369200,3861041.0,3861041.0,3861027.0,3861027.0,0.0970008
1780371000,3861036.0,3970000.0,3861036.0,3970000.0,0.13708801
1780372800,3950003.0,3950003.0,3950003.0,3950003.0,0.00669268
1780374600,3950007.0,3970000.0,3950007.0,3970000.0,0.73143852
1780376400,3960003.0,3994999.0,3960003.0,3960003.0,0.9265223
1780378200,3990999.0,3994999.0,3950000.0,3994999.0,0.40305788
1780380000,3994999.0,3994999.0,3950000.0,3950000.0,0.87963976
1780381800,3994999.0,3994999.0,3994999.0,3994999.0,0.05015445
1780383600,3994999.0,3994999.0,3955013.0,3994999.0,0.11969158
1780385400,3994999.0,3996055.0,3955013.0,3996055.0,0.39233323
1780387200,3955020.0,4000000.0,3955020.0,4000000.0,1.75213553
1780389000,4000000.0,4015096.0,3955047.0,3955057.0,2.04388104
1780390800,3955057.0,3955057.0,3955057.0,3955057.0,0.0
1780392600,4015096.0,4031156.0,4015096.0,4031156.0,0.15520095
1780394400,3955090.0,4050340.0,3955090.0,4050340.0,0.11663311
1780396200,4050340.0,4066541.0,3966442.0,4066541.0,0.53477554
1780398000,3966445.0,4089669.0,3966442.0,4089669.0,0.68402934
1780399800,4072017.0,4072017.0,3966450.0,3966453.0,0.26125221
1780401600,3966461.0,4060194.0,3966461.0,4060194.0,0.070303
1780403400,4059046.0,4062267.0,4027247.0,4027251.0,0.10035123
1780405200,4054907.0,4054907.0,4027247.0,4027247.0,0.26642812
1780407000,4028001.0,4088888.0,4028001.0,4088888.0,1.15472012
1780408800,4088888.0,4105000.0,4088888.0,4104996.0,0.22228815
1780410600,4070005.0,4070005.0,4070005.0,4070005.0,0.00731546
1780412400,4070004.0,4105000.0,3950000.0,4105000.0,0.58994604
1780414200,4083123.0,4083123.0,3950000.0,3950000.0,0.31943825
1780416000,4071728.0,4077601.0,3950004.0,4062220.0,0.18769458
1780417800,4060021.0,4060021.0,4060021.0,4060021.0,0.0490591
1780419600,4055489.0,4055489.0,4051277.0,4051277.0,0.03299968
1780421400,4039317.0,4039317.0,4033654.0,4033654.0,0.0111126
1780423200,3997219.0,4038823.0,3997219.0,4038823.0,0.01056494
1780425000,4021136.0,4022717.0,4021136.0,4022717.0,0.28864962
1780426800,3997219.0,3997219.0,3997219.0,3997219.0,0.00515698
1780428600,3997219.0,3997219.0,3997219.0,3997219.0,0.00307197
1780430400,4021474.0,4028777.0,4021474.0,4028777.0,0.01237325
1780432200,4028777.0,4028777.0,4028777.0,4028777.0,0.0
1780434000,4025802.0,4025802.0,3950000.0,4016080.0,0.12439329
1780435800,4015178.0,4016261.0,3950004.0,4016261.0,0.05392889
1780437600,3950004.0,3950004.0,3950000.0,3950000.0,1.19358593
1780439400,4014005.0,4014009.0,3950000.0,3950000.0,0.3812819
1780441200,3950000.0,3992716.0,3950000.0,3950000.0,0.32157504
1780443000,3950000.0,3950000.0,3950000.0,3950000.0,0.11712409
1780444800,3950000.0,3950000.0,3950000.0,3950000.0,0.0
1780446600,4001980.0,4001980.0,4001980.0,4001980.0,0.01244259
1780448400,4001812.0,4001812.0,4000562.0,4000562.0,0.08714118
1780450200,3950000.0,3950000.0,3950000.0,3950000.0,0.02824623
1780452000,3950004.0,3950004.0,3950004.0,3950004.0,0.02009322
1780453800,3950004.0,3950004.0,3950004.0,3950004.0,0.0
1780455600,3950004.0,3950004.0,3950004.0,3950004.0,0.0
1780457400,3950000.0,3968933.0,3950000.0,3968933.0,0.29875401
1780459200,3968933.0,4000000.0,3968933.0,3975005.0,0.05907297
1780461000,3975005.0,3975005.0,3975005.0,3975005.0,0.0
1780462800,3975005.0,3999996.0,3975005.0,3975005.0,0.31973033
1780464600,3999996.0,3999996.0,3999996.0,3999996.0,0.010469
1780466400,3975009.0,3999996.0,3975005.0,3975009.0,0.15558371
1780468200,3992067.0,3999996.0,3975005.0,3975005.0,0.0205173
1780470000,3975009.0,3975009.0,3975005.0,3975009.0,0.15375597
1780471800,3999996.0,3999996.0,3950000.0,3950000.0,2.35479393
1780473600,3950004.0,4000000.0,3950004.0,3950004.0,0.04711863
1780475400,3950005.0,4055000.0,3950005.0,4055000.0,2.67934174
1780477200,4055000.0,4055000.0,4055000.0,4055000.0,0.0
1780479000,4017165.0,4020141.0,3950014.0,4020141.0,0.03618009
1780480800,3950014.0,3950014.0,3950000.0,3950000.0,1.23699977
1780482600,3950004.0,4017165.0,3950000.0,4017165.0,1.28305281
1780484400,4017165.0,4017165.0,4017165.0,4017165.0,0.0
1780486200,4017165.0,4017165.0,4017165.0,4017165.0,0.0
1780488000,4017165.0,4017165.0,4017165.0,4017165.0,0.0
1780489800,4011380.0,4017165.0,4011380.0,4017165.0,0.04960951
1780491600,4017157.0,4017165.0,4017157.0,4017165.0,0.25654114
1780493400,4017161.0,4017161.0,3900000.0,3954861.0,8.21982302
1780495200,3941758.0,3943929.0,3941758.0,3943929.0,0.00628919
1780497000,3919046.0,3924080.0,3900000.0,3900000.0,0.12140685
1780498800,3900000.0,3900000.0,3900000.0,3900000.0,0.0
1780500600,3939253.0,3948054.0,3939253.0,3948054.0,0.00651736
1780502400,3948054.0,3948054.0,3948054.0,3948054.0,0.0
1780504200,3917000.0,3999996.0,3909302.0,3922642.0,0.24796254
1780506000,3922642.0,3922642.0,3922642.0,3922642.0,0.0
1780507800,3922642.0,3922642.0,3922642.0,3922642.0,0.0
1780509600,3917421.0,3929110.0,3917421.0,3929110.0,2.99149618
1780511400,3926643.0,3926643.0,3926643.0,3926643.0,0.00380426
1780513200,3926643.0,3926643.0,3926643.0,3926643.0,0.0
1780515000,4000000.0,4000000.0,4000000.0,4000000.0,0.02494725
1780516800,4000000.0,4000000.0,3900000.0,3900000.0,1.5960358
1780518600,3900000.0,3900000.0,3900000.0,3900000.0,0.0
1780520400,3891574.0,3891574.0,3891574.0,3891574.0,0.02844273
1780522200,3891574.0,3891574.0,3880000.0,3880000.0,1.26301607
1780524000,3880000.0,3880000.0,3880000.0,3880000.0,0.0
1780525800,4000000.0,4000000.0,3900000.0,3900000.0,0.01528308
1780527600,3880000.0,3880000.0,3880000.0,3880000.0,0.00678506
1780529400,3897294.0,3897294.0,3897294.0,3897294.0,0.00666616
1780531200,3898927.0,3898927.0,3880000.0,3898927.0,0.01245457
1780533000,3898927.0,3898927.0,3898927.0,3898927.0,0.0
1780534800,3898927.0,3898927.0,3898927.0,3898927.0,0.0
1780536600,3898927.0,3898927.0,3898927.0,3898927.0,0.0
1780538400,3880005.0,3880005.0,3880005.0,3880005.0,0.12064571
1780540200,3880000.0,3910527.0,3861036.0,3861036.0,0.25295219
1780542000,3861036.0,3861036.0,3823683.0,3823683.0,1.49574809
1780543800,3890277.0,3913408.0,3890277.0,3913408.0,0.05124605
1780545600,3841014.0,3841014.0,3841014.0,3841014.0,1.00169852
1780547400,3836400.0,3836400.0,3836400.0,3836400.0,0.18360285
1780549200,3836743.0,3913408.0,3836743.0,3913408.0,0.03201584
1780551000,3913408.0,3913408.0,3913408.0,3913408.0,0.02532166
1780552800,3913408.0,3913408.0,3913408.0,3913408.0,0.01485788
1780554600,3913408.0,3927177.0,3841322.0,3927177.0,0.01050791
1780556400,3930005.0,3930005.0,3930005.0,3930005.0,0.00271042
1780558200,3847981.0,3847981.0,3847981.0,3847981.0,0.00651944
1780560000,3845964.0,3916400.0,3845964.0,3916400.0,0.05156079
1780561800,3916400.0,3916400.0,3916400.0,3916400.0,0.0
1780563600,3916400.0,3916400.0,3916400.0,3916400.0,0.0
1780565400,3886656.0,3886656.0,3886656.0,3886656.0,0.01264145
1780567200,3930005.0,3969733.0,3845960.0,3845960.0,0.02323707
1780569000,3845960.0,3881297.0,3825000.0,3825004.0,0.45278699
1780570800,3825004.0,3883932.0,3793674.0,3865421.0,2.25504464
1780572600,3865421.0,3865421.0,3865421.0,3865421.0,0.0
1780574400,3874212.0,3874212.0,3794439.0,3873391.0,0.11591359
1780576200,3874590.0,3874590.0,3789277.0,3789277.0,0.00912763
1780578000,3890826.0,3890826.0,3890826.0,3890826.0,0.09168464
1780579800,3895423.0,3895423.0,3789824.0,3789824.0,1.33963622
1780581600,3789824.0,3789824.0,3789824.0,3789824.0,0.0
1780583400,3789824.0,3789824.0,3789824.0,3789824.0,0.0
1780585200,3842122.0,3842122.0,3842122.0,3842122.0,0.31400196
1780587000,3933781.0,3933781.0,3867503.0,3867503.0,0.00725002
1780588800,3954995.0,3954995.0,3953996.0,3953996.0,0.02620894
1780590600,3887088.0,3982343.0,3887088.0,3982343.0,1.35748692
1780592400,3984105.0,3999995.0,3902324.0,3990226.0,0.07945411
1780594200,3906212.0,3906212.0,3906212.0,3906212.0,0.02449716
1780596000,3927638.0,3927638.0,3927638.0,3927638.0,0.00424923
1780597800,3999995.0,3999995.0,3999995.0,3999995.0,0.00489725
1780599600,3999995.0,3999995.0,3999995.0,3999995.0,0.0
1780601400,3993237.0,3993237.0,3993237.0,3993237.0,0.20664814
1780603200,3905398.0,3978800.0,3883620.0,3883620.0,1.21893342
1780605000,3883620.0,3883620.0,3883620.0,3883620.0,0.0
1780606800,3875751.0,3875751.0,3875751.0,3875751.0,0.01426692
1780608600,3875751.0,3875751.0,3875751.0,3875751.0,0.0
1780610400,3875751.0,3875751.0,3875751.0,3875751.0,0.0
1780612200,3875751.0,3875751.0,3875751.0,3875751.0,0.0
1780614000,3875751.0,3875751.0,3875751.0,3875751.0,0.0
1780615800,3875751.0,3875751.0,3875751.0,3875751.0,0.0
1780617600,3950746.0,3950746.0,3940376.0,3940376.0,0.00687841
1780619400,3875751.0,3964375.0,3875751.0,3964375.0,0.01053311
1780621200,3964375.0,3964375.0,3964375.0,3964375.0,0.0
1780623000,3929477.0,3929477.0,3929477.0,3929477.0,0.00529281
1780624800,3875755.0,3875755.0,3875755.0,3875755.0,0.0141484
1780626600,3875755.0,3875755.0,3875755.0,3875755.0,0.0
1780628400,3875755.0,3875755.0,3875755.0,3875755.0,0.0
1780630200,3875755.0,3875755.0,3875755.0,3875755.0,0.0
1780632000,3875751.0,3922138.0,3875751.0,3875751.0,0.05906873
1780633800,3875751.0,3929477.0,3875751.0,3929477.0,0.17736707
1780635600,3875755.0,3875755.0,3750000.0,3750000.0,3.71962441
1780637400,3929477.0,3929477.0,3846617.0,3846617.0,0.03059682
1780639200,3848874.0,3848874.0,3843425.0,3843425.0,0.10758363
1780641000,3843425.0,3919996.0,3843425.0,3919996.0,0.12661977
1780642800,3843425.0,3919369.0,3843425.0,3919369.0,0.0313019
1780644600,3919369.0,3919369.0,3919369.0,3919369.0,0.031638
1780646400,3843425.0,3919364.0,3843425.0,3919360.0,0.08012174
1780648200,3919361.0,3919361.0,3853864.0,3919361.0,0.0730139
1780650000,3919361.0,3919365.0,3853869.0,3853869.0,0.2248017
1780651800,3919361.0,3919361.0,3859345.0,3859345.0,0.17352676
1780653600,3919351.0,3919355.0,3854029.0,3919355.0,0.3098385
1780655400,3862015.0,3862015.0,3862015.0,3862015.0,0.00447369
1780657200,3880361.0,3919346.0,3880361.0,3919346.0,0.01023982
1780659000,3919346.0,3919346.0,3919346.0,3919346.0,0.03168436
1780660800,3919346.0,3919346.0,3860104.0,3860104.0,0.02372825
1780662600,3860104.0,3860113.0,3860104.0,3860113.0,0.20358281
1780664400,3860113.0,3860113.0,3860113.0,3860113.0,0.15922647
1780666200,3860113.0,3860113.0,3860113.0,3860113.0,0.0
1780668000,3860113.0,3860113.0,3860113.0,3860113.0,0.0
1780669800,3890796.0,3890796.0,3853865.0,3853865.0,0.02940742
1780671600,3853865.0,3853865.0,3840754.0,3840754.0,0.10888048
1780673400,3756478.0,3756482.0,3756474.0,3756474.0,0.83937591
1780675200,3828829.0,3835836.0,3756474.0,3756474.0,1.84662016
1780677000,3756474.0,3756474.0,3756474.0,3756474.0,0.0
1780678800,3806242.0,3806242.0,3806242.0,3806242.0,0.0039246
1780680600,3806242.0,3806242.0,3806242.0,3806242.0,0.00261649
1780682400,3806242.0,3806242.0,3806242.0,3806242.0,0.0
1780684200,3806242.0,3806242.0,3806242.0,3806242.0,0.0
1780686000,3756475.0,3756475.0,3756474.0,3756474.0,0.97181407
1780687800,3756474.0,3756474.0,3756474.0,3756474.0,0.0
1780689600,3756474.0,3756474.0,3740001.0,3740001.0,7.97454214
1780691400,3740001.0,3740001.0,3740001.0,3740001.0,0.0
1780693200,3740001.0,3740001.0,3740001.0,3740001.0,0.0
1780695000,3760012.0,3760012.0,3760012.0,3760012.0,0.02648661
1780696800,3760012.0,3760012.0,3760012.0,3760012.0,0.0
1780698600,3760012.0,3760012.0,3760012.0,3760012.0,0.0
1780700400,3733437.0,3753783.0,3725000.0,3725004.0,0.06378547
1780702200,3738223.0,3738223.0,3725000.0,3725000.0,0.03169554
1780704000,3725008.0,3725008.0,3725008.0,3725008.0,0.02878527
1780705800,3749759.0,3749759.0,3749759.0,3749759.0,0.00935305
1780707600,3749759.0,3749759.0,3749759.0,3749759.0,0.0
1780709400,3725008.0,3725008.0,3682235.0,3682235.0,0.34189208
1780711200,3682926.0,3690433.0,3678788.0,3678788.0,0.0295855
1780713000,3678788.0,3689701.0,3678504.0,3689701.0,3.89561482
1780714800,3689701.0,3689701.0,3689701.0,3689701.0,0.0
1780716600,3690000.0,3690000.0,3690000.0,3690000.0,0.00539782
1780718400,3675000.0,3675000.0,3614969.0,3614969.0,2.05780078
1780720200,3614969.0,3614969.0,3614969.0,3614969.0,0.0
1780722000,3668827.0,3668827.0,3600015.0,3666264.0,0.68884363
1780723800,3666264.0,3666264.0,3612643.0,3612643.0,0.00808866
1780725600,3666264.0,3666264.0,3663063.0,3663063.0,8.96134113
1780727400,3690000.0,3705631.0,3663067.0,3663067.0,0.034764
1780729200,3663067.0,3663067.0,3663067.0,3663067.0,0.00963622
1780731000,3663067.0,3663067.0,3663067.0,3663067.0,0.0
1780732800,3663067.0,3663067.0,3663067.0,3663067.0,0.0
1780734600,3663067.0,3663067.0,3663063.0,3663063.0,0.06523175
1780736400,3663067.0,3707824.0,3663067.0,3663067.0,0.22245789
1780738200,3723026.0,3723026.0,3663104.0,3715152.0,0.44280863
1780740000,3715152.0,3715152.0,3715152.0,3715152.0,0.0
1780741800,3710025.0,3710025.0,3710025.0,3710025.0,0.05379424
1780743600,3663118.0,3713609.0,3643958.0,3643958.0,0.51501215
1780745400,3713609.0,3713613.0,3713609.0,3713609.0,0.22088041
1780747200,3713609.0,3713609.0,3713609.0,3713609.0,0.00532635
1780749000,3662746.0,3662746.0,3662746.0,3662746.0,0.00486025
1780750800,3662746.0,3662746.0,3662746.0,3662746.0,0.0
1780752600,3669371.0,3713613.0,3669371.0,3713613.0,0.02459066
1780754400,3668119.0,3713613.0,3668119.0,3713613.0,0.03890783
1780756200,3713613.0,3713613.0,3713613.0,3713613.0,0.00658092
1780758000,3666871.0,3666871.0,3666871.0,3666871.0,0.01624017
1780759800,3666871.0,3666871.0,3651115.0,3653267.0,0.2570582
1780761600,3655056.0,3740054.0,3655052.0,3740054.0,1.48858364
1780763400,3660424.0,3660424.0,3480211.0,3480211.0,2.73938667
1780765200,3672055.0,3672055.0,3669549.0,3669549.0,0.08597335
1780767000,3676202.0,3676202.0,3676202.0,3676202.0,0.00270904
1780768800,3676202.0,3676202.0,3676202.0,3676202.0,0.00541808
1780770600,3676202.0,3676202.0,3676202.0,3676202.0,0.0
1780772400,3676202.0,3676202.0,3676202.0,3676202.0,0.0
1780774200,3676202.0,3676202.0,3676202.0,3676202.0,0.00406343
1780776000,3676202.0,3676202.0,3673841.0,3673841.0,0.17135421
1780777800,3673841.0,3673841.0,3673841.0,3673841.0,0.0
1780779600,3673841.0,3673841.0,3673841.0,3673841.0,0.0
1780781400,3673841.0,3673841.0,3673841.0,3673841.0,0.0
1780783200,3673841.0,3673841.0,3673841.0,3673841.0,0.0
1780785000,3673841.0,3673841.0,3673841.0,3673841.0,0.0
1780786800,3677602.0,3678135.0,3677602.0,3678135.0,0.07860445
1780788600,3685391.0,3767520.0,3685391.0,3767520.0,0.09912131
1780790400,3769083.0,3769083.0,3769083.0,3769083.0,0.00792686
1780792200,3769083.0,3769083.0,3769083.0,3769083.0,0.0
1780794000,3688156.0,3688156.0,3688156.0,3688156.0,0.15944499
1780795800,3688156.0,3688156.0,3688156.0,3688156.0,0.0
1780797600,3686009.0,3686009.0,3675988.0,3675988.0,0.0122615
1780799400,3769083.0,3769083.0,3769083.0,3769083.0,0.00264228
1780801200,3769083.0,3769087.0,3769083.0,3769087.0,0.01321143
1780803000,3769083.0,3860000.0,3769083.0,3860000.0,0.3799165
1780804800,3774844.0,3776488.0,3774844.0,3776488.0,0.07657316
1780806600,3776488.0,3776488.0,3776488.0,3776488.0,0.0
1780808400,3776488.0,3776488.0,3776488.0,3776488.0,0.0
1780810200,3776488.0,3776488.0,3776488.0,3776488.0,0.0
1780812000,3795900.0,3795900.0,3795900.0,3795900.0,0.01343364
1780813800,3795900.0,3795900.0,3795900.0,3795900.0,0.0
1780815600,3795900.0,3795900.0,3795900.0,3795900.0,0.0
1780817400,3796446.0,3796446.0,3796263.0,3796263.0,0.00811205
1780819200,3714111.0,3791502.0,3714111.0,3791502.0,0.01199481
1780821000,3784361.0,3784361.0,3714111.0,3714111.0,0.02752913
1780822800,3714111.0,3785643.0,3699966.0,3785643.0,1.03294102
1780824600,3785643.0,3785643.0,3785643.0,3785643.0,0.0
1780826400,3762210.0,3762210.0,3675992.0,3753787.0,0.21361559
1780828200,3776121.0,3777773.0,3692093.0,3692093.0,0.11870161
1780830000,3776125.0,3778872.0,3776125.0,3778872.0,0.27663875
1780831800,3692105.0,3692105.0,3692105.0,3692105.0,0.01290104
1780833600,3692105.0,3692105.0,3692105.0,3692105.0,0.0
1780835400,3692105.0,3692105.0,3692105.0,3692105.0,0.0
1780837200,3692114.0,3692114.0,3692114.0,3692114.0,0.03106068
1780839000,3692115.0,3750670.0,3692114.0,3692114.0,0.1458744
1780840800,3750670.0,3750670.0,3692105.0,3692105.0,1.80967622
1780842600,3692105.0,3692105.0,3692105.0,3692105.0,0.0
1780844400,3707307.0,3707307.0,3707307.0,3707307.0,0.07683755
1780846200,3713387.0,3713387.0,3713387.0,3713387.0,0.00375559
1780848000,3697644.0,3750666.0,3697644.0,3750666.0,0.01220338
1780849800,3750666.0,3750670.0,3705513.0,3705513.0,0.26935526
1780851600,3750666.0,3750666.0,3750666.0,3750666.0,0.00284962
1780853400,3750666.0,3750666.0,3750666.0,3750666.0,0.00999955
1780855200,3750666.0,3750666.0,3750666.0,3750666.0,0.0
1780857000,3750666.0,3750666.0,3750666.0,3750666.0,0.0
1780858800,3750666.0,3750666.0,3750666.0,3750666.0,0.0
1780860600,3750666.0,3750666.0,3750666.0,3750666.0,0.0
1780862400,3750666.0,3750666.0,3750666.0,3750666.0,0.0
1780864200,3750666.0,3750666.0,3750666.0,3750666.0,0.0
1780866000,3750666.0,3750666.0,3750666.0,3750666.0,0.0
1780867800,3750666.0,3750666.0,3750666.0,3750666.0,0.0
1780869600,3750666.0,3750666.0,3750666.0,3750666.0,0.0
1780871400,3705517.0,3705517.0,3705517.0,3705517.0,0.07129666
1780873200,3750666.0,3750666.0,3750666.0,3750666.0,0.00531052
1780875000,3750666.0,3750670.0,3750666.0,3750670.0,0.05842081
1780876800,3750670.0,3750670.0,3750670.0,3750670.0,0.00714181
1780878600,3794471.0,3812911.0,3794471.0,3805406.0,0.40599351
1780880400,3805402.0,3805402.0,3805402.0,3805402.0,0.55910702
1780882200,3805402.0,3805402.0,3805402.0,3805402.0,0.0
1780884000,3715236.0,3716886.0,3708240.0,3708240.0,0.26714647
1780885800,3708240.0,3708240.0,3708240.0,3708240.0,0.0
1780887600,3708240.0,3708240.0,3708240.0,3708240.0,0.0
1780889400,3740978.0,3805394.0,3738046.0,3805394.0,0.16507666
1780891200,3738882.0,3805398.0,3590303.0,3805398.0,1.18150773
1780893000,3805398.0,3805398.0,3805398.0,3805398.0,0.0
1780894800,3803783.0,3803783.0,3803783.0,3803783.0,0.0026187
1780896600,3720078.0,3720078.0,3720078.0,3720078.0,0.00536351
1780898400,3800156.0,3800156.0,3800000.0,3800000.0,1.01208675
1780900200,3803779.0,3803779.0,3800000.0,3800000.0,0.05435745
1780902000,3800000.0,3800000.0,3800000.0,3800000.0,0.0
1780903800,3800000.0,3800000.0,3800000.0,3800000.0,0.0
1780905600,3800000.0,3800000.0,3800000.0,3800000.0,0.0
1780907400,3803775.0,3803775.0,3803775.0,3803775.0,0.00261818
1780909200,3803770.0,3803770.0,3803770.0,3803770.0,0.00392715
1780911000,3803770.0,3803770.0,3803770.0,3803770.0,0.0
1780912800,3803770.0,3803770.0,3803770.0,3803770.0,0.0
1780914600,3758416.0,3758416.0,3758416.0,3758416.0,0.00383222
1780916400,3803766.0,3803766.0,3758651.0,3803766.0,0.04550464
1780918200,3803762.0,3803762.0,3761057.0,3761057.0,0.22591861
1780920000,3803758.0,3803758.0,3772825.0,3772825.0,0.17819143
1780921800,3747213.0,3803775.0,3747213.0,3803775.0,1.6911583
1780923600,3747213.0,3805402.0,3747213.0,3805398.0,0.0650472
1780925400,3750000.0,3750000.0,3750000.0,3750000.0,0.01
1780927200,3750000.0,3750000.0,3750000.0,3750000.0,0.0
1780929000,3747213.0,3803000.0,3747012.0,3803000.0,0.02338619
1780930800,3803000.0,3803000.0,3803000.0,3803000.0,0.0
1780932600,3741365.0,3756065.0,3741365.0,3756065.0,0.31155158
1780934400,3752321.0,3752321.0,3752321.0,3752321.0,1.11867217
1780936200,3802996.0,3802996.0,3802996.0,3802996.0,0.00733237
1780938000,3802996.0,3802996.0,3802996.0,3802996.0,0.0
1780939800,3802992.0,3803000.0,3802992.0,3803000.0,0.28319138
1780941600,3803000.0,3803000.0,3803000.0,3803000.0,0.01857795
1780943400,3803000.0,3845022.0,3803000.0,3845022.0,0.35748529
1780945200,3845022.0,3845022.0,3845022.0,3845022.0,0.0
1780947000,3845022.0,3845022.0,3845022.0,3845022.0,0.0
1780948800,3787124.0,3787124.0,3787124.0,3787124.0,0.01313678
1780950600,3787124.0,3787124.0,3787124.0,3787124.0,0.0
1780952400,3787124.0,3787124.0,3787124.0,3787124.0,0.0
1780954200,3830075.0,3830075.0,3830075.0,3830075.0,0.02597741
1780956000,3841375.0,3859000.0,3841375.0,3859000.0,0.30112962
1780957800,3859000.0,3859000.0,3859000.0,3859000.0,0.0
1780959600,3821089.0,3821089.0,3821089.0,3821089.0,0.00492555
1780961400,3821089.0,3821089.0,3821089.0,3821089.0,0.0
1780963200,3821089.0,3821089.0,3821089.0,3821089.0,0.0
1780965000,3809056.0,3809056.0,3809056.0,3809056.0,0.23531158
1780966800,3787120.0,3787120.0,3725804.0,3725804.0,0.23531158
1780968600,3725804.0,3725804.0,3725804.0,3725804.0,0.0
1780970400,3725804.0,3725804.0,3725804.0,3725804.0,0.0
1780972200,3725804.0,3725804.0,3725804.0,3725804.0,0.0
1780974000,3756141.0,3756141.0,3756141.0,3756141.0,0.01189862
1780975800,3825128.0,3825128.0,3765187.0,3765187.0,0.1154491
1780977600,3773220.0,3857996.0,3773220.0,3857996.0,0.0120513
1780979400,3778772.0,3778772.0,3776195.0,3776195.0,0.60743648
1780981200,3852870.0,3852870.0,3775642.0,3775642.0,0.00826801
1780983000,3848446.0,3848446.0,3845479.0,3845479.0,0.14180743
1780984800,3831187.0,3837300.0,3831187.0,3837300.0,0.03957942
1780986600,3851283.0,3851283.0,3848496.0,3848496.0,0.13180208
1780988400,3851404.0,3851404.0,3851404.0,3851404.0,0.01318765
1780990200,3759043.0,3759043.0,3759043.0,3759043.0,0.02808933
1780992000,3759043.0,3759043.0,3759043.0,3759043.0,0.0
1780993800,3759043.0,3759043.0,3759043.0,3759043.0,0.0
1780995600,3828798.0,3834916.0,3759047.0,3834916.0,0.23093903
1780997400,3759094.0,3759094.0,3759090.0,3759090.0,0.28763072
1780999200,3759051.0,3759051.0,3759051.0,3759051.0,0.02676845
1781001000,3759051.0,3827361.0,3759051.0,3827361.0,0.03992514
1781002800,3759051.0,3759051.0,3759051.0,3759051.0,0.06441923
1781004600,3759051.0,3759051.0,3759051.0,3759051.0,0.0
1781006400,3759051.0,3759051.0,3759051.0,3759051.0,0.0
1781008200,3798913.0,3799154.0,3730001.0,3730001.0,1.31520509
1781010000,3730001.0,3730001.0,3730001.0,3730001.0,0.0
1781011800,3740165.0,3740165.0,3740165.0,3740165.0,0.82916434
1781013600,3797812.0,3797812.0,3733951.0,3733951.0,0.02636045
1781015400,3733951.0,3733951.0,3725811.0,3725811.0,0.45593969
1781017200,3737577.0,3737577.0,3070008.0,3628934.0,21.19472751
1781019000,3623327.0,3672444.0,3070014.0,3672444.0,0.43218015
1781020800,3672444.0,3672444.0,3672444.0,3672444.0,0.0
1781022600,3620953.0,3620953.0,3590580.0,3611111.0,6.43752892
1781024400,3611111.0,3632272.0,3603758.0,3632272.0,4.8037344
1781026200,3654919.0,3654919.0,3654919.0,3654919.0,0.00544991
1781028000,3718525.0,3740700.0,3654919.0,3664155.0,0.75904549
1781029800,3673192.0,3718525.0,3673192.0,3718525.0,0.13409034
1781031600,3718525.0,3755417.0,3718000.0,3718000.0,0.0095602
1781033400,3739569.0,3739569.0,3662022.0,3734522.0,0.08790454
1781035200,3671321.0,3671321.0,3671321.0,3671321.0,0.03811011
1781037000,3671321.0,3671321.0,3671321.0,3671321.0,0.0
1781038800,3671321.0,3671321.0,3671321.0,3671321.0,0.0
1781040600,3671321.0,3671321.0,3671321.0,3671321.0,0.0
1781042400,3671321.0,3671321.0,3671321.0,3671321.0,0.0
1781044200,3671321.0,3671321.0,3671321.0,3671321.0,0.0
1781046000,3671321.0,3671321.0,3671321.0,3671321.0,0.0
1781047800,3671321.0,3671321.0,3671321.0,3671321.0,0.0
1781049600,3667081.0,3752158.0,3666881.0,3752158.0,0.10745193
1781051400,3739996.0,3739996.0,3739996.0,3739996.0,0.00266283
1781053200,3739988.0,3739992.0,3739988.0,3739992.0,0.15888571
1781055000,3730588.0,3733597.0,3730588.0,3733597.0,0.80778745
1781056800,3733597.0,3733597.0,3733597.0,3733597.0,0.0
1781058600,3733593.0,3733593.0,3733593.0,3733593.0,0.36060518
1781060400,3733593.0,3733593.0,3733593.0,3733593.0,0.0867577
1781062200,3670346.0,3670346.0,3668183.0,3668183.0,0.00546757
1781064000,3668183.0,3668183.0,3668183.0,3668183.0,0.0
1781065800,3725000.0,3725000.0,3724996.0,3725000.0,0.36137691
1781067600,3724995.0,3724995.0,3724995.0,3724995.0,0.03648783
1781069400,3668183.0,3668183.0,3668183.0,3668183.0,0.04817184
1781071200,3668183.0,3668183.0,3668183.0,3668183.0,0.0
1781073000,3668183.0,3668183.0,3668183.0,3668183.0,0.0
1781074800,3668183.0,3668183.0,3668183.0,3668183.0,0.0
1781076600,3720000.0,3720000.0,3720000.0,3720000.0,0.00401559
1781078400,3720000.0,3720000.0,3720000.0,3720000.0,0.0
1781080200,3716578.0,3716578.0,3716578.0,3716578.0,0.00267961
1781082000,3668183.0,3668183.0,3668179.0,3668179.0,0.08080833
1781083800,3668179.0,3699996.0,3662229.0,3699996.0,0.59358206
1781085600,3662229.0,3662229.0,3593751.0,3593751.0,0.12886542
1781087400,3593751.0,3593751.0,3593751.0,3593751.0,0.0
1781089200,3593751.0,3593751.0,3593751.0,3593751.0,0.0
1781091000,3603973.0,3603973.0,3601041.0,3601041.0,0.03039891
1781092800,3650000.0,3650000.0,3617883.0,3617883.0,0.00856208
1781094600,3650000.0,3650000.0,3630649.0,3630649.0,1.18291113
1781096400,3628358.0,3699996.0,3628358.0,3699996.0,0.18312772
1781098200,3700000.0,3700000.0,3700000.0,3700000.0,0.00355945
1781100000,3640638.0,3640638.0,3640638.0,3640638.0,0.03925611
1781101800,3700000.0,3700000.0,3700000.0,3700000.0,0.00607513
1781103600,3700000.0,3700000.0,3700000.0,3700000.0,0.0
1781105400,3666683.0,3674278.0,3567313.0,3567313.0,0.59032536
1781107200,3673237.0,3673237.0,3662935.0,3662935.0,0.01630196
1781109000,3590336.0,3590336.0,3582878.0,3582878.0,0.05293002
1781110800,3585149.0,3585149.0,3585149.0,3585149.0,0.00280107
1781112600,3621761.0,3621761.0,3621761.0,3621761.0,0.00274976
1781114400,3621761.0,3621761.0,3621761.0,3621761.0,0.0
1781116200,3621761.0,3621761.0,3621761.0,3621761.0,0.0
1781118000,3621761.0,3646305.0,3550172.0,3550172.0,0.369933
1781119800,3550172.0,3550172.0,3550172.0,3550172.0,0.0
1781121600,3551988.0,3551988.0,3551988.0,3551988.0,0.02689532
1781123400,3551988.0,3551988.0,3551988.0,3551988.0,0.0
1781125200,3551988.0,3551988.0,3551988.0,3551988.0,0.0
1781127000,3551988.0,3551988.0,3551988.0,3551988.0,0.0
1781128800,3631308.0,3631308.0,3631308.0,3631308.0,0.00383938
1781130600,3553082.0,3553082.0,3553082.0,3553082.0,0.07901105
1781132400,3553082.0,3553082.0,3553082.0,3553082.0,0.0
1781134200,3641986.0,3641986.0,3567044.0,3567044.0,0.1717362
1781136000,3620614.0,3620614.0,3620614.0,3620614.0,0.00275063
1781137800,3620614.0,3620614.0,3620614.0,3620614.0,0.0
1781139600,3591011.0,3591011.0,3591011.0,3591011.0,0.03168436
1781141400,3620858.0,3620858.0,3620858.0,3620858.0,0.00275045
1781143200,3550628.0,3550628.0,3501000.0,3501000.0,0.51143226
1781145000,3518635.0,3590500.0,3518635.0,3590500.0,0.00843691
1781146800,3590500.0,3590500.0,3590500.0,3590500.0,0.00420728
1781148600,3578512.0,3578512.0,3578512.0,3578512.0,0.02104701
1781150400,3578512.0,3578512.0,3578512.0,3578512.0,0.0
1781152200,3578512.0,3578512.0,3578512.0,3578512.0,0.0
1781154000,3578512.0,3662366.0,3578512.0,3578512.0,0.01862283
1781155800,3578512.0,3578512.0,3578512.0,3578512.0,0.0
1781157600,3662362.0,3662362.0,3578516.0,3578516.0,0.01134378
1781159400,3578516.0,3578516.0,3578516.0,3578516.0,0.0
1781161200,3578516.0,3578516.0,3578516.0,3578516.0,0.0
1781163000,3578516.0,3578516.0,3578516.0,3578516.0,0.0
1781164800,3578516.0,3578516.0,3578516.0,3578516.0,0.01278011
1781166600,3662358.0,3662358.0,3662358.0,3662358.0,0.06116005
1781168400,3578516.0,3578516.0,3578516.0,3578516.0,0.0095597
1781170200,3578516.0,3578516.0,3578516.0,3578516.0,0.0
1781172000,3578516.0,3662358.0,3578516.0,3662358.0,0.03347638
1781173800,3662358.0,3662358.0,3662358.0,3662358.0,0.0
1781175600,3662358.0,3662358.0,3662358.0,3662358.0,0.0
1781177400,3578516.0,3662358.0,3578512.0,3662358.0,0.0628929
1781179200,3578512.0,3662358.0,3578512.0,3662358.0,0.02472067
1781181000,3662358.0,3662358.0,3662358.0,3662358.0,0.0
1781182800,3578512.0,3662358.0,3525000.0,3525000.0,0.09835027
1781184600,3662358.0,3662358.0,3662358.0,3662358.0,0.04568395
1781186400,3525014.0,3525014.0,3525012.0,3525012.0,0.02523593
1781188200,3525012.0,3525012.0,3525012.0,3525012.0,0.0
1781190000,3525018.0,3662356.0,3525018.0,3662356.0,0.00864416
1781191800,3662356.0,3662356.0,3525022.0,3525022.0,0.01784164
1781193600,3525022.0,3525022.0,3525022.0,3525022.0,0.0
1781195400,3662356.0,3662356.0,3662356.0,3662356.0,0.00566875
1781197200,3662356.0,3662356.0,3662356.0,3662356.0,0.0
1781199000,3662356.0,3662356.0,3662356.0,3662356.0,0.0
1781200800,3662356.0,3662356.0,3662356.0,3662356.0,0.0
1781202600,3662356.0,3662356.0,3662356.0,3662356.0,0.0
1781204400,3662356.0,3662356.0,3662356.0,3662356.0,0.0
1781206200,3661662.0,3662000.0,3661662.0,3662000.0,0.6286189
1781208000,3662000.0,3662000.0,3662000.0,3662000.0,0.0
1781209800,3662000.0,3662000.0,3662000.0,3662000.0,0.0
1781211600,3662000.0,3662000.0,3662000.0,3662000.0,0.0
1781213400,3662000.0,3662000.0,3662000.0,3662000.0,0.0
1781215200,3662000.0,3662000.0,3662000.0,3662000.0,0.0
1781217000,3662000.0,3757388.0,3662000.0,3757388.0,0.97826174
1781218800,3757384.0,3757384.0,3757384.0,3757384.0,0.0107101
1781220600,3526474.0,3526474.0,3526474.0,3526474.0,0.00530102
1781222400,3757368.0,3757368.0,3757368.0,3757368.0,0.00265052
1781224200,3757377.0,3757377.0,3757377.0,3757377.0,0.01593184
1781226000,3757377.0,3757377.0,3757377.0,3757377.0,0.00265051
1781227800,3757369.0,3757369.0,3757369.0,3757369.0,0.05389675
1781229600,3527244.0,3527244.0,3527244.0,3527244.0,0.00949721
1781231400,3527452.0,3527452.0,3501010.0,3501010.0,0.97826174
1781233200,3757091.0,3757091.0,3501077.0,3501077.0,0.00750385
1781235000,3757020.0,3757020.0,3757020.0,3757020.0,0.00266035
1781236800,3695958.0,3695958.0,3501181.0,3695196.0,0.02543536
1781238600,3525122.0,3525122.0,3525120.0,3525120.0,0.07213994
1781240400,3696418.0,3696418.0,3694334.0,3694334.0,0.01077994
1781242200,3525140.0,3525140.0,3525139.0,3525139.0,0.02848737
1781244000,3678867.0,3684203.0,3678832.0,3684203.0,0.0248669
1781245800,3671021.0,3671021.0,3671021.0,3671021.0,0.01327341
1781247600,3671021.0,3671021.0,3671021.0,3671021.0,0.0
1781249400,3667774.0,3694340.0,3501058.0,3694340.0,0.21361651
1781251200,3694340.0,3694340.0,3694340.0,3694340.0,0.0
1781253000,3694340.0,3694340.0,3694340.0,3694340.0,0.0
1781254800,3694340.0,3694340.0,3694340.0,3694340.0,0.0
1781256600,3501320.0,3501320.0,3501320.0,3501320.0,0.01549063
1781258400,3688464.0,3694328.0,3688464.0,3694328.0,0.01079157
1781260200,3694334.0,3694336.0,3694334.0,3694336.0,0.05312348
1781262000,3694329.0,3757022.0,3534790.0,3757018.0,0.52551705
1781263800,3534850.0,3706339.0,3534850.0,3534864.0,0.10680607
1781265600,3708085.0,3708085.0,3534567.0,3706799.0,0.42742183
1781267400,3545004.0,3545004.0,3545004.0,3545004.0,0.00815062
1781269200,3545004.0,3545004.0,3545004.0,3545004.0,0.0
1781271000,3705840.0,3705840.0,3705840.0,3705840.0,0.00268737
1781272800,3697896.0,3697896.0,3697896.0,3697896.0,0.0053863
1781274600,3705898.0,3705898.0,3695724.0,3695724.0,0.01581592
1781276400,3551088.0,3551088.0,3551088.0,3551088.0,0.0029788
1781278200,3551088.0,3551088.0,3551088.0,3551088.0,0.0
1781280000,3705644.0,3705875.0,3705644.0,3705875.0,0.02624641
1781281800,3705713.0,3705713.0,3705713.0,3705713.0,0.00373018
1781283600,3705836.0,3705836.0,3551256.0,3551256.0,0.526127
1781285400,3551256.0,3551256.0,3551256.0,3551256.0,0.0
1781287200,3705536.0,3705536.0,3551260.0,3705532.0,0.01075017
1781289000,3705532.0,3705532.0,3705532.0,3705532.0,0.0
1781290800,3551266.0,3551266.0,3551256.0,3551256.0,0.57926549
1781292600,3551256.0,3551256.0,3551256.0,3551256.0,0.0
1781294400,3551256.0,3551256.0,3551256.0,3551256.0,0.0
1781296200,3551256.0,3551256.0,3551256.0,3551256.0,0.0
1781298000,3551256.0,3551256.0,3551256.0,3551256.0,0.0
1781299800,3551256.0,3551256.0,3551256.0,3551256.0,0.0
1781301600,3705270.0,3705276.0,3705270.0,3705276.0,0.12095108
1781303400,3705276.0,3705276.0,3705276.0,3705276.0,0.0
1781305200,3705517.0,3705517.0,3705516.0,3705516.0,0.05706572
1781307000,3705516.0,3705516.0,3705516.0,3705516.0,0.0
1781308800,3705516.0,3705516.0,3705516.0,3705516.0,0.0
1781310600,3552006.0,3705572.0,3552006.0,3705572.0,0.03375748
1781312400,3685865.0,3685865.0,3683310.0,3683310.0,0.01081151
1781314200,3683310.0,3683310.0,3683310.0,3683310.0,0.0
1781316000,3560018.0,3560018.0,3560018.0,3560018.0,0.02522507
1781317800,3560018.0,3560018.0,3560018.0,3560018.0,0.0
1781319600,3560018.0,3560018.0,3560017.0,3560017.0,0.00866406
1781321400,3684928.0,3684928.0,3684928.0,3684928.0,0.01328818
1781323200,3560021.0,3600000.0,3560021.0,3600000.0,0.09975419
1781325000,3560021.0,3560021.0,3560021.0,3560021.0,0.00368522
1781326800,3599999.0,3599999.0,3599998.0,3599999.0,0.05166615
1781328600,3599999.0,3599999.0,3599999.0,3599999.0,0.0
1781330400,3599998.0,3705563.0,3599998.0,3705563.0,0.02820564
1781332200,3560032.0,3705563.0,3560032.0,3560242.0,0.06465211
1781334000,3705556.0,3705556.0,3704968.0,3704968.0,0.01134053
1781335800,3560538.0,3704968.0,3560536.0,3704968.0,0.06732237
1781337600,3560542.0,3560542.0,3560542.0,3560542.0,0.00283628
1781339400,3560542.0,3560542.0,3560542.0,3560542.0,0.0
1781341200,3699998.0,3757292.0,3699998.0,3757292.0,1.56487837
1781343000,3560554.0,3560554.0,3560552.0,3560552.0,0.04335019
1781344800,3560558.0,3560558.0,3560558.0,3560558.0,0.00668292
1781346600,3560586.0,3560586.0,3560586.0,3560586.0,0.19646978
1781348400,3757269.0,3757269.0,3757269.0,3757269.0,0.00526472
1781350200,3757224.0,3757224.0,3757224.0,3757224.0,0.0106025
1781352000,3757224.0,3757224.0,3757224.0,3757224.0,0.0
1781353800,3757043.0,3757208.0,3757006.0,3757208.0,0.07054793
1781355600,3757208.0,3757208.0,3757208.0,3757208.0,0.0
1781357400,3561092.0,3561092.0,3561066.0,3561066.0,0.70328632
1781359200,3561074.0,3754959.0,3561074.0,3561074.0,0.01991616
1781361000,3754838.0,3754838.0,3754838.0,3754838.0,0.04408126
1781362800,3754838.0,3754838.0,3754838.0,3754838.0,0.0
1781364600,3754838.0,3754838.0,3754838.0,3754838.0,0.0
1781366400,3754064.0,3754064.0,3754064.0,3754064.0,0.02614126
1781368200,3753660.0,3753660.0,3588888.0,3588888.0,0.03012084
1781370000,3588892.0,3588892.0,3588892.0,3588892.0,0.01055398
1781371800,3588892.0,3588892.0,3568900.0,3568900.0,0.26373729
1781373600,3568900.0,3568900.0,3568900.0,3568900.0,0.0
1781375400,3568910.0,3568910.0,3568910.0,3568910.0,0.01428469
1781377200,3748830.0,3748843.0,3748830.0,3748843.0,0.13282855
1781379000,3748843.0,3748843.0,3748843.0,3748843.0,0.0
1781380800,3748843.0,3748843.0,3748843.0,3748843.0,0.0
1781382600,3748843.0,3748843.0,3748843.0,3748843.0,0.0
1781384400,3672869.0,3750000.0,3672869.0,3750000.0,0.21906245
1781386200,3750000.0,3751996.0,3750000.0,3751996.0,0.00769761
1781388000,3751996.0,3751996.0,3751996.0,3751996.0,0.0
1781389800,3568917.0,3568917.0,3568913.0,3568913.0,0.16947466
1781391600,3568913.0,3568913.0,3568913.0,3568913.0,0.0
1781393400,3569122.0,3569122.0,3569122.0,3569122.0,0.00769761
1781395200,3569122.0,3569122.0,3569122.0,3569122.0,0.0
1781397000,3569122.0,3569122.0,3569122.0,3569122.0,0.0
1781398800,3569004.0,3569004.0,3569004.0,3569004.0,0.00407384
1781400600,3751946.0,3751946.0,3751946.0,3751946.0,0.00265435
1781402400,3570268.0,3570268.0,3570100.0,3570100.0,0.28763072
1781404200,3751748.0,3751748.0,3751748.0,3751748.0,0.01457214
1781406000,3748788.0,3748788.0,3748788.0,3748788.0,0.01893918
1781407800,3748788.0,3748788.0,3748788.0,3748788.0,0.0
1781409600,3748788.0,3748788.0,3748788.0,3748788.0,0.01024704
1781411400,3671600.0,3671600.0,3671600.0,3671600.0,0.00271244
1781413200,3671600.0,3671600.0,3671600.0,3671600.0,0.0
1781415000,3674122.0,3674122.0,3578902.0,3578902.0,0.01576503
1781416800,3578902.0,3578902.0,3578902.0,3578902.0,0.0
1781418600,3748760.0,3748760.0,3748760.0,3748760.0,0.00956929
1781420400,3748760.0,3748760.0,3748760.0,3748760.0,0.0
1781422200,3744996.0,3744996.0,3744996.0,3744996.0,0.01037117
1781424000,3680091.0,3702022.0,3680091.0,3702022.0,0.01172509
1781425800,3590056.0,3590056.0,3590056.0,3590056.0,0.10755397
1781427600,3590056.0,3590056.0,3590056.0,3590056.0,0.0
1781429400,3590056.0,3590056.0,3590056.0,3590056.0,0.0
1781431200,3680562.0,3748764.0,3680562.0,3748764.0,0.98653926
1781433000,3748760.0,3748760.0,3748760.0,3748760.0,0.00532629
1781434800,3748760.0,3748760.0,3748760.0,3748760.0,0.01915273
1781436600,3591428.0,3748752.0,3591428.0,3748752.0,0.01798486
1781438400,3748752.0,3748752.0,3748752.0,3748752.0,0.0
1781440200,3748512.0,3748512.0,3748512.0,3748512.0,0.00522527
1781442000,3748512.0,3748512.0,3748512.0,3748512.0,0.0
1781443800,3748722.0,3748724.0,3748722.0,3748724.0,0.01147429
1781445600,3748724.0,3748724.0,3748724.0,3748724.0,0.00300502
1781447400,3601538.0,3748700.0,3601409.0,3748700.0,0.13288719
1781449200,3748700.0,3748700.0,3748700.0,3748700.0,0.0
1781451000,3748700.0,3748700.0,3748700.0,3748700.0,0.0
1781452800,3748700.0,3748700.0,3748700.0,3748700.0,0.0
1781454600,3748700.0,3748700.0,3748700.0,3748700.0,0.0
1781456400,3748226.0,3748226.0,3748226.0,3748226.0,0.01107217
1781458200,3748220.0,3748220.0,3610052.0,3610052.0,0.01241068
1781460000,3610052.0,3610052.0,3610052.0,3610052.0,0.0
1781461800,3747864.0,3747864.0,3747864.0,3747864.0,0.00699011
1781463600,3747864.0,3747864.0,3747864.0,3747864.0,0.0
1781465400,3610072.0,3693777.0,3610000.0,3693017.0,1.59143861
1781467200,3748192.0,3748192.0,3748192.0,3748192.0,0.00398538
1781469000,3748192.0,3748192.0,3748192.0,3748192.0,0.0
1781470800,3748192.0,3748192.0,3748192.0,3748192.0,0.0
1781472600,3748192.0,3748192.0,3748192.0,3748192.0,0.0
1781474400,3748192.0,3748192.0,3748192.0,3748192.0,0.0
1781476200,3610369.0,3610369.0,3610369.0,3610369.0,0.00933506
1781478000,3747000.0,3747000.0,3747000.0,3747000.0,0.00531571
1781479800,3747000.0,3747000.0,3747000.0,3747000.0,0.0
1781481600,3746996.0,3746996.0,3746996.0,3746996.0,0.00265786
1781483400,3746996.0,3746996.0,3746996.0,3746996.0,0.0
1781485200,3730958.0,3730958.0,3730958.0,3730958.0,0.00530775
1781487000,3729996.0,3730000.0,3729996.0,3730000.0,0.13300411
1781488800,3620518.0,3730000.0,3620510.0,3730000.0,1.19760899
1781490600,3730000.0,3730000.0,3730000.0,3730000.0,0.0
1781492400,3730000.0,3730000.0,3730000.0,3730000.0,0.0
1781494200,3625607.0,3714996.0,3625603.0,3714996.0,0.12959062
1781496000,3650011.0,3700000.0,3650010.0,3700000.0,1.68598627
1781497800,3700000.0,3700000.0,3700000.0,3700000.0,0.0
1781499600,3700000.0,3700000.0,3700000.0,3700000.0,0.0
1781501400,3630021.0,3730000.0,3630021.0,3730000.0,0.03940686
1781503200,3730000.0,3730000.0,3730000.0,3730000.0,0.0
1781505000,3730000.0,3730000.0,3730000.0,3730000.0,0.0
1781506800,3730000.0,3730000.0,3730000.0,3730000.0,0.0
1781508600,3635059.0,3715000.0,3635055.0,3715000.0,1.75226411
1781510400,3714000.0,3714000.0,3714000.0,3714000.0,0.01074427
1781512200,3714000.0,3714000.0,3714000.0,3714000.0,0.0
1781514000,3713900.0,3713900.0,3713900.0,3713900.0,0.02093163
1781515800,3650025.0,3650025.0,3650025.0,3650025.0,0.00653341
1781517600,3650025.0,3650025.0,3650025.0,3650025.0,0.0
1781519400,3650025.0,3650025.0,3650025.0,3650025.0,0.0
1781521200,3699990.0,3699990.0,3699990.0,3699990.0,0.12136573
1781523000,3699986.0,3699986.0,3651054.0,3651054.0,0.04813469
1781524800,3651054.0,3651054.0,3651054.0,3651054.0,0.0
1781526600,3699000.0,3699000.0,3651504.0,3651504.0,0.03429639
1781528400,3651510.0,3698000.0,3651504.0,3698000.0,0.07673775
1781530200,3698000.0,3698000.0,3651513.0,3651513.0,0.01862417
1781532000,3651510.0,3651517.0,3651510.0,3651517.0,0.10316778
1781533800,3651517.0,3651517.0,3651517.0,3651517.0,0.0
1781535600,3699997.0,3699997.0,3699997.0,3699997.0,0.00349892
1781537400,3660000.0,3730000.0,3660000.0,3690000.0,1.84794013
1781539200,3690008.0,3690008.0,3690000.0,3690000.0,0.53702058
1781541000,3740000.0,3740000.0,3740000.0,3740000.0,0.009881
1781542800,3655082.0,3655082.0,3655072.0,3655072.0,0.10511501
1781544600,3740000.0,3740000.0,3655097.0,3655097.0,0.1586556
1781546400,3655081.0,3655081.0,3655081.0,3655081.0,0.00833831
1781548200,3655081.0,3655081.0,3651506.0,3651506.0,2.6167442
1781550000,3740000.0,3740000.0,3651510.0,3651510.0,0.01245591
1781551800,3740000.0,3740000.0,3740000.0,3740000.0,0.00285481
1781553600,3740000.0,3740000.0,3740000.0,3740000.0,0.0
1781555400,3740000.0,3740000.0,3740000.0,3740000.0,0.0
1781557200,3651514.0,3651514.0,3651514.0,3651514.0,0.01564202
1781559000,3740000.0,3798000.0,3740000.0,3798000.0,2.64934493
1781560800,3798000.0,3798000.0,3798000.0,3798000.0,0.0
1781562600,3661058.0,3661058.0,3661058.0,3661058.0,0.00298215
1781564400,3748500.0,3748500.0,3748500.0,3748500.0,0.00650473
1781566200,3774996.0,3774996.0,3774996.0,3774996.0,0.00527629
1781568000,3757611.0,3757611.0,3756307.0,3757611.0,0.53742688
1781569800,3665068.0,3666068.0,3665068.0,3666068.0,0.23938804
1781571600,3743199.0,3743199.0,3743199.0,3743199.0,0.04059549
1781573400,3743199.0,3743199.0,3743199.0,3743199.0,0.0
1781575200,3666079.0,3666079.0,3666079.0,3666079.0,0.00300457
1781577000,3666079.0,3666079.0,3666079.0,3666079.0,0.0
1781578800,3743080.0,3743080.0,3739063.0,3739063.0,0.00538464
1781580600,3769900.0,3769900.0,3769900.0,3769900.0,0.07869996
1781582400,3769890.0,3769890.0,3769890.0,3769890.0,0.03745149
1781584200,3769881.0,3769881.0,3769881.0,3769881.0,0.00299213
1781586000,3739063.0,3765000.0,3670018.0,3764996.0,0.04924283
1781587800,3764996.0,3764996.0,3764996.0,3764996.0,0.0
1781589600,3764996.0,3764996.0,3764996.0,3764996.0,0.0
1781591400,3764996.0,3764996.0,3764996.0,3764996.0,0.0
1781593200,3759992.0,3759992.0,3759992.0,3759992.0,0.02205083
1781595000,3759992.0,3759992.0,3759992.0,3759992.0,0.0
1781596800,3750000.0,3750000.0,3750000.0,3750000.0,0.2661048
1781598600,3700000.0,3700000.0,3700000.0,3700000.0,0.23936783
1781600400,3675013.0,3675013.0,3675000.0,3675004.0,0.57487906
1781602200,3675004.0,3675004.0,3675004.0,3675004.0,0.00654347
1781604000,3749996.0,3749996.0,3749996.0,3749996.0,0.00398347
1781605800,3749996.0,3750000.0,3675004.0,3750000.0,0.01871933
1781607600,3675004.0,3675004.0,3675004.0,3675004.0,0.05385969
1781609400,3680032.0,3760000.0,3680028.0,3681029.0,0.14242869
1781611200,3681055.0,3755000.0,3681054.0,3755000.0,0.03999625
1781613000,3748419.0,3748419.0,3675008.0,3690004.0,0.03174433
1781614800,3690004.0,3690004.0,3690004.0,3690004.0,0.0
1781616600,3722203.0,3722203.0,3722203.0,3722203.0,0.01372735
1781618400,3721648.0,3722203.0,3721648.0,3722199.0,0.08739317
1781620200,3715000.0,3715000.0,3715000.0,3715000.0,0.00268075
1781622000,3714000.0,3714000.0,3714000.0,3714000.0,0.11664457
1781623800,3714000.0,3714000.0,3714000.0,3714000.0,0.0
1781625600,3710000.0,3710000.0,3710000.0,3710000.0,0.01401617
1781627400,3714000.0,3714000.0,3714000.0,3714000.0,0.01238826
1781629200,3690019.0,3690019.0,3690019.0,3690019.0,0.00349892
1781631000,3690019.0,3690019.0,3675004.0,3675004.0,0.13369392
1781632800,3710000.0,3710000.0,3675008.0,3675008.0,0.01115349
1781634600,3675008.0,3675008.0,3675008.0,3675008.0,0.0
1781636400,3675008.0,3675008.0,3675008.0,3675008.0,0.0
1781638200,3675008.0,3675008.0,3675008.0,3675008.0,0.0
1781640000,3709996.0,3709996.0,3670014.0,3670018.0,0.12424852
1781641800,3709996.0,3800000.0,3709996.0,3800000.0,3.3027996
1781643600,3670018.0,3670018.0,3670018.0,3670018.0,0.01264139
1781645400,3670018.0,3670018.0,3670018.0,3670018.0,0.0
1781647200,3799996.0,3799996.0,3799996.0,3799996.0,0.0470832
1781649000,3799996.0,3799996.0,3799996.0,3799996.0,0.00262079
1781650800,3670204.0,3799996.0,3670204.0,3799996.0,0.04195714
1781652600,3799996.0,3799996.0,3799996.0,3799996.0,0.0
1781654400,3799996.0,3799996.0,3799996.0,3799996.0,0.0
1781656200,3799996.0,3799996.0,3799996.0,3799996.0,0.0
1781658000,3804821.0,3806092.0,3804821.0,3806092.0,0.02622463
1781659800,3806092.0,3806092.0,3806092.0,3806092.0,0.0
1781661600,3806092.0,3806092.0,3806092.0,3806092.0,0.0
1781663400,3806077.0,3980000.0,3670232.0,3670232.0,2.54708034
1781665200,3670254.0,3979992.0,3670254.0,3979992.0,0.00759263
1781667000,3979992.0,3979995.0,3979992.0,3979995.0,0.02003293
1781668800,3670402.0,3670402.0,3670335.0,3670335.0,0.27928929
1781670600,3969944.0,3969944.0,3670472.0,3870509.0,0.12196536
1781672400,3969982.0,3969982.0,3969982.0,3969982.0,0.00250857
1781674200,3969968.0,3969968.0,3969968.0,3969968.0,0.00250858
1781676000,3969968.0,3969968.0,3969968.0,3969968.0,0.0
1781677800,3870822.0,3870822.0,3770758.0,3770758.0,0.1705681
1781679600,3770758.0,3770758.0,3670745.0,3670745.0,0.01741006
1781681400,3670745.0,3670745.0,3670745.0,3670745.0,0.0
1781683200,3670745.0,3670745.0,3670745.0,3670745.0,0.0
1781685000,3670745.0,3670745.0,3670745.0,3670745.0,0.0
1781686800,3958626.0,3958626.0,3670768.0,3670768.0,0.02207763
1781688600,3958436.0,3958438.0,3958436.0,3958438.0,0.12604619
1781690400,3958426.0,3958430.0,3958426.0,3958430.0,0.16580675
1781692200,3671228.0,3671342.0,3671228.0,3671334.0,0.14343465
1781694000,3671334.0,3671334.0,3671334.0,3671334.0,0.0
1781695800,3672696.0,3672710.0,3672696.0,3672710.0,0.01930428
1781697600,3672719.0,3672719.0,3672715.0,3672715.0,0.87348421
1781699400,3672715.0,3672715.0,3672715.0,3672715.0,0.0
1781701200,3672715.0,3672715.0,3672715.0,3672715.0,0.0
1781703000,3957532.0,3957532.0,3957512.0,3957514.0,0.13211085
1781704800,3948000.0,3948000.0,3672868.0,3929910.0,0.07157452
1781706600,3899968.0,3899968.0,3675000.0,3675000.0,0.25065263
1781708400,3851110.0,3851110.0,3676000.0,3676000.0,0.14782706
1781710200,3899802.0,3899802.0,3676003.0,3676003.0,0.01222249
1781712000,3676003.0,3676003.0,3676003.0,3676003.0,0.0
1781713800,3676008.0,3676008.0,3676007.0,3676007.0,0.12373114
1781715600,3899640.0,3899642.0,3676007.0,3899642.0,0.05375598
1781717400,3678002.0,3678002.0,3678000.0,3678000.0,0.55400346
1781719200,3678000.0,3678000.0,3672706.0,3672706.0,0.81820544
1781721000,3672706.0,3672706.0,3672706.0,3672706.0,0.0
1781722800,3672706.0,3672706.0,3672706.0,3672706.0,0.0
1781724600,3672708.0,3672708.0,3672706.0,3672706.0,0.49901424
1781726400,3672706.0,3672706.0,3672706.0,3672706.0,0.01714696
1781728200,3672706.0,3672706.0,3672706.0,3672706.0,0.0
1781730000,3672706.0,3672706.0,3672706.0,3672706.0,0.0
1781731800,3898768.0,3898768.0,3898768.0,3898768.0,0.00383146
1781733600,3898768.0,3898768.0,3898768.0,3898768.0,0.0
1781735400,3896940.0,3896940.0,3896916.0,3896916.0,0.00705555
1781737200,3896886.0,3896886.0,3896886.0,3896886.0,0.00485567
1781739000,3896886.0,3896886.0,3896886.0,3896886.0,0.0
1781740800,3700006.0,3700006.0,3700004.0,3700004.0,0.02566383
1781742600,3700004.0,3700004.0,3700004.0,3700004.0,0.0
1781744400,3700004.0,3700004.0,3700004.0,3700004.0,0.0
1781746200,3896374.0,3896374.0,3896374.0,3896374.0,0.00269943
1781748000,3896142.0,3896188.0,3700010.0,3896188.0,0.10704487
1781749800,3896188.0,3896188.0,3700015.0,3700015.0,0.12937502
1781751600,3700015.0,3700015.0,3700015.0,3700015.0,0.0
1781753400,3700015.0,3700015.0,3700015.0,3700015.0,0.0
1781755200,3700015.0,3700015.0,3700015.0,3700015.0,0.0
1781757000,3700024.0,3700024.0,3700010.0,3700010.0,0.07437031
1781758800,3895816.0,3895816.0,3700010.0,3700010.0,0.01511182
1781760600,3700010.0,3700010.0,3700010.0,3700010.0,0.0
1781762400,3700010.0,3700010.0,3700010.0,3700010.0,0.0
1781764200,3700080.0,3850000.0,3700080.0,3850000.0,0.16013083
1781766000,3850000.0,3850000.0,3850000.0,3850000.0,0.0
1781767800,3845000.0,3845000.0,3700017.0,3700017.0,0.07125265
1781769600,3839998.0,3839998.0,3839998.0,3839998.0,0.0038901
1781771400,3839998.0,3839998.0,3839998.0,3839998.0,0.0038901
1781773200,3839998.0,3839998.0,3672712.0,3672712.0,0.12218788
1781775000,3672712.0,3672712.0,3672712.0,3672712.0,0.0
1781776800,3838998.0,3839000.0,3672750.0,3672750.0,0.09828109
1781778600,3672750.0,3672750.0,3672750.0,3672750.0,0.0
1781780400,3672750.0,3672750.0,3672750.0,3672750.0,0.0
1781782200,3672754.0,3672754.0,3672754.0,3672754.0,0.00621755
1781784000,3672754.0,3672754.0,3672754.0,3672754.0,0.0
1781785800,3672754.0,3672754.0,3672750.0,3672750.0,0.12311027
1781787600,3829998.0,3836985.0,3829998.0,3836985.0,0.29593968
1781789400,3836980.0,3836980.0,3836980.0,3836980.0,0.0519153
1781791200,3836980.0,3836980.0,3836980.0,3836980.0,0.0
1781793000,3835992.0,3835996.0,3835987.0,3835996.0,0.26773079
1781794800,3835992.0,3835992.0,3835992.0,3835992.0,0.00908656
1781796600,3835992.0,3835992.0,3677527.0,3835990.0,0.06017781
1781798400,3835990.0,3835990.0,3677560.0,3677560.0,0.01711776
1781800200,3707315.0,3783026.0,3707315.0,3783026.0,0.00700043
1781802000,3677531.0,3677531.0,3677531.0,3677531.0,0.00593693
1781803800,3677531.0,3677531.0,3677531.0,3677531.0,0.0
1781805600,3677531.0,3677531.0,3677531.0,3677531.0,0.0
1781807400,3677531.0,3677531.0,3677531.0,3677531.0,0.0
1781809200,3677531.0,3677531.0,3677531.0,3677531.0,0.0
1781811000,3677531.0,3677531.0,3677531.0,3677531.0,0.0
1781812800,3677531.0,3677531.0,3677531.0,3677531.0,0.0
1781814600,3677531.0,3677531.0,3677531.0,3677531.0,0.0
1781816400,3783026.0,3836970.0,3783026.0,3836970.0,0.70223021
1781818200,3836970.0,3836970.0,3836970.0,3836970.0,0.0
1781820000,3677820.0,3677820.0,3677820.0,3677820.0,0.00323502
1781821800,3677910.0,3836968.0,3677902.0,3836968.0,0.13623457
1781823600,3677904.0,3687004.0,3677902.0,3687004.0,0.01153699
1781825400,3787009.0,3787009.0,3787009.0,3787009.0,0.00878318
1781827200,3835666.0,3835666.0,3742022.0,3742022.0,0.00836969
1781829000,3742022.0,3742022.0,3742022.0,3742022.0,0.0
1781830800,3835512.0,3835512.0,3835512.0,3835512.0,0.00289948
1781832600,3742022.0,3742022.0,3688101.0,3688101.0,0.1299716
1781834400,3688101.0,3688101.0,3675000.0,3675000.0,0.28293802
1781836200,3835458.0,3835472.0,3835458.0,3835472.0,0.16616742
1781838000,3835464.0,3835464.0,3835460.0,3835460.0,0.04259655
1781839800,3835460.0,3835460.0,3835460.0,3835460.0,0.0
1781841600,3835460.0,3835460.0,3835460.0,3835460.0,0.0
1781843400,3835460.0,3835460.0,3835460.0,3835460.0,0.0
1781845200,3835460.0,3835460.0,3835460.0,3835460.0,0.0
1781847000,3835460.0,3835460.0,3835460.0,3835460.0,0.0
1781848800,3829995.0,3829995.0,3829995.0,3829995.0,0.00522428
1781850600,3829995.0,3829995.0,3829995.0,3829995.0,0.0
1781852400,3675446.0,3675446.0,3675446.0,3675446.0,0.00328665
1781854200,3829978.0,3829981.0,3829978.0,3829981.0,0.01286585
1781856000,3675700.0,3829985.0,3675700.0,3829985.0,0.17307938
1781857800,3829985.0,3829985.0,3829985.0,3829985.0,0.0
1781859600,3829985.0,3829985.0,3829985.0,3829985.0,0.0
1781861400,3829985.0,3829985.0,3829985.0,3829985.0,0.0
1781863200,3675896.0,3829960.0,3675896.0,3829960.0,0.02196742
1781865000,3829960.0,3829960.0,3829960.0,3829960.0,0.0
1781866800,3829956.0,3829958.0,3829956.0,3829958.0,0.01466621
1781868600,3675898.0,3675898.0,3675898.0,3675898.0,0.00754055
1781870400,3675898.0,3829958.0,3675000.0,3829950.0,1.51529115
1781872200,3829950.0,3829950.0,3829950.0,3829950.0,0.0
1781874000,3829950.0,3829950.0,3829950.0,3829950.0,0.0
1781875800,3829941.0,3829941.0,3829941.0,3829941.0,0.02752287
1781877600,3829941.0,3829941.0,3829941.0,3829941.0,0.0
1781879400,3829936.0,3829936.0,3695401.0,3695401.0,0.2762201
1781881200,3695401.0,3695401.0,3695401.0,3695401.0,0.0
1781883000,3829904.0,3829936.0,3829904.0,3829936.0,1.17322665
1781884800,3696112.0,3696112.0,3675000.0,3675000.0,1.68292639
1781886600,3675000.0,3675000.0,3675000.0,3675000.0,0.0
1781888400,3675000.0,3675000.0,3675000.0,3675000.0,0.0
1781890200,3675000.0,3675000.0,3675000.0,3675000.0,0.0
1781892000,3676226.0,3676226.0,3676224.0,3676224.0,0.14037632
1781893800,3676224.0,3676224.0,3676224.0,3676224.0,0.0
1781895600,3676114.0,3676114.0,3676114.0,3676114.0,0.00553619
1781897400,3829818.0,3829818.0,3829818.0,3829818.0,0.02692242
1781899200,3829794.0,3829794.0,3829786.0,3829786.0,0.02078911
1781901000,3829688.0,3829690.0,3829688.0,3829690.0,0.0520097
1781902800,3829690.0,3829690.0,3829690.0,3829690.0,0.0
1781904600,3829690.0,3829690.0,3829690.0,3829690.0,0.0
1781906400,3829690.0,3829690.0,3829690.0,3829690.0,0.0
1781908200,3829690.0,3829690.0,3829690.0,3829690.0,0.0
1781910000,3829690.0,3829690.0,3829690.0,3829690.0,0.0
1781911800,3676280.0,3676280.0,3676280.0,3676280.0,0.01249022
1781913600,3724974.0,3766114.0,3676126.0,3766114.0,0.01939445
1781915400,3736114.0,3824977.0,3736114.0,3824977.0,0.05237213
1781917200,3776152.0,3776152.0,3776152.0,3776152.0,0.01262555
1781919000,3776152.0,3776152.0,3776152.0,3776152.0,0.0
1781920800,3736127.0,3736127.0,3726126.0,3726126.0,0.05042341
1781922600,3726126.0,3726126.0,3726126.0,3726126.0,0.0
1781924400,3726126.0,3726126.0,3726126.0,3726126.0,0.0
1781926200,3737002.0,3737002.0,3737002.0,3737002.0,0.01275782
1781928000,3737002.0,3737002.0,3737002.0,3737002.0,0.0
1781929800,3737002.0,3737002.0,3737002.0,3737002.0,0.0
1781931600,3727006.0,3733006.0,3727006.0,3733006.0,0.01318778
1781933400,3733006.0,3733006.0,3733006.0,3733006.0,0.0
1781935200,3824959.0,3824959.0,3824959.0,3824959.0,0.00397729
1781937000,3824959.0,3824959.0,3824959.0,3824959.0,0.0
1781938800,3824959.0,3824959.0,3824959.0,3824959.0,0.0
1781940600,3824958.0,3824958.0,3824958.0,3824958.0,0.05738597
1781942400,3824958.0,3824958.0,3824958.0,3824958.0,0.0
1781944200,3727007.0,3727007.0,3727007.0,3727007.0,0.05603864
1781946000,3727007.0,3727007.0,3727007.0,3727007.0,0.02692242
1781947800,3727007.0,3727007.0,3727007.0,3727007.0,0.0
1781949600,3727007.0,3727007.0,3727007.0,3727007.0,0.0
1781951400,3822999.0,3822999.0,3822999.0,3822999.0,0.00506905
1781953200,3727007.0,3727007.0,3727007.0,3727007.0,0.01052771
1781955000,3822994.0,3822994.0,3822994.0,3822994.0,0.00547424
1781956800,3727007.0,3822994.0,3727007.0,3822994.0,0.00807884
1781958600,3822994.0,3822994.0,3822994.0,3822994.0,0.00287026
1781960400,3822990.0,3822990.0,3822990.0,3822990.0,0.00260502
1781962200,3822989.0,3822989.0,3822989.0,3822989.0,0.00652552
1781964000,3822989.0,3822989.0,3822989.0,3822989.0,0.0
1781965800,3822984.0,3822984.0,3727012.0,3727012.0,0.00943669
1781967600,3822984.0,3822984.0,3727012.0,3727012.0,0.06530897
1781969400,3727012.0,3727012.0,3727012.0,3727012.0,0.0
1781971200,3727012.0,3727012.0,3727012.0,3727012.0,0.0
1781973000,3727012.0,3727012.0,3727012.0,3727012.0,0.0
1781974800,3727012.0,3727012.0,3727012.0,3727012.0,0.0
1781976600,3819998.0,3819998.0,3727012.0,3727012.0,0.07604319
1781978400,3727012.0,3727012.0,3727012.0,3727012.0,0.0
1781980200,3819998.0,3819998.0,3819998.0,3819998.0,0.0032411
1781982000,3819998.0,3819999.0,3819998.0,3819999.0,0.03649895
1781983800,3819999.0,3819999.0,3819999.0,3819999.0,0.0
1781985600,3819999.0,3819999.0,3819999.0,3819999.0,0.00647199
1781987400,3819999.0,3819999.0,3819999.0,3819999.0,0.0
1781989200,3819999.0,3819999.0,3819999.0,3819999.0,0.0
1781991000,3727012.0,3727012.0,3727012.0,3727012.0,0.00647199
1781992800,3727012.0,3727012.0,3727012.0,3727012.0,0.0
1781994600,3727012.0,3727012.0,3727012.0,3727012.0,0.0032411
1781996400,3727012.0,3727012.0,3727012.0,3727012.0,0.0
1781998200,3727012.0,3727012.0,3727012.0,3727012.0,0.02694437
1782000000,3727012.0,3727012.0,3727012.0,3727012.0,0.0
1782001800,3814999.0,3814999.0,3727012.0,3727012.0,0.04235663
1782003600,3727012.0,3727012.0,3727011.0,3727011.0,0.06744711
1782005400,3727011.0,3727011.0,3727011.0,3727011.0,0.0
1782007200,3727012.0,3727012.0,3727012.0,3727012.0,0.01500285
1782009000,3814993.0,3814993.0,3814993.0,3814993.0,0.03588578
1782010800,3727012.0,3727012.0,3727011.0,3727011.0,0.03588578
1782012600,3727016.0,3727016.0,3727011.0,3727011.0,0.29639091
1782014400,3727011.0,3814988.0,3727011.0,3814988.0,0.03494121
1782016200,3814988.0,3814988.0,3814988.0,3814988.0,0.0
1782018000,3809999.0,3809999.0,3809999.0,3809999.0,0.17303888
1782019800,3809999.0,3829685.0,3809999.0,3829685.0,2.61054601
1782021600,3829685.0,3829685.0,3829685.0,3829685.0,0.0121271
1782023400,3829685.0,3829685.0,3829685.0,3829685.0,0.0
1782025200,3829684.0,3829684.0,3829684.0,3829684.0,0.00379117
1782027000,3829684.0,3829684.0,3829684.0,3829684.0,0.0
1782028800,3750202.0,3750202.0,3750202.0,3750202.0,0.02835343
1782030600,3750202.0,3750202.0,3750202.0,3750202.0,0.0
1782032400,3750202.0,3750202.0,3727503.0,3727503.0,0.06050421
1782034200,3829684.0,3829684.0,3727503.0,3727503.0,0.03906664
1782036000,3829684.0,3850000.0,3727500.0,3850000.0,0.97362085
1782037800,3840000.0,3840000.0,3840000.0,3840000.0,0.06642968
1782039600,3730000.0,3730000.0,3728000.0,3730000.0,0.20048845
1782041400,3835000.0,3835000.0,3730010.0,3730010.0,0.3007554
1782043200,3834899.0,3834899.0,3834899.0,3834899.0,0.00803097
1782045000,3730112.0,3834899.0,3730112.0,3834899.0,0.28609712
1782046800,3834899.0,3834899.0,3834899.0,3834899.0,0.01298469
1782048600,3730112.0,3834899.0,3730112.0,3834899.0,0.01573234
1782050400,3730500.0,3730500.0,3730112.0,3730112.0,0.01100586
1782052200,3830000.0,3834899.0,3730112.0,3730112.0,0.05439759
1782054000,3730112.0,3730112.0,3730112.0,3730112.0,0.0
1782055800,3830000.0,3830000.0,3830000.0,3830000.0,0.0637953
1782057600,3730501.0,3730501.0,3730501.0,3730501.0,0.00659518
1782059400,3730501.0,3730501.0,3730501.0,3730501.0,0.0
1782061200,3730501.0,3730501.0,3730501.0,3730501.0,0.01466443
1782063000,3730501.0,3730501.0,3730501.0,3730501.0,0.0
1782064800,3730501.0,3730501.0,3730501.0,3730501.0,0.0
1782066600,3730501.0,3730501.0,3730501.0,3730501.0,0.0
1782068400,3730501.0,3730501.0,3730501.0,3730501.0,0.0
1782070200,3730501.0,3730501.0,3730501.0,3730501.0,0.0
1782072000,3730501.0,3730501.0,3730501.0,3730501.0,0.0
1782073800,3829998.0,3829998.0,3829998.0,3829998.0,0.02065692
1782075600,3829998.0,3829998.0,3829998.0,3829998.0,0.0
1782077400,3829998.0,3829998.0,3829998.0,3829998.0,0.0
1782079200,3824000.0,3824000.0,3824000.0,3824000.0,0.00300941
1782081000,3824000.0,3824000.0,3824000.0,3824000.0,0.0
1782082800,3824000.0,3824000.0,3824000.0,3824000.0,0.0
1782084600,3824000.0,3824000.0,3824000.0,3824000.0,0.0
1782086400,3824000.0,3824000.0,3824000.0,3824000.0,0.0
1782088200,3823989.0,3823989.0,3823989.0,3823989.0,0.00480519
1782090000,3731001.0,3731001.0,3731001.0,3731001.0,0.00442437
1782091800,3823984.0,3823984.0,3823980.0,3823980.0,0.00869198
1782093600,3823980.0,3823980.0,3823980.0,3823980.0,0.0
1782095400,3731100.0,3823976.0,3731100.0,3823976.0,0.16463334
1782097200,3823972.0,3823972.0,3823972.0,3823972.0,0.01380397
1782099000,3731110.0,3731115.0,3731110.0,3731115.0,0.00783061
1782100800,3731116.0,3731116.0,3731116.0,3731116.0,0.06050422
1782102600,3731116.0,3731116.0,3731116.0,3731116.0,0.0
1782104400,3731116.0,3731116.0,3731116.0,3731116.0,0.0
1782106200,3823967.0,3823967.0,3731501.0,3731501.0,0.11595397
1782108000,3731505.0,3731505.0,3731501.0,3731501.0,0.81464459
1782109800,3823960.0,3823960.0,3823960.0,3823960.0,0.25861593
1782111600,3823959.0,3823959.0,3823959.0,3823959.0,0.01071298
1782113400,3823959.0,3823959.0,3823959.0,3823959.0,0.0
1782115200,3731501.0,3823959.0,3731501.0,3823959.0,0.03969521
1782117000,3823959.0,3823959.0,3823959.0,3823959.0,0.0
1782118800,3731501.0,3731501.0,3731501.0,3731501.0,0.00829889
1782120600,3731501.0,3731501.0,3731501.0,3731501.0,0.00486609
1782122400,3731501.0,3731501.0,3731501.0,3731501.0,0.0
1782124200,3731501.0,3731501.0,3731501.0,3731501.0,0.0
1782126000,3731501.0,3731501.0,3731501.0,3731501.0,0.0
1782127800,3731507.0,3731507.0,3731507.0,3731507.0,0.00299213
1782129600,3799999.0,3823953.0,3799999.0,3823953.0,0.21452552
1782131400,3823953.0,3823953.0,3823953.0,3823953.0,0.0
1782133200,3731520.0,3731520.0,3731520.0,3731520.0,0.05572646
1782135000,3823950.0,3823950.0,3823950.0,3823950.0,0.01215706
1782136800,3823946.0,3823946.0,3732243.0,3732243.0,0.01129638
1782138600,3800825.0,3823946.0,3800825.0,3823946.0,0.00925529
1782140400,3823946.0,3823946.0,3823946.0,3823946.0,0.0
1782142200,3732554.0,3732554.0,3732554.0,3732554.0,0.02695848
1782144000,3732554.0,3732554.0,3732554.0,3732554.0,0.0
1782145800,3823940.0,3823940.0,3823940.0,3823940.0,0.00781314
1782147600,3823940.0,3823940.0,3732554.0,3732554.0,0.12039928
1782149400,3732554.0,3732554.0,3732554.0,3732554.0,0.0
1782151200,3732554.0,3732554.0,3732554.0,3732554.0,0.0
1782153000,3732554.0,3732554.0,3732554.0,3732554.0,0.0
1782154800,3732554.0,3732554.0,3732554.0,3732554.0,0.0
1782156600,3732554.0,3732554.0,3732554.0,3732554.0,0.0
1782158400,3732554.0,3732554.0,3732554.0,3732554.0,0.0
1782160200,3732554.0,3732554.0,3732554.0,3732554.0,0.0
1782162000,3732554.0,3732554.0,3732554.0,3732554.0,0.0
1782163800,3732554.0,3732554.0,3732554.0,3732554.0,0.0
1782165600,3732554.0,3732554.0,3732554.0,3732554.0,0.0
1782167400,3732554.0,3732554.0,3732554.0,3732554.0,0.0
1782169200,3823930.0,3823930.0,3823930.0,3823930.0,0.00260438
1782171000,3823930.0,3823930.0,3823930.0,3823930.0,0.0
1782172800,3823930.0,3823930.0,3823930.0,3823930.0,0.0
1782174600,3823921.0,3823926.0,3823921.0,3823926.0,0.65704863
1782176400,3823926.0,3823926.0,3823922.0,3823922.0,0.02864833
1782178200,3823922.0,3823922.0,3823922.0,3823922.0,0.0
1782180000,3823922.0,3823922.0,3823922.0,3823922.0,0.0
1782181800,3823922.0,3823922.0,3823922.0,3823922.0,0.0
1782183600,3823920.0,3823920.0,3700000.0,3700000.0,1.48428372
1782185400,3820000.0,3820000.0,3820000.0,3820000.0,0.00651753
1782187200,3820000.0,3823909.0,3820000.0,3823909.0,0.00520897
1782189000,3823909.0,3823909.0,3823909.0,3823909.0,0.0
1782190800,3823909.0,3823909.0,3823909.0,3823909.0,0.0
1782192600,3823909.0,3823909.0,3823909.0,3823909.0,0.0
1782194400,3823905.0,3823905.0,3823905.0,3823905.0,0.00391223
1782196200,3823900.0,3823900.0,3700001.0,3700001.0,1.00670119
1782198000,3820000.0,3820000.0,3672693.0,3672693.0,0.4029837
1782199800,3672693.0,3672693.0,3672693.0,3672693.0,0.0
1782201600,3672696.0,3823895.0,3672694.0,3672694.0,0.39489034
1782203400,3672694.0,3672694.0,3672694.0,3672694.0,0.0
1782205200,3823892.0,3850000.0,3672694.0,3850000.0,1.53243087
1782207000,3850000.0,3850000.0,3850000.0,3850000.0,0.0
1782208800,3839998.0,3850000.0,3675002.0,3675002.0,0.27385701
1782210600,3849998.0,3849998.0,3849998.0,3849998.0,0.01269688
1782212400,3849998.0,3849998.0,3849998.0,3849998.0,0.0
1782214200,3680002.0,3680002.0,3672698.0,3672698.0,0.05079472
1782216000,3839998.0,3839998.0,3839998.0,3839998.0,0.00370781
1782217800,3672712.0,3672712.0,3672710.0,3672710.0,0.00400412
1782219600,3829998.0,3829998.0,3829998.0,3829998.0,0.0050718
1782221400,3673002.0,3824992.0,3666079.0,3824992.0,1.4446242
1782223200,3824992.0,3824992.0,3824992.0,3824992.0,0.0
1782225000,3824992.0,3824992.0,3824992.0,3824992.0,0.0
1782226800,3666080.0,3666080.0,3661124.0,3661124.0,0.45405757
1782228600,3824986.0,3824986.0,3824986.0,3824986.0,0.00637884
1782230400,3824986.0,3824986.0,3824986.0,3824986.0,0.0
1782232200,3824986.0,3824986.0,3824986.0,3824986.0,0.0
1782234000,3824964.0,3824964.0,3824964.0,3824964.0,0.00376866
1782235800,3661126.0,3661126.0,3648311.0,3648311.0,0.01821983
1782237600,3824958.0,3824958.0,3824958.0,3824958.0,0.00413939
1782239400,3640002.0,3640002.0,3640001.0,3640001.0,0.00469944
1782241200,3640001.0,3640001.0,3640001.0,3640001.0,0.0
1782243000,3640001.0,3640001.0,3640001.0,3640001.0,0.0
1782244800,3640001.0,3640001.0,3640001.0,3640001.0,0.0
1782246600,3640001.0,3640001.0,3640001.0,3640001.0,0.0
1782248400,3640001.0,3640001.0,3640001.0,3640001.0,0.0
1782250200,3640001.0,3640001.0,3640001.0,3640001.0,0.0
1782252000,3640001.0,3640001.0,3640001.0,3640001.0,0.0
1782253800,3640002.0,3640002.0,3640002.0,3640002.0,0.00469944
1782255600,3640002.0,3640002.0,3640002.0,3640002.0,0.0
1782257400,3824958.0,3824958.0,3824958.0,3824958.0,0.0039054
1782259200,3824958.0,3824958.0,3824958.0,3824958.0,0.0
1782261000,3824958.0,3824958.0,3824958.0,3824958.0,0.0
1782262800,3824948.0,3824950.0,3824948.0,3824950.0,0.27566557
1782264600,3824950.0,3824950.0,3824950.0,3824950.0,0.0
1782266400,3641004.0,3641004.0,3641004.0,3641004.0,0.0083698
1782268200,3641004.0,3641004.0,3641003.0,3641003.0,0.02255468
1782270000,3641003.0,3641003.0,3641003.0,3641003.0,0.0
1782271800,3646001.0,3646001.0,3646001.0,3646001.0,0.00324547
1782273600,3646001.0,3646001.0,3646001.0,3646001.0,0.0
1782275400,3646001.0,3646001.0,3646001.0,3646001.0,0.0
1782277200,3646001.0,3646001.0,3646000.0,3646000.0,0.60900413
1782279000,3646000.0,3646000.0,3646000.0,3646000.0,0.0
1782280800,3646000.0,3646000.0,3646000.0,3646000.0,0.0
1782282600,3646000.0,3646000.0,3646000.0,3646000.0,0.0
1782284400,3646000.0,3646000.0,3646000.0,3646000.0,0.01328321
1782286200,3724844.0,3724844.0,3724844.0,3724844.0,0.00267366
1782288000,3646002.0,3824496.0,3646000.0,3646000.0,0.66347491
1782289800,3646000.0,3646000.0,3646000.0,3646000.0,0.0
1782291600,3819996.0,3819996.0,3819996.0,3819996.0,0.00567173
1782293400,3819996.0,3819996.0,3819996.0,3819996.0,0.0
1782295200,3819996.0,3819996.0,3819996.0,3819996.0,0.0
1782297000,3809986.0,3809986.0,3809986.0,3809986.0,0.00576012
1782298800,3809986.0,3809986.0,3809986.0,3809986.0,0.0
1782300600,3650002.0,3650002.0,3646001.0,3646001.0,0.06474688
1782302400,3646001.0,3799998.0,3646000.0,3799998.0,0.22690768
1782304200,3799998.0,3799998.0,3799998.0,3799998.0,0.0
1782306000,3770000.0,3799999.0,3650002.0,3650002.0,1.25532551
1782307800,3651003.0,3651003.0,3651003.0,3651003.0,0.00586255
1782309600,3651004.0,3651004.0,3651003.0,3651003.0,0.14820772
1782311400,3651003.0,3651003.0,3651003.0,3651003.0,0.0
1782313200,3651003.0,3651003.0,3651003.0,3651003.0,0.0
1782315000,3651003.0,3651003.0,3651003.0,3651003.0,0.0
1782316800,3652002.0,3797992.0,3652002.0,3797992.0,0.02895719
1782318600,3797992.0,3797992.0,3797992.0,3797992.0,0.0
1782320400,3797992.0,3797992.0,3797992.0,3797992.0,0.0
1782322200,3797992.0,3797992.0,3797992.0,3797992.0,0.0
1782324000,3652004.0,3652004.0,3642000.0,3642000.0,1.339431
1782325800,3642000.0,3642000.0,3642000.0,3642000.0,0.0
1782327600,3797992.0,3797995.0,3797992.0,3797995.0,0.05244374
1782329400,3797992.0,3797995.0,3797992.0,3797995.0,0.00670643
1782331200,3797995.0,3797995.0,3797995.0,3797995.0,0.0
1782333000,3797995.0,3797995.0,3797995.0,3797995.0,0.0
1782334800,3797995.0,3797995.0,3797995.0,3797995.0,0.0
1782336600,3797991.0,3797991.0,3797991.0,3797991.0,0.01156479
1782338400,3797991.0,3797991.0,3797991.0,3797991.0,0.0
1782340200,3797991.0,3797991.0,3797991.0,3797991.0,0.0
1782342000,3797991.0,3797991.0,3797991.0,3797991.0,0.0
1782343800,3645000.0,3645010.0,3452666.0,3452666.0,3.44112778
1782345600,3452666.0,3452666.0,3452666.0,3452666.0,0.0
1782347400,3653501.0,3653501.0,3653501.0,3653501.0,0.0130494
1782349200,3653501.0,3653501.0,3653501.0,3653501.0,0.0
1782351000,3653501.0,3653501.0,3653501.0,3653501.0,0.0
1782352800,3555000.0,3649994.0,3454866.0,3595037.0,0.0868789
1782354600,3455030.0,3649986.0,3455030.0,3649986.0,1.19264824
1782356400,3649986.0,3649986.0,3649986.0,3649986.0,0.0
1782358200,3460815.0,3469929.0,3460815.0,3469929.0,0.07047501
1782360000,3487278.0,3505364.0,3487278.0,3505364.0,0.00713166
1782361800,3505364.0,3505364.0,3505364.0,3505364.0,2.719e-05
1782363600,3522890.0,3522890.0,3522890.0,3522890.0,0.00425787
1782365400,3522890.0,3522890.0,3522890.0,3522890.0,0.0
1782367200,3522890.0,3522890.0,3522890.0,3522890.0,0.0
1782369000,3540800.0,3700000.0,3540800.0,3700000.0,1.02072522
1782370800,3700000.0,3700000.0,3700000.0,3700000.0,0.0
1782372600,3700000.0,3700000.0,3700000.0,3700000.0,0.0
1782374400,3511388.0,3699996.0,3511388.0,3511442.0,0.01730035
1782376200,3511638.0,3511638.0,3511638.0,3511638.0,0.0179281
1782378000,3511638.0,3511638.0,3511638.0,3511638.0,0.0
1782379800,3511638.0,3511638.0,3511638.0,3511638.0,0.0
1782381600,3699986.0,3700000.0,3699986.0,3700000.0,0.26727996
1782383400,3700000.0,3700000.0,3700000.0,3700000.0,0.0
1782385200,3700000.0,3700000.0,3700000.0,3700000.0,0.01508891
1782387000,3700000.0,3700000.0,3700000.0,3700000.0,0.0
1782388800,3700000.0,3700000.0,3700000.0,3700000.0,0.0
1782390600,3600008.0,3699990.0,3600008.0,3699990.0,0.04767671
1782392400,3699989.0,3699989.0,3699989.0,3699989.0,0.00283108
1782394200,3600004.0,3600004.0,3600000.0,3600000.0,0.88465772
1782396000,3550000.0,3600000.0,3550000.0,3588539.0,0.01665781
1782397800,3588539.0,3588539.0,3512950.0,3512950.0,0.02742053
1782399600,3600000.0,3699994.0,3600000.0,3699994.0,0.0886026
1782401400,3699994.0,3699994.0,3613333.0,3613333.0,0.2984881
1782403200,3512950.0,3699993.0,3512023.0,3699993.0,0.22860525
1782405000,3699962.0,3699962.0,3699962.0,3699962.0,0.00445545
1782406800,3699962.0,3699962.0,3699962.0,3699962.0,0.0
1782408600,3512000.0,3512000.0,3512000.0,3512000.0,0.00450378
1782410400,3512000.0,3512000.0,3512000.0,3512000.0,0.0
1782412200,3699839.0,3699839.0,3510992.0,3510992.0,0.27559917
1782414000,3510992.0,3510992.0,3510992.0,3510992.0,0.0
1782415800,3510992.0,3510992.0,3510992.0,3510992.0,0.0
1782417600,3510992.0,3510992.0,3510992.0,3510992.0,0.0
1782419400,3510992.0,3510992.0,3510992.0,3510992.0,0.0
1782421200,3588994.0,3588994.0,3588994.0,3588994.0,0.03160172
1782423000,3588994.0,3588994.0,3588994.0,3588994.0,0.0
1782424800,3588994.0,3588994.0,3588994.0,3588994.0,0.0
1782426600,3588994.0,3588994.0,3588994.0,3588994.0,0.0
1782428400,3588994.0,3588994.0,3588994.0,3588994.0,0.0
1782430200,3655004.0,3655004.0,3655004.0,3655004.0,0.03065578
1782432000,3655004.0,3655004.0,3655004.0,3655004.0,0.0
1782433800,3699000.0,3699000.0,3699000.0,3699000.0,0.04025709
1782435600,3699000.0,3699000.0,3699000.0,3699000.0,0.0
1782437400,3699000.0,3699000.0,3699000.0,3699000.0,0.0
1782439200,3699000.0,3699000.0,3699000.0,3699000.0,0.0027256
1782441000,3515000.0,3515000.0,3510992.0,3510996.0,0.20779034
1782442800,3510996.0,3510996.0,3510996.0,3510996.0,0.01287099
1782444600,3698998.0,3698998.0,3698998.0,3698998.0,0.01553393
1782446400,3698998.0,3698998.0,3698998.0,3698998.0,0.0
1782448200,3510998.0,3679978.0,3451000.0,3679978.0,0.44024628
1782450000,3679978.0,3679978.0,3679978.0,3679978.0,0.0
1782451800,3660000.0,3669000.0,3453026.0,3453026.0,0.03050091
1782453600,3668998.0,3669998.0,3460002.0,3460002.0,0.17944636
1782455400,3460002.0,3659998.0,3453000.0,3659998.0,0.04324998
1782457200,3649998.0,3660000.0,3453000.0,3453000.0,0.23648248
1782459000,3453072.0,3659998.0,3453072.0,3659998.0,0.02075153
1782460800,3659998.0,3698996.0,3659998.0,3698996.0,0.10767785
1782462600,3698996.0,3698996.0,3698996.0,3698996.0,0.0
1782464400,3698996.0,3698996.0,3698996.0,3698996.0,0.0
1782466200,3698987.0,3698988.0,3698987.0,3698988.0,0.01346179
1782468000,3460092.0,3460092.0,3460090.0,3460090.0,0.07255802
1782469800,3698970.0,3698986.0,3698970.0,3698986.0,0.03395533
1782471600,3470032.0,3470032.0,3470032.0,3470032.0,0.00376914
1782473400,3698944.0,3698952.0,3698944.0,3698948.0,0.1680814
1782475200,3470154.0,3698432.0,3470152.0,3698432.0,0.06191683
1782477000,3470159.0,3470159.0,3470158.0,3470158.0,0.08913193
1782478800,3698006.0,3698006.0,3470158.0,3470158.0,0.02983461
1782480600,3470158.0,3470158.0,3470158.0,3470158.0,0.0
1782482400,3697966.0,3697966.0,3697966.0,3697966.0,0.01283786
1782484200,3697966.0,3697966.0,3697966.0,3697966.0,0.0
1782486000,3697974.0,3697974.0,3697974.0,3697974.0,0.02866299
1782487800,3697934.0,3697974.0,3697934.0,3697974.0,0.00943921
1782489600,3697976.0,3697976.0,3697976.0,3697976.0,0.00299217
1782491400,3697984.0,3697990.0,3697984.0,3697990.0,0.02674237
1782493200,3697990.0,3697990.0,3697990.0,3697990.0,0.0
1782495000,3697990.0,3697990.0,3697990.0,3697990.0,0.0
1782496800,3697990.0,3697990.0,3697990.0,3697990.0,0.0
1782498600,3697990.0,3697990.0,3697990.0,3697990.0,0.0
1782500400,3697990.0,3697990.0,3697990.0,3697990.0,0.0
1782502200,3697990.0,3697990.0,3697990.0,3697990.0,0.00403949
1782504000,3470160.0,3697990.0,3470160.0,3697990.0,0.01061803
1782505800,3697990.0,3697990.0,3697990.0,3697990.0,0.0
1782507600,3697990.0,3697990.0,3697990.0,3697990.0,0.0
1782509400,3697990.0,3697990.0,3697990.0,3697990.0,0.0
1782511200,3697990.0,3697990.0,3697990.0,3697990.0,0.0
1782513000,3470016.0,3697978.0,3470014.0,3697978.0,0.21600554
1782514800,3697978.0,3697978.0,3697978.0,3697978.0,0.0
1782516600,3697978.0,3697978.0,3697978.0,3697978.0,0.0
1782518400,3470004.0,3470004.0,3470002.0,3470002.0,0.00520897
1782520200,3470002.0,3470002.0,3470002.0,3470002.0,0.0
1782522000,3470004.0,3470004.0,3470003.0,3470003.0,0.01662361
1782523800,3536567.0,3536567.0,3536567.0,3536567.0,0.00579742
1782525600,3536567.0,3546568.0,3536567.0,3546568.0,0.00281173
1782527400,3546568.0,3546568.0,3546568.0,3546568.0,0.0
1782529200,3470003.0,3470003.0,3470003.0,3470003.0,0.01380397
1782531000,3546568.0,3546568.0,3546568.0,3546568.0,0.00280806
1782532800,3546568.0,3546568.0,3546568.0,3546568.0,0.0
1782534600,3546568.0,3546568.0,3546568.0,3546568.0,0.0
1782536400,3546568.0,3546568.0,3546568.0,3546568.0,0.00280806
1782538200,3546568.0,3546568.0,3470015.0,3470015.0,0.04090914
1782540000,3470015.0,3546568.0,3470015.0,3546568.0,0.0263206
1782541800,3546568.0,3696580.0,3546568.0,3696580.0,0.02820738
1782543600,3696580.0,3696580.0,3696580.0,3696580.0,0.0
1782545400,3696580.0,3696580.0,3696580.0,3696580.0,0.0
1782547200,3696499.0,3696499.0,3696499.0,3696499.0,0.0269417
1782549000,3696499.0,3696499.0,3696499.0,3696499.0,0.0
1782550800,3696499.0,3696499.0,3696499.0,3696499.0,0.0
1782552600,3696499.0,3696499.0,3696499.0,3696499.0,0.0
1782554400,3500001.0,3500001.0,3500001.0,3500001.0,0.00875085
1782556200,3500001.0,3500001.0,3500001.0,3500001.0,0.00944746
1782558000,3696479.0,3696479.0,3696479.0,3696479.0,0.00538837
1782559800,3696479.0,3696479.0,3696479.0,3696479.0,0.0
1782561600,3500001.0,3500001.0,3470010.0,3470010.0,0.04414695
1782563400,3470010.0,3470010.0,3470010.0,3470010.0,0.02632061
1782565200,3679999.0,3679999.0,3679999.0,3679999.0,0.10756361
1782567000,3674999.0,3674999.0,3470009.0,3470009.0,0.10184595
1782568800,3674998.0,3674998.0,3674998.0,3674998.0,0.04110451
1782570600,3674998.0,3674998.0,3674998.0,3674998.0,0.0
1782572400,3470012.0,3470012.0,3470009.0,3470009.0,0.05364707
1782574200,3569989.0,3569989.0,3470009.0,3569989.0,0.01527992
1782576000,3470010.0,3470010.0,3470010.0,3470010.0,0.04672685
1782577800,3569989.0,3569989.0,3569989.0,3569989.0,0.00278964
1782579600,3569989.0,3569989.0,3569989.0,3569989.0,0.0
1782581400,3569989.0,3569989.0,3569989.0,3569989.0,0.0
1782583200,3569989.0,3569989.0,3569989.0,3569989.0,0.0
1782585000,3569989.0,3569989.0,3569989.0,3569989.0,0.0
1782586800,3569989.0,3569989.0,3569989.0,3569989.0,0.0
1782588600,3569989.0,3569989.0,3569989.0,3569989.0,0.0
1782590400,3569989.0,3569989.0,3569989.0,3569989.0,0.0
1782592200,3569989.0,3569989.0,3569989.0,3569989.0,0.00278964
1782594000,3569989.0,3569989.0,3569989.0,3569989.0,0.0
1782595800,3569989.0,3569989.0,3569989.0,3569989.0,0.0
1782597600,3569989.0,3569989.0,3569989.0,3569989.0,0.0
1782599400,3569989.0,3569989.0,3569989.0,3569989.0,0.0
1782601200,3569989.0,3569989.0,3569989.0,3569989.0,0.0
1782603000,3499946.0,3499946.0,3499946.0,3499946.0,0.00535293
1782604800,3499946.0,3499946.0,3499946.0,3499946.0,0.0
1782606600,3499946.0,3499946.0,3499946.0,3499946.0,0.0
1782608400,3499946.0,3499946.0,3499946.0,3499946.0,0.0
1782610200,3470013.0,3470013.0,3470013.0,3470013.0,0.11060196
1782612000,3470013.0,3470013.0,3470013.0,3470013.0,0.0
1782613800,3470013.0,3470013.0,3470013.0,3470013.0,0.05605717
1782615600,3470013.0,3470013.0,3470013.0,3470013.0,0.05837092
1782617400,3499944.0,3669979.0,3499944.0,3669979.0,0.27733913
1782619200,3669979.0,3669979.0,3669979.0,3669979.0,0.0
1782621000,3470157.0,3470157.0,3470157.0,3470157.0,0.01553359
1782622800,3669978.0,3669979.0,3669978.0,3669979.0,0.01737939
1782624600,3669978.0,3669978.0,3470065.0,3470065.0,0.0075123
1782626400,3669977.0,3669978.0,3669977.0,3669977.0,0.05633735
1782628200,3669977.0,3669977.0,3669977.0,3669977.0,0.00560957
1782630000,3669977.0,3669977.0,3669977.0,3669977.0,0.00407032
1782631800,3669977.0,3669977.0,3669977.0,3669977.0,0.0
1782633600,3669977.0,3669977.0,3669977.0,3669977.0,0.0
1782635400,3669969.0,3669970.0,3669968.0,3669968.0,0.27718724
1782637200,3470049.0,3470049.0,3470013.0,3470013.0,0.27145859
1782639000,3470014.0,3470014.0,3470013.0,3470013.0,0.15301142
1782640800,3470013.0,3470013.0,3470013.0,3470013.0,0.0
1782642600,3499958.0,3499958.0,3499958.0,3499958.0,0.02610856
1782644400,3669954.0,3669954.0,3669954.0,3669954.0,0.0041777
1782646200,3669954.0,3669954.0,3669954.0,3669954.0,0.0
1782648000,3470011.0,3669943.0,3470011.0,3669928.0,0.0629622
1782649800,3669928.0,3669928.0,3470013.0,3470013.0,0.02524106
1782651600,3470013.0,3470013.0,3470013.0,3470013.0,0.0
1782653400,3669931.0,3669931.0,3470014.0,3470014.0,0.007288
1782655200,3499911.0,3499911.0,3470015.0,3470015.0,0.03347068
1782657000,3470015.0,3470015.0,3470015.0,3470015.0,0.0
1782658800,3669902.0,3669902.0,3669902.0,3669902.0,0.02039534
1782660600,3669909.0,3669910.0,3470016.0,3470016.0,0.04477316
1782662400,3470016.0,3470016.0,3470016.0,3470016.0,0.00579939
1782664200,3470050.0,3470050.0,3470035.0,3470035.0,0.16628529
1782666000,3470035.0,3470035.0,3470035.0,3470035.0,0.0
1782667800,3669909.0,3669909.0,3669909.0,3669909.0,0.01326572
1782669600,3669909.0,3669909.0,3669909.0,3669909.0,0.0
1782671400,3669908.0,3669908.0,3669908.0,3669908.0,0.01384503
1782673200,3669907.0,3669951.0,3669907.0,3669951.0,0.54273938
1782675000,3669951.0,3669951.0,3669951.0,3669951.0,0.0
1782676800,3669951.0,3669951.0,3669951.0,3669951.0,0.0
1782678600,3470204.0,3669948.0,3470204.0,3669948.0,0.0189363
1782680400,3669948.0,3669948.0,3669948.0,3669948.0,0.0
1782682200,3669948.0,3669948.0,3669948.0,3669948.0,0.0
1782684000,3669948.0,3669948.0,3669948.0,3669948.0,0.0
1782685800,3669948.0,3669948.0,3669948.0,3669948.0,0.0
1782687600,3549942.0,3549942.0,3549942.0,3549942.0,0.03046413
1782689400,3549942.0,3549942.0,3549942.0,3549942.0,0.0
1782691200,3669947.0,3669947.0,3669947.0,3669947.0,0.02077604
1782693000,3570216.0,3570216.0,3470215.0,3470215.0,0.01493915
1782694800,3470215.0,3470215.0,3470215.0,3470215.0,0.0
1782696600,3470215.0,3470215.0,3470215.0,3470215.0,0.0
1782698400,3669947.0,3669947.0,3669947.0,3669947.0,0.00323356
1782700200,3570216.0,3570216.0,3470215.0,3470216.0,0.03353262
1782702000,3669944.0,3669944.0,3669940.0,3669943.0,0.01368959
1782703800,3570223.0,3669943.0,3470222.0,3669943.0,0.05745237
1782705600,3669943.0,3669943.0,3669943.0,3669943.0,0.0
1782707400,3570223.0,3570223.0,3470222.0,3470222.0,0.68572789
1782709200,3470222.0,3470222.0,3470222.0,3470222.0,0.0
1782711000,3470222.0,3470222.0,3470222.0,3470222.0,0.0
1782712800,3470222.0,3470222.0,3470222.0,3470222.0,0.0
1782714600,3470222.0,3470222.0,3470222.0,3470222.0,0.0
1782716400,3666995.0,3666995.0,3570239.0,3570239.0,0.01403321
1782718200,3570239.0,3570239.0,3570239.0,3570239.0,0.0
1782720000,3666995.0,3666995.0,3666995.0,3666995.0,0.00488056
1782721800,3666995.0,3666995.0,3666995.0,3666995.0,0.0
1782723600,3666995.0,3666995.0,3666995.0,3666995.0,0.0
1782725400,3666995.0,3666995.0,3666995.0,3666995.0,0.0
1782727200,3666995.0,3666995.0,3666995.0,3666995.0,0.0
1782729000,3570600.0,3666993.0,3470599.0,3666993.0,0.0228147
1782730800,3470798.0,3570822.0,3470798.0,3570822.0,0.0098091
1782732600,3659996.0,3659999.0,3659996.0,3659999.0,0.00875765
1782734400,3659999.0,3659999.0,3470900.0,3470900.0,0.03822704
1782736200,3570922.0,3570922.0,3570922.0,3570922.0,2.80381257
1782738000,3570922.0,3570922.0,3570922.0,3570922.0,0.0
1782739800,3659650.0,3659650.0,3659650.0,3659650.0,0.00377522
1782741600,3659649.0,3659649.0,3659649.0,3659649.0,0.00272129
1782743400,3659000.0,3659000.0,3471559.0,3658998.0,0.03688572
1782745200,3658998.0,3658998.0,3658998.0,3658998.0,0.0
1782747000,3658896.0,3658896.0,3658896.0,3658896.0,0.00299379
1782748800,3658896.0,3658898.0,3658896.0,3658898.0,0.02124109
1782750600,3475004.0,3475022.0,3475004.0,3475022.0,0.02583092
1782752400,3475022.0,3475022.0,3475022.0,3475022.0,0.0
1782754200,3475022.0,3475022.0,3475022.0,3475022.0,0.0
1782756000,3475009.0,3475009.0,3475000.0,3475000.0,0.05443208
1782757800,3657998.0,3657998.0,3657998.0,3657998.0,0.03598225
1782759600,3657998.0,3657998.0,3657998.0,3657998.0,0.0
1782761400,3657998.0,3657998.0,3657998.0,3657998.0,0.0
1782763200,3657998.0,3657998.0,3657998.0,3657998.0,0.0
1782765000,3657998.0,3657998.0,3657998.0,3657998.0,0.0
1782766800,3657998.0,3657998.0,3657998.0,3657998.0,0.0
1782768600,3657998.0,3657998.0,3657998.0,3657998.0,0.0
1782770400,3657998.0,3657998.0,3657998.0,3657998.0,0.0
1782772200,3657989.0,3657989.0,3657989.0,3657989.0,0.00408366
1782774000,3657989.0,3657989.0,3657989.0,3657989.0,0.0
1782775800,3656993.0,3657000.0,3656993.0,3657000.0,0.0321343
1782777600,3656899.0,3656899.0,3656899.0,3656899.0,0.00671005
1782779400,3656899.0,3656899.0,3656899.0,3656899.0,0.0
1782781200,3656899.0,3656900.0,3656899.0,3656900.0,0.02165851
1782783000,3656900.0,3656900.0,3656900.0,3656900.0,0.0
1782784800,3656900.0,3656900.0,3656900.0,3656900.0,0.0
1782786600,3575705.0,3575705.0,3475714.0,3475714.0,0.06050247
1782788400,3656500.0,3658900.0,3480505.0,3480505.0,0.81914424
1782790200,3480505.0,3480505.0,3480505.0,3480505.0,0.0
1782792000,3480505.0,3480505.0,3480505.0,3480505.0,0.0
1782793800,3480654.0,3480654.0,3480654.0,3480654.0,0.00570326
1782795600,3480654.0,3480654.0,3480654.0,3480654.0,0.0
1782797400,3480654.0,3480654.0,3480654.0,3480654.0,0.0
1782799200,3480654.0,3480654.0,3480654.0,3480654.0,0.0
1782801000,3658894.0,3658897.0,3658894.0,3658897.0,0.01343629
1782802800,3581101.0,3581101.0,3581101.0,3581101.0,1.0543
1782804600,3581101.0,3581101.0,3581101.0,3581101.0,0.0
1782806400,3581101.0,3581101.0,3581101.0,3581101.0,0.0
1782808200,3581101.0,3581101.0,3581101.0,3581101.0,0.0
1782810000,3581101.0,3581101.0,3581101.0,3581101.0,0.00323356
1782811800,3658894.0,3658894.0,3658894.0,3658894.0,0.02681985
1782813600,3658894.0,3658894.0,3658894.0,3658894.0,0.0049422
1782815400,3658894.0,3658894.0,3658894.0,3658894.0,0.0
1782817200,3658894.0,3658894.0,3658894.0,3658894.0,0.0
1782819000,3658889.0,3658889.0,3658889.0,3658889.0,0.42837128
1782820800,3658889.0,3658889.0,3582119.0,3658889.0,0.08972855
1782822600,3658889.0,3658889.0,3658889.0,3658889.0,0.010806
1782824400,3658889.0,3658889.0,3658889.0,3658889.0,0.0
1782826200,3658889.0,3658889.0,3482124.0,3482124.0,0.04498224
1782828000,3482124.0,3482124.0,3482124.0,3482124.0,0.0
1782829800,3582502.0,3582502.0,3582502.0,3582502.0,0.00680452
1782831600,3582502.0,3582502.0,3482505.0,3482505.0,0.00283806
1782833400,3654880.0,3654880.0,3654880.0,3654880.0,0.00578678
1782835200,3654880.0,3654880.0,3654880.0,3654880.0,0.0
1782837000,3654876.0,3654880.0,3482694.0,3482736.0,0.18143171
1782838800,3482772.0,3654880.0,3482772.0,3654880.0,0.43298701
1782840600,3654880.0,3654880.0,3654880.0,3654880.0,0.0
1782842400,3654880.0,3654880.0,3654880.0,3654880.0,0.0
1782844200,3654880.0,3654880.0,3654880.0,3654880.0,0.0
1782846000,3654880.0,3654880.0,3654880.0,3654880.0,0.0
1782847800,3654874.0,3654874.0,3654874.0,3654874.0,0.00616355
1782849600,3654874.0,3654874.0,3654874.0,3654874.0,0.0
1782851400,3654874.0,3654874.0,3654874.0,3654874.0,0.0
1782853200,3654874.0,3654874.0,3654874.0,3654874.0,0.0
1782855000,3654874.0,3654874.0,3654874.0,3654874.0,0.0
1782856800,3654879.0,3654879.0,3654879.0,3654879.0,0.0040595
1782858600,3654879.0,3654879.0,3654879.0,3654879.0,0.0
1782860400,3483658.0,3483658.0,3483658.0,3483658.0,0.00806098
1782862200,3483658.0,3483658.0,3483658.0,3483658.0,0.0
1782864000,3484102.0,3484102.0,3484102.0,3484102.0,0.0082427
1782865800,3484102.0,3484102.0,3484102.0,3484102.0,0.0
1782867600,3654858.0,3654858.0,3654858.0,3654858.0,0.00272486
1782869400,3654858.0,3654858.0,3654858.0,3654858.0,0.0
1782871200,3484250.0,3484250.0,3484250.0,3484250.0,0.01346179
1782873000,3484296.0,3484296.0,3484296.0,3484296.0,0.00578678
1782874800,3486014.0,3486014.0,3486008.0,3486008.0,0.1928143
1782876600,3486008.0,3486008.0,3486008.0,3486008.0,0.0
1782878400,3486020.0,3654637.0,3486014.0,3654637.0,0.12224502
1782880200,3654637.0,3654637.0,3654637.0,3654637.0,0.0
1782882000,3654628.0,3654628.0,3654628.0,3654628.0,0.0100489
1782883800,3492269.0,3492269.0,3492269.0,3492269.0,0.00622007
1782885600,3492269.0,3492269.0,3492269.0,3492269.0,0.0
1782887400,3492269.0,3492269.0,3492269.0,3492269.0,0.0
1782889200,3653547.0,3653547.0,3653547.0,3653547.0,0.00272584
1782891000,3653547.0,3653547.0,3653547.0,3653547.0,0.0
1782892800,3492578.0,3654000.0,3492288.0,3654000.0,0.36698335
1782894600,3653985.0,3653985.0,3495040.0,3495040.0,0.00708216
1782896400,3653955.0,3653955.0,3495167.0,3495167.0,0.01192427
1782898200,3653975.0,3653975.0,3653975.0,3653975.0,0.00272552
1782900000,3653975.0,3653975.0,3653975.0,3653975.0,0.0
1782901800,3496688.0,3496688.0,3475000.0,3475000.0,3.9504462
1782903600,3475000.0,3475000.0,3475000.0,3475000.0,0.0
1782905400,3496829.0,3651886.0,3496829.0,3651886.0,0.55433411
1782907200,3651886.0,3651886.0,3651886.0,3651886.0,0.0
1782909000,3497116.0,3519999.0,3497114.0,3519999.0,0.34351288
1782910800,3651908.0,3651910.0,3651908.0,3651910.0,0.12053694
1782912600,3651910.0,3651910.0,3651910.0,3651910.0,0.0
1782914400,3651910.0,3651910.0,3651910.0,3651910.0,0.0
1782916200,3651544.0,3651544.0,3480715.0,3480715.0,0.0385217
1782918000,3480715.0,3480715.0,3480715.0,3480715.0,0.0
1782919800,3490217.0,3490217.0,3490217.0,3490217.0,0.00437882
1782921600,3490217.0,3490217.0,3490217.0,3490217.0,0.0
1782923400,3634596.0,3634596.0,3634596.0,3634596.0,0.01334811
1782925200,3634596.0,3634596.0,3634596.0,3634596.0,0.0
1782927000,3634596.0,3634596.0,3634596.0,3634596.0,0.0
1782928800,3500845.0,3500852.0,3490218.0,3490218.0,0.24338002
1782930600,3490218.0,3490218.0,3490218.0,3490218.0,0.0
1782932400,3633627.0,3633628.0,3633627.0,3633628.0,0.03551216
1782934200,3633628.0,3633628.0,3633628.0,3633628.0,0.0
1782936000,3633628.0,3633628.0,3633628.0,3633628.0,0.0
1782937800,3633628.0,3633628.0,3633628.0,3633628.0,0.0
1782939600,3633628.0,3633628.0,3633628.0,3633628.0,0.0
1782941400,3633628.0,3633628.0,3633628.0,3633628.0,0.0
1782943200,3633628.0,3633628.0,3633628.0,3633628.0,0.0
1782945000,3633628.0,3633628.0,3633628.0,3633628.0,0.0
1782946800,3599928.0,3599928.0,3599928.0,3599928.0,0.0037034
1782948600,3599928.0,3599928.0,3599928.0,3599928.0,0.0
1782950400,3599678.0,3599678.0,3599678.0,3599678.0,0.00485098
1782952200,3599678.0,3599678.0,3599678.0,3599678.0,0.0
1782954000,3501205.0,3501205.0,3501205.0,3501205.0,0.03352962
1782955800,3501205.0,3501205.0,3501205.0,3501205.0,0.0
1782957600,3501205.0,3501205.0,3501205.0,3501205.0,0.0
1782959400,3599300.0,3599300.0,3599300.0,3599300.0,0.00830828
1782961200,3501209.0,3599016.0,3501209.0,3599016.0,0.00850526
1782963000,3599016.0,3599016.0,3599016.0,3599016.0,0.0
1782964800,3599016.0,3599016.0,3599016.0,3599016.0,0.0
1782966600,3598658.0,3598658.0,3598658.0,3598658.0,0.00415099
1782968400,3501205.0,3598524.0,3501205.0,3598524.0,0.02319051
1782970200,3598308.0,3598308.0,3598308.0,3598308.0,0.00691908
1782972000,3598308.0,3598308.0,3598308.0,3598308.0,0.0
1782973800,3598308.0,3598308.0,3598308.0,3598308.0,0.0
1782975600,3598308.0,3598308.0,3598308.0,3598308.0,0.0
1782977400,3597154.0,3597154.0,3597154.0,3597154.0,0.00323144
1782979200,3597154.0,3597154.0,3597154.0,3597154.0,0.0
1782981000,3597154.0,3597154.0,3597154.0,3597154.0,0.0
1782982800,3596333.0,3596333.0,3596333.0,3596333.0,0.00590323
1782984600,3596333.0,3596333.0,3596333.0,3596333.0,0.0
1782986400,3596146.0,3596146.0,3596146.0,3596146.0,0.08324689
1782988200,3596043.0,3596043.0,3596043.0,3596043.0,0.02769432
1782990000,3501209.0,3595494.0,3501205.0,3595494.0,0.23679509
1782991800,3595494.0,3595494.0,3595494.0,3595494.0,0.0
1782993600,3595494.0,3595494.0,3595494.0,3595494.0,0.0
1782995400,3595089.0,3595089.0,3594930.0,3594930.0,0.01042032
1782997200,3594930.0,3594930.0,3594930.0,3594930.0,0.0
1782999000,3594930.0,3594930.0,3594930.0,3594930.0,0.0
1783000800,3594720.0,3594720.0,3594720.0,3594720.0,0.00765428
1783002600,3501650.0,3501650.0,3501650.0,3501650.0,0.01161909
1783004400,3501650.0,3501650.0,3501650.0,3501650.0,0.0
1783006200,3594216.0,3594216.0,3594216.0,3594216.0,0.00277084
1783008000,3594216.0,3594216.0,3594216.0,3594216.0,0.0
1783009800,3501655.0,3501655.0,3501655.0,3501655.0,0.43209699
1783011600,3594005.0,3594005.0,3594005.0,3594005.0,0.00387923
1783013400,3501656.0,3501656.0,3501205.0,3501205.0,1.605
1783015200,3501205.0,3593780.0,3501205.0,3593780.0,0.02397811
1783017000,3593586.0,3593586.0,3593586.0,3593586.0,0.27768724
1783018800,3593586.0,3593586.0,3593586.0,3593586.0,0.0
1783020600,3593586.0,3593586.0,3593586.0,3593586.0,0.0
1783022400,3593586.0,3593586.0,3593586.0,3593586.0,0.0
1783024200,3593586.0,3593586.0,3593586.0,3593586.0,0.0
1783026000,3501205.0,3501205.0,3501205.0,3501205.0,0.00583659
1783027800,3501205.0,3501205.0,3501205.0,3501205.0,0.0
1783029600,3501205.0,3501205.0,3501205.0,3501205.0,0.04110451
1783031400,3501205.0,3501205.0,3501205.0,3501205.0,0.0
1783033200,3501205.0,3501205.0,3501205.0,3501205.0,0.0
1783035000,3501205.0,3591975.0,3475000.0,3591955.0,0.4913091
1783036800,3591794.0,3591794.0,3591794.0,3591794.0,0.00543488
1783038600,3591794.0,3591794.0,3591794.0,3591794.0,0.0
1783040400,3591633.0,3591633.0,3591633.0,3591633.0,0.00277283
1783042200,3591633.0,3591633.0,3591633.0,3591633.0,0.0
1783044000,3475350.0,3475395.0,3475000.0,3475000.0,0.16164054
1783045800,3475000.0,3475000.0,3475000.0,3475000.0,0.0
1783047600,3476000.0,3529916.0,3476000.0,3529916.0,0.07174616
1783049400,3529916.0,3529916.0,3529916.0,3529916.0,0.0
1783051200,3529916.0,3529916.0,3529916.0,3529916.0,0.0
1783053000,3592960.0,3592960.0,3592960.0,3592960.0,0.01385904
1783054800,3592960.0,3592960.0,3592960.0,3592960.0,0.0
1783056600,3592701.0,3592701.0,3592701.0,3592701.0,0.13860101
1783058400,3592701.0,3592701.0,3592701.0,3592701.0,0.0
1783060200,3592701.0,3592701.0,3592701.0,3592701.0,0.0
1783062000,3476780.0,3476780.0,3476780.0,3476780.0,0.00535293
1783063800,3476780.0,3476780.0,3476780.0,3476780.0,0.0
1783065600,3476780.0,3476780.0,3476780.0,3476780.0,0.0
1783067400,3476780.0,3476780.0,3476780.0,3476780.0,0.0
1783069200,3589999.0,3589999.0,3589999.0,3589999.0,0.00277409
1783071000,3589999.0,3589999.0,3589999.0,3589999.0,0.0
1783072800,3589999.0,3589999.0,3589999.0,3589999.0,0.0
1783074600,3584000.0,3585000.0,3584000.0,3585000.0,0.27780428
1783076400,3585000.0,3585000.0,3585000.0,3585000.0,0.0
1783078200,3583612.0,3583612.0,3583612.0,3583612.0,0.00277903
1783080000,3583612.0,3583612.0,3583612.0,3583612.0,0.0
1783081800,3582727.0,3582727.0,3478129.0,3478129.0,0.03236117
1783083600,3478129.0,3478129.0,3478129.0,3478129.0,0.0
1783085400,3479012.0,3581998.0,3479011.0,3581998.0,0.46000916
1783087200,3581998.0,3581998.0,3581998.0,3581998.0,0.0
1783089000,3527745.0,3527749.0,3527745.0,3527749.0,0.05671747
1783090800,3479115.0,3479115.0,3479115.0,3479115.0,0.00480186
1783092600,3526314.0,3528914.0,3526314.0,3528914.0,0.21902092
1783094400,3527499.0,3527499.0,3527499.0,3527499.0,0.00705797
1783096200,3527499.0,3527499.0,3527499.0,3527499.0,0.0
1783098000,3549226.0,3549226.0,3479129.0,3479129.0,0.03218133
1783099800,3479129.0,3479129.0,3479129.0,3479129.0,0.0
1783101600,3479129.0,3479129.0,3479129.0,3479129.0,0.0
1783103400,3518836.0,3518836.0,3518836.0,3518836.0,0.00359749
1783105200,3518836.0,3518836.0,3518836.0,3518836.0,0.0
1783107000,3518836.0,3518836.0,3518836.0,3518836.0,0.0
1783108800,3519232.0,3519232.0,3519232.0,3519232.0,0.04222597
1783110600,3519232.0,3519232.0,3519232.0,3519232.0,0.0
1783112400,3520857.0,3522942.0,3520857.0,3522942.0,0.28274257
1783114200,3513694.0,3513694.0,3513694.0,3513694.0,0.00283433
1783116000,3513694.0,3513694.0,3513694.0,3513694.0,0.00555569
1783117800,3513694.0,3513694.0,3513694.0,3513694.0,0.0
1783119600,3513694.0,3513694.0,3513694.0,3513694.0,0.0
1783121400,3510212.0,3510212.0,3510212.0,3510212.0,0.0056743
1783123200,3510211.0,3510211.0,3510209.0,3510209.0,0.00978858
1783125000,3479129.0,3479129.0,3479129.0,3479129.0,0.02141102
1783126800,3479129.0,3479129.0,3479125.0,3479125.0,0.5362221
1783128600,3479125.0,3479125.0,3479125.0,3479125.0,0.0
1783130400,3479125.0,3479125.0,3479125.0,3479125.0,0.0
1783132200,3479125.0,3479125.0,3479125.0,3479125.0,0.0
1783134000,3480008.0,3480008.0,3480008.0,3480008.0,0.00524325
1783135800,3516770.0,3516770.0,3516770.0,3516770.0,0.01418745
1783137600,3536410.0,3536410.0,3536410.0,3536410.0,0.00309749
1783139400,3536410.0,3536410.0,3536410.0,3536410.0,0.0
1783141200,3536410.0,3536410.0,3536410.0,3536410.0,0.0
1783143000,3536410.0,3536410.0,3536410.0,3536410.0,0.0
1783144800,3520387.0,3536407.0,3520387.0,3536395.0,0.09054793
1783146600,3536308.0,3536399.0,3536308.0,3536399.0,0.00985653
1783148400,3536033.0,3536033.0,3480016.0,3480016.0,0.00908164
1783150200,3480016.0,3480016.0,3480016.0,3480016.0,0.0
1783152000,3535469.0,3535469.0,3535469.0,3535469.0,0.00846733
1783153800,3480039.0,3480039.0,3480039.0,3480039.0,0.02891461
1783155600,3480039.0,3480039.0,3480039.0,3480039.0,0.0
1783157400,3480039.0,3480039.0,3480039.0,3480039.0,0.0
1783159200,3480039.0,3480039.0,3480039.0,3480039.0,0.0
1783161000,3523879.0,3536401.0,3480043.0,3536401.0,0.03572478
1783162800,3518089.0,3518089.0,3518089.0,3518089.0,0.0042398
1783164600,3480039.0,3480039.0,3480039.0,3480039.0,0.00441049
1783166400,3480039.0,3480039.0,3480039.0,3480039.0,0.0
1783168200,3480012.0,3480012.0,3480012.0,3480012.0,0.00573629
1783170000,3480016.0,3480016.0,3480016.0,3480016.0,0.02769432
1783171800,3480012.0,3480012.0,3480012.0,3480012.0,0.05389443
1783173600,3480012.0,3480012.0,3480012.0,3480012.0,0.0
1783175400,3480012.0,3480012.0,3480012.0,3480012.0,0.0
1783177200,3480012.0,3480012.0,3480012.0,3480012.0,0.0
1783179000,3480012.0,3480012.0,3480012.0,3480012.0,0.0
1783180800,3514254.0,3527592.0,3480012.0,3527585.0,0.25060205
1783182600,3527585.0,3527585.0,3527585.0,3527585.0,0.0
1783184400,3527585.0,3527585.0,3527585.0,3527585.0,0.0
1783186200,3527005.0,3527005.0,3527005.0,3527005.0,0.00989451
1783188000,3527005.0,3527005.0,3527005.0,3527005.0,0.0
1783189800,3527005.0,3527005.0,3527005.0,3527005.0,0.0
1783191600,3527005.0,3527005.0,3527005.0,3527005.0,0.0
1783193400,3527005.0,3527005.0,3527005.0,3527005.0,0.0
1783195200,3527005.0,3527005.0,3527005.0,3527005.0,0.0
1783197000,3577866.0,3577866.0,3577866.0,3577866.0,0.07871172
1783198800,3577866.0,3577866.0,3577866.0,3577866.0,0.0
1783200600,3577866.0,3577866.0,3577866.0,3577866.0,0.0
1783202400,3577866.0,3577866.0,3577866.0,3577866.0,0.0
1783204200,3578814.0,3578814.0,3480012.0,3480012.0,0.02955405
1783206000,3576719.0,3578822.0,3576719.0,3578822.0,0.27887994
1783207800,3578822.0,3578822.0,3578822.0,3578822.0,0.0
1783209600,3578822.0,3578822.0,3578822.0,3578822.0,0.0
1783211400,3482004.0,3482004.0,3482004.0,3482004.0,0.06968171
1783213200,3482004.0,3482004.0,3482004.0,3482004.0,0.0
1783215000,3482004.0,3575831.0,3482004.0,3575831.0,0.13635883
1783216800,3575831.0,3575831.0,3575831.0,3575831.0,0.0
1783218600,3575300.0,3575300.0,3575300.0,3575300.0,0.13927558
1783220400,3575300.0,3575300.0,3575300.0,3575300.0,0.0
1783222200,3575139.0,3575139.0,3483000.0,3574956.0,0.31916432
1783224000,3574956.0,3574956.0,3574956.0,3574956.0,0.0
1783225800,3574956.0,3574956.0,3574956.0,3574956.0,0.0
1783227600,3574956.0,3574956.0,3574956.0,3574956.0,0.0
1783229400,3573770.0,3573770.0,3573739.0,3573739.0,0.07936577
1783231200,3573288.0,3573288.0,3573288.0,3573288.0,0.00732098
1783233000,3483104.0,3483104.0,3483104.0,3483104.0,0.00637884
1783234800,3572522.0,3572522.0,3572522.0,3572522.0,0.0029794
1783236600,3483104.0,3483104.0,3483104.0,3483104.0,0.10290368
1783238400,3483104.0,3483104.0,3483104.0,3483104.0,0.0
1783240200,3573926.0,3573926.0,3573926.0,3573926.0,0.00573347
1783242000,3483104.0,3483104.0,3483104.0,3483104.0,0.00732098
1783243800,3483104.0,3573614.0,3483100.0,3573567.0,0.02493957
1783245600,3573190.0,3573190.0,3573190.0,3573190.0,0.01932083
1783247400,3573190.0,3573190.0,3573190.0,3573190.0,0.0
1783249200,3573190.0,3573190.0,3573190.0,3573190.0,0.0
1783251000,3573190.0,3573190.0,3573190.0,3573190.0,0.0
1783252800,3480016.0,3480016.0,3480016.0,3480016.0,0.0659981
1783254600,3570899.0,3570899.0,3480016.0,3480016.0,0.02685558
1783256400,3570711.0,3570715.0,3570711.0,3570715.0,0.11223142
1783258200,3570715.0,3570715.0,3570715.0,3570715.0,0.0
1783260000,3569969.0,3569975.0,3569969.0,3569975.0,0.02795228
1783261800,3569725.0,3569992.0,3481104.0,3481104.0,0.11034607
1783263600,3569927.0,3569927.0,3569927.0,3569927.0,0.0267927
1783265400,3569545.0,3569545.0,3481204.0,3568970.0,0.02308293
1783267200,3568970.0,3568970.0,3568970.0,3568970.0,0.0
1783269000,3568970.0,3568970.0,3568970.0,3568970.0,0.0
1783270800,3568970.0,3568970.0,3568970.0,3568970.0,0.0
1783272600,3567939.0,3567939.0,3567873.0,3567873.0,0.01140413
1783274400,3567873.0,3567873.0,3567873.0,3567873.0,0.0
1783276200,3567873.0,3567873.0,3567873.0,3567873.0,0.0
1783278000,3567873.0,3567873.0,3567873.0,3567873.0,0.0
1783279800,3567873.0,3567873.0,3567873.0,3567873.0,0.0
1783281600,3567873.0,3567873.0,3567873.0,3567873.0,0.0
1783283400,3567873.0,3567873.0,3567873.0,3567873.0,0.0
1783285200,3567873.0,3567873.0,3567873.0,3567873.0,0.0
1783287000,3567873.0,3567873.0,3567873.0,3567873.0,0.0
1783288800,3567873.0,3567873.0,3567873.0,3567873.0,0.0
1783290600,3567873.0,3567873.0,3567873.0,3567873.0,0.0
1783292400,3481211.0,3565055.0,3481211.0,3565055.0,0.02549113
1783294200,3565055.0,3565055.0,3565055.0,3565055.0,0.0
1783296000,3565055.0,3565055.0,3565055.0,3565055.0,0.0
1783297800,3565055.0,3565055.0,3565055.0,3565055.0,0.0
1783299600,3565055.0,3565055.0,3565055.0,3565055.0,0.0
1783301400,3565055.0,3565055.0,3565055.0,3565055.0,0.0
1783303200,3565055.0,3565055.0,3565055.0,3565055.0,0.0
1783305000,3554730.0,3554730.0,3482000.0,3482000.0,0.02021905
1783306800,3482000.0,3482000.0,3482000.0,3482000.0,0.00870788
1783308600,3554694.0,3554694.0,3480012.0,3480012.0,0.23540486
1783310400,3480012.0,3480012.0,3480012.0,3480012.0,0.0
1783312200,3480012.0,3480012.0,3480012.0,3480012.0,0.0
1783314000,3480012.0,3480012.0,3480012.0,3480012.0,0.0
1783315800,3480012.0,3480012.0,3480012.0,3480012.0,0.0
1783317600,3480012.0,3480012.0,3480012.0,3480012.0,0.0
1783319400,3549021.0,3549021.0,3549021.0,3549021.0,0.00280612
1783321200,3549021.0,3549021.0,3549021.0,3549021.0,0.0
1783323000,3549021.0,3549021.0,3549021.0,3549021.0,0.0
1783324800,3515012.0,3515012.0,3515012.0,3515012.0,0.00396377
1783326600,3549838.0,3549838.0,3549838.0,3549838.0,0.03519597
1783328400,3549975.0,3549975.0,3549975.0,3549975.0,0.02810976
1783330200,3550000.0,3550000.0,3515012.0,3515012.0,0.03114956
1783332000,3515012.0,3515012.0,3515012.0,3515012.0,0.0
1783333800,3515012.0,3515012.0,3515012.0,3515012.0,0.0
1783335600,3515012.0,3515012.0,3515012.0,3515012.0,0.01199676
1783337400,3515012.0,3515012.0,3515012.0,3515012.0,0.0
1783339200,3549366.0,3549366.0,3515012.0,3515012.0,0.05370713
1783341000,3515012.0,3515012.0,3515012.0,3515012.0,0.0
1783342800,3515012.0,3515012.0,3515012.0,3515012.0,0.0
1783344600,3539976.0,3539976.0,3539976.0,3539976.0,0.00281329
1783346400,3539976.0,3539976.0,3539976.0,3539976.0,0.0
1783348200,3539976.0,3539976.0,3539976.0,3539976.0,0.0
1783350000,3539976.0,3539976.0,3539976.0,3539976.0,0.0
1783351800,3539976.0,3539976.0,3539976.0,3539976.0,0.0
1783353600,3539976.0,3539976.0,3539976.0,3539976.0,0.0
1783355400,3515012.0,3515012.0,3515012.0,3515012.0,0.03519597
1783357200,3515012.0,3515012.0,3515012.0,3515012.0,0.00780941
1783359000,3515012.0,3515012.0,3515012.0,3515012.0,0.00830182
1783360800,3515012.0,3515012.0,3515012.0,3515012.0,0.0
1783362600,3538876.0,3538876.0,3538876.0,3538876.0,0.00471788
1783364400,3538876.0,3538876.0,3538876.0,3538876.0,0.0
1783366200,3538876.0,3538876.0,3538876.0,3538876.0,0.0
1783368000,3538876.0,3538876.0,3538876.0,3538876.0,0.0
1783369800,3538876.0,3538876.0,3538876.0,3538876.0,0.0
1783371600,3538876.0,3538876.0,3538876.0,3538876.0,0.0
1783373400,3538876.0,3538876.0,3538876.0,3538876.0,0.0
1783375200,3538876.0,3538876.0,3538876.0,3538876.0,0.0
1783377000,3538876.0,3538876.0,3538876.0,3538876.0,0.0
1783378800,3538876.0,3538876.0,3538876.0,3538876.0,0.0
1783380600,3538876.0,3538876.0,3538876.0,3538876.0,0.0
1783382400,3538876.0,3538876.0,3538876.0,3538876.0,0.0
1783384200,3515012.0,3515012.0,3515012.0,3515012.0,0.031638
1783386000,3537994.0,3537994.0,3537994.0,3537994.0,0.00562974
1783387800,3519986.0,3519986.0,3519986.0,3519986.0,0.08483386
1783389600,3519986.0,3519986.0,3519986.0,3519986.0,0.0
1783391400,3515012.0,3515012.0,3515012.0,3515012.0,0.13308947
1783393200,3515012.0,3515012.0,3515012.0,3515012.0,0.0
1783395000,3515012.0,3515012.0,3515012.0,3515012.0,0.0
1783396800,3515012.0,3515012.0,3515012.0,3515012.0,0.0
1783398600,3515012.0,3515012.0,3515012.0,3515012.0,0.0
1783400400,3518927.0,3518927.0,3480012.0,3480012.0,0.02734636
1783402200,3480012.0,3480012.0,3480012.0,3480012.0,0.0
1783404000,3480012.0,3480012.0,3480012.0,3480012.0,0.0
1783405800,3480012.0,3514966.0,3480012.0,3514966.0,0.05543406
1783407600,3514966.0,3514966.0,3514966.0,3514966.0,0.0
1783409400,3480012.0,3480012.0,3480012.0,3480012.0,0.01668491
1783411200,3480012.0,3480012.0,3480012.0,3480012.0,0.0
1783413000,3513986.0,3513986.0,3513986.0,3513986.0,0.06291743
1783414800,3513986.0,3513986.0,3513986.0,3513986.0,0.0
1783416600,3513811.0,3513811.0,3513811.0,3513811.0,0.02640096
1783418400,3509946.0,3509946.0,3509946.0,3509946.0,0.00846993
1783420200,3509980.0,3509980.0,3480012.0,3480012.0,0.09181696
1783422000,3480012.0,3480012.0,3477537.0,3477537.0,2.68545598
1783423800,3477537.0,3477537.0,3475000.0,3475000.0,0.02866299
1783425600,3489931.0,3489931.0,3489931.0,3489931.0,0.0285934
1783427400,3489931.0,3489931.0,3489931.0,3489931.0,0.0
1783429200,3489889.0,3489909.0,3489889.0,3489909.0,0.03634153
1783431000,3489814.0,3489814.0,3475000.0,3475000.0,0.01676863
1783432800,3475000.0,3475000.0,3469933.0,3469933.0,0.39288664
1783434600,3469933.0,3469933.0,3469933.0,3469933.0,0.0
1783436400,3469933.0,3469933.0,3469933.0,3469933.0,0.0
1783438200,3475000.0,3475000.0,3475000.0,3475000.0,0.01578127
1783440000,3475000.0,3475000.0,3475000.0,3475000.0,0.0
1783441800,3489920.0,3489920.0,3489920.0,3489920.0,1.0
1783443600,3489920.0,3489920.0,3489920.0,3489920.0,0.0
1783445400,3489920.0,3489920.0,3489920.0,3489920.0,0.0
1783447200,3489920.0,3489920.0,3489920.0,3489920.0,0.0
1783449000,3489920.0,3489920.0,3489920.0,3489920.0,0.0
1783450800,3489920.0,3489920.0,3489920.0,3489920.0,0.0
1783452600,3489920.0,3489920.0,3489920.0,3489920.0,0.0
1783454400,3489920.0,3489920.0,3489920.0,3489920.0,0.0
1783456200,3489920.0,3489920.0,3489920.0,3489920.0,0.0
1783458000,3489920.0,3489920.0,3489920.0,3489920.0,0.0
1783459800,3489920.0,3489920.0,3489920.0,3489920.0,0.0
1783461600,3489920.0,3489920.0,3489920.0,3489920.0,0.0
1783463400,3489920.0,3489920.0,3489920.0,3489920.0,0.0
1783465200,3489920.0,3490000.0,3489920.0,3490000.0,0.02819408
1783467000,3519705.0,3519705.0,3519705.0,3519705.0,0.00565899
1783468800,3519705.0,3519705.0,3519705.0,3519705.0,0.0
1783470600,3519705.0,3519705.0,3519705.0,3519705.0,0.0
1783472400,3519705.0,3519705.0,3519705.0,3519705.0,0.0
1783474200,3519705.0,3566425.0,3519705.0,3566425.0,0.94175871
1783476000,3566425.0,3566425.0,3566425.0,3566425.0,0.0
1783477800,3476097.0,3476097.0,3475835.0,3475835.0,0.94175871
1783479600,3566281.0,3566281.0,3475932.0,3566272.0,0.0298749
1783481400,3565569.0,3565569.0,3565569.0,3565569.0,0.00960182
1783483200,3476705.0,3476705.0,3476705.0,3476705.0,0.00655603
1783485000,3476705.0,3476705.0,3476705.0,3476705.0,0.0
1783486800,3476705.0,3476705.0,3476705.0,3476705.0,0.0
1783488600,3476705.0,3476705.0,3476705.0,3476705.0,0.0
1783490400,3476705.0,3476705.0,3476705.0,3476705.0,0.0
1783492200,3565445.0,3565445.0,3565000.0,3565000.0,0.04075924
1783494000,3565000.0,3565000.0,3565000.0,3565000.0,0.03089145
1783495800,3565000.0,3565000.0,3565000.0,3565000.0,0.00279354
1783497600,3565000.0,3565100.0,3565000.0,3565079.0,0.14628809
1783499400,3564301.0,3564590.0,3479333.0,3479333.0,0.30763849
1783501200,3479333.0,3479333.0,3478905.0,3478905.0,0.13927558
1783503000,3478905.0,3478905.0,3478905.0,3478905.0,0.0
1783504800,3478905.0,3478905.0,3478905.0,3478905.0,0.01385904
1783506600,3478905.0,3478905.0,3478905.0,3478905.0,0.0
1783508400,3479905.0,3479905.0,3479905.0,3479905.0,0.04271652
1783510200,3479905.0,3479905.0,3475942.0,3475942.0,0.08220893
1783512000,3475942.0,3475942.0,3475942.0,3475942.0,0.0
1783513800,3475952.0,3475952.0,3475952.0,3475952.0,0.30172022
1783515600,3475952.0,3475952.0,3475952.0,3475952.0,0.0
1783517400,3559555.0,3559555.0,3559555.0,3559555.0,0.03346906
1783519200,3477245.0,3477245.0,3477245.0,3477245.0,0.00474883
1783521000,3536012.0,3559550.0,3475000.0,3475000.0,2.79672875
1783522800,3559000.0,3559000.0,3559000.0,3559000.0,0.02803849
1783524600,3559000.0,3559000.0,3559000.0,3559000.0,0.00416802
1783526400,3559000.0,3559000.0,3559000.0,3559000.0,0.0
1783528200,3559000.0,3566425.0,3559000.0,3566425.0,0.46396636
1783530000,3578822.0,3589999.0,3578822.0,3589999.0,0.36751137
1783531800,3589999.0,3592676.0,3589999.0,3592676.0,0.00523566
1783533600,3592676.0,3653000.0,3592676.0,3653000.0,0.22503854
1783535400,3653000.0,3653000.0,3653000.0,3653000.0,0.0
1783537200,3641078.0,3641078.0,3639573.0,3639573.0,0.04507932
1783539000,3639573.0,3639573.0,3639573.0,3639573.0,0.0
1783540800,3653000.0,3653000.0,3653000.0,3653000.0,0.00372679
1783542600,3639573.0,3652996.0,3620023.0,3652996.0,0.00978502
1783544400,3652996.0,3652996.0,3652996.0,3652996.0,0.02569014
1783546200,3652996.0,3652996.0,3652996.0,3652996.0,0.00568054
1783548000,3652996.0,3652996.0,3652996.0,3652996.0,0.0
1783549800,3620023.0,3652996.0,3620023.0,3620023.0,0.0113027
1783551600,3620023.0,3620023.0,3620023.0,3620023.0,0.0
1783553400,3653000.0,3653000.0,3653000.0,3653000.0,0.00974459
1783555200,3653000.0,3653000.0,3653000.0,3653000.0,0.0
1783557000,3653000.0,3653000.0,3653000.0,3653000.0,0.0
1783558800,3653000.0,3653000.0,3653000.0,3653000.0,0.0
1783560600,3653000.0,3653000.0,3653000.0,3653000.0,0.01292526
1783562400,3653000.0,3653000.0,3653000.0,3653000.0,0.05304544
1783564200,3620023.0,3653000.0,3620023.0,3653000.0,0.18840514
1783566000,3620023.0,3620023.0,3619998.0,3619998.0,0.1291194
1783567800,3619998.0,3619998.0,3600426.0,3600426.0,0.0639329
1783569600,3600426.0,3600426.0,3600426.0,3600426.0,0.00616355
1783571400,3653000.0,3653000.0,3600426.0,3600430.0,0.09563012
1783573200,3653000.0,3653000.0,3653000.0,3653000.0,0.00300793
1783575000,3653000.0,3653000.0,3600454.0,3600454.0,0.30659547
1783576800,3600454.0,3600454.0,3600454.0,3600454.0,0.0
1783578600,3600464.0,3600464.0,3600464.0,3600464.0,0.13874578
1783580400,3600464.0,3600464.0,3600464.0,3600464.0,0.0
1783582200,3652995.0,3653000.0,3652995.0,3653000.0,0.54866324
1783584000,3653000.0,3653000.0,3653000.0,3653000.0,0.0
1783585800,3653000.0,3654842.0,3653000.0,3654842.0,0.04043552
1783587600,3654842.0,3675000.0,3654842.0,3675000.0,0.09820776
1783589400,3675000.0,3675000.0,3675000.0,3675000.0,0.0
1783591200,3675000.0,3675000.0,3675000.0,3675000.0,0.02880108
1783593000,3675000.0,3675000.0,3601015.0,3601015.0,0.02293826
1783594800,3601015.0,3601015.0,3601015.0,3601015.0,0.0
1783596600,3675000.0,3697989.0,3675000.0,3697989.0,0.7872566
1783598400,3697989.0,3697989.0,3697989.0,3697989.0,0.04456638
1783600200,3697989.0,3697989.0,3697989.0,3697989.0,0.00403949
1783602000,3697989.0,3697989.0,3697989.0,3697989.0,0.0
1783603800,3601023.0,3694958.0,3601023.0,3601023.0,0.0904197
1783605600,3694916.0,3694916.0,3601019.0,3601019.0,0.09991714
1783607400,3601019.0,3601023.0,3601019.0,3601019.0,0.80245225
1783609200,3601023.0,3694524.0,3601023.0,3694524.0,0.04230593
1783611000,3694524.0,3694524.0,3694524.0,3694524.0,0.0
1783612800,3689850.0,3689850.0,3689850.0,3689850.0,0.0040484
1783614600,3601023.0,3601023.0,3601023.0,3601023.0,0.05092429
1783616400,3601023.0,3601023.0,3601023.0,3601023.0,0.0
1783618200,3601023.0,3601023.0,3601023.0,3601023.0,0.00801754
1783620000,3690000.0,3690000.0,3690000.0,3690000.0,0.00507913
1783621800,3690000.0,3690000.0,3690000.0,3690000.0,0.0
1783623600,3690000.0,3693956.0,3690000.0,3693956.0,0.24264696
1783625400,3693979.0,3693979.0,3693979.0,3693979.0,0.00337522
1783627200,3693979.0,3693979.0,3693979.0,3693979.0,0.0
1783629000,3693979.0,3693979.0,3693979.0,3693979.0,0.0
1783630800,3693979.0,3693979.0,3693979.0,3693979.0,0.0
1783632600,3689636.0,3689636.0,3689636.0,3689636.0,0.02704575
1783634400,3689636.0,3689636.0,3689636.0,3689636.0,0.0
1783636200,3689636.0,3689636.0,3689636.0,3689636.0,0.0
1783638000,3689096.0,3689096.0,3689096.0,3689096.0,0.00281288
1783639800,3689014.0,3689047.0,3689014.0,3689047.0,0.63221634
1783641600,3688859.0,3688859.0,3688859.0,3688859.0,0.00609944
1783643400,3601508.0,3601508.0,3601508.0,3601508.0,0.00889944
1783645200,3601508.0,3601508.0,3601508.0,3601508.0,0.0
1783647000,3601508.0,3601508.0,3601508.0,3601508.0,0.0
1783648800,3601508.0,3601508.0,3601508.0,3601508.0,0.02606789
1783650600,3601508.0,3601508.0,3601508.0,3601508.0,0.0
1783652400,3687992.0,3687992.0,3601516.0,3601516.0,0.023041
1783654200,3601516.0,3601516.0,3601516.0,3601516.0,0.0
1783656000,3687611.0,3687611.0,3687611.0,3687611.0,0.01999939
1783657800,3687611.0,3687611.0,3687611.0,3687611.0,0.0
1783659600,3601533.0,3601533.0,3600423.0,3600427.0,0.261943
1783661400,3600427.0,3600427.0,3600427.0,3600427.0,0.0
1783663200,3600427.0,3600427.0,3600427.0,3600427.0,0.0
1783665000,3600427.0,3600427.0,3600427.0,3600427.0,0.0
1783666800,3600427.0,3600427.0,3600427.0,3600427.0,0.0
1783668600,3600427.0,3600427.0,3600427.0,3600427.0,0.0
1783670400,3600427.0,3600427.0,3600427.0,3600427.0,0.0
1783672200,3600427.0,3600427.0,3600427.0,3600427.0,0.0
1783674000,3600427.0,3600427.0,3600427.0,3600427.0,0.0
1783675800,3600431.0,3667582.0,3600431.0,3667582.0,0.23334447
1783677600,3667582.0,3667582.0,3667582.0,3667582.0,0.0
1783679400,3667369.0,3667369.0,3659956.0,3659956.0,0.16157884
1783681200,3600426.0,3600426.0,3600426.0,3600426.0,0.00359749
1783683000,3600426.0,3659710.0,3600422.0,3600422.0,0.0423166
1783684800,3659478.0,3659478.0,3659478.0,3659478.0,0.0043957
1783686600,3658860.0,3658860.0,3658860.0,3658860.0,0.00681824
1783688400,3658557.0,3658557.0,3541696.0,3541696.0,0.32209128
1783690200,3541831.0,3687633.0,3541831.0,3687633.0,1.70369517
1783692000,3697989.0,3697989.0,3697989.0,3697989.0,0.27689025
1783693800,3699995.0,3700000.0,3541877.0,3699996.0,3.14473907
1783695600,3699988.0,3717976.0,3699988.0,3717976.0,1.31950153
1783697400,3642002.0,3736562.0,3542001.0,3736562.0,0.0193389
1783699200,3736562.0,3736563.0,3736562.0,3736563.0,0.10248267
1783701000,3641985.0,3641985.0,3541984.0,3541984.0,0.05787963
1783702800,3541984.0,3541984.0,3541984.0,3541984.0,0.0
1783704600,3541984.0,3541984.0,3541984.0,3541984.0,0.0
1783706400,3541984.0,3541984.0,3541984.0,3541984.0,0.0
1783708200,3541984.0,3541984.0,3541984.0,3541984.0,0.0
1783710000,3541984.0,3541984.0,3541984.0,3541984.0,0.0
1783711800,3541984.0,3541984.0,3541984.0,3541984.0,0.0
1783713600,3541984.0,3541984.0,3541984.0,3541984.0,0.0
1783715400,3541984.0,3541984.0,3541984.0,3541984.0,0.0
1783717200,3541984.0,3541984.0,3541984.0,3541984.0,0.0
1783719000,3541984.0,3541984.0,3541984.0,3541984.0,0.0
1783720800,3682140.0,3736562.0,3682140.0,3736562.0,0.05569942
1783722600,3736562.0,3736562.0,3736562.0,3736562.0,0.0
1783724400,3736562.0,3736562.0,3736562.0,3736562.0,0.0
1783726200,3736562.0,3736562.0,3736562.0,3736562.0,0.0
1783728000,3736562.0,3783739.0,3736562.0,3783739.0,0.13206246
1783729800,3699386.0,3699386.0,3584911.0,3584911.0,0.0269417
1783731600,3684918.0,3684918.0,3584950.0,3584950.0,0.0313034
1783733400,3584993.0,3821230.0,3480000.0,3480000.0,3.55715797
1783735200,3500125.0,3500125.0,3500125.0,3500125.0,0.01623457
1783737000,3500018.0,3789998.0,3500018.0,3789998.0,0.00750114
1783738800,3789997.0,3789997.0,3779955.0,3779968.0,0.15499457
1783740600,3779968.0,3779968.0,3779968.0,3779968.0,0.0
1783742400,3779968.0,3779968.0,3779968.0,3779968.0,0.0
1783744200,3500290.0,3779000.0,3500149.0,3779000.0,0.06316892
1783746000,3779004.0,3779004.0,3779001.0,3779001.0,0.01185894
1783747800,3778998.0,3778998.0,3700352.0,3700352.0,0.26416937
1783749600,3778976.0,3778978.0,3778976.0,3778978.0,0.06601599
1783751400,3700352.0,3700352.0,3700352.0,3700352.0,0.00750845
1783753200,3700352.0,3700352.0,3700352.0,3700352.0,0.0
1783755000,3700352.0,3700352.0,3700352.0,3700352.0,0.0
1783756800,3700352.0,3700352.0,3700352.0,3700352.0,0.0
1783758600,3700352.0,3700352.0,3700352.0,3700352.0,0.0
1783760400,3700369.0,3750000.0,3500370.0,3750000.0,1.92987604
1783762200,3779001.0,3779796.0,3779001.0,3779796.0,0.01740174
1783764000,3779796.0,3779796.0,3779796.0,3779796.0,0.0
1783765800,3779796.0,3779796.0,3779796.0,3779796.0,0.00504868
1783767600,3779792.0,3779792.0,3700509.0,3700509.0,0.01548663
1783769400,3779784.0,3779784.0,3779784.0,3779784.0,0.02640071
1783771200,3705012.0,3779780.0,3505006.0,3779780.0,0.04963847
1783773000,3779746.0,3779746.0,3707002.0,3779746.0,0.04432495
1783774800,3779746.0,3779746.0,3520050.0,3530011.0,0.30944881
1783776600,3609693.0,3609693.0,3609693.0,3609693.0,0.02512047
1783778400,3609693.0,3609693.0,3609693.0,3609693.0,0.0
1783780200,3730013.0,3730013.0,3530010.0,3530010.0,0.39288241
1783782000,3719333.0,3779724.0,3530207.0,3679650.0,0.58264946
1783783800,3679649.0,3679649.0,3679649.0,3679649.0,0.0068501
1783785600,3679649.0,3679649.0,3679649.0,3679649.0,0.0
1783787400,3729133.0,3729133.0,3729133.0,3729133.0,0.00668975
1783789200,3651002.0,3651002.0,3651002.0,3651002.0,0.00769619
1783791000,3729132.0,3729132.0,3729132.0,3729132.0,0.00511647
1783792800,3729132.0,3729132.0,3531011.0,3531012.0,0.03350014
1783794600,3536129.0,3607622.0,3535353.0,3553809.0,0.02383444
1783796400,3589734.0,3589734.0,3589734.0,3589734.0,0.0027743
1783798200,3589734.0,3625659.0,3589734.0,3625659.0,0.00675063
1783800000,3625659.0,3625659.0,3625659.0,3625659.0,0.0
1783801800,3625659.0,3625659.0,3625659.0,3625659.0,0.0
1783803600,3535994.0,3535994.0,3535994.0,3535994.0,0.00286515
1783805400,3535995.0,3535995.0,3535995.0,3535995.0,0.00675029
1783807200,3535995.0,3535995.0,3535995.0,3535995.0,0.0
1783809000,3535995.0,3535995.0,3535995.0,3535995.0,0.0
1783810800,3535995.0,3535995.0,3535995.0,3535995.0,0.0
1783812600,3625659.0,3679115.0,3625659.0,3679115.0,0.02723079
1783814400,3679115.0,3679115.0,3679115.0,3679115.0,0.1137634
1783816200,3679115.0,3679115.0,3679115.0,3679115.0,0.0
1783818000,3679115.0,3679115.0,3679115.0,3679115.0,0.0
1783819800,3679115.0,3679115.0,3679115.0,3679115.0,0.0
1783821600,3679100.0,3679100.0,3679100.0,3679100.0,0.00624853
1783823400,3679100.0,3679100.0,3679100.0,3679100.0,0.0
1783825200,3556214.0,3729000.0,3556214.0,3729000.0,0.43422303
1783827000,3729000.0,3729000.0,3729000.0,3729000.0,0.0
1783828800,3729000.0,3729000.0,3729000.0,3729000.0,0.0
1783830600,3556248.0,3728998.0,3556248.0,3728998.0,0.0454969
1783832400,3728997.0,3728998.0,3728997.0,3728998.0,0.00879941
1783834200,3728998.0,3728998.0,3728998.0,3728998.0,0.0
1783836000,3600303.0,3728998.0,3600303.0,3728998.0,0.0168361
1783837800,3728998.0,3728998.0,3728998.0,3728998.0,0.0
1783839600,3600303.0,3728993.0,3558482.0,3728993.0,0.12497237
1783841400,3728990.0,3733434.0,3728990.0,3733434.0,1.86523996
1783843200,3733434.0,3733434.0,3733434.0,3733434.0,0.0
1783845000,3561558.0,3733432.0,3561558.0,3733432.0,0.26708195
1783846800,3633427.0,3633427.0,3633427.0,3633427.0,0.01449621
1783848600,3633427.0,3633427.0,3633427.0,3633427.0,0.0
1783850400,3633427.0,3633427.0,3633427.0,3633427.0,0.0
1783852200,3633427.0,3633427.0,3633427.0,3633427.0,0.0
1783854000,3733432.0,3733432.0,3733432.0,3733432.0,0.00380668
1783855800,3733432.0,3733432.0,3733432.0,3733432.0,0.0
1783857600,3583019.0,3583019.0,3583019.0,3583019.0,0.03602011
1783859400,3585022.0,3585121.0,3585022.0,3585121.0,0.0190739
1783861200,3733430.0,3750607.0,3733430.0,3750607.0,0.2972459
1783863000,3769359.0,3769359.0,3769359.0,3769359.0,0.00312519
1783864800,3769359.0,3779750.0,3769359.0,3779750.0,0.11998717
1783866600,3779750.0,3779750.0,3779750.0,3779750.0,0.01317415
1783868400,3779750.0,3779750.0,3779750.0,3779750.0,0.16084607
1783870200,3779750.0,3779750.0,3779750.0,3779750.0,0.02616469
1783872000,3700000.0,3700000.0,3656764.0,3656764.0,0.0219716
1783873800,3779749.0,3779749.0,3779749.0,3779749.0,0.00263483
1783875600,3661389.0,3779748.0,3661388.0,3779748.0,0.01977432
1783877400,3779748.0,3779748.0,3779748.0,3779748.0,0.0
1783879200,3779748.0,3779748.0,3661389.0,3661389.0,0.007083
1783881000,3661389.0,3661389.0,3661389.0,3661389.0,0.0
1783882800,3779748.0,3779748.0,3779748.0,3779748.0,0.00295734
1783884600,3779748.0,3779748.0,3779748.0,3779748.0,0.0
1783886400,3779748.0,3779748.0,3779748.0,3779748.0,0.0
1783888200,3779748.0,3779748.0,3779748.0,3779748.0,0.0
1783890000,3779748.0,3779748.0,3779748.0,3779748.0,0.0
1783891800,3779748.0,3779748.0,3779748.0,3779748.0,0.00327541
1783893600,3779748.0,3779748.0,3779748.0,3779748.0,0.03254549
1783895400,3779748.0,3779748.0,3779748.0,3779748.0,0.0
1783897200,3779744.0,3852169.0,3661388.0,3661388.0,2.36617293
1783899000,3852029.0,3852029.0,3852029.0,3852029.0,0.01325639
1783900800,3851746.0,3851746.0,3851746.0,3851746.0,0.01369378
1783902600,3700002.0,3851594.0,3661405.0,3851594.0,0.13914754
1783904400,3661992.0,3661992.0,3642680.0,3642680.0,2.23541011
1783906200,3642680.0,3642680.0,3642680.0,3642680.0,0.0
1783908000,3634459.0,3634459.0,3634459.0,3634459.0,0.00377522
1783909800,3634459.0,3634459.0,3634459.0,3634459.0,0.01305951
1783911600,3669487.0,3669487.0,3669487.0,3669487.0,0.01788793
1783913400,3768086.0,3768086.0,3767008.0,3767008.0,0.025537
1783915200,3763048.0,3763048.0,3763048.0,3763048.0,0.01314147
1783917000,3634457.0,3760998.0,3600843.0,3760998.0,0.08697723
1783918800,3760998.0,3760998.0,3760998.0,3760998.0,0.0
1783920600,3760998.0,3760998.0,3760998.0,3760998.0,0.0
1783922400,3738002.0,3738002.0,3738002.0,3738002.0,0.0183368
1783924200,3738002.0,3738002.0,3738002.0,3738002.0,0.0
1783926000,3737000.0,3737000.0,3609705.0,3609705.0,0.0550371
1783927800,3735999.0,3735999.0,3609706.0,3735999.0,0.00908417
1783929600,3609807.0,3609807.0,3609806.0,3609806.0,0.0121271
1783931400,3609851.0,3609851.0,3609851.0,3609851.0,0.00624853
1783933200,3726009.0,3726010.0,3726009.0,3726010.0,0.0750618
1783935000,3726010.0,3726010.0,3726010.0,3726010.0,0.0
1783936800,3610101.0,3610101.0,3610101.0,3610101.0,0.00312519
1783938600,3610103.0,3725004.0,3610103.0,3680117.0,0.17186273
1783940400,3680117.0,3680117.0,3680117.0,3680117.0,0.0
1783942200,3680117.0,3680117.0,3680117.0,3680117.0,0.0
1783944000,3720009.0,3720009.0,3720009.0,3720009.0,0.00652337
1783945800,3720009.0,3720010.0,3720002.0,3720002.0,0.0134782
1783947600,3720002.0,3720002.0,3720002.0,3720002.0,0.0
1783949400,3719010.0,3737010.0,3680127.0,3680127.0,0.37319638
1783951200,3680127.0,3680127.0,3680127.0,3680127.0,0.0
1783953000,3680127.0,3680127.0,3680127.0,3680127.0,0.0
1783954800,3680127.0,3680127.0,3680127.0,3680127.0,0.0
1783956600,3734996.0,3734996.0,3637191.0,3637191.0,0.00784136
1783958400,3734996.0,3734996.0,3734996.0,3734996.0,0.05686351
1783960200,3734996.0,3734996.0,3734996.0,3734996.0,0.0
1783962000,3730210.0,3730210.0,3730210.0,3730210.0,0.00668782
1783963800,3730210.0,3730210.0,3730210.0,3730210.0,0.0
1783965600,3730210.0,3730210.0,3730210.0,3730210.0,0.0
1783967400,3727520.0,3727520.0,3637190.0,3727465.0,0.0872536
1783969200,3705849.0,3705849.0,3705849.0,3705849.0,0.00419689
1783971000,3705849.0,3705849.0,3705849.0,3705849.0,0.0
1783972800,3705849.0,3705849.0,3705849.0,3705849.0,0.0
1783974600,3705849.0,3705849.0,3705849.0,3705849.0,0.0
1783976400,3705849.0,3705849.0,3705849.0,3705849.0,0.0
1783978200,3705849.0,3705849.0,3705849.0,3705849.0,0.0
1783980000,3705849.0,3705849.0,3705849.0,3705849.0,0.0
1783981800,3705849.0,3705849.0,3705849.0,3705849.0,0.0
1783983600,3705849.0,3705849.0,3705849.0,3705849.0,0.00253499
1783985400,3705849.0,3705849.0,3705849.0,3705849.0,0.0
1783987200,3666403.0,3666403.0,3666403.0,3666403.0,0.00504868
1783989000,3666403.0,3666403.0,3666403.0,3666403.0,0.0
1783990800,3705746.0,3705746.0,3705746.0,3705746.0,0.00618525
1783992600,3666403.0,3666404.0,3666403.0,3666404.0,0.01202343
1783994400,3666404.0,3666404.0,3666404.0,3666404.0,0.0
1783996200,3666404.0,3666404.0,3666404.0,3666404.0,0.0
1783998000,3666403.0,3666403.0,3666403.0,3666403.0,0.37500421
1783999800,3666403.0,3666403.0,3666403.0,3666403.0,0.0
1784001600,3704801.0,3704996.0,3704801.0,3704996.0,1.00042594
1784003400,3666403.0,3704495.0,3637264.0,3704495.0,0.13963046
1784005200,3704495.0,3704495.0,3704495.0,3704495.0,0.0
1784007000,3677939.0,3677939.0,3677939.0,3677939.0,0.04043552
1784008800,3677943.0,3677943.0,3677943.0,3677943.0,0.00417312
1784010600,3677943.0,3677943.0,3677943.0,3677943.0,0.0
1784012400,3677943.0,3677943.0,3677943.0,3677943.0,0.0
1784014200,3677943.0,3677943.0,3677943.0,3677943.0,0.0
1784016000,3703996.0,3703996.0,3703996.0,3703996.0,0.00268871
1784017800,3703996.0,3703996.0,3703996.0,3703996.0,0.0
1784019600,3703996.0,3703996.0,3703996.0,3703996.0,0.0
1784021400,3703996.0,3703996.0,3703996.0,3703996.0,0.0
1784023200,3703996.0,3703996.0,3703996.0,3703996.0,0.0
1784025000,3677939.0,3677939.0,3677939.0,3677939.0,0.00813897
1784026800,3677939.0,3677939.0,3677939.0,3677939.0,0.0
1784028600,3677939.0,3677939.0,3677939.0,3677939.0,0.0
1784030400,3703492.0,3703492.0,3703492.0,3703492.0,0.00421737
1784032200,3703492.0,3703492.0,3703492.0,3703492.0,0.0
1784034000,3703492.0,3703492.0,3703492.0,3703492.0,0.0
1784035800,3716458.0,3716458.0,3677939.0,3677939.0,0.20500009
1784037600,3677939.0,3677939.0,3677939.0,3677939.0,0.0
1784039400,3677939.0,3677939.0,3677939.0,3677939.0,0.0
1784041200,3709000.0,3709000.0,3708900.0,3708900.0,0.01625083
1784043000,3677939.0,3677939.0,3671036.0,3671036.0,0.01968601
1784044800,3671036.0,3671036.0,3671036.0,3671036.0,0.0
1784046600,3716436.0,3716436.0,3716436.0,3716436.0,0.12422411
1784048400,3716436.0,3716436.0,3716436.0,3716436.0,0.0
1784050200,3759991.0,3759991.0,3759991.0,3759991.0,0.00663485
1784052000,3759991.0,3759991.0,3759991.0,3759991.0,0.0
1784053800,3759991.0,3763041.0,3759991.0,3763041.0,0.18323461
1784055600,3763041.0,3763041.0,3763041.0,3763041.0,0.0
1784057400,3763041.0,3763041.0,3763041.0,3763041.0,0.0
1784059200,3763041.0,3763041.0,3763041.0,3763041.0,0.00529305
1784061000,3763041.0,3763041.0,3763041.0,3763041.0,0.0
1784062800,3763041.0,3763041.0,3763041.0,3763041.0,0.0
1784064600,3763041.0,3763041.0,3763041.0,3763041.0,0.0
1784066400,3760500.0,3763042.0,3760500.0,3763042.0,2.35900001
1784068200,3763042.0,3763042.0,3763042.0,3763042.0,0.0
1784070000,3763050.0,3763050.0,3763050.0,3763050.0,0.542739
1784071800,3763041.0,3772903.0,3669949.0,3672904.0,0.15925843
1784073600,3790126.0,3790126.0,3790126.0,3790126.0,0.00525522
1784075400,3790126.0,3790126.0,3790126.0,3790126.0,0.00853849
1784077200,3790126.0,3790126.0,3790126.0,3790126.0,0.0
1784079000,3790126.0,3790126.0,3790126.0,3790126.0,0.0
1784080800,3790126.0,3790126.0,3790126.0,3790126.0,0.0
1784082600,3790126.0,3790126.0,3790126.0,3790126.0,0.0
1784084400,3790126.0,3790126.0,3790126.0,3790126.0,0.0
1784086200,3790126.0,3790126.0,3790126.0,3790126.0,0.0
1784088000,3790124.0,3790124.0,3790124.0,3790124.0,0.10018221
1784089800,3790124.0,3790124.0,3790124.0,3790124.0,0.0
1784091600,3790124.0,3808900.0,3790124.0,3790130.0,1.42019851
1784093400,3790130.0,3790130.0,3790130.0,3790130.0,0.0
1784095200,3790130.0,3790130.0,3790130.0,3790130.0,0.0
1784097000,3849995.0,3849995.0,3849995.0,3849995.0,0.0036039
1784098800,3790526.0,3849995.0,3790526.0,3849995.0,0.02940939
1784100600,3790526.0,3790526.0,3790526.0,3790526.0,0.02449694
1784102400,3706645.0,3844527.0,3706645.0,3844527.0,0.00875765
1784104200,3742987.0,3742987.0,3742987.0,3742987.0,0.00570084
1784106000,3742987.0,3742987.0,3742987.0,3742987.0,0.0
1784107800,3742987.0,3742987.0,3742987.0,3742987.0,0.0
1784109600,3742987.0,3742987.0,3742987.0,3742987.0,0.0
1784111400,3742987.0,3742987.0,3742987.0,3742987.0,0.0
1784113200,3707918.0,3707918.0,3707918.0,3707918.0,0.09924869
1784115000,3707922.0,3707922.0,3707922.0,3707922.0,0.00618525
1784116800,3707950.0,3707950.0,3707950.0,3707950.0,0.55829932
1784118600,3707950.0,3707950.0,3707950.0,3707950.0,0.0
1784120400,3789999.0,3790000.0,3789900.0,3789900.0,0.02896809
1784122200,3789890.0,3789890.0,3789890.0,3789890.0,0.01304681
1784124000,3789870.0,3789870.0,3789870.0,3789870.0,0.05402955
1784125800,3707911.0,3707912.0,3707911.0,3707912.0,0.01546226
1784127600,3707912.0,3707912.0,3707911.0,3707911.0,0.80186261
1784129400,3707911.0,3707911.0,3707911.0,3707911.0,0.0
1784131200,3707911.0,3707911.0,3707911.0,3707911.0,0.0
1784133000,3765771.0,3765771.0,3765771.0,3765771.0,0.00905312
1784134800,3788845.0,3788845.0,3788842.0,3788842.0,0.01058501
1784136600,3707002.0,3707002.0,3707002.0,3707002.0,0.00400069
1784138400,3788860.0,3788860.0,3788860.0,3788860.0,0.0988218
1784140200,3788860.0,3788860.0,3788860.0,3788860.0,0.0
1784142000,3788860.0,3788860.0,3788860.0,3788860.0,0.0
1784143800,3707002.0,3707002.0,3690526.0,3690526.0,0.04515774
1784145600,3690526.0,3690526.0,3690526.0,3690526.0,0.0
1784147400,3690526.0,3690526.0,3690526.0,3690526.0,0.0
1784149200,3788800.0,3788800.0,3788800.0,3788800.0,0.01314268
1784151000,3788800.0,3788800.0,3788800.0,3788800.0,0.0
1784152800,3788800.0,3788800.0,3788800.0,3788800.0,0.0
1784154600,3788800.0,3788800.0,3788800.0,3788800.0,0.0
1784156400,3788800.0,3788800.0,3788800.0,3788800.0,0.0
1784158200,3788800.0,3788800.0,3788800.0,3788800.0,0.0
1784160000,3788700.0,3788700.0,3788700.0,3788700.0,0.58933735
1784161800,3788700.0,3788700.0,3788700.0,3788700.0,0.0
1784163600,3788700.0,3788700.0,3788700.0,3788700.0,0.0
1784165400,3788700.0,3788700.0,3788700.0,3788700.0,0.0
1784167200,3788700.0,3788700.0,3788700.0,3788700.0,0.0
1784169000,3788600.0,3788600.0,3691993.0,3691993.0,0.02867623
1784170800,3691993.0,3691993.0,3691993.0,3691993.0,0.0
1784172600,3788600.0,3838999.0,3788600.0,3838951.0,0.71855542
1784174400,3838985.0,3838985.0,3838985.0,3838985.0,0.00259417
1784176200,3838985.0,3838985.0,3838985.0,3838985.0,0.0
1784178000,3838985.0,3838985.0,3838985.0,3838985.0,0.0
1784179800,3838751.0,3838751.0,3838751.0,3838751.0,0.00759413
1784181600,3838751.0,3838751.0,3838751.0,3838751.0,0.0
1784183400,3838751.0,3838751.0,3838751.0,3838751.0,0.0
1784185200,3793589.0,3794000.0,3793589.0,3794000.0,0.28783887
1784187000,3794000.0,3794000.0,3794000.0,3794000.0,0.0
1784188800,3794996.0,3794996.0,3794996.0,3794996.0,0.03219871
1784190600,3794096.0,3794996.0,3794096.0,3794996.0,0.01312387
1784192400,3693917.0,3693917.0,3693917.0,3693917.0,0.00273093
1784194200,3693917.0,3693917.0,3693917.0,3693917.0,0.0
1784196000,3693917.0,3693917.0,3693917.0,3693917.0,0.0
1784197800,3794005.0,3794875.0,3693921.0,3794875.0,0.11713941
1784199600,3794875.0,3794875.0,3794875.0,3794875.0,0.0
1784201400,3791269.0,3791269.0,3791269.0,3791269.0,0.00262682
1784203200,3791125.0,3791125.0,3791125.0,3791125.0,0.00279442
1784205000,3791125.0,3791125.0,3791125.0,3791125.0,0.0
1784206800,3791125.0,3791125.0,3791125.0,3791125.0,0.0
1784208600,3695541.0,3789081.0,3695541.0,3789081.0,0.14471808
1784210400,3770005.0,3770005.0,3695510.0,3695510.0,0.01501191
1784212200,3747737.0,3747737.0,3695909.0,3695909.0,0.09201537
1784214000,3695909.0,3742349.0,3695909.0,3742349.0,0.01326043
1784215800,3750480.0,3750480.0,3750480.0,3750480.0,0.00951611
1784217600,3750480.0,3750480.0,3748795.0,3748795.0,0.03124787
1784219400,3748795.0,3748795.0,3748795.0,3748795.0,0.0
1784221200,3695915.0,3750480.0,3695915.0,3750480.0,0.03018505
1784223000,3695915.0,3695915.0,3695915.0,3695915.0,0.01336825
1784224800,3695915.0,3695915.0,3695915.0,3695915.0,0.0
1784226600,3695915.0,3695915.0,3695915.0,3695915.0,0.0
1784228400,3749999.0,3749999.0,3749999.0,3749999.0,0.00904826
1784230200,3749999.0,3749999.0,3749999.0,3749999.0,0.0
1784232000,3749999.0,3749999.0,3749999.0,3749999.0,0.0
1784233800,3749999.0,3749999.0,3749999.0,3749999.0,0.0
1784235600,3749999.0,3749999.0,3749999.0,3749999.0,0.0
1784237400,3749653.0,3749653.0,3749653.0,3749653.0,0.31871909
1784239200,3749653.0,3749653.0,3749653.0,3749653.0,0.0
1784241000,3749653.0,3749653.0,3749653.0,3749653.0,0.0
1784242800,3695915.0,3695915.0,3695909.0,3695909.0,0.13010344
1784244600,3695909.0,3695909.0,3693916.0,3693916.0,0.04220319
1784246400,3693916.0,3693916.0,3693916.0,3693916.0,0.0
1784248200,3693916.0,3693916.0,3650000.0,3650000.0,1.21294993
1784250000,3650000.0,3650000.0,3650000.0,3650000.0,0.0
1784251800,3650000.0,3650000.0,3650000.0,3650000.0,0.01015481
1784253600,3650004.0,3650004.0,3650004.0,3650004.0,0.00562256
1784255400,3650000.0,3650000.0,3590121.0,3590121.0,0.20949337
1784257200,3590012.0,3705480.0,3590012.0,3590042.0,0.12324312
1784259000,3590042.0,3590042.0,3590042.0,3590042.0,0.0
1784260800,3684397.0,3684398.0,3684397.0,3684398.0,0.15621575
1784262600,3681606.0,3681606.0,3681606.0,3681606.0,0.2534364
1784264400,3590925.0,3590925.0,3590034.0,3590042.0,0.03635497
1784266200,3667659.0,3667659.0,3667657.0,3667657.0,0.00590076
1784268000,3667657.0,3667657.0,3667657.0,3667657.0,0.0
1784269800,3667657.0,3667657.0,3667657.0,3667657.0,0.0
1784271600,3590048.0,3590048.0,3590048.0,3590048.0,0.00904778
1784273400,3641341.0,3641341.0,3590052.0,3590052.0,0.00558461
1784275200,3649470.0,3649470.0,3649470.0,3649470.0,0.00446201
1784277000,3649470.0,3649470.0,3649470.0,3649470.0,0.0
1784278800,3649470.0,3649470.0,3649470.0,3649470.0,0.0
1784280600,3590052.0,3650487.0,3590025.0,3590035.0,0.05350609
1784282400,3590035.0,3590035.0,3590035.0,3590035.0,0.0
1784284200,3590035.0,3590035.0,3590035.0,3590035.0,0.0
1784286000,3591000.0,3658878.0,3591000.0,3658878.0,0.07049015
1784287800,3591000.0,3591000.0,3590032.0,3590035.0,0.57295495
1784289600,3590035.0,3590035.0,3590035.0,3590035.0,0.0
1784291400,3590035.0,3590035.0,3590035.0,3590035.0,0.0
1784293200,3590035.0,3590035.0,3590035.0,3590035.0,0.0
1784295000,3590042.0,3590042.0,3590042.0,3590042.0,0.00372679
1784296800,3590042.0,3590042.0,3590042.0,3590042.0,0.0
1784298600,3590042.0,3590042.0,3590042.0,3590042.0,0.0
1784300400,3590042.0,3590042.0,3590042.0,3590042.0,0.0
1784302200,3590042.0,3590042.0,3590042.0,3590042.0,0.0
1784304000,3590042.0,3590042.0,3590042.0,3590042.0,0.0
1784305800,3590042.0,3590042.0,3590042.0,3590042.0,0.0
1784307600,3693916.0,3695889.0,3693916.0,3695889.0,0.02825068
1784309400,3695889.0,3695889.0,3695889.0,3695889.0,0.0
1784311200,3697659.0,3697659.0,3697659.0,3697659.0,0.02693325
1784313000,3687847.0,3687852.0,3687847.0,3687852.0,0.01282129
1784314800,3687852.0,3687852.0,3687852.0,3687852.0,0.0
1784316600,3687852.0,3687852.0,3687852.0,3687852.0,0.0
1784318400,3687852.0,3687852.0,3687852.0,3687852.0,0.0
1784320200,3687852.0,3687852.0,3687852.0,3687852.0,0.0
1784322000,3687852.0,3687852.0,3687852.0,3687852.0,0.0
1784323800,3687852.0,3687852.0,3687852.0,3687852.0,0.0
1784325600,3687852.0,3687852.0,3687852.0,3687852.0,0.0
1784327400,3669105.0,3669105.0,3669105.0,3669105.0,0.00271428
1784329200,3669105.0,3669105.0,3669105.0,3669105.0,0.00271428
1784331000,3669105.0,3669105.0,3669105.0,3669105.0,0.0
1784332800,3590961.0,3590961.0,3590961.0,3590961.0,0.04371911
1784334600,3590961.0,3590961.0,3590961.0,3590961.0,0.0
1784336400,3590961.0,3590961.0,3590961.0,3590961.0,0.0
1784338200,3676596.0,3676596.0,3676596.0,3676596.0,0.01007344
1784340000,3676596.0,3676596.0,3676596.0,3676596.0,0.0
1784341800,3676596.0,3676596.0,3676596.0,3676596.0,0.0
1784343600,3676596.0,3676596.0,3676596.0,3676596.0,0.0
1784345400,3676596.0,3676596.0,3676596.0,3676596.0,0.0
1784347200,3590961.0,3590961.0,3590961.0,3590961.0,0.00383203
1784349000,3700000.0,3700000.0,3700000.0,3700000.0,0.02691621
1784350800,3700000.0,3700000.0,3700000.0,3700000.0,0.0
1784352600,3591100.0,3700000.0,3591100.0,3700000.0,0.0681472
1784354400,3700000.0,3700000.0,3700000.0,3700000.0,0.0
1784356200,3700000.0,3700000.0,3700000.0,3700000.0,0.0
1784358000,3700000.0,3700000.0,3700000.0,3700000.0,0.0
1784359800,3591304.0,3699996.0,3591304.0,3699996.0,0.03253793
1784361600,3660634.0,3700000.0,3660634.0,3700000.0,0.00541218
1784363400,3591300.0,3591300.0,3591300.0,3591300.0,0.00529601
1784365200,3591300.0,3591300.0,3591300.0,3591300.0,0.0
1784367000,3591500.0,3591500.0,3591500.0,3591500.0,0.00576012
1784368800,3591500.0,3591500.0,3591500.0,3591500.0,0.0
1784370600,3656478.0,3656478.0,3656478.0,3656478.0,0.0152346
1784372400,3656478.0,3656478.0,3656478.0,3656478.0,0.0
1784374200,3656478.0,3656478.0,3656478.0,3656478.0,0.0
1784376000,3658092.0,3658092.0,3658092.0,3658092.0,0.00272245
1784377800,3657820.0,3657820.0,3657820.0,3657820.0,0.00626192
1784379600,3657820.0,3657820.0,3657820.0,3657820.0,0.0
1784381400,3591750.0,3591750.0,3591750.0,3591750.0,0.01286114
1784383200,3658965.0,3658965.0,3658965.0,3658965.0,0.0027218
1784385000,3658955.0,3658955.0,3658955.0,3658955.0,0.01340929
1784386800,3658955.0,3658955.0,3658955.0,3658955.0,0.0
1784388600,3658955.0,3658955.0,3658955.0,3658955.0,0.0
1784390400,3656944.0,3656944.0,3656944.0,3656944.0,0.01316317
1784392200,3656944.0,3656944.0,3656944.0,3656944.0,0.0
1784394000,3657014.0,3657014.0,3657014.0,3657014.0,0.08079433
1784395800,3657014.0,3657014.0,3657014.0,3657014.0,0.0
1784397600,3657014.0,3657014.0,3657014.0,3657014.0,0.0
1784399400,3657014.0,3657014.0,3592063.0,3592063.0,0.00599066
1784401200,3592063.0,3592063.0,3592063.0,3592063.0,0.0
1784403000,3657014.0,3657014.0,3657014.0,3657014.0,0.01364337
1784404800,3657014.0,3657014.0,3657014.0,3657014.0,0.0
1784406600,3657014.0,3657014.0,3657014.0,3657014.0,0.01286454
1784408400,3657014.0,3657014.0,3657014.0,3657014.0,0.0
1784410200,3657014.0,3657014.0,3657014.0,3657014.0,0.0
1784412000,3657014.0,3657014.0,3657014.0,3657014.0,0.0
1784413800,3657014.0,3657014.0,3657014.0,3657014.0,0.0
1784415600,3657014.0,3657014.0,3657014.0,3657014.0,0.01714573
1784417400,3657014.0,3657014.0,3657014.0,3657014.0,0.0
1784419200,3657014.0,3657014.0,3657014.0,3657014.0,0.0
1784421000,3592150.0,3592150.0,3592150.0,3592150.0,0.02704575
1784422800,3592150.0,3592150.0,3592150.0,3592150.0,0.0
1784424600,3655932.0,3655932.0,3655932.0,3655932.0,0.00272406
1784426400,3655932.0,3655932.0,3655932.0,3655932.0,0.0
1784428200,3655932.0,3655932.0,3655932.0,3655932.0,0.0
1784430000,3655932.0,3655932.0,3655932.0,3655932.0,0.0
1784431800,3656478.0,3656478.0,3656478.0,3656478.0,0.00702178
1784433600,3656478.0,3656478.0,3656478.0,3656478.0,0.0
1784435400,3657280.0,3657280.0,3657280.0,3657280.0,0.1368167
1784437200,3655909.0,3655909.0,3655909.0,3655909.0,0.02015832
1784439000,3655909.0,3655909.0,3655909.0,3655909.0,0.0
1784440800,3655909.0,3655909.0,3655909.0,3655909.0,0.0
1784442600,3655909.0,3655909.0,3655909.0,3655909.0,0.0
1784444400,3592655.0,3654309.0,3483067.0,3654309.0,2.96238656
1784446200,3654309.0,3654309.0,3654309.0,3654309.0,0.0
1784448000,3484556.0,3532000.0,3484556.0,3532000.0,0.01680751
1784449800,3484683.0,3521969.0,3483971.0,3521969.0,0.07688608
1784451600,3521969.0,3521969.0,3521969.0,3521969.0,0.0
1784453400,3658820.0,3658820.0,3484709.0,3484709.0,0.32407215
1784455200,3484709.0,3484709.0,3484709.0,3484709.0,0.0
1784457000,3484709.0,3484709.0,3484709.0,3484709.0,0.0
1784458800,3648979.0,3648982.0,3648979.0,3648982.0,0.05374514
1784460600,3648982.0,3648982.0,3648982.0,3648982.0,0.0
1784462400,3558492.0,3558492.0,3558492.0,3558492.0,0.04090954
1784464200,3558492.0,3558492.0,3558492.0,3558492.0,0.0
1784466000,3648089.0,3648098.0,3648089.0,3648098.0,0.19808801
1784467800,3648098.0,3648098.0,3648098.0,3648098.0,0.0
1784469600,3648098.0,3648098.0,3648093.0,3648093.0,0.01394973
1784471400,3648093.0,3648093.0,3648093.0,3648093.0,0.0
1784473200,3647991.0,3647991.0,3647991.0,3647991.0,0.00959595
1784475000,3647991.0,3647991.0,3647991.0,3647991.0,0.0
1784476800,3569839.0,3569839.0,3559830.0,3559830.0,0.35430376
1784478600,3644984.0,3644984.0,3644984.0,3644984.0,0.05475414
1784480400,3644984.0,3644984.0,3644984.0,3644984.0,0.0
1784482200,3644980.0,3644980.0,3644492.0,3644492.0,0.00546486
1784484000,3644492.0,3644492.0,3644492.0,3644492.0,0.0
1784485800,3644492.0,3644492.0,3644492.0,3644492.0,0.0
1784487600,3644492.0,3644492.0,3644492.0,3644492.0,0.0
1784489400,3644492.0,3644492.0,3644492.0,3644492.0,0.0
1784491200,3644492.0,3644492.0,3644492.0,3644492.0,0.0
1784493000,3644492.0,3644492.0,3644492.0,3644492.0,0.0
1784494800,3644492.0,3644492.0,3644492.0,3644492.0,0.0
1784496600,3644492.0,3644492.0,3644492.0,3644492.0,0.0
1784498400,3644496.0,3644496.0,3644496.0,3644496.0,0.27380823
1784500200,3644496.0,3644496.0,3644496.0,3644496.0,0.00546659
1784502000,3644400.0,3644400.0,3644400.0,3644400.0,0.00546537
1784503800,3644400.0,3644400.0,3644400.0,3644400.0,0.0
1784505600,3577507.0,3577507.0,3577507.0,3577507.0,0.00508347
1784507400,3577507.0,3577507.0,3577507.0,3577507.0,0.0
1784509200,3643995.0,3643995.0,3643995.0,3643995.0,0.01197367
1784511000,3643995.0,3643995.0,3643995.0,3643995.0,0.0
1784512800,3577755.0,3577755.0,3577754.0,3577754.0,0.03134379
1784514600,3643976.0,3643976.0,3643976.0,3643976.0,0.00464602
1784516400,3643976.0,3643976.0,3643976.0,3643976.0,0.0
1784518200,3643976.0,3643976.0,3643976.0,3643976.0,0.02098861
1784520000,3594033.0,3643981.0,3594033.0,3643981.0,0.04880653
1784521800,3643981.0,3643981.0,3643981.0,3643981.0,0.0
1784523600,3643900.0,3643900.0,3643900.0,3643900.0,0.10826175
1784525400,3643900.0,3643900.0,3643900.0,3643900.0,0.0
1784527200,3643900.0,3643900.0,3643900.0,3643900.0,0.0
1784529000,3643900.0,3643900.0,3643900.0,3643900.0,0.0
1784530800,3604025.0,3604025.0,3505000.0,3505000.0,0.33436893
1784532600,3505000.0,3505000.0,3505000.0,3505000.0,0.0
1784534400,3643790.0,3643795.0,3515596.0,3515596.0,0.82981616
1784536200,3515596.0,3515596.0,3515596.0,3515596.0,0.0
1784538000,3515596.0,3515596.0,3515596.0,3515596.0,0.0
1784539800,3515723.0,3643794.0,3515723.0,3643794.0,0.01030467
1784541600,3515768.0,3515768.0,3515767.0,3515767.0,0.03415361
1784543400,3515767.0,3515767.0,3515767.0,3515767.0,0.0
1784545200,3643794.0,3699996.0,3643794.0,3699996.0,0.43775631
1784547000,3644984.0,3644984.0,3644984.0,3644984.0,0.28813881
1784548800,3699892.0,3699892.0,3644984.0,3644984.0,0.02964977
1784550600,3699800.0,3699800.0,3644984.0,3644984.0,0.35515546
1784552400,3699790.0,3699790.0,3699790.0,3699790.0,0.00594358
1784554200,3644988.0,3644988.0,3644988.0,3644988.0,0.02904436
1784556000,3665003.0,3665003.0,3644984.0,3644984.0,0.21473174
1784557800,3670203.0,3670203.0,3549039.0,3549039.0,0.00814874
1784559600,3570201.0,3570201.0,3570201.0,3570201.0,0.01312615
1784561400,3670202.0,3690000.0,3670202.0,3690000.0,0.27049029
1784563200,3589995.0,3689996.0,3589995.0,3689995.0,0.02623101
1784565000,3689995.0,3689995.0,3689995.0,3689995.0,0.0
1784566800,3680556.0,3680556.0,3521542.0,3521542.0,0.14885492
1784568600,3680978.0,3680978.0,3680978.0,3680978.0,0.00805981
1784570400,3680978.0,3680978.0,3680978.0,3680978.0,0.0
1784572200,3631614.0,3631614.0,3521599.0,3521599.0,0.01244876
1784574000,3521658.0,3521658.0,3521658.0,3521658.0,0.00554549
1784575800,3521658.0,3521658.0,3521658.0,3521658.0,0.0
1784577600,3521658.0,3521658.0,3521658.0,3521658.0,0.0
1784579400,3660234.0,3660234.0,3660234.0,3660234.0,0.00681568
1784581200,3660234.0,3660234.0,3660234.0,3660234.0,0.0
1784583000,3663533.0,3663533.0,3663533.0,3663533.0,0.27184278
1784584800,3663533.0,3663533.0,3663533.0,3663533.0,0.0
1784586600,3663533.0,3663533.0,3663533.0,3663533.0,0.0
1784588400,3661017.0,3661017.0,3523623.0,3523623.0,0.00843208
1784590200,3669121.0,3669121.0,3669121.0,3669121.0,0.02406898
1784592000,3625765.0,3664327.0,3625765.0,3664327.0,0.03911749
1784593800,3670855.0,3670855.0,3670855.0,3670855.0,0.00566571
1784595600,3670855.0,3670855.0,3670855.0,3670855.0,0.0
1784597400,3625792.0,3673034.0,3625792.0,3673034.0,0.03122201
1784599200,3673034.0,3673034.0,3673034.0,3673034.0,0.0
1784601000,3673034.0,3673034.0,3673034.0,3673034.0,0.0
1784602800,3625792.0,3625792.0,3625792.0,3625792.0,0.00583584
1784604600,3625793.0,3625793.0,3525770.0,3525770.0,0.00935621
1784606400,3525770.0,3525770.0,3525770.0,3525770.0,0.0
1784608200,3525770.0,3525770.0,3525770.0,3525770.0,0.0
1784610000,3525770.0,3525770.0,3525770.0,3525770.0,0.0
1784611800,3525770.0,3525770.0,3525770.0,3525770.0,0.0
1784613600,3525770.0,3525770.0,3525770.0,3525770.0,0.0
1784615400,3525770.0,3525770.0,3525770.0,3525770.0,0.0
1784617200,3637502.0,3637502.0,3637502.0,3637502.0,0.00690171
1784619000,3685973.0,3693824.0,3685973.0,3693215.0,0.93309988
1784620800,3699967.0,3699967.0,3699896.0,3699896.0,0.01474939
1784622600,3699996.0,3699996.0,3699996.0,3699996.0,0.00916325
1784624400,3679269.0,3699996.0,3679269.0,3699996.0,0.0053818
1784626200,3699996.0,3699996.0,3699996.0,3699996.0,0.0
1784628000,3699996.0,3699996.0,3699996.0,3699996.0,0.0
1784629800,3699996.0,3699996.0,3699996.0,3699996.0,0.0
1784631600,3699996.0,3699996.0,3699996.0,3699996.0,0.0
1784633400,3699996.0,3699996.0,3699996.0,3699996.0,0.0
1784635200,3699996.0,3699996.0,3699996.0,3699996.0,0.0
1784637000,3699824.0,3700000.0,3699824.0,3700000.0,0.80910877
1784638800,3700000.0,3700000.0,3700000.0,3700000.0,0.0
1784640600,3700000.0,3729000.0,3700000.0,3727996.0,0.35936783
1784642400,3670671.0,3670671.0,3670671.0,3670671.0,0.0502702
1784644200,3705080.0,3705080.0,3637506.0,3637506.0,0.29815801
1784646000,3637610.0,3715112.0,3637610.0,3715112.0,0.03264835
1784647800,3715112.0,3726928.0,3715112.0,3726928.0,0.02552321
1784649600,3722466.0,3722466.0,3722466.0,3722466.0,0.00670174
1784651400,3704148.0,3707250.0,3704148.0,3706904.0,0.23292334
1784653200,3659376.0,3659376.0,3659376.0,3659376.0,0.00805981
1784655000,3659376.0,3659376.0,3659376.0,3659376.0,0.0
1784656800,3659376.0,3659376.0,3659376.0,3659376.0,0.0
1784658600,3725410.0,3725410.0,3725410.0,3725410.0,0.00666074
1784660400,3725410.0,3725410.0,3725410.0,3725410.0,0.0
1784662200,3689028.0,3689028.0,3689028.0,3689028.0,0.00437883
1784664000,3689028.0,3689028.0,3689028.0,3689028.0,0.0
1784665800,3689028.0,3689028.0,3689028.0,3689028.0,0.0
1784667600,3689028.0,3689028.0,3689028.0,3689028.0,0.0
1784669400,3686371.0,3686371.0,3685305.0,3685305.0,0.01419701
1784671200,3679295.0,3679295.0,3679295.0,3679295.0,0.13008728
1784673000,3679295.0,3679295.0,3679295.0,3679295.0,0.0
1784674800,3679295.0,3679295.0,3679295.0,3679295.0,0.0
1784676600,3726996.0,3728000.0,3726996.0,3728000.0,0.20037834
1784678400,3728000.0,3728000.0,3728000.0,3728000.0,0.0
1784680200,3728000.0,3728000.0,3728000.0,3728000.0,0.0
1784682000,3728000.0,3728000.0,3728000.0,3728000.0,0.0
1784683800,3728000.0,3728000.0,3728000.0,3728000.0,0.0
1784685600,3716393.0,3716393.0,3716393.0,3716393.0,0.01339874
1784687400,3639155.0,3639155.0,3639155.0,3639155.0,0.00380668
1784689200,3714007.0,3714007.0,3639237.0,3713961.0,0.06616043
1784691000,3713961.0,3713961.0,3713961.0,3713961.0,0.0
1784692800,3713961.0,3713961.0,3713961.0,3713961.0,0.0
1784694600,3713961.0,3713961.0,3713961.0,3713961.0,0.0
1784696400,3638999.0,3638999.0,3638999.0,3638999.0,0.0260954
1784698200,3638999.0,3850598.0,3638999.0,3850598.0,2.38887101
1784700000,3639003.0,3699860.0,3638999.0,3699860.0,0.02869449
1784701800,3695379.0,3695379.0,3695332.0,3695332.0,0.01675539
1784703600,3695332.0,3695332.0,3695332.0,3695332.0,0.0
1784705400,3850597.0,3850597.0,3639002.0,3639002.0,0.18381682
1784707200,3703643.0,3703643.0,3703643.0,3703643.0,0.00424851
1784709000,3703643.0,3703643.0,3703643.0,3703643.0,0.0
1784710800,3703643.0,3703643.0,3703643.0,3703643.0,0.0
1784712600,3639013.0,3639013.0,3639013.0,3639013.0,0.01147285
1784714400,3639008.0,3715756.0,3639008.0,3639025.0,0.07789232
1784716200,3711959.0,3711959.0,3639018.0,3639018.0,0.04767152
1784718000,3703955.0,3703955.0,3639117.0,3639117.0,0.01928526
1784719800,3639117.0,3639117.0,3639117.0,3639117.0,0.0
1784721600,3639504.0,3639504.0,3639504.0,3639504.0,0.015205
1784723400,3702303.0,3702303.0,3702303.0,3702303.0,0.00269805
1784725200,3639757.0,3639757.0,3639757.0,3639757.0,0.00528254
1784727000,3702244.0,3702244.0,3702244.0,3702244.0,0.0120392
1784728800,3672936.0,3672936.0,3642032.0,3642032.0,0.02015832
1784730600,3702244.0,3702244.0,3702244.0,3702244.0,1.41210305
1784732400,3720755.0,3796744.0,3645044.0,3645149.0,0.01753302
1784734200,3645355.0,3655004.0,3632771.0,3632771.0,1.18261043
1784736000,3651588.0,3688878.0,3651588.0,3688878.0,0.02178241
1784737800,3726169.0,3763459.0,3726169.0,3763459.0,0.0107545
1784739600,3763459.0,3834745.0,3763459.0,3834745.0,0.01962319
1784741400,3834745.0,3838028.0,3834745.0,3838028.0,0.01048906
1784743200,3838028.0,3838028.0,3838022.0,3838022.0,0.00909477
1784745000,3671666.0,3671666.0,3671666.0,3671666.0,0.01443653
1784746800,3837974.0,3838018.0,3671933.0,3674205.0,0.02812484
1784748600,3674205.0,3674205.0,3674205.0,3674205.0,0.0
1784750400,3674205.0,3674205.0,3674205.0,3674205.0,0.0
1784752200,3674205.0,3674205.0,3674205.0,3674205.0,0.0
1784754000,3674205.0,3674205.0,3674205.0,3674205.0,0.0
1784755800,3674205.0,3674205.0,3674205.0,3674205.0,0.0
1784757600,3658889.0,3800166.0,3658886.0,3800166.0,0.07852844
1784759400,3800166.0,3800166.0,3800166.0,3800166.0,0.0
1784761200,3805885.0,3805885.0,3659209.0,3659583.0,0.02341062
1784763000,3659583.0,3659583.0,3659583.0,3659583.0,0.0
1784764800,3659583.0,3659583.0,3659583.0,3659583.0,0.0
1784766600,3659583.0,3659583.0,3659583.0,3659583.0,0.0
1784768400,3805731.0,3805731.0,3805731.0,3805731.0,0.00261684
1784770200,3805701.0,3805701.0,3701377.0,3805671.0,0.01232548
1784772000,3776214.0,3776214.0,3701584.0,3701584.0,0.05280161
1784773800,3701330.0,3701330.0,3701330.0,3701330.0,0.00670174
1784775600,3701330.0,3701330.0,3701330.0,3701330.0,0.0
1784777400,3701624.0,3701700.0,3701624.0,3701700.0,0.01903506
1784779200,3805710.0,3805710.0,3805710.0,3805710.0,0.00633968
1784781000,3805710.0,3805710.0,3805710.0,3805710.0,0.0
1784782800,3805710.0,3805710.0,3805710.0,3805710.0,0.0
1784784600,3702590.0,3702590.0,3702590.0,3702590.0,0.05213278
1784786400,3702762.0,3805730.0,3702762.0,3702769.0,0.03769413
1784788200,3805723.0,3850598.0,3765751.0,3765751.0,8.72795605
1784790000,3815465.0,3815465.0,3815465.0,3815465.0,0.01170656
1784791800,3754615.0,3754615.0,3754615.0,3754615.0,0.3489377
1784793600,3804952.0,3804952.0,3804952.0,3804952.0,0.00713675
1784795400,3818092.0,3818092.0,3650007.0,3650007.0,0.38066493
1784797200,3777491.0,3778143.0,3773837.0,3773837.0,0.22286478
1784799000,3773837.0,3773837.0,3773837.0,3773837.0,0.0
1784800800,3812027.0,3812027.0,3812027.0,3812027.0,0.00496376
1784802600,3763043.0,3763043.0,3763043.0,3763043.0,0.01033943
1784804400,3764411.0,3812094.0,3661002.0,3661002.0,0.02348715
1784806200,3806486.0,3806486.0,3747165.0,3747165.0,0.66355904
1784808000,3747165.0,3747165.0,3747165.0,3747165.0,0.0
1784809800,3740283.0,3740283.0,3740283.0,3740283.0,0.02741085
1784811600,3793162.0,3793205.0,3670954.0,3793205.0,0.579022
1784813400,3744635.0,3793197.0,3670957.0,3757152.0,0.1535833
1784815200,3793197.0,3793197.0,3793197.0,3793197.0,0.01388881
1784817000,3776984.0,3776984.0,3670990.0,3670990.0,0.03143496
1784818800,3758683.0,3758683.0,3758683.0,3758683.0,0.00265704
1784820600,3767280.0,3772571.0,3767280.0,3772571.0,0.5273096
1784822400,3793185.0,3793185.0,3746664.0,3746664.0,0.03038087
1784824200,3753019.0,3793189.0,3751347.0,3751347.0,0.14535088
1784826000,3751347.0,3751347.0,3751347.0,3751347.0,0.0
1784827800,3751347.0,3751347.0,3751347.0,3751347.0,0.0
1784829600,3734244.0,3734244.0,3734244.0,3734244.0,0.00272003
1784831400,3735386.0,3777507.0,3735386.0,3777507.0,0.01050827
1784833200,3777507.0,3777507.0,3777507.0,3777507.0,0.0
1784835000,3717287.0,3717287.0,3717287.0,3717287.0,0.04771401
1784836800,3717287.0,3717287.0,3717287.0,3717287.0,0.0
1784838600,3717287.0,3717287.0,3717287.0,3717287.0,0.0
1784840400,3717287.0,3717287.0,3717287.0,3717287.0,0.0
1784842200,3717287.0,3717287.0,3717287.0,3717287.0,0.0
1784844000,3717287.0,3717287.0,3717287.0,3717287.0,0.0
1784845800,3717287.0,3717287.0,3717287.0,3717287.0,0.0
1784847600,3717287.0,3717287.0,3717287.0,3717287.0,0.0
1784849400,3717287.0,3717287.0,3717287.0,3717287.0,0.0
1784851200,3717287.0,3717287.0,3717287.0,3717287.0,0.0
1784853000,3717287.0,3717287.0,3717287.0,3717287.0,0.0
1784854800,3770936.0,3770936.0,3770936.0,3770936.0,0.00397195
1784856600,3770936.0,3770936.0,3770936.0,3770936.0,0.0
1784858400,3770936.0,3770936.0,3770936.0,3770936.0,0.0
1784860200,3770936.0,3770936.0,3770936.0,3770936.0,0.0
1784862000,3770936.0,3770936.0,3770936.0,3770936.0,0.0
1784863800,3671005.0,3749603.0,3671005.0,3749603.0,0.05728277
1784865600,3749603.0,3749603.0,3749603.0,3749603.0,0.0
1784867400,3749039.0,3749039.0,3671011.0,3692713.0,0.01578813
1784869200,3789067.0,3789067.0,3789067.0,3789067.0,0.00576923
1784871000,3702162.0,3793201.0,3700776.0,3793201.0,0.29145758
1784872800,3793201.0,3793201.0,3793201.0,3793201.0,0.0
1784874600,3742676.0,3744518.0,3742676.0,3744518.0,1.98771104
1784876400,3744518.0,3744518.0,3744518.0,3744518.0,0.0
1784878200,3744518.0,3744518.0,3744518.0,3744518.0,0.0
1784880000,3699880.0,3699880.0,3699880.0,3699880.0,0.01643074
1784881800,3706695.0,3706695.0,3706695.0,3706695.0,0.00576923
1784883600,3706695.0,3706695.0,3706695.0,3706695.0,0.0
1784885400,3706695.0,3706695.0,3706695.0,3706695.0,0.0
1784887200,3721616.0,3793197.0,3721616.0,3793197.0,0.01669334
1784889000,3793197.0,3793197.0,3793197.0,3793197.0,0.0
1784890800,3793197.0,3793197.0,3793197.0,3793197.0,0.00340557
1784892600,3713443.0,3793197.0,3713443.0,3793197.0,0.01815776
1784894400,3716632.0,3716632.0,3716632.0,3716632.0,0.0223965
1784896200,3793183.0,3793183.0,3793183.0,3793183.0,0.01312749
1784898000,3793183.0,3793183.0,3793183.0,3793183.0,0.0
1784899800,3792500.0,3792500.0,3792500.0,3792500.0,0.26076044
1784901600,3792500.0,3792500.0,3792500.0,3792500.0,0.0
1784903400,3792400.0,3792400.0,3792400.0,3792400.0,0.00583878
1784905200,3722504.0,3792196.0,3722504.0,3792196.0,0.02145848
1784907000,3726929.0,3792196.0,3677010.0,3792196.0,1.70260541
1784908800,3792196.0,3792196.0,3755687.0,3755687.0,0.06861073
1784910600,3755687.0,3755687.0,3755687.0,3755687.0,0.0
1784912400,3755687.0,3755687.0,3755687.0,3755687.0,0.0
1784914200,3740284.0,3744577.0,3740284.0,3744577.0,0.02060225
1784916000,3744577.0,3744577.0,3744577.0,3744577.0,0.0
1784917800,3744577.0,3744577.0,3744577.0,3744577.0,0.0
1784919600,3744577.0,3744577.0,3744577.0,3744577.0,0.0
1784921400,3744577.0,3744577.0,3744577.0,3744577.0,0.0
1784923200,3744577.0,3744577.0,3744577.0,3744577.0,0.0
1784925000,3744577.0,3744577.0,3744577.0,3744577.0,0.0
1784926800,3744577.0,3744577.0,3744577.0,3744577.0,0.0
1784928600,3744577.0,3744577.0,3744577.0,3744577.0,0.0
1784930400,3740284.0,3740284.0,3671010.0,3671010.0,1.98771104
1784932200,3792046.0,3792046.0,3792046.0,3792046.0,0.02134705
1784934000,3790000.0,3790000.0,3789950.0,3789950.0,0.01624941
1784935800,3789950.0,3789950.0,3789950.0,3789950.0,0.0
1784937600,3789950.0,3789950.0,3789950.0,3789950.0,0.0
1784939400,3789936.0,3789936.0,3789936.0,3789936.0,0.00262774
1784941200,3789916.0,3789920.0,3671015.0,3671015.0,0.14921989
1784943000,3671015.0,3671015.0,3671015.0,3671015.0,0.0
1784944800,3789898.0,3789909.0,3684294.0,3684294.0,0.72847761
1784946600,3684294.0,3684294.0,3684294.0,3684294.0,0.0
1784948400,3684294.0,3684294.0,3684294.0,3684294.0,0.0
1784950200,3672054.0,3672054.0,3672054.0,3672054.0,0.00314081
1784952000,3672054.0,3672054.0,3672054.0,3672054.0,0.0
1784953800,3672054.0,3672054.0,3672054.0,3672054.0,0.0
1784955600,3692297.0,3692660.0,3692297.0,3692660.0,0.01254728
1784957400,3789888.0,3789888.0,3692656.0,3692656.0,0.01906949
1784959200,3692656.0,3692656.0,3692656.0,3692656.0,0.0
1784961000,3692656.0,3692656.0,3692656.0,3692656.0,0.0
1784962800,3789788.0,3789788.0,3789788.0,3789788.0,0.00530874
1784964600,3789788.0,3789788.0,3789788.0,3789788.0,0.0
1784966400,3692664.0,3700000.0,3692656.0,3700000.0,0.03042537
1784968200,3692656.0,3692656.0,3692656.0,3692656.0,0.00340557
1784970000,3692656.0,3692656.0,3692656.0,3692656.0,0.0
1784971800,3692656.0,3692656.0,3692656.0,3692656.0,0.12260604
1784973600,3692656.0,3700000.0,3692656.0,3700000.0,0.01778916
1784975400,3700000.0,3700000.0,3700000.0,3700000.0,0.0
1784977200,3700000.0,3700000.0,3700000.0,3700000.0,0.0
1784979000,3700000.0,3700000.0,3700000.0,3700000.0,0.08034405
1784980800,3692656.0,3692656.0,3690874.0,3690874.0,0.55911547
1784982600,3690874.0,3690874.0,3690874.0,3690874.0,0.0
1784984400,3690874.0,3690874.0,3690874.0,3690874.0,0.0
1784986200,3700000.0,3700000.0,3700000.0,3700000.0,0.72190845
1784988000,3700000.0,3700000.0,3692830.0,3692830.0,0.00920648
1784989800,3700000.0,3700000.0,3697632.0,3697632.0,0.08415296
1784991600,3700000.0,3700000.0,3700000.0,3700000.0,1.67420887
1784993400,3700000.0,3700000.0,3700000.0,3700000.0,0.0
1784995200,3700000.0,3700000.0,3700000.0,3700000.0,0.09856648
1784997000,3700000.0,3700000.0,3700000.0,3700000.0,0.0
1784998800,3700000.0,3700000.0,3700000.0,3700000.0,0.0
1785000600,3696031.0,3696031.0,3671011.0,3671011.0,0.02468948
1785002400,3671011.0,3671011.0,3671011.0,3671011.0,0.0
1785004200,3700000.0,3700000.0,3700000.0,3700000.0,0.06681972
1785006000,3671012.0,3671012.0,3671012.0,3671012.0,0.00380891
1785007800,3671012.0,3671012.0,3671012.0,3671012.0,0.0
1785009600,3671012.0,3671012.0,3671012.0,3671012.0,0.0
1785011400,3700000.0,3700000.0,3700000.0,3700000.0,0.01025108
1785013200,3700000.0,3700000.0,3700000.0,3700000.0,0.0
1785015000,3700000.0,3700000.0,3700000.0,3700000.0,0.0
1785016800,3671012.0,3671012.0,3671012.0,3671012.0,0.00530874
1785018600,3671012.0,3671012.0,3671012.0,3671012.0,0.0
1785020400,3671012.0,3671012.0,3671012.0,3671012.0,0.0
1785022200,3700000.0,3700000.0,3700000.0,3700000.0,0.0606827
1785024000,3700000.0,3700000.0,3700000.0,3700000.0,0.0
1785025800,3700000.0,3700000.0,3700000.0,3700000.0,0.0
1785027600,3671550.0,3671550.0,3671550.0,3671550.0,0.0228919
1785029400,3700000.0,3700000.0,3700000.0,3700000.0,0.01672756
1785031200,3700000.0,3700000.0,3700000.0,3700000.0,0.02390027
1785033000,3700000.0,3700000.0,3700000.0,3700000.0,0.0
1785034800,3700000.0,3700000.0,3700000.0,3700000.0,0.0
1785036600,3700000.0,3700000.0,3700000.0,3700000.0,0.0
1785038400,3700000.0,3700000.0,3700000.0,3700000.0,0.0
1785040200,3671654.0,3671654.0,3671654.0,3671654.0,0.06681972
1785042000,3700000.0,3700000.0,3700000.0,3700000.0,0.00269162
1785043800,3700000.0,3700000.0,3700000.0,3700000.0,0.0
1785045600,3700000.0,3700000.0,3700000.0,3700000.0,0.0
1785047400,3700000.0,3700000.0,3700000.0,3700000.0,0.00300756
1785049200,3700000.0,3700000.0,3671850.0,3671850.0,0.18085765
1785051000,3671850.0,3671850.0,3671850.0,3671850.0,0.0
1785052800,3671956.0,3671956.0,3671956.0,3671956.0,0.02693325
1785054600,3671959.0,3671959.0,3671959.0,3671959.0,0.00371826
1785056400,3671959.0,3671959.0,3671959.0,3671959.0,0.0
1785058200,3671959.0,3671959.0,3671959.0,3671959.0,0.0
1785060000,3671959.0,3671959.0,3671959.0,3671959.0,0.0
1785061800,3671950.0,3671950.0,3671950.0,3671950.0,0.01275752
1785063600,3671950.0,3671950.0,3671950.0,3671950.0,0.0
1785065400,3671950.0,3671950.0,3671950.0,3671950.0,0.0
1785067200,3671950.0,3671950.0,3671950.0,3671950.0,0.0
1785069000,3672050.0,3672050.0,3672050.0,3672050.0,0.00278422
1785070800,3672050.0,3672050.0,3672050.0,3672050.0,0.0
1785072600,3672050.0,3672050.0,3672050.0,3672050.0,0.0
1785074400,3700000.0,3700000.0,3700000.0,3700000.0,0.01312351
1785076200,3700000.0,3700000.0,3700000.0,3700000.0,0.00269162
1785078000,3700000.0,3700000.0,3700000.0,3700000.0,0.0
1785079800,3672553.0,3672553.0,3672553.0,3672553.0,0.00530938
1785081600,3700000.0,3700000.0,3672557.0,3672557.0,0.0170154
1785083400,3672557.0,3672557.0,3672557.0,3672557.0,0.0
1785085200,3672557.0,3672557.0,3672557.0,3672557.0,0.0
1785087000,3672557.0,3672557.0,3672557.0,3672557.0,0.0
1785088800,3672557.0,3672557.0,3672557.0,3672557.0,0.0
1785090600,3672557.0,3672557.0,3672557.0,3672557.0,0.0
1785092400,3672557.0,3672557.0,3672557.0,3672557.0,0.0
1785094200,3672557.0,3672557.0,3672557.0,3672557.0,0.0
1785096000,3672557.0,3672557.0,3672557.0,3672557.0,0.0
1785097800,3672557.0,3672557.0,3672557.0,3672557.0,0.0
1785099600,3672557.0,3672557.0,3672557.0,3672557.0,0.0
1785101400,3672557.0,3672557.0,3672557.0,3672557.0,0.0
1785103200,3672557.0,3672557.0,3672557.0,3672557.0,0.0
1785105000,3672557.0,3672557.0,3672557.0,3672557.0,0.0
1785106800,3672557.0,3672557.0,3672557.0,3672557.0,0.0
1785108600,3700000.0,3700000.0,3700000.0,3700000.0,0.05094675
1785110400,3700000.0,3700000.0,3700000.0,3700000.0,0.0
1785112200,3700000.0,3700000.0,3700000.0,3700000.0,0.0
1785114000,3700000.0,3700000.0,3700000.0,3700000.0,0.0
1785115800,3700000.0,3700000.0,3700000.0,3700000.0,0.03657054
1785117600,3672555.0,3672555.0,3672554.0,3672554.0,0.08290904
1785119400,3700000.0,3700000.0,3672554.0,3672554.0,0.010824
1785121200,3673054.0,3673054.0,3673054.0,3673054.0,0.00282304
1785123000,3673054.0,3673054.0,3673054.0,3673054.0,0.0335423
1785124800,3700000.0,3752787.0,3700000.0,3752787.0,0.66922113
1785126600,3752787.0,3752787.0,3752787.0,3752787.0,0.0
1785128400,3752787.0,3752787.0,3752787.0,3752787.0,0.0
1785130200,3752787.0,3752787.0,3752787.0,3752787.0,0.0
1785132000,3673070.0,3673070.0,3673070.0,3673070.0,0.00304008
1785133800,3673070.0,3673070.0,3673070.0,3673070.0,0.0
1785135600,3793161.0,3793161.0,3793161.0,3793161.0,0.00274441
1785137400,3793161.0,3793161.0,3793161.0,3793161.0,0.0
1785139200,3793127.0,3793127.0,3673104.0,3673104.0,0.01050214
1785141000,3673104.0,3673104.0,3673104.0,3673104.0,0.0
1785142800,3673104.0,3673104.0,3673104.0,3673104.0,0.0
1785144600,3673104.0,3673104.0,3673104.0,3673104.0,0.0
1785146400,3674010.0,3674010.0,3674010.0,3674010.0,0.01553675
1785148200,3674111.0,3674111.0,3674111.0,3674111.0,0.00924205
1785150000,3793161.0,3793162.0,3793161.0,3793162.0,0.01551766
1785151800,3674510.0,3674510.0,3674510.0,3674510.0,0.00642699
1785153600,3793153.0,3793153.0,3674650.0,3674650.0,0.00789788
1785155400,3674650.0,3674650.0,3674650.0,3674650.0,0.0
1785157200,3792996.0,3792996.0,3792996.0,3792996.0,0.00562985
1785159000,3675005.0,3675005.0,3675005.0,3675005.0,0.01105906
1785160800,3676000.0,3792994.0,3650000.0,3650000.0,1.49373879
1785162600,3650000.0,3650000.0,3650000.0,3650000.0,0.0
1785164400,3618788.0,3618788.0,3618788.0,3618788.0,0.06418862
1785166200,3618788.0,3618788.0,3618788.0,3618788.0,0.02529402
1785168000,3618788.0,3618788.0,3618788.0,3618788.0,0.0
1785169800,3618788.0,3618788.0,3618788.0,3618788.0,0.0
1785171600,3618788.0,3618788.0,3618788.0,3618788.0,0.0
1785173400,3618788.0,3618788.0,3618788.0,3618788.0,0.0
1785175200,3618788.0,3618788.0,3618788.0,3618788.0,0.0
1785177000,3618788.0,3618788.0,3560953.0,3560953.0,0.06798676
1785178800,3560953.0,3560953.0,3560953.0,3560953.0,0.0
1785180600,3560953.0,3560953.0,3560953.0,3560953.0,0.0
1785182400,3560953.0,3560953.0,3560953.0,3560953.0,0.0
1785184200,3560953.0,3560953.0,3560953.0,3560953.0,0.0
1785186000,3560953.0,3560953.0,3560953.0,3560953.0,0.0
1785187800,3560953.0,3560953.0,3560953.0,3560953.0,0.0
1785189600,3560953.0,3560953.0,3560953.0,3560953.0,0.0
1785191400,3560953.0,3560953.0,3560953.0,3560953.0,0.0
1785193200,3560953.0,3560953.0,3560953.0,3560953.0,0.0
1785195000,3560953.0,3560953.0,3560953.0,3560953.0,0.0
1785196800,3570953.0,3570953.0,3570953.0,3570953.0,0.00366369
1785198600,3570953.0,3570953.0,3570953.0,3570953.0,0.0
1785200400,3570953.0,3570953.0,3560953.0,3560953.0,0.75727351
1785202200,3554389.0,3678999.0,3550000.0,3550000.0,1.72974295
1785204000,3550000.0,3550000.0,3550000.0,3550000.0,0.0
1785205800,3677499.0,3677499.0,3677499.0,3677499.0,0.00677009
1785207600,3677495.0,3677495.0,3677495.0,3677495.0,0.06783775
1785209400,3677495.0,3677495.0,3677495.0,3677495.0,0.0
1785211200,3677495.0,3677495.0,3677495.0,3677495.0,0.0
1785213000,3527508.0,3527508.0,3525000.0,3525000.0,0.31482257
1785214800,3535353.0,3535353.0,3535353.0,3535353.0,4.9011591
1785216600,3535353.0,3535353.0,3535353.0,3535353.0,0.839567
1785218400,3535353.0,3535353.0,3535353.0,3535353.0,0.0
1785220200,3535353.0,3535353.0,3535353.0,3535353.0,0.0
1785222000,3535353.0,3535353.0,3535353.0,3535353.0,0.0
1785223800,3677463.0,3677463.0,3677463.0,3677463.0,0.00270811
1785225600,3677463.0,3677463.0,3677463.0,3677463.0,0.0
1785227400,3677459.0,3677459.0,3677459.0,3677459.0,0.00350078
1785229200,3677459.0,3677459.0,3677459.0,3677459.0,0.0
1785231000,3677459.0,3677459.0,3677459.0,3677459.0,0.0
1785232800,3677182.0,3677182.0,3677182.0,3677182.0,0.00406234
1785234600,3535353.0,3535353.0,3535353.0,3535353.0,0.03584168
1785236400,3535353.0,3535353.0,3535353.0,3535353.0,0.0
1785238200,3535353.0,3535353.0,3535353.0,3535353.0,0.0
1785240000,3676998.0,3676998.0,3676998.0,3676998.0,0.00628556
1785241800,3676998.0,3676998.0,3676998.0,3676998.0,0.0
1785243600,3676984.0,3676984.0,3676984.0,3676984.0,0.01041477
1785245400,3535358.0,3566979.0,3525006.0,3566979.0,0.15351987
1785247200,3525006.0,3606988.0,3484709.0,3606988.0,1.10335296
1785249000,3676993.0,3676993.0,3585099.0,3585099.0,0.01762281
1785250800,3585099.0,3585099.0,3585099.0,3585099.0,0.0
1785252600,3640668.0,3676993.0,3640668.0,3676993.0,0.04035898
1785254400,3676993.0,3676993.0,3676993.0,3676993.0,0.0
1785256200,3676993.0,3676993.0,3676993.0,3676993.0,0.0
1785258000,3676993.0,3676993.0,3676993.0,3676993.0,0.0
1785259800,3676993.0,3676993.0,3676993.0,3676993.0,0.12524716
1785261600,3676499.0,3676499.0,3676499.0,3676499.0,0.00425078
1785263400,3676499.0,3676499.0,3676499.0,3676499.0,0.0
1785265200,3676499.0,3676499.0,3676499.0,3676499.0,0.0
1785267000,3676499.0,3676499.0,3585099.0,3585099.0,0.02284618
1785268800,3676499.0,3676499.0,3676499.0,3676499.0,0.02897266
1785270600,3676499.0,3676499.0,3676499.0,3676499.0,0.0
1785272400,3676499.0,3676499.0,3676499.0,3676499.0,0.0
1785274200,3676499.0,3676499.0,3676499.0,3676499.0,0.0
1785276000,3676499.0,3676499.0,3676499.0,3676499.0,0.0
1785277800,3676499.0,3676499.0,3676499.0,3676499.0,0.0
1785279600,3676499.0,3676500.0,3676499.0,3676500.0,0.13893214
1785281400,3676500.0,3676500.0,3676500.0,3676500.0,0.0
1785283200,3650000.0,3650000.0,3650000.0,3650000.0,0.00274
1785285000,3547735.0,3547735.0,3547735.0,3547735.0,0.00562552
1785286800,3547735.0,3547735.0,3547735.0,3547735.0,0.0
1785288600,3547735.0,3547735.0,3547735.0,3547735.0,0.0
1785290400,3545000.0,3676100.0,3545000.0,3676100.0,0.43587104
1785292200,3510495.0,3510495.0,3484709.0,3484709.0,1.00610768
1785294000,3484709.0,3484709.0,3484709.0,3484709.0,0.0
1785295800,3673997.0,3673997.0,3673997.0,3673997.0,0.00406587
1785297600,3671994.0,3672000.0,3671994.0,3672000.0,0.02712149
1785299400,3670999.0,3670999.0,3670998.0,3670999.0,0.10267831
1785301200,3670999.0,3670999.0,3670999.0,3670999.0,0.0
1785303000,3670000.0,3670000.0,3670000.0,3670000.0,0.02012316
1785304800,3670000.0,3670000.0,3670000.0,3670000.0,0.0
1785306600,3670000.0,3670000.0,3670000.0,3670000.0,0.0
1785308400,3485889.0,3669899.0,3485889.0,3669899.0,0.04694322
1785310200,3669899.0,3669899.0,3669899.0,3669899.0,0.0
1785312000,3669899.0,3669899.0,3669899.0,3669899.0,0.0
1785313800,3486084.0,3486084.0,3486084.0,3486084.0,0.00542739
1785315600,3669499.0,3669499.0,3669499.0,3669499.0,0.01000272
1785317400,3669499.0,3669499.0,3669499.0,3669499.0,0.0
1785319200,3487494.0,3487494.0,3487494.0,3487494.0,0.01000272
1785321000,3487494.0,3487494.0,3487494.0,3487494.0,0.0
1785322800,3487494.0,3487494.0,3487494.0,3487494.0,0.0
1785324600,3487494.0,3487494.0,3487494.0,3487494.0,0.0
1785326400,3488046.0,3488048.0,3488046.0,3488048.0,0.03173322
1785328200,3488134.0,3488134.0,3488134.0,3488134.0,0.01133725
1785330000,3667981.0,3667985.0,3667981.0,3667985.0,0.135307
1785331800,3667985.0,3667985.0,3667985.0,3667985.0,0.0
1785333600,3667985.0,3667985.0,3667985.0,3667985.0,0.0
1785335400,3665996.0,3665996.0,3665996.0,3665996.0,0.01324496
1785337200,3665996.0,3665996.0,3665996.0,3665996.0,0.0
1785339000,3665996.0,3665996.0,3665996.0,3665996.0,0.0
1785340800,3495901.0,3664999.0,3484709.0,3664999.0,1.00147949
1785342600,3659998.0,3659998.0,3659998.0,3659998.0,0.06802626
1785344400,3659998.0,3659998.0,3659998.0,3659998.0,0.0
1785346200,3659998.0,3659998.0,3659998.0,3659998.0,0.0
1785348000,3659998.0,3659998.0,3659998.0,3659998.0,0.0
1785349800,3659998.0,3659998.0,3659998.0,3659998.0,0.0
1785351600,3659998.0,3659998.0,3659998.0,3659998.0,0.0
1785353400,3659998.0,3659998.0,3659998.0,3659998.0,0.0
1785355200,3654000.0,3654000.0,3428015.0,3654000.0,3.52765792
1785357000,3654000.0,3654000.0,3654000.0,3654000.0,0.0
1785358800,3654000.0,3654000.0,3654000.0,3654000.0,0.0
1785360600,3654000.0,3654000.0,3654000.0,3654000.0,0.0
1785362400,3654000.0,3654000.0,3654000.0,3654000.0,0.0
1785364200,3654000.0,3654000.0,3654000.0,3654000.0,0.0
1785366000,3653998.0,3669699.0,3653998.0,3669699.0,0.75428368
1785367800,3669699.0,3669699.0,3428052.0,3428052.0,1.98222885
1785369600,3428072.0,3428072.0,3428072.0,3428072.0,0.00405956
1785371400,3649999.0,3649999.0,3649999.0,3649999.0,0.00682109
1785373200,3648999.0,3649000.0,3648999.0,3649000.0,0.01612578
1785375000,3433018.0,3433018.0,3433018.0,3433018.0,0.00381035
1785376800,3433311.0,3640000.0,3433300.0,3640000.0,0.31206671
1785378600,3640000.0,3640000.0,3640000.0,3640000.0,0.00273598
1785380400,3640000.0,3640000.0,3640000.0,3640000.0,0.0
1785382200,3640000.0,3640000.0,3640000.0,3640000.0,0.01367994
1785384000,3639000.0,3639000.0,3639000.0,3639000.0,0.05473509
1785385800,3638000.0,3638000.0,3434042.0,3637000.0,0.08519646
1785387600,3629500.0,3629500.0,3629500.0,3629500.0,0.00422096
1785389400,3629494.0,3629494.0,3435502.0,3435502.0,0.06666735
1785391200,3628996.0,3628997.0,3628996.0,3628997.0,0.02839738
1785393000,3628997.0,3628997.0,3628997.0,3628997.0,0.00274428
1785394800,3440055.0,3440055.0,3440050.0,3440050.0,0.02839738
1785396600,3440050.0,3440050.0,3440050.0,3440050.0,0.0
1785398400,3440050.0,3440050.0,3440050.0,3440050.0,0.0
1785400200,3440050.0,3440050.0,3440050.0,3440050.0,0.0
1785402000,3620992.0,3620993.0,3620992.0,3620993.0,0.0760297
1785403800,3620993.0,3620993.0,3620993.0,3620993.0,0.01341013
1785405600,3620993.0,3620993.0,3620993.0,3620993.0,0.0
1785407400,3620993.0,3620993.0,3620993.0,3620993.0,0.0
1785409200,3620993.0,3620993.0,3620993.0,3620993.0,0.0
1785411000,3620993.0,3620993.0,3620993.0,3620993.0,0.0
1785412800,3524874.0,3988935.0,3524874.0,3988935.0,9.28800963
1785414600,3870129.0,3870129.0,3870129.0,3870129.0,0.01289801
1785416400,3550173.0,3550173.0,3530050.0,3530050.0,0.99642
1785418200,3535000.0,3535000.0,3480171.0,3480171.0,0.56851928
1785420000,3480196.0,3749974.0,3480196.0,3699974.0,0.36015991
1785421800,3480330.0,3699894.0,3480203.0,3480203.0,0.02947289
1785423600,3649937.0,3649985.0,3530013.0,3640000.0,0.73297657
1785425400,3531000.0,3531000.0,3531000.0,3531000.0,0.00390984
1785427200,3531000.0,3531000.0,3531000.0,3531000.0,0.0
1785429000,3531000.0,3531000.0,3531000.0,3531000.0,0.0
1785430800,3547663.0,3554499.0,3547663.0,3554499.0,0.00312149
1785432600,3554499.0,3561335.0,3554499.0,3561335.0,0.00528659
1785434400,3561335.0,3561335.0,3561335.0,3561335.0,0.0
1785436200,3561335.0,3561335.0,3561335.0,3561335.0,0.0
1785438000,3561335.0,3561335.0,3561335.0,3561335.0,0.0
1785439800,3543528.0,3543528.0,3531000.0,3531000.0,0.00607513
1785441600,3531000.0,3531000.0,3531000.0,3531000.0,0.0
1785443400,3531000.0,3531000.0,3531000.0,3531000.0,0.0
1785445200,3561335.0,3590798.0,3561335.0,3590798.0,0.01374879
1785447000,3590798.0,3590798.0,3590798.0,3590798.0,0.0
1785448800,3590798.0,3590798.0,3590798.0,3590798.0,0.0
1785450600,3590798.0,3590798.0,3590798.0,3590798.0,0.00312267
1785452400,3590798.0,3590798.0,3531100.0,3531100.0,0.08743268
1785454200,3531100.0,3531100.0,3531100.0,3531100.0,0.0
1785456000,3590100.0,3590100.0,3590100.0,3590100.0,0.00277401
1785457800,3590100.0,3590100.0,3590100.0,3590100.0,0.0
1785459600,3590100.0,3590100.0,3590100.0,3590100.0,0.0
1785461400,3590000.0,3590000.0,3531100.0,3531104.0,0.09739551
1785463200,3589896.0,3870126.0,3589896.0,3870126.0,3.21878186
1785465000,3865126.0,3870125.0,3865126.0,3870125.0,0.12550881
1785466800,3870125.0,3870125.0,3870124.0,3870124.0,0.01149858
1785468600,3847739.0,3870124.0,3614736.0,3870124.0,0.62721302
1785470400,3614738.0,3614738.0,3614738.0,3614738.0,0.03092336
1785472200,3614738.0,3614738.0,3614738.0,3614738.0,0.02872683
1785474000,3614738.0,3614740.0,3614738.0,3614740.0,0.03928856
1785475800,3614740.0,3614740.0,3614738.0,3614738.0,0.03088413
1785477600,3834996.0,3834996.0,3632809.0,3637953.0,0.0157832
1785479400,3637953.0,3658531.0,3551000.0,3551000.0,1.36505221
1785481200,3551000.0,3551000.0,3551000.0,3551000.0,0.0
1785483000,3551004.0,3551004.0,3551004.0,3551004.0,0.00908841
1785484800,3551004.0,3551004.0,3551004.0,3551004.0,0.0
1785486600,3551004.0,3551004.0,3551004.0,3551004.0,0.0
1785488400,3551004.0,3551004.0,3551004.0,3551004.0,0.0
1785490200,3551004.0,3551004.0,3551004.0,3551004.0,0.0
1785492000,3565142.0,3565142.0,3555555.0,3555555.0,0.05795681
1785493800,3555555.0,3555555.0,3555555.0,3555555.0,0.13487258
1785495600,3555555.0,3555555.0,3555555.0,3555555.0,0.0
1785497400,3555555.0,3555555.0,3555555.0,3555555.0,0.0
1785499200,3573206.0,3658531.0,3573206.0,3658531.0,0.6573417
1785501000,3658531.0,3658531.0,3658531.0,3658531.0,0.0
1785502800,3658531.0,3658531.0,3658531.0,3658531.0,0.0
1785504600,3658531.0,3707006.0,3658531.0,3707006.0,0.06062689
1785506400,3707006.0,3722754.0,3707006.0,3722754.0,0.02412003
1785508200,3722754.0,3722754.0,3722754.0,3722754.0,0.0
1785510000,3722754.0,3738503.0,3555752.0,3555752.0,0.04525284
1785511800,3555752.0,3555752.0,3555752.0,3555752.0,0.0
1785513600,3555822.0,3555822.0,3555822.0,3555822.0,0.01374879
1785515400,3738498.0,3738498.0,3738498.0,3738498.0,0.00506139
1785517200,3738498.0,3738498.0,3738498.0,3738498.0,0.02526495
1785519000,3738498.0,3750000.0,3738498.0,3750000.0,0.06511622
1785520800,3750000.0,3750000.0,3750000.0,3750000.0,0.0
1785522600,3750000.0,3750000.0,3750000.0,3750000.0,0.0
1785524400,3719810.0,3719810.0,3633323.0,3633323.0,0.03342828
1785526200,3633324.0,3633324.0,3633324.0,3633324.0,0.00849247
1785528000,3633231.0,3633231.0,3579810.0,3579810.0,0.02526495
1785529800,3579814.0,3775916.0,3579814.0,3775916.0,0.16986258
1785531600,3775916.0,3775916.0,3775916.0,3775916.0,0.0
1785533400,3775916.0,3781218.0,3775916.0,3781218.0,0.01971989
1785535200,3781218.0,3781218.0,3781218.0,3781218.0,0.0
1785537000,3781218.0,3781218.0,3781218.0,3781218.0,0.0
1785538800,3781218.0,3781218.0,3579896.0,3579989.0,0.05692393
1785540600,3580063.0,3580063.0,3579990.0,3579990.0,0.04492379
1785542400,3579991.0,3579991.0,3579990.0,3579990.0,0.01289751
1785544200,3579990.0,3579990.0,3579990.0,3579990.0,0.0
1785546000,3579990.0,3579990.0,3579990.0,3579990.0,0.0
1785547800,3579990.0,3579990.0,3579990.0,3579990.0,0.0
1785549600,3579994.0,3699994.0,3579990.0,3580000.0,0.20438546
1785551400,3580000.0,3580000.0,3580000.0,3580000.0,0.0
1785553200,3669996.0,3669996.0,3580000.0,3668999.0,0.01426638
1785555000,3580000.0,3669996.0,3580000.0,3666460.0,0.17556485
1785556800,3666460.0,3666460.0,3666460.0,3666460.0,0.0
1785558600,3663254.0,3663254.0,3656844.0,3656844.0,0.01701872
1785560400,3687345.0,3700000.0,3687345.0,3700000.0,0.00623875
1785562200,3700000.0,3700000.0,3700000.0,3700000.0,0.0
1785564000,3700000.0,3700000.0,3700000.0,3700000.0,0.0
1785565800,3700000.0,3700000.0,3700000.0,3700000.0,0.00612134
1785567600,3700000.0,3700000.0,3700000.0,3700000.0,0.0
1785569400,3700000.0,3700000.0,3700000.0,3700000.0,0.0128127
1785571200,3700000.0,3700000.0,3700000.0,3700000.0,0.0
1785573000,3700000.0,3700000.0,3700000.0,3700000.0,0.0
1785574800,3656844.0,3656844.0,3656844.0,3656844.0,0.00612134
1785576600,3656844.0,3656844.0,3656844.0,3656844.0,0.0
1785578400,3700000.0,3700000.0,3700000.0,3700000.0,0.0365281
1785580200,3656844.0,3656844.0,3653640.0,3653640.0,0.03255758
1785582000,3653640.0,3653640.0,3650434.0,3650434.0,0.0087944
1785583800,3650434.0,3650434.0,3650434.0,3650434.0,0.0
1785585600,3650434.0,3650434.0,3650434.0,3650434.0,0.0
1785587400,3650434.0,3650434.0,3650434.0,3650434.0,0.0
1785589200,3650434.0,3650434.0,3650434.0,3650434.0,0.0
1785591000,3650434.0,3650434.0,3650434.0,3650434.0,0.0128127
1785592800,3650434.0,3650434.0,3650434.0,3650434.0,0.0
1785594600,3650434.0,3650434.0,3636232.0,3636232.0,0.0410672
1785596400,3700000.0,3700000.0,3700000.0,3700000.0,0.00269162
1785598200,3700000.0,3700000.0,3700000.0,3700000.0,0.0
1785600000,3700000.0,3700000.0,3700000.0,3700000.0,0.0
1785601800,3636232.0,3636232.0,3636232.0,3636232.0,0.01155504
1785603600,3700000.0,3700000.0,3636232.0,3636232.0,0.00799161
1785605400,3636232.0,3636232.0,3636232.0,3636232.0,0.01600438
1785607200,3633061.0,3633061.0,3590118.0,3590118.0,0.18531219
1785609000,3700000.0,3700000.0,3700000.0,3700000.0,0.0050781
1785610800,3700000.0,3700000.0,3700000.0,3700000.0,0.01347162
1785612600,3700000.0,3700000.0,3700000.0,3700000.0,0.0
1785614400,3700000.0,3700000.0,3700000.0,3700000.0,0.03768215
1785616200,3700000.0,3700000.0,3700000.0,3700000.0,0.0
1785618000,3700000.0,3700000.0,3700000.0,3700000.0,0.0
1785619800,3700000.0,3700000.0,3700000.0,3700000.0,0.0
1785621600,3700000.0,3700000.0,3700000.0,3700000.0,0.0
1785623400,3700000.0,3700000.0,3700000.0,3700000.0,0.0
1785625200,3700000.0,3700000.0,3581000.0,3581000.0,0.09221358
1785627000,3581001.0,3700000.0,3581000.0,3581000.0,0.08524181
1785628800,3581000.0,3581000.0,3581000.0,3581000.0,0.0
1785630600,3581000.0,3581000.0,3581000.0,3581000.0,0.0
1785632400,3581000.0,3581000.0,3581000.0,3581000.0,0.0
1785634200,3581000.0,3581000.0,3581000.0,3581000.0,0.0
1785636000,3581000.0,3581000.0,3581000.0,3581000.0,0.0
1785637800,3699999.0,3726000.0,3699999.0,3726000.0,0.10447245
1785639600,3582088.0,3724998.0,3581003.0,3724998.0,0.27875719
1785641400,3581174.0,3724996.0,3581173.0,3724995.0,0.04432128
1785643200,3581011.0,3581011.0,3578315.0,3578315.0,0.05475414
1785645000,3578315.0,3578315.0,3578315.0,3578315.0,0.0
1785646800,3578315.0,3578315.0,3578315.0,3578315.0,0.0
1785648600,3724100.0,3724100.0,3584110.0,3584110.0,0.05554468
1785650400,3722989.0,3722989.0,3722989.0,3722989.0,0.01922084
1785652200,3722989.0,3722989.0,3722989.0,3722989.0,0.0
1785654000,3584090.0,3584090.0,3571307.0,3571307.0,0.47041563
1785655800,3571307.0,3571307.0,3571307.0,3571307.0,0.0
1785657600,3571307.0,3571307.0,3571307.0,3571307.0,0.0
1785659400,3571307.0,3571307.0,3571307.0,3571307.0,0.0
1785661200,3571307.0,3571307.0,3571307.0,3571307.0,0.0
1785663000,3571307.0,3571307.0,3571307.0,3571307.0,0.0
1785664800,3571307.0,3571307.0,3571307.0,3571307.0,0.0
1785666600,3571307.0,3571307.0,3571307.0,3571307.0,0.0135687
1785668400,3592311.0,3596206.0,3572307.0,3572307.0,0.09803499
1785670200,3596206.0,3606161.0,3596206.0,3606161.0,0.02762956
1785672000,3610098.0,3610098.0,3610098.0,3610098.0,0.0031434
1785673800,3610098.0,3610098.0,3610098.0,3610098.0,0.0
1785675600,3610098.0,3610098.0,3610098.0,3610098.0,0.0
1785677400,3610098.0,3610098.0,3610098.0,3610098.0,0.0
1785679200,3610098.0,3610098.0,3610098.0,3610098.0,0.0
1785681000,3610090.0,3610093.0,3610090.0,3610093.0,0.02686409
1785682800,3610094.0,3610094.0,3610094.0,3610094.0,0.00366527
1785684600,3610094.0,3610094.0,3610094.0,3610094.0,0.0
1785686400,3571327.0,3571327.0,3571327.0,3571327.0,0.00422616
1785688200,3610088.0,3610088.0,3610088.0,3610088.0,0.0065749
1785690000,3610088.0,3610088.0,3610088.0,3610088.0,0.0
1785691800,3610093.0,3610093.0,3610093.0,3610093.0,0.0055173
1785693600,3610093.0,3610093.0,3610093.0,3610093.0,0.0
1785695400,3610093.0,3610093.0,3610093.0,3610093.0,0.0
1785697200,3610093.0,3610093.0,3610093.0,3610093.0,0.0
1785699000,3610093.0,3610093.0,3610093.0,3610093.0,0.0
1785700800,3571327.0,3571327.0,3571327.0,3571327.0,0.0268644
1785702600,3571327.0,3571327.0,3571327.0,3571327.0,0.0
1785704400,3571327.0,3571327.0,3571327.0,3571327.0,0.0
1785706200,3610090.0,3610090.0,3571323.0,3571323.0,0.01584654
1785708000,3571323.0,3571323.0,3571323.0,3571323.0,0.0
1785709800,3610090.0,3610090.0,3610090.0,3610090.0,0.00551731
1785711600,3610090.0,3610090.0,3610090.0,3610090.0,0.0
1785713400,3610090.0,3610090.0,3610090.0,3610090.0,0.0
1785715200,3610093.0,3610094.0,3610093.0,3610094.0,0.00426858
1785717000,3610100.0,3634535.0,3610100.0,3634535.0,0.02696503
1785718800,3571327.0,3643519.0,3571327.0,3643519.0,0.01661733
1785720600,3643519.0,3643519.0,3643519.0,3643519.0,0.0
1785722400,3643523.0,3648017.0,3643523.0,3648017.0,0.00670711
1785724200,3600000.0,3600000.0,3571327.0,3571327.0,0.04492435
1785726000,3571327.0,3571327.0,3571327.0,3571327.0,0.02744296
1785727800,3648013.0,3746403.0,3581121.0,3581121.0,0.7676865
1785729600,3581126.0,3581126.0,3581126.0,3581126.0,0.00335
1785731400,3581126.0,3581126.0,3581126.0,3581126.0,0.0
1785733200,3727670.0,3739998.0,3676997.0,3676997.0,0.07271255
1785735000,3739997.0,3740000.0,3738996.0,3738996.0,0.04734741
1785736800,3676997.0,3676997.0,3571319.0,3676997.0,1.68257057
1785738600,3699000.0,3699000.0,3699000.0,3699000.0,0.0368951
1785740400,3698000.0,3698000.0,3698000.0,3698000.0,0.07872389
1785742200,3698000.0,3698000.0,3698000.0,3698000.0,0.01204678
1785744000,3676997.0,3698000.0,3573004.0,3698000.0,0.01478208
1785745800,3698000.0,3698000.0,3698000.0,3698000.0,0.0
1785747600,3698000.0,3698000.0,3698000.0,3698000.0,0.0
1785749400,3698000.0,3698000.0,3698000.0,3698000.0,0.0
1785751200,3698000.0,3698000.0,3698000.0,3698000.0,0.0
1785753000,3696000.0,3696000.0,3696000.0,3696000.0,0.00518614
1785754800,3575001.0,3631366.0,3575000.0,3575000.0,0.01904811
1785756600,3633908.0,3634635.0,3611749.0,3611749.0,0.14688926
1785758400,3607209.0,3607209.0,3577001.0,3577001.0,0.02040952
1785760200,3594247.0,3594247.0,3571319.0,3571319.0,0.04895757
1785762000,3599338.0,3609519.0,3571319.0,3571319.0,0.02110718
1785763800,3609518.0,3609518.0,3571319.0,3571319.0,0.08979505
1785765600,3609518.0,3609518.0,3609518.0,3609518.0,0.00275909
1785767400,3609518.0,3609518.0,3609518.0,3609518.0,0.0
1785769200,3609518.0,3609518.0,3609518.0,3609518.0,0.0
1785771000,3579004.0,3631998.0,3579004.0,3631998.0,0.01990329
1785772800,3631998.0,3631998.0,3631998.0,3631998.0,9.418e-05
1785774600,3637142.0,3637142.0,3637142.0,3637142.0,0.00393798
1785776400,3637142.0,3669748.0,3637142.0,3669748.0,0.01900784
1785778200,3579010.0,3579010.0,3579010.0,3579010.0,0.00289633
1785780000,3579019.0,3579019.0,3579019.0,3579019.0,0.00313756
1785781800,3579019.0,3579019.0,3579019.0,3579019.0,0.0
1785783600,3579019.0,3579019.0,3579019.0,3579019.0,0.0
1785785400,3579019.0,3579019.0,3579019.0,3579019.0,0.0
1785787200,3669748.0,3870126.0,3669748.0,3746506.0,2.52122486
1785789000,3746506.0,3746506.0,3746506.0,3746506.0,0.0
1785790800,3651399.0,3746784.0,3579010.0,3746784.0,0.0288314
1785792600,3746784.0,3746784.0,3746784.0,3746784.0,0.0
1785794400,3746784.0,3746784.0,3746784.0,3746784.0,0.0
1785796200,3748952.0,3748952.0,3579236.0,3579236.0,0.00646354
1785798000,3579236.0,3579236.0,3579236.0,3579236.0,0.0
1785799800,3579236.0,3579236.0,3579236.0,3579236.0,0.0
1785801600,3579236.0,3579236.0,3579236.0,3579236.0,0.0
1785803400,3579236.0,3579236.0,3579236.0,3579236.0,0.0
1785805200,3579236.0,3579236.0,3579236.0,3579236.0,0.0
1785807000,3748951.0,3828722.0,3748951.0,3782080.0,0.09934155
1785808800,3772382.0,3772382.0,3764603.0,3764603.0,0.01553584
1785810600,3747487.0,3747487.0,3747487.0,3747487.0,0.00449716
1785812400,3747487.0,3762053.0,3735568.0,3735568.0,0.02822786
1785814200,3735568.0,3735568.0,3735568.0,3735568.0,0.0
1785816000,3735568.0,3770976.0,3730563.0,3770976.0,0.00811836
1785817800,3729608.0,3729608.0,3729608.0,3729608.0,0.00527768
1785819600,3729608.0,3729608.0,3729608.0,3729608.0,0.0
1785821400,3729608.0,3729608.0,3700975.0,3700975.0,0.04923779
1785823200,3700975.0,3700975.0,3700975.0,3700975.0,0.0
1785825000,3700975.0,3700975.0,3700975.0,3700975.0,0.0
1785826800,3700975.0,3700975.0,3700975.0,3700975.0,0.0
1785828600,3779821.0,3819521.0,3779821.0,3819521.0,0.01614776
1785830400,3700976.0,3700976.0,3695084.0,3695084.0,0.05437729
1785832200,3695084.0,3695084.0,3695084.0,3695084.0,0.0
1785834000,3695084.0,3695084.0,3695084.0,3695084.0,0.0
1785835800,3785037.0,3785037.0,3785037.0,3785037.0,0.01315574
1785837600,3785037.0,3785037.0,3785037.0,3785037.0,0.0
1785839400,3785037.0,3785037.0,3785037.0,3785037.0,0.0
1785841200,3695080.0,3695080.0,3660422.0,3660422.0,0.0816962
1785843000,3786829.0,3786830.0,3786829.0,3786830.0,0.01317566
1785844800,3660424.0,3660424.0,3660424.0,3660424.0,0.00397773
1785846600,3660424.0,3660424.0,3660424.0,3660424.0,0.0
1785848400,3660431.0,3660431.0,3660431.0,3660431.0,0.00888327
1785850200,3678724.0,3696249.0,3678724.0,3696249.0,0.00619316
1785852000,3696249.0,3696249.0,3696249.0,3696249.0,0.0
1785853800,3696249.0,3696249.0,3696249.0,3696249.0,0.0
1785855600,3696248.0,3764946.0,3665004.0,3764946.0,0.06963891
1785857400,3764946.0,3782840.0,3665005.0,3665005.0,0.02676831
1785859200,3665008.0,3665008.0,3665008.0,3665008.0,0.00495213
1785861000,3665008.0,3665008.0,3665008.0,3665008.0,0.0
1785862800,3665008.0,3665008.0,3665008.0,3665008.0,0.0
1785864600,3665008.0,3665008.0,3665008.0,3665008.0,0.0
1785866400,3671004.0,3671004.0,3671004.0,3671004.0,0.00533997
1785868200,3671004.0,3671004.0,3671004.0,3671004.0,0.0
1785870000,3671004.0,3671004.0,3671004.0,3671004.0,0.0
1785871800,3671004.0,3671004.0,3671004.0,3671004.0,0.0
1785873600,3782839.0,3870126.0,3705379.0,3705379.0,1.07037745
1785875400,3705379.0,3705379.0,3705379.0,3705379.0,0.0
1785877200,3705525.0,3705525.0,3705522.0,3705522.0,0.02664982
1785879000,3705522.0,3705522.0,3705522.0,3705522.0,0.0
1785880800,3799993.0,3800000.0,3799993.0,3800000.0,0.11705357
1785882600,3800000.0,3800000.0,3800000.0,3800000.0,0.0
1785884400,3799998.0,3800000.0,3799998.0,3800000.0,0.26610481
1785886200,3800000.0,3870126.0,3800000.0,3870126.0,0.25741664
1785888000,3870126.0,3870126.0,3870126.0,3870126.0,0.0
1785889800,3715273.0,3715273.0,3715268.0,3715268.0,0.11864603
1785891600,3715268.0,3715268.0,3715268.0,3715268.0,0.0
1785893400,3715268.0,3715268.0,3715268.0,3715268.0,0.0
1785895200,3715268.0,3715268.0,3715268.0,3715268.0,0.0
1785897000,3841364.0,3841364.0,3822157.0,3822159.0,0.00548604
1785898800,3822162.0,3822163.0,3822158.0,3822163.0,0.50648425
1785900600,3822163.0,3822163.0,3822163.0,3822163.0,0.0
1785902400,3822163.0,3822163.0,3822163.0,3822163.0,0.0
1785904200,3869594.0,3869594.0,3869594.0,3869594.0,0.00257365
1785906000,3869594.0,3869594.0,3869594.0,3869594.0,0.0
1785907800,3869594.0,3869594.0,3869594.0,3869594.0,0.0
1785909600,3869593.0,3869594.0,3869593.0,3869594.0,0.01678419
1785911400,3822157.0,3869594.0,3800613.0,3800617.0,0.04722541
1785913200,3869592.0,3869592.0,3730055.0,3730055.0,0.03990289
1785915000,3869592.0,3869594.0,3730059.0,3730059.0,0.00973333
1785916800,3730059.0,3869594.0,3730059.0,3869594.0,0.03873326
1785918600,3733004.0,3733004.0,3733004.0,3733004.0,0.1
1785920400,3733204.0,3865131.0,3733200.0,3865131.0,0.1733982
1785922200,3865131.0,3865131.0,3865131.0,3865131.0,0.0
1785924000,3733404.0,3733404.0,3733404.0,3733404.0,0.04905463
1785925800,3733404.0,3733404.0,3733404.0,3733404.0,0.0
1785927600,3868121.0,3868122.0,3859733.0,3859733.0,0.03896028
1785929400,3860000.0,3860000.0,3860000.0,3860000.0,0.02959955
1785931200,3860000.0,3860000.0,3734104.0,3859601.0,0.00982947
1785933000,3849169.0,3849169.0,3734104.0,3734104.0,0.05136565
1785934800,3848271.0,3848271.0,3848271.0,3848271.0,0.01938428
1785936600,3848271.0,3932557.0,3838087.0,3932557.0,6.0673229
1785938400,3932557.0,3932557.0,3838087.0,3838087.0,0.08513341
1785940200,3838087.0,3838087.0,3838087.0,3838087.0,0.02883883
1785942000,3838087.0,3838087.0,3838087.0,3838087.0,0.0
1785943800,3838087.0,3838087.0,3838087.0,3838087.0,0.0
1785945600,3932549.0,3932549.0,3932549.0,3932549.0,0.00734409
1785947400,3838090.0,3838090.0,3838090.0,3838090.0,0.0053887
1785949200,3838090.0,3838090.0,3838090.0,3838090.0,0.0
1785951000,3912898.0,3912898.0,3912894.0,3912894.0,0.15387927
1785952800,3912894.0,3912894.0,3912894.0,3912894.0,0.0
1785954600,3912894.0,3912894.0,3912894.0,3912894.0,0.0
1785956400,3932553.0,3932557.0,3932553.0,3932557.0,0.12644116
1785958200,3932557.0,3932557.0,3932557.0,3932557.0,0.0
1785960000,3912894.0,3912894.0,3912894.0,3912894.0,0.00979109
1785961800,3938616.0,3938620.0,3938616.0,3938620.0,0.12668053
1785963600,3938620.0,3938620.0,3938620.0,3938620.0,0.0
1785965400,3912894.0,3912894.0,3871783.0,3871783.0,0.42180125
1785967200,3871783.0,3871783.0,3871783.0,3871783.0,0.0
1785969000,3871783.0,3871783.0,3871783.0,3871783.0,0.0
1785970800,3871783.0,3871783.0,3871783.0,3871783.0,0.0
1785972600,3871783.0,3871783.0,3871783.0,3871783.0,0.0
1785974400,3871783.0,3871783.0,3871783.0,3871783.0,0.0
1785976200,3871783.0,3871783.0,3871783.0,3871783.0,0.0
1785978000,3871783.0,3871783.0,3871783.0,3871783.0,0.0
1785979800,3871783.0,3871783.0,3871783.0,3871783.0,0.0
1785981600,3938606.0,3938606.0,3938606.0,3938606.0,0.03796621
1785983400,3872544.0,3872544.0,3872544.0,3872544.0,0.75756762
1785985200,3872485.0,3938100.0,3872411.0,3872411.0,0.12317382
1785987000,3872560.0,3872560.0,3872560.0,3872560.0,0.0358209
1785988800,3872560.0,3872560.0,3872560.0,3872560.0,0.0
1785990600,3873050.0,3873050.0,3873050.0,3873050.0,0.00260503
1785992400,3874000.0,3874000.0,3874000.0,3874000.0,0.00954471
1785994200,3874000.0,3874000.0,3874000.0,3874000.0,0.0
1785996000,3874000.0,3874000.0,3874000.0,3874000.0,0.0
1785997800,3937996.0,3937996.0,3874508.0,3874508.0,0.0075431
1785999600,3874508.0,3874508.0,3874508.0,3874508.0,0.00300756
1786001400,3937981.0,3937981.0,3937981.0,3937981.0,0.03793441
1786003200,3937981.0,3937981.0,3937981.0,3937981.0,0.0
1786005000,3937981.0,3937981.0,3937981.0,3937981.0,0.0
1786006800,3937981.0,3937981.0,3937981.0,3937981.0,0.0
1786008600,3874508.0,3874508.0,3874508.0,3874508.0,0.00506113
1786010400,3936996.0,3953835.0,3936996.0,3953835.0,0.25321448
1786012200,3874915.0,3874915.0,3874915.0,3874915.0,0.01830211
1786014000,3874915.0,3874915.0,3874915.0,3874915.0,0.0
1786015800,3953835.0,3953835.0,3881018.0,3881018.0,0.23704174
1786017600,3881010.0,3881010.0,3881010.0,3881010.0,0.00820796
1786019400,3881010.0,3881010.0,3881010.0,3881010.0,0.0
1786021200,3882004.0,3949854.0,3882000.0,3882000.0,0.19213667
1786023000,3953835.0,3961391.0,3884001.0,3884001.0,0.41919829
1786024800,3961390.0,3961391.0,3884004.0,3884004.0,0.05986599
1786026600,3884004.0,3884004.0,3884004.0,3884004.0,0.025386
1786028400,3886424.0,3932972.0,3886424.0,3932968.0,0.64338249
1786030200,3884004.0,3928865.0,3881035.0,3928865.0,0.1249099
1786032000,3928865.0,3928865.0,3928865.0,3928865.0,0.0
1786033800,3928789.0,3928789.0,3899769.0,3899769.0,0.29594626
1786035600,3899769.0,3899769.0,3899769.0,3899769.0,0.0
1786037400,3899769.0,3899769.0,3899769.0,3899769.0,0.0
1786039200,3948509.0,3948509.0,3948509.0,3948509.0,0.00252221
1786041000,3899773.0,3957124.0,3899773.0,3957124.0,0.00843608
1786042800,3957124.0,3957124.0,3957124.0,3957124.0,0.0
1786044600,3957124.0,3957124.0,3957124.0,3957124.0,0.0
1786046400,3946781.0,3946781.0,3899773.0,3899773.0,0.01641933
1786048200,3899773.0,3899773.0,3899773.0,3899773.0,0.0
1786050000,3899773.0,3899773.0,3899773.0,3899773.0,0.0
1786051800,3953626.0,3953626.0,3953626.0,3953626.0,0.38
1786053600,3948478.0,3948478.0,3948478.0,3948478.0,0.00630546
1786055400,3948478.0,3948478.0,3948478.0,3948478.0,0.0
1786057200,3948132.0,3948132.0,3948132.0,3948132.0,0.01224325
1786059000,3899769.0,3899769.0,3899769.0,3899769.0,0.10251914
1786060800,3899769.0,3899769.0,3899769.0,3899769.0,0.0
1786062600,3961164.0,3961164.0,3961164.0,3961164.0,0.00500105
1786064400,3961164.0,3961164.0,3961164.0,3961164.0,0.0
1786066200,3961164.0,3961164.0,3961164.0,3961164.0,0.0
1786068000,3961164.0,3961164.0,3961164.0,3961164.0,0.0
1786069800,3899769.0,3899769.0,3899769.0,3899769.0,0.02691706
1786071600,3899769.0,3899769.0,3899769.0,3899769.0,0.0
1786073400,3899769.0,3899769.0,3899769.0,3899769.0,0.01001271
1786075200,3950438.0,3950438.0,3950438.0,3950438.0,0.00743715
1786077000,3950438.0,3950438.0,3950438.0,3950438.0,0.0
1786078800,3948672.0,3948672.0,3948672.0,3948672.0,0.07482389
1786080600,3899769.0,3899769.0,3899769.0,3899769.0,0.02505167
1786082400,3952806.0,3955673.0,3952806.0,3955673.0,2.63971399
1786084200,3955673.0,3955673.0,3955673.0,3955673.0,0.01258824
1786086000,3955673.0,3955673.0,3955673.0,3955673.0,0.01945863
1786087800,3905135.0,3905135.0,3905135.0,3905135.0,0.01945863
1786089600,3905135.0,3905135.0,3905135.0,3905135.0,0.0
1786091400,3905135.0,3905135.0,3905135.0,3905135.0,0.0
1786093200,3906157.0,3906157.0,3702000.0,3702000.0,2.61736288
1786095000,3906262.0,3906262.0,3897391.0,3897391.0,0.24973913
1786096800,3905927.0,3914464.0,3905927.0,3914464.0,0.01533345
1786098600,3914464.0,3914464.0,3914464.0,3914464.0,0.0
1786100400,3913000.0,3913000.0,3913000.0,3913000.0,0.02993687
1786102200,3913000.0,3913000.0,3913000.0,3913000.0,0.0
1786104000,3912000.0,3912000.0,3871809.0,3871809.0,0.0068773
1786105800,3911000.0,3919429.0,3908814.0,3919429.0,0.39436184
1786107600,3919429.0,3928048.0,3900814.0,3928048.0,0.02506509
1786109400,3928048.0,3936675.0,3928048.0,3936675.0,0.13023728
1786111200,3945294.0,3945298.0,3945294.0,3945298.0,0.13306006
1786113000,3953920.0,3955673.0,3871813.0,3871813.0,0.01997507
1786114800,3952091.0,3955673.0,3805000.0,3805000.0,1.43509176
1786116600,3955673.0,3955673.0,3811020.0,3811020.0,0.28645206
1786118400,3811020.0,3811020.0,3811020.0,3811020.0,0.0
1786120200,3811020.0,3811020.0,3811020.0,3811020.0,0.0
1786122000,3948402.0,3961384.0,3948402.0,3961384.0,0.01074979
1786123800,3811072.0,3961384.0,3811056.0,3961384.0,0.05844231
1786125600,3961384.0,3961384.0,3961384.0,3961384.0,0.0
1786127400,3950682.0,3950682.0,3712599.0,3712599.0,1.44247684
1786129200,3950675.0,3950678.0,3950675.0,3950678.0,0.08385878
1786131000,3950678.0,3950678.0,3950678.0,3950678.0,0.0
1786132800,3950678.0,3950678.0,3950678.0,3950678.0,0.0
1786134600,3950678.0,3950678.0,3950678.0,3950678.0,0.00265017
1786136400,3950678.0,3950678.0,3950678.0,3950678.0,0.0
1786138200,3961388.0,3961388.0,3961388.0,3961388.0,0.00251401
1786140000,3961388.0,3961388.0,3961388.0,3961388.0,0.0
1786141800,3961388.0,3961388.0,3713441.0,3713441.0,0.01382694
1786143600,3713441.0,3713441.0,3713441.0,3713441.0,0.0
1786145400,3961387.0,3961387.0,3961387.0,3961387.0,0.00407104
1786147200,3961387.0,3961387.0,3961387.0,3961387.0,0.0
1786149000,3961387.0,3961387.0,3961387.0,3961387.0,0.0
1786150800,3961387.0,3961387.0,3758264.0,3758264.0,0.36126818
1786152600,3961000.0,3962447.0,3758272.0,3962447.0,0.61775349
1786154400,3961443.0,3961443.0,3961443.0,3961443.0,0.00628483
1786156200,3960000.0,3960000.0,3960000.0,3960000.0,0.00254494
1786158000,3960000.0,3960000.0,3765340.0,3765340.0,0.03193821
1786159800,3959998.0,3959998.0,3959998.0,3959998.0,0.01206692
1786161600,3961440.0,3962446.0,3961440.0,3962446.0,0.00789252
1786163400,3962446.0,3962446.0,3962446.0,3962446.0,0.06367279
1786165200,3962446.0,3962446.0,3962446.0,3962446.0,0.0
1786167000,3962446.0,3962446.0,3962446.0,3962446.0,0.0
1786168800,3850004.0,3962442.0,3850000.0,3850000.0,0.08102907
1786170600,3886447.0,3900363.0,3850000.0,3850000.0,0.3714451
1786172400,3850000.0,3850000.0,3850000.0,3850000.0,0.0
1786174200,3850000.0,3850000.0,3850000.0,3850000.0,0.0
1786176000,3850000.0,3850000.0,3850000.0,3850000.0,0.0
1786177800,3900363.0,3940486.0,3850000.0,3850004.0,0.2750851
1786179600,3940486.0,3962446.0,3855004.0,3855004.0,0.13627229
1786181400,3855004.0,3855004.0,3855004.0,3855004.0,0.0
1786183200,3855004.0,3855004.0,3855004.0,3855004.0,0.0
1786185000,3962438.0,3962438.0,3962438.0,3962438.0,0.03688915
1786186800,3962434.0,3962434.0,3962434.0,3962434.0,0.00313191
1786188600,3962433.0,3962433.0,3962433.0,3962433.0,0.01256677
1786190400,3962424.0,3962424.0,3962424.0,3962424.0,0.00882867
1786192200,3962424.0,3962424.0,3962424.0,3962424.0,0.02700341
1786194000,3962424.0,3962424.0,3962424.0,3962424.0,0.00613437
1786195800,3962424.0,3962424.0,3962424.0,3962424.0,0.0
1786197600,3962424.0,3962424.0,3861004.0,3861004.0,0.01085986
1786199400,3861000.0,3862004.0,3861000.0,3862004.0,0.01250181
1786201200,3962424.0,3962424.0,3862004.0,3862004.0,0.02299625
1786203000,3962424.0,3962424.0,3962424.0,3962424.0,0.10914151
1786204800,3865008.0,3962424.0,3865008.0,3962424.0,0.01866002
1786206600,3865008.0,3948000.0,3865008.0,3947999.0,0.04645909
1786208400,3947999.0,3947999.0,3947999.0,3947999.0,0.0
1786210200,3931982.0,3931982.0,3931982.0,3931982.0,0.00279324
1786212000,3931982.0,3931982.0,3931982.0,3931982.0,0.0
1786213800,3947999.0,3947999.0,3947999.0,3947999.0,0.0035314
1786215600,3947999.0,3948000.0,3947999.0,3948000.0,0.12612767
1786217400,3948000.0,3948000.0,3948000.0,3948000.0,0.0
1786219200,3948000.0,3948000.0,3948000.0,3948000.0,0.0
1786221000,3948000.0,3948000.0,3948000.0,3948000.0,0.0
1786222800,3932442.0,3932442.0,3919056.0,3919056.0,0.00503419
1786224600,3919056.0,3919056.0,3919056.0,3919056.0,0.0
1786226400,3919056.0,3919056.0,3919056.0,3919056.0,0.0
1786228200,3919056.0,3919056.0,3919056.0,3919056.0,0.0
1786230000,3919056.0,3919056.0,3919056.0,3919056.0,0.0
1786231800,3919056.0,3919056.0,3919056.0,3919056.0,0.0
1786233600,3919056.0,3919056.0,3919056.0,3919056.0,0.0
1786235400,3919056.0,3919056.0,3919056.0,3919056.0,0.0
1786237200,3948000.0,3948000.0,3948000.0,3948000.0,0.01337867
1786239000,3919060.0,3919060.0,3919060.0,3919060.0,0.03682897
1786240800,3948000.0,3948000.0,3948000.0,3948000.0,0.00859093
1786242600,3919069.0,3919069.0,3919069.0,3919069.0,0.00282414
1786244400,3919064.0,3919064.0,3919064.0,3919064.0,0.01206692
1786246200,3919064.0,3919064.0,3919064.0,3919064.0,0.0
1786248000,3948000.0,3948000.0,3948000.0,3948000.0,0.00457852
1786249800,3919064.0,3919064.0,3919064.0,3919064.0,0.00462218
1786251600,3919064.0,3919064.0,3919064.0,3919064.0,0.08920233
1786253400,3919064.0,3919064.0,3919064.0,3919064.0,0.0
1786255200,3931000.0,3962000.0,3919060.0,3919060.0,0.58495167
1786257000,3919060.0,3919060.0,3919060.0,3919060.0,0.0
1786258800,3919060.0,3919060.0,3919060.0,3919060.0,0.0
1786260600,3961996.0,3961996.0,3920004.0,3920004.0,0.08785319
1786262400,3961996.0,3961996.0,3920004.0,3920004.0,0.04516778
1786264200,3920004.0,3920004.0,3920004.0,3920004.0,0.0
1786266000,3961996.0,3961996.0,3961996.0,3961996.0,0.03222794
1786267800,3961996.0,3961996.0,3961996.0,3961996.0,0.0
1786269600,3920008.0,3961992.0,3920008.0,3961992.0,0.0215421
1786271400,3961986.0,3961986.0,3961986.0,3961986.0,0.00321379
1786273200,3921108.0,3921108.0,3921108.0,3921108.0,0.03522551
1786275000,3961992.0,3961992.0,3961992.0,3961992.0,0.03264999
1786276800,3961992.0,3961992.0,3961992.0,3961992.0,0.0
1786278600,3961992.0,3961992.0,3961992.0,3961992.0,0.0
1786280400,3961992.0,3961992.0,3961992.0,3961992.0,0.0
1786282200,3961992.0,3961992.0,3961992.0,3961992.0,0.0
1786284000,3930062.0,3930062.0,3930062.0,3930062.0,0.02850544
1786285800,3930062.0,3930062.0,3930062.0,3930062.0,0.0
1786287600,3930062.0,3930062.0,3930062.0,3930062.0,0.0
1786289400,3930062.0,3930062.0,3930062.0,3930062.0,0.0
1786291200,3930062.0,3930062.0,3930062.0,3930062.0,0.00393798
1786293000,3961996.0,3961996.0,3961996.0,3961996.0,0.01926756
1786294800,3930066.0,3930066.0,3930066.0,3930066.0,0.02547988
1786296600,3930066.0,3930066.0,3930066.0,3930066.0,0.0
1786298400,3961996.0,3962000.0,3961996.0,3962000.0,0.12281907
1786300200,3962000.0,3962000.0,3962000.0,3962000.0,0.06286597
1786302000,3962000.0,3962000.0,3962000.0,3962000.0,0.0
1786303800,3930066.0,3962000.0,3930066.0,3962000.0,0.06949511
1786305600,3962000.0,3962000.0,3962000.0,3962000.0,0.0
1786307400,3962000.0,3962000.0,3962000.0,3962000.0,0.0
1786309200,3962000.0,3962000.0,3962000.0,3962000.0,0.0
1786311000,3962000.0,3962000.0,3962000.0,3962000.0,0.0
1786312800,3962000.0,3962000.0,3962000.0,3962000.0,0.0
1786314600,3962000.0,3962000.0,3962000.0,3962000.0,0.0
1786316400,3962000.0,3962000.0,3962000.0,3962000.0,0.00634931
1786318200,3962000.0,3962000.0,3962000.0,3962000.0,0.0
1786320000,3962000.0,3962000.0,3962000.0,3962000.0,0.0
1786321800,3961996.0,3962000.0,3961996.0,3961996.0,0.25237409
1786323600,3961992.0,3961992.0,3961992.0,3961992.0,0.00337734
1786325400,3930066.0,3930066.0,3930066.0,3930066.0,0.01753093
1786327200,3930066.0,3930066.0,3930066.0,3930066.0,0.0
1786329000,3930070.0,3930070.0,3930070.0,3930070.0,0.00377888
1786330800,3961992.0,3961992.0,3961992.0,3961992.0,0.01235868
1786332600,3961992.0,3961992.0,3961992.0,3961992.0,0.0
1786334400,3961992.0,3962000.0,3930062.0,3930062.0,0.15687412
1786336200,3961000.0,3961000.0,3930066.0,3930066.0,0.01492697
1786338000,3930066.0,3930066.0,3930066.0,3930066.0,0.0
1786339800,3930066.0,3930066.0,3930066.0,3930066.0,0.0
1786341600,3930066.0,3930066.0,3930066.0,3930066.0,0.0
1786343400,3930066.0,3930066.0,3930066.0,3930066.0,0.09447996
1786345200,3930066.0,3930066.0,3930066.0,3930066.0,0.01224325
1786347000,3930066.0,3930066.0,3930066.0,3930066.0,0.0
1786348800,3930066.0,3930066.0,3930066.0,3930066.0,0.0
1786350600,3930066.0,3930066.0,3930066.0,3930066.0,0.0
1786352400,3930066.0,3960000.0,3930066.0,3960000.0,0.01487485
1786354200,3960000.0,3960000.0,3960000.0,3960000.0,0.0
1786356000,3960000.0,3960000.0,3960000.0,3960000.0,0.0
1786357800,3930066.0,3930066.0,3930066.0,3930066.0,0.10207948
1786359600,3930066.0,3930066.0,3930066.0,3930066.0,0.0
1786361400,3930066.0,3930066.0,3930066.0,3930066.0,0.0
1786363200,3930066.0,3930066.0,3930066.0,3930066.0,0.0
1786365000,3930066.0,3930066.0,3930066.0,3930066.0,0.0
1786366800,3930062.0,3930062.0,3930062.0,3930062.0,0.09865202
1786368600,3930062.0,3930062.0,3930062.0,3930062.0,0.0952164
1786370400,3930054.0,3930054.0,3919000.0,3919000.0,0.32681596
1786372200,3919000.0,3945000.0,3850000.0,3943999.0,1.07783762
1786374000,3855004.0,3855004.0,3855004.0,3855004.0,0.06975487
1786375800,3860000.0,3860000.0,3860000.0,3860000.0,0.00278042
1786377600,3901370.0,3901370.0,3901370.0,3901370.0,0.01021077
1786379400,3850000.0,3901365.0,3850000.0,3901365.0,0.12398826
1786381200,3883972.0,3883972.0,3883972.0,3883972.0,0.05270686
1786383000,3883972.0,3883972.0,3883972.0,3883972.0,0.0
1786384800,3883972.0,3883972.0,3883972.0,3883972.0,0.0
1786386600,3883972.0,3883972.0,3883972.0,3883972.0,0.0
1786388400,3883972.0,3883972.0,3883972.0,3883972.0,0.0
1786390200,3883972.0,3883972.0,3883972.0,3883972.0,0.0
1786392000,3883972.0,3883972.0,3883972.0,3883972.0,0.0
1786393800,3883972.0,3883972.0,3883972.0,3883972.0,0.0
1786395600,3883972.0,3883972.0,3883972.0,3883972.0,0.0
1786397400,3883972.0,3883972.0,3883972.0,3883972.0,0.0
1786399200,3879634.0,3879634.0,3850004.0,3850004.0,0.00667382
1786401000,3872608.0,3872608.0,3872608.0,3872608.0,0.00644191
1786402800,3872608.0,3872608.0,3872608.0,3872608.0,0.0
1786404600,3850000.0,3850000.0,3850000.0,3850000.0,0.03264999
1786406400,3861919.0,3861919.0,3861919.0,3861919.0,0.00257876
1786408200,3861919.0,3861919.0,3861919.0,3861919.0,0.0
1786410000,3879634.0,3879634.0,3879634.0,3879634.0,0.00487339
1786411800,3879634.0,3962428.0,3879634.0,3962428.0,1.66263538
1786413600,3850025.0,3850028.0,3850025.0,3850028.0,0.02881461
1786415400,3898710.0,3898710.0,3898710.0,3898710.0,0.0223656
1786417200,3898710.0,3898710.0,3898710.0,3898710.0,0.0
1786419000,3905605.0,3905605.0,3905605.0,3905605.0,0.00254992
1786420800,3905605.0,3905605.0,3905605.0,3905605.0,0.0
1786422600,3940782.0,3940782.0,3940782.0,3940782.0,0.00550626
1786424400,3891981.0,3891981.0,3891981.0,3891981.0,0.00393347
1786426200,3850056.0,3888022.0,3850056.0,3888022.0,0.00964985
1786428000,3891617.0,3891617.0,3891617.0,3891617.0,0.02456716
1786429800,3891617.0,3891617.0,3891617.0,3891617.0,0.0
1786431600,3891617.0,3891617.0,3891617.0,3891617.0,0.0
1786433400,3850042.0,3850042.0,3850042.0,3850042.0,0.02456716
1786435200,3850042.0,3850042.0,3850042.0,3850042.0,0.0
1786437000,3850050.0,3850050.0,3850046.0,3850046.0,0.13346735
1786438800,3850046.0,3850046.0,3850046.0,3850046.0,0.0
1786440600,3850046.0,3850046.0,3850046.0,3850046.0,0.0
1786442400,3850060.0,3850060.0,3850060.0,3850060.0,0.03793441
1786444200,3956101.0,3956101.0,3956101.0,3956101.0,0.00486842
1786446000,3910743.0,3962424.0,3910743.0,3962424.0,0.00498556
1786447800,3962424.0,3962424.0,3962424.0,3962424.0,0.0
1786449600,3855013.0,3855013.0,3855012.0,3855012.0,0.07482389
1786451400,3855012.0,3855012.0,3855012.0,3855012.0,0.0
1786453200,3962423.0,3962423.0,3962423.0,3962423.0,0.00251336
1786455000,3899345.0,3899345.0,3899345.0,3899345.0,0.00255401
1786456800,3899345.0,3899345.0,3899345.0,3899345.0,0.0
1786458600,3899345.0,3899345.0,3899345.0,3899345.0,0.0
1786460400,3887629.0,3899341.0,3887629.0,3899341.0,0.01358646
1786462200,3857209.0,3857209.0,3857209.0,3857209.0,0.01032533
1786464000,3885076.0,3885076.0,3885076.0,3885076.0,0.03845098
1786465800,3885076.0,3885076.0,3885076.0,3885076.0,0.0
1786467600,3885076.0,3885076.0,3885076.0,3885076.0,0.0
1786469400,3885076.0,3885076.0,3885076.0,3885076.0,0.0
1786471200,3857205.0,3857205.0,3857205.0,3857205.0,0.00317465
1786473000,3857205.0,3857205.0,3857205.0,3857205.0,0.0
1786474800,3857205.0,3857205.0,3857205.0,3857205.0,0.0
1786476600,3857205.0,3857205.0,3857205.0,3857205.0,0.0
1786478400,3857205.0,3857205.0,3857205.0,3857205.0,0.0
1786480200,3857205.0,3857205.0,3857205.0,3857205.0,0.0
1786482000,3857205.0,3857205.0,3857205.0,3857205.0,0.0
1786483800,3857205.0,3857205.0,3857205.0,3857205.0,0.0
1786485600,3857205.0,3857205.0,3857205.0,3857205.0,0.0
1786487400,3857205.0,3857205.0,3857205.0,3857205.0,0.0
1786489200,3889058.0,3889058.0,3889058.0,3889058.0,0.00426941
1786491000,3889058.0,3889058.0,3889058.0,3889058.0,0.00256077
1786492800,3889058.0,3889058.0,3889058.0,3889058.0,0.03189767
1786494600,3908283.0,3908283.0,3908283.0,3908283.0,0.10749272
1786496400,3908283.0,3908283.0,3908283.0,3908283.0,0.0
1786498200,3857209.0,3857209.0,3857209.0,3857209.0,0.02547781
1786500000,3857209.0,3857209.0,3857209.0,3857209.0,0.0
1786501800,3857214.0,3857214.0,3857214.0,3857214.0,0.0046289
1786503600,3857214.0,3857214.0,3857214.0,3857214.0,0.0
1786505400,3857214.0,3857214.0,3857214.0,3857214.0,0.0
1786507200,3924537.0,3924538.0,3924537.0,3924538.0,0.01268812
1786509000,3924538.0,3924538.0,3924538.0,3924538.0,0.0
1786510800,3924538.0,3924538.0,3924538.0,3924538.0,0.0
1786512600,3924538.0,3924538.0,3924538.0,3924538.0,0.0
1786514400,3924532.0,3924538.0,3924532.0,3924537.0,0.01758984
1786516200,3924537.0,3924537.0,3924537.0,3924537.0,0.0
1786518000,3924537.0,3942205.0,3924537.0,3942205.0,2.5520385
1786519800,3942205.0,3942205.0,3942205.0,3942205.0,0.0
1786521600,3942205.0,3942205.0,3942205.0,3942205.0,0.0
1786523400,3886349.0,3888395.0,3886349.0,3888395.0,0.01294509
1786525200,3939989.0,3939990.0,3939989.0,3939990.0,0.03161454
1786527000,3888396.0,3888396.0,3888396.0,3888396.0,0.00585214
1786528800,3888396.0,3888396.0,3888396.0,3888396.0,0.0
1786530600,3888396.0,3888396.0,3888396.0,3888396.0,0.0
1786532400,3888396.0,3888396.0,3888396.0,3888396.0,0.0
1786534200,3888396.0,3888396.0,3888396.0,3888396.0,0.0
1786536000,3888396.0,3888396.0,3888396.0,3888396.0,0.0
1786537800,3888396.0,3888396.0,3888396.0,3888396.0,0.0
1786539600,3905771.0,3905771.0,3905771.0,3905771.0,0.00536134
1786541400,3939990.0,3963025.0,3939990.0,3963025.0,0.8698495
1786543200,3964777.0,3982412.0,3964777.0,3982412.0,0.21373117
1786545000,3984204.0,3990879.0,3857239.0,3990879.0,0.1210516
1786546800,3991048.0,4000000.0,3991048.0,3999996.0,0.3100141
1786548600,3999996.0,3999996.0,3999996.0,3999996.0,0.0
1786550400,3963894.0,3963894.0,3963894.0,3963894.0,0.00256036
1786552200,3963894.0,3963894.0,3963894.0,3963894.0,0.0
1786554000,3963894.0,3963894.0,3963894.0,3963894.0,0.0
1786555800,3963894.0,3963894.0,3963894.0,3963894.0,0.0
1786557600,3999996.0,3999996.0,3857205.0,3999996.0,1.93187665
1786559400,3999996.0,3999996.0,3999996.0,3999996.0,0.0
1786561200,3857259.0,3999995.0,3857258.0,3999995.0,0.03036602
1786563000,3999995.0,3999995.0,3999995.0,3999995.0,0.0
1786564800,3999995.0,3999995.0,3999995.0,3999995.0,0.0
1786566600,3999995.0,3999995.0,3999995.0,3999995.0,0.0
1786568400,3999995.0,3999995.0,3999995.0,3999995.0,0.0
1786570200,3999995.0,3999995.0,3999995.0,3999995.0,0.0
1786572000,3999995.0,3999995.0,3999995.0,3999995.0,0.0
1786573800,3999995.0,3999995.0,3999995.0,3999995.0,0.0
1786575600,3999995.0,3999995.0,3999995.0,3999995.0,0.0
1786577400,3999995.0,3999995.0,3999995.0,3999995.0,0.0
1786579200,3999995.0,3999995.0,3999995.0,3999995.0,0.00248975
1786581000,3999995.0,3999995.0,3999995.0,3999995.0,0.0
1786582800,3999995.0,3999996.0,3999995.0,3999996.0,0.0047305
1786584600,3980520.0,3980520.0,3980520.0,3980520.0,0.00724076
1786586400,3986205.0,4000000.0,3986205.0,4000000.0,0.06162161
1786588200,3999996.0,4000000.0,3999996.0,4000000.0,0.00746925
1786590000,4000000.0,4000000.0,4000000.0,4000000.0,0.00746925
1786591800,3984002.0,3984002.0,3984002.0,3984002.0,0.05174105
1786593600,4000000.0,4000000.0,3985837.0,4000000.0,0.03024314
1786595400,4000000.0,4000000.0,4000000.0,4000000.0,0.0
1786597200,4000000.0,4000000.0,4000000.0,4000000.0,0.0032365
1786599000,4000000.0,4000000.0,4000000.0,4000000.0,0.00327525
1786600800,4000000.0,4000000.0,4000000.0,4000000.0,0.03388325
1786602600,4000000.0,4000000.0,3986324.0,3986535.0,0.10472496
1786604400,3999996.0,3999996.0,3999996.0,3999996.0,0.00410275
1786606200,3981432.0,3981432.0,3889093.0,3889093.0,0.06209795
1786608000,3980723.0,3980723.0,3976349.0,3976349.0,0.06110465
1786609800,4000000.0,4000000.0,3977552.0,4000000.0,0.18659756
1786611600,3991667.0,3991667.0,3991667.0,3991667.0,0.00371724
1786613400,3889062.0,3975549.0,3889062.0,3975549.0,0.028099
1786615200,3982777.0,3982777.0,3982777.0,3982777.0,0.00356051
1786617000,3991667.0,3991667.0,3892004.0,3892004.0,0.01595814
1786618800,3991667.0,3991667.0,3991667.0,3991667.0,0.02231147
1786620600,3972734.0,3991544.0,3972734.0,3990577.0,0.23713498
1786622400,3969103.0,3969103.0,3964487.0,3964487.0,0.04040361
1786624200,3991663.0,3991663.0,3991663.0,3991663.0,0.0288862
1786626000,3977195.0,3991667.0,3977195.0,3989769.0,0.36985525
1786627800,3999996.0,4000000.0,3902040.0,3902040.0,0.75563231
1786629600,3902040.0,3902040.0,3902040.0,3902040.0,0.0
1786631400,4000000.0,4000000.0,3905016.0,3905016.0,0.00954513
1786633200,3905004.0,3905004.0,3905004.0,3905004.0,0.0047305
1786635000,3905004.0,3905004.0,3905004.0,3905004.0,0.0
1786636800,3905022.0,3905022.0,3905022.0,3905022.0,0.00257187
1786638600,3905022.0,3905022.0,3905022.0,3905022.0,0.0
1786640400,3905022.0,3905022.0,3905022.0,3905022.0,0.0
1786642200,3905022.0,3905022.0,3905022.0,3905022.0,0.0
1786644000,3905022.0,3905022.0,3905022.0,3905022.0,0.0
1786645800,3909606.0,3929059.0,3909606.0,3929059.0,0.00381464
1786647600,3929059.0,3929059.0,3929059.0,3929059.0,0.0
1786649400,3929059.0,3929059.0,3929059.0,3929059.0,0.0
1786651200,3929059.0,3929059.0,3929059.0,3929059.0,0.0
1786653000,3929059.0,3929059.0,3929059.0,3929059.0,0.0
1786654800,3929059.0,3929059.0,3929059.0,3929059.0,0.0
1786656600,3929059.0,3929059.0,3929059.0,3929059.0,0.0
1786658400,3929059.0,3929059.0,3929059.0,3929059.0,0.0
1786660200,3929059.0,3929059.0,3929059.0,3929059.0,0.0
1786662000,3929059.0,3969897.0,3929059.0,3969897.0,0.02362113
1786663800,3955583.0,4000000.0,3955583.0,4000000.0,0.08066091
1786665600,4000000.0,4000000.0,4000000.0,4000000.0,0.0
1786667400,4000000.0,4000000.0,4000000.0,4000000.0,0.00437475
1786669200,4000000.0,4000000.0,4000000.0,4000000.0,0.0
1786671000,4000000.0,4000000.0,4000000.0,4000000.0,0.0
1786672800,4000000.0,4000000.0,4000000.0,4000000.0,0.0
1786674600,3905008.0,3905008.0,3905000.0,3905000.0,0.25741664
1786676400,3905004.0,3905004.0,3905004.0,3905004.0,0.0049795
1786678200,3915004.0,4000000.0,3915004.0,3915004.0,0.01125343
1786680000,3915004.0,3915004.0,3857214.0,3857215.0,0.40267731
1786681800,3999989.0,3999989.0,3999989.0,3999989.0,0.0028855
1786683600,3862004.0,3862004.0,3862004.0,3862004.0,0.05200538
1786685400,3862004.0,3862004.0,3862004.0,3862004.0,0.0
1786687200,3862004.0,3862004.0,3862004.0,3862004.0,0.0
1786689000,3999996.0,3999996.0,3999996.0,3999996.0,0.0049795
1786690800,3865060.0,3865060.0,3865060.0,3865060.0,0.00285594
1786692600,3865060.0,3865060.0,3865060.0,3865060.0,0.0
1786694400,3865060.0,3865060.0,3865060.0,3865060.0,0.0
1786696200,3865060.0,3865060.0,3865060.0,3865060.0,0.0
1786698000,3865067.0,3865068.0,3865067.0,3865068.0,0.18271842
1786699800,3865068.0,3865068.0,3865068.0,3865068.0,0.0
1786701600,3865068.0,3865068.0,3865068.0,3865068.0,0.0
1786703400,3865068.0,3865068.0,3865068.0,3865068.0,0.0
1786705200,3880004.0,4000000.0,3880004.0,4000000.0,0.05498798
1786707000,3857260.0,3857260.0,3857259.0,3857259.0,0.03845098
1786708800,3857259.0,3857259.0,3857259.0,3857259.0,0.0
1786710600,3857259.0,3857259.0,3857259.0,3857259.0,0.0
1786712400,3999989.0,3999989.0,3999989.0,3999989.0,0.00618126
1786714200,3999989.0,3999989.0,3999989.0,3999989.0,0.00920505
1786716000,3999990.0,3999990.0,3999990.0,3999990.0,0.00802726
1786717800,3999990.0,3999990.0,3999900.0,3999900.0,0.07615105
1786719600,3999900.0,3999900.0,3999900.0,3999900.0,0.0
1786721400,3999900.0,3999900.0,3999900.0,3999900.0,0.0
1786723200,3859069.0,3859069.0,3859069.0,3859069.0,0.0060665
1786725000,3859069.0,3859069.0,3859069.0,3859069.0,0.0
1786726800,3999899.0,3999900.0,3999899.0,3999900.0,0.0364514
1786728600,3999900.0,3999900.0,3999900.0,3999900.0,0.0
1786730400,3999900.0,3999900.0,3999900.0,3999900.0,0.0
1786732200,3999900.0,3999900.0,3999900.0,3999900.0,0.0
1786734000,3999900.0,3999900.0,3999900.0,3999900.0,0.0
1786735800,3999900.0,3999900.0,3999900.0,3999900.0,0.0
1786737600,3999896.0,3999896.0,3999896.0,3999896.0,0.00340483
1786739400,3999896.0,3999896.0,3999896.0,3999896.0,0.0
1786741200,3860497.0,3860497.0,3860497.0,3860497.0,0.00340483
1786743000,3860497.0,3860497.0,3860497.0,3860497.0,0.0
1786744800,3860497.0,3860497.0,3860497.0,3860497.0,0.0
1786746600,3860497.0,3860497.0,3860497.0,3860497.0,0.0
1786748400,3860497.0,3860497.0,3860497.0,3860497.0,0.0
1786750200,3860497.0,3860497.0,3860497.0,3860497.0,0.0
1786752000,3882004.0,3882004.0,3882004.0,3882004.0,0.03755839
1786753800,3882013.0,3882013.0,3882004.0,3882004.0,0.25831864
1786755600,3999890.0,3999891.0,3999890.0,3999891.0,0.02494793
1786757400,3999891.0,3999891.0,3999891.0,3999891.0,0.0
1786759200,3999891.0,3999891.0,3885023.0,3885023.0,0.02073866
1786761000,3885023.0,3885023.0,3885023.0,3885023.0,0.00268075
1786762800,3885027.0,3885027.0,3885027.0,3885027.0,0.06462168
1786764600,3885033.0,3885033.0,3885023.0,3885023.0,0.3815958
1786766400,3994308.0,3994308.0,3994308.0,3994308.0,0.0024953
1786768200,3994308.0,3994308.0,3994308.0,3994308.0,0.0
1786770000,3994303.0,3994307.0,3994303.0,3994307.0,0.24808093
1786771800,3994307.0,3994307.0,3994307.0,3994307.0,0.0
1786773600,3993996.0,3993996.0,3993996.0,3993996.0,0.00249349
1786775400,3993996.0,3993996.0,3993996.0,3993996.0,0.0
1786777200,3993996.0,3993996.0,3993996.0,3993996.0,0.03696047
1786779000,3993996.0,3993996.0,3993996.0,3993996.0,0.0
1786780800,3993996.0,3993996.0,3993996.0,3993996.0,0.0
1786782600,3993996.0,3993996.0,3993996.0,3993996.0,0.0
1786784400,3993996.0,3993996.0,3993996.0,3993996.0,0.0
1786786200,3993996.0,3993996.0,3993996.0,3993996.0,0.0
1786788000,3885049.0,3885049.0,3885049.0,3885049.0,0.00258992
1786789800,3885049.0,3992000.0,3885049.0,3992000.0,0.03396651
1786791600,3992000.0,3992000.0,3992000.0,3992000.0,0.0
1786793400,3992000.0,3992000.0,3992000.0,3992000.0,0.0
1786795200,3991996.0,3991996.0,3991996.0,3991996.0,0.00347319
1786797000,3992000.0,3992000.0,3886004.0,3886004.0,0.01814764
1786798800,3886004.0,3886004.0,3886004.0,3886004.0,0.0
1786800600,3886004.0,3886004.0,3886004.0,3886004.0,0.0
1786802400,3886004.0,3886004.0,3886004.0,3886004.0,0.0
1786804200,3992000.0,3992000.0,3992000.0,3992000.0,0.00831688
1786806000,3886016.0,3886016.0,3886016.0,3886016.0,0.0028855
1786807800,3886016.0,3886016.0,3886016.0,3886016.0,0.0
1786809600,3886020.0,3886020.0,3886020.0,3886020.0,0.00273934
1786811400,3999995.0,4000000.0,3886020.0,3886020.0,0.25137645
1786813200,3886020.0,3886020.0,3886020.0,3886020.0,0.00440422
1786815000,3999996.0,3999996.0,3999996.0,3999996.0,0.0092715
1786816800,3999996.0,3999996.0,3999996.0,3999996.0,0.0
1786818600,3999996.0,3999996.0,3999996.0,3999996.0,0.0
1786820400,3999996.0,3999996.0,3999996.0,3999996.0,0.0
1786822200,3999996.0,3999996.0,3999996.0,3999996.0,0.0
1786824000,3999996.0,3999996.0,3999996.0,3999996.0,0.0
1786825800,3999996.0,3999996.0,3999996.0,3999996.0,0.0
1786827600,3886038.0,3886038.0,3886038.0,3886038.0,0.0038839
1786829400,3886038.0,3886038.0,3886038.0,3886038.0,0.0
1786831200,3886038.0,3886038.0,3886038.0,3886038.0,0.0
1786833000,3886038.0,3886038.0,3886038.0,3886038.0,0.0
1786834800,3886038.0,3886038.0,3886038.0,3886038.0,0.0
1786836600,3887004.0,3887004.0,3887004.0,3887004.0,0.00347319
1786838400,3887004.0,3887004.0,3887004.0,3887004.0,0.0
1786840200,3887004.0,3887004.0,3887004.0,3887004.0,0.0
1786842000,3999987.0,3999987.0,3999987.0,3999987.0,0.00637352
1786843800,3999987.0,3999987.0,3999987.0,3999987.0,0.0
1786845600,3998996.0,3998996.0,3998996.0,3998996.0,0.01265042
1786847400,3998996.0,3998996.0,3887008.0,3998996.0,0.07350769
1786849200,3998996.0,3998996.0,3998996.0,3998996.0,0.0
1786851000,3887004.0,3998996.0,3887004.0,3998996.0,0.06837987
1786852800,3998996.0,3998996.0,3887009.0,3998996.0,0.03538436
1786854600,3998996.0,3998996.0,3998996.0,3998996.0,0.02490375
1786856400,3998996.0,3998996.0,3998996.0,3998996.0,0.0
1786858200,3998996.0,3998996.0,3998996.0,3998996.0,0.00249037
1786860000,3998996.0,3998996.0,3998996.0,3998996.0,0.00249037
1786861800,3998000.0,3998000.0,3998000.0,3998000.0,0.00582141
1786863600,3998000.0,3998000.0,3997500.0,3997500.0,0.00955714
1786865400,3902009.0,3902009.0,3902009.0,3902009.0,0.00498261
1786867200,3902009.0,3902009.0,3902009.0,3902009.0,0.0
1786869000,3997500.0,3997500.0,3997500.0,3997500.0,0.03056884
1786870800,3997500.0,3997500.0,3997500.0,3997500.0,0.43325317
1786872600,3902011.0,3902011.0,3902000.0,3902004.0,0.43630092
1786874400,3902000.0,3902000.0,3902000.0,3902000.0,0.12894003
1786876200,3998000.0,3998000.0,3887007.0,3887007.0,0.27049585
1786878000,3998000.0,3998000.0,3998000.0,3998000.0,0.00498199
1786879800,3998000.0,3998000.0,3998000.0,3998000.0,0.0
1786881600,3998000.0,3998000.0,3998000.0,3998000.0,0.0
1786883400,3996996.0,3996996.0,3885005.0,3885005.0,0.78552701
1786885200,3885005.0,3885005.0,3885005.0,3885005.0,0.0
1786887000,3885046.0,3885046.0,3885046.0,3885046.0,0.02807754
1786888800,3885046.0,3885046.0,3885046.0,3885046.0,0.0
1786890600,3990000.0,3990000.0,3990000.0,3990000.0,0.24171604
1786892400,3891012.0,3891012.0,3891005.0,3891005.0,0.24553068
1786894200,3900004.0,3900004.0,3900004.0,3900004.0,0.01048906
1786896000,3900004.0,3900004.0,3900004.0,3900004.0,0.0
1786897800,3900004.0,3900004.0,3900004.0,3900004.0,0.0
1786899600,3988995.0,3989000.0,3988995.0,3989000.0,0.22253257
1786901400,3989000.0,3996999.0,3989000.0,3996999.0,0.00834313
1786903200,3996999.0,3996999.0,3996999.0,3996999.0,0.0
1786905000,3996999.0,3996999.0,3996999.0,3996999.0,0.0
1786906800,3905005.0,3905005.0,3905005.0,3905005.0,0.00450729
1786908600,3905005.0,3905005.0,3905005.0,3905005.0,0.0
1786910400,3905005.0,3905005.0,3905005.0,3905005.0,0.0
1786912200,3905005.0,3905005.0,3905005.0,3905005.0,0.0
1786914000,3905005.0,3905005.0,3905005.0,3905005.0,0.0
1786915800,3905005.0,3905005.0,3905005.0,3905005.0,0.0
1786917600,3996999.0,3998000.0,3996999.0,3998000.0,0.03424551
1786919400,3905021.0,3905021.0,3905021.0,3905021.0,0.00515336
1786921200,3905021.0,3905021.0,3905021.0,3905021.0,0.0
1786923000,3905021.0,3905021.0,3905021.0,3905021.0,0.0
1786924800,3905021.0,3905021.0,3905021.0,3905021.0,0.0
1786926600,3905021.0,3905021.0,3905021.0,3905021.0,0.0
1786928400,3998000.0,3998000.0,3998000.0,3998000.0,0.02593189
1786930200,3998000.0,3998000.0,3998000.0,3998000.0,0.0
1786932000,3999900.0,3999900.0,3999900.0,3999900.0,0.00248981
1786933800,3999900.0,3999900.0,3999900.0,3999900.0,0.05448285
1786935600,3910047.0,3910047.0,3910047.0,3910047.0,0.00477646
1786937400,3910047.0,3910047.0,3910047.0,3910047.0,0.0
1786939200,3910047.0,3910047.0,3910047.0,3910047.0,0.0
1786941000,3910047.0,3910047.0,3910047.0,3910047.0,0.0
1786942800,3999500.0,3999500.0,3916006.0,3999000.0,0.02109982
1786944600,3998000.0,3998000.0,3998000.0,3998000.0,0.01045222
1786946400,3998000.0,3998000.0,3998000.0,3998000.0,0.0
1786948200,3916017.0,3916017.0,3916017.0,3916017.0,0.0152318
1786950000,3916017.0,3916017.0,3916017.0,3916017.0,0.0
1786951800,3920164.0,3920164.0,3920164.0,3920164.0,0.00263483
1786953600,3920164.0,3920164.0,3920164.0,3920164.0,0.0
1786955400,3996000.0,3996000.0,3996000.0,3996000.0,0.00733808
1786957200,3996000.0,3996000.0,3996000.0,3996000.0,0.00343168
1786959000,3930105.0,3930105.0,3930105.0,3930105.0,0.0136364
1786960800,3930093.0,3930093.0,3930093.0,3930093.0,0.0079062
1786962600,3996000.0,3996000.0,3996000.0,3996000.0,0.01
1786964400,3996000.0,3996000.0,3996000.0,3996000.0,0.0
1786966200,3995000.0,3995000.0,3995000.0,3995000.0,0.00861476
1786968000,3931485.0,3931485.0,3931485.0,3931485.0,0.00274
1786969800,3931485.0,3931485.0,3931485.0,3931485.0,0.0
1786971600,3931485.0,3931485.0,3931485.0,3931485.0,0.0
1786973400,3932034.0,3932064.0,3932034.0,3932064.0,0.03590014
1786975200,3932124.0,3932124.0,3932124.0,3932124.0,0.05133255
1786977000,3995000.0,4015000.0,3932336.0,3932394.0,2.02269504
1786978800,3932394.0,3932394.0,3932394.0,3932394.0,0.0
1786980600,3932394.0,3932394.0,3932394.0,3932394.0,0.0
1786982400,4015000.0,4015000.0,4015000.0,4015000.0,0.02480448
1786984200,4015000.0,4015000.0,4015000.0,4015000.0,0.0
1786986000,3990899.0,3990899.0,3930477.0,3930560.0,0.15321137
1786987800,3930560.0,3930560.0,3930560.0,3930560.0,0.0
1786989600,3930560.0,3930560.0,3930560.0,3930560.0,0.0
1786991400,3930560.0,3930560.0,3930560.0,3930560.0,0.0
1786993200,3930560.0,3930560.0,3930560.0,3930560.0,0.0
1786995000,3930560.0,3930560.0,3930560.0,3930560.0,0.0
1786996800,3931074.0,3931074.0,3931074.0,3931074.0,0.00746925
1786998600,3931074.0,3931074.0,3931074.0,3931074.0,0.0
1787000400,3997671.0,3997800.0,3997671.0,3997800.0,0.23666347
1787002200,3930624.0,3930672.0,3930442.0,3930442.0,1.96756117
1787004000,3930483.0,3930483.0,3930483.0,3930483.0,0.00317466
1787005800,3930483.0,3930483.0,3930483.0,3930483.0,0.0
1787007600,3930483.0,3930483.0,3930483.0,3930483.0,0.0
1787009400,3930483.0,3930483.0,3930483.0,3930483.0,0.0
1787011200,3930483.0,3930483.0,3930483.0,3930483.0,0.0
1787013000,3930483.0,3930483.0,3930483.0,3930483.0,0.0
1787014800,3930483.0,3930483.0,3930483.0,3930483.0,0.0
1787016600,3930483.0,3930483.0,3930483.0,3930483.0,0.0
1787018400,3930483.0,3930483.0,3930483.0,3930483.0,0.0
1787020200,3991630.0,3991630.0,3991630.0,3991630.0,0.01313899
1787022000,3991630.0,3991630.0,3991630.0,3991630.0,0.0
1787023800,3931163.0,3931163.0,3931163.0,3931163.0,0.02449964
1787025600,3991209.0,3991209.0,3991209.0,3991209.0,0.02366901
1787027400,3991209.0,3991209.0,3991209.0,3991209.0,0.0
1787029200,3991209.0,3991209.0,3991209.0,3991209.0,0.0
1787031000,3991209.0,3991209.0,3991209.0,3991209.0,0.0
1787032800,3991209.0,3991209.0,3991209.0,3991209.0,0.0
1787034600,3991209.0,3991209.0,3991209.0,3991209.0,0.0
1787036400,3991209.0,3991209.0,3991209.0,3991209.0,0.0
1787038200,3931168.0,3931168.0,3931168.0,3931168.0,0.0223656
1787040000,3931168.0,3931168.0,3931164.0,3931164.0,0.00948244
1787041800,3978337.0,3978337.0,3978337.0,3978337.0,0.00892508
1787043600,3978337.0,3978337.0,3978337.0,3978337.0,0.0
1787045400,3978337.0,3978337.0,3978337.0,3978337.0,0.0
1787047200,3931164.0,3931164.0,3931164.0,3931164.0,0.0026182
1787049000,3957572.0,3957572.0,3957572.0,3957572.0,0.00717662
1787050800,3957572.0,3957572.0,3957572.0,3957572.0,0.0
1787052600,3957572.0,3957572.0,3957572.0,3957572.0,0.0
1787054400,3957510.0,3957510.0,3957510.0,3957510.0,0.01261955
1787056200,3931164.0,3931164.0,3931164.0,3931164.0,0.10494652
1787058000,3931164.0,3931164.0,3931164.0,3931164.0,0.0
1787059800,3931164.0,3931164.0,3931164.0,3931164.0,0.00634807
1787061600,3931164.0,3931164.0,3931164.0,3931164.0,0.0
1787063400,3953573.0,3953573.0,3931164.0,3931164.0,0.10031193
1787065200,3931164.0,3931164.0,3931164.0,3931164.0,0.0
1787067000,3931164.0,3931164.0,3931164.0,3931164.0,0.0
1787068800,3931164.0,3931164.0,3931164.0,3931164.0,0.0
1787070600,3931164.0,3931164.0,3910010.0,3910010.0,0.03403158
1787072400,3910010.0,3910010.0,3910010.0,3910010.0,0.0
1787074200,3910010.0,3910010.0,3910010.0,3910010.0,0.0
1787076000,3910010.0,3910010.0,3910010.0,3910010.0,0.0
1787077800,3910010.0,3910010.0,3910010.0,3910010.0,0.0
1787079600,3910010.0,3910010.0,3910010.0,3910010.0,0.0
1787081400,3910010.0,3910010.0,3910010.0,3910010.0,0.0
1787083200,3910010.0,3910010.0,3910010.0,3910010.0,0.0
1787085000,3957269.0,3957269.0,3957269.0,3957269.0,0.00251663
1787086800,3957269.0,3957269.0,3957269.0,3957269.0,0.0
1787088600,3915675.0,3915675.0,3915675.0,3915675.0,0.00381492
1787090400,3915675.0,3915675.0,3915675.0,3915675.0,0.0
1787092200,3915675.0,3915675.0,3915675.0,3915675.0,0.0
1787094000,3910010.0,3910010.0,3910010.0,3910010.0,0.02012876
1787095800,3910010.0,3910010.0,3910010.0,3910010.0,0.0
1787097600,3910010.0,3910010.0,3910010.0,3910010.0,0.0
1787099400,3910010.0,3910010.0,3910010.0,3910010.0,0.0393791
1787101200,3910010.0,3910010.0,3910010.0,3910010.0,0.00510849
1787103000,3910010.0,3910010.0,3910010.0,3910010.0,0.0
1787104800,3910010.0,3910010.0,3910010.0,3910010.0,0.0
1787106600,3910010.0,3910010.0,3910010.0,3910010.0,0.0
1787108400,3910011.0,4015000.0,3910011.0,4015000.0,2.42113105
1787110200,4015000.0,4015000.0,4015000.0,4015000.0,0.0
1787112000,4015000.0,4015000.0,4015000.0,4015000.0,0.0
1787113800,4015000.0,4015000.0,4015000.0,4015000.0,0.0
1787115600,4015000.0,4015000.0,4015000.0,4015000.0,0.0
1787117400,4015000.0,4015000.0,4015000.0,4015000.0,0.0
1787119200,3928238.0,3928238.0,3928238.0,3928238.0,0.00563967
1787121000,3910010.0,3938283.0,3890899.0,3938283.0,0.46283424
1787122800,3890903.0,3890903.0,3890903.0,3890903.0,0.01045181
1787124600,3890903.0,3938354.0,3890903.0,3890909.0,0.00994756
1787126400,3938354.0,3938354.0,3938354.0,3938354.0,0.00613403
1787128200,3890930.0,3890930.0,3890930.0,3890930.0,0.00551564
1787130000,3938350.0,3938350.0,3938350.0,3938350.0,0.01212817
1787131800,3938346.0,3938346.0,3938346.0,3938346.0,0.03809415
1787133600,3890954.0,3938346.0,3890954.0,3938346.0,0.04679503
1787135400,3891057.0,3891057.0,3891057.0,3891057.0,0.00566748
1787137200,3890974.0,3890974.0,3890974.0,3890974.0,0.00705895
1787139000,3890974.0,3890974.0,3890974.0,3890974.0,0.0
1787140800,3890959.0,3890959.0,3890959.0,3890959.0,0.02640071
1787142600,3890959.0,3890959.0,3890959.0,3890959.0,0.0
1787144400,3890959.0,3890959.0,3890959.0,3890959.0,0.0
1787146200,3892010.0,3892010.0,3892010.0,3892010.0,0.00613403
1787148000,3919761.0,3919761.0,3892000.0,3892000.0,0.21292226
1787149800,3918730.0,3938333.0,3918730.0,3938333.0,0.09770017
1787151600,3938333.0,3938333.0,3938333.0,3938333.0,0.0
1787153400,3892000.0,3892000.0,3892000.0,3892000.0,0.01258824
1787155200,3938285.0,3938285.0,3938285.0,3938285.0,0.00303533
1787157000,3938285.0,3938285.0,3938285.0,3938285.0,0.0
1787158800,3938285.0,3938285.0,3938285.0,3938285.0,0.0
1787160600,3938285.0,3938285.0,3938285.0,3938285.0,0.0
1787162400,3927474.0,3927474.0,3893000.0,3927457.0,0.00790303
1787164200,3927457.0,3927457.0,3927457.0,3927457.0,0.0
1787166000,3927457.0,3927457.0,3927457.0,3927457.0,0.0
1787167800,3893000.0,3893000.0,3890899.0,3890899.0,0.99532049
1787169600,3890899.0,3890899.0,3890899.0,3890899.0,0.0
1787171400,3892682.0,3892682.0,3892682.0,3892682.0,0.00885302
1787173200,3890899.0,3890899.0,3890899.0,3890899.0,0.02334677
1787175000,3890899.0,3890899.0,3890899.0,3890899.0,0.0
1787176800,3890899.0,3890899.0,3890899.0,3890899.0,0.0
1787178600,3890899.0,3890899.0,3890899.0,3890899.0,0.0
1787180400,3887791.0,3887791.0,3700000.0,3743769.0,5.22860115
1787182200,3743769.0,3743769.0,3743769.0,3743769.0,0.0
1787184000,3743769.0,3917684.0,3743769.0,3917684.0,0.04133179
1787185800,3700040.0,3700040.0,3700009.0,3700009.0,0.67734862
1787187600,3878190.0,3878190.0,3878190.0,3878190.0,0.0051359
1787189400,3700078.0,3700078.0,3700076.0,3700076.0,0.02528726
1787191200,3875873.0,4100000.0,3700000.0,3876227.0,9.95036268
1787193000,3876231.0,4008534.0,3867697.0,3867697.0,3.14784782
1787194800,3867697.0,3867697.0,3867697.0,3867697.0,0.0
1787196600,3867697.0,3867697.0,3867697.0,3867697.0,0.0
1787198400,3867697.0,3867697.0,3867697.0,3867697.0,0.0
1787200200,3890040.0,4099999.0,3889683.0,3926515.0,7.6196303
1787202000,3921796.0,3926614.0,3490000.0,3899995.0,22.93803544
1787203800,3898965.0,3898965.0,3898965.0,3898965.0,0.01774151
1787205600,3898965.0,3924260.0,3895329.0,3923167.0,0.19169073
1787207400,3923167.0,3923167.0,3923167.0,3923167.0,0.0
1787209200,3913992.0,3914000.0,3903992.0,3903992.0,0.28110691
1787211000,3903207.0,3903207.0,3903207.0,3903207.0,0.00639149
1787212800,3902000.0,3902000.0,3902000.0,3902000.0,0.00653537
1787214600,3901997.0,3901997.0,3901997.0,3901997.0,0.14414028
1787216400,3900113.0,3901996.0,3651035.0,3857245.0,3.58583981
1787218200,3856455.0,3899000.0,3856041.0,3898000.0,0.70223633
1787220000,3858024.0,3896996.0,3858024.0,3896996.0,0.26759785
1787221800,3854869.0,3897000.0,3854869.0,3897000.0,0.76186836
1787223600,3855320.0,3855320.0,3855320.0,3855320.0,0.04133179
1787225400,3855320.0,3855320.0,3855320.0,3855320.0,0.0
1787227200,3892437.0,3892437.0,3889250.0,3889250.0,0.26518076
1787229000,3854815.0,3887988.0,3854815.0,3887988.0,0.01783483
1787230800,3887988.0,3887988.0,3887988.0,3887988.0,0.0
1787232600,3887988.0,3887988.0,3887988.0,3887988.0,0.0
1787234400,3854815.0,3854815.0,3850640.0,3850640.0,0.00381492
1787236200,3849688.0,3849688.0,3849688.0,3849688.0,0.0235245
1787238000,3885996.0,3885996.0,3885996.0,3885996.0,0.03106153
1787239800,3867447.0,3867447.0,3867447.0,3867447.0,0.00257508
1787241600,3854659.0,3854659.0,3854659.0,3854659.0,0.01770267
1787243400,3884329.0,3884329.0,3827036.0,3842834.0,0.17809929
1787245200,3831467.0,3831467.0,3831467.0,3831467.0,0.01514618
1787247000,3848100.0,3867146.0,3848100.0,3867146.0,0.01552212
1787248800,3831286.0,3867150.0,3831286.0,3867150.0,0.08432278
1787250600,3867150.0,3867150.0,3867150.0,3867150.0,0.0
1787252400,3867150.0,3867150.0,3867150.0,3867150.0,0.00320442
1787254200,3830116.0,3830116.0,3661001.0,3661001.0,3.18084693
1787256000,3830840.0,3831827.0,3827536.0,3831827.0,0.1637273
1787257800,3832528.0,3832528.0,3831489.0,3831489.0,1.32977068
1787259600,3832599.0,3832599.0,3832599.0,3832599.0,0.01206209
1787261400,3832599.0,3832599.0,3832599.0,3832599.0,0.0
1787263200,3731479.0,3731479.0,3731479.0,3731479.0,0.00343168
1787265000,3838494.0,3867150.0,3838494.0,3867150.0,0.00686353
1787266800,3867150.0,3867150.0,3867150.0,3867150.0,0.0
1787268600,3867150.0,3867150.0,3867150.0,3867150.0,0.0
1787270400,3832183.0,3832183.0,3831548.0,3831548.0,0.30930759
1787272200,3831548.0,3831548.0,3831548.0,3831548.0,0.0
1787274000,3831548.0,3831548.0,3831548.0,3831548.0,0.0
1787275800,3731551.0,3865997.0,3731551.0,3865997.0,0.01779995
1787277600,3865997.0,3865998.0,3865997.0,3865998.0,0.01391477
1787279400,3865998.0,3865998.0,3833742.0,3833742.0,0.02142811
1787281200,3857019.0,3857019.0,3829657.0,3829657.0,0.0258395
1787283000,3829657.0,3829657.0,3829657.0,3829657.0,0.0
1787284800,3829657.0,3829657.0,3829657.0,3829657.0,0.0
1787286600,3750000.0,3865000.0,3731476.0,3865000.0,0.02696609
1787288400,3829931.0,3830737.0,3829931.0,3830737.0,0.59719447
1787290200,3830432.0,3830432.0,3830004.0,3830004.0,0.07695548
1787292000,3830004.0,3830004.0,3830004.0,3830004.0,0.0
1787293800,3848339.0,3848339.0,3848339.0,3848339.0,0.00258786
1787295600,3840000.0,3840000.0,3832703.0,3832703.0,0.12777239
1787297400,3848339.0,3848339.0,3831596.0,3831596.0,0.01921149
1787299200,3848339.0,3863993.0,3831592.0,3831592.0,0.18894293
1787301000,3831592.0,3831592.0,3831592.0,3831592.0,0.0
1787302800,3834487.0,3834487.0,3661012.0,3789095.0,2.68424751
1787304600,3802885.0,3839995.0,3802885.0,3839995.0,0.05737011
1787306400,3818230.0,3866992.0,3818230.0,3866988.0,3.27593702
1787308200,3817029.0,3879642.0,3817029.0,3879642.0,1.39176867
1787310000,3879642.0,3879642.0,3879642.0,3879642.0,0.0
1787311800,3831783.0,3831783.0,3831783.0,3831783.0,0.00458711
1787313600,3877996.0,3877996.0,3875000.0,3875000.0,0.27816774
1787315400,3875000.0,3875000.0,3874000.0,3874000.0,0.08256596
1787317200,3873996.0,3873996.0,3828963.0,3828963.0,0.0257073
1787319000,3828963.0,3828963.0,3828963.0,3828963.0,0.0
1787320800,3828966.0,3828966.0,3828963.0,3828963.0,1.01631767
1787322600,3873000.0,3873000.0,3785758.0,3785758.0,0.08252025
1787324400,3785758.0,3785758.0,3785758.0,3785758.0,0.00885302
1787326200,3785758.0,3785758.0,3785758.0,3785758.0,0.0
1787328000,3870000.0,3890000.0,3789254.0,3789254.0,0.26020137
1787329800,3789259.0,3789259.0,3789259.0,3789259.0,0.00543361
1787331600,3789255.0,3838837.0,3785758.0,3785758.0,0.34549404
1787333400,3839763.0,3839763.0,3839763.0,3839763.0,0.00259364
1787335200,3839763.0,3839763.0,3839763.0,3839763.0,0.0
1787337000,3830888.0,3830969.0,3830888.0,3830969.0,0.01771008
1787338800,3830969.0,3830969.0,3830969.0,3830969.0,0.0
1787340600,3830969.0,3830969.0,3830969.0,3830969.0,0.0
1787342400,3830969.0,3830969.0,3830969.0,3830969.0,0.0
1787344200,3830969.0,3830969.0,3830969.0,3830969.0,0.0
1787346000,3830231.0,3830231.0,3785758.0,3785758.0,0.00773566
1787347800,3785758.0,3785758.0,3785758.0,3785758.0,0.0
1787349600,3785758.0,3785758.0,3785758.0,3785758.0,0.0
1787351400,3831298.0,3831298.0,3831298.0,3831298.0,0.00389893
1787353200,3785758.0,3785758.0,3750000.0,3750000.0,0.53159737
1787355000,3790000.0,3790000.0,3776358.0,3776358.0,0.04925825
1787356800,3776358.0,3776358.0,3776358.0,3776358.0,0.0
1787358600,3776358.0,3776358.0,3776358.0,3776358.0,0.0
1787360400,3776358.0,3776358.0,3776358.0,3776358.0,0.0
1787362200,3835210.0,3835210.0,3835210.0,3835210.0,0.00259672
1787364000,3787584.0,3787584.0,3787584.0,3787584.0,0.01599649
1787365800,3787584.0,3787584.0,3779336.0,3779336.0,0.25687516
1787367600,3779336.0,3779336.0,3779336.0,3779336.0,0.0
1787369400,3857323.0,3857323.0,3857323.0,3857323.0,0.00258184
1787371200,3839301.0,3839301.0,3839301.0,3839301.0,0.00682624
1787373000,3839301.0,3839301.0,3839301.0,3839301.0,0.0
1787374800,3835388.0,3835388.0,3775485.0,3775485.0,0.10821041
1787376600,3830227.0,3830227.0,3830227.0,3830227.0,0.00910024
1787378400,3830227.0,3830227.0,3830227.0,3830227.0,0.0
1787380200,3831120.0,3831120.0,3830942.0,3830942.0,0.03675787
1787382000,3779615.0,3779615.0,3779615.0,3779615.0,0.00283269
1787383800,3779615.0,3779615.0,3779615.0,3779615.0,0.00320603
1787385600,3779615.0,3779615.0,3779615.0,3779615.0,0.07992734
1787387400,3779615.0,3779615.0,3779615.0,3779615.0,0.0
1787389200,3779615.0,3830206.0,3779615.0,3830206.0,0.03971863
1787391000,3830206.0,3830206.0,3830206.0,3830206.0,0.00634482
1787392800,3779615.0,3779615.0,3779615.0,3779615.0,0.03359434
1787394600,3776885.0,3827919.0,3776885.0,3827919.0,0.1527362
1787396400,3827913.0,3827918.0,3776533.0,3776533.0,0.18780992
1787398200,3776883.0,3827918.0,3776883.0,3827918.0,0.02416691
1787400000,3800000.0,3827917.0,3800000.0,3827917.0,0.12929129
1787401800,3800000.0,3800000.0,3800000.0,3800000.0,0.02173825
1787403600,3800000.0,3800000.0,3800000.0,3800000.0,0.01852392
1787405400,3800000.0,3800000.0,3800000.0,3800000.0,0.0
1787407200,3782840.0,3827918.0,3779165.0,3779165.0,0.80648419
1787409000,3779164.0,3780738.0,3779164.0,3780738.0,0.06216266
1787410800,3827917.0,3827917.0,3827917.0,3827917.0,0.00377385
1787412600,3779164.0,3827918.0,3773905.0,3827918.0,0.36857473
1787414400,3827918.0,3827918.0,3827918.0,3827918.0,0.10927088
1787416200,3827918.0,3827918.0,3827918.0,3827918.0,0.00623916
1787418000,3779161.0,3779161.0,3779161.0,3779161.0,0.02745418
1787419800,3779161.0,3779161.0,3779161.0,3779161.0,0.0
1787421600,3827918.0,3827918.0,3827918.0,3827918.0,0.052138
1787423400,3827918.0,3827918.0,3827918.0,3827918.0,0.0
1787425200,3827918.0,3827918.0,3827918.0,3827918.0,0.0
1787427000,3827918.0,3827918.0,3827918.0,3827918.0,0.0
1787428800,3827918.0,3827918.0,3827918.0,3827918.0,0.0
1787430600,3827918.0,3827918.0,3827918.0,3827918.0,0.0
1787432400,3784067.0,3784067.0,3784067.0,3784067.0,0.53076676
1787434200,3784067.0,3784067.0,3784067.0,3784067.0,0.0
1787436000,3784067.0,3784067.0,3784067.0,3784067.0,0.0
1787437800,3778635.0,3778635.0,3750000.0,3750000.0,0.47759891
1787439600,3750000.0,3750000.0,3750000.0,3750000.0,0.0
1787441400,3750000.0,3750000.0,3750000.0,3750000.0,0.0
1787443200,3827918.0,3827919.0,3827918.0,3827919.0,1.00260121
1787445000,3827919.0,3827919.0,3827919.0,3827919.0,0.0
1787446800,3827919.0,3827919.0,3827919.0,3827919.0,0.0
1787448600,3827919.0,3827919.0,3827919.0,3827919.0,0.01614976
1787450400,3794929.0,3794929.0,3794929.0,3794929.0,0.00623916
1787452200,3795104.0,3827919.0,3795104.0,3797382.0,0.28651086
1787454000,3797382.0,3797382.0,3797382.0,3797382.0,0.0
1787455800,3827919.0,3827919.0,3827919.0,3827919.0,1.57837612
1787457600,3801412.0,3801412.0,3801412.0,3801412.0,0.01614976
1787459400,3802463.0,3802463.0,3791600.0,3791600.0,0.04205702
1787461200,3791600.0,3791600.0,3791600.0,3791600.0,0.0
1787463000,3827919.0,3827919.0,3801237.0,3801237.0,0.02191195
1787464800,3827919.0,3827919.0,3827919.0,3827919.0,0.00749284
1787466600,3827919.0,3827919.0,3827919.0,3827919.0,0.49500106
1787468400,3791600.0,3791600.0,3791600.0,3791600.0,0.00917053
1787470200,3827919.0,3830206.0,3827919.0,3830206.0,0.05619808
1787472000,3791600.0,3830206.0,3791600.0,3830206.0,0.08175586
1787473800,3830206.0,3830206.0,3830206.0,3830206.0,0.01103961
1787475600,3830206.0,3830206.0,3830206.0,3830206.0,0.0
1787477400,3830206.0,3830206.0,3830206.0,3830206.0,0.0
1787479200,3830206.0,3830206.0,3830206.0,3830206.0,0.0
1787481000,3830206.0,3830206.0,3830206.0,3830206.0,0.00260012
1787482800,3830206.0,4095000.0,3830206.0,4095000.0,8.65758425
1787484600,3812099.0,3870425.0,3750000.0,3812800.0,3.98393793
1787486400,3812800.0,3812800.0,3812800.0,3812800.0,0.0
1787488200,3828932.0,3883053.0,3828932.0,3883053.0,0.26956654
1787490000,3884653.0,3884653.0,3881415.0,3881415.0,0.53302086
1787491800,4084997.0,4084997.0,3879675.0,4084988.0,0.09343483
1787493600,3879676.0,4084988.0,3877188.0,3877189.0,0.2130878
1787495400,3877189.0,3877189.0,3877189.0,3877189.0,0.0
1787497200,3877188.0,3889633.0,3871363.0,3871363.0,0.05578184
1787499000,3889633.0,3889633.0,3869718.0,3869718.0,0.16210242
1787500800,3869718.0,3869718.0,3865539.0,3865539.0,0.03763009
1787502600,3865539.0,3865539.0,3865539.0,3865539.0,0.0
1787504400,3865539.0,3865539.0,3865539.0,3865539.0,0.0
1787506200,3865539.0,3865539.0,3865539.0,3865539.0,0.00260012
1787508000,3865539.0,3865539.0,3865539.0,3865539.0,0.0
1787509800,3884866.0,3884866.0,3884866.0,3884866.0,0.00256353
1787511600,3884866.0,3896570.0,3884866.0,3894969.0,0.31240821
1787513400,3894969.0,3894969.0,3894969.0,3894969.0,0.0
1787515200,3899515.0,3903177.0,3899515.0,3903177.0,0.00899579
1787517000,3903177.0,3903177.0,3903177.0,3903177.0,0.0
1787518800,3865539.0,3865539.0,3863870.0,3863870.0,0.01261955
1787520600,3863870.0,3863870.0,3863870.0,3863870.0,0.0
1787522400,3863870.0,3863870.0,3863870.0,3863870.0,0.0
1787524200,3863870.0,3863870.0,3863870.0,3863870.0,0.0
1787526000,3888988.0,3888988.0,3886729.0,3886729.0,0.10211991
1787527800,3863870.0,3863870.0,3861263.0,3861263.0,0.02014842
1787529600,3861263.0,3861263.0,3849662.0,3849662.0,0.11493769
1787531400,3848065.0,3848065.0,3848065.0,3848065.0,0.01815264
1787533200,3848065.0,3848065.0,3848065.0,3848065.0,0.0
1787535000,3848065.0,3848065.0,3848065.0,3848065.0,0.0
1787536800,3845339.0,3845339.0,3843862.0,3843862.0,0.05275729
1787538600,3843862.0,3843862.0,3843862.0,3843862.0,0.80729679
1787540400,3857889.0,3857889.0,3843862.0,3843862.0,0.04860657
1787542200,3843862.0,3906834.0,3843862.0,3906834.0,0.23265823
1787544000,3850522.0,3850522.0,3850522.0,3850522.0,0.0064212
1787545800,3850522.0,3850522.0,3850522.0,3850522.0,0.0
1787547600,3843862.0,3843862.0,3843862.0,3843862.0,0.04030714
1787549400,3843862.0,3843862.0,3839562.0,3839562.0,3.75985157
1787551200,3839562.0,3846105.0,3838061.0,3846105.0,0.04449589
1787553000,3835167.0,3839927.0,3833785.0,3839927.0,0.04553329
1787554800,3832260.0,3832260.0,3829414.0,3829414.0,0.02529504
1787556600,3829414.0,3829414.0,3829414.0,3829414.0,0.0
1787558400,3829414.0,3829414.0,3829414.0,3829414.0,0.0
1787560200,3829414.0,3829414.0,3829414.0,3829414.0,0.0
1787562000,3829414.0,3829414.0,3829414.0,3829414.0,0.0
1787563800,3829414.0,3829414.0,3829414.0,3829414.0,0.0
1787565600,3841566.0,3841566.0,3841566.0,3841566.0,0.05195407
1787567400,3846105.0,3848561.0,3830439.0,3830439.0,0.02558434
1787569200,3829414.0,3829414.0,3806403.0,3807235.0,0.38837395
1787571000,3832461.0,3832461.0,3832461.0,3832461.0,0.01041497
1787572800,3828157.0,3832350.0,3803870.0,3803870.0,0.04567846
1787574600,3836929.0,3836929.0,3836929.0,3836929.0,0.00644395
1787576400,3803870.0,3803870.0,3803870.0,3803870.0,0.01795074
1787578200,3803870.0,3803870.0,3727710.0,3743367.0,4.43871307
1787580000,3729734.0,3729734.0,3727709.0,3727709.0,0.13712782
1787581800,3748895.0,3848558.0,3727709.0,3727709.0,0.09380816
1787583600,3727710.0,3727710.0,3727710.0,3727710.0,0.00511976
1787585400,3727710.0,3727710.0,3727710.0,3727710.0,0.0
1787587200,3727711.0,3766941.0,3727711.0,3766941.0,0.02704649
1787589000,3727712.0,3758311.0,3705000.0,3705000.0,3.07983463
1787590800,3754112.0,3754112.0,3754112.0,3754112.0,0.02652824
1787592600,3710000.0,3746494.0,3710000.0,3746494.0,0.98946436
1787594400,3748971.0,3748971.0,3748971.0,3748971.0,0.09958625
1787596200,3730874.0,3746036.0,3730874.0,3746036.0,1.32930658
1787598000,3746036.0,3746036.0,3746036.0,3746036.0,0.0
1787599800,3723508.0,3723508.0,3723508.0,3723508.0,0.26299956
1787601600,3723508.0,3723508.0,3723508.0,3723508.0,0.0
1787603400,3747439.0,3750217.0,3747439.0,3750217.0,0.00598288
1787605200,3710002.0,3710002.0,3710002.0,3710002.0,0.00299144
1787607000,3710002.0,3710002.0,3710002.0,3710002.0,0.0
1787608800,3710002.0,3710002.0,3710002.0,3710002.0,0.0
1787610600,3729273.0,3730361.0,3710002.0,3710002.0,0.02046168
1787612400,3730350.0,3730350.0,3730350.0,3730350.0,0.00572707
1787614200,3710002.0,3710002.0,3710002.0,3710002.0,0.00572707
1787616000,3710002.0,3710002.0,3710002.0,3710002.0,0.0
1787617800,3710002.0,3710002.0,3710002.0,3710002.0,0.0
1787619600,3728194.0,3738364.0,3728194.0,3738364.0,0.0444906
1787621400,3738364.0,3738364.0,3738364.0,3738364.0,0.0
1787623200,3742100.0,3742100.0,3741959.0,3741959.0,0.00920402
1787625000,3743958.0,3743958.0,3743958.0,3743958.0,0.00532003
1787626800,3743958.0,3743958.0,3743958.0,3743958.0,0.0
1787628600,3747601.0,3753904.0,3747601.0,3753904.0,0.01190446
1787630400,3730002.0,3751789.0,3730002.0,3751789.0,0.00909841
1787632200,3751789.0,3751789.0,3751789.0,3751789.0,0.0
1787634000,3751789.0,3751789.0,3751789.0,3751789.0,0.0
1787635800,3753904.0,3780500.0,3753904.0,3780500.0,0.12008403
1787637600,3769992.0,3769992.0,3769992.0,3769992.0,0.07288291
1787639400,3767665.0,3767665.0,3764870.0,3764870.0,0.00661002
1787641200,3780500.0,3780500.0,3780500.0,3780500.0,0.02639571
1787643000,3751789.0,3751789.0,3751789.0,3751789.0,0.01434446
1787644800,3751789.0,3766707.0,3751789.0,3766707.0,0.05954773
1787646600,3766707.0,3766707.0,3766707.0,3766707.0,0.0
1787648400,3766706.0,3775345.0,3766706.0,3766706.0,0.01071554
1787650200,3766706.0,3766706.0,3766706.0,3766706.0,0.0
1787652000,3780500.0,3780500.0,3780500.0,3780500.0,0.30828726
1787653800,3751789.0,3780500.0,3710002.0,3780500.0,1.13449361
1787655600,3755777.0,3755777.0,3755777.0,3755777.0,0.00265164
1787657400,3780500.0,3780500.0,3762906.0,3762906.0,0.04485054
1787659200,3710701.0,3714005.0,3710701.0,3714005.0,0.01170823
1787661000,3768963.0,3768963.0,3710410.0,3760307.0,0.13108749
1787662800,3760307.0,3760307.0,3760307.0,3760307.0,0.0
1787664600,3767748.0,3780494.0,3767748.0,3780494.0,0.10660417
1787666400,3780494.0,3780494.0,3780494.0,3780494.0,0.0
1787668200,3776597.0,3776597.0,3776597.0,3776597.0,0.00632923
1787670000,3760866.0,3760866.0,3752502.0,3752502.0,0.00661113
1787671800,3761234.0,3761234.0,3751627.0,3751627.0,0.01629206
1787673600,3780500.0,3780500.0,3780500.0,3780500.0,0.02527337
1787675400,3780500.0,3780500.0,3780500.0,3780500.0,0.0
1787677200,3780500.0,3780500.0,3742387.0,3742387.0,0.100515
1787679000,3780500.0,3780500.0,3780500.0,3780500.0,0.03107419
1787680800,3750000.0,3750000.0,3750000.0,3750000.0,0.13397787
1787682600,3780500.0,3780500.0,3780500.0,3780500.0,0.12618489
1787684400,3750000.0,3808247.0,3750000.0,3808247.0,0.44441611
1787686200,3808247.0,3808247.0,3808247.0,3808247.0,0.0
1787688000,3808247.0,3808247.0,3808247.0,3808247.0,0.0
1787689800,3753196.0,3753196.0,3753196.0,3753196.0,0.00518887
1787691600,3753196.0,3753196.0,3753196.0,3753196.0,0.0
1787693400,3808247.0,3873357.0,3808247.0,3873357.0,3.57114007
1787695200,3873357.0,3873357.0,3873357.0,3873357.0,0.0
1787697000,3819054.0,3819054.0,3761717.0,3761717.0,0.01333668
1787698800,3761717.0,3761717.0,3761717.0,3761717.0,0.0
1787700600,3761717.0,3761717.0,3761717.0,3761717.0,0.0
1787702400,3761717.0,3761717.0,3761717.0,3761717.0,0.0
1787704200,3761717.0,3761717.0,3761717.0,3761717.0,0.0
1787706000,3873357.0,3873357.0,3873357.0,3873357.0,0.05057499
1787707800,3844534.0,3844534.0,3778228.0,3796185.0,1.15826054
1787709600,3778230.0,3778230.0,3778230.0,3778230.0,0.00439886
1787711400,3797947.0,3802522.0,3797947.0,3802522.0,0.00288705
1787713200,3802522.0,3802522.0,3802522.0,3802522.0,0.0
1787715000,3802522.0,3802522.0,3802522.0,3802522.0,0.0
1787716800,3778234.0,3778234.0,3778228.0,3778232.0,0.32757587
1787718600,3802522.0,3807096.0,3802522.0,3807096.0,0.00529667
1787720400,3807092.0,3807092.0,3778232.0,3778232.0,0.00926531
1787722200,3778232.0,3778232.0,3778232.0,3778232.0,0.0
1787724000,3778232.0,3778232.0,3778232.0,3778232.0,0.0
1787725800,3778232.0,3778232.0,3778232.0,3778232.0,0.0
1787727600,3778232.0,3778232.0,3778232.0,3778232.0,0.01260038
1787729400,3807096.0,3807096.0,3807096.0,3807096.0,0.00514171
1787731200,3807096.0,3807096.0,3807096.0,3807096.0,0.00758557
1787733000,3778232.0,3778232.0,3778232.0,3778232.0,0.00325951
1787734800,3807096.0,3807096.0,3807096.0,3807096.0,0.00544404
1787736600,3807096.0,3807096.0,3807096.0,3807096.0,0.0
1787738400,3807096.0,3807096.0,3807096.0,3807096.0,0.0
1787740200,3778228.0,3778228.0,3778228.0,3778228.0,0.02034624
1787742000,3778228.0,3778228.0,3778228.0,3778228.0,0.0
1787743800,3807092.0,3807092.0,3778228.0,3801835.0,0.05427103
1787745600,3778228.0,3778228.0,3778228.0,3778228.0,0.02078147
1787747400,3778228.0,3778228.0,3778228.0,3778228.0,0.0
1787749200,3778228.0,3778228.0,3778228.0,3778228.0,0.0
1787751000,3778228.0,3778228.0,3774375.0,3774375.0,0.53701033
1787752800,3784867.0,3784867.0,3762004.0,3762004.0,0.11423858
1787754600,3762004.0,3762004.0,3761717.0,3761717.0,0.40953677
1787756400,3761717.0,3761717.0,3761717.0,3761717.0,0.0
1787758200,3761717.0,3761717.0,3761717.0,3761717.0,0.0
1787760000,3759735.0,3759735.0,3754150.0,3754150.0,0.31299872
1787761800,3750001.0,3750001.0,3748565.0,3748565.0,0.26503226
1787763600,3757150.0,3757150.0,3757150.0,3757150.0,0.00265067
1787765400,3757150.0,3757150.0,3757150.0,3757150.0,0.0
1787767200,3757150.0,3757150.0,3757150.0,3757150.0,0.0
1787769000,3769649.0,3769649.0,3742980.0,3742980.0,0.00774147
1787770800,3742980.0,3742980.0,3742980.0,3742980.0,0.05252962
1787772600,3742980.0,3742980.0,3742980.0,3742980.0,0.0
1787774400,3742980.0,3742980.0,3666261.0,3666261.0,7.01628394
1787776200,3666261.0,3666261.0,3666261.0,3666261.0,0.0
1787778000,3807096.0,3871113.0,3807096.0,3871113.0,2.91832704
1787779800,3871309.0,3875776.0,3871309.0,3875776.0,1.31403419
1787781600,3875776.0,3875776.0,3875776.0,3875776.0,0.0
1787783400,3850554.0,3850554.0,3849499.0,3849499.0,0.4786563
1787785200,3880439.0,3880439.0,3880439.0,3880439.0,0.00504788
1787787000,3880439.0,3897143.0,3880439.0,3897143.0,1.53738446
1787788800,3865686.0,3865686.0,3865686.0,3865686.0,0.00758557
1787790600,3860936.0,3860936.0,3853193.0,3853193.0,0.26814234
1787792400,3899086.0,3899090.0,3899086.0,3899090.0,0.08614266
1787794200,3895234.0,3910501.0,3895234.0,3910501.0,1.10306112
1787796000,3910501.0,3910501.0,3910501.0,3910501.0,0.0
1787797800,3901390.0,3901390.0,3901390.0,3901390.0,0.51584153
1787799600,3911070.0,3911070.0,3901390.0,3901390.0,0.01947171
1787801400,3911070.0,3913078.0,3911070.0,3913078.0,0.13977911
1787803200,3913078.0,3913078.0,3913078.0,3913078.0,0.0
1787805000,3913078.0,3913078.0,3913078.0,3913078.0,0.00254505
1787806800,3913076.0,4100000.0,3901390.0,3901390.0,2.93029391
1787808600,3943034.0,3944462.0,3943034.0,3944462.0,0.01006753
1787810400,3901392.0,3901392.0,3901390.0,3901390.0,0.58527911
1787812200,3901390.0,3901390.0,3901390.0,3901390.0,0.01598585
1787814000,3949991.0,3949991.0,3901394.0,3901394.0,0.13222816
1787815800,3949991.0,3961162.0,3949991.0,3959910.0,0.4084816
1787817600,3955924.0,3955924.0,3901390.0,3901390.0,1.34767334
1787819400,3955393.0,3971225.0,3955393.0,3971225.0,0.12610532
1787821200,4014681.0,4014681.0,3901390.0,4014681.0,1.70012988
1787823000,3962257.0,3962257.0,3960494.0,3960494.0,0.32493367
1787824800,3960494.0,3960494.0,3960494.0,3960494.0,0.0
1787826600,4001781.0,4013741.0,4001781.0,4013741.0,0.00745109
1787828400,3959702.0,3959702.0,3959696.0,3959696.0,0.0824037
1787830200,3959690.0,3976150.0,3959690.0,3964816.0,0.55748417
1787832000,3977135.0,3977135.0,3960000.0,3960000.0,0.02532769
1787833800,3960000.0,3969997.0,3959690.0,3969997.0,0.47515832
1787835600,3969997.0,3969997.0,3969997.0,3969997.0,0.0
1787837400,3963030.0,3963030.0,3959690.0,3959690.0,0.7784257
1787839200,3980042.0,4380000.0,3901390.0,3901390.0,13.53515974
1787841000,4018026.0,4018026.0,3971932.0,3971932.0,0.0197395
1787842800,4018026.0,4018030.0,3995770.0,4018026.0,0.85955662
1787844600,4018026.0,4018026.0,4018026.0,4018026.0,0.0
1787846400,4003419.0,4034088.0,4003419.0,4034088.0,1.23715074
1787848200,4034088.0,4073849.0,4034088.0,4073849.0,0.28833211
1787850000,4073849.0,4104991.0,4043525.0,4097134.0,0.98649323
1787851800,4036137.0,4084992.0,4036137.0,4084992.0,0.02560574
1787853600,4048029.0,4048029.0,4048029.0,4048029.0,0.02437161
1787855400,4036133.0,4036133.0,3995770.0,3995770.0,1.10089472
1787857200,3995774.0,3996383.0,3995774.0,3996383.0,0.24416913
1787859000,4058560.0,4058560.0,4058560.0,4058560.0,0.06449496
1787860800,4057839.0,4057839.0,4050495.0,4050495.0,0.0553849
1787862600,4050495.0,4050495.0,4050495.0,4050495.0,0.0
1787864400,4046823.0,4046823.0,4046823.0,4046823.0,0.0050741
1787866200,4046823.0,4046823.0,4039479.0,4039479.0,0.06712145
1787868000,4037669.0,4037669.0,4037669.0,4037669.0,0.01562436
1787869800,4037669.0,4037669.0,4037669.0,4037669.0,0.0
1787871600,4042672.0,4042672.0,4035807.0,4042672.0,0.05819223
1787873400,4041955.0,4087420.0,4041955.0,4087420.0,0.0185658
1787875200,4087420.0,4087420.0,4087420.0,4087420.0,0.0
1787877000,4035807.0,4035807.0,4035807.0,4035807.0,0.00997718
1787878800,4051957.0,4051957.0,4048029.0,4048029.0,0.02891689
1787880600,4048029.0,4048029.0,4048029.0,4048029.0,0.0
1787882400,4048029.0,4048029.0,4048029.0,4048029.0,0.0
1787884200,4049275.0,4049275.0,4035807.0,4046239.0,0.18519993
1787886000,4035807.0,4049454.0,4032135.0,4032135.0,0.03282174
1787887800,4049454.0,4049454.0,4032135.0,4032135.0,0.05473899
1787889600,4032135.0,4032135.0,4032135.0,4032135.0,0.01697558
1787891400,4049447.0,4049447.0,4032135.0,4049447.0,0.06178014
1787893200,4032135.0,4032135.0,4032135.0,4032135.0,0.00324121
1787895000,4043381.0,4043381.0,4032135.0,4032135.0,0.03610742
1787896800,4032135.0,4032135.0,4032135.0,4032135.0,0.02425018
1787898600,4043378.0,4043378.0,4043378.0,4043378.0,0.01233968
1787900400,4032135.0,4043372.0,4024791.0,4043372.0,0.0672789
1787902200,4043372.0,4043372.0,4043372.0,4043372.0,0.00375132
1787904000,4024791.0,4024791.0,4024791.0,4024791.0,0.00647941
1787905800,4028030.0,4028030.0,4017447.0,4017447.0,0.06319004
1787907600,4017447.0,4017447.0,4017447.0,4017447.0,0.00763118
1787909400,4028030.0,4028030.0,4028030.0,4028030.0,0.00488625
1787911200,4017447.0,4043378.0,4017447.0,4043378.0,0.13428276
1787913000,4043374.0,4043374.0,4017447.0,4017447.0,0.00851218
1787914800,4043378.0,4043378.0,4043378.0,4043378.0,0.19743837
1787916600,4043378.0,4043378.0,4043378.0,4043378.0,0.09852207
1787918400,4043378.0,4043378.0,4043378.0,4043378.0,0.00246303
1787920200,4043374.0,4043374.0,4017447.0,4017447.0,0.25828009
1787922000,4043374.0,4043374.0,4022237.0,4022237.0,0.01874572
1787923800,4043374.0,4043374.0,4017447.0,4017447.0,1.08324152
1787925600,4027673.0,4027673.0,3995174.0,3995174.0,0.08382021
1787927400,4022852.0,4043378.0,3929135.0,3991102.0,1.97197048
1787929200,3977733.0,4043374.0,3942552.0,3942552.0,0.03414008
1787931000,3969997.0,3969997.0,3929135.0,3929135.0,0.00858892
1787932800,3929135.0,3936963.0,3925354.0,3936963.0,0.04957757
1787934600,3936963.0,3936963.0,3936963.0,3936963.0,0.0
1787936400,3925354.0,3925354.0,3898303.0,3898303.0,2.55786918
1787938200,3898303.0,3898303.0,3898303.0,3898303.0,0.0
1787940000,3914107.0,3914107.0,3914107.0,3914107.0,0.00636134
1787941800,3896737.0,3896737.0,3877351.0,3877351.0,0.30426247
1787943600,3887858.0,3889465.0,3887858.0,3889465.0,0.01792642
1787945400,3874495.0,3874495.0,3863110.0,3863110.0,0.1350905
1787947200,3863110.0,3863110.0,3863110.0,3863110.0,0.0
1787949000,3863110.0,3863110.0,3863110.0,3863110.0,0.0
1787950800,3863110.0,3863110.0,3863110.0,3863110.0,0.0
1787952600,3863110.0,3863110.0,3863110.0,3863110.0,0.0
1787954400,3863110.0,3863110.0,3863110.0,3863110.0,0.0
1787956200,3894643.0,3894643.0,3894643.0,3894643.0,0.01281093
1787958000,3894643.0,3894643.0,3894643.0,3894643.0,0.0
1787959800,3863110.0,3894643.0,3860180.0,3894643.0,0.11091204
1787961600,3896068.0,3896068.0,3860180.0,3860180.0,0.02068434
1787963400,3860180.0,3860180.0,3860180.0,3860180.0,0.0
1787965200,3860180.0,3860180.0,3860180.0,3860180.0,0.0
1787967000,3860183.0,3860183.0,3860183.0,3860183.0,0.05609759
1787968800,3894816.0,3894816.0,3894816.0,3894816.0,0.00751742
1787970600,3860187.0,3860187.0,3860187.0,3860187.0,0.02527337
1787972400,3860187.0,3860187.0,3860187.0,3860187.0,0.0
1787974200,3894816.0,4000000.0,3800000.0,3800000.0,7.08817284
1787976000,3903208.0,3903212.0,3903208.0,3903212.0,0.02551489
1787977800,3890000.0,3902500.0,3844577.0,3902139.0,0.06259219
1787979600,3848267.0,3848267.0,3848267.0,3848267.0,0.05279668
1787981400,3848267.0,3848267.0,3848267.0,3848267.0,0.0
1787983200,3849994.0,3849994.0,3849994.0,3849994.0,0.01558444
1787985000,3855081.0,3855081.0,3855081.0,3855081.0,0.01750936
1787986800,3855081.0,3855081.0,3855081.0,3855081.0,0.0
1787988600,3855081.0,3855081.0,3855081.0,3855081.0,0.0
1787990400,3860168.0,3910893.0,3860168.0,3910893.0,0.98900686
1787992200,3910893.0,3910893.0,3910893.0,3910893.0,0.0
1787994000,3910893.0,3910893.0,3910893.0,3910893.0,0.0
1787995800,3910357.0,3910357.0,3883668.0,3883668.0,0.00778772
1787997600,3883668.0,3883668.0,3883668.0,3883668.0,0.0
1787999400,3883668.0,3883668.0,3883668.0,3883668.0,0.0
1788001200,3910296.0,3910296.0,3910296.0,3910296.0,0.00407488
1788003000,3910296.0,3910296.0,3910296.0,3910296.0,0.0
1788004800,3910200.0,3910200.0,3910200.0,3910200.0,0.01073883
1788006600,3883669.0,3883669.0,3883669.0,3883669.0,0.00285726
1788008400,3883669.0,3883669.0,3883669.0,3883669.0,0.0
1788010200,3883669.0,3883669.0,3883669.0,3883669.0,0.00697795
1788012000,3883669.0,3883669.0,3883669.0,3883669.0,0.01229941
1788013800,3883669.0,3883669.0,3883669.0,3883669.0,0.0
1788015600,3883669.0,3883669.0,3883669.0,3883669.0,0.02359212
1788017400,3908214.0,3908214.0,3908214.0,3908214.0,0.00294149
1788019200,3910100.0,3910100.0,3910100.0,3910100.0,0.01994987
1788021000,3910100.0,3910100.0,3910100.0,3910100.0,0.0
1788022800,3910100.0,3910100.0,3910100.0,3910100.0,0.0
1788024600,3910100.0,3910100.0,3910100.0,3910100.0,0.0
1788026400,3910100.0,3910100.0,3910100.0,3910100.0,0.0
1788028200,3910096.0,3910100.0,3910096.0,3910100.0,0.25515034
1788030000,3910100.0,3910100.0,3910100.0,3910100.0,0.00254699
1788031800,3883669.0,3883669.0,3883669.0,3883669.0,0.01422654
1788033600,3910100.0,3910100.0,3910100.0,3910100.0,0.06325132
1788035400,3910100.0,3910100.0,3910100.0,3910100.0,0.0
1788037200,3910100.0,3910100.0,3910100.0,3910100.0,0.0
1788039000,3910000.0,3910000.0,3910000.0,3910000.0,0.00910792
1788040800,3910000.0,3910000.0,3910000.0,3910000.0,0.0
1788042600,3910000.0,3910000.0,3910000.0,3910000.0,0.0
1788044400,3910000.0,3910000.0,3910000.0,3910000.0,0.0
1788046200,3910000.0,3910000.0,3910000.0,3910000.0,0.0
1788048000,3883669.0,3883669.0,3883669.0,3883669.0,0.01073883
1788049800,3883669.0,3883669.0,3875404.0,3875404.0,0.19659018
1788051600,3875404.0,3875404.0,3875404.0,3875404.0,0.0
1788053400,3872649.0,3872649.0,3869895.0,3869895.0,0.01933312
1788055200,3867140.0,3867140.0,3856121.0,3856363.0,0.12011031
1788057000,3856363.0,3856363.0,3856363.0,3856363.0,0.0
1788058800,3859987.0,3859987.0,3859987.0,3859987.0,0.00538332
1788060600,3859987.0,3859987.0,3859987.0,3859987.0,0.0
1788062400,3859987.0,3859987.0,3857242.0,3857242.0,0.04616262
1788064200,3857242.0,3857242.0,3857242.0,3857242.0,0.0
1788066000,3910348.0,3910348.0,3910348.0,3910348.0,0.00254683
1788067800,3910348.0,3910348.0,3910348.0,3910348.0,0.0
1788069600,3908996.0,3908996.0,3908996.0,3908996.0,0.01290305
1788071400,3908996.0,3908996.0,3908996.0,3908996.0,0.0
1788073200,3908996.0,3908996.0,3908996.0,3908996.0,0.0
1788075000,3859996.0,3859996.0,3859996.0,3859996.0,0.0028919
1788076800,3859996.0,3859996.0,3859996.0,3859996.0,0.0
1788078600,3859996.0,3859996.0,3859996.0,3859996.0,0.0
1788080400,3859996.0,3909000.0,3856187.0,3909000.0,0.05134046
1788082200,3909000.0,3909000.0,3909000.0,3909000.0,0.0
1788084000,3857598.0,3857598.0,3857598.0,3857598.0,0.04153932
1788085800,3857598.0,3857598.0,3857598.0,3857598.0,0.0
1788087600,3910348.0,3910348.0,3859998.0,3910348.0,0.0366549
1788089400,3859998.0,3859998.0,3857594.0,3857594.0,0.01994987
1788091200,3857594.0,3857594.0,3857594.0,3857594.0,0.0
1788093000,3857594.0,3908214.0,3857594.0,3908214.0,0.01982903
1788094800,3909103.0,3909103.0,3909103.0,3909103.0,0.00943848
1788096600,3909643.0,3909643.0,3909643.0,3909643.0,0.3156728
1788098400,3909643.0,3909643.0,3909643.0,3909643.0,0.0
1788100200,3910348.0,3910348.0,3910348.0,3910348.0,0.01748412
1788102000,3910348.0,3910348.0,3910348.0,3910348.0,0.0046694
1788103800,3910348.0,3910348.0,3910348.0,3910348.0,0.0
1788105600,3858004.0,3900000.0,3858004.0,3900000.0,0.06176612
1788107400,3858004.0,3900000.0,3858004.0,3858500.0,0.06409708
1788109200,3858500.0,3858500.0,3858500.0,3858500.0,0.0
1788111000,3899996.0,3899996.0,3899996.0,3899996.0,0.00588205
1788112800,3899996.0,3899996.0,3858294.0,3858294.0,0.03965446
1788114600,3858294.0,3858294.0,3858294.0,3858294.0,0.0
1788116400,3858294.0,3858294.0,3858294.0,3858294.0,0.0
1788118200,3858294.0,3858294.0,3858294.0,3858294.0,0.0
1788120000,3858294.0,3858294.0,3858294.0,3858294.0,0.0
1788121800,3858294.0,3858294.0,3858294.0,3858294.0,0.0
1788123600,3858294.0,3858294.0,3858294.0,3858294.0,0.0
1788125400,3858294.0,3858294.0,3858294.0,3858294.0,0.0
1788127200,3858294.0,3858294.0,3858294.0,3858294.0,0.0
1788129000,3896607.0,3896607.0,3896607.0,3896607.0,0.00511162
1788130800,3857590.0,3857590.0,3800000.0,3800000.0,1.53738446
1788132600,3800000.0,3800000.0,3800000.0,3800000.0,0.0
1788134400,3893211.0,3893211.0,3800004.0,3893211.0,0.02050362
1788136200,3893211.0,3893211.0,3893211.0,3893211.0,0.0
1788138000,3893211.0,3893211.0,3893211.0,3893211.0,0.00633589
1788139800,3893211.0,3893211.0,3893211.0,3893211.0,0.0
1788141600,3893211.0,3893211.0,3893211.0,3893211.0,0.0
1788143400,3893211.0,3893211.0,3893211.0,3893211.0,0.0
1788145200,3800008.0,3893211.0,3800008.0,3893211.0,0.03029976
1788147000,3800004.0,3893211.0,3800004.0,3893211.0,0.08038914
1788148800,3893211.0,3893211.0,3893211.0,3893211.0,0.0
1788150600,3893211.0,3893211.0,3893211.0,3893211.0,0.0
1788152400,3893211.0,3893211.0,3893211.0,3893211.0,0.0
1788154200,3893210.0,3893211.0,3893210.0,3893211.0,0.02506876
1788156000,3800011.0,3800011.0,3790968.0,3790968.0,0.48543877
1788157800,3893200.0,3893209.0,3893200.0,3893209.0,0.10809372
1788159600,3893209.0,3893209.0,3893209.0,3893209.0,0.00255804
1788161400,3893209.0,3893209.0,3893209.0,3893209.0,0.0
1788163200,3893209.0,3893209.0,3893209.0,3893209.0,0.0
1788165000,3893204.0,3893204.0,3809922.0,3815118.0,0.00845816
1788166800,3815118.0,3835903.0,3815118.0,3835903.0,0.03327474
1788168600,3805070.0,3846295.0,3805070.0,3846295.0,0.03727127
1788170400,3846295.0,3846295.0,3846295.0,3846295.0,0.0
1788172200,3846295.0,3846295.0,3846295.0,3846295.0,0.0
1788174000,3846295.0,3846295.0,3846295.0,3846295.0,0.0
1788175800,3846295.0,3846295.0,3846295.0,3846295.0,0.0
1788177600,3846295.0,3846295.0,3846295.0,3846295.0,0.0
1788179400,3846295.0,3851492.0,3846295.0,3851492.0,0.01292232
1788181200,3851492.0,3851492.0,3851492.0,3851492.0,0.0
1788183000,3851492.0,3851492.0,3851492.0,3851492.0,0.0
1788184800,3851492.0,3851492.0,3851492.0,3851492.0,0.00357809
1788186600,3851492.0,3851492.0,3851492.0,3851492.0,0.0
1788188400,3807080.0,3851492.0,3807080.0,3851492.0,0.01489307
1788190200,3851492.0,3856688.0,3851492.0,3856688.0,0.00531305
1788192000,3807089.0,3856688.0,3807089.0,3856688.0,0.0085238
1788193800,3856688.0,3856688.0,3856688.0,3856688.0,0.0
1788195600,3856688.0,3856688.0,3856688.0,3856688.0,0.00264449
1788197400,3807129.0,3807129.0,3807128.0,3807128.0,0.00791257
1788199200,3856688.0,3867070.0,3856688.0,3867070.0,0.02584718
1788201000,3867070.0,3867070.0,3867070.0,3867070.0,0.0
1788202800,3867070.0,3867080.0,3867070.0,3867080.0,0.01287665
1788204600,3867080.0,3867080.0,3867080.0,3867080.0,0.0
1788206400,3867080.0,3867080.0,3867080.0,3867080.0,0.0
1788208200,3867080.0,3867080.0,3867080.0,3867080.0,0.0
1788210000,3867080.0,3867080.0,3867080.0,3867080.0,0.0
1788211800,3867080.0,3867080.0,3867080.0,3867080.0,0.0
1788213600,3867080.0,3867080.0,3867080.0,3867080.0,0.0
1788215400,3807226.0,3807226.0,3807226.0,3807226.0,0.0176088
1788217200,3807226.0,3807226.0,3807226.0,3807226.0,0.0
1788219000,3808111.0,3867080.0,3808111.0,3867080.0,0.00610846
1788220800,3867080.0,3867080.0,3867080.0,3867080.0,0.0
1788222600,3867080.0,3877473.0,3867080.0,3877473.0,0.02572603
1788224400,3877473.0,3877473.0,3877473.0,3877473.0,0.00589043
1788226200,3808122.0,3808122.0,3808122.0,3808122.0,0.00897403
1788228000,3877473.0,3877473.0,3877473.0,3877473.0,0.00890966
1788229800,3877473.0,3887865.0,3877473.0,3887865.0,0.087112
1788231600,3887865.0,3893057.0,3810006.0,3893057.0,0.14893102
1788233400,3893057.0,3893057.0,3893057.0,3893057.0,0.0
1788235200,3810028.0,3810028.0,3810028.0,3810028.0,0.00383115
1788237000,3830032.0,3830032.0,3810024.0,3810024.0,1.3109927
1788238800,3810024.0,3810024.0,3810024.0,3810024.0,0.0
1788240600,3810254.0,3893061.0,3810254.0,3893061.0,0.00566215
1788242400,3893061.0,3893061.0,3893061.0,3893061.0,0.01333218
1788244200,3893061.0,3900000.0,3893061.0,3900000.0,0.12323821
1788246000,3900000.0,3900000.0,3900000.0,3900000.0,0.0
1788247800,3896259.0,3897312.0,3896259.0,3897312.0,0.00948248
1788249600,3897009.0,3897009.0,3897009.0,3897009.0,0.00255554
1788251400,3895653.0,3903450.0,3810268.0,3810268.0,0.0527833
1788253200,3810268.0,3810268.0,3810264.0,3810264.0,0.48543878
1788255000,3903450.0,3903450.0,3810272.0,3810272.0,0.08386846
1788256800,3810272.0,3810272.0,3810272.0,3810272.0,0.0
1788258600,3810272.0,3810272.0,3810272.0,3810272.0,0.00279087
1788260400,3903450.0,3903450.0,3903450.0,3903450.0,0.14184193
1788262200,3903450.0,3903450.0,3903450.0,3903450.0,0.02551332
1788264000,3903450.0,3908650.0,3903450.0,3908650.0,0.13175958
1788265800,3908642.0,3908642.0,3908642.0,3908642.0,0.01021198
1788267600,3810409.0,3811008.0,3810409.0,3811008.0,0.02105208
1788269400,3811008.0,3811008.0,3811008.0,3811008.0,0.0
1788271200,3908638.0,3908638.0,3908638.0,3908638.0,0.01967692
1788273000,3908638.0,3908638.0,3908638.0,3908638.0,0.0
1788274800,3908387.0,3908387.0,3908387.0,3908387.0,0.00840858
1788276600,3908387.0,3908387.0,3908387.0,3908387.0,0.0
1788278400,3908292.0,3908292.0,3908292.0,3908292.0,0.00271934
1788280200,3889106.0,3889106.0,3882523.0,3882523.0,0.00917819
1788282000,3906996.0,3906996.0,3906996.0,3906996.0,0.00611287
1788283800,3906996.0,3906996.0,3906996.0,3906996.0,0.00509802
1788285600,3882523.0,3882523.0,3879232.0,3879232.0,0.0034855
1788287400,3906996.0,3906996.0,3869357.0,3869357.0,0.03242868
1788289200,3869357.0,3869357.0,3869357.0,3869357.0,0.0
1788291000,3869357.0,3869357.0,3869357.0,3869357.0,0.0
1788292800,3869357.0,3869357.0,3869357.0,3869357.0,0.0
1788294600,3869357.0,3869357.0,3866066.0,3866066.0,0.00421814
1788296400,3866066.0,3866066.0,3866066.0,3866066.0,0.00624476
1788298200,3906988.0,3906988.0,3906988.0,3906988.0,0.00442233
1788300000,3906988.0,3906988.0,3906988.0,3906988.0,0.0
1788301800,3866066.0,3866066.0,3856191.0,3856191.0,0.03234829
1788303600,3856191.0,3856191.0,3856191.0,3856191.0,0.0
1788305400,3856191.0,3856191.0,3856191.0,3856191.0,0.00547975
1788307200,3856191.0,3856191.0,3856191.0,3856191.0,0.0
1788309000,3856191.0,3856191.0,3856191.0,3856191.0,0.0
1788310800,3856191.0,3856191.0,3856191.0,3856191.0,0.0
1788312600,3905992.0,3906000.0,3905000.0,3905000.0,0.51168391
1788314400,3904000.0,3904000.0,3904000.0,3904000.0,0.04636603
1788316200,3904000.0,3904000.0,3904000.0,3904000.0,0.0
1788318000,3904000.0,3904000.0,3904000.0,3904000.0,0.0
1788319800,3856191.0,3856191.0,3846317.0,3846317.0,0.12665692
1788321600,3846317.0,3846317.0,3846317.0,3846317.0,0.0
1788323400,3846317.0,3904000.0,3843030.0,3904000.0,0.00784949
1788325200,3843030.0,3843030.0,3843030.0,3843030.0,0.02780318
1788327000,3843030.0,3843030.0,3843030.0,3843030.0,0.0
1788328800,3843030.0,3843030.0,3843030.0,3843030.0,0.0
1788330600,3903496.0,3903500.0,3903496.0,3903500.0,0.02913516
1788332400,3903500.0,3903500.0,3903500.0,3903500.0,0.0025513
1788334200,3903500.0,3903500.0,3903500.0,3903500.0,0.0
1788336000,3903500.0,3903500.0,3903500.0,3903500.0,0.0
1788337800,3903499.0,3903499.0,3903499.0,3903499.0,0.0098386
1788339600,3903499.0,3903499.0,3903499.0,3903499.0,0.0
1788341400,3843030.0,3843030.0,3839734.0,3839734.0,0.04488592
1788343200,3903499.0,3903499.0,3903499.0,3903499.0,0.00627642
1788345000,3902000.0,3902000.0,3902000.0,3902000.0,0.00510456
1788346800,3839734.0,3839734.0,3839734.0,3839734.0,0.00799589
1788348600,3839734.0,3839734.0,3839734.0,3839734.0,0.0
1788350400,3839734.0,3839734.0,3839734.0,3839734.0,0.0
1788352200,3839734.0,3839734.0,3836447.0,3836447.0,0.01492951
1788354000,3836447.0,3901000.0,3836447.0,3901000.0,0.0276877
1788355800,3901000.0,3901000.0,3901000.0,3901000.0,0.18608177
1788357600,3900000.0,3900000.0,3900000.0,3900000.0,0.0689892
1788359400,3900000.0,3911041.0,3900000.0,3911041.0,0.37862822
1788361200,3911041.0,3976955.0,3911041.0,3976955.0,0.25103538
1788363000,3946492.0,3976955.0,3851000.0,3976955.0,0.41219285
1788364800,3976955.0,3976955.0,3976955.0,3976955.0,0.00519065
1788366600,3852064.0,3852064.0,3852064.0,3852064.0,0.00281182
1788368400,3976955.0,3976955.0,3976955.0,3976955.0,0.01527524
1788370200,3976951.0,3976951.0,3976951.0,3976951.0,0.04757966
1788372000,3976951.0,3976951.0,3976951.0,3976951.0,0.0
1788373800,3976951.0,3976951.0,3976951.0,3976951.0,0.0
1788375600,3976951.0,3976951.0,3976951.0,3976951.0,0.0
1788377400,3976951.0,3976951.0,3976951.0,3976951.0,0.0
1788379200,3976951.0,3976951.0,3976951.0,3976951.0,0.0
1788381000,3957070.0,3957070.0,3914649.0,3914649.0,0.16453597
1788382800,3914653.0,3914653.0,3914653.0,3914653.0,0.05096467
1788384600,3914653.0,3914653.0,3914653.0,3914653.0,0.0
1788386400,3914653.0,3976955.0,3914649.0,3976955.0,0.07202395
1788388200,3976955.0,3976955.0,3976955.0,3976955.0,0.0
1788390000,3976951.0,3976951.0,3907583.0,3907583.0,0.09186487
1788391800,3907583.0,3907583.0,3907583.0,3907583.0,0.0
1788393600,3983044.0,3983044.0,3983040.0,3983040.0,0.02620133
1788395400,3907712.0,3983036.0,3907712.0,3983036.0,0.03063017
1788397200,3907712.0,3907712.0,3907712.0,3907712.0,0.03252645
1788399000,3983040.0,3983048.0,3907712.0,3983040.0,0.27598034
1788400800,3983040.0,3983040.0,3983040.0,3983040.0,0.0
1788402600,3982996.0,3982996.0,3982996.0,3982996.0,0.00275019
1788404400,3982996.0,3982996.0,3982996.0,3982996.0,0.0
1788406200,3907820.0,3907820.0,3907816.0,3907816.0,0.76575334
1788408000,3907820.0,3907820.0,3907820.0,3907820.0,0.00520335
1788409800,3907820.0,3907820.0,3907820.0,3907820.0,0.0
1788411600,3907868.0,3907868.0,3907868.0,3907868.0,0.01361227
1788413400,3907882.0,3907882.0,3907882.0,3907882.0,0.00257756
1788415200,3907882.0,3907882.0,3907882.0,3907882.0,0.0
1788417000,3907882.0,3907882.0,3907882.0,3907882.0,0.0
1788418800,3907882.0,3907882.0,3907882.0,3907882.0,0.0
1788420600,3934222.0,3937519.0,3934222.0,3937519.0,0.00506064
1788422400,3937519.0,3940815.0,3937519.0,3940815.0,0.00269823
1788424200,3940815.0,3947408.0,3940815.0,3947408.0,0.01356587
1788426000,3947408.0,3947408.0,3947408.0,3947408.0,0.0
1788427800,3947408.0,3947408.0,3947408.0,3947408.0,0.0
1788429600,3907903.0,3907903.0,3907903.0,3907903.0,0.00596883
1788431400,3947400.0,3947408.0,3947400.0,3947408.0,0.01570322
1788433200,3947408.0,3950705.0,3947408.0,3950705.0,0.01182963
1788435000,3950705.0,3950705.0,3950705.0,3950705.0,0.0
1788436800,3950705.0,3950705.0,3950705.0,3950705.0,0.0
1788438600,3907947.0,3963891.0,3907947.0,3963891.0,0.15904417
1788440400,3963891.0,3963891.0,3963891.0,3963891.0,0.0
1788442200,3963000.0,3982986.0,3963000.0,3982986.0,3.04252605
1788444000,3989141.0,3993061.0,3909071.0,3909071.0,0.28206534
1788445800,3909071.0,3909071.0,3909071.0,3909071.0,0.0
1788447600,3974925.0,3976000.0,3909061.0,3976000.0,0.01617438
1788449400,3976000.0,3976000.0,3910043.0,3976000.0,0.02742171
1788451200,3976000.0,3976000.0,3976000.0,3976000.0,0.00555181
1788453000,3976000.0,3976000.0,3976000.0,3976000.0,0.24846931
1788454800,3976000.0,3976000.0,3976000.0,3976000.0,0.0
1788456600,3976000.0,4500000.0,3976000.0,4500000.0,40.09524965
1788458400,4499992.0,4499992.0,3966567.0,4200754.0,0.06710582
1788460200,4499991.0,4499992.0,3966665.0,3966682.0,0.14947959
1788462000,4489994.0,4489995.0,4489994.0,4489995.0,0.02353499
1788463800,4489995.0,4489995.0,4489995.0,4489995.0,0.0
1788465600,3966685.0,3966685.0,3966683.0,3966683.0,0.25487159
1788467400,4027660.0,4027660.0,4027660.0,4027660.0,0.00619391
1788469200,3966727.0,3966727.0,3966721.0,3966721.0,0.20202766
1788471000,4028340.0,4028340.0,4028340.0,4028340.0,0.00278228
1788472800,4028340.0,4028340.0,4028340.0,4028340.0,0.0
1788474600,4028340.0,4028340.0,4028340.0,4028340.0,0.0
1788476400,4045226.0,4085037.0,4045226.0,4085037.0,0.05925185
1788478200,4089234.0,4089234.0,4089234.0,4089234.0,0.00255328
1788480000,3966711.0,4444444.0,3966706.0,3966707.0,0.92026525
1788481800,4043984.0,4444444.0,4043984.0,4046378.0,1.11874921
1788483600,4046379.0,4074996.0,3876954.0,3876954.0,2.93504532
1788485400,3878207.0,3936332.0,3878207.0,3936332.0,0.04418354
1788487200,3936332.0,3966328.0,3936332.0,3966328.0,0.04188423
1788489000,3966328.0,3976326.0,3966328.0,3976326.0,0.0050094
1788490800,3976326.0,3986325.0,3976325.0,3986325.0,0.03186536
1788492600,3986325.0,3986325.0,3986325.0,3986325.0,0.00496271
1788494400,3986325.0,3986325.0,3986325.0,3986325.0,0.18273238
1788496200,3986325.0,3986325.0,3986325.0,3986325.0,0.58900522
1788498000,3986324.0,3996323.0,3986324.0,3996323.0,0.08693062
1788499800,3996323.0,3996323.0,3996323.0,3996323.0,0.00715007
1788501600,3996323.0,3996323.0,3996323.0,3996323.0,0.0
1788503400,3996323.0,4006322.0,3996323.0,4006322.0,0.00895562
1788505200,4006322.0,4036317.0,4006322.0,4036317.0,0.13150141
1788507000,4036317.0,4064203.0,3878695.0,3878695.0,0.81213511
1788508800,3878695.0,3878695.0,3878695.0,3878695.0,0.0
1788510600,4064199.0,4064199.0,3878933.0,3878933.0,0.03655822
1788512400,3878933.0,3878933.0,3878933.0,3878933.0,0.0
1788514200,4064198.0,4064198.0,4064198.0,4064198.0,0.01827911
1788516000,4064199.0,4064199.0,4064199.0,4064199.0,0.01185648
1788517800,3960004.0,4064199.0,3960001.0,3960001.0,0.42782864
1788519600,3960001.0,3960001.0,3960001.0,3960001.0,0.0
1788521400,4062996.0,4062996.0,3961004.0,3961004.0,0.11795745
1788523200,3961004.0,3961004.0,3961004.0,3961004.0,0.00687427
1788525000,4058007.0,4058007.0,4058007.0,4058007.0,0.01393294
1788526800,3961019.0,3961024.0,3961019.0,3961024.0,0.02121435
1788528600,4049990.0,4098043.0,4049990.0,4098043.0,20.02779167
1788530400,4098043.0,4098043.0,4098043.0,4098043.0,0.0
1788532200,4103579.0,4111450.0,4015000.0,4015000.0,1.34046981
1788534000,4087998.0,4094278.0,4087998.0,4094278.0,0.01411862
1788535800,4079007.0,4079007.0,4079007.0,4079007.0,0.00549202
1788537600,4072249.0,4072249.0,4017004.0,4068532.0,0.03181124
1788539400,4017005.0,4078073.0,4017000.0,4078073.0,0.14620118
1788541200,4071587.0,4071683.0,4071587.0,4071683.0,0.02445923
1788543000,4060048.0,4060048.0,4017000.0,4017000.0,0.01645773
1788544800,4017000.0,4050409.0,4017000.0,4050409.0,0.10570584
1788546600,4050384.0,4050384.0,4050384.0,4050384.0,0.00285701
1788548400,4050404.0,4050407.0,4050404.0,4050407.0,0.07134399
1788550200,4049911.0,4049911.0,4045803.0,4045803.0,0.03451075
1788552000,4041696.0,4041696.0,4041696.0,4041696.0,0.01604847
1788553800,4037589.0,4037589.0,4033481.0,4033481.0,0.04515713
1788555600,4029374.0,4029374.0,3997984.0,3997984.0,0.10809372
1788557400,3997984.0,3997984.0,3997984.0,3997984.0,0.0
1788559200,4037585.0,4037585.0,3988208.0,4037585.0,0.04841202
1788561000,4037585.0,4037585.0,4037585.0,4037585.0,0.0
1788562800,3988208.0,3988208.0,3988208.0,3988208.0,0.00255401
1788564600,3988208.0,3988208.0,3988208.0,3988208.0,0.0
1788566400,4049710.0,4049710.0,4049710.0,4049710.0,0.00245918
1788568200,4049710.0,4049710.0,4049710.0,4049710.0,0.0
1788570000,3998210.0,3998210.0,3998210.0,3998210.0,0.00284987
1788571800,4049710.0,4049712.0,4049710.0,4049712.0,0.01260559
1788573600,3998210.0,3998210.0,3998210.0,3998210.0,0.01016005
1788575400,3998210.0,3998210.0,3998210.0,3998210.0,0.0
1788577200,4049000.0,4049000.0,3961000.0,4049000.0,0.50975984
1788579000,3965000.0,3965000.0,3965000.0,3965000.0,0.0028975
1788580800,4049000.0,4049712.0,4049000.0,4049712.0,0.0363879
1788582600,4049712.0,4049712.0,4049712.0,4049712.0,0.0
1788584400,3966009.0,4049711.0,3966009.0,4049711.0,0.06977943
1788586200,4049711.0,4049711.0,4049711.0,4049711.0,0.0
1788588000,4049711.0,4049712.0,4049711.0,4049712.0,0.01412346
1788589800,4049712.0,4049712.0,4049712.0,4049712.0,0.0
1788591600,3971001.0,3971001.0,3971001.0,3971001.0,0.01947927
1788593400,4049711.0,4049716.0,4049711.0,4049716.0,0.2216431
1788595200,4049716.0,4049716.0,4049716.0,4049716.0,0.0
1788597000,3971001.0,3971001.0,3971000.0,3971000.0,0.02529614
1788598800,3972001.0,3972001.0,3972001.0,3972001.0,0.02978793
1788600600,3972001.0,3972001.0,3972001.0,3972001.0,0.0
1788602400,4048990.0,4048991.0,3972100.0,3972100.0,0.15758187
1788604200,3972100.0,3972100.0,3972100.0,3972100.0,0.0
1788606000,4048990.0,4048990.0,3975000.0,3976000.0,0.04038921
1788607800,3976000.0,3976000.0,3976000.0,3976000.0,0.00363866
1788609600,3977000.0,3980000.0,3977000.0,3980000.0,0.14925589
1788611400,3980000.0,3980000.0,3980000.0,3980000.0,0.01298427
1788613200,4048491.0,4048496.0,3980050.0,3980050.0,0.02953191
1788615000,4048491.0,4048491.0,4048491.0,4048491.0,0.00507226
1788616800,4048491.0,4048491.0,4048491.0,4048491.0,0.00953491
1788618600,4048491.0,4048491.0,4048491.0,4048491.0,0.0
1788620400,4048491.0,4049716.0,4048491.0,4049716.0,0.16154436
1788622200,4049716.0,4049716.0,4049716.0,4049716.0,0.0
1788624000,4049716.0,4049716.0,4048491.0,4049716.0,0.05142035
1788625800,4049716.0,4049716.0,4049716.0,4049716.0,0.0
1788627600,4048491.0,4049716.0,4048491.0,4049716.0,0.03597511
1788629400,4049716.0,4049716.0,4048491.0,4048491.0,0.04919829
1788631200,4049716.0,4049716.0,4049716.0,4049716.0,0.01107484
1788633000,4049716.0,4049716.0,4049716.0,4049716.0,0.02352337
1788634800,4049716.0,4049716.0,4049716.0,4049716.0,0.0
1788636600,4049716.0,4049716.0,4049716.0,4049716.0,0.01308042
1788638400,4049716.0,4049716.0,4049716.0,4049716.0,0.0
1788640200,4048491.0,4049716.0,4048491.0,4049716.0,0.02533565
1788642000,4049716.0,4049716.0,4049716.0,4049716.0,0.0
1788643800,4049716.0,4049716.0,4049716.0,4049716.0,0.0
1788645600,4048491.0,4300000.0,4048491.0,4300000.0,6.05000783
1788647400,4048491.0,4048491.0,4048491.0,4048491.0,0.0052627
1788649200,4048491.0,4300000.0,4048491.0,4300000.0,0.24577704
1788651000,4048491.0,4145737.0,4048491.0,4145737.0,0.2576765
1788652800,4145737.0,4145737.0,4145737.0,4145737.0,0.0
1788654600,4067511.0,4067511.0,4067511.0,4067511.0,0.09270804
1788656400,4067511.0,4067511.0,4067511.0,4067511.0,0.0
1788658200,4048491.0,4048491.0,4048491.0,4048491.0,0.03752681
1788660000,4094854.0,4145733.0,4063408.0,4145733.0,0.61010523
1788661800,4145733.0,4145733.0,4145733.0,4145733.0,0.09249183
1788663600,4141939.0,4145733.0,4141939.0,4145733.0,0.01229317
1788665400,4145733.0,4145733.0,4145733.0,4145733.0,0.0
1788667200,4145733.0,4145733.0,4145733.0,4145733.0,0.0
1788669000,4141939.0,4141939.0,4141939.0,4141939.0,0.01661083
1788670800,4130117.0,4130117.0,4130117.0,4130117.0,0.01979961
1788672600,4130117.0,4130117.0,4118291.0,4118291.0,0.09025863
1788674400,4118287.0,4118287.0,4118287.0,4118287.0,0.00819102
1788676200,4118281.0,4118283.0,4118281.0,4118283.0,0.06049704
1788678000,4106473.0,4118283.0,4106473.0,4118283.0,0.44339056
1788679800,4118283.0,4118283.0,4118283.0,4118283.0,0.0
1788681600,4118283.0,4118283.0,4118283.0,4118283.0,0.0
1788683400,4118283.0,4462643.0,4106473.0,4197032.0,2.81580005
1788685200,4197032.0,4214536.0,4106476.0,4127007.0,0.66061044
1788687000,4127007.0,4144510.0,4127007.0,4144510.0,0.02930394
1788688800,4144514.0,4144514.0,4144514.0,4144514.0,0.00459088
1788690600,4144514.0,4144514.0,4144514.0,4144514.0,0.0
1788692400,4144500.0,4162016.0,4144500.0,4162016.0,0.10432792
1788694200,4162011.0,4162011.0,4106477.0,4106477.0,0.0086718
1788696000,4106477.0,4162007.0,4094651.0,4094651.0,0.0388547
1788697800,4162007.0,4162007.0,4094652.0,4094652.0,0.08004575
1788699600,4094652.0,4094652.0,4094652.0,4094652.0,0.0
1788701400,4162006.0,4197033.0,4094652.0,4197033.0,0.36776863
1788703200,4094652.0,4197000.0,4094652.0,4197000.0,0.144965
1788705000,4197023.0,4197023.0,4094653.0,4094653.0,0.01726795
1788706800,4197011.0,4197011.0,4197011.0,4197011.0,0.01186439
1788708600,4197033.0,4198260.0,4099000.0,4099000.0,1.74230341
1788710400,4195996.0,4195996.0,4194990.0,4194990.0,0.00971182
1788712200,4100001.0,4193996.0,4071009.0,4174990.0,2.16680124
1788714000,4174990.0,4174990.0,4174990.0,4174990.0,0.0
1788715800,4174990.0,4174990.0,4174990.0,4174990.0,0.0
1788717600,4174990.0,4174990.0,4174990.0,4174990.0,0.0
1788719400,4071009.0,4071009.0,4071009.0,4071009.0,0.04621748
1788721200,4102649.0,4110814.0,4071008.0,4071008.0,0.09284424
1788723000,4071008.0,4071008.0,4071008.0,4071008.0,0.0
1788724800,4071008.0,4071008.0,4071008.0,4071008.0,0.0
1788726600,4071008.0,4071008.0,4071008.0,4071008.0,0.21275197
1788728400,4071008.0,4071008.0,4071008.0,4071008.0,0.0
1788730200,4071008.0,4071008.0,4071008.0,4071008.0,0.0
1788732000,4110814.0,4127143.0,4063462.0,4127143.0,0.18950698
1788733800,4127139.0,4127139.0,4127139.0,4127139.0,0.0240113
1788735600,4125996.0,4125996.0,4123996.0,4123996.0,0.02431172
1788737400,4123996.0,4123996.0,4123996.0,4123996.0,0.0
1788739200,4123996.0,4123996.0,4123996.0,4123996.0,0.0
1788741000,4063462.0,4063462.0,4050000.0,4050004.0,0.65883556
1788742800,4109992.0,4109992.0,4109992.0,4109992.0,0.04846262
1788744600,4109992.0,4109992.0,4109992.0,4109992.0,0.0
1788746400,4104996.0,4105000.0,4102500.0,4102500.0,0.73383551
1788748200,4050999.0,4102000.0,4048491.0,4102000.0,0.62913293
1788750000,4102000.0,4102000.0,4102000.0,4102000.0,0.0
1788751800,4101996.0,4101996.0,4048609.0,4101995.0,0.01536384
1788753600,4055029.0,4055029.0,4055029.0,4055029.0,0.01230422
1788755400,4055024.0,4101490.0,4048597.0,4101490.0,0.76311309
1788757200,4100995.0,4100995.0,4100995.0,4100995.0,0.0118993
1788759000,4048626.0,4048626.0,4048626.0,4048626.0,0.0118993
1788760800,4048626.0,4100483.0,4048597.0,4048601.0,0.25832193
1788762600,4048601.0,4048601.0,4048601.0,4048601.0,0.05444647
1788764400,4100465.0,4100465.0,4048739.0,4048739.0,0.00864136
1788766200,4048829.0,4048829.0,4048827.0,4048827.0,0.00503851
1788768000,4048867.0,4048869.0,4048867.0,4048869.0,0.024201
1788769800,4048888.0,4048888.0,4048888.0,4048888.0,0.01884978
1788771600,4048888.0,4048888.0,4048888.0,4048888.0,0.0
1788773400,4094857.0,4099995.0,4093526.0,4099995.0,0.06687765
1788775200,4099995.0,4099995.0,4099995.0,4099995.0,0.00485805
1788777000,4090647.0,4090647.0,4090647.0,4090647.0,0.08301987
1788778800,4049055.0,4090647.0,4049055.0,4090647.0,0.03226774
1788780600,4090647.0,4090647.0,4090647.0,4090647.0,0.00278586
1788782400,4090647.0,4090651.0,4090647.0,4090647.0,0.24656966
1788784200,4090647.0,4090647.0,3900009.0,3900009.0,2.32331914
1788786000,4089996.0,4089996.0,4088999.0,4089000.0,0.06000406
1788787800,4088995.0,4088995.0,3901352.0,4088992.0,0.0122373
1788789600,4088992.0,4088992.0,4088992.0,4088992.0,0.0
1788791400,3901534.0,4088977.0,3901532.0,4088977.0,0.07268346
1788793200,4088944.0,4088945.0,3930753.0,4025320.0,0.24374367
1788795000,4025320.0,4137608.0,3901475.0,4085657.0,2.47266813
1788796800,4109990.0,4109991.0,4093473.0,4109991.0,0.0492734
1788798600,4093473.0,4093473.0,4077846.0,4077846.0,0.06050716
1788800400,4077846.0,4077846.0,4077846.0,4077846.0,0.0
1788802200,4077842.0,4077842.0,4046581.0,4046589.0,0.19616541
1788804000,4109991.0,4109991.0,4109991.0,4109991.0,0.00277056
1788805800,4109991.0,4109991.0,4109991.0,4109991.0,0.00242311
1788807600,4109991.0,4109991.0,4109991.0,4109991.0,0.0
1788809400,4046593.0,4046593.0,4046593.0,4046593.0,0.01128852
1788811200,4046593.0,4046593.0,4046593.0,4046593.0,0.0
1788813000,4046601.0,4046601.0,4046601.0,4046601.0,0.00492184
1788814800,4046601.0,4046601.0,4046601.0,4046601.0,0.0
1788816600,4046601.0,4046601.0,4046601.0,4046601.0,0.0
1788818400,4046599.0,4046599.0,4046599.0,4046599.0,0.00459088
1788820200,4046599.0,4046599.0,4046599.0,4046599.0,0.0
1788822000,4046624.0,4046624.0,4046624.0,4046624.0,0.00571871
1788823800,4108990.0,4108990.0,4108990.0,4108990.0,0.0024237
1788825600,4046635.0,4046635.0,4046589.0,4046589.0,0.23883174
1788827400,4046589.0,4046589.0,4046589.0,4046589.0,0.0
1788829200,4083596.0,4108986.0,4046609.0,4046609.0,0.06668594
1788831000,4046609.0,4046609.0,4046609.0,4046609.0,0.0
1788832800,4100000.0,4100000.0,4046599.0,4046599.0,0.13640339
1788834600,4096197.0,4096197.0,4096197.0,4096197.0,0.02431279
1788836400,4099991.0,4099995.0,4099991.0,4099995.0,0.02429029
1788838200,4099995.0,4100000.0,4099995.0,4100000.0,0.01509244
1788840000,4100000.0,4100000.0,4100000.0,4100000.0,0.0
1788841800,4099991.0,4104044.0,4099991.0,4104044.0,0.15086377
1788843600,4104044.0,4104044.0,4104044.0,4104044.0,0.0
1788845400,4104044.0,4104044.0,4104044.0,4104044.0,0.0
1788847200,4104044.0,4104044.0,4104044.0,4104044.0,0.0
1788849000,4080639.0,4080639.0,4046599.0,4046599.0,0.02701788
1788850800,4046599.0,4046599.0,4046599.0,4046599.0,0.0
1788852600,4046599.0,4046599.0,4046599.0,4046599.0,0.0
1788854400,4075856.0,4075859.0,4075856.0,4075859.0,0.02474694
1788856200,4075859.0,4075859.0,4075859.0,4075859.0,0.0
1788858000,4046602.0,4046602.0,4046602.0,4046602.0,0.01008268
1788859800,4046602.0,4046602.0,4046602.0,4046602.0,0.0
1788861600,4104996.0,4104996.0,4104996.0,4104996.0,0.01170914
1788863400,4046618.0,4072087.0,4046618.0,4072087.0,0.01937764
1788865200,4072087.0,4072087.0,4072087.0,4072087.0,0.0
1788867000,4072087.0,4072087.0,4072087.0,4072087.0,0.0
1788868800,4077178.0,4104996.0,4077178.0,4104996.0,0.04326683
1788870600,4104996.0,4105000.0,4046631.0,4046631.0,0.18685413
1788872400,4104995.0,4104996.0,4104995.0,4104996.0,0.01703631
1788874200,4046627.0,4046627.0,4046581.0,4046581.0,0.09227919
1788876000,4099995.0,4099995.0,4018648.0,4018648.0,0.10250334
1788877800,4099995.0,4100000.0,4099995.0,4100000.0,1.45733774
1788879600,4098995.0,4098995.0,4098995.0,4098995.0,0.00252134
1788881400,4018644.0,4018644.0,4008794.0,4008794.0,0.0370721
1788883200,4008794.0,4008794.0,4008794.0,4008794.0,0.00262476
1788885000,4097995.0,4097996.0,4097995.0,4097996.0,0.10927559
1788886800,4097991.0,4098000.0,4097991.0,4098000.0,0.24302244
1788888600,4098000.0,4098000.0,4098000.0,4098000.0,0.0
1788890400,4097990.0,4097990.0,4097990.0,4097990.0,0.00478746
1788892200,4009000.0,4009000.0,4009000.0,4009000.0,0.00271934
1788894000,4097990.0,4097996.0,4097990.0,4097996.0,0.01217522
1788895800,4097996.0,4097996.0,4097996.0,4097996.0,0.0
1788897600,4097996.0,4097996.0,4097996.0,4097996.0,0.0
1788899400,4097996.0,4097996.0,4097996.0,4097996.0,0.00243021
1788901200,4097996.0,4097996.0,4097996.0,4097996.0,0.0
1788903000,4009000.0,4009000.0,4009000.0,4009000.0,0.00972614
1788904800,4009000.0,4009000.0,4009000.0,4009000.0,0.0
1788906600,4009000.0,4009000.0,4009000.0,4009000.0,0.4832442
1788908400,4009000.0,4009000.0,4009000.0,4009000.0,0.0
1788910200,4010000.0,4010000.0,4000000.0,4000000.0,0.05965277
1788912000,4095995.0,4096000.0,4095995.0,4096000.0,0.12943419
1788913800,4096000.0,4096000.0,4096000.0,4096000.0,0.0
1788915600,4096000.0,4096000.0,4096000.0,4096000.0,0.0
1788917400,4094996.0,4094996.0,4094996.0,4094996.0,0.03661467
1788919200,4094996.0,4094996.0,4094996.0,4094996.0,0.0
1788921000,4094996.0,4094996.0,4094996.0,4094996.0,0.0
1788922800,4094996.0,4094996.0,4094996.0,4094996.0,0.0
1788924600,4094996.0,4094996.0,4094996.0,4094996.0,0.0
1788926400,4094996.0,4094996.0,4094996.0,4094996.0,0.0
1788928200,4093995.0,4094000.0,4093995.0,4094000.0,0.04148657
1788930000,4094000.0,4094000.0,4094000.0,4094000.0,0.0
1788931800,4093993.0,4093996.0,4093993.0,4093996.0,0.0478425
1788933600,4000100.0,4000100.0,3900000.0,3900000.0,6.0474635
1788935400,3900073.0,4092975.0,3900072.0,4092975.0,0.04284324
1788937200,4092975.0,4092975.0,4092975.0,4092975.0,0.0
1788939000,4092975.0,4092975.0,4092975.0,4092975.0,0.0
1788940800,3910094.0,3910094.0,3910094.0,3910094.0,0.00438557
1788942600,3910094.0,3910094.0,3910094.0,3910094.0,0.0
1788944400,3910254.0,3910254.0,3910232.0,3910232.0,0.07053285
1788946200,4089959.0,4089959.0,4089959.0,4089959.0,0.01452679
1788948000,3915046.0,3915046.0,3915046.0,3915046.0,0.01437914
1788949800,3915046.0,3915046.0,3915046.0,3915046.0,0.03806775
1788951600,3910214.0,4079959.0,3910159.0,4079959.0,0.13112554
1788953400,4079830.0,4079830.0,3910178.0,4079813.0,0.02767909
1788955200,4079813.0,4079813.0,4079813.0,4079813.0,0.0
1788957000,4049968.0,4049968.0,3910159.0,3910159.0,0.01570349
1788958800,4049909.0,4079958.0,3910163.0,4079958.0,0.44985739
