ts,open,high,low,close,volume
1776242700,3208512.0,3208512.0,3208512.0,3208512.0,0.01555072
1776243600,3208512.0,3208512.0,3208512.0,3208512.0,0.0
1776244500,3208512.0,3208512.0,3208512.0,3208512.0,0.0
1776245400,3208512.0,3208512.0,3208512.0,3208512.0,0.0
1776246300,3208512.0,3208512.0,3208512.0,3208512.0,0.0
1776247200,3208512.0,3208512.0,3208512.0,3208512.0,0.0
1776248100,3208512.0,3208512.0,3208512.0,3208512.0,0.0
1776249000,3208512.0,3208512.0,3208512.0,3208512.0,0.0
1776249900,3208512.0,3208512.0,3208512.0,3208512.0,0.0
1776250800,3208512.0,3208512.0,3208512.0,3208512.0,0.0
1776251700,3208512.0,3208512.0,3208512.0,3208512.0,0.0
1776252600,3208512.0,3208512.0,3208512.0,3208512.0,0.0
1776253500,3208512.0,3208512.0,3208512.0,3208512.0,0.0
1776254400,3208512.0,3208512.0,3208512.0,3208512.0,0.0
1776255300,3208512.0,3208512.0,3208512.0,3208512.0,0.0
1776256200,3208512.0,3208512.0,3208512.0,3208512.0,0.0
1776257100,3208512.0,3208512.0,3208512.0,3208512.0,0.0
1776258000,3208512.0,3208512.0,3208512.0,3208512.0,0.0
1776258900,3208512.0,3208512.0,3208512.0,3208512.0,0.0
1776259800,3208512.0,3208512.0,3208512.0,3208512.0,0.0
1776260700,3208512.0,3208512.0,3208512.0,3208512.0,0.0
1776261600,3208512.0,3208512.0,3208512.0,3208512.0,0.0
1776262500,3208512.0,3208512.0,3208512.0,3208512.0,0.0
1776263400,3208512.0,3208512.0,3208512.0,3208512.0,0.0
1776264300,3208512.0,3208512.0,3208512.0,3208512.0,0.0
1776265200,3208512.0,3208512.0,3208512.0,3208512.0,0.0
1776266100,3208512.0,3208512.0,3208512.0,3208512.0,0.0
1776267000,3208512.0,3208512.0,3208512.0,3208512.0,0.0
1776267900,3208512.0,3208512.0,3208512.0,3208512.0,0.0
1776268800,3208512.0,3208512.0,3208512.0,3208512.0,0.0
1776269700,3208512.0,3208512.0,3208512.0,3208512.0,0.0
1776270600,3208512.0,3208512.0,3208512.0,3208512.0,0.0
1776271500,3208512.0,3208512.0,3208512.0,3208512.0,0.0
1776272400,3208512.0,3208512.0,3208512.0,3208512.0,0.0
1776273300,3208512.0,3208512.0,3208512.0,3208512.0,0.0
1776274200,3208512.0,3208512.0,3208512.0,3208512.0,0.0
1776275100,3208512.0,3208512.0,3208512.0,3208512.0,0.0
1776276000,3208512.0,3208512.0,3208512.0,3208512.0,0.0
1776276900,3208512.0,3208512.0,3208512.0,3208512.0,0.0
1776277800,3208512.0,3208512.0,3208512.0,3208512.0,0.0
1776278700,3208512.0,3208512.0,3208512.0,3208512.0,0.0
1776279600,3208512.0,3208512.0,3208512.0,3208512.0,0.0
1776280500,3208512.0,3208512.0,3208512.0,3208512.0,0.0
1776281400,3208512.0,3208512.0,3208512.0,3208512.0,0.0
1776282300,3208512.0,3208512.0,3208512.0,3208512.0,0.0
1776283200,3208512.0,3208512.0,3208512.0,3208512.0,0.0
1776284100,3208512.0,3208512.0,3208512.0,3208512.0,0.0
1776285000,3208512.0,3208512.0,3208512.0,3208512.0,0.0
1776285900,3208512.0,3208512.0,3208512.0,3208512.0,0.0
1776286800,3208512.0,3208512.0,3208512.0,3208512.0,0.0
1776287700,3208512.0,3208512.0,3208512.0,3208512.0,0.0
1776288600,3208512.0,3208512.0,3208512.0,3208512.0,0.0
1776289500,3208512.0,3208512.0,3208512.0,3208512.0,0.0
1776290400,3208512.0,3208512.0,3208512.0,3208512.0,0.0
1776291300,3208512.0,3208512.0,3208512.0,3208512.0,0.0
1776292200,3208512.0,3208512.0,3208512.0,3208512.0,0.0
1776293100,3208512.0,3208512.0,3208512.0,3208512.0,0.0
1776294000,3208512.0,3208512.0,3208512.0,3208512.0,0.0
1776294900,3208512.0,3208512.0,3208512.0,3208512.0,0.0
1776295800,3208512.0,3208512.0,3208512.0,3208512.0,0.0
1776296700,3208512.0,3208512.0,3208512.0,3208512.0,0.0
1776297600,3208512.0,3208512.0,3208512.0,3208512.0,0.0
1776298500,3208512.0,3208512.0,3208512.0,3208512.0,0.0
1776299400,3208512.0,3208512.0,3208512.0,3208512.0,0.0
1776300300,3208512.0,3208512.0,3208512.0,3208512.0,0.0
1776301200,3208512.0,3208512.0,3208512.0,3208512.0,0.0
1776302100,3208512.0,3208512.0,3208512.0,3208512.0,0.0
1776303000,3208512.0,3208512.0,3208512.0,3208512.0,0.0
1776303900,3208512.0,3208512.0,3208512.0,3208512.0,0.0
1776304800,3208512.0,3208512.0,3208512.0,3208512.0,0.0
1776305700,3208512.0,3208512.0,3208512.0,3208512.0,0.0
1776306600,3208512.0,3208512.0,3208512.0,3208512.0,0.0
1776307500,3208512.0,3208512.0,3208512.0,3208512.0,0.0
1776308400,3208512.0,3208512.0,3208512.0,3208512.0,0.0
1776309300,3208512.0,3208512.0,3208512.0,3208512.0,0.0
1776310200,3208512.0,3208512.0,3208512.0,3208512.0,0.0
1776311100,3208512.0,3208512.0,3208512.0,3208512.0,0.0
1776312000,3208512.0,3208512.0,3208512.0,3208512.0,0.0
1776312900,3208512.0,3208512.0,3208512.0,3208512.0,0.0
1776313800,3208512.0,3208512.0,3208512.0,3208512.0,0.0
1776314700,3208512.0,3208512.0,3208512.0,3208512.0,0.0
1776315600,3208512.0,3208512.0,3208512.0,3208512.0,0.0
1776316500,3208512.0,3208512.0,3208512.0,3208512.0,0.0
1776317400,3208512.0,3208512.0,3208512.0,3208512.0,0.0
1776318300,3208512.0,3208512.0,3208512.0,3208512.0,0.0
1776319200,3208512.0,3208512.0,3208512.0,3208512.0,0.0
1776320100,3208512.0,3208512.0,3208512.0,3208512.0,0.0
1776321000,3208512.0,3208512.0,3208512.0,3208512.0,0.0
1776321900,3208512.0,3208512.0,3208512.0,3208512.0,0.0
1776322800,3470601.0,4999997.0,3420000.0,3420000.0,0.93101696
1776323700,3420000.0,3464259.0,3420000.0,3464135.0,0.47275259
1776324600,3463908.0,3463982.0,3463908.0,3463982.0,0.04936721
1776325500,3464258.0,3464258.0,3461860.0,3461860.0,0.03629638
1776326400,3000001.0,3458455.0,3000001.0,3458455.0,0.70131749
1776327300,3463785.0,3463785.0,3454947.0,3454947.0,0.00907502
1776328200,3454909.0,3454909.0,3454909.0,3454909.0,0.01367792
1776329100,3453254.0,3453254.0,3453254.0,3453254.0,0.00576789
1776330000,3453132.0,3453132.0,3453132.0,3453132.0,0.11985438
1776330900,3458482.0,3459688.0,3458482.0,3459688.0,0.43687042
1776331800,3456693.0,3460341.0,3456693.0,3460337.0,1.08322494
1776332700,3453000.0,3458608.0,3453000.0,3453000.0,0.3865035
1776333600,3457123.0,4000000.0,3457123.0,4000000.0,0.02664273
1776334500,3456234.0,3457273.0,3450000.0,3450000.0,1.90034865
1776335400,3450000.0,3450000.0,3374067.0,3441624.0,1.35453539
1776336300,3441624.0,3441624.0,3441624.0,3441624.0,0.0
1776337200,3425084.0,3442747.0,3425084.0,3442747.0,1.45049289
1776338100,3437166.0,3437166.0,3434226.0,3434226.0,0.22133748
1776339000,3434617.0,3434617.0,3374067.0,3374067.0,0.57671722
1776339900,3374067.0,3434692.0,3374067.0,3427725.0,0.47308952
1776340800,3427701.0,3429475.0,3374067.0,3374067.0,1.03802699
1776341700,3374067.0,3374067.0,3374067.0,3374067.0,1.14417179
1776342600,3374067.0,3374067.0,3356126.0,3356126.0,0.2593841
1776343500,3374067.0,3374067.0,3374067.0,3374067.0,0.04834371
1776344400,3374067.0,3374067.0,3374067.0,3374067.0,0.06495602
1776345300,3374067.0,3998000.0,3374067.0,3429423.0,0.39420475
1776346200,3399337.0,3997999.0,3356007.0,3425919.0,0.69337902
1776347100,3414134.0,3414134.0,3356008.0,3356008.0,0.0103053
1776348000,3856008.0,3856008.0,3356009.0,3425585.0,0.1184294
1776348900,3356008.0,3422944.0,3356007.0,3422944.0,0.12614457
1776349800,3431223.0,3431223.0,3431223.0,3431223.0,0.00290246
1776350700,3431223.0,3431223.0,3431223.0,3431223.0,0.0
1776351600,3443023.0,3452057.0,3443023.0,3452057.0,0.29717835
1776352500,3453254.0,3458989.0,3453254.0,3458989.0,2.89297632
1776353400,3459000.0,3699998.0,3455390.0,3455390.0,1.16575877
1776354300,3453009.0,3453899.0,3378878.0,3453899.0,0.02501769
1776355200,3450000.0,3450000.0,3450000.0,3450000.0,0.02892434
1776356100,3454129.0,3454129.0,3454129.0,3454129.0,0.03289048
1776357000,3449550.0,3449550.0,3445985.0,3445985.0,1.37028274
1776357900,3449008.0,3449008.0,3449008.0,3449008.0,0.01028382
1776358800,3378628.0,3443019.0,3378628.0,3443019.0,0.05762088
1776359700,3442147.0,3442147.0,3442147.0,3442147.0,0.17482635
1776360600,3442147.0,3442147.0,3442147.0,3442147.0,0.0
1776361500,3441021.0,3441021.0,3441021.0,3441021.0,0.00318393
1776362400,3433152.0,3433152.0,3433152.0,3433152.0,1.15941692
1776363300,3400007.0,3436325.0,3400007.0,3436325.0,0.0162207
1776364200,3436960.0,3436960.0,3436960.0,3436960.0,0.00744029
1776365100,3436960.0,3436960.0,3436960.0,3436960.0,0.0
1776366000,3436960.0,3436960.0,3436960.0,3436960.0,0.0
1776366900,3436960.0,3436960.0,3436960.0,3436960.0,0.0
1776367800,3445601.0,3445601.0,3445601.0,3445601.0,0.00611504
1776368700,3445601.0,3445601.0,3445601.0,3445601.0,0.0
1776369600,3439075.0,3439075.0,3434557.0,3434557.0,0.01305556
1776370500,3432452.0,3432452.0,3432452.0,3432452.0,0.01474543
1776371400,3432452.0,3432452.0,3432452.0,3432452.0,0.0
1776372300,3432452.0,3432452.0,3432452.0,3432452.0,0.0
1776373200,3432452.0,3432452.0,3432452.0,3432452.0,0.0
1776374100,3432452.0,3432452.0,3432452.0,3432452.0,0.0
1776375000,3432452.0,3432452.0,3432452.0,3432452.0,0.0
1776375900,3432452.0,3432452.0,3432452.0,3432452.0,0.0
1776376800,3432452.0,3432452.0,3432452.0,3432452.0,0.0
1776377700,3432452.0,3432452.0,3432452.0,3432452.0,0.0
1776378600,3427681.0,3427681.0,3427681.0,3427681.0,0.14556372
1776379500,3427681.0,3427681.0,3427681.0,3427681.0,0.11965903
1776380400,3427681.0,3427681.0,3427681.0,3427681.0,0.0
1776381300,3427681.0,3427681.0,3427681.0,3427681.0,0.00837475
1776382200,3427681.0,3427681.0,3427681.0,3427681.0,0.58109579
1776383100,3427681.0,3427681.0,3427681.0,3427681.0,0.0
1776384000,3427681.0,3427681.0,3400010.0,3400010.0,0.04482614
1776384900,3427681.0,3427681.0,3427681.0,3427681.0,0.01653858
1776385800,3427681.0,3427681.0,3427681.0,3427681.0,0.03173632
1776386700,3427681.0,3427681.0,3427681.0,3427681.0,0.0
1776387600,3400010.0,3427681.0,3400010.0,3400010.0,0.03523835
1776388500,3400010.0,3400010.0,3400010.0,3400010.0,0.0
1776389400,3427681.0,3427681.0,3427681.0,3427681.0,0.0140649
1776390300,3427681.0,3427681.0,3427681.0,3427681.0,0.04267054
1776391200,3427681.0,3700000.0,3400010.0,3400010.0,0.52291066
1776392100,3700000.0,3700000.0,3401002.0,3440811.0,0.07579125
1776393000,3699996.0,3699996.0,3440446.0,3440446.0,0.02525362
1776393900,3401010.0,3700000.0,3401010.0,3401010.0,0.29009892
1776394800,3401010.0,3401010.0,3401010.0,3401010.0,0.02903784
1776395700,3698000.0,3700000.0,3401020.0,3401020.0,0.11795878
1776396600,3438363.0,3441991.0,3438363.0,3441991.0,1.29523996
1776397500,3440826.0,3440826.0,3437375.0,3437375.0,0.61977581
1776398400,3436826.0,3436826.0,3436826.0,3436826.0,0.01042968
1776399300,3436926.0,3438547.0,3436926.0,3438547.0,0.07682564
1776400200,3438503.0,3690000.0,3401000.0,3690000.0,0.53562271
1776401100,3436081.0,3436081.0,3362637.0,3362637.0,2.88949796
1776402000,3362637.0,3362637.0,3362637.0,3362637.0,0.0
1776402900,3359561.0,3359561.0,3359561.0,3359561.0,0.00629019
1776403800,3359561.0,3359561.0,3359561.0,3359561.0,0.0
1776404700,3434916.0,3435704.0,3434916.0,3435704.0,0.0115267
1776405600,3436056.0,3436056.0,3362056.0,3362056.0,0.01254087
1776406500,3362056.0,3362056.0,3362056.0,3362056.0,0.0
1776407400,3433965.0,3434867.0,3433965.0,3434867.0,0.02598795
1776408300,3362500.0,3435265.0,3362118.0,3362118.0,0.23367421
1776409200,3362118.0,3362118.0,3362118.0,3362118.0,0.0
1776410100,3449983.0,3449983.0,3371847.0,3371847.0,0.03845425
1776411000,3371969.0,3439330.0,3371969.0,3372039.0,0.75094295
1776411900,3440005.0,3450099.0,3372252.0,3450099.0,0.14783582
1776412800,3450091.0,3450091.0,3450091.0,3450091.0,0.00288659
1776413700,3450091.0,3450091.0,3450091.0,3450091.0,0.0
1776414600,3450065.0,3450069.0,3450045.0,3450069.0,0.0819729
1776415500,3450069.0,3450069.0,3450069.0,3450069.0,0.0
1776416400,3450069.0,3450069.0,3450069.0,3450069.0,0.0
1776417300,3448933.0,3448933.0,3446244.0,3446244.0,0.29120361
1776418200,3445681.0,3448621.0,3379716.0,3448621.0,0.22535147
1776419100,3448067.0,3452075.0,3448067.0,3452075.0,0.00978676
1776420000,3395680.0,3450775.0,3380176.0,3450775.0,0.12467914
1776420900,3380559.0,3450097.0,3380559.0,3450097.0,0.00601776
1776421800,3450097.0,3450097.0,3450097.0,3450097.0,0.0
1776422700,3450097.0,3450097.0,3450097.0,3450097.0,0.0
1776423600,3447042.0,3447050.0,3389999.0,3389999.0,0.76770635
1776424500,3453200.0,3473002.0,3389999.0,3473002.0,0.71114374
1776425400,3459535.0,3459535.0,3390039.0,3390039.0,0.03318867
1776426300,3452983.0,3452983.0,3452983.0,3452983.0,0.01449181
1776427200,3390115.0,3648999.0,3390115.0,3390200.0,0.08695512
1776428100,3390331.0,3390331.0,3390331.0,3390331.0,0.0145965
1776429000,3390552.0,3456232.0,3390552.0,3456232.0,0.01943951
1776429900,3459335.0,3462579.0,3396245.0,3396245.0,0.0415652
1776430800,3396863.0,3396863.0,3396863.0,3396863.0,0.004439
1776431700,3476465.0,3476465.0,3467594.0,3467594.0,0.09473649
1776432600,3468030.0,3468274.0,3468030.0,3468274.0,0.0057431
1776433500,3423262.0,3473988.0,3423262.0,3471413.0,0.02928132
1776434400,3474062.0,3474062.0,3423353.0,3423353.0,0.04578823
1776435300,3474155.0,3500000.0,3474155.0,3500000.0,0.01308009
1776436200,3461656.0,3461656.0,3399217.0,3399217.0,0.03889431
1776437100,3460224.0,3464590.0,3400074.0,3464590.0,0.12790771
1776438000,3464818.0,3470724.0,3464818.0,3470724.0,0.39141849
1776438900,3468305.0,3468305.0,3468305.0,3468305.0,0.002872
1776439800,3470950.0,3471450.0,3400970.0,3471450.0,0.2648474
1776440700,3477606.0,3477606.0,3477606.0,3477606.0,0.02863751
1776441600,3474336.0,3474336.0,3474336.0,3474336.0,0.0042362
1776442500,3477643.0,3477643.0,3477643.0,3477643.0,0.00377842
1776443400,3469101.0,3470933.0,3469101.0,3470933.0,0.35365968
1776444300,3470933.0,3470933.0,3470933.0,3470933.0,0.0
1776445200,3406072.0,3406072.0,3405999.0,3405999.0,0.00873606
1776446100,3405999.0,3405999.0,3405999.0,3405999.0,0.0
1776447000,3405999.0,3466230.0,3405999.0,3466230.0,0.91375474
1776447900,3466230.0,3466230.0,3466230.0,3466230.0,0.0
1776448800,3466230.0,3466230.0,3466230.0,3466230.0,0.01436575
1776449700,3466230.0,3466230.0,3466230.0,3466230.0,0.0
1776450600,3466230.0,3466230.0,3466230.0,3466230.0,0.01758278
1776451500,3466230.0,3466230.0,3466230.0,3466230.0,0.0344778
1776452400,3466230.0,3466230.0,3466230.0,3466230.0,0.0
1776453300,3466230.0,3466230.0,3466230.0,3466230.0,0.00287315
1776454200,3466230.0,3466230.0,3466230.0,3466230.0,0.00287315
1776455100,3466230.0,3466230.0,3466230.0,3466230.0,0.00287315
1776456000,3466230.0,3466230.0,3466230.0,3466230.0,0.0
1776456900,3466230.0,3466230.0,3466230.0,3466230.0,0.00650274
1776457800,3415046.0,3415046.0,3415046.0,3415046.0,0.29
1776458700,3466230.0,3466230.0,3466230.0,3466230.0,0.15580788
1776459600,3466230.0,3466230.0,3466230.0,3466230.0,0.0
1776460500,3466230.0,3466230.0,3466230.0,3466230.0,0.0
1776461400,3466230.0,3466230.0,3466230.0,3466230.0,0.0
1776462300,3466230.0,3466230.0,3466230.0,3466230.0,0.0
1776463200,3466230.0,3466230.0,3466230.0,3466230.0,0.0
1776464100,3420401.0,3420401.0,3420401.0,3420401.0,0.0042362
1776465000,3420401.0,3420401.0,3420401.0,3420401.0,0.0
1776465900,3466230.0,3466230.0,3466230.0,3466230.0,0.00287315
1776466800,3466230.0,3466230.0,3466230.0,3466230.0,0.0057463
1776467700,3466230.0,3466230.0,3466230.0,3466230.0,0.00567302
1776468600,3466230.0,3466230.0,3466230.0,3466230.0,0.00308
1776469500,3466230.0,3466230.0,3466230.0,3466230.0,0.0
1776470400,3420401.0,3466230.0,3420401.0,3466230.0,0.06516818
1776471300,3466230.0,3466230.0,3466230.0,3466230.0,0.0
1776472200,3466230.0,3466230.0,3466230.0,3466230.0,0.0
1776473100,3466230.0,3466230.0,3466230.0,3466230.0,0.0
1776474000,3466230.0,3466230.0,3466230.0,3466230.0,0.03602011
1776474900,3420401.0,3465294.0,3420401.0,3465294.0,0.02392446
1776475800,3420401.0,3420401.0,3420401.0,3420401.0,0.00835985
1776476700,3464403.0,3464406.0,3464403.0,3464406.0,0.00958087
1776477600,3420401.0,3464413.0,3420401.0,3464413.0,0.15092572
1776478500,3464413.0,3464413.0,3464413.0,3464413.0,0.0
1776479400,3464413.0,3477802.0,3464413.0,3477802.0,3.68304276
1776480300,3466674.0,3599965.0,3420401.0,3420401.0,0.48633138
1776481200,3470680.0,3472243.0,3420401.0,3420401.0,1.31808576
1776482100,3477281.0,3477281.0,3477281.0,3477281.0,0.00286401
1776483000,3477281.0,3477281.0,3477281.0,3477281.0,0.16980422
1776483900,3477281.0,3477281.0,3477281.0,3477281.0,0.0
1776484800,3481103.0,3589000.0,3481103.0,3589000.0,0.01936886
1776485700,3589000.0,3589000.0,3589000.0,3589000.0,0.0
1776486600,3480408.0,3480408.0,3420420.0,3420420.0,0.06151788
1776487500,3420420.0,3420420.0,3420420.0,3420420.0,0.0
1776488400,3472938.0,3472938.0,3472938.0,3472938.0,0.05864573
1776489300,3420420.0,3470000.0,3420420.0,3467205.0,0.47136088
1776490200,3467205.0,3467205.0,3467205.0,3467205.0,0.0
1776491100,3420420.0,3420420.0,3420420.0,3420420.0,0.01413363
1776492000,3469290.0,3469290.0,3469290.0,3469290.0,0.00287061
1776492900,3420420.0,3420420.0,3420420.0,3420420.0,0.00861656
1776493800,3420420.0,3420420.0,3420420.0,3420420.0,0.0
1776494700,3469637.0,3469637.0,3469637.0,3469637.0,0.02899035
1776495600,3471374.0,3471374.0,3471374.0,3471374.0,0.05030601
1776496500,3420420.0,3478657.0,3420420.0,3478657.0,0.80259409
1776497400,3476064.0,3476064.0,3476064.0,3476064.0,0.00573004
1776498300,3478663.0,3478663.0,3478663.0,3478663.0,0.14982537
1776499200,3478663.0,3478663.0,3478663.0,3478663.0,0.0
1776500100,3478663.0,3478663.0,3478663.0,3478663.0,0.0
1776501000,3468595.0,3468595.0,3468595.0,3468595.0,0.38291181
1776501900,3472417.0,3599999.0,3472417.0,3475524.0,1.81554225
1776502800,3475364.0,3477281.0,3475364.0,3477281.0,0.02632567
1776503700,3472587.0,3472591.0,3472587.0,3472591.0,1.99999809
1776504600,3472591.0,3472591.0,3472591.0,3472591.0,0.0
1776505500,3472591.0,3472591.0,3472591.0,3472591.0,0.0
1776506400,3472591.0,3472591.0,3472591.0,3472591.0,0.0
1776507300,3472591.0,3472591.0,3472591.0,3472591.0,0.0
1776508200,3480060.0,3590000.0,3480060.0,3590000.0,0.56613776
1776509100,3420518.0,3464078.0,3420518.0,3464078.0,0.03053256
1776510000,3469637.0,3590000.0,3420518.0,3479018.0,0.19293295
1776510900,3467726.0,3467726.0,3467726.0,3467726.0,0.00584273
1776511800,3420518.0,3590000.0,3420518.0,3590000.0,0.00743602
1776512700,3468595.0,3590000.0,3420599.0,3420599.0,0.13585454
1776513600,3420602.0,3458519.0,3420602.0,3458519.0,0.03968216
1776514500,3464425.0,3560000.0,3420420.0,3420420.0,0.84421402
1776515400,3420990.0,3472591.0,3005000.0,3461646.0,4.64838732
1776516300,3400018.0,3400018.0,3400018.0,3400018.0,0.18085048
1776517200,3400945.0,3460045.0,3400000.0,3400000.0,1.78767635
1776518100,3400000.0,3400000.0,3400000.0,3400000.0,0.0
1776519000,3400000.0,3400000.0,3392618.0,3400000.0,0.02262099
1776519900,3400000.0,3400000.0,3400000.0,3400000.0,0.21294157
1776520800,3457999.0,3457999.0,3457999.0,3457999.0,0.00317669
1776521700,3457999.0,3457999.0,3457999.0,3457999.0,0.0
1776522600,3457999.0,3457999.0,3457999.0,3457999.0,0.00314141
1776523500,3397799.0,3397799.0,3397799.0,3397799.0,0.00735878
1776524400,3457999.0,3458000.0,3457999.0,3458000.0,0.00953586
1776525300,3392687.0,3392687.0,3392631.0,3392631.0,0.01841556
1776526200,3392631.0,3392631.0,3392631.0,3392631.0,0.0
1776527100,3392631.0,3392631.0,3392631.0,3392631.0,0.0
1776528000,3392631.0,3392631.0,3392631.0,3392631.0,0.0
1776528900,3457900.0,3457900.0,3250099.0,3250099.0,0.08888588
1776529800,3457900.0,3457900.0,3457900.0,3457900.0,0.00288007
1776530700,3457900.0,3457900.0,3457900.0,3457900.0,0.0
1776531600,3457890.0,3457890.0,3457890.0,3457890.0,0.02238648
1776532500,3457890.0,3457890.0,3384713.0,3384713.0,0.02425579
1776533400,3384713.0,3384713.0,3384713.0,3384713.0,0.0
1776534300,3456087.0,3590000.0,3456087.0,3590000.0,0.99843543
1776535200,3391851.0,3467030.0,3391851.0,3466998.0,0.30082872
1776536100,3396609.0,3396609.0,3396609.0,3396609.0,0.0038627
1776537000,3396609.0,3396609.0,3396609.0,3396609.0,0.0
1776537900,3396609.0,3396609.0,3396609.0,3396609.0,0.0
1776538800,3396609.0,3396609.0,3396609.0,3396609.0,0.0
1776539700,3396609.0,3396609.0,3396609.0,3396609.0,0.0
1776540600,3388792.0,3388792.0,3388792.0,3388792.0,0.0066214
1776541500,3388792.0,3388792.0,3388792.0,3388792.0,0.0
1776542400,3388792.0,3388792.0,3388792.0,3388792.0,0.0
1776543300,3374517.0,3374517.0,3374517.0,3374517.0,0.00953586
1776544200,3374517.0,3374517.0,3374517.0,3374517.0,0.0
1776545100,3466336.0,3466336.0,3466336.0,3466336.0,0.00287306
1776546000,3466336.0,3466336.0,3466336.0,3466336.0,0.0
1776546900,3466336.0,3466336.0,3466336.0,3466336.0,0.0
1776547800,3466336.0,3466336.0,3466336.0,3466336.0,0.0
1776548700,3270010.0,3270010.0,3270010.0,3270010.0,0.00792028
1776549600,3270010.0,3270010.0,3270010.0,3270010.0,0.0
1776550500,3270010.0,3270010.0,3270010.0,3270010.0,0.0
1776551400,3270010.0,3270010.0,3270010.0,3270010.0,0.0
1776552300,3270010.0,3270010.0,3270010.0,3270010.0,0.0
1776553200,3457824.0,3467900.0,3456824.0,3467900.0,2.88721628
1776554100,3465468.0,3465468.0,3465468.0,3465468.0,2.87379886
1776555000,3465468.0,3465468.0,3465468.0,3465468.0,0.0
1776555900,3465468.0,3465468.0,3465468.0,3465468.0,0.0
1776556800,3465468.0,3465468.0,3465468.0,3465468.0,0.0
1776557700,3450091.0,3450091.0,3383954.0,3383954.0,0.02223903
1776558600,3383954.0,3383954.0,3383954.0,3383954.0,0.0
1776559500,3383954.0,3383954.0,3383954.0,3383954.0,0.0
1776560400,3393040.0,3393040.0,3393040.0,3393040.0,0.02891415
1776561300,3393040.0,3393040.0,3393040.0,3393040.0,0.0
1776562200,3393040.0,3393040.0,3393040.0,3393040.0,0.0
1776563100,3386223.0,3386223.0,3386223.0,3386223.0,0.07203571
1776564000,3385223.0,3450091.0,3385223.0,3450091.0,0.08711528
1776564900,3450091.0,3450091.0,3450091.0,3450091.0,0.00722415
1776565800,3450091.0,3450091.0,3450091.0,3450091.0,0.0
1776566700,3383954.0,3383954.0,3383954.0,3383954.0,0.03894107
1776567600,3450000.0,3471201.0,3450000.0,3471201.0,0.28793219
1776568500,3471374.0,3471374.0,3471374.0,3471374.0,0.14535973
1776569400,3384543.0,3384543.0,3384543.0,3384543.0,0.02917464
1776570300,3458909.0,3458909.0,3458909.0,3458909.0,0.02879231
1776571200,3458909.0,3458909.0,3458909.0,3458909.0,0.0
1776572100,3384943.0,3456955.0,3383954.0,3456955.0,0.17548211
1776573000,3458909.0,3458909.0,3456782.0,3456782.0,0.0391653
1776573900,3456782.0,3456782.0,3456782.0,3456782.0,0.28867657
1776574800,3383954.0,3387432.0,3272011.0,3387432.0,0.32207987
1776575700,3456650.0,3456650.0,3270000.0,3270000.0,0.41095857
1776576600,3381484.0,3456782.0,3381484.0,3456782.0,2.89573952
1776577500,3381484.0,3456129.0,3381484.0,3456129.0,0.0330355
1776578400,3451049.0,3459040.0,3377236.0,3377236.0,0.24439263
1776579300,3465468.0,3465468.0,3465468.0,3465468.0,0.03147165
1776580200,3465468.0,3465468.0,3465468.0,3465468.0,0.00456792
1776581100,3465468.0,3465468.0,3465468.0,3465468.0,0.0
1776582000,3445489.0,3454871.0,3378935.0,3454871.0,0.30374961
1776582900,3447574.0,3447574.0,3447574.0,3447574.0,0.0043329
1776583800,3450354.0,3458866.0,3450354.0,3458866.0,0.50287897
1776584700,3458866.0,3458866.0,3458866.0,3458866.0,0.0
1776585600,3383694.0,3383694.0,3383694.0,3383694.0,0.01263205
1776586500,3460059.0,3460059.0,3460059.0,3460059.0,0.25799068
1776587400,3460059.0,3460059.0,3460059.0,3460059.0,0.0
1776588300,3455392.0,3455392.0,3455392.0,3455392.0,0.00288216
1776589200,3455392.0,3455392.0,3455392.0,3455392.0,0.0
1776590100,3365340.0,3365340.0,3365340.0,3365340.0,0.05950018
1776591000,3464468.0,3464468.0,3464468.0,3464468.0,0.00380779
1776591900,3445837.0,3445837.0,3445837.0,3445837.0,0.00698117
1776592800,3377236.0,3452438.0,3377236.0,3452438.0,0.00986579
1776593700,3452438.0,3452438.0,3452438.0,3452438.0,0.0
1776594600,3464468.0,3464468.0,3376726.0,3376726.0,0.68867062
1776595500,3367234.0,3367234.0,3367234.0,3367234.0,0.00380779
1776596400,3447922.0,3447922.0,3447922.0,3447922.0,0.00317698
1776597300,3447922.0,3447922.0,3447922.0,3447922.0,0.0
1776598200,3372647.0,3461125.0,3372647.0,3461125.0,0.09161407
1776599100,3446532.0,3446532.0,3382674.0,3382674.0,0.39788779
1776600000,3382674.0,3382674.0,3382674.0,3382674.0,0.0
1776600900,3382674.0,3382674.0,3382674.0,3382674.0,0.0
1776601800,3467205.0,3467205.0,3399981.0,3399981.0,0.14719265
1776602700,3448443.0,3589098.0,3384883.0,3589098.0,0.0484784
1776603600,3389992.0,3589098.0,3389992.0,3589098.0,0.01311081
1776604500,3389992.0,3389992.0,3389992.0,3389992.0,0.00722277
1776605400,3460256.0,3460256.0,3460256.0,3460256.0,0.00570535
1776606300,3460256.0,3460256.0,3460256.0,3460256.0,0.07977067
1776607200,3465294.0,3589098.0,3465294.0,3465815.0,1.1579093
1776608100,3465815.0,3469464.0,3465815.0,3469464.0,0.33024589
1776609000,3470506.0,3470506.0,3390390.0,3390390.0,0.37483846
1776609900,3465294.0,3470158.0,3465294.0,3470158.0,0.00864597
1776610800,3470060.0,3476031.0,3470060.0,3476018.0,0.16920753
1776611700,3469811.0,3589098.0,3469811.0,3589098.0,0.30551512
1776612600,3475718.0,3475718.0,3475718.0,3475718.0,0.01787802
1776613500,3588999.0,3588999.0,3588999.0,3588999.0,0.26401149
1776614400,3470680.0,3470680.0,3409998.0,3409998.0,0.04230408
1776615300,3464252.0,3464252.0,3409998.0,3409998.0,0.00940462
1776616200,3476058.0,3476058.0,3409998.0,3466163.0,0.03995644
1776617100,3471892.0,3471892.0,3471892.0,3471892.0,0.00854606
1776618000,3409998.0,3409998.0,3409998.0,3409998.0,0.01581873
1776618900,3465590.0,3465590.0,3465548.0,3465548.0,0.02641768
1776619800,3588906.0,3588906.0,3390390.0,3460232.0,0.41992987
1776620700,3460232.0,3460232.0,3460232.0,3460232.0,0.0
1776621600,3390390.0,3452602.0,3390390.0,3452588.0,0.07354269
1776622500,3452588.0,3452588.0,3452588.0,3452588.0,0.0
1776623400,3452588.0,3452588.0,3452588.0,3452588.0,0.0
1776624300,3446011.0,3446011.0,3446011.0,3446011.0,0.00289
1776625200,3450031.0,3450031.0,3446358.0,3446358.0,0.01159224
1776626100,3450875.0,3450875.0,3450875.0,3450875.0,0.02885934
1776627000,3450875.0,3450875.0,3450875.0,3450875.0,0.0
1776627900,3443052.0,3443052.0,3443052.0,3443052.0,0.01488853
1776628800,3390391.0,3390391.0,3390391.0,3390391.0,0.01488853
1776629700,3390391.0,3390391.0,3390391.0,3390391.0,0.0
1776630600,3443052.0,3443052.0,3443052.0,3443052.0,0.00867747
1776631500,3443052.0,3443052.0,3443052.0,3443052.0,0.0
1776632400,3441668.0,3441668.0,3441668.0,3441668.0,0.00438392
1776633300,3441668.0,3441668.0,3441668.0,3441668.0,0.0
1776634200,3440278.0,3440278.0,3440278.0,3440278.0,0.00536933
1776635100,3440278.0,3440278.0,3440278.0,3440278.0,0.0
1776636000,3443052.0,3443052.0,3440726.0,3440726.0,0.00602874
1776636900,3440726.0,3440726.0,3440726.0,3440726.0,0.0
1776637800,3440726.0,3440726.0,3440726.0,3440726.0,0.0
1776638700,3390391.0,3390391.0,3390390.0,3390390.0,0.13327207
1776639600,3390390.0,3390390.0,3390390.0,3390390.0,0.0
1776640500,3443052.0,3443052.0,3390390.0,3390390.0,0.01444461
1776641400,3390390.0,3390390.0,3390390.0,3390390.0,0.0
1776642300,3390390.0,3390390.0,3390390.0,3390390.0,0.0
1776643200,3390390.0,3390390.0,3390390.0,3390390.0,0.03173599
1776644100,3390390.0,3390390.0,3390390.0,3390390.0,0.0
1776645000,3390390.0,3390390.0,3390390.0,3390390.0,0.0
1776645900,3390390.0,3390390.0,3390390.0,3390390.0,0.0
1776646800,3440052.0,3440052.0,3390390.0,3390390.0,0.1869903
1776647700,3443752.0,3443752.0,3443752.0,3443752.0,0.05181817
1776648600,3443752.0,3443752.0,3443752.0,3443752.0,0.0
1776649500,3390390.0,3440002.0,3390390.0,3440002.0,0.07541291
1776650400,3394670.0,3440002.0,3394670.0,3440002.0,0.00730067
1776651300,3390390.0,3443752.0,3390390.0,3443752.0,0.00840068
1776652200,3443752.0,3443752.0,3443752.0,3443752.0,0.0
1776653100,3443752.0,3443752.0,3443752.0,3443752.0,0.0
1776654000,3443752.0,3443752.0,3443752.0,3443752.0,0.0
1776654900,3443752.0,3443752.0,3443752.0,3443752.0,0.0
1776655800,3443752.0,3443752.0,3443752.0,3443752.0,0.00453981
1776656700,3443752.0,3443752.0,3443752.0,3443752.0,0.0
1776657600,3443752.0,3443752.0,3443752.0,3443752.0,0.0
1776658500,3443752.0,3443752.0,3443752.0,3443752.0,0.0
1776659400,3399285.0,3399285.0,3399285.0,3399285.0,0.00453981
1776660300,3399285.0,3399285.0,3399285.0,3399285.0,0.00430972
1776661200,3399285.0,3399285.0,3399285.0,3399285.0,0.0
1776662100,3438542.0,3438542.0,3438542.0,3438542.0,0.0072551
1776663000,3399285.0,3399285.0,3390390.0,3390390.0,0.43511907
1776663900,3390390.0,3390390.0,3390321.0,3390321.0,0.38629642
1776664800,3390322.0,3443693.0,3390322.0,3390322.0,0.02444426
1776665700,3390322.0,3390322.0,3390322.0,3390322.0,0.0
1776666600,3443693.0,3443693.0,3443693.0,3443693.0,0.0088617
1776667500,3435670.0,3435670.0,3435670.0,3435670.0,0.07243024
1776668400,3396778.0,3396778.0,3396778.0,3396778.0,0.00573004
1776669300,3438000.0,3438000.0,3438000.0,3438000.0,0.03083536
1776670200,3390418.0,3391319.0,3390321.0,3390321.0,3.73147607
1776671100,3390321.0,3390321.0,3390321.0,3390321.0,0.00536933
1776672000,3390321.0,3390321.0,3390321.0,3390321.0,0.00313625
1776672900,3390321.0,3390321.0,3390321.0,3390321.0,0.0
1776673800,3390321.0,3390321.0,3390321.0,3390321.0,0.0
1776674700,3443677.0,3443677.0,3443677.0,3443677.0,0.00289196
1776675600,3443677.0,3443677.0,3443677.0,3443677.0,0.0
1776676500,3390508.0,3390508.0,3390508.0,3390508.0,0.28991737
1776677400,3393775.0,3393775.0,3393775.0,3393775.0,0.01918986
1776678300,3393775.0,3393775.0,3393775.0,3393775.0,0.0
1776679200,3392663.0,3392663.0,3392663.0,3392663.0,0.0088617
1776680100,3392663.0,3392663.0,3392663.0,3392663.0,0.0
1776681000,3392663.0,3392663.0,3392663.0,3392663.0,0.0
1776681900,3442000.0,3442000.0,3442000.0,3442000.0,0.00698866
1776682800,3442000.0,3442000.0,3442000.0,3442000.0,0.06052992
1776683700,3442000.0,3442000.0,3442000.0,3442000.0,0.0
1776684600,3442000.0,3442000.0,3442000.0,3442000.0,0.0
1776685500,3442000.0,3442000.0,3442000.0,3442000.0,0.0
1776686400,3442000.0,3442000.0,3442000.0,3442000.0,0.01241777
1776687300,3399996.0,3451574.0,3399996.0,3451343.0,0.111023
1776688200,3451343.0,3451343.0,3451343.0,3451343.0,0.0
1776689100,3402962.0,3402967.0,3402962.0,3402967.0,0.04125967
1776690000,3451276.0,3451276.0,3451276.0,3451276.0,0.00367023
1776690900,3451276.0,3451276.0,3451276.0,3451276.0,0.01474498
1776691800,3451276.0,3451276.0,3451276.0,3451276.0,0.00712345
1776692700,3403980.0,3451276.0,3403980.0,3451276.0,0.01660655
1776693600,3404014.0,3404014.0,3403978.0,3403978.0,0.05381434
1776694500,3445516.0,3445516.0,3445516.0,3445516.0,0.00578084
1776695400,3403978.0,3403978.0,3403978.0,3403978.0,0.03577329
1776696300,3435792.0,3435792.0,3403978.0,3403978.0,0.01350722
1776697200,3403978.0,3403978.0,3403978.0,3403978.0,0.0
1776698100,3433028.0,3433028.0,3433028.0,3433028.0,0.00582546
1776699000,3433028.0,3433028.0,3433028.0,3433028.0,0.0
1776699900,3431813.0,3431813.0,3431813.0,3431813.0,0.58155407
1776700800,3431813.0,3431813.0,3431813.0,3431813.0,0.0
1776701700,3431813.0,3431813.0,3431813.0,3431813.0,0.0
1776702600,3431813.0,3431813.0,3431813.0,3431813.0,0.0
1776703500,3403978.0,3403978.0,3403978.0,3403978.0,0.00666018
1776704400,3403978.0,3403978.0,3403978.0,3403978.0,0.0
1776705300,3439000.0,3448152.0,3439000.0,3448152.0,0.04164186
1776706200,3448152.0,3448152.0,3448152.0,3448152.0,0.0
1776707100,3448152.0,3448152.0,3448152.0,3448152.0,0.0
1776708000,3447000.0,3447000.0,3447000.0,3447000.0,0.01384232
1776708900,3447000.0,3447000.0,3406318.0,3406318.0,0.02067032
1776709800,3451276.0,3451276.0,3451276.0,3451276.0,0.01576083
1776710700,3451276.0,3451276.0,3451276.0,3451276.0,0.0
1776711600,3451276.0,3464304.0,3451276.0,3464253.0,0.07119824
1776712500,3416482.0,3416482.0,3416482.0,3416482.0,0.0056529
1776713400,3476360.0,3484984.0,3476360.0,3484984.0,0.02105199
1776714300,3484984.0,3484984.0,3484984.0,3484984.0,0.0
1776715200,3484984.0,3484984.0,3484984.0,3484984.0,0.0
1776716100,3484984.0,3484984.0,3484984.0,3484984.0,0.0
1776717000,3484984.0,3484984.0,3484984.0,3484984.0,0.0
1776717900,3484984.0,3484984.0,3484984.0,3484984.0,0.0
1776718800,3484984.0,3484984.0,3484984.0,3484984.0,0.0
1776719700,3484984.0,3484984.0,3484984.0,3484984.0,0.0
1776720600,3487607.0,3487607.0,3487607.0,3487607.0,0.04283309
1776721500,3487607.0,3487607.0,3487607.0,3487607.0,0.0
1776722400,3487607.0,3487607.0,3487607.0,3487607.0,0.0
1776723300,3487607.0,3487607.0,3487607.0,3487607.0,0.0
1776724200,3487607.0,3487607.0,3487607.0,3487607.0,0.0
1776725100,3484081.0,3484081.0,3484081.0,3484081.0,0.02858429
1776726000,3433333.0,3433333.0,3433333.0,3433333.0,0.00809262
1776726900,3484027.0,3484027.0,3484027.0,3484027.0,0.05716976
1776727800,3484027.0,3484027.0,3484027.0,3484027.0,0.0
1776728700,3484027.0,3484027.0,3484027.0,3484027.0,0.0
1776729600,3482050.0,3483002.0,3482050.0,3483002.0,0.01727872
1776730500,3434911.0,3434911.0,3434911.0,3434911.0,0.00298215
1776731400,3434911.0,3434911.0,3434911.0,3434911.0,0.0
1776732300,3433333.0,3433333.0,3433333.0,3433333.0,0.00773504
1776733200,3433333.0,3433333.0,3433333.0,3433333.0,0.0
1776734100,3433333.0,3433333.0,3433333.0,3433333.0,0.0
1776735000,3433333.0,3433333.0,3433333.0,3433333.0,0.0
1776735900,3433333.0,3433333.0,3433333.0,3433333.0,0.0
1776736800,3433333.0,3433333.0,3433333.0,3433333.0,0.0
1776737700,3480763.0,3480763.0,3480516.0,3480516.0,0.01726271
1776738600,3480423.0,3480423.0,3433333.0,3433333.0,0.18816571
1776739500,3433333.0,3433333.0,3433333.0,3433333.0,0.0
1776740400,3433333.0,3433333.0,3433333.0,3433333.0,0.0
1776741300,3433333.0,3433333.0,3433333.0,3433333.0,0.00435126
1776742200,3478545.0,3478545.0,3478545.0,3478545.0,0.01431489
1776743100,3433333.0,3433333.0,3433333.0,3433333.0,0.10354253
1776744000,3433333.0,3433333.0,3433333.0,3433333.0,0.0
1776744900,3433333.0,3478545.0,3433333.0,3478545.0,0.07638965
1776745800,3478545.0,3478545.0,3478545.0,3478545.0,0.0
1776746700,3477478.0,3477478.0,3477478.0,3477478.0,0.018
1776747600,3477478.0,3478545.0,3477478.0,3478545.0,0.0735053
1776748500,3478545.0,3478545.0,3478545.0,3478545.0,0.02862921
1776749400,3478545.0,3478545.0,3478545.0,3478545.0,0.0
1776750300,3478251.0,3478251.0,3478251.0,3478251.0,0.00286868
1776751200,3478251.0,3478251.0,3478251.0,3478251.0,0.0
1776752100,3478251.0,3478251.0,3478251.0,3478251.0,0.0
1776753000,3478275.0,3478275.0,3478275.0,3478275.0,0.01063716
1776753900,3478275.0,3478275.0,3478275.0,3478275.0,0.01494792
1776754800,3478275.0,3478275.0,3478275.0,3478275.0,0.0
1776755700,3478275.0,3478275.0,3478275.0,3478275.0,0.0
1776756600,3478275.0,3478275.0,3478027.0,3478027.0,0.00684591
1776757500,3477819.0,3477819.0,3477819.0,3477819.0,0.00286357
1776758400,3440672.0,3440672.0,3440672.0,3440672.0,0.00538324
1776759300,3477869.0,3477869.0,3477869.0,3477869.0,0.01526506
1776760200,3434147.0,3434147.0,3434147.0,3434147.0,0.00912938
1776761100,3478275.0,3478275.0,3478275.0,3478275.0,0.03579015
1776762000,3478275.0,3478275.0,3478275.0,3478275.0,0.0
1776762900,3478275.0,3478275.0,3478275.0,3478275.0,0.0
1776763800,3478275.0,3478275.0,3478275.0,3478275.0,0.0
1776764700,3478275.0,3478275.0,3478275.0,3478275.0,0.0
1776765600,3478275.0,3478275.0,3478275.0,3478275.0,0.0
1776766500,3478275.0,3478275.0,3478275.0,3478275.0,0.01355384
1776767400,3478275.0,3478275.0,3478275.0,3478275.0,0.0
1776768300,3478275.0,3478275.0,3478275.0,3478275.0,0.0
1776769200,3478275.0,3478275.0,3478275.0,3478275.0,0.01162271
1776770100,3478275.0,3478275.0,3478275.0,3478275.0,0.0
1776771000,3478275.0,3478275.0,3478275.0,3478275.0,0.0
1776771900,3478275.0,3478275.0,3478275.0,3478275.0,0.0
1776772800,3478275.0,3478275.0,3478275.0,3478275.0,0.0
1776773700,3478275.0,3478275.0,3478275.0,3478275.0,0.0
1776774600,3478275.0,3478275.0,3478275.0,3478275.0,0.01255702
1776775500,3478275.0,3478275.0,3478275.0,3478275.0,0.14296971
1776776400,3478275.0,3478275.0,3478275.0,3478275.0,0.0
1776777300,3478275.0,3478275.0,3478275.0,3478275.0,0.0
1776778200,3478275.0,3478275.0,3478275.0,3478275.0,0.0
1776779100,3478275.0,3478275.0,3478275.0,3478275.0,0.0
1776780000,3478275.0,3478275.0,3478275.0,3478275.0,0.0
1776780900,3478275.0,3478275.0,3478275.0,3478275.0,0.0
1776781800,3477920.0,3477920.0,3477920.0,3477920.0,0.00286349
1776782700,3477920.0,3477920.0,3477920.0,3477920.0,0.0
1776783600,3477920.0,3477920.0,3477920.0,3477920.0,0.0
1776784500,3434115.0,3477065.0,3434115.0,3477065.0,0.14670737
1776785400,3476862.0,3476862.0,3476862.0,3476862.0,0.00319914
1776786300,3476862.0,3476862.0,3476862.0,3476862.0,0.0
1776787200,3475385.0,3475385.0,3475385.0,3475385.0,0.00717819
1776788100,3475385.0,3475385.0,3475385.0,3475385.0,0.0
1776789000,3467634.0,3467634.0,3467634.0,3467634.0,0.00880658
1776789900,3467634.0,3467634.0,3467634.0,3467634.0,0.0
1776790800,3467634.0,3467634.0,3467634.0,3467634.0,0.0
1776791700,3467634.0,3467634.0,3467634.0,3467634.0,0.0
1776792600,3467634.0,3467634.0,3467634.0,3467634.0,0.0
1776793500,3467634.0,3467634.0,3467634.0,3467634.0,0.0
1776794400,3467634.0,3467634.0,3467634.0,3467634.0,0.0
1776795300,3467634.0,3467634.0,3467634.0,3467634.0,0.0
1776796200,3467634.0,3467634.0,3467634.0,3467634.0,0.0
1776797100,3467634.0,3467634.0,3467634.0,3467634.0,0.0
1776798000,3477955.0,3477955.0,3477955.0,3477955.0,0.01092366
1776798900,3477955.0,3477955.0,3477955.0,3477955.0,0.0
1776799800,3477955.0,3477955.0,3477955.0,3477955.0,0.0
1776800700,3433333.0,3433333.0,3433333.0,3433333.0,0.00702928
1776801600,3433333.0,3433333.0,3433333.0,3433333.0,0.0
1776802500,3433333.0,3433333.0,3433333.0,3433333.0,0.0
1776803400,3433333.0,3433333.0,3433333.0,3433333.0,0.0
1776804300,3433333.0,3433333.0,3433333.0,3433333.0,0.0
1776805200,3433333.0,3433333.0,3433333.0,3433333.0,0.0
1776806100,3433333.0,3433333.0,3433333.0,3433333.0,0.0
1776807000,3433333.0,3433333.0,3433333.0,3433333.0,0.0
1776807900,3433333.0,3433333.0,3433333.0,3433333.0,0.07243024
1776808800,3433333.0,3433333.0,3433333.0,3433333.0,0.0
1776809700,3433333.0,3433333.0,3433333.0,3433333.0,0.0
1776810600,3433333.0,3433333.0,3433333.0,3433333.0,0.0
1776811500,3460607.0,3460607.0,3460607.0,3460607.0,0.00431658
1776812400,3460607.0,3460607.0,3460607.0,3460607.0,0.0
1776813300,3460607.0,3460607.0,3460607.0,3460607.0,0.0
1776814200,3433333.0,3433333.0,3433333.0,3433333.0,0.00577728
1776815100,3433333.0,3433333.0,3433333.0,3433333.0,0.0
1776816000,3433333.0,3433333.0,3433333.0,3433333.0,0.01206587
1776816900,3433333.0,3433333.0,3433333.0,3433333.0,0.0
1776817800,3460527.0,3460527.0,3433333.0,3433333.0,0.01007463
1776818700,3433333.0,3433333.0,3433333.0,3433333.0,0.0
1776819600,3460527.0,3460527.0,3433336.0,3433336.0,0.01707692
1776820500,3433336.0,3433336.0,3433336.0,3433336.0,0.0
1776821400,3433336.0,3433336.0,3433336.0,3433336.0,0.0
1776822300,3433336.0,3433336.0,3433336.0,3433336.0,0.0
1776823200,3433336.0,3433336.0,3433336.0,3433336.0,0.0
1776824100,3460527.0,3460527.0,3460527.0,3460527.0,0.07302419
1776825000,3477943.0,3477943.0,3477943.0,3477943.0,0.02863474
1776825900,3477769.0,3477769.0,3477769.0,3477769.0,0.38441943
1776826800,3477441.0,3477441.0,3477441.0,3477441.0,0.00671499
1776827700,3477441.0,3477441.0,3477441.0,3477441.0,0.0
1776828600,3477441.0,3477441.0,3477441.0,3477441.0,0.0
1776829500,3477738.0,3477739.0,3460527.0,3460527.0,0.58336876
1776830400,3478256.0,3478256.0,3460527.0,3478165.0,0.06585677
1776831300,3478030.0,3478030.0,3478030.0,3478030.0,0.40566642
1776832200,3478030.0,3478030.0,3478030.0,3478030.0,0.0
1776833100,3478030.0,3478030.0,3478030.0,3478030.0,0.0
1776834000,3478030.0,3478030.0,3478030.0,3478030.0,0.0
1776834900,3460527.0,3460527.0,3460527.0,3460527.0,0.00590429
1776835800,3460527.0,3460527.0,3460527.0,3460527.0,0.0038955
1776836700,3460527.0,3460527.0,3436167.0,3436167.0,0.23163115
1776837600,3436167.0,3436167.0,3436167.0,3436167.0,0.0
1776838500,3436167.0,3436167.0,3436167.0,3436167.0,0.0
1776839400,3436167.0,3478265.0,3436167.0,3478265.0,0.34393785
1776840300,3478265.0,3478265.0,3478265.0,3478265.0,0.0
1776841200,3478028.0,3478028.0,3478028.0,3478028.0,0.00573428
1776842100,3478028.0,3478028.0,3478028.0,3478028.0,0.0
1776843000,3478028.0,3478028.0,3478028.0,3478028.0,0.0
1776843900,3478028.0,3478028.0,3478028.0,3478028.0,0.0
1776844800,3478028.0,3478028.0,3478028.0,3478028.0,0.0
1776845700,3440167.0,3440167.0,3437735.0,3437735.0,0.28868789
1776846600,3436171.0,3436171.0,3436167.0,3436167.0,0.04283309
1776847500,3477588.0,3477588.0,3436167.0,3436167.0,0.01961018
1776848400,3476886.0,3476886.0,3476886.0,3476886.0,0.00286434
1776849300,3476886.0,3476886.0,3476886.0,3476886.0,0.0
1776850200,3476886.0,3476886.0,3476886.0,3476886.0,0.0
1776851100,3476422.0,3476422.0,3476422.0,3476422.0,0.00286472
1776852000,3476422.0,3476422.0,3476422.0,3476422.0,0.0
1776852900,3475896.0,3475896.0,3475896.0,3475896.0,0.00863173
1776853800,3436853.0,3476766.0,3436853.0,3476766.0,0.04367889
1776854700,3476630.0,3476630.0,3476630.0,3476630.0,0.93113963
1776855600,3476630.0,3476630.0,3476630.0,3476630.0,0.0
1776856500,3476630.0,3476630.0,3476630.0,3476630.0,0.0
1776857400,3436853.0,3436853.0,3436853.0,3436853.0,0.10001
1776858300,3476960.0,3476960.0,3476960.0,3476960.0,0.00454534
1776859200,3476960.0,3476960.0,3476960.0,3476960.0,0.0
1776860100,3477000.0,3477000.0,3442819.0,3442819.0,0.30544898
1776861000,3440629.0,3440629.0,3440629.0,3440629.0,0.00411309
1776861900,3440629.0,3440629.0,3440629.0,3440629.0,0.0
1776862800,3440629.0,3440629.0,3440629.0,3440629.0,0.0
1776863700,3440629.0,3440629.0,3440629.0,3440629.0,0.0
1776864600,3440629.0,3440629.0,3440629.0,3440629.0,0.0
1776865500,3437412.0,3476515.0,3367234.0,3476515.0,0.57596242
1776866400,3473396.0,3473397.0,3473396.0,3473397.0,0.51751714
1776867300,3473397.0,3473397.0,3473397.0,3473397.0,0.0
1776868200,3473397.0,3473397.0,3473397.0,3473397.0,0.0
1776869100,3473398.0,3473398.0,3447219.0,3447219.0,0.18359779
1776870000,3447219.0,3447219.0,3447219.0,3447219.0,0.0
1776870900,3447219.0,3447219.0,3447219.0,3447219.0,0.0
1776871800,3447925.0,3476575.0,3447925.0,3476575.0,1.03784724
1776872700,3476575.0,3476575.0,3476575.0,3476575.0,0.0
1776873600,3447654.0,3447654.0,3444782.0,3444782.0,0.06052992
1776874500,3400098.0,3400098.0,3400098.0,3400098.0,0.01028382
1776875400,3400098.0,3400098.0,3400098.0,3400098.0,0.0
1776876300,3400098.0,3400098.0,3400098.0,3400098.0,0.0
1776877200,3400098.0,3400098.0,3400098.0,3400098.0,0.0
1776878100,3400098.0,3400098.0,3400098.0,3400098.0,0.0
1776879000,3400098.0,3400098.0,3400098.0,3400098.0,0.0
1776879900,3400098.0,3400098.0,3400098.0,3400098.0,0.0
1776880800,3476575.0,3476575.0,3476575.0,3476575.0,0.00298023
1776881700,3476575.0,3476575.0,3476575.0,3476575.0,0.00557215
1776882600,3476575.0,3478275.0,3476575.0,3478275.0,0.16081935
1776883500,3478275.0,3478275.0,3478275.0,3478275.0,0.0
1776884400,3478275.0,3478275.0,3478275.0,3478275.0,0.0
1776885300,3478275.0,3478275.0,3478275.0,3478275.0,0.0
1776886200,3478275.0,3478275.0,3478275.0,3478275.0,0.0
1776887100,3478275.0,3478275.0,3478275.0,3478275.0,0.0
1776888000,3478275.0,3478275.0,3478275.0,3478275.0,0.0
1776888900,3478275.0,3478275.0,3478275.0,3478275.0,0.0
1776889800,3478275.0,3478275.0,3478275.0,3478275.0,0.0
1776890700,3478275.0,3478275.0,3478275.0,3478275.0,0.0
1776891600,3478275.0,3478275.0,3478275.0,3478275.0,0.0
1776892500,3478275.0,3478275.0,3478275.0,3478275.0,0.0
1776893400,3478275.0,3478275.0,3478275.0,3478275.0,0.0
1776894300,3478275.0,3478275.0,3462997.0,3462997.0,0.00859946
1776895200,3462997.0,3462997.0,3462997.0,3462997.0,0.0
1776896100,3462997.0,3462997.0,3462997.0,3462997.0,0.0
1776897000,3462997.0,3462997.0,3462997.0,3462997.0,0.0
1776897900,3462997.0,3462997.0,3462997.0,3462997.0,0.0
1776898800,3462997.0,3462997.0,3462997.0,3462997.0,0.0
1776899700,3462997.0,3462997.0,3462997.0,3462997.0,0.0
1776900600,3462997.0,3462997.0,3462997.0,3462997.0,0.0
1776901500,3462997.0,3462997.0,3462997.0,3462997.0,0.0
1776902400,3462997.0,3462997.0,3462997.0,3462997.0,0.0
1776903300,3478275.0,3478275.0,3478275.0,3478275.0,0.08883167
1776904200,3462997.0,3462997.0,3461140.0,3461140.0,0.08883167
1776905100,3461140.0,3461140.0,3461140.0,3461140.0,0.0
1776906000,3478275.0,3478275.0,3461140.0,3461140.0,0.13947682
1776906900,3461140.0,3461140.0,3461140.0,3461140.0,0.0
1776907800,3478275.0,3478275.0,3478275.0,3478275.0,0.01434446
1776908700,3478275.0,3478275.0,3478275.0,3478275.0,0.0
1776909600,3478275.0,3478275.0,3478275.0,3478275.0,0.0
1776910500,3461140.0,3461140.0,3400098.0,3400098.0,0.14296971
1776911400,3456738.0,3456738.0,3456738.0,3456738.0,0.16081935
1776912300,3456738.0,3456738.0,3456738.0,3456738.0,0.0
1776913200,3456738.0,3456738.0,3456738.0,3456738.0,0.0
1776914100,3456738.0,3456738.0,3456738.0,3456738.0,0.0
1776915000,3456738.0,3456738.0,3456738.0,3456738.0,0.0
1776915900,3452625.0,3478275.0,3452625.0,3478275.0,0.01013339
1776916800,3478275.0,3478275.0,3478275.0,3478275.0,0.0
1776917700,3478275.0,3478275.0,3478275.0,3478275.0,0.0
1776918600,3478275.0,3478275.0,3478275.0,3478275.0,0.0028632
1776919500,3478275.0,3478275.0,3478275.0,3478275.0,0.0
1776920400,3478275.0,3478275.0,3478275.0,3478275.0,0.0
1776921300,3478275.0,3478275.0,3478275.0,3478275.0,0.0
1776922200,3478275.0,3478275.0,3478275.0,3478275.0,0.00410835
1776923100,3478275.0,3478275.0,3478275.0,3478275.0,0.0
1776924000,3478275.0,3478275.0,3478275.0,3478275.0,0.01091259
1776924900,3452625.0,3452625.0,3452625.0,3452625.0,0.00556655
1776925800,3478275.0,3478275.0,3478275.0,3478275.0,0.01288426
1776926700,3478275.0,3478275.0,3478275.0,3478275.0,0.21398394
1776927600,3478275.0,3520409.0,3400190.0,3400190.0,0.17345453
1776928500,3400190.0,3400190.0,3400190.0,3400190.0,0.0
1776929400,3470203.0,3470203.0,3470203.0,3470203.0,0.01631587
1776930300,3470203.0,3470203.0,3470203.0,3470203.0,0.0
1776931200,3470203.0,3470203.0,3457617.0,3457617.0,0.3563107
1776932100,3456624.0,3456624.0,3456624.0,3456624.0,0.00678878
1776933000,3456624.0,3456624.0,3456624.0,3456624.0,0.0
1776933900,3456624.0,3456624.0,3456624.0,3456624.0,0.0
1776934800,3456624.0,3456624.0,3456624.0,3456624.0,0.0
1776935700,3456624.0,3456624.0,3456624.0,3456624.0,0.0
1776936600,3510676.0,3511922.0,3510676.0,3511922.0,0.00706066
1776937500,3455168.0,3513954.0,3455168.0,3513954.0,0.04029803
1776938400,3452882.0,3452882.0,3452882.0,3452882.0,0.01465317
1776939300,3458923.0,3550000.0,3453806.0,3550000.0,0.15610011
1776940200,3550000.0,3550000.0,3550000.0,3550000.0,0.0
1776941100,3519392.0,3519392.0,3519392.0,3519392.0,0.00417998
1776942000,3519392.0,3519392.0,3519392.0,3519392.0,0.0
1776942900,3522079.0,3522079.0,3522079.0,3522079.0,0.00702738
1776943800,3550000.0,3550000.0,3524766.0,3524766.0,0.00887431
1776944700,3524766.0,3524766.0,3524766.0,3524766.0,0.0
1776945600,3534219.0,3534219.0,3534219.0,3534219.0,0.00304819
1776946500,3533938.0,3537274.0,3474455.0,3537274.0,1.23379636
1776947400,3482405.0,3482405.0,3482405.0,3482405.0,0.00301605
1776948300,3482405.0,3482405.0,3482405.0,3482405.0,0.0
1776949200,3531731.0,3531731.0,3531731.0,3531731.0,0.02819863
1776950100,3471866.0,3471866.0,3468508.0,3468508.0,3.88685514
1776951000,3468508.0,3468508.0,3468508.0,3468508.0,0.0
1776951900,3468508.0,3468508.0,3468508.0,3468508.0,0.0
1776952800,3468508.0,3468508.0,3468508.0,3468508.0,0.0
1776953700,3482894.0,3482894.0,3482894.0,3482894.0,0.00562441
1776954600,3482894.0,3482894.0,3482894.0,3482894.0,0.0
1776955500,3524946.0,3524946.0,3524946.0,3524946.0,0.02602252
1776956400,3524946.0,3524946.0,3524946.0,3524946.0,0.0
1776957300,3524946.0,3524946.0,3524946.0,3524946.0,0.010081
1776958200,3524946.0,3524946.0,3524946.0,3524946.0,0.0
1776959100,3524946.0,3524946.0,3524946.0,3524946.0,0.0
1776960000,3524946.0,3524946.0,3524946.0,3524946.0,0.0
1776960900,3487162.0,3487162.0,3487162.0,3487162.0,0.0220202
1776961800,3487162.0,3487162.0,3487162.0,3487162.0,0.0
1776962700,3487162.0,3487162.0,3487162.0,3487162.0,0.0
1776963600,3487162.0,3487162.0,3487162.0,3487162.0,0.0
1776964500,3487162.0,3487162.0,3487162.0,3487162.0,0.41387695
1776965400,3486928.0,3486928.0,3471598.0,3471598.0,0.05734684
1776966300,3467903.0,3467903.0,3459591.0,3459591.0,0.08642847
1776967200,3459591.0,3459591.0,3459591.0,3459591.0,0.0
1776968100,3524946.0,3524946.0,3484474.0,3484474.0,0.07196908
1776969000,3484474.0,3484474.0,3484474.0,3484474.0,0.0
1776969900,3484474.0,3484474.0,3484474.0,3484474.0,0.0
1776970800,3401460.0,3401460.0,3401460.0,3401460.0,0.00993975
1776971700,3482582.0,3482582.0,3482582.0,3482582.0,0.00601134
1776972600,3482582.0,3482582.0,3482582.0,3482582.0,0.0
1776973500,3482582.0,3482582.0,3482582.0,3482582.0,0.0
1776974400,3482582.0,3482582.0,3482582.0,3482582.0,0.0
1776975300,3482582.0,3482582.0,3482582.0,3482582.0,0.0
1776976200,3482582.0,3482582.0,3482582.0,3482582.0,0.0
1776977100,3482582.0,3482582.0,3482582.0,3482582.0,0.0
1776978000,3482582.0,3482582.0,3482582.0,3482582.0,0.0
1776978900,3488859.0,3488859.0,3488859.0,3488859.0,0.00569211
1776979800,3489561.0,3489561.0,3489561.0,3489561.0,0.0285394
1776980700,3489561.0,3489561.0,3489561.0,3489561.0,0.0
1776981600,3489561.0,3489561.0,3489561.0,3489561.0,0.0
1776982500,3489561.0,3489561.0,3489561.0,3489561.0,0.0
1776983400,3493427.0,3493427.0,3493427.0,3493427.0,0.00462869
1776984300,3493427.0,3493427.0,3493427.0,3493427.0,0.0
1776985200,3493427.0,3493427.0,3493427.0,3493427.0,0.0
1776986100,3493625.0,3493625.0,3493625.0,3493625.0,0.01161172
1776987000,3493625.0,3493625.0,3493625.0,3493625.0,0.0
1776987900,3493625.0,3493625.0,3493625.0,3493625.0,0.0
1776988800,3493625.0,3493625.0,3493625.0,3493625.0,0.0
1776989700,3493625.0,3493625.0,3493625.0,3493625.0,0.0
1776990600,3493625.0,3493625.0,3493625.0,3493625.0,0.0
1776991500,3512916.0,3512916.0,3512916.0,3512916.0,0.04664272
1776992400,3512916.0,3512916.0,3512916.0,3512916.0,0.0
1776993300,3495673.0,3495673.0,3494886.0,3494886.0,0.04186699
1776994200,3494886.0,3494886.0,3494886.0,3494886.0,0.0
1776995100,3494886.0,3494886.0,3494886.0,3494886.0,0.0
1776996000,3535970.0,3535970.0,3498076.0,3498076.0,0.00603596
1776996900,3498039.0,3498039.0,3498039.0,3498039.0,0.00284702
1776997800,3495601.0,3495601.0,3495601.0,3495601.0,0.01427336
1776998700,3436221.0,3495539.0,3436221.0,3495539.0,0.00891817
1776999600,3495539.0,3495539.0,3495539.0,3495539.0,0.0
1777000500,3495539.0,3495539.0,3495539.0,3495539.0,0.0
1777001400,3435155.0,3435155.0,3435155.0,3435155.0,0.02840149
1777002300,3435155.0,3435155.0,3435155.0,3435155.0,0.0
1777003200,3435155.0,3435155.0,3435155.0,3435155.0,0.0
1777004100,3482743.0,3482743.0,3482743.0,3482743.0,0.04194165
1777005000,3435155.0,3435155.0,3435155.0,3435155.0,0.01857658
1777005900,3435155.0,3435155.0,3435155.0,3435155.0,0.0
1777006800,3435155.0,3435155.0,3435155.0,3435155.0,0.0
1777007700,3435155.0,3435155.0,3430673.0,3430673.0,0.02836192
1777008600,3430673.0,3430673.0,3430673.0,3430673.0,0.0
1777009500,3494490.0,3494490.0,3494490.0,3494490.0,0.00288511
1777010400,3494490.0,3494490.0,3494490.0,3494490.0,0.0
1777011300,3494490.0,3494490.0,3494490.0,3494490.0,0.0
1777012200,3494490.0,3494490.0,3494490.0,3494490.0,0.0
1777013100,3494490.0,3494490.0,3494490.0,3494490.0,0.0
1777014000,3494490.0,3494490.0,3494490.0,3494490.0,0.0
1777014900,3494490.0,3494490.0,3494490.0,3494490.0,0.0
1777015800,3481826.0,3481826.0,3481826.0,3481826.0,0.00551061
1777016700,3430999.0,3430999.0,3430999.0,3430999.0,0.00551005
1777017600,3430999.0,3430999.0,3430999.0,3430999.0,0.0
1777018500,3430999.0,3430999.0,3430999.0,3430999.0,0.0
1777019400,3430999.0,3430999.0,3430999.0,3430999.0,0.0
1777020300,3430999.0,3430999.0,3430999.0,3430999.0,0.0
1777021200,3431014.0,3431014.0,3431014.0,3431014.0,0.1319373
1777022100,3431014.0,3431014.0,3431014.0,3431014.0,0.0
1777023000,3479722.0,3479722.0,3479722.0,3479722.0,0.00286201
1777023900,3431014.0,3473982.0,3431014.0,3473982.0,0.01178539
1777024800,3473982.0,3473982.0,3473982.0,3473982.0,0.0
1777025700,3473982.0,3473982.0,3473982.0,3473982.0,0.0
1777026600,3431015.0,3431015.0,3431015.0,3431015.0,0.00743412
1777027500,3431015.0,3473063.0,3430673.0,3473063.0,0.20049069
1777028400,3473058.0,3473058.0,3473058.0,3473058.0,0.0086025
1777029300,3430673.0,3446266.0,3430673.0,3446266.0,0.01133034
1777030200,3449785.0,3449785.0,3401442.0,3401442.0,0.45871963
1777031100,3473058.0,3473058.0,3473058.0,3473058.0,0.02987165
1777032000,3473058.0,3473058.0,3473058.0,3473058.0,0.0
1777032900,3467000.0,3473056.0,3443759.0,3473056.0,0.01846895
1777033800,3473052.0,3473052.0,3473052.0,3473052.0,0.02416059
1777034700,3435994.0,3435994.0,3435994.0,3435994.0,0.02898492
1777035600,3435994.0,3435994.0,3435994.0,3435994.0,0.0
1777036500,3473047.0,3473047.0,3473047.0,3473047.0,0.0061649
1777037400,3473051.0,3473062.0,3473051.0,3473062.0,0.11015842
1777038300,3473062.0,3473062.0,3473062.0,3473062.0,0.0
1777039200,3494441.0,3494441.0,3494441.0,3494441.0,0.00429167
1777040100,3494445.0,3494445.0,3494445.0,3494445.0,0.0059171
1777041000,3494445.0,3535970.0,3494445.0,3535970.0,0.22265296
1777041900,3535970.0,3575000.0,3535970.0,3575000.0,5.60245945
1777042800,3575000.0,3638369.0,3575000.0,3581973.0,0.25017892
1777043700,3581973.0,3581973.0,3581973.0,3581973.0,0.0
1777044600,3594538.0,3594538.0,3594538.0,3594538.0,0.01893403
1777045500,3633510.0,3633510.0,3585702.0,3585702.0,0.02805064
1777046400,3633496.0,3633496.0,3633492.0,3633492.0,0.03294981
1777047300,3633492.0,3642301.0,3633492.0,3640074.0,0.30545115
1777048200,3616841.0,3643205.0,3616841.0,3643205.0,0.00736389
1777049100,3643209.0,3643209.0,3643205.0,3643205.0,0.00836514
1777050000,3643205.0,3643205.0,3410000.0,3410000.0,0.31578268
1777050900,3643209.0,3643209.0,3590503.0,3643209.0,0.0252658
1777051800,3589802.0,3643209.0,3589802.0,3643209.0,0.03394388
1777052700,3643209.0,3643209.0,3643209.0,3643209.0,0.00443949
1777053600,3591432.0,3591432.0,3591432.0,3591432.0,0.00443949
1777054500,3632579.0,3632579.0,3632579.0,3632579.0,0.00686757
1777055400,3632579.0,3632579.0,3632579.0,3632579.0,0.0
1777056300,3632579.0,3632579.0,3632579.0,3632579.0,0.0
1777057200,3570633.0,3639482.0,3570633.0,3639482.0,0.03426495
1777058100,3643157.0,3643157.0,3643157.0,3643157.0,0.02785002
1777059000,3569729.0,3569729.0,3569729.0,3569729.0,0.02692086
1777059900,3643209.0,3643213.0,3643209.0,3643213.0,0.01140065
1777060800,3632268.0,3634880.0,3632268.0,3634880.0,0.02282419
1777061700,3571811.0,3630233.0,3571811.0,3630233.0,0.61292812
1777062600,3630233.0,3630233.0,3630233.0,3630233.0,0.0
1777063500,3632932.0,3632936.0,3632932.0,3632936.0,0.27413228
1777064400,3627546.0,3627546.0,3627546.0,3627546.0,0.00823614
1777065300,3622133.0,3750321.0,3622133.0,3750321.0,4.91488024
1777066200,3561688.0,3561688.0,3561688.0,3561688.0,0.01140065
1777067100,3621788.0,3621788.0,3621788.0,3621788.0,0.01380229
1777068000,3750317.0,3750317.0,3563918.0,3566663.0,0.28652414
1777068900,3566663.0,3566663.0,3566663.0,3566663.0,0.0150816
1777069800,3628419.0,3628419.0,3628419.0,3628419.0,0.01833994
1777070700,3623707.0,3623707.0,3623707.0,3623707.0,0.10237913
1777071600,3565801.0,3565801.0,3565801.0,3565801.0,0.80828136
1777072500,3568203.0,3568203.0,3568203.0,3568203.0,0.01463886
1777073400,3568203.0,3568203.0,3568203.0,3568203.0,0.0
1777074300,3568203.0,3568203.0,3568203.0,3568203.0,0.0
1777075200,3568203.0,3568203.0,3568203.0,3568203.0,0.0
1777076100,3568203.0,3568203.0,3568203.0,3568203.0,0.0
1777077000,3627023.0,3627023.0,3627023.0,3627023.0,0.34249355
1777077900,3627023.0,3627023.0,3627023.0,3627023.0,0.0
1777078800,3568718.0,3623870.0,3562885.0,3623870.0,0.39307961
1777079700,3623870.0,3623870.0,3616378.0,3616378.0,0.30537634
1777080600,3617596.0,3617596.0,3617596.0,3617596.0,0.00508652
1777081500,3617767.0,3617767.0,3617767.0,3617767.0,0.0028957
1777082400,3617767.0,3621784.0,3617767.0,3621784.0,0.04494777
1777083300,3621784.0,3621784.0,3621784.0,3621784.0,0.0
1777084200,3621784.0,3621788.0,3621784.0,3621788.0,0.13748803
1777085100,3564098.0,3564098.0,3550708.0,3550708.0,0.06461443
1777086000,3552595.0,3552595.0,3411999.0,3552591.0,1.22088519
1777086900,3542983.0,3616025.0,3542983.0,3616025.0,0.09308574
1777087800,3616025.0,3616025.0,3616025.0,3616025.0,0.0
1777088700,3616025.0,3616025.0,3616025.0,3616025.0,0.0
1777089600,3610267.0,3611488.0,3557738.0,3611488.0,0.04252841
1777090500,3412005.0,3611488.0,3412005.0,3611488.0,0.00828174
1777091400,3611488.0,3611488.0,3611488.0,3611488.0,0.0
1777092300,3611488.0,3620911.0,3540242.0,3620911.0,0.0899655
1777093200,3623866.0,3623866.0,3623866.0,3623866.0,0.00440413
1777094100,3620741.0,3620741.0,3620741.0,3620741.0,0.0118727
1777095000,3556884.0,3616894.0,3556884.0,3616894.0,0.00627468
1777095900,3616894.0,3616894.0,3559801.0,3616894.0,0.03937257
1777096800,3614804.0,3614804.0,3610443.0,3610443.0,0.00717991
1777097700,3556884.0,3556884.0,3556884.0,3556884.0,0.0395557
1777098600,3556884.0,3556884.0,3556884.0,3556884.0,0.0
1777099500,3610443.0,3610443.0,3610443.0,3610443.0,0.12194514
1777100400,3612012.0,3625801.0,3612012.0,3625801.0,1.39001811
1777101300,3616727.0,3616727.0,3616727.0,3616727.0,0.52246796
1777102200,3616727.0,3616727.0,3616727.0,3616727.0,0.0
1777103100,3563571.0,3563571.0,3563571.0,3563571.0,0.13748803
1777104000,3561516.0,3620043.0,3561516.0,3620043.0,0.01124844
1777104900,3620043.0,3620043.0,3563060.0,3619694.0,0.04335275
1777105800,3619694.0,3619694.0,3619694.0,3619694.0,2.75089634
1777106700,3619694.0,3619694.0,3619694.0,3619694.0,0.0
1777107600,3557054.0,3564429.0,3557054.0,3564429.0,0.01281298
1777108500,3623882.0,3623882.0,3557052.0,3557052.0,0.27780265
1777109400,3619170.0,3619170.0,3619170.0,3619170.0,0.00301201
1777110300,3557056.0,3557056.0,3557056.0,3557056.0,0.00572595
1777111200,3557400.0,3557400.0,3557400.0,3557400.0,0.03147165
1777112100,3557400.0,3557400.0,3557400.0,3557400.0,0.0
1777113000,3617425.0,3617425.0,3617425.0,3617425.0,0.00578146
1777113900,3819519.0,3819519.0,3557052.0,3557052.0,0.07217261
1777114800,3622311.0,3819519.0,3563914.0,3819519.0,0.6558149
1777115700,3620217.0,3819515.0,3613412.0,3819515.0,0.09960116
1777116600,3613761.0,3819519.0,3613761.0,3819519.0,0.02912262
1777117500,3557509.0,3614110.0,3557509.0,3614110.0,1.01667544
1777118400,3617076.0,3617076.0,3557900.0,3557900.0,0.07000544
1777119300,3616200.0,3616200.0,3557900.0,3610969.0,1.95380853
1777120200,3610969.0,3610969.0,3610969.0,3610969.0,0.0
1777121100,3610969.0,3610969.0,3610969.0,3610969.0,0.0
1777122000,3558081.0,3616200.0,3558081.0,3558085.0,0.04782159
1777122900,3557904.0,3557904.0,3557904.0,3557904.0,0.00416411
1777123800,3557904.0,3557904.0,3557904.0,3557904.0,0.0
1777124700,3557904.0,3557904.0,3557904.0,3557904.0,0.0
1777125600,3625801.0,3625801.0,3618472.0,3618472.0,0.03099034
1777126500,3557904.0,3616553.0,3557904.0,3616553.0,0.00699582
1777127400,3557904.0,3818973.0,3548988.0,3818973.0,1.93226899
1777128300,3614284.0,3614284.0,3614284.0,3614284.0,0.01389237
1777129200,3614284.0,3614284.0,3614284.0,3614284.0,0.01410763
1777130100,3554311.0,3554311.0,3554311.0,3554311.0,0.02870136
1777131000,3615157.0,3615157.0,3558428.0,3558428.0,1.18576408
1777131900,3615157.0,3615157.0,3615157.0,3615157.0,0.00575991
1777132800,3616029.0,3616029.0,3616029.0,3616029.0,0.00275412
1777133700,3616029.0,3616029.0,3616029.0,3616029.0,0.0
1777134600,3618821.0,3818973.0,3561684.0,3616996.0,0.04799607
1777135500,3615672.0,3615672.0,3615672.0,3615672.0,0.00508204
1777136400,3613935.0,3613935.0,3613935.0,3613935.0,0.00717915
1777137300,3613931.0,3613931.0,3613931.0,3613931.0,0.00354655
1777138200,3561684.0,3561684.0,3561684.0,3561684.0,0.00285062
1777139100,3561684.0,3561684.0,3561684.0,3561684.0,0.0
1777140000,3617000.0,3617000.0,3617000.0,3617000.0,0.00550676
1777140900,3607300.0,3818000.0,3607300.0,3818000.0,0.15400538
1777141800,3604512.0,3604512.0,3604512.0,3604512.0,0.0028259
1777142700,3604512.0,3604512.0,3604512.0,3604512.0,0.0
1777143600,3561900.0,3561900.0,3412000.0,3412000.0,1.39001811
1777144500,3604163.0,3604163.0,3604163.0,3604163.0,2.76274963
1777145400,3605210.0,3605210.0,3605210.0,3605210.0,0.00355263
1777146300,3603112.0,3603112.0,3603112.0,3603112.0,0.01070602
1777147200,3603112.0,3603112.0,3603112.0,3603112.0,0.0
1777148100,3603112.0,3603112.0,3603112.0,3603112.0,0.0
1777149000,3543155.0,3611995.0,3543155.0,3611995.0,0.28942894
1777149900,3611995.0,3611995.0,3611995.0,3611995.0,0.00597592
1777150800,3611991.0,3611995.0,3611991.0,3611995.0,0.00817997
1777151700,3422469.0,3611991.0,3422469.0,3611991.0,0.02873173
1777152600,3557223.0,3557223.0,3557223.0,3557223.0,0.01098037
1777153500,3557223.0,3557223.0,3557223.0,3557223.0,0.0
1777154400,3557223.0,3557223.0,3557223.0,3557223.0,0.0
1777155300,3558253.0,3611991.0,3558253.0,3611991.0,0.31595382
1777156200,3611991.0,3611991.0,3611991.0,3611991.0,0.0
1777157100,3611991.0,3611991.0,3611991.0,3611991.0,0.0
1777158000,3611991.0,3611991.0,3611991.0,3611991.0,0.0
1777158900,3611991.0,3611991.0,3611991.0,3611991.0,0.0
1777159800,3611991.0,3611991.0,3611991.0,3611991.0,0.0
1777160700,3611991.0,3611991.0,3611991.0,3611991.0,0.0043386
1777161600,3611991.0,3611991.0,3611991.0,3611991.0,0.0
1777162500,3611991.0,3611991.0,3611991.0,3611991.0,0.0
1777163400,3611987.0,3611987.0,3611987.0,3611987.0,0.00514149
1777164300,3611000.0,3611000.0,3611000.0,3611000.0,0.0041368
1777165200,3558257.0,3610995.0,3558257.0,3610991.0,0.04459325
1777166100,3610991.0,3610991.0,3610991.0,3610991.0,0.0
1777167000,3610991.0,3610991.0,3610991.0,3610991.0,0.0
1777167900,3558257.0,3558257.0,3557056.0,3557056.0,0.01259212
1777168800,3557056.0,3557056.0,3557056.0,3557056.0,0.0
1777169700,3557052.0,3557052.0,3556708.0,3556708.0,0.02861782
1777170600,3556708.0,3556708.0,3556708.0,3556708.0,0.0
1777171500,3556708.0,3556708.0,3556708.0,3556708.0,0.12194514
1777172400,3556708.0,3556708.0,3556708.0,3556708.0,0.0
1777173300,3610643.0,3610647.0,3610643.0,3610647.0,0.03959818
1777174200,3610647.0,3610647.0,3610647.0,3610647.0,0.0
1777175100,3556880.0,3556880.0,3556880.0,3556880.0,0.04816236
1777176000,3610643.0,3610643.0,3610643.0,3610643.0,0.00281334
1777176900,3610643.0,3610643.0,3610643.0,3610643.0,0.00275823
1777177800,3610643.0,3610643.0,3610643.0,3610643.0,0.0
1777178700,3610643.0,3610643.0,3559110.0,3559110.0,0.00668246
1777179600,3610199.0,3610199.0,3559110.0,3559110.0,0.02234292
1777180500,3559110.0,3559110.0,3556708.0,3556708.0,0.02810674
1777181400,3557227.0,3610195.0,3557227.0,3610195.0,0.03110121
1777182300,3610195.0,3610195.0,3610195.0,3610195.0,0.0
1777183200,3610178.0,3610182.0,3610178.0,3610182.0,0.02584053
1777184100,3610182.0,3610182.0,3610182.0,3610182.0,0.00417181
1777185000,3570262.0,3570262.0,3570262.0,3570262.0,1.10378636
1777185900,3570090.0,3610182.0,3562198.0,3610182.0,0.95068456
1777186800,3610182.0,3610182.0,3610182.0,3610182.0,0.0
1777187700,3562027.0,3610182.0,3560311.0,3560311.0,0.01461316
1777188600,3610182.0,3610182.0,3568546.0,3568546.0,0.00839758
1777189500,3567689.0,3567689.0,3567689.0,3567689.0,0.0028738
1777190400,3610182.0,3610195.0,3610182.0,3610195.0,0.290401
1777191300,3610195.0,3610195.0,3610195.0,3610195.0,0.01161322
1777192200,3610195.0,3610195.0,3610195.0,3610195.0,0.0
1777193100,3540880.0,3610200.0,3540880.0,3610200.0,0.02352477
1777194000,3610200.0,3610200.0,3610200.0,3610200.0,0.02758572
1777194900,3610200.0,3610200.0,3610200.0,3610200.0,0.0
1777195800,3610200.0,3610200.0,3610200.0,3610200.0,0.0
1777196700,3575066.0,3575066.0,3575066.0,3575066.0,0.00431076
1777197600,3575066.0,3575066.0,3575066.0,3575066.0,0.0
1777198500,3610196.0,3610196.0,3610196.0,3610196.0,0.01343522
1777199400,3580217.0,3580217.0,3580217.0,3580217.0,0.02746703
1777200300,3580217.0,3580217.0,3580217.0,3580217.0,0.0
1777201200,3580217.0,3580217.0,3580217.0,3580217.0,0.0
1777202100,3580217.0,3580217.0,3580217.0,3580217.0,0.0
1777203000,3580217.0,3580217.0,3580217.0,3580217.0,0.0
1777203900,3610197.0,3610200.0,3610197.0,3610200.0,0.04839427
1777204800,3581217.0,3610200.0,3581217.0,3581217.0,0.01103028
1777205700,3581217.0,3581217.0,3581217.0,3581217.0,0.0
1777206600,3610197.0,3610197.0,3610197.0,3610197.0,0.00278433
1777207500,3610197.0,3610197.0,3610197.0,3610197.0,0.01112377
1777208400,3610197.0,3610197.0,3610197.0,3610197.0,0.0
1777209300,3610197.0,3610197.0,3610197.0,3610197.0,0.0
1777210200,3610197.0,3610197.0,3610197.0,3610197.0,0.0
1777211100,3610197.0,3610197.0,3610197.0,3610197.0,0.0
1777212000,3610197.0,3610197.0,3610197.0,3610197.0,0.0
1777212900,3610200.0,3610200.0,3610200.0,3610200.0,0.00383579
1777213800,3610200.0,3610200.0,3610200.0,3610200.0,0.03417529
1777214700,3610644.0,3610644.0,3610644.0,3610644.0,0.01390638
1777215600,3611988.0,3635573.0,3611988.0,3635573.0,0.03804924
1777216500,3624929.0,3650406.0,3624929.0,3634701.0,0.13890653
1777217400,3636795.0,3636795.0,3636795.0,3636795.0,0.68329534
1777218300,3635000.0,3635000.0,3634177.0,3634526.0,0.01727088
1777219200,3636446.0,3636446.0,3636446.0,3636446.0,0.29517831
1777220100,3639447.0,3639447.0,3639447.0,3639447.0,0.07327074
1777221000,3639447.0,3639447.0,3639447.0,3639447.0,0.0
1777221900,3639447.0,3639447.0,3639447.0,3639447.0,0.0
1777222800,3639063.0,3639063.0,3639063.0,3639063.0,0.15486706
1777223700,3642553.0,3651802.0,3642553.0,3651802.0,0.29901356
1777224600,3643600.0,3643600.0,3643600.0,3643600.0,0.00294379
1777225500,3643600.0,3643600.0,3643600.0,3643600.0,0.0
1777226400,3643600.0,3643600.0,3643600.0,3643600.0,0.0
1777227300,3639238.0,3639238.0,3639238.0,3639238.0,0.00336389
1777228200,3639238.0,3639238.0,3639238.0,3639238.0,0.0
1777229100,3641157.0,3641157.0,3641157.0,3641157.0,0.0254897
1777230000,3645346.0,3645346.0,3645346.0,3645346.0,0.00684516
1777230900,3646742.0,3646742.0,3646742.0,3646742.0,0.00620965
1777231800,3610197.0,3610197.0,3610197.0,3610197.0,0.05916735
1777232700,3610197.0,3610197.0,3610197.0,3610197.0,0.0
1777233600,3610197.0,3610197.0,3610197.0,3610197.0,0.0
1777234500,3610197.0,3610197.0,3610197.0,3610197.0,0.0
1777235400,3610197.0,3610197.0,3610197.0,3610197.0,0.0
1777236300,3651628.0,3651628.0,3646742.0,3646742.0,0.01278836
1777237200,3646742.0,3646742.0,3646742.0,3646742.0,0.0
1777238100,3646742.0,3646742.0,3646742.0,3646742.0,0.0
1777239000,3646742.0,3646742.0,3646742.0,3646742.0,0.0
1777239900,3646742.0,3646742.0,3646742.0,3646742.0,0.0
1777240800,3646742.0,3646742.0,3646742.0,3646742.0,0.0
1777241700,3646742.0,3646742.0,3646742.0,3646742.0,0.0
1777242600,3646742.0,3646742.0,3646742.0,3646742.0,0.0
1777243500,3646742.0,3646742.0,3646742.0,3646742.0,0.0
1777244400,3646739.0,3646739.0,3646739.0,3646739.0,0.00623077
1777245300,3639473.0,3639473.0,3638848.0,3638848.0,0.01094599
1777246200,3638848.0,3638848.0,3638848.0,3638848.0,0.0
1777247100,3642891.0,3642891.0,3642891.0,3642891.0,0.21880356
1777248000,3647000.0,3647000.0,3647000.0,3647000.0,0.00451137
1777248900,3644822.0,3645501.0,3610197.0,3610197.0,0.23570902
1777249800,3610197.0,3610197.0,3610197.0,3610197.0,0.00471156
1777250700,3645485.0,3645485.0,3645485.0,3645485.0,0.01726958
1777251600,3645485.0,3645485.0,3645485.0,3645485.0,0.0
1777252500,3645485.0,3645485.0,3645485.0,3645485.0,0.0
1777253400,3645485.0,3645485.0,3645485.0,3645485.0,0.0
1777254300,3647000.0,3647000.0,3647000.0,3647000.0,0.0043145
1777255200,3610197.0,3610197.0,3610197.0,3610197.0,0.00431416
1777256100,3647000.0,3647000.0,3647000.0,3647000.0,0.01368083
1777257000,3647000.0,3819519.0,3610197.0,3667566.0,0.17485849
1777257900,3669239.0,3819519.0,3669239.0,3819519.0,0.02459586
1777258800,3650000.0,3667681.0,3650000.0,3667681.0,0.00709834
1777259700,3667681.0,3667681.0,3667681.0,3667681.0,0.0
1777260600,3667681.0,3667681.0,3667681.0,3667681.0,0.0
1777261500,3650000.0,3650000.0,3650000.0,3650000.0,0.01375089
1777262400,3662969.0,3662969.0,3650000.0,3650000.0,0.00859902
1777263300,3662969.0,3662969.0,3662969.0,3662969.0,0.0462308
1777264200,3662969.0,3662969.0,3650000.0,3650000.0,0.14121746
1777265100,3650000.0,3650000.0,3650000.0,3650000.0,0.0
1777266000,3650000.0,3650000.0,3650000.0,3650000.0,0.0
1777266900,3650000.0,3650000.0,3650000.0,3650000.0,0.0
1777267800,3650000.0,3650000.0,3650000.0,3650000.0,0.26146384
1777268700,3610197.0,3610197.0,3610197.0,3610197.0,0.01105622
1777269600,3610197.0,3610197.0,3610197.0,3610197.0,0.0
1777270500,3610197.0,3610197.0,3610197.0,3610197.0,0.00289221
1777271400,3610197.0,3610197.0,3610197.0,3610197.0,0.0
1777272300,3610197.0,3610197.0,3540000.0,3540000.0,1.37544817
1777273200,3583003.0,3640538.0,3582999.0,3640538.0,0.07137423
1777274100,3640538.0,3640538.0,3640538.0,3640538.0,0.0
1777275000,3583003.0,3631762.0,3583003.0,3631762.0,0.01482533
1777275900,3631762.0,3631762.0,3631762.0,3631762.0,0.0
1777276800,3631762.0,3631762.0,3631762.0,3631762.0,0.0
1777277700,3633627.0,3633627.0,3633627.0,3633627.0,4.93420137
1777278600,3633627.0,3633627.0,3633627.0,3633627.0,0.0
1777279500,3583003.0,3583003.0,3583003.0,3583003.0,0.0254897
1777280400,3583003.0,3583003.0,3582999.0,3582999.0,0.14814321
1777281300,3582999.0,3582999.0,3582999.0,3582999.0,0.0
1777282200,3582999.0,3582999.0,3582999.0,3582999.0,0.0
1777283100,3582999.0,3582999.0,3582999.0,3582999.0,0.0
1777284000,3582999.0,3582999.0,3582999.0,3582999.0,0.0
1777284900,3639196.0,3639200.0,3600610.0,3600610.0,0.02601346
1777285800,3600610.0,3600610.0,3600610.0,3600610.0,0.0
1777286700,3600610.0,3600610.0,3600610.0,3600610.0,0.0
1777287600,3600610.0,3600610.0,3600610.0,3600610.0,0.0
1777288500,3600610.0,3600610.0,3600610.0,3600610.0,0.0
1777289400,3600610.0,3600610.0,3600610.0,3600610.0,0.0
1777290300,3618913.0,3618913.0,3618913.0,3618913.0,0.01289988
1777291200,3618913.0,3618913.0,3613291.0,3613291.0,0.01048005
1777292100,3661996.0,3661996.0,3661996.0,3661996.0,0.00660186
1777293000,3661996.0,3661996.0,3661996.0,3661996.0,0.0
1777293900,3661996.0,3661996.0,3661996.0,3661996.0,0.0
1777294800,3657845.0,3657845.0,3657845.0,3657845.0,0.0136132
1777295700,3657750.0,3657750.0,3605654.0,3605654.0,0.0700509
1777296600,3605654.0,3605654.0,3605654.0,3605654.0,0.0
1777297500,3605654.0,3605654.0,3605654.0,3605654.0,0.0
1777298400,3605654.0,3605654.0,3605654.0,3605654.0,0.00286349
1777299300,3605650.0,3605650.0,3605650.0,3605650.0,0.14814321
1777300200,3662000.0,3662969.0,3616581.0,3636158.0,0.05006266
1777301100,3637513.0,3637513.0,3637513.0,3637513.0,0.00387297
1777302000,3641335.0,3641335.0,3641335.0,3641335.0,0.00484767
1777302900,3642488.0,3642488.0,3642488.0,3642488.0,0.02811841
1777303800,3642488.0,3642488.0,3642488.0,3642488.0,0.0
1777304700,3642484.0,3642484.0,3607910.0,3642484.0,0.01125311
1777305600,3642484.0,3642484.0,3608049.0,3608049.0,0.03085253
1777306500,3608049.0,3608049.0,3608049.0,3608049.0,0.0
1777307400,3642488.0,3642512.0,3642488.0,3642512.0,2.29926843
1777308300,3662969.0,3662969.0,3662969.0,3662969.0,0.01490184
1777309200,3662969.0,3662969.0,3662969.0,3662969.0,0.00303606
1777310100,3662969.0,3667239.0,3662969.0,3667239.0,0.64858874
1777311000,3699992.0,3699992.0,3699992.0,3699992.0,0.01461868
1777311900,3700000.0,3700000.0,3700000.0,3700000.0,0.00498324
1777312800,3700000.0,3700000.0,3700000.0,3700000.0,0.00867216
1777313700,3700000.0,3763127.0,3700000.0,3763127.0,1.1370248
1777314600,3620072.0,3620072.0,3620000.0,3620000.0,0.19221886
1777315500,3620000.0,3620000.0,3620000.0,3620000.0,0.0
1777316400,3751202.0,3751202.0,3620004.0,3750898.0,0.00941801
1777317300,3750898.0,3750898.0,3750898.0,3750898.0,0.0
1777318200,3757566.0,3990000.0,3757566.0,3990000.0,0.04251144
1777319100,3990000.0,3990000.0,3990000.0,3990000.0,0.0
1777320000,3620134.0,3620148.0,3620134.0,3620148.0,0.02701116
1777320900,3620148.0,3620148.0,3620148.0,3620148.0,0.0
1777321800,3620148.0,3620148.0,3620148.0,3620148.0,0.0
1777322700,3620148.0,3620148.0,3620148.0,3620148.0,0.0
1777323600,3620148.0,3620148.0,3620148.0,3620148.0,0.0
1777324500,3620148.0,3620148.0,3620148.0,3620148.0,0.0
1777325400,3620148.0,3620148.0,3620148.0,3620148.0,0.0
1777326300,3620148.0,3620148.0,3620148.0,3620148.0,0.0
1777327200,3620148.0,3620148.0,3620148.0,3620148.0,0.0
1777328100,3620148.0,3620148.0,3620148.0,3620148.0,0.0
1777329000,3622972.0,3622972.0,3622972.0,3622972.0,0.00482789
1777329900,3622972.0,3622972.0,3622972.0,3622972.0,0.0
1777330800,3761190.0,3761192.0,3761190.0,3761192.0,0.02894642
1777331700,3624172.0,3761976.0,3624170.0,3761976.0,0.04553932
1777332600,3761976.0,3761976.0,3761976.0,3761976.0,0.0
1777333500,3761976.0,3761976.0,3761976.0,3761976.0,0.0
1777334400,3761544.0,3761544.0,3761544.0,3761544.0,0.01503903
1777335300,3761544.0,3761544.0,3761544.0,3761544.0,0.0
1777336200,3623272.0,3761698.0,3623271.0,3761698.0,0.12817719
1777337100,3761490.0,3761490.0,3761490.0,3761490.0,0.01314585
1777338000,3623076.0,3623076.0,3623039.0,3623039.0,0.01494792
1777338900,3623039.0,3623039.0,3623039.0,3623039.0,0.0
1777339800,3761122.0,3761122.0,3760992.0,3760992.0,0.01591406
1777340700,3760936.0,3760936.0,3760936.0,3760936.0,0.00941228
1777341600,3761442.0,3761442.0,3761442.0,3761442.0,0.0178
1777342500,3761442.0,3761442.0,3761442.0,3761442.0,0.0
1777343400,3624118.0,3624118.0,3624118.0,3624118.0,0.01436014
1777344300,3624118.0,3624118.0,3624118.0,3624118.0,0.0
1777345200,3624118.0,3624118.0,3624118.0,3624118.0,0.0
1777346100,3624118.0,3624118.0,3624118.0,3624118.0,0.0
1777347000,3624118.0,3624118.0,3624118.0,3624118.0,0.0
1777347900,3624531.0,3761528.0,3624531.0,3761528.0,1.59028349
1777348800,3761528.0,3761528.0,3761528.0,3761528.0,0.04528424
1777349700,3761528.0,3761528.0,3761528.0,3761528.0,0.00877515
1777350600,3761528.0,3761528.0,3625278.0,3625278.0,0.02871226
1777351500,3761528.0,3761528.0,3761528.0,3761528.0,0.02674072
1777352400,3761528.0,3761528.0,3761528.0,3761528.0,0.00529518
1777353300,3761497.0,3761516.0,3761497.0,3761516.0,0.14233382
1777354200,3761256.0,3761256.0,3625892.0,3625907.0,0.02528656
1777355100,3625896.0,3625896.0,3625896.0,3625896.0,0.02047884
1777356000,3751621.0,3751621.0,3751621.0,3751621.0,0.00530917
1777356900,3751621.0,3751621.0,3751621.0,3751621.0,0.0
1777357800,3751121.0,3751121.0,3751052.0,3751052.0,0.02523148
1777358700,3750660.0,3750660.0,3625884.0,3750613.0,0.02982432
1777359600,3750512.0,3750515.0,3750495.0,3750495.0,0.26238029
1777360500,3750274.0,3751895.0,3626169.0,3751895.0,0.03632143
1777361400,3626360.0,3751821.0,3626360.0,3751740.0,0.04206846
1777362300,3751675.0,3751675.0,3626746.0,3626866.0,0.03575784
1777363200,3747231.0,3747231.0,3747231.0,3747231.0,0.2658048
1777364100,3747231.0,3747231.0,3747231.0,3747231.0,0.10025983
1777365000,3747231.0,3747231.0,3747231.0,3747231.0,0.0
1777365900,3747231.0,3747231.0,3747231.0,3747231.0,0.00354655
1777366800,3751540.0,3751540.0,3751540.0,3751540.0,0.02582006
1777367700,3750151.0,3750151.0,3746545.0,3746545.0,0.14497041
1777368600,3746545.0,3746545.0,3746545.0,3746545.0,0.0
1777369500,3717891.0,3718014.0,3717891.0,3718014.0,0.01061931
1777370400,3627037.0,3627037.0,3627037.0,3627037.0,0.06930519
1777371300,3718994.0,3718994.0,3718979.0,3718979.0,0.00986288
1777372200,3726883.0,3726883.0,3726883.0,3726883.0,0.0336619
1777373100,3627345.0,3627345.0,3627345.0,3627345.0,0.00412128
1777374000,3715139.0,3715139.0,3627588.0,3627588.0,0.0055276
1777374900,3711181.0,3711181.0,3627635.0,3703266.0,0.03039867
1777375800,3703266.0,3703266.0,3703266.0,3703266.0,0.0
1777376700,3627631.0,3672736.0,3626916.0,3672736.0,0.07159411
1777377600,3672001.0,3674985.0,3671925.0,3674984.0,1.36740507
1777378500,3626916.0,3626916.0,3626916.0,3626916.0,0.01872172
1777379400,3626916.0,3658721.0,3625876.0,3658721.0,0.05208222
1777380300,3625876.0,3625876.0,3625875.0,3625875.0,0.13510322
1777381200,3681184.0,3681184.0,3625875.0,3625875.0,0.01950731
1777382100,3670815.0,3670815.0,3625793.0,3625793.0,0.04448295
1777383000,3623397.0,3675841.0,3623397.0,3640460.0,0.04330065
1777383900,3701183.0,3703898.0,3637356.0,3637356.0,0.02881762
1777384800,3637356.0,3637356.0,3637356.0,3637356.0,0.0
1777385700,3656189.0,3713110.0,3656189.0,3707477.0,0.22361459
1777386600,3686373.0,3686373.0,3686373.0,3686373.0,0.00859815
1777387500,3624567.0,3624567.0,3624567.0,3624567.0,0.00514149
1777388400,3624567.0,3624567.0,3624567.0,3624567.0,0.0
1777389300,3650000.0,3661185.0,3624567.0,3648001.0,0.72252254
1777390200,3624567.0,3624567.0,3624567.0,3624567.0,0.00832844
1777391100,3624567.0,3624567.0,3624567.0,3624567.0,0.00863173
1777392000,3752000.0,4000000.0,3664613.0,3664613.0,2.20800565
1777392900,3673908.0,4000000.0,3670198.0,3670198.0,0.57937322
1777393800,4000000.0,6499500.0,3624588.0,3625000.0,8.19240426
1777394700,3625000.0,3674186.0,3624567.0,3674186.0,2.11285894
1777395600,3624567.0,3624567.0,3624567.0,3624567.0,1.40603044
1777396500,3624900.0,3624900.0,3623397.0,3623397.0,1.04346323
1777397400,3623397.0,3623397.0,3623397.0,3623397.0,0.0
1777398300,3633561.0,3633561.0,3633561.0,3633561.0,0.10872808
1777399200,3695906.0,3695906.0,3695906.0,3695906.0,0.01347301
1777400100,3655475.0,3655475.0,3655475.0,3655475.0,0.16894567
1777401000,3653797.0,3695000.0,3653797.0,3695000.0,0.03057028
1777401900,3695000.0,3695000.0,3695000.0,3695000.0,0.0
1777402800,3690000.0,3690000.0,3690000.0,3690000.0,0.00363902
1777403700,3690000.0,3690000.0,3690000.0,3690000.0,0.0
1777404600,3690000.0,3690000.0,3690000.0,3690000.0,0.0
1777405500,3690000.0,3690000.0,3690000.0,3690000.0,0.0
1777406400,3666819.0,3666819.0,3666819.0,3666819.0,0.0462308
1777407300,3666819.0,3666819.0,3666819.0,3666819.0,0.0
1777408200,3666819.0,3666819.0,3666819.0,3666819.0,0.0
1777409100,3690000.0,3690000.0,3690000.0,3690000.0,0.05253414
1777410000,3690000.0,3690000.0,3690000.0,3690000.0,0.00296883
1777410900,3690000.0,3690000.0,3690000.0,3690000.0,0.0
1777411800,3650432.0,3690000.0,3650432.0,3690000.0,0.0979542
1777412700,3690000.0,3690000.0,3690000.0,3690000.0,0.0
1777413600,3690000.0,3690000.0,3690000.0,3690000.0,0.0
1777414500,3690000.0,3690000.0,3690000.0,3690000.0,0.0
1777415400,3646990.0,3685000.0,3646990.0,3685000.0,0.02357032
1777416300,3684996.0,3685000.0,3684996.0,3685000.0,0.01270257
1777417200,3685000.0,3685000.0,3685000.0,3685000.0,0.1
1777418100,3682000.0,3682000.0,3646426.0,3646426.0,0.15822527
1777419000,3682000.0,3682000.0,3682000.0,3682000.0,0.00497419
1777419900,3682000.0,3682000.0,3682000.0,3682000.0,0.0
1777420800,3682000.0,3720822.0,3663126.0,3663126.0,0.58645342
1777421700,3726706.0,3726706.0,3726706.0,3726706.0,0.00316204
1777422600,3670076.0,3670076.0,3670076.0,3670076.0,0.00316204
1777423500,3670076.0,3670076.0,3670076.0,3670076.0,0.0
1777424400,3670076.0,3670076.0,3670076.0,3670076.0,0.0
1777425300,3670076.0,3670076.0,3670076.0,3670076.0,0.0
1777426200,3670000.0,3670000.0,3664154.0,3664154.0,0.77925719
1777427100,3735751.0,3735751.0,3735751.0,3735751.0,0.00266586
1777428000,3735474.0,3735751.0,3735474.0,3735751.0,0.12524659
1777428900,3735751.0,3739995.0,3735751.0,3739995.0,0.5097218
1777429800,3676644.0,3676644.0,3676644.0,3676644.0,0.0245981
1777430700,3676644.0,3676644.0,3676644.0,3676644.0,0.0
1777431600,3746535.0,3746535.0,3680820.0,3688630.0,0.0122289
1777432500,3751844.0,3754097.0,3751844.0,3753252.0,3.42893204
1777433400,3756818.0,3756818.0,3756818.0,3756818.0,0.01650572
1777434300,3691886.0,3691886.0,3663900.0,3663900.0,0.01320051
1777435200,3663900.0,3663900.0,3663900.0,3663900.0,0.0
1777436100,3692742.0,3692742.0,3692742.0,3692742.0,1.57293831
1777437000,3693119.0,3737372.0,3693119.0,3737372.0,0.00723534
1777437900,3737372.0,3737372.0,3737372.0,3737372.0,0.0
1777438800,3737372.0,3737372.0,3737372.0,3737372.0,0.0
1777439700,3737373.0,3737373.0,3690000.0,3690000.0,0.00798204
1777440600,3737373.0,3737373.0,3737373.0,3737373.0,0.02877877
1777441500,3737373.0,3737373.0,3737373.0,3737373.0,0.03434952
1777442400,3696350.0,3696350.0,3696350.0,3696350.0,0.00835916
1777443300,3696350.0,3696350.0,3696350.0,3696350.0,0.00906885
1777444200,3737373.0,3737373.0,3737373.0,3737373.0,0.00532941
1777445100,3696350.0,3696350.0,3696350.0,3696350.0,0.00330996
1777446000,3696350.0,3696350.0,3696350.0,3696350.0,0.0
1777446900,3696350.0,3696350.0,3696350.0,3696350.0,0.0
1777447800,3696350.0,3696350.0,3696350.0,3696350.0,0.0
1777448700,3696350.0,3696350.0,3696350.0,3696350.0,0.0
1777449600,3696350.0,3696350.0,3696350.0,3696350.0,0.0
1777450500,3737373.0,3737373.0,3737373.0,3737373.0,0.00766982
1777451400,3731853.0,3731853.0,3696350.0,3696350.0,0.03223979
1777452300,3696350.0,3696350.0,3696350.0,3696350.0,0.0
1777453200,3737373.0,3737373.0,3737373.0,3737373.0,0.0048732
1777454100,3696350.0,3696350.0,3696350.0,3696350.0,0.01774075
1777455000,3737373.0,3737373.0,3737373.0,3737373.0,0.01867942
1777455900,3696354.0,3696354.0,3696354.0,3696354.0,0.00532941
1777456800,3737369.0,3737369.0,3737369.0,3737369.0,0.00274524
1777457700,3737369.0,3737369.0,3737369.0,3737369.0,0.0
1777458600,3699186.0,3699186.0,3696354.0,3696354.0,0.84477916
1777459500,3737369.0,3737369.0,3737369.0,3737369.0,0.02375493
1777460400,3737369.0,3737369.0,3737369.0,3737369.0,0.03080026
1777461300,3737369.0,3737369.0,3737369.0,3737369.0,0.01332354
1777462200,3737369.0,3737373.0,3737369.0,3737373.0,0.03516989
1777463100,3700471.0,3737369.0,3700471.0,3737369.0,0.02064819
1777464000,3737369.0,3737373.0,3737016.0,3737373.0,0.14656539
1777464900,3737373.0,3737373.0,3700650.0,3700650.0,0.02898266
1777465800,3700650.0,3700650.0,3700650.0,3700650.0,0.0
1777466700,3737369.0,3737373.0,3737369.0,3737373.0,0.10460341
1777467600,3737373.0,3737373.0,3737373.0,3737373.0,0.0026647
1777468500,3737373.0,3737373.0,3737373.0,3737373.0,0.00637586
1777469400,3700650.0,3722382.0,3700650.0,3722382.0,0.00905129
1777470300,3700650.0,3700650.0,3700450.0,3700450.0,0.48531787
1777471200,3701000.0,3702563.0,3690000.0,3702563.0,0.73083107
1777472100,3706849.0,3706849.0,3682000.0,3682000.0,0.02028994
1777473000,3737373.0,3737373.0,3737373.0,3737373.0,0.01335001
1777473900,3721017.0,3721017.0,3682000.0,3712308.0,0.05017805
1777474800,3714302.0,3714302.0,3663902.0,3663902.0,0.07075792
1777475700,3663902.0,3663902.0,3663902.0,3663902.0,0.0
1777476600,3709622.0,3709622.0,3663902.0,3663902.0,0.00745876
1777477500,3737373.0,3737373.0,3663902.0,3699127.0,0.0236291
1777478400,3699127.0,3699127.0,3699127.0,3699127.0,0.0
1777479300,3688915.0,3688915.0,3688915.0,3688915.0,0.00728588
1777480200,3685303.0,3685303.0,3663999.0,3663999.0,0.74807041
1777481100,3683379.0,3683379.0,3663999.0,3663999.0,0.01540879
1777482000,3663999.0,3684731.0,3663999.0,3684731.0,0.01265918
1777482900,3684731.0,3684731.0,3684731.0,3684731.0,0.0
1777483800,3684731.0,3684731.0,3684731.0,3684731.0,0.0
1777484700,3663999.0,3663999.0,3663999.0,3663999.0,0.00748422
1777485600,3663999.0,3663999.0,3654618.0,3654618.0,0.32608837
1777486500,3665431.0,3665431.0,3665431.0,3665431.0,0.002717
1777487400,3665431.0,3665431.0,3665431.0,3665431.0,0.0
1777488300,3665401.0,3672963.0,3665401.0,3672963.0,0.03110997
1777489200,3672963.0,3672963.0,3672963.0,3672963.0,0.0
1777490100,3672963.0,3672963.0,3672963.0,3672963.0,0.0
1777491000,3672963.0,3672963.0,3672963.0,3672963.0,0.0
1777491900,3672963.0,3672963.0,3672963.0,3672963.0,0.0
1777492800,3672963.0,3672963.0,3672963.0,3672963.0,0.0
1777493700,3654618.0,3654618.0,3646500.0,3646500.0,1.13838152
1777494600,3646500.0,3646500.0,3646500.0,3646500.0,0.0
1777495500,3646500.0,3646500.0,3646500.0,3646500.0,0.0
1777496400,3646500.0,3646500.0,3646500.0,3646500.0,0.0
1777497300,3646500.0,3646500.0,3646500.0,3646500.0,0.0
1777498200,3646500.0,3646500.0,3646500.0,3646500.0,0.0
1777499100,3646500.0,3646500.0,3646500.0,3646500.0,0.0
1777500000,3646500.0,3646500.0,3646500.0,3646500.0,0.0
1777500900,3646500.0,3646500.0,3646500.0,3646500.0,0.0
1777501800,3646499.0,3646499.0,3646499.0,3646499.0,0.07327074
1777502700,3646499.0,3646499.0,3646499.0,3646499.0,0.0
1777503600,3646499.0,3646499.0,3646499.0,3646499.0,0.0
1777504500,3646499.0,3646499.0,3646499.0,3646499.0,0.0
1777505400,3646499.0,3646499.0,3646499.0,3646499.0,0.0
1777506300,3712178.0,3737020.0,3712178.0,3737020.0,0.00588052
1777507200,3737020.0,3737020.0,3737020.0,3737020.0,0.0
1777508100,3663665.0,3716359.0,3663665.0,3663665.0,0.03211681
1777509000,3671823.0,3707115.0,3671823.0,3707115.0,0.05236181
1777509900,3663669.0,3663669.0,3663669.0,3663669.0,0.00421095
1777510800,3724835.0,3724835.0,3724835.0,3724835.0,0.01339495
1777511700,3724835.0,3724835.0,3724835.0,3724835.0,0.0
1777512600,3723675.0,3724120.0,3723675.0,3724120.0,0.01292731
1777513500,3724120.0,3724120.0,3724120.0,3724120.0,0.0
1777514400,3724120.0,3724120.0,3724120.0,3724120.0,0.0
1777515300,3724120.0,3724120.0,3724120.0,3724120.0,0.0
1777516200,3737020.0,3737020.0,3701333.0,3701333.0,0.03089288
1777517100,3663669.0,3663669.0,3663669.0,3663669.0,0.07872375
1777518000,3709808.0,3709808.0,3709808.0,3709808.0,0.01105906
1777518900,3702697.0,3702697.0,3700284.0,3700284.0,0.02952328
1777519800,3700284.0,3700284.0,3700284.0,3700284.0,0.0
1777520700,3701726.0,3701726.0,3663669.0,3663669.0,0.00804542
1777521600,3663669.0,3663669.0,3663669.0,3663669.0,0.0
1777522500,3673976.0,3673976.0,3673976.0,3673976.0,0.01429922
1777523400,3673976.0,3673976.0,3673976.0,3673976.0,0.0
1777524300,3663669.0,3669913.0,3663665.0,3669913.0,1.65119874
1777525200,3667060.0,3667060.0,3667060.0,3667060.0,1.63274121
1777526100,3667060.0,3667060.0,3667060.0,3667060.0,0.0
1777527000,3667060.0,3667060.0,3667060.0,3667060.0,0.0
1777527900,3639900.0,3639900.0,3639900.0,3639900.0,0.02519763
1777528800,3639900.0,3639900.0,3639900.0,3639900.0,0.0
1777529700,3658532.0,3658532.0,3658532.0,3658532.0,0.00831699
1777530600,3658532.0,3658532.0,3658532.0,3658532.0,0.0
1777531500,3658532.0,3658532.0,3658532.0,3658532.0,0.0
1777532400,3639900.0,3684204.0,3580000.0,3684204.0,1.89839513
1777533300,3685482.0,3685482.0,3685482.0,3685482.0,0.13541539
1777534200,3688511.0,3737000.0,3575010.0,3635552.0,0.06402762
1777535100,3694910.0,3694910.0,3691183.0,3691183.0,0.00755835
1777536000,3691183.0,3691183.0,3691183.0,3691183.0,0.0
1777536900,3691183.0,3691183.0,3691183.0,3691183.0,0.0
1777537800,3634874.0,3642731.0,3634874.0,3642731.0,0.01524208
1777538700,3642731.0,3642731.0,3642731.0,3642731.0,0.0
1777539600,3642731.0,3642731.0,3642731.0,3642731.0,0.0
1777540500,3642731.0,3642731.0,3642731.0,3642731.0,0.0
1777541400,3641712.0,3641712.0,3641712.0,3641712.0,0.00831699
1777542300,3641712.0,3641712.0,3641712.0,3641712.0,0.0
1777543200,3695664.0,3695664.0,3695664.0,3695664.0,0.01347389
1777544100,3641716.0,3700656.0,3641716.0,3700656.0,0.00995438
1777545000,3700656.0,3700656.0,3700656.0,3700656.0,0.0
1777545900,3700656.0,3700656.0,3700656.0,3700656.0,0.0
1777546800,3700656.0,3700656.0,3700656.0,3700656.0,0.0
1777547700,3711838.0,3711838.0,3711838.0,3711838.0,0.00670745
1777548600,3711838.0,3711838.0,3711838.0,3711838.0,0.0
1777549500,3648372.0,3648372.0,3648372.0,3648372.0,0.00766982
1777550400,3646009.0,3646009.0,3646009.0,3646009.0,0.04756074
1777551300,3646009.0,3646009.0,3646009.0,3646009.0,0.0
1777552200,3649059.0,3708879.0,3649059.0,3708879.0,0.03474351
1777553100,3708879.0,3708879.0,3708879.0,3708879.0,0.0
1777554000,3708879.0,3708879.0,3708879.0,3708879.0,0.0
1777554900,3706855.0,3707305.0,3702813.0,3702813.0,0.09082174
1777555800,3646005.0,3646005.0,3641706.0,3641706.0,1.64894822
1777556700,3575000.0,3736900.0,3563759.0,3563759.0,0.42641564
1777557600,3556005.0,3572868.0,3500000.0,3542333.0,2.31706591
1777558500,3500004.0,3535003.0,3500004.0,3535003.0,0.06132801
1777559400,3500004.0,3516990.0,3480197.0,3480197.0,0.23152789
1777560300,3535881.0,3535881.0,3535881.0,3535881.0,0.02857222
1777561200,3535881.0,3535881.0,3535881.0,3535881.0,0.0
1777562100,3546350.0,3700000.0,3487397.0,3487397.0,0.09407623
1777563000,3535556.0,3535556.0,3516519.0,3516519.0,0.03529868
1777563900,3519072.0,3533824.0,3519072.0,3533824.0,0.0207422
1777564800,3527705.0,3527705.0,3488888.0,3515036.0,0.04821025
1777565700,3700000.0,3700000.0,3514643.0,3514643.0,0.02864819
1777566600,3511936.0,3699996.0,3488893.0,3699996.0,0.05099654
1777567500,3499458.0,3509438.0,3499428.0,3509438.0,0.09923256
1777568400,3509438.0,3509438.0,3509438.0,3509438.0,0.0
1777569300,3669668.0,3669668.0,3488890.0,3488890.0,0.06366633
1777570200,3523653.0,3527563.0,3523653.0,3527563.0,0.03344131
1777571100,3488890.0,3519795.0,3488890.0,3519795.0,0.05967642
1777572000,3531351.0,3531351.0,3531351.0,3531351.0,0.03249832
1777572900,3531351.0,3531351.0,3531351.0,3531351.0,0.0
1777573800,3531351.0,3531351.0,3531351.0,3531351.0,0.0
1777574700,3488894.0,3488894.0,3488894.0,3488894.0,0.03942786
1777575600,3488894.0,3488894.0,3488894.0,3488894.0,0.0
1777576500,3532483.0,3532483.0,3523696.0,3523696.0,0.41818449
1777577400,3669668.0,3669668.0,3669668.0,3669668.0,0.00808492
1777578300,3512295.0,3512295.0,3512295.0,3512295.0,0.00571335
1777579200,3488894.0,3488894.0,3488894.0,3488894.0,0.05399066
1777580100,3669668.0,3669668.0,3516091.0,3516091.0,0.01645597
1777581000,3506861.0,3506861.0,3506861.0,3506861.0,0.00883895
1777581900,3506861.0,3506861.0,3506861.0,3506861.0,0.0
1777582800,3506861.0,3506861.0,3506861.0,3506861.0,0.0
1777583700,3506861.0,3506861.0,3506861.0,3506861.0,0.0
1777584600,3506861.0,3506861.0,3506861.0,3506861.0,0.0
1777585500,3506861.0,3506861.0,3506861.0,3506861.0,0.0
1777586400,3522326.0,3522326.0,3522326.0,3522326.0,0.00282739
1777587300,3517940.0,3521466.0,3517929.0,3521466.0,0.06516744
1777588200,3521466.0,3521466.0,3521466.0,3521466.0,0.0
1777589100,3521466.0,3521466.0,3521466.0,3521466.0,0.0
1777590000,3488894.0,3488894.0,3488894.0,3488894.0,0.01440272
1777590900,3488894.0,3488894.0,3488894.0,3488894.0,0.0
1777591800,3518351.0,3518351.0,3488994.0,3488994.0,0.02361268
1777592700,3518351.0,3519485.0,3518351.0,3519485.0,0.01907332
1777593600,3519485.0,3519485.0,3519485.0,3519485.0,0.0
1777594500,3489994.0,3489994.0,3489994.0,3489994.0,0.05001148
1777595400,3669659.0,3669668.0,3669659.0,3669668.0,0.0561997
1777596300,3669668.0,3669668.0,3669668.0,3669668.0,0.0
1777597200,3489998.0,3489998.0,3489997.0,3489997.0,0.02656792
1777598100,3532883.0,3532883.0,3532883.0,3532883.0,0.01099384
1777599000,3532883.0,3532883.0,3532883.0,3532883.0,0.0
1777599900,3521076.0,3521076.0,3521076.0,3521076.0,0.00389085
1777600800,3521076.0,3521076.0,3521076.0,3521076.0,0.0
1777601700,3520048.0,3537566.0,3520048.0,3537566.0,0.2281716
1777602600,3500995.0,3500995.0,3500995.0,3500995.0,0.02855473
1777603500,3500995.0,3500995.0,3500995.0,3500995.0,0.0
1777604400,3500000.0,3500000.0,3500000.0,3500000.0,0.00433326
1777605300,3521731.0,3521731.0,3521731.0,3521731.0,0.02833521
1777606200,3522563.0,3522563.0,3522563.0,3522563.0,0.2827217
1777607100,3529002.0,3529002.0,3529002.0,3529002.0,0.00294219
1777608000,3500000.0,3500000.0,3500000.0,3500000.0,0.01998584
1777608900,3500000.0,3526806.0,3500000.0,3526799.0,0.05053082
1777609800,3526799.0,3526799.0,3526799.0,3526799.0,0.0
1777610700,3524237.0,3524237.0,3500000.0,3500000.0,0.0172396
1777611600,3527339.0,3527339.0,3527281.0,3527281.0,0.00988176
1777612500,3527674.0,3527674.0,3527674.0,3527674.0,0.14049739
1777613400,3522185.0,3522185.0,3522185.0,3522185.0,0.84825669
1777614300,3522185.0,3522185.0,3522185.0,3522185.0,0.0
1777615200,3530010.0,3530010.0,3525216.0,3525216.0,0.5141726
1777616100,3529511.0,3529562.0,3529511.0,3529562.0,0.37124942
1777617000,3649997.0,3649997.0,3649997.0,3649997.0,0.01364247
1777617900,3500002.0,3522055.0,3500002.0,3522055.0,0.88176363
1777618800,3522055.0,3522055.0,3522055.0,3522055.0,0.0
1777619700,3522055.0,3522055.0,3522055.0,3522055.0,0.0
1777620600,3523626.0,3523626.0,3500002.0,3500002.0,0.14928759
1777621500,3500002.0,3500002.0,3500002.0,3500002.0,0.0
1777622400,3500002.0,3523613.0,3500002.0,3523613.0,0.15330518
1777623300,3522248.0,3527805.0,3500002.0,3500002.0,0.29084551
1777624200,3500002.0,3500002.0,3500000.0,3500000.0,2.41715309
1777625100,3500300.0,3500300.0,3498588.0,3498588.0,0.58695946
1777626000,3490003.0,3490003.0,3490000.0,3490000.0,1.93605837
1777626900,3490003.0,3515333.0,3490003.0,3515333.0,0.00996234
1777627800,3515893.0,3649993.0,3490003.0,3649993.0,0.05432017
1777628700,3649993.0,3649993.0,3649993.0,3649993.0,0.0
1777629600,3524730.0,3524730.0,3521840.0,3521840.0,0.03504114
1777630500,3490200.0,3490200.0,3490200.0,3490200.0,0.29859473
1777631400,3490200.0,3490200.0,3490200.0,3490200.0,0.0
1777632300,3490200.0,3490200.0,3490200.0,3490200.0,0.0
1777633200,3490203.0,3490203.0,3490200.0,3490200.0,0.0952787
1777634100,3636358.0,3736650.0,3490202.0,3490202.0,3.05454433
1777635000,3490202.0,3490202.0,3490202.0,3490202.0,0.0
1777635900,3525918.0,3532240.0,3525918.0,3532240.0,0.0141219
1777636800,3532240.0,3532240.0,3532240.0,3532240.0,0.0081679
1777637700,3490202.0,3532240.0,3490202.0,3532240.0,0.03608339
1777638600,3532240.0,3534232.0,3532240.0,3533154.0,5.63812819
1777639500,3490505.0,3528284.0,3490505.0,3527698.0,0.0473661
1777640400,3527698.0,3527698.0,3527698.0,3527698.0,0.0
1777641300,3526406.0,3526406.0,3526400.0,3526400.0,0.03929889
1777642200,3541481.0,3541481.0,3490605.0,3490605.0,0.03909439
1777643100,3490605.0,3490605.0,3490605.0,3490605.0,0.0
1777644000,3490605.0,3490605.0,3490605.0,3490605.0,0.0
1777644900,3490805.0,3490805.0,3489994.0,3489994.0,4.20112079
1777645800,3488896.0,3488896.0,3400000.0,3400000.0,3.38880684
1777646700,3400000.0,3400000.0,3400000.0,3400000.0,0.0
1777647600,3478100.0,3478100.0,3478100.0,3478100.0,0.0028918
1777648500,3440068.0,3660005.0,3437405.0,3489768.0,0.85443707
1777649400,3489768.0,3489768.0,3489768.0,3489768.0,0.0
1777650300,3494426.0,3494426.0,3435608.0,3493605.0,0.08137703
1777651200,3493605.0,3493605.0,3493605.0,3493605.0,0.0
1777652100,3493605.0,3493605.0,3493605.0,3493605.0,0.0
1777653000,3493605.0,3493605.0,3493605.0,3493605.0,0.0
1777653900,3489435.0,3489435.0,3430701.0,3430701.0,0.04899739
1777654800,3495087.0,3495087.0,3495087.0,3495087.0,0.20626067
1777655700,3500304.0,3500304.0,3429251.0,3446181.0,1.05908397
1777656600,3446181.0,3446181.0,3446181.0,3446181.0,0.0
1777657500,3510577.0,3510577.0,3505592.0,3505592.0,0.2030615
1777658400,3505592.0,3505592.0,3505592.0,3505592.0,0.0
1777659300,3494453.0,3494453.0,3494453.0,3494453.0,0.05921412
1777660200,3494453.0,3494453.0,3494453.0,3494453.0,0.0
1777661100,3480005.0,3480005.0,3477723.0,3477723.0,0.01693848
1777662000,3483314.0,3483314.0,3483314.0,3483314.0,0.01434467
1777662900,3435217.0,3495944.0,3434864.0,3495944.0,0.54901399
1777663800,3502051.0,3502051.0,3445074.0,3445074.0,1.1448903
1777664700,3496714.0,3653899.0,3496714.0,3653899.0,0.10324527
1777665600,3653899.0,3653899.0,3653899.0,3653899.0,0.0
1777666500,3490184.0,3490184.0,3490184.0,3490184.0,0.28591415
1777667400,3435003.0,3435003.0,3435003.0,3435003.0,0.02806733
1777668300,3487279.0,3487279.0,3487279.0,3487279.0,0.01430742
1777669200,3474497.0,3474497.0,3474497.0,3474497.0,0.01418824
1777670100,3474497.0,3474497.0,3474497.0,3474497.0,0.0
1777671000,3429251.0,3429251.0,3429251.0,3429251.0,1.00331507
1777671900,3429251.0,3477304.0,3429251.0,3477304.0,0.22378899
1777672800,3477304.0,3477304.0,3477304.0,3477304.0,0.0
1777673700,3477256.0,3477256.0,3477256.0,3477256.0,0.00418521
1777674600,3477256.0,3477256.0,3476777.0,3476777.0,0.35289866
1777675500,3429251.0,3429251.0,3429251.0,3429251.0,0.10636842
1777676400,3429251.0,3429251.0,3429251.0,3429251.0,0.00441045
1777677300,3429251.0,3429251.0,3429251.0,3429251.0,0.0
1777678200,3477304.0,3484848.0,3477304.0,3484848.0,0.57481814
1777679100,3477479.0,3477479.0,3477479.0,3477479.0,0.42180125
1777680000,3483620.0,3483620.0,3429251.0,3429251.0,0.57457556
1777680900,3429251.0,3429251.0,3429251.0,3429251.0,0.01666399
1777681800,3429251.0,3429251.0,3429251.0,3429251.0,0.0074149
1777682700,3473970.0,3498749.0,3429251.0,3429251.0,0.70414241
1777683600,3429251.0,3429251.0,3429251.0,3429251.0,0.0
1777684500,3429253.0,3429253.0,3429253.0,3429253.0,0.01427816
1777685400,3475549.0,3475549.0,3475549.0,3475549.0,0.05511963
1777686300,3498749.0,3649980.0,3498749.0,3649980.0,0.02752413
1777687200,3434643.0,3434643.0,3434643.0,3434643.0,0.0067865
1777688100,3488357.0,3488357.0,3488357.0,3488357.0,0.13989193
1777689000,3488357.0,3488357.0,3488357.0,3488357.0,0.0
1777689900,3488357.0,3488357.0,3488357.0,3488357.0,0.0
1777690800,3474146.0,3487304.0,3474146.0,3487304.0,0.03141486
1777691700,3487304.0,3487304.0,3487304.0,3487304.0,0.0
1777692600,3487304.0,3487304.0,3487304.0,3487304.0,0.0
1777693500,3487304.0,3487304.0,3487304.0,3487304.0,0.0
1777694400,3487304.0,3487304.0,3487304.0,3487304.0,0.0
1777695300,3487304.0,3487304.0,3487304.0,3487304.0,0.0
1777696200,3482392.0,3482392.0,3482392.0,3482392.0,0.23027533
1777697100,3482392.0,3482392.0,3482392.0,3482392.0,0.0
1777698000,3482392.0,3482392.0,3482392.0,3482392.0,0.0
1777698900,3482392.0,3482392.0,3482392.0,3482392.0,0.0
1777699800,3479234.0,3479234.0,3479234.0,3479234.0,0.00286241
1777700700,3649020.0,3649020.0,3479234.0,3480286.0,0.04426901
1777701600,3450000.0,3450000.0,3450000.0,3450000.0,0.0043386
1777702500,3477830.0,3477830.0,3477830.0,3477830.0,0.01395237
1777703400,3450000.0,3450000.0,3434649.0,3434649.0,0.06859485
1777704300,3434649.0,3434649.0,3434649.0,3434649.0,0.0
1777705200,3474146.0,3474146.0,3474146.0,3474146.0,0.00887325
1777706100,3474146.0,3474146.0,3474146.0,3474146.0,0.0
1777707000,3474497.0,3474497.0,3474497.0,3474497.0,0.14259761
1777707900,3474497.0,3474497.0,3474497.0,3474497.0,0.09731797
1777708800,3434650.0,3434650.0,3434650.0,3434650.0,0.00579435
1777709700,3486251.0,3488882.0,3486251.0,3488882.0,1.43302917
1777710600,3488882.0,3488882.0,3488882.0,3488882.0,0.04329495
1777711500,3488882.0,3488882.0,3488882.0,3488882.0,0.0
1777712400,3488882.0,3488882.0,3488882.0,3488882.0,0.0
1777713300,3480462.0,3480462.0,3434650.0,3434650.0,0.01806498
1777714200,3480462.0,3480462.0,3434650.0,3434650.0,0.01382119
1777715100,3434650.0,3434650.0,3434647.0,3434647.0,0.07945505
1777716000,3484672.0,3484672.0,3484672.0,3484672.0,0.1417548
1777716900,3484848.0,3484848.0,3484848.0,3484848.0,0.08972012
1777717800,3488882.0,3488882.0,3488882.0,3488882.0,0.00723154
1777718700,3484672.0,3484672.0,3484672.0,3484672.0,0.01055278
1777719600,3484672.0,3484672.0,3484672.0,3484672.0,0.2857959
1777720500,3484672.0,3484672.0,3484672.0,3484672.0,0.00583498
1777721400,3434647.0,3477479.0,3434647.0,3477479.0,0.05504698
1777722300,3434647.0,3434647.0,3434647.0,3434647.0,0.03249832
1777723200,3434647.0,3434647.0,3434647.0,3434647.0,0.0
1777724100,3488881.0,3488881.0,3480813.0,3480813.0,0.01873267
1777725000,3440000.0,3440000.0,3440000.0,3440000.0,0.26273401
1777725900,3440000.0,3440000.0,3440000.0,3440000.0,0.0
1777726800,3480813.0,3480813.0,3480813.0,3480813.0,0.01936386
1777727700,3480813.0,3480813.0,3480813.0,3480813.0,0.0
1777728600,3440000.0,3482041.0,3434653.0,3482041.0,0.26160386
1777729500,3434653.0,3481514.0,3434647.0,3477830.0,0.18746491
1777730400,3477830.0,3477830.0,3477830.0,3477830.0,0.0
1777731300,3477830.0,3477830.0,3477830.0,3477830.0,0.0
1777732200,3477830.0,3480637.0,3477830.0,3480637.0,0.2958291
1777733100,3477830.0,3477830.0,3477830.0,3477830.0,3.27222499
1777734000,3434648.0,3485901.0,3434647.0,3485901.0,0.45426534
1777734900,3485898.0,3485898.0,3474848.0,3474848.0,2.6301886
1777735800,3434647.0,3474848.0,3429251.0,3429251.0,0.09303548
1777736700,3474848.0,3474848.0,3474848.0,3474848.0,0.06102079
1777737600,3479585.0,3479585.0,3429252.0,3429252.0,0.00816015
1777738500,3479585.0,3479585.0,3479585.0,3479585.0,0.02862122
1777739400,3477655.0,3482567.0,3477655.0,3482567.0,0.55577399
1777740300,3482567.0,3482567.0,3482567.0,3482567.0,0.0
1777741200,3483269.0,3483269.0,3483269.0,3483269.0,0.01607111
1777742100,3483269.0,3483269.0,3483269.0,3483269.0,0.03225619
1777743000,3430000.0,3430000.0,3430000.0,3430000.0,0.03521659
1777743900,3483269.0,3483269.0,3483269.0,3483269.0,0.00366954
1777744800,3483269.0,3483269.0,3483269.0,3483269.0,0.0
1777745700,3435506.0,3435506.0,3435506.0,3435506.0,0.03178504
1777746600,3435506.0,3435506.0,3435506.0,3435506.0,0.0
1777747500,3430000.0,3430000.0,3430000.0,3430000.0,0.15760539
1777748400,3430000.0,3430000.0,3430000.0,3430000.0,0.0
1777749300,3480813.0,3480813.0,3480813.0,3480813.0,0.01452132
1777750200,3480813.0,3480813.0,3480813.0,3480813.0,0.0
1777751100,3480813.0,3480813.0,3480813.0,3480813.0,0.0
1777752000,3430000.0,3430000.0,3430000.0,3430000.0,0.26519312
1777752900,3430000.0,3430000.0,3430000.0,3430000.0,0.0
1777753800,3430000.0,3430000.0,3430000.0,3430000.0,0.0
1777754700,3483268.0,3483269.0,3483268.0,3483269.0,0.01075139
1777755600,3483269.0,3483269.0,3483269.0,3483269.0,0.0
1777756500,3483269.0,3483269.0,3483269.0,3483269.0,0.0
1777757400,3483269.0,3483269.0,3483269.0,3483269.0,0.00648385
1777758300,3483269.0,3483269.0,3483269.0,3483269.0,0.0
1777759200,3483269.0,3483269.0,3483269.0,3483269.0,0.14324073
1777760100,3430000.0,3430000.0,3430000.0,3430000.0,0.00648385
1777761000,3444130.0,3444130.0,3430000.0,3430000.0,0.16393305
1777761900,3483269.0,3483269.0,3430000.0,3430000.0,0.01430387
1777762800,3430000.0,3430000.0,3430000.0,3430000.0,0.0
1777763700,3430000.0,3430000.0,3430000.0,3430000.0,0.33816872
1777764600,3430000.0,3430000.0,3430000.0,3430000.0,0.0
1777765500,3430000.0,3430000.0,3430000.0,3430000.0,0.0
1777766400,3430000.0,3430000.0,3430000.0,3430000.0,0.0
1777767300,3430000.0,3430000.0,3430000.0,3430000.0,0.0
1777768200,3430002.0,3443440.0,3430002.0,3443440.0,0.0338577
1777769100,3443440.0,3443440.0,3443440.0,3443440.0,0.2916351
1777770000,3443440.0,3443440.0,3443440.0,3443440.0,0.0
1777770900,3483269.0,3483269.0,3483269.0,3483269.0,0.00343068
1777771800,3430002.0,3430002.0,3430002.0,3430002.0,0.02653349
1777772700,3482743.0,3482743.0,3482743.0,3482743.0,0.00285952
1777773600,3482743.0,3482743.0,3482743.0,3482743.0,0.0
1777774500,3479234.0,3479234.0,3479234.0,3479234.0,0.00501575
1777775400,3477830.0,3477830.0,3430002.0,3430002.0,0.03555614
1777776300,3430002.0,3430002.0,3430002.0,3430002.0,0.0
1777777200,3430002.0,3430002.0,3430002.0,3430002.0,0.0
1777778100,3441199.0,3441199.0,3430002.0,3430002.0,0.63797463
1777779000,3479233.0,3479233.0,3479233.0,3479233.0,0.01270538
1777779900,3479233.0,3479234.0,3443268.0,3443268.0,0.02940922
1777780800,3479234.0,3479234.0,3479234.0,3479234.0,0.00286241
1777781700,3479234.0,3479234.0,3479234.0,3479234.0,0.00562997
1777782600,3479234.0,3479234.0,3479234.0,3479234.0,0.0
1777783500,3435164.0,3435164.0,3435164.0,3435164.0,0.03073372
1777784400,3435164.0,3435164.0,3435164.0,3435164.0,0.0
1777785300,3479234.0,3479234.0,3435164.0,3435164.0,0.00722677
1777786200,3435164.0,3435164.0,3435164.0,3435164.0,0.0
1777787100,3479234.0,3479234.0,3435164.0,3435164.0,0.05830963
1777788000,3479234.0,3479234.0,3479234.0,3479234.0,0.00860442
1777788900,3435165.0,3479234.0,3435165.0,3479234.0,0.04028868
1777789800,3435165.0,3435165.0,3435165.0,3435165.0,0.0065934
1777790700,3479234.0,3479234.0,3479234.0,3479234.0,0.00286241
1777791600,3448615.0,3448615.0,3448615.0,3448615.0,0.00570885
1777792500,3448615.0,3448615.0,3448615.0,3448615.0,0.0
1777793400,3479234.0,3479234.0,3479234.0,3479234.0,0.05736262
1777794300,3479234.0,3479234.0,3479234.0,3479234.0,0.0
1777795200,3435165.0,3435165.0,3435162.0,3435162.0,0.0549274
1777796100,3479231.0,3479231.0,3435161.0,3435161.0,0.18120084
1777797000,3479231.0,3479234.0,3479231.0,3479234.0,0.01439684
1777797900,3479234.0,3479234.0,3479234.0,3479234.0,0.0
1777798800,3479234.0,3479234.0,3479234.0,3479234.0,0.0
1777799700,3479234.0,3479234.0,3479234.0,3479234.0,0.0
1777800600,3479234.0,3479234.0,3479234.0,3479234.0,0.00319984
1777801500,3435170.0,3435170.0,3435170.0,3435170.0,0.00501575
1777802400,3435170.0,3435170.0,3435170.0,3435170.0,0.0
1777803300,3435170.0,3435170.0,3435170.0,3435170.0,0.0
1777804200,3440853.0,3440853.0,3435171.0,3435171.0,0.02129171
1777805100,3435171.0,3435171.0,3435171.0,3435171.0,0.0
1777806000,3435171.0,3479234.0,3435170.0,3479234.0,0.00834952
1777806900,3446373.0,3446373.0,3446373.0,3446373.0,0.0068684
1777807800,3446373.0,3446373.0,3446373.0,3446373.0,0.0
1777808700,3446373.0,3446373.0,3446373.0,3446373.0,0.0
1777809600,3446373.0,3446373.0,3446373.0,3446373.0,0.0
1777810500,3479234.0,3479234.0,3435161.0,3435161.0,0.10953215
1777811400,3479234.0,3479234.0,3479234.0,3479234.0,0.01324688
1777812300,3479234.0,3479234.0,3479234.0,3479234.0,0.00286241
1777813200,3479234.0,3479234.0,3436023.0,3479234.0,0.12544666
1777814100,3438610.0,3479234.0,3435161.0,3435161.0,1.20870752
1777815000,3435161.0,3479234.0,3430848.0,3479234.0,0.29283221
1777815900,3430002.0,3483269.0,3430002.0,3483269.0,0.03849247
1777816800,3439300.0,3439300.0,3438093.0,3438093.0,0.08451452
1777817700,3483269.0,3483269.0,3430002.0,3483269.0,0.20724737
1777818600,3483269.0,3487129.0,3430002.0,3435851.0,0.01661239
1777819500,3435851.0,3435851.0,3435851.0,3435851.0,0.0
1777820400,3435851.0,3435851.0,3435851.0,3435851.0,0.0
1777821300,3435851.0,3435851.0,3435851.0,3435851.0,0.0
1777822200,3435851.0,3435851.0,3435851.0,3435851.0,0.0
1777823100,3456700.0,3456700.0,3456700.0,3456700.0,0.00319984
1777824000,3456700.0,3456700.0,3456700.0,3456700.0,0.0
1777824900,3492567.0,3495725.0,3492567.0,3495725.0,0.01564757
1777825800,3495725.0,3495725.0,3495725.0,3495725.0,0.0
1777826700,3496076.0,3496076.0,3496076.0,3496076.0,0.01131525
1777827600,3496076.0,3496076.0,3496076.0,3496076.0,0.0
1777828500,3499743.0,3499743.0,3499743.0,3499743.0,0.013659
1777829400,3499743.0,3499752.0,3499743.0,3499752.0,0.00493692
1777830300,3499752.0,3499752.0,3499752.0,3499752.0,0.0
1777831200,3499752.0,3499752.0,3499752.0,3499752.0,0.0
1777832100,3499752.0,3499752.0,3462242.0,3462242.0,0.0088109
1777833000,3462242.0,3462242.0,3462242.0,3462242.0,0.0
1777833900,3462242.0,3462242.0,3462242.0,3462242.0,0.0
1777834800,3462242.0,3462242.0,3462242.0,3462242.0,0.0
1777835700,3462242.0,3462242.0,3462242.0,3462242.0,0.0
1777836600,3499752.0,3499758.0,3499752.0,3499758.0,0.01382667
1777837500,3499758.0,3499758.0,3499758.0,3499758.0,0.0
1777838400,3499758.0,3499758.0,3499758.0,3499758.0,0.0
1777839300,3499758.0,3499758.0,3499758.0,3499758.0,0.0
1777840200,3464312.0,3464312.0,3464312.0,3464312.0,0.14523056
1777841100,3499758.0,3510112.0,3499758.0,3510112.0,0.14189542
1777842000,3510112.0,3510112.0,3510112.0,3510112.0,0.0
1777842900,3510112.0,3510112.0,3510112.0,3510112.0,0.0
1777843800,3510112.0,3510112.0,3510112.0,3510112.0,0.0
1777844700,3553249.0,3553249.0,3553249.0,3553249.0,0.00840836
1777845600,3540993.0,3540993.0,3469479.0,3469479.0,0.01702346
1777846500,3469479.0,3469479.0,3469479.0,3469479.0,0.0
1777847400,3469479.0,3469479.0,3469479.0,3469479.0,0.0
1777848300,3460365.0,3460365.0,3460365.0,3460365.0,0.01511441
1777849200,3456700.0,3456700.0,3456700.0,3456700.0,0.01564757
1777850100,3456701.0,3456701.0,3456700.0,3456700.0,0.405
1777851000,3498749.0,3499213.0,3498749.0,3499213.0,0.04045349
1777851900,3499213.0,3499213.0,3499213.0,3499213.0,0.0
1777852800,3499213.0,3499213.0,3437238.0,3437238.0,0.02037619
1777853700,3484836.0,3484836.0,3484836.0,3484836.0,0.00428657
1777854600,3484836.0,3484836.0,3484836.0,3484836.0,0.0
1777855500,3510006.0,3510006.0,3510006.0,3510006.0,0.00291424
1777856400,3494309.0,3494309.0,3494309.0,3494309.0,0.01425031
1777857300,3494309.0,3494309.0,3494309.0,3494309.0,0.0
1777858200,3494309.0,3494309.0,3494309.0,3494309.0,0.0
1777859100,3492732.0,3501856.0,3441562.0,3501856.0,0.30189916
1777860000,3501856.0,3501856.0,3501856.0,3501856.0,0.0
1777860900,3508453.0,3508453.0,3508453.0,3508453.0,0.0187185
1777861800,3506545.0,3506545.0,3506545.0,3506545.0,0.62153854
1777862700,3506545.0,3506545.0,3506545.0,3506545.0,0.0
1777863600,3510006.0,3510006.0,3510006.0,3510006.0,0.00704471
1777864500,3501856.0,3507009.0,3448217.0,3507009.0,0.17501671
1777865400,3500080.0,3500080.0,3500080.0,3500080.0,0.20511245
1777866300,3500080.0,3500080.0,3500080.0,3500080.0,0.0
1777867200,3500080.0,3500080.0,3500080.0,3500080.0,0.00732897
1777868100,3500080.0,3500080.0,3454669.0,3454669.0,0.04807457
1777869000,3454753.0,3454753.0,3454669.0,3454669.0,0.22622343
1777869900,3454669.0,3510006.0,3454669.0,3509813.0,1.45624005
1777870800,3510006.0,3515814.0,3463940.0,3463940.0,0.05311849
1777871700,3513824.0,3513824.0,3510014.0,3510014.0,0.02072739
1777872600,3510014.0,3510014.0,3510014.0,3510014.0,0.0
1777873500,3511175.0,3511175.0,3464001.0,3464001.0,0.02576815
1777874400,3464001.0,3464001.0,3464001.0,3464001.0,0.0
1777875300,3464001.0,3511293.0,3464001.0,3511293.0,0.00757136
1777876200,3511293.0,3511293.0,3511293.0,3511293.0,0.0
1777877100,3510443.0,3510443.0,3510443.0,3510443.0,0.00608299
1777878000,3510443.0,3510443.0,3510443.0,3510443.0,0.0
1777878900,3510443.0,3510443.0,3510443.0,3510443.0,0.0
1777879800,3512916.0,3512916.0,3512916.0,3512916.0,0.00607814
1777880700,3512916.0,3512916.0,3512916.0,3512916.0,0.0
1777881600,3514906.0,3515804.0,3514906.0,3515804.0,0.01863589
1777882500,3515804.0,3515804.0,3515804.0,3515804.0,0.0
1777883400,3515804.0,3515804.0,3515804.0,3515804.0,0.0
1777884300,3513610.0,3515804.0,3457933.0,3457933.0,0.15876378
1777885200,3456735.0,3456735.0,3456735.0,3456735.0,0.00421923
1777886100,3515804.0,3515804.0,3515625.0,3515625.0,0.02163099
1777887000,3455636.0,3455636.0,3453911.0,3453911.0,0.10290013
1777887900,3453775.0,3453775.0,3453022.0,3453022.0,0.06187276
1777888800,3486462.0,3512473.0,3486462.0,3512473.0,0.01782873
1777889700,3512473.0,3512473.0,3512473.0,3512473.0,0.0
1777890600,3451448.0,3451448.0,3451448.0,3451448.0,0.00578471
1777891500,3451448.0,3451448.0,3451448.0,3451448.0,0.0
1777892400,3484824.0,3484824.0,3484824.0,3484824.0,0.05668062
1777893300,3495638.0,3511000.0,3451448.0,3511000.0,0.0533874
1777894200,3511000.0,3511000.0,3511000.0,3511000.0,0.0
1777895100,3511000.0,3511000.0,3511000.0,3511000.0,0.0
1777896000,3493016.0,3501034.0,3451448.0,3501034.0,0.15093253
1777896900,3511000.0,3511000.0,3511000.0,3511000.0,0.19415722
1777897800,3511000.0,3511000.0,3511000.0,3511000.0,0.03904898
1777898700,3511000.0,3511000.0,3511000.0,3511000.0,0.0
1777899600,3451448.0,3451448.0,3449355.0,3449355.0,0.41390302
1777900500,3503282.0,3503282.0,3503282.0,3503282.0,0.01421381
1777901400,3471986.0,3510966.0,3471986.0,3510966.0,0.03083262
1777902300,3510966.0,3510966.0,3510966.0,3510966.0,0.0
1777903200,3470743.0,3470743.0,3470743.0,3470743.0,0.00311994
1777904100,3470743.0,3470743.0,3470743.0,3470743.0,0.0
1777905000,3470743.0,3478282.0,3470743.0,3478282.0,0.0705094
1777905900,3478300.0,3478300.0,3478300.0,3478300.0,1.86100298
1777906800,3470743.0,3470743.0,3449357.0,3449357.0,0.92097681
1777907700,3449357.0,3449357.0,3449355.0,3449355.0,0.03317247
1777908600,3449355.0,3449355.0,3449355.0,3449355.0,0.0
1777909500,3449355.0,3449355.0,3449355.0,3449355.0,0.0
1777910400,3457848.0,3457848.0,3457848.0,3457848.0,0.00859754
1777911300,3510966.0,3510978.0,3430002.0,3430002.0,0.02699194
1777912200,3450002.0,3450002.0,3450002.0,3450002.0,0.00508204
1777913100,3485744.0,3510978.0,3468483.0,3510978.0,0.01820173
1777914000,3473321.0,3473321.0,3473321.0,3473321.0,0.00286728
1777914900,3473321.0,3473321.0,3473321.0,3473321.0,0.0
1777915800,3481913.0,3481913.0,3481913.0,3481913.0,0.00368619
1777916700,3450002.0,3450002.0,3450002.0,3450002.0,0.06316445
1777917600,3450002.0,3450002.0,3450002.0,3450002.0,0.0
1777918500,3510978.0,3511000.0,3506614.0,3511000.0,0.65655172
1777919400,3511000.0,3511000.0,3511000.0,3511000.0,0.00318456
1777920300,3511000.0,3511000.0,3511000.0,3511000.0,0.0031199
1777921200,3511000.0,3511000.0,3511000.0,3511000.0,0.0
1777922100,3511000.0,3511000.0,3511000.0,3511000.0,0.0
1777923000,3500672.0,3500672.0,3499868.0,3499868.0,0.04989481
1777923900,3450002.0,3450002.0,3450002.0,3450002.0,0.01439684
1777924800,3503994.0,3503994.0,3491375.0,3491375.0,0.06419393
1777925700,3450002.0,3450002.0,3450002.0,3450002.0,0.0165052
1777926600,3450002.0,3450002.0,3450002.0,3450002.0,0.0
1777927500,3450002.0,3450002.0,3450002.0,3450002.0,0.0
1777928400,3450002.0,3450002.0,3450002.0,3450002.0,0.0
1777929300,3450002.0,3494828.0,3450002.0,3494828.0,0.06290085
1777930200,3494828.0,3494828.0,3494828.0,3494828.0,0.0
1777931100,3494828.0,3494828.0,3494828.0,3494828.0,0.0
1777932000,3494828.0,3494828.0,3494828.0,3494828.0,0.0
1777932900,3494828.0,3494828.0,3494828.0,3494828.0,0.00838353
1777933800,3494828.0,3494828.0,3494828.0,3494828.0,0.0
1777934700,3494828.0,3494828.0,3494828.0,3494828.0,0.0
1777935600,3494828.0,3494828.0,3494828.0,3494828.0,0.0
1777936500,3494828.0,3494828.0,3494828.0,3494828.0,0.0
1777937400,3450002.0,3481409.0,3450002.0,3481409.0,0.20002634
1777938300,3481409.0,3481409.0,3481409.0,3481409.0,0.0
1777939200,3477616.0,3477616.0,3450002.0,3450002.0,0.03679667
1777940100,3477619.0,3477619.0,3477619.0,3477619.0,0.00853227
1777941000,3450002.0,3450002.0,3450002.0,3450002.0,0.00853227
1777941900,3486283.0,3486283.0,3486283.0,3486283.0,0.00444484
1777942800,3486283.0,3486283.0,3486283.0,3486283.0,0.01023639
1777943700,3486283.0,3494828.0,3486283.0,3494828.0,0.04497475
1777944600,3450002.0,3494828.0,3450002.0,3494052.0,0.19152798
1777945500,3450002.0,3450002.0,3450002.0,3450002.0,0.8590298
1777946400,3450002.0,3494828.0,3430008.0,3492294.0,0.52298087
1777947300,3494247.0,3494828.0,3493227.0,3494828.0,0.10040571
1777948200,3492945.0,3510989.0,3492945.0,3510989.0,0.33012617
1777949100,3510989.0,3510989.0,3510989.0,3510989.0,0.0
1777950000,3510989.0,3510989.0,3510989.0,3510989.0,0.0
1777950900,3450002.0,3450002.0,3450002.0,3450002.0,0.04303509
1777951800,3450002.0,3450002.0,3450002.0,3450002.0,0.0
1777952700,3450002.0,3450002.0,3450002.0,3450002.0,0.0
1777953600,3450002.0,3499151.0,3450002.0,3499151.0,0.01812635
1777954500,3450002.0,3498132.0,3450002.0,3498132.0,0.38532218
1777955400,3450002.0,3497656.0,3450002.0,3497656.0,0.09372637
1777956300,3497654.0,3497654.0,3497654.0,3497654.0,0.02768512
1777957200,3497654.0,3497654.0,3497654.0,3497654.0,0.0
1777958100,3497654.0,3504533.0,3497654.0,3504533.0,0.06191286
1777959000,3504557.0,3504557.0,3450002.0,3450002.0,0.43679772
1777959900,3450002.0,3507893.0,3450002.0,3507893.0,0.05607538
1777960800,3510967.0,3510967.0,3510967.0,3510967.0,0.0283654
1777961700,3452263.0,3452263.0,3452263.0,3452263.0,0.0259906
1777962600,3452562.0,3452562.0,3452562.0,3452562.0,0.00566047
1777963500,3507618.0,3507618.0,3507618.0,3507618.0,0.00567849
1777964400,3507614.0,3507614.0,3507614.0,3507614.0,0.04457959
1777965300,3507614.0,3507614.0,3507614.0,3507614.0,0.0
1777966200,3507614.0,3507614.0,3507614.0,3507614.0,0.0
1777967100,3507614.0,3507614.0,3507614.0,3507614.0,0.0
1777968000,3507206.0,3507206.0,3507206.0,3507206.0,0.00425923
1777968900,3507601.0,3507601.0,3507601.0,3507601.0,0.00425875
1777969800,3507601.0,3507601.0,3507601.0,3507601.0,0.0
1777970700,3507601.0,3507601.0,3507601.0,3507601.0,0.0
1777971600,3499139.0,3499139.0,3456139.0,3456139.0,0.06151344
1777972500,3507601.0,3507601.0,3456139.0,3456139.0,0.0421516
1777973400,3507601.0,3507601.0,3507601.0,3507601.0,0.00437877
1777974300,3507601.0,3507601.0,3506757.0,3506757.0,1.98695768
1777975200,3456147.0,3456147.0,3456147.0,3456147.0,0.0108786
1777976100,3456143.0,3506761.0,3456143.0,3506761.0,0.01227146
1777977000,3506757.0,3506761.0,3506757.0,3506761.0,0.08728483
1777977900,3506761.0,3506761.0,3506761.0,3506761.0,0.0
1777978800,3506761.0,3506761.0,3506761.0,3506761.0,0.28456259
1777979700,3506761.0,3510222.0,3456159.0,3505078.0,4.39948053
1777980600,3501414.0,3501414.0,3501414.0,3501414.0,0.0709816
1777981500,3456160.0,3456160.0,3456160.0,3456160.0,0.08803834
1777982400,3510972.0,3510972.0,3456160.0,3456160.0,0.00825165
1777983300,3456160.0,3456160.0,3456160.0,3456160.0,0.03873718
1777984200,3459775.0,3459775.0,3459775.0,3459775.0,0.00709971
1777985100,3459996.0,3459996.0,3459996.0,3459996.0,0.13697443
1777986000,3499999.0,3510972.0,3499999.0,3510972.0,0.13760383
1777986900,3510972.0,3512473.0,3510972.0,3512473.0,0.09979053
1777987800,3512473.0,3519193.0,3512473.0,3519193.0,0.42885849
1777988700,3515587.0,3515587.0,3465465.0,3465465.0,0.64134023
1777989600,3519435.0,3519435.0,3496256.0,3496256.0,0.0894495
1777990500,3496256.0,3496256.0,3496256.0,3496256.0,0.0
1777991400,3476298.0,3476298.0,3465466.0,3465466.0,0.0581602
1777992300,3465466.0,3465466.0,3465466.0,3465466.0,0.0
1777993200,3465466.0,3465466.0,3465466.0,3465466.0,0.0
1777994100,3465468.0,3465468.0,3465465.0,3465465.0,1.19297448
1777995000,3467814.0,3467814.0,3456160.0,3456160.0,0.10730023
1777995900,3456160.0,3456160.0,3456160.0,3456160.0,0.0
1777996800,3475103.0,3477540.0,3440000.0,3440000.0,2.1333875
1777997700,3440000.0,3440000.0,3440000.0,3440000.0,0.0
1777998600,3483180.0,3483180.0,3483180.0,3483180.0,0.1026559
1777999500,3483180.0,3483180.0,3483180.0,3483180.0,0.0
1778000400,3483180.0,3483180.0,3483180.0,3483180.0,0.0
1778001300,3440000.0,3440000.0,3440000.0,3440000.0,0.00707397
1778002200,3440000.0,3440000.0,3440000.0,3440000.0,0.0
1778003100,3473780.0,3473780.0,3473780.0,3473780.0,0.00657554
1778004000,3473780.0,3473780.0,3473780.0,3473780.0,0.0
1778004900,3473780.0,3473780.0,3473780.0,3473780.0,0.0
1778005800,3478300.0,3478300.0,3478300.0,3478300.0,0.0031616
1778006700,3478300.0,3478300.0,3478300.0,3478300.0,0.0
1778007600,3478300.0,3478300.0,3478300.0,3478300.0,0.0
1778008500,3478300.0,3478300.0,3478300.0,3478300.0,0.0
1778009400,3440000.0,3440000.0,3440000.0,3440000.0,0.04467371
1778010300,3440000.0,3440000.0,3440000.0,3440000.0,0.0
1778011200,3440000.0,3459104.0,3440000.0,3459104.0,0.01787585
1778012100,3440000.0,3440000.0,3440000.0,3440000.0,0.00850189
1778013000,3440000.0,3440000.0,3440000.0,3440000.0,0.0
1778013900,3440000.0,3440000.0,3440000.0,3440000.0,0.0
1778014800,3440001.0,3440001.0,3440000.0,3440000.0,0.3815958
1778015700,3440000.0,3440000.0,3440000.0,3440000.0,0.0
1778016600,3470000.0,3470000.0,3440000.0,3440000.0,4.04479
1778017500,3440000.0,3440000.0,3440000.0,3440000.0,0.0
1778018400,3440000.0,3457972.0,3440000.0,3457972.0,0.26339441
1778019300,3457972.0,3457972.0,3457972.0,3457972.0,0.0
1778020200,3459103.0,3459103.0,3459103.0,3459103.0,0.00349628
1778021100,3458461.0,3463085.0,3440000.0,3463085.0,0.03228488
1778022000,3463085.0,3463085.0,3463085.0,3463085.0,0.0
1778022900,3463085.0,3463085.0,3463085.0,3463085.0,0.0
1778023800,3468511.0,3468511.0,3440000.0,3440000.0,0.01444538
1778024700,3468547.0,3468547.0,3468547.0,3468547.0,0.01613326
1778025600,3468547.0,3468547.0,3468547.0,3468547.0,0.0
1778026500,3468500.0,3468500.0,3440000.0,3440000.0,0.04286065
1778027400,3440000.0,3440000.0,3440000.0,3440000.0,0.0
1778028300,3440000.0,3440000.0,3440000.0,3440000.0,0.0
1778029200,3462344.0,3462344.0,3458564.0,3458564.0,0.01117084
1778030100,3440001.0,3440001.0,3440000.0,3440000.0,0.03794175
1778031000,3440001.0,3462029.0,3440001.0,3462029.0,0.02354453
1778031900,3455778.0,3455778.0,3455778.0,3455778.0,0.01344935
1778032800,3456746.0,3456746.0,3453488.0,3453488.0,0.08817629
1778033700,3455683.0,3460378.0,3455683.0,3460378.0,0.13527747
1778034600,3460378.0,3460378.0,3460378.0,3460378.0,0.0
1778035500,3457278.0,3457278.0,3457278.0,3457278.0,0.1491066
1778036400,3461876.0,3461876.0,3440000.0,3440000.0,0.50882388
1778037300,3461910.0,3468547.0,3440001.0,3468547.0,0.0144281
1778038200,3468547.0,3468547.0,3468547.0,3468547.0,0.0
1778039100,3466834.0,3466834.0,3460620.0,3460620.0,0.04944647
1778040000,3440001.0,3440001.0,3440001.0,3440001.0,0.0282038
1778040900,3466834.0,3466834.0,3466834.0,3466834.0,0.01436324
1778041800,3440001.0,3463642.0,3440001.0,3463642.0,0.2936229
1778042700,3463642.0,3463642.0,3463642.0,3463642.0,0.0
1778043600,3463642.0,3463642.0,3463642.0,3463642.0,0.0
1778044500,3440001.0,3440001.0,3440000.0,3440000.0,0.28073628
1778045400,3440000.0,3440000.0,3440000.0,3440000.0,0.0
1778046300,3440000.0,3440000.0,3440000.0,3440000.0,0.00859754
1778047200,3462869.0,3462869.0,3462869.0,3462869.0,0.02188454
1778048100,3440003.0,3440003.0,3440003.0,3440003.0,0.03475725
1778049000,3440003.0,3440003.0,3440003.0,3440003.0,0.0
1778049900,3440003.0,3440003.0,3440003.0,3440003.0,0.0
1778050800,3440003.0,3440003.0,3440003.0,3440003.0,0.0
1778051700,3440004.0,3440004.0,3440004.0,3440004.0,0.01090714
1778052600,3461491.0,3461491.0,3461491.0,3461491.0,0.0230626
1778053500,3466834.0,3466834.0,3466834.0,3466834.0,0.00574529
1778054400,3466043.0,3466043.0,3466043.0,3466043.0,0.02303231
1778055300,3466042.0,3466042.0,3466042.0,3466042.0,0.02548439
1778056200,3466042.0,3466042.0,3466042.0,3466042.0,0.0
1778057100,3466042.0,3466042.0,3466042.0,3466042.0,0.0
1778058000,3466042.0,3466043.0,3466042.0,3466043.0,0.14270915
1778058900,3466043.0,3466043.0,3466000.0,3466000.0,0.05758092
1778059800,3466000.0,3466000.0,3466000.0,3466000.0,0.0
1778060700,3466043.0,3466043.0,3449355.0,3449355.0,0.05638699
1778061600,3466043.0,3468547.0,3446261.0,3468547.0,2.0370421
1778062500,3468547.0,3468547.0,3468547.0,3468547.0,0.71425451
1778063400,3509996.0,3519433.0,3509996.0,3519433.0,0.32142866
1778064300,3519433.0,3519433.0,3519433.0,3519433.0,0.00282971
1778065200,3519433.0,3519433.0,3519433.0,3519433.0,0.03750546
1778066100,3519433.0,3519433.0,3519433.0,3519433.0,0.0
1778067000,3500000.0,3515000.0,3500000.0,3515000.0,0.01366522
1778067900,3515000.0,3515000.0,3500000.0,3500000.0,0.06407364
1778068800,3500000.0,3500000.0,3500000.0,3500000.0,0.00286868
1778069700,3500000.0,3500000.0,3500000.0,3500000.0,0.0
1778070600,3500000.0,3500000.0,3500000.0,3500000.0,0.35634475
1778071500,3500000.0,3514511.0,3500000.0,3514511.0,0.65294007
1778072400,3514511.0,3514511.0,3514511.0,3514511.0,0.0
1778073300,3504167.0,3504167.0,3504167.0,3504167.0,0.07647552
1778074200,3503220.0,3513446.0,3500000.0,3513446.0,0.01981872
1778075100,3519433.0,3555702.0,3519433.0,3520775.0,0.88454505
1778076000,3555702.0,3583116.0,3545560.0,3545560.0,0.2833161
1778076900,3597000.0,3597000.0,3506816.0,3513578.0,0.16443565
1778077800,3592735.0,3592735.0,3590000.0,3590000.0,0.00779794
1778078700,3588696.0,3590000.0,3533145.0,3539144.0,0.40916838
1778079600,3578766.0,3578766.0,3578766.0,3578766.0,0.13088561
1778080500,3575772.0,3597776.0,3575772.0,3597776.0,0.2866317
1778081400,3597776.0,3597776.0,3597776.0,3597776.0,0.00553619
1778082300,3596778.0,3597776.0,3596778.0,3597776.0,0.00557198
1778083200,3547501.0,3547501.0,3547501.0,3547501.0,0.03871897
1778084100,3550626.0,3550626.0,3550626.0,3550626.0,0.02847948
1778085000,3550626.0,3550626.0,3550626.0,3550626.0,0.0
1778085900,3597776.0,3597776.0,3597776.0,3597776.0,0.02748781
1778086800,3591363.0,3591363.0,3591363.0,3591363.0,0.10833555
1778087700,3546401.0,3597776.0,3546401.0,3597776.0,0.01112631
1778088600,3596094.0,3596094.0,3596094.0,3596094.0,0.00550096
1778089500,3596094.0,3596094.0,3596094.0,3596094.0,0.0
1778090400,3596094.0,3596094.0,3596094.0,3596094.0,0.0
1778091300,3563204.0,3597776.0,3563204.0,3597776.0,0.03950133
1778092200,3597776.0,3597776.0,3597776.0,3597776.0,0.0
1778093100,3597776.0,3597776.0,3597776.0,3597776.0,0.02768098
1778094000,3597776.0,3597776.0,3597776.0,3597776.0,0.41955724
1778094900,3597776.0,3597776.0,3597776.0,3597776.0,0.18619613
1778095800,3597776.0,3597776.0,3597776.0,3597776.0,0.0
1778096700,3597776.0,3597776.0,3546397.0,3597776.0,0.56358955
1778097600,3597776.0,3597776.0,3597776.0,3597776.0,0.0
1778098500,3597776.0,3597776.0,3597776.0,3597776.0,0.0
1778099400,3597776.0,3597776.0,3597776.0,3597776.0,0.0
1778100300,3597776.0,3597776.0,3597776.0,3597776.0,0.0
1778101200,3597776.0,3597776.0,3597776.0,3597776.0,0.0
1778102100,3597776.0,3597776.0,3597776.0,3597776.0,0.0
1778103000,3597776.0,3597776.0,3597772.0,3597772.0,0.64783912
1778103900,3546401.0,3546401.0,3546397.0,3546397.0,0.28221829
1778104800,3546397.0,3546397.0,3546397.0,3546397.0,0.0
1778105700,3555940.0,3555940.0,3555940.0,3555940.0,0.0498384
1778106600,3597000.0,3597000.0,3597000.0,3597000.0,0.00736248
1778107500,3597000.0,3597000.0,3597000.0,3597000.0,0.00650852
1778108400,3597000.0,3597000.0,3597000.0,3597000.0,0.0
1778109300,3597000.0,3597000.0,3597000.0,3597000.0,0.0
1778110200,3597000.0,3597000.0,3597000.0,3597000.0,0.0
1778111100,3597000.0,3597000.0,3597000.0,3597000.0,0.0
1778112000,3596000.0,3596000.0,3570030.0,3572751.0,0.23229442
1778112900,3595999.0,3595999.0,3564907.0,3564907.0,0.06763306
1778113800,3565753.0,3565753.0,3565753.0,3565753.0,0.00282184
1778114700,3595999.0,3596000.0,3595999.0,3596000.0,0.03086624
1778115600,3596000.0,3596000.0,3596000.0,3596000.0,0.0066941
1778116500,3596000.0,3596000.0,3596000.0,3596000.0,0.0
1778117400,3596000.0,3596000.0,3596000.0,3596000.0,0.0
1778118300,3596000.0,3596000.0,3596000.0,3596000.0,0.0
1778119200,3596000.0,3596000.0,3596000.0,3596000.0,0.12176557
1778120100,3596000.0,3596000.0,3567533.0,3567533.0,0.02353568
1778121000,3555943.0,3574315.0,3555943.0,3574315.0,0.04702451
1778121900,3596000.0,3596000.0,3596000.0,3596000.0,0.04040962
1778122800,3575336.0,3596000.0,3575336.0,3596000.0,0.46211005
1778123700,3596000.0,3596000.0,3596000.0,3596000.0,0.03618714
1778124600,3596000.0,3596000.0,3576996.0,3596000.0,0.68029186
1778125500,3596000.0,3596000.0,3596000.0,3596000.0,0.0
1778126400,3581325.0,3596000.0,3580127.0,3580286.0,0.65721708
1778127300,3580286.0,3580286.0,3580286.0,3580286.0,0.0
1778128200,3580286.0,3580286.0,3580286.0,3580286.0,0.0
1778129100,3596000.0,3596996.0,3596000.0,3596996.0,0.02776935
1778130000,3596996.0,3596996.0,3596996.0,3596996.0,0.0
1778130900,3596996.0,3596996.0,3596996.0,3596996.0,0.0
1778131800,3596996.0,3596996.0,3596996.0,3596996.0,0.0
1778132700,3596996.0,3596996.0,3596996.0,3596996.0,0.0
1778133600,3596996.0,3597776.0,3578913.0,3597776.0,0.51908655
1778134500,3597776.0,3597776.0,3597776.0,3597776.0,0.01772177
1778135400,3597776.0,3597776.0,3579191.0,3597776.0,0.2039029
1778136300,3580659.0,3597776.0,3580659.0,3597776.0,0.03235247
1778137200,3585982.0,3585982.0,3585982.0,3585982.0,0.00941748
1778138100,3597776.0,3599000.0,3597776.0,3599000.0,0.588737
1778139000,3630000.0,3669146.0,3630000.0,3669146.0,0.01054525
1778139900,3669689.0,3675894.0,3614790.0,3675894.0,0.14077667
1778140800,3607052.0,3607052.0,3607052.0,3607052.0,0.00855524
1778141700,3607052.0,3607052.0,3607052.0,3607052.0,0.0
1778142600,3665641.0,3665644.0,3665641.0,3665644.0,0.18618039
1778143500,3665644.0,3665646.0,3605251.0,3665646.0,0.45190765
1778144400,3665646.0,3665646.0,3604974.0,3604974.0,0.09705387
1778145300,3657179.0,3657179.0,3650000.0,3650000.0,0.01639271
1778146200,3650000.0,3650000.0,3650000.0,3650000.0,0.0
1778147100,3602004.0,3602004.0,3602004.0,3602004.0,0.02115611
1778148000,3602004.0,3602004.0,3581714.0,3581714.0,5.83585935
1778148900,3642631.0,3644306.0,3642631.0,3643847.0,0.05592502
1778149800,3643847.0,3643847.0,3643847.0,3643847.0,0.0
1778150700,3643000.0,3643000.0,3643000.0,3643000.0,0.99999972
1778151600,3595237.0,3595237.0,3591855.0,3591855.0,0.18910956
1778152500,3588054.0,3590120.0,3588054.0,3590120.0,0.08704474
1778153400,3590124.0,3635537.0,3580197.0,3635537.0,0.95459144
1778154300,3635533.0,3635533.0,3578092.0,3578092.0,0.01672166
1778155200,3635533.0,3635537.0,3635533.0,3635537.0,0.09356642
1778156100,3626323.0,3626323.0,3626323.0,3626323.0,0.01372599
1778157000,3625218.0,3625218.0,3625218.0,3625218.0,0.01350704
1778157900,3582300.0,3635269.0,3582300.0,3635269.0,0.30747005
1778158800,3635171.0,3635521.0,3635171.0,3635521.0,0.02153461
1778159700,3635521.0,3635521.0,3635521.0,3635521.0,0.04721963
1778160600,3622175.0,3635521.0,3622175.0,3635521.0,0.10494118
1778161500,3635521.0,3635521.0,3635521.0,3635521.0,0.0
1778162400,3596614.0,3665654.0,3596614.0,3665654.0,5.71658265
1778163300,3696666.0,3700000.0,3663185.0,3700000.0,0.74606747
1778164200,3700000.0,3700000.0,3699990.0,3699990.0,0.03542837
1778165100,3699990.0,3700000.0,3699990.0,3700000.0,0.05668036
1778166000,3699996.0,3699999.0,3697807.0,3697807.0,0.4355279
1778166900,3699999.0,3699999.0,3670692.0,3670692.0,0.00729676
1778167800,3670696.0,3699995.0,3661692.0,3699995.0,0.4458061
1778168700,3684089.0,3684089.0,3546397.0,3546397.0,2.85542646
1778169600,3666507.0,3666507.0,3659342.0,3659342.0,0.3683034
1778170500,3679996.0,3680000.0,3679996.0,3680000.0,3.31381194
1778171400,3680000.0,3699995.0,3680000.0,3686503.0,0.11342922
1778172300,3699995.0,3730000.0,3699995.0,3730000.0,3.41014913
1778173200,3719346.0,3720298.0,3658815.0,3658815.0,0.11980394
1778174100,3712538.0,3838383.0,3646638.0,3646638.0,2.24921883
1778175000,3714645.0,3714645.0,3546397.0,3668572.0,2.18949464
1778175900,3668572.0,3668572.0,3668572.0,3668572.0,0.0
1778176800,3728829.0,3736591.0,3728829.0,3729358.0,1.90349853
1778177700,3670537.0,3670537.0,3546397.0,3546397.0,5.63633285
1778178600,3546397.0,3546397.0,3546397.0,3546397.0,0.0
1778179500,3838383.0,3838383.0,3838383.0,3838383.0,0.0028538
1778180400,3664971.0,3664971.0,3663190.0,3663194.0,0.22328133
1778181300,3719786.0,3719786.0,3719786.0,3719786.0,0.0026773
1778182200,3719786.0,3719786.0,3719786.0,3719786.0,0.0
1778183100,3665004.0,3665004.0,3665000.0,3665000.0,0.02748728
1778184000,3665000.0,3665000.0,3665000.0,3665000.0,0.0
1778184900,3665000.0,3665000.0,3665000.0,3665000.0,0.0
1778185800,3665000.0,3665000.0,3665000.0,3665000.0,0.0
1778186700,3665000.0,3665000.0,3665000.0,3665000.0,0.0
1778187600,3713328.0,3713328.0,3650830.0,3650830.0,0.05381073
1778188500,3713328.0,3720000.0,3713328.0,3720000.0,0.12074464
1778189400,3718240.0,3718240.0,3718240.0,3718240.0,0.11785226
1778190300,3676634.0,3676634.0,3676634.0,3676634.0,0.00297935
1778191200,3676634.0,3676634.0,3676634.0,3676634.0,0.0
1778192100,3686576.0,3701236.0,3686576.0,3701236.0,0.03327965
1778193000,3701555.0,3701555.0,3692558.0,3692558.0,0.01327517
1778193900,3692625.0,3692635.0,3630456.0,3630456.0,0.02160765
1778194800,3640004.0,3692632.0,3640004.0,3692632.0,0.02124517
1778195700,3692541.0,3692541.0,3692541.0,3692541.0,0.0063547
1778196600,3692541.0,3692541.0,3692541.0,3692541.0,0.0
1778197500,3692069.0,3692069.0,3692069.0,3692069.0,0.00777233
1778198400,3692069.0,3692069.0,3692069.0,3692069.0,0.01699371
1778199300,3645505.0,3692069.0,3645505.0,3692069.0,0.09236494
1778200200,3644816.0,3707761.0,3644816.0,3707761.0,1.33935841
1778201100,3707761.0,3707761.0,3707761.0,3707761.0,0.0
1778202000,3706200.0,3706200.0,3706200.0,3706200.0,0.00268711
1778202900,3706200.0,3706200.0,3706200.0,3706200.0,0.0
1778203800,3706200.0,3706200.0,3706200.0,3706200.0,0.00603853
1778204700,3706200.0,3706200.0,3706200.0,3706200.0,0.0
1778205600,3706197.0,3706198.0,3706000.0,3706000.0,0.38291668
1778206500,3706000.0,3706000.0,3706000.0,3706000.0,0.05736262
1778207400,3706198.0,3706199.0,3706000.0,3706199.0,1.13490578
1778208300,3706000.0,3706200.0,3706000.0,3706000.0,0.13797602
1778209200,3706000.0,3706000.0,3706000.0,3706000.0,0.0
1778210100,3706000.0,3706000.0,3706000.0,3706000.0,0.14489876
1778211000,3706200.0,3706200.0,3706200.0,3706200.0,0.07926879
1778211900,3706200.0,3720000.0,3706000.0,3706000.0,0.31418757
1778212800,3706000.0,3720000.0,3706000.0,3720000.0,0.03236436
1778213700,3706000.0,3720000.0,3706000.0,3706000.0,0.42435704
1778214600,3720000.0,3720000.0,3720000.0,3720000.0,0.05008009
1778215500,3720000.0,3720000.0,3706000.0,3720000.0,0.06848952
1778216400,3720000.0,3720000.0,3706000.0,3706000.0,0.02509488
1778217300,3706000.0,3720000.0,3706000.0,3720000.0,0.03428911
1778218200,3720000.0,3720000.0,3706000.0,3706000.0,0.10871797
1778219100,3706000.0,3706000.0,3706000.0,3706000.0,2.74521431
1778220000,3720000.0,3720000.0,3720000.0,3720000.0,0.00818924
1778220900,3706000.0,3706000.0,3706000.0,3706000.0,0.05674111
1778221800,3720000.0,3720000.0,3706000.0,3720000.0,1.15779622
1778222700,3720000.0,3720000.0,3720000.0,3720000.0,0.0
1778223600,3719000.0,3720000.0,3719000.0,3720000.0,0.00985645
1778224500,3720000.0,3720000.0,3720000.0,3720000.0,0.0
1778225400,3720000.0,3720000.0,3720000.0,3720000.0,0.37061397
1778226300,3719000.0,3719000.0,3706000.0,3706000.0,0.07184233
1778227200,3706000.0,3706000.0,3706000.0,3706000.0,0.0
1778228100,3720000.0,3720000.0,3720000.0,3720000.0,0.04612435
1778229000,3720000.0,3806199.0,3720000.0,3762282.0,2.30761065
1778229900,3761822.0,3761822.0,3706000.0,3706000.0,2.73414926
1778230800,3706000.0,3706000.0,3706000.0,3706000.0,0.27097355
1778231700,3706000.0,3757485.0,3706000.0,3757485.0,0.18235681
1778232600,3757565.0,3757565.0,3706002.0,3706002.0,0.0148479
1778233500,3756000.0,3756000.0,3706000.0,3706000.0,0.02876108
1778234400,3706000.0,3706000.0,3706000.0,3706000.0,0.0
1778235300,3754550.0,3756896.0,3754550.0,3756896.0,0.07898626
1778236200,3755778.0,3755778.0,3706000.0,3706001.0,0.06869431
1778237100,3753784.0,3753784.0,3753745.0,3753745.0,0.01927775
1778238000,3748255.0,3748255.0,3748255.0,3748255.0,0.00292242
1778238900,3748255.0,3748255.0,3748255.0,3748255.0,0.0
1778239800,3752504.0,3752504.0,3752504.0,3752504.0,0.07124469
1778240700,3706000.0,3706000.0,3706000.0,3706000.0,0.04659146
1778241600,3706000.0,3706000.0,3706000.0,3706000.0,0.0
1778242500,3752261.0,3752404.0,3706000.0,3706000.0,0.04846734
1778243400,3751285.0,3752202.0,3751285.0,3752202.0,0.01824119
1778244300,3706000.0,3754039.0,3706000.0,3754039.0,0.40869212
1778245200,3754038.0,3754039.0,3751712.0,3751712.0,0.03605786
1778246100,3754039.0,3754039.0,3754039.0,3754039.0,0.01975738
1778247000,3753695.0,3754039.0,3720929.0,3720970.0,0.72388054
1778247900,3754039.0,3806199.0,3754039.0,3806199.0,0.61858612
1778248800,3806199.0,3806199.0,3759160.0,3759160.0,0.54407235
1778249700,3786994.0,3793407.0,3731536.0,3793407.0,0.45289195
1778250600,3772000.0,3772000.0,3772000.0,3772000.0,0.01322746
1778251500,3788453.0,3788453.0,3788453.0,3788453.0,0.02322108
1778252400,3729561.0,3806199.0,3729561.0,3806199.0,1.54758436
1778253300,3802159.0,3802159.0,3802159.0,3802159.0,0.00455241
1778254200,3806198.0,3806198.0,3744692.0,3744692.0,0.03785025
1778255100,3806198.0,3806199.0,3787541.0,3787541.0,0.08715616
1778256000,3735047.0,3784542.0,3719877.0,3781807.0,0.91675999
1778256900,3788636.0,3796505.0,3788636.0,3796505.0,0.0221782
1778257800,3785863.0,3785863.0,3706000.0,3706000.0,2.02170756
1778258700,3790445.0,3790454.0,3726658.0,3783760.0,1.08800806
1778259600,3780436.0,3780436.0,3721995.0,3721995.0,0.02110768
1778260500,3780383.0,3780870.0,3780345.0,3780866.0,0.04850781
1778261400,3790338.0,3790338.0,3726885.0,3730000.0,0.02271591
1778262300,3783325.0,3783325.0,3730000.0,3730000.0,1.10014557
1778263200,3730000.0,3730000.0,3730000.0,3730000.0,0.0
1778264100,3785442.0,3785442.0,3785442.0,3785442.0,0.00797925
1778265000,3782662.0,3782662.0,3782662.0,3782662.0,0.05519604
1778265900,3779952.0,3779952.0,3730000.0,3774161.0,0.02543568
1778266800,3780531.0,3780531.0,3780531.0,3780531.0,0.02330677
1778267700,3778869.0,3778869.0,3778869.0,3778869.0,0.01734301
1778268600,3730000.0,3730000.0,3730000.0,3730000.0,0.02423056
1778269500,3730000.0,3730000.0,3730000.0,3730000.0,0.0
1778270400,3730000.0,3730000.0,3730000.0,3730000.0,1.43941215
1778271300,3730000.0,3730000.0,3730000.0,3730000.0,0.0
1778272200,3730000.0,3730000.0,3730000.0,3730000.0,0.0
1778273100,3730000.0,3730000.0,3730000.0,3730000.0,0.0
1778274000,3730000.0,3730000.0,3730000.0,3730000.0,0.0
1778274900,3730000.0,3730000.0,3730000.0,3730000.0,0.00289744
1778275800,3730000.0,3730000.0,3730000.0,3730000.0,0.0
1778276700,3730000.0,3730000.0,3730000.0,3730000.0,0.71089788
1778277600,3730000.0,3730000.0,3730000.0,3730000.0,0.0
1778278500,3730000.0,3730000.0,3730000.0,3730000.0,0.05519604
1778279400,3777332.0,3778563.0,3777332.0,3778563.0,0.01511611
1778280300,3775929.0,3775929.0,3775929.0,3775929.0,0.0065936
1778281200,3773990.0,3773990.0,3773990.0,3773990.0,0.00381029
1778282100,3774874.0,3774874.0,3774874.0,3774874.0,0.00649717
1778283000,3731001.0,3731001.0,3731001.0,3731001.0,0.00487659
1778283900,3731001.0,3731001.0,3731001.0,3731001.0,0.0
1778284800,3731001.0,3731001.0,3731001.0,3731001.0,0.0
1778285700,3779443.0,3779443.0,3779443.0,3779443.0,0.00527008
1778286600,3732001.0,3732001.0,3732001.0,3732001.0,0.00425923
1778287500,3732001.0,3773814.0,3731001.0,3773814.0,0.12286112
1778288400,3773814.0,3773814.0,3773814.0,3773814.0,0.0
1778289300,3773990.0,3773990.0,3773990.0,3773990.0,0.01820805
1778290200,3768890.0,3774518.0,3732000.0,3732000.0,0.0689378
1778291100,3732000.0,3771880.0,3732000.0,3732001.0,0.03293683
1778292000,3732001.0,3732001.0,3732001.0,3732001.0,0.01273345
1778292900,3732001.0,3732001.0,3732001.0,3732001.0,0.0
1778293800,3735000.0,3735000.0,3732001.0,3732001.0,0.03772193
1778294700,3732001.0,3732001.0,3732001.0,3732001.0,0.0
1778295600,3732002.0,3774518.0,3732002.0,3774518.0,0.01330067
1778296500,3774518.0,3774518.0,3774518.0,3774518.0,0.00263848
1778297400,3774518.0,3806198.0,3774518.0,3806198.0,0.0278132
1778298300,3781205.0,3781205.0,3781205.0,3781205.0,0.00608007
1778299200,3774518.0,3781205.0,3774518.0,3774518.0,0.1031783
1778300100,3773643.0,3773643.0,3732001.0,3732001.0,0.49307695
1778301000,3732001.0,3732001.0,3732001.0,3732001.0,0.0
1778301900,3772587.0,3806199.0,3772587.0,3806199.0,0.12080601
1778302800,3773994.0,3773994.0,3732001.0,3732001.0,0.02637873
1778303700,3732001.0,3732001.0,3732001.0,3732001.0,0.08728483
1778304600,3732001.0,3732001.0,3732001.0,3732001.0,0.0
1778305500,3732001.0,3806198.0,3732001.0,3732001.0,0.05665238
1778306400,3732001.0,3732001.0,3732001.0,3732001.0,0.00506333
1778307300,3781029.0,3781029.0,3781029.0,3781029.0,0.00287276
1778308200,3781029.0,3781029.0,3781029.0,3781029.0,0.0
1778309100,3775226.0,3775226.0,3732000.0,3732000.0,3.2855572
1778310000,3775222.0,3806198.0,3732000.0,3774874.0,0.27580347
1778310900,3774874.0,3774874.0,3774874.0,3774874.0,0.0
1778311800,3732000.0,3780150.0,3732000.0,3780150.0,0.03097543
1778312700,3779798.0,3779798.0,3778215.0,3778215.0,0.01921269
1778313600,3778215.0,3778215.0,3778215.0,3778215.0,0.0
1778314500,3781381.0,3781381.0,3781381.0,3781381.0,0.00379147
1778315400,3732000.0,3781381.0,3732000.0,3780000.0,0.05112047
1778316300,3780000.0,3780000.0,3732000.0,3732000.0,0.09047933
1778317200,3778040.0,3778215.0,3732000.0,3732000.0,3.36560629
1778318100,3782788.0,3782788.0,3733001.0,3733001.0,0.03193558
1778319000,3777160.0,3777160.0,3733001.0,3775001.0,0.07050504
1778319900,3778040.0,3778040.0,3778040.0,3778040.0,0.01318011
1778320800,3778567.0,3778567.0,3775001.0,3778567.0,0.04627763
1778321700,3775001.0,3784000.0,3775001.0,3784000.0,0.03150667
1778322600,3784000.0,3784000.0,3784000.0,3784000.0,0.0
1778323500,3780678.0,3780678.0,3775001.0,3780678.0,0.16937168
1778324400,3775001.0,3784723.0,3775001.0,3784723.0,0.01362851
1778325300,3782437.0,3783668.0,3775001.0,3775001.0,1.88463201
1778326200,3775001.0,3775001.0,3775001.0,3775001.0,0.0114344
1778327100,3781205.0,3781205.0,3781205.0,3781205.0,0.00526763
1778328000,3778743.0,3778743.0,3778743.0,3778743.0,0.02066507
1778328900,3775001.0,3775001.0,3775001.0,3775001.0,0.02729923
1778329800,3775001.0,3775001.0,3775001.0,3775001.0,0.08131687
1778330700,3775001.0,3775001.0,3775001.0,3775001.0,0.06794596
1778331600,3775001.0,3780854.0,3732500.0,3732500.0,0.1103254
1778332500,3780854.0,3780854.0,3780854.0,3780854.0,0.04697006
1778333400,3732500.0,3732500.0,3732500.0,3732500.0,0.00643379
1778334300,3732500.0,3732500.0,3732500.0,3732500.0,0.0
1778335200,3779000.0,3780150.0,3779000.0,3779974.0,0.01853329
1778336100,3732501.0,3786832.0,3732501.0,3786832.0,1.27440518
1778337000,3781557.0,3781557.0,3781557.0,3781557.0,0.15855664
1778337900,3732501.0,3732501.0,3732501.0,3732501.0,0.00718582
1778338800,3774346.0,3774346.0,3774346.0,3774346.0,0.78589323
1778339700,3773643.0,3773643.0,3773643.0,3773643.0,0.02727285
1778340600,3786833.0,3786833.0,3732600.0,3732600.0,0.14181505
1778341500,3732600.0,3732600.0,3732501.0,3732501.0,0.15875541
1778342400,3732501.0,3782085.0,3732501.0,3782085.0,1.21773909
1778343300,3780678.0,3786833.0,3732501.0,3732501.0,0.18496241
1778344200,3732501.0,3781557.0,3732501.0,3781557.0,0.08599179
1778345100,3781557.0,3781557.0,3781557.0,3781557.0,0.0
1778346000,3732501.0,3732501.0,3732001.0,3732001.0,0.78589323
1778346900,3732001.0,3732001.0,3732001.0,3732001.0,0.0
1778347800,3780854.0,3780854.0,3780854.0,3780854.0,0.01050159
1778348700,3732001.0,3780678.0,3732001.0,3780678.0,0.06840501
1778349600,3780678.0,3780678.0,3780678.0,3780678.0,0.0
1778350500,3780678.0,3780678.0,3780678.0,3780678.0,0.00497291
1778351400,3780678.0,3780678.0,3780678.0,3780678.0,0.0
1778352300,3786833.0,3786833.0,3780678.0,3780678.0,0.00747863
1778353200,3780678.0,3780678.0,3780678.0,3780678.0,0.0
1778354100,3780678.0,3780678.0,3780678.0,3780678.0,0.0
1778355000,3781029.0,3781029.0,3781029.0,3781029.0,0.02639202
1778355900,3781029.0,3781029.0,3781029.0,3781029.0,0.0
1778356800,3781029.0,3781029.0,3781029.0,3781029.0,0.0
1778357700,3781029.0,3781029.0,3781029.0,3781029.0,0.0
1778358600,3781029.0,3781029.0,3781029.0,3781029.0,0.0
1778359500,3781029.0,3781029.0,3781029.0,3781029.0,0.0
1778360400,3784195.0,3784195.0,3784195.0,3784195.0,0.05630074
1778361300,3784195.0,3784195.0,3784195.0,3784195.0,0.0
1778362200,3784195.0,3784195.0,3784195.0,3784195.0,0.0
1778363100,3784195.0,3784195.0,3784195.0,3784195.0,0.0
1778364000,3784195.0,3784195.0,3784195.0,3784195.0,0.0
1778364900,3784195.0,3784195.0,3784195.0,3784195.0,0.0
1778365800,3784195.0,3784195.0,3784195.0,3784195.0,0.0
1778366700,3784195.0,3784195.0,3784195.0,3784195.0,0.0
1778367600,3785602.0,3785602.0,3785602.0,3785602.0,0.05535103
1778368500,3785602.0,3785602.0,3785602.0,3785602.0,0.0
1778369400,3785602.0,3785602.0,3785602.0,3785602.0,0.0
1778370300,3785602.0,3785602.0,3785602.0,3785602.0,0.0
1778371200,3785602.0,3785602.0,3785602.0,3785602.0,0.01135353
1778372100,3785602.0,3785602.0,3785602.0,3785602.0,0.0095591
1778373000,3785602.0,3785602.0,3785602.0,3785602.0,0.0
1778373900,3738656.0,3802663.0,3738656.0,3802663.0,0.25822082
1778374800,3805125.0,3805125.0,3805125.0,3805125.0,0.00261725
1778375700,3805125.0,3805125.0,3805125.0,3805125.0,0.0
1778376600,3805125.0,3805125.0,3805125.0,3805125.0,0.0
1778377500,3806198.0,3838000.0,3806198.0,3838000.0,1.62471774
1778378400,3802663.0,3802663.0,3802663.0,3802663.0,0.2606192
1778379300,3739521.0,3802838.0,3738900.0,3802838.0,0.09701471
1778380200,3802838.0,3802838.0,3802838.0,3802838.0,0.0
1778381100,3802000.0,3803366.0,3802000.0,3803366.0,0.02745809
1778382000,3802000.0,3802000.0,3802000.0,3802000.0,0.05652967
1778382900,3802000.0,3802000.0,3802000.0,3802000.0,0.01401921
1778383800,3802000.0,3803366.0,3739348.0,3739348.0,0.20298933
1778384700,3739348.0,3797386.0,3738901.0,3738901.0,0.10126528
1778385600,3741077.0,3805125.0,3741077.0,3805125.0,0.02367497
1778386500,3738901.0,3738901.0,3738901.0,3738901.0,0.00269162
1778387400,3738901.0,3738901.0,3738901.0,3738901.0,0.0
1778388300,3738901.0,3738901.0,3738901.0,3738901.0,0.0
1778389200,3802487.0,3802487.0,3802487.0,3802487.0,0.00492388
1778390100,3801959.0,3803014.0,3747994.0,3747994.0,27.89910268
1778391000,3801000.0,3801000.0,3801000.0,3801000.0,0.02807313
1778391900,3749954.0,3749954.0,3749954.0,3749954.0,0.02634236
1778392800,3749954.0,3749954.0,3749954.0,3749954.0,0.0
1778393700,3740213.0,3740213.0,3740213.0,3740213.0,0.04500256
1778394600,3740213.0,3740213.0,3740213.0,3740213.0,0.0
1778395500,3801000.0,3801000.0,3801000.0,3801000.0,0.01220678
1778396400,3801000.0,3801000.0,3801000.0,3801000.0,0.0
1778397300,3801000.0,3801000.0,3801000.0,3801000.0,0.0
1778398200,3801000.0,3801000.0,3800024.0,3800024.0,0.01281415
1778399100,3800024.0,3800024.0,3800024.0,3800024.0,0.0
1778400000,3800024.0,3800024.0,3800024.0,3800024.0,0.0
1778400900,3801000.0,3801000.0,3745000.0,3745000.0,0.03053824
1778401800,3745000.0,3801000.0,3745000.0,3801000.0,0.03438537
1778402700,3801000.0,3801000.0,3801000.0,3801000.0,0.0
1778403600,3801000.0,3801000.0,3801000.0,3801000.0,0.0
1778404500,3801000.0,3801000.0,3801000.0,3801000.0,0.0
1778405400,3801000.0,3801000.0,3801000.0,3801000.0,0.0
1778406300,3746200.0,3801000.0,3746200.0,3801000.0,0.02580866
1778407200,3746200.0,3746200.0,3746200.0,3746200.0,0.00275772
1778408100,3746200.0,3746200.0,3746200.0,3746200.0,0.0
1778409000,3748167.0,3801000.0,3746200.0,3746200.0,0.22082788
1778409900,3801000.0,3801000.0,3801000.0,3801000.0,0.00590055
1778410800,3750588.0,3750588.0,3750588.0,3750588.0,0.00494162
1778411700,3746200.0,3746200.0,3745000.0,3745000.0,0.0569298
1778412600,3800999.0,3800999.0,3745000.0,3745000.0,0.23825477
1778413500,3800999.0,3808115.0,3800999.0,3808115.0,1.36024813
1778414400,3808115.0,3808115.0,3808115.0,3808115.0,0.0
1778415300,3753700.0,3817964.0,3753700.0,3816733.0,1.34119735
1778416200,3751106.0,3751106.0,3749500.0,3749500.0,1.39227007
1778417100,3750001.0,3812863.0,3750001.0,3812863.0,0.11687417
1778418000,3825000.0,3825000.0,3816381.0,3816381.0,0.03322571
1778418900,3754000.0,3811808.0,3754000.0,3806708.0,1.32344063
1778419800,3806708.0,3806708.0,3806708.0,3806708.0,0.0
1778420700,3822361.0,3822361.0,3816557.0,3816557.0,0.02336486
1778421600,3816557.0,3816557.0,3816557.0,3816557.0,0.0
1778422500,3807411.0,3807411.0,3758023.0,3758023.0,0.01242438
1778423400,3758023.0,3808291.0,3755000.0,3808291.0,0.06189445
1778424300,3759000.0,3759000.0,3759000.0,3759000.0,0.53237113
1778425200,3806000.0,3806000.0,3806000.0,3806000.0,0.0039887
1778426100,3805998.0,3805998.0,3805998.0,3805998.0,0.04193957
1778427000,3761000.0,3801000.0,3761000.0,3761000.0,0.02301957
1778427900,3761000.0,3761000.0,3761000.0,3761000.0,0.0
1778428800,3800000.0,3800000.0,3760002.0,3800000.0,0.14817031
1778429700,3800000.0,3800000.0,3800000.0,3800000.0,0.0
1778430600,3800000.0,3800000.0,3760002.0,3760002.0,0.03400253
1778431500,3798000.0,3798000.0,3798000.0,3798000.0,0.01027408
1778432400,3798000.0,3798000.0,3798000.0,3798000.0,0.0
1778433300,3798000.0,3798000.0,3798000.0,3798000.0,0.0
1778434200,3798000.0,3798000.0,3798000.0,3798000.0,0.0
1778435100,3798000.0,3798000.0,3798000.0,3798000.0,0.0
1778436000,3760002.0,3760002.0,3760000.0,3760000.0,0.23407004
1778436900,3760000.0,3760000.0,3760000.0,3760000.0,0.00321703
1778437800,3760000.0,3760000.0,3760000.0,3760000.0,0.0
1778438700,3802661.0,3802661.0,3802661.0,3802661.0,0.01309477
1778439600,3802661.0,3802661.0,3802661.0,3802661.0,0.0
1778440500,3760000.0,3760000.0,3760000.0,3760000.0,0.0112258
1778441400,3760000.0,3760000.0,3760000.0,3760000.0,0.0
1778442300,3760000.0,3760000.0,3760000.0,3760000.0,0.0
1778443200,3760000.0,3760000.0,3760000.0,3760000.0,0.0
1778444100,3802661.0,3805998.0,3802661.0,3805998.0,0.01078333
1778445000,3760000.0,3760000.0,3754000.0,3754000.0,0.29008517
1778445900,3754000.0,3754000.0,3754000.0,3754000.0,0.0
1778446800,3754000.0,3754000.0,3754000.0,3754000.0,0.0
1778447700,3754000.0,3754000.0,3754000.0,3754000.0,0.0
1778448600,3754000.0,3754000.0,3754000.0,3754000.0,0.0
1778449500,3754000.0,3754000.0,3754000.0,3754000.0,0.0
1778450400,3754000.0,3754000.0,3754000.0,3754000.0,0.0
1778451300,3754000.0,3754000.0,3754000.0,3754000.0,0.0
1778452200,3790361.0,3790361.0,3754000.0,3754000.0,0.02956826
1778453100,3754000.0,3754000.0,3754000.0,3754000.0,0.02687577
1778454000,3754000.0,3754000.0,3754000.0,3754000.0,0.00344568
1778454900,3786520.0,3786520.0,3754000.0,3754000.0,0.03112868
1778455800,3754000.0,3786520.0,3754000.0,3786520.0,0.02890355
1778456700,3786520.0,3787000.0,3786520.0,3787000.0,2.06438472
1778457600,3787000.0,3790470.0,3787000.0,3787000.0,2.05906777
1778458500,3787000.0,3787000.0,3787000.0,3787000.0,0.4053109
1778459400,3785003.0,3785003.0,3732000.0,3732000.0,9.53572851
1778460300,3740000.0,3740000.0,3732000.0,3732000.0,0.05513129
1778461200,3775980.0,3790501.0,3732000.0,3732000.0,0.09475403
1778462100,3778063.0,3778063.0,3778063.0,3778063.0,0.00282049
1778463000,3778063.0,3778063.0,3778063.0,3778063.0,0.0
1778463900,3772407.0,3774850.0,3771653.0,3771653.0,0.07226736
1778464800,3732000.0,3776860.0,3732000.0,3776662.0,0.70807208
1778465700,3785000.0,3785000.0,3779711.0,3779711.0,0.05575119
1778466600,3779711.0,3779711.0,3779711.0,3779711.0,0.0
1778467500,3740000.0,3775000.0,3740000.0,3775000.0,0.82031746
1778468400,3775000.0,3775000.0,3775000.0,3775000.0,0.02188556
1778469300,3775000.0,3790501.0,3735500.0,3735500.0,0.92444875
1778470200,3782342.0,3782342.0,3782342.0,3782342.0,0.01179322
1778471100,3735500.0,3778632.0,3735500.0,3778632.0,0.10195076
1778472000,3735600.0,3778543.0,3735600.0,3778543.0,0.11533776
1778472900,3735603.0,3735603.0,3735603.0,3735603.0,0.01132412
1778473800,3788055.0,3788055.0,3788055.0,3788055.0,0.00527711
1778474700,3789816.0,3789816.0,3789816.0,3789816.0,0.00376746
1778475600,3736000.0,3790000.0,3736000.0,3784907.0,0.74395797
1778476500,3784337.0,3784337.0,3780000.0,3780000.0,0.02530953
1778477400,3780000.0,3786950.0,3780000.0,3786950.0,1.93595594
1778478300,3780762.0,3782844.0,3737000.0,3782844.0,0.22038944
1778479200,3788848.0,3788848.0,3788848.0,3788848.0,1.00088897
1778480100,3790501.0,3838000.0,3737000.0,3737000.0,1.98879081
1778481000,3737000.0,3838000.0,3737000.0,3737000.0,0.09302943
1778481900,3776668.0,3776668.0,3776668.0,3776668.0,0.04166026
1778482800,3776461.0,3776461.0,3737001.0,3737001.0,0.0934531
1778483700,3737001.0,3737001.0,3737001.0,3737001.0,0.0
1778484600,3738000.0,3781539.0,3737001.0,3781539.0,0.50215545
1778485500,3781539.0,3781539.0,3781539.0,3781539.0,0.0
1778486400,3825000.0,3825000.0,3740001.0,3740001.0,0.15743268
1778487300,3776308.0,3776308.0,3776308.0,3776308.0,0.39604687
1778488200,3771030.0,3771030.0,3771030.0,3771030.0,0.00264092
1778489100,3824999.0,3824999.0,3824999.0,3824999.0,0.12931741
1778490000,3765488.0,3765488.0,3765488.0,3765488.0,0.00793442
1778490900,3765488.0,3765488.0,3765488.0,3765488.0,0.0
1778491800,3777566.0,3777566.0,3740002.0,3770751.0,0.75532345
1778492700,3770751.0,3779205.0,3770751.0,3779205.0,2.03120858
1778493600,3773014.0,3773014.0,3772390.0,3772390.0,0.28697026
1778494500,3772390.0,3772390.0,3772390.0,3772390.0,0.0
1778495400,3771454.0,3771454.0,3771443.0,3771443.0,0.0265513
1778496300,3765981.0,3765981.0,3764569.0,3764569.0,0.00749943
1778497200,3764569.0,3764569.0,3764569.0,3764569.0,0.0
1778498100,3740002.0,3740002.0,3740002.0,3740002.0,0.0067793
1778499000,3740002.0,3740002.0,3740002.0,3740002.0,0.0
1778499900,3740002.0,3740002.0,3740002.0,3740002.0,0.0
1778500800,3740003.0,3769359.0,3732000.0,3732000.0,2.19113543
1778501700,3768446.0,3768446.0,3768446.0,3768446.0,0.02652393
1778502600,3732001.0,3732001.0,3732001.0,3732001.0,0.05198754
1778503500,3732001.0,3732001.0,3732001.0,3732001.0,0.00701984
1778504400,3765343.0,3765343.0,3765343.0,3765343.0,0.00843269
1778505300,3771567.0,3771567.0,3771567.0,3771567.0,0.09836176
1778506200,3732005.0,3780847.0,3732005.0,3780847.0,0.03194335
1778507100,3800000.0,3824998.0,3800000.0,3824998.0,0.14830275
1778508000,3824998.0,3824998.0,3824998.0,3824998.0,0.0
1778508900,3820000.0,3820000.0,3820000.0,3820000.0,0.02217144
1778509800,3820000.0,3820000.0,3820000.0,3820000.0,0.0
1778510700,3820000.0,3838383.0,3770270.0,3833187.0,3.81292911
1778511600,3852644.0,3888886.0,3852644.0,3888886.0,0.05508203
1778512500,3888886.0,3888886.0,3888886.0,3888886.0,0.04964583
1778513400,3888882.0,3888882.0,3842126.0,3842126.0,0.03920605
1778514300,3888882.0,3888882.0,3888882.0,3888882.0,0.00512178
1778515200,3844616.0,3844616.0,3844616.0,3844616.0,0.00758203
1778516100,3888882.0,3888888.0,3845129.0,3845129.0,0.81993094
1778517000,3888888.0,3888888.0,3845070.0,3888888.0,0.20712696
1778517900,3888888.0,3888888.0,3888888.0,3888888.0,0.05079472
1778518800,3845070.0,3845070.0,3845070.0,3845070.0,0.00293167
1778519700,3845070.0,3845070.0,3845070.0,3845070.0,0.0
1778520600,3888888.0,3895733.0,3888888.0,3893861.0,0.0184374
1778521500,3894507.0,3894507.0,3892398.0,3892398.0,0.53013952
1778522400,3892398.0,3892398.0,3892398.0,3892398.0,0.0
1778523300,3893533.0,3893533.0,3892864.0,3892864.0,0.16954961
1778524200,3892864.0,3892864.0,3892864.0,3892864.0,0.0
1778525100,3895733.0,3895733.0,3895733.0,3895733.0,0.00818356
1778526000,3845071.0,3845071.0,3845071.0,3845071.0,0.08773072
1778526900,3875486.0,3875486.0,3875486.0,3875486.0,0.06584954
1778527800,3895733.0,3895733.0,3845071.0,3845071.0,0.05497332
1778528700,3845071.0,3845071.0,3845071.0,3845071.0,0.0
1778529600,3845071.0,3845071.0,3845071.0,3845071.0,0.00818356
1778530500,3845071.0,3845071.0,3845071.0,3845071.0,0.0
1778531400,3865831.0,3865831.0,3865831.0,3865831.0,0.01051597
1778532300,3895733.0,3895733.0,3845071.0,3845071.0,0.00545364
1778533200,3845071.0,3845071.0,3845071.0,3845071.0,0.0
1778534100,3845071.0,3845071.0,3845071.0,3845071.0,0.0
1778535000,3845071.0,3845071.0,3845071.0,3845071.0,0.0
1778535900,3861543.0,3861543.0,3861543.0,3861543.0,0.00513447
1778536800,3861543.0,3861543.0,3861543.0,3861543.0,0.0
1778537700,3861543.0,3861543.0,3861543.0,3861543.0,0.0
1778538600,3861543.0,3861543.0,3861543.0,3861543.0,0.0
1778539500,3861543.0,3861543.0,3861543.0,3861543.0,0.0
1778540400,3877942.0,3877950.0,3877942.0,3877950.0,0.02859102
1778541300,3845071.0,3877236.0,3845071.0,3877236.0,0.0151251
1778542200,3877236.0,3877236.0,3877236.0,3877236.0,0.0
1778543100,3877236.0,3877236.0,3877236.0,3877236.0,0.0
1778544000,3878114.0,3879176.0,3850000.0,3879176.0,0.42397024
1778544900,3870482.0,3870482.0,3870482.0,3870482.0,0.00257306
1778545800,3867131.0,3867131.0,3867131.0,3867131.0,0.00257529
1778546700,3895733.0,3895733.0,3865556.0,3867672.0,1.11815987
1778547600,3867672.0,3867672.0,3867672.0,3867672.0,0.0
1778548500,3850001.0,3869981.0,3850001.0,3869981.0,1.98068932
1778549400,3850001.0,3850001.0,3796900.0,3843569.0,1.56788835
1778550300,3796900.0,3796900.0,3796900.0,3796900.0,0.06584954
1778551200,3895733.0,3895733.0,3796900.0,3797735.0,0.44841871
1778552100,3862129.0,3862129.0,3862129.0,3862129.0,0.00257862
1778553000,3895733.0,3895733.0,3862198.0,3862198.0,0.0958362
1778553900,3798197.0,3799223.0,3798197.0,3799223.0,0.01328654
1778554800,3869608.0,3869608.0,3869608.0,3869608.0,1.02946525
1778555700,3871809.0,3871809.0,3871809.0,3871809.0,0.03665134
1778556600,3867949.0,3872244.0,3867949.0,3872244.0,0.50279017
1778557500,3873104.0,3873104.0,3873104.0,3873104.0,0.51529367
1778558400,3873104.0,3873104.0,3873104.0,3873104.0,0.0
1778559300,3865444.0,3865444.0,3865444.0,3865444.0,0.01674658
1778560200,3864735.0,3864735.0,3864735.0,3864735.0,0.2743267
1778561100,3864735.0,3864735.0,3864735.0,3864735.0,0.0
1778562000,3862517.0,3862517.0,3862517.0,3862517.0,0.06445952
1778562900,3858133.0,3858145.0,3858133.0,3858145.0,0.01188681
1778563800,3862517.0,3862517.0,3807912.0,3862517.0,0.01289624
1778564700,3862517.0,3862517.0,3807912.0,3807912.0,0.02526888
1778565600,3862517.0,3862517.0,3862517.0,3862517.0,0.04243346
1778566500,3862517.0,3862517.0,3803207.0,3803207.0,0.29217438
1778567400,3803207.0,3803207.0,3803207.0,3803207.0,0.0
1778568300,3803207.0,3803207.0,3803207.0,3803207.0,0.0
1778569200,3860309.0,3860309.0,3803207.0,3803207.0,0.08715373
1778570100,3862513.0,3862517.0,3862513.0,3862513.0,0.02770682
1778571000,3862513.0,3862513.0,3862513.0,3862513.0,0.0
1778571900,3859030.0,3859030.0,3859030.0,3859030.0,4.08406542
1778572800,3855000.0,3855000.0,3803207.0,3803207.0,0.03905795
1778573700,3803207.0,3803207.0,3803207.0,3803207.0,0.0
1778574600,3803207.0,3803207.0,3803207.0,3803207.0,0.0039887
1778575500,3837982.0,3841517.0,3837982.0,3841517.0,0.01104494
1778576400,3847596.0,3847596.0,3803207.0,3803207.0,0.00545077
1778577300,3803207.0,3803207.0,3803207.0,3803207.0,0.0
1778578200,3803207.0,3803207.0,3803207.0,3803207.0,0.0
1778579100,3857912.0,3857912.0,3855707.0,3855707.0,0.00900137
1778580000,3855707.0,3855707.0,3855707.0,3855707.0,0.0
1778580900,3855707.0,3855707.0,3855707.0,3855707.0,0.0
1778581800,3855707.0,3855707.0,3803215.0,3803215.0,0.03239904
1778582700,3853272.0,3853272.0,3853272.0,3853272.0,0.00576756
1778583600,3853272.0,3853272.0,3803209.0,3853196.0,0.03418656
1778584500,3803209.0,3803209.0,3803209.0,3803209.0,0.00527008
1778585400,3803209.0,3803209.0,3803209.0,3803209.0,0.0
1778586300,3803209.0,3803209.0,3803207.0,3803207.0,0.01051597
1778587200,3803207.0,3803207.0,3788904.0,3792638.0,1.76571344
1778588100,3853196.0,3853196.0,3792336.0,3792336.0,0.08016248
1778589000,3853100.0,3853200.0,3788000.0,3788000.0,0.24077279
1778589900,3853200.0,3853200.0,3809663.0,3809663.0,0.02344776
1778590800,3810529.0,3853200.0,3810529.0,3853200.0,0.0968024
1778591700,3853200.0,3853200.0,3804281.0,3853200.0,0.25192015
1778592600,3844921.0,3855200.0,3844921.0,3855200.0,25.97331041
1778593500,3855200.0,3929490.0,3855200.0,3915278.0,0.67792906
1778594400,3890834.0,3917548.0,3809614.0,3900000.0,2.56742138
1778595300,3900000.0,3900000.0,3888022.0,3888022.0,0.48655443
1778596200,3881998.0,3899996.0,3881998.0,3883243.0,0.01644547
1778597100,3867721.0,3867721.0,3850000.0,3850000.0,0.02323439
1778598000,3812627.0,3860530.0,3812627.0,3860530.0,0.17099638
1778598900,3860527.0,3860527.0,3804022.0,3804022.0,1.09199614
1778599800,3840439.0,3900000.0,3791046.0,3857729.0,0.0822108
1778600700,3794569.0,3900000.0,3794569.0,3794569.0,0.14645454
1778601600,3861182.0,3900000.0,3861182.0,3871307.0,0.40038128
1778602500,3799851.0,3799851.0,3799851.0,3799851.0,0.00296897
1778603400,3853837.0,3853837.0,3798973.0,3798973.0,0.02594081
1778604300,3798973.0,3798973.0,3798973.0,3798973.0,0.0
1778605200,3835057.0,3835466.0,3835057.0,3835466.0,0.03714789
1778606100,3835466.0,3835466.0,3835466.0,3835466.0,0.0
1778607000,3875302.0,3875302.0,3875302.0,3875302.0,0.01398265
1778607900,3810135.0,3869343.0,3810135.0,3869343.0,0.10406693
1778608800,3867119.0,3867119.0,3867119.0,3867119.0,0.05057873
1778609700,3867119.0,3867119.0,3867119.0,3867119.0,0.0
1778610600,3867119.0,3867119.0,3867119.0,3867119.0,0.0
1778611500,3886571.0,3886575.0,3886571.0,3886575.0,0.99999879
1778612400,3894678.0,3894678.0,3894678.0,3894678.0,0.00639256
1778613300,3894678.0,3900000.0,3894678.0,3900000.0,0.02326151
1778614200,3900000.0,3900000.0,3900000.0,3900000.0,0.0
1778615100,3900000.0,3900000.0,3900000.0,3900000.0,0.02558692
1778616000,3900000.0,3900000.0,3900000.0,3900000.0,0.01334846
1778616900,3899565.0,3899565.0,3899565.0,3899565.0,0.00255387
1778617800,3899565.0,3899565.0,3899565.0,3899565.0,0.0
1778618700,3835509.0,3835509.0,3835509.0,3835509.0,0.18883852
1778619600,3835683.0,3835683.0,3835683.0,3835683.0,0.01584863
1778620500,3835683.0,3835683.0,3835683.0,3835683.0,0.0
1778621400,3835683.0,3835683.0,3835683.0,3835683.0,0.0
1778622300,3835683.0,3835683.0,3835683.0,3835683.0,0.0
1778623200,3888294.0,3892553.0,3888294.0,3892553.0,0.01552032
1778624100,3892553.0,3892553.0,3892553.0,3892553.0,0.0
1778625000,3892553.0,3892553.0,3892553.0,3892553.0,0.0
1778625900,3892553.0,3892553.0,3892553.0,3892553.0,0.0
1778626800,3892553.0,3892553.0,3892553.0,3892553.0,0.0
1778627700,3900000.0,3900000.0,3900000.0,3900000.0,0.06801692
1778628600,3890000.0,3902688.0,3840215.0,3899101.0,0.11417147
1778629500,3840217.0,3840217.0,3799001.0,3799001.0,0.81599574
1778630400,3834362.0,3834362.0,3834362.0,3834362.0,0.02595858
1778631300,3897484.0,3897484.0,3897484.0,3897484.0,0.00255523
1778632200,3889118.0,3889118.0,3823981.0,3823981.0,0.02742209
1778633100,3895679.0,3895679.0,3895679.0,3895679.0,0.00255642
1778634000,3896390.0,3896390.0,3896390.0,3896390.0,0.00255595
1778634900,3896390.0,3896390.0,3896390.0,3896390.0,0.0
1778635800,3897543.0,3897543.0,3897543.0,3897543.0,0.04533316
1778636700,3897543.0,3897543.0,3897543.0,3897543.0,0.01062697
1778637600,3897997.0,3897997.0,3897543.0,3897997.0,0.13506988
1778638500,3897997.0,3897997.0,3897997.0,3897997.0,0.0
1778639400,3897543.0,3929494.0,3897543.0,3903419.0,0.34965651
1778640300,3929494.0,3929494.0,3929494.0,3929494.0,0.76163138
1778641200,3929494.0,3929494.0,3929494.0,3929494.0,0.0
1778642100,3929494.0,3929494.0,3904410.0,3904410.0,0.0585881
1778643000,3929494.0,3929494.0,3929494.0,3929494.0,0.00786971
1778643900,3929494.0,3929494.0,3929494.0,3929494.0,0.00724265
1778644800,3929494.0,3929494.0,3929494.0,3929494.0,0.25671854
1778645700,3912120.0,3912120.0,3732000.0,3902866.0,6.64406297
1778646600,3732007.0,3929490.0,3732001.0,3929490.0,0.58000479
1778647500,3929489.0,3929489.0,3929482.0,3929489.0,0.04565856
1778648400,3929490.0,3929490.0,3929489.0,3929489.0,0.15465525
1778649300,3929489.0,3929489.0,3929489.0,3929489.0,0.0
1778650200,3894680.0,3894680.0,3894680.0,3894680.0,0.12250296
1778651100,3896187.0,3896187.0,3740000.0,3740000.0,0.65466594
1778652000,3896986.0,3925000.0,3896221.0,3925000.0,0.38605628
1778652900,3924650.0,3924650.0,3924650.0,3924650.0,0.00768374
1778653800,3905915.0,3924650.0,3905109.0,3905109.0,0.15
1778654700,3925000.0,3925000.0,3895700.0,3895700.0,0.03916657
1778655600,3903603.0,3925000.0,3732000.0,3732000.0,4.53583263
1778656500,3924994.0,3925000.0,3924994.0,3924999.0,0.1877203
1778657400,3924999.0,3925000.0,3924999.0,3925000.0,0.11279159
1778658300,3914334.0,3928000.0,3914334.0,3928000.0,0.02915303
1778659200,3928000.0,3929999.0,3928000.0,3929999.0,0.9503022
1778660100,3929999.0,3929999.0,3929999.0,3929999.0,0.0
1778661000,3949998.0,3949998.0,3949998.0,3949998.0,0.15127678
1778661900,3949998.0,3949998.0,3949998.0,3949998.0,0.00428633
1778662800,3949998.0,3949998.0,3949998.0,3949998.0,0.0
1778663700,3949998.0,3949998.0,3949998.0,3949998.0,0.06710003
1778664600,3936688.0,3950000.0,3936688.0,3950000.0,0.91453527
1778665500,3950000.0,3950000.0,3950000.0,3950000.0,0.0
1778666400,3940251.0,4008417.0,3937117.0,4008417.0,1.24684114
1778667300,4000000.0,4000000.0,3943036.0,3945637.0,0.30289715
1778668200,3945637.0,3945637.0,3945637.0,3945637.0,0.0
1778669100,4000000.0,4003202.0,4000000.0,4003202.0,0.80233495
1778670000,3983197.0,4044032.0,3983197.0,4044032.0,0.12167997
1778670900,3981512.0,3981512.0,3981512.0,3981512.0,0.00440661
1778671800,3993788.0,4005962.0,3936688.0,4003159.0,12.53271133
1778672700,4044032.0,4075000.0,4001592.0,4075000.0,0.9180959
1778673600,3986090.0,4080000.0,3931028.0,4080000.0,0.98460149
1778674500,4035670.0,4232378.0,3965146.0,4232378.0,0.99049122
1778675400,4232378.0,4232378.0,3965146.0,4232378.0,0.22470096
1778676300,3965146.0,4232378.0,3965146.0,3968000.0,25.73999924
1778677200,3968000.0,4070000.0,3965146.0,4070000.0,2.78343857
1778678100,4068000.0,4068000.0,3965146.0,3965146.0,0.00672504
1778679000,3965146.0,3965146.0,3930361.0,3932061.0,1.65283798
1778679900,4058999.0,4058999.0,3930360.0,3930360.0,0.02929433
1778680800,4050000.0,4050000.0,4035000.0,4035000.0,0.03237279
1778681700,4033000.0,4033000.0,3930360.0,4025000.0,0.02544043
1778682600,4020000.0,4020000.0,4018000.0,4018000.0,0.06709385
1778683500,3930360.0,4010000.0,3930360.0,3930360.0,0.08867176
1778684400,4000000.0,4020000.0,3946151.0,3946151.0,0.33227295
1778685300,3956817.0,4020000.0,3949818.0,3949818.0,0.07689351
1778686200,3949818.0,4020000.0,3949818.0,4008823.0,1.48846158
1778687100,3949818.0,4020000.0,3949818.0,4020000.0,0.00768165
1778688000,4020000.0,4020000.0,4020000.0,4020000.0,0.06109558
1778688900,4020000.0,4020000.0,4020000.0,4020000.0,1.24049601
1778689800,4020000.0,4020000.0,3958786.0,3958786.0,0.76850263
1778690700,4020000.0,4020000.0,4020000.0,4020000.0,0.17244004
1778691600,3958743.0,3958743.0,3957238.0,3957238.0,0.03078991
1778692500,3960458.0,3960458.0,3960458.0,3960458.0,0.00255417
1778693400,4020000.0,4020000.0,4012698.0,4012698.0,0.02124578
1778694300,4008445.0,4015179.0,4007027.0,4007027.0,0.05853369
1778695200,4007027.0,4007027.0,4007027.0,4007027.0,0.0
1778696100,4020000.0,4020000.0,3961349.0,3961349.0,0.67141194
1778697000,3960458.0,3960458.0,3960458.0,3960458.0,0.04560836
1778697900,4020000.0,4020000.0,4020000.0,4020000.0,0.00492985
1778698800,4020000.0,4021270.0,3960458.0,4021270.0,0.07411989
1778699700,3960458.0,3960458.0,3960458.0,3960458.0,0.03938823
1778700600,3960458.0,3960458.0,3960458.0,3960458.0,0.0
1778701500,4070000.0,4070000.0,3998388.0,3998388.0,0.03310245
1778702400,3960458.0,3960458.0,3960458.0,3960458.0,0.00428633
1778703300,3960458.0,3960458.0,3960458.0,3960458.0,0.0
1778704200,4008468.0,4008468.0,4008071.0,4008071.0,0.25870695
1778705100,4012176.0,4012176.0,4012176.0,4012176.0,0.01989718
1778706000,4013059.0,4013059.0,4013059.0,4013059.0,0.01240824
1778706900,4007391.0,4007391.0,4007391.0,4007391.0,0.02671912
1778707800,3960458.0,4007391.0,3949818.0,4007391.0,0.67449827
1778708700,4007391.0,4007391.0,4007391.0,4007391.0,0.0
1778709600,3949818.0,3949818.0,3949818.0,3949818.0,0.00324758
1778710500,4027248.0,4027248.0,3959375.0,3959375.0,0.03216448
1778711400,3959375.0,3959375.0,3959375.0,3959375.0,0.0
1778712300,4023351.0,4023351.0,4023351.0,4023351.0,0.11244432
1778713200,3971369.0,3971369.0,3971369.0,3971369.0,0.00315326
1778714100,3964990.0,3964990.0,3964641.0,3964641.0,0.25694073
1778715000,3959927.0,4016175.0,3959927.0,4016175.0,0.13437407
1778715900,4020612.0,4020612.0,4020612.0,4020612.0,0.0027247
1778716800,4020612.0,4020612.0,4020612.0,4020612.0,0.0
1778717700,4041376.0,4041376.0,4041376.0,4041376.0,0.0135533
1778718600,4041376.0,4041376.0,4041376.0,4041376.0,0.00246425
1778719500,4041376.0,4041376.0,3988403.0,4041375.0,0.03001166
1778720400,3962001.0,3983823.0,3962001.0,3982759.0,1.82448083
1778721300,3982763.0,3982763.0,3979891.0,3980355.0,0.22560255
1778722200,3983443.0,4051712.0,3983443.0,4050303.0,0.54213405
1778723100,4050409.0,4050409.0,4050409.0,4050409.0,0.00385245
1778724000,3985440.0,4039396.0,3985440.0,4039396.0,0.02010571
1778724900,4035828.0,4035828.0,4035699.0,4035699.0,0.03158286
1778725800,4043596.0,4043596.0,4043596.0,4043596.0,0.77486746
1778726700,4035699.0,4035699.0,4035699.0,4035699.0,0.01239902
1778727600,4044000.0,4044000.0,4043708.0,4044000.0,1.65995903
1778728500,4044008.0,4048590.0,4035699.0,4035699.0,0.20138202
1778729400,4035699.0,4038938.0,4035699.0,4035699.0,0.02729573
1778730300,4039945.0,4039945.0,3986650.0,4039933.0,0.19133365
1778731200,4021473.0,4021473.0,4021473.0,4021473.0,0.09299378
1778732100,4023381.0,4036815.0,3986650.0,4036815.0,0.10849576
1778733000,4040060.0,4043403.0,4040060.0,4043403.0,0.02215379
1778733900,4044655.0,4044655.0,3986650.0,4043506.0,0.19531834
1778734800,4044175.0,4069999.0,4043952.0,4069999.0,0.07950832
1778735700,4040849.0,4040849.0,4037373.0,4037373.0,0.00959263
1778736600,4000000.0,4040000.0,4000000.0,4040000.0,0.09047907
1778737500,4040000.0,4040000.0,4040000.0,4040000.0,0.0
1778738400,4040000.0,4070000.0,4040000.0,4070000.0,0.06335292
1778739300,4070000.0,4103983.0,4070000.0,4103983.0,0.12034332
1778740200,4102585.0,4102585.0,4102176.0,4102176.0,0.01782591
1778741100,4070050.0,4123720.0,4070050.0,4123720.0,0.01357637
1778742000,4125407.0,4125490.0,4070050.0,4070060.0,1.01000561
1778742900,4114448.0,4121542.0,4000000.0,4000000.0,0.47596149
1778743800,4111552.0,4111552.0,4047489.0,4047489.0,0.01441753
1778744700,4047290.0,4118265.0,4047290.0,4118265.0,0.14687917
1778745600,4113026.0,4113026.0,4043360.0,4043360.0,0.25966273
1778746500,4112571.0,4117458.0,4050944.0,4107311.0,0.05319408
1778747400,4149199.0,4250000.0,4112606.0,4113853.0,1.11479999
1778748300,4091661.0,4200000.0,4091661.0,4200000.0,1.21561111
1778749200,4096996.0,4200000.0,4092364.0,4200000.0,0.33338177
1778750100,4032046.0,4082855.0,4032046.0,4032046.0,2.1313501
1778751000,4032046.0,4086987.0,4032046.0,4086987.0,0.05856085
1778751900,4032046.0,4032046.0,4023268.0,4023268.0,0.28734248
1778752800,4088836.0,4088836.0,4088836.0,4088836.0,0.02684407
1778753700,4091938.0,4091938.0,4091938.0,4091938.0,0.04877346
1778754600,4085065.0,4085065.0,4085065.0,4085065.0,0.0048758
1778755500,4085065.0,4085065.0,4085065.0,4085065.0,0.73765484
1778756400,4026806.0,4085066.0,4026806.0,4085066.0,0.02261874
1778757300,4085066.0,4085066.0,4085066.0,4085066.0,0.0
1778758200,4200000.0,4200000.0,4200000.0,4200000.0,0.38687974
1778759100,4026812.0,4026812.0,4010001.0,4010001.0,1.24778453
1778760000,4199998.0,4200000.0,4199998.0,4200000.0,1.01357667
1778760900,4199996.0,4199996.0,4199992.0,4199992.0,0.0743863
1778761800,4199992.0,4199996.0,4199992.0,4199996.0,0.24008854
1778762700,4199992.0,4199996.0,4010090.0,4199000.0,0.128993
1778763600,4199000.0,4199992.0,4010069.0,4010075.0,0.93624186
1778764500,4010078.0,4010078.0,4010078.0,4010078.0,0.03096716
1778765400,4199962.0,4199968.0,4010096.0,4199963.0,0.04062009
1778766300,4199963.0,4199963.0,4010134.0,4010138.0,0.03617553
1778767200,4199942.0,4199942.0,4010142.0,4010142.0,0.07858898
1778768100,4020009.0,4020009.0,4020009.0,4020009.0,0.01661075
1778769000,4199926.0,4200000.0,4020009.0,4200000.0,2.09176698
1778769900,4020022.0,4200000.0,4020022.0,4200000.0,1.35342447
1778770800,4199998.0,4199998.0,4060000.0,4060000.0,0.00561774
1778771700,4194998.0,4194998.0,4080000.0,4180000.0,0.28884914
1778772600,4180000.0,4180000.0,4100000.0,4120377.0,0.11626429
1778773500,4120377.0,4161204.0,4120377.0,4161204.0,0.00498437
1778774400,4161204.0,4179000.0,4060000.0,4070000.0,0.07273013
1778775300,4190000.0,4190000.0,4100000.0,4100000.0,0.22916071
1778776200,4190000.0,4200000.0,4070050.0,4185000.0,0.68927977
1778777100,4185000.0,4185000.0,4185000.0,4185000.0,0.06626809
1778778000,4185000.0,4185000.0,4185000.0,4185000.0,0.0
1778778900,4185000.0,4185000.0,4185000.0,4185000.0,0.21249605
1778779800,4080000.0,4080000.0,4080000.0,4080000.0,0.00843485
1778780700,4180000.0,4180000.0,4180000.0,4180000.0,0.01595
1778781600,4180000.0,4180000.0,4180000.0,4180000.0,0.0
1778782500,4080000.0,4180000.0,4080000.0,4180000.0,0.02968953
1778783400,4180000.0,4180000.0,4080000.0,4180000.0,0.01925631
1778784300,4180000.0,4180000.0,4180000.0,4180000.0,0.0
1778785200,4180000.0,4180000.0,4180000.0,4180000.0,0.0
1778786100,4180000.0,4180000.0,4180000.0,4180000.0,0.0
1778787000,4180000.0,4180000.0,4180000.0,4180000.0,0.0
1778787900,4180000.0,4180000.0,4180000.0,4180000.0,0.0
1778788800,4179999.0,4179999.0,4179999.0,4179999.0,0.01191268
1778789700,4080003.0,4080003.0,4080003.0,4080003.0,0.00342357
1778790600,4080003.0,4080003.0,4080003.0,4080003.0,0.7314151
1778791500,4080003.0,4080003.0,4080003.0,4080003.0,0.0
1778792400,4080000.0,4080000.0,4080000.0,4080000.0,0.02587608
1778793300,4080003.0,4080003.0,4080003.0,4080003.0,0.01586591
1778794200,4080003.0,4080003.0,4080003.0,4080003.0,11.46682489
1778795100,4080003.0,4080003.0,4080003.0,4080003.0,0.0
1778796000,4080003.0,4080003.0,4080003.0,4080003.0,0.11663625
1778796900,4080003.0,4080003.0,4080003.0,4080003.0,0.0
1778797800,4179999.0,4180000.0,4080003.0,4080003.0,0.02773489
1778798700,4080003.0,4080003.0,4080003.0,4080003.0,0.0
1778799600,4080003.0,4080003.0,4080003.0,4080003.0,0.0
1778800500,4085000.0,4085000.0,4085000.0,4085000.0,0.0026773
1778801400,4180000.0,4180000.0,4180000.0,4180000.0,0.02644306
1778802300,4180000.0,4240000.0,4180000.0,4240000.0,0.61229588
1778803200,4240000.0,4240000.0,4240000.0,4240000.0,0.02332405
1778804100,4240000.0,4240000.0,4100000.0,4240000.0,0.27049341
1778805000,4240000.0,4240000.0,4240000.0,4240000.0,0.0
1778805900,4240000.0,4240000.0,4240000.0,4240000.0,0.27503064
1778806800,4240000.0,4240000.0,4240000.0,4240000.0,0.0
1778807700,4240000.0,4250000.0,4240000.0,4250000.0,0.076665
1778808600,4250000.0,4250000.0,4145247.0,4145247.0,0.16189619
1778809500,4141153.0,4250000.0,4141153.0,4219833.0,0.75770161
1778810400,4213000.0,4250000.0,4132008.0,4132008.0,0.16175679
1778811300,4132008.0,4132008.0,4132008.0,4132008.0,0.0
1778812200,4132008.0,4200677.0,4132008.0,4200677.0,0.00866148
1778813100,4132008.0,4215404.0,4132008.0,4212179.0,0.04191594
1778814000,4204285.0,4204285.0,4203283.0,4203283.0,0.09578411
1778814900,4208625.0,4208625.0,4208625.0,4208625.0,0.00482271
1778815800,4208625.0,4208625.0,4201516.0,4201516.0,0.38303161
1778816700,4150000.0,4210583.0,4150000.0,4210583.0,0.02642247
1778817600,4150000.0,4204003.0,4150000.0,4204003.0,0.05737224
1778818500,4210583.0,4210583.0,4150000.0,4150000.0,0.05683604
1778819400,4150000.0,4183141.0,4150000.0,4183141.0,0.0225993
1778820300,4150000.0,4190788.0,4150000.0,4150000.0,0.16680377
1778821200,4150000.0,4159495.0,4150000.0,4159495.0,0.03015388
1778822100,4155554.0,4155554.0,4149529.0,4149529.0,0.15490994
1778823000,4132102.0,4132102.0,4100000.0,4116905.0,2.17551844
1778823900,4100000.0,4110000.0,4100000.0,4100000.0,2.77571794
1778824800,4110216.0,4110216.0,4080003.0,4080003.0,0.31443677
1778825700,4080003.0,4131923.0,4080003.0,4131923.0,3.44716881
1778826600,4133725.0,4133725.0,4080003.0,4080003.0,0.75598322
1778827500,4080003.0,4155671.0,4080003.0,4080003.0,0.25893116
1778828400,4155671.0,4159709.0,4080003.0,4154167.0,0.24230049
1778829300,4156287.0,4157573.0,4080006.0,4153173.0,0.35756601
1778830200,4200000.0,4200000.0,4200000.0,4200000.0,0.047005
1778831100,4200000.0,4200000.0,4080006.0,4145832.0,0.05206075
1778832000,4145832.0,4145832.0,4145832.0,4145832.0,0.0
1778832900,4080006.0,4080006.0,4080006.0,4080006.0,0.04194165
1778833800,4080006.0,4080006.0,4080000.0,4080000.0,23.0698171
1778834700,4114960.0,4114960.0,4102755.0,4102755.0,0.02407635
1778835600,4098830.0,4098830.0,4098830.0,4098830.0,0.54269389
1778836500,4080000.0,4085765.0,4070001.0,4070001.0,0.27368007
1778837400,4087177.0,4099836.0,4040000.0,4040000.0,0.53158314
1778838300,4079112.0,4079112.0,4010002.0,4010002.0,2.66071333
1778839200,4010002.0,4010002.0,4010002.0,4010002.0,0.03710741
1778840100,4095088.0,4095088.0,4093207.0,4093207.0,0.05272469
1778841000,4010002.0,4094483.0,4010002.0,4094483.0,0.0806978
1778841900,4100108.0,4199200.0,4100108.0,4199200.0,0.02316081
1778842800,4199200.0,4199200.0,4032324.0,4199196.0,0.08674024
1778843700,4109884.0,4199200.0,4020453.0,4023766.0,0.3019862
1778844600,4115325.0,4199205.0,4115325.0,4199205.0,0.91510226
1778845500,4106205.0,4112377.0,4106205.0,4112377.0,0.00593281
1778846400,4199166.0,4199166.0,4199166.0,4199166.0,0.00772391
1778847300,4076765.0,4076765.0,4076765.0,4076765.0,0.09242328
1778848200,4023999.0,4074680.0,4000000.0,4074680.0,0.78075621
1778849100,4077593.0,4199150.0,4000001.0,4002495.0,0.05773361
1778850000,4081384.0,4081384.0,4081384.0,4081384.0,0.01032737
1778850900,4075409.0,4198008.0,4075409.0,4198008.0,0.02721626
1778851800,4061012.0,4061012.0,4061012.0,4061012.0,1.95525696
1778852700,4000001.0,4198000.0,4000001.0,4198000.0,1.05661453
1778853600,4158000.0,4197999.0,4000000.0,4197996.0,22.19836719
1778854500,4150000.0,4189998.0,4000000.0,4189998.0,0.2576551
1778855400,4189988.0,4189990.0,4189988.0,4189990.0,0.12492441
1778856300,4189990.0,4189990.0,4189990.0,4189990.0,0.0
1778857200,4189990.0,4189990.0,4189990.0,4189990.0,0.02139169
1778858100,4189990.0,4189990.0,4000033.0,4000033.0,0.29682171
1778859000,4000033.0,4070060.0,4000033.0,4070060.0,0.07231861
1778859900,4000033.0,4020049.0,4000033.0,4000033.0,0.09692674
1778860800,4000033.0,4000033.0,4000033.0,4000033.0,0.02322108
1778861700,4071005.0,4071005.0,4071005.0,4071005.0,0.01201079
1778862600,4071034.0,4071034.0,4070148.0,4070148.0,0.00693358
1778863500,4070148.0,4070148.0,4000033.0,4066567.0,0.68473751
1778864400,4070148.0,4070148.0,4070148.0,4070148.0,0.00882228
1778865300,4001190.0,4001190.0,4001190.0,4001190.0,0.01191268
1778866200,4000037.0,4102182.0,4000037.0,4099174.0,1.06770444
1778867100,4099174.0,4099174.0,4099174.0,4099174.0,0.0
1778868000,4126606.0,4126606.0,4126606.0,4126606.0,0.00715648
1778868900,4103045.0,4189650.0,4103045.0,4189650.0,0.00493806
1778869800,4018752.0,4018752.0,4018752.0,4018752.0,0.14993137
1778870700,4018752.0,4189650.0,4000008.0,4189650.0,0.37511606
1778871600,4189650.0,4189650.0,4189650.0,4189650.0,0.0
1778872500,4067570.0,4067570.0,4067570.0,4067570.0,0.01203789
1778873400,4000008.0,4000008.0,4000008.0,4000008.0,0.01346474
1778874300,4000008.0,4000008.0,4000001.0,4000001.0,0.35330603
1778875200,4000001.0,4000001.0,4000000.0,4000000.0,32.86146
1778876100,4000000.0,4000000.0,4000000.0,4000000.0,13.12372962
1778877000,4000000.0,4010095.0,4000000.0,4000000.0,13.14869573
1778877900,4000000.0,4000000.0,4000000.0,4000000.0,8.89194822
1778878800,4000000.0,4000000.0,4000000.0,4000000.0,5.24019119
1778879700,4010165.0,4010165.0,4000000.0,4000000.0,5.79426752
1778880600,4010343.0,4010343.0,4000000.0,4000000.0,0.22806254
1778881500,4000000.0,4000000.0,4000000.0,4000000.0,0.0
1778882400,4010165.0,4010165.0,4000000.0,4000000.0,0.16708441
1778883300,4000000.0,4000000.0,4000000.0,4000000.0,0.0
1778884200,4010165.0,4010165.0,4010165.0,4010165.0,0.37624286
1778885100,4010343.0,4189649.0,4000000.0,4002323.0,1.64329045
1778886000,4000000.0,4000000.0,4000000.0,4000000.0,55.01113389
1778886900,3999741.0,3999741.0,3921680.0,3921684.0,2.43046588
1778887800,3921684.0,3921684.0,3921684.0,3921684.0,0.0
1778888700,3920858.0,3920858.0,3920858.0,3920858.0,0.02010773
1778889600,3920858.0,3920858.0,3920858.0,3920858.0,0.0
1778890500,3920858.0,3920858.0,3920858.0,3920858.0,0.0
1778891400,3920866.0,3920866.0,3920866.0,3920866.0,0.015937
1778892300,3993589.0,3993589.0,3985565.0,3985565.0,0.35485049
1778893200,3983430.0,3984678.0,3920866.0,3920866.0,0.57643392
1778894100,3983252.0,3983252.0,3982361.0,3982361.0,0.00625125
1778895000,3980579.0,3980579.0,3921000.0,3921000.0,0.10163955
1778895900,4087649.0,4087649.0,4087649.0,4087649.0,0.00243636
1778896800,3978258.0,3978262.0,3978258.0,3978262.0,0.00658453
1778897700,3921000.0,3958254.0,3921000.0,3958254.0,0.16850029
1778898600,3958254.0,3958254.0,3958254.0,3958254.0,0.00280805
1778899500,3921002.0,3958254.0,3921002.0,3958254.0,0.01794875
1778900400,3958254.0,3958254.0,3958254.0,3958254.0,0.0
1778901300,3958254.0,3958254.0,3958254.0,3958254.0,0.00574494
1778902200,3958254.0,3978262.0,3925000.0,3978262.0,0.2716282
1778903100,3978262.0,3978262.0,3978261.0,3978261.0,0.0141729
1778904000,3978262.0,3978262.0,3978262.0,3978262.0,0.01282796
1778904900,3978262.0,3978262.0,3978262.0,3978262.0,0.03468358
1778905800,3996976.0,3996976.0,3996976.0,3996976.0,0.03986613
1778906700,4087648.0,4087649.0,4087648.0,4087649.0,0.09344321
1778907600,4087648.0,4087648.0,4087648.0,4087648.0,0.01218182
1778908500,4003036.0,4003036.0,4003036.0,4003036.0,0.04625888
1778909400,3978262.0,4087000.0,3978262.0,3978262.0,0.03795244
1778910300,3978262.0,3978262.0,3978262.0,3978262.0,0.0
1778911200,4003748.0,4003748.0,4001431.0,4001431.0,0.05321481
1778912100,4001431.0,4001431.0,4001431.0,4001431.0,0.0
1778913000,3978262.0,4086999.0,3978262.0,3978262.0,0.30727349
1778913900,3978262.0,3978262.0,3978262.0,3978262.0,4.97675177
1778914800,3997154.0,3997154.0,3988777.0,3988777.0,0.00524173
1778915700,3979331.0,3979331.0,3978261.0,3978261.0,1.14547549
1778916600,3978260.0,3978260.0,3978260.0,3978260.0,0.02503355
1778917500,3978260.0,3978260.0,3978260.0,3978260.0,1.33414021
1778918400,3978260.0,3978260.0,3978260.0,3978260.0,0.00274466
1778919300,3925000.0,3925000.0,3921006.0,3921006.0,0.02898299
1778920200,3978260.0,3978260.0,3978260.0,3978260.0,0.0037549
1778921100,3978260.0,3978260.0,3978260.0,3978260.0,0.0
1778922000,3921006.0,3921006.0,3921006.0,3921006.0,0.05154442
1778922900,3921006.0,3921006.0,3921006.0,3921006.0,0.0
1778923800,3921006.0,3921006.0,3921006.0,3921006.0,0.0
1778924700,3921006.0,3921006.0,3921006.0,3921006.0,0.0
1778925600,3921005.0,3921006.0,3921000.0,3921006.0,1.3642583
1778926500,3977549.0,3978260.0,3921006.0,3978260.0,1.62614996
1778927400,3921006.0,3978260.0,3921006.0,3921006.0,0.13818532
1778928300,3921006.0,3921006.0,3921006.0,3921006.0,0.0
1778929200,3921007.0,3978260.0,3921007.0,3978260.0,0.10882606
1778930100,3978260.0,3978260.0,3978260.0,3978260.0,0.01519458
1778931000,3978260.0,3978260.0,3978260.0,3978260.0,0.0
1778931900,3921009.0,3921009.0,3921009.0,3921009.0,0.00451796
1778932800,3921009.0,3978259.0,3921006.0,3978259.0,0.04110427
1778933700,3921006.0,3921006.0,3921000.0,3921000.0,0.13104
1778934600,3921000.0,3921000.0,3921000.0,3921000.0,0.00868212
1778935500,3978260.0,3978260.0,3921000.0,3921000.0,0.01001442
1778936400,3921000.0,3921000.0,3900000.0,3900000.0,1.21561111
1778937300,3900000.0,3900000.0,3900000.0,3900000.0,0.03831907
1778938200,3901804.0,3901804.0,3900000.0,3900000.0,0.03745376
1778939100,3900000.0,3900000.0,3891866.0,3891866.0,1.39426779
1778940000,3898000.0,3918372.0,3891866.0,3918372.0,0.18440035
1778940900,3918372.0,3977901.0,3918372.0,3977901.0,0.01025973
1778941800,3977901.0,3977901.0,3977901.0,3977901.0,0.0
1778942700,3977901.0,3977901.0,3977901.0,3977901.0,0.00250358
1778943600,3977901.0,3979331.0,3890300.0,3890300.0,0.1896246
1778944500,3975223.0,3975223.0,3975223.0,3975223.0,0.00375777
1778945400,3978436.0,3981648.0,3978436.0,3981648.0,0.34287176
1778946300,3981113.0,3981113.0,3893618.0,3893618.0,0.27323903
1778947200,3893268.0,3893268.0,3893268.0,3893268.0,0.0092045
1778948100,3895536.0,3983252.0,3895536.0,3983252.0,0.33243697
1778949000,4079999.0,4079999.0,3982000.0,3982000.0,0.02273651
1778949900,3982000.0,3982000.0,3982000.0,3982000.0,0.0
1778950800,3982000.0,3982000.0,3982000.0,3982000.0,0.0
1778951700,3989130.0,3989130.0,3989130.0,3989130.0,0.02501522
1778952600,3982000.0,3982000.0,3982000.0,3982000.0,0.00771458
1778953500,3982000.0,3982000.0,3982000.0,3982000.0,0.0
1778954400,3904423.0,3904423.0,3904423.0,3904423.0,0.01223699
1778955300,3904423.0,3904423.0,3904423.0,3904423.0,0.0
1778956200,3904423.0,3904423.0,3904423.0,3904423.0,0.0
1778957100,3991981.0,3991981.0,3991981.0,3991981.0,0.10286772
1778958000,3990021.0,3990025.0,3989843.0,3989847.0,0.39140602
1778958900,3990729.0,3990729.0,3990729.0,3990729.0,0.00333172
1778959800,3990729.0,3990729.0,3990729.0,3990729.0,0.0
1778960700,3990729.0,3990729.0,3990729.0,3990729.0,0.0
1778961600,3990729.0,3990729.0,3990729.0,3990729.0,0.0
1778962500,3990729.0,3990729.0,3990729.0,3990729.0,0.0
1778963400,3990729.0,3990729.0,3990729.0,3990729.0,0.0
1778964300,3990729.0,3990729.0,3990729.0,3990729.0,0.0
1778965200,3990729.0,3990729.0,3990729.0,3990729.0,0.0
1778966100,3903207.0,3903207.0,3903207.0,3903207.0,0.11864679
1778967000,3903207.0,3903207.0,3903207.0,3903207.0,0.0
1778967900,3993584.0,3993584.0,3993584.0,3993584.0,0.00249374
1778968800,3993584.0,3993584.0,3993584.0,3993584.0,0.0
1778969700,3993584.0,3993584.0,3993584.0,3993584.0,0.0
1778970600,3985922.0,3985922.0,3905465.0,3985213.0,0.01997706
1778971500,3900004.0,3986278.0,3900004.0,3986278.0,0.00669452
1778972400,3900004.0,3982892.0,3900004.0,3982892.0,0.08141454
1778973300,3901470.0,3901470.0,3900936.0,3900936.0,0.02241953
1778974200,3900940.0,3900940.0,3900940.0,3900940.0,0.00371644
1778975100,3900940.0,3900940.0,3900940.0,3900940.0,0.0
1778976000,3900940.0,3900940.0,3900940.0,3900940.0,0.0
1778976900,3900940.0,3900940.0,3900940.0,3900940.0,0.0
1778977800,3900940.0,3900940.0,3900940.0,3900940.0,0.0
1778978700,3982000.0,3982000.0,3982000.0,3982000.0,0.00449296
1778979600,3982000.0,3982000.0,3982000.0,3982000.0,0.0
1778980500,3981995.0,3982004.0,3929495.0,3982004.0,0.19692181
1778981400,4086000.0,4086000.0,3981648.0,3981648.0,0.03491445
1778982300,3982004.0,4086000.0,3982004.0,4086000.0,0.04817428
1778983200,4086000.0,4086000.0,4086000.0,4086000.0,0.0
1778984100,3930000.0,3930000.0,3929495.0,3929495.0,0.00980598
1778985000,4085999.0,4085999.0,4085999.0,4085999.0,0.01218673
1778985900,3983074.0,4085999.0,3983074.0,4085999.0,0.05170782
1778986800,3929495.0,3950000.0,3929495.0,3950000.0,0.2119807
1778987700,3950000.0,3950000.0,3950000.0,3950000.0,0.0
1778988600,3950000.0,3950000.0,3950000.0,3950000.0,0.0
1778989500,3990381.0,3990381.0,3907731.0,3907731.0,2.53877453
1778990400,3910000.0,3910000.0,3910000.0,3910000.0,0.04552552
1778991300,3910000.0,3910000.0,3910000.0,3910000.0,0.0
1778992200,3910000.0,3910000.0,3910000.0,3910000.0,0.0
1778993100,3990025.0,4085999.0,3990025.0,4085999.0,0.02793152
1778994000,3990203.0,3994302.0,3990203.0,3994302.0,0.14723938
1778994900,3992342.0,3992342.0,3989668.0,3989668.0,0.05883511
1778995800,3923000.0,3923000.0,3923000.0,3923000.0,0.09117092
1778996700,3923000.0,3923000.0,3923000.0,3923000.0,0.00894435
1778997600,3923000.0,3923000.0,3923000.0,3923000.0,0.0
1778998500,3923000.0,3923000.0,3923000.0,3923000.0,0.0
1778999400,3923000.0,3923000.0,3923000.0,3923000.0,0.0
1779000300,3923000.0,3923000.0,3923000.0,3923000.0,0.00449296
1779001200,3923000.0,3923000.0,3923000.0,3923000.0,0.0
1779002100,3923000.0,3923000.0,3923000.0,3923000.0,0.0
1779003000,3923000.0,3923000.0,3910000.0,3910000.0,0.63333755
1779003900,3910000.0,3910002.0,3910000.0,3910001.0,0.03831752
1779004800,3910001.0,3910001.0,3910001.0,3910001.0,0.0
1779005700,3910001.0,3910001.0,3910001.0,3910001.0,0.0
1779006600,3991602.0,3992520.0,3910004.0,3910004.0,0.08918103
1779007500,3992516.0,3992516.0,3910001.0,3910001.0,0.0073655
1779008400,3910001.0,3910001.0,3910001.0,3910001.0,0.0
1779009300,3997328.0,3997332.0,3996263.0,3996263.0,0.08912628
1779010200,3996263.0,3996263.0,3996263.0,3996263.0,0.0
1779011100,4000719.0,4000719.0,3910695.0,3910695.0,0.02032401
1779012000,3910695.0,3910695.0,3910695.0,3910695.0,0.0
1779012900,4003927.0,4003927.0,4003927.0,4003927.0,0.02445823
1779013800,4003036.0,4003036.0,3915926.0,3915926.0,0.00680593
1779014700,3915926.0,3915926.0,3915926.0,3915926.0,0.0
1779015600,3919936.0,3921157.0,3919936.0,3921157.0,0.70530941
1779016500,4007670.0,4007670.0,4007670.0,4007670.0,0.00273325
1779017400,3920637.0,3920637.0,3920637.0,3920637.0,0.00265817
1779018300,4006596.0,4006596.0,4004992.0,4004992.0,0.01258145
1779019200,4003734.0,4003734.0,4003734.0,4003734.0,0.00636951
1779020100,3917150.0,3917150.0,3917150.0,3917150.0,0.01072877
1779021000,3917150.0,3917150.0,3917150.0,3917150.0,0.0
1779021900,3917150.0,3917150.0,3917150.0,3917150.0,0.0
1779022800,3921509.0,3921509.0,3921509.0,3921509.0,0.00420257
1779023700,3924996.0,3924996.0,3924996.0,3924996.0,0.01281835
1779024600,3924996.0,3924996.0,3924996.0,3924996.0,0.0
1779025500,3924996.0,3924996.0,3924996.0,3924996.0,0.0
1779026400,4013902.0,4018363.0,3931618.0,3931618.0,0.16273664
1779027300,3927607.0,3927607.0,3927433.0,3927433.0,0.03318877
1779028200,3926565.0,3926565.0,3926565.0,3926565.0,0.00512509
1779029100,3926565.0,3926565.0,3926565.0,3926565.0,0.0
1779030000,3924992.0,4006418.0,3924992.0,4006418.0,0.03816333
1779030900,4000000.0,4000000.0,4000000.0,4000000.0,0.02494725
1779031800,4009986.0,4009986.0,4009986.0,4009986.0,0.00377158
1779032700,4009986.0,4009986.0,4009986.0,4009986.0,0.0
1779033600,3928852.0,3928852.0,3928852.0,3928852.0,0.00302064
1779034500,4011412.0,4011412.0,4011412.0,4011412.0,0.01241333
1779035400,4012481.0,4015508.0,3928852.0,4014620.0,0.15613202
1779036300,3928846.0,3928846.0,3928846.0,3928846.0,0.01545312
1779037200,3928846.0,3928846.0,3922551.0,3922551.0,0.49448802
1779038100,4005858.0,4007844.0,3922551.0,3922551.0,0.0952921
1779039000,3922551.0,3922555.0,3922551.0,3922551.0,0.35078562
1779039900,3922551.0,3922551.0,3922551.0,3922551.0,0.0
1779040800,3922551.0,3922551.0,3922551.0,3922551.0,0.0
1779041700,4009448.0,4009452.0,4008378.0,4008378.0,0.26640397
1779042600,4007309.0,4007309.0,4007309.0,4007309.0,0.0431746
1779043500,3926057.0,3926057.0,3926057.0,3926057.0,0.0281465
1779044400,3926057.0,3926057.0,3926057.0,3926057.0,0.0
1779045300,3926057.0,3926057.0,3926057.0,3926057.0,0.0
1779046200,4010699.0,4015151.0,3927437.0,4015151.0,0.0109374
1779047100,4015151.0,4015151.0,4015151.0,4015151.0,0.0
1779048000,4015151.0,4015151.0,4015151.0,4015151.0,0.0
1779048900,4015151.0,4015151.0,4015151.0,4015151.0,0.0
1779049800,4015151.0,4015151.0,4015151.0,4015151.0,0.0
1779050700,4015151.0,4015151.0,4015151.0,4015151.0,0.0
1779051600,4014996.0,4014996.0,4014996.0,4014996.0,0.00248045
1779052500,3940684.0,3940684.0,3940684.0,3940684.0,0.00337551
1779053400,4012996.0,4012996.0,4012996.0,4012996.0,0.0092771
1779054300,4012996.0,4012996.0,4012996.0,4012996.0,0.0
1779055200,4012996.0,4012996.0,4012996.0,4012996.0,0.0
1779056100,4012996.0,4012996.0,3935615.0,3935615.0,0.00653466
1779057000,3935615.0,3935615.0,3935615.0,3935615.0,0.0
1779057900,3934938.0,3934938.0,3934938.0,3934938.0,0.01519458
1779058800,3934938.0,3934938.0,3934938.0,3934938.0,0.0
1779059700,3934934.0,3934934.0,3925319.0,3925319.0,1.19579213
1779060600,4008760.0,4008760.0,3922643.0,3983636.0,0.0222508
1779061500,3985062.0,3985062.0,3922642.0,3922642.0,0.01270068
1779062400,3922642.0,3922642.0,3922551.0,3922551.0,0.18294169
1779063300,3922551.0,4085999.0,3922551.0,4085999.0,0.31565528
1779064200,3922551.0,3922551.0,3922551.0,3922551.0,0.32316036
1779065100,3959179.0,3959179.0,3959179.0,3959179.0,0.00251542
1779066000,3922551.0,3959179.0,3922551.0,3959179.0,0.03477649
1779066900,3959179.0,3959179.0,3959179.0,3959179.0,0.0
1779067800,3922551.0,3922551.0,3922551.0,3922551.0,0.19689321
1779068700,3922551.0,3959179.0,3922551.0,3959179.0,0.01747037
1779069600,3959179.0,3959179.0,3959179.0,3959179.0,0.0
1779070500,3959179.0,3959179.0,3959179.0,3959179.0,0.01462096
1779071400,3959179.0,3959179.0,3959179.0,3959179.0,0.0
1779072300,3922551.0,3922551.0,3922551.0,3922551.0,0.03540452
1779073200,3922551.0,3922551.0,3922551.0,3922551.0,0.0
1779074100,3922552.0,3959179.0,3922552.0,3959179.0,0.04461889
1779075000,3922552.0,3922552.0,3922552.0,3922552.0,0.01015676
1779075900,3959179.0,3959179.0,3959179.0,3959179.0,0.0125771
1779076800,3926336.0,3959179.0,3926336.0,3959179.0,0.28682325
1779077700,3959179.0,3959179.0,3959179.0,3959179.0,0.01225001
1779078600,3959175.0,3959179.0,3959175.0,3959179.0,0.0065799
1779079500,3959179.0,3959179.0,3959179.0,3959179.0,0.0
1779080400,3959179.0,3959179.0,3959179.0,3959179.0,0.00503084
1779081300,3959179.0,3959179.0,3959179.0,3959179.0,0.0
1779082200,3922556.0,3959179.0,3922556.0,3959179.0,0.54332747
1779083100,3959179.0,3959179.0,3959175.0,3959175.0,0.01529256
1779084000,3959175.0,3959179.0,3959175.0,3959179.0,0.0114736
1779084900,3922552.0,3922552.0,3922552.0,3922552.0,0.08821246
1779085800,3922552.0,3922552.0,3922552.0,3922552.0,0.0
1779086700,3922552.0,3922552.0,3922552.0,3922552.0,0.0
1779087600,3924673.0,3924673.0,3924673.0,3924673.0,0.0537458
1779088500,3924672.0,3924672.0,3924204.0,3924204.0,0.0125771
1779089400,3924204.0,3924204.0,3924204.0,3924204.0,0.0
1779090300,3959179.0,3959179.0,3959179.0,3959179.0,0.01301507
1779091200,3924451.0,3959179.0,3922552.0,3949659.0,0.37485956
1779092100,4037093.0,4052460.0,3973418.0,4052460.0,6.49730728
1779093000,4052456.0,4052460.0,3986722.0,3986730.0,0.04998757
1779093900,4052456.0,4052460.0,4049996.0,4050000.0,0.04439744
1779094800,4049986.0,4049990.0,4049986.0,4049990.0,0.1024958
1779095700,4049990.0,4049990.0,4049990.0,4049990.0,0.09099552
1779096600,3986734.0,4049986.0,3986734.0,4049986.0,0.09136265
1779097500,4049986.0,4049986.0,4049986.0,4049986.0,0.0
1779098400,4049990.0,4049990.0,4049990.0,4049990.0,0.01072496
1779099300,3986734.0,3986734.0,3986734.0,3986734.0,0.00348223
1779100200,4049990.0,4049990.0,3986734.0,3986734.0,0.01211003
1779101100,3986734.0,3986734.0,3986734.0,3986734.0,0.0
1779102000,3989734.0,4049990.0,3962057.0,4049990.0,1.74148267
1779102900,3968733.0,4049990.0,3968733.0,3978327.0,0.03020284
1779103800,3978327.0,3978327.0,3978327.0,3978327.0,0.0
1779104700,3978327.0,3978327.0,3978327.0,3978327.0,0.0
1779105600,4004220.0,4004220.0,4004220.0,4004220.0,0.00498844
1779106500,4049986.0,4049990.0,4049986.0,4049990.0,0.01231954
1779107400,4049990.0,4086000.0,4049990.0,4086000.0,0.61873432
1779108300,4085999.0,4086000.0,4028169.0,4086000.0,0.06599568
1779109200,4086000.0,4086000.0,4086000.0,4086000.0,0.02264463
1779110100,4085000.0,4085000.0,4017621.0,4019581.0,0.0402842
1779111000,4025421.0,4028522.0,4000000.0,4028522.0,0.0702667
1779111900,4014844.0,4045011.0,4000000.0,4045011.0,0.08856894
1779112800,4039293.0,4039293.0,3941797.0,3941797.0,0.83976207
1779113700,3941797.0,4085000.0,3941797.0,4085000.0,1.256379
1779114600,3958177.0,3983199.0,3958177.0,3983199.0,0.03184266
1779115500,3967209.0,3967209.0,3936623.0,3954922.0,0.0769582
1779116400,3936623.0,3936623.0,3936623.0,3936623.0,0.01933773
1779117300,3993773.0,3993773.0,3936623.0,3936623.0,0.08005207
1779118200,3974834.0,3974834.0,3936623.0,3936623.0,0.12615804
1779119100,3936623.0,3936623.0,3936623.0,3936623.0,0.0
1779120000,3936623.0,3936623.0,3936623.0,3936623.0,0.0
1779120900,3936623.0,3936623.0,3936623.0,3936623.0,0.0
1779121800,3936623.0,4085000.0,3936623.0,3964842.0,0.68173894
1779122700,3954177.0,3971747.0,3954177.0,3971747.0,0.02364331
1779123600,3936623.0,4085000.0,3936623.0,4085000.0,0.06384541
1779124500,3966046.0,3966046.0,3966046.0,3966046.0,0.00754276
1779125400,3964556.0,3964556.0,3936623.0,3962588.0,0.05352355
1779126300,3962588.0,3962588.0,3962588.0,3962588.0,0.0
1779127200,3936623.0,3950179.0,3936623.0,3941818.0,0.03709507
1779128100,3936623.0,3936623.0,3922552.0,3922552.0,0.3438628
1779129000,3922552.0,3922552.0,3922552.0,3922552.0,0.0
1779129900,3922552.0,3922552.0,3919064.0,3919064.0,1.24151676
1779130800,3919064.0,3919064.0,3919064.0,3919064.0,0.0
1779131700,3947679.0,3947679.0,3947679.0,3947679.0,0.018635
1779132600,3940139.0,3940139.0,3940139.0,3940139.0,1.01103615
1779133500,3940139.0,3940139.0,3940139.0,3940139.0,0.0
1779134400,3940139.0,3940139.0,3940139.0,3940139.0,0.0
1779135300,3940139.0,3940139.0,3940139.0,3940139.0,0.0
1779136200,3940139.0,3940139.0,3940139.0,3940139.0,0.0
1779137100,3940139.0,3940139.0,3940139.0,3940139.0,0.0
1779138000,3940139.0,3940139.0,3940139.0,3940139.0,0.0
1779138900,3940139.0,3940139.0,3940139.0,3940139.0,0.0
1779139800,3940139.0,3940139.0,3940139.0,3940139.0,0.0
1779140700,3917150.0,3925647.0,3917150.0,3925647.0,0.01739335
1779141600,3925647.0,3925647.0,3925647.0,3925647.0,0.06057158
1779142500,4001609.0,4006100.0,4001609.0,4006100.0,0.0074618
1779143400,4008397.0,4008397.0,4008397.0,4008397.0,0.00248453
1779144300,3998616.0,4002879.0,3998616.0,4002879.0,0.02968806
1779145200,4002879.0,4002879.0,4002879.0,4002879.0,0.0
1779146100,4003660.0,4003660.0,3915926.0,3915926.0,0.40384338
1779147000,3915934.0,3915934.0,3915934.0,3915934.0,0.02564445
1779147900,3915934.0,3915934.0,3915934.0,3915934.0,0.0
1779148800,3915934.0,3915934.0,3915934.0,3915934.0,0.0
1779149700,3992406.0,3999489.0,3992406.0,3998993.0,0.1620067
1779150600,3998993.0,3998993.0,3998993.0,3998993.0,0.0
1779151500,3915947.0,3915947.0,3915947.0,3915947.0,0.0118951
1779152400,3966775.0,3966775.0,3966775.0,3966775.0,0.25156279
1779153300,3953676.0,3953676.0,3953676.0,3953676.0,0.0755679
1779154200,3953676.0,3953676.0,3953676.0,3953676.0,0.0
1779155100,3953676.0,3953676.0,3953676.0,3953676.0,0.0
1779156000,3916000.0,3916000.0,3915926.0,3915926.0,0.17501672
1779156900,3915926.0,3915926.0,3915926.0,3915926.0,0.0
1779157800,3956619.0,3956847.0,3956619.0,3956847.0,0.00578883
1779158700,3956847.0,3956847.0,3956847.0,3956847.0,0.0
1779159600,3956847.0,3956847.0,3956847.0,3956847.0,0.0
1779160500,3956847.0,3956847.0,3956847.0,3956847.0,0.0
1779161400,3963512.0,3974592.0,3963512.0,3974592.0,0.14455938
1779162300,3920000.0,3920000.0,3915926.0,3915926.0,0.03275071
1779163200,3915926.0,3915926.0,3915926.0,3915926.0,0.0
1779164100,3960955.0,3960955.0,3915926.0,3915926.0,0.01199464
1779165000,3915926.0,3915926.0,3915926.0,3915926.0,0.02167981
1779165900,3915926.0,3915926.0,3915926.0,3915926.0,0.02497692
1779166800,3915926.0,3915926.0,3915926.0,3915926.0,0.0
1779167700,3965374.0,3965374.0,3965374.0,3965374.0,0.03118469
1779168600,3965374.0,3965374.0,3965374.0,3965374.0,0.0
1779169500,3915926.0,3915926.0,3915926.0,3915926.0,0.01821035
1779170400,3915926.0,3915926.0,3915926.0,3915926.0,0.0
1779171300,3915926.0,3915926.0,3915926.0,3915926.0,0.0
1779172200,3968199.0,3973287.0,3968199.0,3973287.0,0.01251254
1779173100,3915959.0,3979693.0,3915959.0,3979693.0,0.06720412
1779174000,3979628.0,3980261.0,3915926.0,3915926.0,0.04786992
1779174900,3915926.0,3915926.0,3915926.0,3915926.0,0.0
1779175800,3988473.0,3988473.0,3988473.0,3988473.0,0.00485474
1779176700,3915930.0,3997335.0,3915926.0,3995802.0,1.34263281
1779177600,3995802.0,3995802.0,3995802.0,3995802.0,0.0
1779178500,3979552.0,3979552.0,3979552.0,3979552.0,0.02205801
1779179400,3979552.0,3979552.0,3979552.0,3979552.0,0.0
1779180300,3976439.0,3976439.0,3976439.0,3976439.0,0.01252251
1779181200,3915926.0,3915926.0,3915926.0,3915926.0,0.04480804
1779182100,3959732.0,3962656.0,3958088.0,3958088.0,0.14720236
1779183000,3958088.0,3958088.0,3958088.0,3958088.0,0.0
1779183900,3958088.0,3958088.0,3958088.0,3958088.0,0.0
1779184800,3915927.0,3915927.0,3915927.0,3915927.0,0.00352331
1779185700,3961976.0,3961976.0,3961976.0,3961976.0,0.00251364
1779186600,3959737.0,3999489.0,3959737.0,3999489.0,0.03352962
1779187500,3954376.0,3999489.0,3954376.0,3999489.0,0.07743488
1779188400,3960530.0,3960530.0,3915927.0,3959749.0,0.03016611
1779189300,3958426.0,3958426.0,3958426.0,3958426.0,0.00631993
1779190200,3915927.0,3964623.0,3915927.0,3964623.0,0.02242536
1779191100,3999489.0,3999489.0,3915927.0,3955599.0,0.12894757
1779192000,3955599.0,3955599.0,3955599.0,3955599.0,0.0
1779192900,3955599.0,3955599.0,3955599.0,3955599.0,0.0
1779193800,3965374.0,3965374.0,3965374.0,3965374.0,0.00251149
1779194700,3915927.0,3915927.0,3915927.0,3915927.0,0.01411721
1779195600,3955883.0,3955883.0,3955883.0,3955883.0,0.02178224
1779196500,3955883.0,3955883.0,3955883.0,3955883.0,0.0
1779197400,3955883.0,3955883.0,3955883.0,3955883.0,0.0
1779198300,3920881.0,3988296.0,3920881.0,3920885.0,0.10045367
1779199200,3954068.0,3954068.0,3920881.0,3920881.0,0.02659577
1779200100,3922059.0,3922059.0,3900000.0,3900000.0,4.64826996
1779201000,3900000.0,3900000.0,3900000.0,3900000.0,0.00367238
1779201900,3900000.0,3900000.0,3900000.0,3900000.0,0.0
1779202800,3900000.0,3900000.0,3900000.0,3900000.0,0.0
1779203700,3971307.0,3971307.0,3971307.0,3971307.0,0.30379947
1779204600,3900009.0,3976871.0,3890000.0,3976871.0,0.94168933
1779205500,3976871.0,3976871.0,3976871.0,3976871.0,0.0
1779206400,3976871.0,3976871.0,3976871.0,3976871.0,0.0
1779207300,3976871.0,3976871.0,3976871.0,3976871.0,0.0
1779208200,3912272.0,4006968.0,3912272.0,4006968.0,0.22225589
1779209100,4009752.0,4010492.0,3917718.0,3922805.0,0.2268999
1779210000,4008018.0,4008018.0,4008018.0,4008018.0,0.05009483
1779210900,4008018.0,4008018.0,4008018.0,4008018.0,0.0
1779211800,3931768.0,3931768.0,3931768.0,3931768.0,0.03701065
1779212700,3934171.0,4005311.0,3934171.0,4005311.0,0.0171579
1779213600,4009213.0,4009213.0,4009213.0,4009213.0,0.00278907
1779214500,3929288.0,4001616.0,3918119.0,4001616.0,0.2055195
1779215400,3912987.0,3912987.0,3912987.0,3912987.0,0.00967103
1779216300,4006974.0,4006974.0,3920858.0,3920858.0,0.03568223
1779217200,3920858.0,3920858.0,3920858.0,3920858.0,0.0
1779218100,3920858.0,3920858.0,3920858.0,3920858.0,0.0
1779219000,3908379.0,3908379.0,3908379.0,3908379.0,0.00265817
1779219900,3908379.0,3908379.0,3908379.0,3908379.0,0.0
1779220800,3908379.0,3908379.0,3908379.0,3908379.0,0.0
1779221700,3908379.0,3908379.0,3908379.0,3908379.0,0.0
1779222600,3908379.0,3908379.0,3908379.0,3908379.0,0.0
1779223500,3908379.0,3908379.0,3908379.0,3908379.0,0.0
1779224400,3895696.0,3895696.0,3895696.0,3895696.0,0.00473994
1779225300,3895696.0,3895696.0,3895696.0,3895696.0,0.0
1779226200,3898116.0,3898116.0,3898116.0,3898116.0,0.00699767
1779227100,3985364.0,3985364.0,3985364.0,3985364.0,0.03697805
1779228000,3903113.0,3910201.0,3903113.0,3910201.0,0.16099258
1779228900,3910127.0,3985184.0,3910127.0,3985184.0,0.00861947
1779229800,3985184.0,3985184.0,3985184.0,3985184.0,0.00625993
1779230700,3985184.0,3985184.0,3985184.0,3985184.0,0.0
1779231600,3985184.0,3985184.0,3985184.0,3985184.0,0.0
1779232500,3985184.0,3997649.0,3985184.0,3997649.0,0.00424367
1779233400,3997649.0,3997649.0,3997649.0,3997649.0,0.0
1779234300,3997649.0,3997649.0,3997649.0,3997649.0,0.0
1779235200,3997649.0,3997649.0,3997649.0,3997649.0,0.0
1779236100,3970578.0,3972008.0,3970578.0,3972008.0,0.03099503
1779237000,3911004.0,3911004.0,3911004.0,3911004.0,0.04981964
1779237900,3911004.0,3911004.0,3911004.0,3911004.0,0.00542697
1779238800,3911004.0,3911004.0,3911004.0,3911004.0,0.05009455
1779239700,3911004.0,3911004.0,3911004.0,3911004.0,0.0
1779240600,3911004.0,3911004.0,3911004.0,3911004.0,0.0
1779241500,3911004.0,3911004.0,3911000.0,3911000.0,0.51354052
1779242400,3911000.0,3911000.0,3911000.0,3911000.0,0.0
1779243300,3980000.0,3981291.0,3973883.0,3973883.0,0.38191565
1779244200,3911000.0,3911000.0,3911000.0,3911000.0,0.8
1779245100,3911000.0,3911000.0,3911000.0,3911000.0,0.0
1779246000,3911000.0,3911000.0,3890000.0,3890000.0,0.96085151
1779246900,3890000.0,3890000.0,3850000.0,3884284.0,1.0352838
1779247800,3968443.0,3971382.0,3968443.0,3971382.0,1.23512852
1779248700,3877747.0,3877747.0,3877743.0,3877743.0,0.43591578
1779249600,3877743.0,3877743.0,3877743.0,3877743.0,0.0
1779250500,3878509.0,3878509.0,3878509.0,3878509.0,0.00307388
1779251400,3965931.0,3965931.0,3965931.0,3965931.0,0.02192473
1779252300,3885556.0,3885556.0,3885556.0,3885556.0,0.00577266
1779253200,3885556.0,3885556.0,3885556.0,3885556.0,0.0
1779254100,3885556.0,3885556.0,3885556.0,3885556.0,0.0
1779255000,3889595.0,3889595.0,3889595.0,3889595.0,0.0025869
1779255900,3889595.0,3889595.0,3889595.0,3889595.0,0.0
1779256800,3889595.0,3889595.0,3889595.0,3889595.0,0.0
1779257700,3967753.0,3967753.0,3967753.0,3967753.0,0.00376485
1779258600,3967753.0,3967753.0,3967753.0,3967753.0,0.0
1779259500,3967753.0,3970716.0,3967753.0,3970716.0,0.00601916
1779260400,3970716.0,3970716.0,3970716.0,3970716.0,0.0
1779261300,3970716.0,3970716.0,3970716.0,3970716.0,0.0
1779262200,3970716.0,3970716.0,3970716.0,3970716.0,0.0
1779263100,3970716.0,3970716.0,3970716.0,3970716.0,0.00829748
1779264000,3912458.0,3970715.0,3912458.0,3970715.0,0.02923415
1779264900,3970716.0,3970716.0,3970716.0,3970716.0,0.01245266
1779265800,3923258.0,3970719.0,3923257.0,3970719.0,0.16925423
1779266700,3923754.0,3923754.0,3914265.0,3914265.0,0.04913943
1779267600,3914265.0,3914265.0,3914265.0,3914265.0,0.0
1779268500,3970719.0,4009451.0,3970719.0,4009451.0,0.64730914
1779269400,3918049.0,4002228.0,3918049.0,4002228.0,0.01161688
1779270300,3936246.0,3936246.0,3936245.0,3936245.0,0.11643175
1779271200,3936245.0,3936245.0,3936245.0,3936245.0,0.0
1779272100,3938950.0,4002227.0,3938949.0,4002227.0,0.01652685
1779273000,4002227.0,4002227.0,4002227.0,4002227.0,0.0
1779273900,3939640.0,3940647.0,3939640.0,3940647.0,0.33541416
1779274800,3940647.0,4000000.0,3940647.0,4000000.0,1.01668046
1779275700,3999996.0,3999996.0,3999996.0,3999996.0,0.00272025
1779276600,3939002.0,3939002.0,3939002.0,3939002.0,0.00380552
1779277500,3939002.0,3939002.0,3939002.0,3939002.0,0.0
1779278400,3939002.0,3939002.0,3939002.0,3939002.0,0.0
1779279300,3939002.0,3939002.0,3939002.0,3939002.0,0.0
1779280200,3998996.0,3998996.0,3939003.0,3939003.0,0.01881469
1779281100,3943047.0,3943047.0,3943047.0,3943047.0,0.00346078
1779282000,3943047.0,3943047.0,3943047.0,3943047.0,0.0
1779282900,3939011.0,3939011.0,3939011.0,3939011.0,0.00436923
1779283800,3997996.0,3997996.0,3939011.0,3939011.0,0.43367176
1779284700,3939011.0,3939011.0,3939011.0,3939011.0,0.06058384
1779285600,3939011.0,3939011.0,3939011.0,3939011.0,0.0
1779286500,3939011.0,3939011.0,3939011.0,3939011.0,0.0
1779287400,3998988.0,4002000.0,3998988.0,4002000.0,0.0998017
1779288300,4002000.0,4086000.0,3946147.0,3946147.0,11.92617518
1779289200,3946147.0,3946147.0,3946147.0,3946147.0,0.0
1779290100,3946147.0,3946147.0,3946147.0,3946147.0,0.0
1779291000,4021836.0,4021836.0,3944967.0,3944967.0,0.04473578
1779291900,3944967.0,3944967.0,3944967.0,3944967.0,0.0
1779292800,3999996.0,3999996.0,3999996.0,3999996.0,0.00248975
1779293700,3952723.0,3952723.0,3952723.0,3952723.0,0.77054982
1779294600,3961557.0,4085000.0,3927432.0,4085000.0,1.23541209
1779295500,3938774.0,4023474.0,3934660.0,4023474.0,0.17628015
1779296400,4024268.0,4086000.0,3934288.0,3934288.0,0.68291237
1779297300,3938798.0,3938798.0,3938797.0,3938797.0,0.02506812
1779298200,3938797.0,3938797.0,3938797.0,3938797.0,0.0
1779299100,3930850.0,4085996.0,3926980.0,4085996.0,0.02957443
1779300000,4085994.0,4085994.0,4085990.0,4085990.0,0.00626016
1779300900,3928176.0,3928176.0,3928176.0,3928176.0,0.00440316
1779301800,4085982.0,4085982.0,4085982.0,4085982.0,0.00286002
1779302700,3901666.0,4085980.0,3901666.0,4085980.0,0.00842367
1779303600,4085980.0,4085980.0,4085980.0,4085980.0,0.0
1779304500,4085980.0,4085980.0,4085980.0,4085980.0,0.0
1779305400,4085870.0,4085876.0,4085870.0,4085876.0,0.03766244
1779306300,4085876.0,4085876.0,4085876.0,4085876.0,0.0
1779307200,4085876.0,4085876.0,4085872.0,4085876.0,0.06272486
1779308100,3925002.0,3925002.0,3900202.0,3900202.0,0.01167045
1779309000,3910526.0,3910526.0,3910526.0,3910526.0,0.00421503
1779309900,3910526.0,3910526.0,3910526.0,3910526.0,0.0
1779310800,3910526.0,3910526.0,3910526.0,3910526.0,0.0
1779311700,3910520.0,3910524.0,3910520.0,3910524.0,0.02287841
1779312600,4085842.0,4085842.0,3910508.0,3910508.0,0.15351282
1779313500,3910508.0,3910508.0,3910508.0,3910508.0,0.0
1779314400,3910508.0,3910508.0,3885541.0,3885541.0,2.57319458
1779315300,4084998.0,4084998.0,4084998.0,4084998.0,0.00365679
1779316200,4084998.0,4084998.0,4084998.0,4084998.0,0.0
1779317100,3885545.0,3885545.0,3885545.0,3885545.0,0.0264759
1779318000,4084840.0,4084840.0,4084840.0,4084840.0,0.01161685
1779318900,4084728.0,4086000.0,4084728.0,4086000.0,2.02059589
1779319800,4086000.0,4086000.0,4086000.0,4086000.0,0.0
1779320700,4084968.0,4084968.0,4084968.0,4084968.0,0.02474291
1779321600,3885656.0,4085964.0,3885656.0,3885734.0,0.04666884
1779322500,4085958.0,4085958.0,4000000.0,4000000.0,0.01481055
1779323400,4000000.0,4000000.0,4000000.0,4000000.0,0.0
1779324300,4000000.0,4000000.0,4000000.0,4000000.0,0.0
1779325200,4000000.0,4000000.0,4000000.0,4000000.0,0.0
1779326100,3954883.0,3954883.0,3889336.0,3952656.0,0.01257119
1779327000,3889336.0,3889336.0,3889336.0,3889336.0,0.02148723
1779327900,3890004.0,3890004.0,3890004.0,3890004.0,0.01249416
1779328800,3959052.0,3959052.0,3890004.0,3890004.0,0.03803072
1779329700,3890004.0,3966689.0,3890004.0,3966689.0,0.0067795
1779330600,3965664.0,3965664.0,3890008.0,3959490.0,0.13239079
1779331500,3890104.0,3966684.0,3890104.0,3966684.0,0.01326609
1779332400,3890112.0,3890112.0,3890112.0,3890112.0,0.01221443
1779333300,4084992.0,4084996.0,4084992.0,4084996.0,0.1
1779334200,3890112.0,3966690.0,3878762.0,3878762.0,2.02622264
1779335100,3878762.0,3878762.0,3878762.0,3878762.0,0.0
1779336000,3878762.0,3878762.0,3878762.0,3878762.0,0.0
1779336900,3967047.0,3967047.0,3967047.0,3967047.0,0.00822702
1779337800,3967047.0,3967047.0,3967047.0,3967047.0,0.0
1779338700,3968326.0,3968326.0,3880807.0,3880807.0,0.24306662
1779339600,3880807.0,3880807.0,3880807.0,3880807.0,0.0
1779340500,3900004.0,3901867.0,3900004.0,3900459.0,0.66930416
1779341400,3898072.0,3900411.0,3898072.0,3898079.0,0.24490065
1779342300,3896835.0,3896835.0,3896835.0,3896835.0,0.00261084
1779343200,3897181.0,3987918.0,3896258.0,3987918.0,1.13344269
1779344100,3987918.0,3987918.0,3987918.0,3987918.0,0.0
1779345000,3987918.0,3987918.0,3987918.0,3987918.0,0.0
1779345900,3987918.0,3987918.0,3987918.0,3987918.0,0.0
1779346800,3987918.0,3987918.0,3987918.0,3987918.0,0.0
1779347700,3987918.0,3987918.0,3987918.0,3987918.0,0.0
1779348600,3987918.0,3987918.0,3987918.0,3987918.0,0.0
1779349500,3987918.0,3987918.0,3987918.0,3987918.0,0.0
1779350400,3893906.0,3982779.0,3893906.0,3982779.0,0.06678981
1779351300,3982779.0,3982779.0,3982779.0,3982779.0,0.0
1779352200,3907524.0,3907524.0,3907524.0,3907524.0,0.01253295
1779353100,3982775.0,3982775.0,3982775.0,3982775.0,0.00830852
1779354000,3982775.0,3982775.0,3909074.0,3909074.0,0.03141906
1779354900,3982775.0,3982775.0,3982775.0,3982775.0,0.00275059
1779355800,3982775.0,3982775.0,3982775.0,3982775.0,0.0
1779356700,3982775.0,3982775.0,3982775.0,3982775.0,0.0
1779357600,3917615.0,3917615.0,3917615.0,3917615.0,0.00317698
1779358500,3982771.0,3982771.0,3982771.0,3982771.0,0.05621813
1779359400,3982771.0,3982771.0,3982771.0,3982771.0,0.01252745
1779360300,3921288.0,3921288.0,3919388.0,3919388.0,0.06106961
1779361200,3919388.0,3919388.0,3919388.0,3919388.0,0.0
1779362100,3982767.0,3982767.0,3982767.0,3982767.0,0.00500104
1779363000,3927134.0,3982767.0,3927134.0,3982767.0,0.0959227
1779363900,3919605.0,3982767.0,3919601.0,3982767.0,0.05070468
1779364800,3982767.0,3982767.0,3982767.0,3982767.0,0.0
1779365700,3982767.0,3982767.0,3982767.0,3982767.0,0.01604186
1779366600,3923226.0,3982767.0,3919550.0,3919550.0,0.4445774
1779367500,3919546.0,3919546.0,3919384.0,3919384.0,0.04741449
1779368400,3919384.0,3976379.0,3917067.0,3976375.0,2.27829317
1779369300,3976375.0,3976375.0,3976375.0,3976375.0,0.0
1779370200,3982771.0,4071397.0,3982771.0,4015920.0,0.15928386
1779371100,4000000.0,4000000.0,3933858.0,3933858.0,1.5831615
1779372000,3933858.0,3933858.0,3933858.0,3933858.0,0.0
1779372900,4079999.0,4079999.0,3450000.0,4079999.0,14.05933352
1779373800,3838806.0,3932650.0,2999999.0,3899000.0,22.30045658
1779374700,3847234.0,3900000.0,3845339.0,3900000.0,2.48020571
1779375600,3900000.0,3900000.0,3848980.0,3848980.0,0.09062541
1779376500,3916000.0,3916000.0,3916000.0,3916000.0,0.56638739
1779377400,3915998.0,3915998.0,3832979.0,3832979.0,1.06007024
1779378300,3915998.0,3916000.0,3915998.0,3916000.0,0.12959015
1779379200,3916000.0,3916000.0,3567014.0,3916000.0,0.1076084
1779380100,3916000.0,3916000.0,3916000.0,3916000.0,0.0
1779381000,3916000.0,3916000.0,3916000.0,3916000.0,0.0
1779381900,3916000.0,3916000.0,3916000.0,3916000.0,0.0
1779382800,3915998.0,3915998.0,3915998.0,3915998.0,0.00274208
1779383700,3887135.0,3887135.0,3887135.0,3887135.0,0.0568708
1779384600,3875077.0,3876974.0,3567200.0,3868446.0,0.97278495
1779385500,3872285.0,3877367.0,3567650.0,3877367.0,0.82499947
1779386400,3867271.0,3867271.0,3867271.0,3867271.0,0.02054792
1779387300,3854926.0,3889516.0,3776813.0,3889516.0,0.0529545
1779388200,3845809.0,3889809.0,3845809.0,3847308.0,0.01857761
1779389100,3847308.0,3847308.0,3847308.0,3847308.0,0.0
1779390000,3889805.0,3889809.0,3835263.0,3835263.0,0.0260414
1779390900,3889805.0,3889805.0,3889805.0,3889805.0,0.01329321
1779391800,3889805.0,3889805.0,3889805.0,3889805.0,0.0
1779392700,3889805.0,3889805.0,3851063.0,3851063.0,0.00809863
1779393600,3851063.0,3851063.0,3851063.0,3851063.0,0.94754068
1779394500,3851063.0,3851063.0,3851063.0,3851063.0,0.0
1779395400,3851063.0,3851063.0,3851063.0,3851063.0,0.0
1779396300,3889805.0,3889809.0,3889805.0,3889809.0,0.0095159
1779397200,3889809.0,3889809.0,3889809.0,3889809.0,0.02565404
1779398100,3889809.0,3889809.0,3889809.0,3889809.0,0.0
1779399000,3889809.0,3889809.0,3889809.0,3889809.0,0.0
1779399900,3889809.0,3889809.0,3889809.0,3889809.0,0.0
1779400800,3889809.0,3889809.0,3889809.0,3889809.0,0.0
1779401700,3889809.0,3889809.0,3889809.0,3889809.0,0.0
1779402600,3851067.0,3851067.0,3851063.0,3851063.0,0.93306573
1779403500,3851063.0,3916000.0,3851063.0,3916000.0,0.38040945
1779404400,3916000.0,3916000.0,3916000.0,3916000.0,0.0
1779405300,3916000.0,3916000.0,3916000.0,3916000.0,0.0
1779406200,3853942.0,3853942.0,3853942.0,3853942.0,0.03641256
1779407100,3915992.0,3915992.0,3915992.0,3915992.0,0.01002606
1779408000,3915992.0,3915992.0,3915992.0,3915992.0,0.0
1779408900,3890000.0,3915992.0,3863223.0,3915992.0,0.13301844
1779409800,3915992.0,3915992.0,3915992.0,3915992.0,0.05096486
1779410700,3861011.0,3915992.0,3861011.0,3915992.0,0.13767648
1779411600,3915992.0,3915992.0,3915992.0,3915992.0,0.0
1779412500,3915992.0,3915992.0,3915992.0,3915992.0,0.0
1779413400,3915992.0,3915996.0,3915992.0,3915996.0,0.05395183
1779414300,3915996.0,3915996.0,3915996.0,3915996.0,0.0
1779415200,3915996.0,3915996.0,3915996.0,3915996.0,0.00508631
1779416100,3915996.0,3915996.0,3915996.0,3915996.0,0.01004852
1779417000,3872616.0,3872616.0,3872616.0,3872616.0,0.2104456
1779417900,3872539.0,3872539.0,3872539.0,3872539.0,0.25220515
1779418800,3870299.0,3870299.0,3870299.0,3870299.0,0.04162586
1779419700,3915996.0,3915996.0,3870845.0,3870845.0,0.00674015
1779420600,3870845.0,3870845.0,3870845.0,3870845.0,0.0
1779421500,3915994.0,3915994.0,3915994.0,3915994.0,0.06164743
1779422400,3915994.0,3915994.0,3915994.0,3915994.0,0.0
1779423300,3873773.0,3915990.0,3873773.0,3915990.0,0.05603741
1779424200,3915990.0,3915990.0,3915990.0,3915990.0,0.0
1779425100,3915990.0,3915990.0,3915990.0,3915990.0,0.01271581
1779426000,3877557.0,3915994.0,3860004.0,3915994.0,0.05560148
1779426900,3915994.0,3915994.0,3915994.0,3915994.0,0.0
1779427800,3881381.0,3881381.0,3881381.0,3881381.0,0.11096492
1779428700,3881382.0,3881382.0,3872100.0,3872362.0,9.49617586
1779429600,3872996.0,3915990.0,3872163.0,3915990.0,2.99180744
1779430500,3915990.0,3915990.0,3915990.0,3915990.0,0.0
1779431400,3915990.0,3915990.0,3915990.0,3915990.0,0.0
1779432300,3915990.0,3915990.0,3915990.0,3915990.0,0.0
1779433200,3879469.0,3879469.0,3879465.0,3879465.0,0.31792839
1779434100,3881927.0,3915990.0,3881927.0,3915990.0,0.00655669
1779435000,3915990.0,3917582.0,3915990.0,3917582.0,1.91606113
1779435900,3917582.0,3917582.0,3917582.0,3917582.0,0.0
1779436800,3917582.0,3917582.0,3917582.0,3917582.0,0.0
1779437700,3917582.0,3917582.0,3917582.0,3917582.0,0.0
1779438600,3895792.0,3895792.0,3894392.0,3894392.0,0.14561726
1779439500,3910685.0,3917582.0,3894396.0,3894396.0,0.65901467
1779440400,3894396.0,3894396.0,3894396.0,3894396.0,0.0
1779441300,3894398.0,3894398.0,3894398.0,3894398.0,0.0092443
1779442200,3894396.0,3894398.0,3886673.0,3894398.0,0.10042621
1779443100,3917577.0,3917577.0,3917577.0,3917577.0,0.00305035
1779444000,3917577.0,3917582.0,3917577.0,3917582.0,0.25877978
1779444900,3917582.0,3917582.0,3917582.0,3917582.0,0.0
1779445800,3886673.0,3886673.0,3886673.0,3886673.0,0.03502745
1779446700,3917578.0,3917578.0,3886672.0,3886672.0,0.02426856
1779447600,3886672.0,3886672.0,3886671.0,3886671.0,0.00751634
1779448500,3917574.0,3917574.0,3917574.0,3917574.0,0.01273594
1779449400,3917574.0,3917574.0,3917574.0,3917574.0,0.0
1779450300,3917574.0,3917574.0,3917574.0,3917574.0,0.0
1779451200,3917574.0,3917582.0,3917574.0,3917582.0,0.24649783
1779452100,3917582.0,3917582.0,3917582.0,3917582.0,0.0
1779453000,3917582.0,3917582.0,3917582.0,3917582.0,0.0
1779453900,3917582.0,3917582.0,3917582.0,3917582.0,0.00410533
1779454800,3917578.0,3917578.0,3917578.0,3917578.0,0.00299598
1779455700,3917578.0,3917578.0,3917578.0,3917578.0,0.0
1779456600,3917578.0,3917582.0,3917578.0,3917582.0,0.08211115
1779457500,3917582.0,3917582.0,3917582.0,3917582.0,0.0
1779458400,3917582.0,3917582.0,3886681.0,3917582.0,1.57734182
1779459300,3917582.0,3917582.0,3851064.0,3851064.0,2.70324007
1779460200,3934660.0,3945995.0,3825792.0,3945994.0,0.24159796
1779461100,3945995.0,3945995.0,3820004.0,3945994.0,0.16625081
1779462000,3945994.0,3945994.0,3945994.0,3945994.0,0.0
1779462900,3945991.0,3945991.0,3945991.0,3945991.0,0.00632211
1779463800,3945991.0,3945991.0,3945991.0,3945991.0,0.0
1779464700,3945991.0,3945991.0,3945991.0,3945991.0,0.00335834
1779465600,3945991.0,3945991.0,3945991.0,3945991.0,0.00252382
1779466500,3799778.0,3945991.0,3799778.0,3945991.0,0.02863288
1779467400,3945991.0,3946000.0,3945991.0,3946000.0,0.26745122
1779468300,3946000.0,3946000.0,3799262.0,3799262.0,0.0171505
1779469200,3799262.0,3799262.0,3799262.0,3799262.0,0.0
1779470100,3945998.0,3945998.0,3945998.0,3945998.0,0.01055398
1779471000,3945998.0,3945998.0,3945998.0,3945998.0,0.0
1779471900,3945998.0,3946000.0,3945998.0,3946000.0,0.00289026
1779472800,3946000.0,3946000.0,3946000.0,3946000.0,0.0
1779473700,3946000.0,3946000.0,3946000.0,3946000.0,0.0
1779474600,3799266.0,3799266.0,3799266.0,3799266.0,0.01187322
1779475500,3945998.0,3946000.0,3945998.0,3946000.0,0.0169222
1779476400,3946000.0,3946000.0,3946000.0,3946000.0,0.0
1779477300,3946000.0,3946000.0,3946000.0,3946000.0,0.0
1779478200,3799316.0,3945982.0,3799310.0,3945982.0,0.02792132
1779479100,3945982.0,3945982.0,3945982.0,3945982.0,0.0
1779480000,3945956.0,3946000.0,3945956.0,3946000.0,0.07744425
1779480900,3946000.0,3946000.0,3946000.0,3946000.0,0.0
1779481800,3946000.0,3946000.0,3946000.0,3946000.0,0.0
1779482700,3946000.0,3946000.0,3946000.0,3946000.0,0.0
1779483600,3946000.0,3946000.0,3946000.0,3946000.0,0.0
1779484500,3946000.0,3946000.0,3946000.0,3946000.0,0.0
1779485400,3946000.0,3946000.0,3946000.0,3946000.0,0.0
1779486300,3799262.0,3799262.0,3799262.0,3799262.0,0.00799494
1779487200,3799262.0,3799262.0,3799262.0,3799262.0,0.0
1779488100,3799262.0,3799262.0,3799262.0,3799262.0,0.0
1779489000,3945998.0,3946000.0,3945998.0,3946000.0,0.05436289
1779489900,3799262.0,3799262.0,3799262.0,3799262.0,0.00270659
1779490800,3799262.0,3799262.0,3799262.0,3799262.0,0.0
1779491700,3799262.0,3799262.0,3799262.0,3799262.0,0.0
1779492600,3799262.0,3799262.0,3799262.0,3799262.0,0.0
1779493500,3945998.0,3946000.0,3945998.0,3946000.0,0.05433779
1779494400,3945998.0,3945998.0,3838274.0,3838274.0,0.07043707
1779495300,3838991.0,3838991.0,3799268.0,3799268.0,0.04204031
1779496200,3799268.0,3799268.0,3799268.0,3799268.0,0.03
1779497100,3837737.0,3837737.0,3799268.0,3799268.0,0.01433511
1779498000,3799268.0,3837737.0,3799268.0,3837737.0,0.02914459
1779498900,3837737.0,3837737.0,3837737.0,3837737.0,0.0
1779499800,3842394.0,3842394.0,3842394.0,3842394.0,0.00736832
1779500700,3842394.0,3842394.0,3842394.0,3842394.0,0.0
1779501600,3799268.0,3799268.0,3799268.0,3799268.0,0.01004825
1779502500,3799268.0,3799268.0,3799268.0,3799268.0,0.01492458
1779503400,3799268.0,3799268.0,3799268.0,3799268.0,0.0
1779504300,3799268.0,3799268.0,3799268.0,3799268.0,0.0
1779505200,3799268.0,3799268.0,3799268.0,3799268.0,0.04062573
1779506100,3835409.0,3835409.0,3799268.0,3799268.0,0.06518115
1779507000,3799268.0,3799268.0,3799268.0,3799268.0,0.0
1779507900,3799268.0,3799268.0,3799268.0,3799268.0,0.0
1779508800,3799268.0,3799268.0,3799268.0,3799268.0,0.0
1779509700,3799268.0,3799268.0,3799268.0,3799268.0,0.0
1779510600,3833618.0,3833618.0,3833618.0,3833618.0,0.19845952
1779511500,3799268.0,3837379.0,3799268.0,3800000.0,0.03948899
1779512400,3800000.0,3800000.0,3800000.0,3800000.0,0.0
1779513300,3800000.0,3800000.0,3800000.0,3800000.0,0.0
1779514200,3832722.0,3832722.0,3832722.0,3832722.0,0.92474982
1779515100,3832722.0,3832722.0,3832722.0,3832722.0,0.0
1779516000,3832722.0,3832722.0,3832722.0,3832722.0,0.0
1779516900,3800000.0,3800000.0,3799268.0,3799268.0,0.13355859
1779517800,3799268.0,3799268.0,3799268.0,3799268.0,0.0
1779518700,3799268.0,3799268.0,3799268.0,3799268.0,0.0
1779519600,3799268.0,3799268.0,3799268.0,3799268.0,0.08652384
1779520500,3799268.0,3799268.0,3799268.0,3799268.0,0.0
1779521400,3831468.0,3831468.0,3831468.0,3831468.0,0.06824381
1779522300,3836662.0,3836662.0,3833797.0,3833797.0,0.09004826
1779523200,3833797.0,3833797.0,3833797.0,3833797.0,0.0
1779524100,3823050.0,3823229.0,3823050.0,3823229.0,0.00859834
1779525000,3823767.0,3823767.0,3823767.0,3823767.0,0.05662243
1779525900,3799268.0,3799268.0,3757569.0,3799268.0,0.38378081
1779526800,3799268.0,3799268.0,3799268.0,3799268.0,0.0
1779527700,3799268.0,3799268.0,3750000.0,3750000.0,0.04010194
1779528600,3750000.0,3750000.0,3750000.0,3750000.0,0.0
1779529500,3839707.0,3945998.0,3753315.0,3945998.0,0.04034638
1779530400,3833439.0,3833439.0,3833439.0,3833439.0,0.00635904
1779531300,3833439.0,3833439.0,3833439.0,3833439.0,0.0
1779532200,3833439.0,3833439.0,3833439.0,3833439.0,0.0
1779533100,3839707.0,3840245.0,3839707.0,3840245.0,0.64390595
1779534000,3840245.0,3840245.0,3840245.0,3840245.0,0.0
1779534900,3800000.0,3800000.0,3750000.0,3750000.0,0.02720203
1779535800,3750104.0,3750104.0,3750100.0,3750100.0,1.00735692
1779536700,3750100.0,3750100.0,3750100.0,3750100.0,0.0
1779537600,3750866.0,3750866.0,3750866.0,3750866.0,0.00420432
1779538500,3750866.0,3750866.0,3750866.0,3750866.0,0.06641704
1779539400,3836837.0,3836837.0,3835409.0,3835409.0,0.01557713
1779540300,3750866.0,3835767.0,3750866.0,3835767.0,0.80420649
1779541200,3750866.0,3841140.0,3748064.0,3841140.0,0.9273976
1779542100,3841140.0,3841140.0,3841140.0,3841140.0,0.0
1779543000,3752615.0,3752615.0,3752615.0,3752615.0,0.01201798
1779543900,3752615.0,3752615.0,3752615.0,3752615.0,0.0
1779544800,3829000.0,3829000.0,3753140.0,3753140.0,0.04588166
1779545700,3753140.0,3753140.0,3753140.0,3753140.0,0.0
1779546600,3753140.0,3753140.0,3753140.0,3753140.0,0.0
1779547500,3753140.0,3753140.0,3753140.0,3753140.0,0.0
1779548400,3828500.0,3828500.0,3828500.0,3828500.0,0.24521037
1779549300,3828500.0,3828500.0,3828500.0,3828500.0,0.0
1779550200,3828500.0,3828500.0,3828500.0,3828500.0,0.0
1779551100,3828500.0,3828500.0,3828500.0,3828500.0,0.0
1779552000,3828500.0,3828500.0,3828500.0,3828500.0,0.02601279
1779552900,3828500.0,3828500.0,3828500.0,3828500.0,0.0
1779553800,3786572.0,3786572.0,3786572.0,3786572.0,0.06385718
1779554700,3786572.0,3786572.0,3786572.0,3786572.0,0.0
1779555600,3786572.0,3786572.0,3786572.0,3786572.0,0.0
1779556500,3786572.0,3786572.0,3786572.0,3786572.0,0.0
1779557400,3786572.0,3786572.0,3786572.0,3786572.0,0.0327848
1779558300,3786572.0,3786572.0,3786572.0,3786572.0,0.0
1779559200,3828000.0,3828000.0,3828000.0,3828000.0,0.01206922
1779560100,3788498.0,3788498.0,3788498.0,3788498.0,0.04898308
1779561000,3788498.0,3788498.0,3788498.0,3788498.0,0.0
1779561900,3812303.0,3812303.0,3812303.0,3812303.0,0.01057916
1779562800,3812303.0,3812303.0,3812303.0,3812303.0,0.0
1779563700,3812303.0,3812303.0,3812303.0,3812303.0,0.0
1779564600,3810000.0,3828000.0,3810000.0,3828000.0,0.00736668
1779565500,3828000.0,3828000.0,3828000.0,3828000.0,0.0
1779566400,3816504.0,3816504.0,3816504.0,3816504.0,0.28709483
1779567300,3815103.0,3815103.0,3815103.0,3815103.0,0.00976932
1779568200,3828000.0,3828000.0,3828000.0,3828000.0,0.68690259
1779569100,3828000.0,3828000.0,3828000.0,3828000.0,0.0
1779570000,3828000.0,3828000.0,3828000.0,3828000.0,0.0
1779570900,3832432.0,3832432.0,3832432.0,3832432.0,0.08211115
1779571800,3832432.0,3832432.0,3832432.0,3832432.0,0.0
1779572700,3832432.0,3832432.0,3832432.0,3832432.0,0.0
1779573600,3826481.0,3920127.0,3824730.0,3824730.0,0.95153591
1779574500,3945000.0,3945000.0,3945000.0,3945000.0,0.00378656
1779575400,3945000.0,3945000.0,3945000.0,3945000.0,0.0
1779576300,3945000.0,3945000.0,3945000.0,3945000.0,0.0
1779577200,3825606.0,3825606.0,3810000.0,3810000.0,0.02470684
1779578100,3810000.0,3810000.0,3810000.0,3810000.0,0.0
1779579000,3810000.0,3810000.0,3810000.0,3810000.0,0.0
1779579900,3853612.0,3853612.0,3853612.0,3853612.0,0.07744425
1779580800,3853612.0,3853612.0,3853612.0,3853612.0,0.0
1779581700,3939291.0,3939291.0,3939291.0,3939291.0,0.00381286
1779582600,3939291.0,3939291.0,3939291.0,3939291.0,0.0
1779583500,3939291.0,3939291.0,3939291.0,3939291.0,0.0
1779584400,3937856.0,3937858.0,3852736.0,3852736.0,0.26036325
1779585300,3858863.0,3858863.0,3858863.0,3858863.0,0.01203307
1779586200,3858863.0,3858863.0,3858863.0,3858863.0,0.0
1779587100,3858863.0,3858863.0,3858863.0,3858863.0,0.0
1779588000,3858863.0,3858863.0,3858863.0,3858863.0,0.0
1779588900,3858863.0,3858863.0,3858863.0,3858863.0,0.0
1779589800,3937858.0,3937858.0,3937858.0,3937858.0,0.01405433
1779590700,3937858.0,3937858.0,3937858.0,3937858.0,0.0
1779591600,3937858.0,3937858.0,3937858.0,3937858.0,0.0
1779592500,3937858.0,3937858.0,3937858.0,3937858.0,0.0
1779593400,3937858.0,3937858.0,3937858.0,3937858.0,0.0
1779594300,3853962.0,3853962.0,3849236.0,3849236.0,0.14270915
1779595200,3849236.0,3849236.0,3849236.0,3849236.0,0.0
1779596100,3848886.0,3938396.0,3848886.0,3938396.0,0.19341982
1779597000,3942856.0,3942856.0,3942856.0,3942856.0,0.0252591
1779597900,3848886.0,3848886.0,3466812.0,3466812.0,2.97846619
1779598800,3849586.0,3849586.0,3849586.0,3849586.0,0.11025647
1779599700,3849586.0,3849586.0,3849586.0,3849586.0,0.0
1779600600,3849586.0,3849586.0,3849586.0,3849586.0,0.0
1779601500,3849586.0,3849586.0,3849586.0,3849586.0,0.0
1779602400,3849586.0,3849586.0,3849586.0,3849586.0,0.0
1779603300,3848886.0,3848886.0,3500500.0,3795346.0,0.12307377
1779604200,3822455.0,3867707.0,3822455.0,3867707.0,1.96974257
1779605100,3867002.0,3867002.0,3867002.0,3867002.0,0.0129025
1779606000,3830682.0,3831907.0,3742111.0,3831907.0,0.10356394
1779606900,3831557.0,3831907.0,3829632.0,3831907.0,0.28295233
1779607800,3849546.0,3849550.0,3849546.0,3849550.0,0.00336065
1779608700,3841884.0,3841884.0,3841884.0,3841884.0,0.47755803
1779609600,3841884.0,3841884.0,3841884.0,3841884.0,0.0
1779610500,3833482.0,3849550.0,3833482.0,3849550.0,0.00951857
1779611400,3849550.0,3849550.0,3849550.0,3849550.0,0.0
1779612300,3849550.0,3870507.0,3842059.0,3842059.0,0.13090055
1779613200,3842059.0,3842059.0,3842059.0,3842059.0,0.0
1779614100,3842409.0,3870507.0,3842409.0,3870507.0,0.01855519
1779615000,3846085.0,3847485.0,3846085.0,3847485.0,0.31915875
1779615900,3850986.0,3850986.0,3850986.0,3850986.0,0.01301458
1779616800,3870507.0,3929279.0,3870507.0,3929279.0,0.08819264
1779617700,3929279.0,3929279.0,3929279.0,3929279.0,0.0
1779618600,3929279.0,3929279.0,3929279.0,3929279.0,0.00650704
1779619500,3929279.0,3929279.0,3929279.0,3929279.0,0.0
1779620400,3929279.0,3929279.0,3929279.0,3929279.0,0.0
1779621300,3857637.0,3857637.0,3857637.0,3857637.0,0.00478592
1779622200,3925279.0,3940000.0,3925279.0,3940000.0,0.25169033
1779623100,3940000.0,3940000.0,3940000.0,3940000.0,0.0
1779624000,3857637.0,3857637.0,3857637.0,3857637.0,0.00599304
1779624900,3939999.0,3940000.0,3939999.0,3940000.0,0.07330407
1779625800,3934097.0,3934097.0,3934097.0,3934097.0,0.0261567
1779626700,3934097.0,3934097.0,3934097.0,3934097.0,0.0
1779627600,3857637.0,3857637.0,3833483.0,3833483.0,0.02758202
1779628500,3833483.0,3833483.0,3833483.0,3833483.0,0.0
1779629400,3833483.0,3833483.0,3833483.0,3833483.0,0.0
1779630300,3936963.0,3938037.0,3936963.0,3938037.0,0.35264275
1779631200,3858000.0,3858000.0,3858000.0,3858000.0,0.01909453
1779632100,3919118.0,3919118.0,3858000.0,3858000.0,1.55313072
1779633000,3838269.0,3838269.0,3825000.0,3825000.0,1.38204355
1779633900,3825000.0,3825000.0,3825000.0,3825000.0,0.0
1779634800,3829281.0,3858000.0,3829281.0,3858000.0,0.1235483
1779635700,3827531.0,3858000.0,3827531.0,3831032.0,0.04761129
1779636600,3858000.0,3858000.0,3858000.0,3858000.0,0.02581389
1779637500,3858000.0,3858000.0,3858000.0,3858000.0,0.0
1779638400,3858000.0,3858000.0,3858000.0,3858000.0,0.00335562
1779639300,3858000.0,3858000.0,3858000.0,3858000.0,0.0
1779640200,3834533.0,3834533.0,3834533.0,3834533.0,0.00303473
1779641100,3834708.0,3834708.0,3834708.0,3834708.0,0.07877204
1779642000,3834708.0,3834708.0,3834708.0,3834708.0,0.0
1779642900,3834708.0,3834708.0,3834708.0,3834708.0,0.0
1779643800,3834708.0,3834708.0,3834708.0,3834708.0,0.0
1779644700,3858000.0,3858000.0,3858000.0,3858000.0,0.03154457
1779645600,3858000.0,3858000.0,3858000.0,3858000.0,0.0
1779646500,3858000.0,3858000.0,3858000.0,3858000.0,0.0
1779647400,3836108.0,3836108.0,3836108.0,3836108.0,0.0030045
1779648300,3835408.0,3835408.0,3835408.0,3835408.0,0.00809602
1779649200,3835408.0,3835408.0,3835408.0,3835408.0,0.0
1779650100,3835408.0,3835408.0,3835408.0,3835408.0,0.0
1779651000,3858000.0,3858000.0,3858000.0,3858000.0,0.00795386
1779651900,3858000.0,3858000.0,3858000.0,3858000.0,0.0
1779652800,3858000.0,3858000.0,3858000.0,3858000.0,0.0
1779653700,3858000.0,3858000.0,3858000.0,3858000.0,0.0
1779654600,3833657.0,3833657.0,3833657.0,3833657.0,0.00281959
1779655500,3858000.0,3858000.0,3858000.0,3858000.0,0.01124313
1779656400,3858000.0,3858000.0,3858000.0,3858000.0,0.0
1779657300,3858000.0,3858000.0,3858000.0,3858000.0,0.0
1779658200,3858000.0,3858000.0,3858000.0,3858000.0,0.00353965
1779659100,3858000.0,3858000.0,3858000.0,3858000.0,0.0
1779660000,3858000.0,3858000.0,3858000.0,3858000.0,0.0
1779660900,3858000.0,3858000.0,3858000.0,3858000.0,0.0
1779661800,3858000.0,3858000.0,3858000.0,3858000.0,0.0
1779662700,3858000.0,3858000.0,3858000.0,3858000.0,0.0
1779663600,3858000.0,3858000.0,3858000.0,3858000.0,0.0
1779664500,3850000.0,3850000.0,3832121.0,3832121.0,1.5587419
1779665400,3832121.0,3832121.0,3832121.0,3832121.0,0.0
1779666300,3832121.0,3832121.0,3832121.0,3832121.0,0.0
1779667200,3832121.0,3832121.0,3832121.0,3832121.0,0.0
1779668100,3832121.0,3832121.0,3832121.0,3832121.0,0.0
1779669000,3858000.0,3858000.0,3858000.0,3858000.0,0.00335562
1779669900,3858000.0,3858000.0,3858000.0,3858000.0,0.0
1779670800,3858000.0,3858000.0,3858000.0,3858000.0,0.00387195
1779671700,3858000.0,3858000.0,3858000.0,3858000.0,0.0
1779672600,3843055.0,3843055.0,3832121.0,3832121.0,0.01093882
1779673500,3832121.0,3832121.0,3832121.0,3832121.0,0.0
1779674400,3838896.0,3847353.0,3838896.0,3847353.0,0.29800526
1779675300,3858000.0,3858000.0,3848500.0,3848500.0,0.26320058
1779676200,3848500.0,3848500.0,3848500.0,3848500.0,0.0
1779677100,3848500.0,3848500.0,3848500.0,3848500.0,0.0
1779678000,3848500.0,3848500.0,3848500.0,3848500.0,0.0
1779678900,3858000.0,3858000.0,3858000.0,3858000.0,0.25684499
1779679800,3858000.0,3920000.0,3856026.0,3856026.0,0.20446566
1779680700,3856026.0,3856026.0,3856026.0,3856026.0,0.0
1779681600,3864667.0,3864667.0,3864667.0,3864667.0,0.266825
1779682500,3864667.0,3864667.0,3864667.0,3864667.0,0.0
1779683400,3864667.0,3864667.0,3864667.0,3864667.0,0.0
1779684300,3920000.0,3940000.0,3920000.0,3940000.0,0.26096309
1779685200,3940000.0,3940000.0,3825001.0,3825001.0,0.13969948
1779686100,3871763.0,3940000.0,3871763.0,3940000.0,0.26546429
1779687000,3872802.0,3872802.0,3800000.0,3871063.0,0.64021026
1779687900,3940000.0,3940000.0,3940000.0,3940000.0,0.00366751
1779688800,3940000.0,3940000.0,3940000.0,3940000.0,0.00252766
1779689700,3940000.0,3940000.0,3940000.0,3940000.0,0.0
1779690600,3940000.0,3940000.0,3940000.0,3940000.0,0.0
1779691500,3940000.0,3940000.0,3940000.0,3940000.0,0.0
1779692400,3940000.0,3940000.0,3940000.0,3940000.0,0.0
1779693300,3872779.0,3872779.0,3872779.0,3872779.0,0.34063946
1779694200,3872386.0,3872386.0,3872386.0,3872386.0,0.00286728
1779695100,3872386.0,3872386.0,3872386.0,3872386.0,0.0
1779696000,3872386.0,3872386.0,3872386.0,3872386.0,0.0
1779696900,3939999.0,3940000.0,3939999.0,3940000.0,0.30215813
1779697800,3872019.0,3872019.0,3872015.0,3872015.0,0.13113035
1779698700,3872015.0,3872015.0,3872015.0,3872015.0,0.0
1779699600,3872015.0,3872015.0,3872015.0,3872015.0,0.0
1779700500,3939996.0,3939996.0,3874882.0,3874882.0,0.0100462
1779701400,3874882.0,3874882.0,3874878.0,3874878.0,0.24917908
1779702300,3874878.0,3874878.0,3874878.0,3874878.0,0.0
1779703200,3874878.0,3874878.0,3874878.0,3874878.0,0.0
1779704100,3874878.0,3874878.0,3874878.0,3874878.0,0.0
1779705000,3939996.0,3939996.0,3939996.0,3939996.0,0.0029571
1779705900,3939996.0,3939996.0,3939996.0,3939996.0,0.0
1779706800,3939996.0,3939996.0,3939996.0,3939996.0,0.0
1779707700,3883560.0,3883560.0,3883556.0,3883556.0,0.55951387
1779708600,3939996.0,3939996.0,3939996.0,3939996.0,0.00252766
1779709500,3939996.0,3939996.0,3939996.0,3939996.0,0.0
1779710400,3939988.0,3939988.0,3939988.0,3939988.0,0.00252767
1779711300,3884841.0,3884841.0,3884841.0,3884841.0,0.00366751
1779712200,3939988.0,3939988.0,3939988.0,3939988.0,0.02527672
1779713100,3879967.0,3879967.0,3874878.0,3874878.0,1.71597632
1779714000,3879410.0,3884706.0,3879410.0,3884706.0,0.43048282
1779714900,3939988.0,3939988.0,3939988.0,3939988.0,0.04114555
1779715800,3939982.0,3939992.0,3880004.0,3939992.0,0.28714649
1779716700,3939996.0,3939996.0,3939996.0,3939996.0,0.02867414
1779717600,3889194.0,3889381.0,3889194.0,3889381.0,0.08383079
1779718500,3939987.0,3939987.0,3939987.0,3939987.0,0.00252767
1779719400,3939987.0,3939987.0,3939987.0,3939987.0,0.0025797
1779720300,3939987.0,3939987.0,3939987.0,3939987.0,0.0
1779721200,3937996.0,3937996.0,3937996.0,3937996.0,0.0095546
1779722100,3937996.0,3937996.0,3937996.0,3937996.0,0.0
1779723000,3937996.0,3937996.0,3937996.0,3937996.0,0.0
1779723900,3881534.0,3881534.0,3881534.0,3881534.0,0.02727361
1779724800,3881534.0,3881534.0,3881534.0,3881534.0,0.0
1779725700,3881534.0,3881534.0,3881534.0,3881534.0,0.0
1779726600,3881534.0,3881534.0,3881534.0,3881534.0,0.0
1779727500,3881329.0,3881329.0,3878573.0,3878573.0,0.31062082
1779728400,3812194.0,3882368.0,3801011.0,3882368.0,0.17523047
1779729300,3882368.0,3882368.0,3882368.0,3882368.0,0.0
1779730200,3937196.0,3937996.0,3884840.0,3884840.0,0.47194557
1779731100,3884840.0,3884840.0,3884840.0,3884840.0,0.0
1779732000,3937992.0,3937992.0,3937992.0,3937992.0,0.00429914
1779732900,3881989.0,3881989.0,3881989.0,3881989.0,0.00620748
1779733800,3881989.0,3881989.0,3881989.0,3881989.0,0.0
1779734700,3881989.0,3881989.0,3881989.0,3881989.0,0.0
1779735600,3882685.0,3882685.0,3882685.0,3882685.0,0.01481055
1779736500,3882685.0,3882685.0,3882685.0,3882685.0,0.0
1779737400,3882685.0,3882685.0,3882685.0,3882685.0,0.0
1779738300,3882685.0,3882685.0,3882685.0,3882685.0,0.0
1779739200,3882685.0,3882685.0,3882685.0,3882685.0,0.0
1779740100,3882685.0,3882685.0,3882685.0,3882685.0,0.0
1779741000,3882685.0,3882685.0,3882685.0,3882685.0,0.0
1779741900,3882685.0,3882685.0,3882685.0,3882685.0,0.0
1779742800,3882685.0,3882685.0,3882685.0,3882685.0,0.0
1779743700,3882685.0,3882685.0,3882685.0,3882685.0,0.0
1779744600,3937992.0,3937992.0,3937992.0,3937992.0,0.00936771
1779745500,3937992.0,3937992.0,3937992.0,3937992.0,0.0
1779746400,3886659.0,3886659.0,3886659.0,3886659.0,0.02527672
1779747300,3886659.0,3886659.0,3886659.0,3886659.0,0.0
1779748200,3886659.0,3886659.0,3886659.0,3886659.0,0.0
1779749100,3937992.0,3937992.0,3937992.0,3937992.0,0.03801023
1779750000,3937992.0,3937992.0,3937992.0,3937992.0,0.0
1779750900,3937992.0,3937992.0,3937992.0,3937992.0,0.0
1779751800,3937992.0,3937992.0,3937992.0,3937992.0,0.0
1779752700,3937992.0,3937992.0,3937992.0,3937992.0,0.0
1779753600,3881100.0,3881100.0,3881100.0,3881100.0,0.43080775
1779754500,3881100.0,3881100.0,3881100.0,3881100.0,0.0
1779755400,3881100.0,3881100.0,3881100.0,3881100.0,0.0239498
1779756300,3881100.0,3881100.0,3881100.0,3881100.0,0.0
1779757200,3881100.0,3881100.0,3881100.0,3881100.0,0.0
1779758100,3907521.0,3907521.0,3907521.0,3907521.0,0.00322327
1779759000,3907521.0,3907521.0,3907521.0,3907521.0,0.0
1779759900,3881100.0,3904568.0,3881100.0,3881100.0,0.67082733
1779760800,3881100.0,3881100.0,3877468.0,3877468.0,0.04762473
1779761700,3877468.0,3877468.0,3877468.0,3877468.0,0.00159309
1779762600,3877468.0,3877468.0,3877468.0,3877468.0,0.0
1779763500,3877468.0,3877468.0,3877468.0,3877468.0,0.0
1779764400,3877468.0,3877468.0,3877468.0,3877468.0,0.0
1779765300,3877468.0,3877468.0,3877468.0,3877468.0,0.0
1779766200,3877468.0,3877468.0,3877468.0,3877468.0,0.0
1779767100,3877468.0,3877468.0,3877468.0,3877468.0,0.0
1779768000,3870000.0,3870000.0,3870000.0,3870000.0,0.00257338
1779768900,3870000.0,3870000.0,3825395.0,3826648.0,0.10761406
1779769800,3825859.0,3825859.0,3825859.0,3825859.0,0.01354927
1779770700,3869996.0,3904000.0,3869996.0,3904000.0,0.21365606
1779771600,3826710.0,3826710.0,3826098.0,3826098.0,0.01880709
1779772500,3904000.0,3904000.0,3827536.0,3827536.0,0.08312657
1779773400,3827361.0,3827361.0,3827361.0,3827361.0,0.013414
1779774300,3904000.0,3904000.0,3904000.0,3904000.0,0.0109754
1779775200,3827415.0,3904000.0,3827415.0,3904000.0,0.01412857
1779776100,3904000.0,3904000.0,3904000.0,3904000.0,0.00545671
1779777000,3900000.0,3900000.0,3900000.0,3900000.0,0.00383025
1779777900,3900000.0,3900000.0,3900000.0,3900000.0,0.0
1779778800,3900000.0,3900000.0,3900000.0,3900000.0,0.0
1779779700,3826146.0,3828737.0,3826146.0,3828737.0,0.0092611
1779780600,3828737.0,3828737.0,3828737.0,3828737.0,0.0
1779781500,3826146.0,3826146.0,3823672.0,3824499.0,0.0789026
1779782400,3899896.0,3899896.0,3829569.0,3829569.0,0.02756232
1779783300,3829896.0,3899896.0,3829896.0,3899896.0,0.00822574
1779784200,3899896.0,3899896.0,3899896.0,3899896.0,0.0
1779785100,3899896.0,3899896.0,3899896.0,3899896.0,0.0
1779786000,3831647.0,3831647.0,3831647.0,3831647.0,1.01461745
1779786900,3831647.0,3831647.0,3831647.0,3831647.0,0.0
1779787800,3831261.0,3831261.0,3831261.0,3831261.0,0.03641257
1779788700,3836923.0,3836923.0,3836923.0,3836923.0,0.02332452
1779789600,3836923.0,3836923.0,3836923.0,3836923.0,0.0
1779790500,3836923.0,3836923.0,3836923.0,3836923.0,0.0
1779791400,3836923.0,3836923.0,3836923.0,3836923.0,0.0
1779792300,3850547.0,3850547.0,3850547.0,3850547.0,0.00336065
1779793200,3899887.0,3899887.0,3845159.0,3845159.0,0.01785048
1779794100,3899883.0,3899883.0,3899883.0,3899883.0,0.00255366
1779795000,3899883.0,3899883.0,3899883.0,3899883.0,0.0
1779795900,3899883.0,3899883.0,3899883.0,3899883.0,0.0
1779796800,3898996.0,3898996.0,3898996.0,3898996.0,0.01138215
1779797700,3898996.0,3898996.0,3898996.0,3898996.0,0.0
1779798600,3860313.0,3860313.0,3860309.0,3860309.0,0.22509181
1779799500,3860309.0,3860309.0,3860309.0,3860309.0,0.01714773
1779800400,3860309.0,3860309.0,3860309.0,3860309.0,0.0
1779801300,3860309.0,3860309.0,3860309.0,3860309.0,0.0
1779802200,3860309.0,3860309.0,3860309.0,3860309.0,0.0
1779803100,3897500.0,3897500.0,3897500.0,3897500.0,0.05056318
1779804000,3860309.0,3891201.0,3860309.0,3860309.0,1.58757422
1779804900,3860309.0,3860309.0,3860309.0,3860309.0,0.0
1779805800,3860309.0,3860309.0,3860309.0,3860309.0,0.0
1779806700,3860309.0,3860309.0,3860309.0,3860309.0,0.0
1779807600,3891201.0,3891201.0,3860309.0,3860309.0,0.28388191
1779808500,3860309.0,3860309.0,3860309.0,3860309.0,0.0
1779809400,3860309.0,3860309.0,3860309.0,3860309.0,0.0
1779810300,3860000.0,3860000.0,3829896.0,3829896.0,1.30262805
1779811200,3829896.0,3829896.0,3820000.0,3820000.0,0.07301588
1779812100,3820000.0,3820000.0,3810000.0,3810000.0,0.02626026
1779813000,3851865.0,3851865.0,3810000.0,3810000.0,1.13834337
1779813900,3810000.0,3810000.0,3810000.0,3810000.0,0.00212963
1779814800,3810000.0,3845000.0,3810000.0,3845000.0,0.40389791
1779815700,3845000.0,3845000.0,3845000.0,3845000.0,0.0
1779816600,3845000.0,3845000.0,3845000.0,3845000.0,0.00259011
1779817500,3845000.0,3845000.0,3845000.0,3845000.0,0.0
1779818400,3845000.0,3845000.0,3845000.0,3845000.0,0.0
1779819300,3845000.0,3845000.0,3845000.0,3845000.0,0.0
1779820200,3845000.0,3845000.0,3845000.0,3845000.0,0.0
1779821100,3845000.0,3845000.0,3845000.0,3845000.0,0.0
1779822000,3845000.0,3845000.0,3845000.0,3845000.0,0.0
1779822900,3845000.0,3845000.0,3845000.0,3845000.0,0.0
1779823800,3845000.0,3845000.0,3845000.0,3845000.0,0.0
1779824700,3845000.0,3845000.0,3845000.0,3845000.0,0.03244108
1779825600,3845000.0,3845000.0,3845000.0,3845000.0,0.0
1779826500,3845000.0,3845000.0,3845000.0,3845000.0,0.00388504
1779827400,3845000.0,3845000.0,3845000.0,3845000.0,0.0
1779828300,3845000.0,3845000.0,3845000.0,3845000.0,0.0
1779829200,3800005.0,3800005.0,3800005.0,3800005.0,0.00684917
1779830100,3845000.0,3845000.0,3845000.0,3845000.0,0.00414408
1779831000,3800005.0,3800005.0,3800005.0,3800005.0,0.00414408
1779831900,3800005.0,3800005.0,3800005.0,3800005.0,0.0
1779832800,3800005.0,3800005.0,3800005.0,3800005.0,0.0
1779833700,3800005.0,3800005.0,3800005.0,3800005.0,0.00363902
1779834600,3800005.0,3800005.0,3800000.0,3800000.0,0.21355102
1779835500,3800000.0,3800000.0,3800000.0,3800000.0,0.0
1779836400,3800000.0,3800000.0,3800000.0,3800000.0,0.0
1779837300,3800000.0,3800000.0,3800000.0,3800000.0,0.0
1779838200,3845000.0,3845000.0,3845000.0,3845000.0,0.00648816
1779839100,3845000.0,3845000.0,3845000.0,3845000.0,0.0
1779840000,3845000.0,3845000.0,3845000.0,3845000.0,0.0
1779840900,3845000.0,3845000.0,3845000.0,3845000.0,0.00750845
1779841800,3845000.0,3845000.0,3845000.0,3845000.0,0.0
1779842700,3800000.0,3800000.0,3800000.0,3800000.0,0.13826522
1779843600,3800000.0,3800000.0,3800000.0,3800000.0,0.0
1779844500,3800000.0,3800000.0,3800000.0,3800000.0,0.0
1779845400,3800000.0,3800000.0,3800000.0,3800000.0,0.0
1779846300,3800000.0,3800000.0,3800000.0,3800000.0,0.04466076
1779847200,3797844.0,3797844.0,3781250.0,3781250.0,0.07350542
1779848100,3781250.0,3781250.0,3781250.0,3781250.0,0.0
1779849000,3781250.0,3781250.0,3781250.0,3781250.0,0.0
1779849900,3781250.0,3781250.0,3781250.0,3781250.0,0.0
1779850800,3805000.0,3805000.0,3780904.0,3780904.0,0.03140813
1779851700,3805000.0,3805000.0,3780004.0,3805000.0,0.02368136
1779852600,3805000.0,3805000.0,3805000.0,3805000.0,0.00261734
1779853500,3805000.0,3805000.0,3805000.0,3805000.0,0.01904808
1779854400,3805000.0,3805000.0,3805000.0,3805000.0,0.0
1779855300,3783244.0,3783244.0,3783244.0,3783244.0,0.01220678
1779856200,3805000.0,3805000.0,3805000.0,3805000.0,0.05674237
1779857100,3805000.0,3805000.0,3805000.0,3805000.0,0.0
1779858000,3783252.0,3783252.0,3783252.0,3783252.0,0.01239198
1779858900,3783252.0,3783252.0,3783252.0,3783252.0,0.0
1779859800,3783256.0,3783256.0,3780000.0,3780000.0,1.01503964
1779860700,3774750.0,3774750.0,3774750.0,3774750.0,0.00544273
1779861600,3774750.0,3774750.0,3774750.0,3774750.0,0.0
1779862500,3774750.0,3774750.0,3774750.0,3774750.0,0.0
1779863400,3780000.0,3780000.0,3776925.0,3776925.0,0.05427406
1779864300,3776925.0,3776925.0,3776925.0,3776925.0,0.0
1779865200,3775103.0,3775835.0,3775103.0,3775835.0,0.19061614
1779866100,3775835.0,3775835.0,3775835.0,3775835.0,0.0
1779867000,3775835.0,3775835.0,3775835.0,3775835.0,0.0
1779867900,3775835.0,3775835.0,3775835.0,3775835.0,0.0
1779868800,3775103.0,3775103.0,3772801.0,3772801.0,0.8834553
1779869700,3780000.0,3845000.0,3780000.0,3845000.0,2.12158537
1779870600,3786911.0,3786911.0,3786911.0,3786911.0,0.0036443
1779871500,3786911.0,3786911.0,3786911.0,3786911.0,0.0
1779872400,3786911.0,3786911.0,3786911.0,3786911.0,0.0
1779873300,3786911.0,3786911.0,3786911.0,3786911.0,0.0
1779874200,3786911.0,3786911.0,3786911.0,3786911.0,0.0
1779875100,3797088.0,3797088.0,3797088.0,3797088.0,0.03801023
1779876000,3797088.0,3797088.0,3797088.0,3797088.0,0.0
1779876900,3815572.0,3815572.0,3815572.0,3815572.0,0.05039266
1779877800,3814972.0,3814972.0,3814972.0,3814972.0,0.02603374
1779878700,3814972.0,3814972.0,3814972.0,3814972.0,0.0
1779879600,3800000.0,3800000.0,3787886.0,3787886.0,0.00990153
1779880500,3844996.0,3844996.0,3822493.0,3822493.0,0.02406264
1779881400,3822493.0,3822493.0,3822493.0,3822493.0,0.0
1779882300,3822493.0,3822493.0,3822493.0,3822493.0,0.0
1779883200,3845000.0,3849996.0,3845000.0,3849996.0,0.01227126
1779884100,3849996.0,3849996.0,3849996.0,3849996.0,0.0
1779885000,3849996.0,3849996.0,3849996.0,3849996.0,0.0
1779885900,3849996.0,3849996.0,3849996.0,3849996.0,0.0
1779886800,3804209.0,3804209.0,3804209.0,3804209.0,0.00627366
1779887700,3849996.0,3849996.0,3849996.0,3849996.0,0.01776729
1779888600,3849996.0,3849996.0,3849996.0,3849996.0,0.0
1779889500,3849996.0,3849996.0,3849996.0,3849996.0,0.0
1779890400,3775500.0,3775500.0,3775500.0,3775500.0,0.05684473
1779891300,3775500.0,3809045.0,3775500.0,3775500.0,0.2108938
1779892200,3775500.0,3775500.0,3775500.0,3775500.0,0.0
1779893100,3795108.0,3795108.0,3795108.0,3795108.0,0.00964135
1779894000,3795108.0,3795108.0,3795108.0,3795108.0,0.0
1779894900,3785282.0,3794684.0,3785282.0,3794684.0,0.05908
1779895800,3775600.0,3775600.0,3775600.0,3775600.0,0.99782
1779896700,3796407.0,3796407.0,3689319.0,3689319.0,1.25723526
1779897600,3712700.0,3734500.0,3712700.0,3734500.0,0.02443414
1779898500,3734500.0,3734500.0,3734500.0,3734500.0,0.0
1779899400,3734500.0,3734500.0,3734500.0,3734500.0,0.0
1779900300,3734500.0,3734500.0,3734500.0,3734500.0,0.0
1779901200,3689319.0,3831338.0,3688371.0,3831338.0,0.01053772
1779902100,3837710.0,3837710.0,3837710.0,3837710.0,0.00260024
1779903000,3837710.0,3837710.0,3837710.0,3837710.0,0.0
1779903900,3837710.0,3837710.0,3837710.0,3837710.0,0.0
1779904800,3837710.0,3837710.0,3837710.0,3837710.0,0.0
1779905700,3839070.0,3839070.0,3839070.0,3839070.0,0.01037647
1779906600,3839070.0,3845000.0,3839070.0,3845000.0,0.00647762
1779907500,3845000.0,3845000.0,3845000.0,3845000.0,0.0
1779908400,3845000.0,3845000.0,3845000.0,3845000.0,0.0
1779909300,3845000.0,3845000.0,3845000.0,3845000.0,0.0
1779910200,3845000.0,3845000.0,3845000.0,3845000.0,0.0
1779911100,3845000.0,3845000.0,3845000.0,3845000.0,0.0
1779912000,3845000.0,3845000.0,3845000.0,3845000.0,0.0
1779912900,3845000.0,3845000.0,3845000.0,3845000.0,0.0
1779913800,3842766.0,3842766.0,3842766.0,3842766.0,0.02600444
1779914700,3842766.0,3842766.0,3842766.0,3842766.0,0.0
1779915600,3842766.0,3842766.0,3842766.0,3842766.0,0.0
1779916500,3842766.0,3842766.0,3842766.0,3842766.0,0.0
1779917400,3842766.0,3842766.0,3842766.0,3842766.0,0.0
1779918300,3842766.0,3842766.0,3842766.0,3842766.0,0.0
1779919200,3842766.0,3842766.0,3842766.0,3842766.0,0.0
1779920100,3842766.0,3842766.0,3842766.0,3842766.0,0.0
1779921000,3844035.0,3845000.0,3844035.0,3845000.0,0.10971507
1779921900,3838115.0,3838115.0,3828641.0,3828641.0,0.04363103
1779922800,3759309.0,3759309.0,3759309.0,3759309.0,0.0239498
1779923700,3759309.0,3759309.0,3759309.0,3759309.0,0.0
1779924600,3825586.0,4300000.0,3825586.0,4300000.0,20.47475845
1779925500,3816681.0,3816681.0,3816681.0,3816681.0,0.03617619
1779926400,3760009.0,3760009.0,3760009.0,3760009.0,0.03617619
1779927300,3760009.0,3760009.0,3760009.0,3760009.0,0.0
1779928200,3820129.0,3820129.0,3820129.0,3820129.0,0.00770628
1779929100,3820129.0,3820129.0,3820129.0,3820129.0,0.01862994
1779930000,3820133.0,3820133.0,3820133.0,3820133.0,0.01314378
1779930900,3820133.0,3820133.0,3820133.0,3820133.0,0.0
1779931800,3820133.0,3820133.0,3820133.0,3820133.0,0.0
1779932700,3820136.0,3820136.0,3775500.0,3775500.0,3.37311325
1779933600,3797846.0,3806042.0,3797846.0,3806042.0,0.2616713
1779934500,3806041.0,3806042.0,3806041.0,3806042.0,0.00392481
1779935400,3806042.0,3806042.0,3806042.0,3806042.0,0.0
1779936300,3806042.0,3806042.0,3806042.0,3806042.0,0.0
1779937200,3806042.0,3806042.0,3806042.0,3806042.0,0.00261662
1779938100,3775502.0,3775502.0,3729774.0,3729774.0,2.66520796
1779939000,3729774.0,3729774.0,3729774.0,3729774.0,0.0
1779939900,3729774.0,3729774.0,3729774.0,3729774.0,0.0
1779940800,3729774.0,3729774.0,3729774.0,3729774.0,0.0
1779941700,3729774.0,3729774.0,3729774.0,3729774.0,0.0
1779942600,3729774.0,3729774.0,3729774.0,3729774.0,0.0
1779943500,3729774.0,3729774.0,3729774.0,3729774.0,0.0
1779944400,3730121.0,3730121.0,3730121.0,3730121.0,0.00825731
1779945300,3730121.0,3730121.0,3730121.0,3730121.0,0.0
1779946200,3730121.0,3806042.0,3730121.0,3806042.0,0.01037701
1779947100,3806042.0,3806042.0,3806042.0,3806042.0,0.35590579
1779948000,3806042.0,3806042.0,3730235.0,3730235.0,1.41325702
1779948900,3732520.0,3735782.0,3432218.0,3734397.0,12.37516553
1779949800,3722925.0,3722925.0,3722925.0,3722925.0,1.61163601
1779950700,3723081.0,3723081.0,3723081.0,3723081.0,0.08475945
1779951600,3567001.0,3735751.0,3512405.0,3735751.0,3.51244526
1779952500,3735751.0,3735751.0,3735751.0,3735751.0,0.0
1779953400,3735751.0,3735751.0,3735751.0,3735751.0,0.0
1779954300,3735751.0,3735751.0,3735751.0,3735751.0,0.0
1779955200,3733618.0,3733618.0,3731369.0,3731369.0,0.07143549
1779956100,3737035.0,3739259.0,3737035.0,3737555.0,0.28377991
1779957000,3736490.0,3736490.0,3736490.0,3736490.0,0.06075493
1779957900,3736490.0,3736490.0,3736490.0,3736490.0,0.0
1779958800,3740610.0,3806040.0,3740610.0,3806040.0,0.19761331
1779959700,3806036.0,3806036.0,3806036.0,3806036.0,0.01467852
1779960600,3742598.0,3742598.0,3742598.0,3742598.0,0.01467852
1779961500,3742602.0,3806042.0,3742602.0,3806042.0,0.13949547
1779962400,3806042.0,3806042.0,3806042.0,3806042.0,0.0
1779963300,3806042.0,3806042.0,3806042.0,3806042.0,0.0
1779964200,3806034.0,3806034.0,3806034.0,3806034.0,0.00275273
1779965100,3806034.0,3806034.0,3806034.0,3806034.0,0.0
1779966000,3784613.0,3784613.0,3784613.0,3784613.0,0.03375887
1779966900,3784613.0,3784613.0,3784613.0,3784613.0,0.0
1779967800,3784613.0,3784613.0,3784613.0,3784613.0,0.0
1779968700,3784613.0,3802616.0,3784613.0,3802616.0,0.00789207
1779969600,3784613.0,3784613.0,3784613.0,3784613.0,0.00366986
1779970500,3784613.0,3784613.0,3784613.0,3784613.0,0.0
1779971400,3784613.0,3784613.0,3784613.0,3784613.0,0.00271436
1779972300,3805999.0,3805999.0,3805999.0,3805999.0,0.04123831
1779973200,3805999.0,3805999.0,3805999.0,3805999.0,0.0
1779974100,3805997.0,3805997.0,3805997.0,3805997.0,0.02529586
1779975000,3805995.0,3805995.0,3805995.0,3805995.0,0.00643274
1779975900,3805999.0,3805999.0,3805999.0,3805999.0,0.00261665
1779976800,3784613.0,3804000.0,3567000.0,3804000.0,1.86377212
1779977700,3805999.0,3805999.0,3805999.0,3805999.0,0.01021965
1779978600,3805999.0,3805999.0,3805999.0,3805999.0,0.00523279
1779979500,3805999.0,3805999.0,3805999.0,3805999.0,0.0
1779980400,3805999.0,3805999.0,3805999.0,3805999.0,0.0
1779981300,3805999.0,3805999.0,3805999.0,3805999.0,0.0
1779982200,3805996.0,3805996.0,3805996.0,3805996.0,0.01161797
1779983100,3762028.0,3762028.0,3755584.0,3755584.0,0.07110587
1779984000,3755584.0,3804547.0,3755584.0,3804547.0,0.2993441
1779984900,3804547.0,3804547.0,3804547.0,3804547.0,0.0
1779985800,3804538.0,3804538.0,3804538.0,3804538.0,0.01157722
1779986700,3804538.0,3804538.0,3804538.0,3804538.0,0.0
1779987600,3804538.0,3804538.0,3804538.0,3804538.0,0.0
1779988500,3804538.0,3804538.0,3804538.0,3804538.0,0.0
1779989400,3804538.0,3804538.0,3804538.0,3804538.0,0.0
1779990300,3804538.0,3804538.0,3804538.0,3804538.0,0.0
1779991200,3804538.0,3804538.0,3804538.0,3804538.0,0.0
1779992100,3804538.0,3804538.0,3804538.0,3804538.0,0.0
1779993000,3804538.0,3804538.0,3804538.0,3804538.0,0.0
1779993900,3804538.0,3804538.0,3804538.0,3804538.0,0.0
1779994800,3805999.0,3805999.0,3805999.0,3805999.0,0.00374041
1779995700,3805999.0,3805999.0,3805999.0,3805999.0,0.0
1779996600,3805999.0,3805999.0,3805999.0,3805999.0,0.0
1779997500,3805999.0,3805999.0,3805999.0,3805999.0,0.0
1779998400,3805999.0,3805999.0,3805999.0,3805999.0,0.0
1779999300,3805999.0,3805999.0,3805999.0,3805999.0,0.0
1780000200,3805999.0,3805999.0,3805999.0,3805999.0,0.0
1780001100,3805999.0,3805999.0,3805999.0,3805999.0,0.0
1780002000,3805999.0,3805999.0,3805999.0,3805999.0,0.0
1780002900,3805999.0,3805999.0,3805999.0,3805999.0,0.0
1780003800,3805999.0,3805999.0,3805999.0,3805999.0,0.0
1780004700,3805999.0,3805999.0,3805999.0,3805999.0,0.0
1780005600,3805999.0,3805999.0,3805999.0,3805999.0,0.0
1780006500,3805999.0,3805999.0,3805999.0,3805999.0,0.0
1780007400,3805999.0,3805999.0,3805999.0,3805999.0,0.0
1780008300,3805999.0,3805999.0,3805999.0,3805999.0,0.0
1780009200,3790000.0,3790000.0,3789844.0,3789844.0,0.05347908
1780010100,3789844.0,3789844.0,3789844.0,3789844.0,0.0
1780011000,3789844.0,3789844.0,3789844.0,3789844.0,0.0
1780011900,3790343.0,3790343.0,3790343.0,3790343.0,0.01265927
1780012800,3790343.0,3790343.0,3790343.0,3790343.0,0.0
1780013700,3805999.0,3805999.0,3778759.0,3778759.0,0.09347466
1780014600,3777519.0,3777866.0,3777519.0,3777866.0,0.05591078
1780015500,3777866.0,3777866.0,3777866.0,3777866.0,0.0
1780016400,3805998.0,3805998.0,3805998.0,3805998.0,0.02598346
1780017300,3805998.0,3805998.0,3805998.0,3805998.0,0.0
1780018200,3805998.0,3805998.0,3805998.0,3805998.0,0.0
1780019100,3805998.0,3805998.0,3805998.0,3805998.0,0.01849685
1780020000,3805998.0,3805998.0,3805998.0,3805998.0,0.0
1780020900,3805998.0,3805998.0,3805998.0,3805998.0,0.0
1780021800,3805998.0,3805998.0,3805998.0,3805998.0,0.0
1780022700,3805998.0,3805998.0,3805998.0,3805998.0,0.0
1780023600,3805998.0,3805998.0,3805998.0,3805998.0,0.00017398
1780024500,3805998.0,3805998.0,3805998.0,3805998.0,0.02201998
1780025400,3805998.0,3805998.0,3805998.0,3805998.0,0.0079062
1780026300,3805998.0,3805998.0,3800000.0,3800000.0,0.00908013
1780027200,3805998.0,3805998.0,3805998.0,3805998.0,0.01560037
1780028100,3800000.0,3805998.0,3609900.0,3805998.0,0.07451752
1780029000,3805998.0,3805999.0,3797701.0,3797701.0,0.22735237
1780029900,3798360.0,3806042.0,3798019.0,3806042.0,1.74602411
1780030800,3806042.0,3806042.0,3806042.0,3806042.0,0.0
1780031700,3806042.0,3809671.0,3806042.0,3809671.0,2.16162127
1780032600,3811239.0,3815043.0,3811239.0,3815043.0,0.03147013
1780033500,3815043.0,3815043.0,3815043.0,3815043.0,0.0
1780034400,3809417.0,3809417.0,3809417.0,3809417.0,0.02684407
1780035300,3809417.0,3809417.0,3809417.0,3809417.0,0.0
1780036200,3809417.0,3842711.0,3809417.0,3842711.0,0.23135003
1780037100,3842711.0,3842711.0,3842711.0,3842711.0,0.00262939
1780038000,3842711.0,3842711.0,3842711.0,3842711.0,0.0
1780038900,3795967.0,3850000.0,3795967.0,3813681.0,0.13967612
1780039800,3814299.0,3850000.0,3812982.0,3850000.0,0.11369699
1780040700,3849996.0,3850000.0,3849996.0,3850000.0,0.25919299
1780041600,3814303.0,3814432.0,3811554.0,3811554.0,0.12122364
1780042500,3849996.0,3850000.0,3849996.0,3850000.0,0.10222442
1780043400,3850000.0,3850000.0,3849996.0,3849996.0,0.01237818
1780044300,3811554.0,3811554.0,3700001.0,3700001.0,0.35620915
1780045200,3700001.0,3700001.0,3700001.0,3700001.0,0.0
1780046100,3839996.0,3839996.0,3807893.0,3807893.0,0.00779857
1780047000,3807893.0,3807893.0,3807893.0,3807893.0,0.0
1780047900,3807893.0,3807893.0,3807893.0,3807893.0,0.0
1780048800,3839996.0,3839996.0,3839996.0,3839996.0,0.00595026
1780049700,3839996.0,3839996.0,3839996.0,3839996.0,0.0
1780050600,3839996.0,3839996.0,3839996.0,3839996.0,0.0
1780051500,3839996.0,3839996.0,3839996.0,3839996.0,0.0
1780052400,3839996.0,3839996.0,3839996.0,3839996.0,0.0
1780053300,3839986.0,3839986.0,3839986.0,3839986.0,0.01561359
1780054200,3839986.0,3839986.0,3839986.0,3839986.0,0.05187024
1780055100,3839986.0,3839986.0,3839986.0,3839986.0,0.0
1780056000,3839986.0,3839986.0,3839986.0,3839986.0,0.0
1780056900,3839986.0,3839986.0,3839986.0,3839986.0,0.0
1780057800,3803139.0,3803139.0,3803139.0,3803139.0,0.02529586
1780058700,3803139.0,3803139.0,3803139.0,3803139.0,0.0
1780059600,3803139.0,3803139.0,3803139.0,3803139.0,0.0
1780060500,3803139.0,3803139.0,3803139.0,3803139.0,0.0
1780061400,3834992.0,3834996.0,3834992.0,3834996.0,0.19780241
1780062300,3834996.0,3834996.0,3834996.0,3834996.0,0.0
1780063200,3839990.0,3850000.0,3839990.0,3850000.0,0.15493678
1780064100,3832217.0,3832217.0,3832217.0,3832217.0,0.05205087
1780065000,3832217.0,3832217.0,3832217.0,3832217.0,0.0
1780065900,3848998.0,3848998.0,3848998.0,3848998.0,0.07615072
1780066800,3829333.0,3848998.0,3803139.0,3848998.0,0.07105249
1780067700,3803139.0,3803139.0,3803139.0,3803139.0,0.0028053
1780068600,3848998.0,3848998.0,3848998.0,3848998.0,0.01009092
1780069500,3803139.0,3803139.0,3802187.0,3802187.0,0.35911151
1780070400,3802187.0,3802187.0,3802187.0,3802187.0,0.0
1780071300,3802187.0,3802187.0,3802187.0,3802187.0,0.0
1780072200,3814108.0,3814108.0,3814108.0,3814108.0,0.00440935
1780073100,3804609.0,3804609.0,3804609.0,3804609.0,0.00647762
1780074000,3804609.0,3804609.0,3804609.0,3804609.0,0.0
1780074900,3804609.0,3804609.0,3804609.0,3804609.0,0.0
1780075800,3804609.0,3804609.0,3804609.0,3804609.0,0.0
1780076700,3804609.0,3804609.0,3804609.0,3804609.0,0.0
1780077600,3804609.0,3804609.0,3804609.0,3804609.0,0.0
1780078500,3804609.0,3804609.0,3804609.0,3804609.0,0.0
1780079400,3804609.0,3804609.0,3804609.0,3804609.0,0.0
1780080300,3829119.0,3829119.0,3829119.0,3829119.0,0.0433601
1780081200,3829119.0,3829119.0,3829119.0,3829119.0,0.0
1780082100,3848998.0,3848998.0,3848998.0,3848998.0,0.06124684
1780083000,3848998.0,3848998.0,3848998.0,3848998.0,0.0
1780083900,3848998.0,3848998.0,3848998.0,3848998.0,0.0
1780084800,3848998.0,3848998.0,3848998.0,3848998.0,0.0
1780085700,3848998.0,3848998.0,3848998.0,3848998.0,0.0
1780086600,3848998.0,3848998.0,3848998.0,3848998.0,0.0
1780087500,3840448.0,3848998.0,3840448.0,3848998.0,0.99820327
1780088400,3820576.0,3820576.0,3820576.0,3820576.0,0.0053818
1780089300,3820576.0,3820576.0,3820572.0,3820572.0,0.01309806
1780090200,3820572.0,3820572.0,3820572.0,3820572.0,0.0
1780091100,3840459.0,3840459.0,3840459.0,3840459.0,0.04302662
1780092000,3840459.0,3840459.0,3840459.0,3840459.0,0.0
1780092900,3840459.0,3840459.0,3840459.0,3840459.0,0.0
1780093800,3840459.0,3840459.0,3840459.0,3840459.0,0.0
1780094700,3820572.0,3842808.0,3820572.0,3842808.0,0.01475614
1780095600,3820572.0,3820572.0,3820572.0,3820572.0,0.05669141
1780096500,3820572.0,3820572.0,3820572.0,3820572.0,0.0
1780097400,3820572.0,3820572.0,3820572.0,3820572.0,0.0
1780098300,3840824.0,3840824.0,3840824.0,3840824.0,0.00478178
1780099200,3840824.0,3840824.0,3840824.0,3840824.0,0.0
1780100100,3820572.0,3820572.0,3820572.0,3820572.0,0.04302601
1780101000,3820572.0,3820572.0,3820572.0,3820572.0,0.0
1780101900,3841906.0,3842086.0,3841906.0,3842086.0,0.01949108
1780102800,3844251.0,3844251.0,3844251.0,3844251.0,0.04886855
1780103700,3844792.0,3844792.0,3844792.0,3844792.0,0.00949778
1780104600,3844792.0,3844792.0,3844792.0,3844792.0,0.0
1780105500,3844792.0,3844792.0,3844792.0,3844792.0,0.0
1780106400,3844792.0,3844792.0,3844792.0,3844792.0,0.0
1780107300,3844792.0,3844792.0,3844792.0,3844792.0,0.0
1780108200,3848997.0,3848997.0,3848997.0,3848997.0,0.01296285
1780109100,3848997.0,3848997.0,3848997.0,3848997.0,0.0
1780110000,3848997.0,3848997.0,3848997.0,3848997.0,0.0
1780110900,3804609.0,3804609.0,3804609.0,3804609.0,0.02494554
1780111800,3804609.0,3848997.0,3771336.0,3848997.0,1.00718145
1780112700,3848997.0,3848997.0,3848997.0,3848997.0,0.0
1780113600,3848995.0,3848995.0,3848995.0,3848995.0,0.00730112
1780114500,3848995.0,3848995.0,3770630.0,3848995.0,0.11914346
1780115400,3848995.0,3848995.0,3848995.0,3848995.0,0.0
1780116300,3848995.0,3848995.0,3848995.0,3848995.0,0.04706865
1780117200,3773803.0,3773803.0,3773803.0,3773803.0,0.0114736
1780118100,3778034.0,3778034.0,3778034.0,3778034.0,0.00422868
1780119000,3778034.0,3778034.0,3778034.0,3778034.0,0.0
1780119900,3848000.0,3850000.0,3779973.0,3779973.0,0.26874667
1780120800,3783675.0,3783675.0,3783675.0,3783675.0,0.01493844
1780121700,3850000.0,3850000.0,3850000.0,3850000.0,0.12959636
1780122600,3850000.0,3850000.0,3850000.0,3850000.0,0.01293376
1780123500,3785262.0,3850000.0,3785262.0,3850000.0,0.20055111
1780124400,3850000.0,3850000.0,3850000.0,3850000.0,0.0
1780125300,3850000.0,3850000.0,3850000.0,3850000.0,0.03180685
1780126200,3850000.0,3850000.0,3850000.0,3850000.0,0.0
1780127100,3850000.0,3850000.0,3850000.0,3850000.0,0.0
1780128000,3850393.0,3991791.0,3850393.0,3991791.0,1.01339738
1780128900,3879064.0,3991791.0,3850000.0,3991791.0,0.01820755
1780129800,3879425.0,3879425.0,3791431.0,3791431.0,0.29781737
1780130700,3991790.0,3991790.0,3879425.0,3879425.0,0.02955873
1780131600,3879064.0,3879064.0,3879064.0,3879064.0,0.0033374
1780132500,3991790.0,3991791.0,3991790.0,3991791.0,0.01238817
1780133400,3991791.0,3991791.0,3991791.0,3991791.0,0.0
1780134300,3793394.0,3793394.0,3793384.0,3793384.0,0.23825761
1780135200,3793384.0,3793384.0,3793384.0,3793384.0,0.0
1780136100,3793394.0,3793394.0,3793394.0,3793394.0,0.08570924
1780137000,3793394.0,3793394.0,3793394.0,3793394.0,0.0
1780137900,3793394.0,3793394.0,3793394.0,3793394.0,0.0
1780138800,3873472.0,3873472.0,3873472.0,3873472.0,0.00644047
1780139700,3873472.0,3873472.0,3873472.0,3873472.0,0.0
1780140600,3793399.0,3874010.0,3793399.0,3874010.0,0.02368457
1780141500,3874010.0,3874010.0,3874010.0,3874010.0,0.0
1780142400,3794504.0,3794504.0,3794504.0,3794504.0,0.00685539
1780143300,3794504.0,3794504.0,3794504.0,3794504.0,0.0
1780144200,3880499.0,3880499.0,3799015.0,3799015.0,0.02581475
1780145100,3880499.0,3880499.0,3880499.0,3880499.0,0.00279706
1780146000,3798310.0,3880499.0,3798310.0,3880499.0,0.00543428
1780146900,3880499.0,3880499.0,3880499.0,3880499.0,0.01285762
1780147800,3880499.0,3880499.0,3880499.0,3880499.0,0.03361136
1780148700,3880499.0,3880499.0,3880499.0,3880499.0,0.0
1780149600,3880499.0,3880499.0,3880499.0,3880499.0,0.0
1780150500,3880499.0,3880499.0,3880499.0,3880499.0,0.0
1780151400,3880499.0,3880499.0,3880499.0,3880499.0,0.01624017
1780152300,3880499.0,3880499.0,3848927.0,3848927.0,0.01085767
1780153200,3848927.0,3848927.0,3848927.0,3848927.0,0.0
1780154100,3848927.0,3880499.0,3807958.0,3880499.0,0.03230309
1780155000,3880499.0,3880499.0,3880499.0,3880499.0,0.0
1780155900,3880503.0,3880503.0,3880503.0,3880503.0,0.00701455
1780156800,3880503.0,3880503.0,3880503.0,3880503.0,0.0
1780157700,3880503.0,3880503.0,3880503.0,3880503.0,0.0
1780158600,3880503.0,3880503.0,3880503.0,3880503.0,0.01622856
1780159500,3880503.0,3880503.0,3880503.0,3880503.0,0.0
1780160400,3880503.0,3880503.0,3880503.0,3880503.0,0.0
1780161300,3880499.0,3880499.0,3880499.0,3880499.0,0.00787475
1780162200,3880499.0,3880499.0,3880499.0,3880499.0,0.0
1780163100,3880499.0,3880499.0,3880499.0,3880499.0,0.0
1780164000,3880499.0,3880499.0,3880499.0,3880499.0,0.0
1780164900,3880499.0,3880499.0,3880499.0,3880499.0,0.0030795
1780165800,3880499.0,3880499.0,3880499.0,3880499.0,0.0
1780166700,3880499.0,3880499.0,3880499.0,3880499.0,0.0
1780167600,3880499.0,3880499.0,3880499.0,3880499.0,0.0
1780168500,3807966.0,3880499.0,3807966.0,3880499.0,0.038808
1780169400,3880499.0,3880499.0,3880499.0,3880499.0,0.0
1780170300,3880499.0,3880499.0,3880499.0,3880499.0,0.0
1780171200,3826997.0,3866079.0,3826997.0,3866079.0,0.00559806
1780172100,3866079.0,3866079.0,3866079.0,3866079.0,0.0
1780173000,3866079.0,3866079.0,3866079.0,3866079.0,0.0
1780173900,3866079.0,3866079.0,3866079.0,3866079.0,0.0
1780174800,3866079.0,3866079.0,3866079.0,3866079.0,0.0
1780175700,3866079.0,3880499.0,3866079.0,3880499.0,0.00701689
1780176600,3880499.0,3880499.0,3880499.0,3880499.0,0.0257155
1780177500,3880499.0,3880499.0,3880499.0,3880499.0,0.0
1780178400,3880499.0,3880499.0,3880499.0,3880499.0,0.00513284
1780179300,3880499.0,3880499.0,3880499.0,3880499.0,0.0
1780180200,3880499.0,3880499.0,3880499.0,3880499.0,0.0
1780181100,3880499.0,3880499.0,3880499.0,3880499.0,0.0
1780182000,3880499.0,3880499.0,3880499.0,3880499.0,0.00742791
1780182900,3880499.0,3880503.0,3880499.0,3880503.0,0.12869366
1780183800,3880503.0,3880503.0,3880503.0,3880503.0,0.7989124
1780184700,3880503.0,3880503.0,3880503.0,3880503.0,0.05090164
1780185600,3880503.0,3880503.0,3880503.0,3880503.0,0.0
1780186500,3880503.0,3880503.0,3880503.0,3880503.0,0.0
1780187400,3880503.0,3880503.0,3880503.0,3880503.0,0.0
1780188300,3880503.0,3880503.0,3830491.0,3830491.0,0.05901815
1780189200,3830491.0,3830491.0,3830491.0,3830491.0,0.0
1780190100,3830491.0,3830491.0,3830491.0,3830491.0,0.0
1780191000,3830491.0,3830491.0,3830491.0,3830491.0,0.00394414
1780191900,3830491.0,3830491.0,3830491.0,3830491.0,0.0
1780192800,3830491.0,3830491.0,3830491.0,3830491.0,0.0
1780193700,3880503.0,3880503.0,3880503.0,3880503.0,0.01283209
1780194600,3880503.0,3880503.0,3880503.0,3880503.0,0.0
1780195500,3880503.0,3901070.0,3880503.0,3901070.0,0.31974523
1780196400,3904498.0,3904498.0,3904498.0,3904498.0,0.00278422
1780197300,3904498.0,3904498.0,3904498.0,3904498.0,0.0
1780198200,3903055.0,3905760.0,3830497.0,3905760.0,0.14024531
1780199100,3901612.0,3995771.0,3830497.0,3995771.0,0.36142104
1780200000,3995771.0,3995771.0,3995771.0,3995771.0,0.0
1780200900,3908827.0,3908827.0,3908827.0,3908827.0,0.00324547
1780201800,3909007.0,3909007.0,3908105.0,3908105.0,0.03177318
1780202700,3909007.0,3909007.0,3909007.0,3909007.0,0.27887773
1780203600,3907744.0,3907744.0,3907744.0,3907744.0,0.01274264
1780204500,3907744.0,3907744.0,3907744.0,3907744.0,0.0
1780205400,3907744.0,3907744.0,3907744.0,3907744.0,0.0
1780206300,3907744.0,3907744.0,3907744.0,3907744.0,0.0
1780207200,3907744.0,3907744.0,3907744.0,3907744.0,0.0
1780208100,3907744.0,3907744.0,3907744.0,3907744.0,0.0
1780209000,3995767.0,3995768.0,3995767.0,3995768.0,0.04984799
1780209900,3880502.0,3880502.0,3831623.0,3831623.0,0.0141154
1780210800,3831447.0,3831447.0,3831447.0,3831447.0,0.0030795
1780211700,3831447.0,3831447.0,3831447.0,3831447.0,0.0
1780212600,3995768.0,3995768.0,3995768.0,3995768.0,0.01537101
1780213500,3995768.0,3995768.0,3995768.0,3995768.0,0.0
1780214400,3930833.0,3931374.0,3930833.0,3931374.0,0.14495304
1780215300,3934080.0,3934080.0,3934080.0,3934080.0,0.00705247
1780216200,3934080.0,3934080.0,3934080.0,3934080.0,0.0
1780217100,3929390.0,3929390.0,3842913.0,3842913.0,0.11005368
1780218000,3842913.0,3842913.0,3842913.0,3842913.0,0.0
1780218900,3890000.0,3890000.0,3842913.0,3842913.0,0.01785041
1780219800,3842913.0,3842913.0,3842913.0,3842913.0,0.0
1780220700,3842913.0,3842913.0,3842913.0,3842913.0,0.0
1780221600,3842913.0,3842913.0,3842913.0,3842913.0,0.0
1780222500,3842913.0,3842913.0,3842913.0,3842913.0,0.0
1780223400,3889996.0,3919108.0,3889996.0,3919108.0,0.50943773
1780224300,3910631.0,3994998.0,3910631.0,3994998.0,0.01151361
1780225200,3912254.0,3912254.0,3912254.0,3912254.0,0.02846619
1780226100,3845913.0,3913697.0,3845913.0,3912795.0,0.68174829
1780227000,3845914.0,3913697.0,3845914.0,3913697.0,0.01561026
1780227900,3845914.0,3914419.0,3845914.0,3845916.0,0.04439297
1780228800,3845916.0,3845916.0,3845916.0,3845916.0,0.0
1780229700,3845916.0,3845916.0,3845916.0,3845916.0,0.0
1780230600,3916222.0,3916222.0,3916222.0,3916222.0,0.05302176
1780231500,3916222.0,3916222.0,3916222.0,3916222.0,0.0
1780232400,3916402.0,3916402.0,3916402.0,3916402.0,0.00411066
1780233300,3916402.0,3916402.0,3916402.0,3916402.0,0.0
1780234200,3916402.0,3916402.0,3916402.0,3916402.0,0.0
1780235100,3916402.0,3916402.0,3916402.0,3916402.0,0.0
1780236000,3916402.0,3916402.0,3916402.0,3916402.0,0.0
1780236900,3916402.0,3916402.0,3916402.0,3916402.0,0.0
1780237800,3890000.0,3890000.0,3890000.0,3890000.0,0.01465167
1780238700,3845924.0,3845924.0,3845924.0,3845924.0,0.01465167
1780239600,3890000.0,3890000.0,3890000.0,3890000.0,0.00307197
1780240500,3890000.0,3890000.0,3890000.0,3890000.0,0.00256015
1780241400,3890000.0,3890000.0,3890000.0,3890000.0,0.0
1780242300,3890000.0,3890000.0,3890000.0,3890000.0,0.00490771
1780243200,3845924.0,3845924.0,3845920.0,3845920.0,0.00841203
1780244100,3845920.0,3845920.0,3845920.0,3845920.0,0.0
1780245000,3845920.0,3845920.0,3845920.0,3845920.0,0.0
1780245900,3845920.0,3845920.0,3845920.0,3845920.0,0.0
1780246800,3845920.0,3845920.0,3845920.0,3845920.0,0.0
1780247700,3914960.0,3914960.0,3845924.0,3845924.0,0.13137041
1780248600,3845924.0,3845924.0,3845924.0,3845924.0,0.0
1780249500,3916222.0,3916222.0,3916222.0,3916222.0,0.75756762
1780250400,3916222.0,3916222.0,3916222.0,3916222.0,0.0
1780251300,3916222.0,3916222.0,3916222.0,3916222.0,0.0
1780252200,3916222.0,3916222.0,3916222.0,3916222.0,0.0
1780253100,3916222.0,3916222.0,3916222.0,3916222.0,0.0
1780254000,3912795.0,3912795.0,3912795.0,3912795.0,0.00381773
1780254900,3912434.0,3912434.0,3912434.0,3912434.0,0.00271851
1780255800,3912434.0,3912434.0,3912434.0,3912434.0,0.0
1780256700,3912434.0,3912434.0,3912434.0,3912434.0,0.0
1780257600,3910811.0,3910811.0,3910811.0,3910811.0,0.01226957
1780258500,3910811.0,3910811.0,3910811.0,3910811.0,0.0
1780259400,3910811.0,3910811.0,3910811.0,3910811.0,0.0
1780260300,3910811.0,3910811.0,3910811.0,3910811.0,0.0
1780261200,3910811.0,3910811.0,3910811.0,3910811.0,0.0
1780262100,3910811.0,3910811.0,3910811.0,3910811.0,0.0
1780263000,3910811.0,3910811.0,3910811.0,3910811.0,0.0
1780263900,3910811.0,3910811.0,3910811.0,3910811.0,0.0
1780264800,3910811.0,3910811.0,3910811.0,3910811.0,0.0
1780265700,3910811.0,3910811.0,3910811.0,3910811.0,0.0
1780266600,3910811.0,3910811.0,3910811.0,3910811.0,0.0
1780267500,3910811.0,3910811.0,3910811.0,3910811.0,0.0
1780268400,3845929.0,3845929.0,3845919.0,3845919.0,0.76771502
1780269300,3845919.0,3845919.0,3845919.0,3845919.0,0.04943116
1780270200,3845919.0,3845919.0,3845919.0,3845919.0,0.0
1780271100,3882416.0,3900743.0,3801000.0,3801000.0,5.94831621
1780272000,3888060.0,3888060.0,3888060.0,3888060.0,0.00256143
1780272900,3888060.0,3888060.0,3888060.0,3888060.0,0.0
1780273800,3888060.0,3888060.0,3888060.0,3888060.0,0.0
1780274700,3886666.0,3886666.0,3886666.0,3886666.0,0.00269048
1780275600,3886666.0,3886666.0,3886666.0,3886666.0,0.0
1780276500,3820000.0,3886082.0,3820000.0,3886082.0,0.02574907
1780277400,3885244.0,3885244.0,3820001.0,3820001.0,0.02978531
1780278300,3820001.0,3820001.0,3820001.0,3820001.0,0.0
1780279200,3885403.0,3885403.0,3820100.0,3820100.0,0.06231369
1780280100,3820100.0,3820100.0,3820100.0,3820100.0,0.01147341
1780281000,3820200.0,3820200.0,3820200.0,3820200.0,0.05302176
1780281900,3820200.0,3820200.0,3820200.0,3820200.0,0.0
1780282800,3889819.0,3889819.0,3889819.0,3889819.0,0.01118355
1780283700,3889819.0,3889819.0,3889819.0,3889819.0,0.0
1780284600,3892001.0,3892001.0,3888289.0,3888289.0,0.03749425
1780285500,3820001.0,3820001.0,3820000.0,3820000.0,0.02052837
1780286400,3892236.0,3892236.0,3892236.0,3892236.0,0.00811641
1780287300,3892236.0,3892236.0,3892236.0,3892236.0,0.0
1780288200,3892236.0,3892236.0,3892236.0,3892236.0,0.0
1780289100,3835856.0,3835856.0,3835856.0,3835856.0,0.25652772
1780290000,3835856.0,3835856.0,3835856.0,3835856.0,0.0
1780290900,3892236.0,3892236.0,3892236.0,3892236.0,0.01253752
1780291800,3892236.0,3892236.0,3826314.0,3826314.0,0.03172909
1780292700,3826318.0,3826318.0,3826318.0,3826318.0,0.00513284
1780293600,3826328.0,3849996.0,3826328.0,3849996.0,0.04395514
1780294500,3826328.0,3826328.0,3826324.0,3826324.0,1.09287103
1780295400,3826324.0,3869996.0,3826324.0,3869996.0,0.00914783
1780296300,3826324.0,3826324.0,3826324.0,3826324.0,0.00701455
1780297200,3826328.0,3826328.0,3826328.0,3826328.0,0.0259883
1780298100,3826328.0,3826328.0,3826324.0,3826324.0,0.14111
1780299000,3826324.0,3826324.0,3826324.0,3826324.0,0.0
1780299900,3826328.0,3826328.0,3826328.0,3826328.0,0.00393693
1780300800,3869996.0,3869996.0,3869996.0,3869996.0,0.00257338
1780301700,3869996.0,3869996.0,3869996.0,3869996.0,0.0
1780302600,3869996.0,3869996.0,3869996.0,3869996.0,0.0
1780303500,3869996.0,3869996.0,3869996.0,3869996.0,0.0
1780304400,3869996.0,3869996.0,3869996.0,3869996.0,0.0
1780305300,3850000.0,3850000.0,3850000.0,3850000.0,0.02906335
1780306200,3869992.0,3869992.0,3869992.0,3869992.0,0.02356206
1780307100,3850000.0,3869996.0,3826310.0,3826310.0,0.3240225
1780308000,3826310.0,3826310.0,3826310.0,3826310.0,0.0
1780308900,3826310.0,3826310.0,3826310.0,3826310.0,0.0
1780309800,3869992.0,3869992.0,3869992.0,3869992.0,0.02619772
1780310700,3826314.0,3826314.0,3826314.0,3826314.0,0.04572132
1780311600,3869992.0,3869992.0,3869992.0,3869992.0,0.00631344
1780312500,3869992.0,3869992.0,3869992.0,3869992.0,0.0
1780313400,3869992.0,3869992.0,3869992.0,3869992.0,0.0
1780314300,3869992.0,3869992.0,3869992.0,3869992.0,0.0
1780315200,3830017.0,3830017.0,3830017.0,3830017.0,0.06136128
1780316100,3830017.0,3830017.0,3830017.0,3830017.0,0.0
1780317000,3830017.0,3830017.0,3830017.0,3830017.0,0.0
1780317900,3830021.0,3830021.0,3830021.0,3830021.0,0.00503044
1780318800,3830021.0,3830021.0,3830021.0,3830021.0,0.0
1780319700,3869988.0,3869992.0,3830025.0,3830025.0,0.10373437
1780320600,3869988.0,3916200.0,3869988.0,3916200.0,2.07829314
1780321500,3916200.0,3916200.0,3916000.0,3916000.0,0.01994713
1780322400,3916200.0,3950000.0,3916199.0,3950000.0,0.45982043
1780323300,3916004.0,3950000.0,3916004.0,3916004.0,0.04036942
1780324200,3949996.0,3950000.0,3949996.0,3950000.0,0.04027674
1780325100,3949996.0,3949996.0,3949996.0,3949996.0,0.00357038
1780326000,3949996.0,3950000.0,3916000.0,3916000.0,0.12963379
1780326900,3916000.0,3950000.0,3830017.0,3830017.0,0.53146981
1780327800,3950000.0,3950000.0,3950000.0,3950000.0,0.02652607
1780328700,3950000.0,3950000.0,3950000.0,3950000.0,0.0025324
1780329600,3949996.0,3950000.0,3949996.0,3950000.0,0.04591315
1780330500,3920000.0,3920000.0,3920000.0,3920000.0,0.00417142
1780331400,3920000.0,3920000.0,3920000.0,3920000.0,0.0
1780332300,3920000.0,3920000.0,3850022.0,3850027.0,0.34535598
1780333200,3850027.0,3850027.0,3850027.0,3850027.0,0.0
1780334100,3850027.0,3850027.0,3850027.0,3850027.0,0.0
1780335000,3950000.0,3950000.0,3950000.0,3950000.0,0.00297468
1780335900,3950000.0,3950000.0,3950000.0,3950000.0,0.0
1780336800,3950000.0,3950000.0,3850030.0,3850030.0,1.28369885
1780337700,3850030.0,3850030.0,3850030.0,3850030.0,0.0
1780338600,3850030.0,3850030.0,3850030.0,3850030.0,0.0
1780339500,3850030.0,3850030.0,3850030.0,3850030.0,0.0
1780340400,3850030.0,3850030.0,3850030.0,3850030.0,0.0
1780341300,3850030.0,3850030.0,3850030.0,3850030.0,0.0
1780342200,3850030.0,3850030.0,3850030.0,3850030.0,0.0
1780343100,3850030.0,3850030.0,3850030.0,3850030.0,0.0
1780344000,3850030.0,3850030.0,3850030.0,3850030.0,0.0
1780344900,3850030.0,3850030.0,3850030.0,3850030.0,0.0
1780345800,3850030.0,3850030.0,3850030.0,3850030.0,0.0
1780346700,3950000.0,3950000.0,3950000.0,3950000.0,0.1490188
1780347600,3850096.0,3850096.0,3850096.0,3850096.0,0.00381286
1780348500,3949997.0,3949997.0,3949997.0,3949997.0,1.26315692
1780349400,3949997.0,3949997.0,3949997.0,3949997.0,0.0
1780350300,3949997.0,3949997.0,3949997.0,3949997.0,0.0
1780351200,3949997.0,3949997.0,3949997.0,3949997.0,0.0
1780352100,3949997.0,3949997.0,3949997.0,3949997.0,0.0
1780353000,3949997.0,3949997.0,3949997.0,3949997.0,0.0
1780353900,3950000.0,3954724.0,3950000.0,3954724.0,0.12027801
1780354800,3954724.0,3954724.0,3954724.0,3954724.0,0.0
1780355700,3954724.0,3954724.0,3954724.0,3954724.0,0.0
1780356600,3954723.0,3954723.0,3954723.0,3954723.0,0.03752954
1780357500,3954723.0,3954723.0,3954723.0,3954723.0,0.0
1780358400,3954723.0,3974995.0,3954723.0,3974995.0,0.12552169
1780359300,3861023.0,3861023.0,3861019.0,3861019.0,0.00628284
1780360200,3974991.0,3974991.0,3974991.0,3974991.0,0.00627598
1780361100,3861023.0,3861023.0,3861023.0,3861023.0,0.07064571
1780362000,3861047.0,3861047.0,3861047.0,3861047.0,0.05001644
1780362900,3861047.0,3861047.0,3861047.0,3861047.0,0.0
1780363800,3861047.0,3861047.0,3861047.0,3861047.0,0.0
1780364700,3974991.0,3994999.0,3974991.0,3994999.0,0.34577918
1780365600,3861031.0,3964101.0,3861031.0,3964101.0,0.0841499
1780366500,3861031.0,3861031.0,3861031.0,3861031.0,0.00269048
1780367400,3969996.0,3969996.0,3969996.0,3969996.0,0.01248112
1780368300,3969996.0,3969996.0,3861041.0,3861041.0,0.00717555
1780369200,3861041.0,3861041.0,3861027.0,3861027.0,0.0970008
1780370100,3861027.0,3861027.0,3861027.0,3861027.0,0.0
1780371000,3861036.0,3861036.0,3861036.0,3861036.0,0.00998389
1780371900,3969996.0,3970000.0,3969996.0,3970000.0,0.12710412
1780372800,3970000.0,3970000.0,3970000.0,3970000.0,0.0
1780373700,3950003.0,3950003.0,3950003.0,3950003.0,0.00669268
1780374600,3950007.0,3970000.0,3950007.0,3970000.0,0.05671512
1780375500,3970000.0,3970000.0,3970000.0,3970000.0,0.6747234
1780376400,3960003.0,3960003.0,3960003.0,3960003.0,0.01856347
1780377300,3970000.0,3994999.0,3960003.0,3960003.0,0.90795883
1780378200,3960003.0,3960003.0,3960003.0,3960003.0,0.0
1780379100,3990999.0,3994999.0,3950000.0,3994999.0,0.40305788
1780380000,3994999.0,3994999.0,3950000.0,3994999.0,0.85492991
1780380900,3950000.0,3950000.0,3950000.0,3950000.0,0.02470985
1780381800,3994999.0,3994999.0,3994999.0,3994999.0,0.04641528
1780382700,3994999.0,3994999.0,3994999.0,3994999.0,0.00373917
1780383600,3994999.0,3994999.0,3994999.0,3994999.0,0.05939599
1780384500,3955013.0,3994999.0,3955013.0,3994999.0,0.06029559
1780385400,3994999.0,3994999.0,3955013.0,3955013.0,0.35494826
1780386300,3995771.0,3996055.0,3995771.0,3996055.0,0.03738497
1780387200,3955020.0,4000000.0,3955020.0,3955024.0,1.33266003
1780388100,4000000.0,4000000.0,4000000.0,4000000.0,0.4194755
1780389000,4000000.0,4000000.0,3955047.0,3955047.0,2.00410125
1780389900,4002081.0,4015096.0,3955057.0,3955057.0,0.03977979
1780390800,3955057.0,3955057.0,3955057.0,3955057.0,0.0
1780391700,3955057.0,3955057.0,3955057.0,3955057.0,0.0
1780392600,4015096.0,4022406.0,4015096.0,4022406.0,0.07613182
1780393500,4022406.0,4031156.0,4022406.0,4031156.0,0.07906913
1780394400,3955090.0,3955090.0,3955090.0,3955090.0,0.00279841
1780395300,4031156.0,4050340.0,3955090.0,4050340.0,0.1138347
1780396200,4050340.0,4066541.0,4050340.0,4066541.0,0.16373728
1780397100,3966442.0,4066541.0,3966442.0,4066541.0,0.37103826
1780398000,3966445.0,3966445.0,3966442.0,3966442.0,0.56635529
1780398900,4062209.0,4089669.0,4062209.0,4089669.0,0.11767405
1780399800,4072017.0,4072017.0,3966451.0,3966451.0,0.00915712
1780400700,4059070.0,4059070.0,3966450.0,3966453.0,0.25209509
1780401600,3966461.0,4055688.0,3966461.0,4055688.0,0.05063043
1780402500,4056753.0,4060194.0,4056753.0,4060194.0,0.01967257
1780403400,4059046.0,4062267.0,4059046.0,4062267.0,0.01534769
1780404300,4060895.0,4060895.0,4027247.0,4027251.0,0.08500354
1780405200,4054907.0,4054907.0,4054907.0,4054907.0,0.00351795
1780406100,4040610.0,4040610.0,4027247.0,4027247.0,0.26291017
1780407000,4028001.0,4045107.0,4028001.0,4044232.0,0.02261878
1780407900,4085000.0,4088888.0,4035004.0,4088888.0,1.13210134
1780408800,4088888.0,4105000.0,4088888.0,4104996.0,0.22228815
1780409700,4104996.0,4104996.0,4104996.0,4104996.0,0.0
1780410600,4070005.0,4070005.0,4070005.0,4070005.0,0.00731546
1780411500,4070005.0,4070005.0,4070005.0,4070005.0,0.0
1780412400,4070004.0,4070004.0,3950000.0,3950000.0,0.57237108
1780413300,3950000.0,4105000.0,3950000.0,4105000.0,0.01757496
1780414200,4083123.0,4083123.0,3950000.0,3950000.0,0.31943825
1780415100,3950000.0,3950000.0,3950000.0,3950000.0,0.0
1780416000,4071728.0,4077601.0,4071728.0,4077601.0,0.09790451
1780416900,4069312.0,4069312.0,3950004.0,4062220.0,0.08979007
1780417800,4062220.0,4062220.0,4062220.0,4062220.0,0.0
1780418700,4060021.0,4060021.0,4060021.0,4060021.0,0.0490591
1780419600,4060021.0,4060021.0,4060021.0,4060021.0,0.0
1780420500,4055489.0,4055489.0,4051277.0,4051277.0,0.03299968
1780421400,4039317.0,4039317.0,4039317.0,4039317.0,0.00370567
1780422300,4033654.0,4033654.0,4033654.0,4033654.0,0.00740693
1780423200,3997219.0,4038823.0,3997219.0,4038823.0,0.01056494
1780424100,4038823.0,4038823.0,4038823.0,4038823.0,0.0
1780425000,4038823.0,4038823.0,4038823.0,4038823.0,0.0
1780425900,4021136.0,4022717.0,4021136.0,4022717.0,0.28864962
1780426800,4022717.0,4022717.0,4022717.0,4022717.0,0.0
1780427700,3997219.0,3997219.0,3997219.0,3997219.0,0.00515698
1780428600,3997219.0,3997219.0,3997219.0,3997219.0,0.00307197
1780429500,3997219.0,3997219.0,3997219.0,3997219.0,0.0
1780430400,4021474.0,4028777.0,4021474.0,4028777.0,0.01237325
1780431300,4028777.0,4028777.0,4028777.0,4028777.0,0.0
1780432200,4028777.0,4028777.0,4028777.0,4028777.0,0.0
1780433100,4028777.0,4028777.0,4028777.0,4028777.0,0.0
1780434000,4025802.0,4025802.0,4025802.0,4025802.0,0.00267797
1780434900,3997219.0,4016080.0,3950000.0,4016080.0,0.12171532
1780435800,4015178.0,4015178.0,3950004.0,3950004.0,0.03904591
1780436700,4016261.0,4016261.0,4016261.0,4016261.0,0.01488298
1780437600,3950004.0,3950004.0,3950000.0,3950000.0,1.19358593
1780438500,3950000.0,3950000.0,3950000.0,3950000.0,0.0
1780439400,4014005.0,4014009.0,4014005.0,4014009.0,0.19064095
1780440300,3950004.0,3950004.0,3950000.0,3950000.0,0.19064095
1780441200,3950000.0,3950000.0,3950000.0,3950000.0,0.01963269
1780442100,3992716.0,3992716.0,3950000.0,3950000.0,0.30194235
1780443000,3950000.0,3950000.0,3950000.0,3950000.0,0.11230028
1780443900,3950000.0,3950000.0,3950000.0,3950000.0,0.00482381
1780444800,3950000.0,3950000.0,3950000.0,3950000.0,0.0
1780445700,3950000.0,3950000.0,3950000.0,3950000.0,0.0
1780446600,4001980.0,4001980.0,4001980.0,4001980.0,0.01244259
1780447500,4001980.0,4001980.0,4001980.0,4001980.0,0.0
1780448400,4001812.0,4001812.0,4000562.0,4000562.0,0.08714118
1780449300,4000562.0,4000562.0,4000562.0,4000562.0,0.0
1780450200,4000562.0,4000562.0,4000562.0,4000562.0,0.0
1780451100,3950000.0,3950000.0,3950000.0,3950000.0,0.02824623
1780452000,3950004.0,3950004.0,3950004.0,3950004.0,0.02009322
1780452900,3950004.0,3950004.0,3950004.0,3950004.0,0.0
1780453800,3950004.0,3950004.0,3950004.0,3950004.0,0.0
1780454700,3950004.0,3950004.0,3950004.0,3950004.0,0.0
1780455600,3950004.0,3950004.0,3950004.0,3950004.0,0.0
1780456500,3950004.0,3950004.0,3950004.0,3950004.0,0.0
1780457400,3950000.0,3950000.0,3950000.0,3950000.0,0.24206087
1780458300,3963444.0,3968933.0,3963444.0,3968933.0,0.05669314
1780459200,3968933.0,4000000.0,3968933.0,4000000.0,0.02522507
1780460100,3999996.0,3999996.0,3975005.0,3975005.0,0.0338479
1780461000,3975005.0,3975005.0,3975005.0,3975005.0,0.0
1780461900,3975005.0,3975005.0,3975005.0,3975005.0,0.0
1780462800,3975005.0,3999996.0,3975005.0,3999996.0,0.29225692
1780463700,3975005.0,3975005.0,3975005.0,3975005.0,0.02747341
1780464600,3999996.0,3999996.0,3999996.0,3999996.0,0.00489675
1780465500,3999996.0,3999996.0,3999996.0,3999996.0,0.00557225
1780466400,3975009.0,3999996.0,3975005.0,3999996.0,0.15300146
1780467300,3975009.0,3975009.0,3975009.0,3975009.0,0.00258225
1780468200,3992067.0,3999996.0,3992067.0,3999996.0,0.0141484
1780469100,3975009.0,3975009.0,3975005.0,3975005.0,0.0063689
1780470000,3975009.0,3975009.0,3975005.0,3975005.0,0.129
1780470900,3975009.0,3975009.0,3975009.0,3975009.0,0.02475597
1780471800,3999996.0,3999996.0,3950000.0,3950000.0,2.35479393
1780472700,3950000.0,3950000.0,3950000.0,3950000.0,0.0
1780473600,3950004.0,3950004.0,3950004.0,3950004.0,0.00912033
1780474500,3999996.0,4000000.0,3950004.0,3950004.0,0.0379983
1780475400,3950005.0,3950005.0,3950005.0,3950005.0,0.01776808
1780476300,4000000.0,4055000.0,4000000.0,4055000.0,2.66157366
1780477200,4055000.0,4055000.0,4055000.0,4055000.0,0.0
1780478100,4055000.0,4055000.0,4055000.0,4055000.0,0.0
1780479000,4017165.0,4017165.0,4017165.0,4017165.0,0.00400805
1780479900,4020141.0,4020141.0,3950014.0,4020141.0,0.03217204
1780480800,3950014.0,3950014.0,3950014.0,3950014.0,0.00262009
1780481700,3950014.0,3950014.0,3950000.0,3950000.0,1.23437968
1780482600,3950004.0,3950004.0,3950000.0,3950000.0,1.23437968
1780483500,4017165.0,4017165.0,4017165.0,4017165.0,0.04867313
1780484400,4017165.0,4017165.0,4017165.0,4017165.0,0.0
1780485300,4017165.0,4017165.0,4017165.0,4017165.0,0.0
1780486200,4017165.0,4017165.0,4017165.0,4017165.0,0.0
1780487100,4017165.0,4017165.0,4017165.0,4017165.0,0.0
1780488000,4017165.0,4017165.0,4017165.0,4017165.0,0.0
1780488900,4017165.0,4017165.0,4017165.0,4017165.0,0.0
1780489800,4011380.0,4017165.0,4011380.0,4017165.0,0.04960951
1780490700,4017165.0,4017165.0,4017165.0,4017165.0,0.0
1780491600,4017157.0,4017165.0,4017157.0,4017165.0,0.25654114
1780492500,4017165.0,4017165.0,4017165.0,4017165.0,0.0
1780493400,4017161.0,4017161.0,3966105.0,3966105.0,0.11544835
1780494300,3966105.0,3966105.0,3900000.0,3954861.0,8.10437467
1780495200,3941758.0,3941758.0,3941758.0,3941758.0,0.00376405
1780496100,3943929.0,3943929.0,3943929.0,3943929.0,0.00252514
1780497000,3919046.0,3919046.0,3919046.0,3919046.0,0.00866409
1780497900,3924080.0,3924080.0,3900000.0,3900000.0,0.11274276
1780498800,3900000.0,3900000.0,3900000.0,3900000.0,0.0
1780499700,3900000.0,3900000.0,3900000.0,3900000.0,0.0
1780500600,3939253.0,3939253.0,3939253.0,3939253.0,0.0028315
1780501500,3948054.0,3948054.0,3948054.0,3948054.0,0.00368586
1780502400,3948054.0,3948054.0,3948054.0,3948054.0,0.0
1780503300,3948054.0,3948054.0,3948054.0,3948054.0,0.0
1780504200,3917000.0,3999996.0,3909302.0,3909302.0,0.2416028
1780505100,3922642.0,3922642.0,3922642.0,3922642.0,0.00635974
1780506000,3922642.0,3922642.0,3922642.0,3922642.0,0.0
1780506900,3922642.0,3922642.0,3922642.0,3922642.0,0.0
1780507800,3922642.0,3922642.0,3922642.0,3922642.0,0.0
1780508700,3922642.0,3922642.0,3922642.0,3922642.0,0.0
1780509600,3922642.0,3922642.0,3922642.0,3922642.0,0.0
1780510500,3917421.0,3929110.0,3917421.0,3929110.0,2.99149618
1780511400,3929110.0,3929110.0,3929110.0,3929110.0,0.0
1780512300,3926643.0,3926643.0,3926643.0,3926643.0,0.00380426
1780513200,3926643.0,3926643.0,3926643.0,3926643.0,0.0
1780514100,3926643.0,3926643.0,3926643.0,3926643.0,0.0
1780515000,3926643.0,3926643.0,3926643.0,3926643.0,0.0
1780515900,4000000.0,4000000.0,4000000.0,4000000.0,0.02494725
1780516800,4000000.0,4000000.0,4000000.0,4000000.0,0.64441975
1780517700,3900009.0,3900009.0,3900000.0,3900000.0,0.95161605
1780518600,3900000.0,3900000.0,3900000.0,3900000.0,0.0
1780519500,3900000.0,3900000.0,3900000.0,3900000.0,0.0
1780520400,3891574.0,3891574.0,3891574.0,3891574.0,0.02844273
1780521300,3891574.0,3891574.0,3891574.0,3891574.0,0.0
1780522200,3891574.0,3891574.0,3880000.0,3880000.0,1.14760909
1780523100,3880000.0,3880000.0,3880000.0,3880000.0,0.11540698
1780524000,3880000.0,3880000.0,3880000.0,3880000.0,0.0
1780524900,3880000.0,3880000.0,3880000.0,3880000.0,0.0
1780525800,4000000.0,4000000.0,3900000.0,3900000.0,0.01528308
1780526700,3900000.0,3900000.0,3900000.0,3900000.0,0.0
1780527600,3880000.0,3880000.0,3880000.0,3880000.0,0.00678506
1780528500,3880000.0,3880000.0,3880000.0,3880000.0,0.0
1780529400,3897294.0,3897294.0,3897294.0,3897294.0,0.00666616
1780530300,3897294.0,3897294.0,3897294.0,3897294.0,0.0
1780531200,3898927.0,3898927.0,3880000.0,3898927.0,0.01245457
1780532100,3898927.0,3898927.0,3898927.0,3898927.0,0.0
1780533000,3898927.0,3898927.0,3898927.0,3898927.0,0.0
1780533900,3898927.0,3898927.0,3898927.0,3898927.0,0.0
1780534800,3898927.0,3898927.0,3898927.0,3898927.0,0.0
1780535700,3898927.0,3898927.0,3898927.0,3898927.0,0.0
1780536600,3898927.0,3898927.0,3898927.0,3898927.0,0.0
1780537500,3898927.0,3898927.0,3898927.0,3898927.0,0.0
1780538400,3880005.0,3880005.0,3880005.0,3880005.0,0.07226098
1780539300,3880005.0,3880005.0,3880005.0,3880005.0,0.04838473
1780540200,3880000.0,3910527.0,3880000.0,3910527.0,0.12858488
1780541100,3880000.0,3880000.0,3861036.0,3861036.0,0.12436731
1780542000,3861036.0,3861036.0,3823683.0,3823683.0,1.49574809
1780542900,3823683.0,3823683.0,3823683.0,3823683.0,0.0
1780543800,3890277.0,3913408.0,3890277.0,3913408.0,0.05124605
1780544700,3913408.0,3913408.0,3913408.0,3913408.0,0.0
1780545600,3841014.0,3841014.0,3841014.0,3841014.0,1.00169852
1780546500,3841014.0,3841014.0,3841014.0,3841014.0,0.0
1780547400,3841014.0,3841014.0,3841014.0,3841014.0,0.0
1780548300,3836400.0,3836400.0,3836400.0,3836400.0,0.18360285
1780549200,3836743.0,3836743.0,3836743.0,3836743.0,0.00656744
1780550100,3913408.0,3913408.0,3913408.0,3913408.0,0.0254484
1780551000,3913408.0,3913408.0,3913408.0,3913408.0,0.0
1780551900,3913408.0,3913408.0,3913408.0,3913408.0,0.02532166
1780552800,3913408.0,3913408.0,3913408.0,3913408.0,0.00830963
1780553700,3913408.0,3913408.0,3913408.0,3913408.0,0.00654825
1780554600,3913408.0,3913408.0,3913408.0,3913408.0,0.0030536
1780555500,3841322.0,3927177.0,3841322.0,3927177.0,0.00745431
1780556400,3927177.0,3927177.0,3927177.0,3927177.0,0.0
1780557300,3930005.0,3930005.0,3930005.0,3930005.0,0.00271042
1780558200,3847981.0,3847981.0,3847981.0,3847981.0,0.00651944
1780559100,3847981.0,3847981.0,3847981.0,3847981.0,0.0
1780560000,3845964.0,3845964.0,3845964.0,3845964.0,0.02608102
1780560900,3916400.0,3916400.0,3916400.0,3916400.0,0.02547977
1780561800,3916400.0,3916400.0,3916400.0,3916400.0,0.0
1780562700,3916400.0,3916400.0,3916400.0,3916400.0,0.0
1780563600,3916400.0,3916400.0,3916400.0,3916400.0,0.0
1780564500,3916400.0,3916400.0,3916400.0,3916400.0,0.0
1780565400,3886656.0,3886656.0,3886656.0,3886656.0,0.01264145
1780566300,3886656.0,3886656.0,3886656.0,3886656.0,0.0
1780567200,3930005.0,3969733.0,3845960.0,3845960.0,0.02323707
1780568100,3845960.0,3845960.0,3845960.0,3845960.0,0.0
1780569000,3845960.0,3845960.0,3825000.0,3825004.0,0.11036947
1780569900,3825004.0,3881297.0,3825004.0,3825004.0,0.34241752
1780570800,3825004.0,3880977.0,3793674.0,3793674.0,2.01521178
1780571700,3883932.0,3883932.0,3793674.0,3865421.0,0.23983286
1780572600,3865421.0,3865421.0,3865421.0,3865421.0,0.0
1780573500,3865421.0,3865421.0,3865421.0,3865421.0,0.0
1780574400,3874212.0,3874212.0,3874212.0,3874212.0,0.03171302
1780575300,3794439.0,3873553.0,3794439.0,3873391.0,0.08420057
1780576200,3874590.0,3874590.0,3789277.0,3789277.0,0.00912763
1780577100,3789277.0,3789277.0,3789277.0,3789277.0,0.0
1780578000,3890826.0,3890826.0,3890826.0,3890826.0,0.09168464
1780578900,3890826.0,3890826.0,3890826.0,3890826.0,0.0
1780579800,3895423.0,3895423.0,3895423.0,3895423.0,0.02749098
1780580700,3789824.0,3789824.0,3789824.0,3789824.0,1.31214524
1780581600,3789824.0,3789824.0,3789824.0,3789824.0,0.0
1780582500,3789824.0,3789824.0,3789824.0,3789824.0,0.0
1780583400,3789824.0,3789824.0,3789824.0,3789824.0,0.0
1780584300,3789824.0,3789824.0,3789824.0,3789824.0,0.0
1780585200,3842122.0,3842122.0,3842122.0,3842122.0,0.31400196
1780586100,3842122.0,3842122.0,3842122.0,3842122.0,0.0
1780587000,3933781.0,3933781.0,3933781.0,3933781.0,0.00362501
1780587900,3867503.0,3867503.0,3867503.0,3867503.0,0.00362501
1780588800,3954995.0,3954995.0,3953996.0,3953996.0,0.01570565
1780589700,3953996.0,3953996.0,3953996.0,3953996.0,0.01050329
1780590600,3887088.0,3953996.0,3887088.0,3953996.0,0.06808858
1780591500,3953996.0,3982343.0,3953996.0,3982343.0,1.28939834
1780592400,3984105.0,3984105.0,3983982.0,3983982.0,0.01169479
1780593300,3999995.0,3999995.0,3902324.0,3990226.0,0.06775932
1780594200,3906212.0,3906212.0,3906212.0,3906212.0,0.02449716
1780595100,3906212.0,3906212.0,3906212.0,3906212.0,0.0
1780596000,3927638.0,3927638.0,3927638.0,3927638.0,0.00424923
1780596900,3927638.0,3927638.0,3927638.0,3927638.0,0.0
1780597800,3999995.0,3999995.0,3999995.0,3999995.0,0.00489725
1780598700,3999995.0,3999995.0,3999995.0,3999995.0,0.0
1780599600,3999995.0,3999995.0,3999995.0,3999995.0,0.0
1780600500,3999995.0,3999995.0,3999995.0,3999995.0,0.0
1780601400,3999995.0,3999995.0,3999995.0,3999995.0,0.0
1780602300,3993237.0,3993237.0,3993237.0,3993237.0,0.20664814
1780603200,3905398.0,3978800.0,3883620.0,3883620.0,1.21893342
1780604100,3883620.0,3883620.0,3883620.0,3883620.0,0.0
1780605000,3883620.0,3883620.0,3883620.0,3883620.0,0.0
1780605900,3883620.0,3883620.0,3883620.0,3883620.0,0.0
1780606800,3875751.0,3875751.0,3875751.0,3875751.0,0.01426692
1780607700,3875751.0,3875751.0,3875751.0,3875751.0,0.0
1780608600,3875751.0,3875751.0,3875751.0,3875751.0,0.0
1780609500,3875751.0,3875751.0,3875751.0,3875751.0,0.0
1780610400,3875751.0,3875751.0,3875751.0,3875751.0,0.0
1780611300,3875751.0,3875751.0,3875751.0,3875751.0,0.0
1780612200,3875751.0,3875751.0,3875751.0,3875751.0,0.0
1780613100,3875751.0,3875751.0,3875751.0,3875751.0,0.0
1780614000,3875751.0,3875751.0,3875751.0,3875751.0,0.0
1780614900,3875751.0,3875751.0,3875751.0,3875751.0,0.0
1780615800,3875751.0,3875751.0,3875751.0,3875751.0,0.0
1780616700,3875751.0,3875751.0,3875751.0,3875751.0,0.0
1780617600,3950746.0,3950746.0,3950746.0,3950746.0,0.00264684
1780618500,3940376.0,3940376.0,3940376.0,3940376.0,0.00423157
1780619400,3940376.0,3940376.0,3940376.0,3940376.0,0.0
1780620300,3875751.0,3964375.0,3875751.0,3964375.0,0.01053311
1780621200,3964375.0,3964375.0,3964375.0,3964375.0,0.0
1780622100,3964375.0,3964375.0,3964375.0,3964375.0,0.0
1780623000,3964375.0,3964375.0,3964375.0,3964375.0,0.0
1780623900,3929477.0,3929477.0,3929477.0,3929477.0,0.00529281
1780624800,3875755.0,3875755.0,3875755.0,3875755.0,0.0141484
1780625700,3875755.0,3875755.0,3875755.0,3875755.0,0.0
1780626600,3875755.0,3875755.0,3875755.0,3875755.0,0.0
1780627500,3875755.0,3875755.0,3875755.0,3875755.0,0.0
1780628400,3875755.0,3875755.0,3875755.0,3875755.0,0.0
1780629300,3875755.0,3875755.0,3875755.0,3875755.0,0.0
1780630200,3875755.0,3875755.0,3875755.0,3875755.0,0.0
1780631100,3875755.0,3875755.0,3875755.0,3875755.0,0.0
1780632000,3875751.0,3922138.0,3875751.0,3875751.0,0.05906873
1780632900,3875751.0,3875751.0,3875751.0,3875751.0,0.0
1780633800,3875751.0,3875751.0,3875751.0,3875751.0,0.08617634
1780634700,3875751.0,3929477.0,3875751.0,3929477.0,0.09119073
1780635600,3875755.0,3875755.0,3750000.0,3750000.0,3.71962441
1780636500,3750000.0,3750000.0,3750000.0,3750000.0,0.0
1780637400,3929477.0,3929477.0,3929477.0,3929477.0,0.00506886
1780638300,3846617.0,3846617.0,3846617.0,3846617.0,0.02552796
1780639200,3848874.0,3848874.0,3848874.0,3848874.0,0.10234768
1780640100,3843425.0,3843425.0,3843425.0,3843425.0,0.00523595
1780641000,3843425.0,3843425.0,3843425.0,3843425.0,0.00543318
1780641900,3919996.0,3919996.0,3919996.0,3919996.0,0.12118659
1780642800,3843425.0,3843425.0,3843425.0,3843425.0,0.02749058
1780643700,3919369.0,3919369.0,3919369.0,3919369.0,0.00381132
1780644600,3919369.0,3919369.0,3919369.0,3919369.0,0.031638
1780645500,3919369.0,3919369.0,3919369.0,3919369.0,0.0
1780646400,3919369.0,3919369.0,3919369.0,3919369.0,0.0
1780647300,3843425.0,3919364.0,3843425.0,3919360.0,0.08012174
1780648200,3919361.0,3919361.0,3919361.0,3919361.0,0.01753269
1780649100,3919361.0,3919361.0,3853864.0,3919361.0,0.05548121
1780650000,3919361.0,3919365.0,3853869.0,3853869.0,0.11571585
1780650900,3853869.0,3853869.0,3853869.0,3853869.0,0.10908585
1780651800,3919361.0,3919361.0,3919361.0,3919361.0,0.06375427
1780652700,3919361.0,3919361.0,3859345.0,3859345.0,0.10977249
1780653600,3919351.0,3919351.0,3919351.0,3919351.0,0.02541109
1780654500,3919351.0,3919355.0,3854029.0,3919355.0,0.28442741
1780655400,3862015.0,3862015.0,3862015.0,3862015.0,0.00447369
1780656300,3862015.0,3862015.0,3862015.0,3862015.0,0.0
1780657200,3880361.0,3880361.0,3880361.0,3880361.0,0.00513019
1780658100,3880361.0,3919346.0,3880361.0,3919346.0,0.00510963
1780659000,3919346.0,3919346.0,3919346.0,3919346.0,0.0
1780659900,3919346.0,3919346.0,3919346.0,3919346.0,0.03168436
1780660800,3919346.0,3919346.0,3860104.0,3860104.0,0.01499174
1780661700,3860104.0,3860104.0,3860104.0,3860104.0,0.00873651
1780662600,3860104.0,3860104.0,3860104.0,3860104.0,0.02546442
1780663500,3860109.0,3860113.0,3860109.0,3860113.0,0.17811839
1780664400,3860113.0,3860113.0,3860113.0,3860113.0,0.13381538
1780665300,3860113.0,3860113.0,3860113.0,3860113.0,0.02541109
1780666200,3860113.0,3860113.0,3860113.0,3860113.0,0.0
1780667100,3860113.0,3860113.0,3860113.0,3860113.0,0.0
1780668000,3860113.0,3860113.0,3860113.0,3860113.0,0.0
1780668900,3860113.0,3860113.0,3860113.0,3860113.0,0.0
1780669800,3890796.0,3890796.0,3853865.0,3853865.0,0.02940742
1780670700,3853865.0,3853865.0,3853865.0,3853865.0,0.0
1780671600,3853865.0,3853865.0,3850637.0,3850637.0,0.06772069
1780672500,3843421.0,3843421.0,3840754.0,3840754.0,0.04115979
1780673400,3756478.0,3756478.0,3756478.0,3756478.0,0.05989721
1780674300,3756482.0,3756482.0,3756474.0,3756474.0,0.7794787
1780675200,3828829.0,3835836.0,3756474.0,3756474.0,1.84662016
1780676100,3756474.0,3756474.0,3756474.0,3756474.0,0.0
1780677000,3756474.0,3756474.0,3756474.0,3756474.0,0.0
1780677900,3756474.0,3756474.0,3756474.0,3756474.0,0.0
1780678800,3756474.0,3756474.0,3756474.0,3756474.0,0.0
1780679700,3806242.0,3806242.0,3806242.0,3806242.0,0.0039246
1780680600,3806242.0,3806242.0,3806242.0,3806242.0,0.00261649
1780681500,3806242.0,3806242.0,3806242.0,3806242.0,0.0
1780682400,3806242.0,3806242.0,3806242.0,3806242.0,0.0
1780683300,3806242.0,3806242.0,3806242.0,3806242.0,0.0
1780684200,3806242.0,3806242.0,3806242.0,3806242.0,0.0
1780685100,3806242.0,3806242.0,3806242.0,3806242.0,0.0
1780686000,3806242.0,3806242.0,3806242.0,3806242.0,0.0
1780686900,3756475.0,3756475.0,3756474.0,3756474.0,0.97181407
1780687800,3756474.0,3756474.0,3756474.0,3756474.0,0.0
1780688700,3756474.0,3756474.0,3756474.0,3756474.0,0.0
1780689600,3756474.0,3756474.0,3740001.0,3740001.0,7.97454214
1780690500,3740001.0,3740001.0,3740001.0,3740001.0,0.0
1780691400,3740001.0,3740001.0,3740001.0,3740001.0,0.0
1780692300,3740001.0,3740001.0,3740001.0,3740001.0,0.0
1780693200,3740001.0,3740001.0,3740001.0,3740001.0,0.0
1780694100,3740001.0,3740001.0,3740001.0,3740001.0,0.0
1780695000,3760012.0,3760012.0,3760012.0,3760012.0,0.02648661
1780695900,3760012.0,3760012.0,3760012.0,3760012.0,0.0
1780696800,3760012.0,3760012.0,3760012.0,3760012.0,0.0
1780697700,3760012.0,3760012.0,3760012.0,3760012.0,0.0
1780698600,3760012.0,3760012.0,3760012.0,3760012.0,0.0
1780699500,3760012.0,3760012.0,3760012.0,3760012.0,0.0
1780700400,3760012.0,3760012.0,3760012.0,3760012.0,0.0
1780701300,3733437.0,3753783.0,3725000.0,3725004.0,0.06378547
1780702200,3725004.0,3725004.0,3725004.0,3725004.0,0.0
1780703100,3738223.0,3738223.0,3725000.0,3725000.0,0.03169554
1780704000,3725000.0,3725000.0,3725000.0,3725000.0,0.0
1780704900,3725008.0,3725008.0,3725008.0,3725008.0,0.02878527
1780705800,3749759.0,3749759.0,3749759.0,3749759.0,0.00935305
1780706700,3749759.0,3749759.0,3749759.0,3749759.0,0.0
1780707600,3749759.0,3749759.0,3749759.0,3749759.0,0.0
1780708500,3749759.0,3749759.0,3749759.0,3749759.0,0.0
1780709400,3725008.0,3725008.0,3713725.0,3713725.0,0.18139675
1780710300,3710837.0,3710837.0,3682235.0,3682235.0,0.16049533
1780711200,3682926.0,3690433.0,3678788.0,3678788.0,0.0295855
1780712100,3678788.0,3678788.0,3678788.0,3678788.0,0.0
1780713000,3678788.0,3678788.0,3678788.0,3678788.0,0.0
1780713900,3678788.0,3689701.0,3678504.0,3689701.0,3.89561482
1780714800,3689701.0,3689701.0,3689701.0,3689701.0,0.0
1780715700,3689701.0,3689701.0,3689701.0,3689701.0,0.0
1780716600,3690000.0,3690000.0,3690000.0,3690000.0,0.00269891
1780717500,3690000.0,3690000.0,3690000.0,3690000.0,0.00269891
1780718400,3675000.0,3675000.0,3650000.0,3650000.0,0.22662519
1780719300,3650008.0,3650008.0,3614969.0,3614969.0,1.83117559
1780720200,3614969.0,3614969.0,3614969.0,3614969.0,0.0
1780721100,3614969.0,3614969.0,3614969.0,3614969.0,0.0
1780722000,3668827.0,3668827.0,3600015.0,3600015.0,0.68003385
1780722900,3666264.0,3666264.0,3666264.0,3666264.0,0.00880978
1780723800,3666264.0,3666264.0,3666264.0,3666264.0,0.0
1780724700,3666264.0,3666264.0,3612643.0,3612643.0,0.00808866
1780725600,3666264.0,3666264.0,3666264.0,3666264.0,8.95533398
1780726500,3663063.0,3663063.0,3663063.0,3663063.0,0.00600715
1780727400,3663063.0,3663063.0,3663063.0,3663063.0,0.0
1780728300,3690000.0,3705631.0,3663067.0,3663067.0,0.034764
1780729200,3663067.0,3663067.0,3663067.0,3663067.0,0.0
1780730100,3663067.0,3663067.0,3663067.0,3663067.0,0.00963622
1780731000,3663067.0,3663067.0,3663067.0,3663067.0,0.0
1780731900,3663067.0,3663067.0,3663067.0,3663067.0,0.0
1780732800,3663067.0,3663067.0,3663067.0,3663067.0,0.0
1780733700,3663067.0,3663067.0,3663067.0,3663067.0,0.0
1780734600,3663067.0,3663067.0,3663067.0,3663067.0,0.0
1780735500,3663067.0,3663067.0,3663063.0,3663063.0,0.06523175
1780736400,3663067.0,3707824.0,3663067.0,3663067.0,0.22245789
1780737300,3663067.0,3663067.0,3663067.0,3663067.0,0.0
1780738200,3723026.0,3723026.0,3723026.0,3723026.0,0.00664217
1780739100,3663104.0,3715152.0,3663104.0,3715152.0,0.43616646
1780740000,3715152.0,3715152.0,3715152.0,3715152.0,0.0
1780740900,3715152.0,3715152.0,3715152.0,3715152.0,0.0
1780741800,3715152.0,3715152.0,3715152.0,3715152.0,0.0
1780742700,3710025.0,3710025.0,3710025.0,3710025.0,0.05379424
1780743600,3663118.0,3713609.0,3663118.0,3713609.0,0.08525065
1780744500,3663118.0,3663118.0,3643958.0,3643958.0,0.4297615
1780745400,3713609.0,3713613.0,3713609.0,3713613.0,0.2023168
1780746300,3713609.0,3713609.0,3713609.0,3713609.0,0.01856361
1780747200,3713609.0,3713609.0,3713609.0,3713609.0,0.00532635
1780748100,3713609.0,3713609.0,3713609.0,3713609.0,0.0
1780749000,3662746.0,3662746.0,3662746.0,3662746.0,0.00486025
1780749900,3662746.0,3662746.0,3662746.0,3662746.0,0.0
1780750800,3662746.0,3662746.0,3662746.0,3662746.0,0.0
1780751700,3662746.0,3662746.0,3662746.0,3662746.0,0.0
1780752600,3662746.0,3662746.0,3662746.0,3662746.0,0.0
1780753500,3669371.0,3713613.0,3669371.0,3713613.0,0.02459066
1780754400,3668119.0,3713613.0,3668119.0,3713613.0,0.02040268
1780755300,3713613.0,3713613.0,3713613.0,3713613.0,0.01850515
1780756200,3713613.0,3713613.0,3713613.0,3713613.0,0.0
1780757100,3713613.0,3713613.0,3713613.0,3713613.0,0.00658092
1780758000,3713613.0,3713613.0,3713613.0,3713613.0,0.0
1780758900,3666871.0,3666871.0,3666871.0,3666871.0,0.01624017
1780759800,3666871.0,3666871.0,3651115.0,3653267.0,0.2570582
1780760700,3653267.0,3653267.0,3653267.0,3653267.0,0.0
1780761600,3655056.0,3740054.0,3655052.0,3740054.0,1.48858364
1780762500,3740054.0,3740054.0,3740054.0,3740054.0,0.0
1780763400,3660424.0,3660424.0,3480211.0,3480211.0,2.73938667
1780764300,3480211.0,3480211.0,3480211.0,3480211.0,0.0
1780765200,3672055.0,3672055.0,3669549.0,3669549.0,0.0822093
1780766100,3669549.0,3669549.0,3669549.0,3669549.0,0.00376405
1780767000,3676202.0,3676202.0,3676202.0,3676202.0,0.00270904
1780767900,3676202.0,3676202.0,3676202.0,3676202.0,0.0
1780768800,3676202.0,3676202.0,3676202.0,3676202.0,0.00541808
1780769700,3676202.0,3676202.0,3676202.0,3676202.0,0.0
1780770600,3676202.0,3676202.0,3676202.0,3676202.0,0.0
1780771500,3676202.0,3676202.0,3676202.0,3676202.0,0.0
1780772400,3676202.0,3676202.0,3676202.0,3676202.0,0.0
1780773300,3676202.0,3676202.0,3676202.0,3676202.0,0.0
1780774200,3676202.0,3676202.0,3676202.0,3676202.0,0.0
1780775100,3676202.0,3676202.0,3676202.0,3676202.0,0.00406343
1780776000,3676202.0,3676202.0,3673841.0,3673841.0,0.17135421
1780776900,3673841.0,3673841.0,3673841.0,3673841.0,0.0
1780777800,3673841.0,3673841.0,3673841.0,3673841.0,0.0
1780778700,3673841.0,3673841.0,3673841.0,3673841.0,0.0
1780779600,3673841.0,3673841.0,3673841.0,3673841.0,0.0
1780780500,3673841.0,3673841.0,3673841.0,3673841.0,0.0
1780781400,3673841.0,3673841.0,3673841.0,3673841.0,0.0
1780782300,3673841.0,3673841.0,3673841.0,3673841.0,0.0
1780783200,3673841.0,3673841.0,3673841.0,3673841.0,0.0
1780784100,3673841.0,3673841.0,3673841.0,3673841.0,0.0
1780785000,3673841.0,3673841.0,3673841.0,3673841.0,0.0
1780785900,3673841.0,3673841.0,3673841.0,3673841.0,0.0
1780786800,3677602.0,3677602.0,3677602.0,3677602.0,0.00417692
1780787700,3678135.0,3678135.0,3678135.0,3678135.0,0.07442753
1780788600,3685391.0,3767520.0,3685391.0,3767520.0,0.09912131
1780789500,3767520.0,3767520.0,3767520.0,3767520.0,0.0
1780790400,3767520.0,3767520.0,3767520.0,3767520.0,0.0
1780791300,3769083.0,3769083.0,3769083.0,3769083.0,0.00792686
1780792200,3769083.0,3769083.0,3769083.0,3769083.0,0.0
1780793100,3769083.0,3769083.0,3769083.0,3769083.0,0.0
1780794000,3688156.0,3688156.0,3688156.0,3688156.0,0.15944499
1780794900,3688156.0,3688156.0,3688156.0,3688156.0,0.0
1780795800,3688156.0,3688156.0,3688156.0,3688156.0,0.0
1780796700,3688156.0,3688156.0,3688156.0,3688156.0,0.0
1780797600,3686009.0,3686009.0,3686009.0,3686009.0,0.00569211
1780798500,3675988.0,3675988.0,3675988.0,3675988.0,0.00656939
1780799400,3675988.0,3675988.0,3675988.0,3675988.0,0.0
1780800300,3769083.0,3769083.0,3769083.0,3769083.0,0.00264228
1780801200,3769083.0,3769087.0,3769083.0,3769087.0,0.01321143
1780802100,3769087.0,3769087.0,3769087.0,3769087.0,0.0
1780803000,3769083.0,3769083.0,3769083.0,3769083.0,0.00531747
1780803900,3769083.0,3860000.0,3769083.0,3860000.0,0.37459903
1780804800,3774844.0,3774844.0,3774844.0,3774844.0,0.0052765
1780805700,3776488.0,3776488.0,3776488.0,3776488.0,0.07129666
1780806600,3776488.0,3776488.0,3776488.0,3776488.0,0.0
1780807500,3776488.0,3776488.0,3776488.0,3776488.0,0.0
1780808400,3776488.0,3776488.0,3776488.0,3776488.0,0.0
1780809300,3776488.0,3776488.0,3776488.0,3776488.0,0.0
1780810200,3776488.0,3776488.0,3776488.0,3776488.0,0.0
1780811100,3776488.0,3776488.0,3776488.0,3776488.0,0.0
1780812000,3776488.0,3776488.0,3776488.0,3776488.0,0.0
1780812900,3795900.0,3795900.0,3795900.0,3795900.0,0.01343364
1780813800,3795900.0,3795900.0,3795900.0,3795900.0,0.0
1780814700,3795900.0,3795900.0,3795900.0,3795900.0,0.0
1780815600,3795900.0,3795900.0,3795900.0,3795900.0,0.0
1780816500,3795900.0,3795900.0,3795900.0,3795900.0,0.0
1780817400,3795900.0,3795900.0,3795900.0,3795900.0,0.0
1780818300,3796446.0,3796446.0,3796263.0,3796263.0,0.00811205
1780819200,3714111.0,3791502.0,3714111.0,3791502.0,0.01199481
1780820100,3791502.0,3791502.0,3791502.0,3791502.0,0.0
1780821000,3791502.0,3791502.0,3791502.0,3791502.0,0.0
1780821900,3784361.0,3784361.0,3714111.0,3714111.0,0.02752913
1780822800,3714111.0,3785464.0,3699966.0,3785464.0,1.00663374
1780823700,3785643.0,3785643.0,3785643.0,3785643.0,0.02630728
1780824600,3785643.0,3785643.0,3785643.0,3785643.0,0.0
1780825500,3785643.0,3785643.0,3785643.0,3785643.0,0.0
1780826400,3762210.0,3762210.0,3757449.0,3757449.0,0.19776356
1780827300,3675992.0,3753787.0,3675992.0,3753787.0,0.01585203
1780828200,3776121.0,3776121.0,3776121.0,3776121.0,0.00658398
1780829100,3756393.0,3777773.0,3692093.0,3692093.0,0.11211763
1780830000,3776125.0,3776125.0,3776125.0,3776125.0,0.26373729
1780830900,3778872.0,3778872.0,3778872.0,3778872.0,0.01290146
1780831800,3778872.0,3778872.0,3778872.0,3778872.0,0.0
1780832700,3692105.0,3692105.0,3692105.0,3692105.0,0.01290104
1780833600,3692105.0,3692105.0,3692105.0,3692105.0,0.0
1780834500,3692105.0,3692105.0,3692105.0,3692105.0,0.0
1780835400,3692105.0,3692105.0,3692105.0,3692105.0,0.0
1780836300,3692105.0,3692105.0,3692105.0,3692105.0,0.0
1780837200,3692105.0,3692105.0,3692105.0,3692105.0,0.0
1780838100,3692114.0,3692114.0,3692114.0,3692114.0,0.03106068
1780839000,3692115.0,3750670.0,3692115.0,3750670.0,0.10562089
1780839900,3750670.0,3750670.0,3692114.0,3692114.0,0.04025351
1780840800,3750670.0,3750670.0,3692114.0,3692114.0,0.08193134
1780841700,3692118.0,3692118.0,3692105.0,3692105.0,1.72774488
1780842600,3692105.0,3692105.0,3692105.0,3692105.0,0.0
1780843500,3692105.0,3692105.0,3692105.0,3692105.0,0.0
1780844400,3692105.0,3692105.0,3692105.0,3692105.0,0.0
1780845300,3707307.0,3707307.0,3707307.0,3707307.0,0.07683755
1780846200,3707307.0,3707307.0,3707307.0,3707307.0,0.0
1780847100,3713387.0,3713387.0,3713387.0,3713387.0,0.00375559
1780848000,3697644.0,3750666.0,3697644.0,3750666.0,0.01220338
1780848900,3750666.0,3750666.0,3750666.0,3750666.0,0.0
1780849800,3750666.0,3750666.0,3750666.0,3750666.0,0.0
1780850700,3750666.0,3750670.0,3705513.0,3705513.0,0.26935526
1780851600,3705513.0,3705513.0,3705513.0,3705513.0,0.0
1780852500,3750666.0,3750666.0,3750666.0,3750666.0,0.00284962
1780853400,3750666.0,3750666.0,3750666.0,3750666.0,0.00999955
1780854300,3750666.0,3750666.0,3750666.0,3750666.0,0.0
1780855200,3750666.0,3750666.0,3750666.0,3750666.0,0.0
1780856100,3750666.0,3750666.0,3750666.0,3750666.0,0.0
1780857000,3750666.0,3750666.0,3750666.0,3750666.0,0.0
1780857900,3750666.0,3750666.0,3750666.0,3750666.0,0.0
1780858800,3750666.0,3750666.0,3750666.0,3750666.0,0.0
1780859700,3750666.0,3750666.0,3750666.0,3750666.0,0.0
1780860600,3750666.0,3750666.0,3750666.0,3750666.0,0.0
1780861500,3750666.0,3750666.0,3750666.0,3750666.0,0.0
1780862400,3750666.0,3750666.0,3750666.0,3750666.0,0.0
1780863300,3750666.0,3750666.0,3750666.0,3750666.0,0.0
1780864200,3750666.0,3750666.0,3750666.0,3750666.0,0.0
1780865100,3750666.0,3750666.0,3750666.0,3750666.0,0.0
1780866000,3750666.0,3750666.0,3750666.0,3750666.0,0.0
1780866900,3750666.0,3750666.0,3750666.0,3750666.0,0.0
1780867800,3750666.0,3750666.0,3750666.0,3750666.0,0.0
1780868700,3750666.0,3750666.0,3750666.0,3750666.0,0.0
1780869600,3750666.0,3750666.0,3750666.0,3750666.0,0.0
1780870500,3750666.0,3750666.0,3750666.0,3750666.0,0.0
1780871400,3705517.0,3705517.0,3705517.0,3705517.0,0.07129666
1780872300,3705517.0,3705517.0,3705517.0,3705517.0,0.0
1780873200,3750666.0,3750666.0,3750666.0,3750666.0,0.00531052
1780874100,3750666.0,3750666.0,3750666.0,3750666.0,0.0
1780875000,3750666.0,3750666.0,3750666.0,3750666.0,0.0132763
1780875900,3750670.0,3750670.0,3750670.0,3750670.0,0.04514451
1780876800,3750670.0,3750670.0,3750670.0,3750670.0,0.0
1780877700,3750670.0,3750670.0,3750670.0,3750670.0,0.00714181
1780878600,3794471.0,3812911.0,3794471.0,3812911.0,0.39288664
1780879500,3805406.0,3805406.0,3805406.0,3805406.0,0.01310687
1780880400,3805402.0,3805402.0,3805402.0,3805402.0,0.55910702
1780881300,3805402.0,3805402.0,3805402.0,3805402.0,0.0
1780882200,3805402.0,3805402.0,3805402.0,3805402.0,0.0
1780883100,3805402.0,3805402.0,3805402.0,3805402.0,0.0
1780884000,3805402.0,3805402.0,3805402.0,3805402.0,0.0
1780884900,3715236.0,3716886.0,3708240.0,3708240.0,0.26714647
1780885800,3708240.0,3708240.0,3708240.0,3708240.0,0.0
1780886700,3708240.0,3708240.0,3708240.0,3708240.0,0.0
1780887600,3708240.0,3708240.0,3708240.0,3708240.0,0.0
1780888500,3708240.0,3708240.0,3708240.0,3708240.0,0.0
1780889400,3740978.0,3740978.0,3738046.0,3738046.0,0.12582055
1780890300,3805394.0,3805394.0,3805394.0,3805394.0,0.03925611
1780891200,3738882.0,3738882.0,3590303.0,3590303.0,1.02448257
1780892100,3805394.0,3805398.0,3805394.0,3805398.0,0.15702516
1780893000,3805398.0,3805398.0,3805398.0,3805398.0,0.0
1780893900,3805398.0,3805398.0,3805398.0,3805398.0,0.0
1780894800,3805398.0,3805398.0,3805398.0,3805398.0,0.0
1780895700,3803783.0,3803783.0,3803783.0,3803783.0,0.0026187
1780896600,3720078.0,3720078.0,3720078.0,3720078.0,0.00536351
1780897500,3720078.0,3720078.0,3720078.0,3720078.0,0.0
1780898400,3800156.0,3800156.0,3800156.0,3800156.0,0.01341208
1780899300,3800000.0,3800000.0,3800000.0,3800000.0,0.99867467
1780900200,3803779.0,3803779.0,3800000.0,3800000.0,0.05435745
1780901100,3800000.0,3800000.0,3800000.0,3800000.0,0.0
1780902000,3800000.0,3800000.0,3800000.0,3800000.0,0.0
1780902900,3800000.0,3800000.0,3800000.0,3800000.0,0.0
1780903800,3800000.0,3800000.0,3800000.0,3800000.0,0.0
1780904700,3800000.0,3800000.0,3800000.0,3800000.0,0.0
1780905600,3800000.0,3800000.0,3800000.0,3800000.0,0.0
1780906500,3800000.0,3800000.0,3800000.0,3800000.0,0.0
1780907400,3800000.0,3800000.0,3800000.0,3800000.0,0.0
1780908300,3803775.0,3803775.0,3803775.0,3803775.0,0.00261818
1780909200,3803770.0,3803770.0,3803770.0,3803770.0,0.00392715
1780910100,3803770.0,3803770.0,3803770.0,3803770.0,0.0
1780911000,3803770.0,3803770.0,3803770.0,3803770.0,0.0
1780911900,3803770.0,3803770.0,3803770.0,3803770.0,0.0
1780912800,3803770.0,3803770.0,3803770.0,3803770.0,0.0
1780913700,3803770.0,3803770.0,3803770.0,3803770.0,0.0
1780914600,3803770.0,3803770.0,3803770.0,3803770.0,0.0
1780915500,3758416.0,3758416.0,3758416.0,3758416.0,0.00383222
1780916400,3803766.0,3803766.0,3758651.0,3763265.0,0.01684831
1780917300,3803766.0,3803766.0,3803766.0,3803766.0,0.02865633
1780918200,3803766.0,3803766.0,3803766.0,3803766.0,0.0
1780919100,3803762.0,3803762.0,3761057.0,3761057.0,0.22591861
1780920000,3803758.0,3803758.0,3803758.0,3803758.0,0.04463821
1780920900,3803758.0,3803758.0,3772825.0,3772825.0,0.13355322
1780921800,3747213.0,3747213.0,3747213.0,3747213.0,0.00529307
1780922700,3803775.0,3803775.0,3803775.0,3803775.0,1.68586523
1780923600,3747213.0,3805402.0,3747213.0,3805402.0,0.00650243
1780924500,3776704.0,3805398.0,3776704.0,3805398.0,0.05854477
1780925400,3805398.0,3805398.0,3805398.0,3805398.0,0.0
1780926300,3750000.0,3750000.0,3750000.0,3750000.0,0.01
1780927200,3750000.0,3750000.0,3750000.0,3750000.0,0.0
1780928100,3750000.0,3750000.0,3750000.0,3750000.0,0.0
1780929000,3747213.0,3803000.0,3747012.0,3803000.0,0.02024394
1780929900,3803000.0,3803000.0,3803000.0,3803000.0,0.00314225
1780930800,3803000.0,3803000.0,3803000.0,3803000.0,0.0
1780931700,3803000.0,3803000.0,3803000.0,3803000.0,0.0
1780932600,3741365.0,3741365.0,3741365.0,3741365.0,0.17155158
1780933500,3756065.0,3756065.0,3756065.0,3756065.0,0.14
1780934400,3756065.0,3756065.0,3756065.0,3756065.0,0.0
1780935300,3752321.0,3752321.0,3752321.0,3752321.0,1.11867217
1780936200,3802996.0,3802996.0,3802996.0,3802996.0,0.00733237
1780937100,3802996.0,3802996.0,3802996.0,3802996.0,0.0
1780938000,3802996.0,3802996.0,3802996.0,3802996.0,0.0
1780938900,3802996.0,3802996.0,3802996.0,3802996.0,0.0
1780939800,3802992.0,3803000.0,3802992.0,3803000.0,0.28319138
1780940700,3803000.0,3803000.0,3803000.0,3803000.0,0.0
1780941600,3803000.0,3803000.0,3803000.0,3803000.0,0.00759426
1780942500,3803000.0,3803000.0,3803000.0,3803000.0,0.01098369
1780943400,3803000.0,3845022.0,3803000.0,3845022.0,0.35748529
1780944300,3845022.0,3845022.0,3845022.0,3845022.0,0.0
1780945200,3845022.0,3845022.0,3845022.0,3845022.0,0.0
1780946100,3845022.0,3845022.0,3845022.0,3845022.0,0.0
1780947000,3845022.0,3845022.0,3845022.0,3845022.0,0.0
1780947900,3845022.0,3845022.0,3845022.0,3845022.0,0.0
1780948800,3787124.0,3787124.0,3787124.0,3787124.0,0.01313678
1780949700,3787124.0,3787124.0,3787124.0,3787124.0,0.0
1780950600,3787124.0,3787124.0,3787124.0,3787124.0,0.0
1780951500,3787124.0,3787124.0,3787124.0,3787124.0,0.0
1780952400,3787124.0,3787124.0,3787124.0,3787124.0,0.0
1780953300,3787124.0,3787124.0,3787124.0,3787124.0,0.0
1780954200,3830075.0,3830075.0,3830075.0,3830075.0,0.02597741
1780955100,3830075.0,3830075.0,3830075.0,3830075.0,0.0
1780956000,3841375.0,3859000.0,3841375.0,3859000.0,0.28481529
1780956900,3859000.0,3859000.0,3859000.0,3859000.0,0.01631433
1780957800,3859000.0,3859000.0,3859000.0,3859000.0,0.0
1780958700,3859000.0,3859000.0,3859000.0,3859000.0,0.0
1780959600,3821089.0,3821089.0,3821089.0,3821089.0,0.00492555
1780960500,3821089.0,3821089.0,3821089.0,3821089.0,0.0
1780961400,3821089.0,3821089.0,3821089.0,3821089.0,0.0
1780962300,3821089.0,3821089.0,3821089.0,3821089.0,0.0
1780963200,3821089.0,3821089.0,3821089.0,3821089.0,0.0
1780964100,3821089.0,3821089.0,3821089.0,3821089.0,0.0
1780965000,3821089.0,3821089.0,3821089.0,3821089.0,0.0
1780965900,3809056.0,3809056.0,3809056.0,3809056.0,0.23531158
1780966800,3787120.0,3787120.0,3725804.0,3725804.0,0.23531158
1780967700,3725804.0,3725804.0,3725804.0,3725804.0,0.0
1780968600,3725804.0,3725804.0,3725804.0,3725804.0,0.0
1780969500,3725804.0,3725804.0,3725804.0,3725804.0,0.0
1780970400,3725804.0,3725804.0,3725804.0,3725804.0,0.0
1780971300,3725804.0,3725804.0,3725804.0,3725804.0,0.0
1780972200,3725804.0,3725804.0,3725804.0,3725804.0,0.0
1780973100,3725804.0,3725804.0,3725804.0,3725804.0,0.0
1780974000,3725804.0,3725804.0,3725804.0,3725804.0,0.0
1780974900,3756141.0,3756141.0,3756141.0,3756141.0,0.01189862
1780975800,3825128.0,3825128.0,3825128.0,3825128.0,0.01328321
1780976700,3765187.0,3765187.0,3765187.0,3765187.0,0.10216589
1780977600,3773220.0,3857996.0,3773220.0,3857996.0,0.0120513
1780978500,3857996.0,3857996.0,3857996.0,3857996.0,0.0
1780979400,3778772.0,3778772.0,3776195.0,3776195.0,0.60743648
1780980300,3776195.0,3776195.0,3776195.0,3776195.0,0.0
1780981200,3852870.0,3852870.0,3775642.0,3775642.0,0.00826801
1780982100,3775642.0,3775642.0,3775642.0,3775642.0,0.0
1780983000,3848446.0,3848446.0,3845479.0,3845479.0,0.14180743
1780983900,3845479.0,3845479.0,3845479.0,3845479.0,0.0
1780984800,3831187.0,3831187.0,3831187.0,3831187.0,0.01278011
1780985700,3837300.0,3837300.0,3837300.0,3837300.0,0.02679931
1780986600,3851283.0,3851283.0,3851283.0,3851283.0,0.00258589
1780987500,3848496.0,3848496.0,3848496.0,3848496.0,0.12921619
1780988400,3848496.0,3848496.0,3848496.0,3848496.0,0.0
1780989300,3851404.0,3851404.0,3851404.0,3851404.0,0.01318765
1780990200,3851404.0,3851404.0,3851404.0,3851404.0,0.0
1780991100,3759043.0,3759043.0,3759043.0,3759043.0,0.02808933
1780992000,3759043.0,3759043.0,3759043.0,3759043.0,0.0
1780992900,3759043.0,3759043.0,3759043.0,3759043.0,0.0
1780993800,3759043.0,3759043.0,3759043.0,3759043.0,0.0
1780994700,3759043.0,3759043.0,3759043.0,3759043.0,0.0
1780995600,3759043.0,3759043.0,3759043.0,3759043.0,0.0
1780996500,3828798.0,3834916.0,3759047.0,3834916.0,0.23093903
1780997400,3759094.0,3759094.0,3759090.0,3759090.0,0.28763072
1780998300,3759090.0,3759090.0,3759090.0,3759090.0,0.0
1780999200,3759051.0,3759051.0,3759051.0,3759051.0,0.02676845
1781000100,3759051.0,3759051.0,3759051.0,3759051.0,0.0
1781001000,3759051.0,3759051.0,3759051.0,3759051.0,0.0
1781001900,3759051.0,3827361.0,3759051.0,3827361.0,0.03992514
1781002800,3827361.0,3827361.0,3827361.0,3827361.0,0.0
1781003700,3759051.0,3759051.0,3759051.0,3759051.0,0.06441923
1781004600,3759051.0,3759051.0,3759051.0,3759051.0,0.0
1781005500,3759051.0,3759051.0,3759051.0,3759051.0,0.0
1781006400,3759051.0,3759051.0,3759051.0,3759051.0,0.0
1781007300,3759051.0,3759051.0,3759051.0,3759051.0,0.0
1781008200,3798913.0,3799154.0,3759051.0,3759051.0,0.65408515
1781009100,3759051.0,3759051.0,3730001.0,3730001.0,0.66111994
1781010000,3730001.0,3730001.0,3730001.0,3730001.0,0.0
1781010900,3730001.0,3730001.0,3730001.0,3730001.0,0.0
1781011800,3740165.0,3740165.0,3740165.0,3740165.0,0.82916434
1781012700,3740165.0,3740165.0,3740165.0,3740165.0,0.0
1781013600,3797812.0,3797812.0,3797812.0,3797812.0,0.00393331
1781014500,3759026.0,3759026.0,3733951.0,3733951.0,0.02242714
1781015400,3733951.0,3733951.0,3733951.0,3733951.0,0.0
1781016300,3733951.0,3733951.0,3725811.0,3725811.0,0.45593969
1781017200,3737577.0,3737577.0,3070008.0,3699987.0,20.85492613
1781018100,3660629.0,3660629.0,3628934.0,3628934.0,0.33980138
1781019000,3623327.0,3635336.0,3070014.0,3635336.0,0.40500779
1781019900,3672444.0,3672444.0,3672444.0,3672444.0,0.02717236
1781020800,3672444.0,3672444.0,3672444.0,3672444.0,0.0
1781021700,3672444.0,3672444.0,3672444.0,3672444.0,0.0
1781022600,3620953.0,3620953.0,3590582.0,3590582.0,0.29224425
1781023500,3590580.0,3611111.0,3590580.0,3611111.0,6.14528467
1781024400,3611111.0,3622222.0,3603758.0,3613295.0,4.15892312
1781025300,3623116.0,3632272.0,3608534.0,3632272.0,0.64481128
1781026200,3654919.0,3654919.0,3654919.0,3654919.0,0.00272482
1781027100,3654919.0,3654919.0,3654919.0,3654919.0,0.00272509
1781028000,3718525.0,3740700.0,3654919.0,3654919.0,0.73311864
1781028900,3664155.0,3664155.0,3664155.0,3664155.0,0.02592685
1781029800,3664155.0,3664155.0,3664155.0,3664155.0,0.0
1781030700,3673192.0,3718525.0,3673192.0,3718525.0,0.13409034
1781031600,3718525.0,3755417.0,3718525.0,3755417.0,0.00285041
1781032500,3718000.0,3718000.0,3718000.0,3718000.0,0.00670979
1781033400,3739569.0,3739569.0,3662022.0,3662022.0,0.00878679
1781034300,3734522.0,3734522.0,3734522.0,3734522.0,0.07911775
1781035200,3734522.0,3734522.0,3734522.0,3734522.0,0.0
1781036100,3671321.0,3671321.0,3671321.0,3671321.0,0.03811011
1781037000,3671321.0,3671321.0,3671321.0,3671321.0,0.0
1781037900,3671321.0,3671321.0,3671321.0,3671321.0,0.0
1781038800,3671321.0,3671321.0,3671321.0,3671321.0,0.0
1781039700,3671321.0,3671321.0,3671321.0,3671321.0,0.0
1781040600,3671321.0,3671321.0,3671321.0,3671321.0,0.0
1781041500,3671321.0,3671321.0,3671321.0,3671321.0,0.0
1781042400,3671321.0,3671321.0,3671321.0,3671321.0,0.0
1781043300,3671321.0,3671321.0,3671321.0,3671321.0,0.0
1781044200,3671321.0,3671321.0,3671321.0,3671321.0,0.0
1781045100,3671321.0,3671321.0,3671321.0,3671321.0,0.0
1781046000,3671321.0,3671321.0,3671321.0,3671321.0,0.0
1781046900,3671321.0,3671321.0,3671321.0,3671321.0,0.0
1781047800,3671321.0,3671321.0,3671321.0,3671321.0,0.0
1781048700,3671321.0,3671321.0,3671321.0,3671321.0,0.0
1781049600,3671321.0,3671321.0,3671321.0,3671321.0,0.0
1781050500,3667081.0,3752158.0,3666881.0,3752158.0,0.10745193
1781051400,3739996.0,3739996.0,3739996.0,3739996.0,0.00266283
1781052300,3739996.0,3739996.0,3739996.0,3739996.0,0.0
1781053200,3739988.0,3739992.0,3739988.0,3739992.0,0.15888571
1781054100,3739992.0,3739992.0,3739992.0,3739992.0,0.0
1781055000,3730588.0,3733597.0,3730588.0,3733597.0,0.80778745
1781055900,3733597.0,3733597.0,3733597.0,3733597.0,0.0
1781056800,3733597.0,3733597.0,3733597.0,3733597.0,0.0
1781057700,3733597.0,3733597.0,3733597.0,3733597.0,0.0
1781058600,3733593.0,3733593.0,3733593.0,3733593.0,0.35599327
1781059500,3733593.0,3733593.0,3733593.0,3733593.0,0.00461191
1781060400,3733593.0,3733593.0,3733593.0,3733593.0,0.05830174
1781061300,3733593.0,3733593.0,3733593.0,3733593.0,0.02845596
1781062200,3670346.0,3670346.0,3670346.0,3670346.0,0.00274143
1781063100,3668183.0,3668183.0,3668183.0,3668183.0,0.00272614
1781064000,3668183.0,3668183.0,3668183.0,3668183.0,0.0
1781064900,3668183.0,3668183.0,3668183.0,3668183.0,0.0
1781065800,3725000.0,3725000.0,3725000.0,3725000.0,0.33464134
1781066700,3724996.0,3725000.0,3724996.0,3725000.0,0.02673557
1781067600,3724995.0,3724995.0,3724995.0,3724995.0,0.00954471
1781068500,3724995.0,3724995.0,3724995.0,3724995.0,0.02694312
1781069400,3668183.0,3668183.0,3668183.0,3668183.0,0.00461191
1781070300,3668183.0,3668183.0,3668183.0,3668183.0,0.04355993
1781071200,3668183.0,3668183.0,3668183.0,3668183.0,0.0
1781072100,3668183.0,3668183.0,3668183.0,3668183.0,0.0
1781073000,3668183.0,3668183.0,3668183.0,3668183.0,0.0
1781073900,3668183.0,3668183.0,3668183.0,3668183.0,0.0
1781074800,3668183.0,3668183.0,3668183.0,3668183.0,0.0
1781075700,3668183.0,3668183.0,3668183.0,3668183.0,0.0
1781076600,3668183.0,3668183.0,3668183.0,3668183.0,0.0
1781077500,3720000.0,3720000.0,3720000.0,3720000.0,0.00401559
1781078400,3720000.0,3720000.0,3720000.0,3720000.0,0.0
1781079300,3720000.0,3720000.0,3720000.0,3720000.0,0.0
1781080200,3720000.0,3720000.0,3720000.0,3720000.0,0.0
1781081100,3716578.0,3716578.0,3716578.0,3716578.0,0.00267961
1781082000,3716578.0,3716578.0,3716578.0,3716578.0,0.0
1781082900,3668183.0,3668183.0,3668179.0,3668179.0,0.08080833
1781083800,3668179.0,3668179.0,3662229.0,3662229.0,0.01431657
1781084700,3699996.0,3699996.0,3699996.0,3699996.0,0.57926549
1781085600,3699996.0,3699996.0,3699996.0,3699996.0,0.0
1781086500,3662229.0,3662229.0,3593751.0,3593751.0,0.12886542
1781087400,3593751.0,3593751.0,3593751.0,3593751.0,0.0
1781088300,3593751.0,3593751.0,3593751.0,3593751.0,0.0
1781089200,3593751.0,3593751.0,3593751.0,3593751.0,0.0
1781090100,3593751.0,3593751.0,3593751.0,3593751.0,0.0
1781091000,3603973.0,3603973.0,3603973.0,3603973.0,0.01752736
1781091900,3601041.0,3601041.0,3601041.0,3601041.0,0.01287155
1781092800,3601041.0,3601041.0,3601041.0,3601041.0,0.0
1781093700,3650000.0,3650000.0,3617883.0,3617883.0,0.00856208
1781094600,3650000.0,3650000.0,3650000.0,3650000.0,1.17993106
1781095500,3630649.0,3630649.0,3630649.0,3630649.0,0.00298007
1781096400,3628358.0,3628358.0,3628358.0,3628358.0,0.0052765
1781097300,3699996.0,3699996.0,3632506.0,3699996.0,0.17785122
1781098200,3700000.0,3700000.0,3700000.0,3700000.0,0.00355945
1781099100,3700000.0,3700000.0,3700000.0,3700000.0,0.0
1781100000,3640638.0,3640638.0,3640638.0,3640638.0,0.03925611
1781100900,3640638.0,3640638.0,3640638.0,3640638.0,0.0
1781101800,3640638.0,3640638.0,3640638.0,3640638.0,0.0
1781102700,3700000.0,3700000.0,3700000.0,3700000.0,0.00607513
1781103600,3700000.0,3700000.0,3700000.0,3700000.0,0.0
1781104500,3700000.0,3700000.0,3700000.0,3700000.0,0.0
1781105400,3666683.0,3669263.0,3666683.0,3669263.0,0.09763142
1781106300,3671846.0,3674278.0,3567313.0,3567313.0,0.49269394
1781107200,3673237.0,3673237.0,3662935.0,3662935.0,0.01630196
1781108100,3662935.0,3662935.0,3662935.0,3662935.0,0.0
1781109000,3590336.0,3590336.0,3590336.0,3590336.0,0.004614
1781109900,3582878.0,3582878.0,3582878.0,3582878.0,0.04831602
1781110800,3585149.0,3585149.0,3585149.0,3585149.0,0.00280107
1781111700,3585149.0,3585149.0,3585149.0,3585149.0,0.0
1781112600,3621761.0,3621761.0,3621761.0,3621761.0,0.00274976
1781113500,3621761.0,3621761.0,3621761.0,3621761.0,0.0
1781114400,3621761.0,3621761.0,3621761.0,3621761.0,0.0
1781115300,3621761.0,3621761.0,3621761.0,3621761.0,0.0
1781116200,3621761.0,3621761.0,3621761.0,3621761.0,0.0
1781117100,3621761.0,3621761.0,3621761.0,3621761.0,0.0
1781118000,3621761.0,3646305.0,3621761.0,3646305.0,0.00328665
1781118900,3567317.0,3567317.0,3550172.0,3550172.0,0.36664635
1781119800,3550172.0,3550172.0,3550172.0,3550172.0,0.0
1781120700,3550172.0,3550172.0,3550172.0,3550172.0,0.0
1781121600,3550172.0,3550172.0,3550172.0,3550172.0,0.0
1781122500,3551988.0,3551988.0,3551988.0,3551988.0,0.02689532
1781123400,3551988.0,3551988.0,3551988.0,3551988.0,0.0
1781124300,3551988.0,3551988.0,3551988.0,3551988.0,0.0
1781125200,3551988.0,3551988.0,3551988.0,3551988.0,0.0
1781126100,3551988.0,3551988.0,3551988.0,3551988.0,0.0
1781127000,3551988.0,3551988.0,3551988.0,3551988.0,0.0
1781127900,3551988.0,3551988.0,3551988.0,3551988.0,0.0
1781128800,3551988.0,3551988.0,3551988.0,3551988.0,0.0
1781129700,3631308.0,3631308.0,3631308.0,3631308.0,0.00383938
1781130600,3553082.0,3553082.0,3553082.0,3553082.0,0.07901105
1781131500,3553082.0,3553082.0,3553082.0,3553082.0,0.0
1781132400,3553082.0,3553082.0,3553082.0,3553082.0,0.0
1781133300,3553082.0,3553082.0,3553082.0,3553082.0,0.0
1781134200,3641986.0,3641986.0,3641986.0,3641986.0,0.13604033
1781135100,3567044.0,3567044.0,3567044.0,3567044.0,0.03569587
1781136000,3620614.0,3620614.0,3620614.0,3620614.0,0.00275063
1781136900,3620614.0,3620614.0,3620614.0,3620614.0,0.0
1781137800,3620614.0,3620614.0,3620614.0,3620614.0,0.0
1781138700,3620614.0,3620614.0,3620614.0,3620614.0,0.0
1781139600,3620614.0,3620614.0,3620614.0,3620614.0,0.0
1781140500,3591011.0,3591011.0,3591011.0,3591011.0,0.03168436
1781141400,3591011.0,3591011.0,3591011.0,3591011.0,0.0
1781142300,3620858.0,3620858.0,3620858.0,3620858.0,0.00275045
1781143200,3620858.0,3620858.0,3620858.0,3620858.0,0.0
1781144100,3550628.0,3550628.0,3501000.0,3501000.0,0.51143226
1781145000,3501000.0,3501000.0,3501000.0,3501000.0,0.0
1781145900,3518635.0,3590500.0,3518635.0,3590500.0,0.00843691
1781146800,3590500.0,3590500.0,3590500.0,3590500.0,0.0
1781147700,3590500.0,3590500.0,3590500.0,3590500.0,0.00420728
1781148600,3590500.0,3590500.0,3590500.0,3590500.0,0.0
1781149500,3578512.0,3578512.0,3578512.0,3578512.0,0.02104701
1781150400,3578512.0,3578512.0,3578512.0,3578512.0,0.0
1781151300,3578512.0,3578512.0,3578512.0,3578512.0,0.0
1781152200,3578512.0,3578512.0,3578512.0,3578512.0,0.0
1781153100,3578512.0,3578512.0,3578512.0,3578512.0,0.0
1781154000,3578512.0,3662366.0,3578512.0,3662366.0,0.00655361
1781154900,3578512.0,3578512.0,3578512.0,3578512.0,0.01206922
1781155800,3578512.0,3578512.0,3578512.0,3578512.0,0.0
1781156700,3578512.0,3578512.0,3578512.0,3578512.0,0.0
1781157600,3662362.0,3662362.0,3662362.0,3662362.0,0.00652475
1781158500,3578516.0,3578516.0,3578516.0,3578516.0,0.00481903
1781159400,3578516.0,3578516.0,3578516.0,3578516.0,0.0
1781160300,3578516.0,3578516.0,3578516.0,3578516.0,0.0
1781161200,3578516.0,3578516.0,3578516.0,3578516.0,0.0
1781162100,3578516.0,3578516.0,3578516.0,3578516.0,0.0
1781163000,3578516.0,3578516.0,3578516.0,3578516.0,0.0
1781163900,3578516.0,3578516.0,3578516.0,3578516.0,0.0
1781164800,3578516.0,3578516.0,3578516.0,3578516.0,0.01278011
1781165700,3578516.0,3578516.0,3578516.0,3578516.0,0.0
1781166600,3578516.0,3578516.0,3578516.0,3578516.0,0.0
1781167500,3662358.0,3662358.0,3662358.0,3662358.0,0.06116005
1781168400,3578516.0,3578516.0,3578516.0,3578516.0,0.0095597
1781169300,3578516.0,3578516.0,3578516.0,3578516.0,0.0
1781170200,3578516.0,3578516.0,3578516.0,3578516.0,0.0
1781171100,3578516.0,3578516.0,3578516.0,3578516.0,0.0
1781172000,3578516.0,3578516.0,3578516.0,3578516.0,0.00401559
1781172900,3662358.0,3662358.0,3662358.0,3662358.0,0.02946079
1781173800,3662358.0,3662358.0,3662358.0,3662358.0,0.0
1781174700,3662358.0,3662358.0,3662358.0,3662358.0,0.0
1781175600,3662358.0,3662358.0,3662358.0,3662358.0,0.0
1781176500,3662358.0,3662358.0,3662358.0,3662358.0,0.0
1781177400,3578516.0,3578516.0,3578516.0,3578516.0,0.03326326
1781178300,3662358.0,3662358.0,3578512.0,3662358.0,0.02962964
1781179200,3662358.0,3662358.0,3662358.0,3662358.0,0.0
1781180100,3578512.0,3662358.0,3578512.0,3662358.0,0.02472067
1781181000,3662358.0,3662358.0,3662358.0,3662358.0,0.0
1781181900,3662358.0,3662358.0,3662358.0,3662358.0,0.0
1781182800,3578512.0,3578512.0,3550000.0,3550000.0,0.02674151
1781183700,3662358.0,3662358.0,3525000.0,3525000.0,0.07160876
1781184600,3525000.0,3525000.0,3525000.0,3525000.0,0.0
1781185500,3662358.0,3662358.0,3662358.0,3662358.0,0.04568395
1781186400,3525014.0,3525014.0,3525012.0,3525012.0,0.02523593
1781187300,3525012.0,3525012.0,3525012.0,3525012.0,0.0
1781188200,3525012.0,3525012.0,3525012.0,3525012.0,0.0
1781189100,3525012.0,3525012.0,3525012.0,3525012.0,0.0
1781190000,3525018.0,3525018.0,3525018.0,3525018.0,0.0057889
1781190900,3662356.0,3662356.0,3662356.0,3662356.0,0.00285526
1781191800,3662356.0,3662356.0,3525022.0,3525022.0,0.01784164
1781192700,3525022.0,3525022.0,3525022.0,3525022.0,0.0
1781193600,3525022.0,3525022.0,3525022.0,3525022.0,0.0
1781194500,3525022.0,3525022.0,3525022.0,3525022.0,0.0
1781195400,3662356.0,3662356.0,3662356.0,3662356.0,0.00566875
1781196300,3662356.0,3662356.0,3662356.0,3662356.0,0.0
1781197200,3662356.0,3662356.0,3662356.0,3662356.0,0.0
1781198100,3662356.0,3662356.0,3662356.0,3662356.0,0.0
1781199000,3662356.0,3662356.0,3662356.0,3662356.0,0.0
1781199900,3662356.0,3662356.0,3662356.0,3662356.0,0.0
1781200800,3662356.0,3662356.0,3662356.0,3662356.0,0.0
1781201700,3662356.0,3662356.0,3662356.0,3662356.0,0.0
1781202600,3662356.0,3662356.0,3662356.0,3662356.0,0.0
1781203500,3662356.0,3662356.0,3662356.0,3662356.0,0.0
1781204400,3662356.0,3662356.0,3662356.0,3662356.0,0.0
1781205300,3662356.0,3662356.0,3662356.0,3662356.0,0.0
1781206200,3661662.0,3662000.0,3661662.0,3662000.0,0.6286189
1781207100,3662000.0,3662000.0,3662000.0,3662000.0,0.0
1781208000,3662000.0,3662000.0,3662000.0,3662000.0,0.0
1781208900,3662000.0,3662000.0,3662000.0,3662000.0,0.0
1781209800,3662000.0,3662000.0,3662000.0,3662000.0,0.0
1781210700,3662000.0,3662000.0,3662000.0,3662000.0,0.0
1781211600,3662000.0,3662000.0,3662000.0,3662000.0,0.0
1781212500,3662000.0,3662000.0,3662000.0,3662000.0,0.0
1781213400,3662000.0,3662000.0,3662000.0,3662000.0,0.0
1781214300,3662000.0,3662000.0,3662000.0,3662000.0,0.0
1781215200,3662000.0,3662000.0,3662000.0,3662000.0,0.0
1781216100,3662000.0,3662000.0,3662000.0,3662000.0,0.0
1781217000,3662000.0,3757388.0,3662000.0,3757388.0,0.97826174
1781217900,3757388.0,3757388.0,3757388.0,3757388.0,0.0
1781218800,3757384.0,3757384.0,3757384.0,3757384.0,0.00540908
1781219700,3757384.0,3757384.0,3757384.0,3757384.0,0.00530102
1781220600,3526474.0,3526474.0,3526474.0,3526474.0,0.00530102
1781221500,3526474.0,3526474.0,3526474.0,3526474.0,0.0
1781222400,3526474.0,3526474.0,3526474.0,3526474.0,0.0
1781223300,3757368.0,3757368.0,3757368.0,3757368.0,0.00265052
1781224200,3757377.0,3757377.0,3757377.0,3757377.0,0.01328133
1781225100,3757377.0,3757377.0,3757377.0,3757377.0,0.00265051
1781226000,3757377.0,3757377.0,3757377.0,3757377.0,0.00265051
1781226900,3757377.0,3757377.0,3757377.0,3757377.0,0.0
1781227800,3757369.0,3757369.0,3757369.0,3757369.0,0.05389675
1781228700,3757369.0,3757369.0,3757369.0,3757369.0,0.0
1781229600,3527244.0,3527244.0,3527244.0,3527244.0,0.00949721
1781230500,3527244.0,3527244.0,3527244.0,3527244.0,0.0
1781231400,3527452.0,3527452.0,3501010.0,3501010.0,0.97826174
1781232300,3501010.0,3501010.0,3501010.0,3501010.0,0.0
1781233200,3757091.0,3757091.0,3757091.0,3757091.0,0.00265072
1781234100,3501077.0,3501077.0,3501077.0,3501077.0,0.00485313
1781235000,3501077.0,3501077.0,3501077.0,3501077.0,0.0
1781235900,3757020.0,3757020.0,3757020.0,3757020.0,0.00266035
1781236800,3695958.0,3695958.0,3501181.0,3501181.0,0.00821235
1781237700,3695240.0,3695240.0,3695196.0,3695196.0,0.01722301
1781238600,3525122.0,3525122.0,3525120.0,3525120.0,0.07213994
1781239500,3525120.0,3525120.0,3525120.0,3525120.0,0.0
1781240400,3696418.0,3696418.0,3696418.0,3696418.0,0.00538845
1781241300,3694334.0,3694334.0,3694334.0,3694334.0,0.00539149
1781242200,3525140.0,3525140.0,3525139.0,3525139.0,0.02848737
1781243100,3525139.0,3525139.0,3525139.0,3525139.0,0.0
1781244000,3678867.0,3678867.0,3678832.0,3678832.0,0.01135109
1781244900,3684203.0,3684203.0,3684203.0,3684203.0,0.01351581
1781245800,3671021.0,3671021.0,3671021.0,3671021.0,0.01327341
1781246700,3671021.0,3671021.0,3671021.0,3671021.0,0.0
1781247600,3671021.0,3671021.0,3671021.0,3671021.0,0.0
1781248500,3671021.0,3671021.0,3671021.0,3671021.0,0.0
1781249400,3671021.0,3671021.0,3671021.0,3671021.0,0.0
1781250300,3667774.0,3694340.0,3501058.0,3694340.0,0.21361651
1781251200,3694340.0,3694340.0,3694340.0,3694340.0,0.0
1781252100,3694340.0,3694340.0,3694340.0,3694340.0,0.0
1781253000,3694340.0,3694340.0,3694340.0,3694340.0,0.0
1781253900,3694340.0,3694340.0,3694340.0,3694340.0,0.0
1781254800,3694340.0,3694340.0,3694340.0,3694340.0,0.0
1781255700,3694340.0,3694340.0,3694340.0,3694340.0,0.0
1781256600,3694340.0,3694340.0,3694340.0,3694340.0,0.0
1781257500,3501320.0,3501320.0,3501320.0,3501320.0,0.01549063
1781258400,3688464.0,3694328.0,3688464.0,3694328.0,0.01079157
1781259300,3694328.0,3694328.0,3694328.0,3694328.0,0.0
1781260200,3694328.0,3694328.0,3694328.0,3694328.0,0.0
1781261100,3694334.0,3694336.0,3694334.0,3694336.0,0.05312348
1781262000,3694329.0,3694329.0,3534790.0,3534793.0,0.1048674
1781262900,3694334.0,3757022.0,3694334.0,3757018.0,0.42064965
1781263800,3534850.0,3706339.0,3534850.0,3534864.0,0.10680607
1781264700,3534864.0,3534864.0,3534864.0,3534864.0,0.0
1781265600,3708085.0,3708085.0,3708085.0,3708085.0,0.00276153
1781266500,3708040.0,3708040.0,3534567.0,3706799.0,0.4246603
1781267400,3545004.0,3545004.0,3545004.0,3545004.0,0.00815062
1781268300,3545004.0,3545004.0,3545004.0,3545004.0,0.0
1781269200,3545004.0,3545004.0,3545004.0,3545004.0,0.0
1781270100,3545004.0,3545004.0,3545004.0,3545004.0,0.0
1781271000,3705840.0,3705840.0,3705840.0,3705840.0,0.00268737
1781271900,3705840.0,3705840.0,3705840.0,3705840.0,0.0
1781272800,3705840.0,3705840.0,3705840.0,3705840.0,0.0
1781273700,3697896.0,3697896.0,3697896.0,3697896.0,0.0053863
1781274600,3705898.0,3705898.0,3705898.0,3705898.0,0.00268733
1781275500,3695802.0,3695802.0,3695724.0,3695724.0,0.01312859
1781276400,3551088.0,3551088.0,3551088.0,3551088.0,0.0029788
1781277300,3551088.0,3551088.0,3551088.0,3551088.0,0.0
1781278200,3551088.0,3551088.0,3551088.0,3551088.0,0.0
1781279100,3551088.0,3551088.0,3551088.0,3551088.0,0.0
1781280000,3705644.0,3705644.0,3705644.0,3705644.0,0.01280964
1781280900,3705875.0,3705875.0,3705875.0,3705875.0,0.01343677
1781281800,3705713.0,3705713.0,3705713.0,3705713.0,0.00373018
1781282700,3705713.0,3705713.0,3705713.0,3705713.0,0.0
1781283600,3705713.0,3705713.0,3705713.0,3705713.0,0.0
1781284500,3705836.0,3705836.0,3551256.0,3551256.0,0.526127
1781285400,3551256.0,3551256.0,3551256.0,3551256.0,0.0
1781286300,3551256.0,3551256.0,3551256.0,3551256.0,0.0
1781287200,3705536.0,3705536.0,3551260.0,3705532.0,0.01075017
1781288100,3705532.0,3705532.0,3705532.0,3705532.0,0.0
1781289000,3705532.0,3705532.0,3705532.0,3705532.0,0.0
1781289900,3705532.0,3705532.0,3705532.0,3705532.0,0.0
1781290800,3551266.0,3551266.0,3551256.0,3551256.0,0.57926549
1781291700,3551256.0,3551256.0,3551256.0,3551256.0,0.0
1781292600,3551256.0,3551256.0,3551256.0,3551256.0,0.0
1781293500,3551256.0,3551256.0,3551256.0,3551256.0,0.0
1781294400,3551256.0,3551256.0,3551256.0,3551256.0,0.0
1781295300,3551256.0,3551256.0,3551256.0,3551256.0,0.0
1781296200,3551256.0,3551256.0,3551256.0,3551256.0,0.0
1781297100,3551256.0,3551256.0,3551256.0,3551256.0,0.0
1781298000,3551256.0,3551256.0,3551256.0,3551256.0,0.0
1781298900,3551256.0,3551256.0,3551256.0,3551256.0,0.0
1781299800,3551256.0,3551256.0,3551256.0,3551256.0,0.0
1781300700,3551256.0,3551256.0,3551256.0,3551256.0,0.0
1781301600,3705270.0,3705276.0,3705270.0,3705276.0,0.12095108
1781302500,3705276.0,3705276.0,3705276.0,3705276.0,0.0
1781303400,3705276.0,3705276.0,3705276.0,3705276.0,0.0
1781304300,3705276.0,3705276.0,3705276.0,3705276.0,0.0
1781305200,3705517.0,3705517.0,3705516.0,3705516.0,0.05706572
1781306100,3705516.0,3705516.0,3705516.0,3705516.0,0.0
1781307000,3705516.0,3705516.0,3705516.0,3705516.0,0.0
1781307900,3705516.0,3705516.0,3705516.0,3705516.0,0.0
1781308800,3705516.0,3705516.0,3705516.0,3705516.0,0.0
1781309700,3705516.0,3705516.0,3705516.0,3705516.0,0.0
1781310600,3552006.0,3552006.0,3552006.0,3552006.0,0.00682804
1781311500,3705572.0,3705572.0,3705572.0,3705572.0,0.02692944
1781312400,3705572.0,3705572.0,3705572.0,3705572.0,0.0
1781313300,3685865.0,3685865.0,3683310.0,3683310.0,0.01081151
1781314200,3683310.0,3683310.0,3683310.0,3683310.0,0.0
1781315100,3683310.0,3683310.0,3683310.0,3683310.0,0.0
1781316000,3560018.0,3560018.0,3560018.0,3560018.0,0.02522507
1781316900,3560018.0,3560018.0,3560018.0,3560018.0,0.0
1781317800,3560018.0,3560018.0,3560018.0,3560018.0,0.0
1781318700,3560018.0,3560018.0,3560018.0,3560018.0,0.0
1781319600,3560018.0,3560018.0,3560018.0,3560018.0,0.0
1781320500,3560018.0,3560018.0,3560017.0,3560017.0,0.00866406
1781321400,3684928.0,3684928.0,3684928.0,3684928.0,0.01328818
1781322300,3684928.0,3684928.0,3684928.0,3684928.0,0.0
1781323200,3560021.0,3560021.0,3560021.0,3560021.0,0.01328784
1781324100,3600000.0,3600000.0,3600000.0,3600000.0,0.08646635
1781325000,3560021.0,3560021.0,3560021.0,3560021.0,0.00368522
1781325900,3560021.0,3560021.0,3560021.0,3560021.0,0.0
1781326800,3599999.0,3599999.0,3599999.0,3599999.0,0.00700754
1781327700,3599998.0,3599999.0,3599998.0,3599999.0,0.04465861
1781328600,3599999.0,3599999.0,3599999.0,3599999.0,0.0
1781329500,3599999.0,3599999.0,3599999.0,3599999.0,0.0
1781330400,3599999.0,3599999.0,3599999.0,3599999.0,0.0
1781331300,3599998.0,3705563.0,3599998.0,3705563.0,0.02820564
1781332200,3560032.0,3560032.0,3560032.0,3560032.0,0.009003
1781333100,3705563.0,3705563.0,3560220.0,3560242.0,0.05564911
1781334000,3705556.0,3705556.0,3705556.0,3705556.0,0.00283628
1781334900,3704968.0,3704968.0,3704968.0,3704968.0,0.00850425
1781335800,3560538.0,3704968.0,3560536.0,3704968.0,0.06732237
1781336700,3704968.0,3704968.0,3704968.0,3704968.0,0.0
1781337600,3704968.0,3704968.0,3704968.0,3704968.0,0.0
1781338500,3560542.0,3560542.0,3560542.0,3560542.0,0.00283628
1781339400,3560542.0,3560542.0,3560542.0,3560542.0,0.0
1781340300,3560542.0,3560542.0,3560542.0,3560542.0,0.0
1781341200,3699998.0,3700000.0,3699998.0,3700000.0,0.14592623
1781342100,3700000.0,3757292.0,3700000.0,3757292.0,1.41895214
1781343000,3560554.0,3560554.0,3560554.0,3560554.0,0.03102466
1781343900,3560554.0,3560554.0,3560552.0,3560552.0,0.01232553
1781344800,3560558.0,3560558.0,3560558.0,3560558.0,0.00668292
1781345700,3560558.0,3560558.0,3560558.0,3560558.0,0.0
1781346600,3560586.0,3560586.0,3560586.0,3560586.0,0.19646978
1781347500,3560586.0,3560586.0,3560586.0,3560586.0,0.0
1781348400,3560586.0,3560586.0,3560586.0,3560586.0,0.0
1781349300,3757269.0,3757269.0,3757269.0,3757269.0,0.00526472
1781350200,3757224.0,3757224.0,3757224.0,3757224.0,0.0106025
1781351100,3757224.0,3757224.0,3757224.0,3757224.0,0.0
1781352000,3757224.0,3757224.0,3757224.0,3757224.0,0.0
1781352900,3757224.0,3757224.0,3757224.0,3757224.0,0.0
1781353800,3757043.0,3757043.0,3757006.0,3757006.0,0.03078834
1781354700,3757206.0,3757208.0,3757206.0,3757208.0,0.03975959
1781355600,3757208.0,3757208.0,3757208.0,3757208.0,0.0
1781356500,3757208.0,3757208.0,3757208.0,3757208.0,0.0
1781357400,3757208.0,3757208.0,3757208.0,3757208.0,0.0
1781358300,3561092.0,3561092.0,3561066.0,3561066.0,0.70328632
1781359200,3561066.0,3561066.0,3561066.0,3561066.0,0.0
1781360100,3561074.0,3754959.0,3561074.0,3561074.0,0.01991616
1781361000,3754838.0,3754838.0,3754838.0,3754838.0,0.04408126
1781361900,3754838.0,3754838.0,3754838.0,3754838.0,0.0
1781362800,3754838.0,3754838.0,3754838.0,3754838.0,0.0
1781363700,3754838.0,3754838.0,3754838.0,3754838.0,0.0
1781364600,3754838.0,3754838.0,3754838.0,3754838.0,0.0
1781365500,3754838.0,3754838.0,3754838.0,3754838.0,0.0
1781366400,3754064.0,3754064.0,3754064.0,3754064.0,0.02614126
1781367300,3754064.0,3754064.0,3754064.0,3754064.0,0.0
1781368200,3754064.0,3754064.0,3754064.0,3754064.0,0.0
1781369100,3753660.0,3753660.0,3588888.0,3588888.0,0.03012084
1781370000,3588888.0,3588888.0,3588888.0,3588888.0,0.0
1781370900,3588892.0,3588892.0,3588892.0,3588892.0,0.01055398
1781371800,3588892.0,3588892.0,3588892.0,3588892.0,0.0
1781372700,3588892.0,3588892.0,3568900.0,3568900.0,0.26373729
1781373600,3568900.0,3568900.0,3568900.0,3568900.0,0.0
1781374500,3568900.0,3568900.0,3568900.0,3568900.0,0.0
1781375400,3568910.0,3568910.0,3568910.0,3568910.0,0.01428469
1781376300,3568910.0,3568910.0,3568910.0,3568910.0,0.0
1781377200,3568910.0,3568910.0,3568910.0,3568910.0,0.0
1781378100,3748830.0,3748843.0,3748830.0,3748843.0,0.13282855
1781379000,3748843.0,3748843.0,3748843.0,3748843.0,0.0
1781379900,3748843.0,3748843.0,3748843.0,3748843.0,0.0
1781380800,3748843.0,3748843.0,3748843.0,3748843.0,0.0
1781381700,3748843.0,3748843.0,3748843.0,3748843.0,0.0
1781382600,3748843.0,3748843.0,3748843.0,3748843.0,0.0
1781383500,3748843.0,3748843.0,3748843.0,3748843.0,0.0
1781384400,3748843.0,3748843.0,3748843.0,3748843.0,0.0
1781385300,3672869.0,3750000.0,3672869.0,3750000.0,0.21906245
1781386200,3750000.0,3750000.0,3750000.0,3750000.0,0.0
1781387100,3750000.0,3751996.0,3750000.0,3751996.0,0.00769761
1781388000,3751996.0,3751996.0,3751996.0,3751996.0,0.0
1781388900,3751996.0,3751996.0,3751996.0,3751996.0,0.0
1781389800,3751996.0,3751996.0,3751996.0,3751996.0,0.0
1781390700,3568917.0,3568917.0,3568913.0,3568913.0,0.16947466
1781391600,3568913.0,3568913.0,3568913.0,3568913.0,0.0
1781392500,3568913.0,3568913.0,3568913.0,3568913.0,0.0
1781393400,3569122.0,3569122.0,3569122.0,3569122.0,0.00769761
1781394300,3569122.0,3569122.0,3569122.0,3569122.0,0.0
1781395200,3569122.0,3569122.0,3569122.0,3569122.0,0.0
1781396100,3569122.0,3569122.0,3569122.0,3569122.0,0.0
1781397000,3569122.0,3569122.0,3569122.0,3569122.0,0.0
1781397900,3569122.0,3569122.0,3569122.0,3569122.0,0.0
1781398800,3569004.0,3569004.0,3569004.0,3569004.0,0.00407384
1781399700,3569004.0,3569004.0,3569004.0,3569004.0,0.0
1781400600,3569004.0,3569004.0,3569004.0,3569004.0,0.0
1781401500,3751946.0,3751946.0,3751946.0,3751946.0,0.00265435
1781402400,3570268.0,3570268.0,3570100.0,3570100.0,0.28763072
1781403300,3570100.0,3570100.0,3570100.0,3570100.0,0.0
1781404200,3751748.0,3751748.0,3751748.0,3751748.0,0.01457214
1781405100,3751748.0,3751748.0,3751748.0,3751748.0,0.0
1781406000,3751748.0,3751748.0,3751748.0,3751748.0,0.0
1781406900,3748788.0,3748788.0,3748788.0,3748788.0,0.01893918
1781407800,3748788.0,3748788.0,3748788.0,3748788.0,0.0
1781408700,3748788.0,3748788.0,3748788.0,3748788.0,0.0
1781409600,3748788.0,3748788.0,3748788.0,3748788.0,0.0
1781410500,3748788.0,3748788.0,3748788.0,3748788.0,0.01024704
1781411400,3671600.0,3671600.0,3671600.0,3671600.0,0.00271244
1781412300,3671600.0,3671600.0,3671600.0,3671600.0,0.0
1781413200,3671600.0,3671600.0,3671600.0,3671600.0,0.0
1781414100,3671600.0,3671600.0,3671600.0,3671600.0,0.0
1781415000,3674122.0,3674122.0,3578902.0,3578902.0,0.01576503
1781415900,3578902.0,3578902.0,3578902.0,3578902.0,0.0
1781416800,3578902.0,3578902.0,3578902.0,3578902.0,0.0
1781417700,3578902.0,3578902.0,3578902.0,3578902.0,0.0
1781418600,3578902.0,3578902.0,3578902.0,3578902.0,0.0
1781419500,3748760.0,3748760.0,3748760.0,3748760.0,0.00956929
1781420400,3748760.0,3748760.0,3748760.0,3748760.0,0.0
1781421300,3748760.0,3748760.0,3748760.0,3748760.0,0.0
1781422200,3748760.0,3748760.0,3748760.0,3748760.0,0.0
1781423100,3744996.0,3744996.0,3744996.0,3744996.0,0.01037117
1781424000,3680091.0,3702022.0,3680091.0,3702022.0,0.01172509
1781424900,3702022.0,3702022.0,3702022.0,3702022.0,0.0
1781425800,3590056.0,3590056.0,3590056.0,3590056.0,0.10755397
1781426700,3590056.0,3590056.0,3590056.0,3590056.0,0.0
1781427600,3590056.0,3590056.0,3590056.0,3590056.0,0.0
1781428500,3590056.0,3590056.0,3590056.0,3590056.0,0.0
1781429400,3590056.0,3590056.0,3590056.0,3590056.0,0.0
1781430300,3590056.0,3590056.0,3590056.0,3590056.0,0.0
1781431200,3680562.0,3748764.0,3680562.0,3748764.0,0.98653926
1781432100,3748764.0,3748764.0,3748764.0,3748764.0,0.0
1781433000,3748764.0,3748764.0,3748764.0,3748764.0,0.0
1781433900,3748760.0,3748760.0,3748760.0,3748760.0,0.00532629
1781434800,3748760.0,3748760.0,3748760.0,3748760.0,0.01915273
1781435700,3748760.0,3748760.0,3748760.0,3748760.0,0.0
1781436600,3591428.0,3595032.0,3591428.0,3595032.0,0.01383042
1781437500,3748752.0,3748752.0,3748752.0,3748752.0,0.00415444
1781438400,3748752.0,3748752.0,3748752.0,3748752.0,0.0
1781439300,3748752.0,3748752.0,3748752.0,3748752.0,0.0
1781440200,3748752.0,3748752.0,3748752.0,3748752.0,0.0
1781441100,3748512.0,3748512.0,3748512.0,3748512.0,0.00522527
1781442000,3748512.0,3748512.0,3748512.0,3748512.0,0.0
1781442900,3748512.0,3748512.0,3748512.0,3748512.0,0.0
1781443800,3748722.0,3748724.0,3748722.0,3748724.0,0.00881766
1781444700,3748724.0,3748724.0,3748724.0,3748724.0,0.00265663
1781445600,3748724.0,3748724.0,3748724.0,3748724.0,0.00300502
1781446500,3748724.0,3748724.0,3748724.0,3748724.0,0.0
1781447400,3601538.0,3601538.0,3601409.0,3601409.0,0.1298136
1781448300,3748700.0,3748700.0,3748700.0,3748700.0,0.00307359
1781449200,3748700.0,3748700.0,3748700.0,3748700.0,0.0
1781450100,3748700.0,3748700.0,3748700.0,3748700.0,0.0
1781451000,3748700.0,3748700.0,3748700.0,3748700.0,0.0
1781451900,3748700.0,3748700.0,3748700.0,3748700.0,0.0
1781452800,3748700.0,3748700.0,3748700.0,3748700.0,0.0
1781453700,3748700.0,3748700.0,3748700.0,3748700.0,0.0
1781454600,3748700.0,3748700.0,3748700.0,3748700.0,0.0
1781455500,3748700.0,3748700.0,3748700.0,3748700.0,0.0
1781456400,3748226.0,3748226.0,3748226.0,3748226.0,0.01107217
1781457300,3748226.0,3748226.0,3748226.0,3748226.0,0.0
1781458200,3748220.0,3748220.0,3610052.0,3610052.0,0.01241068
1781459100,3610052.0,3610052.0,3610052.0,3610052.0,0.0
1781460000,3610052.0,3610052.0,3610052.0,3610052.0,0.0
1781460900,3610052.0,3610052.0,3610052.0,3610052.0,0.0
1781461800,3747864.0,3747864.0,3747864.0,3747864.0,0.00699011
1781462700,3747864.0,3747864.0,3747864.0,3747864.0,0.0
1781463600,3747864.0,3747864.0,3747864.0,3747864.0,0.0
1781464500,3747864.0,3747864.0,3747864.0,3747864.0,0.0
1781465400,3610072.0,3693777.0,3610000.0,3693017.0,1.59143861
1781466300,3693017.0,3693017.0,3693017.0,3693017.0,0.0
1781467200,3693017.0,3693017.0,3693017.0,3693017.0,0.0
1781468100,3748192.0,3748192.0,3748192.0,3748192.0,0.00398538
1781469000,3748192.0,3748192.0,3748192.0,3748192.0,0.0
1781469900,3748192.0,3748192.0,3748192.0,3748192.0,0.0
1781470800,3748192.0,3748192.0,3748192.0,3748192.0,0.0
1781471700,3748192.0,3748192.0,3748192.0,3748192.0,0.0
1781472600,3748192.0,3748192.0,3748192.0,3748192.0,0.0
1781473500,3748192.0,3748192.0,3748192.0,3748192.0,0.0
1781474400,3748192.0,3748192.0,3748192.0,3748192.0,0.0
1781475300,3748192.0,3748192.0,3748192.0,3748192.0,0.0
1781476200,3748192.0,3748192.0,3748192.0,3748192.0,0.0
1781477100,3610369.0,3610369.0,3610369.0,3610369.0,0.00933506
1781478000,3610369.0,3610369.0,3610369.0,3610369.0,0.0
1781478900,3747000.0,3747000.0,3747000.0,3747000.0,0.00531571
1781479800,3747000.0,3747000.0,3747000.0,3747000.0,0.0
1781480700,3747000.0,3747000.0,3747000.0,3747000.0,0.0
1781481600,3746996.0,3746996.0,3746996.0,3746996.0,0.00265786
1781482500,3746996.0,3746996.0,3746996.0,3746996.0,0.0
1781483400,3746996.0,3746996.0,3746996.0,3746996.0,0.0
1781484300,3746996.0,3746996.0,3746996.0,3746996.0,0.0
1781485200,3730958.0,3730958.0,3730958.0,3730958.0,0.00530775
1781486100,3730958.0,3730958.0,3730958.0,3730958.0,0.0
1781487000,3730958.0,3730958.0,3730958.0,3730958.0,0.0
1781487900,3729996.0,3730000.0,3729996.0,3730000.0,0.13300411
1781488800,3730000.0,3730000.0,3730000.0,3730000.0,0.0
1781489700,3620518.0,3730000.0,3620510.0,3730000.0,1.19760899
1781490600,3730000.0,3730000.0,3730000.0,3730000.0,0.0
1781491500,3730000.0,3730000.0,3730000.0,3730000.0,0.0
1781492400,3730000.0,3730000.0,3730000.0,3730000.0,0.0
1781493300,3730000.0,3730000.0,3730000.0,3730000.0,0.0
1781494200,3625607.0,3625607.0,3625603.0,3625603.0,0.12095078
1781495100,3714996.0,3714996.0,3714996.0,3714996.0,0.00863984
1781496000,3714996.0,3714996.0,3714996.0,3714996.0,0.0
1781496900,3650011.0,3700000.0,3650010.0,3700000.0,1.68598627
1781497800,3700000.0,3700000.0,3700000.0,3700000.0,0.0
1781498700,3700000.0,3700000.0,3700000.0,3700000.0,0.0
1781499600,3700000.0,3700000.0,3700000.0,3700000.0,0.0
1781500500,3700000.0,3700000.0,3700000.0,3700000.0,0.0
1781501400,3630021.0,3630021.0,3630021.0,3630021.0,0.00863984
1781502300,3730000.0,3730000.0,3730000.0,3730000.0,0.03076702
1781503200,3730000.0,3730000.0,3730000.0,3730000.0,0.0
1781504100,3730000.0,3730000.0,3730000.0,3730000.0,0.0
1781505000,3730000.0,3730000.0,3730000.0,3730000.0,0.0
1781505900,3730000.0,3730000.0,3730000.0,3730000.0,0.0
1781506800,3730000.0,3730000.0,3730000.0,3730000.0,0.0
1781507700,3730000.0,3730000.0,3730000.0,3730000.0,0.0
1781508600,3730000.0,3730000.0,3730000.0,3730000.0,0.0
1781509500,3635059.0,3715000.0,3635055.0,3715000.0,1.75226411
1781510400,3715000.0,3715000.0,3715000.0,3715000.0,0.0
1781511300,3714000.0,3714000.0,3714000.0,3714000.0,0.01074427
1781512200,3714000.0,3714000.0,3714000.0,3714000.0,0.0
1781513100,3714000.0,3714000.0,3714000.0,3714000.0,0.0
1781514000,3713900.0,3713900.0,3713900.0,3713900.0,0.02093163
1781514900,3713900.0,3713900.0,3713900.0,3713900.0,0.0
1781515800,3650025.0,3650025.0,3650025.0,3650025.0,0.00653341
1781516700,3650025.0,3650025.0,3650025.0,3650025.0,0.0
1781517600,3650025.0,3650025.0,3650025.0,3650025.0,0.0
1781518500,3650025.0,3650025.0,3650025.0,3650025.0,0.0
1781519400,3650025.0,3650025.0,3650025.0,3650025.0,0.0
1781520300,3650025.0,3650025.0,3650025.0,3650025.0,0.0
1781521200,3650025.0,3650025.0,3650025.0,3650025.0,0.0
1781522100,3699990.0,3699990.0,3699990.0,3699990.0,0.12136573
1781523000,3699986.0,3699986.0,3699986.0,3699986.0,0.01194408
1781523900,3655010.0,3699984.0,3651054.0,3651054.0,0.03619061
1781524800,3651054.0,3651054.0,3651054.0,3651054.0,0.0
1781525700,3651054.0,3651054.0,3651054.0,3651054.0,0.0
1781526600,3651054.0,3651054.0,3651054.0,3651054.0,0.0
1781527500,3699000.0,3699000.0,3651504.0,3651504.0,0.03429639
1781528400,3651504.0,3651504.0,3651504.0,3651504.0,0.0
1781529300,3651510.0,3698000.0,3651504.0,3698000.0,0.07673775
1781530200,3698000.0,3698000.0,3698000.0,3698000.0,0.0
1781531100,3698000.0,3698000.0,3651513.0,3651513.0,0.01862417
1781532000,3651510.0,3651510.0,3651510.0,3651510.0,0.01343677
1781532900,3651517.0,3651517.0,3651517.0,3651517.0,0.08973101
1781533800,3651517.0,3651517.0,3651517.0,3651517.0,0.0
1781534700,3651517.0,3651517.0,3651517.0,3651517.0,0.0
1781535600,3651517.0,3651517.0,3651517.0,3651517.0,0.0
1781536500,3699997.0,3699997.0,3699997.0,3699997.0,0.00349892
1781537400,3660000.0,3660000.0,3660000.0,3660000.0,0.0216854
1781538300,3699997.0,3730000.0,3690000.0,3690000.0,1.82625473
1781539200,3690000.0,3690000.0,3690000.0,3690000.0,0.0
1781540100,3690008.0,3690008.0,3690000.0,3690000.0,0.53702058
1781541000,3740000.0,3740000.0,3740000.0,3740000.0,0.009881
1781541900,3740000.0,3740000.0,3740000.0,3740000.0,0.0
1781542800,3655082.0,3655082.0,3655072.0,3655072.0,0.10511501
1781543700,3655072.0,3655072.0,3655072.0,3655072.0,0.0
1781544600,3655072.0,3655072.0,3655072.0,3655072.0,0.0
1781545500,3740000.0,3740000.0,3655097.0,3655097.0,0.1586556
1781546400,3655081.0,3655081.0,3655081.0,3655081.0,0.00833831
1781547300,3655081.0,3655081.0,3655081.0,3655081.0,0.0
1781548200,3655081.0,3655081.0,3651506.0,3651506.0,2.6167442
1781549100,3651506.0,3651506.0,3651506.0,3651506.0,0.0
1781550000,3740000.0,3740000.0,3740000.0,3740000.0,0.00292887
1781550900,3651510.0,3651510.0,3651510.0,3651510.0,0.00952704
1781551800,3651510.0,3651510.0,3651510.0,3651510.0,0.0
1781552700,3740000.0,3740000.0,3740000.0,3740000.0,0.00285481
1781553600,3740000.0,3740000.0,3740000.0,3740000.0,0.0
1781554500,3740000.0,3740000.0,3740000.0,3740000.0,0.0
1781555400,3740000.0,3740000.0,3740000.0,3740000.0,0.0
1781556300,3740000.0,3740000.0,3740000.0,3740000.0,0.0
1781557200,3651514.0,3651514.0,3651514.0,3651514.0,0.01564202
1781558100,3651514.0,3651514.0,3651514.0,3651514.0,0.0
1781559000,3740000.0,3798000.0,3740000.0,3798000.0,2.64934493
1781559900,3798000.0,3798000.0,3798000.0,3798000.0,0.0
1781560800,3798000.0,3798000.0,3798000.0,3798000.0,0.0
1781561700,3798000.0,3798000.0,3798000.0,3798000.0,0.0
1781562600,3798000.0,3798000.0,3798000.0,3798000.0,0.0
1781563500,3661058.0,3661058.0,3661058.0,3661058.0,0.00298215
1781564400,3748500.0,3748500.0,3748500.0,3748500.0,0.00650473
1781565300,3748500.0,3748500.0,3748500.0,3748500.0,0.0
1781566200,3748500.0,3748500.0,3748500.0,3748500.0,0.0
1781567100,3774996.0,3774996.0,3774996.0,3774996.0,0.00527629
1781568000,3774996.0,3774996.0,3774996.0,3774996.0,0.0
1781568900,3757611.0,3757611.0,3756307.0,3757611.0,0.53742688
1781569800,3665068.0,3665068.0,3665068.0,3665068.0,0.2335255
1781570700,3666068.0,3666068.0,3666068.0,3666068.0,0.00586254
1781571600,3743199.0,3743199.0,3743199.0,3743199.0,0.04059549
1781572500,3743199.0,3743199.0,3743199.0,3743199.0,0.0
1781573400,3743199.0,3743199.0,3743199.0,3743199.0,0.0
1781574300,3743199.0,3743199.0,3743199.0,3743199.0,0.0
1781575200,3666079.0,3666079.0,3666079.0,3666079.0,0.00300457
1781576100,3666079.0,3666079.0,3666079.0,3666079.0,0.0
1781577000,3666079.0,3666079.0,3666079.0,3666079.0,0.0
1781577900,3666079.0,3666079.0,3666079.0,3666079.0,0.0
1781578800,3743080.0,3743080.0,3743080.0,3743080.0,0.00266064
1781579700,3743000.0,3743000.0,3739063.0,3739063.0,0.002724
1781580600,3739063.0,3739063.0,3739063.0,3739063.0,0.0
1781581500,3769900.0,3769900.0,3769900.0,3769900.0,0.07869996
1781582400,3769890.0,3769890.0,3769890.0,3769890.0,0.03745149
1781583300,3769890.0,3769890.0,3769890.0,3769890.0,0.0
1781584200,3769890.0,3769890.0,3769890.0,3769890.0,0.0
1781585100,3769881.0,3769881.0,3769881.0,3769881.0,0.00299213
1781586000,3739063.0,3765000.0,3670018.0,3765000.0,0.01386164
1781586900,3670029.0,3764996.0,3670029.0,3764996.0,0.03538119
1781587800,3764996.0,3764996.0,3764996.0,3764996.0,0.0
1781588700,3764996.0,3764996.0,3764996.0,3764996.0,0.0
1781589600,3764996.0,3764996.0,3764996.0,3764996.0,0.0
1781590500,3764996.0,3764996.0,3764996.0,3764996.0,0.0
1781591400,3764996.0,3764996.0,3764996.0,3764996.0,0.0
1781592300,3764996.0,3764996.0,3764996.0,3764996.0,0.0
1781593200,3759992.0,3759992.0,3759992.0,3759992.0,0.02205083
1781594100,3759992.0,3759992.0,3759992.0,3759992.0,0.0
1781595000,3759992.0,3759992.0,3759992.0,3759992.0,0.0
1781595900,3759992.0,3759992.0,3759992.0,3759992.0,0.0
1781596800,3750000.0,3750000.0,3750000.0,3750000.0,0.2661048
1781597700,3750000.0,3750000.0,3750000.0,3750000.0,0.0
1781598600,3750000.0,3750000.0,3750000.0,3750000.0,0.0
1781599500,3700000.0,3700000.0,3700000.0,3700000.0,0.23936783
1781600400,3675013.0,3675013.0,3675000.0,3675004.0,0.56693304
1781601300,3675004.0,3675004.0,3675004.0,3675004.0,0.00794602
1781602200,3675004.0,3675004.0,3675004.0,3675004.0,0.00654347
1781603100,3675004.0,3675004.0,3675004.0,3675004.0,0.0
1781604000,3675004.0,3675004.0,3675004.0,3675004.0,0.0
1781604900,3749996.0,3749996.0,3749996.0,3749996.0,0.00398347
1781605800,3749996.0,3750000.0,3749996.0,3750000.0,0.01221626
1781606700,3675004.0,3750000.0,3675004.0,3750000.0,0.00650307
1781607600,3675004.0,3675004.0,3675004.0,3675004.0,0.05385969
1781608500,3675004.0,3675004.0,3675004.0,3675004.0,0.0
1781609400,3680032.0,3680032.0,3680028.0,3680028.0,0.12464383
1781610300,3760000.0,3760000.0,3681029.0,3681029.0,0.01778486
1781611200,3681055.0,3681055.0,3681054.0,3681054.0,0.02673527
1781612100,3755000.0,3755000.0,3755000.0,3755000.0,0.01326098
1781613000,3748419.0,3748419.0,3748419.0,3748419.0,0.01771786
1781613900,3675008.0,3690004.0,3675008.0,3690004.0,0.01402647
1781614800,3690004.0,3690004.0,3690004.0,3690004.0,0.0
1781615700,3690004.0,3690004.0,3690004.0,3690004.0,0.0
1781616600,3690004.0,3690004.0,3690004.0,3690004.0,0.0
1781617500,3722203.0,3722203.0,3722203.0,3722203.0,0.01372735
1781618400,3721648.0,3722203.0,3721648.0,3722203.0,0.00690394
1781619300,3722199.0,3722199.0,3722199.0,3722199.0,0.08048923
1781620200,3715000.0,3715000.0,3715000.0,3715000.0,0.00268075
1781621100,3715000.0,3715000.0,3715000.0,3715000.0,0.0
1781622000,3714000.0,3714000.0,3714000.0,3714000.0,0.11664457
1781622900,3714000.0,3714000.0,3714000.0,3714000.0,0.0
1781623800,3714000.0,3714000.0,3714000.0,3714000.0,0.0
1781624700,3714000.0,3714000.0,3714000.0,3714000.0,0.0
1781625600,3710000.0,3710000.0,3710000.0,3710000.0,0.01401617
1781626500,3710000.0,3710000.0,3710000.0,3710000.0,0.0
1781627400,3710000.0,3710000.0,3710000.0,3710000.0,0.0
1781628300,3714000.0,3714000.0,3714000.0,3714000.0,0.01238826
1781629200,3690019.0,3690019.0,3690019.0,3690019.0,0.00349892
1781630100,3690019.0,3690019.0,3690019.0,3690019.0,0.0
1781631000,3690019.0,3690019.0,3675004.0,3675004.0,0.13369392
1781631900,3675004.0,3675004.0,3675004.0,3675004.0,0.0
1781632800,3710000.0,3710000.0,3675008.0,3675008.0,0.01115349
1781633700,3675008.0,3675008.0,3675008.0,3675008.0,0.0
1781634600,3675008.0,3675008.0,3675008.0,3675008.0,0.0
1781635500,3675008.0,3675008.0,3675008.0,3675008.0,0.0
1781636400,3675008.0,3675008.0,3675008.0,3675008.0,0.0
1781637300,3675008.0,3675008.0,3675008.0,3675008.0,0.0
1781638200,3675008.0,3675008.0,3675008.0,3675008.0,0.0
1781639100,3675008.0,3675008.0,3675008.0,3675008.0,0.0
1781640000,3709996.0,3709996.0,3670014.0,3670014.0,0.11678752
1781640900,3670018.0,3670018.0,3670018.0,3670018.0,0.007461
1781641800,3670018.0,3670018.0,3670018.0,3670018.0,0.0
1781642700,3709996.0,3800000.0,3709996.0,3800000.0,3.3027996
1781643600,3670018.0,3670018.0,3670018.0,3670018.0,0.01264139
1781644500,3670018.0,3670018.0,3670018.0,3670018.0,0.0
1781645400,3670018.0,3670018.0,3670018.0,3670018.0,0.0
1781646300,3670018.0,3670018.0,3670018.0,3670018.0,0.0
1781647200,3799996.0,3799996.0,3799996.0,3799996.0,0.0470832
1781648100,3799996.0,3799996.0,3799996.0,3799996.0,0.0
1781649000,3799996.0,3799996.0,3799996.0,3799996.0,0.00262079
1781649900,3799996.0,3799996.0,3799996.0,3799996.0,0.0
1781650800,3670204.0,3670204.0,3670204.0,3670204.0,0.03933635
1781651700,3799996.0,3799996.0,3799996.0,3799996.0,0.00262079
1781652600,3799996.0,3799996.0,3799996.0,3799996.0,0.0
1781653500,3799996.0,3799996.0,3799996.0,3799996.0,0.0
1781654400,3799996.0,3799996.0,3799996.0,3799996.0,0.0
1781655300,3799996.0,3799996.0,3799996.0,3799996.0,0.0
1781656200,3799996.0,3799996.0,3799996.0,3799996.0,0.0
1781657100,3799996.0,3799996.0,3799996.0,3799996.0,0.0
1781658000,3804821.0,3806092.0,3804821.0,3806092.0,0.02622463
1781658900,3806092.0,3806092.0,3806092.0,3806092.0,0.0
1781659800,3806092.0,3806092.0,3806092.0,3806092.0,0.0
1781660700,3806092.0,3806092.0,3806092.0,3806092.0,0.0
1781661600,3806092.0,3806092.0,3806092.0,3806092.0,0.0
1781662500,3806092.0,3806092.0,3806092.0,3806092.0,0.0
1781663400,3806077.0,3980000.0,3806077.0,3980000.0,2.53825806
1781664300,3670232.0,3670232.0,3670232.0,3670232.0,0.00882228
1781665200,3670232.0,3670232.0,3670232.0,3670232.0,0.0
1781666100,3670254.0,3979992.0,3670254.0,3979992.0,0.00759263
1781667000,3979992.0,3979995.0,3979992.0,3979995.0,0.01251132
1781667900,3979992.0,3979995.0,3979992.0,3979995.0,0.00752161
1781668800,3670402.0,3670402.0,3670335.0,3670335.0,0.27928929
1781669700,3670335.0,3670335.0,3670335.0,3670335.0,0.0
1781670600,3969944.0,3969944.0,3670472.0,3670472.0,0.1105069
1781671500,3870509.0,3870509.0,3870509.0,3870509.0,0.01145846
1781672400,3870509.0,3870509.0,3870509.0,3870509.0,0.0
1781673300,3969982.0,3969982.0,3969982.0,3969982.0,0.00250857
1781674200,3969982.0,3969982.0,3969982.0,3969982.0,0.0
1781675100,3969968.0,3969968.0,3969968.0,3969968.0,0.00250858
1781676000,3969968.0,3969968.0,3969968.0,3969968.0,0.0
1781676900,3969968.0,3969968.0,3969968.0,3969968.0,0.0
1781677800,3870822.0,3870822.0,3870822.0,3870822.0,0.01145757
1781678700,3770761.0,3770761.0,3770758.0,3770758.0,0.15911053
1781679600,3770758.0,3770758.0,3670745.0,3670745.0,0.01741006
1781680500,3670745.0,3670745.0,3670745.0,3670745.0,0.0
1781681400,3670745.0,3670745.0,3670745.0,3670745.0,0.0
1781682300,3670745.0,3670745.0,3670745.0,3670745.0,0.0
1781683200,3670745.0,3670745.0,3670745.0,3670745.0,0.0
1781684100,3670745.0,3670745.0,3670745.0,3670745.0,0.0
1781685000,3670745.0,3670745.0,3670745.0,3670745.0,0.0
1781685900,3670745.0,3670745.0,3670745.0,3670745.0,0.0
1781686800,3958626.0,3958626.0,3958626.0,3958626.0,0.00944746
1781687700,3958572.0,3958572.0,3670768.0,3670768.0,0.01263017
1781688600,3670768.0,3670768.0,3670768.0,3670768.0,0.0
1781689500,3958436.0,3958438.0,3958436.0,3958438.0,0.12604619
1781690400,3958426.0,3958426.0,3958426.0,3958426.0,0.04001009
1781691300,3958426.0,3958430.0,3958426.0,3958430.0,0.12579666
1781692200,3671228.0,3671228.0,3671228.0,3671228.0,0.01598865
1781693100,3671342.0,3671342.0,3671334.0,3671334.0,0.127446
1781694000,3671334.0,3671334.0,3671334.0,3671334.0,0.0
1781694900,3671334.0,3671334.0,3671334.0,3671334.0,0.0
1781695800,3671334.0,3671334.0,3671334.0,3671334.0,0.0
1781696700,3672696.0,3672710.0,3672696.0,3672710.0,0.01930428
1781697600,3672719.0,3672719.0,3672715.0,3672715.0,0.87348421
1781698500,3672715.0,3672715.0,3672715.0,3672715.0,0.0
1781699400,3672715.0,3672715.0,3672715.0,3672715.0,0.0
1781700300,3672715.0,3672715.0,3672715.0,3672715.0,0.0
1781701200,3672715.0,3672715.0,3672715.0,3672715.0,0.0
1781702100,3672715.0,3672715.0,3672715.0,3672715.0,0.0
1781703000,3957532.0,3957532.0,3957512.0,3957514.0,0.13211085
1781703900,3957514.0,3957514.0,3957514.0,3957514.0,0.0
1781704800,3948000.0,3948000.0,3672868.0,3672868.0,0.06791083
1781705700,3929910.0,3929910.0,3929910.0,3929910.0,0.00366369
1781706600,3899968.0,3899968.0,3675000.0,3675000.0,0.25065263
1781707500,3675000.0,3675000.0,3675000.0,3675000.0,0.0
1781708400,3851110.0,3851110.0,3676000.0,3676000.0,0.12979687
1781709300,3676002.0,3676002.0,3676000.0,3676000.0,0.01803019
1781710200,3899802.0,3899802.0,3676003.0,3676003.0,0.01222249
1781711100,3676003.0,3676003.0,3676003.0,3676003.0,0.0
1781712000,3676003.0,3676003.0,3676003.0,3676003.0,0.0
1781712900,3676003.0,3676003.0,3676003.0,3676003.0,0.0
1781713800,3676008.0,3676008.0,3676007.0,3676007.0,0.11223375
1781714700,3676007.0,3676007.0,3676007.0,3676007.0,0.01149739
1781715600,3899640.0,3899640.0,3676007.0,3676007.0,0.03660902
1781716500,3899640.0,3899642.0,3899640.0,3899642.0,0.01714696
1781717400,3678002.0,3678002.0,3678000.0,3678000.0,0.5471718
1781718300,3678000.0,3678000.0,3678000.0,3678000.0,0.00683166
1781719200,3678000.0,3678000.0,3676000.0,3676000.0,0.35535925
1781720100,3676000.0,3676000.0,3672706.0,3672706.0,0.46284619
1781721000,3672706.0,3672706.0,3672706.0,3672706.0,0.0
1781721900,3672706.0,3672706.0,3672706.0,3672706.0,0.0
1781722800,3672706.0,3672706.0,3672706.0,3672706.0,0.0
1781723700,3672706.0,3672706.0,3672706.0,3672706.0,0.0
1781724600,3672706.0,3672706.0,3672706.0,3672706.0,0.0
1781725500,3672708.0,3672708.0,3672706.0,3672706.0,0.49901424
1781726400,3672706.0,3672706.0,3672706.0,3672706.0,0.0
1781727300,3672706.0,3672706.0,3672706.0,3672706.0,0.01714696
1781728200,3672706.0,3672706.0,3672706.0,3672706.0,0.0
1781729100,3672706.0,3672706.0,3672706.0,3672706.0,0.0
1781730000,3672706.0,3672706.0,3672706.0,3672706.0,0.0
1781730900,3672706.0,3672706.0,3672706.0,3672706.0,0.0
1781731800,3672706.0,3672706.0,3672706.0,3672706.0,0.0
1781732700,3898768.0,3898768.0,3898768.0,3898768.0,0.00383146
1781733600,3898768.0,3898768.0,3898768.0,3898768.0,0.0
1781734500,3898768.0,3898768.0,3898768.0,3898768.0,0.0
1781735400,3896940.0,3896940.0,3896940.0,3896940.0,0.00255559
1781736300,3896916.0,3896916.0,3896916.0,3896916.0,0.00449996
1781737200,3896886.0,3896886.0,3896886.0,3896886.0,0.00485567
1781738100,3896886.0,3896886.0,3896886.0,3896886.0,0.0
1781739000,3896886.0,3896886.0,3896886.0,3896886.0,0.0
1781739900,3896886.0,3896886.0,3896886.0,3896886.0,0.0
1781740800,3896886.0,3896886.0,3896886.0,3896886.0,0.0
1781741700,3700006.0,3700006.0,3700004.0,3700004.0,0.02566383
1781742600,3700004.0,3700004.0,3700004.0,3700004.0,0.0
1781743500,3700004.0,3700004.0,3700004.0,3700004.0,0.0
1781744400,3700004.0,3700004.0,3700004.0,3700004.0,0.0
1781745300,3700004.0,3700004.0,3700004.0,3700004.0,0.0
1781746200,3896374.0,3896374.0,3896374.0,3896374.0,0.00269943
1781747100,3896374.0,3896374.0,3896374.0,3896374.0,0.0
1781748000,3896142.0,3896144.0,3700010.0,3700010.0,0.05575038
1781748900,3896186.0,3896188.0,3896186.0,3896188.0,0.05129449
1781749800,3896188.0,3896188.0,3896188.0,3896188.0,0.00357836
1781750700,3700016.0,3700016.0,3700015.0,3700015.0,0.12579666
1781751600,3700015.0,3700015.0,3700015.0,3700015.0,0.0
1781752500,3700015.0,3700015.0,3700015.0,3700015.0,0.0
1781753400,3700015.0,3700015.0,3700015.0,3700015.0,0.0
1781754300,3700015.0,3700015.0,3700015.0,3700015.0,0.0
1781755200,3700015.0,3700015.0,3700015.0,3700015.0,0.0
1781756100,3700015.0,3700015.0,3700015.0,3700015.0,0.0
1781757000,3700024.0,3700024.0,3700010.0,3700010.0,0.07437031
1781757900,3700010.0,3700010.0,3700010.0,3700010.0,0.0
1781758800,3895816.0,3895816.0,3700010.0,3700010.0,0.01511182
1781759700,3700010.0,3700010.0,3700010.0,3700010.0,0.0
1781760600,3700010.0,3700010.0,3700010.0,3700010.0,0.0
1781761500,3700010.0,3700010.0,3700010.0,3700010.0,0.0
1781762400,3700010.0,3700010.0,3700010.0,3700010.0,0.0
1781763300,3700010.0,3700010.0,3700010.0,3700010.0,0.0
1781764200,3700010.0,3700010.0,3700010.0,3700010.0,0.0
1781765100,3700080.0,3850000.0,3700080.0,3850000.0,0.16013083
1781766000,3850000.0,3850000.0,3850000.0,3850000.0,0.0
1781766900,3850000.0,3850000.0,3850000.0,3850000.0,0.0
1781767800,3845000.0,3845000.0,3700018.0,3700018.0,0.01187951
1781768700,3700018.0,3700018.0,3700017.0,3700017.0,0.05937314
1781769600,3700017.0,3700017.0,3700017.0,3700017.0,0.0
1781770500,3839998.0,3839998.0,3839998.0,3839998.0,0.0038901
1781771400,3839998.0,3839998.0,3839998.0,3839998.0,0.0038901
1781772300,3839998.0,3839998.0,3839998.0,3839998.0,0.0
1781773200,3839998.0,3839998.0,3839998.0,3839998.0,0.00881172
1781774100,3700017.0,3700017.0,3672712.0,3672712.0,0.11337616
1781775000,3672712.0,3672712.0,3672712.0,3672712.0,0.0
1781775900,3672712.0,3672712.0,3672712.0,3672712.0,0.0
1781776800,3838998.0,3839000.0,3838998.0,3839000.0,0.02021855
1781777700,3675002.0,3675002.0,3672750.0,3672750.0,0.07806254
1781778600,3672750.0,3672750.0,3672750.0,3672750.0,0.0
1781779500,3672750.0,3672750.0,3672750.0,3672750.0,0.0
1781780400,3672750.0,3672750.0,3672750.0,3672750.0,0.0
1781781300,3672750.0,3672750.0,3672750.0,3672750.0,0.0
1781782200,3672754.0,3672754.0,3672754.0,3672754.0,0.00621755
1781783100,3672754.0,3672754.0,3672754.0,3672754.0,0.0
1781784000,3672754.0,3672754.0,3672754.0,3672754.0,0.0
1781784900,3672754.0,3672754.0,3672754.0,3672754.0,0.0
1781785800,3672754.0,3672754.0,3672750.0,3672750.0,0.12311027
1781786700,3672750.0,3672750.0,3672750.0,3672750.0,0.0
1781787600,3829998.0,3836985.0,3829998.0,3836985.0,0.29593968
1781788500,3836985.0,3836985.0,3836985.0,3836985.0,0.0
1781789400,3836980.0,3836980.0,3836980.0,3836980.0,0.0519153
1781790300,3836980.0,3836980.0,3836980.0,3836980.0,0.0
1781791200,3836980.0,3836980.0,3836980.0,3836980.0,0.0
1781792100,3836980.0,3836980.0,3836980.0,3836980.0,0.0
1781793000,3836980.0,3836980.0,3836980.0,3836980.0,0.0
1781793900,3835992.0,3835996.0,3835987.0,3835996.0,0.26773079
1781794800,3835992.0,3835992.0,3835992.0,3835992.0,0.00908656
1781795700,3835992.0,3835992.0,3835992.0,3835992.0,0.0
1781796600,3835992.0,3835992.0,3677528.0,3677528.0,0.02459792
1781797500,3677528.0,3835990.0,3677527.0,3835990.0,0.03557989
1781798400,3835990.0,3835990.0,3835990.0,3835990.0,0.00947056
1781799300,3835972.0,3835972.0,3677560.0,3677560.0,0.0076472
1781800200,3707315.0,3745174.0,3707315.0,3745174.0,0.00376541
1781801100,3745174.0,3783026.0,3745174.0,3783026.0,0.00323502
1781802000,3677531.0,3677531.0,3677531.0,3677531.0,0.00593693
1781802900,3677531.0,3677531.0,3677531.0,3677531.0,0.0
1781803800,3677531.0,3677531.0,3677531.0,3677531.0,0.0
1781804700,3677531.0,3677531.0,3677531.0,3677531.0,0.0
1781805600,3677531.0,3677531.0,3677531.0,3677531.0,0.0
1781806500,3677531.0,3677531.0,3677531.0,3677531.0,0.0
1781807400,3677531.0,3677531.0,3677531.0,3677531.0,0.0
1781808300,3677531.0,3677531.0,3677531.0,3677531.0,0.0
1781809200,3677531.0,3677531.0,3677531.0,3677531.0,0.0
1781810100,3677531.0,3677531.0,3677531.0,3677531.0,0.0
1781811000,3677531.0,3677531.0,3677531.0,3677531.0,0.0
1781811900,3677531.0,3677531.0,3677531.0,3677531.0,0.0
1781812800,3677531.0,3677531.0,3677531.0,3677531.0,0.0
1781813700,3677531.0,3677531.0,3677531.0,3677531.0,0.0
1781814600,3677531.0,3677531.0,3677531.0,3677531.0,0.0
1781815500,3677531.0,3677531.0,3677531.0,3677531.0,0.0
1781816400,3783026.0,3836970.0,3783026.0,3836970.0,0.70223021
1781817300,3836970.0,3836970.0,3836970.0,3836970.0,0.0
1781818200,3836970.0,3836970.0,3836970.0,3836970.0,0.0
1781819100,3836970.0,3836970.0,3836970.0,3836970.0,0.0
1781820000,3677820.0,3677820.0,3677820.0,3677820.0,0.00323502
1781820900,3677820.0,3677820.0,3677820.0,3677820.0,0.0
1781821800,3677910.0,3677910.0,3677902.0,3677902.0,0.12943442
1781822700,3836968.0,3836968.0,3836968.0,3836968.0,0.00680015
1781823600,3677904.0,3677904.0,3677902.0,3677902.0,0.00733237
1781824500,3687004.0,3687004.0,3687004.0,3687004.0,0.00420462
1781825400,3787009.0,3787009.0,3787009.0,3787009.0,0.00878318
1781826300,3787009.0,3787009.0,3787009.0,3787009.0,0.0
1781827200,3835666.0,3835666.0,3835666.0,3835666.0,0.00386973
1781828100,3742022.0,3742022.0,3742022.0,3742022.0,0.00449996
1781829000,3742022.0,3742022.0,3742022.0,3742022.0,0.0
1781829900,3742022.0,3742022.0,3742022.0,3742022.0,0.0
1781830800,3835512.0,3835512.0,3835512.0,3835512.0,0.00289948
1781831700,3835512.0,3835512.0,3835512.0,3835512.0,0.0
1781832600,3835512.0,3835512.0,3835512.0,3835512.0,0.0
1781833500,3742022.0,3742022.0,3688101.0,3688101.0,0.1299716
1781834400,3688101.0,3688101.0,3675000.0,3675000.0,0.28293802
1781835300,3675000.0,3675000.0,3675000.0,3675000.0,0.0
1781836200,3675000.0,3675000.0,3675000.0,3675000.0,0.0
1781837100,3835458.0,3835472.0,3835458.0,3835472.0,0.16616742
1781838000,3835472.0,3835472.0,3835472.0,3835472.0,0.0
1781838900,3835464.0,3835464.0,3835460.0,3835460.0,0.04259655
1781839800,3835460.0,3835460.0,3835460.0,3835460.0,0.0
1781840700,3835460.0,3835460.0,3835460.0,3835460.0,0.0
1781841600,3835460.0,3835460.0,3835460.0,3835460.0,0.0
1781842500,3835460.0,3835460.0,3835460.0,3835460.0,0.0
1781843400,3835460.0,3835460.0,3835460.0,3835460.0,0.0
1781844300,3835460.0,3835460.0,3835460.0,3835460.0,0.0
1781845200,3835460.0,3835460.0,3835460.0,3835460.0,0.0
1781846100,3835460.0,3835460.0,3835460.0,3835460.0,0.0
1781847000,3835460.0,3835460.0,3835460.0,3835460.0,0.0
1781847900,3835460.0,3835460.0,3835460.0,3835460.0,0.0
1781848800,3829995.0,3829995.0,3829995.0,3829995.0,0.00522428
1781849700,3829995.0,3829995.0,3829995.0,3829995.0,0.0
1781850600,3829995.0,3829995.0,3829995.0,3829995.0,0.0
1781851500,3829995.0,3829995.0,3829995.0,3829995.0,0.0
1781852400,3675446.0,3675446.0,3675446.0,3675446.0,0.00328665
1781853300,3675446.0,3675446.0,3675446.0,3675446.0,0.0
1781854200,3829978.0,3829981.0,3829978.0,3829981.0,0.00672222
1781855100,3829981.0,3829981.0,3829981.0,3829981.0,0.00614363
1781856000,3829981.0,3829981.0,3829981.0,3829981.0,0.0
1781856900,3675700.0,3829985.0,3675700.0,3829985.0,0.17307938
1781857800,3829985.0,3829985.0,3829985.0,3829985.0,0.0
1781858700,3829985.0,3829985.0,3829985.0,3829985.0,0.0
1781859600,3829985.0,3829985.0,3829985.0,3829985.0,0.0
1781860500,3829985.0,3829985.0,3829985.0,3829985.0,0.0
1781861400,3829985.0,3829985.0,3829985.0,3829985.0,0.0
1781862300,3829985.0,3829985.0,3829985.0,3829985.0,0.0
1781863200,3675896.0,3829960.0,3675896.0,3829960.0,0.02196742
1781864100,3829960.0,3829960.0,3829960.0,3829960.0,0.0
1781865000,3829960.0,3829960.0,3829960.0,3829960.0,0.0
1781865900,3829960.0,3829960.0,3829960.0,3829960.0,0.0
1781866800,3829960.0,3829960.0,3829960.0,3829960.0,0.0
1781867700,3829956.0,3829958.0,3829956.0,3829958.0,0.01466621
1781868600,3675898.0,3675898.0,3675898.0,3675898.0,0.00754055
1781869500,3675898.0,3675898.0,3675898.0,3675898.0,0.0
1781870400,3675898.0,3829958.0,3675000.0,3829958.0,1.51269086
1781871300,3829950.0,3829950.0,3829950.0,3829950.0,0.00260029
1781872200,3829950.0,3829950.0,3829950.0,3829950.0,0.0
1781873100,3829950.0,3829950.0,3829950.0,3829950.0,0.0
1781874000,3829950.0,3829950.0,3829950.0,3829950.0,0.0
1781874900,3829950.0,3829950.0,3829950.0,3829950.0,0.0
1781875800,3829941.0,3829941.0,3829941.0,3829941.0,0.02752287
1781876700,3829941.0,3829941.0,3829941.0,3829941.0,0.0
1781877600,3829941.0,3829941.0,3829941.0,3829941.0,0.0
1781878500,3829941.0,3829941.0,3829941.0,3829941.0,0.0
1781879400,3829936.0,3829936.0,3695401.0,3695401.0,0.2762201
1781880300,3695401.0,3695401.0,3695401.0,3695401.0,0.0
1781881200,3695401.0,3695401.0,3695401.0,3695401.0,0.0
1781882100,3695401.0,3695401.0,3695401.0,3695401.0,0.0
1781883000,3829904.0,3829936.0,3829904.0,3829936.0,1.17322665
1781883900,3829936.0,3829936.0,3829936.0,3829936.0,0.0
1781884800,3829936.0,3829936.0,3829936.0,3829936.0,0.0
1781885700,3696112.0,3696112.0,3675000.0,3675000.0,1.68292639
1781886600,3675000.0,3675000.0,3675000.0,3675000.0,0.0
1781887500,3675000.0,3675000.0,3675000.0,3675000.0,0.0
1781888400,3675000.0,3675000.0,3675000.0,3675000.0,0.0
1781889300,3675000.0,3675000.0,3675000.0,3675000.0,0.0
1781890200,3675000.0,3675000.0,3675000.0,3675000.0,0.0
1781891100,3675000.0,3675000.0,3675000.0,3675000.0,0.0
1781892000,3675000.0,3675000.0,3675000.0,3675000.0,0.0
1781892900,3676226.0,3676226.0,3676224.0,3676224.0,0.14037632
1781893800,3676224.0,3676224.0,3676224.0,3676224.0,0.0
1781894700,3676224.0,3676224.0,3676224.0,3676224.0,0.0
1781895600,3676114.0,3676114.0,3676114.0,3676114.0,0.00553619
1781896500,3676114.0,3676114.0,3676114.0,3676114.0,0.0
1781897400,3676114.0,3676114.0,3676114.0,3676114.0,0.0
1781898300,3829818.0,3829818.0,3829818.0,3829818.0,0.02692242
1781899200,3829794.0,3829794.0,3829786.0,3829786.0,0.02078911
1781900100,3829786.0,3829786.0,3829786.0,3829786.0,0.0
1781901000,3829688.0,3829690.0,3829688.0,3829690.0,0.0520097
1781901900,3829690.0,3829690.0,3829690.0,3829690.0,0.0
1781902800,3829690.0,3829690.0,3829690.0,3829690.0,0.0
1781903700,3829690.0,3829690.0,3829690.0,3829690.0,0.0
1781904600,3829690.0,3829690.0,3829690.0,3829690.0,0.0
1781905500,3829690.0,3829690.0,3829690.0,3829690.0,0.0
1781906400,3829690.0,3829690.0,3829690.0,3829690.0,0.0
1781907300,3829690.0,3829690.0,3829690.0,3829690.0,0.0
1781908200,3829690.0,3829690.0,3829690.0,3829690.0,0.0
1781909100,3829690.0,3829690.0,3829690.0,3829690.0,0.0
1781910000,3829690.0,3829690.0,3829690.0,3829690.0,0.0
1781910900,3829690.0,3829690.0,3829690.0,3829690.0,0.0
1781911800,3829690.0,3829690.0,3829690.0,3829690.0,0.0
1781912700,3676280.0,3676280.0,3676280.0,3676280.0,0.01249022
1781913600,3724974.0,3766114.0,3676126.0,3766114.0,0.01939445
1781914500,3766114.0,3766114.0,3766114.0,3766114.0,0.0
1781915400,3766114.0,3766114.0,3766114.0,3766114.0,0.0
1781916300,3736114.0,3824977.0,3736114.0,3824977.0,0.05237213
1781917200,3776152.0,3776152.0,3776152.0,3776152.0,0.01262555
1781918100,3776152.0,3776152.0,3776152.0,3776152.0,0.0
1781919000,3776152.0,3776152.0,3776152.0,3776152.0,0.0
1781919900,3776152.0,3776152.0,3776152.0,3776152.0,0.0
1781920800,3776152.0,3776152.0,3776152.0,3776152.0,0.0
1781921700,3736127.0,3736127.0,3726126.0,3726126.0,0.05042341
1781922600,3726126.0,3726126.0,3726126.0,3726126.0,0.0
1781923500,3726126.0,3726126.0,3726126.0,3726126.0,0.0
1781924400,3726126.0,3726126.0,3726126.0,3726126.0,0.0
1781925300,3726126.0,3726126.0,3726126.0,3726126.0,0.0
1781926200,3726126.0,3726126.0,3726126.0,3726126.0,0.0
1781927100,3737002.0,3737002.0,3737002.0,3737002.0,0.01275782
1781928000,3737002.0,3737002.0,3737002.0,3737002.0,0.0
1781928900,3737002.0,3737002.0,3737002.0,3737002.0,0.0
1781929800,3737002.0,3737002.0,3737002.0,3737002.0,0.0
1781930700,3737002.0,3737002.0,3737002.0,3737002.0,0.0
1781931600,3727006.0,3727006.0,3727006.0,3727006.0,0.00652475
1781932500,3733006.0,3733006.0,3733006.0,3733006.0,0.00666303
1781933400,3733006.0,3733006.0,3733006.0,3733006.0,0.0
1781934300,3733006.0,3733006.0,3733006.0,3733006.0,0.0
1781935200,3824959.0,3824959.0,3824959.0,3824959.0,0.00397729
1781936100,3824959.0,3824959.0,3824959.0,3824959.0,0.0
1781937000,3824959.0,3824959.0,3824959.0,3824959.0,0.0
1781937900,3824959.0,3824959.0,3824959.0,3824959.0,0.0
1781938800,3824959.0,3824959.0,3824959.0,3824959.0,0.0
1781939700,3824959.0,3824959.0,3824959.0,3824959.0,0.0
1781940600,3824958.0,3824958.0,3824958.0,3824958.0,0.00260368
1781941500,3824958.0,3824958.0,3824958.0,3824958.0,0.05478229
1781942400,3824958.0,3824958.0,3824958.0,3824958.0,0.0
1781943300,3824958.0,3824958.0,3824958.0,3824958.0,0.0
1781944200,3727007.0,3727007.0,3727007.0,3727007.0,0.05603864
1781945100,3727007.0,3727007.0,3727007.0,3727007.0,0.0
1781946000,3727007.0,3727007.0,3727007.0,3727007.0,0.02692242
1781946900,3727007.0,3727007.0,3727007.0,3727007.0,0.0
1781947800,3727007.0,3727007.0,3727007.0,3727007.0,0.0
1781948700,3727007.0,3727007.0,3727007.0,3727007.0,0.0
1781949600,3727007.0,3727007.0,3727007.0,3727007.0,0.0
1781950500,3727007.0,3727007.0,3727007.0,3727007.0,0.0
1781951400,3727007.0,3727007.0,3727007.0,3727007.0,0.0
1781952300,3822999.0,3822999.0,3822999.0,3822999.0,0.00506905
1781953200,3822999.0,3822999.0,3822999.0,3822999.0,0.0
1781954100,3727007.0,3727007.0,3727007.0,3727007.0,0.01052771
1781955000,3727007.0,3727007.0,3727007.0,3727007.0,0.0
1781955900,3822994.0,3822994.0,3822994.0,3822994.0,0.00547424
1781956800,3727007.0,3727007.0,3727007.0,3727007.0,0.00547382
1781957700,3822994.0,3822994.0,3822994.0,3822994.0,0.00260502
1781958600,3822994.0,3822994.0,3822994.0,3822994.0,0.00287026
1781959500,3822994.0,3822994.0,3822994.0,3822994.0,0.0
1781960400,3822990.0,3822990.0,3822990.0,3822990.0,0.00260502
1781961300,3822990.0,3822990.0,3822990.0,3822990.0,0.0
1781962200,3822989.0,3822989.0,3822989.0,3822989.0,0.00652552
1781963100,3822989.0,3822989.0,3822989.0,3822989.0,0.0
1781964000,3822989.0,3822989.0,3822989.0,3822989.0,0.0
1781964900,3822989.0,3822989.0,3822989.0,3822989.0,0.0
1781965800,3822984.0,3822984.0,3727012.0,3727012.0,0.00943669
1781966700,3727012.0,3727012.0,3727012.0,3727012.0,0.0
1781967600,3822984.0,3822984.0,3822984.0,3822984.0,0.05909074
1781968500,3727012.0,3727012.0,3727012.0,3727012.0,0.00621823
1781969400,3727012.0,3727012.0,3727012.0,3727012.0,0.0
1781970300,3727012.0,3727012.0,3727012.0,3727012.0,0.0
1781971200,3727012.0,3727012.0,3727012.0,3727012.0,0.0
1781972100,3727012.0,3727012.0,3727012.0,3727012.0,0.0
1781973000,3727012.0,3727012.0,3727012.0,3727012.0,0.0
1781973900,3727012.0,3727012.0,3727012.0,3727012.0,0.0
1781974800,3727012.0,3727012.0,3727012.0,3727012.0,0.0
1781975700,3727012.0,3727012.0,3727012.0,3727012.0,0.0
1781976600,3819998.0,3819998.0,3727012.0,3727012.0,0.01708254
1781977500,3819998.0,3819998.0,3727012.0,3727012.0,0.05896065
1781978400,3727012.0,3727012.0,3727012.0,3727012.0,0.0
1781979300,3727012.0,3727012.0,3727012.0,3727012.0,0.0
1781980200,3727012.0,3727012.0,3727012.0,3727012.0,0.0
1781981100,3819998.0,3819998.0,3819998.0,3819998.0,0.0032411
1781982000,3819998.0,3819998.0,3819998.0,3819998.0,0.01303534
1781982900,3819998.0,3819999.0,3819998.0,3819999.0,0.02346361
1781983800,3819999.0,3819999.0,3819999.0,3819999.0,0.0
1781984700,3819999.0,3819999.0,3819999.0,3819999.0,0.0
1781985600,3819999.0,3819999.0,3819999.0,3819999.0,0.00647199
1781986500,3819999.0,3819999.0,3819999.0,3819999.0,0.0
1781987400,3819999.0,3819999.0,3819999.0,3819999.0,0.0
1781988300,3819999.0,3819999.0,3819999.0,3819999.0,0.0
1781989200,3819999.0,3819999.0,3819999.0,3819999.0,0.0
1781990100,3819999.0,3819999.0,3819999.0,3819999.0,0.0
1781991000,3727012.0,3727012.0,3727012.0,3727012.0,0.00647199
1781991900,3727012.0,3727012.0,3727012.0,3727012.0,0.0
1781992800,3727012.0,3727012.0,3727012.0,3727012.0,0.0
1781993700,3727012.0,3727012.0,3727012.0,3727012.0,0.0
1781994600,3727012.0,3727012.0,3727012.0,3727012.0,0.0032411
1781995500,3727012.0,3727012.0,3727012.0,3727012.0,0.0
1781996400,3727012.0,3727012.0,3727012.0,3727012.0,0.0
1781997300,3727012.0,3727012.0,3727012.0,3727012.0,0.0
1781998200,3727012.0,3727012.0,3727012.0,3727012.0,0.0
1781999100,3727012.0,3727012.0,3727012.0,3727012.0,0.02694437
1782000000,3727012.0,3727012.0,3727012.0,3727012.0,0.0
1782000900,3727012.0,3727012.0,3727012.0,3727012.0,0.0
1782001800,3814999.0,3814999.0,3814999.0,3814999.0,0.00442437
1782002700,3727012.0,3727012.0,3727012.0,3727012.0,0.03793226
1782003600,3727012.0,3727012.0,3727011.0,3727011.0,0.06744711
1782004500,3727011.0,3727011.0,3727011.0,3727011.0,0.0
1782005400,3727011.0,3727011.0,3727011.0,3727011.0,0.0
1782006300,3727011.0,3727011.0,3727011.0,3727011.0,0.0
1782007200,3727012.0,3727012.0,3727012.0,3727012.0,0.01500285
1782008100,3727012.0,3727012.0,3727012.0,3727012.0,0.0
1782009000,3814993.0,3814993.0,3814993.0,3814993.0,0.03588578
1782009900,3814993.0,3814993.0,3814993.0,3814993.0,0.0
1782010800,3727012.0,3727012.0,3727011.0,3727011.0,0.03588578
1782011700,3727011.0,3727011.0,3727011.0,3727011.0,0.0
1782012600,3727011.0,3727011.0,3727011.0,3727011.0,0.0
1782013500,3727016.0,3727016.0,3727011.0,3727011.0,0.29639091
1782014400,3727011.0,3727011.0,3727011.0,3727011.0,0.00397729
1782015300,3814988.0,3814988.0,3814988.0,3814988.0,0.03096392
1782016200,3814988.0,3814988.0,3814988.0,3814988.0,0.0
1782017100,3814988.0,3814988.0,3814988.0,3814988.0,0.0
1782018000,3814988.0,3814988.0,3814988.0,3814988.0,0.0
1782018900,3809999.0,3809999.0,3809999.0,3809999.0,0.17303888
1782019800,3809999.0,3809999.0,3809999.0,3809999.0,0.0
1782020700,3809999.0,3829685.0,3809999.0,3829685.0,2.61054601
1782021600,3829685.0,3829685.0,3829685.0,3829685.0,0.0121271
1782022500,3829685.0,3829685.0,3829685.0,3829685.0,0.0
1782023400,3829685.0,3829685.0,3829685.0,3829685.0,0.0
1782024300,3829685.0,3829685.0,3829685.0,3829685.0,0.0
1782025200,3829685.0,3829685.0,3829685.0,3829685.0,0.0
1782026100,3829684.0,3829684.0,3829684.0,3829684.0,0.00379117
1782027000,3829684.0,3829684.0,3829684.0,3829684.0,0.0
1782027900,3829684.0,3829684.0,3829684.0,3829684.0,0.0
1782028800,3750202.0,3750202.0,3750202.0,3750202.0,0.02835343
1782029700,3750202.0,3750202.0,3750202.0,3750202.0,0.0
1782030600,3750202.0,3750202.0,3750202.0,3750202.0,0.0
1782031500,3750202.0,3750202.0,3750202.0,3750202.0,0.0
1782032400,3750202.0,3750202.0,3750202.0,3750202.0,0.0
1782033300,3750202.0,3750202.0,3727503.0,3727503.0,0.06050421
1782034200,3829684.0,3829684.0,3829684.0,3829684.0,0.02600475
1782035100,3829684.0,3829684.0,3727503.0,3727503.0,0.01306189
1782036000,3727503.0,3727503.0,3727503.0,3727503.0,0.0
1782036900,3829684.0,3850000.0,3727500.0,3850000.0,0.97362085
1782037800,3850000.0,3850000.0,3850000.0,3850000.0,0.0
1782038700,3840000.0,3840000.0,3840000.0,3840000.0,0.06642968
1782039600,3730000.0,3730000.0,3728000.0,3730000.0,0.20048845
1782040500,3730000.0,3730000.0,3730000.0,3730000.0,0.0
1782041400,3835000.0,3835000.0,3835000.0,3835000.0,0.00475019
1782042300,3730011.0,3730011.0,3730010.0,3730010.0,0.29600521
1782043200,3730010.0,3730010.0,3730010.0,3730010.0,0.0
1782044100,3834899.0,3834899.0,3834899.0,3834899.0,0.00803097
1782045000,3730112.0,3730112.0,3730112.0,3730112.0,0.05237155
1782045900,3834899.0,3834899.0,3834899.0,3834899.0,0.23372557
1782046800,3834899.0,3834899.0,3834899.0,3834899.0,0.0
1782047700,3834899.0,3834899.0,3834899.0,3834899.0,0.01298469
1782048600,3730112.0,3834899.0,3730112.0,3834899.0,0.01573234
1782049500,3834899.0,3834899.0,3834899.0,3834899.0,0.0
1782050400,3730500.0,3730500.0,3730112.0,3730112.0,0.01100586
1782051300,3730112.0,3730112.0,3730112.0,3730112.0,0.0
1782052200,3830000.0,3834899.0,3730112.0,3730112.0,0.05439759
1782053100,3730112.0,3730112.0,3730112.0,3730112.0,0.0
1782054000,3730112.0,3730112.0,3730112.0,3730112.0,0.0
1782054900,3730112.0,3730112.0,3730112.0,3730112.0,0.0
1782055800,3830000.0,3830000.0,3830000.0,3830000.0,0.0637953
1782056700,3830000.0,3830000.0,3830000.0,3830000.0,0.0
1782057600,3730501.0,3730501.0,3730501.0,3730501.0,0.00659518
1782058500,3730501.0,3730501.0,3730501.0,3730501.0,0.0
1782059400,3730501.0,3730501.0,3730501.0,3730501.0,0.0
1782060300,3730501.0,3730501.0,3730501.0,3730501.0,0.0
1782061200,3730501.0,3730501.0,3730501.0,3730501.0,0.0
1782062100,3730501.0,3730501.0,3730501.0,3730501.0,0.01466443
1782063000,3730501.0,3730501.0,3730501.0,3730501.0,0.0
1782063900,3730501.0,3730501.0,3730501.0,3730501.0,0.0
1782064800,3730501.0,3730501.0,3730501.0,3730501.0,0.0
1782065700,3730501.0,3730501.0,3730501.0,3730501.0,0.0
1782066600,3730501.0,3730501.0,3730501.0,3730501.0,0.0
1782067500,3730501.0,3730501.0,3730501.0,3730501.0,0.0
1782068400,3730501.0,3730501.0,3730501.0,3730501.0,0.0
1782069300,3730501.0,3730501.0,3730501.0,3730501.0,0.0
1782070200,3730501.0,3730501.0,3730501.0,3730501.0,0.0
1782071100,3730501.0,3730501.0,3730501.0,3730501.0,0.0
1782072000,3730501.0,3730501.0,3730501.0,3730501.0,0.0
1782072900,3730501.0,3730501.0,3730501.0,3730501.0,0.0
1782073800,3829998.0,3829998.0,3829998.0,3829998.0,0.02065692
1782074700,3829998.0,3829998.0,3829998.0,3829998.0,0.0
1782075600,3829998.0,3829998.0,3829998.0,3829998.0,0.0
1782076500,3829998.0,3829998.0,3829998.0,3829998.0,0.0
1782077400,3829998.0,3829998.0,3829998.0,3829998.0,0.0
1782078300,3829998.0,3829998.0,3829998.0,3829998.0,0.0
1782079200,3829998.0,3829998.0,3829998.0,3829998.0,0.0
1782080100,3824000.0,3824000.0,3824000.0,3824000.0,0.00300941
1782081000,3824000.0,3824000.0,3824000.0,3824000.0,0.0
1782081900,3824000.0,3824000.0,3824000.0,3824000.0,0.0
1782082800,3824000.0,3824000.0,3824000.0,3824000.0,0.0
1782083700,3824000.0,3824000.0,3824000.0,3824000.0,0.0
1782084600,3824000.0,3824000.0,3824000.0,3824000.0,0.0
1782085500,3824000.0,3824000.0,3824000.0,3824000.0,0.0
1782086400,3824000.0,3824000.0,3824000.0,3824000.0,0.0
1782087300,3824000.0,3824000.0,3824000.0,3824000.0,0.0
1782088200,3823989.0,3823989.0,3823989.0,3823989.0,0.00480519
1782089100,3823989.0,3823989.0,3823989.0,3823989.0,0.0
1782090000,3823989.0,3823989.0,3823989.0,3823989.0,0.0
1782090900,3731001.0,3731001.0,3731001.0,3731001.0,0.00442437
1782091800,3823984.0,3823984.0,3823984.0,3823984.0,0.00608763
1782092700,3823980.0,3823980.0,3823980.0,3823980.0,0.00260435
1782093600,3823980.0,3823980.0,3823980.0,3823980.0,0.0
1782094500,3823980.0,3823980.0,3823980.0,3823980.0,0.0
1782095400,3731100.0,3731100.0,3731100.0,3731100.0,0.13958167
1782096300,3823976.0,3823976.0,3823976.0,3823976.0,0.02505167
1782097200,3823972.0,3823972.0,3823972.0,3823972.0,0.01380397
1782098100,3823972.0,3823972.0,3823972.0,3823972.0,0.0
1782099000,3731110.0,3731110.0,3731110.0,3731110.0,0.00300941
1782099900,3731115.0,3731115.0,3731115.0,3731115.0,0.0048212
1782100800,3731116.0,3731116.0,3731116.0,3731116.0,0.06050422
1782101700,3731116.0,3731116.0,3731116.0,3731116.0,0.0
1782102600,3731116.0,3731116.0,3731116.0,3731116.0,0.0
1782103500,3731116.0,3731116.0,3731116.0,3731116.0,0.0
1782104400,3731116.0,3731116.0,3731116.0,3731116.0,0.0
1782105300,3731116.0,3731116.0,3731116.0,3731116.0,0.0
1782106200,3731116.0,3731116.0,3731116.0,3731116.0,0.0
1782107100,3823967.0,3823967.0,3731501.0,3731501.0,0.11595397
1782108000,3731501.0,3731501.0,3731501.0,3731501.0,0.0
1782108900,3731505.0,3731505.0,3731501.0,3731501.0,0.81464459
1782109800,3823960.0,3823960.0,3823960.0,3823960.0,0.25861593
1782110700,3823960.0,3823960.0,3823960.0,3823960.0,0.0
1782111600,3823960.0,3823960.0,3823960.0,3823960.0,0.0
1782112500,3823959.0,3823959.0,3823959.0,3823959.0,0.01071298
1782113400,3823959.0,3823959.0,3823959.0,3823959.0,0.0
1782114300,3823959.0,3823959.0,3823959.0,3823959.0,0.0
1782115200,3731501.0,3731501.0,3731501.0,3731501.0,0.02311737
1782116100,3823959.0,3823959.0,3823959.0,3823959.0,0.01657784
1782117000,3823959.0,3823959.0,3823959.0,3823959.0,0.0
1782117900,3823959.0,3823959.0,3823959.0,3823959.0,0.0
1782118800,3823959.0,3823959.0,3823959.0,3823959.0,0.0
1782119700,3731501.0,3731501.0,3731501.0,3731501.0,0.00829889
1782120600,3731501.0,3731501.0,3731501.0,3731501.0,0.00486609
1782121500,3731501.0,3731501.0,3731501.0,3731501.0,0.0
1782122400,3731501.0,3731501.0,3731501.0,3731501.0,0.0
1782123300,3731501.0,3731501.0,3731501.0,3731501.0,0.0
1782124200,3731501.0,3731501.0,3731501.0,3731501.0,0.0
1782125100,3731501.0,3731501.0,3731501.0,3731501.0,0.0
1782126000,3731501.0,3731501.0,3731501.0,3731501.0,0.0
1782126900,3731501.0,3731501.0,3731501.0,3731501.0,0.0
1782127800,3731507.0,3731507.0,3731507.0,3731507.0,0.00299213
1782128700,3731507.0,3731507.0,3731507.0,3731507.0,0.0
1782129600,3731507.0,3731507.0,3731507.0,3731507.0,0.0
1782130500,3799999.0,3823953.0,3799999.0,3823953.0,0.21452552
1782131400,3823953.0,3823953.0,3823953.0,3823953.0,0.0
1782132300,3823953.0,3823953.0,3823953.0,3823953.0,0.0
1782133200,3731520.0,3731520.0,3731520.0,3731520.0,0.05572646
1782134100,3731520.0,3731520.0,3731520.0,3731520.0,0.0
1782135000,3823950.0,3823950.0,3823950.0,3823950.0,0.01215706
1782135900,3823950.0,3823950.0,3823950.0,3823950.0,0.0
1782136800,3823946.0,3823946.0,3732243.0,3732243.0,0.01129638
1782137700,3732243.0,3732243.0,3732243.0,3732243.0,0.0
1782138600,3732243.0,3732243.0,3732243.0,3732243.0,0.0
1782139500,3800825.0,3823946.0,3800825.0,3823946.0,0.00925529
1782140400,3823946.0,3823946.0,3823946.0,3823946.0,0.0
1782141300,3823946.0,3823946.0,3823946.0,3823946.0,0.0
1782142200,3732554.0,3732554.0,3732554.0,3732554.0,0.02695848
1782143100,3732554.0,3732554.0,3732554.0,3732554.0,0.0
1782144000,3732554.0,3732554.0,3732554.0,3732554.0,0.0
1782144900,3732554.0,3732554.0,3732554.0,3732554.0,0.0
1782145800,3732554.0,3732554.0,3732554.0,3732554.0,0.0
1782146700,3823940.0,3823940.0,3823940.0,3823940.0,0.00781314
1782147600,3823940.0,3823940.0,3823940.0,3823940.0,0.02604381
1782148500,3732555.0,3732555.0,3732554.0,3732554.0,0.09435547
1782149400,3732554.0,3732554.0,3732554.0,3732554.0,0.0
1782150300,3732554.0,3732554.0,3732554.0,3732554.0,0.0
1782151200,3732554.0,3732554.0,3732554.0,3732554.0,0.0
1782152100,3732554.0,3732554.0,3732554.0,3732554.0,0.0
1782153000,3732554.0,3732554.0,3732554.0,3732554.0,0.0
1782153900,3732554.0,3732554.0,3732554.0,3732554.0,0.0
1782154800,3732554.0,3732554.0,3732554.0,3732554.0,0.0
1782155700,3732554.0,3732554.0,3732554.0,3732554.0,0.0
1782156600,3732554.0,3732554.0,3732554.0,3732554.0,0.0
1782157500,3732554.0,3732554.0,3732554.0,3732554.0,0.0
1782158400,3732554.0,3732554.0,3732554.0,3732554.0,0.0
1782159300,3732554.0,3732554.0,3732554.0,3732554.0,0.0
1782160200,3732554.0,3732554.0,3732554.0,3732554.0,0.0
1782161100,3732554.0,3732554.0,3732554.0,3732554.0,0.0
1782162000,3732554.0,3732554.0,3732554.0,3732554.0,0.0
1782162900,3732554.0,3732554.0,3732554.0,3732554.0,0.0
1782163800,3732554.0,3732554.0,3732554.0,3732554.0,0.0
1782164700,3732554.0,3732554.0,3732554.0,3732554.0,0.0
1782165600,3732554.0,3732554.0,3732554.0,3732554.0,0.0
1782166500,3732554.0,3732554.0,3732554.0,3732554.0,0.0
1782167400,3732554.0,3732554.0,3732554.0,3732554.0,0.0
1782168300,3732554.0,3732554.0,3732554.0,3732554.0,0.0
1782169200,3823930.0,3823930.0,3823930.0,3823930.0,0.00260438
1782170100,3823930.0,3823930.0,3823930.0,3823930.0,0.0
1782171000,3823930.0,3823930.0,3823930.0,3823930.0,0.0
1782171900,3823930.0,3823930.0,3823930.0,3823930.0,0.0
1782172800,3823930.0,3823930.0,3823930.0,3823930.0,0.0
1782173700,3823930.0,3823930.0,3823930.0,3823930.0,0.0
1782174600,3823930.0,3823930.0,3823930.0,3823930.0,0.0
1782175500,3823921.0,3823926.0,3823921.0,3823926.0,0.65704863
1782176400,3823926.0,3823926.0,3823926.0,3823926.0,0.00260439
1782177300,3823922.0,3823922.0,3823922.0,3823922.0,0.02604394
1782178200,3823922.0,3823922.0,3823922.0,3823922.0,0.0
1782179100,3823922.0,3823922.0,3823922.0,3823922.0,0.0
1782180000,3823922.0,3823922.0,3823922.0,3823922.0,0.0
1782180900,3823922.0,3823922.0,3823922.0,3823922.0,0.0
1782181800,3823922.0,3823922.0,3823922.0,3823922.0,0.0
1782182700,3823922.0,3823922.0,3823922.0,3823922.0,0.0
1782183600,3823920.0,3823920.0,3700000.0,3700000.0,1.48428372
1782184500,3700000.0,3700000.0,3700000.0,3700000.0,0.0
1782185400,3700000.0,3700000.0,3700000.0,3700000.0,0.0
1782186300,3820000.0,3820000.0,3820000.0,3820000.0,0.00651753
1782187200,3820000.0,3823909.0,3820000.0,3823909.0,0.00520897
1782188100,3823909.0,3823909.0,3823909.0,3823909.0,0.0
1782189000,3823909.0,3823909.0,3823909.0,3823909.0,0.0
1782189900,3823909.0,3823909.0,3823909.0,3823909.0,0.0
1782190800,3823909.0,3823909.0,3823909.0,3823909.0,0.0
1782191700,3823909.0,3823909.0,3823909.0,3823909.0,0.0
1782192600,3823909.0,3823909.0,3823909.0,3823909.0,0.0
1782193500,3823909.0,3823909.0,3823909.0,3823909.0,0.0
1782194400,3823905.0,3823905.0,3823905.0,3823905.0,0.00391223
1782195300,3823905.0,3823905.0,3823905.0,3823905.0,0.0
1782196200,3823900.0,3823900.0,3700001.0,3700001.0,1.00670119
1782197100,3700001.0,3700001.0,3700001.0,3700001.0,0.0
1782198000,3820000.0,3820000.0,3700002.0,3700002.0,0.01211928
1782198900,3700002.0,3700002.0,3672693.0,3672693.0,0.39086442
1782199800,3672693.0,3672693.0,3672693.0,3672693.0,0.0
1782200700,3672693.0,3672693.0,3672693.0,3672693.0,0.0
1782201600,3672696.0,3823895.0,3672696.0,3823895.0,0.19978643
1782202500,3672696.0,3672696.0,3672694.0,3672694.0,0.19510391
1782203400,3672694.0,3672694.0,3672694.0,3672694.0,0.0
1782204300,3672694.0,3672694.0,3672694.0,3672694.0,0.0
1782205200,3823892.0,3823892.0,3672694.0,3672694.0,0.2313296
1782206100,3823892.0,3850000.0,3823892.0,3850000.0,1.30110127
1782207000,3850000.0,3850000.0,3850000.0,3850000.0,0.0
1782207900,3850000.0,3850000.0,3850000.0,3850000.0,0.0
1782208800,3839998.0,3850000.0,3675002.0,3675002.0,0.27385701
1782209700,3675002.0,3675002.0,3675002.0,3675002.0,0.0
1782210600,3849998.0,3849998.0,3849998.0,3849998.0,0.01269688
1782211500,3849998.0,3849998.0,3849998.0,3849998.0,0.0
1782212400,3849998.0,3849998.0,3849998.0,3849998.0,0.0
1782213300,3849998.0,3849998.0,3849998.0,3849998.0,0.0
1782214200,3849998.0,3849998.0,3849998.0,3849998.0,0.0
1782215100,3680002.0,3680002.0,3672698.0,3672698.0,0.05079472
1782216000,3839998.0,3839998.0,3839998.0,3839998.0,0.00370781
1782216900,3839998.0,3839998.0,3839998.0,3839998.0,0.0
1782217800,3839998.0,3839998.0,3839998.0,3839998.0,0.0
1782218700,3672712.0,3672712.0,3672710.0,3672710.0,0.00400412
1782219600,3829998.0,3829998.0,3829998.0,3829998.0,0.0050718
1782220500,3829998.0,3829998.0,3829998.0,3829998.0,0.0
1782221400,3673002.0,3673100.0,3666079.0,3666079.0,1.44158577
1782222300,3824992.0,3824992.0,3824992.0,3824992.0,0.00303843
1782223200,3824992.0,3824992.0,3824992.0,3824992.0,0.0
1782224100,3824992.0,3824992.0,3824992.0,3824992.0,0.0
1782225000,3824992.0,3824992.0,3824992.0,3824992.0,0.0
1782225900,3824992.0,3824992.0,3824992.0,3824992.0,0.0
1782226800,3824992.0,3824992.0,3824992.0,3824992.0,0.0
1782227700,3666080.0,3666080.0,3661124.0,3661124.0,0.45405757
1782228600,3824986.0,3824986.0,3824986.0,3824986.0,0.00637884
1782229500,3824986.0,3824986.0,3824986.0,3824986.0,0.0
1782230400,3824986.0,3824986.0,3824986.0,3824986.0,0.0
1782231300,3824986.0,3824986.0,3824986.0,3824986.0,0.0
1782232200,3824986.0,3824986.0,3824986.0,3824986.0,0.0
1782233100,3824986.0,3824986.0,3824986.0,3824986.0,0.0
1782234000,3824964.0,3824964.0,3824964.0,3824964.0,0.00376866
1782234900,3824964.0,3824964.0,3824964.0,3824964.0,0.0
1782235800,3661126.0,3661126.0,3648311.0,3648311.0,0.01821983
1782236700,3648311.0,3648311.0,3648311.0,3648311.0,0.0
1782237600,3824958.0,3824958.0,3824958.0,3824958.0,0.00413939
1782238500,3824958.0,3824958.0,3824958.0,3824958.0,0.0
1782239400,3640002.0,3640002.0,3640001.0,3640001.0,0.00469944
1782240300,3640001.0,3640001.0,3640001.0,3640001.0,0.0
1782241200,3640001.0,3640001.0,3640001.0,3640001.0,0.0
1782242100,3640001.0,3640001.0,3640001.0,3640001.0,0.0
1782243000,3640001.0,3640001.0,3640001.0,3640001.0,0.0
1782243900,3640001.0,3640001.0,3640001.0,3640001.0,0.0
1782244800,3640001.0,3640001.0,3640001.0,3640001.0,0.0
1782245700,3640001.0,3640001.0,3640001.0,3640001.0,0.0
1782246600,3640001.0,3640001.0,3640001.0,3640001.0,0.0
1782247500,3640001.0,3640001.0,3640001.0,3640001.0,0.0
1782248400,3640001.0,3640001.0,3640001.0,3640001.0,0.0
1782249300,3640001.0,3640001.0,3640001.0,3640001.0,0.0
1782250200,3640001.0,3640001.0,3640001.0,3640001.0,0.0
1782251100,3640001.0,3640001.0,3640001.0,3640001.0,0.0
1782252000,3640001.0,3640001.0,3640001.0,3640001.0,0.0
1782252900,3640001.0,3640001.0,3640001.0,3640001.0,0.0
1782253800,3640001.0,3640001.0,3640001.0,3640001.0,0.0
1782254700,3640002.0,3640002.0,3640002.0,3640002.0,0.00469944
1782255600,3640002.0,3640002.0,3640002.0,3640002.0,0.0
1782256500,3640002.0,3640002.0,3640002.0,3640002.0,0.0
1782257400,3640002.0,3640002.0,3640002.0,3640002.0,0.0
1782258300,3824958.0,3824958.0,3824958.0,3824958.0,0.0039054
1782259200,3824958.0,3824958.0,3824958.0,3824958.0,0.0
1782260100,3824958.0,3824958.0,3824958.0,3824958.0,0.0
1782261000,3824958.0,3824958.0,3824958.0,3824958.0,0.0
1782261900,3824958.0,3824958.0,3824958.0,3824958.0,0.0
1782262800,3824948.0,3824950.0,3824948.0,3824950.0,0.27566557
1782263700,3824950.0,3824950.0,3824950.0,3824950.0,0.0
1782264600,3824950.0,3824950.0,3824950.0,3824950.0,0.0
1782265500,3824950.0,3824950.0,3824950.0,3824950.0,0.0
1782266400,3824950.0,3824950.0,3824950.0,3824950.0,0.0
1782267300,3641004.0,3641004.0,3641004.0,3641004.0,0.0083698
1782268200,3641004.0,3641004.0,3641004.0,3641004.0,0.01980052
1782269100,3641004.0,3641004.0,3641003.0,3641003.0,0.00275416
1782270000,3641003.0,3641003.0,3641003.0,3641003.0,0.0
1782270900,3641003.0,3641003.0,3641003.0,3641003.0,0.0
1782271800,3641003.0,3641003.0,3641003.0,3641003.0,0.0
1782272700,3646001.0,3646001.0,3646001.0,3646001.0,0.00324547
1782273600,3646001.0,3646001.0,3646001.0,3646001.0,0.0
1782274500,3646001.0,3646001.0,3646001.0,3646001.0,0.0
1782275400,3646001.0,3646001.0,3646001.0,3646001.0,0.0
1782276300,3646001.0,3646001.0,3646001.0,3646001.0,0.0
1782277200,3646001.0,3646001.0,3646001.0,3646001.0,0.0
1782278100,3646001.0,3646001.0,3646000.0,3646000.0,0.60900413
1782279000,3646000.0,3646000.0,3646000.0,3646000.0,0.0
1782279900,3646000.0,3646000.0,3646000.0,3646000.0,0.0
1782280800,3646000.0,3646000.0,3646000.0,3646000.0,0.0
1782281700,3646000.0,3646000.0,3646000.0,3646000.0,0.0
1782282600,3646000.0,3646000.0,3646000.0,3646000.0,0.0
1782283500,3646000.0,3646000.0,3646000.0,3646000.0,0.0
1782284400,3646000.0,3646000.0,3646000.0,3646000.0,0.01328321
1782285300,3646000.0,3646000.0,3646000.0,3646000.0,0.0
1782286200,3724844.0,3724844.0,3724844.0,3724844.0,0.00267366
1782287100,3724844.0,3724844.0,3724844.0,3724844.0,0.0
1782288000,3646002.0,3824496.0,3646001.0,3824496.0,0.04068194
1782288900,3646002.0,3646002.0,3646000.0,3646000.0,0.62279297
1782289800,3646000.0,3646000.0,3646000.0,3646000.0,0.0
1782290700,3646000.0,3646000.0,3646000.0,3646000.0,0.0
1782291600,3646000.0,3646000.0,3646000.0,3646000.0,0.0
1782292500,3819996.0,3819996.0,3819996.0,3819996.0,0.00567173
1782293400,3819996.0,3819996.0,3819996.0,3819996.0,0.0
1782294300,3819996.0,3819996.0,3819996.0,3819996.0,0.0
1782295200,3819996.0,3819996.0,3819996.0,3819996.0,0.0
1782296100,3819996.0,3819996.0,3819996.0,3819996.0,0.0
1782297000,3819996.0,3819996.0,3819996.0,3819996.0,0.0
1782297900,3809986.0,3809986.0,3809986.0,3809986.0,0.00576012
1782298800,3809986.0,3809986.0,3809986.0,3809986.0,0.0
1782299700,3809986.0,3809986.0,3809986.0,3809986.0,0.0
1782300600,3650002.0,3650002.0,3646001.0,3646001.0,0.06474688
1782301500,3646001.0,3646001.0,3646001.0,3646001.0,0.0
1782302400,3646001.0,3646001.0,3646000.0,3646000.0,0.07869996
1782303300,3749998.0,3799998.0,3749998.0,3799998.0,0.14820772
1782304200,3799998.0,3799998.0,3799998.0,3799998.0,0.0
1782305100,3799998.0,3799998.0,3799998.0,3799998.0,0.0
1782306000,3770000.0,3799999.0,3770000.0,3799999.0,1.25013312
1782306900,3650002.0,3650002.0,3650002.0,3650002.0,0.00519239
1782307800,3651003.0,3651003.0,3651003.0,3651003.0,0.00586255
1782308700,3651003.0,3651003.0,3651003.0,3651003.0,0.0
1782309600,3651004.0,3651004.0,3651003.0,3651003.0,0.14820772
1782310500,3651003.0,3651003.0,3651003.0,3651003.0,0.0
1782311400,3651003.0,3651003.0,3651003.0,3651003.0,0.0
1782312300,3651003.0,3651003.0,3651003.0,3651003.0,0.0
1782313200,3651003.0,3651003.0,3651003.0,3651003.0,0.0
1782314100,3651003.0,3651003.0,3651003.0,3651003.0,0.0
1782315000,3651003.0,3651003.0,3651003.0,3651003.0,0.0
1782315900,3651003.0,3651003.0,3651003.0,3651003.0,0.0
1782316800,3651003.0,3651003.0,3651003.0,3651003.0,0.0
1782317700,3652002.0,3797992.0,3652002.0,3797992.0,0.02895719
1782318600,3797992.0,3797992.0,3797992.0,3797992.0,0.0
1782319500,3797992.0,3797992.0,3797992.0,3797992.0,0.0
1782320400,3797992.0,3797992.0,3797992.0,3797992.0,0.0
1782321300,3797992.0,3797992.0,3797992.0,3797992.0,0.0
1782322200,3797992.0,3797992.0,3797992.0,3797992.0,0.0
1782323100,3797992.0,3797992.0,3797992.0,3797992.0,0.0
1782324000,3652004.0,3652004.0,3642000.0,3642000.0,1.339431
1782324900,3642000.0,3642000.0,3642000.0,3642000.0,0.0
1782325800,3642000.0,3642000.0,3642000.0,3642000.0,0.0
1782326700,3642000.0,3642000.0,3642000.0,3642000.0,0.0
1782327600,3642000.0,3642000.0,3642000.0,3642000.0,0.0
1782328500,3797992.0,3797995.0,3797992.0,3797995.0,0.05244374
1782329400,3797992.0,3797995.0,3797992.0,3797995.0,0.00670643
1782330300,3797995.0,3797995.0,3797995.0,3797995.0,0.0
1782331200,3797995.0,3797995.0,3797995.0,3797995.0,0.0
1782332100,3797995.0,3797995.0,3797995.0,3797995.0,0.0
1782333000,3797995.0,3797995.0,3797995.0,3797995.0,0.0
1782333900,3797995.0,3797995.0,3797995.0,3797995.0,0.0
1782334800,3797995.0,3797995.0,3797995.0,3797995.0,0.0
1782335700,3797995.0,3797995.0,3797995.0,3797995.0,0.0
1782336600,3797991.0,3797991.0,3797991.0,3797991.0,0.01156479
1782337500,3797991.0,3797991.0,3797991.0,3797991.0,0.0
1782338400,3797991.0,3797991.0,3797991.0,3797991.0,0.0
1782339300,3797991.0,3797991.0,3797991.0,3797991.0,0.0
1782340200,3797991.0,3797991.0,3797991.0,3797991.0,0.0
1782341100,3797991.0,3797991.0,3797991.0,3797991.0,0.0
1782342000,3797991.0,3797991.0,3797991.0,3797991.0,0.0
1782342900,3797991.0,3797991.0,3797991.0,3797991.0,0.0
1782343800,3645000.0,3645000.0,3645000.0,3645000.0,0.01156479
1782344700,3645010.0,3645010.0,3452666.0,3452666.0,3.42956299
1782345600,3452666.0,3452666.0,3452666.0,3452666.0,0.0
1782346500,3452666.0,3452666.0,3452666.0,3452666.0,0.0
1782347400,3452666.0,3452666.0,3452666.0,3452666.0,0.0
1782348300,3653501.0,3653501.0,3653501.0,3653501.0,0.0130494
1782349200,3653501.0,3653501.0,3653501.0,3653501.0,0.0
1782350100,3653501.0,3653501.0,3653501.0,3653501.0,0.0
1782351000,3653501.0,3653501.0,3653501.0,3653501.0,0.0
1782351900,3653501.0,3653501.0,3653501.0,3653501.0,0.0
1782352800,3555000.0,3555000.0,3454866.0,3454866.0,0.03204797
1782353700,3639998.0,3649994.0,3595037.0,3595037.0,0.05483093
1782354600,3455030.0,3649986.0,3455030.0,3649986.0,1.19264824
1782355500,3649986.0,3649986.0,3649986.0,3649986.0,0.0
1782356400,3649986.0,3649986.0,3649986.0,3649986.0,0.0
1782357300,3649986.0,3649986.0,3649986.0,3649986.0,0.0
1782358200,3460815.0,3460815.0,3460815.0,3460815.0,0.06758092
1782359100,3469929.0,3469929.0,3469929.0,3469929.0,0.00289409
1782360000,3487278.0,3505364.0,3487278.0,3505364.0,0.00713166
1782360900,3505364.0,3505364.0,3505364.0,3505364.0,0.0
1782361800,3505364.0,3505364.0,3505364.0,3505364.0,0.0
1782362700,3505364.0,3505364.0,3505364.0,3505364.0,2.719e-05
1782363600,3505364.0,3505364.0,3505364.0,3505364.0,0.0
1782364500,3522890.0,3522890.0,3522890.0,3522890.0,0.00425787
1782365400,3522890.0,3522890.0,3522890.0,3522890.0,0.0
1782366300,3522890.0,3522890.0,3522890.0,3522890.0,0.0
1782367200,3522890.0,3522890.0,3522890.0,3522890.0,0.0
1782368100,3522890.0,3522890.0,3522890.0,3522890.0,0.0
1782369000,3522890.0,3522890.0,3522890.0,3522890.0,0.0
1782369900,3540800.0,3700000.0,3540800.0,3700000.0,1.02072522
1782370800,3700000.0,3700000.0,3700000.0,3700000.0,0.0
1782371700,3700000.0,3700000.0,3700000.0,3700000.0,0.0
1782372600,3700000.0,3700000.0,3700000.0,3700000.0,0.0
1782373500,3700000.0,3700000.0,3700000.0,3700000.0,0.0
1782374400,3511388.0,3699996.0,3511388.0,3699996.0,0.00930897
1782375300,3699995.0,3699995.0,3511442.0,3511442.0,0.00799138
1782376200,3511638.0,3511638.0,3511638.0,3511638.0,0.0179281
1782377100,3511638.0,3511638.0,3511638.0,3511638.0,0.0
1782378000,3511638.0,3511638.0,3511638.0,3511638.0,0.0
1782378900,3511638.0,3511638.0,3511638.0,3511638.0,0.0
1782379800,3511638.0,3511638.0,3511638.0,3511638.0,0.0
1782380700,3511638.0,3511638.0,3511638.0,3511638.0,0.0
1782381600,3699986.0,3700000.0,3699986.0,3700000.0,0.26727996
1782382500,3700000.0,3700000.0,3700000.0,3700000.0,0.0
1782383400,3700000.0,3700000.0,3700000.0,3700000.0,0.0
1782384300,3700000.0,3700000.0,3700000.0,3700000.0,0.0
1782385200,3700000.0,3700000.0,3700000.0,3700000.0,0.01508891
1782386100,3700000.0,3700000.0,3700000.0,3700000.0,0.0
1782387000,3700000.0,3700000.0,3700000.0,3700000.0,0.0
1782387900,3700000.0,3700000.0,3700000.0,3700000.0,0.0
1782388800,3700000.0,3700000.0,3700000.0,3700000.0,0.0
1782389700,3700000.0,3700000.0,3700000.0,3700000.0,0.0
1782390600,3600008.0,3600008.0,3600008.0,3600008.0,0.02065692
1782391500,3669998.0,3699990.0,3669998.0,3699990.0,0.02701979
1782392400,3699989.0,3699989.0,3699989.0,3699989.0,0.00283108
1782393300,3699989.0,3699989.0,3699989.0,3699989.0,0.0
1782394200,3600004.0,3600004.0,3600000.0,3600000.0,0.16620983
1782395100,3600000.0,3600000.0,3600000.0,3600000.0,0.71844789
1782396000,3550000.0,3550000.0,3550000.0,3550000.0,0.00690183
1782396900,3600000.0,3600000.0,3588539.0,3588539.0,0.00975598
1782397800,3588539.0,3588539.0,3512950.0,3512950.0,0.02742053
1782398700,3512950.0,3512950.0,3512950.0,3512950.0,0.0
1782399600,3600000.0,3699994.0,3600000.0,3699994.0,0.05330958
1782400500,3699994.0,3699994.0,3699994.0,3699994.0,0.03529302
1782401400,3699994.0,3699994.0,3640000.0,3640000.0,0.0134592
1782402300,3640000.0,3640000.0,3613333.0,3613333.0,0.2850289
1782403200,3613333.0,3613333.0,3613333.0,3613333.0,0.0
1782404100,3512950.0,3699993.0,3512023.0,3699993.0,0.22860525
1782405000,3699993.0,3699993.0,3699993.0,3699993.0,0.0
1782405900,3699962.0,3699962.0,3699962.0,3699962.0,0.00445545
1782406800,3699962.0,3699962.0,3699962.0,3699962.0,0.0
1782407700,3699962.0,3699962.0,3699962.0,3699962.0,0.0
1782408600,3512000.0,3512000.0,3512000.0,3512000.0,0.00450378
1782409500,3512000.0,3512000.0,3512000.0,3512000.0,0.0
1782410400,3512000.0,3512000.0,3512000.0,3512000.0,0.0
1782411300,3512000.0,3512000.0,3512000.0,3512000.0,0.0
1782412200,3512000.0,3512000.0,3512000.0,3512000.0,0.0
1782413100,3699839.0,3699839.0,3510992.0,3510992.0,0.27559917
1782414000,3510992.0,3510992.0,3510992.0,3510992.0,0.0
1782414900,3510992.0,3510992.0,3510992.0,3510992.0,0.0
1782415800,3510992.0,3510992.0,3510992.0,3510992.0,0.0
1782416700,3510992.0,3510992.0,3510992.0,3510992.0,0.0
1782417600,3510992.0,3510992.0,3510992.0,3510992.0,0.0
1782418500,3510992.0,3510992.0,3510992.0,3510992.0,0.0
1782419400,3510992.0,3510992.0,3510992.0,3510992.0,0.0
1782420300,3510992.0,3510992.0,3510992.0,3510992.0,0.0
1782421200,3510992.0,3510992.0,3510992.0,3510992.0,0.0
1782422100,3588994.0,3588994.0,3588994.0,3588994.0,0.03160172
1782423000,3588994.0,3588994.0,3588994.0,3588994.0,0.0
1782423900,3588994.0,3588994.0,3588994.0,3588994.0,0.0
1782424800,3588994.0,3588994.0,3588994.0,3588994.0,0.0
1782425700,3588994.0,3588994.0,3588994.0,3588994.0,0.0
1782426600,3588994.0,3588994.0,3588994.0,3588994.0,0.0
1782427500,3588994.0,3588994.0,3588994.0,3588994.0,0.0
1782428400,3588994.0,3588994.0,3588994.0,3588994.0,0.0
1782429300,3588994.0,3588994.0,3588994.0,3588994.0,0.0
1782430200,3655004.0,3655004.0,3655004.0,3655004.0,0.03065578
1782431100,3655004.0,3655004.0,3655004.0,3655004.0,0.0
1782432000,3655004.0,3655004.0,3655004.0,3655004.0,0.0
1782432900,3655004.0,3655004.0,3655004.0,3655004.0,0.0
1782433800,3655004.0,3655004.0,3655004.0,3655004.0,0.0
1782434700,3699000.0,3699000.0,3699000.0,3699000.0,0.04025709
1782435600,3699000.0,3699000.0,3699000.0,3699000.0,0.0
1782436500,3699000.0,3699000.0,3699000.0,3699000.0,0.0
1782437400,3699000.0,3699000.0,3699000.0,3699000.0,0.0
1782438300,3699000.0,3699000.0,3699000.0,3699000.0,0.0
1782439200,3699000.0,3699000.0,3699000.0,3699000.0,0.0
1782440100,3699000.0,3699000.0,3699000.0,3699000.0,0.0027256
1782441000,3515000.0,3515000.0,3510992.0,3510992.0,0.1791162
1782441900,3510996.0,3510996.0,3510996.0,3510996.0,0.02867414
1782442800,3510996.0,3510996.0,3510996.0,3510996.0,0.0
1782443700,3510996.0,3510996.0,3510996.0,3510996.0,0.01287099
1782444600,3698998.0,3698998.0,3698998.0,3698998.0,0.01553393
1782445500,3698998.0,3698998.0,3698998.0,3698998.0,0.0
1782446400,3698998.0,3698998.0,3698998.0,3698998.0,0.0
1782447300,3698998.0,3698998.0,3698998.0,3698998.0,0.0
1782448200,3510998.0,3679978.0,3451000.0,3679978.0,0.44024628
1782449100,3679978.0,3679978.0,3679978.0,3679978.0,0.0
1782450000,3679978.0,3679978.0,3679978.0,3679978.0,0.0
1782450900,3679978.0,3679978.0,3679978.0,3679978.0,0.0
1782451800,3679978.0,3679978.0,3679978.0,3679978.0,0.0
1782452700,3660000.0,3669000.0,3453026.0,3453026.0,0.03050091
1782453600,3668998.0,3669998.0,3668998.0,3669998.0,0.17240165
1782454500,3460002.0,3460002.0,3460002.0,3460002.0,0.00704471
1782455400,3460002.0,3460002.0,3453000.0,3453000.0,0.04025709
1782456300,3659998.0,3659998.0,3659998.0,3659998.0,0.00299289
1782457200,3649998.0,3660000.0,3649998.0,3660000.0,0.03293246
1782458100,3453026.0,3453026.0,3453000.0,3453000.0,0.20355002
1782459000,3453072.0,3453072.0,3453072.0,3453072.0,0.01635181
1782459900,3659998.0,3659998.0,3659998.0,3659998.0,0.00439972
1782460800,3659998.0,3698996.0,3659998.0,3698996.0,0.10767785
1782461700,3698996.0,3698996.0,3698996.0,3698996.0,0.0
1782462600,3698996.0,3698996.0,3698996.0,3698996.0,0.0
1782463500,3698996.0,3698996.0,3698996.0,3698996.0,0.0
1782464400,3698996.0,3698996.0,3698996.0,3698996.0,0.0
1782465300,3698996.0,3698996.0,3698996.0,3698996.0,0.0
1782466200,3698987.0,3698988.0,3698987.0,3698988.0,0.01346179
1782467100,3698988.0,3698988.0,3698988.0,3698988.0,0.0
1782468000,3460092.0,3460092.0,3460090.0,3460090.0,0.07255802
1782468900,3460090.0,3460090.0,3460090.0,3460090.0,0.0
1782469800,3698970.0,3698970.0,3698970.0,3698970.0,0.02058708
1782470700,3698986.0,3698986.0,3698986.0,3698986.0,0.01336825
1782471600,3470032.0,3470032.0,3470032.0,3470032.0,0.00376914
1782472500,3470032.0,3470032.0,3470032.0,3470032.0,0.0
1782473400,3470032.0,3470032.0,3470032.0,3470032.0,0.0
1782474300,3698944.0,3698952.0,3698944.0,3698948.0,0.1680814
1782475200,3470154.0,3470154.0,3470152.0,3470152.0,0.05787783
1782476100,3698432.0,3698432.0,3698432.0,3698432.0,0.004039
1782477000,3470159.0,3470159.0,3470158.0,3470158.0,0.08913193
1782477900,3470158.0,3470158.0,3470158.0,3470158.0,0.0
1782478800,3698006.0,3698006.0,3470158.0,3470158.0,0.02983461
1782479700,3470158.0,3470158.0,3470158.0,3470158.0,0.0
1782480600,3470158.0,3470158.0,3470158.0,3470158.0,0.0
1782481500,3470158.0,3470158.0,3470158.0,3470158.0,0.0
1782482400,3697966.0,3697966.0,3697966.0,3697966.0,0.01283786
1782483300,3697966.0,3697966.0,3697966.0,3697966.0,0.0
1782484200,3697966.0,3697966.0,3697966.0,3697966.0,0.0
1782485100,3697966.0,3697966.0,3697966.0,3697966.0,0.0
1782486000,3697966.0,3697966.0,3697966.0,3697966.0,0.0
1782486900,3697974.0,3697974.0,3697974.0,3697974.0,0.02866299
1782487800,3697974.0,3697974.0,3697974.0,3697974.0,0.0
1782488700,3697934.0,3697974.0,3697934.0,3697974.0,0.00943921
1782489600,3697976.0,3697976.0,3697976.0,3697976.0,0.00299217
1782490500,3697976.0,3697976.0,3697976.0,3697976.0,0.0
1782491400,3697976.0,3697976.0,3697976.0,3697976.0,0.0
1782492300,3697984.0,3697990.0,3697984.0,3697990.0,0.02674237
1782493200,3697990.0,3697990.0,3697990.0,3697990.0,0.0
1782494100,3697990.0,3697990.0,3697990.0,3697990.0,0.0
1782495000,3697990.0,3697990.0,3697990.0,3697990.0,0.0
1782495900,3697990.0,3697990.0,3697990.0,3697990.0,0.0
1782496800,3697990.0,3697990.0,3697990.0,3697990.0,0.0
1782497700,3697990.0,3697990.0,3697990.0,3697990.0,0.0
1782498600,3697990.0,3697990.0,3697990.0,3697990.0,0.0
1782499500,3697990.0,3697990.0,3697990.0,3697990.0,0.0
1782500400,3697990.0,3697990.0,3697990.0,3697990.0,0.0
1782501300,3697990.0,3697990.0,3697990.0,3697990.0,0.0
1782502200,3697990.0,3697990.0,3697990.0,3697990.0,0.00403949
1782503100,3697990.0,3697990.0,3697990.0,3697990.0,0.0
1782504000,3470160.0,3697990.0,3470160.0,3697990.0,0.01061803
1782504900,3697990.0,3697990.0,3697990.0,3697990.0,0.0
1782505800,3697990.0,3697990.0,3697990.0,3697990.0,0.0
1782506700,3697990.0,3697990.0,3697990.0,3697990.0,0.0
1782507600,3697990.0,3697990.0,3697990.0,3697990.0,0.0
1782508500,3697990.0,3697990.0,3697990.0,3697990.0,0.0
1782509400,3697990.0,3697990.0,3697990.0,3697990.0,0.0
1782510300,3697990.0,3697990.0,3697990.0,3697990.0,0.0
1782511200,3697990.0,3697990.0,3697990.0,3697990.0,0.0
1782512100,3697990.0,3697990.0,3697990.0,3697990.0,0.0
1782513000,3697990.0,3697990.0,3697990.0,3697990.0,0.0
1782513900,3470016.0,3697978.0,3470014.0,3697978.0,0.21600554
1782514800,3697978.0,3697978.0,3697978.0,3697978.0,0.0
1782515700,3697978.0,3697978.0,3697978.0,3697978.0,0.0
1782516600,3697978.0,3697978.0,3697978.0,3697978.0,0.0
1782517500,3697978.0,3697978.0,3697978.0,3697978.0,0.0
1782518400,3470004.0,3470004.0,3470002.0,3470002.0,0.00520897
1782519300,3470002.0,3470002.0,3470002.0,3470002.0,0.0
1782520200,3470002.0,3470002.0,3470002.0,3470002.0,0.0
1782521100,3470002.0,3470002.0,3470002.0,3470002.0,0.0
1782522000,3470002.0,3470002.0,3470002.0,3470002.0,0.0
1782522900,3470004.0,3470004.0,3470003.0,3470003.0,0.01662361
1782523800,3470003.0,3470003.0,3470003.0,3470003.0,0.0
1782524700,3536567.0,3536567.0,3536567.0,3536567.0,0.00579742
1782525600,3536567.0,3546568.0,3536567.0,3546568.0,0.00281173
1782526500,3546568.0,3546568.0,3546568.0,3546568.0,0.0
1782527400,3546568.0,3546568.0,3546568.0,3546568.0,0.0
1782528300,3546568.0,3546568.0,3546568.0,3546568.0,0.0
1782529200,3470003.0,3470003.0,3470003.0,3470003.0,0.01380397
1782530100,3470003.0,3470003.0,3470003.0,3470003.0,0.0
1782531000,3470003.0,3470003.0,3470003.0,3470003.0,0.0
1782531900,3546568.0,3546568.0,3546568.0,3546568.0,0.00280806
1782532800,3546568.0,3546568.0,3546568.0,3546568.0,0.0
1782533700,3546568.0,3546568.0,3546568.0,3546568.0,0.0
1782534600,3546568.0,3546568.0,3546568.0,3546568.0,0.0
1782535500,3546568.0,3546568.0,3546568.0,3546568.0,0.0
1782536400,3546568.0,3546568.0,3546568.0,3546568.0,0.00280806
1782537300,3546568.0,3546568.0,3546568.0,3546568.0,0.0
1782538200,3546568.0,3546568.0,3546568.0,3546568.0,0.00561612
1782539100,3480020.0,3480020.0,3470015.0,3470015.0,0.03529302
1782540000,3470015.0,3546568.0,3470015.0,3546568.0,0.0263206
1782540900,3546568.0,3546568.0,3546568.0,3546568.0,0.0
1782541800,3546568.0,3546568.0,3546568.0,3546568.0,0.0
1782542700,3546568.0,3696580.0,3546568.0,3696580.0,0.02820738
1782543600,3696580.0,3696580.0,3696580.0,3696580.0,0.0
1782544500,3696580.0,3696580.0,3696580.0,3696580.0,0.0
1782545400,3696580.0,3696580.0,3696580.0,3696580.0,0.0
1782546300,3696580.0,3696580.0,3696580.0,3696580.0,0.0
1782547200,3696580.0,3696580.0,3696580.0,3696580.0,0.0
1782548100,3696499.0,3696499.0,3696499.0,3696499.0,0.0269417
1782549000,3696499.0,3696499.0,3696499.0,3696499.0,0.0
1782549900,3696499.0,3696499.0,3696499.0,3696499.0,0.0
1782550800,3696499.0,3696499.0,3696499.0,3696499.0,0.0
1782551700,3696499.0,3696499.0,3696499.0,3696499.0,0.0
1782552600,3696499.0,3696499.0,3696499.0,3696499.0,0.0
1782553500,3696499.0,3696499.0,3696499.0,3696499.0,0.0
1782554400,3500001.0,3500001.0,3500001.0,3500001.0,0.00875085
1782555300,3500001.0,3500001.0,3500001.0,3500001.0,0.0
1782556200,3500001.0,3500001.0,3500001.0,3500001.0,0.0
1782557100,3500001.0,3500001.0,3500001.0,3500001.0,0.00944746
1782558000,3696479.0,3696479.0,3696479.0,3696479.0,0.00538837
1782558900,3696479.0,3696479.0,3696479.0,3696479.0,0.0
1782559800,3696479.0,3696479.0,3696479.0,3696479.0,0.0
1782560700,3696479.0,3696479.0,3696479.0,3696479.0,0.0
1782561600,3500001.0,3500001.0,3470010.0,3470010.0,0.04414695
1782562500,3470010.0,3470010.0,3470010.0,3470010.0,0.0
1782563400,3470010.0,3470010.0,3470010.0,3470010.0,0.0
1782564300,3470010.0,3470010.0,3470010.0,3470010.0,0.02632061
1782565200,3679999.0,3679999.0,3679999.0,3679999.0,0.10756361
1782566100,3679999.0,3679999.0,3679999.0,3679999.0,0.0
1782567000,3679999.0,3679999.0,3679999.0,3679999.0,0.0
1782567900,3674999.0,3674999.0,3470009.0,3470009.0,0.10184595
1782568800,3674998.0,3674998.0,3674998.0,3674998.0,0.04110451
1782569700,3674998.0,3674998.0,3674998.0,3674998.0,0.0
1782570600,3674998.0,3674998.0,3674998.0,3674998.0,0.0
1782571500,3674998.0,3674998.0,3674998.0,3674998.0,0.0
1782572400,3674998.0,3674998.0,3674998.0,3674998.0,0.0
1782573300,3470012.0,3470012.0,3470009.0,3470009.0,0.05364707
1782574200,3569989.0,3569989.0,3470009.0,3470009.0,0.00825245
1782575100,3569989.0,3569989.0,3569989.0,3569989.0,0.00702747
1782576000,3569989.0,3569989.0,3569989.0,3569989.0,0.0
1782576900,3470010.0,3470010.0,3470010.0,3470010.0,0.04672685
1782577800,3569989.0,3569989.0,3569989.0,3569989.0,0.00278964
1782578700,3569989.0,3569989.0,3569989.0,3569989.0,0.0
1782579600,3569989.0,3569989.0,3569989.0,3569989.0,0.0
1782580500,3569989.0,3569989.0,3569989.0,3569989.0,0.0
1782581400,3569989.0,3569989.0,3569989.0,3569989.0,0.0
1782582300,3569989.0,3569989.0,3569989.0,3569989.0,0.0
1782583200,3569989.0,3569989.0,3569989.0,3569989.0,0.0
1782584100,3569989.0,3569989.0,3569989.0,3569989.0,0.0
1782585000,3569989.0,3569989.0,3569989.0,3569989.0,0.0
1782585900,3569989.0,3569989.0,3569989.0,3569989.0,0.0
1782586800,3569989.0,3569989.0,3569989.0,3569989.0,0.0
1782587700,3569989.0,3569989.0,3569989.0,3569989.0,0.0
1782588600,3569989.0,3569989.0,3569989.0,3569989.0,0.0
1782589500,3569989.0,3569989.0,3569989.0,3569989.0,0.0
1782590400,3569989.0,3569989.0,3569989.0,3569989.0,0.0
1782591300,3569989.0,3569989.0,3569989.0,3569989.0,0.0
1782592200,3569989.0,3569989.0,3569989.0,3569989.0,0.00278964
1782593100,3569989.0,3569989.0,3569989.0,3569989.0,0.0
1782594000,3569989.0,3569989.0,3569989.0,3569989.0,0.0
1782594900,3569989.0,3569989.0,3569989.0,3569989.0,0.0
1782595800,3569989.0,3569989.0,3569989.0,3569989.0,0.0
1782596700,3569989.0,3569989.0,3569989.0,3569989.0,0.0
1782597600,3569989.0,3569989.0,3569989.0,3569989.0,0.0
1782598500,3569989.0,3569989.0,3569989.0,3569989.0,0.0
1782599400,3569989.0,3569989.0,3569989.0,3569989.0,0.0
1782600300,3569989.0,3569989.0,3569989.0,3569989.0,0.0
1782601200,3569989.0,3569989.0,3569989.0,3569989.0,0.0
1782602100,3569989.0,3569989.0,3569989.0,3569989.0,0.0
1782603000,3569989.0,3569989.0,3569989.0,3569989.0,0.0
1782603900,3499946.0,3499946.0,3499946.0,3499946.0,0.00535293
1782604800,3499946.0,3499946.0,3499946.0,3499946.0,0.0
1782605700,3499946.0,3499946.0,3499946.0,3499946.0,0.0
1782606600,3499946.0,3499946.0,3499946.0,3499946.0,0.0
1782607500,3499946.0,3499946.0,3499946.0,3499946.0,0.0
1782608400,3499946.0,3499946.0,3499946.0,3499946.0,0.0
1782609300,3499946.0,3499946.0,3499946.0,3499946.0,0.0
1782610200,3499946.0,3499946.0,3499946.0,3499946.0,0.0
1782611100,3470013.0,3470013.0,3470013.0,3470013.0,0.11060196
1782612000,3470013.0,3470013.0,3470013.0,3470013.0,0.0
1782612900,3470013.0,3470013.0,3470013.0,3470013.0,0.0
1782613800,3470013.0,3470013.0,3470013.0,3470013.0,0.05605717
1782614700,3470013.0,3470013.0,3470013.0,3470013.0,0.0
1782615600,3470013.0,3470013.0,3470013.0,3470013.0,0.05837092
1782616500,3470013.0,3470013.0,3470013.0,3470013.0,0.0
1782617400,3470013.0,3470013.0,3470013.0,3470013.0,0.0
1782618300,3499944.0,3669979.0,3499944.0,3669979.0,0.27733913
1782619200,3669979.0,3669979.0,3669979.0,3669979.0,0.0
1782620100,3669979.0,3669979.0,3669979.0,3669979.0,0.0
1782621000,3669979.0,3669979.0,3669979.0,3669979.0,0.0
1782621900,3470157.0,3470157.0,3470157.0,3470157.0,0.01553359
1782622800,3669978.0,3669979.0,3669978.0,3669979.0,0.01737939
1782623700,3669979.0,3669979.0,3669979.0,3669979.0,0.0
1782624600,3669978.0,3669978.0,3669978.0,3669978.0,0.00375615
1782625500,3470065.0,3470065.0,3470065.0,3470065.0,0.00375615
1782626400,3669977.0,3669978.0,3669977.0,3669978.0,0.04481852
1782627300,3669977.0,3669977.0,3669977.0,3669977.0,0.01151883
1782628200,3669977.0,3669977.0,3669977.0,3669977.0,0.00560957
1782629100,3669977.0,3669977.0,3669977.0,3669977.0,0.0
1782630000,3669977.0,3669977.0,3669977.0,3669977.0,0.00407032
1782630900,3669977.0,3669977.0,3669977.0,3669977.0,0.0
1782631800,3669977.0,3669977.0,3669977.0,3669977.0,0.0
1782632700,3669977.0,3669977.0,3669977.0,3669977.0,0.0
1782633600,3669977.0,3669977.0,3669977.0,3669977.0,0.0
1782634500,3669977.0,3669977.0,3669977.0,3669977.0,0.0
1782635400,3669969.0,3669970.0,3669969.0,3669970.0,0.27145859
1782636300,3669969.0,3669969.0,3669968.0,3669968.0,0.00572865
1782637200,3669968.0,3669968.0,3669968.0,3669968.0,0.0
1782638100,3470049.0,3470049.0,3470013.0,3470013.0,0.27145859
1782639000,3470014.0,3470014.0,3470013.0,3470013.0,0.15301142
1782639900,3470013.0,3470013.0,3470013.0,3470013.0,0.0
1782640800,3470013.0,3470013.0,3470013.0,3470013.0,0.0
1782641700,3470013.0,3470013.0,3470013.0,3470013.0,0.0
1782642600,3499958.0,3499958.0,3499958.0,3499958.0,0.02610856
1782643500,3499958.0,3499958.0,3499958.0,3499958.0,0.0
1782644400,3499958.0,3499958.0,3499958.0,3499958.0,0.0
1782645300,3669954.0,3669954.0,3669954.0,3669954.0,0.0041777
1782646200,3669954.0,3669954.0,3669954.0,3669954.0,0.0
1782647100,3669954.0,3669954.0,3669954.0,3669954.0,0.0
1782648000,3470011.0,3669943.0,3470011.0,3669943.0,0.04687061
1782648900,3669928.0,3669928.0,3669928.0,3669928.0,0.01609159
1782649800,3669928.0,3669928.0,3669928.0,3669928.0,0.0
1782650700,3669928.0,3669928.0,3470013.0,3470013.0,0.02524106
1782651600,3470013.0,3470013.0,3470013.0,3470013.0,0.0
1782652500,3470013.0,3470013.0,3470013.0,3470013.0,0.0
1782653400,3669931.0,3669931.0,3669931.0,3669931.0,0.00271367
1782654300,3470014.0,3470014.0,3470014.0,3470014.0,0.00457433
1782655200,3499911.0,3499911.0,3499911.0,3499911.0,0.01609129
1782656100,3470015.0,3470015.0,3470015.0,3470015.0,0.01737939
1782657000,3470015.0,3470015.0,3470015.0,3470015.0,0.0
1782657900,3470015.0,3470015.0,3470015.0,3470015.0,0.0
1782658800,3669902.0,3669902.0,3669902.0,3669902.0,0.02039534
1782659700,3669902.0,3669902.0,3669902.0,3669902.0,0.0
1782660600,3669909.0,3669910.0,3470016.0,3470016.0,0.04477316
1782661500,3470016.0,3470016.0,3470016.0,3470016.0,0.0
1782662400,3470016.0,3470016.0,3470016.0,3470016.0,0.00579939
1782663300,3470016.0,3470016.0,3470016.0,3470016.0,0.0
1782664200,3470050.0,3470050.0,3470035.0,3470035.0,0.16628529
1782665100,3470035.0,3470035.0,3470035.0,3470035.0,0.0
1782666000,3470035.0,3470035.0,3470035.0,3470035.0,0.0
1782666900,3470035.0,3470035.0,3470035.0,3470035.0,0.0
1782667800,3470035.0,3470035.0,3470035.0,3470035.0,0.0
1782668700,3669909.0,3669909.0,3669909.0,3669909.0,0.01326572
1782669600,3669909.0,3669909.0,3669909.0,3669909.0,0.0
1782670500,3669909.0,3669909.0,3669909.0,3669909.0,0.0
1782671400,3669908.0,3669908.0,3669908.0,3669908.0,0.01384503
1782672300,3669908.0,3669908.0,3669908.0,3669908.0,0.0
1782673200,3669907.0,3669951.0,3669907.0,3669951.0,0.54273938
1782674100,3669951.0,3669951.0,3669951.0,3669951.0,0.0
1782675000,3669951.0,3669951.0,3669951.0,3669951.0,0.0
1782675900,3669951.0,3669951.0,3669951.0,3669951.0,0.0
1782676800,3669951.0,3669951.0,3669951.0,3669951.0,0.0
1782677700,3669951.0,3669951.0,3669951.0,3669951.0,0.0
1782678600,3470204.0,3470204.0,3470204.0,3470204.0,0.01238826
1782679500,3669948.0,3669948.0,3669948.0,3669948.0,0.00654804
1782680400,3669948.0,3669948.0,3669948.0,3669948.0,0.0
1782681300,3669948.0,3669948.0,3669948.0,3669948.0,0.0
1782682200,3669948.0,3669948.0,3669948.0,3669948.0,0.0
1782683100,3669948.0,3669948.0,3669948.0,3669948.0,0.0
1782684000,3669948.0,3669948.0,3669948.0,3669948.0,0.0
1782684900,3669948.0,3669948.0,3669948.0,3669948.0,0.0
1782685800,3669948.0,3669948.0,3669948.0,3669948.0,0.0
1782686700,3669948.0,3669948.0,3669948.0,3669948.0,0.0
1782687600,3549942.0,3549942.0,3549942.0,3549942.0,0.03046413
1782688500,3549942.0,3549942.0,3549942.0,3549942.0,0.0
1782689400,3549942.0,3549942.0,3549942.0,3549942.0,0.0
1782690300,3549942.0,3549942.0,3549942.0,3549942.0,0.0
1782691200,3549942.0,3549942.0,3549942.0,3549942.0,0.0
1782692100,3669947.0,3669947.0,3669947.0,3669947.0,0.02077604
1782693000,3669947.0,3669947.0,3669947.0,3669947.0,0.0
1782693900,3570216.0,3570216.0,3470215.0,3470215.0,0.01493915
1782694800,3470215.0,3470215.0,3470215.0,3470215.0,0.0
1782695700,3470215.0,3470215.0,3470215.0,3470215.0,0.0
1782696600,3470215.0,3470215.0,3470215.0,3470215.0,0.0
1782697500,3470215.0,3470215.0,3470215.0,3470215.0,0.0
1782698400,3669947.0,3669947.0,3669947.0,3669947.0,0.00323356
1782699300,3669947.0,3669947.0,3669947.0,3669947.0,0.0
1782700200,3570216.0,3570216.0,3470215.0,3470215.0,0.02009886
1782701100,3470216.0,3470216.0,3470216.0,3470216.0,0.01343376
1782702000,3669944.0,3669944.0,3669944.0,3669944.0,0.00542733
1782702900,3669940.0,3669943.0,3669940.0,3669943.0,0.00826226
1782703800,3570223.0,3570223.0,3470222.0,3470222.0,0.03024269
1782704700,3669943.0,3669943.0,3669943.0,3669943.0,0.02720968
1782705600,3669943.0,3669943.0,3669943.0,3669943.0,0.0
1782706500,3669943.0,3669943.0,3669943.0,3669943.0,0.0
1782707400,3669943.0,3669943.0,3669943.0,3669943.0,0.0
1782708300,3570223.0,3570223.0,3470222.0,3470222.0,0.68572789
1782709200,3470222.0,3470222.0,3470222.0,3470222.0,0.0
1782710100,3470222.0,3470222.0,3470222.0,3470222.0,0.0
1782711000,3470222.0,3470222.0,3470222.0,3470222.0,0.0
1782711900,3470222.0,3470222.0,3470222.0,3470222.0,0.0
1782712800,3470222.0,3470222.0,3470222.0,3470222.0,0.0
1782713700,3470222.0,3470222.0,3470222.0,3470222.0,0.0
1782714600,3470222.0,3470222.0,3470222.0,3470222.0,0.0
1782715500,3470222.0,3470222.0,3470222.0,3470222.0,0.0
1782716400,3470222.0,3470222.0,3470222.0,3470222.0,0.0
1782717300,3666995.0,3666995.0,3570239.0,3570239.0,0.01403321
1782718200,3570239.0,3570239.0,3570239.0,3570239.0,0.0
1782719100,3570239.0,3570239.0,3570239.0,3570239.0,0.0
1782720000,3570239.0,3570239.0,3570239.0,3570239.0,0.0
1782720900,3666995.0,3666995.0,3666995.0,3666995.0,0.00488056
1782721800,3666995.0,3666995.0,3666995.0,3666995.0,0.0
1782722700,3666995.0,3666995.0,3666995.0,3666995.0,0.0
1782723600,3666995.0,3666995.0,3666995.0,3666995.0,0.0
1782724500,3666995.0,3666995.0,3666995.0,3666995.0,0.0
1782725400,3666995.0,3666995.0,3666995.0,3666995.0,0.0
1782726300,3666995.0,3666995.0,3666995.0,3666995.0,0.0
1782727200,3666995.0,3666995.0,3666995.0,3666995.0,0.0
1782728100,3666995.0,3666995.0,3666995.0,3666995.0,0.0
1782729000,3570600.0,3570600.0,3470599.0,3470599.0,0.02009886
1782729900,3666993.0,3666993.0,3666993.0,3666993.0,0.00271584
1782730800,3470798.0,3570822.0,3470798.0,3570822.0,0.0098091
1782731700,3570822.0,3570822.0,3570822.0,3570822.0,0.0
1782732600,3659996.0,3659999.0,3659996.0,3659999.0,0.00875765
1782733500,3659999.0,3659999.0,3659999.0,3659999.0,0.0
1782734400,3659999.0,3659999.0,3470900.0,3470900.0,0.03822704
1782735300,3470900.0,3470900.0,3470900.0,3470900.0,0.0
1782736200,3470900.0,3470900.0,3470900.0,3470900.0,0.0
1782737100,3570922.0,3570922.0,3570922.0,3570922.0,2.80381257
1782738000,3570922.0,3570922.0,3570922.0,3570922.0,0.0
1782738900,3570922.0,3570922.0,3570922.0,3570922.0,0.0
1782739800,3659650.0,3659650.0,3659650.0,3659650.0,0.00377522
1782740700,3659650.0,3659650.0,3659650.0,3659650.0,0.0
1782741600,3659649.0,3659649.0,3659649.0,3659649.0,0.00272129
1782742500,3659649.0,3659649.0,3659649.0,3659649.0,0.0
1782743400,3659000.0,3659000.0,3659000.0,3659000.0,0.01263569
1782744300,3571555.0,3658998.0,3471559.0,3658998.0,0.02425003
1782745200,3658998.0,3658998.0,3658998.0,3658998.0,0.0
1782746100,3658998.0,3658998.0,3658998.0,3658998.0,0.0
1782747000,3658896.0,3658896.0,3658896.0,3658896.0,0.00299379
1782747900,3658896.0,3658896.0,3658896.0,3658896.0,0.0
1782748800,3658896.0,3658898.0,3658896.0,3658898.0,0.01319523
1782749700,3658898.0,3658898.0,3658898.0,3658898.0,0.00804586
1782750600,3475004.0,3475004.0,3475004.0,3475004.0,0.01263569
1782751500,3475022.0,3475022.0,3475022.0,3475022.0,0.01319523
1782752400,3475022.0,3475022.0,3475022.0,3475022.0,0.0
1782753300,3475022.0,3475022.0,3475022.0,3475022.0,0.0
1782754200,3475022.0,3475022.0,3475022.0,3475022.0,0.0
1782755100,3475022.0,3475022.0,3475022.0,3475022.0,0.0
1782756000,3475009.0,3475009.0,3475000.0,3475000.0,0.05443208
1782756900,3475000.0,3475000.0,3475000.0,3475000.0,0.0
1782757800,3475000.0,3475000.0,3475000.0,3475000.0,0.0
1782758700,3657998.0,3657998.0,3657998.0,3657998.0,0.03598225
1782759600,3657998.0,3657998.0,3657998.0,3657998.0,0.0
1782760500,3657998.0,3657998.0,3657998.0,3657998.0,0.0
1782761400,3657998.0,3657998.0,3657998.0,3657998.0,0.0
1782762300,3657998.0,3657998.0,3657998.0,3657998.0,0.0
1782763200,3657998.0,3657998.0,3657998.0,3657998.0,0.0
1782764100,3657998.0,3657998.0,3657998.0,3657998.0,0.0
1782765000,3657998.0,3657998.0,3657998.0,3657998.0,0.0
1782765900,3657998.0,3657998.0,3657998.0,3657998.0,0.0
1782766800,3657998.0,3657998.0,3657998.0,3657998.0,0.0
1782767700,3657998.0,3657998.0,3657998.0,3657998.0,0.0
1782768600,3657998.0,3657998.0,3657998.0,3657998.0,0.0
1782769500,3657998.0,3657998.0,3657998.0,3657998.0,0.0
1782770400,3657998.0,3657998.0,3657998.0,3657998.0,0.0
1782771300,3657998.0,3657998.0,3657998.0,3657998.0,0.0
1782772200,3657998.0,3657998.0,3657998.0,3657998.0,0.0
1782773100,3657989.0,3657989.0,3657989.0,3657989.0,0.00408366
1782774000,3657989.0,3657989.0,3657989.0,3657989.0,0.0
1782774900,3657989.0,3657989.0,3657989.0,3657989.0,0.0
1782775800,3657989.0,3657989.0,3657989.0,3657989.0,0.0
1782776700,3656993.0,3657000.0,3656993.0,3657000.0,0.0321343
1782777600,3656899.0,3656899.0,3656899.0,3656899.0,0.00671005
1782778500,3656899.0,3656899.0,3656899.0,3656899.0,0.0
1782779400,3656899.0,3656899.0,3656899.0,3656899.0,0.0
1782780300,3656899.0,3656899.0,3656899.0,3656899.0,0.0
1782781200,3656899.0,3656900.0,3656899.0,3656900.0,0.02165851
1782782100,3656900.0,3656900.0,3656900.0,3656900.0,0.0
1782783000,3656900.0,3656900.0,3656900.0,3656900.0,0.0
1782783900,3656900.0,3656900.0,3656900.0,3656900.0,0.0
1782784800,3656900.0,3656900.0,3656900.0,3656900.0,0.0
1782785700,3656900.0,3656900.0,3656900.0,3656900.0,0.0
1782786600,3575705.0,3575705.0,3475714.0,3475714.0,0.06050247
1782787500,3475714.0,3475714.0,3475714.0,3475714.0,0.0
1782788400,3656500.0,3658900.0,3656500.0,3658900.0,0.81615045
1782789300,3480505.0,3480505.0,3480505.0,3480505.0,0.00299379
1782790200,3480505.0,3480505.0,3480505.0,3480505.0,0.0
1782791100,3480505.0,3480505.0,3480505.0,3480505.0,0.0
1782792000,3480505.0,3480505.0,3480505.0,3480505.0,0.0
1782792900,3480505.0,3480505.0,3480505.0,3480505.0,0.0
1782793800,3480654.0,3480654.0,3480654.0,3480654.0,0.00570326
1782794700,3480654.0,3480654.0,3480654.0,3480654.0,0.0
1782795600,3480654.0,3480654.0,3480654.0,3480654.0,0.0
1782796500,3480654.0,3480654.0,3480654.0,3480654.0,0.0
1782797400,3480654.0,3480654.0,3480654.0,3480654.0,0.0
1782798300,3480654.0,3480654.0,3480654.0,3480654.0,0.0
1782799200,3480654.0,3480654.0,3480654.0,3480654.0,0.0
1782800100,3480654.0,3480654.0,3480654.0,3480654.0,0.0
1782801000,3658894.0,3658897.0,3658894.0,3658897.0,0.01343629
1782801900,3658897.0,3658897.0,3658897.0,3658897.0,0.0
1782802800,3581101.0,3581101.0,3581101.0,3581101.0,1.0543
1782803700,3581101.0,3581101.0,3581101.0,3581101.0,0.0
1782804600,3581101.0,3581101.0,3581101.0,3581101.0,0.0
1782805500,3581101.0,3581101.0,3581101.0,3581101.0,0.0
1782806400,3581101.0,3581101.0,3581101.0,3581101.0,0.0
1782807300,3581101.0,3581101.0,3581101.0,3581101.0,0.0
1782808200,3581101.0,3581101.0,3581101.0,3581101.0,0.0
1782809100,3581101.0,3581101.0,3581101.0,3581101.0,0.0
1782810000,3581101.0,3581101.0,3581101.0,3581101.0,0.00323356
1782810900,3581101.0,3581101.0,3581101.0,3581101.0,0.0
1782811800,3581101.0,3581101.0,3581101.0,3581101.0,0.0
1782812700,3658894.0,3658894.0,3658894.0,3658894.0,0.02681985
1782813600,3658894.0,3658894.0,3658894.0,3658894.0,0.0
1782814500,3658894.0,3658894.0,3658894.0,3658894.0,0.0049422
1782815400,3658894.0,3658894.0,3658894.0,3658894.0,0.0
1782816300,3658894.0,3658894.0,3658894.0,3658894.0,0.0
1782817200,3658894.0,3658894.0,3658894.0,3658894.0,0.0
1782818100,3658894.0,3658894.0,3658894.0,3658894.0,0.0
1782819000,3658894.0,3658894.0,3658894.0,3658894.0,0.0
1782819900,3658889.0,3658889.0,3658889.0,3658889.0,0.42837128
1782820800,3658889.0,3658889.0,3582119.0,3658889.0,0.08972855
1782821700,3658889.0,3658889.0,3658889.0,3658889.0,0.0
1782822600,3658889.0,3658889.0,3658889.0,3658889.0,0.0
1782823500,3658889.0,3658889.0,3658889.0,3658889.0,0.010806
1782824400,3658889.0,3658889.0,3658889.0,3658889.0,0.0
1782825300,3658889.0,3658889.0,3658889.0,3658889.0,0.0
1782826200,3658889.0,3658889.0,3482124.0,3482124.0,0.04498224
1782827100,3482124.0,3482124.0,3482124.0,3482124.0,0.0
1782828000,3482124.0,3482124.0,3482124.0,3482124.0,0.0
1782828900,3482124.0,3482124.0,3482124.0,3482124.0,0.0
1782829800,3582502.0,3582502.0,3582502.0,3582502.0,0.00680452
1782830700,3582502.0,3582502.0,3582502.0,3582502.0,0.0
1782831600,3582502.0,3582502.0,3482505.0,3482505.0,0.00283806
1782832500,3482505.0,3482505.0,3482505.0,3482505.0,0.0
1782833400,3482505.0,3482505.0,3482505.0,3482505.0,0.0
1782834300,3654880.0,3654880.0,3654880.0,3654880.0,0.00578678
1782835200,3654880.0,3654880.0,3654880.0,3654880.0,0.0
1782836100,3654880.0,3654880.0,3654880.0,3654880.0,0.0
1782837000,3654876.0,3654880.0,3654876.0,3654880.0,0.01571872
1782837900,3482703.0,3482736.0,3482694.0,3482736.0,0.16571299
1782838800,3482772.0,3482772.0,3482772.0,3482772.0,0.00785936
1782839700,3654846.0,3654880.0,3654846.0,3654880.0,0.42512765
1782840600,3654880.0,3654880.0,3654880.0,3654880.0,0.0
1782841500,3654880.0,3654880.0,3654880.0,3654880.0,0.0
1782842400,3654880.0,3654880.0,3654880.0,3654880.0,0.0
1782843300,3654880.0,3654880.0,3654880.0,3654880.0,0.0
1782844200,3654880.0,3654880.0,3654880.0,3654880.0,0.0
1782845100,3654880.0,3654880.0,3654880.0,3654880.0,0.0
1782846000,3654880.0,3654880.0,3654880.0,3654880.0,0.0
1782846900,3654880.0,3654880.0,3654880.0,3654880.0,0.0
1782847800,3654874.0,3654874.0,3654874.0,3654874.0,0.00616355
1782848700,3654874.0,3654874.0,3654874.0,3654874.0,0.0
1782849600,3654874.0,3654874.0,3654874.0,3654874.0,0.0
1782850500,3654874.0,3654874.0,3654874.0,3654874.0,0.0
1782851400,3654874.0,3654874.0,3654874.0,3654874.0,0.0
1782852300,3654874.0,3654874.0,3654874.0,3654874.0,0.0
1782853200,3654874.0,3654874.0,3654874.0,3654874.0,0.0
1782854100,3654874.0,3654874.0,3654874.0,3654874.0,0.0
1782855000,3654874.0,3654874.0,3654874.0,3654874.0,0.0
1782855900,3654874.0,3654874.0,3654874.0,3654874.0,0.0
1782856800,3654874.0,3654874.0,3654874.0,3654874.0,0.0
1782857700,3654879.0,3654879.0,3654879.0,3654879.0,0.0040595
1782858600,3654879.0,3654879.0,3654879.0,3654879.0,0.0
1782859500,3654879.0,3654879.0,3654879.0,3654879.0,0.0
1782860400,3483658.0,3483658.0,3483658.0,3483658.0,0.00806098
1782861300,3483658.0,3483658.0,3483658.0,3483658.0,0.0
1782862200,3483658.0,3483658.0,3483658.0,3483658.0,0.0
1782863100,3483658.0,3483658.0,3483658.0,3483658.0,0.0
1782864000,3483658.0,3483658.0,3483658.0,3483658.0,0.0
1782864900,3484102.0,3484102.0,3484102.0,3484102.0,0.0082427
1782865800,3484102.0,3484102.0,3484102.0,3484102.0,0.0
1782866700,3484102.0,3484102.0,3484102.0,3484102.0,0.0
1782867600,3484102.0,3484102.0,3484102.0,3484102.0,0.0
1782868500,3654858.0,3654858.0,3654858.0,3654858.0,0.00272486
1782869400,3654858.0,3654858.0,3654858.0,3654858.0,0.0
1782870300,3654858.0,3654858.0,3654858.0,3654858.0,0.0
1782871200,3484250.0,3484250.0,3484250.0,3484250.0,0.01346179
1782872100,3484250.0,3484250.0,3484250.0,3484250.0,0.0
1782873000,3484296.0,3484296.0,3484296.0,3484296.0,0.00578678
1782873900,3484296.0,3484296.0,3484296.0,3484296.0,0.0
1782874800,3484296.0,3484296.0,3484296.0,3484296.0,0.0
1782875700,3486014.0,3486014.0,3486008.0,3486008.0,0.1928143
1782876600,3486008.0,3486008.0,3486008.0,3486008.0,0.0
1782877500,3486008.0,3486008.0,3486008.0,3486008.0,0.0
1782878400,3486020.0,3486020.0,3486014.0,3486014.0,0.09973937
1782879300,3654637.0,3654637.0,3654637.0,3654637.0,0.02250565
1782880200,3654637.0,3654637.0,3654637.0,3654637.0,0.0
1782881100,3654637.0,3654637.0,3654637.0,3654637.0,0.0
1782882000,3654637.0,3654637.0,3654637.0,3654637.0,0.0
1782882900,3654628.0,3654628.0,3654628.0,3654628.0,0.0100489
1782883800,3654628.0,3654628.0,3654628.0,3654628.0,0.0
1782884700,3492269.0,3492269.0,3492269.0,3492269.0,0.00622007
1782885600,3492269.0,3492269.0,3492269.0,3492269.0,0.0
1782886500,3492269.0,3492269.0,3492269.0,3492269.0,0.0
1782887400,3492269.0,3492269.0,3492269.0,3492269.0,0.0
1782888300,3492269.0,3492269.0,3492269.0,3492269.0,0.0
1782889200,3492269.0,3492269.0,3492269.0,3492269.0,0.0
1782890100,3653547.0,3653547.0,3653547.0,3653547.0,0.00272584
1782891000,3653547.0,3653547.0,3653547.0,3653547.0,0.0
1782891900,3653547.0,3653547.0,3653547.0,3653547.0,0.0
1782892800,3492578.0,3492578.0,3492288.0,3492288.0,0.08592706
1782893700,3492653.0,3654000.0,3492653.0,3654000.0,0.28105629
1782894600,3654000.0,3654000.0,3654000.0,3654000.0,0.0
1782895500,3653985.0,3653985.0,3495040.0,3495040.0,0.00708216
1782896400,3653955.0,3653955.0,3495167.0,3495167.0,0.01192427
1782897300,3495167.0,3495167.0,3495167.0,3495167.0,0.0
1782898200,3653975.0,3653975.0,3653975.0,3653975.0,0.00272552
1782899100,3653975.0,3653975.0,3653975.0,3653975.0,0.0
1782900000,3653975.0,3653975.0,3653975.0,3653975.0,0.0
1782900900,3653975.0,3653975.0,3653975.0,3653975.0,0.0
1782901800,3653975.0,3653975.0,3653975.0,3653975.0,0.0
1782902700,3496688.0,3496688.0,3475000.0,3475000.0,3.9504462
1782903600,3475000.0,3475000.0,3475000.0,3475000.0,0.0
1782904500,3475000.0,3475000.0,3475000.0,3475000.0,0.0
1782905400,3496829.0,3496829.0,3496829.0,3496829.0,0.21900114
1782906300,3496898.0,3651886.0,3496897.0,3651886.0,0.33533297
1782907200,3651886.0,3651886.0,3651886.0,3651886.0,0.0
1782908100,3651886.0,3651886.0,3651886.0,3651886.0,0.0
1782909000,3497116.0,3497116.0,3497114.0,3497114.0,0.32850172
1782909900,3519999.0,3519999.0,3519999.0,3519999.0,0.01501116
1782910800,3651908.0,3651910.0,3651908.0,3651910.0,0.12053694
1782911700,3651910.0,3651910.0,3651910.0,3651910.0,0.0
1782912600,3651910.0,3651910.0,3651910.0,3651910.0,0.0
1782913500,3651910.0,3651910.0,3651910.0,3651910.0,0.0
1782914400,3651910.0,3651910.0,3651910.0,3651910.0,0.0
1782915300,3651910.0,3651910.0,3651910.0,3651910.0,0.0
1782916200,3651544.0,3651544.0,3480715.0,3480715.0,0.0385217
1782917100,3480715.0,3480715.0,3480715.0,3480715.0,0.0
1782918000,3480715.0,3480715.0,3480715.0,3480715.0,0.0
1782918900,3480715.0,3480715.0,3480715.0,3480715.0,0.0
1782919800,3490217.0,3490217.0,3490217.0,3490217.0,0.00437882
1782920700,3490217.0,3490217.0,3490217.0,3490217.0,0.0
1782921600,3490217.0,3490217.0,3490217.0,3490217.0,0.0
1782922500,3490217.0,3490217.0,3490217.0,3490217.0,0.0
1782923400,3634596.0,3634596.0,3634596.0,3634596.0,0.01334811
1782924300,3634596.0,3634596.0,3634596.0,3634596.0,0.0
1782925200,3634596.0,3634596.0,3634596.0,3634596.0,0.0
1782926100,3634596.0,3634596.0,3634596.0,3634596.0,0.0
1782927000,3634596.0,3634596.0,3634596.0,3634596.0,0.0
1782927900,3634596.0,3634596.0,3634596.0,3634596.0,0.0
1782928800,3634596.0,3634596.0,3634596.0,3634596.0,0.0
1782929700,3500845.0,3500852.0,3490218.0,3490218.0,0.24338002
1782930600,3490218.0,3490218.0,3490218.0,3490218.0,0.0
1782931500,3490218.0,3490218.0,3490218.0,3490218.0,0.0
1782932400,3490218.0,3490218.0,3490218.0,3490218.0,0.0
1782933300,3633627.0,3633628.0,3633627.0,3633628.0,0.03551216
1782934200,3633628.0,3633628.0,3633628.0,3633628.0,0.0
1782935100,3633628.0,3633628.0,3633628.0,3633628.0,0.0
1782936000,3633628.0,3633628.0,3633628.0,3633628.0,0.0
1782936900,3633628.0,3633628.0,3633628.0,3633628.0,0.0
1782937800,3633628.0,3633628.0,3633628.0,3633628.0,0.0
1782938700,3633628.0,3633628.0,3633628.0,3633628.0,0.0
1782939600,3633628.0,3633628.0,3633628.0,3633628.0,0.0
1782940500,3633628.0,3633628.0,3633628.0,3633628.0,0.0
1782941400,3633628.0,3633628.0,3633628.0,3633628.0,0.0
1782942300,3633628.0,3633628.0,3633628.0,3633628.0,0.0
1782943200,3633628.0,3633628.0,3633628.0,3633628.0,0.0
1782944100,3633628.0,3633628.0,3633628.0,3633628.0,0.0
1782945000,3633628.0,3633628.0,3633628.0,3633628.0,0.0
1782945900,3633628.0,3633628.0,3633628.0,3633628.0,0.0
1782946800,3633628.0,3633628.0,3633628.0,3633628.0,0.0
1782947700,3599928.0,3599928.0,3599928.0,3599928.0,0.0037034
1782948600,3599928.0,3599928.0,3599928.0,3599928.0,0.0
1782949500,3599928.0,3599928.0,3599928.0,3599928.0,0.0
1782950400,3599928.0,3599928.0,3599928.0,3599928.0,0.0
1782951300,3599678.0,3599678.0,3599678.0,3599678.0,0.00485098
1782952200,3599678.0,3599678.0,3599678.0,3599678.0,0.0
1782953100,3599678.0,3599678.0,3599678.0,3599678.0,0.0
1782954000,3599678.0,3599678.0,3599678.0,3599678.0,0.0
1782954900,3501205.0,3501205.0,3501205.0,3501205.0,0.03352962
1782955800,3501205.0,3501205.0,3501205.0,3501205.0,0.0
1782956700,3501205.0,3501205.0,3501205.0,3501205.0,0.0
1782957600,3501205.0,3501205.0,3501205.0,3501205.0,0.0
1782958500,3501205.0,3501205.0,3501205.0,3501205.0,0.0
1782959400,3599300.0,3599300.0,3599300.0,3599300.0,0.00830828
1782960300,3599300.0,3599300.0,3599300.0,3599300.0,0.0
1782961200,3501209.0,3501209.0,3501209.0,3501209.0,0.0037034
1782962100,3599016.0,3599016.0,3599016.0,3599016.0,0.00480186
1782963000,3599016.0,3599016.0,3599016.0,3599016.0,0.0
1782963900,3599016.0,3599016.0,3599016.0,3599016.0,0.0
1782964800,3599016.0,3599016.0,3599016.0,3599016.0,0.0
1782965700,3599016.0,3599016.0,3599016.0,3599016.0,0.0
1782966600,3598658.0,3598658.0,3598658.0,3598658.0,0.00415099
1782967500,3598658.0,3598658.0,3598658.0,3598658.0,0.0
1782968400,3501205.0,3501205.0,3501205.0,3501205.0,0.02011564
1782969300,3598524.0,3598524.0,3598524.0,3598524.0,0.00307487
1782970200,3598524.0,3598524.0,3598524.0,3598524.0,0.0
1782971100,3598308.0,3598308.0,3598308.0,3598308.0,0.00691908
1782972000,3598308.0,3598308.0,3598308.0,3598308.0,0.0
1782972900,3598308.0,3598308.0,3598308.0,3598308.0,0.0
1782973800,3598308.0,3598308.0,3598308.0,3598308.0,0.0
1782974700,3598308.0,3598308.0,3598308.0,3598308.0,0.0
1782975600,3598308.0,3598308.0,3598308.0,3598308.0,0.0
1782976500,3598308.0,3598308.0,3598308.0,3598308.0,0.0
1782977400,3598308.0,3598308.0,3598308.0,3598308.0,0.0
1782978300,3597154.0,3597154.0,3597154.0,3597154.0,0.00323144
1782979200,3597154.0,3597154.0,3597154.0,3597154.0,0.0
1782980100,3597154.0,3597154.0,3597154.0,3597154.0,0.0
1782981000,3597154.0,3597154.0,3597154.0,3597154.0,0.0
1782981900,3597154.0,3597154.0,3597154.0,3597154.0,0.0
1782982800,3597154.0,3597154.0,3597154.0,3597154.0,0.0
1782983700,3596333.0,3596333.0,3596333.0,3596333.0,0.00590323
1782984600,3596333.0,3596333.0,3596333.0,3596333.0,0.0
1782985500,3596333.0,3596333.0,3596333.0,3596333.0,0.0
1782986400,3596333.0,3596333.0,3596333.0,3596333.0,0.0
1782987300,3596146.0,3596146.0,3596146.0,3596146.0,0.08324689
1782988200,3596043.0,3596043.0,3596043.0,3596043.0,0.02769432
1782989100,3596043.0,3596043.0,3596043.0,3596043.0,0.0
1782990000,3501209.0,3501209.0,3501205.0,3501205.0,0.01631433
1782990900,3595491.0,3595494.0,3595491.0,3595494.0,0.22048076
1782991800,3595494.0,3595494.0,3595494.0,3595494.0,0.0
1782992700,3595494.0,3595494.0,3595494.0,3595494.0,0.0
1782993600,3595494.0,3595494.0,3595494.0,3595494.0,0.0
1782994500,3595494.0,3595494.0,3595494.0,3595494.0,0.0
1782995400,3595089.0,3595089.0,3595089.0,3595089.0,0.00415511
1782996300,3594930.0,3594930.0,3594930.0,3594930.0,0.00626521
1782997200,3594930.0,3594930.0,3594930.0,3594930.0,0.0
1782998100,3594930.0,3594930.0,3594930.0,3594930.0,0.0
1782999000,3594930.0,3594930.0,3594930.0,3594930.0,0.0
1782999900,3594930.0,3594930.0,3594930.0,3594930.0,0.0
1783000800,3594930.0,3594930.0,3594930.0,3594930.0,0.0
1783001700,3594720.0,3594720.0,3594720.0,3594720.0,0.00765428
1783002600,3594720.0,3594720.0,3594720.0,3594720.0,0.0
1783003500,3501650.0,3501650.0,3501650.0,3501650.0,0.01161909
1783004400,3501650.0,3501650.0,3501650.0,3501650.0,0.0
1783005300,3501650.0,3501650.0,3501650.0,3501650.0,0.0
1783006200,3594216.0,3594216.0,3594216.0,3594216.0,0.00277084
1783007100,3594216.0,3594216.0,3594216.0,3594216.0,0.0
1783008000,3594216.0,3594216.0,3594216.0,3594216.0,0.0
1783008900,3594216.0,3594216.0,3594216.0,3594216.0,0.0
1783009800,3594216.0,3594216.0,3594216.0,3594216.0,0.0
1783010700,3501655.0,3501655.0,3501655.0,3501655.0,0.43209699
1783011600,3594005.0,3594005.0,3594005.0,3594005.0,0.00387923
1783012500,3594005.0,3594005.0,3594005.0,3594005.0,0.0
1783013400,3501656.0,3501656.0,3501205.0,3501205.0,1.605
1783014300,3501205.0,3501205.0,3501205.0,3501205.0,0.0
1783015200,3501205.0,3593780.0,3501205.0,3593780.0,0.02397811
1783016100,3593780.0,3593780.0,3593780.0,3593780.0,0.0
1783017000,3593780.0,3593780.0,3593780.0,3593780.0,0.0
1783017900,3593586.0,3593586.0,3593586.0,3593586.0,0.27768724
1783018800,3593586.0,3593586.0,3593586.0,3593586.0,0.0
1783019700,3593586.0,3593586.0,3593586.0,3593586.0,0.0
1783020600,3593586.0,3593586.0,3593586.0,3593586.0,0.0
1783021500,3593586.0,3593586.0,3593586.0,3593586.0,0.0
1783022400,3593586.0,3593586.0,3593586.0,3593586.0,0.0
1783023300,3593586.0,3593586.0,3593586.0,3593586.0,0.0
1783024200,3593586.0,3593586.0,3593586.0,3593586.0,0.0
1783025100,3593586.0,3593586.0,3593586.0,3593586.0,0.0
1783026000,3593586.0,3593586.0,3593586.0,3593586.0,0.0
1783026900,3501205.0,3501205.0,3501205.0,3501205.0,0.00583659
1783027800,3501205.0,3501205.0,3501205.0,3501205.0,0.0
1783028700,3501205.0,3501205.0,3501205.0,3501205.0,0.0
1783029600,3501205.0,3501205.0,3501205.0,3501205.0,0.04110451
1783030500,3501205.0,3501205.0,3501205.0,3501205.0,0.0
1783031400,3501205.0,3501205.0,3501205.0,3501205.0,0.0
1783032300,3501205.0,3501205.0,3501205.0,3501205.0,0.0
1783033200,3501205.0,3501205.0,3501205.0,3501205.0,0.0
1783034100,3501205.0,3501205.0,3501205.0,3501205.0,0.0
1783035000,3501205.0,3501205.0,3475000.0,3475000.0,0.42977354
1783035900,3591970.0,3591975.0,3591955.0,3591955.0,0.06153556
1783036800,3591955.0,3591955.0,3591955.0,3591955.0,0.0
1783037700,3591794.0,3591794.0,3591794.0,3591794.0,0.00543488
1783038600,3591794.0,3591794.0,3591794.0,3591794.0,0.0
1783039500,3591794.0,3591794.0,3591794.0,3591794.0,0.0
1783040400,3591633.0,3591633.0,3591633.0,3591633.0,0.00277283
1783041300,3591633.0,3591633.0,3591633.0,3591633.0,0.0
1783042200,3591633.0,3591633.0,3591633.0,3591633.0,0.0
1783043100,3591633.0,3591633.0,3591633.0,3591633.0,0.0
1783044000,3475350.0,3475350.0,3475350.0,3475350.0,0.00485098
1783044900,3475395.0,3475395.0,3475000.0,3475000.0,0.15678956
1783045800,3475000.0,3475000.0,3475000.0,3475000.0,0.0
1783046700,3475000.0,3475000.0,3475000.0,3475000.0,0.0
1783047600,3476000.0,3476000.0,3476000.0,3476000.0,0.03551216
1783048500,3529915.0,3529916.0,3529915.0,3529916.0,0.036234
1783049400,3529916.0,3529916.0,3529916.0,3529916.0,0.0
1783050300,3529916.0,3529916.0,3529916.0,3529916.0,0.0
1783051200,3529916.0,3529916.0,3529916.0,3529916.0,0.0
1783052100,3529916.0,3529916.0,3529916.0,3529916.0,0.0
1783053000,3529916.0,3529916.0,3529916.0,3529916.0,0.0
1783053900,3592960.0,3592960.0,3592960.0,3592960.0,0.01385904
1783054800,3592960.0,3592960.0,3592960.0,3592960.0,0.0
1783055700,3592960.0,3592960.0,3592960.0,3592960.0,0.0
1783056600,3592960.0,3592960.0,3592960.0,3592960.0,0.0
1783057500,3592701.0,3592701.0,3592701.0,3592701.0,0.13860101
1783058400,3592701.0,3592701.0,3592701.0,3592701.0,0.0
1783059300,3592701.0,3592701.0,3592701.0,3592701.0,0.0
1783060200,3592701.0,3592701.0,3592701.0,3592701.0,0.0
1783061100,3592701.0,3592701.0,3592701.0,3592701.0,0.0
1783062000,3476780.0,3476780.0,3476780.0,3476780.0,0.00535293
1783062900,3476780.0,3476780.0,3476780.0,3476780.0,0.0
1783063800,3476780.0,3476780.0,3476780.0,3476780.0,0.0
1783064700,3476780.0,3476780.0,3476780.0,3476780.0,0.0
1783065600,3476780.0,3476780.0,3476780.0,3476780.0,0.0
1783066500,3476780.0,3476780.0,3476780.0,3476780.0,0.0
1783067400,3476780.0,3476780.0,3476780.0,3476780.0,0.0
1783068300,3476780.0,3476780.0,3476780.0,3476780.0,0.0
1783069200,3589999.0,3589999.0,3589999.0,3589999.0,0.00277409
1783070100,3589999.0,3589999.0,3589999.0,3589999.0,0.0
1783071000,3589999.0,3589999.0,3589999.0,3589999.0,0.0
1783071900,3589999.0,3589999.0,3589999.0,3589999.0,0.0
1783072800,3589999.0,3589999.0,3589999.0,3589999.0,0.0
1783073700,3589999.0,3589999.0,3589999.0,3589999.0,0.0
1783074600,3584000.0,3585000.0,3584000.0,3585000.0,0.27780428
1783075500,3585000.0,3585000.0,3585000.0,3585000.0,0.0
1783076400,3585000.0,3585000.0,3585000.0,3585000.0,0.0
1783077300,3585000.0,3585000.0,3585000.0,3585000.0,0.0
1783078200,3583612.0,3583612.0,3583612.0,3583612.0,0.00277903
1783079100,3583612.0,3583612.0,3583612.0,3583612.0,0.0
1783080000,3583612.0,3583612.0,3583612.0,3583612.0,0.0
1783080900,3583612.0,3583612.0,3583612.0,3583612.0,0.0
1783081800,3583612.0,3583612.0,3583612.0,3583612.0,0.0
1783082700,3582727.0,3582727.0,3478129.0,3478129.0,0.03236117
1783083600,3478129.0,3478129.0,3478129.0,3478129.0,0.0
1783084500,3478129.0,3478129.0,3478129.0,3478129.0,0.0
1783085400,3479012.0,3479012.0,3479012.0,3479012.0,0.09441008
1783086300,3479012.0,3581998.0,3479011.0,3581998.0,0.36559908
1783087200,3581998.0,3581998.0,3581998.0,3581998.0,0.0
1783088100,3581998.0,3581998.0,3581998.0,3581998.0,0.0
1783089000,3527745.0,3527745.0,3527745.0,3527745.0,0.00282304
1783089900,3527745.0,3527749.0,3527745.0,3527749.0,0.05389443
1783090800,3479115.0,3479115.0,3479115.0,3479115.0,0.00480186
1783091700,3479115.0,3479115.0,3479115.0,3479115.0,0.0
1783092600,3526314.0,3526318.0,3526314.0,3526318.0,0.02141102
1783093500,3527743.0,3528914.0,3527743.0,3528914.0,0.1976099
1783094400,3528914.0,3528914.0,3528914.0,3528914.0,0.0
1783095300,3527499.0,3527499.0,3527499.0,3527499.0,0.00705797
1783096200,3527499.0,3527499.0,3527499.0,3527499.0,0.0
1783097100,3527499.0,3527499.0,3527499.0,3527499.0,0.0
1783098000,3549226.0,3549226.0,3549226.0,3549226.0,0.02793369
1783098900,3479129.0,3479129.0,3479129.0,3479129.0,0.00424764
1783099800,3479129.0,3479129.0,3479129.0,3479129.0,0.0
1783100700,3479129.0,3479129.0,3479129.0,3479129.0,0.0
1783101600,3479129.0,3479129.0,3479129.0,3479129.0,0.0
1783102500,3479129.0,3479129.0,3479129.0,3479129.0,0.0
1783103400,3479129.0,3479129.0,3479129.0,3479129.0,0.0
1783104300,3518836.0,3518836.0,3518836.0,3518836.0,0.00359749
1783105200,3518836.0,3518836.0,3518836.0,3518836.0,0.0
1783106100,3518836.0,3518836.0,3518836.0,3518836.0,0.0
1783107000,3518836.0,3518836.0,3518836.0,3518836.0,0.0
1783107900,3518836.0,3518836.0,3518836.0,3518836.0,0.0
1783108800,3518836.0,3518836.0,3518836.0,3518836.0,0.0
1783109700,3519232.0,3519232.0,3519232.0,3519232.0,0.04222597
1783110600,3519232.0,3519232.0,3519232.0,3519232.0,0.0
1783111500,3519232.0,3519232.0,3519232.0,3519232.0,0.0
1783112400,3519232.0,3519232.0,3519232.0,3519232.0,0.0
1783113300,3520857.0,3522942.0,3520857.0,3522942.0,0.28274257
1783114200,3522942.0,3522942.0,3522942.0,3522942.0,0.0
1783115100,3513694.0,3513694.0,3513694.0,3513694.0,0.00283433
1783116000,3513694.0,3513694.0,3513694.0,3513694.0,0.0
1783116900,3513694.0,3513694.0,3513694.0,3513694.0,0.00555569
1783117800,3513694.0,3513694.0,3513694.0,3513694.0,0.0
1783118700,3513694.0,3513694.0,3513694.0,3513694.0,0.0
1783119600,3513694.0,3513694.0,3513694.0,3513694.0,0.0
1783120500,3513694.0,3513694.0,3513694.0,3513694.0,0.0
1783121400,3513694.0,3513694.0,3513694.0,3513694.0,0.0
1783122300,3510212.0,3510212.0,3510212.0,3510212.0,0.0056743
1783123200,3510211.0,3510211.0,3510209.0,3510209.0,0.00978858
1783124100,3510209.0,3510209.0,3510209.0,3510209.0,0.0
1783125000,3479129.0,3479129.0,3479129.0,3479129.0,0.02141102
1783125900,3479129.0,3479129.0,3479129.0,3479129.0,0.0
1783126800,3479129.0,3479129.0,3479129.0,3479129.0,0.0
1783127700,3479129.0,3479129.0,3479125.0,3479125.0,0.5362221
1783128600,3479125.0,3479125.0,3479125.0,3479125.0,0.0
1783129500,3479125.0,3479125.0,3479125.0,3479125.0,0.0
1783130400,3479125.0,3479125.0,3479125.0,3479125.0,0.0
1783131300,3479125.0,3479125.0,3479125.0,3479125.0,0.0
1783132200,3479125.0,3479125.0,3479125.0,3479125.0,0.0
1783133100,3479125.0,3479125.0,3479125.0,3479125.0,0.0
1783134000,3479125.0,3479125.0,3479125.0,3479125.0,0.0
1783134900,3480008.0,3480008.0,3480008.0,3480008.0,0.00524325
1783135800,3480008.0,3480008.0,3480008.0,3480008.0,0.0
1783136700,3516770.0,3516770.0,3516770.0,3516770.0,0.01418745
1783137600,3536410.0,3536410.0,3536410.0,3536410.0,0.00309749
1783138500,3536410.0,3536410.0,3536410.0,3536410.0,0.0
1783139400,3536410.0,3536410.0,3536410.0,3536410.0,0.0
1783140300,3536410.0,3536410.0,3536410.0,3536410.0,0.0
1783141200,3536410.0,3536410.0,3536410.0,3536410.0,0.0
1783142100,3536410.0,3536410.0,3536410.0,3536410.0,0.0
1783143000,3536410.0,3536410.0,3536410.0,3536410.0,0.0
1783143900,3536410.0,3536410.0,3536410.0,3536410.0,0.0
1783144800,3536410.0,3536410.0,3536410.0,3536410.0,0.0
1783145700,3520387.0,3536407.0,3520387.0,3536395.0,0.09054793
1783146600,3536308.0,3536399.0,3536308.0,3536399.0,0.00985653
1783147500,3536399.0,3536399.0,3536399.0,3536399.0,0.0
1783148400,3536033.0,3536033.0,3480016.0,3480016.0,0.00908164
1783149300,3480016.0,3480016.0,3480016.0,3480016.0,0.0
1783150200,3480016.0,3480016.0,3480016.0,3480016.0,0.0
1783151100,3480016.0,3480016.0,3480016.0,3480016.0,0.0
1783152000,3480016.0,3480016.0,3480016.0,3480016.0,0.0
1783152900,3535469.0,3535469.0,3535469.0,3535469.0,0.00846733
1783153800,3480039.0,3480039.0,3480039.0,3480039.0,0.02891461
1783154700,3480039.0,3480039.0,3480039.0,3480039.0,0.0
1783155600,3480039.0,3480039.0,3480039.0,3480039.0,0.0
1783156500,3480039.0,3480039.0,3480039.0,3480039.0,0.0
1783157400,3480039.0,3480039.0,3480039.0,3480039.0,0.0
1783158300,3480039.0,3480039.0,3480039.0,3480039.0,0.0
1783159200,3480039.0,3480039.0,3480039.0,3480039.0,0.0
1783160100,3480039.0,3480039.0,3480039.0,3480039.0,0.0
1783161000,3523879.0,3523879.0,3523879.0,3523879.0,0.00573629
1783161900,3480043.0,3536401.0,3480043.0,3536401.0,0.02998849
1783162800,3536401.0,3536401.0,3536401.0,3536401.0,0.0
1783163700,3518089.0,3518089.0,3518089.0,3518089.0,0.0042398
1783164600,3518089.0,3518089.0,3518089.0,3518089.0,0.0
1783165500,3480039.0,3480039.0,3480039.0,3480039.0,0.00441049
1783166400,3480039.0,3480039.0,3480039.0,3480039.0,0.0
1783167300,3480039.0,3480039.0,3480039.0,3480039.0,0.0
1783168200,3480012.0,3480012.0,3480012.0,3480012.0,0.00573629
1783169100,3480012.0,3480012.0,3480012.0,3480012.0,0.0
1783170000,3480016.0,3480016.0,3480016.0,3480016.0,0.02769432
1783170900,3480016.0,3480016.0,3480016.0,3480016.0,0.0
1783171800,3480012.0,3480012.0,3480012.0,3480012.0,0.05389443
1783172700,3480012.0,3480012.0,3480012.0,3480012.0,0.0
1783173600,3480012.0,3480012.0,3480012.0,3480012.0,0.0
1783174500,3480012.0,3480012.0,3480012.0,3480012.0,0.0
1783175400,3480012.0,3480012.0,3480012.0,3480012.0,0.0
1783176300,3480012.0,3480012.0,3480012.0,3480012.0,0.0
1783177200,3480012.0,3480012.0,3480012.0,3480012.0,0.0
1783178100,3480012.0,3480012.0,3480012.0,3480012.0,0.0
1783179000,3480012.0,3480012.0,3480012.0,3480012.0,0.0
1783179900,3480012.0,3480012.0,3480012.0,3480012.0,0.0
1783180800,3480012.0,3480012.0,3480012.0,3480012.0,0.0
1783181700,3514254.0,3527592.0,3480012.0,3527585.0,0.25060205
1783182600,3527585.0,3527585.0,3527585.0,3527585.0,0.0
1783183500,3527585.0,3527585.0,3527585.0,3527585.0,0.0
1783184400,3527585.0,3527585.0,3527585.0,3527585.0,0.0
1783185300,3527585.0,3527585.0,3527585.0,3527585.0,0.0
1783186200,3527585.0,3527585.0,3527585.0,3527585.0,0.0
1783187100,3527005.0,3527005.0,3527005.0,3527005.0,0.00989451
1783188000,3527005.0,3527005.0,3527005.0,3527005.0,0.0
1783188900,3527005.0,3527005.0,3527005.0,3527005.0,0.0
1783189800,3527005.0,3527005.0,3527005.0,3527005.0,0.0
1783190700,3527005.0,3527005.0,3527005.0,3527005.0,0.0
1783191600,3527005.0,3527005.0,3527005.0,3527005.0,0.0
1783192500,3527005.0,3527005.0,3527005.0,3527005.0,0.0
1783193400,3527005.0,3527005.0,3527005.0,3527005.0,0.0
1783194300,3527005.0,3527005.0,3527005.0,3527005.0,0.0
1783195200,3527005.0,3527005.0,3527005.0,3527005.0,0.0
1783196100,3527005.0,3527005.0,3527005.0,3527005.0,0.0
1783197000,3577866.0,3577866.0,3577866.0,3577866.0,0.07871172
1783197900,3577866.0,3577866.0,3577866.0,3577866.0,0.0
1783198800,3577866.0,3577866.0,3577866.0,3577866.0,0.0
1783199700,3577866.0,3577866.0,3577866.0,3577866.0,0.0
1783200600,3577866.0,3577866.0,3577866.0,3577866.0,0.0
1783201500,3577866.0,3577866.0,3577866.0,3577866.0,0.0
1783202400,3577866.0,3577866.0,3577866.0,3577866.0,0.0
1783203300,3577866.0,3577866.0,3577866.0,3577866.0,0.0
1783204200,3578814.0,3578814.0,3578814.0,3578814.0,0.0054546
1783205100,3480016.0,3480016.0,3480012.0,3480012.0,0.02409945
1783206000,3480012.0,3480012.0,3480012.0,3480012.0,0.0
1783206900,3576719.0,3578822.0,3576719.0,3578822.0,0.27887994
1783207800,3578822.0,3578822.0,3578822.0,3578822.0,0.0
1783208700,3578822.0,3578822.0,3578822.0,3578822.0,0.0
1783209600,3578822.0,3578822.0,3578822.0,3578822.0,0.0
1783210500,3578822.0,3578822.0,3578822.0,3578822.0,0.0
1783211400,3578822.0,3578822.0,3578822.0,3578822.0,0.0
1783212300,3482004.0,3482004.0,3482004.0,3482004.0,0.06968171
1783213200,3482004.0,3482004.0,3482004.0,3482004.0,0.0
1783214100,3482004.0,3482004.0,3482004.0,3482004.0,0.0
1783215000,3482004.0,3482004.0,3482004.0,3482004.0,0.00441049
1783215900,3575831.0,3575831.0,3575831.0,3575831.0,0.13194834
1783216800,3575831.0,3575831.0,3575831.0,3575831.0,0.0
1783217700,3575831.0,3575831.0,3575831.0,3575831.0,0.0
1783218600,3575831.0,3575831.0,3575831.0,3575831.0,0.0
1783219500,3575300.0,3575300.0,3575300.0,3575300.0,0.13927558
1783220400,3575300.0,3575300.0,3575300.0,3575300.0,0.0
1783221300,3575300.0,3575300.0,3575300.0,3575300.0,0.0
1783222200,3575139.0,3575139.0,3483000.0,3483000.0,0.31637856
1783223100,3574956.0,3574956.0,3574956.0,3574956.0,0.00278576
1783224000,3574956.0,3574956.0,3574956.0,3574956.0,0.0
1783224900,3574956.0,3574956.0,3574956.0,3574956.0,0.0
1783225800,3574956.0,3574956.0,3574956.0,3574956.0,0.0
1783226700,3574956.0,3574956.0,3574956.0,3574956.0,0.0
1783227600,3574956.0,3574956.0,3574956.0,3574956.0,0.0
1783228500,3574956.0,3574956.0,3574956.0,3574956.0,0.0
1783229400,3573770.0,3573770.0,3573739.0,3573739.0,0.07936577
1783230300,3573739.0,3573739.0,3573739.0,3573739.0,0.0
1783231200,3573739.0,3573739.0,3573739.0,3573739.0,0.0
1783232100,3573288.0,3573288.0,3573288.0,3573288.0,0.00732098
1783233000,3573288.0,3573288.0,3573288.0,3573288.0,0.0
1783233900,3483104.0,3483104.0,3483104.0,3483104.0,0.00637884
1783234800,3483104.0,3483104.0,3483104.0,3483104.0,0.0
1783235700,3572522.0,3572522.0,3572522.0,3572522.0,0.0029794
1783236600,3572522.0,3572522.0,3572522.0,3572522.0,0.0
1783237500,3483104.0,3483104.0,3483104.0,3483104.0,0.10290368
1783238400,3483104.0,3483104.0,3483104.0,3483104.0,0.0
1783239300,3483104.0,3483104.0,3483104.0,3483104.0,0.0
1783240200,3483104.0,3483104.0,3483104.0,3483104.0,0.0
1783241100,3573926.0,3573926.0,3573926.0,3573926.0,0.00573347
1783242000,3573926.0,3573926.0,3573926.0,3573926.0,0.0
1783242900,3483104.0,3483104.0,3483104.0,3483104.0,0.00732098
1783243800,3483104.0,3573614.0,3483100.0,3573567.0,0.02493957
1783244700,3573567.0,3573567.0,3573567.0,3573567.0,0.0
1783245600,3573567.0,3573567.0,3573567.0,3573567.0,0.0
1783246500,3573190.0,3573190.0,3573190.0,3573190.0,0.01932083
1783247400,3573190.0,3573190.0,3573190.0,3573190.0,0.0
1783248300,3573190.0,3573190.0,3573190.0,3573190.0,0.0
1783249200,3573190.0,3573190.0,3573190.0,3573190.0,0.0
1783250100,3573190.0,3573190.0,3573190.0,3573190.0,0.0
1783251000,3573190.0,3573190.0,3573190.0,3573190.0,0.0
1783251900,3573190.0,3573190.0,3573190.0,3573190.0,0.0
1783252800,3480016.0,3480016.0,3480016.0,3480016.0,0.0659981
1783253700,3480016.0,3480016.0,3480016.0,3480016.0,0.0
1783254600,3570899.0,3570899.0,3570899.0,3570899.0,0.01292083
1783255500,3480016.0,3570780.0,3480016.0,3480016.0,0.01393475
1783256400,3570711.0,3570715.0,3570711.0,3570715.0,0.11223142
1783257300,3570715.0,3570715.0,3570715.0,3570715.0,0.0
1783258200,3570715.0,3570715.0,3570715.0,3570715.0,0.0
1783259100,3570715.0,3570715.0,3570715.0,3570715.0,0.0
1783260000,3569969.0,3569975.0,3569969.0,3569975.0,0.02795228
1783260900,3569975.0,3569975.0,3569975.0,3569975.0,0.0
1783261800,3569725.0,3569725.0,3569725.0,3569725.0,0.00836955
1783262700,3569992.0,3569992.0,3481104.0,3481104.0,0.10197652
1783263600,3569927.0,3569927.0,3569927.0,3569927.0,0.0267927
1783264500,3569927.0,3569927.0,3569927.0,3569927.0,0.0
1783265400,3569545.0,3569545.0,3569545.0,3569545.0,0.01199676
1783266300,3481204.0,3568970.0,3481204.0,3568970.0,0.01108617
1783267200,3568970.0,3568970.0,3568970.0,3568970.0,0.0
1783268100,3568970.0,3568970.0,3568970.0,3568970.0,0.0
1783269000,3568970.0,3568970.0,3568970.0,3568970.0,0.0
1783269900,3568970.0,3568970.0,3568970.0,3568970.0,0.0
1783270800,3568970.0,3568970.0,3568970.0,3568970.0,0.0
1783271700,3568970.0,3568970.0,3568970.0,3568970.0,0.0
1783272600,3567939.0,3567939.0,3567873.0,3567873.0,0.01140413
1783273500,3567873.0,3567873.0,3567873.0,3567873.0,0.0
1783274400,3567873.0,3567873.0,3567873.0,3567873.0,0.0
1783275300,3567873.0,3567873.0,3567873.0,3567873.0,0.0
1783276200,3567873.0,3567873.0,3567873.0,3567873.0,0.0
1783277100,3567873.0,3567873.0,3567873.0,3567873.0,0.0
1783278000,3567873.0,3567873.0,3567873.0,3567873.0,0.0
1783278900,3567873.0,3567873.0,3567873.0,3567873.0,0.0
1783279800,3567873.0,3567873.0,3567873.0,3567873.0,0.0
1783280700,3567873.0,3567873.0,3567873.0,3567873.0,0.0
1783281600,3567873.0,3567873.0,3567873.0,3567873.0,0.0
1783282500,3567873.0,3567873.0,3567873.0,3567873.0,0.0
1783283400,3567873.0,3567873.0,3567873.0,3567873.0,0.0
1783284300,3567873.0,3567873.0,3567873.0,3567873.0,0.0
1783285200,3567873.0,3567873.0,3567873.0,3567873.0,0.0
1783286100,3567873.0,3567873.0,3567873.0,3567873.0,0.0
1783287000,3567873.0,3567873.0,3567873.0,3567873.0,0.0
1783287900,3567873.0,3567873.0,3567873.0,3567873.0,0.0
1783288800,3567873.0,3567873.0,3567873.0,3567873.0,0.0
1783289700,3567873.0,3567873.0,3567873.0,3567873.0,0.0
1783290600,3567873.0,3567873.0,3567873.0,3567873.0,0.0
1783291500,3567873.0,3567873.0,3567873.0,3567873.0,0.0
1783292400,3481211.0,3481211.0,3481211.0,3481211.0,0.0129205
1783293300,3565055.0,3565055.0,3565055.0,3565055.0,0.01257063
1783294200,3565055.0,3565055.0,3565055.0,3565055.0,0.0
1783295100,3565055.0,3565055.0,3565055.0,3565055.0,0.0
1783296000,3565055.0,3565055.0,3565055.0,3565055.0,0.0
1783296900,3565055.0,3565055.0,3565055.0,3565055.0,0.0
1783297800,3565055.0,3565055.0,3565055.0,3565055.0,0.0
1783298700,3565055.0,3565055.0,3565055.0,3565055.0,0.0
1783299600,3565055.0,3565055.0,3565055.0,3565055.0,0.0
1783300500,3565055.0,3565055.0,3565055.0,3565055.0,0.0
1783301400,3565055.0,3565055.0,3565055.0,3565055.0,0.0
1783302300,3565055.0,3565055.0,3565055.0,3565055.0,0.0
1783303200,3565055.0,3565055.0,3565055.0,3565055.0,0.0
1783304100,3565055.0,3565055.0,3565055.0,3565055.0,0.0
1783305000,3565055.0,3565055.0,3565055.0,3565055.0,0.0
1783305900,3554730.0,3554730.0,3482000.0,3482000.0,0.02021905
1783306800,3482000.0,3482000.0,3482000.0,3482000.0,0.00870788
1783307700,3482000.0,3482000.0,3482000.0,3482000.0,0.0
1783308600,3554694.0,3554694.0,3554694.0,3554694.0,0.09970703
1783309500,3482000.0,3554577.0,3480012.0,3480012.0,0.13569783
1783310400,3480012.0,3480012.0,3480012.0,3480012.0,0.0
1783311300,3480012.0,3480012.0,3480012.0,3480012.0,0.0
1783312200,3480012.0,3480012.0,3480012.0,3480012.0,0.0
1783313100,3480012.0,3480012.0,3480012.0,3480012.0,0.0
1783314000,3480012.0,3480012.0,3480012.0,3480012.0,0.0
1783314900,3480012.0,3480012.0,3480012.0,3480012.0,0.0
1783315800,3480012.0,3480012.0,3480012.0,3480012.0,0.0
1783316700,3480012.0,3480012.0,3480012.0,3480012.0,0.0
1783317600,3480012.0,3480012.0,3480012.0,3480012.0,0.0
1783318500,3480012.0,3480012.0,3480012.0,3480012.0,0.0
1783319400,3549021.0,3549021.0,3549021.0,3549021.0,0.00280612
1783320300,3549021.0,3549021.0,3549021.0,3549021.0,0.0
1783321200,3549021.0,3549021.0,3549021.0,3549021.0,0.0
1783322100,3549021.0,3549021.0,3549021.0,3549021.0,0.0
1783323000,3549021.0,3549021.0,3549021.0,3549021.0,0.0
1783323900,3549021.0,3549021.0,3549021.0,3549021.0,0.0
1783324800,3549021.0,3549021.0,3549021.0,3549021.0,0.0
1783325700,3515012.0,3515012.0,3515012.0,3515012.0,0.00396377
1783326600,3515012.0,3515012.0,3515012.0,3515012.0,0.0
1783327500,3549838.0,3549838.0,3549838.0,3549838.0,0.03519597
1783328400,3549838.0,3549838.0,3549838.0,3549838.0,0.0
1783329300,3549975.0,3549975.0,3549975.0,3549975.0,0.02810976
1783330200,3550000.0,3550000.0,3515012.0,3515012.0,0.01632021
1783331100,3515012.0,3515012.0,3515012.0,3515012.0,0.01482935
1783332000,3515012.0,3515012.0,3515012.0,3515012.0,0.0
1783332900,3515012.0,3515012.0,3515012.0,3515012.0,0.0
1783333800,3515012.0,3515012.0,3515012.0,3515012.0,0.0
1783334700,3515012.0,3515012.0,3515012.0,3515012.0,0.0
1783335600,3515012.0,3515012.0,3515012.0,3515012.0,0.01199676
1783336500,3515012.0,3515012.0,3515012.0,3515012.0,0.0
1783337400,3515012.0,3515012.0,3515012.0,3515012.0,0.0
1783338300,3515012.0,3515012.0,3515012.0,3515012.0,0.0
1783339200,3549366.0,3549366.0,3515012.0,3515012.0,0.00723201
1783340100,3549296.0,3549296.0,3515012.0,3515012.0,0.04647512
1783341000,3515012.0,3515012.0,3515012.0,3515012.0,0.0
1783341900,3515012.0,3515012.0,3515012.0,3515012.0,0.0
1783342800,3515012.0,3515012.0,3515012.0,3515012.0,0.0
1783343700,3515012.0,3515012.0,3515012.0,3515012.0,0.0
1783344600,3539976.0,3539976.0,3539976.0,3539976.0,0.00281329
1783345500,3539976.0,3539976.0,3539976.0,3539976.0,0.0
1783346400,3539976.0,3539976.0,3539976.0,3539976.0,0.0
1783347300,3539976.0,3539976.0,3539976.0,3539976.0,0.0
1783348200,3539976.0,3539976.0,3539976.0,3539976.0,0.0
1783349100,3539976.0,3539976.0,3539976.0,3539976.0,0.0
1783350000,3539976.0,3539976.0,3539976.0,3539976.0,0.0
1783350900,3539976.0,3539976.0,3539976.0,3539976.0,0.0
1783351800,3539976.0,3539976.0,3539976.0,3539976.0,0.0
1783352700,3539976.0,3539976.0,3539976.0,3539976.0,0.0
1783353600,3539976.0,3539976.0,3539976.0,3539976.0,0.0
1783354500,3539976.0,3539976.0,3539976.0,3539976.0,0.0
1783355400,3539976.0,3539976.0,3539976.0,3539976.0,0.0
1783356300,3515012.0,3515012.0,3515012.0,3515012.0,0.03519597
1783357200,3515012.0,3515012.0,3515012.0,3515012.0,0.0
1783358100,3515012.0,3515012.0,3515012.0,3515012.0,0.00780941
1783359000,3515012.0,3515012.0,3515012.0,3515012.0,0.0
1783359900,3515012.0,3515012.0,3515012.0,3515012.0,0.00830182
1783360800,3515012.0,3515012.0,3515012.0,3515012.0,0.0
1783361700,3515012.0,3515012.0,3515012.0,3515012.0,0.0
1783362600,3515012.0,3515012.0,3515012.0,3515012.0,0.0
1783363500,3538876.0,3538876.0,3538876.0,3538876.0,0.00471788
1783364400,3538876.0,3538876.0,3538876.0,3538876.0,0.0
1783365300,3538876.0,3538876.0,3538876.0,3538876.0,0.0
1783366200,3538876.0,3538876.0,3538876.0,3538876.0,0.0
1783367100,3538876.0,3538876.0,3538876.0,3538876.0,0.0
1783368000,3538876.0,3538876.0,3538876.0,3538876.0,0.0
1783368900,3538876.0,3538876.0,3538876.0,3538876.0,0.0
1783369800,3538876.0,3538876.0,3538876.0,3538876.0,0.0
1783370700,3538876.0,3538876.0,3538876.0,3538876.0,0.0
1783371600,3538876.0,3538876.0,3538876.0,3538876.0,0.0
1783372500,3538876.0,3538876.0,3538876.0,3538876.0,0.0
1783373400,3538876.0,3538876.0,3538876.0,3538876.0,0.0
1783374300,3538876.0,3538876.0,3538876.0,3538876.0,0.0
1783375200,3538876.0,3538876.0,3538876.0,3538876.0,0.0
1783376100,3538876.0,3538876.0,3538876.0,3538876.0,0.0
1783377000,3538876.0,3538876.0,3538876.0,3538876.0,0.0
1783377900,3538876.0,3538876.0,3538876.0,3538876.0,0.0
1783378800,3538876.0,3538876.0,3538876.0,3538876.0,0.0
1783379700,3538876.0,3538876.0,3538876.0,3538876.0,0.0
1783380600,3538876.0,3538876.0,3538876.0,3538876.0,0.0
1783381500,3538876.0,3538876.0,3538876.0,3538876.0,0.0
1783382400,3538876.0,3538876.0,3538876.0,3538876.0,0.0
1783383300,3538876.0,3538876.0,3538876.0,3538876.0,0.0
1783384200,3538876.0,3538876.0,3538876.0,3538876.0,0.0
1783385100,3515012.0,3515012.0,3515012.0,3515012.0,0.031638
1783386000,3537994.0,3537994.0,3537994.0,3537994.0,0.00562974
1783386900,3537994.0,3537994.0,3537994.0,3537994.0,0.0
1783387800,3519986.0,3519986.0,3519986.0,3519986.0,0.08483386
1783388700,3519986.0,3519986.0,3519986.0,3519986.0,0.0
1783389600,3519986.0,3519986.0,3519986.0,3519986.0,0.0
1783390500,3519986.0,3519986.0,3519986.0,3519986.0,0.0
1783391400,3515012.0,3515012.0,3515012.0,3515012.0,0.13308947
1783392300,3515012.0,3515012.0,3515012.0,3515012.0,0.0
1783393200,3515012.0,3515012.0,3515012.0,3515012.0,0.0
1783394100,3515012.0,3515012.0,3515012.0,3515012.0,0.0
1783395000,3515012.0,3515012.0,3515012.0,3515012.0,0.0
1783395900,3515012.0,3515012.0,3515012.0,3515012.0,0.0
1783396800,3515012.0,3515012.0,3515012.0,3515012.0,0.0
1783397700,3515012.0,3515012.0,3515012.0,3515012.0,0.0
1783398600,3515012.0,3515012.0,3515012.0,3515012.0,0.0
1783399500,3515012.0,3515012.0,3515012.0,3515012.0,0.0
1783400400,3518927.0,3518927.0,3518902.0,3518902.0,0.00566026
1783401300,3480016.0,3480016.0,3480012.0,3480012.0,0.0216861
1783402200,3480012.0,3480012.0,3480012.0,3480012.0,0.0
1783403100,3480012.0,3480012.0,3480012.0,3480012.0,0.0
1783404000,3480012.0,3480012.0,3480012.0,3480012.0,0.0
1783404900,3480012.0,3480012.0,3480012.0,3480012.0,0.0
1783405800,3480012.0,3480012.0,3480012.0,3480012.0,0.02681985
1783406700,3514966.0,3514966.0,3514966.0,3514966.0,0.02861421
1783407600,3514966.0,3514966.0,3514966.0,3514966.0,0.0
1783408500,3514966.0,3514966.0,3514966.0,3514966.0,0.0
1783409400,3480012.0,3480012.0,3480012.0,3480012.0,0.01668491
1783410300,3480012.0,3480012.0,3480012.0,3480012.0,0.0
1783411200,3480012.0,3480012.0,3480012.0,3480012.0,0.0
1783412100,3480012.0,3480012.0,3480012.0,3480012.0,0.0
1783413000,3480012.0,3480012.0,3480012.0,3480012.0,0.0
1783413900,3513986.0,3513986.0,3513986.0,3513986.0,0.06291743
1783414800,3513986.0,3513986.0,3513986.0,3513986.0,0.0
1783415700,3513986.0,3513986.0,3513986.0,3513986.0,0.0
1783416600,3513986.0,3513986.0,3513986.0,3513986.0,0.0
1783417500,3513811.0,3513811.0,3513811.0,3513811.0,0.02640096
1783418400,3513811.0,3513811.0,3513811.0,3513811.0,0.0
1783419300,3509946.0,3509946.0,3509946.0,3509946.0,0.00846993
1783420200,3509980.0,3509980.0,3480012.0,3480012.0,0.09181696
1783421100,3480012.0,3480012.0,3480012.0,3480012.0,0.0
1783422000,3480012.0,3480012.0,3480012.0,3480012.0,0.01457214
1783422900,3480012.0,3480012.0,3477537.0,3477537.0,2.67088384
1783423800,3477537.0,3477537.0,3475000.0,3475000.0,0.02866299
1783424700,3475000.0,3475000.0,3475000.0,3475000.0,0.0
1783425600,3489931.0,3489931.0,3489931.0,3489931.0,0.0285934
1783426500,3489931.0,3489931.0,3489931.0,3489931.0,0.0
1783427400,3489931.0,3489931.0,3489931.0,3489931.0,0.0
1783428300,3489931.0,3489931.0,3489931.0,3489931.0,0.0
1783429200,3489889.0,3489889.0,3489889.0,3489889.0,0.03348788
1783430100,3489909.0,3489909.0,3489909.0,3489909.0,0.00285365
1783431000,3489814.0,3489814.0,3475000.0,3475000.0,0.00839908
1783431900,3475000.0,3475000.0,3475000.0,3475000.0,0.00836955
1783432800,3475000.0,3475000.0,3475000.0,3475000.0,0.0
1783433700,3475000.0,3475000.0,3469933.0,3469933.0,0.39288664
1783434600,3469933.0,3469933.0,3469933.0,3469933.0,0.0
1783435500,3469933.0,3469933.0,3469933.0,3469933.0,0.0
1783436400,3469933.0,3469933.0,3469933.0,3469933.0,0.0
1783437300,3469933.0,3469933.0,3469933.0,3469933.0,0.0
1783438200,3475000.0,3475000.0,3475000.0,3475000.0,0.01578127
1783439100,3475000.0,3475000.0,3475000.0,3475000.0,0.0
1783440000,3475000.0,3475000.0,3475000.0,3475000.0,0.0
1783440900,3475000.0,3475000.0,3475000.0,3475000.0,0.0
1783441800,3489920.0,3489920.0,3489920.0,3489920.0,1.0
1783442700,3489920.0,3489920.0,3489920.0,3489920.0,0.0
1783443600,3489920.0,3489920.0,3489920.0,3489920.0,0.0
1783444500,3489920.0,3489920.0,3489920.0,3489920.0,0.0
1783445400,3489920.0,3489920.0,3489920.0,3489920.0,0.0
1783446300,3489920.0,3489920.0,3489920.0,3489920.0,0.0
1783447200,3489920.0,3489920.0,3489920.0,3489920.0,0.0
1783448100,3489920.0,3489920.0,3489920.0,3489920.0,0.0
1783449000,3489920.0,3489920.0,3489920.0,3489920.0,0.0
1783449900,3489920.0,3489920.0,3489920.0,3489920.0,0.0
1783450800,3489920.0,3489920.0,3489920.0,3489920.0,0.0
1783451700,3489920.0,3489920.0,3489920.0,3489920.0,0.0
1783452600,3489920.0,3489920.0,3489920.0,3489920.0,0.0
1783453500,3489920.0,3489920.0,3489920.0,3489920.0,0.0
1783454400,3489920.0,3489920.0,3489920.0,3489920.0,0.0
1783455300,3489920.0,3489920.0,3489920.0,3489920.0,0.0
1783456200,3489920.0,3489920.0,3489920.0,3489920.0,0.0
1783457100,3489920.0,3489920.0,3489920.0,3489920.0,0.0
1783458000,3489920.0,3489920.0,3489920.0,3489920.0,0.0
1783458900,3489920.0,3489920.0,3489920.0,3489920.0,0.0
1783459800,3489920.0,3489920.0,3489920.0,3489920.0,0.0
1783460700,3489920.0,3489920.0,3489920.0,3489920.0,0.0
1783461600,3489920.0,3489920.0,3489920.0,3489920.0,0.0
1783462500,3489920.0,3489920.0,3489920.0,3489920.0,0.0
1783463400,3489920.0,3489920.0,3489920.0,3489920.0,0.0
1783464300,3489920.0,3489920.0,3489920.0,3489920.0,0.0
1783465200,3489920.0,3489920.0,3489920.0,3489920.0,0.0
1783466100,3489920.0,3490000.0,3489920.0,3490000.0,0.02819408
1783467000,3490000.0,3490000.0,3490000.0,3490000.0,0.0
1783467900,3519705.0,3519705.0,3519705.0,3519705.0,0.00565899
1783468800,3519705.0,3519705.0,3519705.0,3519705.0,0.0
1783469700,3519705.0,3519705.0,3519705.0,3519705.0,0.0
1783470600,3519705.0,3519705.0,3519705.0,3519705.0,0.0
1783471500,3519705.0,3519705.0,3519705.0,3519705.0,0.0
1783472400,3519705.0,3519705.0,3519705.0,3519705.0,0.0
1783473300,3519705.0,3519705.0,3519705.0,3519705.0,0.0
1783474200,3519705.0,3566425.0,3519705.0,3566425.0,0.94175871
1783475100,3566425.0,3566425.0,3566425.0,3566425.0,0.0
1783476000,3566425.0,3566425.0,3566425.0,3566425.0,0.0
1783476900,3566425.0,3566425.0,3566425.0,3566425.0,0.0
1783477800,3566425.0,3566425.0,3566425.0,3566425.0,0.0
1783478700,3476097.0,3476097.0,3475835.0,3475835.0,0.94175871
1783479600,3475835.0,3475835.0,3475835.0,3475835.0,0.0
1783480500,3566281.0,3566281.0,3475932.0,3566272.0,0.0298749
1783481400,3565569.0,3565569.0,3565569.0,3565569.0,0.00304579
1783482300,3565569.0,3565569.0,3565569.0,3565569.0,0.00655603
1783483200,3476705.0,3476705.0,3476705.0,3476705.0,0.00655603
1783484100,3476705.0,3476705.0,3476705.0,3476705.0,0.0
1783485000,3476705.0,3476705.0,3476705.0,3476705.0,0.0
1783485900,3476705.0,3476705.0,3476705.0,3476705.0,0.0
1783486800,3476705.0,3476705.0,3476705.0,3476705.0,0.0
1783487700,3476705.0,3476705.0,3476705.0,3476705.0,0.0
1783488600,3476705.0,3476705.0,3476705.0,3476705.0,0.0
1783489500,3476705.0,3476705.0,3476705.0,3476705.0,0.0
1783490400,3476705.0,3476705.0,3476705.0,3476705.0,0.0
1783491300,3476705.0,3476705.0,3476705.0,3476705.0,0.0
1783492200,3476705.0,3476705.0,3476705.0,3476705.0,0.0
1783493100,3565445.0,3565445.0,3565000.0,3565000.0,0.04075924
1783494000,3565000.0,3565000.0,3565000.0,3565000.0,0.0
1783494900,3565000.0,3565000.0,3565000.0,3565000.0,0.03089145
1783495800,3565000.0,3565000.0,3565000.0,3565000.0,0.0
1783496700,3565000.0,3565000.0,3565000.0,3565000.0,0.00279354
1783497600,3565000.0,3565100.0,3565000.0,3565100.0,0.13874578
1783498500,3565086.0,3565086.0,3565079.0,3565079.0,0.00754231
1783499400,3565079.0,3565079.0,3565079.0,3565079.0,0.0
1783500300,3564301.0,3564590.0,3479333.0,3479333.0,0.30763849
1783501200,3479333.0,3479333.0,3478905.0,3478905.0,0.13927558
1783502100,3478905.0,3478905.0,3478905.0,3478905.0,0.0
1783503000,3478905.0,3478905.0,3478905.0,3478905.0,0.0
1783503900,3478905.0,3478905.0,3478905.0,3478905.0,0.0
1783504800,3478905.0,3478905.0,3478905.0,3478905.0,0.01385904
1783505700,3478905.0,3478905.0,3478905.0,3478905.0,0.0
1783506600,3478905.0,3478905.0,3478905.0,3478905.0,0.0
1783507500,3478905.0,3478905.0,3478905.0,3478905.0,0.0
1783508400,3479905.0,3479905.0,3479905.0,3479905.0,0.03796605
1783509300,3479905.0,3479905.0,3479905.0,3479905.0,0.00475047
1783510200,3479905.0,3479905.0,3479905.0,3479905.0,0.0
1783511100,3479905.0,3479905.0,3475942.0,3475942.0,0.08220893
1783512000,3475942.0,3475942.0,3475942.0,3475942.0,0.0
1783512900,3475942.0,3475942.0,3475942.0,3475942.0,0.0
1783513800,3475952.0,3475952.0,3475952.0,3475952.0,0.30172022
1783514700,3475952.0,3475952.0,3475952.0,3475952.0,0.0
1783515600,3475952.0,3475952.0,3475952.0,3475952.0,0.0
1783516500,3475952.0,3475952.0,3475952.0,3475952.0,0.0
1783517400,3559555.0,3559555.0,3559555.0,3559555.0,0.03346906
1783518300,3559555.0,3559555.0,3559555.0,3559555.0,0.0
1783519200,3559555.0,3559555.0,3559555.0,3559555.0,0.0
1783520100,3477245.0,3477245.0,3477245.0,3477245.0,0.00474883
1783521000,3536012.0,3559549.0,3536012.0,3559549.0,0.14550763
1783521900,3559549.0,3559550.0,3475000.0,3475000.0,2.65122112
1783522800,3559000.0,3559000.0,3559000.0,3559000.0,0.02803849
1783523700,3559000.0,3559000.0,3559000.0,3559000.0,0.0
1783524600,3559000.0,3559000.0,3559000.0,3559000.0,0.00416802
1783525500,3559000.0,3559000.0,3559000.0,3559000.0,0.0
1783526400,3559000.0,3559000.0,3559000.0,3559000.0,0.0
1783527300,3559000.0,3559000.0,3559000.0,3559000.0,0.0
1783528200,3559000.0,3559000.0,3559000.0,3559000.0,0.0
1783529100,3559000.0,3566425.0,3559000.0,3566425.0,0.46396636
1783530000,3578822.0,3578822.0,3578822.0,3578822.0,0.07522011
1783530900,3578822.0,3589999.0,3578822.0,3589999.0,0.29229126
1783531800,3589999.0,3592676.0,3589999.0,3592676.0,0.00523566
1783532700,3592676.0,3592676.0,3592676.0,3592676.0,0.0
1783533600,3592676.0,3648888.0,3592676.0,3648888.0,0.15140633
1783534500,3648888.0,3653000.0,3648888.0,3653000.0,0.07363221
1783535400,3653000.0,3653000.0,3653000.0,3653000.0,0.0
1783536300,3653000.0,3653000.0,3653000.0,3653000.0,0.0
1783537200,3641078.0,3641078.0,3639573.0,3639573.0,0.04507932
1783538100,3639573.0,3639573.0,3639573.0,3639573.0,0.0
1783539000,3639573.0,3639573.0,3639573.0,3639573.0,0.0
1783539900,3639573.0,3639573.0,3639573.0,3639573.0,0.0
1783540800,3639573.0,3639573.0,3639573.0,3639573.0,0.0
1783541700,3653000.0,3653000.0,3653000.0,3653000.0,0.00372679
1783542600,3639573.0,3652996.0,3620023.0,3652996.0,0.00978502
1783543500,3652996.0,3652996.0,3652996.0,3652996.0,0.0
1783544400,3652996.0,3652996.0,3652996.0,3652996.0,0.0
1783545300,3652996.0,3652996.0,3652996.0,3652996.0,0.02569014
1783546200,3652996.0,3652996.0,3652996.0,3652996.0,0.00568054
1783547100,3652996.0,3652996.0,3652996.0,3652996.0,0.0
1783548000,3652996.0,3652996.0,3652996.0,3652996.0,0.0
1783548900,3652996.0,3652996.0,3652996.0,3652996.0,0.0
1783549800,3620023.0,3652996.0,3620023.0,3652996.0,0.00564371
1783550700,3620023.0,3620023.0,3620023.0,3620023.0,0.00565899
1783551600,3620023.0,3620023.0,3620023.0,3620023.0,0.0
1783552500,3620023.0,3620023.0,3620023.0,3620023.0,0.0
1783553400,3620023.0,3620023.0,3620023.0,3620023.0,0.0
1783554300,3653000.0,3653000.0,3653000.0,3653000.0,0.00974459
1783555200,3653000.0,3653000.0,3653000.0,3653000.0,0.0
1783556100,3653000.0,3653000.0,3653000.0,3653000.0,0.0
1783557000,3653000.0,3653000.0,3653000.0,3653000.0,0.0
1783557900,3653000.0,3653000.0,3653000.0,3653000.0,0.0
1783558800,3653000.0,3653000.0,3653000.0,3653000.0,0.0
1783559700,3653000.0,3653000.0,3653000.0,3653000.0,0.0
1783560600,3653000.0,3653000.0,3653000.0,3653000.0,0.0
1783561500,3653000.0,3653000.0,3653000.0,3653000.0,0.01292526
1783562400,3653000.0,3653000.0,3653000.0,3653000.0,0.0
1783563300,3653000.0,3653000.0,3653000.0,3653000.0,0.05304544
1783564200,3620023.0,3653000.0,3620023.0,3653000.0,0.18840514
1783565100,3653000.0,3653000.0,3653000.0,3653000.0,0.0
1783566000,3620023.0,3620023.0,3619998.0,3619998.0,0.1291194
1783566900,3619998.0,3619998.0,3619998.0,3619998.0,0.0
1783567800,3619998.0,3619998.0,3600426.0,3600426.0,0.0639329
1783568700,3600426.0,3600426.0,3600426.0,3600426.0,0.0
1783569600,3600426.0,3600426.0,3600426.0,3600426.0,0.0
1783570500,3600426.0,3600426.0,3600426.0,3600426.0,0.00616355
1783571400,3653000.0,3653000.0,3600426.0,3600426.0,0.01795421
1783572300,3600430.0,3600430.0,3600430.0,3600430.0,0.07767591
1783573200,3653000.0,3653000.0,3653000.0,3653000.0,0.00300793
1783574100,3653000.0,3653000.0,3653000.0,3653000.0,0.0
1783575000,3653000.0,3653000.0,3653000.0,3653000.0,0.0050761
1783575900,3653000.0,3653000.0,3600454.0,3600454.0,0.30151937
1783576800,3600454.0,3600454.0,3600454.0,3600454.0,0.0
1783577700,3600454.0,3600454.0,3600454.0,3600454.0,0.0
1783578600,3600464.0,3600464.0,3600464.0,3600464.0,0.13874578
1783579500,3600464.0,3600464.0,3600464.0,3600464.0,0.0
1783580400,3600464.0,3600464.0,3600464.0,3600464.0,0.0
1783581300,3600464.0,3600464.0,3600464.0,3600464.0,0.0
1783582200,3600464.0,3600464.0,3600464.0,3600464.0,0.0
1783583100,3652995.0,3653000.0,3652995.0,3653000.0,0.54866324
1783584000,3653000.0,3653000.0,3653000.0,3653000.0,0.0
1783584900,3653000.0,3653000.0,3653000.0,3653000.0,0.0
1783585800,3653000.0,3654842.0,3653000.0,3654842.0,0.04043552
1783586700,3654842.0,3654842.0,3654842.0,3654842.0,0.0
1783587600,3654842.0,3675000.0,3654842.0,3675000.0,0.09820776
1783588500,3675000.0,3675000.0,3675000.0,3675000.0,0.0
1783589400,3675000.0,3675000.0,3675000.0,3675000.0,0.0
1783590300,3675000.0,3675000.0,3675000.0,3675000.0,0.0
1783591200,3675000.0,3675000.0,3675000.0,3675000.0,0.0
1783592100,3675000.0,3675000.0,3675000.0,3675000.0,0.02880108
1783593000,3675000.0,3675000.0,3675000.0,3675000.0,0.00372435
1783593900,3675000.0,3675000.0,3601015.0,3601015.0,0.01921391
1783594800,3601015.0,3601015.0,3601015.0,3601015.0,0.0
1783595700,3601015.0,3601015.0,3601015.0,3601015.0,0.0
1783596600,3675000.0,3675000.0,3675000.0,3675000.0,0.01346068
1783597500,3675000.0,3697989.0,3675000.0,3697989.0,0.77379592
1783598400,3697989.0,3697989.0,3697989.0,3697989.0,0.04456638
1783599300,3697989.0,3697989.0,3697989.0,3697989.0,0.0
1783600200,3697989.0,3697989.0,3697989.0,3697989.0,0.00403949
1783601100,3697989.0,3697989.0,3697989.0,3697989.0,0.0
1783602000,3697989.0,3697989.0,3697989.0,3697989.0,0.0
1783602900,3697989.0,3697989.0,3697989.0,3697989.0,0.0
1783603800,3601023.0,3601023.0,3601023.0,3601023.0,0.08483386
1783604700,3694958.0,3694958.0,3601023.0,3601023.0,0.00558584
1783605600,3694916.0,3694916.0,3694908.0,3694908.0,0.0861027
1783606500,3601019.0,3694842.0,3601019.0,3601019.0,0.01381444
1783607400,3601019.0,3601019.0,3601019.0,3601019.0,0.02865633
1783608300,3601023.0,3601023.0,3601019.0,3601019.0,0.77379592
1783609200,3601019.0,3601019.0,3601019.0,3601019.0,0.0
1783610100,3601023.0,3694524.0,3601023.0,3694524.0,0.04230593
1783611000,3694524.0,3694524.0,3694524.0,3694524.0,0.0
1783611900,3694524.0,3694524.0,3694524.0,3694524.0,0.0
1783612800,3694524.0,3694524.0,3694524.0,3694524.0,0.0
1783613700,3689850.0,3689850.0,3689850.0,3689850.0,0.0040484
1783614600,3689850.0,3689850.0,3689850.0,3689850.0,0.0
1783615500,3601023.0,3601023.0,3601023.0,3601023.0,0.05092429
1783616400,3601023.0,3601023.0,3601023.0,3601023.0,0.0
1783617300,3601023.0,3601023.0,3601023.0,3601023.0,0.0
1783618200,3601023.0,3601023.0,3601023.0,3601023.0,0.00801754
1783619100,3601023.0,3601023.0,3601023.0,3601023.0,0.0
1783620000,3601023.0,3601023.0,3601023.0,3601023.0,0.0
1783620900,3690000.0,3690000.0,3690000.0,3690000.0,0.00507913
1783621800,3690000.0,3690000.0,3690000.0,3690000.0,0.0
1783622700,3690000.0,3690000.0,3690000.0,3690000.0,0.0
1783623600,3690000.0,3693956.0,3690000.0,3693956.0,0.24264696
1783624500,3693956.0,3693956.0,3693956.0,3693956.0,0.0
1783625400,3693979.0,3693979.0,3693979.0,3693979.0,0.00337522
1783626300,3693979.0,3693979.0,3693979.0,3693979.0,0.0
1783627200,3693979.0,3693979.0,3693979.0,3693979.0,0.0
1783628100,3693979.0,3693979.0,3693979.0,3693979.0,0.0
1783629000,3693979.0,3693979.0,3693979.0,3693979.0,0.0
1783629900,3693979.0,3693979.0,3693979.0,3693979.0,0.0
1783630800,3693979.0,3693979.0,3693979.0,3693979.0,0.0
1783631700,3693979.0,3693979.0,3693979.0,3693979.0,0.0
1783632600,3689636.0,3689636.0,3689636.0,3689636.0,0.02704575
1783633500,3689636.0,3689636.0,3689636.0,3689636.0,0.0
1783634400,3689636.0,3689636.0,3689636.0,3689636.0,0.0
1783635300,3689636.0,3689636.0,3689636.0,3689636.0,0.0
1783636200,3689636.0,3689636.0,3689636.0,3689636.0,0.0
1783637100,3689636.0,3689636.0,3689636.0,3689636.0,0.0
1783638000,3689636.0,3689636.0,3689636.0,3689636.0,0.0
1783638900,3689096.0,3689096.0,3689096.0,3689096.0,0.00281288
1783639800,3689014.0,3689047.0,3689014.0,3689047.0,0.63221634
1783640700,3689047.0,3689047.0,3689047.0,3689047.0,0.0
1783641600,3689047.0,3689047.0,3689047.0,3689047.0,0.0
1783642500,3688859.0,3688859.0,3688859.0,3688859.0,0.00609944
1783643400,3601508.0,3601508.0,3601508.0,3601508.0,0.00889944
1783644300,3601508.0,3601508.0,3601508.0,3601508.0,0.0
1783645200,3601508.0,3601508.0,3601508.0,3601508.0,0.0
1783646100,3601508.0,3601508.0,3601508.0,3601508.0,0.0
1783647000,3601508.0,3601508.0,3601508.0,3601508.0,0.0
1783647900,3601508.0,3601508.0,3601508.0,3601508.0,0.0
1783648800,3601508.0,3601508.0,3601508.0,3601508.0,0.0
1783649700,3601508.0,3601508.0,3601508.0,3601508.0,0.02606789
1783650600,3601508.0,3601508.0,3601508.0,3601508.0,0.0
1783651500,3601508.0,3601508.0,3601508.0,3601508.0,0.0
1783652400,3687992.0,3687992.0,3687992.0,3687992.0,0.01623457
1783653300,3687952.0,3687952.0,3601516.0,3601516.0,0.00680643
1783654200,3601516.0,3601516.0,3601516.0,3601516.0,0.0
1783655100,3601516.0,3601516.0,3601516.0,3601516.0,0.0
1783656000,3601516.0,3601516.0,3601516.0,3601516.0,0.0
1783656900,3687611.0,3687611.0,3687611.0,3687611.0,0.01999939
1783657800,3687611.0,3687611.0,3687611.0,3687611.0,0.0
1783658700,3687611.0,3687611.0,3687611.0,3687611.0,0.0
1783659600,3601533.0,3601533.0,3600423.0,3600427.0,0.261943
1783660500,3600427.0,3600427.0,3600427.0,3600427.0,0.0
1783661400,3600427.0,3600427.0,3600427.0,3600427.0,0.0
1783662300,3600427.0,3600427.0,3600427.0,3600427.0,0.0
1783663200,3600427.0,3600427.0,3600427.0,3600427.0,0.0
1783664100,3600427.0,3600427.0,3600427.0,3600427.0,0.0
1783665000,3600427.0,3600427.0,3600427.0,3600427.0,0.0
1783665900,3600427.0,3600427.0,3600427.0,3600427.0,0.0
1783666800,3600427.0,3600427.0,3600427.0,3600427.0,0.0
1783667700,3600427.0,3600427.0,3600427.0,3600427.0,0.0
1783668600,3600427.0,3600427.0,3600427.0,3600427.0,0.0
1783669500,3600427.0,3600427.0,3600427.0,3600427.0,0.0
1783670400,3600427.0,3600427.0,3600427.0,3600427.0,0.0
1783671300,3600427.0,3600427.0,3600427.0,3600427.0,0.0
1783672200,3600427.0,3600427.0,3600427.0,3600427.0,0.0
1783673100,3600427.0,3600427.0,3600427.0,3600427.0,0.0
1783674000,3600427.0,3600427.0,3600427.0,3600427.0,0.0
1783674900,3600427.0,3600427.0,3600427.0,3600427.0,0.0
1783675800,3600427.0,3600427.0,3600427.0,3600427.0,0.0
1783676700,3600431.0,3667582.0,3600431.0,3667582.0,0.23334447
1783677600,3667582.0,3667582.0,3667582.0,3667582.0,0.0
1783678500,3667582.0,3667582.0,3667582.0,3667582.0,0.0
1783679400,3667369.0,3667369.0,3667354.0,3667354.0,0.13436814
1783680300,3659956.0,3659956.0,3659956.0,3659956.0,0.0272107
1783681200,3659956.0,3659956.0,3659956.0,3659956.0,0.0
1783682100,3600426.0,3600426.0,3600426.0,3600426.0,0.00359749
1783683000,3600426.0,3600426.0,3600426.0,3600426.0,0.01558216
1783683900,3659710.0,3659710.0,3600422.0,3600422.0,0.02673444
1783684800,3659478.0,3659478.0,3659478.0,3659478.0,0.0043957
1783685700,3659478.0,3659478.0,3659478.0,3659478.0,0.0
1783686600,3658860.0,3658860.0,3658860.0,3658860.0,0.00681824
1783687500,3658860.0,3658860.0,3658860.0,3658860.0,0.0
1783688400,3658557.0,3658557.0,3658557.0,3658557.0,0.01463254
1783689300,3600426.0,3600426.0,3541696.0,3541696.0,0.30745874
1783690200,3541831.0,3541831.0,3541831.0,3541831.0,0.01463254
1783691100,3658549.0,3687633.0,3658549.0,3687633.0,1.68906263
1783692000,3697989.0,3697989.0,3697989.0,3697989.0,0.27689025
1783692900,3697989.0,3697989.0,3697989.0,3697989.0,0.0
1783693800,3699995.0,3700000.0,3541877.0,3541877.0,3.14204745
1783694700,3699996.0,3699996.0,3699996.0,3699996.0,0.00269162
1783695600,3699996.0,3699996.0,3699996.0,3699996.0,0.0
1783696500,3699988.0,3717976.0,3699988.0,3717976.0,1.31950153
1783697400,3717976.0,3717976.0,3717976.0,3717976.0,0.0
1783698300,3642002.0,3736562.0,3542001.0,3736562.0,0.0193389
1783699200,3736562.0,3736562.0,3736562.0,3736562.0,0.0
1783700100,3736562.0,3736563.0,3736562.0,3736563.0,0.10248267
1783701000,3736563.0,3736563.0,3736563.0,3736563.0,0.0
1783701900,3641985.0,3641985.0,3541984.0,3541984.0,0.05787963
1783702800,3541984.0,3541984.0,3541984.0,3541984.0,0.0
1783703700,3541984.0,3541984.0,3541984.0,3541984.0,0.0
1783704600,3541984.0,3541984.0,3541984.0,3541984.0,0.0
1783705500,3541984.0,3541984.0,3541984.0,3541984.0,0.0
1783706400,3541984.0,3541984.0,3541984.0,3541984.0,0.0
1783707300,3541984.0,3541984.0,3541984.0,3541984.0,0.0
1783708200,3541984.0,3541984.0,3541984.0,3541984.0,0.0
1783709100,3541984.0,3541984.0,3541984.0,3541984.0,0.0
1783710000,3541984.0,3541984.0,3541984.0,3541984.0,0.0
1783710900,3541984.0,3541984.0,3541984.0,3541984.0,0.0
1783711800,3541984.0,3541984.0,3541984.0,3541984.0,0.0
1783712700,3541984.0,3541984.0,3541984.0,3541984.0,0.0
1783713600,3541984.0,3541984.0,3541984.0,3541984.0,0.0
1783714500,3541984.0,3541984.0,3541984.0,3541984.0,0.0
1783715400,3541984.0,3541984.0,3541984.0,3541984.0,0.0
1783716300,3541984.0,3541984.0,3541984.0,3541984.0,0.0
1783717200,3541984.0,3541984.0,3541984.0,3541984.0,0.0
1783718100,3541984.0,3541984.0,3541984.0,3541984.0,0.0
1783719000,3541984.0,3541984.0,3541984.0,3541984.0,0.0
1783719900,3541984.0,3541984.0,3541984.0,3541984.0,0.0
1783720800,3541984.0,3541984.0,3541984.0,3541984.0,0.0
1783721700,3682140.0,3736562.0,3682140.0,3736562.0,0.05569942
1783722600,3736562.0,3736562.0,3736562.0,3736562.0,0.0
1783723500,3736562.0,3736562.0,3736562.0,3736562.0,0.0
1783724400,3736562.0,3736562.0,3736562.0,3736562.0,0.0
1783725300,3736562.0,3736562.0,3736562.0,3736562.0,0.0
1783726200,3736562.0,3736562.0,3736562.0,3736562.0,0.0
1783727100,3736562.0,3736562.0,3736562.0,3736562.0,0.0
1783728000,3736562.0,3736565.0,3736562.0,3736565.0,0.09841272
1783728900,3736565.0,3783739.0,3736565.0,3783739.0,0.03364974
1783729800,3783739.0,3783739.0,3783739.0,3783739.0,0.0
1783730700,3699386.0,3699386.0,3584911.0,3584911.0,0.0269417
1783731600,3584911.0,3584911.0,3584911.0,3584911.0,0.0
1783732500,3684918.0,3684918.0,3584950.0,3584950.0,0.0313034
1783733400,3584950.0,3584950.0,3584950.0,3584950.0,0.0
1783734300,3584993.0,3821230.0,3480000.0,3480000.0,3.55715797
1783735200,3480000.0,3480000.0,3480000.0,3480000.0,0.0
1783736100,3500125.0,3500125.0,3500125.0,3500125.0,0.01623457
1783737000,3500018.0,3500018.0,3500018.0,3500018.0,0.00465866
1783737900,3789998.0,3789998.0,3789998.0,3789998.0,0.00284248
1783738800,3789997.0,3789997.0,3789997.0,3789997.0,0.00600237
1783739700,3779955.0,3779968.0,3779955.0,3779968.0,0.1489922
1783740600,3779968.0,3779968.0,3779968.0,3779968.0,0.0
1783741500,3779968.0,3779968.0,3779968.0,3779968.0,0.0
1783742400,3779968.0,3779968.0,3779968.0,3779968.0,0.0
1783743300,3779968.0,3779968.0,3779968.0,3779968.0,0.0
1783744200,3500290.0,3500294.0,3500149.0,3500294.0,0.05286276
1783745100,3779000.0,3779000.0,3779000.0,3779000.0,0.01030616
1783746000,3779004.0,3779004.0,3779001.0,3779001.0,0.01185894
1783746900,3779001.0,3779001.0,3779001.0,3779001.0,0.0
1783747800,3778998.0,3778998.0,3700352.0,3700352.0,0.03107822
1783748700,3700352.0,3700352.0,3700352.0,3700352.0,0.23309115
1783749600,3700352.0,3700352.0,3700352.0,3700352.0,0.0
1783750500,3778976.0,3778978.0,3778976.0,3778978.0,0.06601599
1783751400,3700352.0,3700352.0,3700352.0,3700352.0,0.00750845
1783752300,3700352.0,3700352.0,3700352.0,3700352.0,0.0
1783753200,3700352.0,3700352.0,3700352.0,3700352.0,0.0
1783754100,3700352.0,3700352.0,3700352.0,3700352.0,0.0
1783755000,3700352.0,3700352.0,3700352.0,3700352.0,0.0
1783755900,3700352.0,3700352.0,3700352.0,3700352.0,0.0
1783756800,3700352.0,3700352.0,3700352.0,3700352.0,0.0
1783757700,3700352.0,3700352.0,3700352.0,3700352.0,0.0
1783758600,3700352.0,3700352.0,3700352.0,3700352.0,0.0
1783759500,3700352.0,3700352.0,3700352.0,3700352.0,0.0
1783760400,3700369.0,3700369.0,3500370.0,3500370.0,0.11159836
1783761300,3750000.0,3750000.0,3750000.0,3750000.0,1.81827768
1783762200,3750000.0,3750000.0,3750000.0,3750000.0,0.0
1783763100,3779001.0,3779796.0,3779001.0,3779796.0,0.01740174
1783764000,3779796.0,3779796.0,3779796.0,3779796.0,0.0
1783764900,3779796.0,3779796.0,3779796.0,3779796.0,0.0
1783765800,3779796.0,3779796.0,3779796.0,3779796.0,0.0
1783766700,3779796.0,3779796.0,3779796.0,3779796.0,0.00504868
1783767600,3779792.0,3779792.0,3779792.0,3779792.0,0.00345124
1783768500,3779792.0,3779792.0,3700509.0,3700509.0,0.01203539
1783769400,3779784.0,3779784.0,3779784.0,3779784.0,0.02640071
1783770300,3779784.0,3779784.0,3779784.0,3779784.0,0.0
1783771200,3705012.0,3705012.0,3505006.0,3505070.0,0.02179744
1783772100,3779778.0,3779780.0,3779778.0,3779780.0,0.02784103
1783773000,3779746.0,3779746.0,3779746.0,3779746.0,0.02512047
1783773900,3707002.0,3779746.0,3707002.0,3779746.0,0.01920448
1783774800,3779746.0,3779746.0,3779746.0,3779746.0,0.00353939
1783775700,3779746.0,3779746.0,3520050.0,3530011.0,0.30590942
1783776600,3609693.0,3609693.0,3609693.0,3609693.0,0.02512047
1783777500,3609693.0,3609693.0,3609693.0,3609693.0,0.0
1783778400,3609693.0,3609693.0,3609693.0,3609693.0,0.0
1783779300,3609693.0,3609693.0,3609693.0,3609693.0,0.0
1783780200,3609693.0,3609693.0,3609693.0,3609693.0,0.0
1783781100,3730013.0,3730013.0,3530010.0,3530010.0,0.39288241
1783782000,3719333.0,3779724.0,3719333.0,3779724.0,0.24833859
1783782900,3530276.0,3779666.0,3530207.0,3679650.0,0.33431087
1783783800,3679649.0,3679649.0,3679649.0,3679649.0,0.0068501
1783784700,3679649.0,3679649.0,3679649.0,3679649.0,0.0
1783785600,3679649.0,3679649.0,3679649.0,3679649.0,0.0
1783786500,3679649.0,3679649.0,3679649.0,3679649.0,0.0
1783787400,3729133.0,3729133.0,3729133.0,3729133.0,0.00668975
1783788300,3729133.0,3729133.0,3729133.0,3729133.0,0.0
1783789200,3729133.0,3729133.0,3729133.0,3729133.0,0.0
1783790100,3651002.0,3651002.0,3651002.0,3651002.0,0.00769619
1783791000,3729132.0,3729132.0,3729132.0,3729132.0,0.00511647
1783791900,3729132.0,3729132.0,3729132.0,3729132.0,0.0
1783792800,3729132.0,3729132.0,3531011.0,3531011.0,0.02222714
1783793700,3729132.0,3729132.0,3531012.0,3531012.0,0.011273
1783794600,3536129.0,3607622.0,3535353.0,3553809.0,0.02383444
1783795500,3553809.0,3553809.0,3553809.0,3553809.0,0.0
1783796400,3589734.0,3589734.0,3589734.0,3589734.0,0.0027743
1783797300,3589734.0,3589734.0,3589734.0,3589734.0,0.0
1783798200,3589734.0,3589734.0,3589734.0,3589734.0,0.0
1783799100,3589734.0,3625659.0,3589734.0,3625659.0,0.00675063
1783800000,3625659.0,3625659.0,3625659.0,3625659.0,0.0
1783800900,3625659.0,3625659.0,3625659.0,3625659.0,0.0
1783801800,3625659.0,3625659.0,3625659.0,3625659.0,0.0
1783802700,3625659.0,3625659.0,3625659.0,3625659.0,0.0
1783803600,3535994.0,3535994.0,3535994.0,3535994.0,0.00286515
1783804500,3535994.0,3535994.0,3535994.0,3535994.0,0.0
1783805400,3535994.0,3535994.0,3535994.0,3535994.0,0.0
1783806300,3535995.0,3535995.0,3535995.0,3535995.0,0.00675029
1783807200,3535995.0,3535995.0,3535995.0,3535995.0,0.0
1783808100,3535995.0,3535995.0,3535995.0,3535995.0,0.0
1783809000,3535995.0,3535995.0,3535995.0,3535995.0,0.0
1783809900,3535995.0,3535995.0,3535995.0,3535995.0,0.0
1783810800,3535995.0,3535995.0,3535995.0,3535995.0,0.0
1783811700,3535995.0,3535995.0,3535995.0,3535995.0,0.0
1783812600,3625659.0,3679115.0,3625659.0,3679115.0,0.02723079
1783813500,3679115.0,3679115.0,3679115.0,3679115.0,0.0
1783814400,3679115.0,3679115.0,3679115.0,3679115.0,0.0
1783815300,3679115.0,3679115.0,3679115.0,3679115.0,0.1137634
1783816200,3679115.0,3679115.0,3679115.0,3679115.0,0.0
1783817100,3679115.0,3679115.0,3679115.0,3679115.0,0.0
1783818000,3679115.0,3679115.0,3679115.0,3679115.0,0.0
1783818900,3679115.0,3679115.0,3679115.0,3679115.0,0.0
1783819800,3679115.0,3679115.0,3679115.0,3679115.0,0.0
1783820700,3679115.0,3679115.0,3679115.0,3679115.0,0.0
1783821600,3679115.0,3679115.0,3679115.0,3679115.0,0.0
1783822500,3679100.0,3679100.0,3679100.0,3679100.0,0.00624853
1783823400,3679100.0,3679100.0,3679100.0,3679100.0,0.0
1783824300,3679100.0,3679100.0,3679100.0,3679100.0,0.0
1783825200,3556214.0,3679100.0,3556214.0,3679100.0,0.08528533
1783826100,3679100.0,3729000.0,3679100.0,3729000.0,0.3489377
1783827000,3729000.0,3729000.0,3729000.0,3729000.0,0.0
1783827900,3729000.0,3729000.0,3729000.0,3729000.0,0.0
1783828800,3729000.0,3729000.0,3729000.0,3729000.0,0.0
1783829700,3729000.0,3729000.0,3729000.0,3729000.0,0.0
1783830600,3556248.0,3728998.0,3556248.0,3556552.0,0.0162286
1783831500,3556552.0,3728998.0,3556552.0,3728998.0,0.0292683
1783832400,3728998.0,3728998.0,3728998.0,3728998.0,0.0
1783833300,3728997.0,3728998.0,3728997.0,3728998.0,0.00879941
1783834200,3728998.0,3728998.0,3728998.0,3728998.0,0.0
1783835100,3728998.0,3728998.0,3728998.0,3728998.0,0.0
1783836000,3728998.0,3728998.0,3728998.0,3728998.0,0.0
1783836900,3600303.0,3728998.0,3600303.0,3728998.0,0.0168361
1783837800,3728998.0,3728998.0,3728998.0,3728998.0,0.0
1783838700,3728998.0,3728998.0,3728998.0,3728998.0,0.0
1783839600,3600303.0,3600303.0,3558482.0,3558483.0,0.12103083
1783840500,3728993.0,3728993.0,3728993.0,3728993.0,0.00394154
1783841400,3728993.0,3728993.0,3728993.0,3728993.0,0.0
1783842300,3728990.0,3733434.0,3728990.0,3733434.0,1.86523996
1783843200,3733434.0,3733434.0,3733434.0,3733434.0,0.0
1783844100,3733434.0,3733434.0,3733434.0,3733434.0,0.0
1783845000,3561558.0,3561558.0,3561558.0,3561558.0,0.00643274
1783845900,3581970.0,3733432.0,3581582.0,3733432.0,0.26064921
1783846800,3633427.0,3633427.0,3633427.0,3633427.0,0.01449621
1783847700,3633427.0,3633427.0,3633427.0,3633427.0,0.0
1783848600,3633427.0,3633427.0,3633427.0,3633427.0,0.0
1783849500,3633427.0,3633427.0,3633427.0,3633427.0,0.0
1783850400,3633427.0,3633427.0,3633427.0,3633427.0,0.0
1783851300,3633427.0,3633427.0,3633427.0,3633427.0,0.0
1783852200,3633427.0,3633427.0,3633427.0,3633427.0,0.0
1783853100,3633427.0,3633427.0,3633427.0,3633427.0,0.0
1783854000,3633427.0,3633427.0,3633427.0,3633427.0,0.0
1783854900,3733432.0,3733432.0,3733432.0,3733432.0,0.00380668
1783855800,3733432.0,3733432.0,3733432.0,3733432.0,0.0
1783856700,3733432.0,3733432.0,3733432.0,3733432.0,0.0
1783857600,3583019.0,3583019.0,3583019.0,3583019.0,0.03602011
1783858500,3583019.0,3583019.0,3583019.0,3583019.0,0.0
1783859400,3585022.0,3585022.0,3585022.0,3585022.0,0.01623142
1783860300,3585121.0,3585121.0,3585121.0,3585121.0,0.00284248
1783861200,3733430.0,3750607.0,3733430.0,3750607.0,0.2972459
1783862100,3750607.0,3750607.0,3750607.0,3750607.0,0.0
1783863000,3750607.0,3750607.0,3750607.0,3750607.0,0.0
1783863900,3769359.0,3769359.0,3769359.0,3769359.0,0.00312519
1783864800,3769359.0,3769359.0,3769359.0,3769359.0,0.0
1783865700,3769359.0,3779750.0,3769359.0,3779750.0,0.11998717
1783866600,3779750.0,3779750.0,3779750.0,3779750.0,0.0
1783867500,3779750.0,3779750.0,3779750.0,3779750.0,0.01317415
1783868400,3779750.0,3779750.0,3779750.0,3779750.0,0.09926634
1783869300,3779750.0,3779750.0,3779750.0,3779750.0,0.06157973
1783870200,3779750.0,3779750.0,3779750.0,3779750.0,0.0
1783871100,3779750.0,3779750.0,3779750.0,3779750.0,0.02616469
1783872000,3700000.0,3700000.0,3656764.0,3656764.0,0.0219716
1783872900,3656764.0,3656764.0,3656764.0,3656764.0,0.0
1783873800,3779749.0,3779749.0,3779749.0,3779749.0,0.00263483
1783874700,3779749.0,3779749.0,3779749.0,3779749.0,0.0
1783875600,3661389.0,3661389.0,3661388.0,3661388.0,0.01317415
1783876500,3779748.0,3779748.0,3779748.0,3779748.0,0.00660017
1783877400,3779748.0,3779748.0,3779748.0,3779748.0,0.0
1783878300,3779748.0,3779748.0,3779748.0,3779748.0,0.0
1783879200,3779748.0,3779748.0,3779748.0,3779748.0,0.00275335
1783880100,3661389.0,3661389.0,3661389.0,3661389.0,0.00432965
1783881000,3661389.0,3661389.0,3661389.0,3661389.0,0.0
1783881900,3661389.0,3661389.0,3661389.0,3661389.0,0.0
1783882800,3779748.0,3779748.0,3779748.0,3779748.0,0.00295734
1783883700,3779748.0,3779748.0,3779748.0,3779748.0,0.0
1783884600,3779748.0,3779748.0,3779748.0,3779748.0,0.0
1783885500,3779748.0,3779748.0,3779748.0,3779748.0,0.0
1783886400,3779748.0,3779748.0,3779748.0,3779748.0,0.0
1783887300,3779748.0,3779748.0,3779748.0,3779748.0,0.0
1783888200,3779748.0,3779748.0,3779748.0,3779748.0,0.0
1783889100,3779748.0,3779748.0,3779748.0,3779748.0,0.0
1783890000,3779748.0,3779748.0,3779748.0,3779748.0,0.0
1783890900,3779748.0,3779748.0,3779748.0,3779748.0,0.0
1783891800,3779748.0,3779748.0,3779748.0,3779748.0,0.00327541
1783892700,3779748.0,3779748.0,3779748.0,3779748.0,0.0
1783893600,3779748.0,3779748.0,3779748.0,3779748.0,0.0
1783894500,3779748.0,3779748.0,3779748.0,3779748.0,0.03254549
1783895400,3779748.0,3779748.0,3779748.0,3779748.0,0.0
1783896300,3779748.0,3779748.0,3779748.0,3779748.0,0.0
1783897200,3779744.0,3852169.0,3779744.0,3852169.0,2.23245277
1783898100,3750512.0,3750512.0,3661388.0,3661388.0,0.13372016
1783899000,3852029.0,3852029.0,3852029.0,3852029.0,0.01325639
1783899900,3852029.0,3852029.0,3852029.0,3852029.0,0.0
1783900800,3852029.0,3852029.0,3852029.0,3852029.0,0.0
1783901700,3851746.0,3851746.0,3851746.0,3851746.0,0.01369378
1783902600,3851746.0,3851746.0,3851746.0,3851746.0,0.0
1783903500,3700002.0,3851594.0,3661405.0,3851594.0,0.13914754
1783904400,3661992.0,3661992.0,3642680.0,3642680.0,2.23541011
1783905300,3642680.0,3642680.0,3642680.0,3642680.0,0.0
1783906200,3642680.0,3642680.0,3642680.0,3642680.0,0.0
1783907100,3642680.0,3642680.0,3642680.0,3642680.0,0.0
1783908000,3642680.0,3642680.0,3642680.0,3642680.0,0.0
1783908900,3634459.0,3634459.0,3634459.0,3634459.0,0.00377522
1783909800,3634459.0,3634459.0,3634459.0,3634459.0,0.00275335
1783910700,3634459.0,3634459.0,3634459.0,3634459.0,0.01030616
1783911600,3634459.0,3634459.0,3634459.0,3634459.0,0.0
1783912500,3669487.0,3669487.0,3669487.0,3669487.0,0.01788793
1783913400,3768086.0,3768086.0,3768086.0,3768086.0,0.0026451
1783914300,3767008.0,3767008.0,3767008.0,3767008.0,0.0228919
1783915200,3767008.0,3767008.0,3767008.0,3767008.0,0.0
1783916100,3763048.0,3763048.0,3763048.0,3763048.0,0.01314147
1783917000,3634457.0,3760998.0,3600843.0,3760998.0,0.08697723
1783917900,3760998.0,3760998.0,3760998.0,3760998.0,0.0
1783918800,3760998.0,3760998.0,3760998.0,3760998.0,0.0
1783919700,3760998.0,3760998.0,3760998.0,3760998.0,0.0
1783920600,3760998.0,3760998.0,3760998.0,3760998.0,0.0
1783921500,3760998.0,3760998.0,3760998.0,3760998.0,0.0
1783922400,3760998.0,3760998.0,3760998.0,3760998.0,0.0
1783923300,3738002.0,3738002.0,3738002.0,3738002.0,0.0183368
1783924200,3738002.0,3738002.0,3738002.0,3738002.0,0.0
1783925100,3738002.0,3738002.0,3738002.0,3738002.0,0.0
1783926000,3738002.0,3738002.0,3738002.0,3738002.0,0.0
1783926900,3737000.0,3737000.0,3609705.0,3609705.0,0.0550371
1783927800,3735999.0,3735999.0,3735999.0,3735999.0,0.00266568
1783928700,3609706.0,3735999.0,3609706.0,3735999.0,0.00641849
1783929600,3735999.0,3735999.0,3735999.0,3735999.0,0.0
1783930500,3609807.0,3609807.0,3609806.0,3609806.0,0.0121271
1783931400,3609806.0,3609806.0,3609806.0,3609806.0,0.0
1783932300,3609851.0,3609851.0,3609851.0,3609851.0,0.00624853
1783933200,3726009.0,3726010.0,3726009.0,3726010.0,0.0750618
1783934100,3726010.0,3726010.0,3726010.0,3726010.0,0.0
1783935000,3726010.0,3726010.0,3726010.0,3726010.0,0.0
1783935900,3726010.0,3726010.0,3726010.0,3726010.0,0.0
1783936800,3726010.0,3726010.0,3726010.0,3726010.0,0.0
1783937700,3610101.0,3610101.0,3610101.0,3610101.0,0.00312519
1783938600,3610103.0,3610103.0,3610103.0,3610103.0,0.00950002
1783939500,3725003.0,3725004.0,3680117.0,3680117.0,0.16236271
1783940400,3680117.0,3680117.0,3680117.0,3680117.0,0.0
1783941300,3680117.0,3680117.0,3680117.0,3680117.0,0.0
1783942200,3680117.0,3680117.0,3680117.0,3680117.0,0.0
1783943100,3680117.0,3680117.0,3680117.0,3680117.0,0.0
1783944000,3680117.0,3680117.0,3680117.0,3680117.0,0.0
1783944900,3720009.0,3720009.0,3720009.0,3720009.0,0.00652337
1783945800,3720009.0,3720010.0,3720009.0,3720010.0,0.00533923
1783946700,3720002.0,3720002.0,3720002.0,3720002.0,0.00813897
1783947600,3720002.0,3720002.0,3720002.0,3720002.0,0.0
1783948500,3720002.0,3720002.0,3720002.0,3720002.0,0.0
1783949400,3719010.0,3737010.0,3719010.0,3737010.0,0.35782382
1783950300,3680127.0,3680127.0,3680127.0,3680127.0,0.01537256
1783951200,3680127.0,3680127.0,3680127.0,3680127.0,0.0
1783952100,3680127.0,3680127.0,3680127.0,3680127.0,0.0
1783953000,3680127.0,3680127.0,3680127.0,3680127.0,0.0
1783953900,3680127.0,3680127.0,3680127.0,3680127.0,0.0
1783954800,3680127.0,3680127.0,3680127.0,3680127.0,0.0
1783955700,3680127.0,3680127.0,3680127.0,3680127.0,0.0
1783956600,3680127.0,3680127.0,3680127.0,3680127.0,0.0
1783957500,3734996.0,3734996.0,3637191.0,3637191.0,0.00784136
1783958400,3734996.0,3734996.0,3734996.0,3734996.0,0.05686351
1783959300,3734996.0,3734996.0,3734996.0,3734996.0,0.0
1783960200,3734996.0,3734996.0,3734996.0,3734996.0,0.0
1783961100,3734996.0,3734996.0,3734996.0,3734996.0,0.0
1783962000,3734996.0,3734996.0,3734996.0,3734996.0,0.0
1783962900,3730210.0,3730210.0,3730210.0,3730210.0,0.00668782
1783963800,3730210.0,3730210.0,3730210.0,3730210.0,0.0
1783964700,3730210.0,3730210.0,3730210.0,3730210.0,0.0
1783965600,3730210.0,3730210.0,3730210.0,3730210.0,0.0
1783966500,3730210.0,3730210.0,3730210.0,3730210.0,0.0
1783967400,3727520.0,3727520.0,3637190.0,3727465.0,0.0872536
1783968300,3727465.0,3727465.0,3727465.0,3727465.0,0.0
1783969200,3705849.0,3705849.0,3705849.0,3705849.0,0.00419689
1783970100,3705849.0,3705849.0,3705849.0,3705849.0,0.0
1783971000,3705849.0,3705849.0,3705849.0,3705849.0,0.0
1783971900,3705849.0,3705849.0,3705849.0,3705849.0,0.0
1783972800,3705849.0,3705849.0,3705849.0,3705849.0,0.0
1783973700,3705849.0,3705849.0,3705849.0,3705849.0,0.0
1783974600,3705849.0,3705849.0,3705849.0,3705849.0,0.0
1783975500,3705849.0,3705849.0,3705849.0,3705849.0,0.0
1783976400,3705849.0,3705849.0,3705849.0,3705849.0,0.0
1783977300,3705849.0,3705849.0,3705849.0,3705849.0,0.0
1783978200,3705849.0,3705849.0,3705849.0,3705849.0,0.0
1783979100,3705849.0,3705849.0,3705849.0,3705849.0,0.0
1783980000,3705849.0,3705849.0,3705849.0,3705849.0,0.0
1783980900,3705849.0,3705849.0,3705849.0,3705849.0,0.0
1783981800,3705849.0,3705849.0,3705849.0,3705849.0,0.0
1783982700,3705849.0,3705849.0,3705849.0,3705849.0,0.0
1783983600,3705849.0,3705849.0,3705849.0,3705849.0,0.00253499
1783984500,3705849.0,3705849.0,3705849.0,3705849.0,0.0
1783985400,3705849.0,3705849.0,3705849.0,3705849.0,0.0
1783986300,3705849.0,3705849.0,3705849.0,3705849.0,0.0
1783987200,3705849.0,3705849.0,3705849.0,3705849.0,0.0
1783988100,3666403.0,3666403.0,3666403.0,3666403.0,0.00504868
1783989000,3666403.0,3666403.0,3666403.0,3666403.0,0.0
1783989900,3666403.0,3666403.0,3666403.0,3666403.0,0.0
1783990800,3705746.0,3705746.0,3705746.0,3705746.0,0.00618525
1783991700,3705746.0,3705746.0,3705746.0,3705746.0,0.0
1783992600,3666403.0,3666404.0,3666403.0,3666404.0,0.01202343
1783993500,3666404.0,3666404.0,3666404.0,3666404.0,0.0
1783994400,3666404.0,3666404.0,3666404.0,3666404.0,0.0
1783995300,3666404.0,3666404.0,3666404.0,3666404.0,0.0
1783996200,3666404.0,3666404.0,3666404.0,3666404.0,0.0
1783997100,3666404.0,3666404.0,3666404.0,3666404.0,0.0
1783998000,3666404.0,3666404.0,3666404.0,3666404.0,0.0
1783998900,3666403.0,3666403.0,3666403.0,3666403.0,0.37500421
1783999800,3666403.0,3666403.0,3666403.0,3666403.0,0.0
1784000700,3666403.0,3666403.0,3666403.0,3666403.0,0.0
1784001600,3666403.0,3666403.0,3666403.0,3666403.0,0.0
1784002500,3704801.0,3704996.0,3704801.0,3704996.0,1.00042594
1784003400,3666403.0,3666403.0,3637264.0,3637264.0,0.12599406
1784004300,3704495.0,3704495.0,3704495.0,3704495.0,0.0136364
1784005200,3704495.0,3704495.0,3704495.0,3704495.0,0.0
1784006100,3704495.0,3704495.0,3704495.0,3704495.0,0.0
1784007000,3677939.0,3677939.0,3677939.0,3677939.0,0.04043552
1784007900,3677939.0,3677939.0,3677939.0,3677939.0,0.0
1784008800,3677939.0,3677939.0,3677939.0,3677939.0,0.0
1784009700,3677943.0,3677943.0,3677943.0,3677943.0,0.00417312
1784010600,3677943.0,3677943.0,3677943.0,3677943.0,0.0
1784011500,3677943.0,3677943.0,3677943.0,3677943.0,0.0
1784012400,3677943.0,3677943.0,3677943.0,3677943.0,0.0
1784013300,3677943.0,3677943.0,3677943.0,3677943.0,0.0
1784014200,3677943.0,3677943.0,3677943.0,3677943.0,0.0
1784015100,3677943.0,3677943.0,3677943.0,3677943.0,0.0
1784016000,3703996.0,3703996.0,3703996.0,3703996.0,0.00268871
1784016900,3703996.0,3703996.0,3703996.0,3703996.0,0.0
1784017800,3703996.0,3703996.0,3703996.0,3703996.0,0.0
1784018700,3703996.0,3703996.0,3703996.0,3703996.0,0.0
1784019600,3703996.0,3703996.0,3703996.0,3703996.0,0.0
1784020500,3703996.0,3703996.0,3703996.0,3703996.0,0.0
1784021400,3703996.0,3703996.0,3703996.0,3703996.0,0.0
1784022300,3703996.0,3703996.0,3703996.0,3703996.0,0.0
1784023200,3703996.0,3703996.0,3703996.0,3703996.0,0.0
1784024100,3703996.0,3703996.0,3703996.0,3703996.0,0.0
1784025000,3677939.0,3677939.0,3677939.0,3677939.0,0.00813897
1784025900,3677939.0,3677939.0,3677939.0,3677939.0,0.0
1784026800,3677939.0,3677939.0,3677939.0,3677939.0,0.0
1784027700,3677939.0,3677939.0,3677939.0,3677939.0,0.0
1784028600,3677939.0,3677939.0,3677939.0,3677939.0,0.0
1784029500,3677939.0,3677939.0,3677939.0,3677939.0,0.0
1784030400,3703492.0,3703492.0,3703492.0,3703492.0,0.00421737
1784031300,3703492.0,3703492.0,3703492.0,3703492.0,0.0
1784032200,3703492.0,3703492.0,3703492.0,3703492.0,0.0
1784033100,3703492.0,3703492.0,3703492.0,3703492.0,0.0
1784034000,3703492.0,3703492.0,3703492.0,3703492.0,0.0
1784034900,3703492.0,3703492.0,3703492.0,3703492.0,0.0
1784035800,3716458.0,3716458.0,3677939.0,3677939.0,0.20500009
1784036700,3677939.0,3677939.0,3677939.0,3677939.0,0.0
1784037600,3677939.0,3677939.0,3677939.0,3677939.0,0.0
1784038500,3677939.0,3677939.0,3677939.0,3677939.0,0.0
1784039400,3677939.0,3677939.0,3677939.0,3677939.0,0.0
1784040300,3677939.0,3677939.0,3677939.0,3677939.0,0.0
1784041200,3709000.0,3709000.0,3709000.0,3709000.0,0.00268509
1784042100,3708900.0,3708900.0,3708900.0,3708900.0,0.01356574
1784043000,3677939.0,3677939.0,3671036.0,3671036.0,0.01968601
1784043900,3671036.0,3671036.0,3671036.0,3671036.0,0.0
1784044800,3671036.0,3671036.0,3671036.0,3671036.0,0.0
1784045700,3671036.0,3671036.0,3671036.0,3671036.0,0.0
1784046600,3716436.0,3716436.0,3716436.0,3716436.0,0.12422411
1784047500,3716436.0,3716436.0,3716436.0,3716436.0,0.0
1784048400,3716436.0,3716436.0,3716436.0,3716436.0,0.0
1784049300,3716436.0,3716436.0,3716436.0,3716436.0,0.0
1784050200,3716436.0,3716436.0,3716436.0,3716436.0,0.0
1784051100,3759991.0,3759991.0,3759991.0,3759991.0,0.00663485
1784052000,3759991.0,3759991.0,3759991.0,3759991.0,0.0
1784052900,3759991.0,3759991.0,3759991.0,3759991.0,0.0
1784053800,3759991.0,3763041.0,3759991.0,3763041.0,0.18323461
1784054700,3763041.0,3763041.0,3763041.0,3763041.0,0.0
1784055600,3763041.0,3763041.0,3763041.0,3763041.0,0.0
1784056500,3763041.0,3763041.0,3763041.0,3763041.0,0.0
1784057400,3763041.0,3763041.0,3763041.0,3763041.0,0.0
1784058300,3763041.0,3763041.0,3763041.0,3763041.0,0.0
1784059200,3763041.0,3763041.0,3763041.0,3763041.0,0.00529305
1784060100,3763041.0,3763041.0,3763041.0,3763041.0,0.0
1784061000,3763041.0,3763041.0,3763041.0,3763041.0,0.0
1784061900,3763041.0,3763041.0,3763041.0,3763041.0,0.0
1784062800,3763041.0,3763041.0,3763041.0,3763041.0,0.0
1784063700,3763041.0,3763041.0,3763041.0,3763041.0,0.0
1784064600,3763041.0,3763041.0,3763041.0,3763041.0,0.0
1784065500,3763041.0,3763041.0,3763041.0,3763041.0,0.0
1784066400,3760500.0,3763041.0,3760500.0,3763041.0,1.78909197
1784067300,3763042.0,3763042.0,3763042.0,3763042.0,0.56990804
1784068200,3763042.0,3763042.0,3763042.0,3763042.0,0.0
1784069100,3763042.0,3763042.0,3763042.0,3763042.0,0.0
1784070000,3763042.0,3763042.0,3763042.0,3763042.0,0.0
1784070900,3763050.0,3763050.0,3763050.0,3763050.0,0.542739
1784071800,3763041.0,3763041.0,3669949.0,3669949.0,0.13309374
1784072700,3772903.0,3772903.0,3672904.0,3672904.0,0.02616469
1784073600,3672904.0,3672904.0,3672904.0,3672904.0,0.0
1784074500,3790126.0,3790126.0,3790126.0,3790126.0,0.00525522
1784075400,3790126.0,3790126.0,3790126.0,3790126.0,0.00466132
1784076300,3790126.0,3790126.0,3790126.0,3790126.0,0.00387717
1784077200,3790126.0,3790126.0,3790126.0,3790126.0,0.0
1784078100,3790126.0,3790126.0,3790126.0,3790126.0,0.0
1784079000,3790126.0,3790126.0,3790126.0,3790126.0,0.0
1784079900,3790126.0,3790126.0,3790126.0,3790126.0,0.0
1784080800,3790126.0,3790126.0,3790126.0,3790126.0,0.0
1784081700,3790126.0,3790126.0,3790126.0,3790126.0,0.0
1784082600,3790126.0,3790126.0,3790126.0,3790126.0,0.0
1784083500,3790126.0,3790126.0,3790126.0,3790126.0,0.0
1784084400,3790126.0,3790126.0,3790126.0,3790126.0,0.0
1784085300,3790126.0,3790126.0,3790126.0,3790126.0,0.0
1784086200,3790126.0,3790126.0,3790126.0,3790126.0,0.0
1784087100,3790126.0,3790126.0,3790126.0,3790126.0,0.0
1784088000,3790124.0,3790124.0,3790124.0,3790124.0,0.10018221
1784088900,3790124.0,3790124.0,3790124.0,3790124.0,0.0
1784089800,3790124.0,3790124.0,3790124.0,3790124.0,0.0
1784090700,3790124.0,3790124.0,3790124.0,3790124.0,0.0
1784091600,3790124.0,3808900.0,3790124.0,3790130.0,1.42019851
1784092500,3790130.0,3790130.0,3790130.0,3790130.0,0.0
1784093400,3790130.0,3790130.0,3790130.0,3790130.0,0.0
1784094300,3790130.0,3790130.0,3790130.0,3790130.0,0.0
1784095200,3790130.0,3790130.0,3790130.0,3790130.0,0.0
1784096100,3790130.0,3790130.0,3790130.0,3790130.0,0.0
1784097000,3849995.0,3849995.0,3849995.0,3849995.0,0.0036039
1784097900,3849995.0,3849995.0,3849995.0,3849995.0,0.0
1784098800,3790526.0,3849995.0,3790526.0,3849995.0,0.02940939
1784099700,3849995.0,3849995.0,3849995.0,3849995.0,0.0
1784100600,3790526.0,3790526.0,3790526.0,3790526.0,0.02449694
1784101500,3790526.0,3790526.0,3790526.0,3790526.0,0.0
1784102400,3706645.0,3706645.0,3706645.0,3706645.0,0.00570084
1784103300,3844527.0,3844527.0,3844527.0,3844527.0,0.00305681
1784104200,3844527.0,3844527.0,3844527.0,3844527.0,0.0
1784105100,3742987.0,3742987.0,3742987.0,3742987.0,0.00570084
1784106000,3742987.0,3742987.0,3742987.0,3742987.0,0.0
1784106900,3742987.0,3742987.0,3742987.0,3742987.0,0.0
1784107800,3742987.0,3742987.0,3742987.0,3742987.0,0.0
1784108700,3742987.0,3742987.0,3742987.0,3742987.0,0.0
1784109600,3742987.0,3742987.0,3742987.0,3742987.0,0.0
1784110500,3742987.0,3742987.0,3742987.0,3742987.0,0.0
1784111400,3742987.0,3742987.0,3742987.0,3742987.0,0.0
1784112300,3742987.0,3742987.0,3742987.0,3742987.0,0.0
1784113200,3742987.0,3742987.0,3742987.0,3742987.0,0.0
1784114100,3707918.0,3707918.0,3707918.0,3707918.0,0.09924869
1784115000,3707922.0,3707922.0,3707922.0,3707922.0,0.00618525
1784115900,3707922.0,3707922.0,3707922.0,3707922.0,0.0
1784116800,3707950.0,3707950.0,3707950.0,3707950.0,0.55829932
1784117700,3707950.0,3707950.0,3707950.0,3707950.0,0.0
1784118600,3707950.0,3707950.0,3707950.0,3707950.0,0.0
1784119500,3707950.0,3707950.0,3707950.0,3707950.0,0.0
1784120400,3789999.0,3790000.0,3789900.0,3789900.0,0.02896809
1784121300,3789900.0,3789900.0,3789900.0,3789900.0,0.0
1784122200,3789900.0,3789900.0,3789900.0,3789900.0,0.0
1784123100,3789890.0,3789890.0,3789890.0,3789890.0,0.01304681
1784124000,3789870.0,3789870.0,3789870.0,3789870.0,0.05402955
1784124900,3789870.0,3789870.0,3789870.0,3789870.0,0.0
1784125800,3707911.0,3707912.0,3707911.0,3707912.0,0.01546226
1784126700,3707912.0,3707912.0,3707912.0,3707912.0,0.0
1784127600,3707912.0,3707912.0,3707912.0,3707912.0,0.0
1784128500,3707912.0,3707912.0,3707911.0,3707911.0,0.80186261
1784129400,3707911.0,3707911.0,3707911.0,3707911.0,0.0
1784130300,3707911.0,3707911.0,3707911.0,3707911.0,0.0
1784131200,3707911.0,3707911.0,3707911.0,3707911.0,0.0
1784132100,3707911.0,3707911.0,3707911.0,3707911.0,0.0
1784133000,3765771.0,3765771.0,3765771.0,3765771.0,0.00905312
1784133900,3765771.0,3765771.0,3765771.0,3765771.0,0.0
1784134800,3788845.0,3788845.0,3788842.0,3788842.0,0.01058501
1784135700,3788842.0,3788842.0,3788842.0,3788842.0,0.0
1784136600,3788842.0,3788842.0,3788842.0,3788842.0,0.0
1784137500,3707002.0,3707002.0,3707002.0,3707002.0,0.00400069
1784138400,3788860.0,3788860.0,3788860.0,3788860.0,0.0988218
1784139300,3788860.0,3788860.0,3788860.0,3788860.0,0.0
1784140200,3788860.0,3788860.0,3788860.0,3788860.0,0.0
1784141100,3788860.0,3788860.0,3788860.0,3788860.0,0.0
1784142000,3788860.0,3788860.0,3788860.0,3788860.0,0.0
1784142900,3788860.0,3788860.0,3788860.0,3788860.0,0.0
1784143800,3788860.0,3788860.0,3788860.0,3788860.0,0.0
1784144700,3707002.0,3707002.0,3690526.0,3690526.0,0.04515774
1784145600,3690526.0,3690526.0,3690526.0,3690526.0,0.0
1784146500,3690526.0,3690526.0,3690526.0,3690526.0,0.0
1784147400,3690526.0,3690526.0,3690526.0,3690526.0,0.0
1784148300,3690526.0,3690526.0,3690526.0,3690526.0,0.0
1784149200,3788800.0,3788800.0,3788800.0,3788800.0,0.01314268
1784150100,3788800.0,3788800.0,3788800.0,3788800.0,0.0
1784151000,3788800.0,3788800.0,3788800.0,3788800.0,0.0
1784151900,3788800.0,3788800.0,3788800.0,3788800.0,0.0
1784152800,3788800.0,3788800.0,3788800.0,3788800.0,0.0
1784153700,3788800.0,3788800.0,3788800.0,3788800.0,0.0
1784154600,3788800.0,3788800.0,3788800.0,3788800.0,0.0
1784155500,3788800.0,3788800.0,3788800.0,3788800.0,0.0
1784156400,3788800.0,3788800.0,3788800.0,3788800.0,0.0
1784157300,3788800.0,3788800.0,3788800.0,3788800.0,0.0
1784158200,3788800.0,3788800.0,3788800.0,3788800.0,0.0
1784159100,3788800.0,3788800.0,3788800.0,3788800.0,0.0
1784160000,3788800.0,3788800.0,3788800.0,3788800.0,0.0
1784160900,3788700.0,3788700.0,3788700.0,3788700.0,0.58933735
1784161800,3788700.0,3788700.0,3788700.0,3788700.0,0.0
1784162700,3788700.0,3788700.0,3788700.0,3788700.0,0.0
1784163600,3788700.0,3788700.0,3788700.0,3788700.0,0.0
1784164500,3788700.0,3788700.0,3788700.0,3788700.0,0.0
1784165400,3788700.0,3788700.0,3788700.0,3788700.0,0.0
1784166300,3788700.0,3788700.0,3788700.0,3788700.0,0.0
1784167200,3788700.0,3788700.0,3788700.0,3788700.0,0.0
1784168100,3788700.0,3788700.0,3788700.0,3788700.0,0.0
1784169000,3788700.0,3788700.0,3788700.0,3788700.0,0.0
1784169900,3788600.0,3788600.0,3691993.0,3691993.0,0.02867623
1784170800,3691993.0,3691993.0,3691993.0,3691993.0,0.0
1784171700,3691993.0,3691993.0,3691993.0,3691993.0,0.0
1784172600,3788600.0,3838999.0,3788600.0,3838999.0,0.71472339
1784173500,3838951.0,3838951.0,3838951.0,3838951.0,0.00383203
1784174400,3838985.0,3838985.0,3838985.0,3838985.0,0.00259417
1784175300,3838985.0,3838985.0,3838985.0,3838985.0,0.0
1784176200,3838985.0,3838985.0,3838985.0,3838985.0,0.0
1784177100,3838985.0,3838985.0,3838985.0,3838985.0,0.0
1784178000,3838985.0,3838985.0,3838985.0,3838985.0,0.0
1784178900,3838985.0,3838985.0,3838985.0,3838985.0,0.0
1784179800,3838751.0,3838751.0,3838751.0,3838751.0,0.00759413
1784180700,3838751.0,3838751.0,3838751.0,3838751.0,0.0
1784181600,3838751.0,3838751.0,3838751.0,3838751.0,0.0
1784182500,3838751.0,3838751.0,3838751.0,3838751.0,0.0
1784183400,3838751.0,3838751.0,3838751.0,3838751.0,0.0
1784184300,3838751.0,3838751.0,3838751.0,3838751.0,0.0
1784185200,3793589.0,3794000.0,3793589.0,3794000.0,0.28783887
1784186100,3794000.0,3794000.0,3794000.0,3794000.0,0.0
1784187000,3794000.0,3794000.0,3794000.0,3794000.0,0.0
1784187900,3794000.0,3794000.0,3794000.0,3794000.0,0.0
1784188800,3794996.0,3794996.0,3794996.0,3794996.0,0.03219871
1784189700,3794996.0,3794996.0,3794996.0,3794996.0,0.0
1784190600,3794096.0,3794996.0,3794096.0,3794996.0,0.01312387
1784191500,3794996.0,3794996.0,3794996.0,3794996.0,0.0
1784192400,3693917.0,3693917.0,3693917.0,3693917.0,0.00273093
1784193300,3693917.0,3693917.0,3693917.0,3693917.0,0.0
1784194200,3693917.0,3693917.0,3693917.0,3693917.0,0.0
1784195100,3693917.0,3693917.0,3693917.0,3693917.0,0.0
1784196000,3693917.0,3693917.0,3693917.0,3693917.0,0.0
1784196900,3693917.0,3693917.0,3693917.0,3693917.0,0.0
1784197800,3794005.0,3794875.0,3693921.0,3693921.0,0.05153093
1784198700,3794875.0,3794875.0,3794875.0,3794875.0,0.06560848
1784199600,3794875.0,3794875.0,3794875.0,3794875.0,0.0
1784200500,3794875.0,3794875.0,3794875.0,3794875.0,0.0
1784201400,3794875.0,3794875.0,3794875.0,3794875.0,0.0
1784202300,3791269.0,3791269.0,3791269.0,3791269.0,0.00262682
1784203200,3791269.0,3791269.0,3791269.0,3791269.0,0.0
1784204100,3791125.0,3791125.0,3791125.0,3791125.0,0.00279442
1784205000,3791125.0,3791125.0,3791125.0,3791125.0,0.0
1784205900,3791125.0,3791125.0,3791125.0,3791125.0,0.0
1784206800,3791125.0,3791125.0,3791125.0,3791125.0,0.0
1784207700,3791125.0,3791125.0,3791125.0,3791125.0,0.0
1784208600,3695541.0,3789081.0,3695541.0,3789081.0,0.14471808
1784209500,3789081.0,3789081.0,3789081.0,3789081.0,0.0
1784210400,3770005.0,3770005.0,3770005.0,3770005.0,0.00661723
1784211300,3770005.0,3770005.0,3695510.0,3695510.0,0.00839468
1784212200,3695510.0,3695510.0,3695510.0,3695510.0,0.0
1784213100,3747737.0,3747737.0,3695909.0,3695909.0,0.09201537
1784214000,3695909.0,3695909.0,3695909.0,3695909.0,0.0
1784214900,3695909.0,3742349.0,3695909.0,3742349.0,0.01326043
1784215800,3742349.0,3742349.0,3742349.0,3742349.0,0.0
1784216700,3750480.0,3750480.0,3750480.0,3750480.0,0.00951611
1784217600,3750480.0,3750480.0,3750480.0,3750480.0,0.02499973
1784218500,3748795.0,3748795.0,3748795.0,3748795.0,0.00624814
1784219400,3748795.0,3748795.0,3748795.0,3748795.0,0.0
1784220300,3748795.0,3748795.0,3748795.0,3748795.0,0.0
1784221200,3695915.0,3695915.0,3695915.0,3695915.0,0.01553106
1784222100,3750480.0,3750480.0,3695915.0,3750480.0,0.01465399
1784223000,3750480.0,3750480.0,3750480.0,3750480.0,0.0
1784223900,3695915.0,3695915.0,3695915.0,3695915.0,0.01336825
1784224800,3695915.0,3695915.0,3695915.0,3695915.0,0.0
1784225700,3695915.0,3695915.0,3695915.0,3695915.0,0.0
1784226600,3695915.0,3695915.0,3695915.0,3695915.0,0.0
1784227500,3695915.0,3695915.0,3695915.0,3695915.0,0.0
1784228400,3695915.0,3695915.0,3695915.0,3695915.0,0.0
1784229300,3749999.0,3749999.0,3749999.0,3749999.0,0.00904826
1784230200,3749999.0,3749999.0,3749999.0,3749999.0,0.0
1784231100,3749999.0,3749999.0,3749999.0,3749999.0,0.0
1784232000,3749999.0,3749999.0,3749999.0,3749999.0,0.0
1784232900,3749999.0,3749999.0,3749999.0,3749999.0,0.0
1784233800,3749999.0,3749999.0,3749999.0,3749999.0,0.0
1784234700,3749999.0,3749999.0,3749999.0,3749999.0,0.0
1784235600,3749999.0,3749999.0,3749999.0,3749999.0,0.0
1784236500,3749999.0,3749999.0,3749999.0,3749999.0,0.0
1784237400,3749653.0,3749653.0,3749653.0,3749653.0,0.31871909
1784238300,3749653.0,3749653.0,3749653.0,3749653.0,0.0
1784239200,3749653.0,3749653.0,3749653.0,3749653.0,0.0
1784240100,3749653.0,3749653.0,3749653.0,3749653.0,0.0
1784241000,3749653.0,3749653.0,3749653.0,3749653.0,0.0
1784241900,3749653.0,3749653.0,3749653.0,3749653.0,0.0
1784242800,3749653.0,3749653.0,3749653.0,3749653.0,0.0
1784243700,3695915.0,3695915.0,3695909.0,3695909.0,0.13010344
1784244600,3695909.0,3695909.0,3693916.0,3693916.0,0.04220319
1784245500,3693916.0,3693916.0,3693916.0,3693916.0,0.0
1784246400,3693916.0,3693916.0,3693916.0,3693916.0,0.0
1784247300,3693916.0,3693916.0,3693916.0,3693916.0,0.0
1784248200,3693916.0,3693916.0,3650000.0,3650000.0,1.21294993
1784249100,3650000.0,3650000.0,3650000.0,3650000.0,0.0
1784250000,3650000.0,3650000.0,3650000.0,3650000.0,0.0
1784250900,3650000.0,3650000.0,3650000.0,3650000.0,0.0
1784251800,3650000.0,3650000.0,3650000.0,3650000.0,0.0
1784252700,3650000.0,3650000.0,3650000.0,3650000.0,0.01015481
1784253600,3650004.0,3650004.0,3650004.0,3650004.0,0.00562256
1784254500,3650004.0,3650004.0,3650004.0,3650004.0,0.0
1784255400,3650004.0,3650004.0,3650004.0,3650004.0,0.0
1784256300,3650000.0,3650000.0,3590121.0,3590121.0,0.20949337
1784257200,3590012.0,3590012.0,3590012.0,3590012.0,0.06223621
1784258100,3705480.0,3705480.0,3590042.0,3590042.0,0.06100691
1784259000,3590042.0,3590042.0,3590042.0,3590042.0,0.0
1784259900,3590042.0,3590042.0,3590042.0,3590042.0,0.0
1784260800,3590042.0,3590042.0,3590042.0,3590042.0,0.0
1784261700,3684397.0,3684398.0,3684397.0,3684398.0,0.15621575
1784262600,3684398.0,3684398.0,3684398.0,3684398.0,0.0
1784263500,3681606.0,3681606.0,3681606.0,3681606.0,0.2534364
1784264400,3681606.0,3681606.0,3681606.0,3681606.0,0.0
1784265300,3590925.0,3590925.0,3590034.0,3590042.0,0.03635497
1784266200,3667659.0,3667659.0,3667657.0,3667657.0,0.00590076
1784267100,3667657.0,3667657.0,3667657.0,3667657.0,0.0
1784268000,3667657.0,3667657.0,3667657.0,3667657.0,0.0
1784268900,3667657.0,3667657.0,3667657.0,3667657.0,0.0
1784269800,3667657.0,3667657.0,3667657.0,3667657.0,0.0
1784270700,3667657.0,3667657.0,3667657.0,3667657.0,0.0
1784271600,3667657.0,3667657.0,3667657.0,3667657.0,0.0
1784272500,3590048.0,3590048.0,3590048.0,3590048.0,0.00904778
1784273400,3590048.0,3590048.0,3590048.0,3590048.0,0.0
1784274300,3641341.0,3641341.0,3590052.0,3590052.0,0.00558461
1784275200,3649470.0,3649470.0,3649470.0,3649470.0,0.00446201
1784276100,3649470.0,3649470.0,3649470.0,3649470.0,0.0
1784277000,3649470.0,3649470.0,3649470.0,3649470.0,0.0
1784277900,3649470.0,3649470.0,3649470.0,3649470.0,0.0
1784278800,3649470.0,3649470.0,3649470.0,3649470.0,0.0
1784279700,3649470.0,3649470.0,3649470.0,3649470.0,0.0
1784280600,3590052.0,3590052.0,3590025.0,3590025.0,0.01312348
1784281500,3650487.0,3650487.0,3590035.0,3590035.0,0.04038261
1784282400,3590035.0,3590035.0,3590035.0,3590035.0,0.0
1784283300,3590035.0,3590035.0,3590035.0,3590035.0,0.0
1784284200,3590035.0,3590035.0,3590035.0,3590035.0,0.0
1784285100,3590035.0,3590035.0,3590035.0,3590035.0,0.0
1784286000,3591000.0,3591000.0,3591000.0,3591000.0,0.00503457
1784286900,3658878.0,3658878.0,3658878.0,3658878.0,0.06545558
1784287800,3658878.0,3658878.0,3658878.0,3658878.0,0.0
1784288700,3591000.0,3591000.0,3590032.0,3590035.0,0.57295495
1784289600,3590035.0,3590035.0,3590035.0,3590035.0,0.0
1784290500,3590035.0,3590035.0,3590035.0,3590035.0,0.0
1784291400,3590035.0,3590035.0,3590035.0,3590035.0,0.0
1784292300,3590035.0,3590035.0,3590035.0,3590035.0,0.0
1784293200,3590035.0,3590035.0,3590035.0,3590035.0,0.0
1784294100,3590035.0,3590035.0,3590035.0,3590035.0,0.0
1784295000,3590042.0,3590042.0,3590042.0,3590042.0,0.00372679
1784295900,3590042.0,3590042.0,3590042.0,3590042.0,0.0
1784296800,3590042.0,3590042.0,3590042.0,3590042.0,0.0
1784297700,3590042.0,3590042.0,3590042.0,3590042.0,0.0
1784298600,3590042.0,3590042.0,3590042.0,3590042.0,0.0
1784299500,3590042.0,3590042.0,3590042.0,3590042.0,0.0
1784300400,3590042.0,3590042.0,3590042.0,3590042.0,0.0
1784301300,3590042.0,3590042.0,3590042.0,3590042.0,0.0
1784302200,3590042.0,3590042.0,3590042.0,3590042.0,0.0
1784303100,3590042.0,3590042.0,3590042.0,3590042.0,0.0
1784304000,3590042.0,3590042.0,3590042.0,3590042.0,0.0
1784304900,3590042.0,3590042.0,3590042.0,3590042.0,0.0
1784305800,3590042.0,3590042.0,3590042.0,3590042.0,0.0
1784306700,3590042.0,3590042.0,3590042.0,3590042.0,0.0
1784307600,3693916.0,3693916.0,3693916.0,3693916.0,0.00669289
1784308500,3693916.0,3695889.0,3693916.0,3695889.0,0.02155779
1784309400,3695889.0,3695889.0,3695889.0,3695889.0,0.0
1784310300,3695889.0,3695889.0,3695889.0,3695889.0,0.0
1784311200,3695889.0,3695889.0,3695889.0,3695889.0,0.0
1784312100,3697659.0,3697659.0,3697659.0,3697659.0,0.02693325
1784313000,3687847.0,3687847.0,3687847.0,3687847.0,0.00676465
1784313900,3687852.0,3687852.0,3687852.0,3687852.0,0.00605664
1784314800,3687852.0,3687852.0,3687852.0,3687852.0,0.0
1784315700,3687852.0,3687852.0,3687852.0,3687852.0,0.0
1784316600,3687852.0,3687852.0,3687852.0,3687852.0,0.0
1784317500,3687852.0,3687852.0,3687852.0,3687852.0,0.0
1784318400,3687852.0,3687852.0,3687852.0,3687852.0,0.0
1784319300,3687852.0,3687852.0,3687852.0,3687852.0,0.0
1784320200,3687852.0,3687852.0,3687852.0,3687852.0,0.0
1784321100,3687852.0,3687852.0,3687852.0,3687852.0,0.0
1784322000,3687852.0,3687852.0,3687852.0,3687852.0,0.0
1784322900,3687852.0,3687852.0,3687852.0,3687852.0,0.0
1784323800,3687852.0,3687852.0,3687852.0,3687852.0,0.0
1784324700,3687852.0,3687852.0,3687852.0,3687852.0,0.0
1784325600,3687852.0,3687852.0,3687852.0,3687852.0,0.0
1784326500,3687852.0,3687852.0,3687852.0,3687852.0,0.0
1784327400,3669105.0,3669105.0,3669105.0,3669105.0,0.00271428
1784328300,3669105.0,3669105.0,3669105.0,3669105.0,0.0
1784329200,3669105.0,3669105.0,3669105.0,3669105.0,0.00271428
1784330100,3669105.0,3669105.0,3669105.0,3669105.0,0.0
1784331000,3669105.0,3669105.0,3669105.0,3669105.0,0.0
1784331900,3669105.0,3669105.0,3669105.0,3669105.0,0.0
1784332800,3590961.0,3590961.0,3590961.0,3590961.0,0.04371911
1784333700,3590961.0,3590961.0,3590961.0,3590961.0,0.0
1784334600,3590961.0,3590961.0,3590961.0,3590961.0,0.0
1784335500,3590961.0,3590961.0,3590961.0,3590961.0,0.0
1784336400,3590961.0,3590961.0,3590961.0,3590961.0,0.0
1784337300,3590961.0,3590961.0,3590961.0,3590961.0,0.0
1784338200,3590961.0,3590961.0,3590961.0,3590961.0,0.0
1784339100,3676596.0,3676596.0,3676596.0,3676596.0,0.01007344
1784340000,3676596.0,3676596.0,3676596.0,3676596.0,0.0
1784340900,3676596.0,3676596.0,3676596.0,3676596.0,0.0
1784341800,3676596.0,3676596.0,3676596.0,3676596.0,0.0
1784342700,3676596.0,3676596.0,3676596.0,3676596.0,0.0
1784343600,3676596.0,3676596.0,3676596.0,3676596.0,0.0
1784344500,3676596.0,3676596.0,3676596.0,3676596.0,0.0
1784345400,3676596.0,3676596.0,3676596.0,3676596.0,0.0
1784346300,3676596.0,3676596.0,3676596.0,3676596.0,0.0
1784347200,3590961.0,3590961.0,3590961.0,3590961.0,0.00383203
1784348100,3590961.0,3590961.0,3590961.0,3590961.0,0.0
1784349000,3700000.0,3700000.0,3700000.0,3700000.0,0.02691621
1784349900,3700000.0,3700000.0,3700000.0,3700000.0,0.0
1784350800,3700000.0,3700000.0,3700000.0,3700000.0,0.0
1784351700,3700000.0,3700000.0,3700000.0,3700000.0,0.0
1784352600,3700000.0,3700000.0,3700000.0,3700000.0,0.0
1784353500,3591100.0,3700000.0,3591100.0,3700000.0,0.0681472
1784354400,3700000.0,3700000.0,3700000.0,3700000.0,0.0
1784355300,3700000.0,3700000.0,3700000.0,3700000.0,0.0
1784356200,3700000.0,3700000.0,3700000.0,3700000.0,0.0
1784357100,3700000.0,3700000.0,3700000.0,3700000.0,0.0
1784358000,3700000.0,3700000.0,3700000.0,3700000.0,0.0
1784358900,3700000.0,3700000.0,3700000.0,3700000.0,0.0
1784359800,3700000.0,3700000.0,3700000.0,3700000.0,0.0
1784360700,3591304.0,3699996.0,3591304.0,3699996.0,0.03253793
1784361600,3660634.0,3660634.0,3660634.0,3660634.0,0.00272056
1784362500,3700000.0,3700000.0,3700000.0,3700000.0,0.00269162
1784363400,3591300.0,3591300.0,3591300.0,3591300.0,0.00529601
1784364300,3591300.0,3591300.0,3591300.0,3591300.0,0.0
1784365200,3591300.0,3591300.0,3591300.0,3591300.0,0.0
1784366100,3591300.0,3591300.0,3591300.0,3591300.0,0.0
1784367000,3591500.0,3591500.0,3591500.0,3591500.0,0.00576012
1784367900,3591500.0,3591500.0,3591500.0,3591500.0,0.0
1784368800,3591500.0,3591500.0,3591500.0,3591500.0,0.0
1784369700,3591500.0,3591500.0,3591500.0,3591500.0,0.0
1784370600,3591500.0,3591500.0,3591500.0,3591500.0,0.0
1784371500,3656478.0,3656478.0,3656478.0,3656478.0,0.0152346
1784372400,3656478.0,3656478.0,3656478.0,3656478.0,0.0
1784373300,3656478.0,3656478.0,3656478.0,3656478.0,0.0
1784374200,3656478.0,3656478.0,3656478.0,3656478.0,0.0
1784375100,3656478.0,3656478.0,3656478.0,3656478.0,0.0
1784376000,3658092.0,3658092.0,3658092.0,3658092.0,0.00272245
1784376900,3658092.0,3658092.0,3658092.0,3658092.0,0.0
1784377800,3658092.0,3658092.0,3658092.0,3658092.0,0.0
1784378700,3657820.0,3657820.0,3657820.0,3657820.0,0.00626192
1784379600,3657820.0,3657820.0,3657820.0,3657820.0,0.0
1784380500,3657820.0,3657820.0,3657820.0,3657820.0,0.0
1784381400,3591750.0,3591750.0,3591750.0,3591750.0,0.01286114
1784382300,3591750.0,3591750.0,3591750.0,3591750.0,0.0
1784383200,3658965.0,3658965.0,3658965.0,3658965.0,0.0027218
1784384100,3658965.0,3658965.0,3658965.0,3658965.0,0.0
1784385000,3658955.0,3658955.0,3658955.0,3658955.0,0.01340929
1784385900,3658955.0,3658955.0,3658955.0,3658955.0,0.0
1784386800,3658955.0,3658955.0,3658955.0,3658955.0,0.0
1784387700,3658955.0,3658955.0,3658955.0,3658955.0,0.0
1784388600,3658955.0,3658955.0,3658955.0,3658955.0,0.0
1784389500,3658955.0,3658955.0,3658955.0,3658955.0,0.0
1784390400,3658955.0,3658955.0,3658955.0,3658955.0,0.0
1784391300,3656944.0,3656944.0,3656944.0,3656944.0,0.01316317
1784392200,3656944.0,3656944.0,3656944.0,3656944.0,0.0
1784393100,3656944.0,3656944.0,3656944.0,3656944.0,0.0
1784394000,3656944.0,3656944.0,3656944.0,3656944.0,0.0
1784394900,3657014.0,3657014.0,3657014.0,3657014.0,0.08079433
1784395800,3657014.0,3657014.0,3657014.0,3657014.0,0.0
1784396700,3657014.0,3657014.0,3657014.0,3657014.0,0.0
1784397600,3657014.0,3657014.0,3657014.0,3657014.0,0.0
1784398500,3657014.0,3657014.0,3657014.0,3657014.0,0.0
1784399400,3657014.0,3657014.0,3657014.0,3657014.0,0.00299533
1784400300,3592063.0,3592063.0,3592063.0,3592063.0,0.00299533
1784401200,3592063.0,3592063.0,3592063.0,3592063.0,0.0
1784402100,3592063.0,3592063.0,3592063.0,3592063.0,0.0
1784403000,3657014.0,3657014.0,3657014.0,3657014.0,0.01364337
1784403900,3657014.0,3657014.0,3657014.0,3657014.0,0.0
1784404800,3657014.0,3657014.0,3657014.0,3657014.0,0.0
1784405700,3657014.0,3657014.0,3657014.0,3657014.0,0.0
1784406600,3657014.0,3657014.0,3657014.0,3657014.0,0.0
1784407500,3657014.0,3657014.0,3657014.0,3657014.0,0.01286454
1784408400,3657014.0,3657014.0,3657014.0,3657014.0,0.0
1784409300,3657014.0,3657014.0,3657014.0,3657014.0,0.0
1784410200,3657014.0,3657014.0,3657014.0,3657014.0,0.0
1784411100,3657014.0,3657014.0,3657014.0,3657014.0,0.0
1784412000,3657014.0,3657014.0,3657014.0,3657014.0,0.0
1784412900,3657014.0,3657014.0,3657014.0,3657014.0,0.0
1784413800,3657014.0,3657014.0,3657014.0,3657014.0,0.0
1784414700,3657014.0,3657014.0,3657014.0,3657014.0,0.0
1784415600,3657014.0,3657014.0,3657014.0,3657014.0,0.0
1784416500,3657014.0,3657014.0,3657014.0,3657014.0,0.01714573
1784417400,3657014.0,3657014.0,3657014.0,3657014.0,0.0
1784418300,3657014.0,3657014.0,3657014.0,3657014.0,0.0
1784419200,3657014.0,3657014.0,3657014.0,3657014.0,0.0
1784420100,3657014.0,3657014.0,3657014.0,3657014.0,0.0
1784421000,3592150.0,3592150.0,3592150.0,3592150.0,0.02704575
1784421900,3592150.0,3592150.0,3592150.0,3592150.0,0.0
1784422800,3592150.0,3592150.0,3592150.0,3592150.0,0.0
1784423700,3592150.0,3592150.0,3592150.0,3592150.0,0.0
1784424600,3655932.0,3655932.0,3655932.0,3655932.0,0.00272406
1784425500,3655932.0,3655932.0,3655932.0,3655932.0,0.0
1784426400,3655932.0,3655932.0,3655932.0,3655932.0,0.0
1784427300,3655932.0,3655932.0,3655932.0,3655932.0,0.0
1784428200,3655932.0,3655932.0,3655932.0,3655932.0,0.0
1784429100,3655932.0,3655932.0,3655932.0,3655932.0,0.0
1784430000,3655932.0,3655932.0,3655932.0,3655932.0,0.0
1784430900,3655932.0,3655932.0,3655932.0,3655932.0,0.0
1784431800,3656478.0,3656478.0,3656478.0,3656478.0,0.00702178
1784432700,3656478.0,3656478.0,3656478.0,3656478.0,0.0
1784433600,3656478.0,3656478.0,3656478.0,3656478.0,0.0
1784434500,3656478.0,3656478.0,3656478.0,3656478.0,0.0
1784435400,3657280.0,3657280.0,3657280.0,3657280.0,0.1368167
1784436300,3657280.0,3657280.0,3657280.0,3657280.0,0.0
1784437200,3655909.0,3655909.0,3655909.0,3655909.0,0.02015832
1784438100,3655909.0,3655909.0,3655909.0,3655909.0,0.0
1784439000,3655909.0,3655909.0,3655909.0,3655909.0,0.0
1784439900,3655909.0,3655909.0,3655909.0,3655909.0,0.0
1784440800,3655909.0,3655909.0,3655909.0,3655909.0,0.0
1784441700,3655909.0,3655909.0,3655909.0,3655909.0,0.0
1784442600,3655909.0,3655909.0,3655909.0,3655909.0,0.0
1784443500,3655909.0,3655909.0,3655909.0,3655909.0,0.0
1784444400,3592655.0,3592655.0,3483067.0,3483067.0,2.58896637
1784445300,3483750.0,3654309.0,3483750.0,3654309.0,0.37342019
1784446200,3654309.0,3654309.0,3654309.0,3654309.0,0.0
1784447100,3654309.0,3654309.0,3654309.0,3654309.0,0.0
1784448000,3654309.0,3654309.0,3654309.0,3654309.0,0.0
1784448900,3484556.0,3532000.0,3484556.0,3532000.0,0.01680751
1784449800,3484683.0,3484683.0,3483971.0,3483971.0,0.05501867
1784450700,3521969.0,3521969.0,3521969.0,3521969.0,0.02186741
1784451600,3521969.0,3521969.0,3521969.0,3521969.0,0.0
1784452500,3521969.0,3521969.0,3521969.0,3521969.0,0.0
1784453400,3521969.0,3521969.0,3521969.0,3521969.0,0.0
1784454300,3658820.0,3658820.0,3484709.0,3484709.0,0.32407215
1784455200,3484709.0,3484709.0,3484709.0,3484709.0,0.0
1784456100,3484709.0,3484709.0,3484709.0,3484709.0,0.0
1784457000,3484709.0,3484709.0,3484709.0,3484709.0,0.0
1784457900,3484709.0,3484709.0,3484709.0,3484709.0,0.0
1784458800,3484709.0,3484709.0,3484709.0,3484709.0,0.0
1784459700,3648979.0,3648982.0,3648979.0,3648982.0,0.05374514
1784460600,3648982.0,3648982.0,3648982.0,3648982.0,0.0
1784461500,3648982.0,3648982.0,3648982.0,3648982.0,0.0
1784462400,3558492.0,3558492.0,3558492.0,3558492.0,0.04090954
1784463300,3558492.0,3558492.0,3558492.0,3558492.0,0.0
1784464200,3558492.0,3558492.0,3558492.0,3558492.0,0.0
1784465100,3558492.0,3558492.0,3558492.0,3558492.0,0.0
1784466000,3558492.0,3558492.0,3558492.0,3558492.0,0.0
1784466900,3648089.0,3648098.0,3648089.0,3648098.0,0.19808801
1784467800,3648098.0,3648098.0,3648098.0,3648098.0,0.0
1784468700,3648098.0,3648098.0,3648098.0,3648098.0,0.0
1784469600,3648098.0,3648098.0,3648098.0,3648098.0,0.0105666
1784470500,3648093.0,3648093.0,3648093.0,3648093.0,0.00338313
1784471400,3648093.0,3648093.0,3648093.0,3648093.0,0.0
1784472300,3648093.0,3648093.0,3648093.0,3648093.0,0.0
1784473200,3647991.0,3647991.0,3647991.0,3647991.0,0.0027574
1784474100,3647991.0,3647991.0,3647991.0,3647991.0,0.00683855
1784475000,3647991.0,3647991.0,3647991.0,3647991.0,0.0
1784475900,3647991.0,3647991.0,3647991.0,3647991.0,0.0
1784476800,3569839.0,3569839.0,3559830.0,3559830.0,0.35430376
1784477700,3559830.0,3559830.0,3559830.0,3559830.0,0.0
1784478600,3644984.0,3644984.0,3644984.0,3644984.0,0.05475414
1784479500,3644984.0,3644984.0,3644984.0,3644984.0,0.0
1784480400,3644984.0,3644984.0,3644984.0,3644984.0,0.0
1784481300,3644984.0,3644984.0,3644984.0,3644984.0,0.0
1784482200,3644980.0,3644980.0,3644980.0,3644980.0,0.00273225
1784483100,3644492.0,3644492.0,3644492.0,3644492.0,0.00273261
1784484000,3644492.0,3644492.0,3644492.0,3644492.0,0.0
1784484900,3644492.0,3644492.0,3644492.0,3644492.0,0.0
1784485800,3644492.0,3644492.0,3644492.0,3644492.0,0.0
1784486700,3644492.0,3644492.0,3644492.0,3644492.0,0.0
1784487600,3644492.0,3644492.0,3644492.0,3644492.0,0.0
1784488500,3644492.0,3644492.0,3644492.0,3644492.0,0.0
1784489400,3644492.0,3644492.0,3644492.0,3644492.0,0.0
1784490300,3644492.0,3644492.0,3644492.0,3644492.0,0.0
1784491200,3644492.0,3644492.0,3644492.0,3644492.0,0.0
1784492100,3644492.0,3644492.0,3644492.0,3644492.0,0.0
1784493000,3644492.0,3644492.0,3644492.0,3644492.0,0.0
1784493900,3644492.0,3644492.0,3644492.0,3644492.0,0.0
1784494800,3644492.0,3644492.0,3644492.0,3644492.0,0.0
1784495700,3644492.0,3644492.0,3644492.0,3644492.0,0.0
1784496600,3644492.0,3644492.0,3644492.0,3644492.0,0.0
1784497500,3644492.0,3644492.0,3644492.0,3644492.0,0.0
1784498400,3644492.0,3644492.0,3644492.0,3644492.0,0.0
1784499300,3644496.0,3644496.0,3644496.0,3644496.0,0.27380823
1784500200,3644496.0,3644496.0,3644496.0,3644496.0,0.00546659
1784501100,3644496.0,3644496.0,3644496.0,3644496.0,0.0
1784502000,3644496.0,3644496.0,3644496.0,3644496.0,0.0
1784502900,3644400.0,3644400.0,3644400.0,3644400.0,0.00546537
1784503800,3644400.0,3644400.0,3644400.0,3644400.0,0.0
1784504700,3644400.0,3644400.0,3644400.0,3644400.0,0.0
1784505600,3577507.0,3577507.0,3577507.0,3577507.0,0.00508347
1784506500,3577507.0,3577507.0,3577507.0,3577507.0,0.0
1784507400,3577507.0,3577507.0,3577507.0,3577507.0,0.0
1784508300,3577507.0,3577507.0,3577507.0,3577507.0,0.0
1784509200,3643995.0,3643995.0,3643995.0,3643995.0,0.01197367
1784510100,3643995.0,3643995.0,3643995.0,3643995.0,0.0
1784511000,3643995.0,3643995.0,3643995.0,3643995.0,0.0
1784511900,3643995.0,3643995.0,3643995.0,3643995.0,0.0
1784512800,3643995.0,3643995.0,3643995.0,3643995.0,0.0
1784513700,3577755.0,3577755.0,3577754.0,3577754.0,0.03134379
1784514600,3643976.0,3643976.0,3643976.0,3643976.0,0.00464602
1784515500,3643976.0,3643976.0,3643976.0,3643976.0,0.0
1784516400,3643976.0,3643976.0,3643976.0,3643976.0,0.0
1784517300,3643976.0,3643976.0,3643976.0,3643976.0,0.0
1784518200,3643976.0,3643976.0,3643976.0,3643976.0,0.02098861
1784519100,3643976.0,3643976.0,3643976.0,3643976.0,0.0
1784520000,3594033.0,3594033.0,3594033.0,3594033.0,0.02098861
1784520900,3643981.0,3643981.0,3643981.0,3643981.0,0.02781792
1784521800,3643981.0,3643981.0,3643981.0,3643981.0,0.0
1784522700,3643981.0,3643981.0,3643981.0,3643981.0,0.0
1784523600,3643981.0,3643981.0,3643981.0,3643981.0,0.0
1784524500,3643900.0,3643900.0,3643900.0,3643900.0,0.10826175
1784525400,3643900.0,3643900.0,3643900.0,3643900.0,0.0
1784526300,3643900.0,3643900.0,3643900.0,3643900.0,0.0
1784527200,3643900.0,3643900.0,3643900.0,3643900.0,0.0
1784528100,3643900.0,3643900.0,3643900.0,3643900.0,0.0
1784529000,3643900.0,3643900.0,3643900.0,3643900.0,0.0
1784529900,3643900.0,3643900.0,3643900.0,3643900.0,0.0
1784530800,3604025.0,3604025.0,3505000.0,3505000.0,0.33436893
1784531700,3505000.0,3505000.0,3505000.0,3505000.0,0.0
1784532600,3505000.0,3505000.0,3505000.0,3505000.0,0.0
1784533500,3505000.0,3505000.0,3505000.0,3505000.0,0.0
1784534400,3643790.0,3643795.0,3515596.0,3515596.0,0.82981616
1784535300,3515596.0,3515596.0,3515596.0,3515596.0,0.0
1784536200,3515596.0,3515596.0,3515596.0,3515596.0,0.0
1784537100,3515596.0,3515596.0,3515596.0,3515596.0,0.0
1784538000,3515596.0,3515596.0,3515596.0,3515596.0,0.0
1784538900,3515596.0,3515596.0,3515596.0,3515596.0,0.0
1784539800,3515723.0,3515723.0,3515723.0,3515723.0,0.00546659
1784540700,3643794.0,3643794.0,3643794.0,3643794.0,0.00483808
1784541600,3515768.0,3515768.0,3515767.0,3515767.0,0.03415361
1784542500,3515767.0,3515767.0,3515767.0,3515767.0,0.0
1784543400,3515767.0,3515767.0,3515767.0,3515767.0,0.0
1784544300,3515767.0,3515767.0,3515767.0,3515767.0,0.0
1784545200,3643794.0,3644984.0,3643794.0,3644984.0,0.4245236
1784546100,3699996.0,3699996.0,3699996.0,3699996.0,0.01323271
1784547000,3644984.0,3644984.0,3644984.0,3644984.0,0.28813881
1784547900,3644984.0,3644984.0,3644984.0,3644984.0,0.0
1784548800,3699892.0,3699892.0,3644984.0,3644984.0,0.02964977
1784549700,3644984.0,3644984.0,3644984.0,3644984.0,0.0
1784550600,3699800.0,3699800.0,3644984.0,3644984.0,0.35515546
1784551500,3644984.0,3644984.0,3644984.0,3644984.0,0.0
1784552400,3644984.0,3644984.0,3644984.0,3644984.0,0.0
1784553300,3699790.0,3699790.0,3699790.0,3699790.0,0.00594358
1784554200,3644988.0,3644988.0,3644988.0,3644988.0,0.01948432
1784555100,3644988.0,3644988.0,3644988.0,3644988.0,0.00956004
1784556000,3644988.0,3644988.0,3644988.0,3644988.0,0.0
1784556900,3665003.0,3665003.0,3644984.0,3644984.0,0.21473174
1784557800,3644984.0,3644984.0,3644984.0,3644984.0,0.0
1784558700,3670203.0,3670203.0,3549039.0,3549039.0,0.00814874
1784559600,3549039.0,3549039.0,3549039.0,3549039.0,0.0
1784560500,3570201.0,3570201.0,3570201.0,3570201.0,0.01312615
1784561400,3570201.0,3570201.0,3570201.0,3570201.0,0.0
1784562300,3670202.0,3690000.0,3670202.0,3690000.0,0.27049029
1784563200,3589995.0,3689996.0,3589995.0,3689996.0,0.01995946
1784564100,3689995.0,3689995.0,3689995.0,3689995.0,0.00627155
1784565000,3689995.0,3689995.0,3689995.0,3689995.0,0.0
1784565900,3689995.0,3689995.0,3689995.0,3689995.0,0.0
1784566800,3680556.0,3680556.0,3538580.0,3538580.0,0.0256733
1784567700,3621505.0,3621505.0,3521542.0,3521542.0,0.12318162
1784568600,3521542.0,3521542.0,3521542.0,3521542.0,0.0
1784569500,3680978.0,3680978.0,3680978.0,3680978.0,0.00805981
1784570400,3680978.0,3680978.0,3680978.0,3680978.0,0.0
1784571300,3680978.0,3680978.0,3680978.0,3680978.0,0.0
1784572200,3680978.0,3680978.0,3680978.0,3680978.0,0.0
1784573100,3631614.0,3631614.0,3521599.0,3521599.0,0.01244876
1784574000,3521658.0,3521658.0,3521658.0,3521658.0,0.00554549
1784574900,3521658.0,3521658.0,3521658.0,3521658.0,0.0
1784575800,3521658.0,3521658.0,3521658.0,3521658.0,0.0
1784576700,3521658.0,3521658.0,3521658.0,3521658.0,0.0
1784577600,3521658.0,3521658.0,3521658.0,3521658.0,0.0
1784578500,3521658.0,3521658.0,3521658.0,3521658.0,0.0
1784579400,3521658.0,3521658.0,3521658.0,3521658.0,0.0
1784580300,3660234.0,3660234.0,3660234.0,3660234.0,0.00681568
1784581200,3660234.0,3660234.0,3660234.0,3660234.0,0.0
1784582100,3660234.0,3660234.0,3660234.0,3660234.0,0.0
1784583000,3663533.0,3663533.0,3663533.0,3663533.0,0.27184278
1784583900,3663533.0,3663533.0,3663533.0,3663533.0,0.0
1784584800,3663533.0,3663533.0,3663533.0,3663533.0,0.0
1784585700,3663533.0,3663533.0,3663533.0,3663533.0,0.0
1784586600,3663533.0,3663533.0,3663533.0,3663533.0,0.0
1784587500,3663533.0,3663533.0,3663533.0,3663533.0,0.0
1784588400,3661017.0,3661017.0,3523623.0,3523623.0,0.00843208
1784589300,3523623.0,3523623.0,3523623.0,3523623.0,0.0
1784590200,3523623.0,3523623.0,3523623.0,3523623.0,0.0
1784591100,3669121.0,3669121.0,3669121.0,3669121.0,0.02406898
1784592000,3625765.0,3664327.0,3625765.0,3664327.0,0.03911749
1784592900,3664327.0,3664327.0,3664327.0,3664327.0,0.0
1784593800,3664327.0,3664327.0,3664327.0,3664327.0,0.0
1784594700,3670855.0,3670855.0,3670855.0,3670855.0,0.00566571
1784595600,3670855.0,3670855.0,3670855.0,3670855.0,0.0
1784596500,3670855.0,3670855.0,3670855.0,3670855.0,0.0
1784597400,3670855.0,3670855.0,3670855.0,3670855.0,0.0
1784598300,3625792.0,3673034.0,3625792.0,3673034.0,0.03122201
1784599200,3673034.0,3673034.0,3673034.0,3673034.0,0.0
1784600100,3673034.0,3673034.0,3673034.0,3673034.0,0.0
1784601000,3673034.0,3673034.0,3673034.0,3673034.0,0.0
1784601900,3673034.0,3673034.0,3673034.0,3673034.0,0.0
1784602800,3673034.0,3673034.0,3673034.0,3673034.0,0.0
1784603700,3625792.0,3625792.0,3625792.0,3625792.0,0.00583584
1784604600,3625792.0,3625792.0,3625792.0,3625792.0,0.0
1784605500,3625793.0,3625793.0,3525770.0,3525770.0,0.00935621
1784606400,3525770.0,3525770.0,3525770.0,3525770.0,0.0
1784607300,3525770.0,3525770.0,3525770.0,3525770.0,0.0
1784608200,3525770.0,3525770.0,3525770.0,3525770.0,0.0
1784609100,3525770.0,3525770.0,3525770.0,3525770.0,0.0
1784610000,3525770.0,3525770.0,3525770.0,3525770.0,0.0
1784610900,3525770.0,3525770.0,3525770.0,3525770.0,0.0
1784611800,3525770.0,3525770.0,3525770.0,3525770.0,0.0
1784612700,3525770.0,3525770.0,3525770.0,3525770.0,0.0
1784613600,3525770.0,3525770.0,3525770.0,3525770.0,0.0
1784614500,3525770.0,3525770.0,3525770.0,3525770.0,0.0
1784615400,3525770.0,3525770.0,3525770.0,3525770.0,0.0
1784616300,3525770.0,3525770.0,3525770.0,3525770.0,0.0
1784617200,3525770.0,3525770.0,3525770.0,3525770.0,0.0
1784618100,3637502.0,3637502.0,3637502.0,3637502.0,0.00690171
1784619000,3685973.0,3693824.0,3685973.0,3693824.0,0.90703127
1784619900,3693215.0,3693215.0,3693215.0,3693215.0,0.02606861
1784620800,3699967.0,3699967.0,3699967.0,3699967.0,0.00667438
1784621700,3699946.0,3699946.0,3699896.0,3699896.0,0.00807501
1784622600,3699996.0,3699996.0,3699996.0,3699996.0,0.00916325
1784623500,3699996.0,3699996.0,3699996.0,3699996.0,0.0
1784624400,3679269.0,3699996.0,3679269.0,3699996.0,0.0053818
1784625300,3699996.0,3699996.0,3699996.0,3699996.0,0.0
1784626200,3699996.0,3699996.0,3699996.0,3699996.0,0.0
1784627100,3699996.0,3699996.0,3699996.0,3699996.0,0.0
1784628000,3699996.0,3699996.0,3699996.0,3699996.0,0.0
1784628900,3699996.0,3699996.0,3699996.0,3699996.0,0.0
1784629800,3699996.0,3699996.0,3699996.0,3699996.0,0.0
1784630700,3699996.0,3699996.0,3699996.0,3699996.0,0.0
1784631600,3699996.0,3699996.0,3699996.0,3699996.0,0.0
1784632500,3699996.0,3699996.0,3699996.0,3699996.0,0.0
1784633400,3699996.0,3699996.0,3699996.0,3699996.0,0.0
1784634300,3699996.0,3699996.0,3699996.0,3699996.0,0.0
1784635200,3699996.0,3699996.0,3699996.0,3699996.0,0.0
1784636100,3699996.0,3699996.0,3699996.0,3699996.0,0.0
1784637000,3699996.0,3699996.0,3699996.0,3699996.0,0.0
1784637900,3699824.0,3700000.0,3699824.0,3700000.0,0.80910877
1784638800,3700000.0,3700000.0,3700000.0,3700000.0,0.0
1784639700,3700000.0,3700000.0,3700000.0,3700000.0,0.0
1784640600,3700000.0,3729000.0,3700000.0,3727996.0,0.35936783
1784641500,3727996.0,3727996.0,3727996.0,3727996.0,0.0
1784642400,3670671.0,3670671.0,3670671.0,3670671.0,0.01356574
1784643300,3670671.0,3670671.0,3670671.0,3670671.0,0.03670446
1784644200,3705080.0,3705080.0,3705080.0,3705080.0,0.26933102
1784645100,3670671.0,3670671.0,3637506.0,3637506.0,0.02882699
1784646000,3637506.0,3637506.0,3637506.0,3637506.0,0.0
1784646900,3637610.0,3715112.0,3637610.0,3715112.0,0.03264835
1784647800,3715112.0,3715112.0,3715112.0,3715112.0,0.0
1784648700,3715112.0,3726928.0,3715112.0,3726928.0,0.02552321
1784649600,3722466.0,3722466.0,3722466.0,3722466.0,0.00670174
1784650500,3722466.0,3722466.0,3722466.0,3722466.0,0.0
1784651400,3704148.0,3704148.0,3704148.0,3704148.0,0.05280161
1784652300,3707250.0,3707250.0,3706904.0,3706904.0,0.18012173
1784653200,3659376.0,3659376.0,3659376.0,3659376.0,0.00805981
1784654100,3659376.0,3659376.0,3659376.0,3659376.0,0.0
1784655000,3659376.0,3659376.0,3659376.0,3659376.0,0.0
1784655900,3659376.0,3659376.0,3659376.0,3659376.0,0.0
1784656800,3659376.0,3659376.0,3659376.0,3659376.0,0.0
1784657700,3659376.0,3659376.0,3659376.0,3659376.0,0.0
1784658600,3725410.0,3725410.0,3725410.0,3725410.0,0.00666074
1784659500,3725410.0,3725410.0,3725410.0,3725410.0,0.0
1784660400,3725410.0,3725410.0,3725410.0,3725410.0,0.0
1784661300,3725410.0,3725410.0,3725410.0,3725410.0,0.0
1784662200,3725410.0,3725410.0,3725410.0,3725410.0,0.0
1784663100,3689028.0,3689028.0,3689028.0,3689028.0,0.00437883
1784664000,3689028.0,3689028.0,3689028.0,3689028.0,0.0
1784664900,3689028.0,3689028.0,3689028.0,3689028.0,0.0
1784665800,3689028.0,3689028.0,3689028.0,3689028.0,0.0
1784666700,3689028.0,3689028.0,3689028.0,3689028.0,0.0
1784667600,3689028.0,3689028.0,3689028.0,3689028.0,0.0
1784668500,3689028.0,3689028.0,3689028.0,3689028.0,0.0
1784669400,3686371.0,3686371.0,3685305.0,3685305.0,0.01419701
1784670300,3685305.0,3685305.0,3685305.0,3685305.0,0.0
1784671200,3679295.0,3679295.0,3679295.0,3679295.0,0.13008728
1784672100,3679295.0,3679295.0,3679295.0,3679295.0,0.0
1784673000,3679295.0,3679295.0,3679295.0,3679295.0,0.0
1784673900,3679295.0,3679295.0,3679295.0,3679295.0,0.0
1784674800,3679295.0,3679295.0,3679295.0,3679295.0,0.0
1784675700,3679295.0,3679295.0,3679295.0,3679295.0,0.0
1784676600,3726996.0,3728000.0,3726996.0,3728000.0,0.20037834
1784677500,3728000.0,3728000.0,3728000.0,3728000.0,0.0
1784678400,3728000.0,3728000.0,3728000.0,3728000.0,0.0
1784679300,3728000.0,3728000.0,3728000.0,3728000.0,0.0
1784680200,3728000.0,3728000.0,3728000.0,3728000.0,0.0
1784681100,3728000.0,3728000.0,3728000.0,3728000.0,0.0
1784682000,3728000.0,3728000.0,3728000.0,3728000.0,0.0
1784682900,3728000.0,3728000.0,3728000.0,3728000.0,0.0
1784683800,3728000.0,3728000.0,3728000.0,3728000.0,0.0
1784684700,3728000.0,3728000.0,3728000.0,3728000.0,0.0
1784685600,3728000.0,3728000.0,3728000.0,3728000.0,0.0
1784686500,3716393.0,3716393.0,3716393.0,3716393.0,0.01339874
1784687400,3716393.0,3716393.0,3716393.0,3716393.0,0.0
1784688300,3639155.0,3639155.0,3639155.0,3639155.0,0.00380668
1784689200,3714007.0,3714007.0,3639237.0,3639237.0,0.0622759
1784690100,3713961.0,3713961.0,3713961.0,3713961.0,0.00388453
1784691000,3713961.0,3713961.0,3713961.0,3713961.0,0.0
1784691900,3713961.0,3713961.0,3713961.0,3713961.0,0.0
1784692800,3713961.0,3713961.0,3713961.0,3713961.0,0.0
1784693700,3713961.0,3713961.0,3713961.0,3713961.0,0.0
1784694600,3713961.0,3713961.0,3713961.0,3713961.0,0.0
1784695500,3713961.0,3713961.0,3713961.0,3713961.0,0.0
1784696400,3638999.0,3638999.0,3638999.0,3638999.0,0.0260954
1784697300,3638999.0,3638999.0,3638999.0,3638999.0,0.0
1784698200,3638999.0,3638999.0,3638999.0,3638999.0,0.00667438
1784699100,3704335.0,3850598.0,3704335.0,3850598.0,2.38219663
1784700000,3639003.0,3639003.0,3639003.0,3639003.0,0.02212452
1784700900,3638999.0,3699860.0,3638999.0,3699860.0,0.00656997
1784701800,3695379.0,3695379.0,3695332.0,3695332.0,0.01675539
1784702700,3695332.0,3695332.0,3695332.0,3695332.0,0.0
1784703600,3695332.0,3695332.0,3695332.0,3695332.0,0.0
1784704500,3695332.0,3695332.0,3695332.0,3695332.0,0.0
1784705400,3850597.0,3850597.0,3706962.0,3706962.0,0.13950056
1784706300,3639002.0,3639002.0,3639002.0,3639002.0,0.04431626
1784707200,3703643.0,3703643.0,3703643.0,3703643.0,0.00424851
1784708100,3703643.0,3703643.0,3703643.0,3703643.0,0.0
1784709000,3703643.0,3703643.0,3703643.0,3703643.0,0.0
1784709900,3703643.0,3703643.0,3703643.0,3703643.0,0.0
1784710800,3703643.0,3703643.0,3703643.0,3703643.0,0.0
1784711700,3703643.0,3703643.0,3703643.0,3703643.0,0.0
1784712600,3639013.0,3639013.0,3639013.0,3639013.0,0.01147285
1784713500,3639013.0,3639013.0,3639013.0,3639013.0,0.0
1784714400,3639008.0,3639008.0,3639008.0,3639008.0,0.00916325
1784715300,3715756.0,3715756.0,3639025.0,3639025.0,0.06872907
1784716200,3711959.0,3711959.0,3711959.0,3711959.0,0.02660778
1784717100,3711873.0,3711873.0,3639018.0,3639018.0,0.02106374
1784718000,3639018.0,3639018.0,3639018.0,3639018.0,0.0
1784718900,3703955.0,3703955.0,3639117.0,3639117.0,0.01928526
1784719800,3639117.0,3639117.0,3639117.0,3639117.0,0.0
1784720700,3639117.0,3639117.0,3639117.0,3639117.0,0.0
1784721600,3639117.0,3639117.0,3639117.0,3639117.0,0.0
1784722500,3639504.0,3639504.0,3639504.0,3639504.0,0.015205
1784723400,3639504.0,3639504.0,3639504.0,3639504.0,0.0
1784724300,3702303.0,3702303.0,3702303.0,3702303.0,0.00269805
1784725200,3702303.0,3702303.0,3702303.0,3702303.0,0.0
1784726100,3639757.0,3639757.0,3639757.0,3639757.0,0.00528254
1784727000,3639757.0,3639757.0,3639757.0,3639757.0,0.0
1784727900,3702244.0,3702244.0,3702244.0,3702244.0,0.0120392
1784728800,3672936.0,3672936.0,3672936.0,3672936.0,0.00815064
1784729700,3642032.0,3642032.0,3642032.0,3642032.0,0.01200768
1784730600,3642032.0,3642032.0,3642032.0,3642032.0,0.0
1784731500,3702244.0,3702244.0,3702244.0,3702244.0,1.41210305
1784732400,3720755.0,3796744.0,3720755.0,3796744.0,0.00881514
1784733300,3645044.0,3645149.0,3645044.0,3645149.0,0.00871788
1784734200,3645149.0,3645149.0,3645149.0,3645149.0,0.0
1784735100,3645355.0,3655004.0,3632771.0,3632771.0,1.18261043
1784736000,3651588.0,3651588.0,3651588.0,3651588.0,0.00275011
1784736900,3688877.0,3688878.0,3688877.0,3688878.0,0.0190323
1784737800,3688878.0,3688878.0,3688878.0,3688878.0,0.0
1784738700,3726169.0,3763459.0,3726169.0,3763459.0,0.0107545
1784739600,3763459.0,3800750.0,3763459.0,3800750.0,0.01311922
1784740500,3800750.0,3834745.0,3800750.0,3834745.0,0.00650397
1784741400,3834745.0,3838028.0,3834745.0,3838028.0,0.01048906
1784742300,3838028.0,3838028.0,3838028.0,3838028.0,0.0
1784743200,3838028.0,3838028.0,3838028.0,3838028.0,0.00649995
1784744100,3838022.0,3838022.0,3838022.0,3838022.0,0.00259482
1784745000,3671666.0,3671666.0,3671666.0,3671666.0,0.01443653
1784745900,3671666.0,3671666.0,3671666.0,3671666.0,0.0
1784746800,3837974.0,3838018.0,3671933.0,3838018.0,0.02237367
1784747700,3674205.0,3674205.0,3674205.0,3674205.0,0.00575117
1784748600,3674205.0,3674205.0,3674205.0,3674205.0,0.0
1784749500,3674205.0,3674205.0,3674205.0,3674205.0,0.0
1784750400,3674205.0,3674205.0,3674205.0,3674205.0,0.0
1784751300,3674205.0,3674205.0,3674205.0,3674205.0,0.0
1784752200,3674205.0,3674205.0,3674205.0,3674205.0,0.0
1784753100,3674205.0,3674205.0,3674205.0,3674205.0,0.0
1784754000,3674205.0,3674205.0,3674205.0,3674205.0,0.0
1784754900,3674205.0,3674205.0,3674205.0,3674205.0,0.0
1784755800,3674205.0,3674205.0,3674205.0,3674205.0,0.0
1784756700,3674205.0,3674205.0,3674205.0,3674205.0,0.0
1784757600,3658889.0,3658889.0,3658886.0,3658886.0,0.06560848
1784758500,3800166.0,3800166.0,3800166.0,3800166.0,0.01291996
1784759400,3800166.0,3800166.0,3800166.0,3800166.0,0.0
1784760300,3800166.0,3800166.0,3800166.0,3800166.0,0.0
1784761200,3805885.0,3805885.0,3659209.0,3659209.0,0.01049112
1784762100,3659583.0,3659583.0,3659583.0,3659583.0,0.0129195
1784763000,3659583.0,3659583.0,3659583.0,3659583.0,0.0
1784763900,3659583.0,3659583.0,3659583.0,3659583.0,0.0
1784764800,3659583.0,3659583.0,3659583.0,3659583.0,0.0
1784765700,3659583.0,3659583.0,3659583.0,3659583.0,0.0
1784766600,3659583.0,3659583.0,3659583.0,3659583.0,0.0
1784767500,3659583.0,3659583.0,3659583.0,3659583.0,0.0
1784768400,3659583.0,3659583.0,3659583.0,3659583.0,0.0
1784769300,3805731.0,3805731.0,3805731.0,3805731.0,0.00261684
1784770200,3805701.0,3805701.0,3805701.0,3805701.0,0.00314081
1784771100,3701377.0,3805671.0,3701377.0,3805671.0,0.00918467
1784772000,3805671.0,3805671.0,3805671.0,3805671.0,0.0
1784772900,3776214.0,3776214.0,3701584.0,3701584.0,0.05280161
1784773800,3701584.0,3701584.0,3701584.0,3701584.0,0.0
1784774700,3701330.0,3701330.0,3701330.0,3701330.0,0.00670174
1784775600,3701330.0,3701330.0,3701330.0,3701330.0,0.0
1784776500,3701330.0,3701330.0,3701330.0,3701330.0,0.0
1784777400,3701624.0,3701624.0,3701624.0,3701624.0,0.01362484
1784778300,3701700.0,3701700.0,3701700.0,3701700.0,0.00541022
1784779200,3805710.0,3805710.0,3805710.0,3805710.0,0.00633968
1784780100,3805710.0,3805710.0,3805710.0,3805710.0,0.0
1784781000,3805710.0,3805710.0,3805710.0,3805710.0,0.0
1784781900,3805710.0,3805710.0,3805710.0,3805710.0,0.0
1784782800,3805710.0,3805710.0,3805710.0,3805710.0,0.0
1784783700,3805710.0,3805710.0,3805710.0,3805710.0,0.0
1784784600,3702590.0,3702590.0,3702590.0,3702590.0,0.05213278
1784785500,3702590.0,3702590.0,3702590.0,3702590.0,0.0
1784786400,3702762.0,3805730.0,3702762.0,3702769.0,0.03769413
1784787300,3702769.0,3702769.0,3702769.0,3702769.0,0.0
1784788200,3805723.0,3850598.0,3765751.0,3765751.0,8.72795605
1784789100,3765751.0,3765751.0,3765751.0,3765751.0,0.0
1784790000,3815465.0,3815465.0,3815465.0,3815465.0,0.01170656
1784790900,3815465.0,3815465.0,3815465.0,3815465.0,0.0
1784791800,3815465.0,3815465.0,3815465.0,3815465.0,0.0
1784792700,3754615.0,3754615.0,3754615.0,3754615.0,0.3489377
1784793600,3804952.0,3804952.0,3804952.0,3804952.0,0.00713675
1784794500,3804952.0,3804952.0,3804952.0,3804952.0,0.0
1784795400,3818092.0,3818092.0,3818080.0,3818080.0,0.01565022
1784796300,3713961.0,3713961.0,3650007.0,3650007.0,0.36501471
1784797200,3777491.0,3778143.0,3777491.0,3778127.0,0.15015584
1784798100,3773837.0,3773837.0,3773837.0,3773837.0,0.07270894
1784799000,3773837.0,3773837.0,3773837.0,3773837.0,0.0
1784799900,3773837.0,3773837.0,3773837.0,3773837.0,0.0
1784800800,3812027.0,3812027.0,3812027.0,3812027.0,0.00496376
1784801700,3812027.0,3812027.0,3812027.0,3812027.0,0.0
1784802600,3812027.0,3812027.0,3812027.0,3812027.0,0.0
1784803500,3763043.0,3763043.0,3763043.0,3763043.0,0.01033943
1784804400,3764411.0,3812094.0,3764411.0,3812094.0,0.01518286
1784805300,3661002.0,3661002.0,3661002.0,3661002.0,0.00830429
1784806200,3806486.0,3806486.0,3803177.0,3803178.0,0.0313427
1784807100,3747165.0,3747165.0,3747165.0,3747165.0,0.63221634
1784808000,3747165.0,3747165.0,3747165.0,3747165.0,0.0
1784808900,3747165.0,3747165.0,3747165.0,3747165.0,0.0
1784809800,3747165.0,3747165.0,3747165.0,3747165.0,0.0
1784810700,3740283.0,3740283.0,3740283.0,3740283.0,0.02741085
1784811600,3793162.0,3793162.0,3670954.0,3670954.0,0.05221448
1784812500,3779898.0,3793205.0,3779898.0,3793205.0,0.52680752
1784813400,3793205.0,3793205.0,3793205.0,3793205.0,0.0
1784814300,3744635.0,3793197.0,3670957.0,3757152.0,0.1535833
1784815200,3793197.0,3793197.0,3793197.0,3793197.0,0.01388881
1784816100,3793197.0,3793197.0,3793197.0,3793197.0,0.0
1784817000,3776984.0,3776984.0,3776984.0,3776984.0,0.00523724
1784817900,3670990.0,3670990.0,3670990.0,3670990.0,0.02619772
1784818800,3670990.0,3670990.0,3670990.0,3670990.0,0.0
1784819700,3758683.0,3758683.0,3758683.0,3758683.0,0.00265704
1784820600,3767280.0,3767280.0,3767280.0,3767280.0,0.01135089
1784821500,3769528.0,3772571.0,3769528.0,3772571.0,0.51595871
1784822400,3793185.0,3793185.0,3793185.0,3793185.0,0.00791999
1784823300,3747956.0,3747956.0,3746664.0,3746664.0,0.02246088
1784824200,3753019.0,3764264.0,3753019.0,3764264.0,0.1221626
1784825100,3793189.0,3793189.0,3751347.0,3751347.0,0.02318828
1784826000,3751347.0,3751347.0,3751347.0,3751347.0,0.0
1784826900,3751347.0,3751347.0,3751347.0,3751347.0,0.0
1784827800,3751347.0,3751347.0,3751347.0,3751347.0,0.0
1784828700,3751347.0,3751347.0,3751347.0,3751347.0,0.0
1784829600,3751347.0,3751347.0,3751347.0,3751347.0,0.0
1784830500,3734244.0,3734244.0,3734244.0,3734244.0,0.00272003
1784831400,3735386.0,3735386.0,3735386.0,3735386.0,0.00403879
1784832300,3751523.0,3777507.0,3751523.0,3777507.0,0.00646948
1784833200,3777507.0,3777507.0,3777507.0,3777507.0,0.0
1784834100,3777507.0,3777507.0,3777507.0,3777507.0,0.0
1784835000,3777507.0,3777507.0,3777507.0,3777507.0,0.0
1784835900,3717287.0,3717287.0,3717287.0,3717287.0,0.04771401
1784836800,3717287.0,3717287.0,3717287.0,3717287.0,0.0
1784837700,3717287.0,3717287.0,3717287.0,3717287.0,0.0
1784838600,3717287.0,3717287.0,3717287.0,3717287.0,0.0
1784839500,3717287.0,3717287.0,3717287.0,3717287.0,0.0
1784840400,3717287.0,3717287.0,3717287.0,3717287.0,0.0
1784841300,3717287.0,3717287.0,3717287.0,3717287.0,0.0
1784842200,3717287.0,3717287.0,3717287.0,3717287.0,0.0
1784843100,3717287.0,3717287.0,3717287.0,3717287.0,0.0
1784844000,3717287.0,3717287.0,3717287.0,3717287.0,0.0
1784844900,3717287.0,3717287.0,3717287.0,3717287.0,0.0
1784845800,3717287.0,3717287.0,3717287.0,3717287.0,0.0
1784846700,3717287.0,3717287.0,3717287.0,3717287.0,0.0
1784847600,3717287.0,3717287.0,3717287.0,3717287.0,0.0
1784848500,3717287.0,3717287.0,3717287.0,3717287.0,0.0
1784849400,3717287.0,3717287.0,3717287.0,3717287.0,0.0
1784850300,3717287.0,3717287.0,3717287.0,3717287.0,0.0
1784851200,3717287.0,3717287.0,3717287.0,3717287.0,0.0
1784852100,3717287.0,3717287.0,3717287.0,3717287.0,0.0
1784853000,3717287.0,3717287.0,3717287.0,3717287.0,0.0
1784853900,3717287.0,3717287.0,3717287.0,3717287.0,0.0
1784854800,3717287.0,3717287.0,3717287.0,3717287.0,0.0
1784855700,3770936.0,3770936.0,3770936.0,3770936.0,0.00397195
1784856600,3770936.0,3770936.0,3770936.0,3770936.0,0.0
1784857500,3770936.0,3770936.0,3770936.0,3770936.0,0.0
1784858400,3770936.0,3770936.0,3770936.0,3770936.0,0.0
1784859300,3770936.0,3770936.0,3770936.0,3770936.0,0.0
1784860200,3770936.0,3770936.0,3770936.0,3770936.0,0.0
1784861100,3770936.0,3770936.0,3770936.0,3770936.0,0.0
1784862000,3770936.0,3770936.0,3770936.0,3770936.0,0.0
1784862900,3770936.0,3770936.0,3770936.0,3770936.0,0.0
1784863800,3671005.0,3698898.0,3671005.0,3698898.0,0.03060342
1784864700,3749603.0,3749603.0,3749603.0,3749603.0,0.02667935
1784865600,3749603.0,3749603.0,3749603.0,3749603.0,0.0
1784866500,3749603.0,3749603.0,3749603.0,3749603.0,0.0
1784867400,3749039.0,3749039.0,3671011.0,3692713.0,0.01578813
1784868300,3692713.0,3692713.0,3692713.0,3692713.0,0.0
1784869200,3789067.0,3789067.0,3789067.0,3789067.0,0.00576923
1784870100,3789067.0,3789067.0,3789067.0,3789067.0,0.0
1784871000,3702162.0,3702162.0,3702162.0,3702162.0,0.01388881
1784871900,3700776.0,3793201.0,3700776.0,3793201.0,0.27756877
1784872800,3793201.0,3793201.0,3793201.0,3793201.0,0.0
1784873700,3793201.0,3793201.0,3793201.0,3793201.0,0.0
1784874600,3793201.0,3793201.0,3793201.0,3793201.0,0.0
1784875500,3742676.0,3744518.0,3742676.0,3744518.0,1.98771104
1784876400,3744518.0,3744518.0,3744518.0,3744518.0,0.0
1784877300,3744518.0,3744518.0,3744518.0,3744518.0,0.0
1784878200,3744518.0,3744518.0,3744518.0,3744518.0,0.0
1784879100,3744518.0,3744518.0,3744518.0,3744518.0,0.0
1784880000,3744518.0,3744518.0,3744518.0,3744518.0,0.0
1784880900,3699880.0,3699880.0,3699880.0,3699880.0,0.01643074
1784881800,3706695.0,3706695.0,3706695.0,3706695.0,0.00576923
1784882700,3706695.0,3706695.0,3706695.0,3706695.0,0.0
1784883600,3706695.0,3706695.0,3706695.0,3706695.0,0.0
1784884500,3706695.0,3706695.0,3706695.0,3706695.0,0.0
1784885400,3706695.0,3706695.0,3706695.0,3706695.0,0.0
1784886300,3706695.0,3706695.0,3706695.0,3706695.0,0.0
1784887200,3721616.0,3721616.0,3721616.0,3721616.0,0.01135089
1784888100,3793197.0,3793197.0,3793197.0,3793197.0,0.00534245
1784889000,3793197.0,3793197.0,3793197.0,3793197.0,0.0
1784889900,3793197.0,3793197.0,3793197.0,3793197.0,0.0
1784890800,3793197.0,3793197.0,3793197.0,3793197.0,0.00340557
1784891700,3793197.0,3793197.0,3793197.0,3793197.0,0.0
1784892600,3713443.0,3713443.0,3713443.0,3713443.0,0.01215706
1784893500,3718320.0,3793197.0,3718320.0,3793197.0,0.0060007
1784894400,3716632.0,3716632.0,3716632.0,3716632.0,0.0223965
1784895300,3716632.0,3716632.0,3716632.0,3716632.0,0.0
1784896200,3716632.0,3716632.0,3716632.0,3716632.0,0.0
1784897100,3793183.0,3793183.0,3793183.0,3793183.0,0.01312749
1784898000,3793183.0,3793183.0,3793183.0,3793183.0,0.0
1784898900,3793183.0,3793183.0,3793183.0,3793183.0,0.0
1784899800,3792500.0,3792500.0,3792500.0,3792500.0,0.26076044
1784900700,3792500.0,3792500.0,3792500.0,3792500.0,0.0
1784901600,3792500.0,3792500.0,3792500.0,3792500.0,0.0
1784902500,3792500.0,3792500.0,3792500.0,3792500.0,0.0
1784903400,3792400.0,3792400.0,3792400.0,3792400.0,0.00583878
1784904300,3792400.0,3792400.0,3792400.0,3792400.0,0.0
1784905200,3722504.0,3792196.0,3722504.0,3792196.0,0.01503134
1784906100,3792196.0,3792196.0,3792196.0,3792196.0,0.00642714
1784907000,3726929.0,3731482.0,3726929.0,3731482.0,0.02012864
1784907900,3732053.0,3792196.0,3677010.0,3792196.0,1.68247677
1784908800,3792196.0,3792196.0,3792196.0,3792196.0,0.0
1784909700,3792196.0,3792196.0,3755687.0,3755687.0,0.06861073
1784910600,3755687.0,3755687.0,3755687.0,3755687.0,0.0
1784911500,3755687.0,3755687.0,3755687.0,3755687.0,0.0
1784912400,3755687.0,3755687.0,3755687.0,3755687.0,0.0
1784913300,3755687.0,3755687.0,3755687.0,3755687.0,0.0
1784914200,3740284.0,3740284.0,3740284.0,3740284.0,0.0134655
1784915100,3744577.0,3744577.0,3744577.0,3744577.0,0.00713675
1784916000,3744577.0,3744577.0,3744577.0,3744577.0,0.0
1784916900,3744577.0,3744577.0,3744577.0,3744577.0,0.0
1784917800,3744577.0,3744577.0,3744577.0,3744577.0,0.0
1784918700,3744577.0,3744577.0,3744577.0,3744577.0,0.0
1784919600,3744577.0,3744577.0,3744577.0,3744577.0,0.0
1784920500,3744577.0,3744577.0,3744577.0,3744577.0,0.0
1784921400,3744577.0,3744577.0,3744577.0,3744577.0,0.0
1784922300,3744577.0,3744577.0,3744577.0,3744577.0,0.0
1784923200,3744577.0,3744577.0,3744577.0,3744577.0,0.0
1784924100,3744577.0,3744577.0,3744577.0,3744577.0,0.0
1784925000,3744577.0,3744577.0,3744577.0,3744577.0,0.0
1784925900,3744577.0,3744577.0,3744577.0,3744577.0,0.0
1784926800,3744577.0,3744577.0,3744577.0,3744577.0,0.0
1784927700,3744577.0,3744577.0,3744577.0,3744577.0,0.0
1784928600,3744577.0,3744577.0,3744577.0,3744577.0,0.0
1784929500,3744577.0,3744577.0,3744577.0,3744577.0,0.0
1784930400,3740284.0,3740284.0,3671010.0,3671010.0,1.98771104
1784931300,3671010.0,3671010.0,3671010.0,3671010.0,0.0
1784932200,3671010.0,3671010.0,3671010.0,3671010.0,0.0
1784933100,3792046.0,3792046.0,3792046.0,3792046.0,0.02134705
1784934000,3790000.0,3790000.0,3789950.0,3789950.0,0.01624941
1784934900,3789950.0,3789950.0,3789950.0,3789950.0,0.0
1784935800,3789950.0,3789950.0,3789950.0,3789950.0,0.0
1784936700,3789950.0,3789950.0,3789950.0,3789950.0,0.0
1784937600,3789950.0,3789950.0,3789950.0,3789950.0,0.0
1784938500,3789950.0,3789950.0,3789950.0,3789950.0,0.0
1784939400,3789950.0,3789950.0,3789950.0,3789950.0,0.0
1784940300,3789936.0,3789936.0,3789936.0,3789936.0,0.00262774
1784941200,3789916.0,3789916.0,3789916.0,3789916.0,0.12192935
1784942100,3789916.0,3789920.0,3671015.0,3671015.0,0.02729054
1784943000,3671015.0,3671015.0,3671015.0,3671015.0,0.0
1784943900,3671015.0,3671015.0,3671015.0,3671015.0,0.0
1784944800,3789898.0,3789909.0,3789898.0,3789909.0,0.71942449
1784945700,3684294.0,3684294.0,3684294.0,3684294.0,0.00905312
1784946600,3684294.0,3684294.0,3684294.0,3684294.0,0.0
1784947500,3684294.0,3684294.0,3684294.0,3684294.0,0.0
1784948400,3684294.0,3684294.0,3684294.0,3684294.0,0.0
1784949300,3684294.0,3684294.0,3684294.0,3684294.0,0.0
1784950200,3684294.0,3684294.0,3684294.0,3684294.0,0.0
1784951100,3672054.0,3672054.0,3672054.0,3672054.0,0.00314081
1784952000,3672054.0,3672054.0,3672054.0,3672054.0,0.0
1784952900,3672054.0,3672054.0,3672054.0,3672054.0,0.0
1784953800,3672054.0,3672054.0,3672054.0,3672054.0,0.0
1784954700,3672054.0,3672054.0,3672054.0,3672054.0,0.0
1784955600,3692297.0,3692297.0,3692297.0,3692297.0,0.00982242
1784956500,3692660.0,3692660.0,3692660.0,3692660.0,0.00272486
1784957400,3789888.0,3789888.0,3692656.0,3692656.0,0.01906949
1784958300,3692656.0,3692656.0,3692656.0,3692656.0,0.0
1784959200,3692656.0,3692656.0,3692656.0,3692656.0,0.0
1784960100,3692656.0,3692656.0,3692656.0,3692656.0,0.0
1784961000,3692656.0,3692656.0,3692656.0,3692656.0,0.0
1784961900,3692656.0,3692656.0,3692656.0,3692656.0,0.0
1784962800,3692656.0,3692656.0,3692656.0,3692656.0,0.0
1784963700,3789788.0,3789788.0,3789788.0,3789788.0,0.00530874
1784964600,3789788.0,3789788.0,3789788.0,3789788.0,0.0
1784965500,3789788.0,3789788.0,3789788.0,3789788.0,0.0
1784966400,3692664.0,3692664.0,3692664.0,3692664.0,0.01323064
1784967300,3692656.0,3700000.0,3692656.0,3700000.0,0.01719473
1784968200,3700000.0,3700000.0,3700000.0,3700000.0,0.0
1784969100,3692656.0,3692656.0,3692656.0,3692656.0,0.00340557
1784970000,3692656.0,3692656.0,3692656.0,3692656.0,0.0
1784970900,3692656.0,3692656.0,3692656.0,3692656.0,0.0
1784971800,3692656.0,3692656.0,3692656.0,3692656.0,0.00534245
1784972700,3692656.0,3692656.0,3692656.0,3692656.0,0.11726359
1784973600,3692656.0,3692656.0,3692656.0,3692656.0,0.01509754
1784974500,3700000.0,3700000.0,3700000.0,3700000.0,0.00269162
1784975400,3700000.0,3700000.0,3700000.0,3700000.0,0.0
1784976300,3700000.0,3700000.0,3700000.0,3700000.0,0.0
1784977200,3700000.0,3700000.0,3700000.0,3700000.0,0.0
1784978100,3700000.0,3700000.0,3700000.0,3700000.0,0.0
1784979000,3700000.0,3700000.0,3700000.0,3700000.0,0.0
1784979900,3700000.0,3700000.0,3700000.0,3700000.0,0.08034405
1784980800,3700000.0,3700000.0,3700000.0,3700000.0,0.0
1784981700,3692656.0,3692656.0,3690874.0,3690874.0,0.55911547
1784982600,3690874.0,3690874.0,3690874.0,3690874.0,0.0
1784983500,3690874.0,3690874.0,3690874.0,3690874.0,0.0
1784984400,3690874.0,3690874.0,3690874.0,3690874.0,0.0
1784985300,3690874.0,3690874.0,3690874.0,3690874.0,0.0
1784986200,3700000.0,3700000.0,3700000.0,3700000.0,0.48133293
1784987100,3700000.0,3700000.0,3700000.0,3700000.0,0.24057552
1784988000,3700000.0,3700000.0,3700000.0,3700000.0,0.00460324
1784988900,3692830.0,3692830.0,3692830.0,3692830.0,0.00460324
1784989800,3700000.0,3700000.0,3697632.0,3697632.0,0.08415296
1784990700,3697632.0,3697632.0,3697632.0,3697632.0,0.0
1784991600,3697632.0,3697632.0,3697632.0,3697632.0,0.0
1784992500,3700000.0,3700000.0,3700000.0,3700000.0,1.67420887
1784993400,3700000.0,3700000.0,3700000.0,3700000.0,0.0
1784994300,3700000.0,3700000.0,3700000.0,3700000.0,0.0
1784995200,3700000.0,3700000.0,3700000.0,3700000.0,0.09856648
1784996100,3700000.0,3700000.0,3700000.0,3700000.0,0.0
1784997000,3700000.0,3700000.0,3700000.0,3700000.0,0.0
1784997900,3700000.0,3700000.0,3700000.0,3700000.0,0.0
1784998800,3700000.0,3700000.0,3700000.0,3700000.0,0.0
1784999700,3700000.0,3700000.0,3700000.0,3700000.0,0.0
1785000600,3700000.0,3700000.0,3700000.0,3700000.0,0.0
1785001500,3696031.0,3696031.0,3671011.0,3671011.0,0.02468948
1785002400,3671011.0,3671011.0,3671011.0,3671011.0,0.0
1785003300,3671011.0,3671011.0,3671011.0,3671011.0,0.0
1785004200,3671011.0,3671011.0,3671011.0,3671011.0,0.0
1785005100,3700000.0,3700000.0,3700000.0,3700000.0,0.06681972
1785006000,3671012.0,3671012.0,3671012.0,3671012.0,0.00380891
1785006900,3671012.0,3671012.0,3671012.0,3671012.0,0.0
1785007800,3671012.0,3671012.0,3671012.0,3671012.0,0.0
1785008700,3671012.0,3671012.0,3671012.0,3671012.0,0.0
1785009600,3671012.0,3671012.0,3671012.0,3671012.0,0.0
1785010500,3671012.0,3671012.0,3671012.0,3671012.0,0.0
1785011400,3700000.0,3700000.0,3700000.0,3700000.0,0.01025108
1785012300,3700000.0,3700000.0,3700000.0,3700000.0,0.0
1785013200,3700000.0,3700000.0,3700000.0,3700000.0,0.0
1785014100,3700000.0,3700000.0,3700000.0,3700000.0,0.0
1785015000,3700000.0,3700000.0,3700000.0,3700000.0,0.0
1785015900,3700000.0,3700000.0,3700000.0,3700000.0,0.0
1785016800,3700000.0,3700000.0,3700000.0,3700000.0,0.0
1785017700,3671012.0,3671012.0,3671012.0,3671012.0,0.00530874
1785018600,3671012.0,3671012.0,3671012.0,3671012.0,0.0
1785019500,3671012.0,3671012.0,3671012.0,3671012.0,0.0
1785020400,3671012.0,3671012.0,3671012.0,3671012.0,0.0
1785021300,3671012.0,3671012.0,3671012.0,3671012.0,0.0
1785022200,3671012.0,3671012.0,3671012.0,3671012.0,0.0
1785023100,3700000.0,3700000.0,3700000.0,3700000.0,0.0606827
1785024000,3700000.0,3700000.0,3700000.0,3700000.0,0.0
1785024900,3700000.0,3700000.0,3700000.0,3700000.0,0.0
1785025800,3700000.0,3700000.0,3700000.0,3700000.0,0.0
1785026700,3700000.0,3700000.0,3700000.0,3700000.0,0.0
1785027600,3700000.0,3700000.0,3700000.0,3700000.0,0.0
1785028500,3671550.0,3671550.0,3671550.0,3671550.0,0.0228919
1785029400,3671550.0,3671550.0,3671550.0,3671550.0,0.0
1785030300,3700000.0,3700000.0,3700000.0,3700000.0,0.01672756
1785031200,3700000.0,3700000.0,3700000.0,3700000.0,0.02390027
1785032100,3700000.0,3700000.0,3700000.0,3700000.0,0.0
1785033000,3700000.0,3700000.0,3700000.0,3700000.0,0.0
1785033900,3700000.0,3700000.0,3700000.0,3700000.0,0.0
1785034800,3700000.0,3700000.0,3700000.0,3700000.0,0.0
1785035700,3700000.0,3700000.0,3700000.0,3700000.0,0.0
1785036600,3700000.0,3700000.0,3700000.0,3700000.0,0.0
1785037500,3700000.0,3700000.0,3700000.0,3700000.0,0.0
1785038400,3700000.0,3700000.0,3700000.0,3700000.0,0.0
1785039300,3700000.0,3700000.0,3700000.0,3700000.0,0.0
1785040200,3671654.0,3671654.0,3671654.0,3671654.0,0.06681972
1785041100,3671654.0,3671654.0,3671654.0,3671654.0,0.0
1785042000,3700000.0,3700000.0,3700000.0,3700000.0,0.00269162
1785042900,3700000.0,3700000.0,3700000.0,3700000.0,0.0
1785043800,3700000.0,3700000.0,3700000.0,3700000.0,0.0
1785044700,3700000.0,3700000.0,3700000.0,3700000.0,0.0
1785045600,3700000.0,3700000.0,3700000.0,3700000.0,0.0
1785046500,3700000.0,3700000.0,3700000.0,3700000.0,0.0
1785047400,3700000.0,3700000.0,3700000.0,3700000.0,0.0
1785048300,3700000.0,3700000.0,3700000.0,3700000.0,0.00300756
1785049200,3700000.0,3700000.0,3671850.0,3671850.0,0.18085765
1785050100,3671850.0,3671850.0,3671850.0,3671850.0,0.0
1785051000,3671850.0,3671850.0,3671850.0,3671850.0,0.0
1785051900,3671850.0,3671850.0,3671850.0,3671850.0,0.0
1785052800,3671850.0,3671850.0,3671850.0,3671850.0,0.0
1785053700,3671956.0,3671956.0,3671956.0,3671956.0,0.02693325
1785054600,3671959.0,3671959.0,3671959.0,3671959.0,0.00371826
1785055500,3671959.0,3671959.0,3671959.0,3671959.0,0.0
1785056400,3671959.0,3671959.0,3671959.0,3671959.0,0.0
1785057300,3671959.0,3671959.0,3671959.0,3671959.0,0.0
1785058200,3671959.0,3671959.0,3671959.0,3671959.0,0.0
1785059100,3671959.0,3671959.0,3671959.0,3671959.0,0.0
1785060000,3671959.0,3671959.0,3671959.0,3671959.0,0.0
1785060900,3671959.0,3671959.0,3671959.0,3671959.0,0.0
1785061800,3671959.0,3671959.0,3671959.0,3671959.0,0.0
1785062700,3671950.0,3671950.0,3671950.0,3671950.0,0.01275752
1785063600,3671950.0,3671950.0,3671950.0,3671950.0,0.0
1785064500,3671950.0,3671950.0,3671950.0,3671950.0,0.0
1785065400,3671950.0,3671950.0,3671950.0,3671950.0,0.0
1785066300,3671950.0,3671950.0,3671950.0,3671950.0,0.0
1785067200,3671950.0,3671950.0,3671950.0,3671950.0,0.0
1785068100,3671950.0,3671950.0,3671950.0,3671950.0,0.0
1785069000,3672050.0,3672050.0,3672050.0,3672050.0,0.00278422
1785069900,3672050.0,3672050.0,3672050.0,3672050.0,0.0
1785070800,3672050.0,3672050.0,3672050.0,3672050.0,0.0
1785071700,3672050.0,3672050.0,3672050.0,3672050.0,0.0
1785072600,3672050.0,3672050.0,3672050.0,3672050.0,0.0
1785073500,3672050.0,3672050.0,3672050.0,3672050.0,0.0
1785074400,3700000.0,3700000.0,3700000.0,3700000.0,0.01312351
1785075300,3700000.0,3700000.0,3700000.0,3700000.0,0.0
1785076200,3700000.0,3700000.0,3700000.0,3700000.0,0.00269162
1785077100,3700000.0,3700000.0,3700000.0,3700000.0,0.0
1785078000,3700000.0,3700000.0,3700000.0,3700000.0,0.0
1785078900,3700000.0,3700000.0,3700000.0,3700000.0,0.0
1785079800,3700000.0,3700000.0,3700000.0,3700000.0,0.0
1785080700,3672553.0,3672553.0,3672553.0,3672553.0,0.00530938
1785081600,3672553.0,3672553.0,3672553.0,3672553.0,0.0
1785082500,3700000.0,3700000.0,3672557.0,3672557.0,0.0170154
1785083400,3672557.0,3672557.0,3672557.0,3672557.0,0.0
1785084300,3672557.0,3672557.0,3672557.0,3672557.0,0.0
1785085200,3672557.0,3672557.0,3672557.0,3672557.0,0.0
1785086100,3672557.0,3672557.0,3672557.0,3672557.0,0.0
1785087000,3672557.0,3672557.0,3672557.0,3672557.0,0.0
1785087900,3672557.0,3672557.0,3672557.0,3672557.0,0.0
1785088800,3672557.0,3672557.0,3672557.0,3672557.0,0.0
1785089700,3672557.0,3672557.0,3672557.0,3672557.0,0.0
1785090600,3672557.0,3672557.0,3672557.0,3672557.0,0.0
1785091500,3672557.0,3672557.0,3672557.0,3672557.0,0.0
1785092400,3672557.0,3672557.0,3672557.0,3672557.0,0.0
1785093300,3672557.0,3672557.0,3672557.0,3672557.0,0.0
1785094200,3672557.0,3672557.0,3672557.0,3672557.0,0.0
1785095100,3672557.0,3672557.0,3672557.0,3672557.0,0.0
1785096000,3672557.0,3672557.0,3672557.0,3672557.0,0.0
1785096900,3672557.0,3672557.0,3672557.0,3672557.0,0.0
1785097800,3672557.0,3672557.0,3672557.0,3672557.0,0.0
1785098700,3672557.0,3672557.0,3672557.0,3672557.0,0.0
1785099600,3672557.0,3672557.0,3672557.0,3672557.0,0.0
1785100500,3672557.0,3672557.0,3672557.0,3672557.0,0.0
1785101400,3672557.0,3672557.0,3672557.0,3672557.0,0.0
1785102300,3672557.0,3672557.0,3672557.0,3672557.0,0.0
1785103200,3672557.0,3672557.0,3672557.0,3672557.0,0.0
1785104100,3672557.0,3672557.0,3672557.0,3672557.0,0.0
1785105000,3672557.0,3672557.0,3672557.0,3672557.0,0.0
1785105900,3672557.0,3672557.0,3672557.0,3672557.0,0.0
1785106800,3672557.0,3672557.0,3672557.0,3672557.0,0.0
1785107700,3672557.0,3672557.0,3672557.0,3672557.0,0.0
1785108600,3700000.0,3700000.0,3700000.0,3700000.0,0.05094675
1785109500,3700000.0,3700000.0,3700000.0,3700000.0,0.0
1785110400,3700000.0,3700000.0,3700000.0,3700000.0,0.0
1785111300,3700000.0,3700000.0,3700000.0,3700000.0,0.0
1785112200,3700000.0,3700000.0,3700000.0,3700000.0,0.0
1785113100,3700000.0,3700000.0,3700000.0,3700000.0,0.0
1785114000,3700000.0,3700000.0,3700000.0,3700000.0,0.0
1785114900,3700000.0,3700000.0,3700000.0,3700000.0,0.0
1785115800,3700000.0,3700000.0,3700000.0,3700000.0,0.0
1785116700,3700000.0,3700000.0,3700000.0,3700000.0,0.03657054
1785117600,3700000.0,3700000.0,3700000.0,3700000.0,0.0
1785118500,3672555.0,3672555.0,3672554.0,3672554.0,0.08290904
1785119400,3672554.0,3672554.0,3672554.0,3672554.0,0.0
1785120300,3700000.0,3700000.0,3672554.0,3672554.0,0.010824
1785121200,3672554.0,3672554.0,3672554.0,3672554.0,0.0
1785122100,3673054.0,3673054.0,3673054.0,3673054.0,0.00282304
1785123000,3673054.0,3673054.0,3673054.0,3673054.0,0.0
1785123900,3673054.0,3673054.0,3673054.0,3673054.0,0.0335423
1785124800,3700000.0,3752787.0,3700000.0,3752787.0,0.66922113
1785125700,3752787.0,3752787.0,3752787.0,3752787.0,0.0
1785126600,3752787.0,3752787.0,3752787.0,3752787.0,0.0
1785127500,3752787.0,3752787.0,3752787.0,3752787.0,0.0
1785128400,3752787.0,3752787.0,3752787.0,3752787.0,0.0
1785129300,3752787.0,3752787.0,3752787.0,3752787.0,0.0
1785130200,3752787.0,3752787.0,3752787.0,3752787.0,0.0
1785131100,3752787.0,3752787.0,3752787.0,3752787.0,0.0
1785132000,3673070.0,3673070.0,3673070.0,3673070.0,0.00304008
1785132900,3673070.0,3673070.0,3673070.0,3673070.0,0.0
1785133800,3673070.0,3673070.0,3673070.0,3673070.0,0.0
1785134700,3673070.0,3673070.0,3673070.0,3673070.0,0.0
1785135600,3793161.0,3793161.0,3793161.0,3793161.0,0.00274441
1785136500,3793161.0,3793161.0,3793161.0,3793161.0,0.0
1785137400,3793161.0,3793161.0,3793161.0,3793161.0,0.0
1785138300,3793161.0,3793161.0,3793161.0,3793161.0,0.0
1785139200,3793161.0,3793161.0,3793161.0,3793161.0,0.0
1785140100,3793127.0,3793127.0,3673104.0,3673104.0,0.01050214
1785141000,3673104.0,3673104.0,3673104.0,3673104.0,0.0
1785141900,3673104.0,3673104.0,3673104.0,3673104.0,0.0
1785142800,3673104.0,3673104.0,3673104.0,3673104.0,0.0
1785143700,3673104.0,3673104.0,3673104.0,3673104.0,0.0
1785144600,3673104.0,3673104.0,3673104.0,3673104.0,0.0
1785145500,3673104.0,3673104.0,3673104.0,3673104.0,0.0
1785146400,3673104.0,3673104.0,3673104.0,3673104.0,0.0
1785147300,3674010.0,3674010.0,3674010.0,3674010.0,0.01553675
1785148200,3674010.0,3674010.0,3674010.0,3674010.0,0.0
1785149100,3674111.0,3674111.0,3674111.0,3674111.0,0.00924205
1785150000,3674111.0,3674111.0,3674111.0,3674111.0,0.0
1785150900,3793161.0,3793162.0,3793161.0,3793162.0,0.01551766
1785151800,3793162.0,3793162.0,3793162.0,3793162.0,0.0
1785152700,3674510.0,3674510.0,3674510.0,3674510.0,0.00642699
1785153600,3674510.0,3674510.0,3674510.0,3674510.0,0.0
1785154500,3793153.0,3793153.0,3674650.0,3674650.0,0.00789788
1785155400,3674650.0,3674650.0,3674650.0,3674650.0,0.0
1785156300,3674650.0,3674650.0,3674650.0,3674650.0,0.0
1785157200,3674650.0,3674650.0,3674650.0,3674650.0,0.0
1785158100,3792996.0,3792996.0,3792996.0,3792996.0,0.00562985
1785159000,3792996.0,3792996.0,3792996.0,3792996.0,0.0
1785159900,3675005.0,3675005.0,3675005.0,3675005.0,0.01105906
1785160800,3675005.0,3675005.0,3675005.0,3675005.0,0.0
1785161700,3676000.0,3792994.0,3650000.0,3650000.0,1.49373879
1785162600,3650000.0,3650000.0,3650000.0,3650000.0,0.0
1785163500,3650000.0,3650000.0,3650000.0,3650000.0,0.0
1785164400,3618788.0,3618788.0,3618788.0,3618788.0,0.05215957
1785165300,3618788.0,3618788.0,3618788.0,3618788.0,0.01202905
1785166200,3618788.0,3618788.0,3618788.0,3618788.0,0.02529402
1785167100,3618788.0,3618788.0,3618788.0,3618788.0,0.0
1785168000,3618788.0,3618788.0,3618788.0,3618788.0,0.0
1785168900,3618788.0,3618788.0,3618788.0,3618788.0,0.0
1785169800,3618788.0,3618788.0,3618788.0,3618788.0,0.0
1785170700,3618788.0,3618788.0,3618788.0,3618788.0,0.0
1785171600,3618788.0,3618788.0,3618788.0,3618788.0,0.0
1785172500,3618788.0,3618788.0,3618788.0,3618788.0,0.0
1785173400,3618788.0,3618788.0,3618788.0,3618788.0,0.0
1785174300,3618788.0,3618788.0,3618788.0,3618788.0,0.0
1785175200,3618788.0,3618788.0,3618788.0,3618788.0,0.0
1785176100,3618788.0,3618788.0,3618788.0,3618788.0,0.0
1785177000,3618788.0,3618788.0,3560953.0,3560953.0,0.06798676
1785177900,3560953.0,3560953.0,3560953.0,3560953.0,0.0
1785178800,3560953.0,3560953.0,3560953.0,3560953.0,0.0
1785179700,3560953.0,3560953.0,3560953.0,3560953.0,0.0
1785180600,3560953.0,3560953.0,3560953.0,3560953.0,0.0
1785181500,3560953.0,3560953.0,3560953.0,3560953.0,0.0
1785182400,3560953.0,3560953.0,3560953.0,3560953.0,0.0
1785183300,3560953.0,3560953.0,3560953.0,3560953.0,0.0
1785184200,3560953.0,3560953.0,3560953.0,3560953.0,0.0
1785185100,3560953.0,3560953.0,3560953.0,3560953.0,0.0
1785186000,3560953.0,3560953.0,3560953.0,3560953.0,0.0
1785186900,3560953.0,3560953.0,3560953.0,3560953.0,0.0
1785187800,3560953.0,3560953.0,3560953.0,3560953.0,0.0
1785188700,3560953.0,3560953.0,3560953.0,3560953.0,0.0
1785189600,3560953.0,3560953.0,3560953.0,3560953.0,0.0
1785190500,3560953.0,3560953.0,3560953.0,3560953.0,0.0
1785191400,3560953.0,3560953.0,3560953.0,3560953.0,0.0
1785192300,3560953.0,3560953.0,3560953.0,3560953.0,0.0
1785193200,3560953.0,3560953.0,3560953.0,3560953.0,0.0
1785194100,3560953.0,3560953.0,3560953.0,3560953.0,0.0
1785195000,3560953.0,3560953.0,3560953.0,3560953.0,0.0
1785195900,3560953.0,3560953.0,3560953.0,3560953.0,0.0
1785196800,3570953.0,3570953.0,3570953.0,3570953.0,0.00366369
1785197700,3570953.0,3570953.0,3570953.0,3570953.0,0.0
1785198600,3570953.0,3570953.0,3570953.0,3570953.0,0.0
1785199500,3570953.0,3570953.0,3570953.0,3570953.0,0.0
1785200400,3570953.0,3570953.0,3560953.0,3560953.0,0.75727351
1785201300,3560953.0,3560953.0,3560953.0,3560953.0,0.0
1785202200,3554389.0,3554389.0,3554389.0,3554389.0,1.416989
1785203100,3554389.0,3678999.0,3550000.0,3550000.0,0.31275395
1785204000,3550000.0,3550000.0,3550000.0,3550000.0,0.0
1785204900,3550000.0,3550000.0,3550000.0,3550000.0,0.0
1785205800,3550000.0,3550000.0,3550000.0,3550000.0,0.0
1785206700,3677499.0,3677499.0,3677499.0,3677499.0,0.00677009
1785207600,3677499.0,3677499.0,3677499.0,3677499.0,0.0
1785208500,3677495.0,3677495.0,3677495.0,3677495.0,0.06783775
1785209400,3677495.0,3677495.0,3677495.0,3677495.0,0.0
1785210300,3677495.0,3677495.0,3677495.0,3677495.0,0.0
1785211200,3677495.0,3677495.0,3677495.0,3677495.0,0.0
1785212100,3677495.0,3677495.0,3677495.0,3677495.0,0.0
1785213000,3677495.0,3677495.0,3677495.0,3677495.0,0.0
1785213900,3527508.0,3527508.0,3525000.0,3525000.0,0.31482257
1785214800,3535353.0,3535353.0,3535353.0,3535353.0,0.43905321
1785215700,3535353.0,3535353.0,3535353.0,3535353.0,4.46210589
1785216600,3535353.0,3535353.0,3535353.0,3535353.0,0.839567
1785217500,3535353.0,3535353.0,3535353.0,3535353.0,0.0
1785218400,3535353.0,3535353.0,3535353.0,3535353.0,0.0
1785219300,3535353.0,3535353.0,3535353.0,3535353.0,0.0
1785220200,3535353.0,3535353.0,3535353.0,3535353.0,0.0
1785221100,3535353.0,3535353.0,3535353.0,3535353.0,0.0
1785222000,3535353.0,3535353.0,3535353.0,3535353.0,0.0
1785222900,3535353.0,3535353.0,3535353.0,3535353.0,0.0
1785223800,3535353.0,3535353.0,3535353.0,3535353.0,0.0
1785224700,3677463.0,3677463.0,3677463.0,3677463.0,0.00270811
1785225600,3677463.0,3677463.0,3677463.0,3677463.0,0.0
1785226500,3677463.0,3677463.0,3677463.0,3677463.0,0.0
1785227400,3677463.0,3677463.0,3677463.0,3677463.0,0.0
1785228300,3677459.0,3677459.0,3677459.0,3677459.0,0.00350078
1785229200,3677459.0,3677459.0,3677459.0,3677459.0,0.0
1785230100,3677459.0,3677459.0,3677459.0,3677459.0,0.0
1785231000,3677459.0,3677459.0,3677459.0,3677459.0,0.0
1785231900,3677459.0,3677459.0,3677459.0,3677459.0,0.0
1785232800,3677459.0,3677459.0,3677459.0,3677459.0,0.0
1785233700,3677182.0,3677182.0,3677182.0,3677182.0,0.00406234
1785234600,3535353.0,3535353.0,3535353.0,3535353.0,0.03584168
1785235500,3535353.0,3535353.0,3535353.0,3535353.0,0.0
1785236400,3535353.0,3535353.0,3535353.0,3535353.0,0.0
1785237300,3535353.0,3535353.0,3535353.0,3535353.0,0.0
1785238200,3535353.0,3535353.0,3535353.0,3535353.0,0.0
1785239100,3535353.0,3535353.0,3535353.0,3535353.0,0.0
1785240000,3676998.0,3676998.0,3676998.0,3676998.0,0.00628556
1785240900,3676998.0,3676998.0,3676998.0,3676998.0,0.0
1785241800,3676998.0,3676998.0,3676998.0,3676998.0,0.0
1785242700,3676998.0,3676998.0,3676998.0,3676998.0,0.0
1785243600,3676984.0,3676984.0,3676984.0,3676984.0,0.00541693
1785244500,3676984.0,3676984.0,3676984.0,3676984.0,0.00499784
1785245400,3535358.0,3535358.0,3525006.0,3525006.0,0.10778082
1785246300,3525008.0,3566979.0,3525006.0,3566979.0,0.04573905
1785247200,3525006.0,3606988.0,3484709.0,3606988.0,1.10335296
1785248100,3606988.0,3606988.0,3606988.0,3606988.0,0.0
1785249000,3676993.0,3676993.0,3676993.0,3676993.0,0.01133725
1785249900,3622464.0,3622464.0,3585099.0,3585099.0,0.00628556
1785250800,3585099.0,3585099.0,3585099.0,3585099.0,0.0
1785251700,3585099.0,3585099.0,3585099.0,3585099.0,0.0
1785252600,3640668.0,3676993.0,3640668.0,3676993.0,0.02715336
1785253500,3676993.0,3676993.0,3676993.0,3676993.0,0.01320562
1785254400,3676993.0,3676993.0,3676993.0,3676993.0,0.0
1785255300,3676993.0,3676993.0,3676993.0,3676993.0,0.0
1785256200,3676993.0,3676993.0,3676993.0,3676993.0,0.0
1785257100,3676993.0,3676993.0,3676993.0,3676993.0,0.0
1785258000,3676993.0,3676993.0,3676993.0,3676993.0,0.0
1785258900,3676993.0,3676993.0,3676993.0,3676993.0,0.0
1785259800,3676993.0,3676993.0,3676993.0,3676993.0,0.00781073
1785260700,3676993.0,3676993.0,3676993.0,3676993.0,0.11743643
1785261600,3676499.0,3676499.0,3676499.0,3676499.0,0.00425078
1785262500,3676499.0,3676499.0,3676499.0,3676499.0,0.0
1785263400,3676499.0,3676499.0,3676499.0,3676499.0,0.0
1785264300,3676499.0,3676499.0,3676499.0,3676499.0,0.0
1785265200,3676499.0,3676499.0,3676499.0,3676499.0,0.0
1785266100,3676499.0,3676499.0,3676499.0,3676499.0,0.0
1785267000,3676499.0,3676499.0,3585099.0,3585099.0,0.02284618
1785267900,3585099.0,3585099.0,3585099.0,3585099.0,0.0
1785268800,3676499.0,3676499.0,3676499.0,3676499.0,0.02239304
1785269700,3676499.0,3676499.0,3676499.0,3676499.0,0.00657962
1785270600,3676499.0,3676499.0,3676499.0,3676499.0,0.0
1785271500,3676499.0,3676499.0,3676499.0,3676499.0,0.0
1785272400,3676499.0,3676499.0,3676499.0,3676499.0,0.0
1785273300,3676499.0,3676499.0,3676499.0,3676499.0,0.0
1785274200,3676499.0,3676499.0,3676499.0,3676499.0,0.0
1785275100,3676499.0,3676499.0,3676499.0,3676499.0,0.0
1785276000,3676499.0,3676499.0,3676499.0,3676499.0,0.0
1785276900,3676499.0,3676499.0,3676499.0,3676499.0,0.0
1785277800,3676499.0,3676499.0,3676499.0,3676499.0,0.0
1785278700,3676499.0,3676499.0,3676499.0,3676499.0,0.0
1785279600,3676499.0,3676500.0,3676499.0,3676500.0,0.13893214
1785280500,3676500.0,3676500.0,3676500.0,3676500.0,0.0
1785281400,3676500.0,3676500.0,3676500.0,3676500.0,0.0
1785282300,3676500.0,3676500.0,3676500.0,3676500.0,0.0
1785283200,3676500.0,3676500.0,3676500.0,3676500.0,0.0
1785284100,3650000.0,3650000.0,3650000.0,3650000.0,0.00274
1785285000,3547735.0,3547735.0,3547735.0,3547735.0,0.00562552
1785285900,3547735.0,3547735.0,3547735.0,3547735.0,0.0
1785286800,3547735.0,3547735.0,3547735.0,3547735.0,0.0
1785287700,3547735.0,3547735.0,3547735.0,3547735.0,0.0
1785288600,3547735.0,3547735.0,3547735.0,3547735.0,0.0
1785289500,3547735.0,3547735.0,3547735.0,3547735.0,0.0
1785290400,3547735.0,3547735.0,3547735.0,3547735.0,0.0
1785291300,3545000.0,3676100.0,3545000.0,3676100.0,0.43587104
1785292200,3676100.0,3676100.0,3676100.0,3676100.0,0.0
1785293100,3510495.0,3510495.0,3484709.0,3484709.0,1.00610768
1785294000,3484709.0,3484709.0,3484709.0,3484709.0,0.0
1785294900,3484709.0,3484709.0,3484709.0,3484709.0,0.0
1785295800,3673997.0,3673997.0,3673997.0,3673997.0,0.00406587
1785296700,3673997.0,3673997.0,3673997.0,3673997.0,0.0
1785297600,3671994.0,3672000.0,3671994.0,3672000.0,0.02712149
1785298500,3672000.0,3672000.0,3672000.0,3672000.0,0.0
1785299400,3670999.0,3670999.0,3670999.0,3670999.0,0.08385156
1785300300,3670998.0,3670999.0,3670998.0,3670999.0,0.01882675
1785301200,3670999.0,3670999.0,3670999.0,3670999.0,0.0
1785302100,3670999.0,3670999.0,3670999.0,3670999.0,0.0
1785303000,3670000.0,3670000.0,3670000.0,3670000.0,0.02012316
1785303900,3670000.0,3670000.0,3670000.0,3670000.0,0.0
1785304800,3670000.0,3670000.0,3670000.0,3670000.0,0.0
1785305700,3670000.0,3670000.0,3670000.0,3670000.0,0.0
1785306600,3670000.0,3670000.0,3670000.0,3670000.0,0.0
1785307500,3670000.0,3670000.0,3670000.0,3670000.0,0.0
1785308400,3485889.0,3485889.0,3485889.0,3485889.0,0.02239304
1785309300,3485959.0,3669899.0,3485959.0,3669899.0,0.02455018
1785310200,3669899.0,3669899.0,3669899.0,3669899.0,0.0
1785311100,3669899.0,3669899.0,3669899.0,3669899.0,0.0
1785312000,3669899.0,3669899.0,3669899.0,3669899.0,0.0
1785312900,3669899.0,3669899.0,3669899.0,3669899.0,0.0
1785313800,3669899.0,3669899.0,3669899.0,3669899.0,0.0
1785314700,3486084.0,3486084.0,3486084.0,3486084.0,0.00542739
1785315600,3669499.0,3669499.0,3669499.0,3669499.0,0.01000272
1785316500,3669499.0,3669499.0,3669499.0,3669499.0,0.0
1785317400,3669499.0,3669499.0,3669499.0,3669499.0,0.0
1785318300,3669499.0,3669499.0,3669499.0,3669499.0,0.0
1785319200,3669499.0,3669499.0,3669499.0,3669499.0,0.0
1785320100,3487494.0,3487494.0,3487494.0,3487494.0,0.01000272
1785321000,3487494.0,3487494.0,3487494.0,3487494.0,0.0
1785321900,3487494.0,3487494.0,3487494.0,3487494.0,0.0
1785322800,3487494.0,3487494.0,3487494.0,3487494.0,0.0
1785323700,3487494.0,3487494.0,3487494.0,3487494.0,0.0
1785324600,3487494.0,3487494.0,3487494.0,3487494.0,0.0
1785325500,3487494.0,3487494.0,3487494.0,3487494.0,0.0
1785326400,3487494.0,3487494.0,3487494.0,3487494.0,0.0
1785327300,3488046.0,3488048.0,3488046.0,3488048.0,0.03173322
1785328200,3488048.0,3488048.0,3488048.0,3488048.0,0.0
1785329100,3488134.0,3488134.0,3488134.0,3488134.0,0.01133725
1785330000,3488134.0,3488134.0,3488134.0,3488134.0,0.0
1785330900,3667981.0,3667985.0,3667981.0,3667985.0,0.135307
1785331800,3667985.0,3667985.0,3667985.0,3667985.0,0.0
1785332700,3667985.0,3667985.0,3667985.0,3667985.0,0.0
1785333600,3667985.0,3667985.0,3667985.0,3667985.0,0.0
1785334500,3667985.0,3667985.0,3667985.0,3667985.0,0.0
1785335400,3667985.0,3667985.0,3667985.0,3667985.0,0.0
1785336300,3665996.0,3665996.0,3665996.0,3665996.0,0.01324496
1785337200,3665996.0,3665996.0,3665996.0,3665996.0,0.0
1785338100,3665996.0,3665996.0,3665996.0,3665996.0,0.0
1785339000,3665996.0,3665996.0,3665996.0,3665996.0,0.0
1785339900,3665996.0,3665996.0,3665996.0,3665996.0,0.0
1785340800,3665996.0,3665996.0,3665996.0,3665996.0,0.0
1785341700,3495901.0,3664999.0,3484709.0,3664999.0,1.00147949
1785342600,3659998.0,3659998.0,3659998.0,3659998.0,0.06802626
1785343500,3659998.0,3659998.0,3659998.0,3659998.0,0.0
1785344400,3659998.0,3659998.0,3659998.0,3659998.0,0.0
1785345300,3659998.0,3659998.0,3659998.0,3659998.0,0.0
1785346200,3659998.0,3659998.0,3659998.0,3659998.0,0.0
1785347100,3659998.0,3659998.0,3659998.0,3659998.0,0.0
1785348000,3659998.0,3659998.0,3659998.0,3659998.0,0.0
1785348900,3659998.0,3659998.0,3659998.0,3659998.0,0.0
1785349800,3659998.0,3659998.0,3659998.0,3659998.0,0.0
1785350700,3659998.0,3659998.0,3659998.0,3659998.0,0.0
1785351600,3659998.0,3659998.0,3659998.0,3659998.0,0.0
1785352500,3659998.0,3659998.0,3659998.0,3659998.0,0.0
1785353400,3659998.0,3659998.0,3659998.0,3659998.0,0.0
1785354300,3659998.0,3659998.0,3659998.0,3659998.0,0.0
1785355200,3654000.0,3654000.0,3428015.0,3428015.0,3.50059278
1785356100,3653999.0,3654000.0,3653999.0,3654000.0,0.02706514
1785357000,3654000.0,3654000.0,3654000.0,3654000.0,0.0
1785357900,3654000.0,3654000.0,3654000.0,3654000.0,0.0
1785358800,3654000.0,3654000.0,3654000.0,3654000.0,0.0
1785359700,3654000.0,3654000.0,3654000.0,3654000.0,0.0
1785360600,3654000.0,3654000.0,3654000.0,3654000.0,0.0
1785361500,3654000.0,3654000.0,3654000.0,3654000.0,0.0
1785362400,3654000.0,3654000.0,3654000.0,3654000.0,0.0
1785363300,3654000.0,3654000.0,3654000.0,3654000.0,0.0
1785364200,3654000.0,3654000.0,3654000.0,3654000.0,0.0
1785365100,3654000.0,3654000.0,3654000.0,3654000.0,0.0
1785366000,3654000.0,3654000.0,3654000.0,3654000.0,0.0
1785366900,3653998.0,3669699.0,3653998.0,3669699.0,0.75428368
1785367800,3669699.0,3669699.0,3650000.0,3650000.0,1.97848047
1785368700,3428052.0,3428052.0,3428052.0,3428052.0,0.00374838
1785369600,3428052.0,3428052.0,3428052.0,3428052.0,0.0
1785370500,3428072.0,3428072.0,3428072.0,3428072.0,0.00405956
1785371400,3649999.0,3649999.0,3649999.0,3649999.0,0.00682109
1785372300,3649999.0,3649999.0,3649999.0,3649999.0,0.0
1785373200,3648999.0,3649000.0,3648999.0,3649000.0,0.01612578
1785374100,3649000.0,3649000.0,3649000.0,3649000.0,0.0
1785375000,3433018.0,3433018.0,3433018.0,3433018.0,0.00381035
1785375900,3433018.0,3433018.0,3433018.0,3433018.0,0.0
1785376800,3433311.0,3433311.0,3433300.0,3433300.0,0.03567151
1785377700,3447640.0,3640000.0,3447640.0,3640000.0,0.2763952
1785378600,3640000.0,3640000.0,3640000.0,3640000.0,0.00273598
1785379500,3640000.0,3640000.0,3640000.0,3640000.0,0.0
1785380400,3640000.0,3640000.0,3640000.0,3640000.0,0.0
1785381300,3640000.0,3640000.0,3640000.0,3640000.0,0.0
1785382200,3640000.0,3640000.0,3640000.0,3640000.0,0.01367994
1785383100,3640000.0,3640000.0,3640000.0,3640000.0,0.0
1785384000,3640000.0,3640000.0,3640000.0,3640000.0,0.0
1785384900,3639000.0,3639000.0,3639000.0,3639000.0,0.05473509
1785385800,3639000.0,3639000.0,3639000.0,3639000.0,0.0
1785386700,3638000.0,3638000.0,3434042.0,3637000.0,0.08519646
1785387600,3637000.0,3637000.0,3637000.0,3637000.0,0.0
1785388500,3629500.0,3629500.0,3629500.0,3629500.0,0.00422096
1785389400,3629494.0,3629494.0,3629494.0,3629494.0,0.00548781
1785390300,3435502.0,3435502.0,3435502.0,3435502.0,0.06117954
1785391200,3628996.0,3628997.0,3628996.0,3628997.0,0.02839738
1785392100,3628997.0,3628997.0,3628997.0,3628997.0,0.0
1785393000,3628997.0,3628997.0,3628997.0,3628997.0,0.0
1785393900,3628997.0,3628997.0,3628997.0,3628997.0,0.00274428
1785394800,3628997.0,3628997.0,3628997.0,3628997.0,0.0
1785395700,3440055.0,3440055.0,3440050.0,3440050.0,0.02839738
1785396600,3440050.0,3440050.0,3440050.0,3440050.0,0.0
1785397500,3440050.0,3440050.0,3440050.0,3440050.0,0.0
1785398400,3440050.0,3440050.0,3440050.0,3440050.0,0.0
1785399300,3440050.0,3440050.0,3440050.0,3440050.0,0.0
1785400200,3440050.0,3440050.0,3440050.0,3440050.0,0.0
1785401100,3440050.0,3440050.0,3440050.0,3440050.0,0.0
1785402000,3620992.0,3620993.0,3620992.0,3620993.0,0.07068973
1785402900,3620993.0,3620993.0,3620993.0,3620993.0,0.00533997
1785403800,3620993.0,3620993.0,3620993.0,3620993.0,0.01341013
1785404700,3620993.0,3620993.0,3620993.0,3620993.0,0.0
1785405600,3620993.0,3620993.0,3620993.0,3620993.0,0.0
1785406500,3620993.0,3620993.0,3620993.0,3620993.0,0.0
1785407400,3620993.0,3620993.0,3620993.0,3620993.0,0.0
1785408300,3620993.0,3620993.0,3620993.0,3620993.0,0.0
1785409200,3620993.0,3620993.0,3620993.0,3620993.0,0.0
1785410100,3620993.0,3620993.0,3620993.0,3620993.0,0.0
1785411000,3620993.0,3620993.0,3620993.0,3620993.0,0.0
1785411900,3620993.0,3620993.0,3620993.0,3620993.0,0.0
1785412800,3620993.0,3620993.0,3620993.0,3620993.0,0.0
1785413700,3524874.0,3988935.0,3524874.0,3988935.0,9.28800963
1785414600,3870129.0,3870129.0,3870129.0,3870129.0,0.01289801
1785415500,3870129.0,3870129.0,3870129.0,3870129.0,0.0
1785416400,3870129.0,3870129.0,3870129.0,3870129.0,0.0
1785417300,3550173.0,3550173.0,3530050.0,3530050.0,0.99642
1785418200,3535000.0,3535000.0,3500000.0,3500000.0,0.53855237
1785419100,3500000.0,3500000.0,3480171.0,3480171.0,0.02996691
1785420000,3480196.0,3749974.0,3480196.0,3749974.0,0.33988167
1785420900,3699976.0,3699976.0,3699974.0,3699974.0,0.02027824
1785421800,3699974.0,3699974.0,3699974.0,3699974.0,0.0
1785422700,3480330.0,3699894.0,3480203.0,3480203.0,0.02947289
1785423600,3649937.0,3649982.0,3640340.0,3640340.0,0.13307393
1785424500,3649973.0,3649985.0,3530013.0,3640000.0,0.59990264
1785425400,3531000.0,3531000.0,3531000.0,3531000.0,0.00390984
1785426300,3531000.0,3531000.0,3531000.0,3531000.0,0.0
1785427200,3531000.0,3531000.0,3531000.0,3531000.0,0.0
1785428100,3531000.0,3531000.0,3531000.0,3531000.0,0.0
1785429000,3531000.0,3531000.0,3531000.0,3531000.0,0.0
1785429900,3531000.0,3531000.0,3531000.0,3531000.0,0.0
1785430800,3531000.0,3531000.0,3531000.0,3531000.0,0.0
1785431700,3547663.0,3554499.0,3547663.0,3554499.0,0.00312149
1785432600,3554499.0,3554499.0,3554499.0,3554499.0,0.0
1785433500,3554499.0,3561335.0,3554499.0,3561335.0,0.00528659
1785434400,3561335.0,3561335.0,3561335.0,3561335.0,0.0
1785435300,3561335.0,3561335.0,3561335.0,3561335.0,0.0
1785436200,3561335.0,3561335.0,3561335.0,3561335.0,0.0
1785437100,3561335.0,3561335.0,3561335.0,3561335.0,0.0
1785438000,3561335.0,3561335.0,3561335.0,3561335.0,0.0
1785438900,3561335.0,3561335.0,3561335.0,3561335.0,0.0
1785439800,3543528.0,3543528.0,3531000.0,3531000.0,0.00607513
1785440700,3531000.0,3531000.0,3531000.0,3531000.0,0.0
1785441600,3531000.0,3531000.0,3531000.0,3531000.0,0.0
1785442500,3531000.0,3531000.0,3531000.0,3531000.0,0.0
1785443400,3531000.0,3531000.0,3531000.0,3531000.0,0.0
1785444300,3531000.0,3531000.0,3531000.0,3531000.0,0.0
1785445200,3531000.0,3531000.0,3531000.0,3531000.0,0.0
1785446100,3561335.0,3590798.0,3561335.0,3590798.0,0.01374879
1785447000,3590798.0,3590798.0,3590798.0,3590798.0,0.0
1785447900,3590798.0,3590798.0,3590798.0,3590798.0,0.0
1785448800,3590798.0,3590798.0,3590798.0,3590798.0,0.0
1785449700,3590798.0,3590798.0,3590798.0,3590798.0,0.0
1785450600,3590798.0,3590798.0,3590798.0,3590798.0,0.0
1785451500,3590798.0,3590798.0,3590798.0,3590798.0,0.00312267
1785452400,3590798.0,3590798.0,3531100.0,3531100.0,0.02652185
1785453300,3531100.0,3531100.0,3531100.0,3531100.0,0.06091083
1785454200,3531100.0,3531100.0,3531100.0,3531100.0,0.0
1785455100,3531100.0,3531100.0,3531100.0,3531100.0,0.0
1785456000,3590100.0,3590100.0,3590100.0,3590100.0,0.00277401
1785456900,3590100.0,3590100.0,3590100.0,3590100.0,0.0
1785457800,3590100.0,3590100.0,3590100.0,3590100.0,0.0
1785458700,3590100.0,3590100.0,3590100.0,3590100.0,0.0
1785459600,3590100.0,3590100.0,3590100.0,3590100.0,0.0
1785460500,3590100.0,3590100.0,3590100.0,3590100.0,0.0
1785461400,3590000.0,3590000.0,3590000.0,3590000.0,0.00461922
1785462300,3589900.0,3589900.0,3531100.0,3531104.0,0.09277629
1785463200,3589896.0,3870126.0,3589896.0,3870126.0,3.21878186
1785464100,3870126.0,3870126.0,3870126.0,3870126.0,0.0
1785465000,3865126.0,3865126.0,3865126.0,3865126.0,0.00496025
1785465900,3865126.0,3870125.0,3865126.0,3870125.0,0.12054856
1785466800,3870125.0,3870125.0,3870125.0,3870125.0,0.00431407
1785467700,3870125.0,3870125.0,3870124.0,3870124.0,0.00718451
1785468600,3870124.0,3870124.0,3870124.0,3870124.0,0.0
1785469500,3847739.0,3870124.0,3614736.0,3870124.0,0.62721302
1785470400,3870124.0,3870124.0,3870124.0,3870124.0,0.0
1785471300,3614738.0,3614738.0,3614738.0,3614738.0,0.03092336
1785472200,3614738.0,3614738.0,3614738.0,3614738.0,0.02872683
1785473100,3614738.0,3614738.0,3614738.0,3614738.0,0.0
1785474000,3614738.0,3614738.0,3614738.0,3614738.0,0.02800823
1785474900,3614740.0,3614740.0,3614740.0,3614740.0,0.01128033
1785475800,3614740.0,3614740.0,3614738.0,3614738.0,0.03088413
1785476700,3614738.0,3614738.0,3614738.0,3614738.0,0.0
1785477600,3834996.0,3834996.0,3834996.0,3834996.0,0.01168579
1785478500,3632809.0,3637953.0,3632809.0,3637953.0,0.00409741
1785479400,3637953.0,3648242.0,3614738.0,3614738.0,0.60033905
1785480300,3614738.0,3658531.0,3551000.0,3551000.0,0.76471316
1785481200,3551000.0,3551000.0,3551000.0,3551000.0,0.0
1785482100,3551000.0,3551000.0,3551000.0,3551000.0,0.0
1785483000,3551000.0,3551000.0,3551000.0,3551000.0,0.0
1785483900,3551004.0,3551004.0,3551004.0,3551004.0,0.00908841
1785484800,3551004.0,3551004.0,3551004.0,3551004.0,0.0
1785485700,3551004.0,3551004.0,3551004.0,3551004.0,0.0
1785486600,3551004.0,3551004.0,3551004.0,3551004.0,0.0
1785487500,3551004.0,3551004.0,3551004.0,3551004.0,0.0
1785488400,3551004.0,3551004.0,3551004.0,3551004.0,0.0
1785489300,3551004.0,3551004.0,3551004.0,3551004.0,0.0
1785490200,3551004.0,3551004.0,3551004.0,3551004.0,0.0
1785491100,3551004.0,3551004.0,3551004.0,3551004.0,0.0
1785492000,3551004.0,3551004.0,3551004.0,3551004.0,0.0
1785492900,3565142.0,3565142.0,3555555.0,3555555.0,0.05795681
1785493800,3555555.0,3555555.0,3555555.0,3555555.0,0.13487258
1785494700,3555555.0,3555555.0,3555555.0,3555555.0,0.0
1785495600,3555555.0,3555555.0,3555555.0,3555555.0,0.0
1785496500,3555555.0,3555555.0,3555555.0,3555555.0,0.0
1785497400,3555555.0,3555555.0,3555555.0,3555555.0,0.0
1785498300,3555555.0,3555555.0,3555555.0,3555555.0,0.0
1785499200,3555555.0,3555555.0,3555555.0,3555555.0,0.0
1785500100,3573206.0,3658531.0,3573206.0,3658531.0,0.6573417
1785501000,3658531.0,3658531.0,3658531.0,3658531.0,0.0
1785501900,3658531.0,3658531.0,3658531.0,3658531.0,0.0
1785502800,3658531.0,3658531.0,3658531.0,3658531.0,0.0
1785503700,3658531.0,3658531.0,3658531.0,3658531.0,0.0
1785504600,3658531.0,3658531.0,3658531.0,3658531.0,0.0
1785505500,3658531.0,3707006.0,3658531.0,3707006.0,0.06062689
1785506400,3707006.0,3722754.0,3707006.0,3722754.0,0.02412003
1785507300,3722754.0,3722754.0,3722754.0,3722754.0,0.0
1785508200,3722754.0,3722754.0,3722754.0,3722754.0,0.0
1785509100,3722754.0,3722754.0,3722754.0,3722754.0,0.0
1785510000,3722754.0,3722754.0,3722754.0,3722754.0,0.0
1785510900,3722754.0,3738503.0,3555752.0,3555752.0,0.04525284
1785511800,3555752.0,3555752.0,3555752.0,3555752.0,0.0
1785512700,3555752.0,3555752.0,3555752.0,3555752.0,0.0
1785513600,3555752.0,3555752.0,3555752.0,3555752.0,0.0
1785514500,3555822.0,3555822.0,3555822.0,3555822.0,0.01374879
1785515400,3738498.0,3738498.0,3738498.0,3738498.0,0.00506139
1785516300,3738498.0,3738498.0,3738498.0,3738498.0,0.0
1785517200,3738498.0,3738498.0,3738498.0,3738498.0,0.02526495
1785518100,3738498.0,3738498.0,3738498.0,3738498.0,0.0
1785519000,3738498.0,3738498.0,3738498.0,3738498.0,0.0
1785519900,3738498.0,3750000.0,3738498.0,3750000.0,0.06511622
1785520800,3750000.0,3750000.0,3750000.0,3750000.0,0.0
1785521700,3750000.0,3750000.0,3750000.0,3750000.0,0.0
1785522600,3750000.0,3750000.0,3750000.0,3750000.0,0.0
1785523500,3750000.0,3750000.0,3750000.0,3750000.0,0.0
1785524400,3719810.0,3719810.0,3633323.0,3633323.0,0.03342828
1785525300,3633323.0,3633323.0,3633323.0,3633323.0,0.0
1785526200,3633324.0,3633324.0,3633324.0,3633324.0,0.00849247
1785527100,3633324.0,3633324.0,3633324.0,3633324.0,0.0
1785528000,3633231.0,3633231.0,3579810.0,3579810.0,0.02526495
1785528900,3579810.0,3579810.0,3579810.0,3579810.0,0.0
1785529800,3579810.0,3579810.0,3579810.0,3579810.0,0.0
1785530700,3579814.0,3775916.0,3579814.0,3775916.0,0.16986258
1785531600,3775916.0,3775916.0,3775916.0,3775916.0,0.0
1785532500,3775916.0,3775916.0,3775916.0,3775916.0,0.0
1785533400,3775916.0,3775916.0,3775916.0,3775916.0,0.0
1785534300,3775916.0,3781218.0,3775916.0,3781218.0,0.01971989
1785535200,3781218.0,3781218.0,3781218.0,3781218.0,0.0
1785536100,3781218.0,3781218.0,3781218.0,3781218.0,0.0
1785537000,3781218.0,3781218.0,3781218.0,3781218.0,0.0
1785537900,3781218.0,3781218.0,3781218.0,3781218.0,0.0
1785538800,3781218.0,3781218.0,3579896.0,3579896.0,0.03720404
1785539700,3579989.0,3579989.0,3579989.0,3579989.0,0.01971989
1785540600,3579989.0,3579989.0,3579989.0,3579989.0,0.0
1785541500,3580063.0,3580063.0,3579990.0,3579990.0,0.04492379
1785542400,3579990.0,3579990.0,3579990.0,3579990.0,0.0
1785543300,3579991.0,3579991.0,3579990.0,3579990.0,0.01289751
1785544200,3579990.0,3579990.0,3579990.0,3579990.0,0.0
1785545100,3579990.0,3579990.0,3579990.0,3579990.0,0.0
1785546000,3579990.0,3579990.0,3579990.0,3579990.0,0.0
1785546900,3579990.0,3579990.0,3579990.0,3579990.0,0.0
1785547800,3579990.0,3579990.0,3579990.0,3579990.0,0.0
1785548700,3579990.0,3579990.0,3579990.0,3579990.0,0.0
1785549600,3579994.0,3699994.0,3579990.0,3579990.0,0.06384803
1785550500,3580000.0,3580000.0,3580000.0,3580000.0,0.14053743
1785551400,3580000.0,3580000.0,3580000.0,3580000.0,0.0
1785552300,3580000.0,3580000.0,3580000.0,3580000.0,0.0
1785553200,3669996.0,3669996.0,3669996.0,3669996.0,0.00481008
1785554100,3580000.0,3668999.0,3580000.0,3668999.0,0.0094563
1785555000,3580000.0,3669000.0,3580000.0,3669000.0,0.06971719
1785555900,3669000.0,3669996.0,3666460.0,3666460.0,0.10584766
1785556800,3666460.0,3666460.0,3666460.0,3666460.0,0.0
1785557700,3666460.0,3666460.0,3666460.0,3666460.0,0.0
1785558600,3666460.0,3666460.0,3666460.0,3666460.0,0.0
1785559500,3663254.0,3663254.0,3656844.0,3656844.0,0.01701872
1785560400,3656844.0,3656844.0,3656844.0,3656844.0,0.0
1785561300,3687345.0,3700000.0,3687345.0,3700000.0,0.00623875
1785562200,3700000.0,3700000.0,3700000.0,3700000.0,0.0
1785563100,3700000.0,3700000.0,3700000.0,3700000.0,0.0
1785564000,3700000.0,3700000.0,3700000.0,3700000.0,0.0
1785564900,3700000.0,3700000.0,3700000.0,3700000.0,0.0
1785565800,3700000.0,3700000.0,3700000.0,3700000.0,0.0
1785566700,3700000.0,3700000.0,3700000.0,3700000.0,0.00612134
1785567600,3700000.0,3700000.0,3700000.0,3700000.0,0.0
1785568500,3700000.0,3700000.0,3700000.0,3700000.0,0.0
1785569400,3700000.0,3700000.0,3700000.0,3700000.0,0.0
1785570300,3700000.0,3700000.0,3700000.0,3700000.0,0.0128127
1785571200,3700000.0,3700000.0,3700000.0,3700000.0,0.0
1785572100,3700000.0,3700000.0,3700000.0,3700000.0,0.0
1785573000,3700000.0,3700000.0,3700000.0,3700000.0,0.0
1785573900,3700000.0,3700000.0,3700000.0,3700000.0,0.0
1785574800,3656844.0,3656844.0,3656844.0,3656844.0,0.00612134
1785575700,3656844.0,3656844.0,3656844.0,3656844.0,0.0
1785576600,3656844.0,3656844.0,3656844.0,3656844.0,0.0
1785577500,3656844.0,3656844.0,3656844.0,3656844.0,0.0
1785578400,3700000.0,3700000.0,3700000.0,3700000.0,0.0365281
1785579300,3700000.0,3700000.0,3700000.0,3700000.0,0.0
1785580200,3656844.0,3656844.0,3653640.0,3653640.0,0.03255758
1785581100,3653640.0,3653640.0,3653640.0,3653640.0,0.0
1785582000,3653640.0,3653640.0,3650434.0,3650434.0,0.0087944
1785582900,3650434.0,3650434.0,3650434.0,3650434.0,0.0
1785583800,3650434.0,3650434.0,3650434.0,3650434.0,0.0
1785584700,3650434.0,3650434.0,3650434.0,3650434.0,0.0
1785585600,3650434.0,3650434.0,3650434.0,3650434.0,0.0
1785586500,3650434.0,3650434.0,3650434.0,3650434.0,0.0
1785587400,3650434.0,3650434.0,3650434.0,3650434.0,0.0
1785588300,3650434.0,3650434.0,3650434.0,3650434.0,0.0
1785589200,3650434.0,3650434.0,3650434.0,3650434.0,0.0
1785590100,3650434.0,3650434.0,3650434.0,3650434.0,0.0
1785591000,3650434.0,3650434.0,3650434.0,3650434.0,0.0
1785591900,3650434.0,3650434.0,3650434.0,3650434.0,0.0128127
1785592800,3650434.0,3650434.0,3650434.0,3650434.0,0.0
1785593700,3650434.0,3650434.0,3650434.0,3650434.0,0.0
1785594600,3650434.0,3650434.0,3636232.0,3636232.0,0.0365281
1785595500,3636232.0,3636232.0,3636232.0,3636232.0,0.0045391
1785596400,3700000.0,3700000.0,3700000.0,3700000.0,0.00269162
1785597300,3700000.0,3700000.0,3700000.0,3700000.0,0.0
1785598200,3700000.0,3700000.0,3700000.0,3700000.0,0.0
1785599100,3700000.0,3700000.0,3700000.0,3700000.0,0.0
1785600000,3700000.0,3700000.0,3700000.0,3700000.0,0.0
1785600900,3700000.0,3700000.0,3700000.0,3700000.0,0.0
1785601800,3636232.0,3636232.0,3636232.0,3636232.0,0.01155504
1785602700,3636232.0,3636232.0,3636232.0,3636232.0,0.0
1785603600,3700000.0,3700000.0,3636232.0,3636232.0,0.00799161
1785604500,3636232.0,3636232.0,3636232.0,3636232.0,0.0
1785605400,3636232.0,3636232.0,3636232.0,3636232.0,0.0
1785606300,3636232.0,3636232.0,3636232.0,3636232.0,0.01600438
1785607200,3633061.0,3633061.0,3629891.0,3629891.0,0.02202928
1785608100,3629891.0,3629891.0,3590118.0,3590118.0,0.16328291
1785609000,3700000.0,3700000.0,3700000.0,3700000.0,0.0050781
1785609900,3700000.0,3700000.0,3700000.0,3700000.0,0.0
1785610800,3700000.0,3700000.0,3700000.0,3700000.0,0.01347162
1785611700,3700000.0,3700000.0,3700000.0,3700000.0,0.0
1785612600,3700000.0,3700000.0,3700000.0,3700000.0,0.0
1785613500,3700000.0,3700000.0,3700000.0,3700000.0,0.0
1785614400,3700000.0,3700000.0,3700000.0,3700000.0,0.0
1785615300,3700000.0,3700000.0,3700000.0,3700000.0,0.03768215
1785616200,3700000.0,3700000.0,3700000.0,3700000.0,0.0
1785617100,3700000.0,3700000.0,3700000.0,3700000.0,0.0
1785618000,3700000.0,3700000.0,3700000.0,3700000.0,0.0
1785618900,3700000.0,3700000.0,3700000.0,3700000.0,0.0
1785619800,3700000.0,3700000.0,3700000.0,3700000.0,0.0
1785620700,3700000.0,3700000.0,3700000.0,3700000.0,0.0
1785621600,3700000.0,3700000.0,3700000.0,3700000.0,0.0
1785622500,3700000.0,3700000.0,3700000.0,3700000.0,0.0
1785623400,3700000.0,3700000.0,3700000.0,3700000.0,0.0
1785624300,3700000.0,3700000.0,3700000.0,3700000.0,0.0
1785625200,3700000.0,3700000.0,3700000.0,3700000.0,0.0
1785626100,3700000.0,3700000.0,3581000.0,3581000.0,0.09221358
1785627000,3581001.0,3700000.0,3581000.0,3581000.0,0.08524181
1785627900,3581000.0,3581000.0,3581000.0,3581000.0,0.0
1785628800,3581000.0,3581000.0,3581000.0,3581000.0,0.0
1785629700,3581000.0,3581000.0,3581000.0,3581000.0,0.0
1785630600,3581000.0,3581000.0,3581000.0,3581000.0,0.0
1785631500,3581000.0,3581000.0,3581000.0,3581000.0,0.0
1785632400,3581000.0,3581000.0,3581000.0,3581000.0,0.0
1785633300,3581000.0,3581000.0,3581000.0,3581000.0,0.0
1785634200,3581000.0,3581000.0,3581000.0,3581000.0,0.0
1785635100,3581000.0,3581000.0,3581000.0,3581000.0,0.0
1785636000,3581000.0,3581000.0,3581000.0,3581000.0,0.0
1785636900,3581000.0,3581000.0,3581000.0,3581000.0,0.0
1785637800,3581000.0,3581000.0,3581000.0,3581000.0,0.0
1785638700,3699999.0,3726000.0,3699999.0,3726000.0,0.10447245
1785639600,3582088.0,3582088.0,3581003.0,3581003.0,0.27323612
1785640500,3724998.0,3724998.0,3724998.0,3724998.0,0.00552107
1785641400,3724998.0,3724998.0,3724998.0,3724998.0,0.0
1785642300,3581174.0,3724996.0,3581173.0,3724995.0,0.04432128
1785643200,3581011.0,3581011.0,3578315.0,3578315.0,0.05475414
1785644100,3578315.0,3578315.0,3578315.0,3578315.0,0.0
1785645000,3578315.0,3578315.0,3578315.0,3578315.0,0.0
1785645900,3578315.0,3578315.0,3578315.0,3578315.0,0.0
1785646800,3578315.0,3578315.0,3578315.0,3578315.0,0.0
1785647700,3578315.0,3578315.0,3578315.0,3578315.0,0.0
1785648600,3578315.0,3578315.0,3578315.0,3578315.0,0.0
1785649500,3724100.0,3724100.0,3584110.0,3584110.0,0.05554468
1785650400,3722989.0,3722989.0,3722989.0,3722989.0,0.01922084
1785651300,3722989.0,3722989.0,3722989.0,3722989.0,0.0
1785652200,3722989.0,3722989.0,3722989.0,3722989.0,0.0
1785653100,3722989.0,3722989.0,3722989.0,3722989.0,0.0
1785654000,3584090.0,3584090.0,3571307.0,3571307.0,0.47041563
1785654900,3571307.0,3571307.0,3571307.0,3571307.0,0.0
1785655800,3571307.0,3571307.0,3571307.0,3571307.0,0.0
1785656700,3571307.0,3571307.0,3571307.0,3571307.0,0.0
1785657600,3571307.0,3571307.0,3571307.0,3571307.0,0.0
1785658500,3571307.0,3571307.0,3571307.0,3571307.0,0.0
1785659400,3571307.0,3571307.0,3571307.0,3571307.0,0.0
1785660300,3571307.0,3571307.0,3571307.0,3571307.0,0.0
1785661200,3571307.0,3571307.0,3571307.0,3571307.0,0.0
1785662100,3571307.0,3571307.0,3571307.0,3571307.0,0.0
1785663000,3571307.0,3571307.0,3571307.0,3571307.0,0.0
1785663900,3571307.0,3571307.0,3571307.0,3571307.0,0.0
1785664800,3571307.0,3571307.0,3571307.0,3571307.0,0.0
1785665700,3571307.0,3571307.0,3571307.0,3571307.0,0.0
1785666600,3571307.0,3571307.0,3571307.0,3571307.0,0.0135687
1785667500,3571307.0,3571307.0,3571307.0,3571307.0,0.0
1785668400,3592311.0,3596206.0,3592311.0,3596206.0,0.00506113
1785669300,3572311.0,3572311.0,3572307.0,3572307.0,0.09297386
1785670200,3572307.0,3572307.0,3572307.0,3572307.0,0.0
1785671100,3596206.0,3606161.0,3596206.0,3606161.0,0.02762956
1785672000,3606161.0,3606161.0,3606161.0,3606161.0,0.0
1785672900,3610098.0,3610098.0,3610098.0,3610098.0,0.0031434
1785673800,3610098.0,3610098.0,3610098.0,3610098.0,0.0
1785674700,3610098.0,3610098.0,3610098.0,3610098.0,0.0
1785675600,3610098.0,3610098.0,3610098.0,3610098.0,0.0
1785676500,3610098.0,3610098.0,3610098.0,3610098.0,0.0
1785677400,3610098.0,3610098.0,3610098.0,3610098.0,0.0
1785678300,3610098.0,3610098.0,3610098.0,3610098.0,0.0
1785679200,3610098.0,3610098.0,3610098.0,3610098.0,0.0
1785680100,3610098.0,3610098.0,3610098.0,3610098.0,0.0
1785681000,3610090.0,3610093.0,3610090.0,3610093.0,0.02686409
1785681900,3610093.0,3610093.0,3610093.0,3610093.0,0.0
1785682800,3610094.0,3610094.0,3610094.0,3610094.0,0.00366527
1785683700,3610094.0,3610094.0,3610094.0,3610094.0,0.0
1785684600,3610094.0,3610094.0,3610094.0,3610094.0,0.0
1785685500,3610094.0,3610094.0,3610094.0,3610094.0,0.0
1785686400,3571327.0,3571327.0,3571327.0,3571327.0,0.00422616
1785687300,3571327.0,3571327.0,3571327.0,3571327.0,0.0
1785688200,3571327.0,3571327.0,3571327.0,3571327.0,0.0
1785689100,3610088.0,3610088.0,3610088.0,3610088.0,0.0065749
1785690000,3610088.0,3610088.0,3610088.0,3610088.0,0.0
1785690900,3610088.0,3610088.0,3610088.0,3610088.0,0.0
1785691800,3610088.0,3610088.0,3610088.0,3610088.0,0.0
1785692700,3610093.0,3610093.0,3610093.0,3610093.0,0.0055173
1785693600,3610093.0,3610093.0,3610093.0,3610093.0,0.0
1785694500,3610093.0,3610093.0,3610093.0,3610093.0,0.0
1785695400,3610093.0,3610093.0,3610093.0,3610093.0,0.0
1785696300,3610093.0,3610093.0,3610093.0,3610093.0,0.0
1785697200,3610093.0,3610093.0,3610093.0,3610093.0,0.0
1785698100,3610093.0,3610093.0,3610093.0,3610093.0,0.0
1785699000,3610093.0,3610093.0,3610093.0,3610093.0,0.0
1785699900,3610093.0,3610093.0,3610093.0,3610093.0,0.0
1785700800,3571327.0,3571327.0,3571327.0,3571327.0,0.0268644
1785701700,3571327.0,3571327.0,3571327.0,3571327.0,0.0
1785702600,3571327.0,3571327.0,3571327.0,3571327.0,0.0
1785703500,3571327.0,3571327.0,3571327.0,3571327.0,0.0
1785704400,3571327.0,3571327.0,3571327.0,3571327.0,0.0
1785705300,3571327.0,3571327.0,3571327.0,3571327.0,0.0
1785706200,3610090.0,3610090.0,3571323.0,3571323.0,0.01584654
1785707100,3571323.0,3571323.0,3571323.0,3571323.0,0.0
1785708000,3571323.0,3571323.0,3571323.0,3571323.0,0.0
1785708900,3571323.0,3571323.0,3571323.0,3571323.0,0.0
1785709800,3610090.0,3610090.0,3610090.0,3610090.0,0.00551731
1785710700,3610090.0,3610090.0,3610090.0,3610090.0,0.0
1785711600,3610090.0,3610090.0,3610090.0,3610090.0,0.0
1785712500,3610090.0,3610090.0,3610090.0,3610090.0,0.0
1785713400,3610090.0,3610090.0,3610090.0,3610090.0,0.0
1785714300,3610090.0,3610090.0,3610090.0,3610090.0,0.0
1785715200,3610093.0,3610094.0,3610093.0,3610094.0,0.00426858
1785716100,3610094.0,3610094.0,3610094.0,3610094.0,0.0
1785717000,3610094.0,3610094.0,3610094.0,3610094.0,0.0
1785717900,3610100.0,3634535.0,3610100.0,3634535.0,0.02696503
1785718800,3571327.0,3643519.0,3571327.0,3643519.0,0.01661733
1785719700,3643519.0,3643519.0,3643519.0,3643519.0,0.0
1785720600,3643519.0,3643519.0,3643519.0,3643519.0,0.0
1785721500,3643519.0,3643519.0,3643519.0,3643519.0,0.0
1785722400,3643523.0,3648017.0,3643523.0,3648017.0,0.00670711
1785723300,3648017.0,3648017.0,3648017.0,3648017.0,0.0
1785724200,3648017.0,3648017.0,3648017.0,3648017.0,0.0
1785725100,3600000.0,3600000.0,3571327.0,3571327.0,0.04492435
1785726000,3571327.0,3571327.0,3571327.0,3571327.0,0.0
1785726900,3571327.0,3571327.0,3571327.0,3571327.0,0.02744296
1785727800,3648013.0,3746403.0,3648013.0,3746403.0,0.7129517
1785728700,3581122.0,3581122.0,3581121.0,3581121.0,0.0547348
1785729600,3581121.0,3581121.0,3581121.0,3581121.0,0.0
1785730500,3581126.0,3581126.0,3581126.0,3581126.0,0.00335
1785731400,3581126.0,3581126.0,3581126.0,3581126.0,0.0
1785732300,3581126.0,3581126.0,3581126.0,3581126.0,0.0
1785733200,3727670.0,3727670.0,3699552.0,3699552.0,0.01411909
1785734100,3739998.0,3739998.0,3676997.0,3676997.0,0.05859346
1785735000,3739997.0,3740000.0,3738996.0,3738996.0,0.04734741
1785735900,3738996.0,3738996.0,3738996.0,3738996.0,0.0
1785736800,3676997.0,3676997.0,3571319.0,3676997.0,0.76208457
1785737700,3676997.0,3676997.0,3676997.0,3676997.0,0.920486
1785738600,3676997.0,3676997.0,3676997.0,3676997.0,0.0
1785739500,3699000.0,3699000.0,3699000.0,3699000.0,0.0368951
1785740400,3699000.0,3699000.0,3699000.0,3699000.0,0.0
1785741300,3698000.0,3698000.0,3698000.0,3698000.0,0.07872389
1785742200,3698000.0,3698000.0,3698000.0,3698000.0,0.00657869
1785743100,3698000.0,3698000.0,3698000.0,3698000.0,0.00546809
1785744000,3676997.0,3698000.0,3573004.0,3698000.0,0.01478208
1785744900,3698000.0,3698000.0,3698000.0,3698000.0,0.0
1785745800,3698000.0,3698000.0,3698000.0,3698000.0,0.0
1785746700,3698000.0,3698000.0,3698000.0,3698000.0,0.0
1785747600,3698000.0,3698000.0,3698000.0,3698000.0,0.0
1785748500,3698000.0,3698000.0,3698000.0,3698000.0,0.0
1785749400,3698000.0,3698000.0,3698000.0,3698000.0,0.0
1785750300,3698000.0,3698000.0,3698000.0,3698000.0,0.0
1785751200,3698000.0,3698000.0,3698000.0,3698000.0,0.0
1785752100,3698000.0,3698000.0,3698000.0,3698000.0,0.0
1785753000,3698000.0,3698000.0,3698000.0,3698000.0,0.0
1785753900,3696000.0,3696000.0,3696000.0,3696000.0,0.00518614
1785754800,3575001.0,3631366.0,3575001.0,3631366.0,0.01226816
1785755700,3631184.0,3631184.0,3575000.0,3575000.0,0.00677995
1785756600,3633908.0,3634635.0,3633908.0,3634635.0,0.12346461
1785757500,3625009.0,3625009.0,3611749.0,3611749.0,0.02342465
1785758400,3607209.0,3607209.0,3577001.0,3577001.0,0.02040952
1785759300,3577001.0,3577001.0,3577001.0,3577001.0,0.0
1785760200,3577001.0,3577001.0,3577001.0,3577001.0,0.0
1785761100,3594247.0,3594247.0,3571319.0,3571319.0,0.04895757
1785762000,3599338.0,3609519.0,3599338.0,3609519.0,0.00737481
1785762900,3571319.0,3571319.0,3571319.0,3571319.0,0.01373237
1785763800,3571319.0,3571319.0,3571319.0,3571319.0,0.0
1785764700,3609518.0,3609518.0,3571319.0,3571319.0,0.08979505
1785765600,3571319.0,3571319.0,3571319.0,3571319.0,0.0
1785766500,3609518.0,3609518.0,3609518.0,3609518.0,0.00275909
1785767400,3609518.0,3609518.0,3609518.0,3609518.0,0.0
1785768300,3609518.0,3609518.0,3609518.0,3609518.0,0.0
1785769200,3609518.0,3609518.0,3609518.0,3609518.0,0.0
1785770100,3609518.0,3609518.0,3609518.0,3609518.0,0.0
1785771000,3609518.0,3609518.0,3609518.0,3609518.0,0.0
1785771900,3579004.0,3631998.0,3579004.0,3631998.0,0.01990329
1785772800,3631998.0,3631998.0,3631998.0,3631998.0,9.418e-05
1785773700,3631998.0,3631998.0,3631998.0,3631998.0,0.0
1785774600,3631998.0,3631998.0,3631998.0,3631998.0,0.0
1785775500,3637142.0,3637142.0,3637142.0,3637142.0,0.00393798
1785776400,3637142.0,3669748.0,3637142.0,3669748.0,0.01611119
1785777300,3669748.0,3669748.0,3669748.0,3669748.0,0.00289665
1785778200,3579010.0,3579010.0,3579010.0,3579010.0,0.00289633
1785779100,3579010.0,3579010.0,3579010.0,3579010.0,0.0
1785780000,3579010.0,3579010.0,3579010.0,3579010.0,0.0
1785780900,3579019.0,3579019.0,3579019.0,3579019.0,0.00313756
1785781800,3579019.0,3579019.0,3579019.0,3579019.0,0.0
1785782700,3579019.0,3579019.0,3579019.0,3579019.0,0.0
1785783600,3579019.0,3579019.0,3579019.0,3579019.0,0.0
1785784500,3579019.0,3579019.0,3579019.0,3579019.0,0.0
1785785400,3579019.0,3579019.0,3579019.0,3579019.0,0.0
1785786300,3579019.0,3579019.0,3579019.0,3579019.0,0.0
1785787200,3669748.0,3870126.0,3669748.0,3870126.0,2.50570994
1785788100,3745745.0,3746506.0,3745745.0,3746506.0,0.01551492
1785789000,3746506.0,3746506.0,3746506.0,3746506.0,0.0
1785789900,3746506.0,3746506.0,3746506.0,3746506.0,0.0
1785790800,3651399.0,3651399.0,3579010.0,3579010.0,0.01551492
1785791700,3746784.0,3746784.0,3746784.0,3746784.0,0.01331648
1785792600,3746784.0,3746784.0,3746784.0,3746784.0,0.0
1785793500,3746784.0,3746784.0,3746784.0,3746784.0,0.0
1785794400,3746784.0,3746784.0,3746784.0,3746784.0,0.0
1785795300,3746784.0,3746784.0,3746784.0,3746784.0,0.0
1785796200,3746784.0,3746784.0,3746784.0,3746784.0,0.0
1785797100,3748952.0,3748952.0,3579236.0,3579236.0,0.00646354
1785798000,3579236.0,3579236.0,3579236.0,3579236.0,0.0
1785798900,3579236.0,3579236.0,3579236.0,3579236.0,0.0
1785799800,3579236.0,3579236.0,3579236.0,3579236.0,0.0
1785800700,3579236.0,3579236.0,3579236.0,3579236.0,0.0
1785801600,3579236.0,3579236.0,3579236.0,3579236.0,0.0
1785802500,3579236.0,3579236.0,3579236.0,3579236.0,0.0
1785803400,3579236.0,3579236.0,3579236.0,3579236.0,0.0
1785804300,3579236.0,3579236.0,3579236.0,3579236.0,0.0
1785805200,3579236.0,3579236.0,3579236.0,3579236.0,0.0
1785806100,3579236.0,3579236.0,3579236.0,3579236.0,0.0
1785807000,3579236.0,3579236.0,3579236.0,3579236.0,0.0
1785807900,3748951.0,3828722.0,3748951.0,3782080.0,0.09934155
1785808800,3772382.0,3772382.0,3764603.0,3764603.0,0.01553584
1785809700,3764603.0,3764603.0,3764603.0,3764603.0,0.0
1785810600,3747487.0,3747487.0,3747487.0,3747487.0,0.00449716
1785811500,3747487.0,3747487.0,3747487.0,3747487.0,0.0
1785812400,3747487.0,3762053.0,3741528.0,3762053.0,0.01384275
1785813300,3741528.0,3741528.0,3735568.0,3735568.0,0.01438511
1785814200,3735568.0,3735568.0,3735568.0,3735568.0,0.0
1785815100,3735568.0,3735568.0,3735568.0,3735568.0,0.0
1785816000,3735568.0,3735568.0,3730563.0,3730563.0,0.00269162
1785816900,3730563.0,3770976.0,3730563.0,3770976.0,0.00542674
1785817800,3770976.0,3770976.0,3770976.0,3770976.0,0.0
1785818700,3729608.0,3729608.0,3729608.0,3729608.0,0.00527768
1785819600,3729608.0,3729608.0,3729608.0,3729608.0,0.0
1785820500,3729608.0,3729608.0,3729608.0,3729608.0,0.0
1785821400,3729608.0,3729608.0,3729608.0,3729608.0,0.0
1785822300,3729608.0,3729608.0,3700975.0,3700975.0,0.04923779
1785823200,3700975.0,3700975.0,3700975.0,3700975.0,0.0
1785824100,3700975.0,3700975.0,3700975.0,3700975.0,0.0
1785825000,3700975.0,3700975.0,3700975.0,3700975.0,0.0
1785825900,3700975.0,3700975.0,3700975.0,3700975.0,0.0
1785826800,3700975.0,3700975.0,3700975.0,3700975.0,0.0
1785827700,3700975.0,3700975.0,3700975.0,3700975.0,0.0
1785828600,3779821.0,3819521.0,3779821.0,3819521.0,0.01614776
1785829500,3819521.0,3819521.0,3819521.0,3819521.0,0.0
1785830400,3700976.0,3700976.0,3695084.0,3695084.0,0.05437729
1785831300,3695084.0,3695084.0,3695084.0,3695084.0,0.0
1785832200,3695084.0,3695084.0,3695084.0,3695084.0,0.0
1785833100,3695084.0,3695084.0,3695084.0,3695084.0,0.0
1785834000,3695084.0,3695084.0,3695084.0,3695084.0,0.0
1785834900,3695084.0,3695084.0,3695084.0,3695084.0,0.0
1785835800,3785037.0,3785037.0,3785037.0,3785037.0,0.01315574
1785836700,3785037.0,3785037.0,3785037.0,3785037.0,0.0
1785837600,3785037.0,3785037.0,3785037.0,3785037.0,0.0
1785838500,3785037.0,3785037.0,3785037.0,3785037.0,0.0
1785839400,3785037.0,3785037.0,3785037.0,3785037.0,0.0
1785840300,3785037.0,3785037.0,3785037.0,3785037.0,0.0
1785841200,3695080.0,3695080.0,3660422.0,3660422.0,0.0816962
1785842100,3660422.0,3660422.0,3660422.0,3660422.0,0.0
1785843000,3786829.0,3786830.0,3786829.0,3786830.0,0.01317566
1785843900,3786830.0,3786830.0,3786830.0,3786830.0,0.0
1785844800,3786830.0,3786830.0,3786830.0,3786830.0,0.0
1785845700,3660424.0,3660424.0,3660424.0,3660424.0,0.00397773
1785846600,3660424.0,3660424.0,3660424.0,3660424.0,0.0
1785847500,3660424.0,3660424.0,3660424.0,3660424.0,0.0
1785848400,3660431.0,3660431.0,3660431.0,3660431.0,0.00888327
1785849300,3660431.0,3660431.0,3660431.0,3660431.0,0.0
1785850200,3660431.0,3660431.0,3660431.0,3660431.0,0.0
1785851100,3678724.0,3696249.0,3678724.0,3696249.0,0.00619316
1785852000,3696249.0,3696249.0,3696249.0,3696249.0,0.0
1785852900,3696249.0,3696249.0,3696249.0,3696249.0,0.0
1785853800,3696249.0,3696249.0,3696249.0,3696249.0,0.0
1785854700,3696249.0,3696249.0,3696249.0,3696249.0,0.0
1785855600,3696248.0,3764946.0,3665004.0,3764946.0,0.06963891
1785856500,3764946.0,3764946.0,3764946.0,3764946.0,0.0
1785857400,3764946.0,3782840.0,3764946.0,3782840.0,0.02274052
1785858300,3665005.0,3665005.0,3665005.0,3665005.0,0.00402779
1785859200,3665008.0,3665008.0,3665008.0,3665008.0,0.00495213
1785860100,3665008.0,3665008.0,3665008.0,3665008.0,0.0
1785861000,3665008.0,3665008.0,3665008.0,3665008.0,0.0
1785861900,3665008.0,3665008.0,3665008.0,3665008.0,0.0
1785862800,3665008.0,3665008.0,3665008.0,3665008.0,0.0
1785863700,3665008.0,3665008.0,3665008.0,3665008.0,0.0
1785864600,3665008.0,3665008.0,3665008.0,3665008.0,0.0
1785865500,3665008.0,3665008.0,3665008.0,3665008.0,0.0
1785866400,3671004.0,3671004.0,3671004.0,3671004.0,0.00533997
1785867300,3671004.0,3671004.0,3671004.0,3671004.0,0.0
1785868200,3671004.0,3671004.0,3671004.0,3671004.0,0.0
1785869100,3671004.0,3671004.0,3671004.0,3671004.0,0.0
1785870000,3671004.0,3671004.0,3671004.0,3671004.0,0.0
1785870900,3671004.0,3671004.0,3671004.0,3671004.0,0.0
1785871800,3671004.0,3671004.0,3671004.0,3671004.0,0.0
1785872700,3671004.0,3671004.0,3671004.0,3671004.0,0.0
1785873600,3782839.0,3870126.0,3705379.0,3705379.0,1.07037745
1785874500,3705379.0,3705379.0,3705379.0,3705379.0,0.0
1785875400,3705379.0,3705379.0,3705379.0,3705379.0,0.0
1785876300,3705379.0,3705379.0,3705379.0,3705379.0,0.0
1785877200,3705379.0,3705379.0,3705379.0,3705379.0,0.0
1785878100,3705525.0,3705525.0,3705522.0,3705522.0,0.02664982
1785879000,3705522.0,3705522.0,3705522.0,3705522.0,0.0
1785879900,3705522.0,3705522.0,3705522.0,3705522.0,0.0
1785880800,3799993.0,3800000.0,3799993.0,3800000.0,0.11705357
1785881700,3800000.0,3800000.0,3800000.0,3800000.0,0.0
1785882600,3800000.0,3800000.0,3800000.0,3800000.0,0.0
1785883500,3800000.0,3800000.0,3800000.0,3800000.0,0.0
1785884400,3800000.0,3800000.0,3800000.0,3800000.0,0.0
1785885300,3799998.0,3800000.0,3799998.0,3800000.0,0.26610481
1785886200,3800000.0,3870126.0,3800000.0,3870126.0,0.25741664
1785887100,3870126.0,3870126.0,3870126.0,3870126.0,0.0
1785888000,3870126.0,3870126.0,3870126.0,3870126.0,0.0
1785888900,3870126.0,3870126.0,3870126.0,3870126.0,0.0
1785889800,3715273.0,3715273.0,3715268.0,3715268.0,0.11864603
1785890700,3715268.0,3715268.0,3715268.0,3715268.0,0.0
1785891600,3715268.0,3715268.0,3715268.0,3715268.0,0.0
1785892500,3715268.0,3715268.0,3715268.0,3715268.0,0.0
1785893400,3715268.0,3715268.0,3715268.0,3715268.0,0.0
1785894300,3715268.0,3715268.0,3715268.0,3715268.0,0.0
1785895200,3715268.0,3715268.0,3715268.0,3715268.0,0.0
1785896100,3715268.0,3715268.0,3715268.0,3715268.0,0.0
1785897000,3841364.0,3841364.0,3822157.0,3822157.0,0.00279442
1785897900,3822159.0,3822159.0,3822159.0,3822159.0,0.00269162
1785898800,3822162.0,3822162.0,3822158.0,3822158.0,0.43548229
1785899700,3822159.0,3822163.0,3822159.0,3822163.0,0.07100196
1785900600,3822163.0,3822163.0,3822163.0,3822163.0,0.0
1785901500,3822163.0,3822163.0,3822163.0,3822163.0,0.0
1785902400,3822163.0,3822163.0,3822163.0,3822163.0,0.0
1785903300,3822163.0,3822163.0,3822163.0,3822163.0,0.0
1785904200,3822163.0,3822163.0,3822163.0,3822163.0,0.0
1785905100,3869594.0,3869594.0,3869594.0,3869594.0,0.00257365
1785906000,3869594.0,3869594.0,3869594.0,3869594.0,0.0
1785906900,3869594.0,3869594.0,3869594.0,3869594.0,0.0
1785907800,3869594.0,3869594.0,3869594.0,3869594.0,0.0
1785908700,3869594.0,3869594.0,3869594.0,3869594.0,0.0
1785909600,3869593.0,3869594.0,3869593.0,3869594.0,0.01678419
1785910500,3869594.0,3869594.0,3869594.0,3869594.0,0.0
1785911400,3822157.0,3869594.0,3800613.0,3869594.0,0.01365758
1785912300,3800617.0,3800617.0,3800617.0,3800617.0,0.03356783
1785913200,3800617.0,3800617.0,3800617.0,3800617.0,0.0
1785914100,3869592.0,3869592.0,3730055.0,3730055.0,0.03990289
1785915000,3869592.0,3869594.0,3869592.0,3869594.0,0.00486692
1785915900,3730059.0,3730059.0,3730059.0,3730059.0,0.00486641
1785916800,3730059.0,3730059.0,3730059.0,3730059.0,0.01299671
1785917700,3869594.0,3869594.0,3869594.0,3869594.0,0.02573655
1785918600,3733004.0,3733004.0,3733004.0,3733004.0,0.1
1785919500,3733004.0,3733004.0,3733004.0,3733004.0,0.0
1785920400,3733204.0,3865131.0,3733200.0,3865131.0,0.1733982
1785921300,3865131.0,3865131.0,3865131.0,3865131.0,0.0
1785922200,3865131.0,3865131.0,3865131.0,3865131.0,0.0
1785923100,3865131.0,3865131.0,3865131.0,3865131.0,0.0
1785924000,3865131.0,3865131.0,3865131.0,3865131.0,0.0
1785924900,3733404.0,3733404.0,3733404.0,3733404.0,0.04905463
1785925800,3733404.0,3733404.0,3733404.0,3733404.0,0.0
1785926700,3733404.0,3733404.0,3733404.0,3733404.0,0.0
1785927600,3868121.0,3868122.0,3868116.0,3868116.0,0.02916919
1785928500,3859733.0,3859733.0,3859733.0,3859733.0,0.00979109
1785929400,3859733.0,3859733.0,3859733.0,3859733.0,0.0
1785930300,3860000.0,3860000.0,3860000.0,3860000.0,0.02959955
1785931200,3860000.0,3860000.0,3734104.0,3859601.0,0.00982947
1785932100,3859601.0,3859601.0,3859601.0,3859601.0,0.0
1785933000,3849169.0,3849169.0,3734104.0,3734104.0,0.05136565
1785933900,3734104.0,3734104.0,3734104.0,3734104.0,0.0
1785934800,3848271.0,3848271.0,3848271.0,3848271.0,0.00621084
1785935700,3848271.0,3848271.0,3848271.0,3848271.0,0.01317344
1785936600,3848271.0,3911428.0,3838087.0,3911428.0,5.96556407
1785937500,3911428.0,3932557.0,3911428.0,3932557.0,0.10175883
1785938400,3932557.0,3932557.0,3838087.0,3838087.0,0.02101927
1785939300,3838087.0,3838087.0,3838087.0,3838087.0,0.06411414
1785940200,3838087.0,3838087.0,3838087.0,3838087.0,0.0
1785941100,3838087.0,3838087.0,3838087.0,3838087.0,0.02883883
1785942000,3838087.0,3838087.0,3838087.0,3838087.0,0.0
1785942900,3838087.0,3838087.0,3838087.0,3838087.0,0.0
1785943800,3838087.0,3838087.0,3838087.0,3838087.0,0.0
1785944700,3838087.0,3838087.0,3838087.0,3838087.0,0.0
1785945600,3838087.0,3838087.0,3838087.0,3838087.0,0.0
1785946500,3932549.0,3932549.0,3932549.0,3932549.0,0.00734409
1785947400,3838090.0,3838090.0,3838090.0,3838090.0,0.0053887
1785948300,3838090.0,3838090.0,3838090.0,3838090.0,0.0
1785949200,3838090.0,3838090.0,3838090.0,3838090.0,0.0
1785950100,3838090.0,3838090.0,3838090.0,3838090.0,0.0
1785951000,3838090.0,3838090.0,3838090.0,3838090.0,0.0
1785951900,3912898.0,3912898.0,3912894.0,3912894.0,0.15387927
1785952800,3912894.0,3912894.0,3912894.0,3912894.0,0.0
1785953700,3912894.0,3912894.0,3912894.0,3912894.0,0.0
1785954600,3912894.0,3912894.0,3912894.0,3912894.0,0.0
1785955500,3912894.0,3912894.0,3912894.0,3912894.0,0.0
1785956400,3912894.0,3912894.0,3912894.0,3912894.0,0.0
1785957300,3932553.0,3932557.0,3932553.0,3932557.0,0.12644116
1785958200,3932557.0,3932557.0,3932557.0,3932557.0,0.0
1785959100,3932557.0,3932557.0,3932557.0,3932557.0,0.0
1785960000,3932557.0,3932557.0,3932557.0,3932557.0,0.0
1785960900,3912894.0,3912894.0,3912894.0,3912894.0,0.00979109
1785961800,3912894.0,3912894.0,3912894.0,3912894.0,0.0
1785962700,3938616.0,3938620.0,3938616.0,3938620.0,0.12668053
1785963600,3938620.0,3938620.0,3938620.0,3938620.0,0.0
1785964500,3938620.0,3938620.0,3938620.0,3938620.0,0.0
1785965400,3938620.0,3938620.0,3938620.0,3938620.0,0.0
1785966300,3912894.0,3912894.0,3871783.0,3871783.0,0.42180125
1785967200,3871783.0,3871783.0,3871783.0,3871783.0,0.0
1785968100,3871783.0,3871783.0,3871783.0,3871783.0,0.0
1785969000,3871783.0,3871783.0,3871783.0,3871783.0,0.0
1785969900,3871783.0,3871783.0,3871783.0,3871783.0,0.0
1785970800,3871783.0,3871783.0,3871783.0,3871783.0,0.0
1785971700,3871783.0,3871783.0,3871783.0,3871783.0,0.0
1785972600,3871783.0,3871783.0,3871783.0,3871783.0,0.0
1785973500,3871783.0,3871783.0,3871783.0,3871783.0,0.0
1785974400,3871783.0,3871783.0,3871783.0,3871783.0,0.0
1785975300,3871783.0,3871783.0,3871783.0,3871783.0,0.0
1785976200,3871783.0,3871783.0,3871783.0,3871783.0,0.0
1785977100,3871783.0,3871783.0,3871783.0,3871783.0,0.0
1785978000,3871783.0,3871783.0,3871783.0,3871783.0,0.0
1785978900,3871783.0,3871783.0,3871783.0,3871783.0,0.0
1785979800,3871783.0,3871783.0,3871783.0,3871783.0,0.0
1785980700,3871783.0,3871783.0,3871783.0,3871783.0,0.0
1785981600,3871783.0,3871783.0,3871783.0,3871783.0,0.0
1785982500,3938606.0,3938606.0,3938606.0,3938606.0,0.03796621
1785983400,3872544.0,3872544.0,3872544.0,3872544.0,0.75756762
1785984300,3872544.0,3872544.0,3872544.0,3872544.0,0.0
1785985200,3872485.0,3872485.0,3872485.0,3872485.0,0.06366222
1785986100,3938100.0,3938100.0,3872411.0,3872411.0,0.0595116
1785987000,3872411.0,3872411.0,3872411.0,3872411.0,0.0
1785987900,3872560.0,3872560.0,3872560.0,3872560.0,0.0358209
1785988800,3872560.0,3872560.0,3872560.0,3872560.0,0.0
1785989700,3872560.0,3872560.0,3872560.0,3872560.0,0.0
1785990600,3873050.0,3873050.0,3873050.0,3873050.0,0.00260503
1785991500,3873050.0,3873050.0,3873050.0,3873050.0,0.0
1785992400,3874000.0,3874000.0,3874000.0,3874000.0,0.00954471
1785993300,3874000.0,3874000.0,3874000.0,3874000.0,0.0
1785994200,3874000.0,3874000.0,3874000.0,3874000.0,0.0
1785995100,3874000.0,3874000.0,3874000.0,3874000.0,0.0
1785996000,3874000.0,3874000.0,3874000.0,3874000.0,0.0
1785996900,3874000.0,3874000.0,3874000.0,3874000.0,0.0
1785997800,3937996.0,3937996.0,3874508.0,3874508.0,0.0075431
1785998700,3874508.0,3874508.0,3874508.0,3874508.0,0.0
1785999600,3874508.0,3874508.0,3874508.0,3874508.0,0.00300756
1786000500,3874508.0,3874508.0,3874508.0,3874508.0,0.0
1786001400,3874508.0,3874508.0,3874508.0,3874508.0,0.0
1786002300,3937981.0,3937981.0,3937981.0,3937981.0,0.03793441
1786003200,3937981.0,3937981.0,3937981.0,3937981.0,0.0
1786004100,3937981.0,3937981.0,3937981.0,3937981.0,0.0
1786005000,3937981.0,3937981.0,3937981.0,3937981.0,0.0
1786005900,3937981.0,3937981.0,3937981.0,3937981.0,0.0
1786006800,3937981.0,3937981.0,3937981.0,3937981.0,0.0
1786007700,3937981.0,3937981.0,3937981.0,3937981.0,0.0
1786008600,3937981.0,3937981.0,3937981.0,3937981.0,0.0
1786009500,3874508.0,3874508.0,3874508.0,3874508.0,0.00506113
1786010400,3874508.0,3874508.0,3874508.0,3874508.0,0.0
1786011300,3936996.0,3953835.0,3936996.0,3953835.0,0.25321448
1786012200,3953835.0,3953835.0,3953835.0,3953835.0,0.0
1786013100,3874915.0,3874915.0,3874915.0,3874915.0,0.01830211
1786014000,3874915.0,3874915.0,3874915.0,3874915.0,0.0
1786014900,3874915.0,3874915.0,3874915.0,3874915.0,0.0
1786015800,3874915.0,3874915.0,3874915.0,3874915.0,0.0
1786016700,3953835.0,3953835.0,3881018.0,3881018.0,0.23704174
1786017600,3881010.0,3881010.0,3881010.0,3881010.0,0.00820796
1786018500,3881010.0,3881010.0,3881010.0,3881010.0,0.0
1786019400,3881010.0,3881010.0,3881010.0,3881010.0,0.0
1786020300,3881010.0,3881010.0,3881010.0,3881010.0,0.0
1786021200,3881010.0,3881010.0,3881010.0,3881010.0,0.0
1786022100,3882004.0,3949854.0,3882000.0,3882000.0,0.19213667
1786023000,3953835.0,3961391.0,3884001.0,3884001.0,0.41919829
1786023900,3884001.0,3884001.0,3884001.0,3884001.0,0.0
1786024800,3961390.0,3961391.0,3884033.0,3884033.0,0.05598006
1786025700,3884004.0,3884004.0,3884004.0,3884004.0,0.00388593
1786026600,3884004.0,3884004.0,3884004.0,3884004.0,0.025386
1786027500,3884004.0,3884004.0,3884004.0,3884004.0,0.0
1786028400,3886424.0,3886424.0,3886424.0,3886424.0,0.01244537
1786029300,3886424.0,3932972.0,3886424.0,3932968.0,0.63093712
1786030200,3884004.0,3884004.0,3881035.0,3881035.0,0.12235288
1786031100,3928865.0,3928865.0,3928865.0,3928865.0,0.00255702
1786032000,3928865.0,3928865.0,3928865.0,3928865.0,0.0
1786032900,3928865.0,3928865.0,3928865.0,3928865.0,0.0
1786033800,3928789.0,3928789.0,3928789.0,3928789.0,0.00527363
1786034700,3899769.0,3899769.0,3899769.0,3899769.0,0.29067263
1786035600,3899769.0,3899769.0,3899769.0,3899769.0,0.0
1786036500,3899769.0,3899769.0,3899769.0,3899769.0,0.0
1786037400,3899769.0,3899769.0,3899769.0,3899769.0,0.0
1786038300,3899769.0,3899769.0,3899769.0,3899769.0,0.0
1786039200,3899769.0,3899769.0,3899769.0,3899769.0,0.0
1786040100,3948509.0,3948509.0,3948509.0,3948509.0,0.00252221
1786041000,3899773.0,3899773.0,3899773.0,3899773.0,0.00259417
1786041900,3948509.0,3957124.0,3948509.0,3957124.0,0.00584191
1786042800,3957124.0,3957124.0,3957124.0,3957124.0,0.0
1786043700,3957124.0,3957124.0,3957124.0,3957124.0,0.0
1786044600,3957124.0,3957124.0,3957124.0,3957124.0,0.0
1786045500,3957124.0,3957124.0,3957124.0,3957124.0,0.0
1786046400,3946781.0,3946781.0,3946781.0,3946781.0,0.01001271
1786047300,3899773.0,3899773.0,3899773.0,3899773.0,0.00640662
1786048200,3899773.0,3899773.0,3899773.0,3899773.0,0.0
1786049100,3899773.0,3899773.0,3899773.0,3899773.0,0.0
1786050000,3899773.0,3899773.0,3899773.0,3899773.0,0.0
1786050900,3899773.0,3899773.0,3899773.0,3899773.0,0.0
1786051800,3899773.0,3899773.0,3899773.0,3899773.0,0.0
1786052700,3953626.0,3953626.0,3953626.0,3953626.0,0.38
1786053600,3953626.0,3953626.0,3953626.0,3953626.0,0.0
1786054500,3948478.0,3948478.0,3948478.0,3948478.0,0.00630546
1786055400,3948478.0,3948478.0,3948478.0,3948478.0,0.0
1786056300,3948478.0,3948478.0,3948478.0,3948478.0,0.0
1786057200,3948478.0,3948478.0,3948478.0,3948478.0,0.0
1786058100,3948132.0,3948132.0,3948132.0,3948132.0,0.01224325
1786059000,3948132.0,3948132.0,3948132.0,3948132.0,0.0
1786059900,3899769.0,3899769.0,3899769.0,3899769.0,0.10251914
1786060800,3899769.0,3899769.0,3899769.0,3899769.0,0.0
1786061700,3899769.0,3899769.0,3899769.0,3899769.0,0.0
1786062600,3961164.0,3961164.0,3961164.0,3961164.0,0.00500105
1786063500,3961164.0,3961164.0,3961164.0,3961164.0,0.0
1786064400,3961164.0,3961164.0,3961164.0,3961164.0,0.0
1786065300,3961164.0,3961164.0,3961164.0,3961164.0,0.0
1786066200,3961164.0,3961164.0,3961164.0,3961164.0,0.0
1786067100,3961164.0,3961164.0,3961164.0,3961164.0,0.0
1786068000,3961164.0,3961164.0,3961164.0,3961164.0,0.0
1786068900,3961164.0,3961164.0,3961164.0,3961164.0,0.0
1786069800,3961164.0,3961164.0,3961164.0,3961164.0,0.0
1786070700,3899769.0,3899769.0,3899769.0,3899769.0,0.02691706
1786071600,3899769.0,3899769.0,3899769.0,3899769.0,0.0
1786072500,3899769.0,3899769.0,3899769.0,3899769.0,0.0
1786073400,3899769.0,3899769.0,3899769.0,3899769.0,0.01001271
1786074300,3899769.0,3899769.0,3899769.0,3899769.0,0.0
1786075200,3950438.0,3950438.0,3950438.0,3950438.0,0.00743715
1786076100,3950438.0,3950438.0,3950438.0,3950438.0,0.0
1786077000,3950438.0,3950438.0,3950438.0,3950438.0,0.0
1786077900,3950438.0,3950438.0,3950438.0,3950438.0,0.0
1786078800,3950438.0,3950438.0,3950438.0,3950438.0,0.0
1786079700,3948672.0,3948672.0,3948672.0,3948672.0,0.07482389
1786080600,3899769.0,3899769.0,3899769.0,3899769.0,0.02505167
1786081500,3899769.0,3899769.0,3899769.0,3899769.0,0.0
1786082400,3952806.0,3955308.0,3952806.0,3955308.0,2.63342
1786083300,3955673.0,3955673.0,3955673.0,3955673.0,0.00629399
1786084200,3955673.0,3955673.0,3955673.0,3955673.0,0.01258824
1786085100,3955673.0,3955673.0,3955673.0,3955673.0,0.0
1786086000,3955673.0,3955673.0,3955673.0,3955673.0,0.0
1786086900,3955673.0,3955673.0,3955673.0,3955673.0,0.01945863
1786087800,3905135.0,3905135.0,3905135.0,3905135.0,0.01945863
1786088700,3905135.0,3905135.0,3905135.0,3905135.0,0.0
1786089600,3905135.0,3905135.0,3905135.0,3905135.0,0.0
1786090500,3905135.0,3905135.0,3905135.0,3905135.0,0.0
1786091400,3905135.0,3905135.0,3905135.0,3905135.0,0.0
1786092300,3905135.0,3905135.0,3905135.0,3905135.0,0.0
1786093200,3906157.0,3906157.0,3702000.0,3702000.0,2.61736288
1786094100,3702000.0,3702000.0,3702000.0,3702000.0,0.0
1786095000,3906262.0,3906262.0,3899845.0,3899845.0,0.11921053
1786095900,3897391.0,3897391.0,3897391.0,3897391.0,0.1305286
1786096800,3897391.0,3897391.0,3897391.0,3897391.0,0.0
1786097700,3905927.0,3914464.0,3905927.0,3914464.0,0.01533345
1786098600,3914464.0,3914464.0,3914464.0,3914464.0,0.0
1786099500,3914464.0,3914464.0,3914464.0,3914464.0,0.0
1786100400,3914464.0,3914464.0,3914464.0,3914464.0,0.0
1786101300,3913000.0,3913000.0,3913000.0,3913000.0,0.02993687
1786102200,3913000.0,3913000.0,3913000.0,3913000.0,0.0
1786103100,3913000.0,3913000.0,3913000.0,3913000.0,0.0
1786104000,3912000.0,3912000.0,3871809.0,3871809.0,0.0068773
1786104900,3871809.0,3871809.0,3871809.0,3871809.0,0.0
1786105800,3911000.0,3919429.0,3908814.0,3908814.0,0.38459563
1786106700,3919429.0,3919429.0,3919429.0,3919429.0,0.00976621
1786107600,3919429.0,3928048.0,3900814.0,3900814.0,0.01961888
1786108500,3928048.0,3928048.0,3928048.0,3928048.0,0.00544621
1786109400,3928048.0,3936675.0,3928048.0,3936675.0,0.13023728
1786110300,3936675.0,3936675.0,3936675.0,3936675.0,0.0
1786111200,3936675.0,3936675.0,3936675.0,3936675.0,0.0
1786112100,3945294.0,3945298.0,3945294.0,3945298.0,0.13306006
1786113000,3953920.0,3955673.0,3953920.0,3955673.0,0.01738025
1786113900,3871813.0,3871813.0,3871813.0,3871813.0,0.00259482
1786114800,3952091.0,3955673.0,3805000.0,3805000.0,1.43509176
1786115700,3805000.0,3805000.0,3805000.0,3805000.0,0.0
1786116600,3955673.0,3955673.0,3955673.0,3955673.0,0.28100628
1786117500,3811020.0,3811020.0,3811020.0,3811020.0,0.00544578
1786118400,3811020.0,3811020.0,3811020.0,3811020.0,0.0
1786119300,3811020.0,3811020.0,3811020.0,3811020.0,0.0
1786120200,3811020.0,3811020.0,3811020.0,3811020.0,0.0
1786121100,3811020.0,3811020.0,3811020.0,3811020.0,0.0
1786122000,3811020.0,3811020.0,3811020.0,3811020.0,0.0
1786122900,3948402.0,3961384.0,3948402.0,3961384.0,0.01074979
1786123800,3811072.0,3961384.0,3811056.0,3961384.0,0.05844231
1786124700,3961384.0,3961384.0,3961384.0,3961384.0,0.0
1786125600,3961384.0,3961384.0,3961384.0,3961384.0,0.0
1786126500,3961384.0,3961384.0,3961384.0,3961384.0,0.0
1786127400,3961384.0,3961384.0,3961384.0,3961384.0,0.0
1786128300,3950682.0,3950682.0,3712599.0,3712599.0,1.44247684
1786129200,3950675.0,3950678.0,3950675.0,3950678.0,0.08385878
1786130100,3950678.0,3950678.0,3950678.0,3950678.0,0.0
1786131000,3950678.0,3950678.0,3950678.0,3950678.0,0.0
1786131900,3950678.0,3950678.0,3950678.0,3950678.0,0.0
1786132800,3950678.0,3950678.0,3950678.0,3950678.0,0.0
1786133700,3950678.0,3950678.0,3950678.0,3950678.0,0.0
1786134600,3950678.0,3950678.0,3950678.0,3950678.0,0.0
1786135500,3950678.0,3950678.0,3950678.0,3950678.0,0.00265017
1786136400,3950678.0,3950678.0,3950678.0,3950678.0,0.0
1786137300,3950678.0,3950678.0,3950678.0,3950678.0,0.0
1786138200,3950678.0,3950678.0,3950678.0,3950678.0,0.0
1786139100,3961388.0,3961388.0,3961388.0,3961388.0,0.00251401
1786140000,3961388.0,3961388.0,3961388.0,3961388.0,0.0
1786140900,3961388.0,3961388.0,3961388.0,3961388.0,0.0
1786141800,3961388.0,3961388.0,3961388.0,3961388.0,0.00628491
1786142700,3961388.0,3961388.0,3713441.0,3713441.0,0.00754203
1786143600,3713441.0,3713441.0,3713441.0,3713441.0,0.0
1786144500,3713441.0,3713441.0,3713441.0,3713441.0,0.0
1786145400,3961387.0,3961387.0,3961387.0,3961387.0,0.00407104
1786146300,3961387.0,3961387.0,3961387.0,3961387.0,0.0
1786147200,3961387.0,3961387.0,3961387.0,3961387.0,0.0
1786148100,3961387.0,3961387.0,3961387.0,3961387.0,0.0
1786149000,3961387.0,3961387.0,3961387.0,3961387.0,0.0
1786149900,3961387.0,3961387.0,3961387.0,3961387.0,0.0
1786150800,3961387.0,3961387.0,3961387.0,3961387.0,0.0
1786151700,3961387.0,3961387.0,3758264.0,3758264.0,0.36126818
1786152600,3961000.0,3962447.0,3758280.0,3758280.0,0.57583779
1786153500,3962444.0,3962447.0,3758272.0,3962447.0,0.0419157
1786154400,3961443.0,3961443.0,3961443.0,3961443.0,0.00628483
1786155300,3961443.0,3961443.0,3961443.0,3961443.0,0.0
1786156200,3961443.0,3961443.0,3961443.0,3961443.0,0.0
1786157100,3960000.0,3960000.0,3960000.0,3960000.0,0.00254494
1786158000,3960000.0,3960000.0,3960000.0,3960000.0,0.01607121
1786158900,3765340.0,3765340.0,3765340.0,3765340.0,0.015867
1786159800,3765340.0,3765340.0,3765340.0,3765340.0,0.0
1786160700,3959998.0,3959998.0,3959998.0,3959998.0,0.01206692
1786161600,3961440.0,3962446.0,3961440.0,3962446.0,0.00789252
1786162500,3962446.0,3962446.0,3962446.0,3962446.0,0.0
1786163400,3962446.0,3962446.0,3962446.0,3962446.0,0.06367279
1786164300,3962446.0,3962446.0,3962446.0,3962446.0,0.0
1786165200,3962446.0,3962446.0,3962446.0,3962446.0,0.0
1786166100,3962446.0,3962446.0,3962446.0,3962446.0,0.0
1786167000,3962446.0,3962446.0,3962446.0,3962446.0,0.0
1786167900,3962446.0,3962446.0,3962446.0,3962446.0,0.0
1786168800,3850004.0,3962442.0,3850000.0,3850000.0,0.02126198
1786169700,3850000.0,3886447.0,3850000.0,3850000.0,0.05976709
1786170600,3850000.0,3850000.0,3850000.0,3850000.0,0.0
1786171500,3886447.0,3900363.0,3850000.0,3850000.0,0.3714451
1786172400,3850000.0,3850000.0,3850000.0,3850000.0,0.0
1786173300,3850000.0,3850000.0,3850000.0,3850000.0,0.0
1786174200,3850000.0,3850000.0,3850000.0,3850000.0,0.0
1786175100,3850000.0,3850000.0,3850000.0,3850000.0,0.0
1786176000,3850000.0,3850000.0,3850000.0,3850000.0,0.0
1786176900,3850000.0,3850000.0,3850000.0,3850000.0,0.0
1786177800,3900363.0,3926426.0,3900363.0,3926426.0,0.04040939
1786178700,3850004.0,3940486.0,3850000.0,3850004.0,0.23467571
1786179600,3940486.0,3962446.0,3940486.0,3962446.0,0.12393197
1786180500,3855004.0,3855004.0,3855004.0,3855004.0,0.01234032
1786181400,3855004.0,3855004.0,3855004.0,3855004.0,0.0
1786182300,3855004.0,3855004.0,3855004.0,3855004.0,0.0
1786183200,3855004.0,3855004.0,3855004.0,3855004.0,0.0
1786184100,3855004.0,3855004.0,3855004.0,3855004.0,0.0
1786185000,3962438.0,3962438.0,3962438.0,3962438.0,0.03688915
1786185900,3962438.0,3962438.0,3962438.0,3962438.0,0.0
1786186800,3962434.0,3962434.0,3962434.0,3962434.0,0.00313191
1786187700,3962434.0,3962434.0,3962434.0,3962434.0,0.0
1786188600,3962434.0,3962434.0,3962434.0,3962434.0,0.0
1786189500,3962433.0,3962433.0,3962433.0,3962433.0,0.01256677
1786190400,3962424.0,3962424.0,3962424.0,3962424.0,0.00882867
1786191300,3962424.0,3962424.0,3962424.0,3962424.0,0.0
1786192200,3962424.0,3962424.0,3962424.0,3962424.0,0.0
1786193100,3962424.0,3962424.0,3962424.0,3962424.0,0.02700341
1786194000,3962424.0,3962424.0,3962424.0,3962424.0,0.00613437
1786194900,3962424.0,3962424.0,3962424.0,3962424.0,0.0
1786195800,3962424.0,3962424.0,3962424.0,3962424.0,0.0
1786196700,3962424.0,3962424.0,3962424.0,3962424.0,0.0
1786197600,3962424.0,3962424.0,3962424.0,3962424.0,0.00296762
1786198500,3861004.0,3861004.0,3861004.0,3861004.0,0.00789224
1786199400,3861000.0,3861000.0,3861000.0,3861000.0,0.00613437
1786200300,3862004.0,3862004.0,3862004.0,3862004.0,0.00636744
1786201200,3962424.0,3962424.0,3962424.0,3962424.0,0.005616
1786202100,3862004.0,3862004.0,3862004.0,3862004.0,0.01738025
1786203000,3962424.0,3962424.0,3962424.0,3962424.0,0.01614718
1786203900,3962424.0,3962424.0,3962424.0,3962424.0,0.09299433
1786204800,3865008.0,3865008.0,3865008.0,3865008.0,0.01614666
1786205700,3962424.0,3962424.0,3962424.0,3962424.0,0.00251336
1786206600,3865008.0,3865008.0,3865008.0,3865008.0,0.03091491
1786207500,3948000.0,3948000.0,3912765.0,3947999.0,0.01554418
1786208400,3947999.0,3947999.0,3947999.0,3947999.0,0.0
1786209300,3947999.0,3947999.0,3947999.0,3947999.0,0.0
1786210200,3947999.0,3947999.0,3947999.0,3947999.0,0.0
1786211100,3931982.0,3931982.0,3931982.0,3931982.0,0.00279324
1786212000,3931982.0,3931982.0,3931982.0,3931982.0,0.0
1786212900,3931982.0,3931982.0,3931982.0,3931982.0,0.0
1786213800,3931982.0,3931982.0,3931982.0,3931982.0,0.0
1786214700,3947999.0,3947999.0,3947999.0,3947999.0,0.0035314
1786215600,3947999.0,3947999.0,3947999.0,3947999.0,0.0
1786216500,3947999.0,3948000.0,3947999.0,3948000.0,0.12612767
1786217400,3948000.0,3948000.0,3948000.0,3948000.0,0.0
1786218300,3948000.0,3948000.0,3948000.0,3948000.0,0.0
1786219200,3948000.0,3948000.0,3948000.0,3948000.0,0.0
1786220100,3948000.0,3948000.0,3948000.0,3948000.0,0.0
1786221000,3948000.0,3948000.0,3948000.0,3948000.0,0.0
1786221900,3948000.0,3948000.0,3948000.0,3948000.0,0.0
1786222800,3948000.0,3948000.0,3948000.0,3948000.0,0.0
1786223700,3932442.0,3932442.0,3919056.0,3919056.0,0.00503419
1786224600,3919056.0,3919056.0,3919056.0,3919056.0,0.0
1786225500,3919056.0,3919056.0,3919056.0,3919056.0,0.0
1786226400,3919056.0,3919056.0,3919056.0,3919056.0,0.0
1786227300,3919056.0,3919056.0,3919056.0,3919056.0,0.0
1786228200,3919056.0,3919056.0,3919056.0,3919056.0,0.0
1786229100,3919056.0,3919056.0,3919056.0,3919056.0,0.0
1786230000,3919056.0,3919056.0,3919056.0,3919056.0,0.0
1786230900,3919056.0,3919056.0,3919056.0,3919056.0,0.0
1786231800,3919056.0,3919056.0,3919056.0,3919056.0,0.0
1786232700,3919056.0,3919056.0,3919056.0,3919056.0,0.0
1786233600,3919056.0,3919056.0,3919056.0,3919056.0,0.0
1786234500,3919056.0,3919056.0,3919056.0,3919056.0,0.0
1786235400,3919056.0,3919056.0,3919056.0,3919056.0,0.0
1786236300,3919056.0,3919056.0,3919056.0,3919056.0,0.0
1786237200,3948000.0,3948000.0,3948000.0,3948000.0,0.01337867
1786238100,3948000.0,3948000.0,3948000.0,3948000.0,0.0
1786239000,3919060.0,3919060.0,3919060.0,3919060.0,0.03682897
1786239900,3919060.0,3919060.0,3919060.0,3919060.0,0.0
1786240800,3919060.0,3919060.0,3919060.0,3919060.0,0.0
1786241700,3948000.0,3948000.0,3948000.0,3948000.0,0.00859093
1786242600,3919069.0,3919069.0,3919069.0,3919069.0,0.00282414
1786243500,3919069.0,3919069.0,3919069.0,3919069.0,0.0
1786244400,3919069.0,3919069.0,3919069.0,3919069.0,0.0
1786245300,3919064.0,3919064.0,3919064.0,3919064.0,0.01206692
1786246200,3919064.0,3919064.0,3919064.0,3919064.0,0.0
1786247100,3919064.0,3919064.0,3919064.0,3919064.0,0.0
1786248000,3919064.0,3919064.0,3919064.0,3919064.0,0.0
1786248900,3948000.0,3948000.0,3948000.0,3948000.0,0.00457852
1786249800,3919064.0,3919064.0,3919064.0,3919064.0,0.00462218
1786250700,3919064.0,3919064.0,3919064.0,3919064.0,0.0
1786251600,3919064.0,3919064.0,3919064.0,3919064.0,0.08920233
1786252500,3919064.0,3919064.0,3919064.0,3919064.0,0.0
1786253400,3919064.0,3919064.0,3919064.0,3919064.0,0.0
1786254300,3919064.0,3919064.0,3919064.0,3919064.0,0.0
1786255200,3931000.0,3962000.0,3931000.0,3962000.0,0.37791986
1786256100,3919064.0,3919064.0,3919060.0,3919060.0,0.20703181
1786257000,3919060.0,3919060.0,3919060.0,3919060.0,0.0
1786257900,3919060.0,3919060.0,3919060.0,3919060.0,0.0
1786258800,3919060.0,3919060.0,3919060.0,3919060.0,0.0
1786259700,3919060.0,3919060.0,3919060.0,3919060.0,0.0
1786260600,3961996.0,3961996.0,3961996.0,3961996.0,0.02597832
1786261500,3961996.0,3961996.0,3920004.0,3920004.0,0.06187487
1786262400,3961996.0,3961996.0,3920004.0,3920004.0,0.03229356
1786263300,3920004.0,3920004.0,3920004.0,3920004.0,0.01287422
1786264200,3920004.0,3920004.0,3920004.0,3920004.0,0.0
1786265100,3920004.0,3920004.0,3920004.0,3920004.0,0.0
1786266000,3961996.0,3961996.0,3961996.0,3961996.0,0.02547781
1786266900,3961996.0,3961996.0,3961996.0,3961996.0,0.00675013
1786267800,3961996.0,3961996.0,3961996.0,3961996.0,0.0
1786268700,3961996.0,3961996.0,3961996.0,3961996.0,0.0
1786269600,3920008.0,3920008.0,3920008.0,3920008.0,0.00432652
1786270500,3961992.0,3961992.0,3961992.0,3961992.0,0.01721558
1786271400,3961992.0,3961992.0,3961992.0,3961992.0,0.0
1786272300,3961986.0,3961986.0,3961986.0,3961986.0,0.00321379
1786273200,3921108.0,3921108.0,3921108.0,3921108.0,0.03522551
1786274100,3921108.0,3921108.0,3921108.0,3921108.0,0.0
1786275000,3921108.0,3921108.0,3921108.0,3921108.0,0.0
1786275900,3961992.0,3961992.0,3961992.0,3961992.0,0.03264999
1786276800,3961992.0,3961992.0,3961992.0,3961992.0,0.0
1786277700,3961992.0,3961992.0,3961992.0,3961992.0,0.0
1786278600,3961992.0,3961992.0,3961992.0,3961992.0,0.0
1786279500,3961992.0,3961992.0,3961992.0,3961992.0,0.0
1786280400,3961992.0,3961992.0,3961992.0,3961992.0,0.0
1786281300,3961992.0,3961992.0,3961992.0,3961992.0,0.0
1786282200,3961992.0,3961992.0,3961992.0,3961992.0,0.0
1786283100,3961992.0,3961992.0,3961992.0,3961992.0,0.0
1786284000,3930062.0,3930062.0,3930062.0,3930062.0,0.02850544
1786284900,3930062.0,3930062.0,3930062.0,3930062.0,0.0
1786285800,3930062.0,3930062.0,3930062.0,3930062.0,0.0
1786286700,3930062.0,3930062.0,3930062.0,3930062.0,0.0
1786287600,3930062.0,3930062.0,3930062.0,3930062.0,0.0
1786288500,3930062.0,3930062.0,3930062.0,3930062.0,0.0
1786289400,3930062.0,3930062.0,3930062.0,3930062.0,0.0
1786290300,3930062.0,3930062.0,3930062.0,3930062.0,0.0
1786291200,3930062.0,3930062.0,3930062.0,3930062.0,0.0
1786292100,3930062.0,3930062.0,3930062.0,3930062.0,0.00393798
1786293000,3930062.0,3930062.0,3930062.0,3930062.0,0.0
1786293900,3961996.0,3961996.0,3961996.0,3961996.0,0.01926756
1786294800,3961996.0,3961996.0,3961996.0,3961996.0,0.0
1786295700,3930066.0,3930066.0,3930066.0,3930066.0,0.02547988
1786296600,3930066.0,3930066.0,3930066.0,3930066.0,0.0
1786297500,3930066.0,3930066.0,3930066.0,3930066.0,0.0
1786298400,3930066.0,3930066.0,3930066.0,3930066.0,0.0
1786299300,3961996.0,3962000.0,3961996.0,3962000.0,0.12281907
1786300200,3962000.0,3962000.0,3962000.0,3962000.0,0.06286597
1786301100,3962000.0,3962000.0,3962000.0,3962000.0,0.0
1786302000,3962000.0,3962000.0,3962000.0,3962000.0,0.0
1786302900,3962000.0,3962000.0,3962000.0,3962000.0,0.0
1786303800,3930066.0,3962000.0,3930066.0,3962000.0,0.06949511
1786304700,3962000.0,3962000.0,3962000.0,3962000.0,0.0
1786305600,3962000.0,3962000.0,3962000.0,3962000.0,0.0
1786306500,3962000.0,3962000.0,3962000.0,3962000.0,0.0
1786307400,3962000.0,3962000.0,3962000.0,3962000.0,0.0
1786308300,3962000.0,3962000.0,3962000.0,3962000.0,0.0
1786309200,3962000.0,3962000.0,3962000.0,3962000.0,0.0
1786310100,3962000.0,3962000.0,3962000.0,3962000.0,0.0
1786311000,3962000.0,3962000.0,3962000.0,3962000.0,0.0
1786311900,3962000.0,3962000.0,3962000.0,3962000.0,0.0
1786312800,3962000.0,3962000.0,3962000.0,3962000.0,0.0
1786313700,3962000.0,3962000.0,3962000.0,3962000.0,0.0
1786314600,3962000.0,3962000.0,3962000.0,3962000.0,0.0
1786315500,3962000.0,3962000.0,3962000.0,3962000.0,0.0
1786316400,3962000.0,3962000.0,3962000.0,3962000.0,0.0
1786317300,3962000.0,3962000.0,3962000.0,3962000.0,0.00634931
1786318200,3962000.0,3962000.0,3962000.0,3962000.0,0.0
1786319100,3962000.0,3962000.0,3962000.0,3962000.0,0.0
1786320000,3962000.0,3962000.0,3962000.0,3962000.0,0.0
1786320900,3962000.0,3962000.0,3962000.0,3962000.0,0.0
1786321800,3962000.0,3962000.0,3962000.0,3962000.0,0.0
1786322700,3961996.0,3962000.0,3961996.0,3961996.0,0.25237409
1786323600,3961996.0,3961996.0,3961996.0,3961996.0,0.0
1786324500,3961992.0,3961992.0,3961992.0,3961992.0,0.00337734
1786325400,3961992.0,3961992.0,3961992.0,3961992.0,0.0
1786326300,3930066.0,3930066.0,3930066.0,3930066.0,0.01753093
1786327200,3930066.0,3930066.0,3930066.0,3930066.0,0.0
1786328100,3930066.0,3930066.0,3930066.0,3930066.0,0.0
1786329000,3930070.0,3930070.0,3930070.0,3930070.0,0.00377888
1786329900,3930070.0,3930070.0,3930070.0,3930070.0,0.0
1786330800,3930070.0,3930070.0,3930070.0,3930070.0,0.0
1786331700,3961992.0,3961992.0,3961992.0,3961992.0,0.01235868
1786332600,3961992.0,3961992.0,3961992.0,3961992.0,0.0
1786333500,3961992.0,3961992.0,3961992.0,3961992.0,0.0
1786334400,3961992.0,3962000.0,3961992.0,3962000.0,0.03405505
1786335300,3930067.0,3930067.0,3930062.0,3930062.0,0.12281907
1786336200,3961000.0,3961000.0,3930066.0,3930066.0,0.01492697
1786337100,3930066.0,3930066.0,3930066.0,3930066.0,0.0
1786338000,3930066.0,3930066.0,3930066.0,3930066.0,0.0
1786338900,3930066.0,3930066.0,3930066.0,3930066.0,0.0
1786339800,3930066.0,3930066.0,3930066.0,3930066.0,0.0
1786340700,3930066.0,3930066.0,3930066.0,3930066.0,0.0
1786341600,3930066.0,3930066.0,3930066.0,3930066.0,0.0
1786342500,3930066.0,3930066.0,3930066.0,3930066.0,0.0
1786343400,3930066.0,3930066.0,3930066.0,3930066.0,0.0
1786344300,3930066.0,3930066.0,3930066.0,3930066.0,0.09447996
1786345200,3930066.0,3930066.0,3930066.0,3930066.0,0.0
1786346100,3930066.0,3930066.0,3930066.0,3930066.0,0.01224325
1786347000,3930066.0,3930066.0,3930066.0,3930066.0,0.0
1786347900,3930066.0,3930066.0,3930066.0,3930066.0,0.0
1786348800,3930066.0,3930066.0,3930066.0,3930066.0,0.0
1786349700,3930066.0,3930066.0,3930066.0,3930066.0,0.0
1786350600,3930066.0,3930066.0,3930066.0,3930066.0,0.0
1786351500,3930066.0,3930066.0,3930066.0,3930066.0,0.0
1786352400,3930066.0,3930066.0,3930066.0,3930066.0,0.01233521
1786353300,3960000.0,3960000.0,3960000.0,3960000.0,0.00253964
1786354200,3960000.0,3960000.0,3960000.0,3960000.0,0.0
1786355100,3960000.0,3960000.0,3960000.0,3960000.0,0.0
1786356000,3960000.0,3960000.0,3960000.0,3960000.0,0.0
1786356900,3960000.0,3960000.0,3960000.0,3960000.0,0.0
1786357800,3960000.0,3960000.0,3960000.0,3960000.0,0.0
1786358700,3930066.0,3930066.0,3930066.0,3930066.0,0.10207948
1786359600,3930066.0,3930066.0,3930066.0,3930066.0,0.0
1786360500,3930066.0,3930066.0,3930066.0,3930066.0,0.0
1786361400,3930066.0,3930066.0,3930066.0,3930066.0,0.0
1786362300,3930066.0,3930066.0,3930066.0,3930066.0,0.0
1786363200,3930066.0,3930066.0,3930066.0,3930066.0,0.0
1786364100,3930066.0,3930066.0,3930066.0,3930066.0,0.0
1786365000,3930066.0,3930066.0,3930066.0,3930066.0,0.0
1786365900,3930066.0,3930066.0,3930066.0,3930066.0,0.0
1786366800,3930062.0,3930062.0,3930062.0,3930062.0,0.09865202
1786367700,3930062.0,3930062.0,3930062.0,3930062.0,0.0
1786368600,3930062.0,3930062.0,3930062.0,3930062.0,0.0
1786369500,3930062.0,3930062.0,3930062.0,3930062.0,0.0952164
1786370400,3930054.0,3930054.0,3930054.0,3930054.0,0.2539133
1786371300,3919056.0,3919056.0,3919000.0,3919000.0,0.07290266
1786372200,3919000.0,3944993.0,3850000.0,3944993.0,1.0046289
1786373100,3945000.0,3945000.0,3943998.0,3943999.0,0.07320872
1786374000,3855004.0,3855004.0,3855004.0,3855004.0,0.06975487
1786374900,3855004.0,3855004.0,3855004.0,3855004.0,0.0
1786375800,3855004.0,3855004.0,3855004.0,3855004.0,0.0
1786376700,3860000.0,3860000.0,3860000.0,3860000.0,0.00278042
1786377600,3860000.0,3860000.0,3860000.0,3860000.0,0.0
1786378500,3901370.0,3901370.0,3901370.0,3901370.0,0.01021077
1786379400,3850000.0,3901365.0,3850000.0,3901365.0,0.12398826
1786380300,3901365.0,3901365.0,3901365.0,3901365.0,0.0
1786381200,3883972.0,3883972.0,3883972.0,3883972.0,0.05270686
1786382100,3883972.0,3883972.0,3883972.0,3883972.0,0.0
1786383000,3883972.0,3883972.0,3883972.0,3883972.0,0.0
1786383900,3883972.0,3883972.0,3883972.0,3883972.0,0.0
1786384800,3883972.0,3883972.0,3883972.0,3883972.0,0.0
1786385700,3883972.0,3883972.0,3883972.0,3883972.0,0.0
1786386600,3883972.0,3883972.0,3883972.0,3883972.0,0.0
1786387500,3883972.0,3883972.0,3883972.0,3883972.0,0.0
1786388400,3883972.0,3883972.0,3883972.0,3883972.0,0.0
1786389300,3883972.0,3883972.0,3883972.0,3883972.0,0.0
1786390200,3883972.0,3883972.0,3883972.0,3883972.0,0.0
1786391100,3883972.0,3883972.0,3883972.0,3883972.0,0.0
1786392000,3883972.0,3883972.0,3883972.0,3883972.0,0.0
1786392900,3883972.0,3883972.0,3883972.0,3883972.0,0.0
1786393800,3883972.0,3883972.0,3883972.0,3883972.0,0.0
1786394700,3883972.0,3883972.0,3883972.0,3883972.0,0.0
1786395600,3883972.0,3883972.0,3883972.0,3883972.0,0.0
1786396500,3883972.0,3883972.0,3883972.0,3883972.0,0.0
1786397400,3883972.0,3883972.0,3883972.0,3883972.0,0.0
1786398300,3883972.0,3883972.0,3883972.0,3883972.0,0.0
1786399200,3879634.0,3879634.0,3850004.0,3850004.0,0.00667382
1786400100,3850004.0,3850004.0,3850004.0,3850004.0,0.0
1786401000,3850004.0,3850004.0,3850004.0,3850004.0,0.0
1786401900,3872608.0,3872608.0,3872608.0,3872608.0,0.00644191
1786402800,3872608.0,3872608.0,3872608.0,3872608.0,0.0
1786403700,3872608.0,3872608.0,3872608.0,3872608.0,0.0
1786404600,3872608.0,3872608.0,3872608.0,3872608.0,0.0
1786405500,3850000.0,3850000.0,3850000.0,3850000.0,0.03264999
1786406400,3861919.0,3861919.0,3861919.0,3861919.0,0.00257876
1786407300,3861919.0,3861919.0,3861919.0,3861919.0,0.0
1786408200,3861919.0,3861919.0,3861919.0,3861919.0,0.0
1786409100,3861919.0,3861919.0,3861919.0,3861919.0,0.0
1786410000,3861919.0,3861919.0,3861919.0,3861919.0,0.0
1786410900,3879634.0,3879634.0,3879634.0,3879634.0,0.00487339
1786411800,3879634.0,3879634.0,3879634.0,3879634.0,0.0
1786412700,3879634.0,3962428.0,3879634.0,3962428.0,1.66263538
1786413600,3850025.0,3850025.0,3850025.0,3850025.0,0.02613593
1786414500,3850028.0,3850028.0,3850028.0,3850028.0,0.00267868
1786415400,3898710.0,3898710.0,3898710.0,3898710.0,0.0223656
1786416300,3898710.0,3898710.0,3898710.0,3898710.0,0.0
1786417200,3898710.0,3898710.0,3898710.0,3898710.0,0.0
1786418100,3898710.0,3898710.0,3898710.0,3898710.0,0.0
1786419000,3898710.0,3898710.0,3898710.0,3898710.0,0.0
1786419900,3905605.0,3905605.0,3905605.0,3905605.0,0.00254992
1786420800,3905605.0,3905605.0,3905605.0,3905605.0,0.0
1786421700,3905605.0,3905605.0,3905605.0,3905605.0,0.0
1786422600,3905605.0,3905605.0,3905605.0,3905605.0,0.0
1786423500,3940782.0,3940782.0,3940782.0,3940782.0,0.00550626
1786424400,3891981.0,3891981.0,3891981.0,3891981.0,0.00393347
1786425300,3891981.0,3891981.0,3891981.0,3891981.0,0.0
1786426200,3891981.0,3891981.0,3891981.0,3891981.0,0.0
1786427100,3850056.0,3888022.0,3850056.0,3888022.0,0.00964985
1786428000,3888022.0,3888022.0,3888022.0,3888022.0,0.0
1786428900,3891617.0,3891617.0,3891617.0,3891617.0,0.02456716
1786429800,3891617.0,3891617.0,3891617.0,3891617.0,0.0
1786430700,3891617.0,3891617.0,3891617.0,3891617.0,0.0
1786431600,3891617.0,3891617.0,3891617.0,3891617.0,0.0
1786432500,3891617.0,3891617.0,3891617.0,3891617.0,0.0
1786433400,3850042.0,3850042.0,3850042.0,3850042.0,0.02456716
1786434300,3850042.0,3850042.0,3850042.0,3850042.0,0.0
1786435200,3850042.0,3850042.0,3850042.0,3850042.0,0.0
1786436100,3850042.0,3850042.0,3850042.0,3850042.0,0.0
1786437000,3850042.0,3850042.0,3850042.0,3850042.0,0.0
1786437900,3850050.0,3850050.0,3850046.0,3850046.0,0.13346735
1786438800,3850046.0,3850046.0,3850046.0,3850046.0,0.0
1786439700,3850046.0,3850046.0,3850046.0,3850046.0,0.0
1786440600,3850046.0,3850046.0,3850046.0,3850046.0,0.0
1786441500,3850046.0,3850046.0,3850046.0,3850046.0,0.0
1786442400,3850046.0,3850046.0,3850046.0,3850046.0,0.0
1786443300,3850060.0,3850060.0,3850060.0,3850060.0,0.03793441
1786444200,3956101.0,3956101.0,3956101.0,3956101.0,0.00486842
1786445100,3956101.0,3956101.0,3956101.0,3956101.0,0.0
1786446000,3956101.0,3956101.0,3956101.0,3956101.0,0.0
1786446900,3910743.0,3962424.0,3910743.0,3962424.0,0.00498556
1786447800,3962424.0,3962424.0,3962424.0,3962424.0,0.0
1786448700,3962424.0,3962424.0,3962424.0,3962424.0,0.0
1786449600,3855013.0,3855013.0,3855012.0,3855012.0,0.07482389
1786450500,3855012.0,3855012.0,3855012.0,3855012.0,0.0
1786451400,3855012.0,3855012.0,3855012.0,3855012.0,0.0
1786452300,3855012.0,3855012.0,3855012.0,3855012.0,0.0
1786453200,3962423.0,3962423.0,3962423.0,3962423.0,0.00251336
1786454100,3962423.0,3962423.0,3962423.0,3962423.0,0.0
1786455000,3962423.0,3962423.0,3962423.0,3962423.0,0.0
1786455900,3899345.0,3899345.0,3899345.0,3899345.0,0.00255401
1786456800,3899345.0,3899345.0,3899345.0,3899345.0,0.0
1786457700,3899345.0,3899345.0,3899345.0,3899345.0,0.0
1786458600,3899345.0,3899345.0,3899345.0,3899345.0,0.0
1786459500,3899345.0,3899345.0,3899345.0,3899345.0,0.0
1786460400,3899345.0,3899345.0,3899345.0,3899345.0,0.0
1786461300,3887629.0,3899341.0,3887629.0,3899341.0,0.01358646
1786462200,3857209.0,3857209.0,3857209.0,3857209.0,0.00510809
1786463100,3857209.0,3857209.0,3857209.0,3857209.0,0.00521724
1786464000,3885076.0,3885076.0,3885076.0,3885076.0,0.03845098
1786464900,3885076.0,3885076.0,3885076.0,3885076.0,0.0
1786465800,3885076.0,3885076.0,3885076.0,3885076.0,0.0
1786466700,3885076.0,3885076.0,3885076.0,3885076.0,0.0
1786467600,3885076.0,3885076.0,3885076.0,3885076.0,0.0
1786468500,3885076.0,3885076.0,3885076.0,3885076.0,0.0
1786469400,3885076.0,3885076.0,3885076.0,3885076.0,0.0
1786470300,3885076.0,3885076.0,3885076.0,3885076.0,0.0
1786471200,3885076.0,3885076.0,3885076.0,3885076.0,0.0
1786472100,3857205.0,3857205.0,3857205.0,3857205.0,0.00317465
1786473000,3857205.0,3857205.0,3857205.0,3857205.0,0.0
1786473900,3857205.0,3857205.0,3857205.0,3857205.0,0.0
1786474800,3857205.0,3857205.0,3857205.0,3857205.0,0.0
1786475700,3857205.0,3857205.0,3857205.0,3857205.0,0.0
1786476600,3857205.0,3857205.0,3857205.0,3857205.0,0.0
1786477500,3857205.0,3857205.0,3857205.0,3857205.0,0.0
1786478400,3857205.0,3857205.0,3857205.0,3857205.0,0.0
1786479300,3857205.0,3857205.0,3857205.0,3857205.0,0.0
1786480200,3857205.0,3857205.0,3857205.0,3857205.0,0.0
1786481100,3857205.0,3857205.0,3857205.0,3857205.0,0.0
1786482000,3857205.0,3857205.0,3857205.0,3857205.0,0.0
1786482900,3857205.0,3857205.0,3857205.0,3857205.0,0.0
1786483800,3857205.0,3857205.0,3857205.0,3857205.0,0.0
1786484700,3857205.0,3857205.0,3857205.0,3857205.0,0.0
1786485600,3857205.0,3857205.0,3857205.0,3857205.0,0.0
1786486500,3857205.0,3857205.0,3857205.0,3857205.0,0.0
1786487400,3857205.0,3857205.0,3857205.0,3857205.0,0.0
1786488300,3857205.0,3857205.0,3857205.0,3857205.0,0.0
1786489200,3889058.0,3889058.0,3889058.0,3889058.0,0.00426941
1786490100,3889058.0,3889058.0,3889058.0,3889058.0,0.0
1786491000,3889058.0,3889058.0,3889058.0,3889058.0,0.00256077
1786491900,3889058.0,3889058.0,3889058.0,3889058.0,0.0
1786492800,3889058.0,3889058.0,3889058.0,3889058.0,0.03189767
1786493700,3889058.0,3889058.0,3889058.0,3889058.0,0.0
1786494600,3908283.0,3908283.0,3908283.0,3908283.0,0.10749272
1786495500,3908283.0,3908283.0,3908283.0,3908283.0,0.0
1786496400,3908283.0,3908283.0,3908283.0,3908283.0,0.0
1786497300,3908283.0,3908283.0,3908283.0,3908283.0,0.0
1786498200,3908283.0,3908283.0,3908283.0,3908283.0,0.0
1786499100,3857209.0,3857209.0,3857209.0,3857209.0,0.02547781
1786500000,3857209.0,3857209.0,3857209.0,3857209.0,0.0
1786500900,3857209.0,3857209.0,3857209.0,3857209.0,0.0
1786501800,3857214.0,3857214.0,3857214.0,3857214.0,0.0046289
1786502700,3857214.0,3857214.0,3857214.0,3857214.0,0.0
1786503600,3857214.0,3857214.0,3857214.0,3857214.0,0.0
1786504500,3857214.0,3857214.0,3857214.0,3857214.0,0.0
1786505400,3857214.0,3857214.0,3857214.0,3857214.0,0.0
1786506300,3857214.0,3857214.0,3857214.0,3857214.0,0.0
1786507200,3857214.0,3857214.0,3857214.0,3857214.0,0.0
1786508100,3924537.0,3924538.0,3924537.0,3924538.0,0.01268812
1786509000,3924538.0,3924538.0,3924538.0,3924538.0,0.0
1786509900,3924538.0,3924538.0,3924538.0,3924538.0,0.0
1786510800,3924538.0,3924538.0,3924538.0,3924538.0,0.0
1786511700,3924538.0,3924538.0,3924538.0,3924538.0,0.0
1786512600,3924538.0,3924538.0,3924538.0,3924538.0,0.0
1786513500,3924538.0,3924538.0,3924538.0,3924538.0,0.0
1786514400,3924532.0,3924538.0,3924532.0,3924538.0,0.01015101
1786515300,3924537.0,3924537.0,3924537.0,3924537.0,0.00743883
1786516200,3924537.0,3924537.0,3924537.0,3924537.0,0.0
1786517100,3924537.0,3924537.0,3924537.0,3924537.0,0.0
1786518000,3924537.0,3942205.0,3924537.0,3942205.0,2.5520385
1786518900,3942205.0,3942205.0,3942205.0,3942205.0,0.0
1786519800,3942205.0,3942205.0,3942205.0,3942205.0,0.0
1786520700,3942205.0,3942205.0,3942205.0,3942205.0,0.0
1786521600,3942205.0,3942205.0,3942205.0,3942205.0,0.0
1786522500,3942205.0,3942205.0,3942205.0,3942205.0,0.0
1786523400,3942205.0,3942205.0,3942205.0,3942205.0,0.0
1786524300,3886349.0,3888395.0,3886349.0,3888395.0,0.01294509
1786525200,3939989.0,3939990.0,3939989.0,3939990.0,0.03161454
1786526100,3939990.0,3939990.0,3939990.0,3939990.0,0.0
1786527000,3888396.0,3888396.0,3888396.0,3888396.0,0.00585214
1786527900,3888396.0,3888396.0,3888396.0,3888396.0,0.0
1786528800,3888396.0,3888396.0,3888396.0,3888396.0,0.0
1786529700,3888396.0,3888396.0,3888396.0,3888396.0,0.0
1786530600,3888396.0,3888396.0,3888396.0,3888396.0,0.0
1786531500,3888396.0,3888396.0,3888396.0,3888396.0,0.0
1786532400,3888396.0,3888396.0,3888396.0,3888396.0,0.0
1786533300,3888396.0,3888396.0,3888396.0,3888396.0,0.0
1786534200,3888396.0,3888396.0,3888396.0,3888396.0,0.0
1786535100,3888396.0,3888396.0,3888396.0,3888396.0,0.0
1786536000,3888396.0,3888396.0,3888396.0,3888396.0,0.0
1786536900,3888396.0,3888396.0,3888396.0,3888396.0,0.0
1786537800,3888396.0,3888396.0,3888396.0,3888396.0,0.0
1786538700,3888396.0,3888396.0,3888396.0,3888396.0,0.0
1786539600,3888396.0,3888396.0,3888396.0,3888396.0,0.0
1786540500,3905771.0,3905771.0,3905771.0,3905771.0,0.00536134
1786541400,3905771.0,3905771.0,3905771.0,3905771.0,0.0
1786542300,3939990.0,3963025.0,3939990.0,3963025.0,0.8698495
1786543200,3964777.0,3967321.0,3964777.0,3967321.0,0.03808166
1786544100,3967321.0,3982412.0,3967321.0,3982412.0,0.17564951
1786545000,3984204.0,3986990.0,3857239.0,3986990.0,0.0915298
1786545900,3988935.0,3990879.0,3988935.0,3990879.0,0.0295218
1786546800,3991048.0,4000000.0,3991048.0,4000000.0,0.29517909
1786547700,3999996.0,3999996.0,3999996.0,3999996.0,0.01483501
1786548600,3999996.0,3999996.0,3999996.0,3999996.0,0.0
1786549500,3999996.0,3999996.0,3999996.0,3999996.0,0.0
1786550400,3963894.0,3963894.0,3963894.0,3963894.0,0.00256036
1786551300,3963894.0,3963894.0,3963894.0,3963894.0,0.0
1786552200,3963894.0,3963894.0,3963894.0,3963894.0,0.0
1786553100,3963894.0,3963894.0,3963894.0,3963894.0,0.0
1786554000,3963894.0,3963894.0,3963894.0,3963894.0,0.0
1786554900,3963894.0,3963894.0,3963894.0,3963894.0,0.0
1786555800,3963894.0,3963894.0,3963894.0,3963894.0,0.0
1786556700,3963894.0,3963894.0,3963894.0,3963894.0,0.0
1786557600,3999996.0,3999996.0,3857205.0,3857205.0,1.90745613
1786558500,3999996.0,3999996.0,3999996.0,3999996.0,0.02442052
1786559400,3999996.0,3999996.0,3999996.0,3999996.0,0.0
1786560300,3999996.0,3999996.0,3999996.0,3999996.0,0.0
1786561200,3857259.0,3999995.0,3857258.0,3999995.0,0.03036602
1786562100,3999995.0,3999995.0,3999995.0,3999995.0,0.0
1786563000,3999995.0,3999995.0,3999995.0,3999995.0,0.0
1786563900,3999995.0,3999995.0,3999995.0,3999995.0,0.0
1786564800,3999995.0,3999995.0,3999995.0,3999995.0,0.0
1786565700,3999995.0,3999995.0,3999995.0,3999995.0,0.0
1786566600,3999995.0,3999995.0,3999995.0,3999995.0,0.0
1786567500,3999995.0,3999995.0,3999995.0,3999995.0,0.0
1786568400,3999995.0,3999995.0,3999995.0,3999995.0,0.0
1786569300,3999995.0,3999995.0,3999995.0,3999995.0,0.0
1786570200,3999995.0,3999995.0,3999995.0,3999995.0,0.0
1786571100,3999995.0,3999995.0,3999995.0,3999995.0,0.0
1786572000,3999995.0,3999995.0,3999995.0,3999995.0,0.0
1786572900,3999995.0,3999995.0,3999995.0,3999995.0,0.0
1786573800,3999995.0,3999995.0,3999995.0,3999995.0,0.0
1786574700,3999995.0,3999995.0,3999995.0,3999995.0,0.0
1786575600,3999995.0,3999995.0,3999995.0,3999995.0,0.0
1786576500,3999995.0,3999995.0,3999995.0,3999995.0,0.0
1786577400,3999995.0,3999995.0,3999995.0,3999995.0,0.0
1786578300,3999995.0,3999995.0,3999995.0,3999995.0,0.0
1786579200,3999995.0,3999995.0,3999995.0,3999995.0,0.0
1786580100,3999995.0,3999995.0,3999995.0,3999995.0,0.00248975
1786581000,3999995.0,3999995.0,3999995.0,3999995.0,0.0
1786581900,3999995.0,3999995.0,3999995.0,3999995.0,0.0
1786582800,3999995.0,3999996.0,3999995.0,3999996.0,0.0047305
1786583700,3999996.0,3999996.0,3999996.0,3999996.0,0.0
1786584600,3999996.0,3999996.0,3999996.0,3999996.0,0.0
1786585500,3980520.0,3980520.0,3980520.0,3980520.0,0.00724076
1786586400,3986205.0,3986205.0,3986205.0,3986205.0,0.05699261
1786587300,4000000.0,4000000.0,4000000.0,4000000.0,0.004629
1786588200,4000000.0,4000000.0,4000000.0,4000000.0,0.0
1786589100,3999996.0,4000000.0,3999996.0,4000000.0,0.00746925
1786590000,4000000.0,4000000.0,4000000.0,4000000.0,0.00746925
1786590900,4000000.0,4000000.0,4000000.0,4000000.0,0.0
1786591800,4000000.0,4000000.0,4000000.0,4000000.0,0.0
1786592700,3984002.0,3984002.0,3984002.0,3984002.0,0.05174105
1786593600,4000000.0,4000000.0,3985837.0,4000000.0,0.03024314
1786594500,4000000.0,4000000.0,4000000.0,4000000.0,0.0
1786595400,4000000.0,4000000.0,4000000.0,4000000.0,0.0
1786596300,4000000.0,4000000.0,4000000.0,4000000.0,0.0
1786597200,4000000.0,4000000.0,4000000.0,4000000.0,0.0032365
1786598100,4000000.0,4000000.0,4000000.0,4000000.0,0.0
1786599000,4000000.0,4000000.0,4000000.0,4000000.0,0.0
1786599900,4000000.0,4000000.0,4000000.0,4000000.0,0.00327525
1786600800,4000000.0,4000000.0,4000000.0,4000000.0,0.0028695
1786601700,4000000.0,4000000.0,4000000.0,4000000.0,0.03101375
1786602600,4000000.0,4000000.0,4000000.0,4000000.0,0.00340875
1786603500,3999996.0,3999996.0,3986324.0,3986535.0,0.10131621
1786604400,3999996.0,3999996.0,3999996.0,3999996.0,0.00410275
1786605300,3999996.0,3999996.0,3999996.0,3999996.0,0.0
1786606200,3999996.0,3999996.0,3999996.0,3999996.0,0.0
1786607100,3981432.0,3981432.0,3889093.0,3889093.0,0.06209795
1786608000,3980723.0,3980723.0,3976349.0,3976349.0,0.06110465
1786608900,3976349.0,3976349.0,3976349.0,3976349.0,0.0
1786609800,4000000.0,4000000.0,3977552.0,3977552.0,0.12579556
1786610700,4000000.0,4000000.0,3977552.0,4000000.0,0.060802
1786611600,4000000.0,4000000.0,4000000.0,4000000.0,0.0
1786612500,3991667.0,3991667.0,3991667.0,3991667.0,0.00371724
1786613400,3889062.0,3889062.0,3889062.0,3889062.0,0.0029525
1786614300,3975549.0,3975549.0,3975549.0,3975549.0,0.0251465
1786615200,3975549.0,3975549.0,3975549.0,3975549.0,0.0
1786616100,3982777.0,3982777.0,3982777.0,3982777.0,0.00356051
1786617000,3991667.0,3991667.0,3991667.0,3991667.0,0.00249494
1786617900,3980553.0,3980553.0,3892004.0,3892004.0,0.0134632
1786618800,3991667.0,3991667.0,3991667.0,3991667.0,0.00249494
1786619700,3991667.0,3991667.0,3991667.0,3991667.0,0.01981653
1786620600,3972734.0,3989102.0,3972734.0,3974388.0,0.11189341
1786621500,3991467.0,3991544.0,3975915.0,3990577.0,0.12524157
1786622400,3969103.0,3969103.0,3969103.0,3969103.0,0.01981653
1786623300,3964487.0,3964487.0,3964487.0,3964487.0,0.02058708
1786624200,3964487.0,3964487.0,3964487.0,3964487.0,0.0
1786625100,3991663.0,3991663.0,3991663.0,3991663.0,0.0288862
1786626000,3977195.0,3977195.0,3977195.0,3977195.0,0.00498556
1786626900,3983649.0,3991667.0,3983649.0,3989769.0,0.36486969
1786627800,3999996.0,4000000.0,3999996.0,4000000.0,0.74968681
1786628700,3902040.0,3902040.0,3902040.0,3902040.0,0.0059455
1786629600,3902040.0,3902040.0,3902040.0,3902040.0,0.0
1786630500,3902040.0,3902040.0,3902040.0,3902040.0,0.0
1786631400,4000000.0,4000000.0,3905016.0,3905016.0,0.00954513
1786632300,3905016.0,3905016.0,3905016.0,3905016.0,0.0
1786633200,3905004.0,3905004.0,3905004.0,3905004.0,0.0047305
1786634100,3905004.0,3905004.0,3905004.0,3905004.0,0.0
1786635000,3905004.0,3905004.0,3905004.0,3905004.0,0.0
1786635900,3905004.0,3905004.0,3905004.0,3905004.0,0.0
1786636800,3905022.0,3905022.0,3905022.0,3905022.0,0.00257187
1786637700,3905022.0,3905022.0,3905022.0,3905022.0,0.0
1786638600,3905022.0,3905022.0,3905022.0,3905022.0,0.0
1786639500,3905022.0,3905022.0,3905022.0,3905022.0,0.0
1786640400,3905022.0,3905022.0,3905022.0,3905022.0,0.0
1786641300,3905022.0,3905022.0,3905022.0,3905022.0,0.0
1786642200,3905022.0,3905022.0,3905022.0,3905022.0,0.0
1786643100,3905022.0,3905022.0,3905022.0,3905022.0,0.0
1786644000,3905022.0,3905022.0,3905022.0,3905022.0,0.0
1786644900,3905022.0,3905022.0,3905022.0,3905022.0,0.0
1786645800,3905022.0,3905022.0,3905022.0,3905022.0,0.0
1786646700,3909606.0,3929059.0,3909606.0,3929059.0,0.00381464
1786647600,3929059.0,3929059.0,3929059.0,3929059.0,0.0
1786648500,3929059.0,3929059.0,3929059.0,3929059.0,0.0
1786649400,3929059.0,3929059.0,3929059.0,3929059.0,0.0
1786650300,3929059.0,3929059.0,3929059.0,3929059.0,0.0
1786651200,3929059.0,3929059.0,3929059.0,3929059.0,0.0
1786652100,3929059.0,3929059.0,3929059.0,3929059.0,0.0
1786653000,3929059.0,3929059.0,3929059.0,3929059.0,0.0
1786653900,3929059.0,3929059.0,3929059.0,3929059.0,0.0
1786654800,3929059.0,3929059.0,3929059.0,3929059.0,0.0
1786655700,3929059.0,3929059.0,3929059.0,3929059.0,0.0
1786656600,3929059.0,3929059.0,3929059.0,3929059.0,0.0
1786657500,3929059.0,3929059.0,3929059.0,3929059.0,0.0
1786658400,3929059.0,3929059.0,3929059.0,3929059.0,0.0
1786659300,3929059.0,3929059.0,3929059.0,3929059.0,0.0
1786660200,3929059.0,3929059.0,3929059.0,3929059.0,0.0
1786661100,3929059.0,3929059.0,3929059.0,3929059.0,0.0
1786662000,3929059.0,3929059.0,3929059.0,3929059.0,0.0
1786662900,3929059.0,3969897.0,3929059.0,3969897.0,0.02362113
1786663800,3955583.0,4000000.0,3955583.0,3955598.0,0.07417591
1786664700,4000000.0,4000000.0,4000000.0,4000000.0,0.006485
1786665600,4000000.0,4000000.0,4000000.0,4000000.0,0.0
1786666500,4000000.0,4000000.0,4000000.0,4000000.0,0.0
1786667400,4000000.0,4000000.0,4000000.0,4000000.0,0.00437475
1786668300,4000000.0,4000000.0,4000000.0,4000000.0,0.0
1786669200,4000000.0,4000000.0,4000000.0,4000000.0,0.0
1786670100,4000000.0,4000000.0,4000000.0,4000000.0,0.0
1786671000,4000000.0,4000000.0,4000000.0,4000000.0,0.0
1786671900,4000000.0,4000000.0,4000000.0,4000000.0,0.0
1786672800,4000000.0,4000000.0,4000000.0,4000000.0,0.0
1786673700,4000000.0,4000000.0,4000000.0,4000000.0,0.0
1786674600,4000000.0,4000000.0,4000000.0,4000000.0,0.0
1786675500,3905008.0,3905008.0,3905000.0,3905000.0,0.25741664
1786676400,3905004.0,3905004.0,3905004.0,3905004.0,0.0049795
1786677300,3905004.0,3905004.0,3905004.0,3905004.0,0.0
1786678200,3915004.0,4000000.0,3915004.0,4000000.0,0.00687868
1786679100,3915004.0,3915004.0,3915004.0,3915004.0,0.00437475
1786680000,3915004.0,3915004.0,3889058.0,3889058.0,0.38476154
1786680900,3889058.0,3889058.0,3857214.0,3857215.0,0.01791577
1786681800,3857215.0,3857215.0,3857215.0,3857215.0,0.0
1786682700,3999989.0,3999989.0,3999989.0,3999989.0,0.0028855
1786683600,3862004.0,3862004.0,3862004.0,3862004.0,0.05200538
1786684500,3862004.0,3862004.0,3862004.0,3862004.0,0.0
1786685400,3862004.0,3862004.0,3862004.0,3862004.0,0.0
1786686300,3862004.0,3862004.0,3862004.0,3862004.0,0.0
1786687200,3862004.0,3862004.0,3862004.0,3862004.0,0.0
1786688100,3862004.0,3862004.0,3862004.0,3862004.0,0.0
1786689000,3999996.0,3999996.0,3999996.0,3999996.0,0.0049795
1786689900,3999996.0,3999996.0,3999996.0,3999996.0,0.0
1786690800,3999996.0,3999996.0,3999996.0,3999996.0,0.0
1786691700,3865060.0,3865060.0,3865060.0,3865060.0,0.00285594
1786692600,3865060.0,3865060.0,3865060.0,3865060.0,0.0
1786693500,3865060.0,3865060.0,3865060.0,3865060.0,0.0
1786694400,3865060.0,3865060.0,3865060.0,3865060.0,0.0
1786695300,3865060.0,3865060.0,3865060.0,3865060.0,0.0
1786696200,3865060.0,3865060.0,3865060.0,3865060.0,0.0
1786697100,3865060.0,3865060.0,3865060.0,3865060.0,0.0
1786698000,3865067.0,3865067.0,3865067.0,3865067.0,0.17773892
1786698900,3865068.0,3865068.0,3865068.0,3865068.0,0.0049795
1786699800,3865068.0,3865068.0,3865068.0,3865068.0,0.0
1786700700,3865068.0,3865068.0,3865068.0,3865068.0,0.0
1786701600,3865068.0,3865068.0,3865068.0,3865068.0,0.0
1786702500,3865068.0,3865068.0,3865068.0,3865068.0,0.0
1786703400,3865068.0,3865068.0,3865068.0,3865068.0,0.0
1786704300,3865068.0,3865068.0,3865068.0,3865068.0,0.0
1786705200,3865068.0,3865068.0,3865068.0,3865068.0,0.0
1786706100,3880004.0,4000000.0,3880004.0,4000000.0,0.05498798
1786707000,4000000.0,4000000.0,4000000.0,4000000.0,0.0
1786707900,3857260.0,3857260.0,3857259.0,3857259.0,0.03845098
1786708800,3857259.0,3857259.0,3857259.0,3857259.0,0.0
1786709700,3857259.0,3857259.0,3857259.0,3857259.0,0.0
1786710600,3857259.0,3857259.0,3857259.0,3857259.0,0.0
1786711500,3857259.0,3857259.0,3857259.0,3857259.0,0.0
1786712400,3857259.0,3857259.0,3857259.0,3857259.0,0.0
1786713300,3999989.0,3999989.0,3999989.0,3999989.0,0.00618126
1786714200,3999989.0,3999989.0,3999989.0,3999989.0,0.0
1786715100,3999989.0,3999989.0,3999989.0,3999989.0,0.00920505
1786716000,3999989.0,3999989.0,3999989.0,3999989.0,0.0
1786716900,3999990.0,3999990.0,3999990.0,3999990.0,0.00802726
1786717800,3999990.0,3999990.0,3999990.0,3999990.0,0.01278403
1786718700,3999989.0,3999989.0,3999900.0,3999900.0,0.06336702
1786719600,3999900.0,3999900.0,3999900.0,3999900.0,0.0
1786720500,3999900.0,3999900.0,3999900.0,3999900.0,0.0
1786721400,3999900.0,3999900.0,3999900.0,3999900.0,0.0
1786722300,3999900.0,3999900.0,3999900.0,3999900.0,0.0
1786723200,3999900.0,3999900.0,3999900.0,3999900.0,0.0
1786724100,3859069.0,3859069.0,3859069.0,3859069.0,0.0060665
1786725000,3859069.0,3859069.0,3859069.0,3859069.0,0.0
1786725900,3859069.0,3859069.0,3859069.0,3859069.0,0.0
1786726800,3999899.0,3999900.0,3999899.0,3999900.0,0.0364514
1786727700,3999900.0,3999900.0,3999900.0,3999900.0,0.0
1786728600,3999900.0,3999900.0,3999900.0,3999900.0,0.0
1786729500,3999900.0,3999900.0,3999900.0,3999900.0,0.0
1786730400,3999900.0,3999900.0,3999900.0,3999900.0,0.0
1786731300,3999900.0,3999900.0,3999900.0,3999900.0,0.0
1786732200,3999900.0,3999900.0,3999900.0,3999900.0,0.0
1786733100,3999900.0,3999900.0,3999900.0,3999900.0,0.0
1786734000,3999900.0,3999900.0,3999900.0,3999900.0,0.0
1786734900,3999900.0,3999900.0,3999900.0,3999900.0,0.0
1786735800,3999900.0,3999900.0,3999900.0,3999900.0,0.0
1786736700,3999900.0,3999900.0,3999900.0,3999900.0,0.0
1786737600,3999900.0,3999900.0,3999900.0,3999900.0,0.0
1786738500,3999896.0,3999896.0,3999896.0,3999896.0,0.00340483
1786739400,3999896.0,3999896.0,3999896.0,3999896.0,0.0
1786740300,3999896.0,3999896.0,3999896.0,3999896.0,0.0
1786741200,3999896.0,3999896.0,3999896.0,3999896.0,0.0
1786742100,3860497.0,3860497.0,3860497.0,3860497.0,0.00340483
1786743000,3860497.0,3860497.0,3860497.0,3860497.0,0.0
1786743900,3860497.0,3860497.0,3860497.0,3860497.0,0.0
1786744800,3860497.0,3860497.0,3860497.0,3860497.0,0.0
1786745700,3860497.0,3860497.0,3860497.0,3860497.0,0.0
1786746600,3860497.0,3860497.0,3860497.0,3860497.0,0.0
1786747500,3860497.0,3860497.0,3860497.0,3860497.0,0.0
1786748400,3860497.0,3860497.0,3860497.0,3860497.0,0.0
1786749300,3860497.0,3860497.0,3860497.0,3860497.0,0.0
1786750200,3860497.0,3860497.0,3860497.0,3860497.0,0.0
1786751100,3860497.0,3860497.0,3860497.0,3860497.0,0.0
1786752000,3860497.0,3860497.0,3860497.0,3860497.0,0.0
1786752900,3882004.0,3882004.0,3882004.0,3882004.0,0.03755839
1786753800,3882004.0,3882004.0,3882004.0,3882004.0,0.0
1786754700,3882013.0,3882013.0,3882004.0,3882004.0,0.25831864
1786755600,3999890.0,3999891.0,3999890.0,3999891.0,0.02494793
1786756500,3999891.0,3999891.0,3999891.0,3999891.0,0.0
1786757400,3999891.0,3999891.0,3999891.0,3999891.0,0.0
1786758300,3999891.0,3999891.0,3999891.0,3999891.0,0.0
1786759200,3999891.0,3999891.0,3885023.0,3885023.0,0.02073866
1786760100,3885023.0,3885023.0,3885023.0,3885023.0,0.0
1786761000,3885023.0,3885023.0,3885023.0,3885023.0,0.00268075
1786761900,3885023.0,3885023.0,3885023.0,3885023.0,0.0
1786762800,3885023.0,3885023.0,3885023.0,3885023.0,0.0
1786763700,3885027.0,3885027.0,3885027.0,3885027.0,0.06462168
1786764600,3885027.0,3885027.0,3885027.0,3885027.0,0.0
1786765500,3885033.0,3885033.0,3885023.0,3885023.0,0.3815958
1786766400,3885023.0,3885023.0,3885023.0,3885023.0,0.0
1786767300,3994308.0,3994308.0,3994308.0,3994308.0,0.0024953
1786768200,3994308.0,3994308.0,3994308.0,3994308.0,0.0
1786769100,3994308.0,3994308.0,3994308.0,3994308.0,0.0
1786770000,3994303.0,3994307.0,3994303.0,3994307.0,0.24808093
1786770900,3994307.0,3994307.0,3994307.0,3994307.0,0.0
1786771800,3994307.0,3994307.0,3994307.0,3994307.0,0.0
1786772700,3994307.0,3994307.0,3994307.0,3994307.0,0.0
1786773600,3994307.0,3994307.0,3994307.0,3994307.0,0.0
1786774500,3993996.0,3993996.0,3993996.0,3993996.0,0.00249349
1786775400,3993996.0,3993996.0,3993996.0,3993996.0,0.0
1786776300,3993996.0,3993996.0,3993996.0,3993996.0,0.0
1786777200,3993996.0,3993996.0,3993996.0,3993996.0,0.03696047
1786778100,3993996.0,3993996.0,3993996.0,3993996.0,0.0
1786779000,3993996.0,3993996.0,3993996.0,3993996.0,0.0
1786779900,3993996.0,3993996.0,3993996.0,3993996.0,0.0
1786780800,3993996.0,3993996.0,3993996.0,3993996.0,0.0
1786781700,3993996.0,3993996.0,3993996.0,3993996.0,0.0
1786782600,3993996.0,3993996.0,3993996.0,3993996.0,0.0
1786783500,3993996.0,3993996.0,3993996.0,3993996.0,0.0
1786784400,3993996.0,3993996.0,3993996.0,3993996.0,0.0
1786785300,3993996.0,3993996.0,3993996.0,3993996.0,0.0
1786786200,3993996.0,3993996.0,3993996.0,3993996.0,0.0
1786787100,3993996.0,3993996.0,3993996.0,3993996.0,0.0
1786788000,3885049.0,3885049.0,3885049.0,3885049.0,0.00258992
1786788900,3885049.0,3885049.0,3885049.0,3885049.0,0.0
1786789800,3885049.0,3885049.0,3885049.0,3885049.0,0.03147178
1786790700,3992000.0,3992000.0,3992000.0,3992000.0,0.00249473
1786791600,3992000.0,3992000.0,3992000.0,3992000.0,0.0
1786792500,3992000.0,3992000.0,3992000.0,3992000.0,0.0
1786793400,3992000.0,3992000.0,3992000.0,3992000.0,0.0
1786794300,3992000.0,3992000.0,3992000.0,3992000.0,0.0
1786795200,3992000.0,3992000.0,3992000.0,3992000.0,0.0
1786796100,3991996.0,3991996.0,3991996.0,3991996.0,0.00347319
1786797000,3992000.0,3992000.0,3991996.0,3991996.0,0.00500576
1786797900,3886004.0,3886004.0,3886004.0,3886004.0,0.01314188
1786798800,3886004.0,3886004.0,3886004.0,3886004.0,0.0
1786799700,3886004.0,3886004.0,3886004.0,3886004.0,0.0
1786800600,3886004.0,3886004.0,3886004.0,3886004.0,0.0
1786801500,3886004.0,3886004.0,3886004.0,3886004.0,0.0
1786802400,3886004.0,3886004.0,3886004.0,3886004.0,0.0
1786803300,3886004.0,3886004.0,3886004.0,3886004.0,0.0
1786804200,3992000.0,3992000.0,3992000.0,3992000.0,0.00831688
1786805100,3992000.0,3992000.0,3992000.0,3992000.0,0.0
1786806000,3992000.0,3992000.0,3992000.0,3992000.0,0.0
1786806900,3886016.0,3886016.0,3886016.0,3886016.0,0.0028855
1786807800,3886016.0,3886016.0,3886016.0,3886016.0,0.0
1786808700,3886016.0,3886016.0,3886016.0,3886016.0,0.0
1786809600,3886016.0,3886016.0,3886016.0,3886016.0,0.0
1786810500,3886020.0,3886020.0,3886020.0,3886020.0,0.00273934
1786811400,3999995.0,4000000.0,3999995.0,4000000.0,0.23786064
1786812300,3886020.0,3886020.0,3886020.0,3886020.0,0.01351581
1786813200,3886020.0,3886020.0,3886020.0,3886020.0,0.00440422
1786814100,3886020.0,3886020.0,3886020.0,3886020.0,0.0
1786815000,3886020.0,3886020.0,3886020.0,3886020.0,0.0
1786815900,3999996.0,3999996.0,3999996.0,3999996.0,0.0092715
1786816800,3999996.0,3999996.0,3999996.0,3999996.0,0.0
1786817700,3999996.0,3999996.0,3999996.0,3999996.0,0.0
1786818600,3999996.0,3999996.0,3999996.0,3999996.0,0.0
1786819500,3999996.0,3999996.0,3999996.0,3999996.0,0.0
1786820400,3999996.0,3999996.0,3999996.0,3999996.0,0.0
1786821300,3999996.0,3999996.0,3999996.0,3999996.0,0.0
1786822200,3999996.0,3999996.0,3999996.0,3999996.0,0.0
1786823100,3999996.0,3999996.0,3999996.0,3999996.0,0.0
1786824000,3999996.0,3999996.0,3999996.0,3999996.0,0.0
1786824900,3999996.0,3999996.0,3999996.0,3999996.0,0.0
1786825800,3999996.0,3999996.0,3999996.0,3999996.0,0.0
1786826700,3999996.0,3999996.0,3999996.0,3999996.0,0.0
1786827600,3999996.0,3999996.0,3999996.0,3999996.0,0.0
1786828500,3886038.0,3886038.0,3886038.0,3886038.0,0.0038839
1786829400,3886038.0,3886038.0,3886038.0,3886038.0,0.0
1786830300,3886038.0,3886038.0,3886038.0,3886038.0,0.0
1786831200,3886038.0,3886038.0,3886038.0,3886038.0,0.0
1786832100,3886038.0,3886038.0,3886038.0,3886038.0,0.0
1786833000,3886038.0,3886038.0,3886038.0,3886038.0,0.0
1786833900,3886038.0,3886038.0,3886038.0,3886038.0,0.0
1786834800,3886038.0,3886038.0,3886038.0,3886038.0,0.0
1786835700,3886038.0,3886038.0,3886038.0,3886038.0,0.0
1786836600,3887004.0,3887004.0,3887004.0,3887004.0,0.00347319
1786837500,3887004.0,3887004.0,3887004.0,3887004.0,0.0
1786838400,3887004.0,3887004.0,3887004.0,3887004.0,0.0
1786839300,3887004.0,3887004.0,3887004.0,3887004.0,0.0
1786840200,3887004.0,3887004.0,3887004.0,3887004.0,0.0
1786841100,3887004.0,3887004.0,3887004.0,3887004.0,0.0
1786842000,3999987.0,3999987.0,3999987.0,3999987.0,0.00637352
1786842900,3999987.0,3999987.0,3999987.0,3999987.0,0.0
1786843800,3999987.0,3999987.0,3999987.0,3999987.0,0.0
1786844700,3999987.0,3999987.0,3999987.0,3999987.0,0.0
1786845600,3998996.0,3998996.0,3998996.0,3998996.0,0.01016005
1786846500,3998996.0,3998996.0,3998996.0,3998996.0,0.00249037
1786847400,3998996.0,3998996.0,3998996.0,3998996.0,0.01184997
1786848300,3887009.0,3998996.0,3887008.0,3998996.0,0.06165772
1786849200,3998996.0,3998996.0,3998996.0,3998996.0,0.0
1786850100,3998996.0,3998996.0,3998996.0,3998996.0,0.0
1786851000,3887004.0,3998996.0,3887004.0,3998996.0,0.06837987
1786851900,3998996.0,3998996.0,3998996.0,3998996.0,0.0
1786852800,3998996.0,3998996.0,3998996.0,3998996.0,0.01333409
1786853700,3887009.0,3998996.0,3887009.0,3998996.0,0.02205027
1786854600,3998996.0,3998996.0,3998996.0,3998996.0,0.0
1786855500,3998996.0,3998996.0,3998996.0,3998996.0,0.02490375
1786856400,3998996.0,3998996.0,3998996.0,3998996.0,0.0
1786857300,3998996.0,3998996.0,3998996.0,3998996.0,0.0
1786858200,3998996.0,3998996.0,3998996.0,3998996.0,0.00249037
1786859100,3998996.0,3998996.0,3998996.0,3998996.0,0.0
1786860000,3998996.0,3998996.0,3998996.0,3998996.0,0.00249037
1786860900,3998996.0,3998996.0,3998996.0,3998996.0,0.0
1786861800,3998000.0,3998000.0,3998000.0,3998000.0,0.00582141
1786862700,3998000.0,3998000.0,3998000.0,3998000.0,0.0
1786863600,3998000.0,3998000.0,3998000.0,3998000.0,0.00457453
1786864500,3997500.0,3997500.0,3997500.0,3997500.0,0.00498261
1786865400,3902009.0,3902009.0,3902009.0,3902009.0,0.00498261
1786866300,3902009.0,3902009.0,3902009.0,3902009.0,0.0
1786867200,3902009.0,3902009.0,3902009.0,3902009.0,0.0
1786868100,3902009.0,3902009.0,3902009.0,3902009.0,0.0
1786869000,3902009.0,3902009.0,3902009.0,3902009.0,0.0
1786869900,3997500.0,3997500.0,3997500.0,3997500.0,0.03056884
1786870800,3997500.0,3997500.0,3997500.0,3997500.0,0.4282715
1786871700,3997500.0,3997500.0,3997500.0,3997500.0,0.00498167
1786872600,3902011.0,3902011.0,3902000.0,3902000.0,0.43325317
1786873500,3902004.0,3902004.0,3902004.0,3902004.0,0.00304775
1786874400,3902004.0,3902004.0,3902004.0,3902004.0,0.0
1786875300,3902000.0,3902000.0,3902000.0,3902000.0,0.12894003
1786876200,3902000.0,3902000.0,3902000.0,3902000.0,0.0
1786877100,3998000.0,3998000.0,3887007.0,3887007.0,0.27049585
1786878000,3998000.0,3998000.0,3998000.0,3998000.0,0.00498199
1786878900,3998000.0,3998000.0,3998000.0,3998000.0,0.0
1786879800,3998000.0,3998000.0,3998000.0,3998000.0,0.0
1786880700,3998000.0,3998000.0,3998000.0,3998000.0,0.0
1786881600,3998000.0,3998000.0,3998000.0,3998000.0,0.0
1786882500,3998000.0,3998000.0,3998000.0,3998000.0,0.0
1786883400,3996996.0,3996996.0,3996996.0,3996996.0,0.01248287
1786884300,3905015.0,3905015.0,3885005.0,3885005.0,0.77304414
1786885200,3885005.0,3885005.0,3885005.0,3885005.0,0.0
1786886100,3885005.0,3885005.0,3885005.0,3885005.0,0.0
1786887000,3885005.0,3885005.0,3885005.0,3885005.0,0.0
1786887900,3885046.0,3885046.0,3885046.0,3885046.0,0.02807754
1786888800,3885046.0,3885046.0,3885046.0,3885046.0,0.0
1786889700,3885046.0,3885046.0,3885046.0,3885046.0,0.0
1786890600,3885046.0,3885046.0,3885046.0,3885046.0,0.0
1786891500,3990000.0,3990000.0,3990000.0,3990000.0,0.24171604
1786892400,3891012.0,3891012.0,3891012.0,3891012.0,0.00381464
1786893300,3891009.0,3891009.0,3891005.0,3891005.0,0.24171604
1786894200,3891005.0,3891005.0,3891005.0,3891005.0,0.0
1786895100,3900004.0,3900004.0,3900004.0,3900004.0,0.01048906
1786896000,3900004.0,3900004.0,3900004.0,3900004.0,0.0
1786896900,3900004.0,3900004.0,3900004.0,3900004.0,0.0
1786897800,3900004.0,3900004.0,3900004.0,3900004.0,0.0
1786898700,3900004.0,3900004.0,3900004.0,3900004.0,0.0
1786899600,3988995.0,3988995.0,3988995.0,3988995.0,0.00382903
1786900500,3988995.0,3989000.0,3988995.0,3989000.0,0.21870354
1786901400,3989000.0,3996999.0,3989000.0,3996999.0,0.00450776
1786902300,3996999.0,3996999.0,3996999.0,3996999.0,0.00383537
1786903200,3996999.0,3996999.0,3996999.0,3996999.0,0.0
1786904100,3996999.0,3996999.0,3996999.0,3996999.0,0.0
1786905000,3996999.0,3996999.0,3996999.0,3996999.0,0.0
1786905900,3996999.0,3996999.0,3996999.0,3996999.0,0.0
1786906800,3905005.0,3905005.0,3905005.0,3905005.0,0.00450729
1786907700,3905005.0,3905005.0,3905005.0,3905005.0,0.0
1786908600,3905005.0,3905005.0,3905005.0,3905005.0,0.0
1786909500,3905005.0,3905005.0,3905005.0,3905005.0,0.0
1786910400,3905005.0,3905005.0,3905005.0,3905005.0,0.0
1786911300,3905005.0,3905005.0,3905005.0,3905005.0,0.0
1786912200,3905005.0,3905005.0,3905005.0,3905005.0,0.0
1786913100,3905005.0,3905005.0,3905005.0,3905005.0,0.0
1786914000,3905005.0,3905005.0,3905005.0,3905005.0,0.0
1786914900,3905005.0,3905005.0,3905005.0,3905005.0,0.0
1786915800,3905005.0,3905005.0,3905005.0,3905005.0,0.0
1786916700,3905005.0,3905005.0,3905005.0,3905005.0,0.0
1786917600,3905005.0,3905005.0,3905005.0,3905005.0,0.0
1786918500,3996999.0,3998000.0,3996999.0,3998000.0,0.03424551
1786919400,3998000.0,3998000.0,3998000.0,3998000.0,0.0
1786920300,3905021.0,3905021.0,3905021.0,3905021.0,0.00515336
1786921200,3905021.0,3905021.0,3905021.0,3905021.0,0.0
1786922100,3905021.0,3905021.0,3905021.0,3905021.0,0.0
1786923000,3905021.0,3905021.0,3905021.0,3905021.0,0.0
1786923900,3905021.0,3905021.0,3905021.0,3905021.0,0.0
1786924800,3905021.0,3905021.0,3905021.0,3905021.0,0.0
1786925700,3905021.0,3905021.0,3905021.0,3905021.0,0.0
1786926600,3905021.0,3905021.0,3905021.0,3905021.0,0.0
1786927500,3905021.0,3905021.0,3905021.0,3905021.0,0.0
1786928400,3905021.0,3905021.0,3905021.0,3905021.0,0.0
1786929300,3998000.0,3998000.0,3998000.0,3998000.0,0.02593189
1786930200,3998000.0,3998000.0,3998000.0,3998000.0,0.0
1786931100,3998000.0,3998000.0,3998000.0,3998000.0,0.0
1786932000,3998000.0,3998000.0,3998000.0,3998000.0,0.0
1786932900,3999900.0,3999900.0,3999900.0,3999900.0,0.00248981
1786933800,3999900.0,3999900.0,3999900.0,3999900.0,0.0
1786934700,3999900.0,3999900.0,3999900.0,3999900.0,0.05448285
1786935600,3999900.0,3999900.0,3999900.0,3999900.0,0.0
1786936500,3910047.0,3910047.0,3910047.0,3910047.0,0.00477646
1786937400,3910047.0,3910047.0,3910047.0,3910047.0,0.0
1786938300,3910047.0,3910047.0,3910047.0,3910047.0,0.0
1786939200,3910047.0,3910047.0,3910047.0,3910047.0,0.0
1786940100,3910047.0,3910047.0,3910047.0,3910047.0,0.0
1786941000,3910047.0,3910047.0,3910047.0,3910047.0,0.0
1786941900,3910047.0,3910047.0,3910047.0,3910047.0,0.0
1786942800,3999500.0,3999500.0,3999500.0,3999500.0,0.00518339
1786943700,3916006.0,3999000.0,3916006.0,3999000.0,0.01591643
1786944600,3999000.0,3999000.0,3999000.0,3999000.0,0.0
1786945500,3998000.0,3998000.0,3998000.0,3998000.0,0.01045222
1786946400,3998000.0,3998000.0,3998000.0,3998000.0,0.0
1786947300,3998000.0,3998000.0,3998000.0,3998000.0,0.0
1786948200,3998000.0,3998000.0,3998000.0,3998000.0,0.0
1786949100,3916017.0,3916017.0,3916017.0,3916017.0,0.0152318
1786950000,3916017.0,3916017.0,3916017.0,3916017.0,0.0
1786950900,3916017.0,3916017.0,3916017.0,3916017.0,0.0
1786951800,3916017.0,3916017.0,3916017.0,3916017.0,0.0
1786952700,3920164.0,3920164.0,3920164.0,3920164.0,0.00263483
1786953600,3920164.0,3920164.0,3920164.0,3920164.0,0.0
1786954500,3920164.0,3920164.0,3920164.0,3920164.0,0.0
1786955400,3996000.0,3996000.0,3996000.0,3996000.0,0.00484484
1786956300,3996000.0,3996000.0,3996000.0,3996000.0,0.00249324
1786957200,3996000.0,3996000.0,3996000.0,3996000.0,0.00343168
1786958100,3996000.0,3996000.0,3996000.0,3996000.0,0.0
1786959000,3930105.0,3930105.0,3930105.0,3930105.0,0.0136364
1786959900,3930105.0,3930105.0,3930105.0,3930105.0,0.0
1786960800,3930093.0,3930093.0,3930093.0,3930093.0,0.0079062
1786961700,3930093.0,3930093.0,3930093.0,3930093.0,0.0
1786962600,3930093.0,3930093.0,3930093.0,3930093.0,0.0
1786963500,3996000.0,3996000.0,3996000.0,3996000.0,0.01
1786964400,3996000.0,3996000.0,3996000.0,3996000.0,0.0
1786965300,3996000.0,3996000.0,3996000.0,3996000.0,0.0
1786966200,3996000.0,3996000.0,3996000.0,3996000.0,0.0
1786967100,3995000.0,3995000.0,3995000.0,3995000.0,0.00861476
1786968000,3931485.0,3931485.0,3931485.0,3931485.0,0.00274
1786968900,3931485.0,3931485.0,3931485.0,3931485.0,0.0
1786969800,3931485.0,3931485.0,3931485.0,3931485.0,0.0
1786970700,3931485.0,3931485.0,3931485.0,3931485.0,0.0
1786971600,3931485.0,3931485.0,3931485.0,3931485.0,0.0
1786972500,3931485.0,3931485.0,3931485.0,3931485.0,0.0
1786973400,3931485.0,3931485.0,3931485.0,3931485.0,0.0
1786974300,3932034.0,3932064.0,3932034.0,3932064.0,0.03590014
1786975200,3932124.0,3932124.0,3932124.0,3932124.0,0.05133255
1786976100,3932124.0,3932124.0,3932124.0,3932124.0,0.0
1786977000,3995000.0,4015000.0,3932336.0,4015000.0,1.9829196
1786977900,3932394.0,3932394.0,3932394.0,3932394.0,0.03977544
1786978800,3932394.0,3932394.0,3932394.0,3932394.0,0.0
1786979700,3932394.0,3932394.0,3932394.0,3932394.0,0.0
1786980600,3932394.0,3932394.0,3932394.0,3932394.0,0.0
1786981500,3932394.0,3932394.0,3932394.0,3932394.0,0.0
1786982400,4015000.0,4015000.0,4015000.0,4015000.0,0.02480448
1786983300,4015000.0,4015000.0,4015000.0,4015000.0,0.0
1786984200,4015000.0,4015000.0,4015000.0,4015000.0,0.0
1786985100,4015000.0,4015000.0,4015000.0,4015000.0,0.0
1786986000,3990899.0,3990899.0,3930477.0,3930477.0,0.12393197
1786986900,3930543.0,3930560.0,3930543.0,3930560.0,0.0292794
1786987800,3930560.0,3930560.0,3930560.0,3930560.0,0.0
1786988700,3930560.0,3930560.0,3930560.0,3930560.0,0.0
1786989600,3930560.0,3930560.0,3930560.0,3930560.0,0.0
1786990500,3930560.0,3930560.0,3930560.0,3930560.0,0.0
1786991400,3930560.0,3930560.0,3930560.0,3930560.0,0.0
1786992300,3930560.0,3930560.0,3930560.0,3930560.0,0.0
1786993200,3930560.0,3930560.0,3930560.0,3930560.0,0.0
1786994100,3930560.0,3930560.0,3930560.0,3930560.0,0.0
1786995000,3930560.0,3930560.0,3930560.0,3930560.0,0.0
1786995900,3930560.0,3930560.0,3930560.0,3930560.0,0.0
1786996800,3931074.0,3931074.0,3931074.0,3931074.0,0.00746925
1786997700,3931074.0,3931074.0,3931074.0,3931074.0,0.0
1786998600,3931074.0,3931074.0,3931074.0,3931074.0,0.0
1786999500,3931074.0,3931074.0,3931074.0,3931074.0,0.0
1787000400,3997671.0,3997800.0,3997671.0,3997800.0,0.23666347
1787001300,3997800.0,3997800.0,3997800.0,3997800.0,0.0
1787002200,3997800.0,3997800.0,3997800.0,3997800.0,0.0
1787003100,3930624.0,3930672.0,3930442.0,3930442.0,1.96756117
1787004000,3930483.0,3930483.0,3930483.0,3930483.0,0.00317466
1787004900,3930483.0,3930483.0,3930483.0,3930483.0,0.0
1787005800,3930483.0,3930483.0,3930483.0,3930483.0,0.0
1787006700,3930483.0,3930483.0,3930483.0,3930483.0,0.0
1787007600,3930483.0,3930483.0,3930483.0,3930483.0,0.0
1787008500,3930483.0,3930483.0,3930483.0,3930483.0,0.0
1787009400,3930483.0,3930483.0,3930483.0,3930483.0,0.0
1787010300,3930483.0,3930483.0,3930483.0,3930483.0,0.0
1787011200,3930483.0,3930483.0,3930483.0,3930483.0,0.0
1787012100,3930483.0,3930483.0,3930483.0,3930483.0,0.0
1787013000,3930483.0,3930483.0,3930483.0,3930483.0,0.0
1787013900,3930483.0,3930483.0,3930483.0,3930483.0,0.0
1787014800,3930483.0,3930483.0,3930483.0,3930483.0,0.0
1787015700,3930483.0,3930483.0,3930483.0,3930483.0,0.0
1787016600,3930483.0,3930483.0,3930483.0,3930483.0,0.0
1787017500,3930483.0,3930483.0,3930483.0,3930483.0,0.0
1787018400,3930483.0,3930483.0,3930483.0,3930483.0,0.0
1787019300,3930483.0,3930483.0,3930483.0,3930483.0,0.0
1787020200,3930483.0,3930483.0,3930483.0,3930483.0,0.0
1787021100,3991630.0,3991630.0,3991630.0,3991630.0,0.01313899
1787022000,3991630.0,3991630.0,3991630.0,3991630.0,0.0
1787022900,3991630.0,3991630.0,3991630.0,3991630.0,0.0
1787023800,3931163.0,3931163.0,3931163.0,3931163.0,0.02449964
1787024700,3931163.0,3931163.0,3931163.0,3931163.0,0.0
1787025600,3991209.0,3991209.0,3991209.0,3991209.0,0.02366901
1787026500,3991209.0,3991209.0,3991209.0,3991209.0,0.0
1787027400,3991209.0,3991209.0,3991209.0,3991209.0,0.0
1787028300,3991209.0,3991209.0,3991209.0,3991209.0,0.0
1787029200,3991209.0,3991209.0,3991209.0,3991209.0,0.0
1787030100,3991209.0,3991209.0,3991209.0,3991209.0,0.0
1787031000,3991209.0,3991209.0,3991209.0,3991209.0,0.0
1787031900,3991209.0,3991209.0,3991209.0,3991209.0,0.0
1787032800,3991209.0,3991209.0,3991209.0,3991209.0,0.0
1787033700,3991209.0,3991209.0,3991209.0,3991209.0,0.0
1787034600,3991209.0,3991209.0,3991209.0,3991209.0,0.0
1787035500,3991209.0,3991209.0,3991209.0,3991209.0,0.0
1787036400,3991209.0,3991209.0,3991209.0,3991209.0,0.0
1787037300,3991209.0,3991209.0,3991209.0,3991209.0,0.0
1787038200,3991209.0,3991209.0,3991209.0,3991209.0,0.0
1787039100,3931168.0,3931168.0,3931168.0,3931168.0,0.0223656
1787040000,3931168.0,3931168.0,3931168.0,3931168.0,0.0
1787040900,3931168.0,3931168.0,3931164.0,3931164.0,0.00948244
1787041800,3978337.0,3978337.0,3978337.0,3978337.0,0.00892508
1787042700,3978337.0,3978337.0,3978337.0,3978337.0,0.0
1787043600,3978337.0,3978337.0,3978337.0,3978337.0,0.0
1787044500,3978337.0,3978337.0,3978337.0,3978337.0,0.0
1787045400,3978337.0,3978337.0,3978337.0,3978337.0,0.0
1787046300,3978337.0,3978337.0,3978337.0,3978337.0,0.0
1787047200,3978337.0,3978337.0,3978337.0,3978337.0,0.0
1787048100,3931164.0,3931164.0,3931164.0,3931164.0,0.0026182
1787049000,3931164.0,3931164.0,3931164.0,3931164.0,0.0
1787049900,3957572.0,3957572.0,3957572.0,3957572.0,0.00717662
1787050800,3957572.0,3957572.0,3957572.0,3957572.0,0.0
1787051700,3957572.0,3957572.0,3957572.0,3957572.0,0.0
1787052600,3957572.0,3957572.0,3957572.0,3957572.0,0.0
1787053500,3957572.0,3957572.0,3957572.0,3957572.0,0.0
1787054400,3957572.0,3957572.0,3957572.0,3957572.0,0.0
1787055300,3957510.0,3957510.0,3957510.0,3957510.0,0.01261955
1787056200,3957510.0,3957510.0,3957510.0,3957510.0,0.0
1787057100,3931164.0,3931164.0,3931164.0,3931164.0,0.10494652
1787058000,3931164.0,3931164.0,3931164.0,3931164.0,0.0
1787058900,3931164.0,3931164.0,3931164.0,3931164.0,0.0
1787059800,3931164.0,3931164.0,3931164.0,3931164.0,0.0
1787060700,3931164.0,3931164.0,3931164.0,3931164.0,0.00634807
1787061600,3931164.0,3931164.0,3931164.0,3931164.0,0.0
1787062500,3931164.0,3931164.0,3931164.0,3931164.0,0.0
1787063400,3931164.0,3931164.0,3931164.0,3931164.0,0.0
1787064300,3953573.0,3953573.0,3931164.0,3931164.0,0.10031193
1787065200,3931164.0,3931164.0,3931164.0,3931164.0,0.0
1787066100,3931164.0,3931164.0,3931164.0,3931164.0,0.0
1787067000,3931164.0,3931164.0,3931164.0,3931164.0,0.0
1787067900,3931164.0,3931164.0,3931164.0,3931164.0,0.0
1787068800,3931164.0,3931164.0,3931164.0,3931164.0,0.0
1787069700,3931164.0,3931164.0,3931164.0,3931164.0,0.0
1787070600,3931164.0,3931164.0,3931164.0,3931164.0,0.00927104
1787071500,3931164.0,3931164.0,3910010.0,3910010.0,0.02476054
1787072400,3910010.0,3910010.0,3910010.0,3910010.0,0.0
1787073300,3910010.0,3910010.0,3910010.0,3910010.0,0.0
1787074200,3910010.0,3910010.0,3910010.0,3910010.0,0.0
1787075100,3910010.0,3910010.0,3910010.0,3910010.0,0.0
1787076000,3910010.0,3910010.0,3910010.0,3910010.0,0.0
1787076900,3910010.0,3910010.0,3910010.0,3910010.0,0.0
1787077800,3910010.0,3910010.0,3910010.0,3910010.0,0.0
1787078700,3910010.0,3910010.0,3910010.0,3910010.0,0.0
1787079600,3910010.0,3910010.0,3910010.0,3910010.0,0.0
1787080500,3910010.0,3910010.0,3910010.0,3910010.0,0.0
1787081400,3910010.0,3910010.0,3910010.0,3910010.0,0.0
1787082300,3910010.0,3910010.0,3910010.0,3910010.0,0.0
1787083200,3910010.0,3910010.0,3910010.0,3910010.0,0.0
1787084100,3910010.0,3910010.0,3910010.0,3910010.0,0.0
1787085000,3957269.0,3957269.0,3957269.0,3957269.0,0.00251663
1787085900,3957269.0,3957269.0,3957269.0,3957269.0,0.0
1787086800,3957269.0,3957269.0,3957269.0,3957269.0,0.0
1787087700,3957269.0,3957269.0,3957269.0,3957269.0,0.0
1787088600,3957269.0,3957269.0,3957269.0,3957269.0,0.0
1787089500,3915675.0,3915675.0,3915675.0,3915675.0,0.00381492
1787090400,3915675.0,3915675.0,3915675.0,3915675.0,0.0
1787091300,3915675.0,3915675.0,3915675.0,3915675.0,0.0
1787092200,3915675.0,3915675.0,3915675.0,3915675.0,0.0
1787093100,3915675.0,3915675.0,3915675.0,3915675.0,0.0
1787094000,3910010.0,3910010.0,3910010.0,3910010.0,0.02012876
1787094900,3910010.0,3910010.0,3910010.0,3910010.0,0.0
1787095800,3910010.0,3910010.0,3910010.0,3910010.0,0.0
1787096700,3910010.0,3910010.0,3910010.0,3910010.0,0.0
1787097600,3910010.0,3910010.0,3910010.0,3910010.0,0.0
1787098500,3910010.0,3910010.0,3910010.0,3910010.0,0.0
1787099400,3910010.0,3910010.0,3910010.0,3910010.0,0.0393791
1787100300,3910010.0,3910010.0,3910010.0,3910010.0,0.0
1787101200,3910010.0,3910010.0,3910010.0,3910010.0,0.0
1787102100,3910010.0,3910010.0,3910010.0,3910010.0,0.00510849
1787103000,3910010.0,3910010.0,3910010.0,3910010.0,0.0
1787103900,3910010.0,3910010.0,3910010.0,3910010.0,0.0
1787104800,3910010.0,3910010.0,3910010.0,3910010.0,0.0
1787105700,3910010.0,3910010.0,3910010.0,3910010.0,0.0
1787106600,3910010.0,3910010.0,3910010.0,3910010.0,0.0
1787107500,3910010.0,3910010.0,3910010.0,3910010.0,0.0
1787108400,3910011.0,3910011.0,3910011.0,3910011.0,0.00267544
1787109300,3910011.0,4015000.0,3910011.0,4015000.0,2.41845561
1787110200,4015000.0,4015000.0,4015000.0,4015000.0,0.0
1787111100,4015000.0,4015000.0,4015000.0,4015000.0,0.0
1787112000,4015000.0,4015000.0,4015000.0,4015000.0,0.0
1787112900,4015000.0,4015000.0,4015000.0,4015000.0,0.0
1787113800,4015000.0,4015000.0,4015000.0,4015000.0,0.0
1787114700,4015000.0,4015000.0,4015000.0,4015000.0,0.0
1787115600,4015000.0,4015000.0,4015000.0,4015000.0,0.0
1787116500,4015000.0,4015000.0,4015000.0,4015000.0,0.0
1787117400,4015000.0,4015000.0,4015000.0,4015000.0,0.0
1787118300,4015000.0,4015000.0,4015000.0,4015000.0,0.0
1787119200,4015000.0,4015000.0,4015000.0,4015000.0,0.0
1787120100,3928238.0,3928238.0,3928238.0,3928238.0,0.00563967
1787121000,3928238.0,3928238.0,3928238.0,3928238.0,0.0
1787121900,3910010.0,3938283.0,3890899.0,3938283.0,0.46283424
1787122800,3938283.0,3938283.0,3938283.0,3938283.0,0.0
1787123700,3890903.0,3890903.0,3890903.0,3890903.0,0.01045181
1787124600,3890903.0,3890903.0,3890903.0,3890903.0,0.00387904
1787125500,3938354.0,3938354.0,3890909.0,3890909.0,0.00606852
1787126400,3938354.0,3938354.0,3938354.0,3938354.0,0.00613403
1787127300,3938354.0,3938354.0,3938354.0,3938354.0,0.0
1787128200,3890930.0,3890930.0,3890930.0,3890930.0,0.00551564
1787129100,3890930.0,3890930.0,3890930.0,3890930.0,0.0
1787130000,3938350.0,3938350.0,3938350.0,3938350.0,0.01212817
1787130900,3938350.0,3938350.0,3938350.0,3938350.0,0.0
1787131800,3938346.0,3938346.0,3938346.0,3938346.0,0.01280689
1787132700,3938346.0,3938346.0,3938346.0,3938346.0,0.02528726
1787133600,3890954.0,3890954.0,3890954.0,3890954.0,0.00331409
1787134500,3938346.0,3938346.0,3938346.0,3938346.0,0.04348094
1787135400,3891057.0,3891057.0,3891057.0,3891057.0,0.00566748
1787136300,3891057.0,3891057.0,3891057.0,3891057.0,0.0
1787137200,3890974.0,3890974.0,3890974.0,3890974.0,0.00705895
1787138100,3890974.0,3890974.0,3890974.0,3890974.0,0.0
1787139000,3890974.0,3890974.0,3890974.0,3890974.0,0.0
1787139900,3890974.0,3890974.0,3890974.0,3890974.0,0.0
1787140800,3890959.0,3890959.0,3890959.0,3890959.0,0.02640071
1787141700,3890959.0,3890959.0,3890959.0,3890959.0,0.0
1787142600,3890959.0,3890959.0,3890959.0,3890959.0,0.0
1787143500,3890959.0,3890959.0,3890959.0,3890959.0,0.0
1787144400,3890959.0,3890959.0,3890959.0,3890959.0,0.0
1787145300,3890959.0,3890959.0,3890959.0,3890959.0,0.0
1787146200,3890959.0,3890959.0,3890959.0,3890959.0,0.0
1787147100,3892010.0,3892010.0,3892010.0,3892010.0,0.00613403
1787148000,3919761.0,3919761.0,3919761.0,3919761.0,0.00254071
1787148900,3892006.0,3892006.0,3892000.0,3892000.0,0.21038155
1787149800,3918730.0,3918730.0,3918730.0,3918730.0,0.0151424
1787150700,3938333.0,3938333.0,3938333.0,3938333.0,0.08255777
1787151600,3938333.0,3938333.0,3938333.0,3938333.0,0.0
1787152500,3938333.0,3938333.0,3938333.0,3938333.0,0.0
1787153400,3938333.0,3938333.0,3938333.0,3938333.0,0.0
1787154300,3892000.0,3892000.0,3892000.0,3892000.0,0.01258824
1787155200,3892000.0,3892000.0,3892000.0,3892000.0,0.0
1787156100,3938285.0,3938285.0,3938285.0,3938285.0,0.00303533
1787157000,3938285.0,3938285.0,3938285.0,3938285.0,0.0
1787157900,3938285.0,3938285.0,3938285.0,3938285.0,0.0
1787158800,3938285.0,3938285.0,3938285.0,3938285.0,0.0
1787159700,3938285.0,3938285.0,3938285.0,3938285.0,0.0
1787160600,3938285.0,3938285.0,3938285.0,3938285.0,0.0
1787161500,3938285.0,3938285.0,3938285.0,3938285.0,0.0
1787162400,3927474.0,3927474.0,3893000.0,3927457.0,0.00790303
1787163300,3927457.0,3927457.0,3927457.0,3927457.0,0.0
1787164200,3927457.0,3927457.0,3927457.0,3927457.0,0.0
1787165100,3927457.0,3927457.0,3927457.0,3927457.0,0.0
1787166000,3927457.0,3927457.0,3927457.0,3927457.0,0.0
1787166900,3927457.0,3927457.0,3927457.0,3927457.0,0.0
1787167800,3927457.0,3927457.0,3927457.0,3927457.0,0.0
1787168700,3893000.0,3893000.0,3890899.0,3890899.0,0.99532049
1787169600,3890899.0,3890899.0,3890899.0,3890899.0,0.0
1787170500,3890899.0,3890899.0,3890899.0,3890899.0,0.0
1787171400,3890899.0,3890899.0,3890899.0,3890899.0,0.0
1787172300,3892682.0,3892682.0,3892682.0,3892682.0,0.00885302
1787173200,3892682.0,3892682.0,3892682.0,3892682.0,0.0
1787174100,3890899.0,3890899.0,3890899.0,3890899.0,0.02334677
1787175000,3890899.0,3890899.0,3890899.0,3890899.0,0.0
1787175900,3890899.0,3890899.0,3890899.0,3890899.0,0.0
1787176800,3890899.0,3890899.0,3890899.0,3890899.0,0.0
1787177700,3890899.0,3890899.0,3890899.0,3890899.0,0.0
1787178600,3890899.0,3890899.0,3890899.0,3890899.0,0.0
1787179500,3890899.0,3890899.0,3890899.0,3890899.0,0.0
1787180400,3890899.0,3890899.0,3890899.0,3890899.0,0.0
1787181300,3887791.0,3887791.0,3700000.0,3743769.0,5.22860115
1787182200,3743769.0,3743769.0,3743769.0,3743769.0,0.0
1787183100,3743769.0,3743769.0,3743769.0,3743769.0,0.0
1787184000,3743769.0,3743769.0,3743769.0,3743769.0,0.0
1787184900,3743769.0,3917684.0,3743769.0,3917684.0,0.04133179
1787185800,3917684.0,3917684.0,3917684.0,3917684.0,0.0
1787186700,3700040.0,3700040.0,3700009.0,3700009.0,0.67734862
1787187600,3700009.0,3700009.0,3700009.0,3700009.0,0.0
1787188500,3878190.0,3878190.0,3878190.0,3878190.0,0.0051359
1787189400,3878190.0,3878190.0,3878190.0,3878190.0,0.0
1787190300,3700078.0,3700078.0,3700076.0,3700076.0,0.02528726
1787191200,3700076.0,3700076.0,3700076.0,3700076.0,0.0
1787192100,3875873.0,4100000.0,3700000.0,3876227.0,9.95036268
1787193000,3876231.0,4008534.0,3873791.0,3873791.0,3.00947342
1787193900,3867697.0,3867697.0,3867697.0,3867697.0,0.1383744
1787194800,3867697.0,3867697.0,3867697.0,3867697.0,0.0
1787195700,3867697.0,3867697.0,3867697.0,3867697.0,0.0
1787196600,3867697.0,3867697.0,3867697.0,3867697.0,0.0
1787197500,3867697.0,3867697.0,3867697.0,3867697.0,0.0
1787198400,3867697.0,3867697.0,3867697.0,3867697.0,0.0
1787199300,3867697.0,3867697.0,3867697.0,3867697.0,0.0
1787200200,3890040.0,4099999.0,3889683.0,4099999.0,7.61327683
1787201100,3926515.0,3926515.0,3926515.0,3926515.0,0.00635347
1787202000,3921796.0,3921796.0,3868212.0,3868212.0,0.01749011
1787202900,3921748.0,3926614.0,3490000.0,3899995.0,22.92054533
1787203800,3899995.0,3899995.0,3899995.0,3899995.0,0.0
1787204700,3898965.0,3898965.0,3898965.0,3898965.0,0.01774151
1787205600,3898965.0,3898966.0,3895329.0,3895329.0,0.10674283
1787206500,3895329.0,3924260.0,3895329.0,3923167.0,0.0849479
1787207400,3923167.0,3923167.0,3923167.0,3923167.0,0.0
1787208300,3923167.0,3923167.0,3923167.0,3923167.0,0.0
1787209200,3913992.0,3914000.0,3906300.0,3906300.0,0.26831334
1787210100,3903992.0,3903992.0,3903992.0,3903992.0,0.01279357
1787211000,3903992.0,3903992.0,3903992.0,3903992.0,0.0
1787211900,3903207.0,3903207.0,3903207.0,3903207.0,0.00639149
1787212800,3903207.0,3903207.0,3903207.0,3903207.0,0.0
1787213700,3902000.0,3902000.0,3902000.0,3902000.0,0.00653537
1787214600,3901997.0,3901997.0,3901997.0,3901997.0,0.14414028
1787215500,3901997.0,3901997.0,3901997.0,3901997.0,0.0
1787216400,3900113.0,3901996.0,3651035.0,3901996.0,3.43983938
1787217300,3854815.0,3900000.0,3854815.0,3857245.0,0.14600043
1787218200,3856455.0,3899000.0,3856041.0,3898996.0,0.08948185
1787219100,3898000.0,3898000.0,3898000.0,3898000.0,0.61275448
1787220000,3858024.0,3858024.0,3858024.0,3858024.0,0.25475489
1787220900,3896996.0,3896996.0,3896996.0,3896996.0,0.01284296
1787221800,3896996.0,3896996.0,3896996.0,3896996.0,0.0
1787222700,3854869.0,3897000.0,3854869.0,3897000.0,0.76186836
1787223600,3855320.0,3855320.0,3855320.0,3855320.0,0.04133179
1787224500,3855320.0,3855320.0,3855320.0,3855320.0,0.0
1787225400,3855320.0,3855320.0,3855320.0,3855320.0,0.0
1787226300,3855320.0,3855320.0,3855320.0,3855320.0,0.0
1787227200,3892437.0,3892437.0,3892437.0,3892437.0,0.00303434
1787228100,3889250.0,3889250.0,3889250.0,3889250.0,0.26214642
1787229000,3854815.0,3854815.0,3854815.0,3854815.0,0.00502744
1787229900,3887988.0,3887988.0,3887988.0,3887988.0,0.01280739
1787230800,3887988.0,3887988.0,3887988.0,3887988.0,0.0
1787231700,3887988.0,3887988.0,3887988.0,3887988.0,0.0
1787232600,3887988.0,3887988.0,3887988.0,3887988.0,0.0
1787233500,3887988.0,3887988.0,3887988.0,3887988.0,0.0
1787234400,3854815.0,3854815.0,3850640.0,3850640.0,0.00381492
1787235300,3850640.0,3850640.0,3850640.0,3850640.0,0.0
1787236200,3849688.0,3849688.0,3849688.0,3849688.0,0.0235245
1787237100,3849688.0,3849688.0,3849688.0,3849688.0,0.0
1787238000,3849688.0,3849688.0,3849688.0,3849688.0,0.0
1787238900,3885996.0,3885996.0,3885996.0,3885996.0,0.03106153
1787239800,3885996.0,3885996.0,3885996.0,3885996.0,0.0
1787240700,3867447.0,3867447.0,3867447.0,3867447.0,0.00257508
1787241600,3854659.0,3854659.0,3854659.0,3854659.0,0.01770267
1787242500,3854659.0,3854659.0,3854659.0,3854659.0,0.0
1787243400,3884329.0,3884329.0,3884329.0,3884329.0,0.00275156
1787244300,3854659.0,3854659.0,3827036.0,3842834.0,0.17534773
1787245200,3831467.0,3831467.0,3831467.0,3831467.0,0.01514618
1787246100,3831467.0,3831467.0,3831467.0,3831467.0,0.0
1787247000,3831467.0,3831467.0,3831467.0,3831467.0,0.0
1787247900,3848100.0,3867146.0,3848100.0,3867146.0,0.01552212
1787248800,3831286.0,3831286.0,3831286.0,3831286.0,0.08146383
1787249700,3867150.0,3867150.0,3867150.0,3867150.0,0.00285895
1787250600,3867150.0,3867150.0,3867150.0,3867150.0,0.0
1787251500,3867150.0,3867150.0,3867150.0,3867150.0,0.0
1787252400,3867150.0,3867150.0,3867150.0,3867150.0,0.00320442
1787253300,3867150.0,3867150.0,3867150.0,3867150.0,0.0
1787254200,3867150.0,3867150.0,3867150.0,3867150.0,0.0
1787255100,3830116.0,3830116.0,3661001.0,3661001.0,3.18084693
1787256000,3830840.0,3830840.0,3827536.0,3827536.0,0.12255876
1787256900,3831827.0,3831827.0,3831827.0,3831827.0,0.04116854
1787257800,3832528.0,3832528.0,3832528.0,3832528.0,0.78277314
1787258700,3831489.0,3831489.0,3831489.0,3831489.0,0.54699754
1787259600,3831489.0,3831489.0,3831489.0,3831489.0,0.0
1787260500,3832599.0,3832599.0,3832599.0,3832599.0,0.01206209
1787261400,3832599.0,3832599.0,3832599.0,3832599.0,0.0
1787262300,3832599.0,3832599.0,3832599.0,3832599.0,0.0
1787263200,3832599.0,3832599.0,3832599.0,3832599.0,0.0
1787264100,3731479.0,3731479.0,3731479.0,3731479.0,0.00343168
1787265000,3838494.0,3867150.0,3838494.0,3867150.0,0.00686353
1787265900,3867150.0,3867150.0,3867150.0,3867150.0,0.0
1787266800,3867150.0,3867150.0,3867150.0,3867150.0,0.0
1787267700,3867150.0,3867150.0,3867150.0,3867150.0,0.0
1787268600,3867150.0,3867150.0,3867150.0,3867150.0,0.0
1787269500,3867150.0,3867150.0,3867150.0,3867150.0,0.0
1787270400,3832183.0,3832183.0,3832183.0,3832183.0,0.1800914
1787271300,3831548.0,3831548.0,3831548.0,3831548.0,0.12921619
1787272200,3831548.0,3831548.0,3831548.0,3831548.0,0.0
1787273100,3831548.0,3831548.0,3831548.0,3831548.0,0.0
1787274000,3831548.0,3831548.0,3831548.0,3831548.0,0.0
1787274900,3831548.0,3831548.0,3831548.0,3831548.0,0.0
1787275800,3731551.0,3731551.0,3731551.0,3731551.0,0.01048127
1787276700,3865997.0,3865997.0,3865997.0,3865997.0,0.00731868
1787277600,3865997.0,3865997.0,3865997.0,3865997.0,0.00316259
1787278500,3865998.0,3865998.0,3865998.0,3865998.0,0.01075218
1787279400,3865998.0,3865998.0,3833742.0,3833742.0,0.02142811
1787280300,3833742.0,3833742.0,3833742.0,3833742.0,0.0
1787281200,3857019.0,3857019.0,3857019.0,3857019.0,0.01365277
1787282100,3829657.0,3829657.0,3829657.0,3829657.0,0.01218673
1787283000,3829657.0,3829657.0,3829657.0,3829657.0,0.0
1787283900,3829657.0,3829657.0,3829657.0,3829657.0,0.0
1787284800,3829657.0,3829657.0,3829657.0,3829657.0,0.0
1787285700,3829657.0,3829657.0,3829657.0,3829657.0,0.0
1787286600,3750000.0,3865000.0,3731476.0,3865000.0,0.02696609
1787287500,3865000.0,3865000.0,3865000.0,3865000.0,0.0
1787288400,3829931.0,3830737.0,3829931.0,3830737.0,0.59719447
1787289300,3830737.0,3830737.0,3830737.0,3830737.0,0.0
1787290200,3830432.0,3830432.0,3830432.0,3830432.0,0.00286991
1787291100,3830004.0,3830004.0,3830004.0,3830004.0,0.07408557
1787292000,3830004.0,3830004.0,3830004.0,3830004.0,0.0
1787292900,3830004.0,3830004.0,3830004.0,3830004.0,0.0
1787293800,3848339.0,3848339.0,3848339.0,3848339.0,0.00258786
1787294700,3848339.0,3848339.0,3848339.0,3848339.0,0.0
1787295600,3840000.0,3840000.0,3832703.0,3832703.0,0.12777239
1787296500,3832703.0,3832703.0,3832703.0,3832703.0,0.0
1787297400,3832703.0,3832703.0,3832703.0,3832703.0,0.0
1787298300,3848339.0,3848339.0,3831596.0,3831596.0,0.01921149
1787299200,3848339.0,3848339.0,3848339.0,3848339.0,0.00517573
1787300100,3848339.0,3863993.0,3831592.0,3831592.0,0.1837672
1787301000,3831592.0,3831592.0,3831592.0,3831592.0,0.0
1787301900,3831592.0,3831592.0,3831592.0,3831592.0,0.0
1787302800,3834487.0,3834487.0,3661012.0,3661012.0,2.6242097
1787303700,3789095.0,3789095.0,3789095.0,3789095.0,0.06003781
1787304600,3802885.0,3839995.0,3802885.0,3839995.0,0.05737011
1787305500,3839995.0,3839995.0,3839995.0,3839995.0,0.0
1787306400,3818230.0,3866992.0,3818230.0,3866992.0,3.27310433
1787307300,3866988.0,3866988.0,3866988.0,3866988.0,0.00283269
1787308200,3817029.0,3817029.0,3817029.0,3817029.0,0.39203277
1787309100,3866984.0,3879642.0,3866984.0,3879642.0,0.9997359
1787310000,3879642.0,3879642.0,3879642.0,3879642.0,0.0
1787310900,3879642.0,3879642.0,3879642.0,3879642.0,0.0
1787311800,3831783.0,3831783.0,3831783.0,3831783.0,0.00458711
1787312700,3831783.0,3831783.0,3831783.0,3831783.0,0.0
1787313600,3877996.0,3877996.0,3876000.0,3876000.0,0.26521033
1787314500,3875000.0,3875000.0,3875000.0,3875000.0,0.01295741
1787315400,3875000.0,3875000.0,3875000.0,3875000.0,0.07642761
1787316300,3874000.0,3874000.0,3874000.0,3874000.0,0.00613835
1787317200,3873996.0,3873996.0,3873996.0,3873996.0,0.01285365
1787318100,3828963.0,3828963.0,3828963.0,3828963.0,0.01285365
1787319000,3828963.0,3828963.0,3828963.0,3828963.0,0.0
1787319900,3828963.0,3828963.0,3828963.0,3828963.0,0.0
1787320800,3828966.0,3828966.0,3828963.0,3828963.0,0.20880973
1787321700,3828963.0,3828963.0,3828963.0,3828963.0,0.80750794
1787322600,3873000.0,3873000.0,3785758.0,3785758.0,0.08252025
1787323500,3785758.0,3785758.0,3785758.0,3785758.0,0.0
1787324400,3785758.0,3785758.0,3785758.0,3785758.0,0.0
1787325300,3785758.0,3785758.0,3785758.0,3785758.0,0.00885302
1787326200,3785758.0,3785758.0,3785758.0,3785758.0,0.0
1787327100,3785758.0,3785758.0,3785758.0,3785758.0,0.0
1787328000,3870000.0,3890000.0,3789254.0,3789254.0,0.26020137
1787328900,3789254.0,3789254.0,3789254.0,3789254.0,0.0
1787329800,3789254.0,3789254.0,3789254.0,3789254.0,0.0
1787330700,3789259.0,3789259.0,3789259.0,3789259.0,0.00543361
1787331600,3789255.0,3838837.0,3785758.0,3838133.0,0.2645723
1787332500,3835039.0,3835039.0,3785758.0,3785758.0,0.08092174
1787333400,3785758.0,3785758.0,3785758.0,3785758.0,0.0
1787334300,3839763.0,3839763.0,3839763.0,3839763.0,0.00259364
1787335200,3839763.0,3839763.0,3839763.0,3839763.0,0.0
1787336100,3839763.0,3839763.0,3839763.0,3839763.0,0.0
1787337000,3830888.0,3830969.0,3830888.0,3830969.0,0.01771008
1787337900,3830969.0,3830969.0,3830969.0,3830969.0,0.0
1787338800,3830969.0,3830969.0,3830969.0,3830969.0,0.0
1787339700,3830969.0,3830969.0,3830969.0,3830969.0,0.0
1787340600,3830969.0,3830969.0,3830969.0,3830969.0,0.0
1787341500,3830969.0,3830969.0,3830969.0,3830969.0,0.0
1787342400,3830969.0,3830969.0,3830969.0,3830969.0,0.0
1787343300,3830969.0,3830969.0,3830969.0,3830969.0,0.0
1787344200,3830969.0,3830969.0,3830969.0,3830969.0,0.0
1787345100,3830969.0,3830969.0,3830969.0,3830969.0,0.0
1787346000,3830969.0,3830969.0,3830969.0,3830969.0,0.0
1787346900,3830231.0,3830231.0,3785758.0,3785758.0,0.00773566
1787347800,3785758.0,3785758.0,3785758.0,3785758.0,0.0
1787348700,3785758.0,3785758.0,3785758.0,3785758.0,0.0
1787349600,3785758.0,3785758.0,3785758.0,3785758.0,0.0
1787350500,3785758.0,3785758.0,3785758.0,3785758.0,0.0
1787351400,3831298.0,3831298.0,3831298.0,3831298.0,0.00389893
1787352300,3831298.0,3831298.0,3831298.0,3831298.0,0.0
1787353200,3831298.0,3831298.0,3831298.0,3831298.0,0.0
1787354100,3785758.0,3785758.0,3750000.0,3750000.0,0.53159737
1787355000,3750000.0,3750000.0,3750000.0,3750000.0,0.0
1787355900,3790000.0,3790000.0,3776358.0,3776358.0,0.04925825
1787356800,3776358.0,3776358.0,3776358.0,3776358.0,0.0
1787357700,3776358.0,3776358.0,3776358.0,3776358.0,0.0
1787358600,3776358.0,3776358.0,3776358.0,3776358.0,0.0
1787359500,3776358.0,3776358.0,3776358.0,3776358.0,0.0
1787360400,3776358.0,3776358.0,3776358.0,3776358.0,0.0
1787361300,3776358.0,3776358.0,3776358.0,3776358.0,0.0
1787362200,3835210.0,3835210.0,3835210.0,3835210.0,0.00259672
1787363100,3835210.0,3835210.0,3835210.0,3835210.0,0.0
1787364000,3787584.0,3787584.0,3787584.0,3787584.0,0.01599649
1787364900,3787584.0,3787584.0,3787584.0,3787584.0,0.0
1787365800,3787584.0,3787584.0,3779336.0,3779336.0,0.25687516
1787366700,3779336.0,3779336.0,3779336.0,3779336.0,0.0
1787367600,3779336.0,3779336.0,3779336.0,3779336.0,0.0
1787368500,3779336.0,3779336.0,3779336.0,3779336.0,0.0
1787369400,3779336.0,3779336.0,3779336.0,3779336.0,0.0
1787370300,3857323.0,3857323.0,3857323.0,3857323.0,0.00258184
1787371200,3857323.0,3857323.0,3857323.0,3857323.0,0.0
1787372100,3839301.0,3839301.0,3839301.0,3839301.0,0.00682624
1787373000,3839301.0,3839301.0,3839301.0,3839301.0,0.0
1787373900,3839301.0,3839301.0,3839301.0,3839301.0,0.0
1787374800,3835388.0,3835388.0,3835388.0,3835388.0,0.04432432
1787375700,3775485.0,3775485.0,3775485.0,3775485.0,0.06388609
1787376600,3830227.0,3830227.0,3830227.0,3830227.0,0.00910024
1787377500,3830227.0,3830227.0,3830227.0,3830227.0,0.0
1787378400,3830227.0,3830227.0,3830227.0,3830227.0,0.0
1787379300,3830227.0,3830227.0,3830227.0,3830227.0,0.0
1787380200,3831120.0,3831120.0,3830942.0,3830942.0,0.03675787
1787381100,3830942.0,3830942.0,3830942.0,3830942.0,0.0
1787382000,3830942.0,3830942.0,3830942.0,3830942.0,0.0
1787382900,3779615.0,3779615.0,3779615.0,3779615.0,0.00283269
1787383800,3779615.0,3779615.0,3779615.0,3779615.0,0.00320603
1787384700,3779615.0,3779615.0,3779615.0,3779615.0,0.0
1787385600,3779615.0,3779615.0,3779615.0,3779615.0,0.03121691
1787386500,3779615.0,3779615.0,3779615.0,3779615.0,0.04871043
1787387400,3779615.0,3779615.0,3779615.0,3779615.0,0.0
1787388300,3779615.0,3779615.0,3779615.0,3779615.0,0.0
1787389200,3779615.0,3779615.0,3779615.0,3779615.0,0.00497978
1787390100,3830206.0,3830206.0,3830206.0,3830206.0,0.03473885
1787391000,3830206.0,3830206.0,3830206.0,3830206.0,0.00634482
1787391900,3830206.0,3830206.0,3830206.0,3830206.0,0.0
1787392800,3779615.0,3779615.0,3779615.0,3779615.0,0.03359434
1787393700,3779615.0,3779615.0,3779615.0,3779615.0,0.0
1787394600,3776885.0,3776885.0,3776885.0,3776885.0,0.00909602
1787395500,3827919.0,3827919.0,3827919.0,3827919.0,0.14364018
1787396400,3827919.0,3827919.0,3827919.0,3827919.0,0.0
1787397300,3827913.0,3827918.0,3776533.0,3776533.0,0.18780992
1787398200,3776883.0,3827918.0,3776883.0,3827918.0,0.02416691
1787399100,3827918.0,3827918.0,3827918.0,3827918.0,0.0
1787400000,3800000.0,3827917.0,3800000.0,3827917.0,0.12929129
1787400900,3827917.0,3827917.0,3827917.0,3827917.0,0.0
1787401800,3827917.0,3827917.0,3827917.0,3827917.0,0.0
1787402700,3800000.0,3800000.0,3800000.0,3800000.0,0.02173825
1787403600,3800000.0,3800000.0,3800000.0,3800000.0,0.01852392
1787404500,3800000.0,3800000.0,3800000.0,3800000.0,0.0
1787405400,3800000.0,3800000.0,3800000.0,3800000.0,0.0
1787406300,3800000.0,3800000.0,3800000.0,3800000.0,0.0
1787407200,3782840.0,3782840.0,3782840.0,3782840.0,0.79305495
1787408100,3827918.0,3827918.0,3779165.0,3779165.0,0.01342924
1787409000,3779164.0,3780738.0,3779164.0,3780738.0,0.06216266
1787409900,3780738.0,3780738.0,3780738.0,3780738.0,0.0
1787410800,3827917.0,3827917.0,3827917.0,3827917.0,0.00377385
1787411700,3827917.0,3827917.0,3827917.0,3827917.0,0.0
1787412600,3779164.0,3779164.0,3773905.0,3773905.0,0.34308594
1787413500,3827918.0,3827918.0,3827918.0,3827918.0,0.02548879
1787414400,3827918.0,3827918.0,3827918.0,3827918.0,0.10406753
1787415300,3827918.0,3827918.0,3827918.0,3827918.0,0.00520335
1787416200,3827918.0,3827918.0,3827918.0,3827918.0,0.0
1787417100,3827918.0,3827918.0,3827918.0,3827918.0,0.00623916
1787418000,3779161.0,3779161.0,3779161.0,3779161.0,0.02745418
1787418900,3779161.0,3779161.0,3779161.0,3779161.0,0.0
1787419800,3779161.0,3779161.0,3779161.0,3779161.0,0.0
1787420700,3779161.0,3779161.0,3779161.0,3779161.0,0.0
1787421600,3827918.0,3827918.0,3827918.0,3827918.0,0.052138
1787422500,3827918.0,3827918.0,3827918.0,3827918.0,0.0
1787423400,3827918.0,3827918.0,3827918.0,3827918.0,0.0
1787424300,3827918.0,3827918.0,3827918.0,3827918.0,0.0
1787425200,3827918.0,3827918.0,3827918.0,3827918.0,0.0
1787426100,3827918.0,3827918.0,3827918.0,3827918.0,0.0
1787427000,3827918.0,3827918.0,3827918.0,3827918.0,0.0
1787427900,3827918.0,3827918.0,3827918.0,3827918.0,0.0
1787428800,3827918.0,3827918.0,3827918.0,3827918.0,0.0
1787429700,3827918.0,3827918.0,3827918.0,3827918.0,0.0
1787430600,3827918.0,3827918.0,3827918.0,3827918.0,0.0
1787431500,3827918.0,3827918.0,3827918.0,3827918.0,0.0
1787432400,3784067.0,3784067.0,3784067.0,3784067.0,0.53076676
1787433300,3784067.0,3784067.0,3784067.0,3784067.0,0.0
1787434200,3784067.0,3784067.0,3784067.0,3784067.0,0.0
1787435100,3784067.0,3784067.0,3784067.0,3784067.0,0.0
1787436000,3784067.0,3784067.0,3784067.0,3784067.0,0.0
1787436900,3784067.0,3784067.0,3784067.0,3784067.0,0.0
1787437800,3778635.0,3778635.0,3750000.0,3750000.0,0.47759891
1787438700,3750000.0,3750000.0,3750000.0,3750000.0,0.0
1787439600,3750000.0,3750000.0,3750000.0,3750000.0,0.0
1787440500,3750000.0,3750000.0,3750000.0,3750000.0,0.0
1787441400,3750000.0,3750000.0,3750000.0,3750000.0,0.0
1787442300,3750000.0,3750000.0,3750000.0,3750000.0,0.0
1787443200,3750000.0,3750000.0,3750000.0,3750000.0,0.0
1787444100,3827918.0,3827919.0,3827918.0,3827919.0,1.00260121
1787445000,3827919.0,3827919.0,3827919.0,3827919.0,0.0
1787445900,3827919.0,3827919.0,3827919.0,3827919.0,0.0
1787446800,3827919.0,3827919.0,3827919.0,3827919.0,0.0
1787447700,3827919.0,3827919.0,3827919.0,3827919.0,0.0
1787448600,3827919.0,3827919.0,3827919.0,3827919.0,0.0
1787449500,3827919.0,3827919.0,3827919.0,3827919.0,0.01614976
1787450400,3794929.0,3794929.0,3794929.0,3794929.0,0.00623916
1787451300,3794929.0,3794929.0,3794929.0,3794929.0,0.0
1787452200,3795104.0,3795104.0,3795104.0,3795104.0,0.27733913
1787453100,3827919.0,3827919.0,3797382.0,3797382.0,0.00917173
1787454000,3797382.0,3797382.0,3797382.0,3797382.0,0.0
1787454900,3797382.0,3797382.0,3797382.0,3797382.0,0.0
1787455800,3827919.0,3827919.0,3827919.0,3827919.0,1.56101369
1787456700,3827919.0,3827919.0,3827919.0,3827919.0,0.01736243
1787457600,3801412.0,3801412.0,3801412.0,3801412.0,0.01614976
1787458500,3801412.0,3801412.0,3801412.0,3801412.0,0.0
1787459400,3801412.0,3801412.0,3801412.0,3801412.0,0.0
1787460300,3802463.0,3802463.0,3791600.0,3791600.0,0.04205702
1787461200,3791600.0,3791600.0,3791600.0,3791600.0,0.0
1787462100,3791600.0,3791600.0,3791600.0,3791600.0,0.0
1787463000,3827919.0,3827919.0,3827919.0,3827919.0,0.00406408
1787463900,3801237.0,3801237.0,3801237.0,3801237.0,0.01784787
1787464800,3827919.0,3827919.0,3827919.0,3827919.0,0.00749284
1787465700,3827919.0,3827919.0,3827919.0,3827919.0,0.0
1787466600,3827919.0,3827919.0,3827919.0,3827919.0,0.47705032
1787467500,3827919.0,3827919.0,3827919.0,3827919.0,0.01795074
1787468400,3791600.0,3791600.0,3791600.0,3791600.0,0.00917053
1787469300,3791600.0,3791600.0,3791600.0,3791600.0,0.0
1787470200,3827919.0,3830206.0,3827919.0,3830206.0,0.05619808
1787471100,3830206.0,3830206.0,3830206.0,3830206.0,0.0
1787472000,3791600.0,3791600.0,3791600.0,3791600.0,0.01266857
1787472900,3806668.0,3830206.0,3806668.0,3830206.0,0.06908729
1787473800,3830206.0,3830206.0,3830206.0,3830206.0,0.0
1787474700,3830206.0,3830206.0,3830206.0,3830206.0,0.01103961
1787475600,3830206.0,3830206.0,3830206.0,3830206.0,0.0
1787476500,3830206.0,3830206.0,3830206.0,3830206.0,0.0
1787477400,3830206.0,3830206.0,3830206.0,3830206.0,0.0
1787478300,3830206.0,3830206.0,3830206.0,3830206.0,0.0
1787479200,3830206.0,3830206.0,3830206.0,3830206.0,0.0
1787480100,3830206.0,3830206.0,3830206.0,3830206.0,0.0
1787481000,3830206.0,3830206.0,3830206.0,3830206.0,0.00260012
1787481900,3830206.0,3830206.0,3830206.0,3830206.0,0.0
1787482800,3830206.0,3830206.0,3830206.0,3830206.0,0.01316848
1787483700,3830206.0,4095000.0,3830206.0,4095000.0,8.64441577
1787484600,3812099.0,3812099.0,3750000.0,3750000.0,3.97766114
1787485500,3870425.0,3870425.0,3812800.0,3812800.0,0.00627679
1787486400,3812800.0,3812800.0,3812800.0,3812800.0,0.0
1787487300,3812800.0,3812800.0,3812800.0,3812800.0,0.0
1787488200,3828932.0,3828932.0,3828932.0,3828932.0,0.01489945
1787489100,3882697.0,3883053.0,3882697.0,3883053.0,0.25466709
1787490000,3884653.0,3884653.0,3881415.0,3881415.0,0.53302086
1787490900,3881415.0,3881415.0,3881415.0,3881415.0,0.0
1787491800,4084997.0,4084997.0,4084997.0,4084997.0,0.00243794
1787492700,3879675.0,4084988.0,3879675.0,4084988.0,0.09099689
1787493600,3879676.0,4084988.0,3877188.0,3885365.0,0.18509452
1787494500,3877189.0,3877189.0,3877189.0,3877189.0,0.02799328
1787495400,3877189.0,3877189.0,3877189.0,3877189.0,0.0
1787496300,3877189.0,3877189.0,3877189.0,3877189.0,0.0
1787497200,3877188.0,3889633.0,3875567.0,3889633.0,0.03225479
1787498100,3875567.0,3875567.0,3871363.0,3871363.0,0.02352705
1787499000,3871363.0,3871363.0,3871363.0,3871363.0,0.0
1787499900,3889633.0,3889633.0,3869718.0,3869718.0,0.16210242
1787500800,3869718.0,3869718.0,3865539.0,3865539.0,0.03763009
1787501700,3865539.0,3865539.0,3865539.0,3865539.0,0.0
1787502600,3865539.0,3865539.0,3865539.0,3865539.0,0.0
1787503500,3865539.0,3865539.0,3865539.0,3865539.0,0.0
1787504400,3865539.0,3865539.0,3865539.0,3865539.0,0.0
1787505300,3865539.0,3865539.0,3865539.0,3865539.0,0.0
1787506200,3865539.0,3865539.0,3865539.0,3865539.0,0.00260012
1787507100,3865539.0,3865539.0,3865539.0,3865539.0,0.0
1787508000,3865539.0,3865539.0,3865539.0,3865539.0,0.0
1787508900,3865539.0,3865539.0,3865539.0,3865539.0,0.0
1787509800,3884866.0,3884866.0,3884866.0,3884866.0,0.00256353
1787510700,3884866.0,3884866.0,3884866.0,3884866.0,0.0
1787511600,3884866.0,3896036.0,3884866.0,3896036.0,0.04334049
1787512500,3896570.0,3896570.0,3894969.0,3894969.0,0.26906772
1787513400,3894969.0,3894969.0,3894969.0,3894969.0,0.0
1787514300,3894969.0,3894969.0,3894969.0,3894969.0,0.0
1787515200,3899515.0,3903177.0,3899515.0,3903177.0,0.00899579
1787516100,3903177.0,3903177.0,3903177.0,3903177.0,0.0
1787517000,3903177.0,3903177.0,3903177.0,3903177.0,0.0
1787517900,3903177.0,3903177.0,3903177.0,3903177.0,0.0
1787518800,3865539.0,3865539.0,3863870.0,3863870.0,0.01261955
1787519700,3863870.0,3863870.0,3863870.0,3863870.0,0.0
1787520600,3863870.0,3863870.0,3863870.0,3863870.0,0.0
1787521500,3863870.0,3863870.0,3863870.0,3863870.0,0.0
1787522400,3863870.0,3863870.0,3863870.0,3863870.0,0.0
1787523300,3863870.0,3863870.0,3863870.0,3863870.0,0.0
1787524200,3863870.0,3863870.0,3863870.0,3863870.0,0.0
1787525100,3863870.0,3863870.0,3863870.0,3863870.0,0.0
1787526000,3888988.0,3888988.0,3888988.0,3888988.0,0.07682487
1787526900,3886729.0,3886729.0,3886729.0,3886729.0,0.02529504
1787527800,3863870.0,3863870.0,3861263.0,3861263.0,0.01484418
1787528700,3861263.0,3861263.0,3861263.0,3861263.0,0.00530424
1787529600,3861263.0,3861263.0,3859714.0,3859714.0,0.03154565
1787530500,3855463.0,3855463.0,3849662.0,3849662.0,0.08339204
1787531400,3848065.0,3848065.0,3848065.0,3848065.0,0.01815264
1787532300,3848065.0,3848065.0,3848065.0,3848065.0,0.0
1787533200,3848065.0,3848065.0,3848065.0,3848065.0,0.0
1787534100,3848065.0,3848065.0,3848065.0,3848065.0,0.0
1787535000,3848065.0,3848065.0,3848065.0,3848065.0,0.0
1787535900,3848065.0,3848065.0,3848065.0,3848065.0,0.0
1787536800,3845339.0,3845339.0,3843862.0,3843862.0,0.05275729
1787537700,3843862.0,3843862.0,3843862.0,3843862.0,0.0
1787538600,3843862.0,3843862.0,3843862.0,3843862.0,0.0
1787539500,3843862.0,3843862.0,3843862.0,3843862.0,0.80729679
1787540400,3857889.0,3857889.0,3857889.0,3857889.0,0.00263304
1787541300,3843862.0,3843862.0,3843862.0,3843862.0,0.04597353
1787542200,3843862.0,3843862.0,3843862.0,3843862.0,0.07676353
1787543100,3903177.0,3906834.0,3903177.0,3906834.0,0.1558947
1787544000,3850522.0,3850522.0,3850522.0,3850522.0,0.0064212
1787544900,3850522.0,3850522.0,3850522.0,3850522.0,0.0
1787545800,3850522.0,3850522.0,3850522.0,3850522.0,0.0
1787546700,3850522.0,3850522.0,3850522.0,3850522.0,0.0
1787547600,3843862.0,3843862.0,3843862.0,3843862.0,0.03416879
1787548500,3843862.0,3843862.0,3843862.0,3843862.0,0.00613835
1787549400,3843862.0,3843862.0,3843862.0,3843862.0,3.75416728
1787550300,3839562.0,3839562.0,3839562.0,3839562.0,0.00568429
1787551200,3839562.0,3839562.0,3838061.0,3838061.0,0.03979634
1787552100,3846105.0,3846105.0,3846105.0,3846105.0,0.00469955
1787553000,3846105.0,3846105.0,3846105.0,3846105.0,0.0
1787553900,3835167.0,3839927.0,3833785.0,3839927.0,0.04553329
1787554800,3839927.0,3839927.0,3839927.0,3839927.0,0.0
1787555700,3832260.0,3832260.0,3829414.0,3829414.0,0.02529504
1787556600,3829414.0,3829414.0,3829414.0,3829414.0,0.0
1787557500,3829414.0,3829414.0,3829414.0,3829414.0,0.0
1787558400,3829414.0,3829414.0,3829414.0,3829414.0,0.0
1787559300,3829414.0,3829414.0,3829414.0,3829414.0,0.0
1787560200,3829414.0,3829414.0,3829414.0,3829414.0,0.0
1787561100,3829414.0,3829414.0,3829414.0,3829414.0,0.0
1787562000,3829414.0,3829414.0,3829414.0,3829414.0,0.0
1787562900,3829414.0,3829414.0,3829414.0,3829414.0,0.0
1787563800,3829414.0,3829414.0,3829414.0,3829414.0,0.0
1787564700,3829414.0,3829414.0,3829414.0,3829414.0,0.0
1787565600,3829414.0,3829414.0,3829414.0,3829414.0,0.0
1787566500,3841566.0,3841566.0,3841566.0,3841566.0,0.05195407
1787567400,3846105.0,3848561.0,3846105.0,3848561.0,0.0030659
1787568300,3831616.0,3831616.0,3830439.0,3830439.0,0.02251844
1787569200,3829414.0,3829414.0,3806403.0,3807235.0,0.38837395
1787570100,3807235.0,3807235.0,3807235.0,3807235.0,0.0
1787571000,3832461.0,3832461.0,3832461.0,3832461.0,0.01041497
1787571900,3832461.0,3832461.0,3832461.0,3832461.0,0.0
1787572800,3828157.0,3828157.0,3828157.0,3828157.0,0.02601512
1787573700,3803870.0,3832350.0,3803870.0,3803870.0,0.01966334
1787574600,3836929.0,3836929.0,3836929.0,3836929.0,0.00644395
1787575500,3836929.0,3836929.0,3836929.0,3836929.0,0.0
1787576400,3803870.0,3803870.0,3803870.0,3803870.0,0.01795074
1787577300,3803870.0,3803870.0,3803870.0,3803870.0,0.0
1787578200,3803870.0,3803870.0,3750000.0,3750000.0,3.64358418
1787579100,3750000.0,3750000.0,3727710.0,3743367.0,0.79512889
1787580000,3743367.0,3743367.0,3743367.0,3743367.0,0.0
1787580900,3729734.0,3729734.0,3727709.0,3727709.0,0.13712782
1787581800,3748895.0,3748895.0,3748895.0,3748895.0,0.08194921
1787582700,3848558.0,3848558.0,3727709.0,3727709.0,0.01185895
1787583600,3727710.0,3727710.0,3727710.0,3727710.0,0.00511976
1787584500,3727710.0,3727710.0,3727710.0,3727710.0,0.0
1787585400,3727710.0,3727710.0,3727710.0,3727710.0,0.0
1787586300,3727710.0,3727710.0,3727710.0,3727710.0,0.0
1787587200,3727710.0,3727710.0,3727710.0,3727710.0,0.0
1787588100,3727711.0,3766941.0,3727711.0,3766941.0,0.02704649
1787589000,3727712.0,3758311.0,3725966.0,3757967.0,2.09467927
1787589900,3725966.0,3725966.0,3705000.0,3705000.0,0.98515536
1787590800,3705000.0,3705000.0,3705000.0,3705000.0,0.0
1787591700,3754112.0,3754112.0,3754112.0,3754112.0,0.02652824
1787592600,3754112.0,3754112.0,3754112.0,3754112.0,0.0
1787593500,3710000.0,3746494.0,3710000.0,3746494.0,0.98946436
1787594400,3748971.0,3748971.0,3748971.0,3748971.0,0.09958625
1787595300,3748971.0,3748971.0,3748971.0,3748971.0,0.0
1787596200,3748971.0,3748971.0,3748971.0,3748971.0,0.0
1787597100,3730874.0,3746036.0,3730874.0,3746036.0,1.32930658
1787598000,3746036.0,3746036.0,3746036.0,3746036.0,0.0
1787598900,3746036.0,3746036.0,3746036.0,3746036.0,0.0
1787599800,3746036.0,3746036.0,3746036.0,3746036.0,0.0
1787600700,3723508.0,3723508.0,3723508.0,3723508.0,0.26299956
1787601600,3723508.0,3723508.0,3723508.0,3723508.0,0.0
1787602500,3723508.0,3723508.0,3723508.0,3723508.0,0.0
1787603400,3723508.0,3723508.0,3723508.0,3723508.0,0.0
1787604300,3747439.0,3750217.0,3747439.0,3750217.0,0.00598288
1787605200,3710002.0,3710002.0,3710002.0,3710002.0,0.00299144
1787606100,3710002.0,3710002.0,3710002.0,3710002.0,0.0
1787607000,3710002.0,3710002.0,3710002.0,3710002.0,0.0
1787607900,3710002.0,3710002.0,3710002.0,3710002.0,0.0
1787608800,3710002.0,3710002.0,3710002.0,3710002.0,0.0
1787609700,3710002.0,3710002.0,3710002.0,3710002.0,0.0
1787610600,3710002.0,3710002.0,3710002.0,3710002.0,0.0
1787611500,3729273.0,3730361.0,3710002.0,3710002.0,0.02046168
1787612400,3730350.0,3730350.0,3730350.0,3730350.0,0.00572707
1787613300,3730350.0,3730350.0,3730350.0,3730350.0,0.0
1787614200,3710002.0,3710002.0,3710002.0,3710002.0,0.00572707
1787615100,3710002.0,3710002.0,3710002.0,3710002.0,0.0
1787616000,3710002.0,3710002.0,3710002.0,3710002.0,0.0
1787616900,3710002.0,3710002.0,3710002.0,3710002.0,0.0
1787617800,3710002.0,3710002.0,3710002.0,3710002.0,0.0
1787618700,3710002.0,3710002.0,3710002.0,3710002.0,0.0
1787619600,3728194.0,3738364.0,3728194.0,3738364.0,0.0444906
1787620500,3738364.0,3738364.0,3738364.0,3738364.0,0.0
1787621400,3738364.0,3738364.0,3738364.0,3738364.0,0.0
1787622300,3738364.0,3738364.0,3738364.0,3738364.0,0.0
1787623200,3742100.0,3742100.0,3742100.0,3742100.0,0.00654258
1787624100,3741959.0,3741959.0,3741959.0,3741959.0,0.00266144
1787625000,3743958.0,3743958.0,3743958.0,3743958.0,0.00532003
1787625900,3743958.0,3743958.0,3743958.0,3743958.0,0.0
1787626800,3743958.0,3743958.0,3743958.0,3743958.0,0.0
1787627700,3743958.0,3743958.0,3743958.0,3743958.0,0.0
1787628600,3747601.0,3753904.0,3747601.0,3753904.0,0.01190446
1787629500,3753904.0,3753904.0,3753904.0,3753904.0,0.0
1787630400,3730002.0,3730002.0,3730002.0,3730002.0,0.00644395
1787631300,3751789.0,3751789.0,3751789.0,3751789.0,0.00265446
1787632200,3751789.0,3751789.0,3751789.0,3751789.0,0.0
1787633100,3751789.0,3751789.0,3751789.0,3751789.0,0.0
1787634000,3751789.0,3751789.0,3751789.0,3751789.0,0.0
1787634900,3751789.0,3751789.0,3751789.0,3751789.0,0.0
1787635800,3753904.0,3756665.0,3753904.0,3756665.0,0.00741727
1787636700,3756665.0,3780500.0,3756665.0,3780500.0,0.11266676
1787637600,3780500.0,3780500.0,3780500.0,3780500.0,0.0
1787638500,3769992.0,3769992.0,3769992.0,3769992.0,0.07288291
1787639400,3769992.0,3769992.0,3769992.0,3769992.0,0.0
1787640300,3767665.0,3767665.0,3764870.0,3764870.0,0.00661002
1787641200,3764870.0,3764870.0,3764870.0,3764870.0,0.0
1787642100,3780500.0,3780500.0,3780500.0,3780500.0,0.02639571
1787643000,3780500.0,3780500.0,3780500.0,3780500.0,0.0
1787643900,3751789.0,3751789.0,3751789.0,3751789.0,0.01434446
1787644800,3751789.0,3751789.0,3751789.0,3751789.0,0.0
1787645700,3751789.0,3766707.0,3751789.0,3766707.0,0.05954773
1787646600,3766707.0,3766707.0,3766707.0,3766707.0,0.0
1787647500,3766707.0,3766707.0,3766707.0,3766707.0,0.0
1787648400,3766707.0,3766707.0,3766707.0,3766707.0,0.0
1787649300,3766706.0,3775345.0,3766706.0,3766706.0,0.01071554
1787650200,3766706.0,3766706.0,3766706.0,3766706.0,0.0
1787651100,3766706.0,3766706.0,3766706.0,3766706.0,0.0
1787652000,3766706.0,3766706.0,3766706.0,3766706.0,0.0
1787652900,3780500.0,3780500.0,3780500.0,3780500.0,0.30828726
1787653800,3751789.0,3751789.0,3710002.0,3710002.0,1.13159611
1787654700,3780500.0,3780500.0,3780500.0,3780500.0,0.0028975
1787655600,3755777.0,3755777.0,3755777.0,3755777.0,0.00265164
1787656500,3755777.0,3755777.0,3755777.0,3755777.0,0.0
1787657400,3780500.0,3780500.0,3762906.0,3762906.0,0.04485054
1787658300,3762906.0,3762906.0,3762906.0,3762906.0,0.0
1787659200,3710701.0,3710701.0,3710701.0,3710701.0,0.00271244
1787660100,3714005.0,3714005.0,3714005.0,3714005.0,0.00899579
1787661000,3768963.0,3768963.0,3768963.0,3768963.0,0.01321185
1787661900,3711953.0,3760307.0,3710410.0,3760307.0,0.11787564
1787662800,3760307.0,3760307.0,3760307.0,3760307.0,0.0
1787663700,3760307.0,3760307.0,3760307.0,3760307.0,0.0
1787664600,3760307.0,3760307.0,3760307.0,3760307.0,0.0
1787665500,3767748.0,3780494.0,3767748.0,3780494.0,0.10660417
1787666400,3780494.0,3780494.0,3780494.0,3780494.0,0.0
1787667300,3780494.0,3780494.0,3780494.0,3780494.0,0.0
1787668200,3776597.0,3776597.0,3776597.0,3776597.0,0.00632923
1787669100,3776597.0,3776597.0,3776597.0,3776597.0,0.0
1787670000,3760866.0,3760866.0,3760866.0,3760866.0,0.00267989
1787670900,3752502.0,3752502.0,3752502.0,3752502.0,0.00393124
1787671800,3761234.0,3761234.0,3761234.0,3761234.0,0.01260038
1787672700,3751627.0,3751627.0,3751627.0,3751627.0,0.00369168
1787673600,3751627.0,3751627.0,3751627.0,3751627.0,0.0
1787674500,3780500.0,3780500.0,3780500.0,3780500.0,0.02527337
1787675400,3780500.0,3780500.0,3780500.0,3780500.0,0.0
1787676300,3780500.0,3780500.0,3780500.0,3780500.0,0.0
1787677200,3780500.0,3780500.0,3780500.0,3780500.0,0.0
1787678100,3780500.0,3780500.0,3742387.0,3742387.0,0.100515
1787679000,3742387.0,3742387.0,3742387.0,3742387.0,0.0
1787679900,3780500.0,3780500.0,3780500.0,3780500.0,0.03107419
1787680800,3750000.0,3750000.0,3750000.0,3750000.0,0.13397787
1787681700,3750000.0,3750000.0,3750000.0,3750000.0,0.0
1787682600,3780500.0,3780500.0,3780500.0,3780500.0,0.12618489
1787683500,3780500.0,3780500.0,3780500.0,3780500.0,0.0
1787684400,3780500.0,3780500.0,3780500.0,3780500.0,0.0
1787685300,3750000.0,3808247.0,3750000.0,3808247.0,0.44441611
1787686200,3808247.0,3808247.0,3808247.0,3808247.0,0.0
1787687100,3808247.0,3808247.0,3808247.0,3808247.0,0.0
1787688000,3808247.0,3808247.0,3808247.0,3808247.0,0.0
1787688900,3808247.0,3808247.0,3808247.0,3808247.0,0.0
1787689800,3808247.0,3808247.0,3808247.0,3808247.0,0.0
1787690700,3753196.0,3753196.0,3753196.0,3753196.0,0.00518887
1787691600,3753196.0,3753196.0,3753196.0,3753196.0,0.0
1787692500,3753196.0,3753196.0,3753196.0,3753196.0,0.0
1787693400,3753196.0,3753196.0,3753196.0,3753196.0,0.0
1787694300,3808247.0,3873357.0,3808247.0,3873357.0,3.57114007
1787695200,3873357.0,3873357.0,3873357.0,3873357.0,0.0
1787696100,3873357.0,3873357.0,3873357.0,3873357.0,0.0
1787697000,3819054.0,3819054.0,3761717.0,3761717.0,0.01333668
1787697900,3761717.0,3761717.0,3761717.0,3761717.0,0.0
1787698800,3761717.0,3761717.0,3761717.0,3761717.0,0.0
1787699700,3761717.0,3761717.0,3761717.0,3761717.0,0.0
1787700600,3761717.0,3761717.0,3761717.0,3761717.0,0.0
1787701500,3761717.0,3761717.0,3761717.0,3761717.0,0.0
1787702400,3761717.0,3761717.0,3761717.0,3761717.0,0.0
1787703300,3761717.0,3761717.0,3761717.0,3761717.0,0.0
1787704200,3761717.0,3761717.0,3761717.0,3761717.0,0.0
1787705100,3761717.0,3761717.0,3761717.0,3761717.0,0.0
1787706000,3761717.0,3761717.0,3761717.0,3761717.0,0.0
1787706900,3873357.0,3873357.0,3873357.0,3873357.0,0.05057499
1787707800,3844534.0,3844534.0,3778228.0,3778228.0,0.76395942
1787708700,3796185.0,3796185.0,3796185.0,3796185.0,0.39430112
1787709600,3778230.0,3778230.0,3778230.0,3778230.0,0.00439886
1787710500,3778230.0,3778230.0,3778230.0,3778230.0,0.0
1787711400,3797947.0,3802522.0,3797947.0,3802522.0,0.00288705
1787712300,3802522.0,3802522.0,3802522.0,3802522.0,0.0
1787713200,3802522.0,3802522.0,3802522.0,3802522.0,0.0
1787714100,3802522.0,3802522.0,3802522.0,3802522.0,0.0
1787715000,3802522.0,3802522.0,3802522.0,3802522.0,0.0
1787715900,3802522.0,3802522.0,3802522.0,3802522.0,0.0
1787716800,3778234.0,3778234.0,3778228.0,3778228.0,0.28785977
1787717700,3778232.0,3778232.0,3778232.0,3778232.0,0.0397161
1787718600,3778232.0,3778232.0,3778232.0,3778232.0,0.0
1787719500,3802522.0,3807096.0,3802522.0,3807096.0,0.00529667
1787720400,3807092.0,3807092.0,3807092.0,3807092.0,0.0026159
1787721300,3778232.0,3778232.0,3778232.0,3778232.0,0.00664941
1787722200,3778232.0,3778232.0,3778232.0,3778232.0,0.0
1787723100,3778232.0,3778232.0,3778232.0,3778232.0,0.0
1787724000,3778232.0,3778232.0,3778232.0,3778232.0,0.0
1787724900,3778232.0,3778232.0,3778232.0,3778232.0,0.0
1787725800,3778232.0,3778232.0,3778232.0,3778232.0,0.0
1787726700,3778232.0,3778232.0,3778232.0,3778232.0,0.0
1787727600,3778232.0,3778232.0,3778232.0,3778232.0,0.0
1787728500,3778232.0,3778232.0,3778232.0,3778232.0,0.01260038
1787729400,3807096.0,3807096.0,3807096.0,3807096.0,0.00514171
1787730300,3807096.0,3807096.0,3807096.0,3807096.0,0.0
1787731200,3807096.0,3807096.0,3807096.0,3807096.0,0.00758557
1787732100,3807096.0,3807096.0,3807096.0,3807096.0,0.0
1787733000,3778232.0,3778232.0,3778232.0,3778232.0,0.00325951
1787733900,3778232.0,3778232.0,3778232.0,3778232.0,0.0
1787734800,3807096.0,3807096.0,3807096.0,3807096.0,0.00269733
1787735700,3807096.0,3807096.0,3807096.0,3807096.0,0.00274671
1787736600,3807096.0,3807096.0,3807096.0,3807096.0,0.0
1787737500,3807096.0,3807096.0,3807096.0,3807096.0,0.0
1787738400,3807096.0,3807096.0,3807096.0,3807096.0,0.0
1787739300,3807096.0,3807096.0,3807096.0,3807096.0,0.0
1787740200,3778228.0,3778228.0,3778228.0,3778228.0,0.02034624
1787741100,3778228.0,3778228.0,3778228.0,3778228.0,0.0
1787742000,3778228.0,3778228.0,3778228.0,3778228.0,0.0
1787742900,3778228.0,3778228.0,3778228.0,3778228.0,0.0
1787743800,3807092.0,3807092.0,3778228.0,3778228.0,0.02810015
1787744700,3800614.0,3801835.0,3800614.0,3801835.0,0.02617088
1787745600,3801835.0,3801835.0,3801835.0,3801835.0,0.0
1787746500,3778228.0,3778228.0,3778228.0,3778228.0,0.02078147
1787747400,3778228.0,3778228.0,3778228.0,3778228.0,0.0
1787748300,3778228.0,3778228.0,3778228.0,3778228.0,0.0
1787749200,3778228.0,3778228.0,3778228.0,3778228.0,0.0
1787750100,3778228.0,3778228.0,3778228.0,3778228.0,0.0
1787751000,3778228.0,3778228.0,3774375.0,3774375.0,0.53701033
1787751900,3774375.0,3774375.0,3774375.0,3774375.0,0.0
1787752800,3784867.0,3784867.0,3784867.0,3784867.0,0.04887384
1787753700,3770905.0,3770905.0,3762004.0,3762004.0,0.06536474
1787754600,3762004.0,3762004.0,3761717.0,3761717.0,0.40953677
1787755500,3761717.0,3761717.0,3761717.0,3761717.0,0.0
1787756400,3761717.0,3761717.0,3761717.0,3761717.0,0.0
1787757300,3761717.0,3761717.0,3761717.0,3761717.0,0.0
1787758200,3761717.0,3761717.0,3761717.0,3761717.0,0.0
1787759100,3761717.0,3761717.0,3761717.0,3761717.0,0.0
1787760000,3759735.0,3759735.0,3759735.0,3759735.0,0.30635346
1787760900,3754150.0,3754150.0,3754150.0,3754150.0,0.00664526
1787761800,3750001.0,3750001.0,3748565.0,3748565.0,0.26503226
1787762700,3748565.0,3748565.0,3748565.0,3748565.0,0.0
1787763600,3748565.0,3748565.0,3748565.0,3748565.0,0.0
1787764500,3757150.0,3757150.0,3757150.0,3757150.0,0.00265067
1787765400,3757150.0,3757150.0,3757150.0,3757150.0,0.0
1787766300,3757150.0,3757150.0,3757150.0,3757150.0,0.0
1787767200,3757150.0,3757150.0,3757150.0,3757150.0,0.0
1787768100,3757150.0,3757150.0,3757150.0,3757150.0,0.0
1787769000,3769649.0,3769649.0,3742980.0,3742980.0,0.00774147
1787769900,3742980.0,3742980.0,3742980.0,3742980.0,0.0
1787770800,3742980.0,3742980.0,3742980.0,3742980.0,0.05252962
1787771700,3742980.0,3742980.0,3742980.0,3742980.0,0.0
1787772600,3742980.0,3742980.0,3742980.0,3742980.0,0.0
1787773500,3742980.0,3742980.0,3742980.0,3742980.0,0.0
1787774400,3742980.0,3742980.0,3742980.0,3742980.0,0.0
1787775300,3742980.0,3742980.0,3666261.0,3666261.0,7.01628394
1787776200,3666261.0,3666261.0,3666261.0,3666261.0,0.0
1787777100,3666261.0,3666261.0,3666261.0,3666261.0,0.0
1787778000,3807096.0,3864699.0,3807096.0,3842462.0,0.6336265
1787778900,3871113.0,3871113.0,3871113.0,3871113.0,2.28470054
1787779800,3871113.0,3871113.0,3871113.0,3871113.0,0.0
1787780700,3871309.0,3875776.0,3871309.0,3875776.0,1.31403419
1787781600,3875776.0,3875776.0,3875776.0,3875776.0,0.0
1787782500,3875776.0,3875776.0,3875776.0,3875776.0,0.0
1787783400,3875776.0,3875776.0,3875776.0,3875776.0,0.0
1787784300,3850554.0,3850554.0,3849499.0,3849499.0,0.4786563
1787785200,3849499.0,3849499.0,3849499.0,3849499.0,0.0
1787786100,3880439.0,3880439.0,3880439.0,3880439.0,0.00504788
1787787000,3880439.0,3897143.0,3880439.0,3897143.0,1.53738446
1787787900,3897143.0,3897143.0,3897143.0,3897143.0,0.0
1787788800,3865686.0,3865686.0,3865686.0,3865686.0,0.00758557
1787789700,3865686.0,3865686.0,3865686.0,3865686.0,0.0
1787790600,3860936.0,3860936.0,3853193.0,3853193.0,0.26814234
1787791500,3853193.0,3853193.0,3853193.0,3853193.0,0.0
1787792400,3853193.0,3853193.0,3853193.0,3853193.0,0.0
1787793300,3899086.0,3899090.0,3899086.0,3899090.0,0.08614266
1787794200,3895234.0,3899090.0,3895234.0,3899090.0,0.00666411
1787795100,3899090.0,3910501.0,3899090.0,3910501.0,1.09639701
1787796000,3910501.0,3910501.0,3910501.0,3910501.0,0.0
1787796900,3910501.0,3910501.0,3910501.0,3910501.0,0.0
1787797800,3910501.0,3910501.0,3910501.0,3910501.0,0.0
1787798700,3901390.0,3901390.0,3901390.0,3901390.0,0.51584153
1787799600,3901390.0,3901390.0,3901390.0,3901390.0,0.0
1787800500,3911070.0,3911070.0,3901390.0,3901390.0,0.01947171
1787801400,3911070.0,3913078.0,3911070.0,3913078.0,0.13977911
1787802300,3913078.0,3913078.0,3913078.0,3913078.0,0.0
1787803200,3913078.0,3913078.0,3913078.0,3913078.0,0.0
1787804100,3913078.0,3913078.0,3913078.0,3913078.0,0.0
1787805000,3913078.0,3913078.0,3913078.0,3913078.0,0.0
1787805900,3913078.0,3913078.0,3913078.0,3913078.0,0.00254505
1787806800,3913078.0,3913078.0,3913078.0,3913078.0,0.0
1787807700,3913076.0,4100000.0,3901390.0,3901390.0,2.93029391
1787808600,3943034.0,3943034.0,3943034.0,3943034.0,0.00632685
1787809500,3944462.0,3944462.0,3944462.0,3944462.0,0.00374068
1787810400,3901392.0,3901392.0,3901390.0,3901390.0,0.56033186
1787811300,3901390.0,3901390.0,3901390.0,3901390.0,0.02494725
1787812200,3901390.0,3901390.0,3901390.0,3901390.0,0.01340981
1787813100,3901390.0,3901390.0,3901390.0,3901390.0,0.00257604
1787814000,3949991.0,3949991.0,3901394.0,3901394.0,0.13222816
1787814900,3901394.0,3901394.0,3901394.0,3901394.0,0.0
1787815800,3949991.0,3961162.0,3949991.0,3959910.0,0.4084816
1787816700,3959910.0,3959910.0,3959910.0,3959910.0,0.0
1787817600,3955924.0,3955924.0,3949381.0,3949381.0,0.01836676
1787818500,3949381.0,3949381.0,3901390.0,3901390.0,1.32930658
1787819400,3955393.0,3955393.0,3955393.0,3955393.0,0.00353239
1787820300,3971225.0,3971225.0,3971225.0,3971225.0,0.12257293
1787821200,4014681.0,4014681.0,3970174.0,3970174.0,0.0094411
1787822100,3970174.0,4014681.0,3901390.0,4014681.0,1.69068878
1787823000,4014681.0,4014681.0,4014681.0,4014681.0,0.0
1787823900,3962257.0,3962257.0,3960494.0,3960494.0,0.32493367
1787824800,3960494.0,3960494.0,3960494.0,3960494.0,0.0
1787825700,3960494.0,3960494.0,3960494.0,3960494.0,0.0
1787826600,4001781.0,4001781.0,4001781.0,4001781.0,0.00248864
1787827500,4013741.0,4013741.0,4013741.0,4013741.0,0.00496245
1787828400,4013741.0,4013741.0,4013741.0,4013741.0,0.0
1787829300,3959702.0,3959702.0,3959696.0,3959696.0,0.0824037
1787830200,3959690.0,3976150.0,3959690.0,3962854.0,0.4570099
1787831100,3964816.0,3964816.0,3964816.0,3964816.0,0.10047427
1787832000,3977135.0,3977135.0,3972850.0,3972850.0,0.01941657
1787832900,3960000.0,3960000.0,3960000.0,3960000.0,0.00591112
1787833800,3960000.0,3960000.0,3960000.0,3960000.0,0.0
1787834700,3960000.0,3969997.0,3959690.0,3969997.0,0.47515832
1787835600,3969997.0,3969997.0,3969997.0,3969997.0,0.0
1787836500,3969997.0,3969997.0,3969997.0,3969997.0,0.0
1787837400,3963030.0,3963030.0,3959690.0,3959690.0,0.48606961
1787838300,3959694.0,3959694.0,3959690.0,3959690.0,0.29235609
1787839200,3980042.0,4110000.0,3980042.0,4110000.0,4.79989097
1787840100,4030169.0,4380000.0,3901390.0,3901390.0,8.73526877
1787841000,3901390.0,3901390.0,3901390.0,3901390.0,0.0
1787841900,4018026.0,4018026.0,3971932.0,3971932.0,0.0197395
1787842800,4018026.0,4018030.0,4018026.0,4018030.0,0.75622058
1787843700,4017981.0,4018026.0,3995770.0,4018026.0,0.10333604
1787844600,4018026.0,4018026.0,4018026.0,4018026.0,0.0
1787845500,4018026.0,4018026.0,4018026.0,4018026.0,0.0
1787846400,4018026.0,4018026.0,4018026.0,4018026.0,0.0
1787847300,4003419.0,4034088.0,4003419.0,4034088.0,1.23715074
1787848200,4034088.0,4042726.0,4034088.0,4042726.0,0.15434135
1787849100,4044136.0,4073849.0,4044136.0,4073849.0,0.13399076
1787850000,4073849.0,4073849.0,4043525.0,4043525.0,0.01075424
1787850900,4073849.0,4104991.0,4073849.0,4097134.0,0.97573899
1787851800,4097134.0,4097134.0,4097134.0,4097134.0,0.0
1787852700,4036137.0,4084992.0,4036137.0,4084992.0,0.02560574
1787853600,4084992.0,4084992.0,4084992.0,4084992.0,0.0
1787854500,4048029.0,4048029.0,4048029.0,4048029.0,0.02437161
1787855400,4036133.0,4036133.0,4029977.0,4029977.0,0.70116645
1787856300,4029977.0,4029977.0,3995770.0,3995770.0,0.39972827
1787857200,3995774.0,3995774.0,3995774.0,3995774.0,0.10052895
1787858100,3996383.0,3996383.0,3996383.0,3996383.0,0.14364018
1787859000,4058560.0,4058560.0,4058560.0,4058560.0,0.06449496
1787859900,4058560.0,4058560.0,4058560.0,4058560.0,0.0
1787860800,4057839.0,4057839.0,4054167.0,4054167.0,0.03505993
1787861700,4050495.0,4050495.0,4050495.0,4050495.0,0.02032497
1787862600,4050495.0,4050495.0,4050495.0,4050495.0,0.0
1787863500,4050495.0,4050495.0,4050495.0,4050495.0,0.0
1787864400,4050495.0,4050495.0,4050495.0,4050495.0,0.0
1787865300,4046823.0,4046823.0,4046823.0,4046823.0,0.0050741
1787866200,4046823.0,4046823.0,4046823.0,4046823.0,0.0
1787867100,4046823.0,4046823.0,4039479.0,4039479.0,0.06712145
1787868000,4039479.0,4039479.0,4039479.0,4039479.0,0.0
1787868900,4037669.0,4037669.0,4037669.0,4037669.0,0.01562436
1787869800,4037669.0,4037669.0,4037669.0,4037669.0,0.0
1787870700,4037669.0,4037669.0,4037669.0,4037669.0,0.0
1787871600,4037669.0,4037669.0,4037669.0,4037669.0,0.0
1787872500,4042672.0,4042672.0,4035807.0,4042672.0,0.05819223
1787873400,4042672.0,4042672.0,4042672.0,4042672.0,0.0
1787874300,4041955.0,4087420.0,4041955.0,4087420.0,0.0185658
1787875200,4087420.0,4087420.0,4087420.0,4087420.0,0.0
1787876100,4087420.0,4087420.0,4087420.0,4087420.0,0.0
1787877000,4035807.0,4035807.0,4035807.0,4035807.0,0.00997718
1787877900,4035807.0,4035807.0,4035807.0,4035807.0,0.0
1787878800,4035807.0,4035807.0,4035807.0,4035807.0,0.0
1787879700,4051957.0,4051957.0,4048029.0,4048029.0,0.02891689
1787880600,4048029.0,4048029.0,4048029.0,4048029.0,0.0
1787881500,4048029.0,4048029.0,4048029.0,4048029.0,0.0
1787882400,4048029.0,4048029.0,4048029.0,4048029.0,0.0
1787883300,4048029.0,4048029.0,4048029.0,4048029.0,0.0
1787884200,4049275.0,4049275.0,4049275.0,4049275.0,0.03904303
1787885100,4035807.0,4046239.0,4035807.0,4046239.0,0.1461569
1787886000,4035807.0,4046237.0,4035807.0,4046237.0,0.01990532
1787886900,4046237.0,4049454.0,4032135.0,4032135.0,0.01291642
1787887800,4049454.0,4049454.0,4049454.0,4049454.0,0.00245934
1787888700,4049450.0,4049450.0,4032135.0,4032135.0,0.05227965
1787889600,4032135.0,4032135.0,4032135.0,4032135.0,0.00963716
1787890500,4032135.0,4032135.0,4032135.0,4032135.0,0.00733842
1787891400,4049447.0,4049447.0,4032135.0,4032135.0,0.04530259
1787892300,4049447.0,4049447.0,4049447.0,4049447.0,0.01647755
1787893200,4049447.0,4049447.0,4049447.0,4049447.0,0.0
1787894100,4032135.0,4032135.0,4032135.0,4032135.0,0.00324121
1787895000,4032135.0,4032135.0,4032135.0,4032135.0,0.0
1787895900,4043381.0,4043381.0,4032135.0,4032135.0,0.03610742
1787896800,4032135.0,4032135.0,4032135.0,4032135.0,0.01193497
1787897700,4032135.0,4032135.0,4032135.0,4032135.0,0.01231521
1787898600,4043378.0,4043378.0,4043378.0,4043378.0,0.01233968
1787899500,4043378.0,4043378.0,4043378.0,4043378.0,0.0
1787900400,4032135.0,4032135.0,4024791.0,4024791.0,0.04928521
1787901300,4024791.0,4043372.0,4024791.0,4043372.0,0.01799369
1787902200,4043372.0,4043372.0,4043372.0,4043372.0,0.0
1787903100,4043372.0,4043372.0,4043372.0,4043372.0,0.00375132
1787904000,4024791.0,4024791.0,4024791.0,4024791.0,0.00647941
1787904900,4024791.0,4024791.0,4024791.0,4024791.0,0.0
1787905800,4028030.0,4028030.0,4025530.0,4025530.0,0.0140212
1787906700,4024791.0,4024791.0,4017447.0,4017447.0,0.04916884
1787907600,4017447.0,4017447.0,4017447.0,4017447.0,0.00514143
1787908500,4017447.0,4017447.0,4017447.0,4017447.0,0.00248975
1787909400,4017447.0,4017447.0,4017447.0,4017447.0,0.0
1787910300,4028030.0,4028030.0,4028030.0,4028030.0,0.00488625
1787911200,4028030.0,4028030.0,4028030.0,4028030.0,0.0
1787912100,4017447.0,4043378.0,4017447.0,4043378.0,0.13428276
1787913000,4043374.0,4043374.0,4017447.0,4017447.0,0.00851218
1787913900,4017447.0,4017447.0,4017447.0,4017447.0,0.0
1787914800,4043378.0,4043378.0,4043378.0,4043378.0,0.19743837
1787915700,4043378.0,4043378.0,4043378.0,4043378.0,0.0
1787916600,4043378.0,4043378.0,4043378.0,4043378.0,0.0
1787917500,4043378.0,4043378.0,4043378.0,4043378.0,0.09852207
1787918400,4043378.0,4043378.0,4043378.0,4043378.0,0.00246303
1787919300,4043378.0,4043378.0,4043378.0,4043378.0,0.0
1787920200,4043374.0,4043374.0,4017451.0,4017451.0,0.1393528
1787921100,4017447.0,4017447.0,4017447.0,4017447.0,0.11892729
1787922000,4043374.0,4043374.0,4022237.0,4022237.0,0.01874572
1787922900,4022237.0,4022237.0,4022237.0,4022237.0,0.0
1787923800,4022237.0,4022237.0,4022237.0,4022237.0,0.0
1787924700,4043374.0,4043374.0,4017447.0,4017447.0,1.08324152
1787925600,4027673.0,4027673.0,3995770.0,3996067.0,0.08132746
1787926500,3995174.0,3995174.0,3995174.0,3995174.0,0.00249275
1787927400,4022852.0,4022852.0,4022852.0,4022852.0,0.00915867
1787928300,4036780.0,4043378.0,3929135.0,3991102.0,1.96281181
1787929200,3977733.0,4043374.0,3977733.0,4043374.0,0.02458866
1787930100,4043374.0,4043374.0,3942552.0,3942552.0,0.00955142
1787931000,3942552.0,3942552.0,3942552.0,3942552.0,0.0
1787931900,3969997.0,3969997.0,3929135.0,3929135.0,0.00858892
1787932800,3929135.0,3929135.0,3925354.0,3925354.0,0.02428143
1787933700,3936963.0,3936963.0,3936963.0,3936963.0,0.02529614
1787934600,3936963.0,3936963.0,3936963.0,3936963.0,0.0
1787935500,3936963.0,3936963.0,3936963.0,3936963.0,0.0
1787936400,3925354.0,3925354.0,3898303.0,3898303.0,2.55786918
1787937300,3898303.0,3898303.0,3898303.0,3898303.0,0.0
1787938200,3898303.0,3898303.0,3898303.0,3898303.0,0.0
1787939100,3898303.0,3898303.0,3898303.0,3898303.0,0.0
1787940000,3914107.0,3914107.0,3914107.0,3914107.0,0.00636134
1787940900,3914107.0,3914107.0,3914107.0,3914107.0,0.0
1787941800,3896737.0,3896737.0,3893065.0,3893065.0,0.0614872
1787942700,3891727.0,3891727.0,3877351.0,3877351.0,0.24277527
1787943600,3887858.0,3887858.0,3887858.0,3887858.0,0.00512312
1787944500,3889465.0,3889465.0,3889465.0,3889465.0,0.0128033
1787945400,3889465.0,3889465.0,3889465.0,3889465.0,0.0
1787946300,3874495.0,3874495.0,3863110.0,3863110.0,0.1350905
1787947200,3863110.0,3863110.0,3863110.0,3863110.0,0.0
1787948100,3863110.0,3863110.0,3863110.0,3863110.0,0.0
1787949000,3863110.0,3863110.0,3863110.0,3863110.0,0.0
1787949900,3863110.0,3863110.0,3863110.0,3863110.0,0.0
1787950800,3863110.0,3863110.0,3863110.0,3863110.0,0.0
1787951700,3863110.0,3863110.0,3863110.0,3863110.0,0.0
1787952600,3863110.0,3863110.0,3863110.0,3863110.0,0.0
1787953500,3863110.0,3863110.0,3863110.0,3863110.0,0.0
1787954400,3863110.0,3863110.0,3863110.0,3863110.0,0.0
1787955300,3863110.0,3863110.0,3863110.0,3863110.0,0.0
1787956200,3894643.0,3894643.0,3894643.0,3894643.0,0.01281093
1787957100,3894643.0,3894643.0,3894643.0,3894643.0,0.0
1787958000,3894643.0,3894643.0,3894643.0,3894643.0,0.0
1787958900,3894643.0,3894643.0,3894643.0,3894643.0,0.0
1787959800,3894643.0,3894643.0,3894643.0,3894643.0,0.0
1787960700,3863110.0,3894643.0,3860180.0,3894643.0,0.11091204
1787961600,3896068.0,3896068.0,3896068.0,3896068.0,0.00562336
1787962500,3860180.0,3860180.0,3860180.0,3860180.0,0.01506098
1787963400,3860180.0,3860180.0,3860180.0,3860180.0,0.0
1787964300,3860180.0,3860180.0,3860180.0,3860180.0,0.0
1787965200,3860180.0,3860180.0,3860180.0,3860180.0,0.0
1787966100,3860180.0,3860180.0,3860180.0,3860180.0,0.0
1787967000,3860180.0,3860180.0,3860180.0,3860180.0,0.0
1787967900,3860183.0,3860183.0,3860183.0,3860183.0,0.05609759
1787968800,3860183.0,3860183.0,3860183.0,3860183.0,0.0
1787969700,3894816.0,3894816.0,3894816.0,3894816.0,0.00751742
1787970600,3894816.0,3894816.0,3894816.0,3894816.0,0.0
1787971500,3860187.0,3860187.0,3860187.0,3860187.0,0.02527337
1787972400,3860187.0,3860187.0,3860187.0,3860187.0,0.0
1787973300,3860187.0,3860187.0,3860187.0,3860187.0,0.0
1787974200,3860187.0,3860187.0,3860187.0,3860187.0,0.0
1787975100,3894816.0,4000000.0,3800000.0,3800000.0,7.08817284
1787976000,3903208.0,3903212.0,3903208.0,3903212.0,0.02551489
1787976900,3903212.0,3903212.0,3903212.0,3903212.0,0.0
1787977800,3890000.0,3890000.0,3890000.0,3890000.0,0.02581876
1787978700,3844577.0,3902500.0,3844577.0,3902139.0,0.03677343
1787979600,3902139.0,3902139.0,3902139.0,3902139.0,0.0
1787980500,3848267.0,3848267.0,3848267.0,3848267.0,0.05279668
1787981400,3848267.0,3848267.0,3848267.0,3848267.0,0.0
1787982300,3848267.0,3848267.0,3848267.0,3848267.0,0.0
1787983200,3849994.0,3849994.0,3849994.0,3849994.0,0.01558444
1787984100,3849994.0,3849994.0,3849994.0,3849994.0,0.0
1787985000,3849994.0,3849994.0,3849994.0,3849994.0,0.0
1787985900,3855081.0,3855081.0,3855081.0,3855081.0,0.01750936
1787986800,3855081.0,3855081.0,3855081.0,3855081.0,0.0
1787987700,3855081.0,3855081.0,3855081.0,3855081.0,0.0
1787988600,3855081.0,3855081.0,3855081.0,3855081.0,0.0
1787989500,3855081.0,3855081.0,3855081.0,3855081.0,0.0
1787990400,3860168.0,3910893.0,3860168.0,3910893.0,0.98900686
1787991300,3910893.0,3910893.0,3910893.0,3910893.0,0.0
1787992200,3910893.0,3910893.0,3910893.0,3910893.0,0.0
1787993100,3910893.0,3910893.0,3910893.0,3910893.0,0.0
1787994000,3910893.0,3910893.0,3910893.0,3910893.0,0.0
1787994900,3910893.0,3910893.0,3910893.0,3910893.0,0.0
1787995800,3910357.0,3910357.0,3883668.0,3883668.0,0.00778772
1787996700,3883668.0,3883668.0,3883668.0,3883668.0,0.0
1787997600,3883668.0,3883668.0,3883668.0,3883668.0,0.0
1787998500,3883668.0,3883668.0,3883668.0,3883668.0,0.0
1787999400,3883668.0,3883668.0,3883668.0,3883668.0,0.0
1788000300,3883668.0,3883668.0,3883668.0,3883668.0,0.0
1788001200,3910296.0,3910296.0,3910296.0,3910296.0,0.00407488
1788002100,3910296.0,3910296.0,3910296.0,3910296.0,0.0
1788003000,3910296.0,3910296.0,3910296.0,3910296.0,0.0
1788003900,3910296.0,3910296.0,3910296.0,3910296.0,0.0
1788004800,3910200.0,3910200.0,3910200.0,3910200.0,0.01073883
1788005700,3910200.0,3910200.0,3910200.0,3910200.0,0.0
1788006600,3910200.0,3910200.0,3910200.0,3910200.0,0.0
1788007500,3883669.0,3883669.0,3883669.0,3883669.0,0.00285726
1788008400,3883669.0,3883669.0,3883669.0,3883669.0,0.0
1788009300,3883669.0,3883669.0,3883669.0,3883669.0,0.0
1788010200,3883669.0,3883669.0,3883669.0,3883669.0,0.00697795
1788011100,3883669.0,3883669.0,3883669.0,3883669.0,0.0
1788012000,3883669.0,3883669.0,3883669.0,3883669.0,0.01229941
1788012900,3883669.0,3883669.0,3883669.0,3883669.0,0.0
1788013800,3883669.0,3883669.0,3883669.0,3883669.0,0.0
1788014700,3883669.0,3883669.0,3883669.0,3883669.0,0.0
1788015600,3883669.0,3883669.0,3883669.0,3883669.0,0.02359212
1788016500,3883669.0,3883669.0,3883669.0,3883669.0,0.0
1788017400,3908214.0,3908214.0,3908214.0,3908214.0,0.00294149
1788018300,3908214.0,3908214.0,3908214.0,3908214.0,0.0
1788019200,3910100.0,3910100.0,3910100.0,3910100.0,0.01994987
1788020100,3910100.0,3910100.0,3910100.0,3910100.0,0.0
1788021000,3910100.0,3910100.0,3910100.0,3910100.0,0.0
1788021900,3910100.0,3910100.0,3910100.0,3910100.0,0.0
1788022800,3910100.0,3910100.0,3910100.0,3910100.0,0.0
1788023700,3910100.0,3910100.0,3910100.0,3910100.0,0.0
1788024600,3910100.0,3910100.0,3910100.0,3910100.0,0.0
1788025500,3910100.0,3910100.0,3910100.0,3910100.0,0.0
1788026400,3910100.0,3910100.0,3910100.0,3910100.0,0.0
1788027300,3910100.0,3910100.0,3910100.0,3910100.0,0.0
1788028200,3910096.0,3910100.0,3910096.0,3910100.0,0.25515034
1788029100,3910100.0,3910100.0,3910100.0,3910100.0,0.0
1788030000,3910100.0,3910100.0,3910100.0,3910100.0,0.0
1788030900,3910100.0,3910100.0,3910100.0,3910100.0,0.00254699
1788031800,3883669.0,3883669.0,3883669.0,3883669.0,0.01422654
1788032700,3883669.0,3883669.0,3883669.0,3883669.0,0.0
1788033600,3910100.0,3910100.0,3910100.0,3910100.0,0.06325132
1788034500,3910100.0,3910100.0,3910100.0,3910100.0,0.0
1788035400,3910100.0,3910100.0,3910100.0,3910100.0,0.0
1788036300,3910100.0,3910100.0,3910100.0,3910100.0,0.0
1788037200,3910100.0,3910100.0,3910100.0,3910100.0,0.0
1788038100,3910100.0,3910100.0,3910100.0,3910100.0,0.0
1788039000,3910000.0,3910000.0,3910000.0,3910000.0,0.00910792
1788039900,3910000.0,3910000.0,3910000.0,3910000.0,0.0
1788040800,3910000.0,3910000.0,3910000.0,3910000.0,0.0
1788041700,3910000.0,3910000.0,3910000.0,3910000.0,0.0
1788042600,3910000.0,3910000.0,3910000.0,3910000.0,0.0
1788043500,3910000.0,3910000.0,3910000.0,3910000.0,0.0
1788044400,3910000.0,3910000.0,3910000.0,3910000.0,0.0
1788045300,3910000.0,3910000.0,3910000.0,3910000.0,0.0
1788046200,3910000.0,3910000.0,3910000.0,3910000.0,0.0
1788047100,3910000.0,3910000.0,3910000.0,3910000.0,0.0
1788048000,3910000.0,3910000.0,3910000.0,3910000.0,0.0
1788048900,3883669.0,3883669.0,3883669.0,3883669.0,0.01073883
1788049800,3883669.0,3883669.0,3875404.0,3875404.0,0.19659018
1788050700,3875404.0,3875404.0,3875404.0,3875404.0,0.0
1788051600,3875404.0,3875404.0,3875404.0,3875404.0,0.0
1788052500,3875404.0,3875404.0,3875404.0,3875404.0,0.0
1788053400,3875404.0,3875404.0,3875404.0,3875404.0,0.0
1788054300,3872649.0,3872649.0,3869895.0,3869895.0,0.01933312
1788055200,3867140.0,3867140.0,3856121.0,3856121.0,0.05856016
1788056100,3856363.0,3856363.0,3856363.0,3856363.0,0.06155015
1788057000,3856363.0,3856363.0,3856363.0,3856363.0,0.0
1788057900,3856363.0,3856363.0,3856363.0,3856363.0,0.0
1788058800,3856363.0,3856363.0,3856363.0,3856363.0,0.0
1788059700,3859987.0,3859987.0,3859987.0,3859987.0,0.00538332
1788060600,3859987.0,3859987.0,3859987.0,3859987.0,0.0
1788061500,3859987.0,3859987.0,3859987.0,3859987.0,0.0
1788062400,3859987.0,3859987.0,3857242.0,3857242.0,0.04616262
1788063300,3857242.0,3857242.0,3857242.0,3857242.0,0.0
1788064200,3857242.0,3857242.0,3857242.0,3857242.0,0.0
1788065100,3857242.0,3857242.0,3857242.0,3857242.0,0.0
1788066000,3910348.0,3910348.0,3910348.0,3910348.0,0.00254683
1788066900,3910348.0,3910348.0,3910348.0,3910348.0,0.0
1788067800,3910348.0,3910348.0,3910348.0,3910348.0,0.0
1788068700,3910348.0,3910348.0,3910348.0,3910348.0,0.0
1788069600,3910348.0,3910348.0,3910348.0,3910348.0,0.0
1788070500,3908996.0,3908996.0,3908996.0,3908996.0,0.01290305
1788071400,3908996.0,3908996.0,3908996.0,3908996.0,0.0
1788072300,3908996.0,3908996.0,3908996.0,3908996.0,0.0
1788073200,3908996.0,3908996.0,3908996.0,3908996.0,0.0
1788074100,3908996.0,3908996.0,3908996.0,3908996.0,0.0
1788075000,3859996.0,3859996.0,3859996.0,3859996.0,0.0028919
1788075900,3859996.0,3859996.0,3859996.0,3859996.0,0.0
1788076800,3859996.0,3859996.0,3859996.0,3859996.0,0.0
1788077700,3859996.0,3859996.0,3859996.0,3859996.0,0.0
1788078600,3859996.0,3859996.0,3859996.0,3859996.0,0.0
1788079500,3859996.0,3859996.0,3859996.0,3859996.0,0.0
1788080400,3859996.0,3859996.0,3856187.0,3856187.0,0.00910792
1788081300,3909000.0,3909000.0,3909000.0,3909000.0,0.04223254
1788082200,3909000.0,3909000.0,3909000.0,3909000.0,0.0
1788083100,3909000.0,3909000.0,3909000.0,3909000.0,0.0
1788084000,3909000.0,3909000.0,3909000.0,3909000.0,0.0
1788084900,3857598.0,3857598.0,3857598.0,3857598.0,0.04153932
1788085800,3857598.0,3857598.0,3857598.0,3857598.0,0.0
1788086700,3857598.0,3857598.0,3857598.0,3857598.0,0.0
1788087600,3910348.0,3910348.0,3859998.0,3859998.0,0.00662171
1788088500,3859998.0,3910348.0,3859998.0,3910348.0,0.03003319
1788089400,3859998.0,3859998.0,3857594.0,3857594.0,0.01994987
1788090300,3857594.0,3857594.0,3857594.0,3857594.0,0.0
1788091200,3857594.0,3857594.0,3857594.0,3857594.0,0.0
1788092100,3857594.0,3857594.0,3857594.0,3857594.0,0.0
1788093000,3857594.0,3857594.0,3857594.0,3857594.0,0.00803339
1788093900,3908036.0,3908214.0,3857594.0,3908214.0,0.01179564
1788094800,3909103.0,3909103.0,3909103.0,3909103.0,0.00943848
1788095700,3909103.0,3909103.0,3909103.0,3909103.0,0.0
1788096600,3909643.0,3909643.0,3909643.0,3909643.0,0.26919516
1788097500,3909643.0,3909643.0,3909643.0,3909643.0,0.04647764
1788098400,3909643.0,3909643.0,3909643.0,3909643.0,0.0
1788099300,3909643.0,3909643.0,3909643.0,3909643.0,0.0
1788100200,3909643.0,3909643.0,3909643.0,3909643.0,0.0
1788101100,3910348.0,3910348.0,3910348.0,3910348.0,0.01748412
1788102000,3910348.0,3910348.0,3910348.0,3910348.0,0.0046694
1788102900,3910348.0,3910348.0,3910348.0,3910348.0,0.0
1788103800,3910348.0,3910348.0,3910348.0,3910348.0,0.0
1788104700,3910348.0,3910348.0,3910348.0,3910348.0,0.0
1788105600,3858004.0,3858004.0,3858004.0,3858004.0,0.00294149
1788106500,3858004.0,3900000.0,3858004.0,3900000.0,0.05882463
1788107400,3858004.0,3900000.0,3858004.0,3900000.0,0.05132943
1788108300,3858500.0,3858500.0,3858500.0,3858500.0,0.01276765
1788109200,3858500.0,3858500.0,3858500.0,3858500.0,0.0
1788110100,3858500.0,3858500.0,3858500.0,3858500.0,0.0
1788111000,3858500.0,3858500.0,3858500.0,3858500.0,0.0
1788111900,3899996.0,3899996.0,3899996.0,3899996.0,0.00588205
1788112800,3899996.0,3899996.0,3899996.0,3899996.0,0.0
1788113700,3899996.0,3899996.0,3858294.0,3858294.0,0.03965446
1788114600,3858294.0,3858294.0,3858294.0,3858294.0,0.0
1788115500,3858294.0,3858294.0,3858294.0,3858294.0,0.0
1788116400,3858294.0,3858294.0,3858294.0,3858294.0,0.0
1788117300,3858294.0,3858294.0,3858294.0,3858294.0,0.0
1788118200,3858294.0,3858294.0,3858294.0,3858294.0,0.0
1788119100,3858294.0,3858294.0,3858294.0,3858294.0,0.0
1788120000,3858294.0,3858294.0,3858294.0,3858294.0,0.0
1788120900,3858294.0,3858294.0,3858294.0,3858294.0,0.0
1788121800,3858294.0,3858294.0,3858294.0,3858294.0,0.0
1788122700,3858294.0,3858294.0,3858294.0,3858294.0,0.0
1788123600,3858294.0,3858294.0,3858294.0,3858294.0,0.0
1788124500,3858294.0,3858294.0,3858294.0,3858294.0,0.0
1788125400,3858294.0,3858294.0,3858294.0,3858294.0,0.0
1788126300,3858294.0,3858294.0,3858294.0,3858294.0,0.0
1788127200,3858294.0,3858294.0,3858294.0,3858294.0,0.0
1788128100,3858294.0,3858294.0,3858294.0,3858294.0,0.0
1788129000,3896607.0,3896607.0,3896607.0,3896607.0,0.00511162
1788129900,3896607.0,3896607.0,3896607.0,3896607.0,0.0
1788130800,3896607.0,3896607.0,3896607.0,3896607.0,0.0
1788131700,3857590.0,3857590.0,3800000.0,3800000.0,1.53738446
1788132600,3800000.0,3800000.0,3800000.0,3800000.0,0.0
1788133500,3800000.0,3800000.0,3800000.0,3800000.0,0.0
1788134400,3800000.0,3800000.0,3800000.0,3800000.0,0.0
1788135300,3893211.0,3893211.0,3800004.0,3893211.0,0.02050362
1788136200,3893211.0,3893211.0,3893211.0,3893211.0,0.0
1788137100,3893211.0,3893211.0,3893211.0,3893211.0,0.0
1788138000,3893211.0,3893211.0,3893211.0,3893211.0,0.00633589
1788138900,3893211.0,3893211.0,3893211.0,3893211.0,0.0
1788139800,3893211.0,3893211.0,3893211.0,3893211.0,0.0
1788140700,3893211.0,3893211.0,3893211.0,3893211.0,0.0
1788141600,3893211.0,3893211.0,3893211.0,3893211.0,0.0
1788142500,3893211.0,3893211.0,3893211.0,3893211.0,0.0
1788143400,3893211.0,3893211.0,3893211.0,3893211.0,0.0
1788144300,3893211.0,3893211.0,3893211.0,3893211.0,0.0
1788145200,3800008.0,3800008.0,3800008.0,3800008.0,0.01748412
1788146100,3893211.0,3893211.0,3893211.0,3893211.0,0.01281564
1788147000,3800004.0,3893211.0,3800004.0,3893211.0,0.08038914
1788147900,3893211.0,3893211.0,3893211.0,3893211.0,0.0
1788148800,3893211.0,3893211.0,3893211.0,3893211.0,0.0
1788149700,3893211.0,3893211.0,3893211.0,3893211.0,0.0
1788150600,3893211.0,3893211.0,3893211.0,3893211.0,0.0
1788151500,3893211.0,3893211.0,3893211.0,3893211.0,0.0
1788152400,3893211.0,3893211.0,3893211.0,3893211.0,0.0
1788153300,3893211.0,3893211.0,3893211.0,3893211.0,0.0
1788154200,3893211.0,3893211.0,3893211.0,3893211.0,0.0
1788155100,3893210.0,3893211.0,3893210.0,3893211.0,0.02506876
1788156000,3800011.0,3800011.0,3790968.0,3790968.0,0.48543877
1788156900,3790968.0,3790968.0,3790968.0,3790968.0,0.0
1788157800,3893200.0,3893209.0,3893200.0,3893209.0,0.10809372
1788158700,3893209.0,3893209.0,3893209.0,3893209.0,0.0
1788159600,3893209.0,3893209.0,3893209.0,3893209.0,0.00255804
1788160500,3893209.0,3893209.0,3893209.0,3893209.0,0.0
1788161400,3893209.0,3893209.0,3893209.0,3893209.0,0.0
1788162300,3893209.0,3893209.0,3893209.0,3893209.0,0.0
1788163200,3893209.0,3893209.0,3893209.0,3893209.0,0.0
1788164100,3893209.0,3893209.0,3893209.0,3893209.0,0.0
1788165000,3893204.0,3893204.0,3893204.0,3893204.0,0.00572125
1788165900,3809922.0,3815118.0,3809922.0,3815118.0,0.00273691
1788166800,3815118.0,3825511.0,3815118.0,3825511.0,0.01361227
1788167700,3825511.0,3835903.0,3825511.0,3835903.0,0.01966247
1788168600,3805070.0,3805070.0,3805070.0,3805070.0,0.01966247
1788169500,3835903.0,3846295.0,3835903.0,3846295.0,0.0176088
1788170400,3846295.0,3846295.0,3846295.0,3846295.0,0.0
1788171300,3846295.0,3846295.0,3846295.0,3846295.0,0.0
1788172200,3846295.0,3846295.0,3846295.0,3846295.0,0.0
1788173100,3846295.0,3846295.0,3846295.0,3846295.0,0.0
1788174000,3846295.0,3846295.0,3846295.0,3846295.0,0.0
1788174900,3846295.0,3846295.0,3846295.0,3846295.0,0.0
1788175800,3846295.0,3846295.0,3846295.0,3846295.0,0.0
1788176700,3846295.0,3846295.0,3846295.0,3846295.0,0.0
1788177600,3846295.0,3846295.0,3846295.0,3846295.0,0.0
1788178500,3846295.0,3846295.0,3846295.0,3846295.0,0.0
1788179400,3846295.0,3846295.0,3846295.0,3846295.0,0.0
1788180300,3846295.0,3851492.0,3846295.0,3851492.0,0.01292232
1788181200,3851492.0,3851492.0,3851492.0,3851492.0,0.0
1788182100,3851492.0,3851492.0,3851492.0,3851492.0,0.0
1788183000,3851492.0,3851492.0,3851492.0,3851492.0,0.0
1788183900,3851492.0,3851492.0,3851492.0,3851492.0,0.0
1788184800,3851492.0,3851492.0,3851492.0,3851492.0,0.0
1788185700,3851492.0,3851492.0,3851492.0,3851492.0,0.00357809
1788186600,3851492.0,3851492.0,3851492.0,3851492.0,0.0
1788187500,3851492.0,3851492.0,3851492.0,3851492.0,0.0
1788188400,3807080.0,3807080.0,3807080.0,3807080.0,0.01179557
1788189300,3851492.0,3851492.0,3851492.0,3851492.0,0.0030975
1788190200,3851492.0,3851492.0,3851492.0,3851492.0,0.00258575
1788191100,3851492.0,3856688.0,3851492.0,3856688.0,0.0027273
1788192000,3807089.0,3856688.0,3807089.0,3856688.0,0.0085238
1788192900,3856688.0,3856688.0,3856688.0,3856688.0,0.0
1788193800,3856688.0,3856688.0,3856688.0,3856688.0,0.0
1788194700,3856688.0,3856688.0,3856688.0,3856688.0,0.0
1788195600,3856688.0,3856688.0,3856688.0,3856688.0,0.0
1788196500,3856688.0,3856688.0,3856688.0,3856688.0,0.00264449
1788197400,3807129.0,3807129.0,3807128.0,3807128.0,0.00791257
1788198300,3807128.0,3807128.0,3807128.0,3807128.0,0.0
1788199200,3807128.0,3807128.0,3807128.0,3807128.0,0.0
1788200100,3856688.0,3867070.0,3856688.0,3867070.0,0.02584718
1788201000,3867070.0,3867070.0,3867070.0,3867070.0,0.0
1788201900,3867070.0,3867070.0,3867070.0,3867070.0,0.0
1788202800,3867070.0,3867070.0,3867070.0,3867070.0,0.00257533
1788203700,3867070.0,3867080.0,3867070.0,3867080.0,0.01030132
1788204600,3867080.0,3867080.0,3867080.0,3867080.0,0.0
1788205500,3867080.0,3867080.0,3867080.0,3867080.0,0.0
1788206400,3867080.0,3867080.0,3867080.0,3867080.0,0.0
1788207300,3867080.0,3867080.0,3867080.0,3867080.0,0.0
1788208200,3867080.0,3867080.0,3867080.0,3867080.0,0.0
1788209100,3867080.0,3867080.0,3867080.0,3867080.0,0.0
1788210000,3867080.0,3867080.0,3867080.0,3867080.0,0.0
1788210900,3867080.0,3867080.0,3867080.0,3867080.0,0.0
1788211800,3867080.0,3867080.0,3867080.0,3867080.0,0.0
1788212700,3867080.0,3867080.0,3867080.0,3867080.0,0.0
1788213600,3867080.0,3867080.0,3867080.0,3867080.0,0.0
1788214500,3867080.0,3867080.0,3867080.0,3867080.0,0.0
1788215400,3867080.0,3867080.0,3867080.0,3867080.0,0.0
1788216300,3807226.0,3807226.0,3807226.0,3807226.0,0.0176088
1788217200,3807226.0,3807226.0,3807226.0,3807226.0,0.0
1788218100,3807226.0,3807226.0,3807226.0,3807226.0,0.0
1788219000,3807226.0,3807226.0,3807226.0,3807226.0,0.0
1788219900,3808111.0,3867080.0,3808111.0,3867080.0,0.00610846
1788220800,3867080.0,3867080.0,3867080.0,3867080.0,0.0
1788221700,3867080.0,3867080.0,3867080.0,3867080.0,0.0
1788222600,3867080.0,3877473.0,3867080.0,3877473.0,0.02572603
1788223500,3877473.0,3877473.0,3877473.0,3877473.0,0.0
1788224400,3877473.0,3877473.0,3877473.0,3877473.0,0.00589043
1788225300,3877473.0,3877473.0,3877473.0,3877473.0,0.0
1788226200,3808122.0,3808122.0,3808122.0,3808122.0,0.00897403
1788227100,3808122.0,3808122.0,3808122.0,3808122.0,0.0
1788228000,3808122.0,3808122.0,3808122.0,3808122.0,0.0
1788228900,3877473.0,3877473.0,3877473.0,3877473.0,0.00890966
1788229800,3877473.0,3882669.0,3877473.0,3882669.0,0.01106992
1788230700,3882669.0,3887865.0,3882669.0,3887865.0,0.07604208
1788231600,3887865.0,3887865.0,3887865.0,3887865.0,0.0
1788232500,3887865.0,3893057.0,3810006.0,3893057.0,0.14893102
1788233400,3893057.0,3893057.0,3893057.0,3893057.0,0.0
1788234300,3893057.0,3893057.0,3893057.0,3893057.0,0.0
1788235200,3893057.0,3893057.0,3893057.0,3893057.0,0.0
1788236100,3810028.0,3810028.0,3810028.0,3810028.0,0.00383115
1788237000,3830032.0,3830032.0,3810024.0,3810024.0,1.3109927
1788237900,3810024.0,3810024.0,3810024.0,3810024.0,0.0
1788238800,3810024.0,3810024.0,3810024.0,3810024.0,0.0
1788239700,3810024.0,3810024.0,3810024.0,3810024.0,0.0
1788240600,3810024.0,3810024.0,3810024.0,3810024.0,0.0
1788241500,3810254.0,3893061.0,3810254.0,3893061.0,0.00566215
1788242400,3893061.0,3893061.0,3893061.0,3893061.0,0.0
1788243300,3893061.0,3893061.0,3893061.0,3893061.0,0.01333218
1788244200,3893061.0,3900000.0,3893061.0,3900000.0,0.12323821
1788245100,3900000.0,3900000.0,3900000.0,3900000.0,0.0
1788246000,3900000.0,3900000.0,3900000.0,3900000.0,0.0
1788246900,3900000.0,3900000.0,3900000.0,3900000.0,0.0
1788247800,3900000.0,3900000.0,3900000.0,3900000.0,0.0
1788248700,3896259.0,3897312.0,3896259.0,3897312.0,0.00948248
1788249600,3897009.0,3897009.0,3897009.0,3897009.0,0.00255554
1788250500,3897009.0,3897009.0,3897009.0,3897009.0,0.0
1788251400,3895653.0,3903450.0,3895653.0,3903450.0,0.02639165
1788252300,3810268.0,3810268.0,3810268.0,3810268.0,0.02639165
1788253200,3810268.0,3810268.0,3810268.0,3810268.0,0.0
1788254100,3810268.0,3810268.0,3810264.0,3810264.0,0.48543878
1788255000,3810264.0,3810264.0,3810264.0,3810264.0,0.0
1788255900,3903450.0,3903450.0,3810272.0,3810272.0,0.08386846
1788256800,3810272.0,3810272.0,3810272.0,3810272.0,0.0
1788257700,3810272.0,3810272.0,3810272.0,3810272.0,0.0
1788258600,3810272.0,3810272.0,3810272.0,3810272.0,0.0
1788259500,3810272.0,3810272.0,3810272.0,3810272.0,0.00279087
1788260400,3810272.0,3810272.0,3810272.0,3810272.0,0.0
1788261300,3903450.0,3903450.0,3903450.0,3903450.0,0.14184193
1788262200,3903450.0,3903450.0,3903450.0,3903450.0,0.0
1788263100,3903450.0,3903450.0,3903450.0,3903450.0,0.02551332
1788264000,3903450.0,3903450.0,3903450.0,3903450.0,0.00510266
1788264900,3903450.0,3908650.0,3903450.0,3908650.0,0.12665692
1788265800,3908642.0,3908642.0,3908642.0,3908642.0,0.01021198
1788266700,3908642.0,3908642.0,3908642.0,3908642.0,0.0
1788267600,3810409.0,3810409.0,3810409.0,3810409.0,0.01647755
1788268500,3811008.0,3811008.0,3811008.0,3811008.0,0.00457453
1788269400,3811008.0,3811008.0,3811008.0,3811008.0,0.0
1788270300,3811008.0,3811008.0,3811008.0,3811008.0,0.0
1788271200,3908638.0,3908638.0,3908638.0,3908638.0,0.01967692
1788272100,3908638.0,3908638.0,3908638.0,3908638.0,0.0
1788273000,3908638.0,3908638.0,3908638.0,3908638.0,0.0
1788273900,3908638.0,3908638.0,3908638.0,3908638.0,0.0
1788274800,3908638.0,3908638.0,3908638.0,3908638.0,0.0
1788275700,3908387.0,3908387.0,3908387.0,3908387.0,0.00840858
1788276600,3908387.0,3908387.0,3908387.0,3908387.0,0.0
1788277500,3908387.0,3908387.0,3908387.0,3908387.0,0.0
1788278400,3908292.0,3908292.0,3908292.0,3908292.0,0.00271934
1788279300,3908292.0,3908292.0,3908292.0,3908292.0,0.0
1788280200,3908292.0,3908292.0,3908292.0,3908292.0,0.0
1788281100,3889106.0,3889106.0,3882523.0,3882523.0,0.00917819
1788282000,3906996.0,3906996.0,3906996.0,3906996.0,0.00611287
1788282900,3906996.0,3906996.0,3906996.0,3906996.0,0.0
1788283800,3906996.0,3906996.0,3906996.0,3906996.0,0.0
1788284700,3906996.0,3906996.0,3906996.0,3906996.0,0.00509802
1788285600,3882523.0,3882523.0,3879232.0,3879232.0,0.0034855
1788286500,3879232.0,3879232.0,3879232.0,3879232.0,0.0
1788287400,3906996.0,3906996.0,3869357.0,3869357.0,0.0285305
1788288300,3869357.0,3869357.0,3869357.0,3869357.0,0.00389818
1788289200,3869357.0,3869357.0,3869357.0,3869357.0,0.0
1788290100,3869357.0,3869357.0,3869357.0,3869357.0,0.0
1788291000,3869357.0,3869357.0,3869357.0,3869357.0,0.0
1788291900,3869357.0,3869357.0,3869357.0,3869357.0,0.0
1788292800,3869357.0,3869357.0,3869357.0,3869357.0,0.0
1788293700,3869357.0,3869357.0,3869357.0,3869357.0,0.0
1788294600,3869357.0,3869357.0,3866066.0,3866066.0,0.00421814
1788295500,3866066.0,3866066.0,3866066.0,3866066.0,0.0
1788296400,3866066.0,3866066.0,3866066.0,3866066.0,0.0
1788297300,3866066.0,3866066.0,3866066.0,3866066.0,0.00624476
1788298200,3906988.0,3906988.0,3906988.0,3906988.0,0.00442233
1788299100,3906988.0,3906988.0,3906988.0,3906988.0,0.0
1788300000,3906988.0,3906988.0,3906988.0,3906988.0,0.0
1788300900,3906988.0,3906988.0,3906988.0,3906988.0,0.0
1788301800,3866066.0,3866066.0,3856191.0,3856191.0,0.03234829
1788302700,3856191.0,3856191.0,3856191.0,3856191.0,0.0
1788303600,3856191.0,3856191.0,3856191.0,3856191.0,0.0
1788304500,3856191.0,3856191.0,3856191.0,3856191.0,0.0
1788305400,3856191.0,3856191.0,3856191.0,3856191.0,0.00547975
1788306300,3856191.0,3856191.0,3856191.0,3856191.0,0.0
1788307200,3856191.0,3856191.0,3856191.0,3856191.0,0.0
1788308100,3856191.0,3856191.0,3856191.0,3856191.0,0.0
1788309000,3856191.0,3856191.0,3856191.0,3856191.0,0.0
1788309900,3856191.0,3856191.0,3856191.0,3856191.0,0.0
1788310800,3856191.0,3856191.0,3856191.0,3856191.0,0.0
1788311700,3856191.0,3856191.0,3856191.0,3856191.0,0.0
1788312600,3905992.0,3906000.0,3905992.0,3906000.0,0.50636996
1788313500,3905000.0,3905000.0,3905000.0,3905000.0,0.00531395
1788314400,3905000.0,3905000.0,3905000.0,3905000.0,0.0
1788315300,3904000.0,3904000.0,3904000.0,3904000.0,0.04636603
1788316200,3904000.0,3904000.0,3904000.0,3904000.0,0.0
1788317100,3904000.0,3904000.0,3904000.0,3904000.0,0.0
1788318000,3904000.0,3904000.0,3904000.0,3904000.0,0.0
1788318900,3904000.0,3904000.0,3904000.0,3904000.0,0.0
1788319800,3904000.0,3904000.0,3904000.0,3904000.0,0.0
1788320700,3856191.0,3856191.0,3846317.0,3846317.0,0.12665692
1788321600,3846317.0,3846317.0,3846317.0,3846317.0,0.0
1788322500,3846317.0,3846317.0,3846317.0,3846317.0,0.0
1788323400,3846317.0,3904000.0,3843030.0,3904000.0,0.00784949
1788324300,3904000.0,3904000.0,3904000.0,3904000.0,0.0
1788325200,3904000.0,3904000.0,3904000.0,3904000.0,0.0
1788326100,3843030.0,3843030.0,3843030.0,3843030.0,0.02780318
1788327000,3843030.0,3843030.0,3843030.0,3843030.0,0.0
1788327900,3843030.0,3843030.0,3843030.0,3843030.0,0.0
1788328800,3843030.0,3843030.0,3843030.0,3843030.0,0.0
1788329700,3843030.0,3843030.0,3843030.0,3843030.0,0.0
1788330600,3843030.0,3843030.0,3843030.0,3843030.0,0.0
1788331500,3903496.0,3903500.0,3903496.0,3903500.0,0.02913516
1788332400,3903500.0,3903500.0,3903500.0,3903500.0,0.0025513
1788333300,3903500.0,3903500.0,3903500.0,3903500.0,0.0
1788334200,3903500.0,3903500.0,3903500.0,3903500.0,0.0
1788335100,3903500.0,3903500.0,3903500.0,3903500.0,0.0
1788336000,3903500.0,3903500.0,3903500.0,3903500.0,0.0
1788336900,3903500.0,3903500.0,3903500.0,3903500.0,0.0
1788337800,3903500.0,3903500.0,3903500.0,3903500.0,0.0
1788338700,3903499.0,3903499.0,3903499.0,3903499.0,0.0098386
1788339600,3903499.0,3903499.0,3903499.0,3903499.0,0.0
1788340500,3903499.0,3903499.0,3903499.0,3903499.0,0.0
1788341400,3843030.0,3843030.0,3839734.0,3839734.0,0.04488592
1788342300,3839734.0,3839734.0,3839734.0,3839734.0,0.0
1788343200,3839734.0,3839734.0,3839734.0,3839734.0,0.0
1788344100,3903499.0,3903499.0,3903499.0,3903499.0,0.00627642
1788345000,3903499.0,3903499.0,3903499.0,3903499.0,0.0
1788345900,3902000.0,3902000.0,3902000.0,3902000.0,0.00510456
1788346800,3902000.0,3902000.0,3902000.0,3902000.0,0.0
1788347700,3839734.0,3839734.0,3839734.0,3839734.0,0.00799589
1788348600,3839734.0,3839734.0,3839734.0,3839734.0,0.0
1788349500,3839734.0,3839734.0,3839734.0,3839734.0,0.0
1788350400,3839734.0,3839734.0,3839734.0,3839734.0,0.0
1788351300,3839734.0,3839734.0,3839734.0,3839734.0,0.0
1788352200,3839734.0,3839734.0,3836447.0,3836447.0,0.01492951
1788353100,3836447.0,3836447.0,3836447.0,3836447.0,0.0
1788354000,3836447.0,3836447.0,3836447.0,3836447.0,0.00472103
1788354900,3901000.0,3901000.0,3901000.0,3901000.0,0.02296667
1788355800,3901000.0,3901000.0,3901000.0,3901000.0,0.18608177
1788356700,3901000.0,3901000.0,3901000.0,3901000.0,0.0
1788357600,3901000.0,3901000.0,3901000.0,3901000.0,0.0
1788358500,3900000.0,3900000.0,3900000.0,3900000.0,0.0689892
1788359400,3900000.0,3900000.0,3900000.0,3900000.0,0.27365875
1788360300,3900000.0,3911041.0,3900000.0,3911041.0,0.10496947
1788361200,3911041.0,3946492.0,3911041.0,3946492.0,0.15500133
1788362100,3946492.0,3976955.0,3946492.0,3976955.0,0.09603405
1788363000,3976955.0,3976955.0,3976955.0,3976955.0,0.0
1788363900,3946492.0,3976955.0,3851000.0,3976955.0,0.41219285
1788364800,3976955.0,3976955.0,3976955.0,3976955.0,0.00519065
1788365700,3976955.0,3976955.0,3976955.0,3976955.0,0.0
1788366600,3852064.0,3852064.0,3852064.0,3852064.0,0.00281182
1788367500,3852064.0,3852064.0,3852064.0,3852064.0,0.0
1788368400,3976955.0,3976955.0,3976955.0,3976955.0,0.01252088
1788369300,3976955.0,3976955.0,3976955.0,3976955.0,0.00275436
1788370200,3976951.0,3976951.0,3976951.0,3976951.0,0.04757966
1788371100,3976951.0,3976951.0,3976951.0,3976951.0,0.0
1788372000,3976951.0,3976951.0,3976951.0,3976951.0,0.0
1788372900,3976951.0,3976951.0,3976951.0,3976951.0,0.0
1788373800,3976951.0,3976951.0,3976951.0,3976951.0,0.0
1788374700,3976951.0,3976951.0,3976951.0,3976951.0,0.0
1788375600,3976951.0,3976951.0,3976951.0,3976951.0,0.0
1788376500,3976951.0,3976951.0,3976951.0,3976951.0,0.0
1788377400,3976951.0,3976951.0,3976951.0,3976951.0,0.0
1788378300,3976951.0,3976951.0,3976951.0,3976951.0,0.0
1788379200,3976951.0,3976951.0,3976951.0,3976951.0,0.0
1788380100,3976951.0,3976951.0,3976951.0,3976951.0,0.0
1788381000,3957070.0,3957070.0,3914649.0,3914649.0,0.16453597
1788381900,3914649.0,3914649.0,3914649.0,3914649.0,0.0
1788382800,3914653.0,3914653.0,3914653.0,3914653.0,0.00572125
1788383700,3914653.0,3914653.0,3914653.0,3914653.0,0.04524342
1788384600,3914653.0,3914653.0,3914653.0,3914653.0,0.0
1788385500,3914653.0,3914653.0,3914653.0,3914653.0,0.0
1788386400,3914653.0,3976951.0,3914649.0,3976951.0,0.0674931
1788387300,3976955.0,3976955.0,3976955.0,3976955.0,0.00453085
1788388200,3976955.0,3976955.0,3976955.0,3976955.0,0.0
1788389100,3976955.0,3976955.0,3976955.0,3976955.0,0.0
1788390000,3976951.0,3976951.0,3976951.0,3976951.0,0.06272971
1788390900,3914649.0,3914649.0,3907583.0,3907583.0,0.02913516
1788391800,3907583.0,3907583.0,3907583.0,3907583.0,0.0
1788392700,3907583.0,3907583.0,3907583.0,3907583.0,0.0
1788393600,3983044.0,3983044.0,3983044.0,3983044.0,0.00558166
1788394500,3983040.0,3983040.0,3983040.0,3983040.0,0.02061967
1788395400,3983040.0,3983040.0,3983040.0,3983040.0,0.0
1788396300,3907712.0,3983036.0,3907712.0,3983036.0,0.03063017
1788397200,3907712.0,3907712.0,3907712.0,3907712.0,0.0273358
1788398100,3907712.0,3907712.0,3907712.0,3907712.0,0.00519065
1788399000,3983040.0,3983048.0,3907712.0,3907712.0,0.26004779
1788399900,3983040.0,3983040.0,3983040.0,3983040.0,0.01593255
1788400800,3983040.0,3983040.0,3983040.0,3983040.0,0.0
1788401700,3983040.0,3983040.0,3983040.0,3983040.0,0.0
1788402600,3982996.0,3982996.0,3982996.0,3982996.0,0.00275019
1788403500,3982996.0,3982996.0,3982996.0,3982996.0,0.0
1788404400,3982996.0,3982996.0,3982996.0,3982996.0,0.0
1788405300,3982996.0,3982996.0,3982996.0,3982996.0,0.0
1788406200,3982996.0,3982996.0,3982996.0,3982996.0,0.0
1788407100,3907820.0,3907820.0,3907816.0,3907816.0,0.76575334
1788408000,3907820.0,3907820.0,3907820.0,3907820.0,0.00520335
1788408900,3907820.0,3907820.0,3907820.0,3907820.0,0.0
1788409800,3907820.0,3907820.0,3907820.0,3907820.0,0.0
1788410700,3907820.0,3907820.0,3907820.0,3907820.0,0.0
1788411600,3907820.0,3907820.0,3907820.0,3907820.0,0.0
1788412500,3907868.0,3907868.0,3907868.0,3907868.0,0.01361227
1788413400,3907868.0,3907868.0,3907868.0,3907868.0,0.0
1788414300,3907882.0,3907882.0,3907882.0,3907882.0,0.00257756
1788415200,3907882.0,3907882.0,3907882.0,3907882.0,0.0
1788416100,3907882.0,3907882.0,3907882.0,3907882.0,0.0
1788417000,3907882.0,3907882.0,3907882.0,3907882.0,0.0
1788417900,3907882.0,3907882.0,3907882.0,3907882.0,0.0
1788418800,3907882.0,3907882.0,3907882.0,3907882.0,0.0
1788419700,3907882.0,3907882.0,3907882.0,3907882.0,0.0
1788420600,3934222.0,3937519.0,3934222.0,3937519.0,0.00506064
1788421500,3937519.0,3937519.0,3937519.0,3937519.0,0.0
1788422400,3937519.0,3937519.0,3937519.0,3937519.0,0.0
1788423300,3937519.0,3940815.0,3937519.0,3940815.0,0.00269823
1788424200,3940815.0,3944112.0,3940815.0,3944112.0,0.00743388
1788425100,3944112.0,3947408.0,3944112.0,3947408.0,0.00613199
1788426000,3947408.0,3947408.0,3947408.0,3947408.0,0.0
1788426900,3947408.0,3947408.0,3947408.0,3947408.0,0.0
1788427800,3947408.0,3947408.0,3947408.0,3947408.0,0.0
1788428700,3947408.0,3947408.0,3947408.0,3947408.0,0.0
1788429600,3947408.0,3947408.0,3947408.0,3947408.0,0.0
1788430500,3907903.0,3907903.0,3907903.0,3907903.0,0.00596883
1788431400,3907903.0,3907903.0,3907903.0,3907903.0,0.0
1788432300,3947400.0,3947408.0,3947400.0,3947408.0,0.01570322
1788433200,3947408.0,3950705.0,3947408.0,3950705.0,0.01182963
1788434100,3950705.0,3950705.0,3950705.0,3950705.0,0.0
1788435000,3950705.0,3950705.0,3950705.0,3950705.0,0.0
1788435900,3950705.0,3950705.0,3950705.0,3950705.0,0.0
1788436800,3950705.0,3950705.0,3950705.0,3950705.0,0.0
1788437700,3950705.0,3950705.0,3950705.0,3950705.0,0.0
1788438600,3950705.0,3950705.0,3950705.0,3950705.0,0.0
1788439500,3907947.0,3963891.0,3907947.0,3963891.0,0.15904417
1788440400,3963891.0,3963891.0,3963891.0,3963891.0,0.0
1788441300,3963891.0,3963891.0,3963891.0,3963891.0,0.0
1788442200,3963000.0,3963000.0,3963000.0,3963000.0,0.61986015
1788443100,3963000.0,3982986.0,3963000.0,3982986.0,2.4226659
1788444000,3989141.0,3993061.0,3989141.0,3993061.0,0.274327
1788444900,3993061.0,3993061.0,3909071.0,3909071.0,0.00773834
1788445800,3909071.0,3909071.0,3909071.0,3909071.0,0.0
1788446700,3909071.0,3909071.0,3909071.0,3909071.0,0.0
1788447600,3974925.0,3976000.0,3909061.0,3976000.0,0.01617438
1788448500,3976000.0,3976000.0,3976000.0,3976000.0,0.0
1788449400,3976000.0,3976000.0,3910043.0,3976000.0,0.02742171
1788450300,3976000.0,3976000.0,3976000.0,3976000.0,0.0
1788451200,3976000.0,3976000.0,3976000.0,3976000.0,0.0
1788452100,3976000.0,3976000.0,3976000.0,3976000.0,0.00555181
1788453000,3976000.0,3976000.0,3976000.0,3976000.0,0.0
1788453900,3976000.0,3976000.0,3976000.0,3976000.0,0.24846931
1788454800,3976000.0,3976000.0,3976000.0,3976000.0,0.0
1788455700,3976000.0,3976000.0,3976000.0,3976000.0,0.0
1788456600,3976000.0,3992000.0,3976000.0,3992000.0,0.37544564
1788457500,3992000.0,4500000.0,3992000.0,4500000.0,39.71980401
1788458400,4500000.0,4500000.0,4500000.0,4500000.0,0.0
1788459300,4499992.0,4499992.0,3966567.0,4200754.0,0.06710582
1788460200,4499991.0,4499992.0,3966665.0,3966665.0,0.14624309
1788461100,3966682.0,3966682.0,3966682.0,3966682.0,0.0032365
1788462000,3966682.0,3966682.0,3966682.0,3966682.0,0.0
1788462900,4489994.0,4489995.0,4489994.0,4489995.0,0.02353499
1788463800,4489995.0,4489995.0,4489995.0,4489995.0,0.0
1788464700,4489995.0,4489995.0,4489995.0,4489995.0,0.0
1788465600,3966685.0,3966685.0,3966683.0,3966683.0,0.25487159
1788466500,3966683.0,3966683.0,3966683.0,3966683.0,0.0
1788467400,3966683.0,3966683.0,3966683.0,3966683.0,0.0
1788468300,4027660.0,4027660.0,4027660.0,4027660.0,0.00619391
1788469200,4027660.0,4027660.0,4027660.0,4027660.0,0.0
1788470100,3966727.0,3966727.0,3966721.0,3966721.0,0.20202766
1788471000,4028340.0,4028340.0,4028340.0,4028340.0,0.00278228
1788471900,4028340.0,4028340.0,4028340.0,4028340.0,0.0
1788472800,4028340.0,4028340.0,4028340.0,4028340.0,0.0
1788473700,4028340.0,4028340.0,4028340.0,4028340.0,0.0
1788474600,4028340.0,4028340.0,4028340.0,4028340.0,0.0
1788475500,4028340.0,4028340.0,4028340.0,4028340.0,0.0
1788476400,4045226.0,4085037.0,4045226.0,4085037.0,0.05925185
1788477300,4085037.0,4085037.0,4085037.0,4085037.0,0.0
1788478200,4085037.0,4085037.0,4085037.0,4085037.0,0.0
1788479100,4089234.0,4089234.0,4089234.0,4089234.0,0.00255328
1788480000,3966711.0,3966711.0,3966711.0,3966711.0,0.00278228
1788480900,4040431.0,4444444.0,3966706.0,3966707.0,0.91748297
1788481800,4043984.0,4043988.0,4043984.0,4043988.0,0.20974587
1788482700,4045296.0,4444444.0,4045293.0,4046378.0,0.90900334
1788483600,4046379.0,4074996.0,4046379.0,4074996.0,0.00734971
1788484500,4046378.0,4046378.0,3876954.0,3876954.0,2.92769561
1788485400,3876954.0,3876954.0,3876954.0,3876954.0,0.0
1788486300,3878207.0,3936332.0,3878207.0,3936332.0,0.04418354
1788487200,3936332.0,3966328.0,3936332.0,3966328.0,0.04188423
1788488100,3966328.0,3966328.0,3966328.0,3966328.0,0.0
1788489000,3966328.0,3976326.0,3966328.0,3976326.0,0.0050094
1788489900,3976326.0,3976326.0,3976326.0,3976326.0,0.0
1788490800,3976326.0,3976326.0,3976326.0,3976326.0,0.0062613
1788491700,3976325.0,3986325.0,3976325.0,3986325.0,0.02560406
1788492600,3986325.0,3986325.0,3986325.0,3986325.0,0.00496271
1788493500,3986325.0,3986325.0,3986325.0,3986325.0,0.0
1788494400,3986325.0,3986325.0,3986325.0,3986325.0,0.18273238
1788495300,3986325.0,3986325.0,3986325.0,3986325.0,0.0
1788496200,3986325.0,3986325.0,3986325.0,3986325.0,0.0
1788497100,3986325.0,3986325.0,3986325.0,3986325.0,0.58900522
1788498000,3986324.0,3996323.0,3986324.0,3996323.0,0.08693062
1788498900,3996323.0,3996323.0,3996323.0,3996323.0,0.0
1788499800,3996323.0,3996323.0,3996323.0,3996323.0,0.00715007
1788500700,3996323.0,3996323.0,3996323.0,3996323.0,0.0
1788501600,3996323.0,3996323.0,3996323.0,3996323.0,0.0
1788502500,3996323.0,3996323.0,3996323.0,3996323.0,0.0
1788503400,3996323.0,4006322.0,3996323.0,4006322.0,0.00895562
1788504300,4006322.0,4006322.0,4006322.0,4006322.0,0.0
1788505200,4006322.0,4006322.0,4006322.0,4006322.0,0.0
1788506100,4006322.0,4036317.0,4006322.0,4036317.0,0.13150141
1788507000,4036317.0,4064203.0,4036317.0,4064203.0,0.35629767
1788507900,4000000.0,4000000.0,3878695.0,3878695.0,0.45583744
1788508800,3878695.0,3878695.0,3878695.0,3878695.0,0.0
1788509700,3878695.0,3878695.0,3878695.0,3878695.0,0.0
1788510600,4064199.0,4064199.0,3878933.0,3878933.0,0.03655822
1788511500,3878933.0,3878933.0,3878933.0,3878933.0,0.0
1788512400,3878933.0,3878933.0,3878933.0,3878933.0,0.0
1788513300,3878933.0,3878933.0,3878933.0,3878933.0,0.0
1788514200,3878933.0,3878933.0,3878933.0,3878933.0,0.0
1788515100,4064198.0,4064198.0,4064198.0,4064198.0,0.01827911
1788516000,4064199.0,4064199.0,4064199.0,4064199.0,0.00613777
1788516900,4064199.0,4064199.0,4064199.0,4064199.0,0.00571871
1788517800,3960004.0,4064199.0,3960002.0,4064199.0,0.28453594
1788518700,3960003.0,3960003.0,3960001.0,3960001.0,0.1432927
1788519600,3960001.0,3960001.0,3960001.0,3960001.0,0.0
1788520500,3960001.0,3960001.0,3960001.0,3960001.0,0.0
1788521400,4062996.0,4062996.0,4062996.0,4062996.0,0.11517362
1788522300,3961004.0,3961004.0,3961004.0,3961004.0,0.00278383
1788523200,3961004.0,3961004.0,3961004.0,3961004.0,0.00431873
1788524100,3961004.0,3961004.0,3961004.0,3961004.0,0.00255554
1788525000,3961004.0,3961004.0,3961004.0,3961004.0,0.0
1788525900,4058007.0,4058007.0,4058007.0,4058007.0,0.01393294
1788526800,3961019.0,3961019.0,3961019.0,3961019.0,0.01651241
1788527700,3961024.0,3961024.0,3961024.0,3961024.0,0.00470194
1788528600,4049990.0,4050000.0,4049990.0,4050000.0,18.45277616
1788529500,4062000.0,4098043.0,4062000.0,4098043.0,1.57501551
1788530400,4098043.0,4098043.0,4098043.0,4098043.0,0.0
1788531300,4098043.0,4098043.0,4098043.0,4098043.0,0.0
1788532200,4103579.0,4111450.0,4015000.0,4015000.0,1.34046981
1788533100,4015000.0,4015000.0,4015000.0,4015000.0,0.0
1788534000,4087998.0,4087998.0,4087998.0,4087998.0,0.00404305
1788534900,4094121.0,4094278.0,4094121.0,4094278.0,0.01007557
1788535800,4079007.0,4079007.0,4079007.0,4079007.0,0.00549202
1788536700,4079007.0,4079007.0,4079007.0,4079007.0,0.0
1788537600,4072249.0,4072249.0,4017004.0,4017004.0,0.02343616
1788538500,4017005.0,4068532.0,4017005.0,4068532.0,0.00837508
1788539400,4017005.0,4017005.0,4017000.0,4017000.0,0.13399076
1788540300,4078073.0,4078073.0,4078073.0,4078073.0,0.01221042
1788541200,4071587.0,4071683.0,4071587.0,4071683.0,0.02445923
1788542100,4071683.0,4071683.0,4071683.0,4071683.0,0.0
1788543000,4060048.0,4060048.0,4017000.0,4017000.0,0.01645773
1788543900,4017000.0,4017000.0,4017000.0,4017000.0,0.0
1788544800,4017000.0,4017000.0,4017000.0,4017000.0,0.08192035
1788545700,4050409.0,4050409.0,4050409.0,4050409.0,0.02378549
1788546600,4050384.0,4050384.0,4050384.0,4050384.0,0.00285701
1788547500,4050384.0,4050384.0,4050384.0,4050384.0,0.0
1788548400,4050384.0,4050384.0,4050384.0,4050384.0,0.0
1788549300,4050404.0,4050407.0,4050404.0,4050407.0,0.07134399
1788550200,4049911.0,4049911.0,4049911.0,4049911.0,0.01971181
1788551100,4045803.0,4045803.0,4045803.0,4045803.0,0.01479894
1788552000,4045803.0,4045803.0,4045803.0,4045803.0,0.0
1788552900,4041696.0,4041696.0,4041696.0,4041696.0,0.01604847
1788553800,4041696.0,4041696.0,4041696.0,4041696.0,0.0
1788554700,4037589.0,4037589.0,4033481.0,4033481.0,0.04515713
1788555600,4033481.0,4033481.0,4033481.0,4033481.0,0.0
1788556500,4029374.0,4029374.0,3997984.0,3997984.0,0.10809372
1788557400,3997984.0,3997984.0,3997984.0,3997984.0,0.0
1788558300,3997984.0,3997984.0,3997984.0,3997984.0,0.0
1788559200,3997984.0,3997984.0,3997984.0,3997984.0,0.0
1788560100,4037585.0,4037585.0,3988208.0,4037585.0,0.04841202
1788561000,4037585.0,4037585.0,4037585.0,4037585.0,0.0
1788561900,4037585.0,4037585.0,4037585.0,4037585.0,0.0
1788562800,3988208.0,3988208.0,3988208.0,3988208.0,0.00255401
1788563700,3988208.0,3988208.0,3988208.0,3988208.0,0.0
1788564600,3988208.0,3988208.0,3988208.0,3988208.0,0.0
1788565500,3988208.0,3988208.0,3988208.0,3988208.0,0.0
1788566400,4049710.0,4049710.0,4049710.0,4049710.0,0.00245918
1788567300,4049710.0,4049710.0,4049710.0,4049710.0,0.0
1788568200,4049710.0,4049710.0,4049710.0,4049710.0,0.0
1788569100,4049710.0,4049710.0,4049710.0,4049710.0,0.0
1788570000,4049710.0,4049710.0,4049710.0,4049710.0,0.0
1788570900,3998210.0,3998210.0,3998210.0,3998210.0,0.00284987
1788571800,4049710.0,4049712.0,4049710.0,4049712.0,0.01260559
1788572700,4049712.0,4049712.0,4049712.0,4049712.0,0.0
1788573600,4049712.0,4049712.0,4049712.0,4049712.0,0.0
1788574500,3998210.0,3998210.0,3998210.0,3998210.0,0.01016005
1788575400,3998210.0,3998210.0,3998210.0,3998210.0,0.0
1788576300,3998210.0,3998210.0,3998210.0,3998210.0,0.0
1788577200,4049000.0,4049000.0,3961000.0,4049000.0,0.50975984
1788578100,4049000.0,4049000.0,4049000.0,4049000.0,0.0
1788579000,3965000.0,3965000.0,3965000.0,3965000.0,0.0028975
1788579900,3965000.0,3965000.0,3965000.0,3965000.0,0.0
1788580800,4049000.0,4049712.0,4049000.0,4049712.0,0.00983787
1788581700,4049711.0,4049712.0,4049711.0,4049712.0,0.02655003
1788582600,4049712.0,4049712.0,4049712.0,4049712.0,0.0
1788583500,4049712.0,4049712.0,4049712.0,4049712.0,0.0
1788584400,3966009.0,4049706.0,3966009.0,4049706.0,0.05475433
1788585300,4049711.0,4049711.0,4049711.0,4049711.0,0.0150251
1788586200,4049711.0,4049711.0,4049711.0,4049711.0,0.0
1788587100,4049711.0,4049711.0,4049711.0,4049711.0,0.0
1788588000,4049711.0,4049712.0,4049711.0,4049712.0,0.01166428
1788588900,4049712.0,4049712.0,4049712.0,4049712.0,0.00245918
1788589800,4049712.0,4049712.0,4049712.0,4049712.0,0.0
1788590700,4049712.0,4049712.0,4049712.0,4049712.0,0.0
1788591600,3971001.0,3971001.0,3971001.0,3971001.0,0.01331332
1788592500,3971001.0,3971001.0,3971001.0,3971001.0,0.00616595
1788593400,4049711.0,4049716.0,4049711.0,4049716.0,0.2216431
1788594300,4049716.0,4049716.0,4049716.0,4049716.0,0.0
1788595200,4049716.0,4049716.0,4049716.0,4049716.0,0.0
1788596100,4049716.0,4049716.0,4049716.0,4049716.0,0.0
1788597000,3971001.0,3971001.0,3971000.0,3971000.0,0.02529614
1788597900,3971000.0,3971000.0,3971000.0,3971000.0,0.0
1788598800,3972001.0,3972001.0,3972001.0,3972001.0,0.02601512
1788599700,3972001.0,3972001.0,3972001.0,3972001.0,0.00377281
1788600600,3972001.0,3972001.0,3972001.0,3972001.0,0.0
1788601500,3972001.0,3972001.0,3972001.0,3972001.0,0.0
1788602400,4048990.0,4048991.0,3972100.0,3972100.0,0.15490407
1788603300,3972100.0,3972100.0,3972100.0,3972100.0,0.0026778
1788604200,3972100.0,3972100.0,3972100.0,3972100.0,0.0
1788605100,3972100.0,3972100.0,3972100.0,3972100.0,0.0
1788606000,4048990.0,4048990.0,4048990.0,4048990.0,0.01141493
1788606900,3975000.0,3976000.0,3975000.0,3976000.0,0.02897428
1788607800,3976000.0,3976000.0,3976000.0,3976000.0,0.0
1788608700,3976000.0,3976000.0,3976000.0,3976000.0,0.00363866
1788609600,3977000.0,3977000.0,3977000.0,3977000.0,0.01260523
1788610500,3980000.0,3980000.0,3980000.0,3980000.0,0.13665066
1788611400,3980000.0,3980000.0,3980000.0,3980000.0,0.00616691
1788612300,3980000.0,3980000.0,3980000.0,3980000.0,0.00681736
1788613200,4048491.0,4048496.0,4048491.0,4048496.0,0.02274871
1788614100,3980050.0,3980050.0,3980050.0,3980050.0,0.0067832
1788615000,4048491.0,4048491.0,4048491.0,4048491.0,0.00507226
1788615900,4048491.0,4048491.0,4048491.0,4048491.0,0.0
1788616800,4048491.0,4048491.0,4048491.0,4048491.0,0.0
1788617700,4048491.0,4048491.0,4048491.0,4048491.0,0.00953491
1788618600,4048491.0,4048491.0,4048491.0,4048491.0,0.0
1788619500,4048491.0,4048491.0,4048491.0,4048491.0,0.0
1788620400,4048491.0,4049716.0,4048491.0,4049716.0,0.16154436
1788621300,4049716.0,4049716.0,4049716.0,4049716.0,0.0
1788622200,4049716.0,4049716.0,4049716.0,4049716.0,0.0
1788623100,4049716.0,4049716.0,4049716.0,4049716.0,0.0
1788624000,4049716.0,4049716.0,4048491.0,4048491.0,0.01765848
1788624900,4049716.0,4049716.0,4049716.0,4049716.0,0.03376187
1788625800,4049716.0,4049716.0,4049716.0,4049716.0,0.0
1788626700,4049716.0,4049716.0,4049716.0,4049716.0,0.0
1788627600,4048491.0,4049716.0,4048491.0,4049716.0,0.03597511
1788628500,4049716.0,4049716.0,4049716.0,4049716.0,0.0
1788629400,4049716.0,4049716.0,4048491.0,4048491.0,0.04290756
1788630300,4048491.0,4048491.0,4048491.0,4048491.0,0.00629073
1788631200,4049716.0,4049716.0,4049716.0,4049716.0,0.00245918
1788632100,4049716.0,4049716.0,4049716.0,4049716.0,0.00861566
1788633000,4049716.0,4049716.0,4049716.0,4049716.0,0.02352337
1788633900,4049716.0,4049716.0,4049716.0,4049716.0,0.0
1788634800,4049716.0,4049716.0,4049716.0,4049716.0,0.0
1788635700,4049716.0,4049716.0,4049716.0,4049716.0,0.0
1788636600,4049716.0,4049716.0,4049716.0,4049716.0,0.0
1788637500,4049716.0,4049716.0,4049716.0,4049716.0,0.01308042
1788638400,4049716.0,4049716.0,4049716.0,4049716.0,0.0
1788639300,4049716.0,4049716.0,4049716.0,4049716.0,0.0
1788640200,4049716.0,4049716.0,4049716.0,4049716.0,0.0
1788641100,4048491.0,4049716.0,4048491.0,4049716.0,0.02533565
1788642000,4049716.0,4049716.0,4049716.0,4049716.0,0.0
1788642900,4049716.0,4049716.0,4049716.0,4049716.0,0.0
1788643800,4049716.0,4049716.0,4049716.0,4049716.0,0.0
1788644700,4049716.0,4049716.0,4049716.0,4049716.0,0.0
1788645600,4048491.0,4048491.0,4048491.0,4048491.0,0.00254433
1788646500,4049716.0,4300000.0,4049716.0,4300000.0,6.0474635
1788647400,4300000.0,4300000.0,4300000.0,4300000.0,0.0
1788648300,4048491.0,4048491.0,4048491.0,4048491.0,0.0052627
1788649200,4048491.0,4300000.0,4048491.0,4300000.0,0.24577704
1788650100,4300000.0,4300000.0,4300000.0,4300000.0,0.0
1788651000,4048491.0,4048491.0,4048491.0,4048491.0,0.2216431
1788651900,4145737.0,4145737.0,4145737.0,4145737.0,0.0360334
1788652800,4145737.0,4145737.0,4145737.0,4145737.0,0.0
1788653700,4145737.0,4145737.0,4145737.0,4145737.0,0.0
1788654600,4067511.0,4067511.0,4067511.0,4067511.0,0.09270804
1788655500,4067511.0,4067511.0,4067511.0,4067511.0,0.0
1788656400,4067511.0,4067511.0,4067511.0,4067511.0,0.0
1788657300,4067511.0,4067511.0,4067511.0,4067511.0,0.0
1788658200,4067511.0,4067511.0,4067511.0,4067511.0,0.0
1788659100,4048491.0,4048491.0,4048491.0,4048491.0,0.03752681
1788660000,4094854.0,4094854.0,4094854.0,4094854.0,0.0039552
1788660900,4063408.0,4145733.0,4063408.0,4145733.0,0.60615003
1788661800,4145733.0,4145733.0,4145733.0,4145733.0,0.09249183
1788662700,4145733.0,4145733.0,4145733.0,4145733.0,0.0
1788663600,4145733.0,4145733.0,4145733.0,4145733.0,0.0
1788664500,4141939.0,4145733.0,4141939.0,4145733.0,0.01229317
1788665400,4145733.0,4145733.0,4145733.0,4145733.0,0.0
1788666300,4145733.0,4145733.0,4145733.0,4145733.0,0.0
1788667200,4145733.0,4145733.0,4145733.0,4145733.0,0.0
1788668100,4145733.0,4145733.0,4145733.0,4145733.0,0.0
1788669000,4145733.0,4145733.0,4145733.0,4145733.0,0.0
1788669900,4141939.0,4141939.0,4141939.0,4141939.0,0.01661083
1788670800,4141939.0,4141939.0,4141939.0,4141939.0,0.0
1788671700,4130117.0,4130117.0,4130117.0,4130117.0,0.01979961
1788672600,4130117.0,4130117.0,4118295.0,4118295.0,0.02738426
1788673500,4118291.0,4118291.0,4118291.0,4118291.0,0.06287437
1788674400,4118287.0,4118287.0,4118287.0,4118287.0,0.00819102
1788675300,4118287.0,4118287.0,4118287.0,4118287.0,0.0
1788676200,4118281.0,4118281.0,4118281.0,4118281.0,0.00586336
1788677100,4118281.0,4118283.0,4118281.0,4118283.0,0.05463368
1788678000,4106473.0,4106473.0,4106473.0,4106473.0,0.43376617
1788678900,4118283.0,4118283.0,4118283.0,4118283.0,0.00962439
1788679800,4118283.0,4118283.0,4118283.0,4118283.0,0.0
1788680700,4118283.0,4118283.0,4118283.0,4118283.0,0.0
1788681600,4118283.0,4118283.0,4118283.0,4118283.0,0.0
1788682500,4118283.0,4118283.0,4118283.0,4118283.0,0.0
1788683400,4118283.0,4462643.0,4106473.0,4462634.0,2.42187904
1788684300,4106476.0,4354592.0,4106476.0,4197032.0,0.39392101
1788685200,4197032.0,4214536.0,4106476.0,4127007.0,0.66061044
1788686100,4127007.0,4127007.0,4127007.0,4127007.0,0.0
1788687000,4127007.0,4127007.0,4127007.0,4127007.0,0.0
1788687900,4127007.0,4144510.0,4127007.0,4144510.0,0.02930394
1788688800,4144514.0,4144514.0,4144514.0,4144514.0,0.00459088
1788689700,4144514.0,4144514.0,4144514.0,4144514.0,0.0
1788690600,4144514.0,4144514.0,4144514.0,4144514.0,0.0
1788691500,4144514.0,4144514.0,4144514.0,4144514.0,0.0
1788692400,4144500.0,4161857.0,4144500.0,4161857.0,0.09606748
1788693300,4161861.0,4162016.0,4161861.0,4162016.0,0.00826044
1788694200,4162011.0,4162011.0,4106477.0,4106477.0,0.0086718
1788695100,4106477.0,4106477.0,4106477.0,4106477.0,0.0
1788696000,4106477.0,4162007.0,4106477.0,4162007.0,0.01600753
1788696900,4106477.0,4106477.0,4094651.0,4094651.0,0.02284717
1788697800,4162007.0,4162007.0,4162007.0,4162007.0,0.07178531
1788698700,4094652.0,4094652.0,4094652.0,4094652.0,0.00826044
1788699600,4094652.0,4094652.0,4094652.0,4094652.0,0.0
1788700500,4094652.0,4094652.0,4094652.0,4094652.0,0.0
1788701400,4162006.0,4162007.0,4094652.0,4094652.0,0.05338865
1788702300,4162006.0,4197033.0,4162006.0,4197033.0,0.31437998
1788703200,4094652.0,4197000.0,4094652.0,4197000.0,0.10033598
1788704100,4197000.0,4197000.0,4197000.0,4197000.0,0.04462902
1788705000,4197023.0,4197023.0,4094653.0,4094653.0,0.01726795
1788705900,4094653.0,4094653.0,4094653.0,4094653.0,0.0
1788706800,4094653.0,4094653.0,4094653.0,4094653.0,0.0
1788707700,4197011.0,4197011.0,4197011.0,4197011.0,0.01186439
1788708600,4197011.0,4197011.0,4197011.0,4197011.0,0.0
1788709500,4197033.0,4198260.0,4099000.0,4099000.0,1.74230341
1788710400,4195996.0,4195996.0,4194990.0,4194990.0,0.00971182
1788711300,4194990.0,4194990.0,4194990.0,4194990.0,0.0
1788712200,4100001.0,4193996.0,4071009.0,4071009.0,2.1601653
1788713100,4174990.0,4174990.0,4174990.0,4174990.0,0.00663594
1788714000,4174990.0,4174990.0,4174990.0,4174990.0,0.0
1788714900,4174990.0,4174990.0,4174990.0,4174990.0,0.0
1788715800,4174990.0,4174990.0,4174990.0,4174990.0,0.0
1788716700,4174990.0,4174990.0,4174990.0,4174990.0,0.0
1788717600,4174990.0,4174990.0,4174990.0,4174990.0,0.0
1788718500,4174990.0,4174990.0,4174990.0,4174990.0,0.0
1788719400,4174990.0,4174990.0,4174990.0,4174990.0,0.0
1788720300,4071009.0,4071009.0,4071009.0,4071009.0,0.04621748
1788721200,4102649.0,4110810.0,4102649.0,4110810.0,0.00859727
1788722100,4071009.0,4110814.0,4071008.0,4071008.0,0.08424697
1788723000,4071008.0,4071008.0,4071008.0,4071008.0,0.0
1788723900,4071008.0,4071008.0,4071008.0,4071008.0,0.0
1788724800,4071008.0,4071008.0,4071008.0,4071008.0,0.0
1788725700,4071008.0,4071008.0,4071008.0,4071008.0,0.0
1788726600,4071008.0,4071008.0,4071008.0,4071008.0,0.21275197
1788727500,4071008.0,4071008.0,4071008.0,4071008.0,0.0
1788728400,4071008.0,4071008.0,4071008.0,4071008.0,0.0
1788729300,4071008.0,4071008.0,4071008.0,4071008.0,0.0
1788730200,4071008.0,4071008.0,4071008.0,4071008.0,0.0
1788731100,4071008.0,4071008.0,4071008.0,4071008.0,0.0
1788732000,4110814.0,4110814.0,4110814.0,4110814.0,0.00242263
1788732900,4110814.0,4127143.0,4063462.0,4127143.0,0.18708435
1788733800,4127139.0,4127139.0,4127139.0,4127139.0,0.0240113
1788734700,4127139.0,4127139.0,4127139.0,4127139.0,0.0
1788735600,4127139.0,4127139.0,4127139.0,4127139.0,0.0
1788736500,4125996.0,4125996.0,4123996.0,4123996.0,0.02431172
1788737400,4123996.0,4123996.0,4123996.0,4123996.0,0.0
1788738300,4123996.0,4123996.0,4123996.0,4123996.0,0.0
1788739200,4123996.0,4123996.0,4123996.0,4123996.0,0.0
1788740100,4123996.0,4123996.0,4123996.0,4123996.0,0.0
1788741000,4123996.0,4123996.0,4123996.0,4123996.0,0.0
1788741900,4063462.0,4063462.0,4050000.0,4050004.0,0.65883556
1788742800,4050004.0,4050004.0,4050004.0,4050004.0,0.0
1788743700,4109992.0,4109992.0,4109992.0,4109992.0,0.04846262
1788744600,4109992.0,4109992.0,4109992.0,4109992.0,0.0
1788745500,4109992.0,4109992.0,4109992.0,4109992.0,0.0
1788746400,4104996.0,4105000.0,4104996.0,4105000.0,0.62038087
1788747300,4103000.0,4103000.0,4102500.0,4102500.0,0.11345464
1788748200,4050999.0,4102000.0,4048491.0,4102000.0,0.62646253
1788749100,4102000.0,4102000.0,4102000.0,4102000.0,0.0026704
1788750000,4102000.0,4102000.0,4102000.0,4102000.0,0.0
1788750900,4102000.0,4102000.0,4102000.0,4102000.0,0.0
1788751800,4101996.0,4101996.0,4048609.0,4048609.0,0.012936
1788752700,4101995.0,4101995.0,4101995.0,4101995.0,0.00242784
1788753600,4101995.0,4101995.0,4101995.0,4101995.0,0.0
1788754500,4055029.0,4055029.0,4055029.0,4055029.0,0.01230422
1788755400,4055024.0,4101490.0,4048597.0,4101490.0,0.76311309
1788756300,4101490.0,4101490.0,4101490.0,4101490.0,0.0
1788757200,4101490.0,4101490.0,4101490.0,4101490.0,0.0
1788758100,4100995.0,4100995.0,4100995.0,4100995.0,0.0118993
1788759000,4048626.0,4048626.0,4048626.0,4048626.0,0.0118993
1788759900,4048626.0,4048626.0,4048626.0,4048626.0,0.0
1788760800,4048626.0,4048626.0,4048626.0,4048626.0,0.0
1788761700,4048626.0,4100483.0,4048597.0,4048601.0,0.25832193
1788762600,4048601.0,4048601.0,4048601.0,4048601.0,0.05444647
1788763500,4048601.0,4048601.0,4048601.0,4048601.0,0.0
1788764400,4100465.0,4100465.0,4100465.0,4100465.0,0.00242874
1788765300,4048739.0,4048739.0,4048739.0,4048739.0,0.00621262
1788766200,4048829.0,4048829.0,4048827.0,4048827.0,0.00503851
1788767100,4048827.0,4048827.0,4048827.0,4048827.0,0.0
1788768000,4048867.0,4048867.0,4048867.0,4048867.0,0.00254901
1788768900,4048869.0,4048869.0,4048869.0,4048869.0,0.02165199
1788769800,4048869.0,4048869.0,4048869.0,4048869.0,0.0
1788770700,4048888.0,4048888.0,4048888.0,4048888.0,0.01884978
1788771600,4048888.0,4048888.0,4048888.0,4048888.0,0.0
1788772500,4048888.0,4048888.0,4048888.0,4048888.0,0.0
1788773400,4094857.0,4094857.0,4094857.0,4094857.0,0.01576172
1788774300,4093526.0,4099995.0,4093526.0,4099995.0,0.05111593
1788775200,4099995.0,4099995.0,4099995.0,4099995.0,0.0
1788776100,4099995.0,4099995.0,4099995.0,4099995.0,0.00485805
1788777000,4099995.0,4099995.0,4099995.0,4099995.0,0.0
1788777900,4090647.0,4090647.0,4090647.0,4090647.0,0.08301987
1788778800,4049055.0,4090647.0,4049055.0,4090647.0,0.03226774
1788779700,4090647.0,4090647.0,4090647.0,4090647.0,0.0
1788780600,4090647.0,4090647.0,4090647.0,4090647.0,0.00278586
1788781500,4090647.0,4090647.0,4090647.0,4090647.0,0.0
1788782400,4090647.0,4090647.0,4090647.0,4090647.0,0.0
1788783300,4090647.0,4090651.0,4090647.0,4090647.0,0.24656966
1788784200,4090647.0,4090647.0,4051004.0,4051004.0,0.02210845
1788785100,4051012.0,4051012.0,3900009.0,3900009.0,2.30121069
1788786000,4089996.0,4089996.0,4089996.0,4089996.0,0.00438606
1788786900,4088999.0,4089000.0,4088999.0,4089000.0,0.055618
1788787800,4089000.0,4089000.0,4089000.0,4089000.0,0.0
1788788700,4088995.0,4088995.0,3901352.0,4088992.0,0.0122373
1788789600,4088992.0,4088992.0,4088992.0,4088992.0,0.0
1788790500,4088992.0,4088992.0,4088992.0,4088992.0,0.0
1788791400,3901534.0,4088977.0,3901532.0,4088977.0,0.07268346
1788792300,4088977.0,4088977.0,4088977.0,4088977.0,0.0
1788793200,4088977.0,4088977.0,4088977.0,4088977.0,0.0
1788794100,4088944.0,4088945.0,3930753.0,4025320.0,0.24374367
1788795000,4025320.0,4137608.0,3901475.0,3901475.0,2.44318031
1788795900,4093473.0,4093473.0,4085657.0,4085657.0,0.02948782
1788796800,4109990.0,4109991.0,4109990.0,4109991.0,0.00728371
1788797700,4109104.0,4109991.0,4093473.0,4109991.0,0.04198969
1788798600,4093473.0,4093473.0,4077846.0,4077846.0,0.03120322
1788799500,4077846.0,4077846.0,4077846.0,4077846.0,0.02930394
1788800400,4077846.0,4077846.0,4077846.0,4077846.0,0.0
1788801300,4077846.0,4077846.0,4077846.0,4077846.0,0.0
1788802200,4077842.0,4077842.0,4046581.0,4046581.0,0.12323821
1788803100,4046586.0,4076995.0,4046585.0,4046589.0,0.0729272
1788804000,4046589.0,4046589.0,4046589.0,4046589.0,0.0
1788804900,4109991.0,4109991.0,4109991.0,4109991.0,0.00277056
1788805800,4109991.0,4109991.0,4109991.0,4109991.0,0.00242311
1788806700,4109991.0,4109991.0,4109991.0,4109991.0,0.0
1788807600,4109991.0,4109991.0,4109991.0,4109991.0,0.0
1788808500,4109991.0,4109991.0,4109991.0,4109991.0,0.0
1788809400,4046593.0,4046593.0,4046593.0,4046593.0,0.01128852
1788810300,4046593.0,4046593.0,4046593.0,4046593.0,0.0
1788811200,4046593.0,4046593.0,4046593.0,4046593.0,0.0
1788812100,4046593.0,4046593.0,4046593.0,4046593.0,0.0
1788813000,4046593.0,4046593.0,4046593.0,4046593.0,0.0
1788813900,4046601.0,4046601.0,4046601.0,4046601.0,0.00492184
1788814800,4046601.0,4046601.0,4046601.0,4046601.0,0.0
1788815700,4046601.0,4046601.0,4046601.0,4046601.0,0.0
1788816600,4046601.0,4046601.0,4046601.0,4046601.0,0.0
1788817500,4046601.0,4046601.0,4046601.0,4046601.0,0.0
1788818400,4046601.0,4046601.0,4046601.0,4046601.0,0.0
1788819300,4046599.0,4046599.0,4046599.0,4046599.0,0.00459088
1788820200,4046599.0,4046599.0,4046599.0,4046599.0,0.0
1788821100,4046599.0,4046599.0,4046599.0,4046599.0,0.0
1788822000,4046599.0,4046599.0,4046599.0,4046599.0,0.0
1788822900,4046624.0,4046624.0,4046624.0,4046624.0,0.00571871
1788823800,4046624.0,4046624.0,4046624.0,4046624.0,0.0
1788824700,4108990.0,4108990.0,4108990.0,4108990.0,0.0024237
1788825600,4046635.0,4046635.0,4046589.0,4046589.0,0.23883174
1788826500,4046589.0,4046589.0,4046589.0,4046589.0,0.0
1788827400,4046589.0,4046589.0,4046589.0,4046589.0,0.0
1788828300,4046589.0,4046589.0,4046589.0,4046589.0,0.0
1788829200,4083596.0,4108986.0,4046609.0,4046609.0,0.06668594
1788830100,4046609.0,4046609.0,4046609.0,4046609.0,0.0
1788831000,4046609.0,4046609.0,4046609.0,4046609.0,0.0
1788831900,4046609.0,4046609.0,4046609.0,4046609.0,0.0
1788832800,4046609.0,4046609.0,4046609.0,4046609.0,0.0
1788833700,4100000.0,4100000.0,4046599.0,4046599.0,0.13640339
1788834600,4046599.0,4046599.0,4046599.0,4046599.0,0.0
1788835500,4096197.0,4096197.0,4096197.0,4096197.0,0.02431279
1788836400,4096197.0,4096197.0,4096197.0,4096197.0,0.0
1788837300,4099991.0,4099995.0,4099991.0,4099995.0,0.02429029
1788838200,4099995.0,4100000.0,4099995.0,4100000.0,0.01266342
1788839100,4100000.0,4100000.0,4100000.0,4100000.0,0.00242902
1788840000,4100000.0,4100000.0,4100000.0,4100000.0,0.0
1788840900,4100000.0,4100000.0,4100000.0,4100000.0,0.0
1788841800,4100000.0,4100000.0,4100000.0,4100000.0,0.0
1788842700,4099991.0,4104044.0,4099991.0,4104044.0,0.15086377
1788843600,4104044.0,4104044.0,4104044.0,4104044.0,0.0
1788844500,4104044.0,4104044.0,4104044.0,4104044.0,0.0
1788845400,4104044.0,4104044.0,4104044.0,4104044.0,0.0
1788846300,4104044.0,4104044.0,4104044.0,4104044.0,0.0
1788847200,4104044.0,4104044.0,4104044.0,4104044.0,0.0
1788848100,4104044.0,4104044.0,4104044.0,4104044.0,0.0
1788849000,4080639.0,4080639.0,4046599.0,4046599.0,0.02701788
1788849900,4046599.0,4046599.0,4046599.0,4046599.0,0.0
1788850800,4046599.0,4046599.0,4046599.0,4046599.0,0.0
1788851700,4046599.0,4046599.0,4046599.0,4046599.0,0.0
1788852600,4046599.0,4046599.0,4046599.0,4046599.0,0.0
1788853500,4046599.0,4046599.0,4046599.0,4046599.0,0.0
1788854400,4046599.0,4046599.0,4046599.0,4046599.0,0.0
1788855300,4075856.0,4075859.0,4075856.0,4075859.0,0.02474694
1788856200,4075859.0,4075859.0,4075859.0,4075859.0,0.0
1788857100,4075859.0,4075859.0,4075859.0,4075859.0,0.0
1788858000,4075859.0,4075859.0,4075859.0,4075859.0,0.0
1788858900,4046602.0,4046602.0,4046602.0,4046602.0,0.01008268
1788859800,4046602.0,4046602.0,4046602.0,4046602.0,0.0
1788860700,4046602.0,4046602.0,4046602.0,4046602.0,0.0
1788861600,4046602.0,4046602.0,4046602.0,4046602.0,0.0
1788862500,4104996.0,4104996.0,4104996.0,4104996.0,0.01170914
1788863400,4104996.0,4104996.0,4104996.0,4104996.0,0.0
1788864300,4046618.0,4072087.0,4046618.0,4072087.0,0.01937764
1788865200,4072087.0,4072087.0,4072087.0,4072087.0,0.0
1788866100,4072087.0,4072087.0,4072087.0,4072087.0,0.0
1788867000,4072087.0,4072087.0,4072087.0,4072087.0,0.0
1788867900,4072087.0,4072087.0,4072087.0,4072087.0,0.0
1788868800,4077178.0,4104996.0,4077178.0,4104996.0,0.02656743
1788869700,4104995.0,4104996.0,4104995.0,4104996.0,0.0166994
1788870600,4104996.0,4105000.0,4104996.0,4105000.0,0.12130386
1788871500,4046633.0,4046633.0,4046631.0,4046631.0,0.06555027
1788872400,4104995.0,4104996.0,4104995.0,4104996.0,0.01703631
1788873300,4104996.0,4104996.0,4104996.0,4104996.0,0.0
1788874200,4046627.0,4046627.0,4046581.0,4046581.0,0.09227919
1788875100,4046581.0,4046581.0,4046581.0,4046581.0,0.0
1788876000,4099995.0,4099995.0,4023569.0,4023569.0,0.05036678
1788876900,4023569.0,4023569.0,4018648.0,4018648.0,0.05213656
1788877800,4099995.0,4100000.0,4099995.0,4100000.0,1.21613421
1788878700,4099995.0,4100000.0,4099995.0,4100000.0,0.24120353
1788879600,4100000.0,4100000.0,4100000.0,4100000.0,0.0
1788880500,4098995.0,4098995.0,4098995.0,4098995.0,0.00252134
1788881400,4098995.0,4098995.0,4098995.0,4098995.0,0.0
1788882300,4018644.0,4018644.0,4008794.0,4008794.0,0.0370721
1788883200,4008794.0,4008794.0,4008794.0,4008794.0,0.00262476
1788884100,4008794.0,4008794.0,4008794.0,4008794.0,0.0
1788885000,4097995.0,4097996.0,4097995.0,4097996.0,0.09720897
1788885900,4097996.0,4097996.0,4097996.0,4097996.0,0.01206662
1788886800,4097991.0,4098000.0,4097991.0,4098000.0,0.24302244
1788887700,4098000.0,4098000.0,4098000.0,4098000.0,0.0
1788888600,4098000.0,4098000.0,4098000.0,4098000.0,0.0
1788889500,4098000.0,4098000.0,4098000.0,4098000.0,0.0
1788890400,4097990.0,4097990.0,4097990.0,4097990.0,0.00478746
1788891300,4097990.0,4097990.0,4097990.0,4097990.0,0.0
1788892200,4009000.0,4009000.0,4009000.0,4009000.0,0.00271934
1788893100,4009000.0,4009000.0,4009000.0,4009000.0,0.0
1788894000,4009000.0,4009000.0,4009000.0,4009000.0,0.0
1788894900,4097990.0,4097996.0,4097990.0,4097996.0,0.01217522
1788895800,4097996.0,4097996.0,4097996.0,4097996.0,0.0
1788896700,4097996.0,4097996.0,4097996.0,4097996.0,0.0
1788897600,4097996.0,4097996.0,4097996.0,4097996.0,0.0
1788898500,4097996.0,4097996.0,4097996.0,4097996.0,0.0
1788899400,4097996.0,4097996.0,4097996.0,4097996.0,0.00243021
1788900300,4097996.0,4097996.0,4097996.0,4097996.0,0.0
1788901200,4097996.0,4097996.0,4097996.0,4097996.0,0.0
1788902100,4097996.0,4097996.0,4097996.0,4097996.0,0.0
1788903000,4097996.0,4097996.0,4097996.0,4097996.0,0.0
1788903900,4009000.0,4009000.0,4009000.0,4009000.0,0.00972614
1788904800,4009000.0,4009000.0,4009000.0,4009000.0,0.0
1788905700,4009000.0,4009000.0,4009000.0,4009000.0,0.0
1788906600,4009000.0,4009000.0,4009000.0,4009000.0,0.0
1788907500,4009000.0,4009000.0,4009000.0,4009000.0,0.4832442
1788908400,4009000.0,4009000.0,4009000.0,4009000.0,0.0
1788909300,4009000.0,4009000.0,4009000.0,4009000.0,0.0
1788910200,4009000.0,4009000.0,4009000.0,4009000.0,0.0
1788911100,4010000.0,4010000.0,4000000.0,4000000.0,0.05965277
1788912000,4000000.0,4000000.0,4000000.0,4000000.0,0.0
1788912900,4095995.0,4096000.0,4095995.0,4096000.0,0.12943419
1788913800,4096000.0,4096000.0,4096000.0,4096000.0,0.0
1788914700,4096000.0,4096000.0,4096000.0,4096000.0,0.0
1788915600,4096000.0,4096000.0,4096000.0,4096000.0,0.0
1788916500,4096000.0,4096000.0,4096000.0,4096000.0,0.0
1788917400,4096000.0,4096000.0,4096000.0,4096000.0,0.0
1788918300,4094996.0,4094996.0,4094996.0,4094996.0,0.03661467
1788919200,4094996.0,4094996.0,4094996.0,4094996.0,0.0
1788920100,4094996.0,4094996.0,4094996.0,4094996.0,0.0
1788921000,4094996.0,4094996.0,4094996.0,4094996.0,0.0
1788921900,4094996.0,4094996.0,4094996.0,4094996.0,0.0
1788922800,4094996.0,4094996.0,4094996.0,4094996.0,0.0
1788923700,4094996.0,4094996.0,4094996.0,4094996.0,0.0
1788924600,4094996.0,4094996.0,4094996.0,4094996.0,0.0
1788925500,4094996.0,4094996.0,4094996.0,4094996.0,0.0
1788926400,4094996.0,4094996.0,4094996.0,4094996.0,0.0
1788927300,4094996.0,4094996.0,4094996.0,4094996.0,0.0
1788928200,4094996.0,4094996.0,4094996.0,4094996.0,0.0
1788929100,4093995.0,4094000.0,4093995.0,4094000.0,0.04148657
1788930000,4094000.0,4094000.0,4094000.0,4094000.0,0.0
1788930900,4094000.0,4094000.0,4094000.0,4094000.0,0.0
1788931800,4094000.0,4094000.0,4094000.0,4094000.0,0.0
1788932700,4093993.0,4093996.0,4093993.0,4093996.0,0.0478425
1788933600,4093996.0,4093996.0,4093996.0,4093996.0,0.0
1788934500,4000100.0,4000100.0,3900000.0,3900000.0,6.0474635
1788935400,3900073.0,3900074.0,3900072.0,3900074.0,0.03076254
1788936300,4092972.0,4092975.0,4092972.0,4092975.0,0.0120807
1788937200,4092975.0,4092975.0,4092975.0,4092975.0,0.0
1788938100,4092975.0,4092975.0,4092975.0,4092975.0,0.0
1788939000,4092975.0,4092975.0,4092975.0,4092975.0,0.0
1788939900,4092975.0,4092975.0,4092975.0,4092975.0,0.0
1788940800,3910094.0,3910094.0,3910094.0,3910094.0,0.00438557
1788941700,3910094.0,3910094.0,3910094.0,3910094.0,0.0
1788942600,3910094.0,3910094.0,3910094.0,3910094.0,0.0
1788943500,3910094.0,3910094.0,3910094.0,3910094.0,0.0
1788944400,3910094.0,3910094.0,3910094.0,3910094.0,0.0
1788945300,3910254.0,3910254.0,3910232.0,3910232.0,0.07053285
1788946200,4089959.0,4089959.0,4089959.0,4089959.0,0.01452679
1788947100,4089959.0,4089959.0,4089959.0,4089959.0,0.0
1788948000,4089959.0,4089959.0,4089959.0,4089959.0,0.0
1788948900,3915046.0,3915046.0,3915046.0,3915046.0,0.01437914
1788949800,3915046.0,3915046.0,3915046.0,3915046.0,0.03806775
1788950700,3915046.0,3915046.0,3915046.0,3915046.0,0.0
1788951600,3910214.0,3910214.0,3910159.0,3910159.0,0.05055649
1788952500,4079947.0,4079959.0,3910159.0,4079959.0,0.08056905
