ts,open,high,low,close,volume
1776258000,6220419.0,6220419.0,6220419.0,6220419.0,0.0
1776261600,6220419.0,6220419.0,6220419.0,6220419.0,0.0
1776265200,6220419.0,6220419.0,6220419.0,6220419.0,0.0
1776268800,6220419.0,6220419.0,6220419.0,6220419.0,0.0
1776272400,6220419.0,6220419.0,6220419.0,6220419.0,0.0
1776276000,6220419.0,6220419.0,6220419.0,6220419.0,0.0
1776279600,6220419.0,6220419.0,6220419.0,6220419.0,0.0
1776283200,6220419.0,6220419.0,6220419.0,6220419.0,0.0
1776286800,6220419.0,6220419.0,6220419.0,6220419.0,0.0
1776290400,6220419.0,6220419.0,6220419.0,6220419.0,0.0
1776294000,6220419.0,6220419.0,6220419.0,6220419.0,0.0
1776297600,6220419.0,6220419.0,6220419.0,6220419.0,0.0
1776301200,6220419.0,6220419.0,6220419.0,6220419.0,0.0
1776304800,6220419.0,6220419.0,6220419.0,6220419.0,0.0
1776308400,6220419.0,6220419.0,6220419.0,6220419.0,0.0
1776312000,6220419.0,6220419.0,6220419.0,6220419.0,0.0
1776315600,6220419.0,6220419.0,6220419.0,6220419.0,0.0
1776319200,6220419.0,6220419.0,6220419.0,6220419.0,0.0
1776322800,6865369.0,6865369.0,6865368.0,6865368.0,0.20318945
1776326400,6850000.0,6865369.0,6000008.0,6865369.0,0.15587929
1776330000,6865369.0,6865369.0,6000021.0,6750000.0,0.16758992
1776333600,6000557.0,6750000.0,6000557.0,6750000.0,0.03664668
1776337200,6750000.0,6858076.0,6010800.0,6840140.0,0.13426046
1776340800,6840120.0,6840139.0,6015980.0,6840139.0,0.03355787
1776344400,6840139.0,6865369.0,6017960.0,6496685.0,1.55468164
1776348000,6664000.0,6840000.0,6553526.0,6840000.0,0.25597157
1776351600,6705204.0,6766049.0,6598080.0,6766049.0,0.27806116
1776355200,6616991.0,6840000.0,6615000.0,6757549.0,0.24556648
1776358800,6751522.0,6751522.0,6735874.0,6735874.0,0.2385943
1776362400,6615001.0,6615001.0,6615000.0,6615000.0,0.22404014
1776366000,6732441.0,6840000.0,6615000.0,6615000.0,0.26297275
1776369600,6757938.0,7100000.0,6757938.0,7100000.0,0.23622238
1776373200,6725836.0,7100000.0,6725836.0,6725836.0,0.00815694
1776376800,6729488.0,7100000.0,6615000.0,6615000.0,0.14514764
1776380400,6730544.0,6730544.0,6615000.0,6615000.0,0.29920941
1776384000,6615001.0,7100000.0,6615000.0,7100000.0,0.23793136
1776387600,6722327.0,7100000.0,6615000.0,6615000.0,0.67644293
1776391200,6706364.0,7100000.0,6615002.0,6721699.0,0.07835332
1776394800,6615003.0,6615003.0,6615003.0,6615003.0,0.02948465
1776398400,6706879.0,7000000.0,6705910.0,7000000.0,1.24020766
1776402000,6715323.0,6731605.0,6615009.0,6731605.0,0.56804077
1776405600,6731272.0,6900000.0,6615011.0,6900000.0,0.04755473
1776409200,6615012.0,6752419.0,6615012.0,6752419.0,0.02026255
1776412800,6752763.0,6767609.0,6615016.0,6767609.0,0.02742336
1776416400,6775211.0,6775666.0,6629353.0,6630946.0,0.04064954
1776420000,6779098.0,6779098.0,6772213.0,6772779.0,0.06678622
1776423600,6800000.0,6808443.0,6631661.0,6808443.0,0.19238225
1776427200,6735204.0,6808300.0,6735204.0,6808300.0,0.02628273
1776430800,6758238.0,6808300.0,6707393.0,6808300.0,0.02782656
1776434400,6808300.0,6900000.0,6808300.0,6900000.0,0.07793167
1776438000,6900000.0,7066868.0,6900000.0,7024645.0,0.56024332
1776441600,6913500.0,7020000.0,6882300.0,7019984.0,0.50453717
1776445200,6886322.0,6928992.0,6886322.0,6928992.0,0.21430546
1776448800,6908365.0,6950708.0,6907552.0,6950707.0,0.0804079
1776452400,6938163.0,6948987.0,6927413.0,6927413.0,0.08620676
1776456000,6999999.0,6999999.0,6999999.0,6999999.0,0.00142271
1776459600,6944832.0,6944833.0,6944832.0,6944833.0,0.05
1776463200,6944833.0,6944833.0,6944833.0,6944833.0,0.0
1776466800,7000000.0,7000000.0,6967939.0,6967939.0,0.15471071
1776470400,6967939.0,6967939.0,6967939.0,6967939.0,0.0
1776474000,6933541.0,6942575.0,6776403.0,6776403.0,0.19388909
1776477600,6921017.0,7000000.0,6776421.0,7000000.0,0.1843374
1776481200,6933367.0,6993367.0,6933367.0,6939969.0,0.007936
1776484800,6936321.0,6938232.0,6805005.0,6805005.0,3.01550589
1776488400,6901749.0,6990000.0,6805267.0,6915995.0,0.13629519
1776492000,6805999.0,6956298.0,6805999.0,6949176.0,0.02763578
1776495600,6949176.0,6990000.0,6949176.0,6990000.0,0.00565771
1776499200,6920338.0,6920338.0,6788667.0,6788669.0,0.45502892
1776502800,6909000.0,6914000.0,6754302.0,6754302.0,5.00192562
1776506400,6904005.0,6904005.0,6751993.0,6751993.0,0.0835676
1776510000,6897754.0,6897754.0,6897054.0,6897054.0,0.00426812
1776513600,6897054.0,6897054.0,6776205.0,6776205.0,0.04664279
1776517200,6776207.0,6896053.0,6747505.0,6759061.0,0.54893351
1776520800,6020100.0,6893758.0,6020100.0,6741727.0,0.46780765
1776524400,6761100.0,6778094.0,6761100.0,6778094.0,0.63698401
1776528000,6778094.0,6778094.0,6778094.0,6778094.0,0.06056552
1776531600,6883203.0,6883203.0,6880034.0,6880034.0,0.01874265
1776535200,6879165.0,6879165.0,6729321.0,6879165.0,0.01503236
1776538800,6879165.0,6879165.0,6879165.0,6879165.0,0.00289163
1776542400,6879165.0,6879165.0,6879165.0,6879165.0,0.03000407
1776546000,6879165.0,6879165.0,6879165.0,6879165.0,0.0
1776549600,6879165.0,6879165.0,6879165.0,6879165.0,0.0
1776553200,6878165.0,6905398.0,6749374.0,6898888.0,2.93407474
1776556800,6749994.0,6749994.0,6749994.0,6749994.0,0.03967569
1776560400,6749994.0,6749994.0,6749994.0,6749994.0,0.00682124
1776564000,6879165.0,6880987.0,6742916.0,6754132.0,0.42134433
1776567600,6870165.0,6870165.0,6753962.0,6753962.0,0.01305373
1776571200,6870165.0,6870165.0,6866483.0,6866483.0,0.61788855
1776574800,6866165.0,6891021.0,6741897.0,6741897.0,0.12641157
1776578400,6863877.0,6863877.0,6701621.0,6722013.0,0.16295126
1776582000,6722013.0,6891021.0,6722013.0,6882118.0,0.06126466
1776585600,6882118.0,6882118.0,6732210.0,6732210.0,0.01152532
1776589200,6884029.0,6891021.0,6734079.0,6734079.0,0.19504017
1776592800,6723883.0,6723883.0,6723883.0,6723883.0,0.01756212
1776596400,6830687.0,6830687.0,6830687.0,6830687.0,0.00741345
1776600000,6890006.0,6890006.0,6890006.0,6890006.0,0.00216806
1776603600,6763309.0,6890006.0,6763309.0,6890006.0,0.02101843
1776607200,6890006.0,6890006.0,6890006.0,6890006.0,0.00886152
1776610800,6779956.0,6779956.0,6779956.0,6779956.0,0.00280535
1776614400,6779956.0,6876559.0,6779956.0,6779956.0,0.02972931
1776618000,6880040.0,6880040.0,6779956.0,6880040.0,0.02964893
1776621600,6840058.0,6840058.0,6707738.0,6707738.0,0.14777795
1776625200,6840058.0,6840058.0,6840058.0,6840058.0,0.00145598
1776628800,6840058.0,6840058.0,6840058.0,6840058.0,0.0
1776632400,6836602.0,6836602.0,6836602.0,6836602.0,0.02359827
1776636000,6731173.0,6731173.0,6731173.0,6731173.0,0.05851183
1776639600,6738292.0,6738292.0,6738292.0,6738292.0,0.00173777
1776643200,6731173.0,6840097.0,6151112.0,6840097.0,1.13508946
1776646800,6840095.0,6840095.0,6151120.0,6151120.0,0.01267731
1776650400,6743504.0,6743504.0,6743504.0,6743504.0,0.00289163
1776654000,6839999.0,6839999.0,6839999.0,6839999.0,0.00154722
1776657600,6839999.0,6839999.0,6839999.0,6839999.0,0.0
1776661200,6839999.0,6839999.0,6707732.0,6707732.0,0.03059138
1776664800,6830397.0,6830397.0,6709373.0,6709373.0,0.01086579
1776668400,6709373.0,6709373.0,6709373.0,6709373.0,0.0
1776672000,6839998.0,6839998.0,6839998.0,6839998.0,0.00145599
1776675600,6839998.0,6839998.0,6839998.0,6839998.0,0.03854635
1776679200,6839997.0,6839997.0,6839997.0,6839997.0,0.00291198
1776682800,6839997.0,6839997.0,6839997.0,6839997.0,0.00308026
1776686400,6760092.0,6760092.0,6760092.0,6760092.0,0.00180889
1776690000,6783814.0,6880031.0,6783814.0,6831475.0,0.25364381
1776693600,6831475.0,6831475.0,6831475.0,6831475.0,0.0
1776697200,6740127.0,6740127.0,6161902.0,6644028.0,0.03580619
1776700800,6637750.0,6999009.0,6162991.0,6677239.0,0.03082598
1776704400,6780648.0,6795273.0,6780648.0,6795273.0,0.03738889
1776708000,6795273.0,6795273.0,6795273.0,6795273.0,0.0
1776711600,6683334.0,6683334.0,6683334.0,6683334.0,0.00176992
1776715200,6683334.0,6683334.0,6683334.0,6683334.0,0.0
1776718800,6791012.0,6791012.0,6791012.0,6791012.0,0.02199745
1776722400,6788612.0,6788612.0,6788612.0,6788612.0,0.01467015
1776726000,6772602.0,6788802.0,6772602.0,6788802.0,0.03763379
1776729600,6788802.0,6788802.0,6788802.0,6788802.0,0.0
1776733200,6688904.0,6788802.0,6688904.0,6788802.0,0.02473092
1776736800,6788802.0,6795285.0,6788802.0,6795138.0,0.01242238
1776740400,6795138.0,6795138.0,6795138.0,6795138.0,0.0
1776744000,6713579.0,6805202.0,6713579.0,6805202.0,0.02186698
1776747600,6713579.0,6805202.0,6713579.0,6713579.0,0.05529698
1776751200,6805202.0,6805202.0,6805202.0,6805202.0,0.00660891
1776754800,6713580.0,6805000.0,6713580.0,6805000.0,0.00300361
1776758400,6805000.0,6805000.0,6805000.0,6805000.0,0.0
1776762000,6805000.0,6805000.0,6805000.0,6805000.0,0.0
1776765600,6805000.0,6805000.0,6805000.0,6805000.0,0.0
1776769200,6739609.0,6805202.0,6677240.0,6805202.0,0.14733391
1776772800,6805202.0,6805202.0,6805202.0,6805202.0,0.0
1776776400,6805201.0,6805201.0,6727354.0,6805201.0,0.00931078
1776780000,6805201.0,6805201.0,6805201.0,6805201.0,0.0
1776783600,6755537.0,6755537.0,6755537.0,6755537.0,0.00173176
1776787200,6753566.0,6753566.0,6677239.0,6727836.0,0.01383012
1776790800,6711114.0,6723111.0,6625006.0,6625006.0,0.16303178
1776794400,6728015.0,6728018.0,6728015.0,6728018.0,0.00729992
1776798000,6597809.0,6597809.0,6597809.0,6597809.0,0.00729438
1776801600,6596786.0,6596786.0,6595800.0,6595800.0,0.24279536
1776805200,6612970.0,6612970.0,6612970.0,6612970.0,0.00822398
1776808800,6709186.0,6709186.0,6709186.0,6709186.0,0.00222649
1776812400,6709186.0,6709186.0,6709186.0,6709186.0,0.0
1776816000,6709186.0,6709186.0,6709186.0,6709186.0,0.0
1776819600,6709186.0,6709186.0,6709186.0,6709186.0,0.0
1776823200,6709186.0,6709186.0,6709186.0,6709186.0,0.01484382
1776826800,6672029.0,6709186.0,6667231.0,6667231.0,0.00502504
1776830400,6709186.0,6709186.0,6475000.0,6709186.0,0.01078587
1776834000,6709186.0,6760964.0,6475000.0,6760964.0,0.06071219
1776837600,6760964.0,6777872.0,6668925.0,6670402.0,0.80784952
1776841200,6655292.0,6655292.0,6655292.0,6655292.0,0.01511939
1776844800,6672876.0,6765791.0,6664045.0,6664045.0,0.02770194
1776848400,6661705.0,6661705.0,6656543.0,6656543.0,0.00838817
1776852000,6663300.0,6765791.0,6663300.0,6765791.0,0.00661161
1776855600,6760001.0,6760001.0,6475100.0,6475100.0,0.0038004
1776859200,6760001.0,6760001.0,6654917.0,6655556.0,0.01262424
1776862800,6758113.0,6758113.0,6758113.0,6758113.0,0.00468207
1776866400,6758113.0,6758113.0,6758113.0,6758113.0,0.0
1776870000,6765791.0,6790015.0,6765791.0,6781125.0,0.01329824
1776873600,6697820.0,6781047.0,6475374.0,6780833.0,0.01252799
1776877200,6774637.0,6774637.0,6774637.0,6774637.0,0.00276147
1776880800,6774637.0,6774637.0,6774637.0,6774637.0,0.0
1776884400,6760003.0,6760003.0,6760003.0,6760003.0,0.02149496
1776888000,6760003.0,6998416.0,6760003.0,6875965.0,0.16324509
1776891600,6901332.0,6901332.0,6901332.0,6901332.0,0.00603782
1776895200,6692449.0,6692449.0,6587993.0,6587993.0,0.15670365
1776898800,6654335.0,6654335.0,6654335.0,6654335.0,0.03741636
1776902400,6667252.0,6667252.0,6610828.0,6610828.0,0.01662571
1776906000,6610828.0,6699077.0,6610828.0,6699077.0,0.01705972
1776909600,6561652.0,6561652.0,6561652.0,6561652.0,0.00474258
1776913200,6658718.0,6658718.0,6523405.0,6523405.0,0.30344015
1776916800,6537517.0,6540691.0,6537517.0,6540691.0,0.01090363
1776920400,6540691.0,6540691.0,6540691.0,6540691.0,0.0
1776924000,6540692.0,6680643.0,6507384.0,6642907.0,0.76860996
1776927600,6532347.0,6554291.0,6532347.0,6554291.0,0.0990505
1776931200,6596752.0,6596752.0,6596752.0,6596752.0,0.01172971
1776934800,6574761.0,6576412.0,6574761.0,6576300.0,0.01352753
1776938400,6475374.0,6554712.0,6475128.0,6550401.0,0.08486622
1776942000,6550402.0,6578201.0,6494977.0,6578069.0,0.0179737
1776945600,6574555.0,6574555.0,6475128.0,6475128.0,0.01506028
1776949200,6585193.0,6585193.0,6512067.0,6512067.0,0.03237978
1776952800,6479000.0,6480105.0,6475000.0,6475000.0,4.47982587
1776956400,6476703.0,6605648.0,6476703.0,6605648.0,0.01399572
1776960000,6589908.0,6633968.0,6589908.0,6627685.0,0.02712622
1776963600,6556340.0,6556340.0,6476898.0,6476898.0,0.04424808
1776967200,6544100.0,6544100.0,6544100.0,6544100.0,0.00189132
1776970800,6544100.0,6544100.0,6544100.0,6544100.0,0.0
1776974400,6501869.0,6501869.0,6476898.0,6476898.0,0.03198774
1776978000,6476898.0,6544236.0,6476898.0,6544236.0,0.01677149
1776981600,6544236.0,6544236.0,6544236.0,6544236.0,0.0
1776985200,6549597.0,6549597.0,6548888.0,6548888.0,0.04233437
1776988800,6476898.0,6476898.0,6476898.0,6476898.0,0.0220475
1776992400,6531649.0,6558679.0,6531649.0,6558679.0,0.03779237
1776996000,6562682.0,6562682.0,6562569.0,6562569.0,0.00920555
1776999600,6562569.0,6562569.0,6562569.0,6562569.0,0.0
1777003200,6562569.0,6562569.0,6562569.0,6562569.0,0.0
1777006800,6510376.0,6545089.0,6510376.0,6545089.0,0.00905786
1777010400,6540656.0,6540656.0,6540587.0,6540587.0,0.00682898
1777014000,6529903.0,6529903.0,6529903.0,6529903.0,0.00353894
1777017600,6476902.0,6562532.0,6476898.0,6562532.0,0.15704466
1777021200,6562532.0,6562532.0,6562532.0,6562532.0,0.0
1777024800,6560637.0,6560637.0,6560637.0,6560637.0,0.00177787
1777028400,6548391.0,6548391.0,6548391.0,6548391.0,0.01030024
1777032000,6476900.0,6476900.0,6476900.0,6476900.0,0.01289411
1777035600,6557522.0,6649881.0,6500530.0,6649881.0,0.02897599
1777039200,6476902.0,6554727.0,6476902.0,6546579.0,0.02634096
1777042800,6546579.0,6546579.0,6546579.0,6546579.0,0.0
1777046400,6476902.0,6540822.0,6476898.0,6507460.0,0.05668641
1777050000,6476898.0,6476898.0,6476898.0,6476898.0,0.00379457
1777053600,6545931.0,6545931.0,6545923.0,6545923.0,0.01912797
1777057200,6545923.0,6545923.0,6545923.0,6545923.0,0.0
1777060800,6545791.0,6545791.0,6545791.0,6545791.0,0.00158223
1777064400,6545909.0,6545909.0,6545909.0,6545909.0,0.00456422
1777068000,6476898.0,6476898.0,6475000.0,6475000.0,0.00456422
1777071600,6475000.0,6475000.0,6475000.0,6475000.0,0.0
1777075200,6475000.0,6475000.0,6475000.0,6475000.0,0.0
1777078800,6475000.0,6475000.0,6433335.0,6433335.0,0.26813229
1777082400,6433335.0,6433335.0,6433335.0,6433335.0,0.0
1777086000,6517955.0,6517955.0,6517955.0,6517955.0,0.00185012
1777089600,6400000.0,6487454.0,6400000.0,6487454.0,0.02504935
1777093200,6487454.0,6487454.0,6487454.0,6487454.0,0.0
1777096800,6400008.0,6400008.0,6400008.0,6400008.0,0.00177787
1777100400,6534515.0,6534515.0,6534504.0,6534504.0,0.01179246
1777104000,6534210.0,6534372.0,6534210.0,6534369.0,0.01508896
1777107600,6433003.0,6433003.0,6433003.0,6433003.0,0.02131519
1777111200,6434021.0,6535621.0,6400000.0,6400000.0,3.06778264
1777114800,6424242.0,6424242.0,6424242.0,6424242.0,0.00744789
1777118400,6426246.0,6426246.0,6426129.0,6426129.0,0.0105272
1777122000,6536000.0,6536000.0,6429050.0,6535996.0,0.01468704
1777125600,6535996.0,6535996.0,6424250.0,6424250.0,3.04783672
1777129200,6424250.0,6424250.0,6424250.0,6424250.0,0.0
1777132800,6524270.0,6524270.0,6524270.0,6524270.0,0.01580084
1777136400,6424250.0,6424250.0,6424250.0,6424250.0,0.00239203
1777140000,6433508.0,6433508.0,6433507.0,6433507.0,0.00720768
1777143600,6433506.0,6433506.0,6433506.0,6433506.0,0.00775533
1777147200,6433506.0,6433506.0,6433506.0,6433506.0,0.0
1777150800,6433506.0,6433506.0,6424246.0,6424246.0,0.00562866
1777154400,6424246.0,6424246.0,6424246.0,6424246.0,0.0
1777158000,6424246.0,6424246.0,6424246.0,6424246.0,0.0
1777161600,6433506.0,6433506.0,6433506.0,6433506.0,0.0023219
1777165200,6433506.0,6433506.0,6424246.0,6433506.0,0.0063628
1777168800,6433506.0,6433506.0,6433506.0,6433506.0,0.73729479
1777172400,6524273.0,6540332.0,6524273.0,6540332.0,0.01920937
1777176000,6540332.0,6540332.0,6540332.0,6540332.0,0.0
1777179600,6540332.0,6540332.0,6540332.0,6540332.0,0.0
1777183200,6507518.0,6507518.0,6424250.0,6424250.0,0.04353741
1777186800,6507518.0,6507518.0,6433678.0,6433678.0,0.02339041
1777190400,6507518.0,6540332.0,6507518.0,6540332.0,0.17787591
1777194000,6540332.0,6543389.0,6424250.0,6442084.0,0.02997387
1777197600,6543389.0,6543389.0,6443122.0,6543389.0,0.03287923
1777201200,6443126.0,6443126.0,6443126.0,6443126.0,0.00561487
1777204800,6443126.0,6543385.0,6443118.0,6443118.0,0.0938034
1777208400,6543376.0,6543376.0,6543376.0,6543376.0,0.00167742
1777212000,6443118.0,6443118.0,6433678.0,6433678.0,0.01001698
1777215600,6543372.0,6543372.0,6446545.0,6446545.0,0.00993189
1777219200,6543372.0,6543372.0,6543372.0,6543372.0,0.00636902
1777222800,6543372.0,6543372.0,6543372.0,6543372.0,0.00189351
1777226400,6543372.0,6543372.0,6543372.0,6543372.0,0.0025091
1777230000,6543372.0,6543372.0,6543372.0,6543372.0,0.0
1777233600,6543368.0,6543368.0,6543368.0,6543368.0,0.01807555
1777237200,6543368.0,6543368.0,6543368.0,6543368.0,0.0
1777240800,6538193.0,6543368.0,6538193.0,6543368.0,0.02363048
1777244400,6543368.0,6543368.0,6543368.0,6543368.0,0.0
1777248000,6543368.0,6543368.0,6543368.0,6543368.0,0.0
1777251600,6525519.0,6543364.0,6525519.0,6543364.0,0.07138233
1777255200,6470915.0,6470915.0,6470915.0,6470915.0,0.01807534
1777258800,6543125.0,6543125.0,6543125.0,6543125.0,0.00160764
1777262400,6493237.0,6543376.0,6493237.0,6543376.0,0.5308006
1777266000,6543376.0,6543376.0,6543376.0,6543376.0,0.0
1777269600,6470004.0,6540515.0,6470004.0,6540515.0,0.04301122
1777273200,6528692.0,6528692.0,6528692.0,6528692.0,0.00152542
1777276800,6524436.0,6524436.0,6524436.0,6524436.0,0.00238089
1777280400,6470000.0,6470000.0,6470000.0,6470000.0,0.00238089
1777284000,6470000.0,6470000.0,6470000.0,6470000.0,0.0
1777287600,6524436.0,6524436.0,6470000.0,6470000.0,0.02901276
1777291200,6470000.0,6470000.0,6470000.0,6470000.0,0.01982556
1777294800,6513635.0,6513635.0,6400000.0,6400000.0,2.49306167
1777298400,6379077.0,6411616.0,6284951.0,6411616.0,0.05817555
1777302000,6391711.0,6391711.0,6391711.0,6391711.0,0.0623642
1777305600,6384980.0,6384980.0,6384980.0,6384980.0,0.03448298
1777309200,6403500.0,6499874.0,6403500.0,6499874.0,0.03101116
1777312800,6499874.0,6499874.0,6499874.0,6499874.0,0.0
1777316400,6499874.0,6499874.0,6499874.0,6499874.0,0.0
1777320000,6499874.0,6499874.0,6499874.0,6499874.0,0.0
1777323600,6499874.0,6499874.0,6499874.0,6499874.0,0.0
1777327200,6499874.0,6499874.0,6499874.0,6499874.0,0.0
1777330800,6499874.0,6499874.0,6499874.0,6499874.0,0.0
1777334400,6478709.0,6478709.0,6478709.0,6478709.0,0.00173722
1777338000,6524429.0,6524429.0,6524429.0,6524429.0,0.0051258
1777341600,6524429.0,6524436.0,6445042.0,6445053.0,0.03524548
1777345200,6524440.0,6524440.0,6454779.0,6454779.0,0.01622468
1777348800,6454779.0,6454779.0,6454779.0,6454779.0,0.0
1777352400,6454779.0,6454779.0,6454779.0,6454779.0,0.0
1777356000,6524422.0,6524426.0,6524422.0,6524426.0,0.00915851
1777359600,6442110.0,6524426.0,6442110.0,6524426.0,0.02141843
1777363200,6524426.0,6524426.0,6524426.0,6524426.0,0.00325377
1777366800,6524426.0,6524426.0,6524426.0,6524426.0,0.00351601
1777370400,6524426.0,6524426.0,6434147.0,6524426.0,0.03299126
1777374000,6521424.0,6521424.0,6407463.0,6515038.0,0.02669388
1777377600,6408088.0,6408088.0,6408088.0,6408088.0,0.00172719
1777381200,6524426.0,6524426.0,6468146.0,6524426.0,0.05376804
1777384800,6521996.0,6590000.0,6521996.0,6590000.0,0.60757836
1777388400,6582030.0,6582030.0,6581787.0,6581787.0,0.07351054
1777392000,6569230.0,6569230.0,6473182.0,6473182.0,0.00453598
1777395600,6556313.0,6556313.0,6445833.0,6445833.0,0.00481642
1777399200,6445833.0,6445833.0,6445833.0,6445833.0,0.0
1777402800,6445833.0,6445833.0,6445833.0,6445833.0,0.0
1777406400,6569055.0,6569055.0,6454870.0,6454870.0,0.00860117
1777410000,6454870.0,6454870.0,6454870.0,6454870.0,0.0
1777413600,6454870.0,6454870.0,6454870.0,6454870.0,0.0
1777417200,6590000.0,6590000.0,6250239.0,6588380.0,0.01031225
1777420800,6588380.0,6588380.0,6588380.0,6588380.0,0.0
1777424400,6590000.0,6590000.0,6477910.0,6477910.0,0.42884349
1777428000,6601791.0,6601791.0,6601791.0,6601791.0,0.00159335
1777431600,6613633.0,6637690.0,6613633.0,6637690.0,0.00765666
1777435200,6628433.0,6628433.0,6517271.0,6517271.0,0.024662
1777438800,6614216.0,6614545.0,6250254.0,6609707.0,0.03482731
1777442400,6490394.0,6490394.0,6490394.0,6490394.0,0.00531657
1777446000,6607084.0,6607084.0,6607084.0,6607084.0,0.00165791
1777449600,6507526.0,6700000.0,6507526.0,6700000.0,0.15277461
1777453200,6700000.0,6700000.0,6700000.0,6700000.0,0.0
1777456800,6700000.0,6700000.0,6502609.0,6605993.0,0.02602636
1777460400,6611117.0,6611117.0,6608381.0,6608381.0,0.00352982
1777464000,6605227.0,6605227.0,6605227.0,6605227.0,0.23688784
1777467600,6607246.0,6609882.0,6495012.0,6495012.0,0.15083147
1777471200,6534647.0,6700000.0,6443445.0,6562446.0,0.11873644
1777474800,6422809.0,6514514.0,6404866.0,6404866.0,0.01613165
1777478400,6537439.0,6537439.0,6453546.0,6453546.0,0.0409935
1777482000,6537439.0,6537439.0,6537439.0,6537439.0,0.00761689
1777485600,6443095.0,6443095.0,6443095.0,6443095.0,0.0062581
1777489200,6443095.0,6443095.0,6443095.0,6443095.0,0.0
1777492800,6443095.0,6443095.0,6443095.0,6443095.0,0.0
1777496400,6535193.0,6535193.0,6535193.0,6535193.0,0.00225991
1777500000,6535193.0,6535193.0,6535193.0,6535193.0,0.0
1777503600,6537435.0,6537435.0,6537435.0,6537435.0,0.00380837
1777507200,6444696.0,6537439.0,6444696.0,6537439.0,0.00702866
1777510800,6460658.0,6460658.0,6460658.0,6460658.0,0.00317008
1777514400,6537435.0,6537435.0,6525758.0,6525758.0,0.00404941
1777518000,6537439.0,6537439.0,6431482.0,6431482.0,0.00455346
1777521600,6533526.0,6534001.0,6533526.0,6534001.0,0.00515426
1777525200,6534001.0,6534001.0,6534001.0,6534001.0,0.0
1777528800,6525348.0,6525348.0,6525348.0,6525348.0,0.00228922
1777532400,6508627.0,6508627.0,6508495.0,6508495.0,0.01044798
1777536000,6508495.0,6508495.0,6508495.0,6508495.0,0.0
1777539600,6425874.0,6537439.0,6425874.0,6537439.0,0.00967507
1777543200,6423391.0,6426590.0,6300002.0,6426590.0,0.12738932
1777546800,6527039.0,6527039.0,6527039.0,6527039.0,0.00243709
1777550400,6534975.0,6537439.0,6534975.0,6537439.0,0.10245715
1777554000,6400578.0,6400578.0,6400578.0,6400578.0,0.0021059
1777557600,6391012.0,6537439.0,6391012.0,6537439.0,0.01716556
1777561200,6537439.0,6537439.0,6525422.0,6525422.0,0.95902071
1777564800,6525422.0,6525422.0,6525422.0,6525422.0,0.0
1777568400,6525422.0,6650895.0,6525422.0,6650895.0,0.20197827
1777572000,6433012.0,6677145.0,6433012.0,6677145.0,0.03896265
1777575600,6677145.0,6677145.0,6677145.0,6677145.0,0.0
1777579200,6674944.0,6674944.0,6674944.0,6674944.0,0.02989957
1777582800,6683666.0,6683666.0,6683666.0,6683666.0,0.00149005
1777586400,6683666.0,6683666.0,6683666.0,6683666.0,0.0
1777590000,6683666.0,6683666.0,6683666.0,6683666.0,0.0
1777593600,6682162.0,6682162.0,6682162.0,6682162.0,0.00291672
1777597200,6434604.0,6434604.0,6434604.0,6434604.0,0.03085654
1777600800,6696133.0,6700000.0,6696133.0,6700000.0,0.00648993
1777604400,6700000.0,6700000.0,6700000.0,6700000.0,0.0
1777608000,6450036.0,6699540.0,6450036.0,6699540.0,0.00625874
1777611600,6699540.0,6699540.0,6699540.0,6699540.0,0.0
1777615200,6699994.0,6699996.0,6695041.0,6695041.0,0.05779213
1777618800,6695041.0,6695041.0,6695041.0,6695041.0,0.0
1777622400,6695041.0,6695041.0,6695041.0,6695041.0,0.0
1777626000,6682147.0,6682147.0,6682147.0,6682147.0,0.01493367
1777629600,6450012.0,6450012.0,6450004.0,6450004.0,0.01513268
1777633200,6450004.0,6450004.0,6450004.0,6450004.0,0.00571885
1777636800,6450004.0,6450004.0,6450004.0,6450004.0,0.0
1777640400,6700000.0,6700000.0,6695078.0,6695078.0,0.00812865
1777644000,6699996.0,6699996.0,6450006.0,6450006.0,0.01224587
1777647600,6699998.0,6900334.0,6699998.0,6900334.0,1.36291308
1777651200,6927430.0,6927430.0,6450114.0,6450114.0,0.09826526
1777654800,6450118.0,6908788.0,6450114.0,6450114.0,0.05520975
1777658400,6459999.0,6459999.0,6459999.0,6459999.0,0.00723066
1777662000,6921722.0,6921722.0,6921722.0,6921722.0,0.01266303
1777665600,6892329.0,6892330.0,6892329.0,6892330.0,0.00723906
1777669200,6450118.0,6867411.0,6450118.0,6867411.0,0.03218154
1777672800,6867411.0,6867411.0,6867411.0,6867411.0,0.0
1777676400,6453906.0,6453906.0,6453905.0,6453905.0,0.03662217
1777680000,6453905.0,6453905.0,6453905.0,6453905.0,0.0
1777683600,6829082.0,6829098.0,6829082.0,6829098.0,0.01604152
1777687200,6829094.0,6829094.0,6829094.0,6829094.0,0.0039235
1777690800,6828100.0,6828100.0,6828100.0,6828100.0,0.0016845
1777694400,6452102.0,6825008.0,6452000.0,6452000.0,0.03720572
1777698000,6452006.0,6820002.0,6452004.0,6820002.0,0.01674399
1777701600,6820002.0,6820002.0,6820002.0,6820002.0,0.0
1777705200,6801028.0,6801028.0,6801028.0,6801028.0,0.00146433
1777708800,6789996.0,6789996.0,6452204.0,6452204.0,0.01232229
1777712400,6769988.0,6769988.0,6769988.0,6769988.0,0.01471051
1777716000,6452062.0,6739018.0,6450114.0,6739018.0,0.18195526
1777719600,6739018.0,6739018.0,6739018.0,6739018.0,0.0
1777723200,6739018.0,6739018.0,6739018.0,6739018.0,0.0
1777726800,6705008.0,6705008.0,6705008.0,6705008.0,0.00808365
1777730400,6450134.0,6710005.0,6450132.0,6450260.0,0.03136666
1777734000,6710002.0,6867411.0,6710002.0,6867411.0,0.07289127
1777737600,6451200.0,6867402.0,6451200.0,6867402.0,0.03197688
1777741200,6451976.0,6451976.0,6451976.0,6451976.0,0.0039235
1777744800,6867400.0,6867404.0,6452582.0,6452582.0,0.01184672
1777748400,6867364.0,6867364.0,6867364.0,6867364.0,0.00209964
1777752000,6867364.0,6867364.0,6867364.0,6867364.0,0.0
1777755600,6867364.0,6867364.0,6867364.0,6867364.0,0.0
1777759200,6857350.0,6857350.0,6857350.0,6857350.0,0.07730678
1777762800,6857356.0,6857356.0,6857356.0,6857356.0,0.0014523
1777766400,6453964.0,6453964.0,6453964.0,6453964.0,0.00168127
1777770000,6857354.0,6857360.0,6453976.0,6857354.0,0.01436839
1777773600,6454276.0,6857358.0,6454022.0,6454022.0,0.17278603
1777777200,6454034.0,6857186.0,6454030.0,6454036.0,0.02228277
1777780800,6856314.0,6856314.0,6856244.0,6856248.0,0.02571083
1777784400,6456002.0,6456662.0,6456002.0,6456660.0,0.02611906
1777788000,6749994.0,6749994.0,6456664.0,6749894.0,0.01171187
1777791600,6749994.0,6750000.0,6749994.0,6750000.0,0.04929823
1777795200,6457304.0,6457304.0,6457304.0,6457304.0,0.00182316
1777798800,6457304.0,6457304.0,6457304.0,6457304.0,0.0
1777802400,6749999.0,6750000.0,6460054.0,6460054.0,0.03167112
1777806000,6750000.0,6750000.0,6750000.0,6750000.0,0.0014754
1777809600,6750000.0,6750000.0,6470590.0,6749998.0,0.01930689
1777813200,6470512.0,6857360.0,6470512.0,6857342.0,0.202041
1777816800,6470556.0,6857364.0,6470554.0,6470562.0,0.14091702
1777820400,6857314.0,6857314.0,6857314.0,6857314.0,0.00274874
1777824000,6857194.0,6857194.0,6857194.0,6857194.0,0.01181591
1777827600,6857360.0,6857360.0,6470722.0,6470722.0,0.00399132
1777831200,6470722.0,6470722.0,6470722.0,6470722.0,0.0
1777834800,6500348.0,6500348.0,6500348.0,6500348.0,0.00261768
1777838400,6500348.0,6500348.0,6500348.0,6500348.0,0.0
1777842000,6857360.0,6857362.0,6857360.0,6857362.0,0.01151711
1777845600,6610474.0,6610474.0,6470615.0,6470615.0,0.04929823
1777849200,6470664.0,6470664.0,6470664.0,6470664.0,0.00775979
1777852800,6500092.0,6857310.0,6500090.0,6857310.0,0.11973205
1777856400,6706980.0,6706980.0,6706980.0,6706980.0,0.00962295
1777860000,6706982.0,6857358.0,6500008.0,6857358.0,0.0665211
1777863600,6857350.0,6857350.0,6500208.0,6500208.0,0.00442599
1777867200,6857352.0,6857354.0,6500762.0,6857350.0,0.06299252
1777870800,6500963.0,6857350.0,6500963.0,6857350.0,0.00919762
1777874400,6857350.0,6857350.0,6857350.0,6857350.0,0.00204656
1777878000,6501432.0,6857349.0,6499999.0,6857349.0,1.00351738
1777881600,6857060.0,6857060.0,6857060.0,6857060.0,0.00288359
1777885200,6856927.0,6856927.0,6500004.0,6500014.0,0.02177348
1777888800,6856313.0,6856313.0,6500008.0,6828299.0,0.02743853
1777892400,6828299.0,6828299.0,6828299.0,6828299.0,0.0
1777896000,6500025.0,6500025.0,6500025.0,6500025.0,0.00201929
1777899600,6825411.0,6825633.0,6500021.0,6825633.0,0.12248056
1777903200,6825331.0,6825331.0,6825268.0,6825268.0,0.00584514
1777906800,6810034.0,6810034.0,6788036.0,6788036.0,0.00437138
1777910400,6787907.0,6787911.0,6787815.0,6787815.0,0.02035384
1777914000,6787815.0,6787815.0,6787815.0,6787815.0,0.0
1777917600,6787815.0,6787815.0,6787815.0,6787815.0,0.0
1777921200,6787815.0,6787815.0,6787815.0,6787815.0,0.0
1777924800,6650023.0,6650023.0,6650023.0,6650023.0,0.00166435
1777928400,6819590.0,6819590.0,6819590.0,6819590.0,0.00197944
1777932000,6819590.0,6819590.0,6819590.0,6819590.0,0.0
1777935600,6819590.0,6819590.0,6819590.0,6819590.0,0.0
1777939200,6500232.0,6500232.0,6500232.0,6500232.0,0.00468819
1777942800,6819124.0,6819124.0,6500212.0,6819076.0,0.01628948
1777946400,6819014.0,6819014.0,6819014.0,6819014.0,0.00158585
1777950000,6819030.0,6819032.0,6500270.0,6819032.0,0.04652381
1777953600,6819032.0,6819165.0,6502276.0,6502280.0,0.00903397
1777957200,6819162.0,6819165.0,6502324.0,6819165.0,0.04085691
1777960800,6819165.0,6819165.0,6819165.0,6819165.0,0.0
1777964400,6502572.0,6819162.0,6502479.0,6819162.0,0.03387119
1777968000,6502480.0,6820000.0,6502480.0,6510018.0,0.1297656
1777971600,6510030.0,6820000.0,6510030.0,6510048.0,0.12268608
1777975200,6819996.0,6819996.0,6510092.0,6510092.0,0.00575727
1777978800,6819996.0,6819996.0,6450114.0,6789998.0,1.46233357
1777982400,6450140.0,6800000.0,6450140.0,6800000.0,0.99018729
1777986000,6819997.0,6867411.0,6475164.0,6867411.0,1.63210471
1777989600,6485932.0,6849977.0,6485900.0,6849977.0,0.17756895
1777993200,6490006.0,6849781.0,6490006.0,6849776.0,0.02396029
1777996800,6849498.0,6849498.0,6849498.0,6849498.0,0.00222103
1778000400,6490022.0,6490022.0,6490020.0,6490020.0,0.00732107
1778004000,6848701.0,6848701.0,6848701.0,6848701.0,0.02908303
1778007600,6848151.0,6848151.0,6848151.0,6848151.0,0.00159955
1778011200,6848151.0,6848151.0,6848151.0,6848151.0,0.0
1778014800,6848151.0,6848151.0,6848151.0,6848151.0,0.0
1778018400,6510704.0,6510704.0,6510704.0,6510704.0,0.00215276
1778022000,6705002.0,6705002.0,6705002.0,6705002.0,0.0014853
1778025600,6700008.0,6700008.0,6700008.0,6700008.0,0.01368416
1778029200,6700002.0,6728112.0,6700002.0,6728112.0,0.01921374
1778032800,6510740.0,6730148.0,6510740.0,6730148.0,0.02234426
1778036400,6730147.0,6730147.0,6550006.0,6730141.0,0.01328908
1778040000,6730039.0,6730039.0,6730039.0,6730039.0,0.00147978
1778043600,6730011.0,6730011.0,6729988.0,6729988.0,0.00826522
1778047200,6730141.0,6730141.0,6730141.0,6730141.0,0.14606637
1778050800,6730141.0,6730141.0,6730141.0,6730141.0,0.0
1778054400,6810004.0,6810004.0,6551165.0,6810004.0,0.00717582
1778058000,6809999.0,6809999.0,6551274.0,6551290.0,0.02100796
1778061600,6809996.0,6844844.0,6551294.0,6844844.0,0.18108602
1778065200,6553316.0,6553323.0,6553314.0,6553323.0,0.04303353
1778068800,6553333.0,6553333.0,6553333.0,6553333.0,0.00245661
1778072400,6752992.0,6820000.0,6752992.0,6820000.0,0.02652595
1778076000,6819950.0,6819950.0,6819950.0,6819950.0,0.00160617
1778079600,6554210.0,6819996.0,6554210.0,6554218.0,0.01229864
1778083200,6554222.0,6554302.0,6554222.0,6554302.0,0.01899418
1778086800,6819998.0,6819998.0,6819998.0,6819998.0,0.00292052
1778090400,6819998.0,6819998.0,6819998.0,6819998.0,0.0
1778094000,6819998.0,6916998.0,6819998.0,6916998.0,0.19422609
1778097600,6963028.0,6963028.0,6554680.0,6963014.0,0.01268231
1778101200,6962824.0,6962824.0,6962824.0,6962824.0,0.00300366
1778104800,6962824.0,6962824.0,6962824.0,6962824.0,0.0
1778108400,6962806.0,6962806.0,6962806.0,6962806.0,0.00218087
1778112000,6555626.0,6958374.0,6555624.0,6956087.0,0.09270242
1778115600,6558909.0,6950048.0,6558909.0,6950048.0,0.00706923
1778119200,6562904.0,6950035.0,6562904.0,6762925.0,0.3160029
1778122800,6950035.0,6950035.0,6562923.0,6562930.0,0.08832968
1778126400,6666666.0,6950037.0,6565976.0,6565976.0,0.02619371
1778130000,6844444.0,6949976.0,6566018.0,6874446.0,0.17314501
1778133600,6917036.0,6917038.0,6568109.0,6768153.0,0.04922607
1778137200,6811000.0,6813303.0,6811000.0,6813303.0,0.00752588
1778140800,6949696.0,6949696.0,6813303.0,6813303.0,0.01347211
1778144400,6949600.0,6987235.0,6949600.0,6987235.0,0.19693558
1778148000,6960003.0,7068930.0,6960003.0,6999003.0,0.04949575
1778151600,7068874.0,7068876.0,6989008.0,7068838.0,0.06066215
1778155200,7068826.0,7068844.0,7015993.0,7015993.0,0.07151611
1778158800,6855612.0,7068931.0,6600001.0,6600001.0,0.21107608
1778162400,7068930.0,7223399.0,6600006.0,7223399.0,0.12294231
1778166000,7181698.0,7181698.0,6600017.0,6606924.0,0.04006389
1778169600,6606938.0,7102524.0,6606936.0,7069136.0,0.02197598
1778173200,7069136.0,7069138.0,6607907.0,6607907.0,0.08935358
1778176800,6607907.0,6607907.0,6607907.0,6607907.0,0.0
1778180400,7069132.0,7069132.0,7069132.0,7069132.0,0.0014088
1778184000,7069136.0,7223398.0,7069136.0,7223398.0,0.04421172
1778187600,7195237.0,7195250.0,6608134.0,7195248.0,0.03498722
1778191200,7131863.0,7150493.0,6610104.0,7150493.0,0.02365232
1778194800,7150508.0,7150508.0,6610127.0,7033333.0,0.16295668
1778198400,7010104.0,7033104.0,7010104.0,7010108.0,0.01184873
1778202000,7010505.0,7010505.0,7010505.0,7010505.0,0.00147496
1778205600,7010505.0,7200867.0,7010504.0,7200867.0,0.05719094
1778209200,7200866.0,7200867.0,7010504.0,7200867.0,0.05065054
1778212800,7200867.0,7257334.0,7010104.0,7256086.0,0.30730135
1778216400,7139047.0,7233544.0,7010104.0,7233544.0,0.27495041
1778220000,7010108.0,7240590.0,7010108.0,7010108.0,0.00925679
1778223600,7229235.0,7229236.0,7229235.0,7229236.0,0.02053674
1778227200,7010133.0,7229235.0,7010133.0,7229235.0,0.0057696
1778230800,7229235.0,7316516.0,7229235.0,7315912.0,0.1024667
1778234400,7293261.0,7293261.0,7010150.0,7010150.0,0.10978
1778238000,7292468.0,7292468.0,7292456.0,7292456.0,0.0049163
1778241600,7324174.0,7325378.0,7010148.0,7010148.0,0.08645746
1778245200,7010148.0,7010148.0,7010148.0,7010148.0,0.00145902
1778248800,7010152.0,7499996.0,7010152.0,7499996.0,0.94609105
1778252400,7500000.0,7527437.0,7010212.0,7421831.0,0.62574625
1778256000,7421831.0,7537465.0,7421831.0,7513562.0,0.1685896
1778259600,7421831.0,7508484.0,7010255.0,7508484.0,1.90512597
1778263200,7479860.0,7550000.0,7010259.0,7387626.0,0.60026649
1778266800,7482508.0,7491321.0,7482508.0,7491321.0,0.11527125
1778270400,7010255.0,7010255.0,7010255.0,7010255.0,0.07138233
1778274000,7516330.0,7516330.0,7516330.0,7516330.0,0.0019874
1778277600,7521079.0,7521079.0,7391546.0,7391546.0,0.00803744
1778281200,7391546.0,7391546.0,7391546.0,7391546.0,0.0
1778284800,7515088.0,7515088.0,7515088.0,7515088.0,0.00315352
1778288400,7407800.0,7515088.0,7401056.0,7515088.0,0.16379863
1778292000,7421979.0,7515088.0,7011994.0,7515088.0,0.07825619
1778295600,7400883.0,7528818.0,7020003.0,7409702.0,0.05832244
1778299200,7548868.0,7548868.0,7391373.0,7391373.0,0.05828075
1778302800,7401748.0,7541129.0,7401748.0,7541129.0,0.01053163
1778306400,7417138.0,7520100.0,7020008.0,7395523.0,0.31457697
1778310000,7395523.0,7403132.0,7395523.0,7403132.0,0.01007079
1778313600,7520010.0,7520010.0,7394485.0,7394485.0,0.02933129
1778317200,7021100.0,7394485.0,7021100.0,7394485.0,0.01179152
1778320800,7400883.0,7400883.0,7400883.0,7400883.0,0.04455941
1778324400,7407108.0,7519999.0,7407108.0,7409702.0,0.04039873
1778328000,7431490.0,7431490.0,7431490.0,7431490.0,0.00156341
1778331600,7519999.0,7519999.0,7394486.0,7394486.0,0.60072071
1778335200,7394486.0,7536732.0,7033335.0,7536732.0,1.39198239
1778338800,7542500.0,8499995.0,7420001.0,7420001.0,0.17931629
1778342400,7520000.0,7545174.0,7420001.0,7420001.0,0.12817235
1778346000,7539018.0,8499995.0,7420002.0,7420002.0,0.75973632
1778349600,7540098.0,7999999.0,7539546.0,7539546.0,0.02210654
1778353200,7420002.0,7539194.0,7420002.0,7539194.0,0.0371082
1778356800,7539194.0,7539194.0,7420002.0,7420002.0,0.00977064
1778360400,7420002.0,7420002.0,7420002.0,7420002.0,0.0
1778364000,7420003.0,7420003.0,7420003.0,7420003.0,0.0405758
1778367600,7420004.0,7530022.0,7420004.0,7530022.0,0.04579477
1778371200,7510000.0,7543591.0,7420004.0,7518792.0,0.04545844
1778374800,7518792.0,7520551.0,7420004.0,7420004.0,0.4692891
1778378400,7420004.0,7420004.0,7420004.0,7420004.0,0.04005703
1778382000,7530032.0,7999999.0,7420004.0,7520032.0,0.12134219
1778385600,7520032.0,7542712.0,7520032.0,7533712.0,0.01805742
1778389200,7420004.0,7420004.0,7420004.0,7420004.0,0.05448794
1778392800,7420004.0,7420004.0,7408146.0,7408146.0,1.37337917
1778396400,7522712.0,7542712.0,7418175.0,7542712.0,0.01109945
1778400000,7418175.0,7542711.0,7418175.0,7542711.0,0.01069679
1778403600,7418175.0,7536556.0,7417484.0,7418175.0,0.08827112
1778407200,7417484.0,7535853.0,7417484.0,7535853.0,0.00427568
1778410800,7417484.0,7535852.0,7417484.0,7535852.0,0.00359373
1778414400,7551153.0,7551154.0,7026901.0,7424054.0,0.03138995
1778418000,7536555.0,7547636.0,7424054.0,7547636.0,0.0371701
1778421600,7424054.0,7428723.0,7424054.0,7428723.0,0.01091329
1778425200,7555902.0,7555902.0,7428723.0,7547109.0,0.04026028
1778428800,7428723.0,7552737.0,7428723.0,7552737.0,0.02316865
1778432400,7551330.0,7551330.0,7551330.0,7551330.0,0.00527589
1778436000,7555902.0,7566104.0,7555902.0,7566104.0,0.00855328
1778439600,7438752.0,7438752.0,7438752.0,7438752.0,0.0021642
1778443200,7438752.0,7438752.0,7438752.0,7438752.0,0.0
1778446800,7438752.0,7438752.0,7438752.0,7438752.0,0.0
1778450400,7438752.0,7438752.0,7438752.0,7438752.0,0.0
1778454000,7428723.0,7428723.0,7428723.0,7428723.0,0.00876953
1778457600,7428723.0,7428723.0,7428723.0,7428723.0,0.39331873
1778461200,7428723.0,7513600.0,7424054.0,7513600.0,0.13830911
1778464800,7514831.0,7699999.0,7514041.0,7514041.0,1.22851314
1778468400,7503822.0,7505290.0,7386678.0,7495105.0,4.87231057
1778472000,7495105.0,7508574.0,7382199.0,7382199.0,0.10704196
1778475600,7382195.0,7679999.0,7382195.0,7382195.0,0.03500282
1778479200,7382195.0,7382195.0,7382195.0,7382195.0,0.0
1778482800,7384500.0,7699999.0,7382195.0,7507596.0,0.06807035
1778486400,7507596.0,7507596.0,7507596.0,7507596.0,0.0
1778490000,7352893.0,7484235.0,7339110.0,7339110.0,0.01428517
1778493600,7462868.0,7462868.0,7335705.0,7355483.0,0.02435973
1778497200,7484235.0,7493585.0,7484235.0,7493585.0,0.00504481
1778500800,7351269.0,7351975.0,7351269.0,7351975.0,0.01700688
1778504400,7342777.0,7464571.0,7342777.0,7464571.0,0.05021389
1778508000,7390995.0,7405994.0,7342744.0,7405994.0,0.14574771
1778511600,7635749.0,7635749.0,7601855.0,7616691.0,0.03396086
1778515200,7699943.0,7699943.0,7342746.0,7699943.0,0.01690425
1778518800,7644338.0,7700000.0,7644338.0,7700000.0,0.1410644
1778522400,7700000.0,7877841.0,7700000.0,7877841.0,0.99205666
1778526000,7877841.0,7877841.0,7877841.0,7877841.0,0.0
1778529600,7696595.0,7696595.0,7344901.0,7344901.0,0.0113784
1778533200,7344901.0,7344901.0,7344901.0,7344901.0,0.0
1778536800,7680122.0,7817098.0,7680122.0,7696941.0,0.01963569
1778540400,7696941.0,7696941.0,7696941.0,7696941.0,0.0
1778544000,7824631.0,7824635.0,7824631.0,7824635.0,0.03147225
1778547600,7696941.0,7824635.0,7690000.0,7824635.0,0.52826959
1778551200,7824634.0,7824634.0,7763348.0,7763348.0,0.00511681
1778554800,7787899.0,7799016.0,7689000.0,7689000.0,0.03158651
1778558400,7688889.0,7796804.0,7616422.0,7616422.0,0.6837395
1778562000,7740219.0,7740219.0,7740219.0,7740219.0,0.00128665
1778565600,7700000.0,7743405.0,7700000.0,7743405.0,0.03230031
1778569200,7700000.0,7743404.0,7620258.0,7620258.0,0.01829602
1778572800,7743401.0,7743405.0,7743401.0,7743405.0,0.00726695
1778576400,7631687.0,7743405.0,7631687.0,7743405.0,0.01625064
1778580000,7743405.0,7743405.0,7653932.0,7743405.0,0.02942228
1778583600,7743405.0,7743405.0,7623765.0,7743405.0,0.04206052
1778587200,7644856.0,7776631.0,7630308.0,7630308.0,0.13138222
1778590800,7659086.0,7790197.0,7659086.0,7687949.0,0.07424885
1778594400,7659086.0,7779548.0,7659086.0,7659086.0,0.06737495
1778598000,7790197.0,7790197.0,7453764.0,7453764.0,1.09006163
1778601600,7790197.0,7790197.0,7790197.0,7790197.0,0.00512117
1778605200,7575995.0,7575995.0,7575995.0,7575995.0,0.00340654
1778608800,7575995.0,7575995.0,7575995.0,7575995.0,0.0
1778612400,7345905.0,7345905.0,7345905.0,7345905.0,0.01491554
1778616000,7345905.0,7345905.0,7345905.0,7345905.0,0.0
1778619600,7545239.0,7545239.0,7545239.0,7545239.0,0.03093039
1778623200,7670689.0,7670689.0,7551847.0,7551847.0,0.0080629
1778626800,7669010.0,7676448.0,7665933.0,7676448.0,0.04842546
1778630400,7664078.0,7664078.0,7506474.0,7506474.0,0.01049229
1778634000,7622014.0,7622014.0,7506475.0,7521048.0,0.01465756
1778637600,7622014.0,7622014.0,7541278.0,7622014.0,0.09361549
1778641200,7622014.0,7622014.0,7535004.0,7622014.0,0.05262741
1778644800,7622014.0,7622014.0,7622014.0,7622014.0,0.02997619
1778648400,7579712.0,7622014.0,7577760.0,7577760.0,0.02915105
1778652000,7622014.0,7622014.0,7622014.0,7622014.0,0.00914627
1778655600,7578357.0,7578357.0,7578357.0,7578357.0,0.02370436
1778659200,7592021.0,7622014.0,7592021.0,7622014.0,0.53740761
1778662800,7622014.0,7622014.0,7622014.0,7622014.0,0.0
1778666400,7630000.0,7630000.0,7572460.0,7617948.0,0.00737332
1778670000,7752629.0,7767948.0,7372398.0,7767948.0,0.01486439
1778673600,7790196.0,7824634.0,7400000.0,7824634.0,0.1623825
1778677200,7824634.0,7824635.0,7573118.0,7824595.0,0.07519681
1778680800,7778686.0,7778686.0,7778686.0,7778686.0,0.00205344
1778684400,7824599.0,7999998.0,7824599.0,7999998.0,0.2857389
1778688000,7999998.0,8399999.0,7999998.0,8399999.0,0.28522218
1778691600,8399999.0,9000000.0,7856698.0,7856698.0,1.91684098
1778695200,7856698.0,8999998.0,7790938.0,7794596.0,0.40827891
1778698800,8799990.0,8799990.0,7750142.0,7750142.0,0.01447584
1778702400,8799954.0,8799954.0,7764450.0,8799918.0,0.00768544
1778706000,7768571.0,7768571.0,7768571.0,7768571.0,0.01094298
1778709600,7768571.0,7768571.0,7768571.0,7768571.0,0.0
1778713200,7940212.0,8999625.0,7827104.0,7827104.0,0.23411056
1778716800,8999612.0,8999614.0,7838102.0,7961263.0,0.07288558
1778720400,7855101.0,7855101.0,7855101.0,7855101.0,0.00659435
1778724000,7855100.0,7902232.0,7829911.0,7902232.0,0.26262925
1778727600,7829990.0,8820002.0,7829911.0,7835004.0,0.06475047
1778731200,8679998.0,8680001.0,7850005.0,7850005.0,0.09231793
1778734800,7865556.0,8678004.0,7865556.0,7870996.0,0.14002871
1778738400,8678000.0,8678004.0,7903902.0,7903902.0,0.02275528
1778742000,8677998.0,8678001.0,7903991.0,8300000.0,0.05105087
1778745600,8290000.0,8677994.0,8290000.0,8677994.0,0.00620393
1778749200,7910004.0,8677994.0,7910001.0,7950892.0,0.85107941
1778752800,7951000.0,7951000.0,7906998.0,7906998.0,0.15524826
1778756400,7906998.0,8500000.0,7865006.0,8499005.0,0.77504564
1778760000,8499005.0,8499005.0,8499001.0,8499001.0,0.0065192
1778763600,8498992.0,8498992.0,7895700.0,7895702.0,0.01990974
1778767200,8198990.0,8498998.0,7818888.0,8038990.0,1.30785053
1778770800,8498997.0,8498997.0,7500002.0,8498997.0,0.05211535
1778774400,8498996.0,8498997.0,7500007.0,7898988.0,0.12443898
1778778000,7898988.0,7898988.0,7898988.0,7898988.0,0.0
1778781600,7500014.0,8498997.0,7500014.0,8498997.0,0.17225864
1778785200,8498997.0,8498997.0,8450032.0,8450032.0,0.22334356
1778788800,8450032.0,8450032.0,8450032.0,8450032.0,0.0
1778792400,8498996.0,8498996.0,8450032.0,8450032.0,0.06875436
1778796000,7600140.0,8450032.0,7600140.0,8450032.0,0.00440094
1778799600,7620004.0,8498997.0,7620000.0,8498997.0,0.28458767
1778803200,7701004.0,8448999.0,7701003.0,8448999.0,0.13032234
1778806800,7702902.0,8448996.0,7702900.0,7873432.0,0.05166877
1778810400,7827804.0,8413076.0,7701014.0,8400000.0,0.05755802
1778814000,8350004.0,8498997.0,7820989.0,7826653.0,3.60655288
1778817600,7837291.0,8299999.0,7791014.0,7791014.0,0.14896124
1778821200,7782330.0,8100000.0,7620008.0,8100000.0,1.93591178
1778824800,7691433.0,8498997.0,7691433.0,7734138.0,9.48162321
1778828400,8199999.0,8199999.0,7738307.0,8099000.0,3.06267252
1778832000,7726731.0,8490000.0,7450000.0,7729415.0,6.02048307
1778835600,7703001.0,8200000.0,7696523.0,7696523.0,0.02300556
1778839200,7720578.0,8200000.0,7600001.0,7945002.0,2.33890901
1778842800,7600008.0,7920005.0,7600008.0,7920005.0,0.09462039
1778846400,7920005.0,7920005.0,7920005.0,7920005.0,0.0
1778850000,7609462.0,7879984.0,7609462.0,7870000.0,0.08974864
1778853600,7870000.0,7870000.0,7460000.0,7859999.0,0.77434249
1778857200,7469978.0,7849874.0,7469978.0,7575204.0,0.31358585
1778860800,7469978.0,7789999.0,7469978.0,7789999.0,0.04535281
1778864400,7469978.0,7653882.0,7469978.0,7653882.0,0.01401501
1778868000,7598191.0,7598191.0,7598191.0,7598191.0,0.00560936
1778871600,7553448.0,7559340.0,7552913.0,7559340.0,0.02929833
1778875200,7799560.0,7849872.0,7799560.0,7849872.0,0.11438193
1778878800,7519860.0,7849872.0,7519860.0,7849872.0,0.07682772
1778882400,7469981.0,7770000.0,7469981.0,7500000.0,0.48527202
1778886000,7469981.0,7475125.0,7450978.0,7475125.0,0.03056567
1778889600,7474234.0,7474234.0,7450978.0,7450978.0,1.43190513
1778893200,7467105.0,7600000.0,7400000.0,7400000.0,0.45345411
1778896800,7400000.0,7455000.0,7400000.0,7455000.0,0.02112253
1778900400,7455000.0,7455000.0,7359000.0,7359000.0,0.01248696
1778904000,7360000.0,7455000.0,7360000.0,7455000.0,0.00589038
1778907600,7455000.0,7455000.0,7455000.0,7455000.0,0.33611173
1778911200,7455000.0,7455000.0,7360010.0,7360010.0,0.02876079
1778914800,7455000.0,7455000.0,7305835.0,7310004.0,0.76706303
1778918400,7449992.0,7449992.0,7310005.0,7310005.0,0.36173038
1778922000,7424909.0,7424909.0,7424909.0,7424909.0,0.00192392
1778925600,7424338.0,7424338.0,7424338.0,7424338.0,0.00338117
1778929200,7421987.0,7421990.0,7421987.0,7421990.0,0.02688158
1778932800,7421990.0,7421990.0,7421990.0,7421990.0,0.0
1778936400,7310011.0,7310011.0,7310005.0,7310005.0,0.57443803
1778940000,7399990.0,7399990.0,7399990.0,7399990.0,0.00745311
1778943600,7399990.0,7399990.0,7399990.0,7399990.0,0.0
1778947200,7310005.0,7370000.0,7310005.0,7370000.0,0.15018169
1778950800,7360000.0,7360000.0,7359996.0,7359996.0,0.00294795
1778954400,7350000.0,7350000.0,7350000.0,7350000.0,0.06429972
1778958000,7310100.0,7310100.0,7310100.0,7310100.0,0.05281607
1778961600,7310100.0,7310100.0,7310100.0,7310100.0,0.0
1778965200,7310100.0,7310100.0,7310100.0,7310100.0,0.0
1778968800,7310100.0,7310100.0,7310100.0,7310100.0,0.0
1778972400,7350000.0,7350000.0,7286308.0,7350000.0,0.08476168
1778976000,7350000.0,7350000.0,7350000.0,7350000.0,0.00241115
1778979600,7349000.0,7349000.0,7284739.0,7349000.0,0.18228107
1778983200,7287179.0,7348996.0,7287179.0,7348996.0,0.01031245
1778986800,7287200.0,7295901.0,7287196.0,7295901.0,0.15252175
1778990400,7295901.0,7295901.0,7295901.0,7295901.0,0.0
1778994000,7295901.0,7295901.0,7295901.0,7295901.0,0.00834898
1778997600,7348996.0,7349000.0,7307583.0,7307583.0,0.13665936
1779001200,7348996.0,7348996.0,7301829.0,7301829.0,0.07421376
1779004800,7301829.0,7313507.0,7301829.0,7313507.0,0.0123703
1779008400,7349000.0,7349000.0,7304092.0,7348996.0,0.17709023
1779012000,7349000.0,7349000.0,7349000.0,7349000.0,0.16309741
1779015600,7399990.0,7415000.0,7399990.0,7415000.0,0.00345038
1779019200,7399996.0,7399996.0,7399996.0,7399996.0,0.00359594
1779022800,7399996.0,7441991.0,7399996.0,7441991.0,0.02117788
1779026400,7402613.0,7402613.0,7350643.0,7350643.0,0.00804151
1779030000,7348904.0,7402533.0,7348904.0,7402533.0,0.01785865
1779033600,7340531.0,7340531.0,7340531.0,7340531.0,0.00345681
1779037200,7350643.0,7350643.0,7324320.0,7324320.0,0.00773189
1779040800,7327986.0,7429950.0,7327986.0,7429950.0,0.01090342
1779044400,7429950.0,7429950.0,7429950.0,7429950.0,0.0
1779048000,7429950.0,7429950.0,7429950.0,7429950.0,0.0
1779051600,7429996.0,7429996.0,7374181.0,7374529.0,0.11619927
1779055200,7374529.0,7374529.0,7374529.0,7374529.0,0.0
1779058800,7429996.0,7429996.0,7330999.0,7330999.0,0.00722038
1779062400,7399992.0,7399992.0,7290000.0,7290000.0,0.02848667
1779066000,7290000.0,7393524.0,7290000.0,7393524.0,0.00955926
1779069600,7291986.0,7379996.0,7291986.0,7379996.0,0.00932568
1779073200,7379996.0,7380000.0,7290000.0,7380000.0,0.03891633
1779076800,7290000.0,7297976.0,7290000.0,7297976.0,0.14231163
1779080400,7380000.0,7380000.0,7380000.0,7380000.0,0.00318319
1779084000,7370000.0,7370000.0,7370000.0,7370000.0,0.00338493
1779087600,7291687.0,7369000.0,7291687.0,7301153.0,0.02907603
1779091200,7380000.0,7380000.0,7380000.0,7380000.0,0.00269891
1779094800,7420000.0,7420000.0,7341830.0,7341830.0,0.03197991
1779098400,7399996.0,7399996.0,7315407.0,7315407.0,0.14187983
1779102000,7399992.0,7399992.0,7315323.0,7315323.0,0.01413909
1779105600,7399992.0,7399992.0,7329340.0,7399992.0,0.01140469
1779109200,7399988.0,7399988.0,7399988.0,7399988.0,0.03265072
1779112800,7399988.0,7399988.0,7290490.0,7290490.0,0.24599102
1779116400,7364058.0,7364058.0,7000000.0,7364056.0,0.99439532
1779120000,7364056.0,7364056.0,7216138.0,7216138.0,0.00814957
1779123600,7207019.0,7364055.0,7207019.0,7364055.0,0.09161982
1779127200,7364055.0,7364055.0,7364055.0,7364055.0,0.0
1779130800,7207019.0,7207019.0,7200000.0,7200007.0,0.02250193
1779134400,7200007.0,7200007.0,7200007.0,7200007.0,0.0
1779138000,7200004.0,7200004.0,7200004.0,7200004.0,0.02041215
1779141600,7200004.0,7200004.0,7200004.0,7200004.0,0.00396132
1779145200,7200004.0,7200004.0,7200004.0,7200004.0,0.0
1779148800,7200005.0,7200005.0,7200005.0,7200005.0,0.00140613
1779152400,7200005.0,7347252.0,7200005.0,7313622.0,0.04602796
1779156000,7200005.0,7296668.0,7200005.0,7296668.0,0.00996908
1779159600,7304933.0,7312691.0,7200005.0,7200005.0,0.00860546
1779163200,7299294.0,7300268.0,7200005.0,7200005.0,0.05611797
1779166800,7308187.0,7308187.0,7200005.0,7200005.0,0.0040371
1779170400,7290014.0,7308187.0,7290014.0,7308187.0,0.03340189
1779174000,7308187.0,7308187.0,7308187.0,7308187.0,0.03470804
1779177600,7308191.0,7359998.0,7298762.0,7298762.0,1.41270223
1779181200,7200005.0,7200005.0,7200005.0,7200005.0,0.05870646
1779184800,7316419.0,7316419.0,7200005.0,7200005.0,0.01776361
1779188400,7200005.0,7296866.0,7200005.0,7296866.0,0.01376158
1779192000,7200005.0,7200005.0,7200005.0,7200005.0,0.00478678
1779195600,7200005.0,7290561.0,7200005.0,7200005.0,0.34833978
1779199200,7150000.0,7150000.0,7056467.0,7056470.0,0.12446312
1779202800,7128308.0,7157490.0,6700000.0,6998607.0,1.50325734
1779206400,6977755.0,7162639.0,6977755.0,7042147.0,0.0191962
1779210000,7042147.0,7042147.0,7042147.0,7042147.0,0.0
1779213600,7042147.0,7042147.0,7042147.0,7042147.0,0.0
1779217200,7042147.0,7042147.0,7042147.0,7042147.0,0.0
1779220800,7042147.0,7042147.0,7042147.0,7042147.0,0.0
1779224400,7162639.0,7162639.0,7162639.0,7162639.0,0.02547579
1779228000,7113660.0,7113660.0,7107028.0,7107028.0,0.130321
1779231600,7162635.0,7162639.0,7162635.0,7162639.0,0.05703275
1779235200,7107044.0,7107044.0,7107044.0,7107044.0,0.03455163
1779238800,7107044.0,7162635.0,6213000.0,7162635.0,1.35484005
1779242400,7162635.0,7256465.0,7162635.0,7240196.0,0.07617278
1779246000,7240196.0,7240196.0,7240196.0,7240196.0,0.0
1779249600,7230141.0,7230141.0,7230141.0,7230141.0,0.00159803
1779253200,7230141.0,7230141.0,7224737.0,7224737.0,0.01135933
1779256800,7082014.0,7082014.0,7082014.0,7082014.0,0.00220474
1779260400,7090921.0,7090921.0,7090921.0,7090921.0,0.05703275
1779264000,7125397.0,7235797.0,7125397.0,7235797.0,0.01262837
1779267600,7235797.0,7235797.0,7235797.0,7235797.0,0.00341897
1779271200,7151040.0,7235796.0,7151040.0,7235796.0,0.02180274
1779274800,7235796.0,7235796.0,7235796.0,7235796.0,0.00412711
1779278400,7176079.0,7176079.0,7176079.0,7176079.0,0.00520344
1779282000,7235792.0,7235796.0,7235792.0,7235796.0,0.24395106
1779285600,7290559.0,7290559.0,7185419.0,7212156.0,0.13395046
1779289200,7290559.0,7290559.0,7290559.0,7290559.0,0.08274399
1779292800,7290559.0,7409906.0,7227087.0,7409906.0,0.28171712
1779296400,7257682.0,7257682.0,7257682.0,7257682.0,0.00146026
1779300000,7257682.0,7257682.0,7257682.0,7257682.0,0.0
1779303600,7257682.0,7257682.0,7240948.0,7240948.0,0.00554571
1779307200,7227336.0,7227336.0,7227336.0,7227336.0,0.00250441
1779310800,7227336.0,7227336.0,7227336.0,7227336.0,0.0
1779314400,7253943.0,7253943.0,7253943.0,7253943.0,0.00414035
1779318000,7248817.0,7248817.0,7248817.0,7248817.0,0.00248994
1779321600,7341384.0,7341384.0,7341384.0,7341384.0,0.02406956
1779325200,7441991.0,7471930.0,7391321.0,7391321.0,0.85545022
1779328800,7414714.0,7489498.0,7298768.0,7489498.0,0.00808296
1779332400,7489498.0,7489887.0,7400698.0,7400698.0,0.1027641
1779336000,7400698.0,7400698.0,7400698.0,7400698.0,0.0
1779339600,7422496.0,7422496.0,7414221.0,7414221.0,0.14568321
1779343200,7414221.0,7439453.0,7414221.0,7439453.0,0.73259521
1779346800,7407332.0,7407332.0,7407332.0,7407332.0,0.00176394
1779350400,7417748.0,7498888.0,7417748.0,7439579.0,0.14663397
1779354000,7498884.0,7498884.0,6310212.0,7426321.0,1.08689053
1779357600,7423046.0,7498879.0,6310212.0,7498879.0,0.02281959
1779361200,7498873.0,7498874.0,7498873.0,7498874.0,0.00543201
1779364800,6524995.0,7480000.0,6321992.0,7450005.0,0.40174853
1779368400,7450000.0,7498000.0,7360758.0,7360758.0,0.03269446
1779372000,7497995.0,7497995.0,7273521.0,7273521.0,0.12307141
1779375600,7273521.0,7273521.0,7273521.0,7273521.0,0.0
1779379200,7330859.0,7330859.0,7322818.0,7322818.0,0.01616027
1779382800,7497996.0,7497996.0,7497996.0,7497996.0,0.02656456
1779386400,7497996.0,7497996.0,7497996.0,7497996.0,0.0
1779390000,7497996.0,7497996.0,7497996.0,7497996.0,0.0
1779393600,7497996.0,7497996.0,7497996.0,7497996.0,0.0
1779397200,7301512.0,7316731.0,7301512.0,7316731.0,0.00521805
1779400800,7316731.0,7316731.0,7316731.0,7316731.0,0.0
1779404400,7496999.0,7496999.0,7496999.0,7496999.0,0.00132839
1779408000,7496989.0,7520909.0,7496988.0,7520909.0,3.09769679
1779411600,7529366.0,7529366.0,7529366.0,7529366.0,0.00515621
1779415200,7369831.0,7524996.0,7360912.0,7524996.0,0.04487267
1779418800,7520094.0,7535972.0,7520094.0,7535972.0,0.92659473
1779422400,7364495.0,7364495.0,7364495.0,7364495.0,0.00136628
1779426000,7540025.0,7548155.0,7380996.0,7380996.0,0.28775994
1779429600,7534250.0,7760000.0,7381006.0,7384839.0,1.0460205
1779433200,7759999.0,7759999.0,7384862.0,7384862.0,0.01542686
1779436800,7409969.0,7427714.0,7409969.0,7409969.0,0.01545169
1779440400,7578671.0,7578671.0,7384840.0,7530068.0,0.01135514
1779444000,7381004.0,7381004.0,7381004.0,7381004.0,0.00466399
1779447600,7381004.0,7381004.0,7381004.0,7381004.0,0.26984594
1779451200,7757600.0,7757600.0,7757600.0,7757600.0,0.00134796
1779454800,7757594.0,7757596.0,7757594.0,7757596.0,0.13551477
1779458400,7757000.0,7757000.0,7360004.0,7756940.0,0.67370048
1779462000,7700000.0,7700000.0,7360066.0,7599976.0,0.55130296
1779465600,7599976.0,7599976.0,7599976.0,7599976.0,0.0
1779469200,7398833.0,7398833.0,7398833.0,7398833.0,0.00769107
1779472800,7398833.0,7398833.0,7398833.0,7398833.0,0.0
1779476400,7598540.0,7598540.0,7598540.0,7598540.0,0.01313265
1779480000,7598902.0,7598902.0,7361016.0,7361016.0,0.00396194
1779483600,7361016.0,7361016.0,7361016.0,7361016.0,0.0
1779487200,7361016.0,7361016.0,7361016.0,7361016.0,0.0
1779490800,7361020.0,7499988.0,7361020.0,7361020.0,0.01200576
1779494400,7361020.0,7361020.0,7361020.0,7361020.0,0.0
1779498000,7361020.0,7361020.0,7361020.0,7361020.0,0.0
1779501600,7450000.0,7450000.0,7401088.0,7401088.0,0.06215267
1779505200,7450000.0,7450000.0,7415262.0,7419292.0,0.3914023
1779508800,7450000.0,7450000.0,7419288.0,7419288.0,0.13552796
1779512400,7419288.0,7419288.0,7419288.0,7419288.0,0.03310123
1779516000,7419288.0,7419288.0,7419288.0,7419288.0,0.0
1779519600,7450000.0,7450000.0,7450000.0,7450000.0,0.00668389
1779523200,7450000.0,7450000.0,7450000.0,7450000.0,0.00291208
1779526800,7449996.0,7449996.0,7417000.0,7449996.0,0.0657509
1779530400,7417000.0,7417000.0,7417000.0,7417000.0,0.02200191
1779534000,7417000.0,7449990.0,7417000.0,7449990.0,0.0264899
1779537600,7449990.0,7449990.0,7386906.0,7449990.0,0.06179844
1779541200,7449986.0,7449986.0,7403189.0,7403189.0,0.00448827
1779544800,7403189.0,7403189.0,7403189.0,7403189.0,0.0
1779548400,7449986.0,7600000.0,7449986.0,7600000.0,0.483082
1779552000,7439071.0,7463572.0,7439071.0,7463572.0,0.0113355
1779555600,7463572.0,7463572.0,7463572.0,7463572.0,0.00689334
1779559200,7463572.0,7463572.0,7463572.0,7463572.0,0.0
1779562800,7599990.0,7599990.0,7517134.0,7517134.0,0.005945
1779566400,7558617.0,7558617.0,7547590.0,7547590.0,0.16187583
1779570000,7547590.0,7547590.0,7547590.0,7547590.0,0.0
1779573600,7547590.0,7547590.0,7547590.0,7547590.0,0.0
1779577200,7590474.0,7590474.0,7590474.0,7590474.0,0.009179
1779580800,7580000.0,7580000.0,7580000.0,7580000.0,0.02382205
1779584400,7599994.0,7599995.0,7590824.0,7590824.0,0.93101997
1779588000,7585573.0,7599995.0,7585573.0,7599995.0,0.09547951
1779591600,7599995.0,7599995.0,7599995.0,7599995.0,0.00164276
1779595200,7599995.0,7599995.0,7563868.0,7563868.0,0.0966536
1779598800,7599994.0,7599994.0,7564744.0,7564744.0,0.39394473
1779602400,7568769.0,7568769.0,7359956.0,7546190.0,1.54522587
1779606000,7565269.0,7565269.0,7359956.0,7559142.0,0.31044943
1779609600,7599991.0,7599992.0,7583298.0,7583298.0,0.28206702
1779613200,7599990.0,7599993.0,7361002.0,7599993.0,0.038622
1779616800,7361010.0,7567544.0,7361010.0,7554241.0,0.30232249
1779620400,7550391.0,7599992.0,7550391.0,7569820.0,0.16018758
1779624000,7565969.0,7565969.0,7565969.0,7565969.0,0.0013299
1779627600,7572970.0,7572970.0,7572970.0,7572970.0,0.0094593
1779631200,7530786.0,7530786.0,7530786.0,7530786.0,0.00667868
1779634800,7599992.0,7599992.0,7599992.0,7599992.0,0.01965594
1779638400,7599992.0,7599993.0,7559142.0,7559142.0,0.07239517
1779642000,7599993.0,7599993.0,7559142.0,7559142.0,0.02256502
1779645600,7599993.0,7599993.0,7560018.0,7560018.0,0.01291132
1779649200,7560018.0,7560018.0,7560018.0,7560018.0,0.0
1779652800,7599993.0,7599993.0,7599993.0,7599993.0,0.00131039
1779656400,7599993.0,7599993.0,7599993.0,7599993.0,0.0
1779660000,7559142.0,7599993.0,7541114.0,7599993.0,0.02173177
1779663600,7541114.0,7541114.0,7541114.0,7541114.0,0.03919306
1779667200,7541114.0,7541114.0,7541114.0,7541114.0,0.0
1779670800,7541114.0,7541114.0,7541114.0,7541114.0,0.0
1779674400,7541114.0,7541114.0,7541114.0,7541114.0,0.0
1779678000,7599988.0,7649999.0,7599988.0,7649999.0,0.40408976
1779681600,7609727.0,7649999.0,7609727.0,7649999.0,0.01334705
1779685200,7612270.0,7654000.0,7612270.0,7654000.0,0.23206981
1779688800,7654000.0,7654000.0,7654000.0,7654000.0,0.01563443
1779692400,7623418.0,7653000.0,7622471.0,7653000.0,0.01533606
1779696000,7653000.0,7653000.0,7653000.0,7653000.0,0.0
1779699600,7653000.0,7653000.0,7653000.0,7653000.0,0.0
1779703200,7625848.0,7625848.0,7617543.0,7617543.0,0.03162806
1779706800,7617543.0,7617543.0,7617543.0,7617543.0,0.0
1779710400,7617543.0,7617543.0,7617543.0,7617543.0,0.0
1779714000,7652999.0,7652999.0,7652999.0,7652999.0,0.01171187
1779717600,7652999.0,7652999.0,7652999.0,7652999.0,0.00130131
1779721200,7652800.0,7652800.0,7598311.0,7652800.0,0.80894107
1779724800,7652800.0,7652800.0,7652800.0,7652800.0,0.0
1779728400,7652800.0,7652800.0,7652800.0,7652800.0,0.0
1779732000,7652800.0,7652800.0,7652800.0,7652800.0,0.00422329
1779735600,7652800.0,7652800.0,7652800.0,7652800.0,0.0018094
1779739200,7652800.0,7652800.0,7652800.0,7652800.0,0.0
1779742800,7652800.0,7652800.0,7652800.0,7652800.0,0.0
1779746400,7652800.0,7652800.0,7652800.0,7652800.0,0.0
1779750000,7652800.0,7652800.0,7652800.0,7652800.0,0.0028992
1779753600,7545630.0,7545630.0,7545630.0,7545630.0,0.0028992
1779757200,7545630.0,7545630.0,7545630.0,7545630.0,0.0
1779760800,7545630.0,7545630.0,7545630.0,7545630.0,0.0
1779764400,7652795.0,7652800.0,7652795.0,7652800.0,0.02858705
1779768000,7652795.0,7652799.0,7547037.0,7652799.0,0.110484
1779771600,7652799.0,7652799.0,7541123.0,7541123.0,0.00575394
1779775200,7652796.0,7652800.0,7652796.0,7652800.0,0.0480002
1779778800,7548047.0,7548047.0,7548047.0,7548047.0,0.00586518
1779782400,7548043.0,7548043.0,7548043.0,7548043.0,0.00422329
1779786000,7560978.0,7560978.0,7560978.0,7560978.0,0.00466617
1779789600,7590351.0,7590351.0,7590351.0,7590351.0,0.01617446
1779793200,7595730.0,7652800.0,7595730.0,7652800.0,0.21172122
1779796800,7652800.0,7652800.0,7652800.0,7652800.0,0.0
1779800400,7652800.0,7652800.0,7652800.0,7652800.0,0.0
1779804000,7652800.0,7652800.0,7652800.0,7652800.0,0.0
1779807600,7652800.0,7654000.0,7400000.0,7400000.0,0.81364828
1779811200,7699896.0,7699900.0,7699896.0,7699900.0,0.01288951
1779814800,7699892.0,7699896.0,7699892.0,7699896.0,0.01262965
1779818400,7699896.0,7699896.0,7699896.0,7699896.0,0.00463135
1779822000,7699888.0,7699896.0,7594371.0,7699896.0,0.27341965
1779825600,7699896.0,7699896.0,7699896.0,7699896.0,0.0
1779829200,7699896.0,7700000.0,7656674.0,7656674.0,1.50460002
1779832800,7656674.0,7656674.0,7656674.0,7656674.0,0.0
1779836400,7718141.0,7718141.0,7718141.0,7718141.0,0.20426591
1779840000,7750000.0,7750000.0,7750000.0,7750000.0,0.00160619
1779843600,7750000.0,7750000.0,7750000.0,7750000.0,0.0
1779847200,7451990.0,7664674.0,7451990.0,7664674.0,0.00807011
1779850800,7673322.0,7673322.0,7673322.0,7673322.0,0.25868013
1779854400,7668977.0,7739005.0,7668977.0,7739005.0,0.0069609
1779858000,7739001.0,7740000.0,7664670.0,7740000.0,0.1030421
1779861600,7740000.0,7740000.0,7740000.0,7740000.0,0.00146782
1779865200,7664670.0,7739996.0,7653737.0,7653737.0,0.04193709
1779868800,7740000.0,7740000.0,7739996.0,7740000.0,0.02731344
1779872400,7740000.0,7999999.0,7740000.0,7999999.0,1.29496992
1779876000,7962215.0,7962215.0,7775769.0,7797598.0,0.14318322
1779879600,7953496.0,7953496.0,7822366.0,7953496.0,0.06667048
1779883200,7953491.0,7953491.0,7829024.0,7829024.0,0.28887167
1779886800,7953481.0,7953481.0,7829024.0,7919823.0,0.01018554
1779890400,7940507.0,7940507.0,7773169.0,7861092.0,0.04969094
1779894000,7793980.0,7953487.0,7773179.0,7948961.0,0.07264992
1779897600,7811142.0,7953486.0,7811142.0,7953486.0,0.02440522
1779901200,7953486.0,7953486.0,7953486.0,7953486.0,0.00987465
1779904800,7953486.0,7953486.0,7953486.0,7953486.0,0.0
1779908400,7953486.0,7953486.0,7816298.0,7816298.0,0.00525093
1779912000,7816298.0,7816298.0,7816298.0,7816298.0,0.0
1779915600,7816298.0,7816298.0,7816298.0,7816298.0,0.0
1779919200,7934870.0,7934870.0,7934870.0,7934870.0,0.00215806
1779922800,7773228.0,7773228.0,7773228.0,7773228.0,0.00215806
1779926400,7773228.0,7773228.0,7773228.0,7773228.0,0.0
1779930000,7773228.0,7773228.0,7773228.0,7773228.0,0.0
1779933600,7916545.0,7953491.0,7773229.0,7906159.0,0.25749643
1779937200,7773224.0,7773224.0,7773169.0,7773169.0,0.0056578
1779940800,7906159.0,7906159.0,7776465.0,7776465.0,0.0085726
1779944400,7906155.0,7906155.0,7757508.0,7757508.0,0.00733468
1779948000,7700000.0,7804885.0,7700000.0,7804885.0,0.0045581
1779951600,7700000.0,7804885.0,7700000.0,7804885.0,0.01692704
1779955200,7804881.0,7804885.0,7666317.0,7804885.0,0.04850693
1779958800,7804885.0,7804885.0,7650004.0,7650010.0,0.03673428
1779962400,7650010.0,7650010.0,7650010.0,7650010.0,0.0
1779966000,7667869.0,7667869.0,7667516.0,7667516.0,0.0053842
1779969600,7804881.0,7867952.0,7799874.0,7867952.0,0.63703227
1779973200,7741960.0,7741960.0,7724581.0,7724581.0,0.04398209
1779976800,7732901.0,7732901.0,7732901.0,7732901.0,0.0120886
1779980400,7790370.0,7953486.0,7790370.0,7953486.0,0.03915631
1779984000,7953486.0,7953490.0,7806526.0,7953490.0,0.01128157
1779987600,7953491.0,7953491.0,7953491.0,7953491.0,0.00350977
1779991200,7953491.0,7953491.0,7953491.0,7953491.0,0.0
1779994800,7953487.0,7953491.0,6750000.0,7953491.0,6.30457275
1779998400,7907134.0,7953487.0,7795510.0,7795510.0,0.01071097
1780002000,7953491.0,7953491.0,7795274.0,7795274.0,0.1208275
1780005600,7812997.0,7953487.0,6750001.0,7953487.0,6.29698414
1780009200,7858874.0,7858874.0,7787675.0,7787675.0,0.0941938
1780012800,7846833.0,7846833.0,7300012.0,7300012.0,0.01218223
1780016400,7830164.0,7830164.0,7739592.0,7829176.0,0.01071374
1780020000,7829176.0,7829176.0,7829176.0,7829176.0,0.0
1780023600,7804340.0,7804340.0,7757998.0,7757998.0,0.04299103
1780027200,7804340.0,7804340.0,7782167.0,7804340.0,0.02244728
1780030800,7801084.0,7804340.0,7799798.0,7802260.0,0.02913139
1780034400,7804340.0,7819679.0,7804340.0,7819679.0,0.22582295
1780038000,7838121.0,7838579.0,7806791.0,7806791.0,0.01576527
1780041600,7838500.0,7838500.0,7807525.0,7807525.0,0.00524616
1780045200,7799095.0,7835000.0,7789495.0,7789495.0,0.10754137
1780048800,7831569.0,7835000.0,7828977.0,7834996.0,0.01897343
1780052400,7758088.0,7835000.0,7758088.0,7834996.0,0.02356977
1780056000,7834992.0,7834992.0,7834992.0,7834992.0,0.00163471
1780059600,7834996.0,7834996.0,7834996.0,7834996.0,0.00635545
1780063200,7757997.0,7835000.0,7583632.0,7786626.0,3.05712149
1780066800,7798658.0,7821921.0,7638447.0,7652256.0,0.06586332
1780070400,7834990.0,7834990.0,7751780.0,7751780.0,0.00414742
1780074000,7834986.0,7834990.0,7834986.0,7834990.0,0.00778635
1780077600,7834986.0,7834986.0,7751780.0,7751780.0,0.00949224
1780081200,7751780.0,7751780.0,7695483.0,7695483.0,0.00306881
1780084800,7673020.0,7673020.0,7673020.0,7673020.0,0.01355642
1780088400,7670302.0,7737852.0,7670302.0,7737852.0,0.0242752
1780092000,7734932.0,7835000.0,7668716.0,7834978.0,0.04727972
1780095600,7726619.0,7726619.0,7726619.0,7726619.0,0.00237671
1780099200,7668722.0,7668722.0,7668716.0,7668716.0,0.02260015
1780102800,7668716.0,7668716.0,7668716.0,7668716.0,0.0
1780106400,7668752.0,7668752.0,7668752.0,7668752.0,0.0048431
1780110000,7669946.0,7834994.0,7669946.0,7834994.0,0.10256617
1780113600,7682818.0,7834994.0,7676116.0,7678764.0,0.03236034
1780117200,7834989.0,7834989.0,7678773.0,7678773.0,0.04097728
1780120800,7678773.0,7678773.0,7678773.0,7678773.0,0.0
1780124400,7680005.0,7680005.0,7680005.0,7680005.0,0.00260332
1780128000,7834979.0,7835000.0,7834979.0,7835000.0,0.06355489
1780131600,7835000.0,7835000.0,7835000.0,7835000.0,0.0
1780135200,7752681.0,7752681.0,7705563.0,7705563.0,0.00433578
1780138800,7748934.0,7748934.0,7705562.0,7705562.0,0.01706768
1780142400,7834996.0,7834996.0,7710104.0,7710104.0,0.00415583
1780146000,7834996.0,7834996.0,7834996.0,7834996.0,0.00141225
1780149600,7834995.0,7834996.0,7710106.0,7720005.0,0.0151337
1780153200,7834995.0,7888723.0,7720005.0,7780830.0,0.23423756
1780156800,7765443.0,7765443.0,7710105.0,7737003.0,0.02106073
1780160400,7737003.0,7737003.0,7737003.0,7737003.0,0.0
1780164000,7735304.0,7735304.0,7710105.0,7710105.0,0.01223496
1780167600,7858053.0,7858053.0,7858053.0,7858053.0,0.00148153
1780171200,7710105.0,7816116.0,7710105.0,7816116.0,0.00627589
1780174800,7816116.0,7816116.0,7816116.0,7816116.0,0.0
1780178400,7816116.0,7816116.0,7816116.0,7816116.0,0.0
1780182000,7816116.0,7816116.0,7816116.0,7816116.0,0.0
1780185600,7836048.0,7836048.0,7836048.0,7836048.0,0.00568449
1780189200,7836048.0,7836048.0,7836048.0,7836048.0,0.00290541
1780192800,7710105.0,7836043.0,7710105.0,7836043.0,0.00611408
1780196400,7710105.0,7710105.0,7710105.0,7710105.0,0.2261135
1780200000,7836039.0,7836043.0,7710109.0,7836042.0,0.02033955
1780203600,7836042.0,7836042.0,7836042.0,7836042.0,0.0
1780207200,7836042.0,8899000.0,7710110.0,7710114.0,1.31939192
1780210800,7710114.0,7710114.0,7710114.0,7710114.0,0.00158041
1780214400,7710114.0,7710114.0,7710114.0,7710114.0,0.0
1780218000,7710114.0,7710114.0,7710114.0,7710114.0,0.0
1780221600,7717894.0,7717894.0,7717894.0,7717894.0,0.00262053
1780225200,7895036.0,7908204.0,7715960.0,7750004.0,0.0313503
1780228800,8399999.0,8399999.0,8399998.0,8399998.0,0.01500856
1780232400,7760000.0,8399998.0,7760000.0,7897200.0,0.02405295
1780236000,7897020.0,8399998.0,7897020.0,8399998.0,0.01403369
1780239600,7765102.0,7877539.0,7765102.0,7877539.0,0.0223205
1780243200,7765102.0,8199996.0,7681051.0,7848859.0,1.21838619
1780246800,7848859.0,7848859.0,7848859.0,7848859.0,0.0
1780250400,7689709.0,7689709.0,7689709.0,7689709.0,0.01263672
1780254000,7865093.0,7865093.0,7865093.0,7865093.0,0.02297124
1780257600,7689513.0,7872308.0,7689513.0,7692866.0,0.19412219
1780261200,7692866.0,7692866.0,7692866.0,7692866.0,0.0
1780264800,7714498.0,7714498.0,7714498.0,7714498.0,0.00163449
1780268400,8199999.0,8199999.0,7896292.0,7896292.0,0.01494018
1780272000,7876632.0,7876632.0,7876632.0,7876632.0,0.00301372
1780275600,7689172.0,7689172.0,7689172.0,7689172.0,0.00133821
1780279200,7689172.0,8199995.0,7689172.0,7807722.0,0.00940637
1780282800,7691100.0,7819982.0,7691100.0,7819982.0,0.00330132
1780286400,7803611.0,8199994.0,7790805.0,7790805.0,0.05793275
1780290000,7786849.0,7786849.0,7691100.0,7691100.0,0.01123799
1780293600,7776282.0,7776282.0,7776282.0,7776282.0,0.00750396
1780297200,7776282.0,7776500.0,7691100.0,7772992.0,0.15470666
1780300800,7772992.0,8199994.0,7691100.0,7770755.0,0.10083378
1780304400,7770755.0,7770755.0,7691100.0,7691100.0,0.35174641
1780308000,7691100.0,7691100.0,7691100.0,7691100.0,0.0
1780311600,7773788.0,8199993.0,7691100.0,7691100.0,0.09782731
1780315200,7691100.0,7691100.0,7691100.0,7691100.0,0.0
1780318800,7691101.0,7691101.0,7676120.0,7676120.0,0.32511375
1780322400,7608368.0,8299999.0,7580000.0,7580000.0,0.0586343
1780326000,7550002.0,7550002.0,7550002.0,7550002.0,0.02092695
1780329600,7550002.0,7550002.0,7550002.0,7550002.0,0.0
1780333200,7582075.0,7586638.0,7582075.0,7586638.0,0.00277206
1780336800,7586943.0,7586943.0,7586943.0,7586943.0,0.00656324
1780340400,7550002.0,7551473.0,7499999.0,7499999.0,0.11722258
1780344000,7499999.0,7499999.0,7499999.0,7499999.0,0.00601957
1780347600,7499999.0,7499999.0,7400001.0,7400001.0,0.19622765
1780351200,7420011.0,7513297.0,7420011.0,7513297.0,0.04645973
1780354800,7513297.0,7513297.0,7513297.0,7513297.0,0.0
1780358400,7500000.0,7513297.0,7400090.0,7432347.0,1.0260741
1780362000,7474970.0,7474970.0,7459093.0,7459093.0,0.0771623
1780365600,7456911.0,7470448.0,7400091.0,7470448.0,0.01881938
1780369200,7400091.0,7513297.0,7400000.0,7513297.0,0.33926118
1780372800,7456945.0,7491412.0,7448729.0,7491412.0,0.0272828
1780376400,7513297.0,7799874.0,7400000.0,7400001.0,0.38674921
1780380000,7502589.0,7502589.0,7502589.0,7502589.0,0.01149269
1780383600,7799874.0,7799874.0,7400005.0,7400005.0,0.02108514
1780387200,7400005.0,7400005.0,7400005.0,7400005.0,0.0
1780390800,7400005.0,7400005.0,7400005.0,7400005.0,0.0
1780394400,7400019.0,7400019.0,7400019.0,7400019.0,0.00648149
1780398000,7400019.0,7519839.0,7400000.0,7400000.0,0.14840214
1780401600,7400004.0,7813291.0,7400004.0,7813291.0,0.02152005
1780405200,7400015.0,7494221.0,7400005.0,7494221.0,0.06828304
1780408800,7400013.0,7562738.0,7400013.0,7562738.0,0.01050588
1780412400,7562738.0,7562738.0,7562738.0,7562738.0,0.0
1780416000,7586234.0,7586234.0,7454842.0,7454842.0,0.03146802
1780419600,7454842.0,7454842.0,7454842.0,7454842.0,0.0
1780423200,7454842.0,7454842.0,7454842.0,7454842.0,0.0
1780426800,7454842.0,7454842.0,7454842.0,7454842.0,0.0
1780430400,7454842.0,7454842.0,7454842.0,7454842.0,0.0
1780434000,7454842.0,7454842.0,7454842.0,7454842.0,0.0
1780437600,7454842.0,7454842.0,7454842.0,7454842.0,0.0
1780441200,7454842.0,7454842.0,7454842.0,7454842.0,0.0
1780444800,7586234.0,7614516.0,7454461.0,7454461.0,0.09012248
1780448400,7454467.0,7454467.0,7454467.0,7454467.0,0.00361398
1780452000,7454471.0,7454471.0,7454463.0,7454463.0,0.06497738
1780455600,7600016.0,7600016.0,7600016.0,7600016.0,0.00151354
1780459200,7600016.0,7618728.0,7600016.0,7618728.0,0.19766375
1780462800,7618728.0,7618728.0,7618728.0,7618728.0,0.0
1780466400,7481579.0,7481579.0,7481579.0,7481579.0,0.14714304
1780470000,7473181.0,7473181.0,7473181.0,7473181.0,0.04904769
1780473600,7473665.0,7638012.0,7473665.0,7638012.0,0.00578909
1780477200,7609001.0,7609001.0,7473181.0,7473181.0,0.00358976
1780480800,7599535.0,7638007.0,7473181.0,7473181.0,0.00952618
1780484400,7473181.0,7616215.0,7473181.0,7473181.0,0.04040345
1780488000,7627709.0,7627709.0,7627709.0,7627709.0,0.01305634
1780491600,7623514.0,7623514.0,7623514.0,7623514.0,0.00130635
1780495200,7638007.0,7643617.0,7638007.0,7643617.0,0.3973047
1780498800,7693913.0,7774692.0,7454467.0,7454467.0,0.00662088
1780502400,7454467.0,7454467.0,7454467.0,7454467.0,0.0
1780506000,7657968.0,7657968.0,7490184.0,7490184.0,0.00527656
1780509600,7518598.0,7519864.0,7518598.0,7519864.0,0.0078834
1780513200,7503291.0,7503291.0,7503291.0,7503291.0,0.00230595
1780516800,7503291.0,7503291.0,7503291.0,7503291.0,0.0
1780520400,7700195.0,7700195.0,7517418.0,7517418.0,0.00405314
1780524000,7517418.0,7517418.0,7517418.0,7517418.0,0.0
1780527600,7517418.0,7517418.0,7517418.0,7517418.0,0.01261108
1780531200,7683531.0,7683531.0,7683531.0,7683531.0,0.00129614
1780534800,7700191.0,7700191.0,7700191.0,7700191.0,0.00144476
1780538400,7535359.0,7695938.0,7489526.0,7695938.0,0.08126569
1780542000,7700191.0,7700191.0,7700191.0,7700191.0,0.00149372
1780545600,7699974.0,7699974.0,7537562.0,7537562.0,0.79824556
1780549200,7521009.0,7521009.0,7521009.0,7521009.0,0.00404267
1780552800,7521009.0,7521009.0,7506592.0,7506592.0,0.00223221
1780556400,7687590.0,7687590.0,7687590.0,7687590.0,0.00230969
1780560000,7504101.0,7504101.0,7504101.0,7504101.0,0.04189098
1780563600,7643963.0,7668174.0,7643963.0,7668174.0,0.00542932
1780567200,7668174.0,7668174.0,7668174.0,7668174.0,0.0
1780570800,7495173.0,7512309.0,7495173.0,7512309.0,0.00530961
1780574400,7506755.0,7506755.0,7506755.0,7506755.0,0.0028607
1780578000,7506755.0,7506755.0,7506755.0,7506755.0,0.0
1780581600,7584942.0,7584942.0,7584942.0,7584942.0,0.00144476
1780585200,7584942.0,7584942.0,7584942.0,7584942.0,0.0
1780588800,7625579.0,7649229.0,7477921.0,7638698.0,0.20155318
1780592400,7457538.0,7457538.0,7457538.0,7457538.0,0.01228785
1780596000,7652636.0,7652636.0,7652636.0,7652636.0,0.00185988
1780599600,7652636.0,7652636.0,7652636.0,7652636.0,0.0
1780603200,7615809.0,7615809.0,7615809.0,7615809.0,0.00130767
1780606800,7615809.0,7615809.0,7615809.0,7615809.0,0.0
1780610400,7615809.0,7615809.0,7615809.0,7615809.0,0.0
1780614000,7602554.0,7602554.0,7454471.0,7454471.0,0.00287482
1780617600,7454471.0,7542818.0,7454471.0,7542818.0,0.00353715
1780621200,7542818.0,7542818.0,7542818.0,7542818.0,0.0
1780624800,7454471.0,7454471.0,7454471.0,7454471.0,0.00269036
1780628400,7559874.0,7559874.0,7559874.0,7559874.0,0.00152145
1780632000,7557664.0,7557664.0,7465704.0,7465704.0,0.01096238
1780635600,7465704.0,7465704.0,7465704.0,7465704.0,0.0
1780639200,7454475.0,7454475.0,7454475.0,7454475.0,0.00752336
1780642800,7454475.0,7454475.0,7454475.0,7454475.0,0.01273461
1780646400,7462288.0,7462288.0,7462288.0,7462288.0,0.00389397
1780650000,7455396.0,7634701.0,7454471.0,7634701.0,0.06264667
1780653600,7484908.0,7484908.0,7482677.0,7482677.0,0.4875536
1780657200,7640000.0,7640000.0,7639009.0,7639009.0,0.00373394
1780660800,7639009.0,7639009.0,7639009.0,7639009.0,0.0
1780664400,7600001.0,7600001.0,7600001.0,7600001.0,0.05615234
1780668000,7490471.0,7490471.0,7454463.0,7454463.0,0.1295463
1780671600,7400000.0,7400000.0,7400000.0,7400000.0,0.16010854
1780675200,7290000.0,7290000.0,7290000.0,7290000.0,0.01425528
1780678800,7279997.0,7279997.0,7279997.0,7279997.0,0.00136799
1780682400,7200172.0,7200172.0,7035006.0,7036096.0,0.14678783
1780686000,7035006.0,7035006.0,7035006.0,7035006.0,0.00527493
1780689600,7035006.0,7035006.0,7035006.0,7035006.0,0.0
1780693200,7035006.0,7035006.0,7035006.0,7035006.0,0.0
1780696800,7651899.0,7651899.0,7651899.0,7651899.0,0.03904534
1780700400,7650894.0,7650899.0,7037456.0,7037457.0,0.52892155
1780704000,7037457.0,7037457.0,7037457.0,7037457.0,0.0
1780707600,7569944.0,7569944.0,7569944.0,7569944.0,0.00152233
1780711200,7569944.0,7569944.0,7569944.0,7569944.0,0.0
1780714800,7549958.0,7549958.0,7549958.0,7549958.0,0.00144543
1780718400,7049238.0,7049238.0,7049238.0,7049238.0,0.00163471
1780722000,7549742.0,7549742.0,7049232.0,7049236.0,0.02244544
1780725600,7049236.0,7049236.0,7049236.0,7049236.0,0.0
1780729200,7499986.0,7499986.0,7499986.0,7499986.0,0.00132866
1780732800,7499982.0,7499984.0,7100002.0,7119958.0,0.09542491
1780736400,7119958.0,7119958.0,7119958.0,7119958.0,0.0
1780740000,7499608.0,7499947.0,7100002.0,7100002.0,0.14210757
1780743600,7100002.0,7100002.0,7100002.0,7100002.0,0.0
1780747200,7100004.0,7100004.0,7049234.0,7049234.0,0.02597177
1780750800,7049234.0,7049234.0,7049234.0,7049234.0,0.0
1780754400,7049240.0,7049240.0,7049238.0,7049238.0,0.0094735
1780758000,7499902.0,7499902.0,7499900.0,7499902.0,0.02075012
1780761600,7499902.0,7499902.0,7499902.0,7499902.0,0.0
1780765200,7499902.0,7499902.0,7499902.0,7499902.0,0.0
1780768800,7499902.0,7499902.0,7499902.0,7499902.0,0.0
1780772400,7499796.0,7499796.0,7499796.0,7499796.0,0.0013279
1780776000,7499796.0,7499796.0,7499796.0,7499796.0,0.0
1780779600,7499796.0,7499796.0,7499796.0,7499796.0,0.0
1780783200,7050196.0,7050200.0,7050196.0,7050200.0,0.01851774
1780786800,7499582.0,7499582.0,7499582.0,7499582.0,0.00237359
1780790400,7499582.0,7499582.0,7499582.0,7499582.0,0.0
1780794000,7051894.0,7490534.0,7051201.0,7051202.0,0.13611997
1780797600,7490534.0,7490534.0,7490534.0,7490534.0,0.00169747
1780801200,7490528.0,7490528.0,7079808.0,7079808.0,0.01173122
1780804800,7079888.0,7490466.0,7079888.0,7079976.0,0.02404868
1780808400,7079976.0,7079976.0,7079976.0,7079976.0,0.0
1780812000,7253872.0,7253872.0,7253866.0,7253866.0,0.00380748
1780815600,7140004.0,7140004.0,7140004.0,7140004.0,0.0340638
1780819200,7253576.0,7253576.0,7253456.0,7253456.0,0.00274597
1780822800,7253378.0,7253380.0,7253378.0,7253380.0,0.01373015
1780826400,7237310.0,7237310.0,7237310.0,7237310.0,0.00137606
1780830000,7237310.0,7237310.0,7237310.0,7237310.0,0.0
1780833600,7237310.0,7237310.0,7237310.0,7237310.0,0.0
1780837200,7118156.0,7118160.0,7066216.0,7118160.0,0.00898262
1780840800,7118160.0,7118160.0,7118160.0,7118160.0,0.0
1780844400,7072657.0,7072657.0,7072657.0,7072657.0,0.01322985
1780848000,7237859.0,7237859.0,7237859.0,7237859.0,0.00137595
1780851600,7247201.0,7247201.0,7234567.0,7234567.0,0.01115684
1780855200,7234567.0,7234567.0,7234567.0,7234567.0,0.0
1780858800,7234567.0,7234567.0,7234567.0,7234567.0,0.0
1780862400,7100004.0,7100004.0,7100000.0,7100000.0,0.18209847
1780866000,7490329.0,7490329.0,7490329.0,7490329.0,0.00159539
1780869600,7490329.0,7490329.0,7490329.0,7490329.0,0.0
1780873200,7226272.0,7228341.0,7100004.0,7228341.0,0.04117107
1780876800,7228341.0,7228341.0,7228341.0,7228341.0,0.0
1780880400,7100018.0,7220635.0,7100018.0,7206899.0,0.02851559
1780884000,7206899.0,7206899.0,7206899.0,7206899.0,0.0
1780887600,7241252.0,7244945.0,7111124.0,7111124.0,0.0080357
1780891200,7244945.0,7244945.0,7111124.0,7111124.0,0.01519961
1780894800,7204413.0,7204413.0,7111124.0,7111124.0,0.00397449
1780898400,7209358.0,7209358.0,7209358.0,7209358.0,0.00357105
1780902000,7209358.0,7209358.0,7209358.0,7209358.0,0.0
1780905600,7244941.0,7254499.0,7111124.0,7254177.0,0.04766953
1780909200,7252190.0,7252190.0,7118801.0,7118801.0,0.0121382
1780912800,7118801.0,7118801.0,7118801.0,7118801.0,0.0
1780916400,7299715.0,7299715.0,7133463.0,7133463.0,0.00409657
1780920000,7348354.0,7348354.0,7342518.0,7342518.0,0.03151353
1780923600,7346377.0,8000000.0,7314037.0,7314037.0,4.42948231
1780927200,7998995.0,7998995.0,7238450.0,7238450.0,0.00342066
1780930800,7997000.0,7997000.0,7362898.0,7362898.0,0.00259793
1780934400,7454440.0,7454440.0,7362902.0,7362902.0,0.00581478
1780938000,7483144.0,7494248.0,7483144.0,7494248.0,0.00916939
1780941600,7494248.0,7494248.0,7494248.0,7494248.0,0.0
1780945200,7494248.0,7494248.0,7494248.0,7494248.0,0.0
1780948800,7494248.0,7494248.0,7494248.0,7494248.0,0.0
1780952400,7498279.0,7498279.0,7498279.0,7498279.0,0.00664085
1780956000,7462615.0,7462619.0,7462615.0,7462619.0,0.10551724
1780959600,7462619.0,7462619.0,7462619.0,7462619.0,0.0
1780963200,7402912.0,7402912.0,7402912.0,7402912.0,0.001373
1780966800,7402912.0,7402912.0,7402902.0,7402902.0,0.10551724
1780970400,7489399.0,7489399.0,7489399.0,7489399.0,0.00933317
1780974000,7489399.0,7950000.0,7402902.0,7402902.0,0.1435278
1780977600,7402902.0,7402902.0,7402902.0,7402902.0,0.0
1780981200,7402912.0,7511616.0,7402911.0,7490571.0,0.01086961
1780984800,7522254.0,7522254.0,7522254.0,7522254.0,0.00132393
1780988400,7522254.0,7522254.0,7522254.0,7522254.0,0.0
1780992000,7402906.0,7402906.0,7402902.0,7402902.0,0.09224836
1780995600,7402910.0,7483361.0,7402902.0,7472144.0,0.11818089
1780999200,7880984.0,7880984.0,7402906.0,7492734.0,0.07799289
1781002800,7482155.0,7499369.0,7402903.0,7486238.0,0.01370537
1781006400,7402903.0,7402903.0,7402902.0,7402902.0,0.0707771
1781010000,7491593.0,7491593.0,7402902.0,7402902.0,0.00938922
1781013600,7481095.0,7880879.0,7231727.0,7231727.0,0.64275624
1781017200,7231731.0,7231731.0,7187020.0,7187020.0,0.34700632
1781020800,7110114.0,7110116.0,7017493.0,7049357.0,5.85515995
1781024400,7000018.0,7168210.0,7000018.0,7168210.0,0.00684489
1781028000,7203200.0,7203200.0,7198795.0,7198795.0,0.00786987
1781031600,7022278.0,7022278.0,7022278.0,7022278.0,0.00642802
1781035200,7022278.0,7022278.0,7022278.0,7022278.0,0.0
1781038800,7161657.0,7161657.0,7161657.0,7161657.0,0.00286665
1781042400,7161657.0,7161657.0,7161657.0,7161657.0,0.0
1781046000,7211588.0,7211588.0,7211588.0,7211588.0,0.01383259
1781049600,7100000.0,7100000.0,7100000.0,7100000.0,0.00163387
1781053200,7100000.0,7183993.0,7100000.0,7169396.0,0.07099448
1781056800,7172310.0,7172310.0,7172310.0,7172310.0,0.10979557
1781060400,7166093.0,7179642.0,7100000.0,7100000.0,0.00445192
1781064000,7133326.0,7133326.0,7100000.0,7100000.0,0.01989898
1781067600,7100000.0,7100000.0,7100000.0,7100000.0,0.0
1781071200,7100000.0,7100000.0,7100000.0,7100000.0,0.0
1781074800,7100000.0,7100000.0,7100000.0,7100000.0,0.0
1781078400,7100000.0,7100000.0,7099648.0,7099648.0,0.41553456
1781082000,7099648.0,7099648.0,7099648.0,7099648.0,0.0
1781085600,7082046.0,7082046.0,7000018.0,7000018.0,0.07705465
1781089200,7000018.0,7000018.0,7000018.0,7000018.0,0.0
1781092800,7083928.0,7149874.0,7000022.0,7000026.0,0.03229417
1781096400,7082996.0,7083000.0,7000026.0,7082996.0,0.02048727
1781100000,7000026.0,7000026.0,6992511.0,6992511.0,0.21226775
1781103600,6978563.0,7082996.0,6954456.0,7082996.0,0.01528423
1781107200,7082996.0,7082996.0,7082996.0,7082996.0,0.0
1781110800,6819713.0,6819713.0,6819713.0,6819713.0,0.00147542
1781114400,6819713.0,6819713.0,6819713.0,6819713.0,0.0
1781118000,6819713.0,6819713.0,6819713.0,6819713.0,0.0
1781121600,6819713.0,6819713.0,6819713.0,6819713.0,0.0
1781125200,6819713.0,6819713.0,6819713.0,6819713.0,0.0
1781128800,6898289.0,7082996.0,6819713.0,6819713.0,0.0892616
1781132400,6819709.0,6914545.0,6819709.0,6914545.0,0.00347602
1781136000,6921332.0,6921332.0,6921332.0,6921332.0,0.00598699
1781139600,6921332.0,6921332.0,6921332.0,6921332.0,0.0
1781143200,6819713.0,7082992.0,6819709.0,6819709.0,0.0803401
1781146800,7082992.0,7082992.0,7082992.0,7082992.0,0.00692828
1781150400,7082992.0,7082992.0,6819709.0,6819709.0,0.03951195
1781154000,6700004.0,6700004.0,6700004.0,6700004.0,0.01116073
1781157600,7082992.0,7082996.0,6700004.0,6700004.0,0.03199253
1781161200,7082992.0,7082992.0,6700004.0,7082992.0,0.01063671
1781164800,6700004.0,6700004.0,6700004.0,6700004.0,0.03811286
1781168400,7082992.0,7082992.0,6700004.0,7081000.0,0.05180435
1781172000,7081000.0,7081000.0,7081000.0,7081000.0,0.0
1781175600,7081000.0,7081000.0,7081000.0,7081000.0,0.00560838
1781179200,6700004.0,7080996.0,6700004.0,6700004.0,0.01417562
1781182800,6700004.0,7080996.0,6700004.0,7080996.0,0.01293495
1781186400,7080996.0,7080996.0,7080996.0,7080996.0,0.0
1781190000,7080996.0,7080996.0,6700008.0,6700008.0,0.00727618
1781193600,7080996.0,7080996.0,7080996.0,7080996.0,0.00140644
1781197200,7080996.0,7080996.0,7080996.0,7080996.0,0.0
1781200800,7080996.0,7080996.0,7080996.0,7080996.0,0.0
1781204400,7080996.0,7082992.0,7080996.0,7082992.0,0.2447384
1781208000,7082992.0,7082992.0,7082992.0,7082992.0,0.0
1781211600,7082992.0,7082992.0,7082992.0,7082992.0,0.0
1781215200,7082992.0,7082992.0,7082992.0,7082992.0,0.00279345
1781218800,6700023.0,7250000.0,6700023.0,7249996.0,0.05452055
1781222400,7249996.0,7249996.0,7249996.0,7249996.0,0.0035033
1781226000,7249996.0,7249996.0,7249996.0,7249996.0,0.00137365
1781229600,7249996.0,7249996.0,6703192.0,6703192.0,0.00605047
1781233200,6703197.0,7249996.0,6703197.0,7249996.0,0.02505939
1781236800,7249996.0,7249996.0,7249996.0,7249996.0,0.0
1781240400,7249996.0,7249996.0,7249996.0,7249996.0,0.0
1781244000,6724035.0,6724035.0,6724031.0,6724031.0,0.06639874
1781247600,7246975.0,7246975.0,7246975.0,7246975.0,0.00700898
1781251200,6728902.0,6728902.0,6728902.0,6728902.0,0.0043387
1781254800,6728909.0,6728909.0,6728909.0,6728909.0,0.01936462
1781258400,6728909.0,6728909.0,6728909.0,6728909.0,0.0
1781262000,7246971.0,7246971.0,7246971.0,7246971.0,0.00669562
1781265600,7246970.0,7246970.0,6771009.0,7162465.0,0.04718145
1781269200,6771013.0,7246966.0,6771009.0,7246966.0,0.04813691
1781272800,6771013.0,7450000.0,6771004.0,7450000.0,1.40036715
1781276400,7449996.0,7449996.0,6821015.0,6850008.0,0.02364496
1781280000,6850029.0,7450000.0,6850028.0,7450000.0,0.07110393
1781283600,7450000.0,7450000.0,7450000.0,7450000.0,0.0
1781287200,7303261.0,7449992.0,6860004.0,7218992.0,0.11735757
1781290800,7218992.0,7218992.0,7218992.0,7218992.0,0.0
1781294400,7271324.0,7272164.0,7271324.0,7272164.0,0.00718439
1781298000,7272164.0,7272164.0,7272164.0,7272164.0,0.0
1781301600,7284739.0,7284739.0,7284739.0,7284739.0,0.0013671
1781305200,7286803.0,7286803.0,7286803.0,7286803.0,0.00136671
1781308800,7271481.0,7271481.0,7271481.0,7271481.0,0.00138458
1781312400,7271481.0,7271481.0,7271481.0,7271481.0,0.0
1781316000,7273118.0,7273118.0,7272188.0,7272188.0,0.00586589
1781319600,7449991.0,7449991.0,7328700.0,7449991.0,0.14398709
1781323200,7000004.0,7000004.0,7000004.0,7000004.0,0.00669562
1781326800,7300011.0,7300011.0,7300011.0,7300011.0,0.00531588
1781330400,7300010.0,7449978.0,7300010.0,7449978.0,0.03471286
1781334000,7449978.0,7449978.0,7000006.0,7449978.0,1.04522434
1781337600,7449978.0,7450000.0,7000022.0,7000022.0,0.26174727
1781341200,7000022.0,7000022.0,7000014.0,7000018.0,0.14456037
1781344800,7000018.0,7000018.0,7000018.0,7000018.0,0.0
1781348400,7000036.0,7449886.0,7000036.0,7000036.0,0.00679745
1781352000,7449886.0,7449886.0,7449875.0,7449876.0,0.07877376
1781355600,7060021.0,7060021.0,7060021.0,7060021.0,0.04228457
1781359200,7439995.0,7439996.0,7439992.0,7439992.0,0.0187996
1781362800,7060061.0,7060077.0,7060061.0,7060075.0,0.18223111
1781366400,7288172.0,7289236.0,7065000.0,7065000.0,0.0291487
1781370000,7065000.0,7065000.0,7065000.0,7065000.0,0.0
1781373600,7065006.0,7065006.0,7065005.0,7065005.0,0.00373185
1781377200,7065005.0,7065005.0,7065005.0,7065005.0,0.0
1781380800,7065013.0,7065013.0,7065013.0,7065013.0,0.00343407
1781384400,7065013.0,7065013.0,7065013.0,7065013.0,0.0
1781388000,7065013.0,7065013.0,7065013.0,7065013.0,0.0
1781391600,7065013.0,7065013.0,7065013.0,7065013.0,0.0
1781395200,7065013.0,7065013.0,7065013.0,7065013.0,0.0
1781398800,7267228.0,7267388.0,7267228.0,7267388.0,0.00288333
1781402400,7248299.0,7248299.0,7248299.0,7248299.0,0.0032144
1781406000,7251092.0,7251092.0,7251092.0,7251092.0,0.00489609
1781409600,7100011.0,7100011.0,7100011.0,7100011.0,0.01135419
1781413200,7255901.0,7255901.0,7255901.0,7255901.0,0.00137253
1781416800,7100011.0,7100011.0,7100011.0,7100011.0,0.01000921
1781420400,7100011.0,7100011.0,7100011.0,7100011.0,0.02673573
1781424000,7100012.0,7100012.0,7100012.0,7100012.0,0.0014995
1781427600,7100012.0,7100012.0,7100012.0,7100012.0,0.0
1781431200,7100012.0,7255909.0,7100011.0,7255909.0,0.01431095
1781434800,7100011.0,7291090.0,7100011.0,7100011.0,0.14778246
1781438400,7302818.0,7302818.0,7100016.0,7100016.0,0.00508122
1781442000,7273682.0,7273682.0,7266403.0,7266403.0,0.00379476
1781445600,7100024.0,7270884.0,7100020.0,7100020.0,0.09952976
1781449200,7256113.0,7256113.0,7100024.0,7256107.0,0.01757497
1781452800,7256100.0,7256100.0,7256100.0,7256100.0,0.0013725
1781456400,7256100.0,7256100.0,7256100.0,7256100.0,0.0
1781460000,7100024.0,7100024.0,7100024.0,7100024.0,0.00279232
1781463600,7100024.0,7100024.0,7100024.0,7100024.0,0.0
1781467200,7256099.0,7256099.0,7256099.0,7256099.0,0.00152492
1781470800,7256099.0,7256099.0,7256099.0,7256099.0,0.0
1781474400,7256099.0,7256099.0,7256099.0,7256099.0,0.0
1781478000,7256099.0,7256099.0,7256099.0,7256099.0,0.00389741
1781481600,7256099.0,7899999.0,7256099.0,7523497.0,2.92343286
1781485200,7799999.0,7799999.0,7799999.0,7799999.0,0.00215743
1781488800,7105012.0,7326881.0,7105012.0,7315592.0,0.11058209
1781492400,7315592.0,7799999.0,7110008.0,7799999.0,0.1534608
1781496000,7110012.0,7799998.0,7110012.0,7150006.0,0.01922576
1781499600,7150012.0,7150012.0,7150011.0,7150011.0,0.00720811
1781503200,7150026.0,7150026.0,7150025.0,7150025.0,0.00244846
1781506800,7799970.0,7799970.0,7150027.0,7150027.0,0.01542612
1781510400,7799970.0,7799970.0,7150090.0,7799914.0,0.01834872
1781514000,7799906.0,7799908.0,7799906.0,7799908.0,0.0087288
1781517600,7180012.0,7799908.0,7180012.0,7180017.0,0.01872787
1781521200,7180042.0,7200015.0,7180042.0,7200014.0,0.06935667
1781524800,7799901.0,7799901.0,7366601.0,7799892.0,0.01565645
1781528400,7370009.0,7799892.0,7200051.0,7201125.0,0.09665194
1781532000,7205065.0,7276609.0,7205064.0,7276609.0,0.00826976
1781535600,7263857.0,7799896.0,7263857.0,7799896.0,0.14048894
1781539200,7280000.0,7280005.0,7280000.0,7280005.0,0.00933438
1781542800,7799888.0,7799888.0,7280000.0,7280000.0,0.0793847
1781546400,7280000.0,7280000.0,7280000.0,7280000.0,0.0
1781550000,7280000.0,7280000.0,7280000.0,7280000.0,0.0
1781553600,7280000.0,7280000.0,7280000.0,7280000.0,0.0
1781557200,7280000.0,7280000.0,7280000.0,7280000.0,0.0
1781560800,7799876.0,7799876.0,7280000.0,7280000.0,0.13715647
1781564400,7280000.0,7280000.0,7280000.0,7280000.0,0.0
1781568000,7280000.0,7280000.0,7280000.0,7280000.0,0.0
1781571600,7280000.0,7280000.0,7280000.0,7280000.0,0.333438
1781575200,7799839.0,7799839.0,7799839.0,7799839.0,0.00627756
1781578800,7799826.0,7799826.0,7180008.0,7180008.0,0.21794449
1781582400,7798986.0,7798990.0,7798986.0,7798990.0,0.06098713
1781586000,7180008.0,7180008.0,7180008.0,7180008.0,0.06098713
1781589600,7180008.0,7180008.0,7180008.0,7180008.0,0.0
1781593200,7798943.0,7798947.0,7798943.0,7798947.0,0.00627879
1781596800,7797996.0,7797996.0,7797996.0,7797996.0,0.03199193
1781600400,7797088.0,7797088.0,7181000.0,7181000.0,0.00392968
1781604000,7181000.0,7181000.0,7181000.0,7181000.0,0.00630566
1781607600,7181000.0,7181000.0,7181000.0,7181000.0,0.0
1781611200,7181004.0,7796979.0,7181000.0,7181000.0,0.06983197
1781614800,7181008.0,7181024.0,7181008.0,7181024.0,0.0112768
1781618400,7779973.0,7779973.0,7779973.0,7779973.0,0.00202134
1781622000,7779000.0,7779972.0,7779000.0,7779972.0,0.03133424
1781625600,7200500.0,7779971.0,7200500.0,7200500.0,0.04993388
1781629200,7600000.0,7600000.0,7600000.0,7600000.0,0.00131039
1781632800,7600000.0,7600000.0,7600000.0,7600000.0,0.0230113
1781636400,7600000.0,7600000.0,7600000.0,7600000.0,0.0
1781640000,7599976.0,7599976.0,7599976.0,7599976.0,0.0262081
1781643600,7599976.0,7599976.0,7599976.0,7599976.0,0.00952673
1781647200,7599976.0,7599976.0,7599976.0,7599976.0,0.0
1781650800,7595984.0,7595984.0,7595984.0,7595984.0,0.00196656
1781654400,7595984.0,7595984.0,7595984.0,7595984.0,0.0
1781658000,7200500.0,7200500.0,7200500.0,7200500.0,0.02507528
1781661600,7200500.0,7200500.0,7200500.0,7200500.0,0.0
1781665200,7200500.0,7595935.0,7200500.0,7200501.0,0.03921223
1781668800,7200501.0,7200501.0,7200501.0,7200501.0,0.0
1781672400,7200501.0,7200501.0,7200501.0,7200501.0,0.0
1781676000,7200501.0,7200501.0,7200501.0,7200501.0,0.0
1781679600,7200502.0,7200502.0,7200501.0,7200501.0,0.00411032
1781683200,7200502.0,7200502.0,7200502.0,7200502.0,7.02e-06
1781686800,7200503.0,7595935.0,7200503.0,7595935.0,0.00475143
1781690400,7200505.0,7595935.0,7200505.0,7200505.0,0.03748913
1781694000,7595935.0,7595935.0,7595935.0,7595935.0,0.04542507
1781697600,7200505.0,7200505.0,7200505.0,7200505.0,0.0020776
1781701200,7595929.0,7595929.0,7200506.0,7200506.0,0.04368888
1781704800,7200506.0,7200506.0,7200506.0,7200506.0,0.0
1781708400,7200507.0,7200507.0,7200500.0,7200500.0,0.58980908
1781712000,7595919.0,7595919.0,7200500.0,7200500.0,0.02980162
1781715600,7200500.0,7200500.0,7200500.0,7200500.0,0.0
1781719200,7595900.0,7595919.0,7595900.0,7595919.0,0.07167461
1781722800,7200500.0,7200500.0,7150091.0,7150091.0,1.15487437
1781726400,7595919.0,7595919.0,7595919.0,7595919.0,0.0262221
1781730000,7595929.0,7595929.0,7595929.0,7595929.0,0.00131109
1781733600,7595929.0,7595929.0,7595929.0,7595929.0,0.0
1781737200,7595929.0,7595929.0,7595929.0,7595929.0,0.0
1781740800,7595000.0,7595000.0,7150091.0,7150091.0,0.00393385
1781744400,7495000.0,7495000.0,7495000.0,7495000.0,0.00653382
1781748000,7495000.0,7495000.0,7150091.0,7150091.0,0.00661082
1781751600,7495000.0,7495000.0,7150091.0,7150091.0,0.0028062
1781755200,7494999.0,7500000.0,7494999.0,7500000.0,0.15316496
1781758800,7500000.0,7500000.0,7150092.0,7150092.0,0.00729899
1781762400,7200500.0,7200500.0,7150091.0,7150091.0,0.91103489
1781766000,7444442.0,7444442.0,7100000.0,7100000.0,0.10471781
1781769600,7100000.0,7100000.0,7100000.0,7100000.0,0.0
1781773200,7100000.0,7100000.0,7100000.0,7100000.0,0.0
1781776800,7444442.0,7444442.0,7100001.0,7100001.0,0.0186042
1781780400,7100001.0,7100001.0,7100001.0,7100001.0,0.0
1781784000,7100001.0,7100001.0,7100001.0,7100001.0,0.0
1781787600,7100001.0,7500000.0,7100000.0,7100000.0,2.88491173
1781791200,7060012.0,7479999.0,7060011.0,7060011.0,0.08054116
1781794800,7300000.0,7300000.0,7300000.0,7300000.0,0.01125231
1781798400,7299999.0,7299999.0,7299999.0,7299999.0,0.00169342
1781802000,7075000.0,7299999.0,7075000.0,7299999.0,0.01377419
1781805600,7299998.0,7299998.0,7299998.0,7299998.0,0.00217411
1781809200,7299998.0,7299998.0,7299998.0,7299998.0,0.03018794
1781812800,7299998.0,7299998.0,7299998.0,7299998.0,0.0
1781816400,7075000.0,7075004.0,6700000.0,6700000.0,0.63555306
1781820000,7299993.0,7299993.0,7299993.0,7299993.0,0.00136424
1781823600,7299993.0,7299993.0,7299993.0,7299993.0,0.0
1781827200,7299993.0,7299993.0,7299993.0,7299993.0,0.0
1781830800,7178993.0,7178993.0,7100091.0,7100091.0,0.00308066
1781834400,7100091.0,7198987.0,7100000.0,7101997.0,0.04429935
1781838000,7198987.0,7298988.0,6702000.0,7102002.0,0.05322063
1781841600,7154243.0,7154243.0,7154243.0,7154243.0,0.00363839
1781845200,7298978.0,7298978.0,7298978.0,7298978.0,0.00549692
1781848800,7298978.0,7298978.0,7298978.0,7298978.0,0.00218304
1781852400,7298978.0,7298978.0,6754237.0,6754237.0,0.01327749
1781856000,7124869.0,7299993.0,6754237.0,6754237.0,0.29022702
1781859600,6754238.0,6754238.0,6754238.0,6754238.0,0.0016843
1781863200,7206772.0,7206772.0,7206772.0,7206772.0,0.00186394
1781866800,7206772.0,7206772.0,6754242.0,6754242.0,0.0058839
1781870400,6754242.0,6754242.0,6754242.0,6754242.0,0.0
1781874000,6754242.0,7206771.0,6754242.0,7206771.0,0.0421578
1781877600,6754243.0,6754243.0,6754243.0,6754243.0,0.01062878
1781881200,6754248.0,7205998.0,6754248.0,7205998.0,0.00318957
1781884800,6754852.0,7205996.0,6754852.0,7205996.0,0.00391772
1781888400,7205996.0,7205996.0,7205996.0,7205996.0,0.0
1781892000,7205990.0,7205992.0,7205990.0,7205992.0,0.00185415
1781895600,7205992.0,7205992.0,7205992.0,7205992.0,0.0
1781899200,7205992.0,7205992.0,6754879.0,7205992.0,0.03849897
1781902800,7205992.0,7205992.0,7205992.0,7205992.0,0.0
1781906400,7205992.0,7205992.0,7205992.0,7205992.0,0.0
1781910000,7205992.0,7205992.0,7205992.0,7205992.0,0.0
1781913600,7205992.0,7205992.0,7205992.0,7205992.0,0.0
1781917200,6755140.0,6755140.0,6755140.0,6755140.0,0.00946585
1781920800,7205988.0,7205988.0,7205988.0,7205988.0,0.00165834
1781924400,7205988.0,7205988.0,7205988.0,7205988.0,0.00248765
1781928000,7205988.0,7205988.0,7205988.0,7205988.0,0.0
1781931600,7205988.0,7205988.0,7205988.0,7205988.0,0.0
1781935200,7205988.0,7205988.0,7205988.0,7205988.0,0.0
1781938800,7205988.0,7205992.0,6850001.0,6850001.0,0.16163949
1781942400,6850001.0,6850001.0,6850001.0,6850001.0,0.0
1781946000,6850001.0,6850001.0,6850001.0,6850001.0,0.0
1781949600,7205991.0,7205991.0,7090014.0,7090014.0,0.02251257
1781953200,7090014.0,7090014.0,6850018.0,6850018.0,0.00879754
1781956800,7205991.0,7205991.0,7205991.0,7205991.0,0.02037388
1781960400,7205991.0,7205992.0,6850000.0,6850000.0,0.22859338
1781964000,7199999.0,7199999.0,7199999.0,7199999.0,0.00138319
1781967600,6850006.0,6850006.0,6850005.0,6850005.0,0.0223403
1781971200,7199996.0,7199996.0,7199996.0,7199996.0,0.00200777
1781974800,7199996.0,7199996.0,7199996.0,7199996.0,0.0
1781978400,7199996.0,7199996.0,7199996.0,7199996.0,0.0
1781982000,7194994.0,7194994.0,7194994.0,7194994.0,0.00692078
1781985600,7194994.0,7194994.0,7194994.0,7194994.0,0.0
1781989200,7194994.0,7194994.0,7194994.0,7194994.0,0.0
1781992800,7194994.0,7194994.0,7194994.0,7194994.0,0.0
1781996400,7194994.0,7194994.0,7194994.0,7194994.0,0.0
1782000000,7194994.0,7194994.0,7194994.0,7194994.0,0.0
1782003600,7194990.0,7194992.0,7194990.0,7194992.0,0.0138431
1782007200,7194992.0,7194992.0,7194992.0,7194992.0,0.00692078
1782010800,6858120.0,6858120.0,6858119.0,6858119.0,0.01591881
1782014400,7194990.0,7194990.0,6859114.0,6859114.0,0.00319582
1782018000,7174694.0,7174694.0,6859115.0,6859115.0,0.00415818
1782021600,7174690.0,7174690.0,7174690.0,7174690.0,0.00288235
1782025200,7194898.0,7194898.0,7194898.0,7194898.0,0.01012404
1782028800,7194991.0,7194991.0,7194991.0,7194991.0,0.01401739
1782032400,7194991.0,7194991.0,7194991.0,7194991.0,0.0
1782036000,7060001.0,7060001.0,7060001.0,7060001.0,0.00288333
1782039600,7176799.0,7176799.0,7176716.0,7176799.0,0.0209946
1782043200,7176699.0,7176699.0,7176699.0,7176699.0,0.04446138
1782046800,7176699.0,7176699.0,7176699.0,7176699.0,0.0
1782050400,7060004.0,7117016.0,6860003.0,7117016.0,0.02778007
1782054000,7117016.0,7117016.0,7117016.0,7117016.0,0.0
1782057600,7117016.0,7176599.0,6860005.0,7176599.0,0.02973064
1782061200,7176599.0,7176599.0,7176599.0,7176599.0,0.0
1782064800,7176599.0,7176599.0,7176599.0,7176599.0,0.0
1782068400,7176599.0,7176599.0,7176599.0,7176599.0,0.02914193
1782072000,7176599.0,7176599.0,7176599.0,7176599.0,0.013907
1782075600,7176599.0,7176599.0,7176599.0,7176599.0,0.0
1782079200,7176599.0,7176599.0,7176599.0,7176599.0,0.0
1782082800,7176599.0,7176599.0,7176599.0,7176599.0,0.0
1782086400,7176599.0,7176599.0,7176599.0,7176599.0,0.0
1782090000,7176599.0,7176599.0,7176599.0,7176599.0,0.0
1782093600,7176599.0,7176599.0,6860016.0,6860016.0,0.00828773
1782097200,6860016.0,6860016.0,6860015.0,6860015.0,0.01281004
1782100800,6860015.0,6860015.0,6860015.0,6860015.0,0.00178493
1782104400,6860015.0,6860015.0,6860015.0,6860015.0,0.0
1782108000,7176590.0,7176590.0,7176590.0,7176590.0,0.00291809
1782111600,7176590.0,7176590.0,6860015.0,6860015.0,0.13357985
1782115200,7176586.0,7176586.0,6860017.0,6860017.0,0.02343494
1782118800,6860035.0,7176566.0,6860035.0,7176566.0,0.00728368
1782122400,6860094.0,6860094.0,6860094.0,6860094.0,0.00417093
1782126000,6860094.0,6860094.0,6860094.0,6860094.0,0.0
1782129600,7176558.0,7176558.0,7176558.0,7176558.0,0.00350948
1782133200,7176550.0,7176553.0,6860992.0,6860992.0,0.01743329
1782136800,7176548.0,7205992.0,6892012.0,6892016.0,1.2141853
1782140400,7205990.0,7300000.0,6892004.0,7000002.0,0.02424263
1782144000,7299998.0,7300000.0,7000028.0,7262726.0,0.04956855
1782147600,7262726.0,7262726.0,7262726.0,7262726.0,0.0
1782151200,7262726.0,7262726.0,7262726.0,7262726.0,0.0
1782154800,7262726.0,7262726.0,7262726.0,7262726.0,0.0
1782158400,7209416.0,7300000.0,7209416.0,7300000.0,0.0396337
1782162000,7300000.0,7300000.0,7300000.0,7300000.0,0.00187726
1782165600,7150142.0,7150142.0,7150142.0,7150142.0,0.00187726
1782169200,7150142.0,7150142.0,7150142.0,7150142.0,0.0
1782172800,7150143.0,7150143.0,7050000.0,7050000.0,4.82722974
1782176400,7272727.0,7272727.0,7272727.0,7272727.0,0.01369362
1782180000,7272727.0,7272727.0,7272727.0,7272727.0,0.0
1782183600,7272670.0,7272716.0,7050930.0,7050930.0,0.03053363
1782187200,7272007.0,7272007.0,7272007.0,7272007.0,0.00156944
1782190800,7272007.0,7272007.0,7272007.0,7272007.0,0.00684749
1782194400,7272007.0,7272715.0,6750000.0,6750000.0,1.32389666
1782198000,7269005.0,7269005.0,7269005.0,7269005.0,0.00618447
1782201600,7259004.0,7259906.0,7259004.0,7259906.0,0.07922023
1782205200,7259874.0,7259990.0,6750909.0,6750909.0,0.0856323
1782208800,7259008.0,7259053.0,6751936.0,7259053.0,0.01078052
1782212400,7259053.0,7259053.0,7259053.0,7259053.0,0.0
1782216000,7258836.0,7258840.0,7258836.0,7258840.0,0.03004156
1782219600,7056992.0,7258840.0,7056992.0,7258840.0,0.00402382
1782223200,7258809.0,7258840.0,7258809.0,7258840.0,0.0214464
1782226800,7258840.0,7258840.0,7258840.0,7258840.0,0.0
1782230400,7050083.0,7050083.0,7050083.0,7050083.0,0.00270684
1782234000,7050083.0,7050083.0,7050083.0,7050083.0,0.0
1782237600,7050083.0,7050083.0,7050083.0,7050083.0,0.0
1782241200,7050083.0,7050083.0,7050083.0,7050083.0,0.0
1782244800,7249996.0,7249996.0,7249996.0,7249996.0,0.00514538
1782248400,7249996.0,7249996.0,7249996.0,7249996.0,0.0
1782252000,7249996.0,7249996.0,7249996.0,7249996.0,0.0
1782255600,7249996.0,7249996.0,7249996.0,7249996.0,0.0
1782259200,7249996.0,7249996.0,7249996.0,7249996.0,0.0
1782262800,7249996.0,7249996.0,7249996.0,7249996.0,0.0
1782266400,7150491.0,7150491.0,7150491.0,7150491.0,0.00168855
1782270000,7248669.0,7248669.0,6750490.0,6750490.0,0.03168862
1782273600,6750490.0,6750490.0,6750490.0,6750490.0,0.0
1782277200,7150491.0,7248669.0,6750490.0,7248669.0,0.02841898
1782280800,6750660.0,6750668.0,6750660.0,6750668.0,0.00787387
1782284400,6750492.0,7248666.0,6750492.0,6750492.0,0.00737002
1782288000,7248666.0,7248669.0,7248666.0,7248669.0,0.00296123
1782291600,7248669.0,7248669.0,7248669.0,7248669.0,0.0
1782295200,6750496.0,6750496.0,6750496.0,6750496.0,0.00296123
1782298800,6750496.0,6750496.0,6750496.0,6750496.0,0.0
1782302400,7248664.0,7248664.0,7248664.0,7248664.0,0.00206079
1782306000,7248662.0,7248662.0,7248662.0,7248662.0,0.0034387
1782309600,7248662.0,7248664.0,7248662.0,7248664.0,0.0013739
1782313200,6810558.0,7248669.0,6810072.0,7248669.0,0.1046876
1782316800,7248669.0,7248669.0,7248669.0,7248669.0,0.0
1782320400,7248669.0,7248669.0,6810000.0,6810000.0,0.12822023
1782324000,7248666.0,7248669.0,7248666.0,7248669.0,0.02747829
1782327600,7248669.0,7248669.0,7248669.0,7248669.0,0.0
1782331200,6810002.0,6810002.0,6750086.0,6750086.0,0.09652037
1782334800,6750250.0,6750250.0,6750250.0,6750250.0,0.00879132
1782338400,6750250.0,6750250.0,6750250.0,6750250.0,0.0
1782342000,6750250.0,6750250.0,6750250.0,6750250.0,0.0
1782345600,7247666.0,7247666.0,7247666.0,7247666.0,0.00150117
1782349200,7244841.0,7244841.0,6750880.0,7244838.0,0.00559422
1782352800,6750880.0,6750880.0,6750000.0,6750000.0,0.50749608
1782356400,6750000.0,6750000.0,6750000.0,6750000.0,0.0
1782360000,6750000.0,6750000.0,6750000.0,6750000.0,0.0
1782363600,6750000.0,6750000.0,6750000.0,6750000.0,0.0
1782367200,6849872.0,6849872.0,6849872.0,6849872.0,0.00218077
1782370800,6849872.0,6849872.0,6750000.0,6750000.0,0.00382663
1782374400,6750000.0,6750000.0,6700000.0,6700000.0,0.0034387
1782378000,6700000.0,6700000.0,6700000.0,6700000.0,0.0
1782381600,6700047.0,6700119.0,6700047.0,6700119.0,0.0057704
1782385200,6849872.0,6849874.0,6700075.0,6700075.0,0.01966166
1782388800,6849874.0,7232057.0,6849874.0,7232057.0,0.0149388
1782392400,6700351.0,6700426.0,6700351.0,6700426.0,0.01494779
1782396000,7197998.0,7198000.0,6700000.0,6700000.0,0.04660438
1782399600,6700002.0,6700002.0,6700002.0,6700002.0,0.00155409
1782403200,6700002.0,6700002.0,6700002.0,6700002.0,0.0
1782406800,6700002.0,6700002.0,6700002.0,6700002.0,0.0
1782410400,6700002.0,6700002.0,6700002.0,6700002.0,0.0
1782414000,6700002.0,6700002.0,6700002.0,6700002.0,0.0
1782417600,6700002.0,6700002.0,6700002.0,6700002.0,0.0
1782421200,6700002.0,6700002.0,6700002.0,6700002.0,0.0
1782424800,6700002.0,6700002.0,6700002.0,6700002.0,0.0
1782428400,6700002.0,6700002.0,6700002.0,6700002.0,0.0
1782432000,6700002.0,6700002.0,6700002.0,6700002.0,0.0
1782435600,6700002.0,6700002.0,6700002.0,6700002.0,0.0
1782439200,6700002.0,6700002.0,6680371.0,6680371.0,2.2842964
1782442800,7197984.0,7197984.0,6680371.0,6680371.0,0.01440006
1782446400,7197006.0,7197006.0,6680372.0,6710000.0,1.47525631
1782450000,7018942.0,7018943.0,7018942.0,7018943.0,0.01157781
1782453600,7018996.0,7018996.0,7018996.0,7018996.0,0.02837742
1782457200,7018996.0,7018996.0,7018996.0,7018996.0,0.0
1782460800,6681060.0,6681060.0,6681058.0,6681058.0,0.02014615
1782464400,7003998.0,7004959.0,7003998.0,7004959.0,0.11021289
1782468000,7004946.0,7004946.0,7004946.0,7004946.0,0.00705872
1782471600,7004970.0,7004970.0,6689216.0,6999999.0,0.03138866
1782475200,6999442.0,6999444.0,6689215.0,6999444.0,0.02378531
1782478800,6979440.0,7150000.0,6979440.0,7149987.0,1.42734772
1782482400,7149987.0,7149987.0,7149987.0,7149987.0,0.0
1782486000,7149529.0,7149529.0,7149529.0,7149529.0,0.01314197
1782489600,6751130.0,7149962.0,6751130.0,7149962.0,0.25464943
1782493200,7149962.0,7149962.0,7149962.0,7149962.0,0.0
1782496800,7149974.0,7149974.0,6751874.0,6752082.0,0.00798931
1782500400,6752082.0,6752082.0,6752082.0,6752082.0,0.0
1782504000,7149868.0,7149868.0,7149868.0,7149868.0,0.00180311
1782507600,7149868.0,7149868.0,7149868.0,7149868.0,0.0
1782511200,6750170.0,6750170.0,6750170.0,6750170.0,0.00218068
1782514800,6750318.0,7149912.0,6750318.0,6750610.0,0.00762746
1782518400,6750610.0,6750610.0,6750610.0,6750610.0,0.0
1782522000,6751416.0,6851451.0,6751416.0,6851451.0,0.02755029
1782525600,7149550.0,7149550.0,7149550.0,7149550.0,0.00691721
1782529200,7149550.0,7149550.0,7149550.0,7149550.0,0.0
1782532800,7149034.0,7149483.0,7149034.0,7149483.0,0.02786046
1782536400,7149379.0,7149379.0,6444444.0,7148992.0,0.29468848
1782540000,7148992.0,7148992.0,7148992.0,7148992.0,0.0
1782543600,7147550.0,7147552.0,6902002.0,7147552.0,0.00704882
1782547200,7147552.0,7147552.0,6502001.0,7147552.0,0.06048161
1782550800,6502024.0,7147550.0,6502024.0,6502050.0,0.02879839
1782554400,6902555.0,6902555.0,6510000.0,6510000.0,0.01486355
1782558000,6515145.0,7147968.0,6515080.0,6515080.0,0.27437664
1782561600,7145983.0,7145983.0,7145983.0,7145983.0,0.00689198
1782565200,7025221.0,7145594.0,6515108.0,6515108.0,0.04020466
