ts,open,high,low,close,volume
1776240000,6220419.0,6220419.0,6220419.0,6220419.0,0.00802111
1776243600,6220419.0,6220419.0,6220419.0,6220419.0,0.0
1776247200,6220419.0,6220419.0,6220419.0,6220419.0,0.0
1776250800,6220419.0,6220419.0,6220419.0,6220419.0,0.0
1776254400,6220419.0,6220419.0,6220419.0,6220419.0,0.0
1776258000,6220419.0,6220419.0,6220419.0,6220419.0,0.0
1776261600,6220419.0,6220419.0,6220419.0,6220419.0,0.0
1776265200,6220419.0,6220419.0,6220419.0,6220419.0,0.0
1776268800,6220419.0,6220419.0,6220419.0,6220419.0,0.0
1776272400,6220419.0,6220419.0,6220419.0,6220419.0,0.0
1776276000,6220419.0,6220419.0,6220419.0,6220419.0,0.0
1776279600,6220419.0,6220419.0,6220419.0,6220419.0,0.0
1776283200,6220419.0,6220419.0,6220419.0,6220419.0,0.0
1776286800,6220419.0,6220419.0,6220419.0,6220419.0,0.0
1776290400,6220419.0,6220419.0,6220419.0,6220419.0,0.0
1776294000,6220419.0,6220419.0,6220419.0,6220419.0,0.0
1776297600,6220419.0,6220419.0,6220419.0,6220419.0,0.0
1776301200,6220419.0,6220419.0,6220419.0,6220419.0,0.0
1776304800,6220419.0,6220419.0,6220419.0,6220419.0,0.0
1776308400,6220419.0,6220419.0,6220419.0,6220419.0,0.0
1776312000,6220419.0,6220419.0,6220419.0,6220419.0,0.0
1776315600,6220419.0,6220419.0,6220419.0,6220419.0,0.0
1776319200,6220419.0,6220419.0,6220419.0,6220419.0,0.0
1776322800,6865369.0,6865369.0,6865368.0,6865368.0,0.20318945
1776326400,6850000.0,6865369.0,6000008.0,6865369.0,0.15587929
1776330000,6865369.0,6865369.0,6000021.0,6750000.0,0.16758992
1776333600,6000557.0,6750000.0,6000557.0,6750000.0,0.03664668
1776337200,6750000.0,6858076.0,6010800.0,6840140.0,0.13426046
1776340800,6840120.0,6840139.0,6015980.0,6840139.0,0.03355787
1776344400,6840139.0,6865369.0,6017960.0,6496685.0,1.55468164
1776348000,6664000.0,6840000.0,6553526.0,6840000.0,0.25597157
1776351600,6705204.0,6766049.0,6598080.0,6766049.0,0.27806116
1776355200,6616991.0,6840000.0,6615000.0,6757549.0,0.24556648
1776358800,6751522.0,6751522.0,6735874.0,6735874.0,0.2385943
1776362400,6615001.0,6615001.0,6615000.0,6615000.0,0.22404014
1776366000,6732441.0,6840000.0,6615000.0,6615000.0,0.26297275
1776369600,6757938.0,7100000.0,6757938.0,7100000.0,0.23622238
1776373200,6725836.0,7100000.0,6725836.0,6725836.0,0.00815694
1776376800,6729488.0,7100000.0,6615000.0,6615000.0,0.14514764
1776380400,6730544.0,6730544.0,6615000.0,6615000.0,0.29920941
1776384000,6615001.0,7100000.0,6615000.0,7100000.0,0.23793136
1776387600,6722327.0,7100000.0,6615000.0,6615000.0,0.67644293
1776391200,6706364.0,7100000.0,6615002.0,6721699.0,0.07835332
1776394800,6615003.0,6615003.0,6615003.0,6615003.0,0.02948465
1776398400,6706879.0,7000000.0,6705910.0,7000000.0,1.24020766
1776402000,6715323.0,6731605.0,6615009.0,6731605.0,0.56804077
1776405600,6731272.0,6900000.0,6615011.0,6900000.0,0.04755473
1776409200,6615012.0,6752419.0,6615012.0,6752419.0,0.02026255
1776412800,6752763.0,6767609.0,6615016.0,6767609.0,0.02742336
1776416400,6775211.0,6775666.0,6629353.0,6630946.0,0.04064954
1776420000,6779098.0,6779098.0,6772213.0,6772779.0,0.06678622
1776423600,6800000.0,6808443.0,6631661.0,6808443.0,0.19238225
1776427200,6735204.0,6808300.0,6735204.0,6808300.0,0.02628273
1776430800,6758238.0,6808300.0,6707393.0,6808300.0,0.02782656
1776434400,6808300.0,6900000.0,6808300.0,6900000.0,0.07793167
1776438000,6900000.0,7066868.0,6900000.0,7024645.0,0.56024332
1776441600,6913500.0,7020000.0,6882300.0,7019984.0,0.50453717
1776445200,6886322.0,6928992.0,6886322.0,6928992.0,0.21430546
1776448800,6908365.0,6950708.0,6907552.0,6950707.0,0.0804079
1776452400,6938163.0,6948987.0,6927413.0,6927413.0,0.08620676
1776456000,6999999.0,6999999.0,6999999.0,6999999.0,0.00142271
1776459600,6944832.0,6944833.0,6944832.0,6944833.0,0.05
1776463200,6944833.0,6944833.0,6944833.0,6944833.0,0.0
1776466800,7000000.0,7000000.0,6967939.0,6967939.0,0.15471071
1776470400,6967939.0,6967939.0,6967939.0,6967939.0,0.0
1776474000,6933541.0,6942575.0,6776403.0,6776403.0,0.19388909
1776477600,6921017.0,7000000.0,6776421.0,7000000.0,0.1843374
1776481200,6933367.0,6993367.0,6933367.0,6939969.0,0.007936
1776484800,6936321.0,6938232.0,6805005.0,6805005.0,3.01550589
1776488400,6901749.0,6990000.0,6805267.0,6915995.0,0.13629519
1776492000,6805999.0,6956298.0,6805999.0,6949176.0,0.02763578
1776495600,6949176.0,6990000.0,6949176.0,6990000.0,0.00565771
1776499200,6920338.0,6920338.0,6788667.0,6788669.0,0.45502892
1776502800,6909000.0,6914000.0,6754302.0,6754302.0,5.00192562
1776506400,6904005.0,6904005.0,6751993.0,6751993.0,0.0835676
1776510000,6897754.0,6897754.0,6897054.0,6897054.0,0.00426812
1776513600,6897054.0,6897054.0,6776205.0,6776205.0,0.04664279
1776517200,6776207.0,6896053.0,6747505.0,6759061.0,0.54893351
1776520800,6020100.0,6893758.0,6020100.0,6741727.0,0.46780765
1776524400,6761100.0,6778094.0,6761100.0,6778094.0,0.63698401
1776528000,6778094.0,6778094.0,6778094.0,6778094.0,0.06056552
1776531600,6883203.0,6883203.0,6880034.0,6880034.0,0.01874265
1776535200,6879165.0,6879165.0,6729321.0,6879165.0,0.01503236
1776538800,6879165.0,6879165.0,6879165.0,6879165.0,0.00289163
1776542400,6879165.0,6879165.0,6879165.0,6879165.0,0.03000407
1776546000,6879165.0,6879165.0,6879165.0,6879165.0,0.0
1776549600,6879165.0,6879165.0,6879165.0,6879165.0,0.0
1776553200,6878165.0,6905398.0,6749374.0,6898888.0,2.93407474
1776556800,6749994.0,6749994.0,6749994.0,6749994.0,0.03967569
1776560400,6749994.0,6749994.0,6749994.0,6749994.0,0.00682124
1776564000,6879165.0,6880987.0,6742916.0,6754132.0,0.42134433
1776567600,6870165.0,6870165.0,6753962.0,6753962.0,0.01305373
1776571200,6870165.0,6870165.0,6866483.0,6866483.0,0.61788855
1776574800,6866165.0,6891021.0,6741897.0,6741897.0,0.12641157
1776578400,6863877.0,6863877.0,6701621.0,6722013.0,0.16295126
1776582000,6722013.0,6891021.0,6722013.0,6882118.0,0.06126466
1776585600,6882118.0,6882118.0,6732210.0,6732210.0,0.01152532
1776589200,6884029.0,6891021.0,6734079.0,6734079.0,0.19504017
1776592800,6723883.0,6723883.0,6723883.0,6723883.0,0.01756212
1776596400,6830687.0,6830687.0,6830687.0,6830687.0,0.00741345
1776600000,6890006.0,6890006.0,6890006.0,6890006.0,0.00216806
1776603600,6763309.0,6890006.0,6763309.0,6890006.0,0.02101843
1776607200,6890006.0,6890006.0,6890006.0,6890006.0,0.00886152
1776610800,6779956.0,6779956.0,6779956.0,6779956.0,0.00280535
1776614400,6779956.0,6876559.0,6779956.0,6779956.0,0.02972931
1776618000,6880040.0,6880040.0,6779956.0,6880040.0,0.02964893
1776621600,6840058.0,6840058.0,6707738.0,6707738.0,0.14777795
1776625200,6840058.0,6840058.0,6840058.0,6840058.0,0.00145598
1776628800,6840058.0,6840058.0,6840058.0,6840058.0,0.0
1776632400,6836602.0,6836602.0,6836602.0,6836602.0,0.02359827
1776636000,6731173.0,6731173.0,6731173.0,6731173.0,0.05851183
1776639600,6738292.0,6738292.0,6738292.0,6738292.0,0.00173777
1776643200,6731173.0,6840097.0,6151112.0,6840097.0,1.13508946
1776646800,6840095.0,6840095.0,6151120.0,6151120.0,0.01267731
1776650400,6743504.0,6743504.0,6743504.0,6743504.0,0.00289163
1776654000,6839999.0,6839999.0,6839999.0,6839999.0,0.00154722
1776657600,6839999.0,6839999.0,6839999.0,6839999.0,0.0
1776661200,6839999.0,6839999.0,6707732.0,6707732.0,0.03059138
1776664800,6830397.0,6830397.0,6709373.0,6709373.0,0.01086579
1776668400,6709373.0,6709373.0,6709373.0,6709373.0,0.0
1776672000,6839998.0,6839998.0,6839998.0,6839998.0,0.00145599
1776675600,6839998.0,6839998.0,6839998.0,6839998.0,0.03854635
1776679200,6839997.0,6839997.0,6839997.0,6839997.0,0.00291198
1776682800,6839997.0,6839997.0,6839997.0,6839997.0,0.00308026
1776686400,6760092.0,6760092.0,6760092.0,6760092.0,0.00180889
1776690000,6783814.0,6880031.0,6783814.0,6831475.0,0.25364381
1776693600,6831475.0,6831475.0,6831475.0,6831475.0,0.0
1776697200,6740127.0,6740127.0,6161902.0,6644028.0,0.03580619
1776700800,6637750.0,6999009.0,6162991.0,6677239.0,0.03082598
1776704400,6780648.0,6795273.0,6780648.0,6795273.0,0.03738889
1776708000,6795273.0,6795273.0,6795273.0,6795273.0,0.0
1776711600,6683334.0,6683334.0,6683334.0,6683334.0,0.00176992
1776715200,6683334.0,6683334.0,6683334.0,6683334.0,0.0
1776718800,6791012.0,6791012.0,6791012.0,6791012.0,0.02199745
1776722400,6788612.0,6788612.0,6788612.0,6788612.0,0.01467015
1776726000,6772602.0,6788802.0,6772602.0,6788802.0,0.03763379
1776729600,6788802.0,6788802.0,6788802.0,6788802.0,0.0
1776733200,6688904.0,6788802.0,6688904.0,6788802.0,0.02473092
1776736800,6788802.0,6795285.0,6788802.0,6795138.0,0.01242238
1776740400,6795138.0,6795138.0,6795138.0,6795138.0,0.0
1776744000,6713579.0,6805202.0,6713579.0,6805202.0,0.02186698
1776747600,6713579.0,6805202.0,6713579.0,6713579.0,0.05529698
1776751200,6805202.0,6805202.0,6805202.0,6805202.0,0.00660891
1776754800,6713580.0,6805000.0,6713580.0,6805000.0,0.00300361
1776758400,6805000.0,6805000.0,6805000.0,6805000.0,0.0
1776762000,6805000.0,6805000.0,6805000.0,6805000.0,0.0
1776765600,6805000.0,6805000.0,6805000.0,6805000.0,0.0
1776769200,6739609.0,6805202.0,6677240.0,6805202.0,0.14733391
1776772800,6805202.0,6805202.0,6805202.0,6805202.0,0.0
1776776400,6805201.0,6805201.0,6727354.0,6805201.0,0.00931078
1776780000,6805201.0,6805201.0,6805201.0,6805201.0,0.0
1776783600,6755537.0,6755537.0,6755537.0,6755537.0,0.00173176
1776787200,6753566.0,6753566.0,6677239.0,6727836.0,0.01383012
1776790800,6711114.0,6723111.0,6625006.0,6625006.0,0.16303178
1776794400,6728015.0,6728018.0,6728015.0,6728018.0,0.00729992
1776798000,6597809.0,6597809.0,6597809.0,6597809.0,0.00729438
1776801600,6596786.0,6596786.0,6595800.0,6595800.0,0.24279536
1776805200,6612970.0,6612970.0,6612970.0,6612970.0,0.00822398
1776808800,6709186.0,6709186.0,6709186.0,6709186.0,0.00222649
1776812400,6709186.0,6709186.0,6709186.0,6709186.0,0.0
1776816000,6709186.0,6709186.0,6709186.0,6709186.0,0.0
1776819600,6709186.0,6709186.0,6709186.0,6709186.0,0.0
1776823200,6709186.0,6709186.0,6709186.0,6709186.0,0.01484382
1776826800,6672029.0,6709186.0,6667231.0,6667231.0,0.00502504
1776830400,6709186.0,6709186.0,6475000.0,6709186.0,0.01078587
1776834000,6709186.0,6760964.0,6475000.0,6760964.0,0.06071219
1776837600,6760964.0,6777872.0,6668925.0,6670402.0,0.80784952
1776841200,6655292.0,6655292.0,6655292.0,6655292.0,0.01511939
1776844800,6672876.0,6765791.0,6664045.0,6664045.0,0.02770194
1776848400,6661705.0,6661705.0,6656543.0,6656543.0,0.00838817
1776852000,6663300.0,6765791.0,6663300.0,6765791.0,0.00661161
1776855600,6760001.0,6760001.0,6475100.0,6475100.0,0.0038004
1776859200,6760001.0,6760001.0,6654917.0,6655556.0,0.01262424
1776862800,6758113.0,6758113.0,6758113.0,6758113.0,0.00468207
1776866400,6758113.0,6758113.0,6758113.0,6758113.0,0.0
1776870000,6765791.0,6790015.0,6765791.0,6781125.0,0.01329824
1776873600,6697820.0,6781047.0,6475374.0,6780833.0,0.01252799
1776877200,6774637.0,6774637.0,6774637.0,6774637.0,0.00276147
1776880800,6774637.0,6774637.0,6774637.0,6774637.0,0.0
1776884400,6760003.0,6760003.0,6760003.0,6760003.0,0.02149496
1776888000,6760003.0,6998416.0,6760003.0,6875965.0,0.16324509
1776891600,6901332.0,6901332.0,6901332.0,6901332.0,0.00603782
1776895200,6692449.0,6692449.0,6587993.0,6587993.0,0.15670365
1776898800,6654335.0,6654335.0,6654335.0,6654335.0,0.03741636
1776902400,6667252.0,6667252.0,6610828.0,6610828.0,0.01662571
1776906000,6610828.0,6699077.0,6610828.0,6699077.0,0.01705972
1776909600,6561652.0,6561652.0,6561652.0,6561652.0,0.00474258
1776913200,6658718.0,6658718.0,6523405.0,6523405.0,0.30344015
1776916800,6537517.0,6540691.0,6537517.0,6540691.0,0.01090363
1776920400,6540691.0,6540691.0,6540691.0,6540691.0,0.0
1776924000,6540692.0,6680643.0,6507384.0,6642907.0,0.76860996
1776927600,6532347.0,6554291.0,6532347.0,6554291.0,0.0990505
1776931200,6596752.0,6596752.0,6596752.0,6596752.0,0.01172971
1776934800,6574761.0,6576412.0,6574761.0,6576300.0,0.01352753
1776938400,6475374.0,6554712.0,6475128.0,6550401.0,0.08486622
1776942000,6550402.0,6578201.0,6494977.0,6578069.0,0.0179737
1776945600,6574555.0,6574555.0,6475128.0,6475128.0,0.01506028
1776949200,6585193.0,6585193.0,6512067.0,6512067.0,0.03237978
1776952800,6479000.0,6480105.0,6475000.0,6475000.0,4.47982587
1776956400,6476703.0,6605648.0,6476703.0,6605648.0,0.01399572
1776960000,6589908.0,6633968.0,6589908.0,6627685.0,0.02712622
1776963600,6556340.0,6556340.0,6476898.0,6476898.0,0.04424808
1776967200,6544100.0,6544100.0,6544100.0,6544100.0,0.00189132
1776970800,6544100.0,6544100.0,6544100.0,6544100.0,0.0
1776974400,6501869.0,6501869.0,6476898.0,6476898.0,0.03198774
1776978000,6476898.0,6544236.0,6476898.0,6544236.0,0.01677149
1776981600,6544236.0,6544236.0,6544236.0,6544236.0,0.0
1776985200,6549597.0,6549597.0,6548888.0,6548888.0,0.04233437
1776988800,6476898.0,6476898.0,6476898.0,6476898.0,0.0220475
1776992400,6531649.0,6558679.0,6531649.0,6558679.0,0.03779237
1776996000,6562682.0,6562682.0,6562569.0,6562569.0,0.00920555
1776999600,6562569.0,6562569.0,6562569.0,6562569.0,0.0
1777003200,6562569.0,6562569.0,6562569.0,6562569.0,0.0
1777006800,6510376.0,6545089.0,6510376.0,6545089.0,0.00905786
1777010400,6540656.0,6540656.0,6540587.0,6540587.0,0.00682898
1777014000,6529903.0,6529903.0,6529903.0,6529903.0,0.00353894
1777017600,6476902.0,6562532.0,6476898.0,6562532.0,0.15704466
1777021200,6562532.0,6562532.0,6562532.0,6562532.0,0.0
1777024800,6560637.0,6560637.0,6560637.0,6560637.0,0.00177787
1777028400,6548391.0,6548391.0,6548391.0,6548391.0,0.01030024
1777032000,6476900.0,6476900.0,6476900.0,6476900.0,0.01289411
1777035600,6557522.0,6649881.0,6500530.0,6649881.0,0.02897599
1777039200,6476902.0,6554727.0,6476902.0,6546579.0,0.02634096
1777042800,6546579.0,6546579.0,6546579.0,6546579.0,0.0
1777046400,6476902.0,6540822.0,6476898.0,6507460.0,0.05668641
1777050000,6476898.0,6476898.0,6476898.0,6476898.0,0.00379457
1777053600,6545931.0,6545931.0,6545923.0,6545923.0,0.01912797
1777057200,6545923.0,6545923.0,6545923.0,6545923.0,0.0
1777060800,6545791.0,6545791.0,6545791.0,6545791.0,0.00158223
1777064400,6545909.0,6545909.0,6545909.0,6545909.0,0.00456422
1777068000,6476898.0,6476898.0,6475000.0,6475000.0,0.00456422
1777071600,6475000.0,6475000.0,6475000.0,6475000.0,0.0
1777075200,6475000.0,6475000.0,6475000.0,6475000.0,0.0
1777078800,6475000.0,6475000.0,6433335.0,6433335.0,0.26813229
1777082400,6433335.0,6433335.0,6433335.0,6433335.0,0.0
1777086000,6517955.0,6517955.0,6517955.0,6517955.0,0.00185012
1777089600,6400000.0,6487454.0,6400000.0,6487454.0,0.02504935
1777093200,6487454.0,6487454.0,6487454.0,6487454.0,0.0
1777096800,6400008.0,6400008.0,6400008.0,6400008.0,0.00177787
1777100400,6534515.0,6534515.0,6534504.0,6534504.0,0.01179246
1777104000,6534210.0,6534372.0,6534210.0,6534369.0,0.01508896
1777107600,6433003.0,6433003.0,6433003.0,6433003.0,0.02131519
1777111200,6434021.0,6535621.0,6400000.0,6400000.0,3.06778264
1777114800,6424242.0,6424242.0,6424242.0,6424242.0,0.00744789
1777118400,6426246.0,6426246.0,6426129.0,6426129.0,0.0105272
1777122000,6536000.0,6536000.0,6429050.0,6535996.0,0.01468704
1777125600,6535996.0,6535996.0,6424250.0,6424250.0,3.04783672
1777129200,6424250.0,6424250.0,6424250.0,6424250.0,0.0
1777132800,6524270.0,6524270.0,6524270.0,6524270.0,0.01580084
1777136400,6424250.0,6424250.0,6424250.0,6424250.0,0.00239203
1777140000,6433508.0,6433508.0,6433507.0,6433507.0,0.00720768
1777143600,6433506.0,6433506.0,6433506.0,6433506.0,0.00775533
1777147200,6433506.0,6433506.0,6433506.0,6433506.0,0.0
1777150800,6433506.0,6433506.0,6424246.0,6424246.0,0.00562866
1777154400,6424246.0,6424246.0,6424246.0,6424246.0,0.0
1777158000,6424246.0,6424246.0,6424246.0,6424246.0,0.0
1777161600,6433506.0,6433506.0,6433506.0,6433506.0,0.0023219
1777165200,6433506.0,6433506.0,6424246.0,6433506.0,0.0063628
1777168800,6433506.0,6433506.0,6433506.0,6433506.0,0.73729479
1777172400,6524273.0,6540332.0,6524273.0,6540332.0,0.01920937
1777176000,6540332.0,6540332.0,6540332.0,6540332.0,0.0
1777179600,6540332.0,6540332.0,6540332.0,6540332.0,0.0
1777183200,6507518.0,6507518.0,6424250.0,6424250.0,0.04353741
1777186800,6507518.0,6507518.0,6433678.0,6433678.0,0.02339041
1777190400,6507518.0,6540332.0,6507518.0,6540332.0,0.17787591
1777194000,6540332.0,6543389.0,6424250.0,6442084.0,0.02997387
1777197600,6543389.0,6543389.0,6443122.0,6543389.0,0.03287923
1777201200,6443126.0,6443126.0,6443126.0,6443126.0,0.00561487
1777204800,6443126.0,6543385.0,6443118.0,6443118.0,0.0938034
1777208400,6543376.0,6543376.0,6543376.0,6543376.0,0.00167742
1777212000,6443118.0,6443118.0,6433678.0,6433678.0,0.01001698
1777215600,6543372.0,6543372.0,6446545.0,6446545.0,0.00993189
1777219200,6543372.0,6543372.0,6543372.0,6543372.0,0.00636902
1777222800,6543372.0,6543372.0,6543372.0,6543372.0,0.00189351
1777226400,6543372.0,6543372.0,6543372.0,6543372.0,0.0025091
1777230000,6543372.0,6543372.0,6543372.0,6543372.0,0.0
1777233600,6543368.0,6543368.0,6543368.0,6543368.0,0.01807555
1777237200,6543368.0,6543368.0,6543368.0,6543368.0,0.0
1777240800,6538193.0,6543368.0,6538193.0,6543368.0,0.02363048
1777244400,6543368.0,6543368.0,6543368.0,6543368.0,0.0
1777248000,6543368.0,6543368.0,6543368.0,6543368.0,0.0
1777251600,6525519.0,6543364.0,6525519.0,6543364.0,0.07138233
1777255200,6470915.0,6470915.0,6470915.0,6470915.0,0.01807534
1777258800,6543125.0,6543125.0,6543125.0,6543125.0,0.00160764
1777262400,6493237.0,6543376.0,6493237.0,6543376.0,0.5308006
1777266000,6543376.0,6543376.0,6543376.0,6543376.0,0.0
1777269600,6470004.0,6540515.0,6470004.0,6540515.0,0.04301122
1777273200,6528692.0,6528692.0,6528692.0,6528692.0,0.00152542
1777276800,6524436.0,6524436.0,6524436.0,6524436.0,0.00238089
1777280400,6470000.0,6470000.0,6470000.0,6470000.0,0.00238089
1777284000,6470000.0,6470000.0,6470000.0,6470000.0,0.0
1777287600,6524436.0,6524436.0,6470000.0,6470000.0,0.02901276
1777291200,6470000.0,6470000.0,6470000.0,6470000.0,0.01982556
1777294800,6513635.0,6513635.0,6400000.0,6400000.0,2.49306167
1777298400,6379077.0,6411616.0,6284951.0,6411616.0,0.05817555
1777302000,6391711.0,6391711.0,6391711.0,6391711.0,0.0623642
1777305600,6384980.0,6384980.0,6384980.0,6384980.0,0.03448298
1777309200,6403500.0,6499874.0,6403500.0,6499874.0,0.03101116
1777312800,6499874.0,6499874.0,6499874.0,6499874.0,0.0
1777316400,6499874.0,6499874.0,6499874.0,6499874.0,0.0
1777320000,6499874.0,6499874.0,6499874.0,6499874.0,0.0
1777323600,6499874.0,6499874.0,6499874.0,6499874.0,0.0
1777327200,6499874.0,6499874.0,6499874.0,6499874.0,0.0
1777330800,6499874.0,6499874.0,6499874.0,6499874.0,0.0
1777334400,6478709.0,6478709.0,6478709.0,6478709.0,0.00173722
1777338000,6524429.0,6524429.0,6524429.0,6524429.0,0.0051258
1777341600,6524429.0,6524436.0,6445042.0,6445053.0,0.03524548
1777345200,6524440.0,6524440.0,6454779.0,6454779.0,0.01622468
1777348800,6454779.0,6454779.0,6454779.0,6454779.0,0.0
1777352400,6454779.0,6454779.0,6454779.0,6454779.0,0.0
1777356000,6524422.0,6524426.0,6524422.0,6524426.0,0.00915851
1777359600,6442110.0,6524426.0,6442110.0,6524426.0,0.02141843
1777363200,6524426.0,6524426.0,6524426.0,6524426.0,0.00325377
1777366800,6524426.0,6524426.0,6524426.0,6524426.0,0.00351601
1777370400,6524426.0,6524426.0,6434147.0,6524426.0,0.03299126
1777374000,6521424.0,6521424.0,6407463.0,6515038.0,0.02669388
1777377600,6408088.0,6408088.0,6408088.0,6408088.0,0.00172719
1777381200,6524426.0,6524426.0,6468146.0,6524426.0,0.05376804
1777384800,6521996.0,6590000.0,6521996.0,6590000.0,0.60757836
1777388400,6582030.0,6582030.0,6581787.0,6581787.0,0.07351054
1777392000,6569230.0,6569230.0,6473182.0,6473182.0,0.00453598
1777395600,6556313.0,6556313.0,6445833.0,6445833.0,0.00481642
1777399200,6445833.0,6445833.0,6445833.0,6445833.0,0.0
1777402800,6445833.0,6445833.0,6445833.0,6445833.0,0.0
1777406400,6569055.0,6569055.0,6454870.0,6454870.0,0.00860117
1777410000,6454870.0,6454870.0,6454870.0,6454870.0,0.0
1777413600,6454870.0,6454870.0,6454870.0,6454870.0,0.0
1777417200,6590000.0,6590000.0,6250239.0,6588380.0,0.01031225
1777420800,6588380.0,6588380.0,6588380.0,6588380.0,0.0
1777424400,6590000.0,6590000.0,6477910.0,6477910.0,0.42884349
1777428000,6601791.0,6601791.0,6601791.0,6601791.0,0.00159335
1777431600,6613633.0,6637690.0,6613633.0,6637690.0,0.00765666
1777435200,6628433.0,6628433.0,6517271.0,6517271.0,0.024662
1777438800,6614216.0,6614545.0,6250254.0,6609707.0,0.03482731
1777442400,6490394.0,6490394.0,6490394.0,6490394.0,0.00531657
1777446000,6607084.0,6607084.0,6607084.0,6607084.0,0.00165791
1777449600,6507526.0,6700000.0,6507526.0,6700000.0,0.15277461
1777453200,6700000.0,6700000.0,6700000.0,6700000.0,0.0
1777456800,6700000.0,6700000.0,6502609.0,6605993.0,0.02602636
1777460400,6611117.0,6611117.0,6608381.0,6608381.0,0.00352982
1777464000,6605227.0,6605227.0,6605227.0,6605227.0,0.23688784
1777467600,6607246.0,6609882.0,6495012.0,6495012.0,0.15083147
1777471200,6534647.0,6700000.0,6443445.0,6562446.0,0.11873644
1777474800,6422809.0,6514514.0,6404866.0,6404866.0,0.01613165
1777478400,6537439.0,6537439.0,6453546.0,6453546.0,0.0409935
1777482000,6537439.0,6537439.0,6537439.0,6537439.0,0.00761689
1777485600,6443095.0,6443095.0,6443095.0,6443095.0,0.0062581
1777489200,6443095.0,6443095.0,6443095.0,6443095.0,0.0
1777492800,6443095.0,6443095.0,6443095.0,6443095.0,0.0
1777496400,6535193.0,6535193.0,6535193.0,6535193.0,0.00225991
1777500000,6535193.0,6535193.0,6535193.0,6535193.0,0.0
1777503600,6537435.0,6537435.0,6537435.0,6537435.0,0.00380837
1777507200,6444696.0,6537439.0,6444696.0,6537439.0,0.00702866
1777510800,6460658.0,6460658.0,6460658.0,6460658.0,0.00317008
1777514400,6537435.0,6537435.0,6525758.0,6525758.0,0.00404941
1777518000,6537439.0,6537439.0,6431482.0,6431482.0,0.00455346
1777521600,6533526.0,6534001.0,6533526.0,6534001.0,0.00515426
1777525200,6534001.0,6534001.0,6534001.0,6534001.0,0.0
1777528800,6525348.0,6525348.0,6525348.0,6525348.0,0.00228922
1777532400,6508627.0,6508627.0,6508495.0,6508495.0,0.01044798
1777536000,6508495.0,6508495.0,6508495.0,6508495.0,0.0
1777539600,6425874.0,6537439.0,6425874.0,6537439.0,0.00967507
1777543200,6423391.0,6426590.0,6300002.0,6426590.0,0.12738932
1777546800,6527039.0,6527039.0,6527039.0,6527039.0,0.00243709
1777550400,6534975.0,6537439.0,6534975.0,6537439.0,0.10245715
1777554000,6400578.0,6400578.0,6400578.0,6400578.0,0.0021059
1777557600,6391012.0,6537439.0,6391012.0,6537439.0,0.01716556
1777561200,6537439.0,6537439.0,6525422.0,6525422.0,0.95902071
1777564800,6525422.0,6525422.0,6525422.0,6525422.0,0.0
1777568400,6525422.0,6650895.0,6525422.0,6650895.0,0.20197827
1777572000,6433012.0,6677145.0,6433012.0,6677145.0,0.03896265
1777575600,6677145.0,6677145.0,6677145.0,6677145.0,0.0
1777579200,6674944.0,6674944.0,6674944.0,6674944.0,0.02989957
1777582800,6683666.0,6683666.0,6683666.0,6683666.0,0.00149005
1777586400,6683666.0,6683666.0,6683666.0,6683666.0,0.0
1777590000,6683666.0,6683666.0,6683666.0,6683666.0,0.0
1777593600,6682162.0,6682162.0,6682162.0,6682162.0,0.00291672
1777597200,6434604.0,6434604.0,6434604.0,6434604.0,0.03085654
1777600800,6696133.0,6700000.0,6696133.0,6700000.0,0.00648993
1777604400,6700000.0,6700000.0,6700000.0,6700000.0,0.0
1777608000,6450036.0,6699540.0,6450036.0,6699540.0,0.00625874
1777611600,6699540.0,6699540.0,6699540.0,6699540.0,0.0
1777615200,6699994.0,6699996.0,6695041.0,6695041.0,0.05779213
1777618800,6695041.0,6695041.0,6695041.0,6695041.0,0.0
1777622400,6695041.0,6695041.0,6695041.0,6695041.0,0.0
1777626000,6682147.0,6682147.0,6682147.0,6682147.0,0.01493367
1777629600,6450012.0,6450012.0,6450004.0,6450004.0,0.01513268
1777633200,6450004.0,6450004.0,6450004.0,6450004.0,0.00571885
1777636800,6450004.0,6450004.0,6450004.0,6450004.0,0.0
1777640400,6700000.0,6700000.0,6695078.0,6695078.0,0.00812865
1777644000,6699996.0,6699996.0,6450006.0,6450006.0,0.01224587
1777647600,6699998.0,6900334.0,6699998.0,6900334.0,1.36291308
1777651200,6927430.0,6927430.0,6450114.0,6450114.0,0.09826526
1777654800,6450118.0,6908788.0,6450114.0,6450114.0,0.05520975
1777658400,6459999.0,6459999.0,6459999.0,6459999.0,0.00723066
1777662000,6921722.0,6921722.0,6921722.0,6921722.0,0.01266303
1777665600,6892329.0,6892330.0,6892329.0,6892330.0,0.00723906
1777669200,6450118.0,6867411.0,6450118.0,6867411.0,0.03218154
1777672800,6867411.0,6867411.0,6867411.0,6867411.0,0.0
1777676400,6453906.0,6453906.0,6453905.0,6453905.0,0.03662217
1777680000,6453905.0,6453905.0,6453905.0,6453905.0,0.0
1777683600,6829082.0,6829098.0,6829082.0,6829098.0,0.01604152
1777687200,6829094.0,6829094.0,6829094.0,6829094.0,0.0039235
1777690800,6828100.0,6828100.0,6828100.0,6828100.0,0.0016845
1777694400,6452102.0,6825008.0,6452000.0,6452000.0,0.03720572
1777698000,6452006.0,6820002.0,6452004.0,6820002.0,0.01674399
1777701600,6820002.0,6820002.0,6820002.0,6820002.0,0.0
1777705200,6801028.0,6801028.0,6801028.0,6801028.0,0.00146433
1777708800,6789996.0,6789996.0,6452204.0,6452204.0,0.01232229
1777712400,6769988.0,6769988.0,6769988.0,6769988.0,0.01471051
1777716000,6452062.0,6739018.0,6450114.0,6739018.0,0.18195526
1777719600,6739018.0,6739018.0,6739018.0,6739018.0,0.0
1777723200,6739018.0,6739018.0,6739018.0,6739018.0,0.0
1777726800,6705008.0,6705008.0,6705008.0,6705008.0,0.00808365
1777730400,6450134.0,6710005.0,6450132.0,6450260.0,0.03136666
1777734000,6710002.0,6867411.0,6710002.0,6867411.0,0.07289127
1777737600,6451200.0,6867402.0,6451200.0,6867402.0,0.03197688
1777741200,6451976.0,6451976.0,6451976.0,6451976.0,0.0039235
1777744800,6867400.0,6867404.0,6452582.0,6452582.0,0.01184672
1777748400,6867364.0,6867364.0,6867364.0,6867364.0,0.00209964
1777752000,6867364.0,6867364.0,6867364.0,6867364.0,0.0
1777755600,6867364.0,6867364.0,6867364.0,6867364.0,0.0
1777759200,6857350.0,6857350.0,6857350.0,6857350.0,0.07730678
1777762800,6857356.0,6857356.0,6857356.0,6857356.0,0.0014523
1777766400,6453964.0,6453964.0,6453964.0,6453964.0,0.00168127
1777770000,6857354.0,6857360.0,6453976.0,6857354.0,0.01436839
1777773600,6454276.0,6857358.0,6454022.0,6454022.0,0.17278603
1777777200,6454034.0,6857186.0,6454030.0,6454036.0,0.02228277
1777780800,6856314.0,6856314.0,6856244.0,6856248.0,0.02571083
1777784400,6456002.0,6456662.0,6456002.0,6456660.0,0.02611906
1777788000,6749994.0,6749994.0,6456664.0,6749894.0,0.01171187
1777791600,6749994.0,6750000.0,6749994.0,6750000.0,0.04929823
1777795200,6457304.0,6457304.0,6457304.0,6457304.0,0.00182316
1777798800,6457304.0,6457304.0,6457304.0,6457304.0,0.0
1777802400,6749999.0,6750000.0,6460054.0,6460054.0,0.03167112
1777806000,6750000.0,6750000.0,6750000.0,6750000.0,0.0014754
1777809600,6750000.0,6750000.0,6470590.0,6749998.0,0.01930689
1777813200,6470512.0,6857360.0,6470512.0,6857342.0,0.202041
1777816800,6470556.0,6857364.0,6470554.0,6470562.0,0.14091702
1777820400,6857314.0,6857314.0,6857314.0,6857314.0,0.00274874
1777824000,6857194.0,6857194.0,6857194.0,6857194.0,0.01181591
1777827600,6857360.0,6857360.0,6470722.0,6470722.0,0.00399132
1777831200,6470722.0,6470722.0,6470722.0,6470722.0,0.0
1777834800,6500348.0,6500348.0,6500348.0,6500348.0,0.00261768
1777838400,6500348.0,6500348.0,6500348.0,6500348.0,0.0
1777842000,6857360.0,6857362.0,6857360.0,6857362.0,0.01151711
1777845600,6610474.0,6610474.0,6470615.0,6470615.0,0.04929823
1777849200,6470664.0,6470664.0,6470664.0,6470664.0,0.00775979
1777852800,6500092.0,6857310.0,6500090.0,6857310.0,0.11973205
1777856400,6706980.0,6706980.0,6706980.0,6706980.0,0.00962295
1777860000,6706982.0,6857358.0,6500008.0,6857358.0,0.0665211
1777863600,6857350.0,6857350.0,6500208.0,6500208.0,0.00442599
1777867200,6857352.0,6857354.0,6500762.0,6857350.0,0.06299252
1777870800,6500963.0,6857350.0,6500963.0,6857350.0,0.00919762
1777874400,6857350.0,6857350.0,6857350.0,6857350.0,0.00204656
1777878000,6501432.0,6857349.0,6499999.0,6857349.0,1.00351738
1777881600,6857060.0,6857060.0,6857060.0,6857060.0,0.00288359
1777885200,6856927.0,6856927.0,6500004.0,6500014.0,0.02177348
1777888800,6856313.0,6856313.0,6500008.0,6828299.0,0.02743853
1777892400,6828299.0,6828299.0,6828299.0,6828299.0,0.0
1777896000,6500025.0,6500025.0,6500025.0,6500025.0,0.00201929
1777899600,6825411.0,6825633.0,6500021.0,6825633.0,0.12248056
1777903200,6825331.0,6825331.0,6825268.0,6825268.0,0.00584514
1777906800,6810034.0,6810034.0,6788036.0,6788036.0,0.00437138
1777910400,6787907.0,6787911.0,6787815.0,6787815.0,0.02035384
1777914000,6787815.0,6787815.0,6787815.0,6787815.0,0.0
1777917600,6787815.0,6787815.0,6787815.0,6787815.0,0.0
1777921200,6787815.0,6787815.0,6787815.0,6787815.0,0.0
1777924800,6650023.0,6650023.0,6650023.0,6650023.0,0.00166435
1777928400,6819590.0,6819590.0,6819590.0,6819590.0,0.00197944
1777932000,6819590.0,6819590.0,6819590.0,6819590.0,0.0
1777935600,6819590.0,6819590.0,6819590.0,6819590.0,0.0
1777939200,6500232.0,6500232.0,6500232.0,6500232.0,0.00468819
1777942800,6819124.0,6819124.0,6500212.0,6819076.0,0.01628948
1777946400,6819014.0,6819014.0,6819014.0,6819014.0,0.00158585
1777950000,6819030.0,6819032.0,6500270.0,6819032.0,0.04652381
1777953600,6819032.0,6819165.0,6502276.0,6502280.0,0.00903397
1777957200,6819162.0,6819165.0,6502324.0,6819165.0,0.04085691
1777960800,6819165.0,6819165.0,6819165.0,6819165.0,0.0
1777964400,6502572.0,6819162.0,6502479.0,6819162.0,0.03387119
1777968000,6502480.0,6820000.0,6502480.0,6510018.0,0.1297656
1777971600,6510030.0,6820000.0,6510030.0,6510048.0,0.12268608
1777975200,6819996.0,6819996.0,6510092.0,6510092.0,0.00575727
1777978800,6819996.0,6819996.0,6450114.0,6789998.0,1.46233357
1777982400,6450140.0,6800000.0,6450140.0,6800000.0,0.99018729
1777986000,6819997.0,6867411.0,6475164.0,6867411.0,1.63210471
1777989600,6485932.0,6849977.0,6485900.0,6849977.0,0.17756895
1777993200,6490006.0,6849781.0,6490006.0,6849776.0,0.02396029
1777996800,6849498.0,6849498.0,6849498.0,6849498.0,0.00222103
1778000400,6490022.0,6490022.0,6490020.0,6490020.0,0.00732107
1778004000,6848701.0,6848701.0,6848701.0,6848701.0,0.02908303
1778007600,6848151.0,6848151.0,6848151.0,6848151.0,0.00159955
1778011200,6848151.0,6848151.0,6848151.0,6848151.0,0.0
1778014800,6848151.0,6848151.0,6848151.0,6848151.0,0.0
1778018400,6510704.0,6510704.0,6510704.0,6510704.0,0.00215276
1778022000,6705002.0,6705002.0,6705002.0,6705002.0,0.0014853
1778025600,6700008.0,6700008.0,6700008.0,6700008.0,0.01368416
1778029200,6700002.0,6728112.0,6700002.0,6728112.0,0.01921374
1778032800,6510740.0,6730148.0,6510740.0,6730148.0,0.02234426
1778036400,6730147.0,6730147.0,6550006.0,6730141.0,0.01328908
1778040000,6730039.0,6730039.0,6730039.0,6730039.0,0.00147978
1778043600,6730011.0,6730011.0,6729988.0,6729988.0,0.00826522
1778047200,6730141.0,6730141.0,6730141.0,6730141.0,0.14606637
1778050800,6730141.0,6730141.0,6730141.0,6730141.0,0.0
1778054400,6810004.0,6810004.0,6551165.0,6810004.0,0.00717582
1778058000,6809999.0,6809999.0,6551274.0,6551290.0,0.02100796
1778061600,6809996.0,6844844.0,6551294.0,6844844.0,0.18108602
1778065200,6553316.0,6553323.0,6553314.0,6553323.0,0.04303353
1778068800,6553333.0,6553333.0,6553333.0,6553333.0,0.00245661
1778072400,6752992.0,6820000.0,6752992.0,6820000.0,0.02652595
1778076000,6819950.0,6819950.0,6819950.0,6819950.0,0.00160617
1778079600,6554210.0,6819996.0,6554210.0,6554218.0,0.01229864
1778083200,6554222.0,6554302.0,6554222.0,6554302.0,0.01899418
1778086800,6819998.0,6819998.0,6819998.0,6819998.0,0.00292052
1778090400,6819998.0,6819998.0,6819998.0,6819998.0,0.0
1778094000,6819998.0,6916998.0,6819998.0,6916998.0,0.19422609
1778097600,6963028.0,6963028.0,6554680.0,6963014.0,0.01268231
1778101200,6962824.0,6962824.0,6962824.0,6962824.0,0.00300366
1778104800,6962824.0,6962824.0,6962824.0,6962824.0,0.0
1778108400,6962806.0,6962806.0,6962806.0,6962806.0,0.00218087
1778112000,6555626.0,6958374.0,6555624.0,6956087.0,0.09270242
1778115600,6558909.0,6950048.0,6558909.0,6950048.0,0.00706923
1778119200,6562904.0,6950035.0,6562904.0,6762925.0,0.3160029
1778122800,6950035.0,6950035.0,6562923.0,6562930.0,0.08832968
1778126400,6666666.0,6950037.0,6565976.0,6565976.0,0.02619371
1778130000,6844444.0,6949976.0,6566018.0,6874446.0,0.17314501
1778133600,6917036.0,6917038.0,6568109.0,6768153.0,0.04922607
1778137200,6811000.0,6813303.0,6811000.0,6813303.0,0.00752588
1778140800,6949696.0,6949696.0,6813303.0,6813303.0,0.01347211
1778144400,6949600.0,6987235.0,6949600.0,6987235.0,0.19693558
1778148000,6960003.0,7068930.0,6960003.0,6999003.0,0.04949575
1778151600,7068874.0,7068876.0,6989008.0,7068838.0,0.06066215
1778155200,7068826.0,7068844.0,7015993.0,7015993.0,0.07151611
1778158800,6855612.0,7068931.0,6600001.0,6600001.0,0.21107608
1778162400,7068930.0,7223399.0,6600006.0,7223399.0,0.12294231
1778166000,7181698.0,7181698.0,6600017.0,6606924.0,0.04006389
1778169600,6606938.0,7102524.0,6606936.0,7069136.0,0.02197598
1778173200,7069136.0,7069138.0,6607907.0,6607907.0,0.08935358
1778176800,6607907.0,6607907.0,6607907.0,6607907.0,0.0
1778180400,7069132.0,7069132.0,7069132.0,7069132.0,0.0014088
1778184000,7069136.0,7223398.0,7069136.0,7223398.0,0.04421172
1778187600,7195237.0,7195250.0,6608134.0,7195248.0,0.03498722
1778191200,7131863.0,7150493.0,6610104.0,7150493.0,0.02365232
1778194800,7150508.0,7150508.0,6610127.0,7033333.0,0.16295668
1778198400,7010104.0,7033104.0,7010104.0,7010108.0,0.01184873
1778202000,7010505.0,7010505.0,7010505.0,7010505.0,0.00147496
1778205600,7010505.0,7200867.0,7010504.0,7200867.0,0.05719094
1778209200,7200866.0,7200867.0,7010504.0,7200867.0,0.05065054
1778212800,7200867.0,7257334.0,7010104.0,7256086.0,0.30730135
1778216400,7139047.0,7233544.0,7010104.0,7233544.0,0.27495041
1778220000,7010108.0,7240590.0,7010108.0,7010108.0,0.00925679
1778223600,7229235.0,7229236.0,7229235.0,7229236.0,0.02053674
1778227200,7010133.0,7229235.0,7010133.0,7229235.0,0.0057696
1778230800,7229235.0,7316516.0,7229235.0,7315912.0,0.1024667
1778234400,7293261.0,7293261.0,7010150.0,7010150.0,0.10978
1778238000,7292468.0,7292468.0,7292456.0,7292456.0,0.0049163
1778241600,7324174.0,7325378.0,7010148.0,7010148.0,0.08645746
1778245200,7010148.0,7010148.0,7010148.0,7010148.0,0.00145902
1778248800,7010152.0,7499996.0,7010152.0,7499996.0,0.94609105
1778252400,7500000.0,7527437.0,7010212.0,7421831.0,0.62574625
1778256000,7421831.0,7537465.0,7421831.0,7513562.0,0.1685896
1778259600,7421831.0,7508484.0,7010255.0,7508484.0,1.90512597
1778263200,7479860.0,7550000.0,7010259.0,7387626.0,0.60026649
1778266800,7482508.0,7491321.0,7482508.0,7491321.0,0.11527125
1778270400,7010255.0,7010255.0,7010255.0,7010255.0,0.07138233
1778274000,7516330.0,7516330.0,7516330.0,7516330.0,0.0019874
1778277600,7521079.0,7521079.0,7391546.0,7391546.0,0.00803744
1778281200,7391546.0,7391546.0,7391546.0,7391546.0,0.0
1778284800,7515088.0,7515088.0,7515088.0,7515088.0,0.00315352
1778288400,7407800.0,7515088.0,7401056.0,7515088.0,0.16379863
1778292000,7421979.0,7515088.0,7011994.0,7515088.0,0.07825619
1778295600,7400883.0,7528818.0,7020003.0,7409702.0,0.05832244
1778299200,7548868.0,7548868.0,7391373.0,7391373.0,0.05828075
1778302800,7401748.0,7541129.0,7401748.0,7541129.0,0.01053163
1778306400,7417138.0,7520100.0,7020008.0,7395523.0,0.31457697
1778310000,7395523.0,7403132.0,7395523.0,7403132.0,0.01007079
1778313600,7520010.0,7520010.0,7394485.0,7394485.0,0.02933129
1778317200,7021100.0,7394485.0,7021100.0,7394485.0,0.01179152
1778320800,7400883.0,7400883.0,7400883.0,7400883.0,0.04455941
1778324400,7407108.0,7519999.0,7407108.0,7409702.0,0.04039873
1778328000,7431490.0,7431490.0,7431490.0,7431490.0,0.00156341
1778331600,7519999.0,7519999.0,7394486.0,7394486.0,0.60072071
1778335200,7394486.0,7536732.0,7033335.0,7536732.0,1.39198239
1778338800,7542500.0,8499995.0,7420001.0,7420001.0,0.17931629
1778342400,7520000.0,7545174.0,7420001.0,7420001.0,0.12817235
1778346000,7539018.0,8499995.0,7420002.0,7420002.0,0.75973632
1778349600,7540098.0,7999999.0,7539546.0,7539546.0,0.02210654
1778353200,7420002.0,7539194.0,7420002.0,7539194.0,0.0371082
1778356800,7539194.0,7539194.0,7420002.0,7420002.0,0.00977064
1778360400,7420002.0,7420002.0,7420002.0,7420002.0,0.0
1778364000,7420003.0,7420003.0,7420003.0,7420003.0,0.0405758
1778367600,7420004.0,7530022.0,7420004.0,7530022.0,0.04579477
1778371200,7510000.0,7543591.0,7420004.0,7518792.0,0.04545844
1778374800,7518792.0,7520551.0,7420004.0,7420004.0,0.4692891
1778378400,7420004.0,7420004.0,7420004.0,7420004.0,0.04005703
1778382000,7530032.0,7999999.0,7420004.0,7520032.0,0.12134219
1778385600,7520032.0,7542712.0,7520032.0,7533712.0,0.01805742
1778389200,7420004.0,7420004.0,7420004.0,7420004.0,0.05448794
1778392800,7420004.0,7420004.0,7408146.0,7408146.0,1.37337917
1778396400,7522712.0,7542712.0,7418175.0,7542712.0,0.01109945
1778400000,7418175.0,7542711.0,7418175.0,7542711.0,0.01069679
1778403600,7418175.0,7536556.0,7417484.0,7418175.0,0.08827112
1778407200,7417484.0,7535853.0,7417484.0,7535853.0,0.00427568
1778410800,7417484.0,7535852.0,7417484.0,7535852.0,0.00359373
1778414400,7551153.0,7551154.0,7026901.0,7424054.0,0.03138995
1778418000,7536555.0,7547636.0,7424054.0,7547636.0,0.0371701
1778421600,7424054.0,7428723.0,7424054.0,7428723.0,0.01091329
1778425200,7555902.0,7555902.0,7428723.0,7547109.0,0.04026028
1778428800,7428723.0,7552737.0,7428723.0,7552737.0,0.02316865
1778432400,7551330.0,7551330.0,7551330.0,7551330.0,0.00527589
1778436000,7555902.0,7566104.0,7555902.0,7566104.0,0.00855328
1778439600,7438752.0,7438752.0,7438752.0,7438752.0,0.0021642
1778443200,7438752.0,7438752.0,7438752.0,7438752.0,0.0
1778446800,7438752.0,7438752.0,7438752.0,7438752.0,0.0
1778450400,7438752.0,7438752.0,7438752.0,7438752.0,0.0
1778454000,7428723.0,7428723.0,7428723.0,7428723.0,0.00876953
1778457600,7428723.0,7428723.0,7428723.0,7428723.0,0.39331873
1778461200,7428723.0,7513600.0,7424054.0,7513600.0,0.13830911
1778464800,7514831.0,7699999.0,7514041.0,7514041.0,1.22851314
1778468400,7503822.0,7505290.0,7386678.0,7495105.0,4.87231057
1778472000,7495105.0,7508574.0,7382199.0,7382199.0,0.10704196
1778475600,7382195.0,7679999.0,7382195.0,7382195.0,0.03500282
1778479200,7382195.0,7382195.0,7382195.0,7382195.0,0.0
1778482800,7384500.0,7699999.0,7382195.0,7507596.0,0.06807035
1778486400,7507596.0,7507596.0,7507596.0,7507596.0,0.0
1778490000,7352893.0,7484235.0,7339110.0,7339110.0,0.01428517
1778493600,7462868.0,7462868.0,7335705.0,7355483.0,0.02435973
1778497200,7484235.0,7493585.0,7484235.0,7493585.0,0.00504481
1778500800,7351269.0,7351975.0,7351269.0,7351975.0,0.01700688
1778504400,7342777.0,7464571.0,7342777.0,7464571.0,0.05021389
1778508000,7390995.0,7405994.0,7342744.0,7405994.0,0.14574771
1778511600,7635749.0,7635749.0,7601855.0,7616691.0,0.03396086
1778515200,7699943.0,7699943.0,7342746.0,7699943.0,0.01690425
1778518800,7644338.0,7700000.0,7644338.0,7700000.0,0.1410644
1778522400,7700000.0,7877841.0,7700000.0,7877841.0,0.99205666
1778526000,7877841.0,7877841.0,7877841.0,7877841.0,0.0
1778529600,7696595.0,7696595.0,7344901.0,7344901.0,0.0113784
1778533200,7344901.0,7344901.0,7344901.0,7344901.0,0.0
1778536800,7680122.0,7817098.0,7680122.0,7696941.0,0.01963569
1778540400,7696941.0,7696941.0,7696941.0,7696941.0,0.0
1778544000,7824631.0,7824635.0,7824631.0,7824635.0,0.03147225
1778547600,7696941.0,7824635.0,7690000.0,7824635.0,0.52826959
1778551200,7824634.0,7824634.0,7763348.0,7763348.0,0.00511681
1778554800,7787899.0,7799016.0,7689000.0,7689000.0,0.03158651
1778558400,7688889.0,7796804.0,7616422.0,7616422.0,0.6837395
1778562000,7740219.0,7740219.0,7740219.0,7740219.0,0.00128665
1778565600,7700000.0,7743405.0,7700000.0,7743405.0,0.03230031
1778569200,7700000.0,7743404.0,7620258.0,7620258.0,0.01829602
1778572800,7743401.0,7743405.0,7743401.0,7743405.0,0.00726695
1778576400,7631687.0,7743405.0,7631687.0,7743405.0,0.01625064
1778580000,7743405.0,7743405.0,7653932.0,7743405.0,0.02942228
1778583600,7743405.0,7743405.0,7623765.0,7743405.0,0.04206052
1778587200,7644856.0,7776631.0,7630308.0,7630308.0,0.13138222
1778590800,7659086.0,7790197.0,7659086.0,7687949.0,0.07424885
1778594400,7659086.0,7779548.0,7659086.0,7659086.0,0.06737495
1778598000,7790197.0,7790197.0,7453764.0,7453764.0,1.09006163
1778601600,7790197.0,7790197.0,7790197.0,7790197.0,0.00512117
1778605200,7575995.0,7575995.0,7575995.0,7575995.0,0.00340654
1778608800,7575995.0,7575995.0,7575995.0,7575995.0,0.0
1778612400,7345905.0,7345905.0,7345905.0,7345905.0,0.01491554
1778616000,7345905.0,7345905.0,7345905.0,7345905.0,0.0
1778619600,7545239.0,7545239.0,7545239.0,7545239.0,0.03093039
1778623200,7670689.0,7670689.0,7551847.0,7551847.0,0.0080629
1778626800,7669010.0,7676448.0,7665933.0,7676448.0,0.04842546
1778630400,7664078.0,7664078.0,7506474.0,7506474.0,0.01049229
1778634000,7622014.0,7622014.0,7506475.0,7521048.0,0.01465756
1778637600,7622014.0,7622014.0,7541278.0,7622014.0,0.09361549
1778641200,7622014.0,7622014.0,7535004.0,7622014.0,0.05262741
1778644800,7622014.0,7622014.0,7622014.0,7622014.0,0.02997619
1778648400,7579712.0,7622014.0,7577760.0,7577760.0,0.02915105
1778652000,7622014.0,7622014.0,7622014.0,7622014.0,0.00914627
1778655600,7578357.0,7578357.0,7578357.0,7578357.0,0.02370436
1778659200,7592021.0,7622014.0,7592021.0,7622014.0,0.53740761
1778662800,7622014.0,7622014.0,7622014.0,7622014.0,0.0
1778666400,7630000.0,7630000.0,7572460.0,7617948.0,0.00737332
1778670000,7752629.0,7767948.0,7372398.0,7767948.0,0.01486439
1778673600,7790196.0,7824634.0,7400000.0,7824634.0,0.1623825
1778677200,7824634.0,7824635.0,7573118.0,7824595.0,0.07519681
1778680800,7778686.0,7778686.0,7778686.0,7778686.0,0.00205344
1778684400,7824599.0,7999998.0,7824599.0,7999998.0,0.2857389
1778688000,7999998.0,8399999.0,7999998.0,8399999.0,0.28522218
1778691600,8399999.0,9000000.0,7856698.0,7856698.0,1.91684098
1778695200,7856698.0,8999998.0,7790938.0,7794596.0,0.40827891
1778698800,8799990.0,8799990.0,7750142.0,7750142.0,0.01447584
1778702400,8799954.0,8799954.0,7764450.0,8799918.0,0.00768544
1778706000,7768571.0,7768571.0,7768571.0,7768571.0,0.01094298
1778709600,7768571.0,7768571.0,7768571.0,7768571.0,0.0
1778713200,7940212.0,8999625.0,7827104.0,7827104.0,0.23411056
1778716800,8999612.0,8999614.0,7838102.0,7961263.0,0.07288558
1778720400,7855101.0,7855101.0,7855101.0,7855101.0,0.00659435
1778724000,7855100.0,7902232.0,7829911.0,7902232.0,0.26262925
1778727600,7829990.0,8820002.0,7829911.0,7835004.0,0.06475047
1778731200,8679998.0,8680001.0,7850005.0,7850005.0,0.09231793
1778734800,7865556.0,8678004.0,7865556.0,7870996.0,0.14002871
1778738400,8678000.0,8678004.0,7903902.0,7903902.0,0.02275528
1778742000,8677998.0,8678001.0,7903991.0,8300000.0,0.05105087
1778745600,8290000.0,8677994.0,8290000.0,8677994.0,0.00620393
1778749200,7910004.0,8677994.0,7910001.0,7950892.0,0.85107941
1778752800,7951000.0,7951000.0,7906998.0,7906998.0,0.15524826
1778756400,7906998.0,8500000.0,7865006.0,8499005.0,0.77504564
1778760000,8499005.0,8499005.0,8499001.0,8499001.0,0.0065192
1778763600,8498992.0,8498992.0,7895700.0,7895702.0,0.01990974
1778767200,8198990.0,8498998.0,7818888.0,8038990.0,1.30785053
1778770800,8498997.0,8498997.0,7500002.0,8498997.0,0.05211535
1778774400,8498996.0,8498997.0,7500007.0,7898988.0,0.12443898
1778778000,7898988.0,7898988.0,7898988.0,7898988.0,0.0
1778781600,7500014.0,8498997.0,7500014.0,8498997.0,0.17225864
1778785200,8498997.0,8498997.0,8450032.0,8450032.0,0.22334356
1778788800,8450032.0,8450032.0,8450032.0,8450032.0,0.0
1778792400,8498996.0,8498996.0,8450032.0,8450032.0,0.06875436
1778796000,7600140.0,8450032.0,7600140.0,8450032.0,0.00440094
1778799600,7620004.0,8498997.0,7620000.0,8498997.0,0.28458767
1778803200,7701004.0,8448999.0,7701003.0,8448999.0,0.13032234
1778806800,7702902.0,8448996.0,7702900.0,7873432.0,0.05166877
1778810400,7827804.0,8413076.0,7701014.0,8400000.0,0.05755802
1778814000,8350004.0,8498997.0,7820989.0,7826653.0,3.60655288
1778817600,7837291.0,8299999.0,7791014.0,7791014.0,0.14896124
1778821200,7782330.0,8100000.0,7620008.0,8100000.0,1.93591178
1778824800,7691433.0,8498997.0,7691433.0,7734138.0,9.48162321
1778828400,8199999.0,8199999.0,7738307.0,8099000.0,3.06267252
1778832000,7726731.0,8490000.0,7450000.0,7729415.0,6.02048307
1778835600,7703001.0,8200000.0,7696523.0,7696523.0,0.02300556
1778839200,7720578.0,8200000.0,7600001.0,7945002.0,2.33890901
1778842800,7600008.0,7920005.0,7600008.0,7920005.0,0.09462039
1778846400,7920005.0,7920005.0,7920005.0,7920005.0,0.0
1778850000,7609462.0,7879984.0,7609462.0,7870000.0,0.08974864
1778853600,7870000.0,7870000.0,7460000.0,7859999.0,0.77434249
1778857200,7469978.0,7849874.0,7469978.0,7575204.0,0.31358585
1778860800,7469978.0,7789999.0,7469978.0,7789999.0,0.04535281
1778864400,7469978.0,7653882.0,7469978.0,7653882.0,0.01401501
1778868000,7598191.0,7598191.0,7598191.0,7598191.0,0.00560936
1778871600,7553448.0,7559340.0,7552913.0,7559340.0,0.02929833
1778875200,7799560.0,7849872.0,7799560.0,7849872.0,0.11438193
1778878800,7519860.0,7849872.0,7519860.0,7849872.0,0.07682772
1778882400,7469981.0,7770000.0,7469981.0,7500000.0,0.48527202
1778886000,7469981.0,7475125.0,7450978.0,7475125.0,0.03056567
1778889600,7474234.0,7474234.0,7450978.0,7450978.0,1.43190513
1778893200,7467105.0,7600000.0,7400000.0,7400000.0,0.45345411
1778896800,7400000.0,7455000.0,7400000.0,7455000.0,0.02112253
1778900400,7455000.0,7455000.0,7359000.0,7359000.0,0.01248696
1778904000,7360000.0,7455000.0,7360000.0,7455000.0,0.00589038
1778907600,7455000.0,7455000.0,7455000.0,7455000.0,0.33611173
1778911200,7455000.0,7455000.0,7360010.0,7360010.0,0.02876079
1778914800,7455000.0,7455000.0,7305835.0,7310004.0,0.76706303
1778918400,7449992.0,7449992.0,7310005.0,7310005.0,0.36173038
1778922000,7424909.0,7424909.0,7424909.0,7424909.0,0.00192392
1778925600,7424338.0,7424338.0,7424338.0,7424338.0,0.00338117
1778929200,7421987.0,7421990.0,7421987.0,7421990.0,0.02688158
1778932800,7421990.0,7421990.0,7421990.0,7421990.0,0.0
1778936400,7310011.0,7310011.0,7310005.0,7310005.0,0.57443803
1778940000,7399990.0,7399990.0,7399990.0,7399990.0,0.00745311
1778943600,7399990.0,7399990.0,7399990.0,7399990.0,0.0
1778947200,7310005.0,7370000.0,7310005.0,7370000.0,0.15018169
1778950800,7360000.0,7360000.0,7359996.0,7359996.0,0.00294795
1778954400,7350000.0,7350000.0,7350000.0,7350000.0,0.06429972
1778958000,7310100.0,7310100.0,7310100.0,7310100.0,0.05281607
1778961600,7310100.0,7310100.0,7310100.0,7310100.0,0.0
1778965200,7310100.0,7310100.0,7310100.0,7310100.0,0.0
1778968800,7310100.0,7310100.0,7310100.0,7310100.0,0.0
1778972400,7350000.0,7350000.0,7286308.0,7350000.0,0.08476168
1778976000,7350000.0,7350000.0,7350000.0,7350000.0,0.00241115
1778979600,7349000.0,7349000.0,7284739.0,7349000.0,0.18228107
1778983200,7287179.0,7348996.0,7287179.0,7348996.0,0.01031245
1778986800,7287200.0,7295901.0,7287196.0,7295901.0,0.15252175
1778990400,7295901.0,7295901.0,7295901.0,7295901.0,0.0
1778994000,7295901.0,7295901.0,7295901.0,7295901.0,0.00834898
1778997600,7348996.0,7349000.0,7307583.0,7307583.0,0.13665936
1779001200,7348996.0,7348996.0,7301829.0,7301829.0,0.07421376
1779004800,7301829.0,7313507.0,7301829.0,7313507.0,0.0123703
1779008400,7349000.0,7349000.0,7304092.0,7348996.0,0.17709023
1779012000,7349000.0,7349000.0,7349000.0,7349000.0,0.16309741
1779015600,7399990.0,7415000.0,7399990.0,7415000.0,0.00345038
1779019200,7399996.0,7399996.0,7399996.0,7399996.0,0.00359594
1779022800,7399996.0,7441991.0,7399996.0,7441991.0,0.02117788
1779026400,7402613.0,7402613.0,7350643.0,7350643.0,0.00804151
1779030000,7348904.0,7402533.0,7348904.0,7402533.0,0.01785865
1779033600,7340531.0,7340531.0,7340531.0,7340531.0,0.00345681
1779037200,7350643.0,7350643.0,7324320.0,7324320.0,0.00773189
1779040800,7327986.0,7429950.0,7327986.0,7429950.0,0.01090342
1779044400,7429950.0,7429950.0,7429950.0,7429950.0,0.0
1779048000,7429950.0,7429950.0,7429950.0,7429950.0,0.0
1779051600,7429996.0,7429996.0,7374181.0,7374529.0,0.11619927
1779055200,7374529.0,7374529.0,7374529.0,7374529.0,0.0
1779058800,7429996.0,7429996.0,7330999.0,7330999.0,0.00722038
1779062400,7399992.0,7399992.0,7290000.0,7290000.0,0.02848667
1779066000,7290000.0,7393524.0,7290000.0,7393524.0,0.00955926
1779069600,7291986.0,7379996.0,7291986.0,7379996.0,0.00932568
1779073200,7379996.0,7380000.0,7290000.0,7380000.0,0.03891633
1779076800,7290000.0,7297976.0,7290000.0,7297976.0,0.14231163
1779080400,7380000.0,7380000.0,7380000.0,7380000.0,0.00318319
1779084000,7370000.0,7370000.0,7370000.0,7370000.0,0.00338493
1779087600,7291687.0,7369000.0,7291687.0,7301153.0,0.02907603
1779091200,7380000.0,7380000.0,7380000.0,7380000.0,0.00269891
1779094800,7420000.0,7420000.0,7341830.0,7341830.0,0.03197991
1779098400,7399996.0,7399996.0,7315407.0,7315407.0,0.14187983
1779102000,7399992.0,7399992.0,7315323.0,7315323.0,0.01413909
1779105600,7399992.0,7399992.0,7329340.0,7399992.0,0.01140469
1779109200,7399988.0,7399988.0,7399988.0,7399988.0,0.03265072
1779112800,7399988.0,7399988.0,7290490.0,7290490.0,0.24599102
1779116400,7364058.0,7364058.0,7000000.0,7364056.0,0.99439532
1779120000,7364056.0,7364056.0,7216138.0,7216138.0,0.00814957
1779123600,7207019.0,7364055.0,7207019.0,7364055.0,0.09161982
1779127200,7364055.0,7364055.0,7364055.0,7364055.0,0.0
1779130800,7207019.0,7207019.0,7200000.0,7200007.0,0.02250193
1779134400,7200007.0,7200007.0,7200007.0,7200007.0,0.0
1779138000,7200004.0,7200004.0,7200004.0,7200004.0,0.02041215
1779141600,7200004.0,7200004.0,7200004.0,7200004.0,0.00396132
1779145200,7200004.0,7200004.0,7200004.0,7200004.0,0.0
1779148800,7200005.0,7200005.0,7200005.0,7200005.0,0.00140613
1779152400,7200005.0,7347252.0,7200005.0,7313622.0,0.04602796
1779156000,7200005.0,7296668.0,7200005.0,7296668.0,0.00996908
1779159600,7304933.0,7312691.0,7200005.0,7200005.0,0.00860546
1779163200,7299294.0,7300268.0,7200005.0,7200005.0,0.05611797
1779166800,7308187.0,7308187.0,7200005.0,7200005.0,0.0040371
1779170400,7290014.0,7308187.0,7290014.0,7308187.0,0.03340189
1779174000,7308187.0,7308187.0,7308187.0,7308187.0,0.03470804
1779177600,7308191.0,7359998.0,7298762.0,7298762.0,1.41270223
1779181200,7200005.0,7200005.0,7200005.0,7200005.0,0.05870646
1779184800,7316419.0,7316419.0,7200005.0,7200005.0,0.01776361
1779188400,7200005.0,7296866.0,7200005.0,7296866.0,0.01376158
1779192000,7200005.0,7200005.0,7200005.0,7200005.0,0.00478678
1779195600,7200005.0,7290561.0,7200005.0,7200005.0,0.34833978
1779199200,7150000.0,7150000.0,7056467.0,7056470.0,0.12446312
1779202800,7128308.0,7157490.0,6700000.0,6998607.0,1.50325734
1779206400,6977755.0,7162639.0,6977755.0,7042147.0,0.0191962
1779210000,7042147.0,7042147.0,7042147.0,7042147.0,0.0
1779213600,7042147.0,7042147.0,7042147.0,7042147.0,0.0
1779217200,7042147.0,7042147.0,7042147.0,7042147.0,0.0
1779220800,7042147.0,7042147.0,7042147.0,7042147.0,0.0
1779224400,7162639.0,7162639.0,7162639.0,7162639.0,0.02547579
1779228000,7113660.0,7113660.0,7107028.0,7107028.0,0.130321
1779231600,7162635.0,7162639.0,7162635.0,7162639.0,0.05703275
1779235200,7107044.0,7107044.0,7107044.0,7107044.0,0.03455163
1779238800,7107044.0,7162635.0,6213000.0,7162635.0,1.35484005
1779242400,7162635.0,7256465.0,7162635.0,7240196.0,0.07617278
1779246000,7240196.0,7240196.0,7240196.0,7240196.0,0.0
1779249600,7230141.0,7230141.0,7230141.0,7230141.0,0.00159803
1779253200,7230141.0,7230141.0,7224737.0,7224737.0,0.01135933
1779256800,7082014.0,7082014.0,7082014.0,7082014.0,0.00220474
1779260400,7090921.0,7090921.0,7090921.0,7090921.0,0.05703275
1779264000,7125397.0,7235797.0,7125397.0,7235797.0,0.01262837
1779267600,7235797.0,7235797.0,7235797.0,7235797.0,0.00341897
1779271200,7151040.0,7235796.0,7151040.0,7235796.0,0.02180274
1779274800,7235796.0,7235796.0,7235796.0,7235796.0,0.00412711
1779278400,7176079.0,7176079.0,7176079.0,7176079.0,0.00520344
1779282000,7235792.0,7235796.0,7235792.0,7235796.0,0.24395106
1779285600,7290559.0,7290559.0,7185419.0,7212156.0,0.13395046
1779289200,7290559.0,7290559.0,7290559.0,7290559.0,0.08274399
1779292800,7290559.0,7409906.0,7227087.0,7409906.0,0.28171712
1779296400,7257682.0,7257682.0,7257682.0,7257682.0,0.00146026
1779300000,7257682.0,7257682.0,7257682.0,7257682.0,0.0
1779303600,7257682.0,7257682.0,7240948.0,7240948.0,0.00554571
1779307200,7227336.0,7227336.0,7227336.0,7227336.0,0.00250441
1779310800,7227336.0,7227336.0,7227336.0,7227336.0,0.0
1779314400,7253943.0,7253943.0,7253943.0,7253943.0,0.00414035
1779318000,7248817.0,7248817.0,7248817.0,7248817.0,0.00248994
1779321600,7341384.0,7341384.0,7341384.0,7341384.0,0.02406956
1779325200,7441991.0,7471930.0,7391321.0,7391321.0,0.85545022
1779328800,7414714.0,7489498.0,7298768.0,7489498.0,0.00808296
1779332400,7489498.0,7489887.0,7400698.0,7400698.0,0.1027641
1779336000,7400698.0,7400698.0,7400698.0,7400698.0,0.0
1779339600,7422496.0,7422496.0,7414221.0,7414221.0,0.14568321
1779343200,7414221.0,7439453.0,7414221.0,7439453.0,0.73259521
1779346800,7407332.0,7407332.0,7407332.0,7407332.0,0.00176394
1779350400,7417748.0,7498888.0,7417748.0,7439579.0,0.14663397
1779354000,7498884.0,7498884.0,6310212.0,7426321.0,1.08689053
1779357600,7423046.0,7498879.0,6310212.0,7498879.0,0.02281959
1779361200,7498873.0,7498874.0,7498873.0,7498874.0,0.00543201
1779364800,6524995.0,7480000.0,6321992.0,7450005.0,0.40174853
1779368400,7450000.0,7498000.0,7360758.0,7360758.0,0.03269446
1779372000,7497995.0,7497995.0,7273521.0,7273521.0,0.12307141
1779375600,7273521.0,7273521.0,7273521.0,7273521.0,0.0
1779379200,7330859.0,7330859.0,7322818.0,7322818.0,0.01616027
1779382800,7497996.0,7497996.0,7497996.0,7497996.0,0.02656456
1779386400,7497996.0,7497996.0,7497996.0,7497996.0,0.0
1779390000,7497996.0,7497996.0,7497996.0,7497996.0,0.0
1779393600,7497996.0,7497996.0,7497996.0,7497996.0,0.0
1779397200,7301512.0,7316731.0,7301512.0,7316731.0,0.00521805
1779400800,7316731.0,7316731.0,7316731.0,7316731.0,0.0
1779404400,7496999.0,7496999.0,7496999.0,7496999.0,0.00132839
1779408000,7496989.0,7520909.0,7496988.0,7520909.0,3.09769679
1779411600,7529366.0,7529366.0,7529366.0,7529366.0,0.00515621
1779415200,7369831.0,7524996.0,7360912.0,7524996.0,0.04487267
1779418800,7520094.0,7535972.0,7520094.0,7535972.0,0.92659473
1779422400,7364495.0,7364495.0,7364495.0,7364495.0,0.00136628
1779426000,7540025.0,7548155.0,7380996.0,7380996.0,0.28775994
1779429600,7534250.0,7760000.0,7381006.0,7384839.0,1.0460205
1779433200,7759999.0,7759999.0,7384862.0,7384862.0,0.01542686
1779436800,7409969.0,7427714.0,7409969.0,7409969.0,0.01545169
1779440400,7578671.0,7578671.0,7384840.0,7530068.0,0.01135514
1779444000,7381004.0,7381004.0,7381004.0,7381004.0,0.00466399
1779447600,7381004.0,7381004.0,7381004.0,7381004.0,0.26984594
1779451200,7757600.0,7757600.0,7757600.0,7757600.0,0.00134796
1779454800,7757594.0,7757596.0,7757594.0,7757596.0,0.13551477
1779458400,7757000.0,7757000.0,7360004.0,7756940.0,0.67370048
1779462000,7700000.0,7700000.0,7360066.0,7599976.0,0.55130296
1779465600,7599976.0,7599976.0,7599976.0,7599976.0,0.0
1779469200,7398833.0,7398833.0,7398833.0,7398833.0,0.00769107
1779472800,7398833.0,7398833.0,7398833.0,7398833.0,0.0
1779476400,7598540.0,7598540.0,7598540.0,7598540.0,0.01313265
1779480000,7598902.0,7598902.0,7361016.0,7361016.0,0.00396194
1779483600,7361016.0,7361016.0,7361016.0,7361016.0,0.0
1779487200,7361016.0,7361016.0,7361016.0,7361016.0,0.0
1779490800,7361020.0,7499988.0,7361020.0,7361020.0,0.01200576
1779494400,7361020.0,7361020.0,7361020.0,7361020.0,0.0
1779498000,7361020.0,7361020.0,7361020.0,7361020.0,0.0
1779501600,7450000.0,7450000.0,7401088.0,7401088.0,0.06215267
1779505200,7450000.0,7450000.0,7415262.0,7419292.0,0.3914023
1779508800,7450000.0,7450000.0,7419288.0,7419288.0,0.13552796
1779512400,7419288.0,7419288.0,7419288.0,7419288.0,0.03310123
1779516000,7419288.0,7419288.0,7419288.0,7419288.0,0.0
1779519600,7450000.0,7450000.0,7450000.0,7450000.0,0.00668389
1779523200,7450000.0,7450000.0,7450000.0,7450000.0,0.00291208
1779526800,7449996.0,7449996.0,7417000.0,7449996.0,0.0657509
1779530400,7417000.0,7417000.0,7417000.0,7417000.0,0.02200191
1779534000,7417000.0,7449990.0,7417000.0,7449990.0,0.0264899
1779537600,7449990.0,7449990.0,7386906.0,7449990.0,0.06179844
1779541200,7449986.0,7449986.0,7403189.0,7403189.0,0.00448827
1779544800,7403189.0,7403189.0,7403189.0,7403189.0,0.0
1779548400,7449986.0,7600000.0,7449986.0,7600000.0,0.483082
1779552000,7439071.0,7463572.0,7439071.0,7463572.0,0.0113355
1779555600,7463572.0,7463572.0,7463572.0,7463572.0,0.00689334
1779559200,7463572.0,7463572.0,7463572.0,7463572.0,0.0
1779562800,7599990.0,7599990.0,7517134.0,7517134.0,0.005945
1779566400,7558617.0,7558617.0,7547590.0,7547590.0,0.16187583
1779570000,7547590.0,7547590.0,7547590.0,7547590.0,0.0
1779573600,7547590.0,7547590.0,7547590.0,7547590.0,0.0
1779577200,7590474.0,7590474.0,7590474.0,7590474.0,0.009179
1779580800,7580000.0,7580000.0,7580000.0,7580000.0,0.02382205
1779584400,7599994.0,7599995.0,7590824.0,7590824.0,0.93101997
1779588000,7585573.0,7599995.0,7585573.0,7599995.0,0.09547951
1779591600,7599995.0,7599995.0,7599995.0,7599995.0,0.00164276
1779595200,7599995.0,7599995.0,7563868.0,7563868.0,0.0966536
1779598800,7599994.0,7599994.0,7564744.0,7564744.0,0.39394473
1779602400,7568769.0,7568769.0,7359956.0,7546190.0,1.54522587
1779606000,7565269.0,7565269.0,7359956.0,7559142.0,0.31044943
1779609600,7599991.0,7599992.0,7583298.0,7583298.0,0.28206702
1779613200,7599990.0,7599993.0,7361002.0,7599993.0,0.038622
1779616800,7361010.0,7567544.0,7361010.0,7554241.0,0.30232249
1779620400,7550391.0,7599992.0,7550391.0,7569820.0,0.16018758
1779624000,7565969.0,7565969.0,7565969.0,7565969.0,0.0013299
1779627600,7572970.0,7572970.0,7572970.0,7572970.0,0.0094593
1779631200,7530786.0,7530786.0,7530786.0,7530786.0,0.00667868
1779634800,7599992.0,7599992.0,7599992.0,7599992.0,0.01965594
1779638400,7599992.0,7599993.0,7559142.0,7559142.0,0.07239517
1779642000,7599993.0,7599993.0,7559142.0,7559142.0,0.02256502
1779645600,7599993.0,7599993.0,7560018.0,7560018.0,0.01291132
1779649200,7560018.0,7560018.0,7560018.0,7560018.0,0.0
1779652800,7599993.0,7599993.0,7599993.0,7599993.0,0.00131039
1779656400,7599993.0,7599993.0,7599993.0,7599993.0,0.0
1779660000,7559142.0,7599993.0,7541114.0,7599993.0,0.02173177
1779663600,7541114.0,7541114.0,7541114.0,7541114.0,0.03919306
1779667200,7541114.0,7541114.0,7541114.0,7541114.0,0.0
1779670800,7541114.0,7541114.0,7541114.0,7541114.0,0.0
1779674400,7541114.0,7541114.0,7541114.0,7541114.0,0.0
1779678000,7599988.0,7649999.0,7599988.0,7649999.0,0.40408976
1779681600,7609727.0,7649999.0,7609727.0,7649999.0,0.01334705
1779685200,7612270.0,7654000.0,7612270.0,7654000.0,0.23206981
1779688800,7654000.0,7654000.0,7654000.0,7654000.0,0.01563443
1779692400,7623418.0,7653000.0,7622471.0,7653000.0,0.01533606
1779696000,7653000.0,7653000.0,7653000.0,7653000.0,0.0
1779699600,7653000.0,7653000.0,7653000.0,7653000.0,0.0
1779703200,7625848.0,7625848.0,7617543.0,7617543.0,0.03162806
1779706800,7617543.0,7617543.0,7617543.0,7617543.0,0.0
1779710400,7617543.0,7617543.0,7617543.0,7617543.0,0.0
1779714000,7652999.0,7652999.0,7652999.0,7652999.0,0.01171187
1779717600,7652999.0,7652999.0,7652999.0,7652999.0,0.00130131
1779721200,7652800.0,7652800.0,7598311.0,7652800.0,0.80894107
1779724800,7652800.0,7652800.0,7652800.0,7652800.0,0.0
1779728400,7652800.0,7652800.0,7652800.0,7652800.0,0.0
1779732000,7652800.0,7652800.0,7652800.0,7652800.0,0.00422329
1779735600,7652800.0,7652800.0,7652800.0,7652800.0,0.0018094
1779739200,7652800.0,7652800.0,7652800.0,7652800.0,0.0
1779742800,7652800.0,7652800.0,7652800.0,7652800.0,0.0
1779746400,7652800.0,7652800.0,7652800.0,7652800.0,0.0
1779750000,7652800.0,7652800.0,7652800.0,7652800.0,0.0028992
1779753600,7545630.0,7545630.0,7545630.0,7545630.0,0.0028992
1779757200,7545630.0,7545630.0,7545630.0,7545630.0,0.0
1779760800,7545630.0,7545630.0,7545630.0,7545630.0,0.0
1779764400,7652795.0,7652800.0,7652795.0,7652800.0,0.02858705
1779768000,7652795.0,7652799.0,7547037.0,7652799.0,0.110484
1779771600,7652799.0,7652799.0,7541123.0,7541123.0,0.00575394
1779775200,7652796.0,7652800.0,7652796.0,7652800.0,0.0480002
1779778800,7548047.0,7548047.0,7548047.0,7548047.0,0.00586518
1779782400,7548043.0,7548043.0,7548043.0,7548043.0,0.00422329
1779786000,7560978.0,7560978.0,7560978.0,7560978.0,0.00466617
1779789600,7590351.0,7590351.0,7590351.0,7590351.0,0.01617446
1779793200,7595730.0,7652800.0,7595730.0,7652800.0,0.21172122
1779796800,7652800.0,7652800.0,7652800.0,7652800.0,0.0
1779800400,7652800.0,7652800.0,7652800.0,7652800.0,0.0
1779804000,7652800.0,7652800.0,7652800.0,7652800.0,0.0
1779807600,7652800.0,7654000.0,7400000.0,7400000.0,0.81364828
1779811200,7699896.0,7699900.0,7699896.0,7699900.0,0.01288951
1779814800,7699892.0,7699896.0,7699892.0,7699896.0,0.01262965
1779818400,7699896.0,7699896.0,7699896.0,7699896.0,0.00463135
1779822000,7699888.0,7699896.0,7594371.0,7699896.0,0.27341965
1779825600,7699896.0,7699896.0,7699896.0,7699896.0,0.0
1779829200,7699896.0,7700000.0,7656674.0,7656674.0,1.50460002
1779832800,7656674.0,7656674.0,7656674.0,7656674.0,0.0
1779836400,7718141.0,7718141.0,7718141.0,7718141.0,0.20426591
1779840000,7750000.0,7750000.0,7750000.0,7750000.0,0.00160619
1779843600,7750000.0,7750000.0,7750000.0,7750000.0,0.0
1779847200,7451990.0,7664674.0,7451990.0,7664674.0,0.00807011
1779850800,7673322.0,7673322.0,7673322.0,7673322.0,0.25868013
1779854400,7668977.0,7739005.0,7668977.0,7739005.0,0.0069609
1779858000,7739001.0,7740000.0,7664670.0,7740000.0,0.1030421
1779861600,7740000.0,7740000.0,7740000.0,7740000.0,0.00146782
1779865200,7664670.0,7739996.0,7653737.0,7653737.0,0.04193709
1779868800,7740000.0,7740000.0,7739996.0,7740000.0,0.02731344
1779872400,7740000.0,7999999.0,7740000.0,7999999.0,1.29496992
1779876000,7962215.0,7962215.0,7775769.0,7797598.0,0.14318322
1779879600,7953496.0,7953496.0,7822366.0,7953496.0,0.06667048
1779883200,7953491.0,7953491.0,7829024.0,7829024.0,0.28887167
1779886800,7953481.0,7953481.0,7829024.0,7919823.0,0.01018554
1779890400,7940507.0,7940507.0,7773169.0,7861092.0,0.04969094
1779894000,7793980.0,7953487.0,7773179.0,7948961.0,0.07264992
1779897600,7811142.0,7953486.0,7811142.0,7953486.0,0.02440522
1779901200,7953486.0,7953486.0,7953486.0,7953486.0,0.00987465
1779904800,7953486.0,7953486.0,7953486.0,7953486.0,0.0
1779908400,7953486.0,7953486.0,7816298.0,7816298.0,0.00525093
1779912000,7816298.0,7816298.0,7816298.0,7816298.0,0.0
1779915600,7816298.0,7816298.0,7816298.0,7816298.0,0.0
1779919200,7934870.0,7934870.0,7934870.0,7934870.0,0.00215806
1779922800,7773228.0,7773228.0,7773228.0,7773228.0,0.00215806
1779926400,7773228.0,7773228.0,7773228.0,7773228.0,0.0
1779930000,7773228.0,7773228.0,7773228.0,7773228.0,0.0
1779933600,7916545.0,7953491.0,7773229.0,7906159.0,0.25749643
1779937200,7773224.0,7773224.0,7773169.0,7773169.0,0.0056578
1779940800,7906159.0,7906159.0,7776465.0,7776465.0,0.0085726
1779944400,7906155.0,7906155.0,7757508.0,7757508.0,0.00733468
1779948000,7700000.0,7804885.0,7700000.0,7804885.0,0.0045581
1779951600,7700000.0,7804885.0,7700000.0,7804885.0,0.01692704
1779955200,7804881.0,7804885.0,7666317.0,7804885.0,0.04850693
1779958800,7804885.0,7804885.0,7650004.0,7650010.0,0.03673428
1779962400,7650010.0,7650010.0,7650010.0,7650010.0,0.0
1779966000,7667869.0,7667869.0,7667516.0,7667516.0,0.0053842
1779969600,7804881.0,7867952.0,7799874.0,7867952.0,0.63703227
1779973200,7741960.0,7741960.0,7724581.0,7724581.0,0.04398209
1779976800,7732901.0,7732901.0,7732901.0,7732901.0,0.0120886
1779980400,7790370.0,7953486.0,7790370.0,7953486.0,0.03915631
1779984000,7953486.0,7953490.0,7806526.0,7953490.0,0.01128157
1779987600,7953491.0,7953491.0,7953491.0,7953491.0,0.00350977
1779991200,7953491.0,7953491.0,7953491.0,7953491.0,0.0
1779994800,7953487.0,7953491.0,6750000.0,7953491.0,6.30457275
1779998400,7907134.0,7953487.0,7795510.0,7795510.0,0.01071097
1780002000,7953491.0,7953491.0,7795274.0,7795274.0,0.1208275
1780005600,7812997.0,7953487.0,6750001.0,7953487.0,6.29698414
1780009200,7858874.0,7858874.0,7787675.0,7787675.0,0.0941938
1780012800,7846833.0,7846833.0,7300012.0,7300012.0,0.01218223
1780016400,7830164.0,7830164.0,7739592.0,7829176.0,0.01071374
1780020000,7829176.0,7829176.0,7829176.0,7829176.0,0.0
1780023600,7804340.0,7804340.0,7757998.0,7757998.0,0.04299103
1780027200,7804340.0,7804340.0,7782167.0,7804340.0,0.02244728
1780030800,7801084.0,7804340.0,7799798.0,7802260.0,0.02913139
1780034400,7804340.0,7819679.0,7804340.0,7819679.0,0.22582295
1780038000,7838121.0,7838579.0,7806791.0,7806791.0,0.01576527
1780041600,7838500.0,7838500.0,7807525.0,7807525.0,0.00524616
1780045200,7799095.0,7835000.0,7789495.0,7789495.0,0.10754137
1780048800,7831569.0,7835000.0,7828977.0,7834996.0,0.01897343
1780052400,7758088.0,7835000.0,7758088.0,7834996.0,0.02356977
1780056000,7834992.0,7834992.0,7834992.0,7834992.0,0.00163471
1780059600,7834996.0,7834996.0,7834996.0,7834996.0,0.00635545
1780063200,7757997.0,7835000.0,7583632.0,7786626.0,3.05712149
1780066800,7798658.0,7821921.0,7638447.0,7652256.0,0.06586332
1780070400,7834990.0,7834990.0,7751780.0,7751780.0,0.00414742
1780074000,7834986.0,7834990.0,7834986.0,7834990.0,0.00778635
1780077600,7834986.0,7834986.0,7751780.0,7751780.0,0.00949224
1780081200,7751780.0,7751780.0,7695483.0,7695483.0,0.00306881
1780084800,7673020.0,7673020.0,7673020.0,7673020.0,0.01355642
1780088400,7670302.0,7737852.0,7670302.0,7737852.0,0.0242752
1780092000,7734932.0,7835000.0,7668716.0,7834978.0,0.04727972
1780095600,7726619.0,7726619.0,7726619.0,7726619.0,0.00237671
1780099200,7668722.0,7668722.0,7668716.0,7668716.0,0.02260015
1780102800,7668716.0,7668716.0,7668716.0,7668716.0,0.0
1780106400,7668752.0,7668752.0,7668752.0,7668752.0,0.0048431
1780110000,7669946.0,7834994.0,7669946.0,7834994.0,0.10256617
1780113600,7682818.0,7834994.0,7676116.0,7678764.0,0.03236034
1780117200,7834989.0,7834989.0,7678773.0,7678773.0,0.04097728
1780120800,7678773.0,7678773.0,7678773.0,7678773.0,0.0
1780124400,7680005.0,7680005.0,7680005.0,7680005.0,0.00260332
1780128000,7834979.0,7835000.0,7834979.0,7835000.0,0.06355489
1780131600,7835000.0,7835000.0,7835000.0,7835000.0,0.0
1780135200,7752681.0,7752681.0,7705563.0,7705563.0,0.00433578
1780138800,7748934.0,7748934.0,7705562.0,7705562.0,0.01706768
1780142400,7834996.0,7834996.0,7710104.0,7710104.0,0.00415583
1780146000,7834996.0,7834996.0,7834996.0,7834996.0,0.00141225
1780149600,7834995.0,7834996.0,7710106.0,7720005.0,0.0151337
1780153200,7834995.0,7888723.0,7720005.0,7780830.0,0.23423756
1780156800,7765443.0,7765443.0,7710105.0,7737003.0,0.02106073
1780160400,7737003.0,7737003.0,7737003.0,7737003.0,0.0
1780164000,7735304.0,7735304.0,7710105.0,7710105.0,0.01223496
1780167600,7858053.0,7858053.0,7858053.0,7858053.0,0.00148153
1780171200,7710105.0,7816116.0,7710105.0,7816116.0,0.00627589
1780174800,7816116.0,7816116.0,7816116.0,7816116.0,0.0
1780178400,7816116.0,7816116.0,7816116.0,7816116.0,0.0
1780182000,7816116.0,7816116.0,7816116.0,7816116.0,0.0
1780185600,7836048.0,7836048.0,7836048.0,7836048.0,0.00568449
1780189200,7836048.0,7836048.0,7836048.0,7836048.0,0.00290541
1780192800,7710105.0,7836043.0,7710105.0,7836043.0,0.00611408
1780196400,7710105.0,7710105.0,7710105.0,7710105.0,0.2261135
1780200000,7836039.0,7836043.0,7710109.0,7836042.0,0.02033955
1780203600,7836042.0,7836042.0,7836042.0,7836042.0,0.0
1780207200,7836042.0,8899000.0,7710110.0,7710114.0,1.31939192
1780210800,7710114.0,7710114.0,7710114.0,7710114.0,0.00158041
1780214400,7710114.0,7710114.0,7710114.0,7710114.0,0.0
1780218000,7710114.0,7710114.0,7710114.0,7710114.0,0.0
1780221600,7717894.0,7717894.0,7717894.0,7717894.0,0.00262053
1780225200,7895036.0,7908204.0,7715960.0,7750004.0,0.0313503
1780228800,8399999.0,8399999.0,8399998.0,8399998.0,0.01500856
1780232400,7760000.0,8399998.0,7760000.0,7897200.0,0.02405295
1780236000,7897020.0,8399998.0,7897020.0,8399998.0,0.01403369
1780239600,7765102.0,7877539.0,7765102.0,7877539.0,0.0223205
1780243200,7765102.0,8199996.0,7681051.0,7848859.0,1.21838619
1780246800,7848859.0,7848859.0,7848859.0,7848859.0,0.0
1780250400,7689709.0,7689709.0,7689709.0,7689709.0,0.01263672
1780254000,7865093.0,7865093.0,7865093.0,7865093.0,0.02297124
1780257600,7689513.0,7872308.0,7689513.0,7692866.0,0.19412219
1780261200,7692866.0,7692866.0,7692866.0,7692866.0,0.0
1780264800,7714498.0,7714498.0,7714498.0,7714498.0,0.00163449
1780268400,8199999.0,8199999.0,7896292.0,7896292.0,0.01494018
1780272000,7876632.0,7876632.0,7876632.0,7876632.0,0.00301372
1780275600,7689172.0,7689172.0,7689172.0,7689172.0,0.00133821
1780279200,7689172.0,8199995.0,7689172.0,7807722.0,0.00940637
1780282800,7691100.0,7819982.0,7691100.0,7819982.0,0.00330132
1780286400,7803611.0,8199994.0,7790805.0,7790805.0,0.05793275
1780290000,7786849.0,7786849.0,7691100.0,7691100.0,0.01123799
1780293600,7776282.0,7776282.0,7776282.0,7776282.0,0.00750396
1780297200,7776282.0,7776500.0,7691100.0,7772992.0,0.15470666
1780300800,7772992.0,8199994.0,7691100.0,7770755.0,0.10083378
1780304400,7770755.0,7770755.0,7691100.0,7691100.0,0.35174641
1780308000,7691100.0,7691100.0,7691100.0,7691100.0,0.0
1780311600,7773788.0,8199993.0,7691100.0,7691100.0,0.09782731
1780315200,7691100.0,7691100.0,7691100.0,7691100.0,0.0
1780318800,7691101.0,7691101.0,7676120.0,7676120.0,0.32511375
1780322400,7608368.0,8299999.0,7580000.0,7580000.0,0.0586343
1780326000,7550002.0,7550002.0,7550002.0,7550002.0,0.02092695
1780329600,7550002.0,7550002.0,7550002.0,7550002.0,0.0
1780333200,7582075.0,7586638.0,7582075.0,7586638.0,0.00277206
1780336800,7586943.0,7586943.0,7586943.0,7586943.0,0.00656324
1780340400,7550002.0,7551473.0,7499999.0,7499999.0,0.11722258
1780344000,7499999.0,7499999.0,7499999.0,7499999.0,0.00601957
1780347600,7499999.0,7499999.0,7400001.0,7400001.0,0.19622765
1780351200,7420011.0,7513297.0,7420011.0,7513297.0,0.04645973
1780354800,7513297.0,7513297.0,7513297.0,7513297.0,0.0
1780358400,7500000.0,7513297.0,7400090.0,7432347.0,1.0260741
1780362000,7474970.0,7474970.0,7459093.0,7459093.0,0.0771623
1780365600,7456911.0,7470448.0,7400091.0,7470448.0,0.01881938
1780369200,7400091.0,7513297.0,7400000.0,7513297.0,0.33926118
1780372800,7456945.0,7491412.0,7448729.0,7491412.0,0.0272828
1780376400,7513297.0,7799874.0,7400000.0,7400001.0,0.38674921
1780380000,7502589.0,7502589.0,7502589.0,7502589.0,0.01149269
1780383600,7799874.0,7799874.0,7400005.0,7400005.0,0.02108514
1780387200,7400005.0,7400005.0,7400005.0,7400005.0,0.0
1780390800,7400005.0,7400005.0,7400005.0,7400005.0,0.0
1780394400,7400019.0,7400019.0,7400019.0,7400019.0,0.00648149
1780398000,7400019.0,7519839.0,7400000.0,7400000.0,0.14840214
1780401600,7400004.0,7813291.0,7400004.0,7813291.0,0.02152005
1780405200,7400015.0,7494221.0,7400005.0,7494221.0,0.06828304
1780408800,7400013.0,7562738.0,7400013.0,7562738.0,0.01050588
1780412400,7562738.0,7562738.0,7562738.0,7562738.0,0.0
1780416000,7586234.0,7586234.0,7454842.0,7454842.0,0.03146802
1780419600,7454842.0,7454842.0,7454842.0,7454842.0,0.0
1780423200,7454842.0,7454842.0,7454842.0,7454842.0,0.0
1780426800,7454842.0,7454842.0,7454842.0,7454842.0,0.0
1780430400,7454842.0,7454842.0,7454842.0,7454842.0,0.0
1780434000,7454842.0,7454842.0,7454842.0,7454842.0,0.0
1780437600,7454842.0,7454842.0,7454842.0,7454842.0,0.0
1780441200,7454842.0,7454842.0,7454842.0,7454842.0,0.0
1780444800,7586234.0,7614516.0,7454461.0,7454461.0,0.09012248
1780448400,7454467.0,7454467.0,7454467.0,7454467.0,0.00361398
1780452000,7454471.0,7454471.0,7454463.0,7454463.0,0.06497738
1780455600,7600016.0,7600016.0,7600016.0,7600016.0,0.00151354
1780459200,7600016.0,7618728.0,7600016.0,7618728.0,0.19766375
1780462800,7618728.0,7618728.0,7618728.0,7618728.0,0.0
1780466400,7481579.0,7481579.0,7481579.0,7481579.0,0.14714304
1780470000,7473181.0,7473181.0,7473181.0,7473181.0,0.04904769
1780473600,7473665.0,7638012.0,7473665.0,7638012.0,0.00578909
1780477200,7609001.0,7609001.0,7473181.0,7473181.0,0.00358976
1780480800,7599535.0,7638007.0,7473181.0,7473181.0,0.00952618
1780484400,7473181.0,7616215.0,7473181.0,7473181.0,0.04040345
1780488000,7627709.0,7627709.0,7627709.0,7627709.0,0.01305634
1780491600,7623514.0,7623514.0,7623514.0,7623514.0,0.00130635
1780495200,7638007.0,7643617.0,7638007.0,7643617.0,0.3973047
1780498800,7693913.0,7774692.0,7454467.0,7454467.0,0.00662088
1780502400,7454467.0,7454467.0,7454467.0,7454467.0,0.0
1780506000,7657968.0,7657968.0,7490184.0,7490184.0,0.00527656
1780509600,7518598.0,7519864.0,7518598.0,7519864.0,0.0078834
1780513200,7503291.0,7503291.0,7503291.0,7503291.0,0.00230595
1780516800,7503291.0,7503291.0,7503291.0,7503291.0,0.0
1780520400,7700195.0,7700195.0,7517418.0,7517418.0,0.00405314
1780524000,7517418.0,7517418.0,7517418.0,7517418.0,0.0
1780527600,7517418.0,7517418.0,7517418.0,7517418.0,0.01261108
1780531200,7683531.0,7683531.0,7683531.0,7683531.0,0.00129614
1780534800,7700191.0,7700191.0,7700191.0,7700191.0,0.00144476
1780538400,7535359.0,7695938.0,7489526.0,7695938.0,0.08126569
1780542000,7700191.0,7700191.0,7700191.0,7700191.0,0.00149372
1780545600,7699974.0,7699974.0,7537562.0,7537562.0,0.79824556
1780549200,7521009.0,7521009.0,7521009.0,7521009.0,0.00404267
1780552800,7521009.0,7521009.0,7506592.0,7506592.0,0.00223221
1780556400,7687590.0,7687590.0,7687590.0,7687590.0,0.00230969
1780560000,7504101.0,7504101.0,7504101.0,7504101.0,0.04189098
1780563600,7643963.0,7668174.0,7643963.0,7668174.0,0.00542932
1780567200,7668174.0,7668174.0,7668174.0,7668174.0,0.0
1780570800,7495173.0,7512309.0,7495173.0,7512309.0,0.00530961
1780574400,7506755.0,7506755.0,7506755.0,7506755.0,0.0028607
1780578000,7506755.0,7506755.0,7506755.0,7506755.0,0.0
1780581600,7584942.0,7584942.0,7584942.0,7584942.0,0.00144476
1780585200,7584942.0,7584942.0,7584942.0,7584942.0,0.0
1780588800,7625579.0,7649229.0,7477921.0,7638698.0,0.20155318
1780592400,7457538.0,7457538.0,7457538.0,7457538.0,0.01228785
1780596000,7652636.0,7652636.0,7652636.0,7652636.0,0.00185988
1780599600,7652636.0,7652636.0,7652636.0,7652636.0,0.0
1780603200,7615809.0,7615809.0,7615809.0,7615809.0,0.00130767
1780606800,7615809.0,7615809.0,7615809.0,7615809.0,0.0
1780610400,7615809.0,7615809.0,7615809.0,7615809.0,0.0
1780614000,7602554.0,7602554.0,7454471.0,7454471.0,0.00287482
1780617600,7454471.0,7542818.0,7454471.0,7542818.0,0.00353715
1780621200,7542818.0,7542818.0,7542818.0,7542818.0,0.0
1780624800,7454471.0,7454471.0,7454471.0,7454471.0,0.00269036
1780628400,7559874.0,7559874.0,7559874.0,7559874.0,0.00152145
1780632000,7557664.0,7557664.0,7465704.0,7465704.0,0.01096238
1780635600,7465704.0,7465704.0,7465704.0,7465704.0,0.0
1780639200,7454475.0,7454475.0,7454475.0,7454475.0,0.00752336
1780642800,7454475.0,7454475.0,7454475.0,7454475.0,0.01273461
1780646400,7462288.0,7462288.0,7462288.0,7462288.0,0.00389397
1780650000,7455396.0,7634701.0,7454471.0,7634701.0,0.06264667
1780653600,7484908.0,7484908.0,7482677.0,7482677.0,0.4875536
1780657200,7640000.0,7640000.0,7639009.0,7639009.0,0.00373394
1780660800,7639009.0,7639009.0,7639009.0,7639009.0,0.0
1780664400,7600001.0,7600001.0,7600001.0,7600001.0,0.05615234
1780668000,7490471.0,7490471.0,7454463.0,7454463.0,0.1295463
1780671600,7400000.0,7400000.0,7400000.0,7400000.0,0.16010854
1780675200,7290000.0,7290000.0,7290000.0,7290000.0,0.01425528
1780678800,7279997.0,7279997.0,7279997.0,7279997.0,0.00136799
1780682400,7200172.0,7200172.0,7035006.0,7036096.0,0.14678783
1780686000,7035006.0,7035006.0,7035006.0,7035006.0,0.00527493
1780689600,7035006.0,7035006.0,7035006.0,7035006.0,0.0
1780693200,7035006.0,7035006.0,7035006.0,7035006.0,0.0
1780696800,7651899.0,7651899.0,7651899.0,7651899.0,0.03904534
1780700400,7650894.0,7650899.0,7037456.0,7037457.0,0.52892155
1780704000,7037457.0,7037457.0,7037457.0,7037457.0,0.0
1780707600,7569944.0,7569944.0,7569944.0,7569944.0,0.00152233
1780711200,7569944.0,7569944.0,7569944.0,7569944.0,0.0
1780714800,7549958.0,7549958.0,7549958.0,7549958.0,0.00144543
1780718400,7049238.0,7049238.0,7049238.0,7049238.0,0.00163471
1780722000,7549742.0,7549742.0,7049232.0,7049236.0,0.02244544
1780725600,7049236.0,7049236.0,7049236.0,7049236.0,0.0
1780729200,7499986.0,7499986.0,7499986.0,7499986.0,0.00132866
1780732800,7499982.0,7499984.0,7100002.0,7119958.0,0.09542491
1780736400,7119958.0,7119958.0,7119958.0,7119958.0,0.0
1780740000,7499608.0,7499947.0,7100002.0,7100002.0,0.14210757
1780743600,7100002.0,7100002.0,7100002.0,7100002.0,0.0
1780747200,7100004.0,7100004.0,7049234.0,7049234.0,0.02597177
1780750800,7049234.0,7049234.0,7049234.0,7049234.0,0.0
1780754400,7049240.0,7049240.0,7049238.0,7049238.0,0.0094735
1780758000,7499902.0,7499902.0,7499900.0,7499902.0,0.02075012
1780761600,7499902.0,7499902.0,7499902.0,7499902.0,0.0
1780765200,7499902.0,7499902.0,7499902.0,7499902.0,0.0
1780768800,7499902.0,7499902.0,7499902.0,7499902.0,0.0
1780772400,7499796.0,7499796.0,7499796.0,7499796.0,0.0013279
1780776000,7499796.0,7499796.0,7499796.0,7499796.0,0.0
1780779600,7499796.0,7499796.0,7499796.0,7499796.0,0.0
1780783200,7050196.0,7050200.0,7050196.0,7050200.0,0.01851774
1780786800,7499582.0,7499582.0,7499582.0,7499582.0,0.00237359
1780790400,7499582.0,7499582.0,7499582.0,7499582.0,0.0
1780794000,7051894.0,7490534.0,7051201.0,7051202.0,0.13611997
1780797600,7490534.0,7490534.0,7490534.0,7490534.0,0.00169747
1780801200,7490528.0,7490528.0,7079808.0,7079808.0,0.01173122
1780804800,7079888.0,7490466.0,7079888.0,7079976.0,0.02404868
1780808400,7079976.0,7079976.0,7079976.0,7079976.0,0.0
1780812000,7253872.0,7253872.0,7253866.0,7253866.0,0.00380748
1780815600,7140004.0,7140004.0,7140004.0,7140004.0,0.0340638
1780819200,7253576.0,7253576.0,7253456.0,7253456.0,0.00274597
1780822800,7253378.0,7253380.0,7253378.0,7253380.0,0.01373015
1780826400,7237310.0,7237310.0,7237310.0,7237310.0,0.00137606
1780830000,7237310.0,7237310.0,7237310.0,7237310.0,0.0
1780833600,7237310.0,7237310.0,7237310.0,7237310.0,0.0
1780837200,7118156.0,7118160.0,7066216.0,7118160.0,0.00898262
1780840800,7118160.0,7118160.0,7118160.0,7118160.0,0.0
1780844400,7072657.0,7072657.0,7072657.0,7072657.0,0.01322985
1780848000,7237859.0,7237859.0,7237859.0,7237859.0,0.00137595
1780851600,7247201.0,7247201.0,7234567.0,7234567.0,0.01115684
1780855200,7234567.0,7234567.0,7234567.0,7234567.0,0.0
1780858800,7234567.0,7234567.0,7234567.0,7234567.0,0.0
1780862400,7100004.0,7100004.0,7100000.0,7100000.0,0.18209847
1780866000,7490329.0,7490329.0,7490329.0,7490329.0,0.00159539
1780869600,7490329.0,7490329.0,7490329.0,7490329.0,0.0
1780873200,7226272.0,7228341.0,7100004.0,7228341.0,0.04117107
1780876800,7228341.0,7228341.0,7228341.0,7228341.0,0.0
1780880400,7100018.0,7220635.0,7100018.0,7206899.0,0.02851559
1780884000,7206899.0,7206899.0,7206899.0,7206899.0,0.0
1780887600,7241252.0,7244945.0,7111124.0,7111124.0,0.0080357
1780891200,7244945.0,7244945.0,7111124.0,7111124.0,0.01519961
1780894800,7204413.0,7204413.0,7111124.0,7111124.0,0.00397449
1780898400,7209358.0,7209358.0,7209358.0,7209358.0,0.00357105
1780902000,7209358.0,7209358.0,7209358.0,7209358.0,0.0
1780905600,7244941.0,7254499.0,7111124.0,7254177.0,0.04766953
1780909200,7252190.0,7252190.0,7118801.0,7118801.0,0.0121382
1780912800,7118801.0,7118801.0,7118801.0,7118801.0,0.0
1780916400,7299715.0,7299715.0,7133463.0,7133463.0,0.00409657
1780920000,7348354.0,7348354.0,7342518.0,7342518.0,0.03151353
1780923600,7346377.0,8000000.0,7314037.0,7314037.0,4.42948231
1780927200,7998995.0,7998995.0,7238450.0,7238450.0,0.00342066
1780930800,7997000.0,7997000.0,7362898.0,7362898.0,0.00259793
1780934400,7454440.0,7454440.0,7362902.0,7362902.0,0.00581478
1780938000,7483144.0,7494248.0,7483144.0,7494248.0,0.00916939
1780941600,7494248.0,7494248.0,7494248.0,7494248.0,0.0
1780945200,7494248.0,7494248.0,7494248.0,7494248.0,0.0
1780948800,7494248.0,7494248.0,7494248.0,7494248.0,0.0
1780952400,7498279.0,7498279.0,7498279.0,7498279.0,0.00664085
1780956000,7462615.0,7462619.0,7462615.0,7462619.0,0.10551724
1780959600,7462619.0,7462619.0,7462619.0,7462619.0,0.0
1780963200,7402912.0,7402912.0,7402912.0,7402912.0,0.001373
1780966800,7402912.0,7402912.0,7402902.0,7402902.0,0.10551724
1780970400,7489399.0,7489399.0,7489399.0,7489399.0,0.00933317
1780974000,7489399.0,7950000.0,7402902.0,7402902.0,0.1435278
1780977600,7402902.0,7402902.0,7402902.0,7402902.0,0.0
1780981200,7402912.0,7511616.0,7402911.0,7490571.0,0.01086961
1780984800,7522254.0,7522254.0,7522254.0,7522254.0,0.00132393
1780988400,7522254.0,7522254.0,7522254.0,7522254.0,0.0
1780992000,7402906.0,7402906.0,7402902.0,7402902.0,0.09224836
1780995600,7402910.0,7483361.0,7402902.0,7472144.0,0.11818089
1780999200,7880984.0,7880984.0,7402906.0,7492734.0,0.07799289
1781002800,7482155.0,7499369.0,7402903.0,7486238.0,0.01370537
1781006400,7402903.0,7402903.0,7402902.0,7402902.0,0.0707771
1781010000,7491593.0,7491593.0,7402902.0,7402902.0,0.00938922
1781013600,7481095.0,7880879.0,7231727.0,7231727.0,0.64275624
1781017200,7231731.0,7231731.0,7187020.0,7187020.0,0.34700632
1781020800,7110114.0,7110116.0,7017493.0,7049357.0,5.85515995
1781024400,7000018.0,7168210.0,7000018.0,7168210.0,0.00684489
1781028000,7203200.0,7203200.0,7198795.0,7198795.0,0.00786987
1781031600,7022278.0,7022278.0,7022278.0,7022278.0,0.00642802
1781035200,7022278.0,7022278.0,7022278.0,7022278.0,0.0
1781038800,7161657.0,7161657.0,7161657.0,7161657.0,0.00286665
1781042400,7161657.0,7161657.0,7161657.0,7161657.0,0.0
1781046000,7211588.0,7211588.0,7211588.0,7211588.0,0.01383259
1781049600,7100000.0,7100000.0,7100000.0,7100000.0,0.00163387
1781053200,7100000.0,7183993.0,7100000.0,7169396.0,0.07099448
1781056800,7172310.0,7172310.0,7172310.0,7172310.0,0.10979557
1781060400,7166093.0,7179642.0,7100000.0,7100000.0,0.00445192
1781064000,7133326.0,7133326.0,7100000.0,7100000.0,0.01989898
1781067600,7100000.0,7100000.0,7100000.0,7100000.0,0.0
1781071200,7100000.0,7100000.0,7100000.0,7100000.0,0.0
1781074800,7100000.0,7100000.0,7100000.0,7100000.0,0.0
1781078400,7100000.0,7100000.0,7099648.0,7099648.0,0.41553456
1781082000,7099648.0,7099648.0,7099648.0,7099648.0,0.0
1781085600,7082046.0,7082046.0,7000018.0,7000018.0,0.07705465
1781089200,7000018.0,7000018.0,7000018.0,7000018.0,0.0
1781092800,7083928.0,7149874.0,7000022.0,7000026.0,0.03229417
1781096400,7082996.0,7083000.0,7000026.0,7082996.0,0.02048727
1781100000,7000026.0,7000026.0,6992511.0,6992511.0,0.21226775
1781103600,6978563.0,7082996.0,6954456.0,7082996.0,0.01528423
1781107200,7082996.0,7082996.0,7082996.0,7082996.0,0.0
1781110800,6819713.0,6819713.0,6819713.0,6819713.0,0.00147542
1781114400,6819713.0,6819713.0,6819713.0,6819713.0,0.0
1781118000,6819713.0,6819713.0,6819713.0,6819713.0,0.0
1781121600,6819713.0,6819713.0,6819713.0,6819713.0,0.0
1781125200,6819713.0,6819713.0,6819713.0,6819713.0,0.0
1781128800,6898289.0,7082996.0,6819713.0,6819713.0,0.0892616
1781132400,6819709.0,6914545.0,6819709.0,6914545.0,0.00347602
1781136000,6921332.0,6921332.0,6921332.0,6921332.0,0.00598699
1781139600,6921332.0,6921332.0,6921332.0,6921332.0,0.0
1781143200,6819713.0,7082992.0,6819709.0,6819709.0,0.0803401
1781146800,7082992.0,7082992.0,7082992.0,7082992.0,0.00692828
1781150400,7082992.0,7082992.0,6819709.0,6819709.0,0.03951195
1781154000,6700004.0,6700004.0,6700004.0,6700004.0,0.01116073
1781157600,7082992.0,7082996.0,6700004.0,6700004.0,0.03199253
1781161200,7082992.0,7082992.0,6700004.0,7082992.0,0.01063671
1781164800,6700004.0,6700004.0,6700004.0,6700004.0,0.03811286
1781168400,7082992.0,7082992.0,6700004.0,7081000.0,0.05180435
1781172000,7081000.0,7081000.0,7081000.0,7081000.0,0.0
1781175600,7081000.0,7081000.0,7081000.0,7081000.0,0.00560838
1781179200,6700004.0,7080996.0,6700004.0,6700004.0,0.01417562
1781182800,6700004.0,7080996.0,6700004.0,7080996.0,0.01293495
1781186400,7080996.0,7080996.0,7080996.0,7080996.0,0.0
1781190000,7080996.0,7080996.0,6700008.0,6700008.0,0.00727618
1781193600,7080996.0,7080996.0,7080996.0,7080996.0,0.00140644
1781197200,7080996.0,7080996.0,7080996.0,7080996.0,0.0
1781200800,7080996.0,7080996.0,7080996.0,7080996.0,0.0
1781204400,7080996.0,7082992.0,7080996.0,7082992.0,0.2447384
1781208000,7082992.0,7082992.0,7082992.0,7082992.0,0.0
1781211600,7082992.0,7082992.0,7082992.0,7082992.0,0.0
1781215200,7082992.0,7082992.0,7082992.0,7082992.0,0.00279345
1781218800,6700023.0,7250000.0,6700023.0,7249996.0,0.05452055
1781222400,7249996.0,7249996.0,7249996.0,7249996.0,0.0035033
1781226000,7249996.0,7249996.0,7249996.0,7249996.0,0.00137365
1781229600,7249996.0,7249996.0,6703192.0,6703192.0,0.00605047
1781233200,6703197.0,7249996.0,6703197.0,7249996.0,0.02505939
1781236800,7249996.0,7249996.0,7249996.0,7249996.0,0.0
1781240400,7249996.0,7249996.0,7249996.0,7249996.0,0.0
1781244000,6724035.0,6724035.0,6724031.0,6724031.0,0.06639874
1781247600,7246975.0,7246975.0,7246975.0,7246975.0,0.00700898
1781251200,6728902.0,6728902.0,6728902.0,6728902.0,0.0043387
1781254800,6728909.0,6728909.0,6728909.0,6728909.0,0.01936462
1781258400,6728909.0,6728909.0,6728909.0,6728909.0,0.0
1781262000,7246971.0,7246971.0,7246971.0,7246971.0,0.00669562
1781265600,7246970.0,7246970.0,6771009.0,7162465.0,0.04718145
1781269200,6771013.0,7246966.0,6771009.0,7246966.0,0.04813691
1781272800,6771013.0,7450000.0,6771004.0,7450000.0,1.40036715
1781276400,7449996.0,7449996.0,6821015.0,6850008.0,0.02364496
1781280000,6850029.0,7450000.0,6850028.0,7450000.0,0.07110393
1781283600,7450000.0,7450000.0,7450000.0,7450000.0,0.0
1781287200,7303261.0,7449992.0,6860004.0,7218992.0,0.11735757
1781290800,7218992.0,7218992.0,7218992.0,7218992.0,0.0
1781294400,7271324.0,7272164.0,7271324.0,7272164.0,0.00718439
1781298000,7272164.0,7272164.0,7272164.0,7272164.0,0.0
1781301600,7284739.0,7284739.0,7284739.0,7284739.0,0.0013671
1781305200,7286803.0,7286803.0,7286803.0,7286803.0,0.00136671
1781308800,7271481.0,7271481.0,7271481.0,7271481.0,0.00138458
1781312400,7271481.0,7271481.0,7271481.0,7271481.0,0.0
1781316000,7273118.0,7273118.0,7272188.0,7272188.0,0.00586589
1781319600,7449991.0,7449991.0,7328700.0,7449991.0,0.14398709
1781323200,7000004.0,7000004.0,7000004.0,7000004.0,0.00669562
1781326800,7300011.0,7300011.0,7300011.0,7300011.0,0.00531588
1781330400,7300010.0,7449978.0,7300010.0,7449978.0,0.03471286
1781334000,7449978.0,7449978.0,7000006.0,7449978.0,1.04522434
1781337600,7449978.0,7450000.0,7000022.0,7000022.0,0.26174727
1781341200,7000022.0,7000022.0,7000014.0,7000018.0,0.14456037
1781344800,7000018.0,7000018.0,7000018.0,7000018.0,0.0
1781348400,7000036.0,7449886.0,7000036.0,7000036.0,0.00679745
1781352000,7449886.0,7449886.0,7449875.0,7449876.0,0.07877376
1781355600,7060021.0,7060021.0,7060021.0,7060021.0,0.04228457
1781359200,7439995.0,7439996.0,7439992.0,7439992.0,0.0187996
1781362800,7060061.0,7060077.0,7060061.0,7060075.0,0.18223111
1781366400,7288172.0,7289236.0,7065000.0,7065000.0,0.0291487
1781370000,7065000.0,7065000.0,7065000.0,7065000.0,0.0
1781373600,7065006.0,7065006.0,7065005.0,7065005.0,0.00373185
1781377200,7065005.0,7065005.0,7065005.0,7065005.0,0.0
1781380800,7065013.0,7065013.0,7065013.0,7065013.0,0.00343407
1781384400,7065013.0,7065013.0,7065013.0,7065013.0,0.0
1781388000,7065013.0,7065013.0,7065013.0,7065013.0,0.0
1781391600,7065013.0,7065013.0,7065013.0,7065013.0,0.0
1781395200,7065013.0,7065013.0,7065013.0,7065013.0,0.0
1781398800,7267228.0,7267388.0,7267228.0,7267388.0,0.00288333
1781402400,7248299.0,7248299.0,7248299.0,7248299.0,0.0032144
1781406000,7251092.0,7251092.0,7251092.0,7251092.0,0.00489609
1781409600,7100011.0,7100011.0,7100011.0,7100011.0,0.01135419
1781413200,7255901.0,7255901.0,7255901.0,7255901.0,0.00137253
1781416800,7100011.0,7100011.0,7100011.0,7100011.0,0.01000921
1781420400,7100011.0,7100011.0,7100011.0,7100011.0,0.02673573
1781424000,7100012.0,7100012.0,7100012.0,7100012.0,0.0014995
1781427600,7100012.0,7100012.0,7100012.0,7100012.0,0.0
1781431200,7100012.0,7255909.0,7100011.0,7255909.0,0.01431095
1781434800,7100011.0,7291090.0,7100011.0,7100011.0,0.14778246
1781438400,7302818.0,7302818.0,7100016.0,7100016.0,0.00508122
1781442000,7273682.0,7273682.0,7266403.0,7266403.0,0.00379476
1781445600,7100024.0,7270884.0,7100020.0,7100020.0,0.09952976
1781449200,7256113.0,7256113.0,7100024.0,7256107.0,0.01757497
1781452800,7256100.0,7256100.0,7256100.0,7256100.0,0.0013725
1781456400,7256100.0,7256100.0,7256100.0,7256100.0,0.0
1781460000,7100024.0,7100024.0,7100024.0,7100024.0,0.00279232
1781463600,7100024.0,7100024.0,7100024.0,7100024.0,0.0
1781467200,7256099.0,7256099.0,7256099.0,7256099.0,0.00152492
1781470800,7256099.0,7256099.0,7256099.0,7256099.0,0.0
1781474400,7256099.0,7256099.0,7256099.0,7256099.0,0.0
1781478000,7256099.0,7256099.0,7256099.0,7256099.0,0.00389741
1781481600,7256099.0,7899999.0,7256099.0,7523497.0,2.92343286
1781485200,7799999.0,7799999.0,7799999.0,7799999.0,0.00215743
1781488800,7105012.0,7326881.0,7105012.0,7315592.0,0.11058209
1781492400,7315592.0,7799999.0,7110008.0,7799999.0,0.1534608
1781496000,7110012.0,7799998.0,7110012.0,7150006.0,0.01922576
1781499600,7150012.0,7150012.0,7150011.0,7150011.0,0.00720811
1781503200,7150026.0,7150026.0,7150025.0,7150025.0,0.00244846
1781506800,7799970.0,7799970.0,7150027.0,7150027.0,0.01542612
1781510400,7799970.0,7799970.0,7150090.0,7799914.0,0.01834872
1781514000,7799906.0,7799908.0,7799906.0,7799908.0,0.0087288
1781517600,7180012.0,7799908.0,7180012.0,7180017.0,0.01872787
1781521200,7180042.0,7200015.0,7180042.0,7200014.0,0.06935667
1781524800,7799901.0,7799901.0,7366601.0,7799892.0,0.01565645
1781528400,7370009.0,7799892.0,7200051.0,7201125.0,0.09665194
1781532000,7205065.0,7276609.0,7205064.0,7276609.0,0.00826976
1781535600,7263857.0,7799896.0,7263857.0,7799896.0,0.14048894
1781539200,7280000.0,7280005.0,7280000.0,7280005.0,0.00933438
1781542800,7799888.0,7799888.0,7280000.0,7280000.0,0.0793847
1781546400,7280000.0,7280000.0,7280000.0,7280000.0,0.0
1781550000,7280000.0,7280000.0,7280000.0,7280000.0,0.0
1781553600,7280000.0,7280000.0,7280000.0,7280000.0,0.0
1781557200,7280000.0,7280000.0,7280000.0,7280000.0,0.0
1781560800,7799876.0,7799876.0,7280000.0,7280000.0,0.13715647
1781564400,7280000.0,7280000.0,7280000.0,7280000.0,0.0
1781568000,7280000.0,7280000.0,7280000.0,7280000.0,0.0
1781571600,7280000.0,7280000.0,7280000.0,7280000.0,0.333438
1781575200,7799839.0,7799839.0,7799839.0,7799839.0,0.00627756
1781578800,7799826.0,7799826.0,7180008.0,7180008.0,0.21794449
1781582400,7798986.0,7798990.0,7798986.0,7798990.0,0.06098713
1781586000,7180008.0,7180008.0,7180008.0,7180008.0,0.06098713
1781589600,7180008.0,7180008.0,7180008.0,7180008.0,0.0
1781593200,7798943.0,7798947.0,7798943.0,7798947.0,0.00627879
1781596800,7797996.0,7797996.0,7797996.0,7797996.0,0.03199193
1781600400,7797088.0,7797088.0,7181000.0,7181000.0,0.00392968
1781604000,7181000.0,7181000.0,7181000.0,7181000.0,0.00630566
1781607600,7181000.0,7181000.0,7181000.0,7181000.0,0.0
1781611200,7181004.0,7796979.0,7181000.0,7181000.0,0.06983197
1781614800,7181008.0,7181024.0,7181008.0,7181024.0,0.0112768
1781618400,7779973.0,7779973.0,7779973.0,7779973.0,0.00202134
1781622000,7779000.0,7779972.0,7779000.0,7779972.0,0.03133424
1781625600,7200500.0,7779971.0,7200500.0,7200500.0,0.04993388
1781629200,7600000.0,7600000.0,7600000.0,7600000.0,0.00131039
1781632800,7600000.0,7600000.0,7600000.0,7600000.0,0.0230113
1781636400,7600000.0,7600000.0,7600000.0,7600000.0,0.0
1781640000,7599976.0,7599976.0,7599976.0,7599976.0,0.0262081
1781643600,7599976.0,7599976.0,7599976.0,7599976.0,0.00952673
1781647200,7599976.0,7599976.0,7599976.0,7599976.0,0.0
1781650800,7595984.0,7595984.0,7595984.0,7595984.0,0.00196656
1781654400,7595984.0,7595984.0,7595984.0,7595984.0,0.0
1781658000,7200500.0,7200500.0,7200500.0,7200500.0,0.02507528
1781661600,7200500.0,7200500.0,7200500.0,7200500.0,0.0
1781665200,7200500.0,7595935.0,7200500.0,7200501.0,0.03921223
1781668800,7200501.0,7200501.0,7200501.0,7200501.0,0.0
1781672400,7200501.0,7200501.0,7200501.0,7200501.0,0.0
1781676000,7200501.0,7200501.0,7200501.0,7200501.0,0.0
1781679600,7200502.0,7200502.0,7200501.0,7200501.0,0.00411032
1781683200,7200502.0,7200502.0,7200502.0,7200502.0,7.02e-06
1781686800,7200503.0,7595935.0,7200503.0,7595935.0,0.00475143
1781690400,7200505.0,7595935.0,7200505.0,7200505.0,0.03748913
1781694000,7595935.0,7595935.0,7595935.0,7595935.0,0.04542507
1781697600,7200505.0,7200505.0,7200505.0,7200505.0,0.0020776
1781701200,7595929.0,7595929.0,7200506.0,7200506.0,0.04368888
1781704800,7200506.0,7200506.0,7200506.0,7200506.0,0.0
1781708400,7200507.0,7200507.0,7200500.0,7200500.0,0.58980908
1781712000,7595919.0,7595919.0,7200500.0,7200500.0,0.02980162
1781715600,7200500.0,7200500.0,7200500.0,7200500.0,0.0
1781719200,7595900.0,7595919.0,7595900.0,7595919.0,0.07167461
1781722800,7200500.0,7200500.0,7150091.0,7150091.0,1.15487437
1781726400,7595919.0,7595919.0,7595919.0,7595919.0,0.0262221
1781730000,7595929.0,7595929.0,7595929.0,7595929.0,0.00131109
1781733600,7595929.0,7595929.0,7595929.0,7595929.0,0.0
1781737200,7595929.0,7595929.0,7595929.0,7595929.0,0.0
1781740800,7595000.0,7595000.0,7150091.0,7150091.0,0.00393385
1781744400,7495000.0,7495000.0,7495000.0,7495000.0,0.00653382
1781748000,7495000.0,7495000.0,7150091.0,7150091.0,0.00661082
1781751600,7495000.0,7495000.0,7150091.0,7150091.0,0.0028062
1781755200,7494999.0,7500000.0,7494999.0,7500000.0,0.15316496
1781758800,7500000.0,7500000.0,7150092.0,7150092.0,0.00729899
1781762400,7200500.0,7200500.0,7150091.0,7150091.0,0.91103489
1781766000,7444442.0,7444442.0,7100000.0,7100000.0,0.10471781
1781769600,7100000.0,7100000.0,7100000.0,7100000.0,0.0
1781773200,7100000.0,7100000.0,7100000.0,7100000.0,0.0
1781776800,7444442.0,7444442.0,7100001.0,7100001.0,0.0186042
1781780400,7100001.0,7100001.0,7100001.0,7100001.0,0.0
1781784000,7100001.0,7100001.0,7100001.0,7100001.0,0.0
1781787600,7100001.0,7500000.0,7100000.0,7100000.0,2.88491173
1781791200,7060012.0,7479999.0,7060011.0,7060011.0,0.08054116
1781794800,7300000.0,7300000.0,7300000.0,7300000.0,0.01125231
1781798400,7299999.0,7299999.0,7299999.0,7299999.0,0.00169342
1781802000,7075000.0,7299999.0,7075000.0,7299999.0,0.01377419
1781805600,7299998.0,7299998.0,7299998.0,7299998.0,0.00217411
1781809200,7299998.0,7299998.0,7299998.0,7299998.0,0.03018794
1781812800,7299998.0,7299998.0,7299998.0,7299998.0,0.0
1781816400,7075000.0,7075004.0,6700000.0,6700000.0,0.63555306
1781820000,7299993.0,7299993.0,7299993.0,7299993.0,0.00136424
1781823600,7299993.0,7299993.0,7299993.0,7299993.0,0.0
1781827200,7299993.0,7299993.0,7299993.0,7299993.0,0.0
1781830800,7178993.0,7178993.0,7100091.0,7100091.0,0.00308066
1781834400,7100091.0,7198987.0,7100000.0,7101997.0,0.04429935
1781838000,7198987.0,7298988.0,6702000.0,7102002.0,0.05322063
1781841600,7154243.0,7154243.0,7154243.0,7154243.0,0.00363839
1781845200,7298978.0,7298978.0,7298978.0,7298978.0,0.00549692
1781848800,7298978.0,7298978.0,7298978.0,7298978.0,0.00218304
1781852400,7298978.0,7298978.0,6754237.0,6754237.0,0.01327749
1781856000,7124869.0,7299993.0,6754237.0,6754237.0,0.29022702
1781859600,6754238.0,6754238.0,6754238.0,6754238.0,0.0016843
1781863200,7206772.0,7206772.0,7206772.0,7206772.0,0.00186394
1781866800,7206772.0,7206772.0,6754242.0,6754242.0,0.0058839
1781870400,6754242.0,6754242.0,6754242.0,6754242.0,0.0
1781874000,6754242.0,7206771.0,6754242.0,7206771.0,0.0421578
1781877600,6754243.0,6754243.0,6754243.0,6754243.0,0.01062878
1781881200,6754248.0,7205998.0,6754248.0,7205998.0,0.00318957
1781884800,6754852.0,7205996.0,6754852.0,7205996.0,0.00391772
1781888400,7205996.0,7205996.0,7205996.0,7205996.0,0.0
1781892000,7205990.0,7205992.0,7205990.0,7205992.0,0.00185415
1781895600,7205992.0,7205992.0,7205992.0,7205992.0,0.0
1781899200,7205992.0,7205992.0,6754879.0,7205992.0,0.03849897
1781902800,7205992.0,7205992.0,7205992.0,7205992.0,0.0
1781906400,7205992.0,7205992.0,7205992.0,7205992.0,0.0
1781910000,7205992.0,7205992.0,7205992.0,7205992.0,0.0
1781913600,7205992.0,7205992.0,7205992.0,7205992.0,0.0
1781917200,6755140.0,6755140.0,6755140.0,6755140.0,0.00946585
1781920800,7205988.0,7205988.0,7205988.0,7205988.0,0.00165834
1781924400,7205988.0,7205988.0,7205988.0,7205988.0,0.00248765
1781928000,7205988.0,7205988.0,7205988.0,7205988.0,0.0
1781931600,7205988.0,7205988.0,7205988.0,7205988.0,0.0
1781935200,7205988.0,7205988.0,7205988.0,7205988.0,0.0
1781938800,7205988.0,7205992.0,6850001.0,6850001.0,0.16163949
1781942400,6850001.0,6850001.0,6850001.0,6850001.0,0.0
1781946000,6850001.0,6850001.0,6850001.0,6850001.0,0.0
1781949600,7205991.0,7205991.0,7090014.0,7090014.0,0.02251257
1781953200,7090014.0,7090014.0,6850018.0,6850018.0,0.00879754
1781956800,7205991.0,7205991.0,7205991.0,7205991.0,0.02037388
1781960400,7205991.0,7205992.0,6850000.0,6850000.0,0.22859338
1781964000,7199999.0,7199999.0,7199999.0,7199999.0,0.00138319
1781967600,6850006.0,6850006.0,6850005.0,6850005.0,0.0223403
1781971200,7199996.0,7199996.0,7199996.0,7199996.0,0.00200777
1781974800,7199996.0,7199996.0,7199996.0,7199996.0,0.0
1781978400,7199996.0,7199996.0,7199996.0,7199996.0,0.0
1781982000,7194994.0,7194994.0,7194994.0,7194994.0,0.00692078
1781985600,7194994.0,7194994.0,7194994.0,7194994.0,0.0
1781989200,7194994.0,7194994.0,7194994.0,7194994.0,0.0
1781992800,7194994.0,7194994.0,7194994.0,7194994.0,0.0
1781996400,7194994.0,7194994.0,7194994.0,7194994.0,0.0
1782000000,7194994.0,7194994.0,7194994.0,7194994.0,0.0
1782003600,7194990.0,7194992.0,7194990.0,7194992.0,0.0138431
1782007200,7194992.0,7194992.0,7194992.0,7194992.0,0.00692078
1782010800,6858120.0,6858120.0,6858119.0,6858119.0,0.01591881
1782014400,7194990.0,7194990.0,6859114.0,6859114.0,0.00319582
1782018000,7174694.0,7174694.0,6859115.0,6859115.0,0.00415818
1782021600,7174690.0,7174690.0,7174690.0,7174690.0,0.00288235
1782025200,7194898.0,7194898.0,7194898.0,7194898.0,0.01012404
1782028800,7194991.0,7194991.0,7194991.0,7194991.0,0.01401739
1782032400,7194991.0,7194991.0,7194991.0,7194991.0,0.0
1782036000,7060001.0,7060001.0,7060001.0,7060001.0,0.00288333
1782039600,7176799.0,7176799.0,7176716.0,7176799.0,0.0209946
1782043200,7176699.0,7176699.0,7176699.0,7176699.0,0.04446138
1782046800,7176699.0,7176699.0,7176699.0,7176699.0,0.0
1782050400,7060004.0,7117016.0,6860003.0,7117016.0,0.02778007
1782054000,7117016.0,7117016.0,7117016.0,7117016.0,0.0
1782057600,7117016.0,7176599.0,6860005.0,7176599.0,0.02973064
1782061200,7176599.0,7176599.0,7176599.0,7176599.0,0.0
1782064800,7176599.0,7176599.0,7176599.0,7176599.0,0.0
1782068400,7176599.0,7176599.0,7176599.0,7176599.0,0.02914193
1782072000,7176599.0,7176599.0,7176599.0,7176599.0,0.013907
1782075600,7176599.0,7176599.0,7176599.0,7176599.0,0.0
1782079200,7176599.0,7176599.0,7176599.0,7176599.0,0.0
1782082800,7176599.0,7176599.0,7176599.0,7176599.0,0.0
1782086400,7176599.0,7176599.0,7176599.0,7176599.0,0.0
1782090000,7176599.0,7176599.0,7176599.0,7176599.0,0.0
1782093600,7176599.0,7176599.0,6860016.0,6860016.0,0.00828773
1782097200,6860016.0,6860016.0,6860015.0,6860015.0,0.01281004
1782100800,6860015.0,6860015.0,6860015.0,6860015.0,0.00178493
1782104400,6860015.0,6860015.0,6860015.0,6860015.0,0.0
1782108000,7176590.0,7176590.0,7176590.0,7176590.0,0.00291809
1782111600,7176590.0,7176590.0,6860015.0,6860015.0,0.13357985
1782115200,7176586.0,7176586.0,6860017.0,6860017.0,0.02343494
1782118800,6860035.0,7176566.0,6860035.0,7176566.0,0.00728368
1782122400,6860094.0,6860094.0,6860094.0,6860094.0,0.00417093
1782126000,6860094.0,6860094.0,6860094.0,6860094.0,0.0
1782129600,7176558.0,7176558.0,7176558.0,7176558.0,0.00350948
1782133200,7176550.0,7176553.0,6860992.0,6860992.0,0.01743329
1782136800,7176548.0,7205992.0,6892012.0,6892016.0,1.2141853
1782140400,7205990.0,7300000.0,6892004.0,7000002.0,0.02424263
1782144000,7299998.0,7300000.0,7000028.0,7262726.0,0.04956855
1782147600,7262726.0,7262726.0,7262726.0,7262726.0,0.0
1782151200,7262726.0,7262726.0,7262726.0,7262726.0,0.0
1782154800,7262726.0,7262726.0,7262726.0,7262726.0,0.0
1782158400,7209416.0,7300000.0,7209416.0,7300000.0,0.0396337
1782162000,7300000.0,7300000.0,7300000.0,7300000.0,0.00187726
1782165600,7150142.0,7150142.0,7150142.0,7150142.0,0.00187726
1782169200,7150142.0,7150142.0,7150142.0,7150142.0,0.0
1782172800,7150143.0,7150143.0,7050000.0,7050000.0,4.82722974
1782176400,7272727.0,7272727.0,7272727.0,7272727.0,0.01369362
1782180000,7272727.0,7272727.0,7272727.0,7272727.0,0.0
1782183600,7272670.0,7272716.0,7050930.0,7050930.0,0.03053363
1782187200,7272007.0,7272007.0,7272007.0,7272007.0,0.00156944
1782190800,7272007.0,7272007.0,7272007.0,7272007.0,0.00684749
1782194400,7272007.0,7272715.0,6750000.0,6750000.0,1.32389666
1782198000,7269005.0,7269005.0,7269005.0,7269005.0,0.00618447
1782201600,7259004.0,7259906.0,7259004.0,7259906.0,0.07922023
1782205200,7259874.0,7259990.0,6750909.0,6750909.0,0.0856323
1782208800,7259008.0,7259053.0,6751936.0,7259053.0,0.01078052
1782212400,7259053.0,7259053.0,7259053.0,7259053.0,0.0
1782216000,7258836.0,7258840.0,7258836.0,7258840.0,0.03004156
1782219600,7056992.0,7258840.0,7056992.0,7258840.0,0.00402382
1782223200,7258809.0,7258840.0,7258809.0,7258840.0,0.0214464
1782226800,7258840.0,7258840.0,7258840.0,7258840.0,0.0
1782230400,7050083.0,7050083.0,7050083.0,7050083.0,0.00270684
1782234000,7050083.0,7050083.0,7050083.0,7050083.0,0.0
1782237600,7050083.0,7050083.0,7050083.0,7050083.0,0.0
1782241200,7050083.0,7050083.0,7050083.0,7050083.0,0.0
1782244800,7249996.0,7249996.0,7249996.0,7249996.0,0.00514538
1782248400,7249996.0,7249996.0,7249996.0,7249996.0,0.0
1782252000,7249996.0,7249996.0,7249996.0,7249996.0,0.0
1782255600,7249996.0,7249996.0,7249996.0,7249996.0,0.0
1782259200,7249996.0,7249996.0,7249996.0,7249996.0,0.0
1782262800,7249996.0,7249996.0,7249996.0,7249996.0,0.0
1782266400,7150491.0,7150491.0,7150491.0,7150491.0,0.00168855
1782270000,7248669.0,7248669.0,6750490.0,6750490.0,0.03168862
1782273600,6750490.0,6750490.0,6750490.0,6750490.0,0.0
1782277200,7150491.0,7248669.0,6750490.0,7248669.0,0.02841898
1782280800,6750660.0,6750668.0,6750660.0,6750668.0,0.00787387
1782284400,6750492.0,7248666.0,6750492.0,6750492.0,0.00737002
1782288000,7248666.0,7248669.0,7248666.0,7248669.0,0.00296123
1782291600,7248669.0,7248669.0,7248669.0,7248669.0,0.0
1782295200,6750496.0,6750496.0,6750496.0,6750496.0,0.00296123
1782298800,6750496.0,6750496.0,6750496.0,6750496.0,0.0
1782302400,7248664.0,7248664.0,7248664.0,7248664.0,0.00206079
1782306000,7248662.0,7248662.0,7248662.0,7248662.0,0.0034387
1782309600,7248662.0,7248664.0,7248662.0,7248664.0,0.0013739
1782313200,6810558.0,7248669.0,6810072.0,7248669.0,0.1046876
1782316800,7248669.0,7248669.0,7248669.0,7248669.0,0.0
1782320400,7248669.0,7248669.0,6810000.0,6810000.0,0.12822023
1782324000,7248666.0,7248669.0,7248666.0,7248669.0,0.02747829
1782327600,7248669.0,7248669.0,7248669.0,7248669.0,0.0
1782331200,6810002.0,6810002.0,6750086.0,6750086.0,0.09652037
1782334800,6750250.0,6750250.0,6750250.0,6750250.0,0.00879132
1782338400,6750250.0,6750250.0,6750250.0,6750250.0,0.0
1782342000,6750250.0,6750250.0,6750250.0,6750250.0,0.0
1782345600,7247666.0,7247666.0,7247666.0,7247666.0,0.00150117
1782349200,7244841.0,7244841.0,6750880.0,7244838.0,0.00559422
1782352800,6750880.0,6750880.0,6750000.0,6750000.0,0.50749608
1782356400,6750000.0,6750000.0,6750000.0,6750000.0,0.0
1782360000,6750000.0,6750000.0,6750000.0,6750000.0,0.0
1782363600,6750000.0,6750000.0,6750000.0,6750000.0,0.0
1782367200,6849872.0,6849872.0,6849872.0,6849872.0,0.00218077
1782370800,6849872.0,6849872.0,6750000.0,6750000.0,0.00382663
1782374400,6750000.0,6750000.0,6700000.0,6700000.0,0.0034387
1782378000,6700000.0,6700000.0,6700000.0,6700000.0,0.0
1782381600,6700047.0,6700119.0,6700047.0,6700119.0,0.0057704
1782385200,6849872.0,6849874.0,6700075.0,6700075.0,0.01966166
1782388800,6849874.0,7232057.0,6849874.0,7232057.0,0.0149388
1782392400,6700351.0,6700426.0,6700351.0,6700426.0,0.01494779
1782396000,7197998.0,7198000.0,6700000.0,6700000.0,0.04660438
1782399600,6700002.0,6700002.0,6700002.0,6700002.0,0.00155409
1782403200,6700002.0,6700002.0,6700002.0,6700002.0,0.0
1782406800,6700002.0,6700002.0,6700002.0,6700002.0,0.0
1782410400,6700002.0,6700002.0,6700002.0,6700002.0,0.0
1782414000,6700002.0,6700002.0,6700002.0,6700002.0,0.0
1782417600,6700002.0,6700002.0,6700002.0,6700002.0,0.0
1782421200,6700002.0,6700002.0,6700002.0,6700002.0,0.0
1782424800,6700002.0,6700002.0,6700002.0,6700002.0,0.0
1782428400,6700002.0,6700002.0,6700002.0,6700002.0,0.0
1782432000,6700002.0,6700002.0,6700002.0,6700002.0,0.0
1782435600,6700002.0,6700002.0,6700002.0,6700002.0,0.0
1782439200,6700002.0,6700002.0,6680371.0,6680371.0,2.2842964
1782442800,7197984.0,7197984.0,6680371.0,6680371.0,0.01440006
1782446400,7197006.0,7197006.0,6680372.0,6710000.0,1.47525631
1782450000,7018942.0,7018943.0,7018942.0,7018943.0,0.01157781
1782453600,7018996.0,7018996.0,7018996.0,7018996.0,0.02837742
1782457200,7018996.0,7018996.0,7018996.0,7018996.0,0.0
1782460800,6681060.0,6681060.0,6681058.0,6681058.0,0.02014615
1782464400,7003998.0,7004959.0,7003998.0,7004959.0,0.11021289
1782468000,7004946.0,7004946.0,7004946.0,7004946.0,0.00705872
1782471600,7004970.0,7004970.0,6689216.0,6999999.0,0.03138866
1782475200,6999442.0,6999444.0,6689215.0,6999444.0,0.02378531
1782478800,6979440.0,7150000.0,6979440.0,7149987.0,1.42734772
1782482400,7149987.0,7149987.0,7149987.0,7149987.0,0.0
1782486000,7149529.0,7149529.0,7149529.0,7149529.0,0.01314197
1782489600,6751130.0,7149962.0,6751130.0,7149962.0,0.25464943
1782493200,7149962.0,7149962.0,7149962.0,7149962.0,0.0
1782496800,7149974.0,7149974.0,6751874.0,6752082.0,0.00798931
1782500400,6752082.0,6752082.0,6752082.0,6752082.0,0.0
1782504000,7149868.0,7149868.0,7149868.0,7149868.0,0.00180311
1782507600,7149868.0,7149868.0,7149868.0,7149868.0,0.0
1782511200,6750170.0,6750170.0,6750170.0,6750170.0,0.00218068
1782514800,6750318.0,7149912.0,6750318.0,6750610.0,0.00762746
1782518400,6750610.0,6750610.0,6750610.0,6750610.0,0.0
1782522000,6751416.0,6851451.0,6751416.0,6851451.0,0.02755029
1782525600,7149550.0,7149550.0,7149550.0,7149550.0,0.00691721
1782529200,7149550.0,7149550.0,7149550.0,7149550.0,0.0
1782532800,7149034.0,7149483.0,7149034.0,7149483.0,0.02786046
1782536400,7149379.0,7149379.0,6444444.0,7148992.0,0.29468848
1782540000,7148992.0,7148992.0,7148992.0,7148992.0,0.0
1782543600,7147550.0,7147552.0,6902002.0,7147552.0,0.00704882
1782547200,7147552.0,7147552.0,6502001.0,7147552.0,0.06048161
1782550800,6502024.0,7147550.0,6502024.0,6502050.0,0.02879839
1782554400,6902555.0,6902555.0,6510000.0,6510000.0,0.01486355
1782558000,6515145.0,7147968.0,6515080.0,6515080.0,0.27437664
1782561600,7145983.0,7145983.0,7145983.0,7145983.0,0.00689198
1782565200,7025221.0,7145594.0,6515108.0,6515108.0,0.04020466
1782568800,6915777.0,6915777.0,6915216.0,6915216.0,0.00622414
1782572400,6915233.0,6915233.0,6515232.0,6515262.0,0.02111496
1782576000,7144982.0,7144982.0,6515252.0,6515252.0,0.00418098
1782579600,6515252.0,6515252.0,6515252.0,6515252.0,0.0
1782583200,7144874.0,7144874.0,7144874.0,7144874.0,0.00278773
1782586800,7144874.0,7144874.0,7144874.0,7144874.0,0.0
1782590400,7144744.0,7144744.0,7144744.0,7144744.0,0.00209076
1782594000,7144744.0,7144744.0,7144744.0,7144744.0,0.0
1782597600,7144725.0,7144725.0,7144725.0,7144725.0,0.00139389
1782601200,7144725.0,7144725.0,7144725.0,7144725.0,0.0
1782604800,7043112.0,7043112.0,6917555.0,6917555.0,0.01180254
1782608400,6917555.0,6917555.0,6917555.0,6917555.0,0.00263988
1782612000,6917555.0,6917555.0,6917555.0,6917555.0,0.0
1782615600,7039112.0,7039114.0,7039112.0,7039114.0,0.00567059
1782619200,7039114.0,7139115.0,6520663.0,6520663.0,0.17223143
1782622800,6520663.0,6520663.0,6520663.0,6520663.0,0.0
1782626400,6520663.0,6520663.0,6520663.0,6520663.0,0.0
1782630000,6838992.0,7138107.0,6838992.0,7138107.0,0.07059337
1782633600,6837549.0,6837550.0,6790684.0,6790684.0,0.02098763
1782637200,6920694.0,6920694.0,6920694.0,6920694.0,0.00260625
1782640800,7137777.0,7137777.0,6520697.0,6520697.0,0.00623087
1782644400,6520697.0,6520697.0,6520697.0,6520697.0,0.0
1782648000,6921238.0,6921238.0,6921238.0,6921238.0,0.08083033
1782651600,6921238.0,6921238.0,6921238.0,6921238.0,0.0
1782655200,7099912.0,7099912.0,6524369.0,6524369.0,0.02232836
1782658800,7098762.0,7098762.0,6530204.0,6530204.0,0.02141762
1782662400,7098535.0,7098535.0,6530422.0,6530422.0,0.00320607
1782666000,7098628.0,7100000.0,7098628.0,7099996.0,0.84330089
1782669600,7099996.0,7099996.0,7099996.0,7099996.0,0.0
1782673200,7099996.0,7099996.0,7099996.0,7099996.0,0.0
1782676800,7099996.0,7099996.0,7099996.0,7099996.0,0.0
1782680400,7099996.0,7099996.0,7099996.0,7099996.0,0.00187676
1782684000,7099996.0,7099996.0,7099996.0,7099996.0,0.0
1782687600,7099996.0,7099996.0,7099996.0,7099996.0,0.0
1782691200,7099996.0,7099996.0,6820424.0,6820424.0,0.00524309
1782694800,7099990.0,7099990.0,6600000.0,6779984.0,0.9258043
1782698400,7079999.0,7079999.0,7079995.0,7079995.0,0.00679885
1782702000,6950229.0,7079993.0,6950229.0,7079993.0,0.02985502
1782705600,6950229.0,6950229.0,6650228.0,6650228.0,0.01440728
1782709200,6650228.0,6650228.0,6650228.0,6650228.0,0.0
1782712800,6950002.0,7079992.0,6950002.0,7079992.0,0.00501705
1782716400,6950002.0,7079992.0,6655557.0,6956994.0,0.02240142
1782720000,7079990.0,7079990.0,7079990.0,7079990.0,0.00822684
1782723600,7079990.0,7079990.0,6657998.0,6657998.0,0.01007537
1782727200,6959999.0,6960520.0,6959999.0,6960520.0,0.00330173
1782730800,6960999.0,7079988.0,6960999.0,7079988.0,0.02457829
1782734400,6961999.0,7079988.0,6661998.0,6662998.0,0.02002799
1782738000,6963555.0,6963555.0,6963555.0,6963555.0,0.0028899
1782741600,6964555.0,7079989.0,6664662.0,6664677.0,0.01202127
1782745200,7079986.0,7099996.0,7079986.0,7099996.0,0.65308246
1782748800,7109988.0,7500000.0,7109988.0,7500000.0,2.96390174
1782752400,7500000.0,7500000.0,7100420.0,7100420.0,0.00320106
1782756000,7100960.0,7100960.0,7100960.0,7100960.0,0.00579493
1782759600,7101415.0,7101415.0,7101415.0,7101415.0,0.00198799
1782763200,7101415.0,7101415.0,7101415.0,7101415.0,0.0
1782766800,7102160.0,7102160.0,7102160.0,7102160.0,0.00265573
1782770400,7102160.0,7102160.0,7102160.0,7102160.0,0.0
1782774000,7102160.0,7102160.0,7102160.0,7102160.0,0.0
1782777600,7499996.0,7499996.0,7499996.0,7499996.0,0.00230386
1782781200,7103515.0,7499000.0,7103515.0,7498999.0,0.03038404
1782784800,7403570.0,7498994.0,7103170.0,7498994.0,1.36552676
1782788400,7103599.0,7498903.0,7103591.0,7150072.0,0.06786612
1782792000,7150072.0,7150072.0,7150072.0,7150072.0,0.0
1782795600,7298841.0,7298841.0,7298841.0,7298841.0,0.00149064
1782799200,7298845.0,7498834.0,7258864.0,7258883.0,0.09143195
1782802800,7298804.0,7498807.0,7258903.0,7258903.0,0.01308012
1782806400,7258920.0,7328748.0,7258919.0,7328748.0,0.03400351
1782810000,7258928.0,7278727.0,7208845.0,7278727.0,0.08014792
1782813600,7209001.0,7498969.0,7209001.0,7498968.0,0.01054941
1782817200,7409245.0,7498963.0,7209517.0,7209517.0,0.01305842
1782820800,7209811.0,7209820.0,7209811.0,7209818.0,0.01611524
1782824400,7497918.0,7497930.0,7208870.0,7267976.0,0.02504077
1782828000,7267976.0,7267976.0,7267976.0,7267976.0,0.0
1782831600,7497914.0,7497916.0,7208912.0,7497910.0,0.02938706
1782835200,7497991.0,7497991.0,7209132.0,7209252.0,0.02299666
1782838800,7497749.0,7497752.0,7208934.0,7470701.0,0.03704105
1782842400,7467776.0,7497986.0,7467776.0,7497986.0,0.00340412
1782846000,7209302.0,7545520.0,7209302.0,7545520.0,0.90629066
1782849600,7545520.0,7545520.0,7545520.0,7545520.0,0.0
1782853200,7545520.0,7545520.0,7545520.0,7545520.0,0.0
1782856800,7545508.0,7545508.0,7545508.0,7545508.0,0.01319858
1782860400,7545508.0,7545508.0,7545508.0,7545508.0,0.0
1782864000,7545508.0,7545508.0,7545508.0,7545508.0,0.0
1782867600,7475881.0,7475881.0,7475881.0,7475881.0,0.00133215
1782871200,7300004.0,7519996.0,7300004.0,7300304.0,0.09492923
1782874800,7519996.0,7519996.0,7519996.0,7519996.0,0.02648684
1782878400,7519996.0,7519996.0,7519996.0,7519996.0,0.00730465
1782882000,7300328.0,7519996.0,7300328.0,7300364.0,0.01133924
1782885600,7519996.0,7519996.0,7300449.0,7300449.0,0.00731914
1782889200,7300449.0,7300449.0,7300449.0,7300449.0,0.0
1782892800,7300449.0,7300449.0,7300449.0,7300449.0,0.0
1782896400,7300449.0,7300449.0,7300449.0,7300449.0,0.0
1782900000,7246833.0,7246833.0,7246833.0,7246833.0,0.00217847
1782903600,7514994.0,7545520.0,7246989.0,7545513.0,1.33983378
1782907200,7447720.0,7519995.0,6732026.0,7514996.0,1.37313521
1782910800,7515000.0,7515000.0,7515000.0,7515000.0,0.76088359
1782914400,7519995.0,7749999.0,7349900.0,7660002.0,6.14148723
1782918000,7700026.0,7722222.0,7700026.0,7722222.0,0.0466801
1782921600,7084978.0,7084978.0,7084978.0,7084978.0,0.0025169
1782925200,7656990.0,7656993.0,7101151.0,7101151.0,0.00554825
1782928800,7101491.0,7101781.0,7101491.0,7101781.0,0.00657381
1782932400,7101942.0,7722218.0,7101942.0,7102012.0,0.02751987
1782936000,7622425.0,7622440.0,7622425.0,7622440.0,0.02613088
1782939600,7622440.0,7622440.0,7622440.0,7622440.0,0.0
1782943200,7102691.0,7595866.0,7102691.0,7595866.0,0.00912335
1782946800,7103111.0,7103111.0,7103111.0,7103111.0,0.00486917
1782950400,7588683.0,7588683.0,7588683.0,7588683.0,0.00157471
1782954000,7569929.0,7569929.0,7569852.0,7569854.0,0.06850855
1782957600,7569854.0,7569854.0,7569854.0,7569854.0,0.0
1782961200,7569854.0,7569854.0,7569854.0,7569854.0,0.0
1782964800,7569854.0,7749999.0,7213434.0,7749999.0,0.02543449
1782968400,7749996.0,7749996.0,7622000.0,7639642.0,0.01204308
1782972000,7554686.0,7554686.0,7222785.0,7222785.0,0.01254009
1782975600,7540004.0,7540004.0,7540004.0,7540004.0,0.00340357
1782979200,7749966.0,7749995.0,7552014.0,7552014.0,0.01094714
1782982800,7552014.0,7552014.0,7552014.0,7552014.0,0.0
1782986400,7553109.0,7553109.0,7553109.0,7553109.0,0.00249727
1782990000,7553336.0,7749989.0,7553336.0,7553713.0,0.02561984
1782993600,7554041.0,7554041.0,7554041.0,7554041.0,0.00200871
1782997200,7554230.0,7554230.0,7253572.0,7415955.0,0.07371302
1783000800,7230005.0,7499931.0,7111143.0,7111147.0,1.20030697
1783004400,7499778.0,7499960.0,7250250.0,7499936.0,0.0202654
1783008000,7250251.0,7300000.0,7009260.0,7009260.0,1.21462868
1783011600,7499987.0,7499991.0,7499987.0,7499991.0,0.02866964
1783015200,7499991.0,7499991.0,7499991.0,7499991.0,0.0
1783018800,7499528.0,7499528.0,7499528.0,7499528.0,0.02655913
1783022400,7499528.0,7499528.0,7499528.0,7499528.0,0.0
1783026000,7499528.0,7499528.0,7499528.0,7499528.0,0.0
1783029600,7499528.0,7499528.0,7499528.0,7499528.0,0.0
1783033200,7499528.0,7499528.0,7499528.0,7499528.0,0.0
1783036800,7494980.0,7494980.0,7494980.0,7494980.0,0.00173155
1783040400,7494980.0,7494980.0,7494980.0,7494980.0,0.0
1783044000,7100395.0,7100395.0,7100395.0,7100395.0,0.0035429
1783047600,7494969.0,7735640.0,7202001.0,7202001.0,1.03459814
1783051200,7300000.0,7478986.0,7125000.0,7478986.0,0.259404
1783054800,7474990.0,7474990.0,7474990.0,7474990.0,0.01242677
1783058400,7289878.0,7289878.0,7230000.0,7230000.0,0.27686298
1783062000,7464985.0,7464985.0,7464984.0,7464984.0,0.00440603
1783065600,7290920.0,7464965.0,7139990.0,7464965.0,2.52478905
1783069200,7444995.0,7444995.0,7444995.0,7444995.0,0.00133767
1783072800,7444995.0,7444995.0,7140000.0,7444858.0,0.07875042
1783076400,7441995.0,7441995.0,7140085.0,7140085.0,0.00506704
1783080000,7142511.0,7444853.0,7142500.0,7444853.0,0.01691267
1783083600,7440995.0,7441000.0,7142510.0,7439998.0,0.03087755
1783087200,7436995.0,7436996.0,7436995.0,7436996.0,0.03654593
1783090800,7146081.0,7421942.0,7146002.0,7421942.0,0.01539979
1783094400,7421992.0,7421992.0,7150008.0,7150008.0,0.00588763
1783098000,7150008.0,7150008.0,7150007.0,7150007.0,0.05541322
1783101600,7444711.0,7444711.0,7444711.0,7444711.0,0.00374561
1783105200,7444711.0,7444711.0,7444711.0,7444711.0,0.0
1783108800,7444711.0,7444711.0,7444711.0,7444711.0,0.0
1783112400,7444711.0,7444711.0,7444711.0,7444711.0,0.0
1783116000,7444816.0,7444816.0,7444816.0,7444816.0,0.01301778
1783119600,7244777.0,7244777.0,7244777.0,7244777.0,0.00205265
1783123200,7244777.0,7244777.0,7244777.0,7244777.0,0.0
1783126800,7150010.0,7150010.0,7150010.0,7150010.0,0.00289117
1783130400,7244774.0,7244774.0,7244774.0,7244774.0,0.00975792
1783134000,7244774.0,7244774.0,7244774.0,7244774.0,0.0
1783137600,7244774.0,7444838.0,7244774.0,7444838.0,0.02708846
1783141200,7444838.0,7444838.0,7444838.0,7444838.0,0.0
1783144800,7444822.0,7444822.0,7444822.0,7444822.0,0.0033442
1783148400,7444822.0,7444822.0,7444822.0,7444822.0,0.0
1783152000,7150772.0,7444826.0,7150772.0,7444826.0,0.06893816
1783155600,7439992.0,7439992.0,7439992.0,7439992.0,0.00647043
1783159200,7151272.0,7151272.0,7151271.0,7151271.0,0.01738333
1783162800,7151271.0,7151271.0,7151269.0,7151269.0,0.02556516
1783166400,7151269.0,7151269.0,7151269.0,7151269.0,0.0
1783170000,7151269.0,7151269.0,7151269.0,7151269.0,0.0
1783173600,7156430.0,7399994.0,7156430.0,7399994.0,0.06238749
1783177200,7156431.0,7399994.0,7156430.0,7156430.0,0.97935147
1783180800,7389999.0,7389999.0,7389999.0,7389999.0,0.00202138
1783184400,7160001.0,7389999.0,7156430.0,7389999.0,0.02115719
1783188000,7389999.0,7389999.0,7389999.0,7389999.0,0.0
1783191600,7156433.0,7156433.0,7156433.0,7156433.0,0.00144732
1783195200,7156433.0,7156433.0,7156433.0,7156433.0,0.0
1783198800,7156433.0,7156433.0,7156433.0,7156433.0,0.0
1783202400,7379999.0,7379999.0,7379999.0,7379999.0,0.00134945
1783206000,7379999.0,7379999.0,7379999.0,7379999.0,0.0
1783209600,7379999.0,7379999.0,7379999.0,7379999.0,0.00269891
1783213200,7379999.0,7379999.0,7379999.0,7379999.0,0.0
1783216800,7379999.0,7379999.0,7379999.0,7379999.0,0.0
1783220400,7156434.0,7379991.0,7156434.0,7156436.0,0.01401338
1783224000,7156436.0,7156436.0,7156436.0,7156436.0,0.0014728
1783227600,7379988.0,7379991.0,7156438.0,7379990.0,0.03603267
1783231200,7156438.0,7379991.0,7156438.0,7379991.0,0.03229897
1783234800,7156439.0,7349999.0,7156439.0,7349990.0,0.02562844
1783238400,7349989.0,7349989.0,7349989.0,7349989.0,0.00505374
1783242000,7349983.0,7349983.0,7349983.0,7349983.0,0.00406504
1783245600,7349983.0,7349983.0,7349983.0,7349983.0,0.01625962
1783249200,7349983.0,7349983.0,7156439.0,7156439.0,0.00800736
1783252800,7349983.0,7349983.0,7349983.0,7349983.0,0.00497701
1783256400,7349983.0,7349983.0,7349983.0,7349983.0,0.0
1783260000,7348999.0,7349000.0,7156439.0,7349000.0,0.09603714
1783263600,7348999.0,7348999.0,7348999.0,7348999.0,0.00259327
1783267200,7348999.0,7348999.0,7160001.0,7348999.0,0.03105792
1783270800,7348999.0,7348999.0,7348999.0,7348999.0,0.0027103
1783274400,7160001.0,7348999.0,7160001.0,7348999.0,0.00275782
1783278000,7348999.0,7348999.0,7348999.0,7348999.0,0.0
1783281600,7348999.0,7348999.0,7348999.0,7348999.0,0.0
1783285200,7348999.0,7348999.0,7348999.0,7348999.0,0.0
1783288800,7348999.0,7348999.0,7348999.0,7348999.0,0.0027103
1783292400,7160001.0,7160001.0,7160001.0,7160001.0,0.00163002
1783296000,7160001.0,7160001.0,7160001.0,7160001.0,0.0
1783299600,7348999.0,7348999.0,7160000.0,7160000.0,0.75781799
1783303200,7160000.0,7160000.0,7160000.0,7160000.0,0.00178799
1783306800,7160000.0,7160000.0,7160000.0,7160000.0,0.37713983
1783310400,7160000.0,7160000.0,7150000.0,7150000.0,0.31842109
1783314000,7348999.0,7348999.0,7348999.0,7348999.0,0.01409441
1783317600,7348999.0,7348999.0,7150000.0,7348995.0,0.01223449
1783321200,7150000.0,7348992.0,7050070.0,7348990.0,0.06502442
1783324800,7348990.0,7348990.0,7348990.0,7348990.0,0.0
1783328400,7348981.0,7348981.0,7348981.0,7348981.0,0.01357861
1783332000,7348981.0,7348981.0,7348981.0,7348981.0,0.0
1783335600,7150560.0,7150560.0,7150560.0,7150560.0,0.01285889
1783339200,7319998.0,7319999.0,7150559.0,7150559.0,0.06848676
1783342800,7319998.0,7319998.0,7319998.0,7319998.0,0.00401516
1783346400,7348976.0,7399999.0,7155001.0,7155001.0,0.83889559
1783350000,7155001.0,7155001.0,7151007.0,7151007.0,0.17598145
1783353600,7399996.0,7399996.0,7399996.0,7399996.0,0.00587824
1783357200,7399996.0,7399996.0,7399996.0,7399996.0,0.0
1783360800,7399996.0,7399996.0,7399996.0,7399996.0,0.0
1783364400,7399996.0,7399996.0,7399996.0,7399996.0,0.0
1783368000,7399996.0,7399996.0,7399996.0,7399996.0,0.0
1783371600,7399995.0,7444858.0,7399995.0,7444858.0,0.92994587
1783375200,7444858.0,7444858.0,7444858.0,7444858.0,0.0
1783378800,7460002.0,7460002.0,7160001.0,7160039.0,0.01611507
1783382400,7465551.0,7465551.0,7465551.0,7465551.0,0.00303116
1783386000,7579557.0,7579558.0,7165550.0,7165569.0,0.01995516
1783389600,7165569.0,7165569.0,7165569.0,7165569.0,0.0
1783393200,7579557.0,7579558.0,7166510.0,7166510.0,0.06083986
1783396800,7431002.0,7431002.0,7431002.0,7431002.0,0.00656506
1783400400,7430991.0,7431002.0,7341311.0,7431002.0,0.00855862
1783404000,7431002.0,7431002.0,7431002.0,7431002.0,0.0
1783407600,7431002.0,7431002.0,7431002.0,7431002.0,0.0
1783411200,7361907.0,7431002.0,7231761.0,7431002.0,0.09809404
1783414800,7332101.0,7431002.0,7332101.0,7431002.0,0.16404289
1783418400,7431001.0,7431002.0,7232002.0,7232002.0,0.22183172
1783422000,7383002.0,7500000.0,7232092.0,7233005.0,0.78461791
1783425600,7499999.0,7499999.0,7499999.0,7499999.0,0.01603106
1783429200,7396022.0,7499009.0,7231151.0,7231151.0,0.23157013
1783432800,7498076.0,7498076.0,7479976.0,7479976.0,0.01030414
1783436400,7235210.0,7479966.0,7235210.0,7479966.0,0.39353974
1783440000,7235016.0,7479990.0,7235001.0,7235001.0,0.05472422
1783443600,7235001.0,7235001.0,7235001.0,7235001.0,0.38897996
1783447200,7235006.0,7235006.0,7235000.0,7235000.0,0.00922784
1783450800,7235000.0,7235000.0,7231002.0,7231002.0,0.05875948
1783454400,7235000.0,7235000.0,7235000.0,7235000.0,0.0124557
1783458000,7235000.0,7235000.0,7235000.0,7235000.0,0.0
1783461600,7235000.0,7235000.0,7235000.0,7235000.0,0.0
1783465200,7235000.0,7235000.0,7235000.0,7235000.0,0.0
1783468800,7235000.0,7235000.0,7235000.0,7235000.0,0.0013765
1783472400,7231002.0,7231002.0,7231002.0,7231002.0,0.00371539
1783476000,7231002.0,7231002.0,7231002.0,7231002.0,0.0
1783479600,7235000.0,7235000.0,7235000.0,7235000.0,0.01376503
1783483200,7234996.0,7234996.0,7234996.0,7234996.0,0.00452688
1783486800,7151906.0,7234996.0,7151007.0,7151007.0,0.03785211
1783490400,7151007.0,7234996.0,7151003.0,7234996.0,0.07667939
1783494000,7152004.0,7234996.0,7152004.0,7234996.0,0.34460061
1783497600,7155000.0,7155000.0,7155000.0,7155000.0,0.00195314
1783501200,7155000.0,7155000.0,7155000.0,7155000.0,0.0
1783504800,7155000.0,7155000.0,7155000.0,7155000.0,0.00664103
1783508400,7155000.0,7155000.0,7155000.0,7155000.0,0.00190518
1783512000,7155000.0,7155000.0,7155000.0,7155000.0,0.00780317
1783515600,7155004.0,7234951.0,7155000.0,7155000.0,0.2644672
1783519200,7155000.0,7234763.0,7155000.0,7234763.0,0.25448826
1783522800,7234645.0,7234645.0,7234592.0,7234592.0,0.01579622
1783526400,7234992.0,7234992.0,7151003.0,7151003.0,0.02786802
1783530000,7234997.0,7234997.0,7234997.0,7234997.0,0.00259986
1783533600,7234997.0,7234997.0,7234997.0,7234997.0,0.0
1783537200,7234997.0,7234997.0,7234997.0,7234997.0,0.0
1783540800,7234997.0,7234997.0,7234997.0,7234997.0,0.0
1783544400,7234997.0,7234997.0,7234997.0,7234997.0,0.0
1783548000,7234922.0,7234922.0,7234922.0,7234922.0,0.02753049
1783551600,7234922.0,7234922.0,7234922.0,7234922.0,0.0
1783555200,7234922.0,7234922.0,7234922.0,7234922.0,0.0
1783558800,7234949.0,7234949.0,7151004.0,7151004.0,0.00572627
1783562400,7151004.0,7151004.0,7151004.0,7151004.0,0.0
1783566000,7151004.0,7151004.0,7151004.0,7151004.0,0.0
1783569600,7468990.0,7469000.0,7151004.0,7151004.0,0.03112557
1783573200,7151004.0,7151004.0,7151004.0,7151004.0,0.0
1783576800,7151003.0,7151003.0,7151003.0,7151003.0,0.00347355
1783580400,7151003.0,7151003.0,7151003.0,7151003.0,0.0
1783584000,7399928.0,7399928.0,7151003.0,7151003.0,0.01912461
1783587600,7399981.0,7399981.0,7151003.0,7151003.0,0.0033486
1783591200,7399929.0,7399929.0,7151003.0,7151003.0,0.00370814
1783594800,7399836.0,7399845.0,7399836.0,7399843.0,0.06729223
1783598400,7399755.0,7399755.0,7151004.0,7151004.0,0.00403751
1783602000,7162000.0,7162000.0,7150003.0,7150003.0,0.57215131
1783605600,7348986.0,7348986.0,7066004.0,7066023.0,0.00628569
1783609200,7347999.0,7348003.0,7267502.0,7267502.0,0.01747594
1783612800,7348987.0,7348987.0,7348987.0,7348987.0,0.02032729
1783616400,7348987.0,7348987.0,7348987.0,7348987.0,0.0
1783620000,7066416.0,7066416.0,7066416.0,7066416.0,0.00294225
1783623600,7066416.0,7066416.0,7066416.0,7066416.0,0.0
1783627200,7067389.0,7067389.0,7067389.0,7067389.0,0.00190698
1783630800,7067670.0,7067670.0,7067666.0,7067669.0,0.14030852
1783634400,7067856.0,7067856.0,7067854.0,7067854.0,0.06138497
1783638000,7299954.0,7299954.0,7299954.0,7299954.0,0.00272851
1783641600,7299954.0,7299954.0,7299954.0,7299954.0,0.0
1783645200,7070058.0,7070058.0,7070058.0,7070058.0,0.02022745
1783648800,7070058.0,7070058.0,7070058.0,7070058.0,0.0
1783652400,7299589.0,7299589.0,7299520.0,7299520.0,0.00481707
1783656000,7299556.0,7299556.0,7299556.0,7299556.0,0.00157201
1783659600,7299560.0,7299561.0,7070246.0,7070246.0,0.00403476
1783663200,7299556.0,7299557.0,7299556.0,7299557.0,0.02728672
1783666800,7299557.0,7299557.0,7299557.0,7299557.0,0.0
1783670400,7299557.0,7299557.0,7299557.0,7299557.0,0.04693297
1783674000,7070812.0,7070812.0,7070246.0,7070250.0,0.21575093
1783677600,7299540.0,7450000.0,7299540.0,7444949.0,1.35237394
1783681200,7444008.0,7444447.0,7070885.0,7444447.0,0.03251942
1783684800,7100077.0,7419999.0,7100077.0,7419921.0,0.0115869
1783688400,7100387.0,7240412.0,7100386.0,7100500.0,0.13756361
1783692000,7240504.0,7240504.0,7100504.0,7100504.0,0.01478807
1783695600,7100504.0,7100504.0,7100504.0,7100504.0,0.0
1783699200,7100504.0,7100504.0,7100504.0,7100504.0,0.0
1783702800,7100504.0,7100504.0,7100504.0,7100504.0,0.0
1783706400,7100504.0,7100504.0,7100504.0,7100504.0,0.0
1783710000,7100504.0,7100504.0,7100504.0,7100504.0,0.0
1783713600,7100504.0,7100504.0,7100504.0,7100504.0,0.0
1783717200,7399997.0,7399997.0,7399997.0,7399997.0,0.00655135
1783720800,7100635.0,7399997.0,7100634.0,7100634.0,0.01015192
1783724400,7399997.0,7399998.0,7399899.0,7399900.0,0.04699085
1783728000,7399886.0,7399889.0,7399886.0,7399889.0,0.03535558
1783731600,7322699.0,7322699.0,7122638.0,7122693.0,0.10397914
1783735200,7399869.0,7399870.0,7122787.0,7122829.0,0.11968721
1783738800,7122829.0,7122829.0,7122829.0,7122829.0,0.0
1783742400,7122829.0,7122829.0,7122829.0,7122829.0,0.0
1783746000,7339994.0,7339994.0,7339990.0,7339993.0,0.01564237
1783749600,7339987.0,7339987.0,7339987.0,7339987.0,0.00577657
1783753200,7339993.0,7339993.0,7126854.0,7126854.0,0.03746069
1783756800,7126854.0,7126854.0,7126854.0,7126854.0,0.0
1783760400,7126855.0,7339987.0,7126854.0,7126854.0,0.02878201
1783764000,7339983.0,7339983.0,7339983.0,7339983.0,0.01356815
1783767600,7339983.0,7339983.0,7339983.0,7339983.0,0.0
1783771200,7339983.0,7339983.0,7339983.0,7339983.0,0.0
1783774800,7339983.0,7339983.0,7339983.0,7339983.0,0.0
1783778400,7339983.0,7339983.0,7339983.0,7339983.0,0.0
1783782000,7339983.0,7339983.0,7339983.0,7339983.0,0.0
1783785600,7126868.0,7328699.0,7126868.0,7328699.0,0.00808694
1783789200,7328699.0,7328699.0,7328699.0,7328699.0,0.0
1783792800,7328695.0,7328695.0,7328695.0,7328695.0,0.0013589
1783796400,7328602.0,7328602.0,7328602.0,7328602.0,0.01935266
1783800000,7126886.0,7126886.0,7126886.0,7126886.0,0.01799374
1783803600,7328598.0,7328598.0,7328598.0,7328598.0,0.00277788
1783807200,7328598.0,7328598.0,7328598.0,7328598.0,0.0
1783810800,7328594.0,7328594.0,7328594.0,7328594.0,0.01358923
1783814400,7126886.0,7126886.0,7126886.0,7126886.0,0.00160619
1783818000,7126886.0,7126886.0,7126886.0,7126886.0,0.0
1783821600,7126886.0,7126886.0,7126886.0,7126886.0,0.0
1783825200,7327172.0,7327172.0,7126928.0,7126928.0,0.0263732
1783828800,7300000.0,7300000.0,7126984.0,7299000.0,0.01244824
1783832400,7298999.0,7299000.0,7298999.0,7299000.0,0.0339404
1783836000,7127297.0,7127297.0,7127297.0,7127297.0,0.00440837
1783839600,7298969.0,7298969.0,7298969.0,7298969.0,0.02865335
1783843200,7298969.0,7298969.0,7127565.0,7127565.0,0.01127467
1783846800,7298969.0,7298969.0,7298969.0,7298969.0,0.00192136
1783850400,7298969.0,7298969.0,7298969.0,7298969.0,0.00582863
1783854000,7298969.0,7298969.0,7298969.0,7298969.0,0.0
1783857600,7129595.0,7129595.0,7129595.0,7129595.0,0.0014113
1783861200,7298965.0,7298965.0,7298965.0,7298965.0,0.00204659
1783864800,7298780.0,7298780.0,7298780.0,7298780.0,0.00441594
1783868400,7130505.0,7130505.0,7130505.0,7130505.0,0.00366273
1783872000,7298779.0,7298779.0,7130507.0,7130507.0,0.04831031
1783875600,7298779.0,7298779.0,7298779.0,7298779.0,0.00341796
1783879200,7298779.0,7298779.0,7298779.0,7298779.0,0.0
1783882800,7298779.0,7298779.0,7298779.0,7298779.0,0.0
1783886400,7298779.0,7298779.0,7298779.0,7298779.0,0.0
1783890000,7298779.0,7298779.0,7130524.0,7130524.0,0.02234922
1783893600,7130522.0,7130522.0,7130522.0,7130522.0,0.00249936
1783897200,7130522.0,7130522.0,7130522.0,7130522.0,0.0
1783900800,7130522.0,7130522.0,7130522.0,7130522.0,0.0
1783904400,7131104.0,7282521.0,7131104.0,7282521.0,0.043701
1783908000,7282000.0,7282000.0,7131104.0,7131104.0,0.00547044
1783911600,7279991.0,7279991.0,7279991.0,7279991.0,0.00136799
1783915200,7269998.0,7269998.0,7269998.0,7269998.0,0.08232812
1783918800,7269998.0,7269998.0,7269998.0,7269998.0,0.0
1783922400,7269998.0,7269998.0,7269998.0,7269998.0,0.0
1783926000,7131109.0,7131109.0,7131109.0,7131109.0,0.00270993
1783929600,7131109.0,7131109.0,7131109.0,7131109.0,0.0
1783933200,7131109.0,7131109.0,7131109.0,7131109.0,0.0
1783936800,7131109.0,7131109.0,7131109.0,7131109.0,0.0
1783940400,7131114.0,7264989.0,7131114.0,7264989.0,0.00543586
1783944000,7264989.0,7264989.0,7264989.0,7264989.0,0.0
1783947600,7264899.0,7264900.0,7264899.0,7264900.0,0.00807017
1783951200,7214282.0,7214282.0,7131104.0,7210922.0,0.00854319
1783954800,7210922.0,7210922.0,7210922.0,7210922.0,0.0
1783958400,7210922.0,7210922.0,7210922.0,7210922.0,0.0
1783962000,7189308.0,7189308.0,7189308.0,7189308.0,0.00347001
1783965600,7189308.0,7189308.0,7189308.0,7189308.0,0.0
1783969200,7189308.0,7189308.0,7189308.0,7189308.0,0.0
1783972800,7189308.0,7189308.0,7189308.0,7189308.0,0.0
1783976400,7198142.0,7198142.0,7198142.0,7198142.0,0.00138355
1783980000,7210695.0,7210695.0,7210695.0,7210695.0,0.00138114
1783983600,7201496.0,7201496.0,7201496.0,7201496.0,0.02765828
1783987200,7201496.0,7201496.0,7201496.0,7201496.0,0.0
1783990800,7193785.0,7193785.0,7193785.0,7193785.0,0.01214339
1783994400,7188941.0,7197624.0,7188941.0,7197624.0,0.55639628
1783998000,7197624.0,7197624.0,7197624.0,7197624.0,0.0
1784001600,7195352.0,7195352.0,7195352.0,7195352.0,0.00138408
1784005200,7131104.0,7131104.0,7126928.0,7126928.0,0.01690055
1784008800,7225659.0,7225659.0,7225659.0,7225659.0,0.00197047
1784012400,7222977.0,7222977.0,7222977.0,7222977.0,0.00406937
1784016000,7224495.0,7224495.0,7100008.0,7100008.0,0.00341318
1784019600,7100008.0,7100008.0,7100008.0,7100008.0,0.0
1784023200,7100008.0,7100008.0,7100008.0,7100008.0,0.0
1784026800,7100008.0,7100008.0,7100008.0,7100008.0,0.0
1784030400,7100008.0,7100008.0,7100008.0,7100008.0,0.0
1784034000,7100008.0,7100008.0,7100008.0,7100008.0,0.0
1784037600,7100008.0,7100008.0,7100008.0,7100008.0,0.0
1784041200,7200000.0,7200000.0,7200000.0,7200000.0,0.00697597
1784044800,7200000.0,7200000.0,7200000.0,7200000.0,0.0
1784048400,7100511.0,7199989.0,7100511.0,7100514.0,0.02217542
1784052000,7199976.0,7199976.0,7199976.0,7199976.0,0.00346487
1784055600,7199976.0,7199976.0,7199976.0,7199976.0,0.0
1784059200,7199976.0,7199976.0,7199976.0,7199976.0,0.0
1784062800,7199976.0,7199976.0,7199976.0,7199976.0,0.0
1784066400,7199976.0,7199976.0,7199976.0,7199976.0,0.0
1784070000,7199976.0,7199976.0,7199976.0,7199976.0,0.0
1784073600,7244681.0,7244681.0,7244681.0,7244681.0,0.02749341
1784077200,7244681.0,7244681.0,7244681.0,7244681.0,0.0
1784080800,7244681.0,7244681.0,7244681.0,7244681.0,0.0
1784084400,7122522.0,7122522.0,7122522.0,7122522.0,0.03597652
1784088000,7122522.0,7122522.0,7122522.0,7122522.0,0.0
1784091600,7231253.0,7231254.0,7231253.0,7231254.0,0.14978785
1784095200,7231254.0,7231254.0,7231254.0,7231254.0,0.0
1784098800,7231258.0,7231258.0,7231258.0,7231258.0,0.00137721
1784102400,7231258.0,7231258.0,7231258.0,7231258.0,0.00424199
1784106000,7231258.0,7231258.0,7231258.0,7231258.0,0.0
1784109600,7229996.0,7229996.0,7229996.0,7229996.0,0.00137745
1784113200,7230000.0,7230000.0,7229996.0,7229996.0,0.0095946
1784116800,7101017.0,7101017.0,7101016.0,7101016.0,0.01091492
1784120400,7101034.0,7229996.0,7101034.0,7101038.0,0.15874541
1784124000,7101046.0,7207158.0,7101046.0,7207158.0,0.02723549
1784127600,7207158.0,7207158.0,7207158.0,7207158.0,0.0
1784131200,7101040.0,7101040.0,7101040.0,7101040.0,0.00681769
1784134800,7169070.0,7169070.0,7169070.0,7169070.0,0.0034798
1784138400,7229988.0,7229988.0,7229988.0,7229988.0,0.0036574
1784142000,7229988.0,7229988.0,7229988.0,7229988.0,0.0
1784145600,7229988.0,7229988.0,7229988.0,7229988.0,0.0
1784149200,7229988.0,7229988.0,7229988.0,7229988.0,0.0
1784152800,7192609.0,7192609.0,7192609.0,7192609.0,0.00517072
1784156400,7192609.0,7192609.0,7192609.0,7192609.0,0.0
1784160000,7101044.0,7101044.0,7101044.0,7101044.0,0.03724036
1784163600,7101044.0,7101044.0,7101044.0,7101044.0,0.0
1784167200,7192086.0,7192086.0,7192086.0,7192086.0,0.00346867
1784170800,7192086.0,7192086.0,7192086.0,7192086.0,0.0
1784174400,7192086.0,7192086.0,7192086.0,7192086.0,0.0
1784178000,7183768.0,7185061.0,7100004.0,7100004.0,0.07638953
1784181600,7169354.0,7178662.0,7169354.0,7178662.0,0.01527837
1784185200,7155872.0,7155876.0,7155872.0,7155876.0,0.02783461
1784188800,7155876.0,7155876.0,7155876.0,7155876.0,0.0
1784192400,7156199.0,7156199.0,7156173.0,7156173.0,0.00487075
1784196000,7156173.0,7156173.0,7156173.0,7156173.0,0.0
1784199600,7129621.0,7129621.0,7100004.0,7100004.0,0.00696852
1784203200,7100004.0,7100004.0,7100004.0,7100004.0,0.0
1784206800,7100004.0,7100004.0,7066356.0,7066356.0,1.13267397
1784210400,7076562.0,7147025.0,6799191.0,6799308.0,0.03806944
1784214000,7115556.0,7120839.0,6799354.0,7120839.0,0.08201999
1784217600,7120839.0,7120839.0,7120839.0,7120839.0,0.0
1784221200,7063109.0,7063109.0,6799954.0,6799954.0,0.00561208
1784224800,7075953.0,7075953.0,7075953.0,7075953.0,0.00232929
1784228400,7075953.0,7080445.0,7075953.0,7080445.0,0.00141912
1784232000,7080445.0,7080445.0,7080445.0,7080445.0,0.0
1784235600,7080445.0,7080445.0,7080445.0,7080445.0,0.0
1784239200,7080445.0,7080445.0,7080445.0,7080445.0,0.0
1784242800,6800702.0,7052468.0,6800466.0,7052468.0,0.13150714
1784246400,7044258.0,7044263.0,7044258.0,7044263.0,0.01413774
1784250000,7044263.0,7044263.0,7044263.0,7044263.0,0.0
1784253600,7016709.0,7016710.0,6800987.0,6800987.0,0.1598847
1784257200,7020009.0,7031140.0,7020009.0,7031140.0,0.14328303
1784260800,6811166.0,6811166.0,6811166.0,6811166.0,0.00157201
1784264400,6982190.0,6982190.0,6979841.0,6979841.0,0.04423118
1784268000,6979841.0,6979841.0,6979841.0,6979841.0,0.0
1784271600,6979841.0,6979841.0,6979841.0,6979841.0,0.0
1784275200,6979841.0,6979841.0,6979841.0,6979841.0,0.0
1784278800,6811284.0,6982245.0,6811284.0,6982245.0,0.00404712
1784282400,6982245.0,6982245.0,6982245.0,6982245.0,0.0
1784286000,6972277.0,6972277.0,6958984.0,6958984.0,0.00524214
1784289600,6958984.0,6958984.0,6958984.0,6958984.0,0.0
1784293200,6958984.0,6958984.0,6958984.0,6958984.0,0.0
1784296800,6958984.0,6958984.0,6958984.0,6958984.0,0.0
1784300400,6958984.0,6958984.0,6958984.0,6958984.0,0.0
1784304000,6972368.0,6972368.0,6972368.0,6972368.0,0.00557271
1784307600,6811288.0,6811288.0,6811199.0,6811199.0,0.54488763
1784311200,6811203.0,6916205.0,6811203.0,6916205.0,0.00591026
1784314800,6916205.0,6916205.0,6916205.0,6916205.0,0.0
1784318400,6811203.0,6811203.0,6811203.0,6811203.0,0.00381377
1784322000,6811203.0,6811203.0,6811203.0,6811203.0,0.0
1784325600,6811203.0,6811203.0,6811203.0,6811203.0,0.01474365
1784329200,6811203.0,6811203.0,6811203.0,6811203.0,0.0
1784332800,6811203.0,6811203.0,6811203.0,6811203.0,0.0
1784336400,6900165.0,6900165.0,6900165.0,6900165.0,0.00922861
1784340000,6811207.0,6811207.0,6811207.0,6811207.0,0.00261105
1784343600,6930721.0,6930721.0,6930721.0,6930721.0,0.0082847
1784347200,6904772.0,6904772.0,6903146.0,6903146.0,0.0051787
1784350800,6902243.0,6902243.0,6902243.0,6902243.0,0.00505024
1784354400,6811212.0,7199987.0,6811208.0,6811213.0,0.18822059
1784358000,6888871.0,6894834.0,6888871.0,6894834.0,0.05446482
1784361600,7111957.0,7111957.0,6811223.0,6811223.0,0.00989331
1784365200,6811223.0,6811223.0,6811223.0,6811223.0,0.0
1784368800,6811218.0,6811218.0,6811218.0,6811218.0,0.01825091
1784372400,6811218.0,6811218.0,6811218.0,6811218.0,0.03621391
1784376000,6811218.0,6811218.0,6811218.0,6811218.0,0.0
1784379600,6891349.0,6891349.0,6811218.0,6811218.0,0.01252569
1784383200,6811218.0,6811218.0,6811218.0,6811218.0,0.0
1784386800,6902215.0,6902215.0,6902215.0,6902215.0,0.00178116
1784390400,6889775.0,6889775.0,6889775.0,6889775.0,0.00361361
1784394000,6901520.0,6901520.0,6901520.0,6901520.0,0.00216445
1784397600,6896280.0,6896280.0,6896280.0,6896280.0,0.00160985
1784401200,6896280.0,6896280.0,6896280.0,6896280.0,0.0
1784404800,6896280.0,6896280.0,6896280.0,6896280.0,0.0
1784408400,6896280.0,6896280.0,6896280.0,6896280.0,0.0
1784412000,6896280.0,6896280.0,6896280.0,6896280.0,0.0
1784415600,7199987.0,7199987.0,6811214.0,6811214.0,0.01545726
1784419200,6811214.0,6811214.0,6811214.0,6811214.0,0.0
1784422800,6898990.0,6898990.0,6811218.0,6811218.0,0.04254596
1784426400,6811218.0,6811218.0,6811218.0,6811218.0,0.0
1784430000,6811218.0,6811218.0,6811218.0,6811218.0,0.0
1784433600,6811218.0,6811218.0,6811218.0,6811218.0,0.0
1784437200,6897898.0,6897898.0,6811525.0,6897898.0,0.02504256
1784440800,6897885.0,6897885.0,6897876.0,6897876.0,0.0051997
1784444400,6811527.0,6811527.0,6811527.0,6811527.0,0.00362212
1784448000,6912181.0,6919587.0,6912181.0,6919587.0,0.00786899
1784451600,6919587.0,6919587.0,6919587.0,6919587.0,0.0
1784455200,6919587.0,6919587.0,6919587.0,6919587.0,0.0
1784458800,6811527.0,6811527.0,6811527.0,6811527.0,0.00520044
1784462400,6898626.0,6898626.0,6898626.0,6898626.0,0.00433086
1784466000,6811532.0,6903869.0,6810000.0,6903868.0,1.43885104
1784469600,6810004.0,6810004.0,6810004.0,6810004.0,0.01075505
1784473200,6905850.0,6905855.0,6905850.0,6905855.0,0.00506903
1784476800,6811007.0,6811007.0,6811007.0,6811007.0,0.0057102
1784480400,6811007.0,6811007.0,6811007.0,6811007.0,0.0
1784484000,6811008.0,6811008.0,6811008.0,6811008.0,0.00686403
1784487600,6895557.0,6895557.0,6895557.0,6895557.0,0.14418704
1784491200,6895557.0,6895557.0,6895557.0,6895557.0,0.0
1784494800,6895557.0,6895557.0,6895557.0,6895557.0,0.0
1784498400,6895557.0,6895557.0,6895557.0,6895557.0,0.0
1784502000,6817490.0,6817490.0,6817490.0,6817490.0,0.0053899
1784505600,6817110.0,6817110.0,6817110.0,6817110.0,0.00232929
1784509200,6817110.0,6817110.0,6817110.0,6817110.0,0.0
1784512800,6905488.0,6905488.0,6905488.0,6905488.0,0.00144218
1784516400,6905488.0,6905488.0,6905488.0,6905488.0,0.0
1784520000,6913953.0,6913953.0,6913953.0,6913953.0,0.01466122
1784523600,6913953.0,6913953.0,6913953.0,6913953.0,0.0
1784527200,6875626.0,6875626.0,6811008.0,6811008.0,0.0036209
1784530800,6811008.0,6811008.0,6811008.0,6811008.0,0.0
1784534400,6899899.0,6903559.0,6895931.0,6895931.0,0.05215846
1784538000,6901432.0,6901432.0,6901432.0,6901432.0,0.00216447
1784541600,6811012.0,6811012.0,6811012.0,6811012.0,0.01338646
1784545200,6811012.0,6811012.0,6811012.0,6811012.0,0.0
1784548800,6811012.0,6811012.0,6811012.0,6811012.0,0.0
1784552400,6860811.0,6860811.0,6800000.0,6800000.0,2.67350821
1784556000,6800000.0,6800000.0,6800000.0,6800000.0,0.0
1784559600,6722300.0,6722300.0,6722300.0,6722300.0,0.00148148
1784563200,6695588.0,6774181.0,6691354.0,6774181.0,0.75553255
1784566800,6739747.0,6739747.0,6704699.0,6704699.0,0.09656725
1784570400,6730441.0,6730441.0,6730441.0,6730441.0,0.00355117
1784574000,6612046.0,6712136.0,6612046.0,6712136.0,0.7462999
1784577600,6712136.0,6712136.0,6712136.0,6712136.0,0.0
1784581200,6692997.0,6692997.0,6692997.0,6692997.0,0.22319717
1784584800,6692997.0,6692997.0,6692997.0,6692997.0,0.0
1784588400,6692997.0,6692997.0,6692997.0,6692997.0,0.0
1784592000,6950682.0,6950682.0,6616488.0,6716257.0,0.02205697
1784595600,6709283.0,6950682.0,6618805.0,6648184.0,0.03842874
1784599200,6698466.0,6702907.0,6695309.0,6702907.0,0.01935999
1784602800,6950682.0,6950682.0,6950682.0,6950682.0,0.02263446
1784606400,6719937.0,6950682.0,6661201.0,6661201.0,0.04724628
1784610000,6729630.0,6729630.0,6671205.0,6671205.0,0.01298276
1784613600,6671205.0,6671205.0,6671205.0,6671205.0,0.0
1784617200,6719622.0,6950678.0,6661198.0,6661198.0,0.14364507
1784620800,6749128.0,6950682.0,6749128.0,6950682.0,0.04800834
1784624400,6742848.0,6748965.0,6701909.0,6701909.0,0.00558866
1784628000,6744048.0,6744048.0,6735909.0,6735909.0,0.56785875
1784631600,6935995.0,6935996.0,6662901.0,6662901.0,0.00963095
1784635200,6724659.0,6724659.0,6662903.0,6700665.0,0.015717
1784638800,6662902.0,6700953.0,6662902.0,6700953.0,0.01310578
1784642400,6902249.0,6921438.0,6901927.0,6921438.0,0.41713199
1784646000,6806547.0,6806547.0,6806547.0,6806547.0,0.00148148
1784649600,6806551.0,6935996.0,6605321.0,6935996.0,0.23489642
1784653200,6773742.0,6863469.0,6444444.0,6862802.0,0.42404687
1784656800,6862802.0,6862802.0,6862802.0,6862802.0,0.0
1784660400,6862802.0,6862802.0,6862802.0,6862802.0,0.0
1784664000,6862802.0,6862802.0,6862802.0,6862802.0,0.0
1784667600,6801111.0,6801111.0,6752630.0,6752630.0,0.06122862
1784671200,6752643.0,6752643.0,6752643.0,6752643.0,0.0275
1784674800,6752643.0,6752643.0,6752643.0,6752643.0,0.0
1784678400,6801107.0,6801107.0,6801107.0,6801107.0,0.00146432
1784682000,6801096.0,6801096.0,6801096.0,6801096.0,0.00146432
1784685600,6801096.0,6801096.0,6801096.0,6801096.0,0.01465778
1784689200,6801000.0,6801000.0,6801000.0,6801000.0,0.00383958
1784692800,6801097.0,6801111.0,6801097.0,6801111.0,0.05088441
1784696400,6801096.0,6801096.0,6700000.0,6700000.0,0.31728336
1784700000,6700000.0,6700000.0,6700000.0,6700000.0,0.0
1784703600,6931096.0,7179999.0,6798957.0,6798957.0,0.18611194
1784707200,6706388.0,6809981.0,6706388.0,6809981.0,0.19504521
1784710800,6705823.0,6837551.0,6705823.0,6834026.0,0.00798547
1784714400,6724696.0,6826188.0,6719443.0,6725191.0,0.01954256
1784718000,7179998.0,7179998.0,7179998.0,7179998.0,0.00319568
1784721600,7179998.0,7179998.0,7179998.0,7179998.0,0.0
1784725200,6766021.0,6777343.0,6715177.0,6728280.0,0.02726245
1784728800,6700000.0,6700000.0,6700000.0,6700000.0,0.01068397
1784732400,6700000.0,6700000.0,6700000.0,6700000.0,0.0
1784736000,6796949.0,6796949.0,6444506.0,6796949.0,0.41638859
1784739600,6796949.0,6796949.0,6444997.0,6689086.0,0.01528234
1784743200,6780604.0,6780604.0,6679811.0,6679811.0,0.00853899
1784746800,6774659.0,6774659.0,6774659.0,6774659.0,0.00147003
1784750400,6555555.0,6555555.0,6555555.0,6555555.0,0.14645547
1784754000,6547991.0,6547991.0,6444505.0,6444505.0,2.25217862
1784757600,6444505.0,6444505.0,6444505.0,6444505.0,0.0
1784761200,6444505.0,6444505.0,6444505.0,6444505.0,0.0
1784764800,6699097.0,6699097.0,6699097.0,6699097.0,0.00295263
1784768400,6414960.0,6506861.0,6403140.0,6403140.0,0.01014871
1784772000,6502210.0,6504398.0,6469239.0,6469239.0,0.03550818
1784775600,6469239.0,6469239.0,6469239.0,6469239.0,0.0
1784779200,6441540.0,6441540.0,6441540.0,6441540.0,0.05211277
1784782800,6441540.0,6441540.0,6441540.0,6441540.0,0.0
1784786400,6450000.0,6450000.0,6450000.0,6450000.0,0.00463209
1784790000,6449996.0,6449996.0,6410540.0,6449996.0,0.03444916
1784793600,6410540.0,6434112.0,6250000.0,6390596.0,3.69179436
1784797200,6309648.0,6309648.0,6309648.0,6309648.0,0.00744032
1784800800,6309648.0,6309648.0,6279761.0,6279761.0,0.01386707
1784804400,6343896.0,6449991.0,6250000.0,6317623.0,0.06407574
1784808000,6250001.0,6300029.0,6250000.0,6250000.0,0.23723208
1784811600,6250001.0,6445009.0,5982615.0,5982615.0,2.974605
1784815200,5882267.0,5940351.0,5794462.0,5877022.0,0.59153274
1784818800,5848117.0,6429981.0,5767926.0,6429954.0,0.27503271
1784822400,5918842.0,6429952.0,5769217.0,5841323.0,0.04135976
1784826000,5811556.0,5811556.0,5811556.0,5811556.0,0.0099999
1784829600,5811556.0,5834948.0,5780000.0,5780000.0,6.07947706
1784833200,5780000.0,5780000.0,5757701.0,5757701.0,0.10883287
1784836800,5757701.0,5757701.0,5757701.0,5757701.0,0.0
1784840400,5976323.0,5976323.0,5976323.0,5976323.0,0.04472652
1784844000,5883694.0,5883694.0,5883694.0,5883694.0,0.00169264
1784847600,5877126.0,5877126.0,5877126.0,5877126.0,0.14280296
1784851200,5976322.0,5976323.0,5976322.0,5976323.0,0.24996274
1784854800,5976323.0,6250000.0,5839544.0,5839544.0,3.10201456
1784858400,5839546.0,6000000.0,5802310.0,6000000.0,1.08075379
1784862000,5799544.0,5799544.0,5799544.0,5799544.0,0.00203143
1784865600,5823045.0,5823045.0,5799542.0,5799542.0,0.00783739
1784869200,5845798.0,6239874.0,5800910.0,5857001.0,2.97596096
1784872800,5857001.0,6239791.0,5857001.0,5857001.0,1.04223196
1784876400,6239667.0,6239667.0,5857002.0,5899633.0,0.01751208
1784880000,5919635.0,5919635.0,5919635.0,5919635.0,0.0394671
1784883600,5919635.0,5919635.0,5857002.0,5857002.0,0.00670692
1784887200,5857002.0,5857002.0,5857001.0,5857001.0,0.06578092
1784890800,5909614.0,5909614.0,5857001.0,5857001.0,0.09972401
1784894400,5879604.0,5919631.0,5856998.0,5919631.0,0.7619774
1784898000,5800914.0,6229004.0,5750000.0,5750000.0,4.50411622
1784901600,5750002.0,6228997.0,5546800.0,5546800.0,1.99165902
1784905200,5999681.0,5999681.0,5521944.0,5521944.0,0.33811467
1784908800,5599674.0,5999681.0,5599674.0,5999680.0,0.02445699
1784912400,5999672.0,5999673.0,5547983.0,5547983.0,0.0134622
1784916000,5999671.0,5999680.0,5999671.0,5999680.0,0.10630875
1784919600,5548112.0,5548112.0,5548068.0,5548068.0,0.01702524
1784923200,5548068.0,5548068.0,5548068.0,5548068.0,0.0
1784926800,5548068.0,5548068.0,5548068.0,5548068.0,0.0
1784930400,5999672.0,5999680.0,5578459.0,5578501.0,0.74002798
1784934000,5999679.0,5999680.0,5500019.0,5745849.0,0.7223731
1784937600,5745846.0,5745852.0,5745846.0,5745852.0,0.0215218
1784941200,5745851.0,5745851.0,5548761.0,5745851.0,0.02041367
1784944800,5645849.0,5745852.0,5645849.0,5745851.0,0.03180086
1784948400,5745851.0,5745854.0,5745851.0,5745854.0,0.03364304
1784952000,5552155.0,5999680.0,5552154.0,5999680.0,0.15713287
1784955600,5999679.0,5999679.0,5999679.0,5999679.0,0.01743009
1784959200,5999679.0,5999680.0,5555671.0,5999364.0,0.34691556
1784962800,5999376.0,5999376.0,5565837.0,5565837.0,0.01463052
1784966400,5565900.0,5699364.0,5565900.0,5699364.0,0.07311545
1784970000,5576213.0,5999370.0,5576213.0,5999370.0,0.06493283
1784973600,5578024.0,5578024.0,5578024.0,5578024.0,0.00654318
1784977200,5576283.0,5999360.0,5576283.0,5999329.0,0.01576607
1784980800,5999357.0,5999360.0,5576200.0,5576200.0,0.07046342
1784984400,5629355.0,5629355.0,5576200.0,5576200.0,0.0108913
1784988000,5899359.0,5999359.0,5899359.0,5999359.0,0.00624142
1784991600,5899350.0,5899357.0,5576196.0,5899357.0,0.0536434
1784995200,5899357.0,5999358.0,5899357.0,5999358.0,0.02997423
1784998800,5999358.0,5999358.0,5999358.0,5999358.0,0.0166001
1785002400,5836209.0,5836209.0,5576301.0,5576302.0,0.02695086
1785006000,5999357.0,5999357.0,5576325.0,5576325.0,0.00461448
1785009600,5576325.0,5576325.0,5576325.0,5576325.0,0.0
1785013200,5576325.0,5576325.0,5576325.0,5576325.0,0.0
1785016800,5576325.0,5576325.0,5576325.0,5576325.0,0.0
1785020400,5577646.0,5764986.0,5577646.0,5764986.0,0.04688691
1785024000,5834998.0,5864999.0,5834998.0,5864999.0,0.0421394
1785027600,5864999.0,5864999.0,5864999.0,5864999.0,0.02169565
1785031200,5864999.0,5864999.0,5864999.0,5864999.0,0.00169803
1785034800,5677699.0,5864999.0,5577695.0,5864999.0,0.02182265
1785038400,5864999.0,5864999.0,5864999.0,5864999.0,0.0
1785042000,5864999.0,5864999.0,5864999.0,5864999.0,0.00177067
1785045600,5899357.0,5999369.0,5697759.0,5697759.0,0.5219542
1785049200,5829346.0,5829346.0,5829346.0,5829346.0,0.02684423
1785052800,5827801.0,5827801.0,5697760.0,5697760.0,0.02393084
1785056400,5697760.0,5697760.0,5697760.0,5697760.0,0.0
1785060000,5697760.0,5697760.0,5697760.0,5697760.0,0.0
1785063600,5697760.0,5697760.0,5697760.0,5697760.0,0.0
1785067200,5827769.0,5827769.0,5697760.0,5697760.0,0.2282823
1785070800,5999361.0,5999361.0,5999361.0,5999361.0,0.00415827
1785074400,5827769.0,5999361.0,5612071.0,5999361.0,0.10753216
1785078000,5999361.0,5999361.0,5999361.0,5999361.0,0.0
1785081600,5999361.0,5999361.0,5999361.0,5999361.0,0.0
1785085200,5608351.0,5608351.0,5608351.0,5608351.0,0.00676869
1785088800,5608510.0,5608591.0,5608510.0,5608591.0,0.0127103
1785092400,5999292.0,5999292.0,5603890.0,5603890.0,0.59792927
1785096000,5650890.0,5650890.0,5650890.0,5650890.0,0.01676869
1785099600,5606467.0,5606467.0,5586466.0,5586466.0,0.03079074
1785103200,5707042.0,5707502.0,5687494.0,5707502.0,0.05091994
1785106800,5939993.0,5939993.0,5939988.0,5939989.0,0.01535659
1785110400,5776200.0,5939989.0,5576207.0,5576502.0,0.05214869
1785114000,5939982.0,5939982.0,5576217.0,5576217.0,0.05380084
1785117600,5939980.0,5939980.0,5939980.0,5939980.0,0.0033532
1785121200,5576238.0,5939939.0,5576238.0,5939932.0,0.04252809
1785124800,5576317.0,5576317.0,5576238.0,5576238.0,0.04714384
1785128400,5629988.0,5699990.0,5629988.0,5699990.0,0.049349
1785132000,5639993.0,5899990.0,5639993.0,5799890.0,0.01515547
1785135600,5799890.0,5799890.0,5799890.0,5799890.0,0.0
1785139200,5899899.0,5899899.0,5576244.0,5576244.0,0.16353158
1785142800,5696247.0,5696247.0,5576244.0,5576244.0,0.01185104
1785146400,5576244.0,5576244.0,5576244.0,5576244.0,0.0
1785150000,5686246.0,5899885.0,5576193.0,5899885.0,0.27643791
1785153600,5899880.0,5899880.0,5686202.0,5686202.0,0.00651023
1785157200,5686202.0,5849999.0,5686202.0,5686202.0,0.02263868
1785160800,5686202.0,5839999.0,5569202.0,5569202.0,1.49486823
1785164400,5839994.0,5839999.0,5550009.0,5839999.0,0.02926398
1785168000,5839999.0,5839999.0,5650119.0,5839999.0,0.01068061
1785171600,5839991.0,5839994.0,5555556.0,5839994.0,0.02615928
1785175200,5839990.0,5839990.0,5550000.0,5550000.0,1.41755881
1785178800,5550000.0,5550000.0,5550000.0,5550000.0,0.0
1785182400,5839988.0,5839988.0,5839988.0,5839988.0,0.00341062
1785186000,5609983.0,5659978.0,5609983.0,5659978.0,0.03384395
1785189600,5659978.0,5659978.0,5659978.0,5659978.0,0.0
1785193200,5655559.0,5655559.0,5555556.0,5555556.0,0.01706497
1785196800,5839989.0,5839989.0,5839989.0,5839989.0,0.18928151
1785200400,5839989.0,5839989.0,5839989.0,5839989.0,0.00221678
1785204000,5655559.0,5655559.0,5555555.0,5555555.0,0.24996274
1785207600,5839986.0,5839987.0,5555555.0,5555555.0,0.03051613
1785211200,5555648.0,5799993.0,5555648.0,5799993.0,0.01853899
1785214800,5799993.0,5799993.0,5799993.0,5799993.0,0.0
1785218400,5799993.0,5799993.0,5500000.0,5799992.0,1.63384497
1785222000,5799992.0,5799992.0,5799992.0,5799992.0,0.0
1785225600,5799992.0,5799992.0,5799992.0,5799992.0,0.0
1785229200,5749998.0,5749998.0,5600005.0,5600005.0,0.00518107
1785232800,5749998.0,5749999.0,5749998.0,5749999.0,0.02379374
1785236400,5600509.0,5749999.0,5500501.0,5749999.0,0.38070709
1785240000,5749998.0,5749998.0,5749998.0,5749998.0,0.0401793
1785243600,5603000.0,5749998.0,5600509.0,5749998.0,0.01817861
1785247200,5600509.0,5749993.0,5000000.0,5499999.0,8.69457858
1785250800,5400027.0,5749975.0,5400027.0,5628900.0,0.22458221
1785254400,5628900.0,5628900.0,5628900.0,5628900.0,0.0
1785258000,5628900.0,5748906.0,5400000.0,5500000.0,3.04274952
1785261600,5500000.0,5500000.0,5461063.0,5500000.0,0.35834615
1785265200,5500000.0,5500000.0,5500000.0,5500000.0,0.17407066
1785268800,5500000.0,5500000.0,5500000.0,5500000.0,0.23310051
1785272400,5471577.0,5699604.0,5471570.0,5699604.0,0.05192657
1785276000,5571576.0,5571576.0,5400027.0,5400060.0,0.34486648
1785279600,5519252.0,5697200.0,5517184.0,5697200.0,0.15971362
1785283200,5401338.0,5401338.0,5401338.0,5401338.0,0.01460358
1785286800,5401338.0,5401338.0,5401338.0,5401338.0,0.0
1785290400,5595656.0,5597195.0,5595656.0,5597076.0,0.52750912
1785294000,5597076.0,5597076.0,5597076.0,5597076.0,0.0
1785297600,5596725.0,5596725.0,5476626.0,5486584.0,0.1303511
1785301200,5455572.0,5455572.0,5400092.0,5400092.0,0.05808987
1785304800,5400062.0,5695090.0,5400062.0,5695090.0,0.35865365
1785308400,5485050.0,5694048.0,5485050.0,5533026.0,0.06281045
1785312000,5523021.0,5694085.0,5421605.0,5694085.0,0.23156032
1785315600,5524085.0,5694085.0,5401913.0,5401913.0,0.02038684
1785319200,5402119.0,5591985.0,5402119.0,5402365.0,0.02915255
1785322800,5691885.0,5691886.0,5691885.0,5691886.0,0.03076765
1785326400,5542536.0,5542536.0,5542536.0,5542536.0,0.004501
1785330000,5539006.0,5619945.0,5539006.0,5619535.0,0.11548908
1785333600,5512544.0,5512544.0,5512544.0,5512544.0,0.004074
1785337200,5400562.0,5400562.0,5400562.0,5400562.0,0.01541052
1785340800,5400562.0,5400562.0,5400562.0,5400562.0,0.0
1785344400,5478901.0,5478901.0,5478901.0,5478901.0,0.04407617
1785348000,5469094.0,5619094.0,5469094.0,5619094.0,0.01772199
1785351600,5619094.0,5619095.0,5619094.0,5619095.0,0.02658524
1785355200,5619095.0,5619095.0,5619095.0,5619095.0,0.0
1785358800,5400074.0,5400074.0,5400000.0,5400000.0,0.52497511
1785362400,5400004.0,5400004.0,5400002.0,5400002.0,0.21928805
1785366000,5400000.0,5619090.0,5400000.0,5619075.0,1.79605045
1785369600,5618811.0,5618811.0,5618685.0,5618685.0,0.03336829
1785373200,5618606.0,5618613.0,5618599.0,5618599.0,0.07947095
1785376800,5250641.0,5618312.0,5250640.0,5618184.0,0.06374822
1785380400,5617964.0,5617964.0,5250026.0,5310529.0,0.24877521
1785384000,5399039.0,5399039.0,5350535.0,5350535.0,0.00658751
1785387600,5330527.0,5330527.0,5330527.0,5330527.0,0.00289811
1785391200,5339016.0,5339016.0,5339016.0,5339016.0,0.00186532
1785394800,5339012.0,5599999.0,5250929.0,5250929.0,2.13024313
1785398400,5358078.0,5598084.0,5253962.0,5253962.0,0.18853875
1785402000,5253964.0,5597069.0,5253962.0,5597069.0,0.10110301
1785405600,5597079.0,5597493.0,5416983.0,5416983.0,0.13402081
1785409200,5416394.0,5596396.0,5416394.0,5596396.0,0.07293584
1785412800,5595331.0,5595331.0,5425330.0,5595331.0,0.01554976
1785416400,5594449.0,5595189.0,5254099.0,5594448.0,0.22721225
1785420000,5444129.0,5594087.0,5310504.0,5310510.0,0.07418143
1785423600,5480511.0,5589597.0,5310510.0,5310510.0,0.02366439
1785427200,5549534.0,5549534.0,5549534.0,5549534.0,0.01794565
1785430800,5549525.0,5549525.0,5549524.0,5549524.0,0.00697897
1785434400,5470516.0,5470516.0,5470516.0,5470516.0,0.00306711
1785438000,5470516.0,5590000.0,5310515.0,5590000.0,1.86213292
1785441600,5590000.0,5590000.0,5590000.0,5590000.0,0.0
1785445200,5590000.0,5590000.0,5590000.0,5590000.0,0.0
1785448800,5589996.0,5589996.0,5589992.0,5589996.0,0.269402
1785452400,5311082.0,5589981.0,5310596.0,5310596.0,0.03500818
1785456000,5589942.0,5589942.0,5589942.0,5589942.0,0.00178159
1785459600,5589932.0,5600000.0,5589932.0,5600000.0,3.9516391
1785463200,5600000.0,5749206.0,5600000.0,5749195.0,0.00365114
1785466800,5530648.0,5530648.0,5530536.0,5530536.0,0.06411635
1785470400,5744924.0,5744925.0,5744924.0,5744925.0,0.17335387
1785474000,5740407.0,5740407.0,5530998.0,5530998.0,0.01197572
1785477600,5740263.0,5740263.0,5530850.0,5739902.0,0.05838137
1785481200,5739902.0,5739902.0,5739902.0,5739902.0,0.0
1785484800,5670959.0,5670959.0,5670959.0,5670959.0,0.00449677
1785488400,5735595.0,5735595.0,5530958.0,5530995.0,0.14885434
1785492000,5530995.0,5530995.0,5530995.0,5530995.0,0.0
1785495600,5583223.0,5583223.0,5583223.0,5583223.0,0.01209391
1785499200,5630005.0,5630005.0,5630005.0,5630005.0,0.00208354
1785502800,5630005.0,5732000.0,5530530.0,5732000.0,0.34407458
1785506400,5530530.0,5719654.0,5250000.0,5719654.0,1.88060624
1785510000,5253095.0,5513190.0,5253095.0,5307633.0,0.08210836
1785513600,5500000.0,5500000.0,5500000.0,5500000.0,1.00634653
1785517200,5500000.0,5500000.0,5500000.0,5500000.0,0.63223045
1785520800,5709506.0,5709506.0,5251495.0,5251495.0,0.00645394
1785524400,5709220.0,5709220.0,5709220.0,5709220.0,0.00229681
1785528000,5708976.0,5708977.0,5708717.0,5708717.0,0.04775768
1785531600,5708717.0,5708717.0,5708717.0,5708717.0,0.0
1785535200,5708717.0,5708717.0,5708717.0,5708717.0,0.0
1785538800,5707490.0,5707490.0,5699658.0,5699658.0,0.02088527
1785542400,5500092.0,5699554.0,5500092.0,5500092.0,0.00865375
1785546000,5500092.0,5500092.0,5500092.0,5500092.0,0.03581826
1785549600,5500092.0,5698373.0,5253002.0,5298062.0,0.13309117
1785553200,5310940.0,5696171.0,5310918.0,5696171.0,0.12012078
1785556800,5696171.0,5696171.0,5696171.0,5696171.0,0.0
1785560400,5312007.0,5679001.0,5312007.0,5679001.0,0.03103469
1785564000,5549000.0,5679001.0,5311961.0,5357992.0,0.13501125
1785567600,5547998.0,5678481.0,5312070.0,5677001.0,0.20768103
1785571200,5546000.0,5678739.0,5311991.0,5546998.0,0.19463347
1785574800,5527986.0,5527988.0,5527986.0,5527988.0,0.01080936
1785578400,5527988.0,5678000.0,5527005.0,5527005.0,0.00831161
1785582000,5527005.0,5527005.0,5312866.0,5527002.0,0.00749262
1785585600,5313478.0,5527002.0,5313478.0,5527002.0,0.01104973
1785589200,5527002.0,5527002.0,5527002.0,5527002.0,0.0
1785592800,5313388.0,5672996.0,5313388.0,5672996.0,0.03182031
1785596400,5372986.0,5672996.0,5372986.0,5672996.0,0.04064963
1785600000,5502995.0,5502995.0,5313432.0,5313432.0,0.00873345
1785603600,5313522.0,5313522.0,5313522.0,5313522.0,0.00346452
1785607200,5313587.0,5313627.0,5313587.0,5313626.0,0.01727114
1785610800,5502994.0,5671490.0,5502994.0,5671490.0,0.0350039
1785614400,5671153.0,5671153.0,5671153.0,5671153.0,0.00833957
1785618000,5671153.0,5671153.0,5671153.0,5671153.0,0.0
1785621600,5670338.0,5670338.0,5313506.0,5313506.0,0.04729822
1785625200,5369002.0,5509004.0,5369002.0,5509004.0,0.03846427
1785628800,5509004.0,5509004.0,5509004.0,5509004.0,0.0
1785632400,5313513.0,5313513.0,5313513.0,5313513.0,0.01196451
1785636000,5379002.0,5379004.0,5379002.0,5379004.0,0.0371575
1785639600,5314055.0,5529005.0,5314055.0,5529005.0,0.0236158
1785643200,5399003.0,5399003.0,5313607.0,5313607.0,0.0191283
1785646800,5313607.0,5313607.0,5313607.0,5313607.0,0.0
1785650400,5313607.0,5313607.0,5313607.0,5313607.0,0.0
1785654000,5540005.0,5668550.0,5540005.0,5668550.0,0.27321003
1785657600,5668550.0,5668550.0,5668550.0,5668550.0,0.0
1785661200,5315451.0,5387999.0,5315451.0,5387999.0,0.01667364
1785664800,5350009.0,5387999.0,5350009.0,5387999.0,0.00312901
1785668400,5387999.0,5387999.0,5387999.0,5387999.0,0.0
1785672000,5568001.0,5568001.0,5568001.0,5568001.0,0.00382704
1785675600,5490002.0,5490002.0,5490002.0,5490002.0,0.00454407
1785679200,5568001.0,5568001.0,5350486.0,5568001.0,0.03224916
1785682800,5568001.0,5568001.0,5568001.0,5568001.0,0.0
1785686400,5568001.0,5568001.0,5351379.0,5351406.0,0.02581898
1785690000,5567997.0,5567997.0,5567997.0,5567997.0,0.00178861
1785693600,5351585.0,5351585.0,5351061.0,5351061.0,0.14418704
1785697200,5351061.0,5351061.0,5351061.0,5351061.0,0.0
1785700800,5351061.0,5351061.0,5351061.0,5351061.0,0.0
1785704400,5351287.0,5351287.0,5351287.0,5351287.0,0.00439395
1785708000,5568000.0,5568002.0,5417999.0,5418000.0,0.06516992
1785711600,5568001.0,5568002.0,5568001.0,5568002.0,0.18077314
1785715200,5351997.0,5427998.0,5351958.0,5427998.0,0.14422399
1785718800,5568000.0,5568002.0,5568000.0,5568002.0,0.02085847
1785722400,5568002.0,5568002.0,5352297.0,5352297.0,0.00461935
1785726000,5568001.0,5568002.0,5568001.0,5568002.0,0.00503861
1785729600,5568002.0,5568002.0,5568002.0,5568002.0,0.0
1785733200,5352229.0,5352229.0,5352229.0,5352229.0,0.00756807
1785736800,5352425.0,5437999.0,5351974.0,5351974.0,0.05892273
1785740400,5351974.0,5351974.0,5351974.0,5351974.0,0.02831422
1785744000,5351974.0,5351974.0,5351974.0,5351974.0,0.00503832
1785747600,5437999.0,5668003.0,5437999.0,5668003.0,0.04403433
1785751200,5567997.0,5637980.0,5567997.0,5619759.0,2.87600603
1785754800,5615464.0,5617975.0,5351799.0,5591488.0,1.64360734
1785758400,5580037.0,5651199.0,5580037.0,5650592.0,1.06433155
1785762000,5650080.0,5731999.0,5605802.0,5731999.0,1.86875929
1785765600,5732000.0,5750000.0,5692224.0,5750000.0,2.83242735
1785769200,5839087.0,5839087.0,5795287.0,5839087.0,0.01163979
1785772800,5690606.0,5839087.0,5590593.0,5744829.0,0.11639754
1785776400,5739064.0,5838999.0,5739064.0,5778467.0,0.17050287
1785780000,5778467.0,5778467.0,5778467.0,5778467.0,0.0
1785783600,5778467.0,5778467.0,5778467.0,5778467.0,0.0
1785787200,5778467.0,5778467.0,5778467.0,5778467.0,0.0
1785790800,5820288.0,5820288.0,5500000.0,5500000.0,1.55724782
1785794400,5757530.0,5819032.0,5757530.0,5819028.0,0.17996221
1785798000,5707354.0,5707354.0,5707354.0,5707354.0,0.00188244
1785801600,5766934.0,5766934.0,5762989.0,5762989.0,0.55510165
1785805200,5750000.0,5760850.0,5750000.0,5760850.0,0.18449728
1785808800,5790090.0,5791802.0,5790090.0,5791802.0,0.01136545
1785812400,5792694.0,5807997.0,5792694.0,5797944.0,0.10828352
1785816000,5808001.0,5819028.0,5500002.0,5819028.0,0.89109245
1785819600,5819024.0,5839099.0,5819000.0,5839099.0,0.13549302
1785823200,5830916.0,5830916.0,5814598.0,5814598.0,0.03953592
1785826800,5818003.0,5904030.0,5818003.0,5847612.0,0.39288677
1785830400,5835280.0,5900043.0,5831068.0,5898651.0,0.4709567
1785834000,5828625.0,5854538.0,5796746.0,5799303.0,0.03419451
1785837600,5854538.0,5854538.0,5790571.0,5790571.0,0.00903627
1785841200,5812493.0,5822493.0,5810537.0,5810537.0,0.02864759
1785844800,5808180.0,5822489.0,5808180.0,5822489.0,0.20003703
1785848400,5812489.0,5822489.0,5500010.0,5759016.0,0.03695007
1785852000,5765338.0,5859218.0,5500009.0,5859218.0,1.99346806
1785855600,5790087.0,5842397.0,5550001.0,5550001.0,0.03238619
1785859200,5792397.0,5803436.0,5792397.0,5803436.0,0.00652549
1785862800,5815933.0,5855937.0,5815933.0,5855937.0,0.01125012
1785866400,5809273.0,5856562.0,5809273.0,5856562.0,0.00786239
1785870000,5896536.0,5896536.0,5896536.0,5896536.0,0.02473469
1785873600,5896536.0,5896536.0,5896536.0,5896536.0,0.0
1785877200,5878656.0,5878656.0,5878656.0,5878656.0,0.00423515
1785880800,5878656.0,5878656.0,5878656.0,5878656.0,0.0
1785884400,5878656.0,5878656.0,5878656.0,5878656.0,0.0
1785888000,5895347.0,5895347.0,5895347.0,5895347.0,0.01692673
1785891600,5854164.0,5854164.0,5807687.0,5807687.0,0.07053599
1785895200,5500014.0,5824152.0,5500014.0,5806505.0,0.03474045
1785898800,5814148.0,5874159.0,5770018.0,5770018.0,0.01164645
1785902400,5780018.0,5834148.0,5500016.0,5824144.0,0.01103421
1785906000,5824144.0,5824144.0,5824144.0,5824144.0,0.0
1785909600,5849998.0,5889999.0,5832825.0,5846816.0,0.02804329
1785913200,5839058.0,5889996.0,5550105.0,5889996.0,0.16865655
1785916800,5859583.0,5859924.0,5792655.0,5859924.0,0.12682089
1785920400,5859924.0,5859924.0,5859924.0,5859924.0,0.0
1785924000,5859924.0,5859924.0,5859924.0,5859924.0,0.0
1785927600,5859924.0,5859924.0,5859924.0,5859924.0,0.0
1785931200,5859924.0,5859924.0,5859924.0,5859924.0,0.0
1785934800,5774244.0,5774244.0,5774244.0,5774244.0,0.00444439
1785938400,5774244.0,5774244.0,5774244.0,5774244.0,0.0
1785942000,5734999.0,5760043.0,5734995.0,5760043.0,0.03104571
1785945600,5750043.0,5811209.0,5735771.0,5735771.0,0.01685262
1785949200,5783211.0,5783211.0,5783211.0,5783211.0,0.01722053
1785952800,5716595.0,5716595.0,5716595.0,5716595.0,0.01692673
1785956400,5763203.0,5763203.0,5763203.0,5763203.0,0.00172803
1785960000,5763203.0,5763203.0,5763203.0,5763203.0,0.0
1785963600,5763203.0,5763203.0,5763203.0,5763203.0,0.0
1785967200,5750340.0,5750340.0,5750340.0,5750340.0,0.04203421
1785970800,5700022.0,5700022.0,5555550.0,5555550.0,0.00679068
1785974400,5555550.0,5555550.0,5555550.0,5555550.0,0.0
1785978000,5730331.0,5730331.0,5730331.0,5730331.0,0.01738747
1785981600,5730331.0,5730331.0,5730331.0,5730331.0,0.02070997
1785985200,5730331.0,5730331.0,5729803.0,5729803.0,0.08250817
1785988800,5729803.0,5729803.0,5729803.0,5729803.0,0.0
1785992400,5729803.0,5729803.0,5729803.0,5729803.0,0.0
1785996000,5750729.0,5750729.0,5750729.0,5750729.0,0.00389498
1785999600,5740725.0,5797671.0,5740725.0,5797671.0,0.04303378
1786003200,5740631.0,5760631.0,5731234.0,5740631.0,0.01636547
1786006800,5740631.0,5790627.0,5740631.0,5790571.0,0.03619639
1786010400,5750623.0,5750623.0,5750623.0,5750623.0,0.00246755
1786014000,5721853.0,5800000.0,5721853.0,5800000.0,0.05076709
1786017600,5740991.0,5740991.0,5740991.0,5740991.0,0.00173471
1786021200,5700168.0,5700168.0,5632091.0,5690987.0,0.14307142
1786024800,5555997.0,5556009.0,5555997.0,5556009.0,0.01245788
1786028400,5746003.0,5746004.0,5707953.0,5728887.0,0.03506679
1786032000,5688867.0,5688867.0,5688867.0,5688867.0,0.04248842
1786035600,5688867.0,5688867.0,5688867.0,5688867.0,0.0
1786039200,5556004.0,5677640.0,5556004.0,5677640.0,0.01158677
1786042800,5685408.0,5685408.0,5685408.0,5685408.0,0.00511572
1786046400,5685408.0,5685408.0,5685408.0,5685408.0,0.0
1786050000,5685408.0,5685408.0,5685408.0,5685408.0,0.0
1786053600,5685408.0,5685408.0,5685408.0,5685408.0,0.0
1786057200,5685408.0,5685408.0,5685408.0,5685408.0,0.0
1786060800,5777248.0,5777248.0,5556002.0,5700635.0,0.08292206
1786064400,5700635.0,5700635.0,5700635.0,5700635.0,0.0
1786068000,5714775.0,5748264.0,5714399.0,5748264.0,0.0647987
1786071600,5748264.0,5748264.0,5748264.0,5748264.0,0.0
1786075200,5710086.0,5710086.0,5710086.0,5710086.0,0.00258332
1786078800,5710086.0,5710086.0,5710086.0,5710086.0,0.0
1786082400,5710086.0,5783251.0,5710086.0,5783251.0,0.0431945
1786086000,5783251.0,5783251.0,5783251.0,5783251.0,0.0
1786089600,5711880.0,5711880.0,5711880.0,5711880.0,0.02072102
1786093200,5710454.0,5710454.0,5710454.0,5710454.0,0.00586748
1786096800,5702651.0,5773251.0,5702651.0,5773251.0,0.02479644
1786100400,5704865.0,5704865.0,5704865.0,5704865.0,0.0029673
1786104000,5704865.0,5704865.0,5704865.0,5704865.0,0.0
1786107600,5713247.0,5778250.0,5690221.0,5778250.0,0.2084899
1786111200,5766912.0,5781277.0,5751277.0,5781277.0,0.05866806
1786114800,5925531.0,5947555.0,5865808.0,5947555.0,0.01213382
1786118400,5832361.0,5832445.0,5556125.0,5790014.0,1.04731036
1786122000,5790014.0,5790014.0,5790014.0,5790014.0,0.0
1786125600,5874566.0,5874566.0,5874566.0,5874566.0,0.00189886
1786129200,5878833.0,5878833.0,5878833.0,5878833.0,0.00424403
1786132800,5878833.0,5878833.0,5878833.0,5878833.0,0.0
1786136400,5878833.0,5878833.0,5878833.0,5878833.0,0.0
1786140000,5878833.0,5878833.0,5878833.0,5878833.0,0.0
1786143600,5802475.0,5890150.0,5802475.0,5890150.0,0.02277423
1786147200,5900912.0,5900912.0,5806357.0,5806357.0,0.05387452
1786150800,5556321.0,5886621.0,5556320.0,5886621.0,0.05980068
1786154400,5886617.0,5900141.0,5864467.0,5900141.0,0.02689743
1786158000,5556336.0,5900126.0,5556336.0,5900126.0,0.01096472
1786161600,5822782.0,5830062.0,5822782.0,5830062.0,0.01190649
1786165200,5830062.0,5830062.0,5830062.0,5830062.0,0.0
1786168800,5807240.0,5807240.0,5807240.0,5807240.0,0.00476129
1786172400,5811302.0,5830042.0,5811302.0,5830042.0,0.00595225
1786176000,5815368.0,5815368.0,5815368.0,5815368.0,0.00588451
1786179600,5815368.0,5815368.0,5815368.0,5815368.0,0.0
1786183200,5815368.0,5815368.0,5815368.0,5815368.0,0.0
1786186800,5822786.0,5822786.0,5815368.0,5815368.0,0.05546489
1786190400,5830038.0,5841679.0,5830038.0,5841679.0,0.00471358
1786194000,5841679.0,5841679.0,5841679.0,5841679.0,0.0
1786197600,5841679.0,5841679.0,5841679.0,5841679.0,0.0
1786201200,5841679.0,5906564.0,5841679.0,5906564.0,0.02108025
1786204800,5906564.0,5906564.0,5906564.0,5906564.0,0.0
1786208400,5856560.0,5856560.0,5843800.0,5843800.0,0.00428544
1786212000,5928084.0,5928084.0,5928084.0,5928084.0,0.00235185
1786215600,5928069.0,5928069.0,5863452.0,5892750.0,0.04796791
1786219200,5927514.0,5927514.0,5854221.0,5854221.0,0.00591528
1786222800,5854221.0,5854221.0,5854221.0,5854221.0,0.0
1786226400,5836359.0,5836359.0,5556354.0,5556354.0,0.01242677
1786230000,5556354.0,5556354.0,5556354.0,5556354.0,0.0
1786233600,5876077.0,5876077.0,5876077.0,5876077.0,0.00285173
1786237200,5881837.0,5881837.0,5881837.0,5881837.0,0.03329844
1786240800,5866761.0,5866761.0,5866761.0,5866761.0,0.15173041
1786244400,5864288.0,5864288.0,5862698.0,5862698.0,0.12122771
1786248000,5881841.0,5940929.0,5881841.0,5940929.0,0.00797006
1786251600,5880658.0,5880658.0,5880658.0,5880658.0,0.0033304
1786255200,5880658.0,5880658.0,5852631.0,5852631.0,0.11994128
1786258800,5849628.0,5866407.0,5849628.0,5866231.0,0.30934125
1786262400,5863935.0,5863935.0,5844330.0,5844330.0,0.30331615
1786266000,5844330.0,5844330.0,5844330.0,5844330.0,0.0
1786269600,5844330.0,5844330.0,5844330.0,5844330.0,0.0
1786273200,5880658.0,5880658.0,5836559.0,5836559.0,0.00399032
1786276800,5833026.0,5833026.0,5828787.0,5828787.0,0.04433322
1786280400,5880658.0,5880658.0,5880658.0,5880658.0,0.01708384
1786284000,5900008.0,5900008.0,5880658.0,5880658.0,0.01565297
1786287600,5847156.0,5900008.0,5847156.0,5847156.0,0.01165683
1786291200,5900008.0,5906000.0,5854221.0,5906000.0,0.25591794
1786294800,5851041.0,5906000.0,5851041.0,5855280.0,0.1410342
1786298400,5906000.0,5906000.0,5906000.0,5906000.0,0.00168625
1786302000,5861992.0,5906000.0,5859343.0,5906000.0,0.04825488
1786305600,5906000.0,5906000.0,5906000.0,5906000.0,0.0
1786309200,5906000.0,5906000.0,5906000.0,5906000.0,0.0
1786312800,5906000.0,5906000.0,5906000.0,5906000.0,0.0
1786316400,5831441.0,5900956.0,5831441.0,5900956.0,0.03942494
1786320000,5900956.0,5904465.0,5900956.0,5904465.0,0.00255152
1786323600,5904316.0,5904465.0,5904262.0,5904262.0,0.02431011
1786327200,5904262.0,5904262.0,5904262.0,5904262.0,0.0
1786330800,5902465.0,5902465.0,5902465.0,5902465.0,0.00168726
1786334400,5902465.0,5905981.0,5902465.0,5905927.0,0.51567517
1786338000,5905980.0,5905980.0,5905980.0,5905980.0,0.00691367
1786341600,5905958.0,5905981.0,5905958.0,5905981.0,0.50660976
1786345200,5856450.0,5905080.0,5851022.0,5851022.0,0.01541075
1786348800,5851022.0,5851022.0,5851022.0,5851022.0,0.0
1786352400,5905080.0,5905080.0,5905080.0,5905080.0,0.01926067
1786356000,5905080.0,5905080.0,5905080.0,5905080.0,0.0
1786359600,5904477.0,5904477.0,5904477.0,5904477.0,0.00269863
1786363200,5904477.0,5904477.0,5904477.0,5904477.0,0.0
1786366800,5904477.0,5904477.0,5904477.0,5904477.0,0.0
1786370400,5904077.0,5904077.0,5820145.0,5820145.0,0.0050172
1786374000,5820145.0,5820145.0,5820145.0,5820145.0,0.0
1786377600,5820145.0,5820145.0,5820145.0,5820145.0,0.0
1786381200,5820145.0,5820145.0,5820145.0,5820145.0,0.0
1786384800,5893825.0,5893825.0,5893825.0,5893825.0,0.00627029
1786388400,5823917.0,5823917.0,5823917.0,5823917.0,0.43019554
1786392000,5823917.0,5823917.0,5823917.0,5823917.0,0.0
1786395600,5904072.0,5906000.0,5904072.0,5906000.0,0.04551758
1786399200,5906000.0,5906000.0,5906000.0,5906000.0,0.02581984
1786402800,5906000.0,5906000.0,5906000.0,5906000.0,0.0
1786406400,5906000.0,5906000.0,5906000.0,5906000.0,0.0
1786410000,5906000.0,5906000.0,5906000.0,5906000.0,0.01189502
1786413600,5906000.0,5999099.0,5855433.0,5855433.0,0.10329673
1786417200,5861518.0,5953900.0,5861518.0,5953900.0,0.0135677
1786420800,5953900.0,5953900.0,5953900.0,5953900.0,0.00606795
1786424400,5953900.0,5953900.0,5953900.0,5953900.0,0.0
1786428000,5953900.0,5953900.0,5953900.0,5953900.0,0.00167268
1786431600,5953900.0,5953900.0,5953900.0,5953900.0,0.0
1786435200,5875861.0,5959991.0,5865861.0,5959991.0,0.47025529
1786438800,5876334.0,5879589.0,5876334.0,5879589.0,0.0129225
1786442400,5959098.0,5968542.0,5959098.0,5968542.0,0.00835475
1786446000,5978424.0,5999099.0,5882038.0,5882038.0,0.11848028
1786449600,5882038.0,5882038.0,5882038.0,5882038.0,0.00365533
1786453200,5999999.0,5999999.0,5999999.0,5999999.0,0.00165983
1786456800,5999999.0,6000000.0,5880035.0,5880035.0,0.05878112
1786460400,5999999.0,5999999.0,5920036.0,5999999.0,0.02197576
1786464000,5999999.0,5999999.0,5920036.0,5999999.0,0.01022482
1786467600,5999999.0,5999999.0,5999999.0,5999999.0,0.003766
1786471200,5999999.0,5999999.0,5880035.0,5880035.0,0.05479466
1786474800,5999999.0,6000000.0,5880035.0,5880035.0,0.07362211
1786478400,5880035.0,5880035.0,5880035.0,5880035.0,0.0
1786482000,6000000.0,6000000.0,6000000.0,6000000.0,0.001797
1786485600,5880039.0,5999995.0,5500000.0,5999995.0,0.86133122
1786489200,5999995.0,5999995.0,5999995.0,5999995.0,0.0
1786492800,5899979.0,5899979.0,5899979.0,5899979.0,0.04121162
1786496400,5909981.0,5909981.0,5903617.0,5903617.0,0.21488607
1786500000,5999997.0,5999997.0,5999997.0,5999997.0,0.0081145
1786503600,5939984.0,5939984.0,5939984.0,5939984.0,0.01664869
1786507200,5890005.0,5890005.0,5570001.0,5570001.0,0.01664869
1786510800,5919984.0,5979996.0,5919984.0,5979996.0,0.01478068
1786514400,5912678.0,5912678.0,5912678.0,5912678.0,0.02199301
1786518000,5912643.0,5912643.0,5912622.0,5912622.0,0.17546557
1786521600,5912622.0,5912622.0,5912622.0,5912622.0,0.0
1786525200,5935618.0,5935618.0,5935600.0,5935600.0,0.08985837
1786528800,5925614.0,5925614.0,5924405.0,5924405.0,0.8720556
1786532400,5979992.0,5999991.0,5979992.0,5999987.0,0.10656312
1786536000,5992038.0,5992038.0,5992038.0,5992038.0,0.00432039
1786539600,5930004.0,5930004.0,5580003.0,5580003.0,0.01389078
1786543200,5580003.0,5999987.0,5580003.0,5809983.0,0.30332564
1786546800,5793096.0,5799995.0,5580902.0,5799995.0,0.02052383
1786550400,5820005.0,5859991.0,5820005.0,5859991.0,0.05643637
1786554000,5890554.0,5890554.0,5890554.0,5890554.0,0.00498781
1786557600,5890554.0,5890554.0,5890554.0,5890554.0,0.0
1786561200,5890554.0,5890554.0,5890554.0,5890554.0,0.0
1786564800,5890554.0,5890554.0,5890554.0,5890554.0,0.0
1786568400,5890554.0,5890554.0,5890554.0,5890554.0,0.0
1786572000,5895139.0,5895139.0,5895139.0,5895139.0,0.00760202
1786575600,5830002.0,5830002.0,5830002.0,5830002.0,0.00740112
1786579200,5888401.0,5888401.0,5810024.0,5810473.0,0.02337321
1786582800,5810473.0,5810473.0,5810473.0,5810473.0,0.0
1786586400,5810473.0,5810473.0,5810473.0,5810473.0,0.0
1786590000,5888825.0,5999996.0,5888825.0,5910166.0,0.03534501
1786593600,5837239.0,5837239.0,5600001.0,5600001.0,0.55639628
1786597200,5999996.0,5999996.0,5918154.0,5918154.0,0.11864698
1786600800,5826770.0,5826770.0,5816691.0,5816691.0,0.01875475
1786604400,5816691.0,5816691.0,5816691.0,5816691.0,0.0
1786608000,5600007.0,5600007.0,5600007.0,5600007.0,0.002429
1786611600,5600007.0,5600007.0,5600007.0,5600007.0,0.0
1786615200,5890345.0,5890346.0,5820007.0,5820007.0,0.00652898
1786618800,5820007.0,5820007.0,5820007.0,5820007.0,0.0
1786622400,5852093.0,5852093.0,5852093.0,5852093.0,0.00170178
1786626000,5859387.0,5859387.0,5859387.0,5859387.0,0.00498781
1786629600,5977547.0,5993556.0,5917147.0,5917147.0,0.01073858
1786633200,5907184.0,5999996.0,5907184.0,5999996.0,0.10960128
1786636800,5999996.0,5999996.0,5970010.0,5970010.0,0.008123
1786640400,5970010.0,5970010.0,5970010.0,5970010.0,0.0
1786644000,5999996.0,6021342.0,5999996.0,6021342.0,2.03156233
1786647600,6100000.0,6100000.0,6019836.0,6030379.0,0.0245762
1786651200,6074690.0,6074690.0,6074690.0,6074690.0,0.00576239
1786654800,6074690.0,6074690.0,6074690.0,6074690.0,0.0
1786658400,6042297.0,6051612.0,6042297.0,6051612.0,0.2655927
1786662000,6052028.0,6052028.0,6052028.0,6052028.0,0.00220734
1786665600,6070979.0,6070979.0,6070979.0,6070979.0,0.00164042
1786669200,6070934.0,6070996.0,6033166.0,6070000.0,0.02091246
1786672800,6069996.0,6070000.0,6037065.0,6070000.0,0.04092895
1786676400,6068996.0,6068996.0,6068996.0,6068996.0,0.00344603
1786680000,6030010.0,6048996.0,6030010.0,6030014.0,0.01414446
1786683600,6030014.0,6030014.0,6030014.0,6030014.0,0.0
1786687200,6058999.0,6058999.0,6058999.0,6058999.0,0.00938933
1786690800,6032457.0,6046636.0,6032457.0,6046636.0,0.00913856
1786694400,6058999.0,6069000.0,5600901.0,6069000.0,0.33406918
1786698000,5600901.0,6088983.0,5600901.0,6088983.0,0.01310889
1786701600,6088983.0,6088983.0,6062057.0,6088983.0,0.33292431
1786705200,6152596.0,6249995.0,6080845.0,6172025.0,0.19987031
1786708800,6171309.0,6171309.0,5606019.0,5606019.0,1.02698333
1786712400,6138274.0,6249990.0,6076731.0,6211310.0,0.25266449
1786716000,6226523.0,6249999.0,6166529.0,6166529.0,0.02127534
1786719600,6122549.0,6122549.0,5976532.0,6096528.0,0.07827364
1786723200,6105456.0,6105456.0,6036528.0,6036528.0,0.1233848
1786726800,6076450.0,6076450.0,5610990.0,5610990.0,0.02003146
1786730400,5611004.0,6135849.0,5611004.0,6135849.0,0.00585956
1786734000,6135849.0,6135849.0,6135849.0,6135849.0,0.0
1786737600,6147579.0,6147579.0,6051215.0,6051215.0,0.00701831
1786741200,6071773.0,6071773.0,6071773.0,6071773.0,0.0051
1786744800,6071011.0,6138207.0,6071011.0,6138207.0,0.00890154
1786748400,6072002.0,6072002.0,6072002.0,6072002.0,0.00349271
1786752000,6131386.0,6131386.0,6131027.0,6131027.0,0.00658857
1786755600,6139100.0,6139100.0,6139100.0,6139100.0,0.00200632
1786759200,6136950.0,6136950.0,6136950.0,6136950.0,0.00797871
1786762800,6249000.0,6249999.0,6249000.0,6249999.0,0.08027425
1786766400,6063011.0,6063011.0,6063011.0,6063011.0,0.00165957
1786770000,6063011.0,6136232.0,6063011.0,6136232.0,0.00493925
1786773600,6073012.0,6138207.0,6063015.0,6063015.0,0.05531459
1786777200,6139822.0,6139822.0,6139822.0,6139822.0,0.05333101
1786780800,6142694.0,6142694.0,6063011.0,6140357.0,0.01292756
1786784400,6137489.0,6139104.0,6063011.0,6139104.0,0.01778513
1786788000,6139104.0,6139104.0,6139104.0,6139104.0,0.0
1786791600,6063011.0,6070906.0,6050354.0,6050354.0,0.08522668
1786795200,6070906.0,6070906.0,6070906.0,6070906.0,0.00566792
1786798800,6070906.0,6144130.0,6070906.0,6144130.0,0.01143779
1786802400,6145566.0,6145566.0,6145566.0,6145566.0,0.00324103
1786806000,6144489.0,6144668.0,6080910.0,6080910.0,0.00769323
1786809600,6080910.0,6080910.0,6080910.0,6080910.0,0.0
1786813200,6080910.0,6080910.0,6080910.0,6080910.0,0.0
1786816800,6145386.0,6155976.0,6145386.0,6155976.0,0.03235899
1786820400,6249999.0,6249999.0,6249999.0,6249999.0,0.00318688
1786824000,6080910.0,6080910.0,6080910.0,6080910.0,0.00324211
1786827600,6080910.0,6249999.0,6080910.0,6249999.0,0.03484388
1786831200,6080910.0,6080910.0,6067682.0,6067682.0,0.00699136
1786834800,6067682.0,6067682.0,6067682.0,6067682.0,0.0
1786838400,6249999.0,6249999.0,6249999.0,6249999.0,0.00159344
1786842000,6249999.0,6249999.0,6249999.0,6249999.0,0.0
1786845600,6157412.0,6157412.0,6157412.0,6157412.0,0.0016174
1786849200,6090004.0,6249999.0,6076169.0,6249999.0,0.36206131
1786852800,6249999.0,6249999.0,6099357.0,6099357.0,0.16986368
1786856400,6099357.0,6099357.0,6099357.0,6099357.0,0.0
1786860000,6170514.0,6249999.0,5750002.0,5750002.0,1.04883786
1786863600,6173565.0,6173565.0,5750003.0,6080063.0,0.98295177
1786867200,6115704.0,6117036.0,6113362.0,6113362.0,0.06770654
1786870800,6117040.0,6164408.0,6097946.0,6164408.0,0.2127918
1786874400,6097946.0,6157227.0,6097946.0,6157227.0,0.00943581
1786878000,6111709.0,6162078.0,6111709.0,6154411.0,0.44378313
1786881600,6154411.0,6154411.0,6090010.0,6090010.0,0.01191058
1786885200,6144411.0,6144411.0,6144411.0,6144411.0,0.00324164
1786888800,6144411.0,6144411.0,6144411.0,6144411.0,0.0
1786892400,6080013.0,6080013.0,6080013.0,6080013.0,0.04137524
1786896000,6080013.0,6080013.0,6080013.0,6080013.0,0.0
1786899600,6080013.0,6080013.0,6060786.0,6060786.0,0.22761061
1786903200,6060786.0,6060786.0,6060786.0,6060786.0,0.0
1786906800,6060786.0,6060786.0,6060786.0,6060786.0,0.0
1786910400,6073443.0,6134410.0,6073443.0,6134410.0,0.00332931
1786914000,6134406.0,6134410.0,6073443.0,6073443.0,0.00407764
1786917600,6073443.0,6073443.0,6073443.0,6073443.0,0.0
1786921200,6073443.0,6073443.0,6073443.0,6073443.0,0.0
1786924800,6090019.0,6090019.0,6077837.0,6077837.0,0.05820227
1786928400,6134409.0,6134409.0,6134409.0,6134409.0,0.04058679
1786932000,6134409.0,6134409.0,6134409.0,6134409.0,0.00791404
1786935600,6083491.0,6083880.0,6083491.0,6083880.0,0.00735221
1786939200,6134409.0,6134409.0,6134409.0,6134409.0,0.00572508
1786942800,6091526.0,6134408.0,6090990.0,6134408.0,0.02364746
1786946400,6134408.0,6134408.0,6134408.0,6134408.0,0.0
1786950000,6116009.0,6134408.0,6116009.0,6134408.0,0.00414659
1786953600,6134408.0,6134408.0,6134408.0,6134408.0,0.0
1786957200,6105002.0,6105002.0,6073508.0,6073508.0,0.00788641
1786960800,6134408.0,6134408.0,6073471.0,6073471.0,0.0035966
1786964400,6134404.0,6134408.0,6073471.0,6134408.0,0.02177044
1786968000,6073471.0,6073471.0,5755015.0,6054962.0,0.47856217
1786971600,6054962.0,6054962.0,6054962.0,6054962.0,0.0
1786975200,6024293.0,6034671.0,6024293.0,6034671.0,0.03169521
1786978800,6043159.0,6043159.0,6043159.0,6043159.0,0.01291344
1786982400,6074407.0,6134408.0,6048095.0,6048095.0,0.0236394
1786986000,6022957.0,6022957.0,5888197.0,6022951.0,0.15539309
1786989600,6110622.0,6134409.0,6110622.0,6134409.0,0.08079664
1786993200,6134409.0,6134409.0,6134409.0,6134409.0,0.0
1786996800,6134409.0,6134409.0,6134409.0,6134409.0,0.0
1787000400,6010098.0,6108649.0,6010098.0,6108649.0,0.00337268
1787004000,6107429.0,6107429.0,6014853.0,6106418.0,0.0182441
1787007600,6106418.0,6106418.0,6106418.0,6106418.0,0.0
1787011200,6106418.0,6106418.0,6106418.0,6106418.0,0.0
1787014800,6024760.0,6100407.0,6020528.0,6100407.0,0.17180466
1787018400,6064506.0,6064506.0,6047007.0,6047007.0,0.04577763
1787022000,6047007.0,6047007.0,6047007.0,6047007.0,0.0
1787025600,6070976.0,6070976.0,6070976.0,6070976.0,0.00164042
1787029200,5988260.0,6054407.0,5988260.0,6054407.0,0.00454703
1787032800,6054407.0,6054407.0,6054407.0,6054407.0,0.0
1787036400,5998260.0,5998260.0,5970839.0,5976883.0,0.03528871
1787040000,5888268.0,6029572.0,5888268.0,6029572.0,0.0095892
1787043600,5938815.0,5984403.0,5931676.0,5984403.0,0.08427718
1787047200,5938304.0,5984403.0,5938304.0,5984403.0,0.01801745
1787050800,5984403.0,5984403.0,5984403.0,5984403.0,0.01972084
1787054400,5956900.0,5956900.0,5946900.0,5946900.0,0.01704457
1787058000,5946900.0,6014403.0,5925405.0,6014403.0,0.09247136
1787061600,5998378.0,6066352.0,5750000.0,5960000.0,3.10270012
1787065200,5999999.0,6000000.0,5999999.0,6000000.0,0.51158131
1787068800,6013053.0,6021820.0,6003843.0,6014406.0,0.31641364
1787072400,6027006.0,6032054.0,6027006.0,6032054.0,0.09149495
1787076000,6032054.0,6032054.0,6032054.0,6032054.0,0.0
1787079600,6052200.0,6052200.0,6052200.0,6052200.0,0.00177968
1787083200,5997549.0,5997549.0,5974050.0,5974050.0,0.0347116
1787086800,6052200.0,6059657.0,6052200.0,6059657.0,0.0241126
1787090400,6059657.0,6059657.0,6059657.0,6059657.0,0.0
1787094000,6057816.0,6057816.0,6057816.0,6057816.0,0.00185958
1787097600,6034403.0,6056223.0,6034403.0,6056223.0,0.01585945
1787101200,6134394.0,6134404.0,6134394.0,6134404.0,0.16234765
1787104800,6134404.0,6134404.0,6134404.0,6134404.0,0.0
1787108400,6024407.0,6024407.0,6024407.0,6024407.0,0.0028084
1787112000,6034070.0,6039071.0,6034070.0,6039071.0,0.04123381
1787115600,6032410.0,6032410.0,6018932.0,6018932.0,0.01782846
1787119200,5960084.0,6011092.0,5924363.0,6011092.0,0.01919903
1787122800,5970307.0,5970307.0,5951804.0,5954021.0,0.25659222
1787126400,6001016.0,6001016.0,6001016.0,6001016.0,0.00238834
1787130000,6010012.0,6054279.0,6010012.0,6054279.0,0.04461095
1787133600,5983012.0,5990012.0,5953472.0,5953472.0,0.33425544
1787137200,5969456.0,5969456.0,5959736.0,5959736.0,0.16234765
1787140800,5970114.0,5970114.0,5950679.0,5950679.0,0.01359525
1787144400,6051738.0,6100945.0,6022518.0,6022518.0,0.00957175
1787148000,6062608.0,6164412.0,6040672.0,6164412.0,0.16502056
1787151600,6164412.0,6218102.0,6164412.0,6218102.0,0.00756915
1787155200,6133862.0,6222939.0,6133862.0,6222939.0,0.01550774
1787158800,6148954.0,6148954.0,6148954.0,6148954.0,0.00324201
1787162400,6156090.0,6156090.0,6156090.0,6156090.0,0.10234882
1787166000,6149053.0,6173453.0,6143272.0,6161063.0,0.28864998
1787169600,6192292.0,6192292.0,5800069.0,6188534.0,0.80252905
1787173200,5800154.0,6194588.0,5800154.0,6184017.0,0.03608511
1787176800,6184017.0,6184017.0,6184017.0,6184017.0,0.0
1787180400,6216891.0,6216891.0,6216891.0,6216891.0,0.00653799
1787184000,5802040.0,6249998.0,5802040.0,6249998.0,0.02295122
1787187600,6249998.0,6249998.0,6249998.0,6249998.0,0.0
1787191200,6173554.0,6173554.0,6173554.0,6173554.0,0.00839127
1787194800,6181932.0,6212250.0,6181932.0,6212250.0,0.03207552
1787198400,6191940.0,6219987.0,6191940.0,6219987.0,0.2101094
1787202000,6229736.0,6231080.0,6229736.0,6231080.0,0.01093834
1787205600,6231080.0,6231080.0,6231080.0,6231080.0,0.0
1787209200,6161995.0,6236953.0,6161995.0,6236953.0,0.07223176
1787212800,6161995.0,6176937.0,6161995.0,6176937.0,0.01270547
1787216400,6112007.0,6112007.0,5807997.0,5808016.0,0.02911986
1787220000,5810219.0,6156933.0,5810219.0,5830244.0,0.18618278
1787223600,5886906.0,6156932.0,5831155.0,6087184.0,0.11880121
1787227200,5831631.0,6109843.0,5831631.0,6109843.0,0.00991812
1787230800,6097768.0,6097768.0,5832236.0,5832236.0,0.00662734
1787234400,5832389.0,6250000.0,5832375.0,6000000.0,0.31415048
1787238000,6000001.0,6087533.0,6000001.0,6087533.0,0.02091459
1787241600,6165740.0,6165740.0,6081262.0,6081262.0,0.011548
1787245200,6081262.0,6081262.0,6081262.0,6081262.0,0.0
1787248800,6081262.0,6081262.0,6081262.0,6081262.0,0.0
1787252400,6081262.0,6081262.0,6081262.0,6081262.0,0.0
1787256000,6081262.0,6114865.0,6081262.0,6114865.0,0.00503016
1787259600,6000098.0,6000098.0,6000098.0,6000098.0,0.01007733
1787263200,6000098.0,6000098.0,6000098.0,6000098.0,0.0
1787266800,6000213.0,6200520.0,5810123.0,5810539.0,0.4741731
1787270400,5810645.0,5810645.0,5810645.0,5810645.0,0.00238934
1787274000,6127055.0,6127055.0,5820221.0,5820221.0,0.03728995
1787277600,6100048.0,6110049.0,6100048.0,6100050.0,0.00713999
1787281200,6120049.0,6120049.0,5820345.0,5820602.0,0.1341136
1787284800,5820869.0,6120044.0,5820869.0,6120044.0,0.06876903
1787288400,5821648.0,5821648.0,5820954.0,5820954.0,0.16920847
1787292000,6120046.0,6120046.0,5820980.0,5820980.0,0.00556114
1787295600,5821028.0,6229630.0,5821003.0,6229630.0,0.10351113
1787299200,5821487.0,6210031.0,5821365.0,6210003.0,0.18502153
1787302800,5821516.0,5821544.0,5821516.0,5821544.0,0.0082664
1787306400,6238872.0,6238872.0,5822030.0,5822034.0,0.01134225
1787310000,6188964.0,6217385.0,5822070.0,6077372.0,0.06966131
1787313600,6077372.0,6250000.0,6077372.0,6250000.0,2.53040578
1787317200,6147411.0,6245047.0,6143585.0,6245047.0,0.07997552
1787320800,6249995.0,6299995.0,6077399.0,6233320.0,2.00922285
1787324400,6299999.0,6299999.0,6077561.0,6077561.0,0.09730726
1787328000,6392697.0,6392698.0,6078422.0,6392698.0,0.00780158
1787331600,6392707.0,6392707.0,6079070.0,6079070.0,0.00540626
1787335200,6392698.0,6392700.0,6392698.0,6392700.0,0.00311574
1787338800,6392700.0,6392700.0,6392696.0,6392696.0,0.00985874
1787342400,6392696.0,6392696.0,6392696.0,6392696.0,0.0
1787346000,6080990.0,6080990.0,6078719.0,6078719.0,0.0437047
1787349600,6392538.0,6392538.0,6252524.0,6252526.0,0.02777596
1787353200,6079139.0,6292690.0,6079099.0,6292690.0,0.19997319
1787356800,6079204.0,6388071.0,6079204.0,6388071.0,0.0210108
1787360400,6392676.0,6500000.0,6366055.0,6366055.0,3.18460817
1787364000,6398109.0,6459779.0,6363608.0,6459779.0,0.78704225
1787367600,6464755.0,6464755.0,6360098.0,6360098.0,0.04994279
1787371200,6361168.0,6377107.0,6250002.0,6377107.0,0.08239704
1787374800,6377107.0,6437144.0,6318575.0,6318575.0,0.19502346
1787378400,6417984.0,6417984.0,6322083.0,6417624.0,0.06028775
1787382000,6420200.0,6430611.0,6345048.0,6430346.0,0.12155452
1787385600,6430346.0,6437147.0,6250000.0,6437147.0,0.6667482
1787389200,6349601.0,6437151.0,6349600.0,6437151.0,0.14950612
1787392800,6437151.0,6437151.0,6349600.0,6421184.0,0.10645972
1787396400,6421184.0,6421184.0,6349601.0,6349601.0,0.0261303
1787400000,6420184.0,6421184.0,6420184.0,6421184.0,0.00955224
1787403600,6421184.0,6421184.0,6349600.0,6421183.0,0.07646246
1787407200,6421183.0,6421183.0,6349601.0,6349601.0,0.04526164
1787410800,6421182.0,6421182.0,6421182.0,6421182.0,0.01494615
1787414400,6349601.0,6349601.0,6349601.0,6349601.0,0.00587485
1787418000,6421181.0,6421181.0,6421181.0,6421181.0,0.02016248
1787421600,6421181.0,6421181.0,6421181.0,6421181.0,0.0
1787425200,6421181.0,6421181.0,6421181.0,6421181.0,0.0
1787428800,6353966.0,6353966.0,6353966.0,6353966.0,0.00308053
1787432400,6353090.0,6421181.0,6353090.0,6421181.0,0.10426669
1787436000,6349600.0,6355193.0,6349600.0,6355193.0,0.00604874
1787439600,6421181.0,6421181.0,6250000.0,6250000.0,1.02398006
1787443200,6357821.0,6464403.0,6357821.0,6464403.0,1.46880874
1787446800,6366756.0,6452980.0,6366756.0,6452980.0,0.04001856
1787450400,6372726.0,6372726.0,6250018.0,6250018.0,0.01917095
1787454000,6357470.0,6400000.0,6250000.0,6356770.0,1.4556902
1787457600,6356244.0,6442975.0,6250000.0,6250009.0,0.16797754
1787461200,6344155.0,6344155.0,6332006.0,6332006.0,0.07779712
1787464800,6250019.0,6250019.0,6250019.0,6250019.0,0.00182156
1787468400,6331190.0,6331190.0,6331190.0,6331190.0,0.00479878
1787472000,6357618.0,6425769.0,6349950.0,6349950.0,0.07875872
1787475600,6349950.0,6446262.0,6342578.0,6446262.0,0.2538858
1787479200,6449641.0,6500000.0,6385990.0,6450353.0,0.33790306
1787482800,6451064.0,6451064.0,6000001.0,6354000.0,3.77182663
1787486400,6377296.0,6377296.0,6000010.0,6353791.0,1.0141917
1787490000,6350090.0,6382127.0,6350090.0,6381858.0,0.11376852
1787493600,6350988.0,6391250.0,6350988.0,6381122.0,0.12760125
1787497200,6381122.0,6381122.0,6381122.0,6381122.0,0.00780786
1787500800,6381122.0,6381122.0,6381122.0,6381122.0,0.0
1787504400,6381122.0,6381122.0,6381122.0,6381122.0,0.0
1787508000,6391251.0,6391251.0,6371662.0,6371662.0,0.0046674
1787511600,6391251.0,6391251.0,6391251.0,6391251.0,0.00330592
1787515200,6391251.0,6391251.0,6391251.0,6391251.0,0.0
1787518800,6378670.0,6407521.0,6378670.0,6407521.0,0.01224991
1787522400,6407521.0,6407521.0,6407521.0,6407521.0,0.0
1787526000,6499997.0,6499997.0,6383722.0,6404567.0,0.01299642
1787529600,6389030.0,6389030.0,6389030.0,6389030.0,0.00311892
1787533200,6389030.0,6389030.0,6389030.0,6389030.0,0.0
1787536800,6389030.0,6429378.0,6389030.0,6429378.0,0.0209495
1787540400,6494895.0,6494895.0,6374353.0,6374353.0,0.19529681
1787544000,6374353.0,6374353.0,6374353.0,6374353.0,0.0
1787547600,6374353.0,6374353.0,6374353.0,6374353.0,0.0
1787551200,6350988.0,6500000.0,6350988.0,6358319.0,0.09316493
1787554800,6378898.0,6464976.0,6378898.0,6464976.0,0.08515468
1787558400,6370994.0,6370994.0,6370994.0,6370994.0,0.00619259
1787562000,6365946.0,6365946.0,6365946.0,6365946.0,0.00215391
1787565600,6464976.0,6464976.0,6360097.0,6360097.0,0.02319241
1787569200,6464976.0,6464976.0,6350988.0,6350988.0,0.02282531
1787572800,6350988.0,6350988.0,6350988.0,6350988.0,0.0
1787576400,6360996.0,6370992.0,6250000.0,6250000.0,0.38280188
1787580000,6250004.0,6250004.0,6250004.0,6250004.0,0.01542307
1787583600,6250004.0,6250004.0,6250004.0,6250004.0,0.0
1787587200,6341821.0,6369790.0,6341821.0,6369790.0,0.01363974
1787590800,6251005.0,6464971.0,6251004.0,6464971.0,0.02688694
1787594400,6251000.0,6251000.0,6250000.0,6250000.0,0.1317687
1787598000,6250000.0,6250000.0,6250000.0,6250000.0,0.0
1787601600,6219238.0,6219238.0,6131004.0,6131004.0,0.00536456
1787605200,6235027.0,6235027.0,6235027.0,6235027.0,0.03194549
1787608800,6235027.0,6235027.0,6235027.0,6235027.0,0.0
1787612400,6464975.0,6464975.0,6464975.0,6464975.0,0.00275391
1787616000,6464975.0,6464975.0,6464975.0,6464975.0,0.0
1787619600,6157205.0,6157205.0,6157205.0,6157205.0,0.00764829
1787623200,6201439.0,6201439.0,6201439.0,6201439.0,0.00160591
1787626800,6213619.0,6499998.0,6173978.0,6173978.0,0.15736858
1787630400,6228861.0,6228861.0,6217104.0,6217104.0,0.02439028
1787634000,6180344.0,6180344.0,6180343.0,6180343.0,0.03518909
1787637600,6266000.0,6281485.0,6218870.0,6280952.0,0.08477235
1787641200,6280952.0,6280952.0,6280952.0,6280952.0,0.0
1787644800,6201001.0,6201001.0,6201001.0,6201001.0,0.0066892
1787648400,6263955.0,6263955.0,6263955.0,6263955.0,0.00767917
1787652000,6263955.0,6263955.0,6263955.0,6263955.0,0.0
1787655600,6263955.0,6263955.0,6263955.0,6263955.0,0.0
1787659200,6258177.0,6258177.0,6258177.0,6258177.0,0.00795678
1787662800,6258177.0,6258177.0,6258177.0,6258177.0,0.0
1787666400,6264963.0,6264963.0,6246339.0,6246339.0,0.02815489
1787670000,6280005.0,6280005.0,6201005.0,6260176.0,0.04454617
1787673600,6305171.0,6444443.0,6305171.0,6444443.0,0.07780474
1787677200,6444443.0,6444443.0,6201005.0,6201005.0,0.0892841
1787680800,6258700.0,6263801.0,6201011.0,6263801.0,0.0672124
1787684400,6263801.0,6263801.0,6263801.0,6263801.0,0.0
1787688000,6246197.0,6246197.0,6246197.0,6246197.0,0.08555548
1787691600,6246197.0,6246197.0,6246197.0,6246197.0,0.0
1787695200,6246197.0,6246197.0,6246197.0,6246197.0,0.0
1787698800,6259644.0,6259644.0,6259644.0,6259644.0,0.03181986
1787702400,6240072.0,6240072.0,6240072.0,6240072.0,0.00221391
1787706000,6240072.0,6240072.0,6240072.0,6240072.0,0.0
1787709600,6232738.0,6232738.0,6201006.0,6201006.0,0.00492758
1787713200,6201006.0,6201006.0,6201006.0,6201006.0,0.0
1787716800,6201006.0,6201006.0,6201006.0,6201006.0,0.0
1787720400,6201006.0,6201006.0,6201006.0,6201006.0,0.0
1787724000,6244447.0,6244447.0,6201005.0,6201005.0,0.00738736
1787727600,6201005.0,6201005.0,6201005.0,6201005.0,0.0
1787731200,6244447.0,6444438.0,6244447.0,6444438.0,0.00681706
1787734800,6256089.0,6256089.0,6256089.0,6256089.0,0.00280079
1787738400,6201005.0,6201005.0,6201005.0,6201005.0,0.00783499
1787742000,6201005.0,6201005.0,6201005.0,6201005.0,0.0
1787745600,6225415.0,6237658.0,6201005.0,6201005.0,0.20032932
1787749200,6131001.0,6131001.0,6131000.0,6131000.0,0.02133158
1787752800,6147253.0,6147253.0,6147253.0,6147253.0,0.00314597
1787756400,6147253.0,6147253.0,6147253.0,6147253.0,0.0
1787760000,6147253.0,6147253.0,6147253.0,6147253.0,0.0
1787763600,6100004.0,6100004.0,6100004.0,6100004.0,0.0027172
1787767200,6184180.0,6184181.0,6100004.0,6100004.0,0.04355361
1787770800,6104782.0,6104782.0,6103366.0,6103366.0,0.08555548
1787774400,6103366.0,6103366.0,6103366.0,6103366.0,0.0
1787778000,6196145.0,6212573.0,6196145.0,6212573.0,0.03673563
1787781600,6174434.0,6174434.0,6164434.0,6164434.0,0.09041293
1787785200,6206144.0,6206144.0,6206144.0,6206144.0,0.04011766
1787788800,6206144.0,6206144.0,6206144.0,6206144.0,0.0
1787792400,6194181.0,6194181.0,6194181.0,6194181.0,0.00198751
1787796000,6120007.0,6444443.0,6120006.0,6191324.0,0.01099397
1787799600,6444443.0,6444443.0,6199180.0,6199180.0,0.16950906
1787803200,6444443.0,6444443.0,6444443.0,6444443.0,0.0309074
1787806800,6182038.0,6182038.0,6182038.0,6182038.0,0.00242719
1787810400,6120001.0,6183824.0,6100005.0,6183824.0,0.01647616
1787814000,6183824.0,6183824.0,6183824.0,6183824.0,0.0
1787817600,6121132.0,6205966.0,6121132.0,6140015.0,0.09583168
1787821200,6140015.0,6500000.0,6116207.0,6117266.0,3.11235153
1787824800,6209716.0,6209716.0,6201680.0,6202930.0,1.18506045
1787828400,6157285.0,6499999.0,6157285.0,6183467.0,0.17914829
1787832000,6196859.0,6196859.0,6117271.0,6174539.0,0.50694601
1787835600,6174539.0,6174539.0,6174539.0,6174539.0,0.0
1787839200,6252035.0,6298819.0,6198810.0,6298819.0,0.03294041
1787842800,6219639.0,6305779.0,6219639.0,6305779.0,0.17408837
1787846400,6288998.0,6288998.0,6195368.0,6239062.0,0.04088793
1787850000,6261776.0,6261776.0,6261776.0,6261776.0,0.00240522
1787853600,6261776.0,6261776.0,6261776.0,6261776.0,0.0
1787857200,6338103.0,6338103.0,6231073.0,6231073.0,0.46620367
1787860800,6231073.0,6231073.0,6231073.0,6231073.0,0.0
1787864400,6231073.0,6231073.0,6231073.0,6231073.0,0.0
1787868000,6231073.0,6231073.0,6231073.0,6231073.0,0.0
1787871600,6328099.0,6328099.0,6232662.0,6325782.0,0.01115156
1787875200,6326000.0,6326000.0,6326000.0,6326000.0,0.0038379
1787878800,6335599.0,6335599.0,6326001.0,6335599.0,0.02573546
1787882400,6337567.0,6337567.0,6326000.0,6326000.0,0.00931606
1787886000,6332920.0,6332920.0,6249894.0,6249894.0,0.00357241
1787889600,6249894.0,6249894.0,6249894.0,6249894.0,0.0
1787893200,6253920.0,6335242.0,6233539.0,6233539.0,0.1495231
1787896800,6317742.0,6327742.0,6317742.0,6327742.0,0.00709094
1787900400,6262357.0,6262357.0,6262357.0,6262357.0,0.00412393
1787904000,6266785.0,6266785.0,6266785.0,6266785.0,0.00311574
1787907600,6360240.0,6360240.0,6360236.0,6360236.0,0.00705397
1787911200,6276082.0,6276082.0,6264850.0,6264850.0,0.01784808
1787914800,6279984.0,6279984.0,6279984.0,6279984.0,0.04005774
1787918400,6266263.0,6340598.0,6266262.0,6340598.0,0.04546536
1787922000,6340593.0,6340594.0,6340593.0,6340594.0,0.01104249
1787925600,6320778.0,6320778.0,6320778.0,6320778.0,0.00787798
1787929200,6266258.0,6266258.0,6266258.0,6266258.0,3.04097134
1787932800,6266258.0,6266258.0,6266258.0,6266258.0,0.0
1787936400,6155556.0,6186681.0,6155556.0,6186681.0,0.00479722
1787940000,6155555.0,6177396.0,6155555.0,6155555.0,0.09593504
1787943600,6155555.0,6155555.0,6155555.0,6155555.0,0.0
1787947200,6219354.0,6249996.0,6211497.0,6211497.0,0.01555206
1787950800,6211497.0,6211497.0,6211497.0,6211497.0,0.0
1787954400,6250000.0,6250000.0,6250000.0,6250000.0,0.02899696
1787958000,6250000.0,6250000.0,6250000.0,6250000.0,0.0
1787961600,6250000.0,6250000.0,6250000.0,6250000.0,0.0
1787965200,6155561.0,6155561.0,6155559.0,6155559.0,0.01888777
1787968800,6155561.0,6155561.0,6155559.0,6155559.0,0.0289967
1787972400,6155559.0,6155559.0,6155559.0,6155559.0,0.00218449
1787976000,6155559.0,6231310.0,6155555.0,6155555.0,0.12694462
1787979600,6155555.0,6231310.0,6146642.0,6231310.0,0.04577439
1787983200,6151216.0,6151216.0,6151216.0,6151216.0,0.00394845
1787986800,6151216.0,6151216.0,6151216.0,6151216.0,0.0
1787990400,6151216.0,6151216.0,6151216.0,6151216.0,0.0
1787994000,6151216.0,6151216.0,6151216.0,6151216.0,0.0
1787997600,6162303.0,6162303.0,6162302.0,6162302.0,0.07048561
1788001200,6162302.0,6162302.0,6162302.0,6162302.0,0.0
1788004800,6162302.0,6162302.0,6162302.0,6162302.0,0.0
1788008400,6231304.0,6231305.0,6162307.0,6162307.0,0.04042329
1788012000,6231303.0,6231303.0,6162308.0,6231303.0,0.00639288
1788015600,6162308.0,6162308.0,6159479.0,6159479.0,0.0774906
1788019200,6231303.0,6249986.0,6231303.0,6249986.0,0.02403065
1788022800,6249986.0,6249986.0,6249986.0,6249986.0,0.0
1788026400,6249986.0,6249986.0,6249986.0,6249986.0,0.0
1788030000,6249986.0,6249986.0,6249986.0,6249986.0,0.00159344
1788033600,6249986.0,6249986.0,6249986.0,6249986.0,0.01593443
1788037200,6249986.0,6249986.0,6249986.0,6249986.0,0.0
1788040800,6249986.0,6249986.0,6249986.0,6249986.0,0.0
1788044400,6249985.0,6249985.0,6249985.0,6249985.0,0.00159344
1788048000,6249985.0,6249985.0,6249985.0,6249985.0,0.0
1788051600,6174761.0,6249985.0,6163181.0,6249985.0,0.00947142
1788055200,6249985.0,6249985.0,6249985.0,6249985.0,0.0
1788058800,6169953.0,6263816.0,6167751.0,6263816.0,0.01393095
1788062400,6261499.0,6263281.0,6170038.0,6172149.0,0.01541952
1788066000,6267745.0,6267745.0,6267745.0,6267745.0,0.00317785
1788069600,6269352.0,6269352.0,6268999.0,6268999.0,0.01930824
1788073200,6260095.0,6260095.0,6260095.0,6260095.0,0.00159087
1788076800,6260095.0,6260095.0,6260095.0,6260095.0,0.0
1788080400,6260095.0,6260095.0,6260095.0,6260095.0,0.0
1788084000,6180009.0,6180009.0,6175839.0,6175839.0,0.00774933
1788087600,6179963.0,6272387.0,6179963.0,6272387.0,0.01853254
1788091200,6190091.0,6190091.0,6190091.0,6190091.0,0.00188317
1788094800,6184462.0,6276316.0,6183934.0,6183934.0,0.02358997
1788098400,6180064.0,6180064.0,6180064.0,6180064.0,0.00424789
1788102000,6270059.0,6281141.0,6270059.0,6278094.0,0.01413686
1788105600,6186569.0,6186569.0,6186569.0,6186569.0,0.00481945
1788109200,6186397.0,6186397.0,6185162.0,6185162.0,0.00716146
1788112800,6185162.0,6185162.0,6185162.0,6185162.0,0.0
1788116400,6185162.0,6185162.0,6185162.0,6185162.0,0.0
1788120000,6185162.0,6185162.0,6185162.0,6185162.0,0.0
1788123600,6174783.0,6174783.0,6174783.0,6174783.0,0.0111201
1788127200,6174783.0,6174783.0,6174783.0,6174783.0,0.0
1788130800,6174783.0,6174783.0,6174783.0,6174783.0,0.0
1788134400,6174783.0,6174783.0,6174783.0,6174783.0,0.0
1788138000,6270851.0,6340586.0,6270851.0,6340586.0,0.03464872
1788141600,6163177.0,6163177.0,6163177.0,6163177.0,0.01184359
1788145200,6163177.0,6340576.0,6163177.0,6340576.0,0.0113859
1788148800,6340570.0,6340572.0,6100000.0,6340566.0,0.09605705
1788152400,6100332.0,6340566.0,6100332.0,6340566.0,0.01404759
1788156000,6101007.0,6101030.0,6101007.0,6101030.0,0.00686262
1788159600,6101148.0,6340458.0,6101148.0,6101158.0,0.01179717
1788163200,6101989.0,6101989.0,6101988.0,6101988.0,0.00673529
1788166800,6340402.0,6340405.0,5820502.0,6340390.0,2.99061648
1788170400,6250000.0,6250000.0,6250000.0,6250000.0,0.00315488
1788174000,6000785.0,6240985.0,6000785.0,6240985.0,0.00894751
1788177600,6001940.0,6247998.0,6001928.0,6247998.0,0.06088584
1788181200,6247801.0,6250000.0,6001993.0,6250000.0,2.6755125
1788184800,6340361.0,6489996.0,6002566.0,6002566.0,3.40071477
1788188400,6002604.0,6489918.0,6002594.0,6489764.0,0.12159672
1788192000,6289637.0,6489665.0,6004033.0,6004201.0,0.04758204
1788195600,6489650.0,6489650.0,6489650.0,6489650.0,0.00181535
1788199200,6006826.0,6006826.0,6006826.0,6006826.0,0.00510086
1788202800,6006826.0,6006826.0,6006826.0,6006826.0,0.0
1788206400,6006826.0,6006826.0,6006826.0,6006826.0,0.0
1788210000,6008867.0,6008867.0,6008867.0,6008867.0,0.0019254
1788213600,6009323.0,6009323.0,6009323.0,6009323.0,0.00180015
1788217200,6009323.0,6009323.0,6009323.0,6009323.0,0.0
1788220800,6389430.0,6489431.0,6389430.0,6489431.0,0.02858103
1788224400,6359459.0,6489424.0,6359459.0,6489424.0,0.00990328
1788228000,6310358.0,6310358.0,6310358.0,6310358.0,0.00601367
1788231600,6310358.0,6310358.0,6310358.0,6310358.0,0.0
1788235200,6489424.0,6489424.0,6009439.0,6309455.0,0.32426055
1788238800,6450000.0,6450000.0,6450000.0,6450000.0,0.00308806
1788242400,6350013.0,6500000.0,6009300.0,6499995.0,4.90970589
1788246000,6440008.0,6440008.0,6440008.0,6440008.0,0.00806456
1788249600,6455584.0,6455584.0,6250005.0,6441042.0,0.07457691
1788253200,6250011.0,6431230.0,6250011.0,6431230.0,0.01035406
1788256800,6499115.0,6499115.0,6449245.0,6466382.0,0.0650906
1788260400,6441426.0,6441426.0,6441426.0,6441426.0,0.04584093
1788264000,6422406.0,6422832.0,6380030.0,6407126.0,0.08708794
1788267600,6360035.0,6360035.0,6360031.0,6360032.0,0.12003071
1788271200,6350211.0,6350211.0,6250010.0,6250010.0,0.01687688
1788274800,6250095.0,6500000.0,6250095.0,6499995.0,0.34493162
1788278400,6499995.0,6595070.0,6350029.0,6350029.0,0.17550241
1788282000,6350029.0,6350029.0,6350029.0,6350029.0,0.00158582
1788285600,6395053.0,6395053.0,6250000.0,6250000.0,0.17234719
1788289200,6250004.0,6250004.0,6250000.0,6250000.0,0.3332697
1788292800,6250004.0,6499982.0,6250004.0,6499976.0,0.00616223
1788296400,6499908.0,6500000.0,6499908.0,6500000.0,0.14681219
1788300000,6330009.0,6330009.0,6250000.0,6250000.0,0.30006176
1788303600,6250000.0,6250000.0,6250000.0,6250000.0,0.0
1788307200,6359903.0,6359903.0,6359903.0,6359903.0,0.00234877
1788310800,6359903.0,6359903.0,6250005.0,6250005.0,0.00860911
1788314400,6250005.0,6359840.0,6250004.0,6359840.0,0.03928414
1788318000,6250005.0,6250006.0,6250005.0,6250005.0,0.07174548
1788321600,6349845.0,6349845.0,6349845.0,6349845.0,0.00174082
1788325200,6349845.0,6349845.0,6349845.0,6349845.0,0.00174256
1788328800,6349845.0,6349845.0,6349845.0,6349845.0,0.0
1788332400,6250006.0,6359840.0,6250005.0,6359840.0,0.04895075
1788336000,6359833.0,6359833.0,6250004.0,6250004.0,0.06659247
1788339600,6359833.0,6359836.0,6250010.0,6250010.0,0.00795281
1788343200,6359840.0,6359840.0,6250004.0,6250004.0,0.03518494
1788346800,6250004.0,6250004.0,6250004.0,6250004.0,0.0
1788350400,6250014.0,6250014.0,6250014.0,6250014.0,0.00995489
1788354000,6250010.0,6250010.0,6250010.0,6250010.0,0.00174082
1788357600,6358005.0,6359001.0,6358005.0,6359001.0,0.00784705
1788361200,6250011.0,6250011.0,6250010.0,6250010.0,0.02967534
1788364800,6250010.0,6250010.0,6250010.0,6250010.0,0.0
1788368400,6250010.0,6250010.0,6250010.0,6250010.0,0.0
1788372000,6250010.0,6250010.0,6250010.0,6250010.0,0.0
1788375600,6250010.0,6250010.0,6250010.0,6250010.0,0.0
1788379200,6357042.0,6369897.0,6357042.0,6369897.0,0.10076165
1788382800,6250020.0,6250020.0,6250020.0,6250020.0,0.00332246
1788386400,6369893.0,6369893.0,6369893.0,6369893.0,0.00156344
1788390000,6369893.0,6369897.0,6369893.0,6369897.0,0.08988188
1788393600,6250020.0,6369893.0,6250006.0,6369893.0,0.06134513
1788397200,6369893.0,6369893.0,6369893.0,6369893.0,0.0
1788400800,6369892.0,6369893.0,6369892.0,6369893.0,0.03126912
1788404400,6369893.0,6500000.0,6369893.0,6500000.0,0.15620448
1788408000,6499996.0,6499996.0,6499996.0,6499996.0,0.00462492
1788411600,6250991.0,6499992.0,6250991.0,6251353.0,0.01223433
1788415200,6499982.0,6499983.0,6252018.0,6252018.0,0.0486796
1788418800,6250572.0,6250572.0,6250570.0,6250570.0,0.00330561
1788422400,6250570.0,6250570.0,6250570.0,6250570.0,0.0
1788426000,6499954.0,6499954.0,6499954.0,6499954.0,0.00436741
1788429600,6499936.0,6499936.0,6250924.0,6250924.0,0.0069342
1788433200,6251032.0,6251032.0,6251032.0,6251032.0,0.00234877
1788436800,6499738.0,6667377.0,6250000.0,6250000.0,2.08488119
1788440400,6667282.0,6667299.0,6667282.0,6667299.0,0.23524166
1788444000,6410047.0,6667278.0,6250036.0,6250046.0,0.30571062
1788447600,6666994.0,6666994.0,6480060.0,6586971.0,0.04262201
1788451200,6586971.0,6667377.0,6550085.0,6550085.0,8.74613009
1788454800,6707407.0,6860000.0,6570089.0,6570089.0,0.44617651
1788458400,6570089.0,6809992.0,6328921.0,6329018.0,0.01106457
1788462000,6702174.0,6702174.0,6667691.0,6667691.0,0.00590622
1788465600,6667691.0,6667691.0,6667691.0,6667691.0,0.0
1788469200,6667691.0,6667691.0,6667691.0,6667691.0,0.0
1788472800,6529247.0,6529247.0,6529247.0,6529247.0,0.0047525
1788476400,6529249.0,6529249.0,6529249.0,6529249.0,0.00156327
1788480000,6563894.0,6565028.0,6529243.0,6529243.0,0.00910688
1788483600,6529243.0,6534996.0,6529243.0,6534996.0,0.00899402
1788487200,6534996.0,6534996.0,6534996.0,6534996.0,0.0
1788490800,6472773.0,6472773.0,6472773.0,6472773.0,0.00384641
1788494400,6497822.0,6497822.0,6497822.0,6497822.0,0.00557202
1788498000,6300027.0,6531555.0,6300027.0,6531555.0,0.03166882
1788501600,6506115.0,6506115.0,6360206.0,6360206.0,0.44990822
1788505200,6420234.0,6499429.0,6420234.0,6430243.0,0.0094007
1788508800,6430243.0,6430243.0,6430243.0,6430243.0,0.0
1788512400,6430243.0,6430243.0,6430243.0,6430243.0,0.0
1788516000,6430243.0,6430243.0,6430243.0,6430243.0,0.0
1788519600,6433569.0,6433569.0,6350004.0,6419160.0,0.02749386
1788523200,6420890.0,6422959.0,6409887.0,6413091.0,0.12633144
1788526800,6364194.0,6364194.0,6364192.0,6364192.0,0.0108573
1788530400,6364155.0,6364156.0,6250009.0,6300084.0,0.48359641
1788534000,6300084.0,6607646.0,6250113.0,6407598.0,0.42896105
1788537600,6407593.0,6607593.0,6407593.0,6607593.0,0.10557581
1788541200,6437585.0,6437585.0,6437585.0,6437585.0,0.03589667
1788544800,6427581.0,6427581.0,6427581.0,6427581.0,0.06727569
1788548400,6607636.0,6607636.0,6607636.0,6607636.0,0.00417683
1788552000,6607636.0,6607636.0,6607636.0,6607636.0,0.0
1788555600,6607636.0,6607636.0,6607636.0,6607636.0,0.0
1788559200,6607622.0,6607622.0,6300000.0,6300000.0,0.01217409
1788562800,6380154.0,6380154.0,6380154.0,6380154.0,0.08841689
1788566400,6607622.0,6607626.0,6607622.0,6607626.0,0.03014411
1788570000,6607626.0,6607626.0,6607626.0,6607626.0,0.0
1788573600,6607626.0,6607626.0,6607626.0,6607626.0,0.0
1788577200,6599990.0,6599990.0,6599990.0,6599990.0,0.00164818
1788580800,6380154.0,6380154.0,6380154.0,6380154.0,0.00243492
1788584400,6380154.0,6599981.0,6250146.0,6599981.0,0.02662484
1788588000,6599980.0,6599980.0,6599980.0,6599980.0,0.00374592
1788591600,6599980.0,6599990.0,6250135.0,6599990.0,0.14448311
1788595200,6599955.0,6599981.0,6599955.0,6599981.0,0.02876479
1788598800,6599970.0,6599973.0,6599970.0,6599973.0,0.03119482
1788602400,6380135.0,6380135.0,6380135.0,6380135.0,0.01392848
1788606000,6380135.0,6380135.0,6250136.0,6250136.0,0.02876479
1788609600,6250136.0,6250136.0,6250136.0,6250136.0,0.0
1788613200,6599960.0,6599960.0,6599960.0,6599960.0,0.0016597
1788616800,6250213.0,6250213.0,6250001.0,6250001.0,0.41392095
1788620400,6599797.0,6599797.0,6599797.0,6599797.0,0.01439013
1788624000,6250001.0,6666666.0,6250000.0,6250000.0,0.32331635
1788627600,6386648.0,6670000.0,6386648.0,6669994.0,0.14435301
1788631200,6669994.0,6669994.0,6669994.0,6669994.0,0.0
1788634800,6499990.0,6500000.0,6499990.0,6500000.0,0.03429525
1788638400,6500000.0,6500000.0,6500000.0,6500000.0,0.0
1788642000,6500000.0,6500000.0,6500000.0,6500000.0,0.0
1788645600,6500000.0,6500000.0,6500000.0,6500000.0,0.0
1788649200,6252893.0,6252893.0,6250000.0,6250000.0,0.14282558
1788652800,6499909.0,6499909.0,6252006.0,6252006.0,0.0045118
1788656400,6499854.0,6499854.0,6252118.0,6252118.0,0.0193037
1788660000,6499777.0,6499777.0,6499777.0,6499777.0,0.00156036
1788663600,6399555.0,6499780.0,6399555.0,6499780.0,0.13847516
1788667200,6252112.0,6499780.0,6252112.0,6499780.0,0.02205812
1788670800,6499770.0,6499780.0,6499770.0,6499780.0,0.03830532
1788674400,6252132.0,6499768.0,6252132.0,6499768.0,0.0197563
1788678000,6499768.0,6499768.0,6499768.0,6499768.0,0.00545788
1788681600,6499768.0,6499768.0,6498766.0,6498768.0,0.0205621
1788685200,6498768.0,6498768.0,6498768.0,6498768.0,0.0
1788688800,6498767.0,6498767.0,6253148.0,6498767.0,0.01072922
1788692400,6253416.0,6253416.0,6253416.0,6253416.0,0.00177022
1788696000,6498764.0,6498767.0,6253321.0,6253321.0,0.03444959
1788699600,6253312.0,6498762.0,6252827.0,6252827.0,0.17569644
1788703200,6398735.0,6398735.0,6252828.0,6252828.0,0.00459903
1788706800,6252828.0,6398744.0,6252828.0,6398742.0,0.01548622
1788710400,6252828.0,6252828.0,6252828.0,6252828.0,0.00253207
1788714000,6398736.0,6498767.0,6398736.0,6498767.0,0.02598102
1788717600,6498767.0,6498767.0,6498767.0,6498767.0,0.0
1788721200,6398766.0,6398766.0,6398766.0,6398766.0,0.00228606
1788724800,6398766.0,6398766.0,6398766.0,6398766.0,0.0
1788728400,6398766.0,6398766.0,6398766.0,6398766.0,0.0
1788732000,6252829.0,6498767.0,6252829.0,6498767.0,0.00593095
1788735600,6252829.0,6252829.0,6252829.0,6252829.0,0.0039894
1788739200,6252829.0,6252829.0,6252829.0,6252829.0,0.0
1788742800,6398766.0,6498767.0,6398766.0,6498767.0,0.03906072
1788746400,6498767.0,6498767.0,6498767.0,6498767.0,0.0
1788750000,6498767.0,6498767.0,6498767.0,6498767.0,0.0
1788753600,6252833.0,6398766.0,6252830.0,6398766.0,0.14055368
1788757200,6252830.0,6398766.0,6252830.0,6398766.0,0.00348243
1788760800,6252830.0,6252830.0,6252830.0,6252830.0,0.00778944
1788764400,6252830.0,6252830.0,6252830.0,6252830.0,0.00224999
1788768000,6398766.0,6398766.0,6398766.0,6398766.0,0.00413829
1788771600,6398766.0,6398766.0,6398766.0,6398766.0,0.0
1788775200,6398766.0,6498761.0,6252878.0,6252878.0,0.01517824
1788778800,6498758.0,6498758.0,6498758.0,6498758.0,0.00157076
1788782400,6398748.0,6398750.0,6398748.0,6398750.0,0.00778199
1788786000,6398750.0,6398750.0,6398750.0,6398750.0,0.0
1788789600,6398750.0,6398750.0,6253093.0,6253093.0,0.00460655
1788793200,6253093.0,6253093.0,6253093.0,6253093.0,0.00207852
1788796800,6398750.0,6498762.0,6398750.0,6498762.0,0.05226009
1788800400,6498762.0,6498762.0,6498762.0,6498762.0,0.0
1788804000,6498762.0,6498762.0,6498762.0,6498762.0,0.0
1788807600,6498762.0,6498762.0,6498762.0,6498762.0,0.0
1788811200,6498762.0,6498762.0,6498762.0,6498762.0,0.0
1788814800,6498762.0,6498762.0,6498762.0,6498762.0,0.0
1788818400,6498762.0,6498762.0,6498762.0,6498762.0,0.0
1788822000,6398750.0,6398750.0,6398750.0,6398750.0,0.00155639
1788825600,6253102.0,6498768.0,6253102.0,6498768.0,0.13805592
1788829200,6253323.0,6499805.0,6253098.0,6253098.0,0.33336075
1788832800,6253112.0,6499801.0,6253110.0,6499793.0,0.05950831
1788836400,6399785.0,6399786.0,6399785.0,6399786.0,0.01998769
1788840000,6353167.0,6353167.0,6353167.0,6353167.0,0.00223297
1788843600,6499779.0,6499793.0,6353167.0,6353167.0,0.00986858
1788847200,6499788.0,6499789.0,6499788.0,6499789.0,0.03064422
1788850800,6353167.0,6499793.0,6349168.0,6349168.0,0.01559593
1788854400,6499788.0,6499794.0,6253162.0,6499793.0,0.07698464
1788858000,6499793.0,6499793.0,6499793.0,6499793.0,0.0
1788861600,6499793.0,6499793.0,6499793.0,6499793.0,0.0
1788865200,6499793.0,6499793.0,6499793.0,6499793.0,0.0
1788868800,6363169.0,6363169.0,6253098.0,6253100.0,0.32296396
1788872400,6253108.0,6499762.0,6253106.0,6253175.0,0.00804592
1788876000,6399771.0,6499777.0,6353222.0,6413198.0,0.02864185
1788879600,6499778.0,6499778.0,6499778.0,6499778.0,0.00715332
1788883200,6433207.0,6499773.0,6433205.0,6499773.0,0.01244915
1788886800,6433205.0,6499777.0,6433205.0,6433205.0,0.02170611
1788890400,6433205.0,6433205.0,6433205.0,6433205.0,0.0
1788894000,6433205.0,6433205.0,6433205.0,6433205.0,0.0
1788897600,6433205.0,6433205.0,6433205.0,6433205.0,0.0
1788901200,6433206.0,6499777.0,6433206.0,6499777.0,0.01187083
1788904800,6433206.0,6433206.0,6433205.0,6433205.0,0.01525823
1788908400,6433205.0,6433205.0,6433205.0,6433205.0,0.0
1788912000,6433205.0,6433205.0,6433205.0,6433205.0,0.0
1788915600,6499772.0,6500000.0,6499772.0,6500000.0,0.29012028
1788919200,6433214.0,6500000.0,6433214.0,6500000.0,0.01153183
1788922800,6443215.0,6443215.0,6433214.0,6433214.0,0.02543726
1788926400,6433214.0,6433214.0,6433214.0,6433214.0,0.0
1788930000,6433220.0,6666665.0,6433220.0,6453231.0,0.05373195
1788933600,6453231.0,6453231.0,6453231.0,6453231.0,0.0
1788937200,6453231.0,6453231.0,6453231.0,6453231.0,0.0
1788940800,6496664.0,6496664.0,6496664.0,6496664.0,0.00182709
1788944400,6453231.0,6453231.0,6453231.0,6453231.0,0.00612133
1788948000,6453231.0,6453231.0,6433201.0,6433201.0,0.15552457
1788951600,6433201.0,6433201.0,6433201.0,6433201.0,0.00544207
1788955200,6433201.0,6433201.0,6433201.0,6433201.0,0.0
1788958800,6433201.0,6433201.0,6433201.0,6433201.0,0.0
