ts,open,high,low,close,volume
1776242700,6220419.0,6220419.0,6220419.0,6220419.0,0.00802111
1776243600,6220419.0,6220419.0,6220419.0,6220419.0,0.0
1776244500,6220419.0,6220419.0,6220419.0,6220419.0,0.0
1776245400,6220419.0,6220419.0,6220419.0,6220419.0,0.0
1776246300,6220419.0,6220419.0,6220419.0,6220419.0,0.0
1776247200,6220419.0,6220419.0,6220419.0,6220419.0,0.0
1776248100,6220419.0,6220419.0,6220419.0,6220419.0,0.0
1776249000,6220419.0,6220419.0,6220419.0,6220419.0,0.0
1776249900,6220419.0,6220419.0,6220419.0,6220419.0,0.0
1776250800,6220419.0,6220419.0,6220419.0,6220419.0,0.0
1776251700,6220419.0,6220419.0,6220419.0,6220419.0,0.0
1776252600,6220419.0,6220419.0,6220419.0,6220419.0,0.0
1776253500,6220419.0,6220419.0,6220419.0,6220419.0,0.0
1776254400,6220419.0,6220419.0,6220419.0,6220419.0,0.0
1776255300,6220419.0,6220419.0,6220419.0,6220419.0,0.0
1776256200,6220419.0,6220419.0,6220419.0,6220419.0,0.0
1776257100,6220419.0,6220419.0,6220419.0,6220419.0,0.0
1776258000,6220419.0,6220419.0,6220419.0,6220419.0,0.0
1776258900,6220419.0,6220419.0,6220419.0,6220419.0,0.0
1776259800,6220419.0,6220419.0,6220419.0,6220419.0,0.0
1776260700,6220419.0,6220419.0,6220419.0,6220419.0,0.0
1776261600,6220419.0,6220419.0,6220419.0,6220419.0,0.0
1776262500,6220419.0,6220419.0,6220419.0,6220419.0,0.0
1776263400,6220419.0,6220419.0,6220419.0,6220419.0,0.0
1776264300,6220419.0,6220419.0,6220419.0,6220419.0,0.0
1776265200,6220419.0,6220419.0,6220419.0,6220419.0,0.0
1776266100,6220419.0,6220419.0,6220419.0,6220419.0,0.0
1776267000,6220419.0,6220419.0,6220419.0,6220419.0,0.0
1776267900,6220419.0,6220419.0,6220419.0,6220419.0,0.0
1776268800,6220419.0,6220419.0,6220419.0,6220419.0,0.0
1776269700,6220419.0,6220419.0,6220419.0,6220419.0,0.0
1776270600,6220419.0,6220419.0,6220419.0,6220419.0,0.0
1776271500,6220419.0,6220419.0,6220419.0,6220419.0,0.0
1776272400,6220419.0,6220419.0,6220419.0,6220419.0,0.0
1776273300,6220419.0,6220419.0,6220419.0,6220419.0,0.0
1776274200,6220419.0,6220419.0,6220419.0,6220419.0,0.0
1776275100,6220419.0,6220419.0,6220419.0,6220419.0,0.0
1776276000,6220419.0,6220419.0,6220419.0,6220419.0,0.0
1776276900,6220419.0,6220419.0,6220419.0,6220419.0,0.0
1776277800,6220419.0,6220419.0,6220419.0,6220419.0,0.0
1776278700,6220419.0,6220419.0,6220419.0,6220419.0,0.0
1776279600,6220419.0,6220419.0,6220419.0,6220419.0,0.0
1776280500,6220419.0,6220419.0,6220419.0,6220419.0,0.0
1776281400,6220419.0,6220419.0,6220419.0,6220419.0,0.0
1776282300,6220419.0,6220419.0,6220419.0,6220419.0,0.0
1776283200,6220419.0,6220419.0,6220419.0,6220419.0,0.0
1776284100,6220419.0,6220419.0,6220419.0,6220419.0,0.0
1776285000,6220419.0,6220419.0,6220419.0,6220419.0,0.0
1776285900,6220419.0,6220419.0,6220419.0,6220419.0,0.0
1776286800,6220419.0,6220419.0,6220419.0,6220419.0,0.0
1776287700,6220419.0,6220419.0,6220419.0,6220419.0,0.0
1776288600,6220419.0,6220419.0,6220419.0,6220419.0,0.0
1776289500,6220419.0,6220419.0,6220419.0,6220419.0,0.0
1776290400,6220419.0,6220419.0,6220419.0,6220419.0,0.0
1776291300,6220419.0,6220419.0,6220419.0,6220419.0,0.0
1776292200,6220419.0,6220419.0,6220419.0,6220419.0,0.0
1776293100,6220419.0,6220419.0,6220419.0,6220419.0,0.0
1776294000,6220419.0,6220419.0,6220419.0,6220419.0,0.0
1776294900,6220419.0,6220419.0,6220419.0,6220419.0,0.0
1776295800,6220419.0,6220419.0,6220419.0,6220419.0,0.0
1776296700,6220419.0,6220419.0,6220419.0,6220419.0,0.0
1776297600,6220419.0,6220419.0,6220419.0,6220419.0,0.0
1776298500,6220419.0,6220419.0,6220419.0,6220419.0,0.0
1776299400,6220419.0,6220419.0,6220419.0,6220419.0,0.0
1776300300,6220419.0,6220419.0,6220419.0,6220419.0,0.0
1776301200,6220419.0,6220419.0,6220419.0,6220419.0,0.0
1776302100,6220419.0,6220419.0,6220419.0,6220419.0,0.0
1776303000,6220419.0,6220419.0,6220419.0,6220419.0,0.0
1776303900,6220419.0,6220419.0,6220419.0,6220419.0,0.0
1776304800,6220419.0,6220419.0,6220419.0,6220419.0,0.0
1776305700,6220419.0,6220419.0,6220419.0,6220419.0,0.0
1776306600,6220419.0,6220419.0,6220419.0,6220419.0,0.0
1776307500,6220419.0,6220419.0,6220419.0,6220419.0,0.0
1776308400,6220419.0,6220419.0,6220419.0,6220419.0,0.0
1776309300,6220419.0,6220419.0,6220419.0,6220419.0,0.0
1776310200,6220419.0,6220419.0,6220419.0,6220419.0,0.0
1776311100,6220419.0,6220419.0,6220419.0,6220419.0,0.0
1776312000,6220419.0,6220419.0,6220419.0,6220419.0,0.0
1776312900,6220419.0,6220419.0,6220419.0,6220419.0,0.0
1776313800,6220419.0,6220419.0,6220419.0,6220419.0,0.0
1776314700,6220419.0,6220419.0,6220419.0,6220419.0,0.0
1776315600,6220419.0,6220419.0,6220419.0,6220419.0,0.0
1776316500,6220419.0,6220419.0,6220419.0,6220419.0,0.0
1776317400,6220419.0,6220419.0,6220419.0,6220419.0,0.0
1776318300,6220419.0,6220419.0,6220419.0,6220419.0,0.0
1776319200,6220419.0,6220419.0,6220419.0,6220419.0,0.0
1776320100,6220419.0,6220419.0,6220419.0,6220419.0,0.0
1776321000,6220419.0,6220419.0,6220419.0,6220419.0,0.0
1776321900,6220419.0,6220419.0,6220419.0,6220419.0,0.0
1776322800,6865369.0,6865369.0,6865369.0,6865369.0,0.13781063
1776323700,6865369.0,6865369.0,6865369.0,6865369.0,0.05084385
1776324600,6865369.0,6865369.0,6865369.0,6865369.0,0.00726748
1776325500,6865368.0,6865368.0,6865368.0,6865368.0,0.00726749
1776326400,6850000.0,6865368.0,6850000.0,6865368.0,0.08890767
1776327300,6865369.0,6865369.0,6865369.0,6865369.0,0.03269205
1776328200,6865369.0,6865369.0,6000008.0,6000008.0,0.01361703
1776329100,6865369.0,6865369.0,6865369.0,6865369.0,0.02066254
1776330000,6865369.0,6865369.0,6865369.0,6865369.0,0.07413658
1776330900,6865369.0,6865369.0,6865369.0,6865369.0,0.0
1776331800,6865369.0,6865369.0,6000021.0,6750000.0,0.08968357
1776332700,6750000.0,6750000.0,6750000.0,6750000.0,0.00376977
1776333600,6000557.0,6750000.0,6000557.0,6750000.0,0.03080802
1776334500,6750000.0,6750000.0,6750000.0,6750000.0,0.0
1776335400,6750000.0,6750000.0,6750000.0,6750000.0,0.00312681
1776336300,6750000.0,6750000.0,6750000.0,6750000.0,0.00271185
1776337200,6750000.0,6750000.0,6750000.0,6750000.0,0.0
1776338100,6750000.0,6750000.0,6750000.0,6750000.0,0.00176325
1776339000,6010800.0,6858076.0,6010800.0,6840140.0,0.10955617
1776339900,6840140.0,6840140.0,6840140.0,6840140.0,0.02294104
1776340800,6840140.0,6840140.0,6840140.0,6840140.0,0.0
1776341700,6840120.0,6840120.0,6015980.0,6840120.0,0.0147246
1776342600,6840120.0,6840120.0,6840000.0,6840000.0,0.00948651
1776343500,6840000.0,6840139.0,6840000.0,6840139.0,0.00934676
1776344400,6840139.0,6865369.0,6840139.0,6865369.0,0.32323791
1776345300,6840000.0,6840000.0,6673109.0,6673109.0,1.15370965
1776346200,6837802.0,6837802.0,6576032.0,6576032.0,0.01189931
1776347100,6576032.0,6679122.0,6017960.0,6496685.0,0.06583477
1776348000,6664000.0,6664000.0,6664000.0,6664000.0,0.00895738
1776348900,6664000.0,6840000.0,6664000.0,6840000.0,0.07463724
1776349800,6699455.0,6699455.0,6553526.0,6555006.0,0.16939903
1776350700,6840000.0,6840000.0,6679094.0,6679094.0,0.00575449
1776351600,6705204.0,6705204.0,6704992.0,6704992.0,0.00455983
1776352500,6722325.0,6722346.0,6598080.0,6598080.0,0.00571339
1776353400,6598475.0,6760189.0,6598475.0,6760189.0,0.11172327
1776354300,6602371.0,6766049.0,6602371.0,6766049.0,0.15606467
1776355200,6616991.0,6840000.0,6616991.0,6761887.0,0.01088732
1776356100,6755879.0,6775783.0,6615000.0,6615000.0,0.00676977
1776357000,6615000.0,6615000.0,6615000.0,6615000.0,0.00297062
1776357900,6748817.0,6757549.0,6748817.0,6757549.0,0.22493877
1776358800,6757549.0,6757549.0,6757549.0,6757549.0,0.0
1776359700,6751522.0,6751522.0,6735874.0,6735874.0,0.2385943
1776360600,6735874.0,6735874.0,6735874.0,6735874.0,0.0
1776361500,6735874.0,6735874.0,6735874.0,6735874.0,0.0
1776362400,6615001.0,6615001.0,6615000.0,6615000.0,0.22404014
1776363300,6615000.0,6615000.0,6615000.0,6615000.0,0.0
1776364200,6615000.0,6615000.0,6615000.0,6615000.0,0.0
1776365100,6615000.0,6615000.0,6615000.0,6615000.0,0.0
1776366000,6732441.0,6840000.0,6615000.0,6615000.0,0.25032846
1776366900,6615000.0,6615000.0,6615000.0,6615000.0,0.0
1776367800,6615000.0,6615000.0,6615000.0,6615000.0,0.00555219
1776368700,6615000.0,6615000.0,6615000.0,6615000.0,0.0070921
1776369600,6615000.0,6615000.0,6615000.0,6615000.0,0.0
1776370500,6757938.0,6757938.0,6757938.0,6757938.0,0.23294886
1776371400,6757938.0,6757938.0,6757938.0,6757938.0,0.0
1776372300,7100000.0,7100000.0,7100000.0,7100000.0,0.00327352
1776373200,6725836.0,6725836.0,6725836.0,6725836.0,0.00160188
1776374100,6725836.0,6725836.0,6725836.0,6725836.0,0.0
1776375000,7100000.0,7100000.0,6725836.0,6725836.0,0.00655506
1776375900,6725836.0,6725836.0,6725836.0,6725836.0,0.0
1776376800,6729488.0,6729488.0,6729488.0,6729488.0,0.01011503
1776377700,6729488.0,6729488.0,6729488.0,6729488.0,0.0
1776378600,6716485.0,6737979.0,6716485.0,6737646.0,0.12249689
1776379500,7100000.0,7100000.0,6615000.0,6615000.0,0.01253572
1776380400,6615000.0,6615000.0,6615000.0,6615000.0,0.0
1776381300,6615000.0,6615000.0,6615000.0,6615000.0,0.0
1776382200,6730544.0,6730544.0,6730544.0,6730544.0,0.2959361
1776383100,6615000.0,6615000.0,6615000.0,6615000.0,0.00327331
1776384000,6615000.0,6615000.0,6615000.0,6615000.0,0.0
1776384900,6615000.0,6615000.0,6615000.0,6615000.0,0.0
1776385800,6615001.0,6615001.0,6615000.0,6615000.0,0.23614066
1776386700,7100000.0,7100000.0,7100000.0,7100000.0,0.0017907
1776387600,6722327.0,7100000.0,6615000.0,6615000.0,0.67465223
1776388500,6615000.0,6615000.0,6615000.0,6615000.0,0.0017907
1776389400,6615000.0,6615000.0,6615000.0,6615000.0,0.0
1776390300,6615000.0,6615000.0,6615000.0,6615000.0,0.0
1776391200,6706364.0,6706364.0,6706364.0,6706364.0,0.001485
1776392100,6721946.0,6721946.0,6615002.0,6716703.0,0.0260954
1776393000,6718190.0,6719520.0,6718190.0,6719520.0,0.00444658
1776393900,6720730.0,7100000.0,6719207.0,6721699.0,0.04632634
1776394800,6615003.0,6615003.0,6615003.0,6615003.0,0.02948465
1776395700,6615003.0,6615003.0,6615003.0,6615003.0,0.0
1776396600,6615003.0,6615003.0,6615003.0,6615003.0,0.0
1776397500,6615003.0,6615003.0,6615003.0,6615003.0,0.0
1776398400,6706879.0,6706879.0,6705910.0,6705910.0,1.07912296
1776399300,6713955.0,6713955.0,6713955.0,6713955.0,0.01062682
1776400200,6708484.0,7000000.0,6708484.0,7000000.0,0.02004163
1776401100,7000000.0,7000000.0,6729390.0,7000000.0,0.13041625
1776402000,6715323.0,6715323.0,6615009.0,6615009.0,0.23769557
1776402900,6615009.0,6615009.0,6615009.0,6615009.0,0.16143115
1776403800,6615009.0,6705249.0,6615009.0,6705249.0,0.03897984
1776404700,6615010.0,6731605.0,6615010.0,6731605.0,0.12993421
1776405600,6731272.0,6731272.0,6615011.0,6717736.0,0.01830893
1776406500,6717795.0,6718330.0,6717795.0,6718330.0,0.02380158
1776407400,6722493.0,6722493.0,6722493.0,6722493.0,0.00400089
1776408300,6900000.0,6900000.0,6900000.0,6900000.0,0.00144333
1776409200,6615012.0,6615012.0,6615012.0,6615012.0,0.0133271
1776410100,6721584.0,6721584.0,6721584.0,6721584.0,0.00250208
1776411000,6721584.0,6721584.0,6721584.0,6721584.0,0.0
1776411900,6752419.0,6752419.0,6752419.0,6752419.0,0.00443337
1776412800,6752763.0,6752763.0,6615016.0,6615016.0,0.00314458
1776413700,6749139.0,6749424.0,6749139.0,6749424.0,0.00861086
1776414600,6750246.0,6750246.0,6750246.0,6750246.0,0.0029507
1776415500,6620152.0,6767609.0,6620152.0,6767609.0,0.01271722
1776416400,6775211.0,6775211.0,6775211.0,6775211.0,0.00146991
1776417300,6775211.0,6775211.0,6775211.0,6775211.0,0.0
1776418200,6629353.0,6629353.0,6629353.0,6629353.0,0.02194769
1776419100,6774853.0,6775666.0,6629432.0,6630946.0,0.01723194
1776420000,6779098.0,6779098.0,6772593.0,6772593.0,0.01375293
1776420900,6772593.0,6772593.0,6772593.0,6772593.0,0.0
1776421800,6772213.0,6772213.0,6772213.0,6772213.0,0.00147056
1776422700,6772779.0,6772779.0,6772779.0,6772779.0,0.05156273
1776423600,6800000.0,6800000.0,6800000.0,6800000.0,0.00733735
1776424500,6631661.0,6662769.0,6631661.0,6662769.0,0.00937739
1776425400,6662804.0,6678755.0,6662804.0,6678755.0,0.0086985
1776426300,6808442.0,6808443.0,6808442.0,6808443.0,0.16696901
1776427200,6808443.0,6808443.0,6808443.0,6808443.0,0.0
1776428100,6808443.0,6808443.0,6808443.0,6808443.0,0.0
1776429000,6808443.0,6808443.0,6808443.0,6808443.0,0.0
1776429900,6735204.0,6808300.0,6735204.0,6808300.0,0.02628273
1776430800,6808300.0,6808300.0,6808300.0,6808300.0,0.0
1776431700,6758238.0,6758238.0,6707393.0,6707393.0,0.02368882
1776432600,6808300.0,6808300.0,6808300.0,6808300.0,0.00413774
1776433500,6808300.0,6808300.0,6808300.0,6808300.0,0.0
1776434400,6808300.0,6808300.0,6808300.0,6808300.0,0.0
1776435300,6808300.0,6808300.0,6808300.0,6808300.0,0.00674779
1776436200,6808300.0,6900000.0,6808300.0,6900000.0,0.0137736
1776437100,6900000.0,6900000.0,6900000.0,6900000.0,0.05741028
1776438000,6900000.0,6900000.0,6900000.0,6900000.0,0.00144333
1776438900,6900000.0,6900000.0,6900000.0,6900000.0,0.0727645
1776439800,7066868.0,7066868.0,6913310.0,6913310.0,0.02010656
1776440700,7033718.0,7033719.0,7024645.0,7024645.0,0.46592893
1776441600,6913500.0,6913500.0,6882300.0,6882300.0,0.14560014
1776442500,6882300.0,6882300.0,6882300.0,6882300.0,0.0
1776443400,7020000.0,7020000.0,7019969.0,7019988.0,0.34875756
1776444300,7019993.0,7019993.0,6883325.0,7019984.0,0.01017947
1776445200,7019984.0,7019984.0,7019984.0,7019984.0,0.0
1776446100,6886322.0,6886322.0,6886322.0,6886322.0,0.2128497
1776447000,6928992.0,6928992.0,6928992.0,6928992.0,0.00145576
1776447900,6928992.0,6928992.0,6928992.0,6928992.0,0.0
1776448800,6908365.0,6908365.0,6908365.0,6908365.0,0.00504547
1776449700,6907552.0,6916420.0,6907552.0,6916420.0,0.01203565
1776450600,6916420.0,6916420.0,6916420.0,6916420.0,0.0
1776451500,6950708.0,6950708.0,6950707.0,6950707.0,0.06332678
1776452400,6938163.0,6938163.0,6938163.0,6938163.0,0.01182243
1776453300,6938163.0,6938163.0,6938163.0,6938163.0,0.0
1776454200,6948987.0,6948987.0,6948987.0,6948987.0,0.00143315
1776455100,6927413.0,6927413.0,6927413.0,6927413.0,0.07295118
1776456000,6927413.0,6927413.0,6927413.0,6927413.0,0.0
1776456900,6927413.0,6927413.0,6927413.0,6927413.0,0.0
1776457800,6999999.0,6999999.0,6999999.0,6999999.0,0.00142271
1776458700,6999999.0,6999999.0,6999999.0,6999999.0,0.0
1776459600,6999999.0,6999999.0,6999999.0,6999999.0,0.0
1776460500,6999999.0,6999999.0,6999999.0,6999999.0,0.0
1776461400,6944832.0,6944833.0,6944832.0,6944833.0,0.05
1776462300,6944833.0,6944833.0,6944833.0,6944833.0,0.0
1776463200,6944833.0,6944833.0,6944833.0,6944833.0,0.0
1776464100,6944833.0,6944833.0,6944833.0,6944833.0,0.0
1776465000,6944833.0,6944833.0,6944833.0,6944833.0,0.0
1776465900,6944833.0,6944833.0,6944833.0,6944833.0,0.0
1776466800,6944833.0,6944833.0,6944833.0,6944833.0,0.0
1776467700,7000000.0,7000000.0,7000000.0,7000000.0,0.01422714
1776468600,7000000.0,7000000.0,7000000.0,7000000.0,0.0
1776469500,6967939.0,6967939.0,6967939.0,6967939.0,0.14048357
1776470400,6967939.0,6967939.0,6967939.0,6967939.0,0.0
1776471300,6967939.0,6967939.0,6967939.0,6967939.0,0.0
1776472200,6967939.0,6967939.0,6967939.0,6967939.0,0.0
1776473100,6967939.0,6967939.0,6967939.0,6967939.0,0.0
1776474000,6933541.0,6942575.0,6933541.0,6942575.0,0.00748261
1776474900,6942575.0,6942575.0,6942575.0,6942575.0,0.00682124
1776475800,6908351.0,6908351.0,6908351.0,6908351.0,0.08979262
1776476700,6816671.0,6816671.0,6776403.0,6776403.0,0.08979262
1776477600,6921017.0,6921017.0,6921017.0,6921017.0,0.00143895
1776478500,6776424.0,6919752.0,6776421.0,6919752.0,0.03699779
1776479400,6919816.0,6919817.0,6919816.0,6919817.0,0.14447795
1776480300,7000000.0,7000000.0,7000000.0,7000000.0,0.00142271
1776481200,6933367.0,6933367.0,6933367.0,6933367.0,0.00329911
1776482100,6939969.0,6993367.0,6939969.0,6939969.0,0.00463689
1776483000,6939969.0,6939969.0,6939969.0,6939969.0,0.0
1776483900,6939969.0,6939969.0,6939969.0,6939969.0,0.0
1776484800,6939969.0,6939969.0,6939969.0,6939969.0,0.0
1776485700,6936321.0,6936321.0,6936321.0,6936321.0,0.1258784
1776486600,6938232.0,6938232.0,6938232.0,6938232.0,2.87626674
1776487500,6805005.0,6805005.0,6805005.0,6805005.0,0.01336075
1776488400,6901749.0,6901749.0,6901749.0,6901749.0,0.0216929
1776489300,6901749.0,6901749.0,6901749.0,6901749.0,0.06987141
1776490200,6950566.0,6950566.0,6805267.0,6805267.0,0.00542804
1776491100,6990000.0,6990000.0,6915995.0,6915995.0,0.03930284
1776492000,6805999.0,6805999.0,6805999.0,6805999.0,0.00590442
1776492900,6956000.0,6956000.0,6956000.0,6956000.0,0.00324813
1776493800,6956000.0,6956298.0,6956000.0,6956298.0,0.00400871
1776494700,6949176.0,6949176.0,6949176.0,6949176.0,0.01447452
1776495600,6949176.0,6949176.0,6949176.0,6949176.0,0.0
1776496500,6949176.0,6949176.0,6949176.0,6949176.0,0.00143311
1776497400,6990000.0,6990000.0,6990000.0,6990000.0,0.0042246
1776498300,6990000.0,6990000.0,6990000.0,6990000.0,0.0
1776499200,6990000.0,6990000.0,6990000.0,6990000.0,0.0
1776500100,6920338.0,6920338.0,6920338.0,6920338.0,0.0038855
1776501000,6806056.0,6806056.0,6806056.0,6806056.0,0.00287032
1776501900,6920337.0,6920338.0,6788667.0,6788669.0,0.4482731
1776502800,6909000.0,6909000.0,6909000.0,6909000.0,0.00743349
1776503700,6909000.0,6909220.0,6909000.0,6909220.0,1.99993707
1776504600,6897754.0,6897754.0,6897754.0,6897754.0,0.11445029
1776505500,6790000.0,6914000.0,6754302.0,6754302.0,2.88010477
1776506400,6904005.0,6904005.0,6773336.0,6901000.0,0.04347202
1776507300,6901000.0,6901000.0,6901000.0,6901000.0,0.0
1776508200,6901000.0,6901000.0,6771466.0,6901000.0,0.00669716
1776509100,6771466.0,6771466.0,6751993.0,6751993.0,0.03339842
1776510000,6751993.0,6751993.0,6751993.0,6751993.0,0.0
1776510900,6897754.0,6897754.0,6897054.0,6897054.0,0.00426812
1776511800,6897054.0,6897054.0,6897054.0,6897054.0,0.0
1776512700,6897054.0,6897054.0,6897054.0,6897054.0,0.0
1776513600,6897054.0,6897054.0,6776205.0,6897054.0,0.01790567
1776514500,6897054.0,6897054.0,6776205.0,6776205.0,0.02873712
1776515400,6776205.0,6776205.0,6776205.0,6776205.0,0.0
1776516300,6776205.0,6776205.0,6776205.0,6776205.0,0.0
1776517200,6776207.0,6776207.0,6776205.0,6776205.0,0.07295118
1776518100,6776205.0,6776205.0,6776205.0,6776205.0,0.0038855
1776519000,6776205.0,6776205.0,6776205.0,6776205.0,0.00289833
1776519900,6776205.0,6896053.0,6747505.0,6759061.0,0.4691985
1776520800,6759061.0,6759061.0,6759061.0,6759061.0,0.0
1776521700,6759061.0,6759061.0,6759061.0,6759061.0,0.0
1776522600,6020100.0,6893758.0,6020100.0,6778094.0,0.46403788
1776523500,6741727.0,6741727.0,6741727.0,6741727.0,0.00376977
1776524400,6761100.0,6778094.0,6761100.0,6778094.0,0.07807512
1776525300,6778094.0,6778094.0,6778094.0,6778094.0,0.0
1776526200,6773166.0,6773166.0,6773166.0,6773166.0,0.55601944
1776527100,6778094.0,6778094.0,6778094.0,6778094.0,0.00288945
1776528000,6778094.0,6778094.0,6778094.0,6778094.0,0.0
1776528900,6778094.0,6778094.0,6778094.0,6778094.0,0.01483986
1776529800,6778094.0,6778094.0,6778094.0,6778094.0,0.00146929
1776530700,6778094.0,6778094.0,6778094.0,6778094.0,0.04425637
1776531600,6883203.0,6883203.0,6883203.0,6883203.0,0.01539559
1776532500,6883203.0,6883203.0,6883203.0,6883203.0,0.00189751
1776533400,6880034.0,6880034.0,6880034.0,6880034.0,0.00144955
1776534300,6880034.0,6880034.0,6880034.0,6880034.0,0.0
1776535200,6880034.0,6880034.0,6880034.0,6880034.0,0.0
1776536100,6879165.0,6879165.0,6879165.0,6879165.0,0.01159312
1776537000,6729321.0,6729321.0,6729321.0,6729321.0,0.00199154
1776537900,6879165.0,6879165.0,6879165.0,6879165.0,0.0014477
1776538800,6879165.0,6879165.0,6879165.0,6879165.0,0.0
1776539700,6879165.0,6879165.0,6879165.0,6879165.0,0.0
1776540600,6879165.0,6879165.0,6879165.0,6879165.0,0.0
1776541500,6879165.0,6879165.0,6879165.0,6879165.0,0.00289163
1776542400,6879165.0,6879165.0,6879165.0,6879165.0,0.0014477
1776543300,6879165.0,6879165.0,6879165.0,6879165.0,0.0
1776544200,6879165.0,6879165.0,6879165.0,6879165.0,0.02855637
1776545100,6879165.0,6879165.0,6879165.0,6879165.0,0.0
1776546000,6879165.0,6879165.0,6879165.0,6879165.0,0.0
1776546900,6879165.0,6879165.0,6879165.0,6879165.0,0.0
1776547800,6879165.0,6879165.0,6879165.0,6879165.0,0.0
1776548700,6879165.0,6879165.0,6879165.0,6879165.0,0.0
1776549600,6879165.0,6879165.0,6879165.0,6879165.0,0.0
1776550500,6879165.0,6879165.0,6879165.0,6879165.0,0.0
1776551400,6879165.0,6879165.0,6879165.0,6879165.0,0.0
1776552300,6879165.0,6879165.0,6879165.0,6879165.0,0.0
1776553200,6878165.0,6904049.0,6878165.0,6904049.0,1.45222615
1776554100,6904049.0,6905398.0,6904049.0,6905398.0,1.44221525
1776555000,6905398.0,6905398.0,6905398.0,6905398.0,0.0
1776555900,6759374.0,6898888.0,6749374.0,6898888.0,0.03963334
1776556800,6749994.0,6749994.0,6749994.0,6749994.0,0.03613766
1776557700,6749994.0,6749994.0,6749994.0,6749994.0,0.00174929
1776558600,6749994.0,6749994.0,6749994.0,6749994.0,0.00178874
1776559500,6749994.0,6749994.0,6749994.0,6749994.0,0.0
1776560400,6749994.0,6749994.0,6749994.0,6749994.0,0.0
1776561300,6749994.0,6749994.0,6749994.0,6749994.0,0.00682124
1776562200,6749994.0,6749994.0,6749994.0,6749994.0,0.0
1776563100,6749994.0,6749994.0,6749994.0,6749994.0,0.0
1776564000,6749994.0,6749994.0,6749994.0,6749994.0,0.0
1776564900,6879165.0,6880987.0,6879165.0,6880987.0,0.00685116
1776565800,6879165.0,6879165.0,6742916.0,6870165.0,0.4112249
1776566700,6754132.0,6754132.0,6754132.0,6754132.0,0.00326827
1776567600,6870165.0,6870165.0,6754132.0,6754132.0,0.00442589
1776568500,6870165.0,6870165.0,6870165.0,6870165.0,0.0033628
1776569400,6870165.0,6870165.0,6753962.0,6753962.0,0.00526504
1776570300,6753962.0,6753962.0,6753962.0,6753962.0,0.0
1776571200,6753962.0,6753962.0,6753962.0,6753962.0,0.0
1776572100,6753962.0,6753962.0,6753962.0,6753962.0,0.0
1776573000,6870165.0,6870165.0,6870165.0,6870165.0,0.007248
1776573900,6866483.0,6866483.0,6866483.0,6866483.0,0.61064055
1776574800,6866165.0,6866165.0,6866165.0,6866165.0,0.00396741
1776575700,6866165.0,6866165.0,6741897.0,6741897.0,0.0812578
1776576600,6870165.0,6870165.0,6741897.0,6741897.0,0.0050604
1776577500,6891021.0,6891021.0,6741897.0,6741897.0,0.03612596
1776578400,6741897.0,6741897.0,6741897.0,6741897.0,0.0
1776579300,6741897.0,6741897.0,6741897.0,6741897.0,0.0
1776580200,6863877.0,6863877.0,6863877.0,6863877.0,0.01392857
1776581100,6701621.0,6722013.0,6701621.0,6722013.0,0.14902269
1776582000,6722013.0,6882118.0,6722013.0,6882118.0,0.02526614
1776582900,6882118.0,6882118.0,6882118.0,6882118.0,0.00289416
1776583800,6891021.0,6891021.0,6732210.0,6882118.0,0.03310436
1776584700,6882118.0,6882118.0,6882118.0,6882118.0,0.0
1776585600,6882118.0,6882118.0,6732210.0,6732210.0,0.01152532
1776586500,6732210.0,6732210.0,6732210.0,6732210.0,0.0
1776587400,6732210.0,6732210.0,6732210.0,6732210.0,0.0
1776588300,6732210.0,6732210.0,6732210.0,6732210.0,0.0
1776589200,6732210.0,6732210.0,6732210.0,6732210.0,0.0
1776590100,6884029.0,6884029.0,6884029.0,6884029.0,0.00491572
1776591000,6884029.0,6891021.0,6734079.0,6734079.0,0.02315567
1776591900,6734079.0,6734079.0,6734079.0,6734079.0,0.16696878
1776592800,6723883.0,6723883.0,6723883.0,6723883.0,0.0132034
1776593700,6723883.0,6723883.0,6723883.0,6723883.0,0.00435872
1776594600,6723883.0,6723883.0,6723883.0,6723883.0,0.0
1776595500,6723883.0,6723883.0,6723883.0,6723883.0,0.0
1776596400,6723883.0,6723883.0,6723883.0,6723883.0,0.0
1776597300,6723883.0,6723883.0,6723883.0,6723883.0,0.0
1776598200,6723883.0,6723883.0,6723883.0,6723883.0,0.0
1776599100,6830687.0,6830687.0,6830687.0,6830687.0,0.00741345
1776600000,6830687.0,6830687.0,6830687.0,6830687.0,0.0
1776600900,6890006.0,6890006.0,6890006.0,6890006.0,0.00216806
1776601800,6890006.0,6890006.0,6890006.0,6890006.0,0.0
1776602700,6890006.0,6890006.0,6890006.0,6890006.0,0.0
1776603600,6763309.0,6763309.0,6763309.0,6763309.0,0.00298317
1776604500,6763309.0,6763309.0,6763309.0,6763309.0,0.0
1776605400,6763479.0,6763479.0,6763479.0,6763479.0,0.00213557
1776606300,6890006.0,6890006.0,6890006.0,6890006.0,0.01589969
1776607200,6890006.0,6890006.0,6890006.0,6890006.0,0.0
1776608100,6890006.0,6890006.0,6890006.0,6890006.0,0.0
1776609000,6890006.0,6890006.0,6890006.0,6890006.0,0.00408446
1776609900,6890006.0,6890006.0,6890006.0,6890006.0,0.00477706
1776610800,6890006.0,6890006.0,6890006.0,6890006.0,0.0
1776611700,6890006.0,6890006.0,6890006.0,6890006.0,0.0
1776612600,6890006.0,6890006.0,6890006.0,6890006.0,0.0
1776613500,6779956.0,6779956.0,6779956.0,6779956.0,0.00280535
1776614400,6779956.0,6876559.0,6779956.0,6876559.0,0.01778497
1776615300,6779956.0,6779956.0,6779956.0,6779956.0,0.01194434
1776616200,6779956.0,6779956.0,6779956.0,6779956.0,0.0
1776617100,6779956.0,6779956.0,6779956.0,6779956.0,0.0
1776618000,6779956.0,6779956.0,6779956.0,6779956.0,0.0
1776618900,6880040.0,6880040.0,6880040.0,6880040.0,0.00504197
1776619800,6779956.0,6880040.0,6779956.0,6880040.0,0.02460696
1776620700,6880040.0,6880040.0,6880040.0,6880040.0,0.0
1776621600,6880040.0,6880040.0,6880040.0,6880040.0,0.0
1776622500,6840058.0,6840058.0,6840058.0,6840058.0,0.00729438
1776623400,6779959.0,6779959.0,6707738.0,6707738.0,0.14048357
1776624300,6707738.0,6707738.0,6707738.0,6707738.0,0.0
1776625200,6707738.0,6707738.0,6707738.0,6707738.0,0.0
1776626100,6707738.0,6707738.0,6707738.0,6707738.0,0.0
1776627000,6707738.0,6707738.0,6707738.0,6707738.0,0.0
1776627900,6840058.0,6840058.0,6840058.0,6840058.0,0.00145598
1776628800,6840058.0,6840058.0,6840058.0,6840058.0,0.0
1776629700,6840058.0,6840058.0,6840058.0,6840058.0,0.0
1776630600,6840058.0,6840058.0,6840058.0,6840058.0,0.0
1776631500,6840058.0,6840058.0,6840058.0,6840058.0,0.0
1776632400,6840058.0,6840058.0,6840058.0,6840058.0,0.0
1776633300,6840058.0,6840058.0,6840058.0,6840058.0,0.0
1776634200,6836602.0,6836602.0,6836602.0,6836602.0,0.02359827
1776635100,6836602.0,6836602.0,6836602.0,6836602.0,0.0
1776636000,6836602.0,6836602.0,6836602.0,6836602.0,0.0
1776636900,6836602.0,6836602.0,6836602.0,6836602.0,0.0
1776637800,6836602.0,6836602.0,6836602.0,6836602.0,0.0
1776638700,6731173.0,6731173.0,6731173.0,6731173.0,0.05851183
1776639600,6731173.0,6731173.0,6731173.0,6731173.0,0.0
1776640500,6731173.0,6731173.0,6731173.0,6731173.0,0.0
1776641400,6738292.0,6738292.0,6738292.0,6738292.0,0.00173777
1776642300,6738292.0,6738292.0,6738292.0,6738292.0,0.0
1776643200,6738292.0,6738292.0,6738292.0,6738292.0,0.0
1776644100,6738292.0,6738292.0,6738292.0,6738292.0,0.0
1776645000,6738292.0,6738292.0,6738292.0,6738292.0,0.0
1776645900,6731173.0,6840097.0,6151112.0,6840097.0,1.13508946
1776646800,6840095.0,6840095.0,6709648.0,6709648.0,0.00814274
1776647700,6712803.0,6712803.0,6712803.0,6712803.0,0.00235873
1776648600,6712803.0,6712803.0,6712803.0,6712803.0,0.0
1776649500,6151120.0,6151120.0,6151120.0,6151120.0,0.00217584
1776650400,6151120.0,6151120.0,6151120.0,6151120.0,0.0
1776651300,6743504.0,6743504.0,6743504.0,6743504.0,0.00289163
1776652200,6743504.0,6743504.0,6743504.0,6743504.0,0.0
1776653100,6743504.0,6743504.0,6743504.0,6743504.0,0.0
1776654000,6839999.0,6839999.0,6839999.0,6839999.0,0.00154722
1776654900,6839999.0,6839999.0,6839999.0,6839999.0,0.0
1776655800,6839999.0,6839999.0,6839999.0,6839999.0,0.0
1776656700,6839999.0,6839999.0,6839999.0,6839999.0,0.0
1776657600,6839999.0,6839999.0,6839999.0,6839999.0,0.0
1776658500,6839999.0,6839999.0,6839999.0,6839999.0,0.0
1776659400,6839999.0,6839999.0,6839999.0,6839999.0,0.0
1776660300,6839999.0,6839999.0,6839999.0,6839999.0,0.0
1776661200,6839999.0,6839999.0,6839999.0,6839999.0,0.0
1776662100,6839999.0,6839999.0,6839999.0,6839999.0,0.00364722
1776663000,6839999.0,6839999.0,6839999.0,6839999.0,0.0
1776663900,6707732.0,6707732.0,6707732.0,6707732.0,0.02694416
1776664800,6830397.0,6830397.0,6709373.0,6709373.0,0.01086579
1776665700,6709373.0,6709373.0,6709373.0,6709373.0,0.0
1776666600,6709373.0,6709373.0,6709373.0,6709373.0,0.0
1776667500,6709373.0,6709373.0,6709373.0,6709373.0,0.0
1776668400,6709373.0,6709373.0,6709373.0,6709373.0,0.0
1776669300,6709373.0,6709373.0,6709373.0,6709373.0,0.0
1776670200,6709373.0,6709373.0,6709373.0,6709373.0,0.0
1776671100,6709373.0,6709373.0,6709373.0,6709373.0,0.0
1776672000,6839998.0,6839998.0,6839998.0,6839998.0,0.00145599
1776672900,6839998.0,6839998.0,6839998.0,6839998.0,0.0
1776673800,6839998.0,6839998.0,6839998.0,6839998.0,0.0
1776674700,6839998.0,6839998.0,6839998.0,6839998.0,0.0
1776675600,6839998.0,6839998.0,6839998.0,6839998.0,0.0
1776676500,6839998.0,6839998.0,6839998.0,6839998.0,0.0
1776677400,6839998.0,6839998.0,6839998.0,6839998.0,0.03854635
1776678300,6839998.0,6839998.0,6839998.0,6839998.0,0.0
1776679200,6839998.0,6839998.0,6839998.0,6839998.0,0.0
1776680100,6839998.0,6839998.0,6839998.0,6839998.0,0.0
1776681000,6839998.0,6839998.0,6839998.0,6839998.0,0.0
1776681900,6839997.0,6839997.0,6839997.0,6839997.0,0.00291198
1776682800,6839997.0,6839997.0,6839997.0,6839997.0,0.0
1776683700,6839997.0,6839997.0,6839997.0,6839997.0,0.00308026
1776684600,6839997.0,6839997.0,6839997.0,6839997.0,0.0
1776685500,6839997.0,6839997.0,6839997.0,6839997.0,0.0
1776686400,6839997.0,6839997.0,6839997.0,6839997.0,0.0
1776687300,6760092.0,6760092.0,6760092.0,6760092.0,0.00180889
1776688200,6760092.0,6760092.0,6760092.0,6760092.0,0.0
1776689100,6760092.0,6760092.0,6760092.0,6760092.0,0.0
1776690000,6783814.0,6839998.0,6783814.0,6839998.0,0.01000629
1776690900,6839998.0,6840090.0,6839998.0,6840090.0,0.2071707
1776691800,6859992.0,6880031.0,6831475.0,6831475.0,0.03646682
1776692700,6837640.0,6837640.0,6837640.0,6837640.0,0.01456496
1776693600,6837640.0,6837640.0,6837640.0,6837640.0,0.0
1776694500,6837640.0,6837640.0,6837640.0,6837640.0,0.0
1776695400,6837640.0,6837640.0,6837640.0,6837640.0,0.0
1776696300,6837640.0,6837640.0,6837640.0,6837640.0,0.0
1776697200,6740127.0,6740127.0,6740127.0,6740127.0,0.00509322
1776698100,6679274.0,6679274.0,6679274.0,6679274.0,0.00347957
1776699000,6679274.0,6679274.0,6679274.0,6679274.0,0.0
1776699900,6161902.0,6644028.0,6161902.0,6644028.0,0.0272334
1776700800,6637750.0,6637750.0,6637750.0,6637750.0,0.01513375
1776701700,6999009.0,6999009.0,6999009.0,6999009.0,0.00201757
1776702600,6784629.0,6786623.0,6162991.0,6162991.0,0.00587062
1776703500,6787919.0,6787919.0,6677239.0,6677239.0,0.00780404
1776704400,6677239.0,6677239.0,6677239.0,6677239.0,0.0
1776705300,6780648.0,6793009.0,6780648.0,6793009.0,0.02270384
1776706200,6795273.0,6795273.0,6795273.0,6795273.0,0.01468505
1776707100,6795273.0,6795273.0,6795273.0,6795273.0,0.0
1776708000,6795273.0,6795273.0,6795273.0,6795273.0,0.0
1776708900,6795273.0,6795273.0,6795273.0,6795273.0,0.0
1776709800,6795273.0,6795273.0,6795273.0,6795273.0,0.0
1776710700,6795273.0,6795273.0,6795273.0,6795273.0,0.0
1776711600,6795273.0,6795273.0,6795273.0,6795273.0,0.0
1776712500,6795273.0,6795273.0,6795273.0,6795273.0,0.0
1776713400,6795273.0,6795273.0,6795273.0,6795273.0,0.0
1776714300,6683334.0,6683334.0,6683334.0,6683334.0,0.00176992
1776715200,6683334.0,6683334.0,6683334.0,6683334.0,0.0
1776716100,6683334.0,6683334.0,6683334.0,6683334.0,0.0
1776717000,6683334.0,6683334.0,6683334.0,6683334.0,0.0
1776717900,6683334.0,6683334.0,6683334.0,6683334.0,0.0
1776718800,6683334.0,6683334.0,6683334.0,6683334.0,0.0
1776719700,6683334.0,6683334.0,6683334.0,6683334.0,0.0
1776720600,6791012.0,6791012.0,6791012.0,6791012.0,0.02199745
1776721500,6791012.0,6791012.0,6791012.0,6791012.0,0.0
1776722400,6791012.0,6791012.0,6791012.0,6791012.0,0.0
1776723300,6791012.0,6791012.0,6791012.0,6791012.0,0.0
1776724200,6791012.0,6791012.0,6791012.0,6791012.0,0.0
1776725100,6788612.0,6788612.0,6788612.0,6788612.0,0.01467015
1776726000,6788612.0,6788612.0,6788612.0,6788612.0,0.0
1776726900,6772602.0,6772602.0,6772602.0,6772602.0,0.02940981
1776727800,6772602.0,6772602.0,6772602.0,6772602.0,0.0
1776728700,6788802.0,6788802.0,6788802.0,6788802.0,0.00822398
1776729600,6788802.0,6788802.0,6788802.0,6788802.0,0.0
1776730500,6788802.0,6788802.0,6788802.0,6788802.0,0.0
1776731400,6788802.0,6788802.0,6788802.0,6788802.0,0.0
1776732300,6788802.0,6788802.0,6788802.0,6788802.0,0.0
1776733200,6688904.0,6688904.0,6688904.0,6688904.0,0.00477706
1776734100,6788802.0,6788802.0,6688904.0,6788802.0,0.01995386
1776735000,6788802.0,6788802.0,6788802.0,6788802.0,0.0
1776735900,6788802.0,6788802.0,6788802.0,6788802.0,0.0
1776736800,6788802.0,6788802.0,6788802.0,6788802.0,0.0
1776737700,6788802.0,6795285.0,6788802.0,6795285.0,0.0073476
1776738600,6795285.0,6795285.0,6795285.0,6795285.0,0.0
1776739500,6795177.0,6795177.0,6795138.0,6795138.0,0.00507478
1776740400,6795138.0,6795138.0,6795138.0,6795138.0,0.0
1776741300,6795138.0,6795138.0,6795138.0,6795138.0,0.0
1776742200,6795138.0,6795138.0,6795138.0,6795138.0,0.0
1776743100,6795138.0,6795138.0,6795138.0,6795138.0,0.0
1776744000,6713579.0,6805202.0,6713579.0,6713579.0,0.00790019
1776744900,6805202.0,6805202.0,6805202.0,6805202.0,0.00292687
1776745800,6805202.0,6805202.0,6805202.0,6805202.0,0.0
1776746700,6805202.0,6805202.0,6805202.0,6805202.0,0.01103992
1776747600,6713579.0,6805202.0,6713579.0,6805202.0,0.04030885
1776748500,6713579.0,6713579.0,6713579.0,6713579.0,0.01498813
1776749400,6713579.0,6713579.0,6713579.0,6713579.0,0.0
1776750300,6713579.0,6713579.0,6713579.0,6713579.0,0.0
1776751200,6805202.0,6805202.0,6805202.0,6805202.0,0.00660891
1776752100,6805202.0,6805202.0,6805202.0,6805202.0,0.0
1776753000,6805202.0,6805202.0,6805202.0,6805202.0,0.0
1776753900,6805202.0,6805202.0,6805202.0,6805202.0,0.0
1776754800,6805202.0,6805202.0,6805202.0,6805202.0,0.0
1776755700,6805202.0,6805202.0,6805202.0,6805202.0,0.0
1776756600,6713580.0,6713580.0,6713580.0,6713580.0,0.00154013
1776757500,6805000.0,6805000.0,6805000.0,6805000.0,0.00146348
1776758400,6805000.0,6805000.0,6805000.0,6805000.0,0.0
1776759300,6805000.0,6805000.0,6805000.0,6805000.0,0.0
1776760200,6805000.0,6805000.0,6805000.0,6805000.0,0.0
1776761100,6805000.0,6805000.0,6805000.0,6805000.0,0.0
1776762000,6805000.0,6805000.0,6805000.0,6805000.0,0.0
1776762900,6805000.0,6805000.0,6805000.0,6805000.0,0.0
1776763800,6805000.0,6805000.0,6805000.0,6805000.0,0.0
1776764700,6805000.0,6805000.0,6805000.0,6805000.0,0.0
1776765600,6805000.0,6805000.0,6805000.0,6805000.0,0.0
1776766500,6805000.0,6805000.0,6805000.0,6805000.0,0.0
1776767400,6805000.0,6805000.0,6805000.0,6805000.0,0.0
1776768300,6805000.0,6805000.0,6805000.0,6805000.0,0.0
1776769200,6739609.0,6739609.0,6677240.0,6677240.0,0.07231101
1776770100,6677240.0,6677240.0,6677240.0,6677240.0,0.0
1776771000,6805201.0,6805202.0,6805201.0,6805202.0,0.0750229
1776771900,6805202.0,6805202.0,6805202.0,6805202.0,0.0
1776772800,6805202.0,6805202.0,6805202.0,6805202.0,0.0
1776773700,6805202.0,6805202.0,6805202.0,6805202.0,0.0
1776774600,6805202.0,6805202.0,6805202.0,6805202.0,0.0
1776775500,6805202.0,6805202.0,6805202.0,6805202.0,0.0
1776776400,6805201.0,6805201.0,6727354.0,6727354.0,0.00436516
1776777300,6805201.0,6805201.0,6805201.0,6805201.0,0.00494562
1776778200,6805201.0,6805201.0,6805201.0,6805201.0,0.0
1776779100,6805201.0,6805201.0,6805201.0,6805201.0,0.0
1776780000,6805201.0,6805201.0,6805201.0,6805201.0,0.0
1776780900,6805201.0,6805201.0,6805201.0,6805201.0,0.0
1776781800,6805201.0,6805201.0,6805201.0,6805201.0,0.0
1776782700,6805201.0,6805201.0,6805201.0,6805201.0,0.0
1776783600,6805201.0,6805201.0,6805201.0,6805201.0,0.0
1776784500,6755537.0,6755537.0,6755537.0,6755537.0,0.00173176
1776785400,6755537.0,6755537.0,6755537.0,6755537.0,0.0
1776786300,6755537.0,6755537.0,6755537.0,6755537.0,0.0
1776787200,6753566.0,6753566.0,6753544.0,6753544.0,0.00740424
1776788100,6753544.0,6753544.0,6753544.0,6753544.0,0.0
1776789000,6677240.0,6677240.0,6677239.0,6677239.0,0.00494562
1776789900,6727836.0,6727836.0,6727836.0,6727836.0,0.00148026
1776790800,6711114.0,6723111.0,6711114.0,6723111.0,0.08151589
1776791700,6723111.0,6723111.0,6723111.0,6723111.0,0.0
1776792600,6723111.0,6723111.0,6723111.0,6723111.0,0.0
1776793500,6677239.0,6677239.0,6625006.0,6625006.0,0.08151589
1776794400,6625006.0,6625006.0,6625006.0,6625006.0,0.0
1776795300,6625006.0,6625006.0,6625006.0,6625006.0,0.0
1776796200,6625006.0,6625006.0,6625006.0,6625006.0,0.0
1776797100,6728015.0,6728018.0,6728015.0,6728018.0,0.00729992
1776798000,6728018.0,6728018.0,6728018.0,6728018.0,0.0
1776798900,6728018.0,6728018.0,6728018.0,6728018.0,0.0
1776799800,6728018.0,6728018.0,6728018.0,6728018.0,0.0
1776800700,6597809.0,6597809.0,6597809.0,6597809.0,0.00729438
1776801600,6597809.0,6597809.0,6597809.0,6597809.0,0.0
1776802500,6596786.0,6596786.0,6596786.0,6596786.0,0.02359827
1776803400,6596786.0,6596786.0,6596786.0,6596786.0,0.0
1776804300,6595800.0,6595800.0,6595800.0,6595800.0,0.21919709
1776805200,6595800.0,6595800.0,6595800.0,6595800.0,0.0
1776806100,6595800.0,6595800.0,6595800.0,6595800.0,0.0
1776807000,6595800.0,6595800.0,6595800.0,6595800.0,0.0
1776807900,6612970.0,6612970.0,6612970.0,6612970.0,0.00822398
1776808800,6612970.0,6612970.0,6612970.0,6612970.0,0.0
1776809700,6612970.0,6612970.0,6612970.0,6612970.0,0.0
1776810600,6612970.0,6612970.0,6612970.0,6612970.0,0.0
1776811500,6709186.0,6709186.0,6709186.0,6709186.0,0.00222649
1776812400,6709186.0,6709186.0,6709186.0,6709186.0,0.0
1776813300,6709186.0,6709186.0,6709186.0,6709186.0,0.0
1776814200,6709186.0,6709186.0,6709186.0,6709186.0,0.0
1776815100,6709186.0,6709186.0,6709186.0,6709186.0,0.0
1776816000,6709186.0,6709186.0,6709186.0,6709186.0,0.0
1776816900,6709186.0,6709186.0,6709186.0,6709186.0,0.0
1776817800,6709186.0,6709186.0,6709186.0,6709186.0,0.0
1776818700,6709186.0,6709186.0,6709186.0,6709186.0,0.0
1776819600,6709186.0,6709186.0,6709186.0,6709186.0,0.0
1776820500,6709186.0,6709186.0,6709186.0,6709186.0,0.0
1776821400,6709186.0,6709186.0,6709186.0,6709186.0,0.0
1776822300,6709186.0,6709186.0,6709186.0,6709186.0,0.0
1776823200,6709186.0,6709186.0,6709186.0,6709186.0,0.0
1776824100,6709186.0,6709186.0,6709186.0,6709186.0,0.0
1776825000,6709186.0,6709186.0,6709186.0,6709186.0,0.01484382
1776825900,6709186.0,6709186.0,6709186.0,6709186.0,0.0
1776826800,6672029.0,6672029.0,6672029.0,6672029.0,0.0018089
1776827700,6709186.0,6709186.0,6709186.0,6709186.0,0.00148438
1776828600,6667231.0,6667231.0,6667231.0,6667231.0,0.00173176
1776829500,6667231.0,6667231.0,6667231.0,6667231.0,0.0
1776830400,6709186.0,6709186.0,6666554.0,6666554.0,0.00731098
1776831300,6475000.0,6475000.0,6475000.0,6475000.0,0.00189751
1776832200,6475000.0,6475000.0,6475000.0,6475000.0,0.0
1776833100,6709186.0,6709186.0,6709186.0,6709186.0,0.00157738
1776834000,6709186.0,6709186.0,6709186.0,6709186.0,0.0
1776834900,6709186.0,6709186.0,6709186.0,6709186.0,0.00176906
1776835800,6709186.0,6709186.0,6709186.0,6709186.0,0.0
1776836700,6665535.0,6760964.0,6475000.0,6760964.0,0.05894313
1776837600,6760964.0,6769490.0,6760964.0,6769490.0,0.29859636
1776838500,6769490.0,6769490.0,6769490.0,6769490.0,0.0
1776839400,6668925.0,6777872.0,6668925.0,6670402.0,0.50925316
1776840300,6670402.0,6670402.0,6670402.0,6670402.0,0.0
1776841200,6670402.0,6670402.0,6670402.0,6670402.0,0.0
1776842100,6655292.0,6655292.0,6655292.0,6655292.0,0.01511939
1776843000,6655292.0,6655292.0,6655292.0,6655292.0,0.0
1776843900,6655292.0,6655292.0,6655292.0,6655292.0,0.0
1776844800,6672876.0,6672876.0,6672876.0,6672876.0,0.00423253
1776845700,6672876.0,6672876.0,6672876.0,6672876.0,0.0
1776846600,6765791.0,6765791.0,6664045.0,6664045.0,0.02346941
1776847500,6664045.0,6664045.0,6664045.0,6664045.0,0.0
1776848400,6661705.0,6661705.0,6661705.0,6661705.0,0.00154013
1776849300,6661705.0,6661705.0,6661705.0,6661705.0,0.0
1776850200,6661705.0,6661705.0,6661705.0,6661705.0,0.0
1776851100,6656543.0,6656543.0,6656543.0,6656543.0,0.00684804
1776852000,6663300.0,6663300.0,6663300.0,6663300.0,0.00292439
1776852900,6663300.0,6663300.0,6663300.0,6663300.0,0.0
1776853800,6765791.0,6765791.0,6765791.0,6765791.0,0.00368722
1776854700,6765791.0,6765791.0,6765791.0,6765791.0,0.0
1776855600,6760001.0,6760001.0,6760001.0,6760001.0,0.00178283
1776856500,6475100.0,6475100.0,6475100.0,6475100.0,0.00201757
1776857400,6475100.0,6475100.0,6475100.0,6475100.0,0.0
1776858300,6475100.0,6475100.0,6475100.0,6475100.0,0.0
1776859200,6760001.0,6760001.0,6654917.0,6654917.0,0.00349052
1776860100,6654917.0,6654917.0,6654917.0,6654917.0,0.0
1776861000,6760001.0,6760001.0,6760001.0,6760001.0,0.00456701
1776861900,6655556.0,6655556.0,6655556.0,6655556.0,0.00456671
1776862800,6655556.0,6655556.0,6655556.0,6655556.0,0.0
1776863700,6758113.0,6758113.0,6758113.0,6758113.0,0.00468207
1776864600,6758113.0,6758113.0,6758113.0,6758113.0,0.0
1776865500,6758113.0,6758113.0,6758113.0,6758113.0,0.0
1776866400,6758113.0,6758113.0,6758113.0,6758113.0,0.0
1776867300,6758113.0,6758113.0,6758113.0,6758113.0,0.0
1776868200,6758113.0,6758113.0,6758113.0,6758113.0,0.0
1776869100,6758113.0,6758113.0,6758113.0,6758113.0,0.0
1776870000,6758113.0,6758113.0,6758113.0,6758113.0,0.0
1776870900,6765791.0,6790015.0,6765791.0,6790015.0,0.01094849
1776871800,6790015.0,6790015.0,6790015.0,6790015.0,0.0
1776872700,6781125.0,6781125.0,6781125.0,6781125.0,0.00234975
1776873600,6697820.0,6781047.0,6697820.0,6781047.0,0.00598596
1776874500,6781047.0,6781047.0,6781047.0,6781047.0,0.0
1776875400,6475374.0,6475374.0,6475374.0,6475374.0,0.00277657
1776876300,6780833.0,6780833.0,6780833.0,6780833.0,0.00376546
1776877200,6774637.0,6774637.0,6774637.0,6774637.0,0.00276147
1776878100,6774637.0,6774637.0,6774637.0,6774637.0,0.0
1776879000,6774637.0,6774637.0,6774637.0,6774637.0,0.0
1776879900,6774637.0,6774637.0,6774637.0,6774637.0,0.0
1776880800,6774637.0,6774637.0,6774637.0,6774637.0,0.0
1776881700,6774637.0,6774637.0,6774637.0,6774637.0,0.0
1776882600,6774637.0,6774637.0,6774637.0,6774637.0,0.0
1776883500,6774637.0,6774637.0,6774637.0,6774637.0,0.0
1776884400,6774637.0,6774637.0,6774637.0,6774637.0,0.0
1776885300,6760003.0,6760003.0,6760003.0,6760003.0,0.02149496
1776886200,6760003.0,6760003.0,6760003.0,6760003.0,0.0
1776887100,6760003.0,6760003.0,6760003.0,6760003.0,0.0
1776888000,6760003.0,6998416.0,6760003.0,6998416.0,0.00388199
1776888900,6875965.0,6875965.0,6875965.0,6875965.0,0.1593631
1776889800,6875965.0,6875965.0,6875965.0,6875965.0,0.0
1776890700,6875965.0,6875965.0,6875965.0,6875965.0,0.0
1776891600,6901332.0,6901332.0,6901332.0,6901332.0,0.00603782
1776892500,6901332.0,6901332.0,6901332.0,6901332.0,0.0
1776893400,6901332.0,6901332.0,6901332.0,6901332.0,0.0
1776894300,6901332.0,6901332.0,6901332.0,6901332.0,0.0
1776895200,6901332.0,6901332.0,6901332.0,6901332.0,0.0
1776896100,6692449.0,6692449.0,6692449.0,6692449.0,0.15323507
1776897000,6587993.0,6587993.0,6587993.0,6587993.0,0.00346858
1776897900,6587993.0,6587993.0,6587993.0,6587993.0,0.0
1776898800,6654335.0,6654335.0,6654335.0,6654335.0,0.03741636
1776899700,6654335.0,6654335.0,6654335.0,6654335.0,0.0
1776900600,6654335.0,6654335.0,6654335.0,6654335.0,0.0
1776901500,6654335.0,6654335.0,6654335.0,6654335.0,0.0
1776902400,6654335.0,6654335.0,6654335.0,6654335.0,0.0
1776903300,6667252.0,6667252.0,6610828.0,6610828.0,0.01662571
1776904200,6610828.0,6610828.0,6610828.0,6610828.0,0.0
1776905100,6610828.0,6610828.0,6610828.0,6610828.0,0.0
1776906000,6610828.0,6699077.0,6610828.0,6699077.0,0.01705972
1776906900,6699077.0,6699077.0,6699077.0,6699077.0,0.0
1776907800,6699077.0,6699077.0,6699077.0,6699077.0,0.0
1776908700,6699077.0,6699077.0,6699077.0,6699077.0,0.0
1776909600,6699077.0,6699077.0,6699077.0,6699077.0,0.0
1776910500,6699077.0,6699077.0,6699077.0,6699077.0,0.0
1776911400,6561652.0,6561652.0,6561652.0,6561652.0,0.00474258
1776912300,6561652.0,6561652.0,6561652.0,6561652.0,0.0
1776913200,6658718.0,6658718.0,6658718.0,6658718.0,0.00749303
1776914100,6643753.0,6643753.0,6643753.0,6643753.0,0.00158329
1776915000,6559332.0,6559332.0,6523405.0,6523405.0,0.29436383
1776915900,6523405.0,6523405.0,6523405.0,6523405.0,0.0
1776916800,6523405.0,6523405.0,6523405.0,6523405.0,0.0
1776917700,6523405.0,6523405.0,6523405.0,6523405.0,0.0
1776918600,6523405.0,6523405.0,6523405.0,6523405.0,0.0
1776919500,6537517.0,6540691.0,6537517.0,6540691.0,0.01090363
1776920400,6540691.0,6540691.0,6540691.0,6540691.0,0.0
1776921300,6540691.0,6540691.0,6540691.0,6540691.0,0.0
1776922200,6540691.0,6540691.0,6540691.0,6540691.0,0.0
1776923100,6540691.0,6540691.0,6540691.0,6540691.0,0.0
1776924000,6540692.0,6540692.0,6529043.0,6529043.0,0.61064055
1776924900,6507384.0,6680643.0,6507384.0,6652311.0,0.15503275
1776925800,6652311.0,6652311.0,6652311.0,6652311.0,0.0
1776926700,6642907.0,6642907.0,6642907.0,6642907.0,0.00293666
1776927600,6532347.0,6534541.0,6532347.0,6534541.0,0.00954557
1776928500,6554291.0,6554291.0,6554291.0,6554291.0,0.08950493
1776929400,6554291.0,6554291.0,6554291.0,6554291.0,0.0
1776930300,6554291.0,6554291.0,6554291.0,6554291.0,0.0
1776931200,6554291.0,6554291.0,6554291.0,6554291.0,0.0
1776932100,6554291.0,6554291.0,6554291.0,6554291.0,0.0
1776933000,6554291.0,6554291.0,6554291.0,6554291.0,0.0
1776933900,6596752.0,6596752.0,6596752.0,6596752.0,0.01172971
1776934800,6596752.0,6596752.0,6596752.0,6596752.0,0.0
1776935700,6596752.0,6596752.0,6596752.0,6596752.0,0.0
1776936600,6574761.0,6576412.0,6574761.0,6576412.0,0.00605814
1776937500,6576300.0,6576300.0,6576300.0,6576300.0,0.00746939
1776938400,6576300.0,6576300.0,6576300.0,6576300.0,0.0
1776939300,6475374.0,6550540.0,6475128.0,6550540.0,0.03411933
1776940200,6550490.0,6550490.0,6550490.0,6550490.0,0.0088172
1776941100,6554712.0,6554712.0,6550401.0,6550401.0,0.04192969
1776942000,6550402.0,6578201.0,6550402.0,6578144.0,0.01064714
1776942900,6494977.0,6578069.0,6494977.0,6578069.0,0.00732656
1776943800,6578069.0,6578069.0,6578069.0,6578069.0,0.0
1776944700,6578069.0,6578069.0,6578069.0,6578069.0,0.0
1776945600,6578069.0,6578069.0,6578069.0,6578069.0,0.0
1776946500,6574555.0,6574555.0,6475128.0,6475128.0,0.01276599
1776947400,6475128.0,6475128.0,6475128.0,6475128.0,0.00229429
1776948300,6475128.0,6475128.0,6475128.0,6475128.0,0.0
1776949200,6585193.0,6585193.0,6585193.0,6585193.0,0.01512332
1776950100,6585193.0,6585193.0,6585193.0,6585193.0,0.0
1776951000,6585193.0,6585193.0,6512067.0,6512067.0,0.01725646
1776951900,6512067.0,6512067.0,6512067.0,6512067.0,0.0
1776952800,6512067.0,6512067.0,6512067.0,6512067.0,0.0
1776953700,6479000.0,6480105.0,6475000.0,6475000.0,4.47982587
1776954600,6475000.0,6475000.0,6475000.0,6475000.0,0.0
1776955500,6475000.0,6475000.0,6475000.0,6475000.0,0.0
1776956400,6475000.0,6475000.0,6475000.0,6475000.0,0.0
1776957300,6476703.0,6494551.0,6476703.0,6494551.0,0.01035884
1776958200,6605648.0,6605648.0,6605648.0,6605648.0,0.00363688
1776959100,6605648.0,6605648.0,6605648.0,6605648.0,0.0
1776960000,6589908.0,6589908.0,6589908.0,6589908.0,0.00175434
1776960900,6589908.0,6589908.0,6589908.0,6589908.0,0.0
1776961800,6605647.0,6633968.0,6605647.0,6627685.0,0.02537188
1776962700,6627685.0,6627685.0,6627685.0,6627685.0,0.0
1776963600,6556340.0,6556340.0,6556340.0,6556340.0,0.03094439
1776964500,6556340.0,6556340.0,6556340.0,6556340.0,0.0
1776965400,6541132.0,6541132.0,6541132.0,6541132.0,0.0022837
1776966300,6494551.0,6494551.0,6476898.0,6476898.0,0.01101999
1776967200,6476898.0,6476898.0,6476898.0,6476898.0,0.0
1776968100,6544100.0,6544100.0,6544100.0,6544100.0,0.00189132
1776969000,6544100.0,6544100.0,6544100.0,6544100.0,0.0
1776969900,6544100.0,6544100.0,6544100.0,6544100.0,0.0
1776970800,6544100.0,6544100.0,6544100.0,6544100.0,0.0
1776971700,6544100.0,6544100.0,6544100.0,6544100.0,0.0
1776972600,6544100.0,6544100.0,6544100.0,6544100.0,0.0
1776973500,6544100.0,6544100.0,6544100.0,6544100.0,0.0
1776974400,6501869.0,6501869.0,6501869.0,6501869.0,0.00215276
1776975300,6501869.0,6501869.0,6501869.0,6501869.0,0.0
1776976200,6476898.0,6476898.0,6476898.0,6476898.0,0.02983498
1776977100,6476898.0,6476898.0,6476898.0,6476898.0,0.0
1776978000,6476898.0,6476898.0,6476898.0,6476898.0,0.0
1776978900,6476898.0,6476898.0,6476898.0,6476898.0,0.00155352
1776979800,6544236.0,6544236.0,6544236.0,6544236.0,0.01521797
1776980700,6544236.0,6544236.0,6544236.0,6544236.0,0.0
1776981600,6544236.0,6544236.0,6544236.0,6544236.0,0.0
1776982500,6544236.0,6544236.0,6544236.0,6544236.0,0.0
1776983400,6544236.0,6544236.0,6544236.0,6544236.0,0.0
1776984300,6544236.0,6544236.0,6544236.0,6544236.0,0.0
1776985200,6549597.0,6549597.0,6549597.0,6549597.0,0.03041118
1776986100,6548919.0,6548919.0,6548919.0,6548919.0,0.00462196
1776987000,6548888.0,6548888.0,6548888.0,6548888.0,0.00730123
1776987900,6548888.0,6548888.0,6548888.0,6548888.0,0.0
1776988800,6548888.0,6548888.0,6548888.0,6548888.0,0.0
1776989700,6548888.0,6548888.0,6548888.0,6548888.0,0.0
1776990600,6476898.0,6476898.0,6476898.0,6476898.0,0.0220475
1776991500,6476898.0,6476898.0,6476898.0,6476898.0,0.0
1776992400,6531649.0,6548599.0,6531649.0,6548599.0,0.03020014
1776993300,6558679.0,6558679.0,6558679.0,6558679.0,0.00759223
1776994200,6558679.0,6558679.0,6558679.0,6558679.0,0.0
1776995100,6558679.0,6558679.0,6558679.0,6558679.0,0.0
1776996000,6558679.0,6558679.0,6558679.0,6558679.0,0.0
1776996900,6558679.0,6558679.0,6558679.0,6558679.0,0.0
1776997800,6562682.0,6562682.0,6562569.0,6562569.0,0.00920555
1776998700,6562569.0,6562569.0,6562569.0,6562569.0,0.0
1776999600,6562569.0,6562569.0,6562569.0,6562569.0,0.0
1777000500,6562569.0,6562569.0,6562569.0,6562569.0,0.0
1777001400,6562569.0,6562569.0,6562569.0,6562569.0,0.0
1777002300,6562569.0,6562569.0,6562569.0,6562569.0,0.0
1777003200,6562569.0,6562569.0,6562569.0,6562569.0,0.0
1777004100,6562569.0,6562569.0,6562569.0,6562569.0,0.0
1777005000,6562569.0,6562569.0,6562569.0,6562569.0,0.0
1777005900,6562569.0,6562569.0,6562569.0,6562569.0,0.0
1777006800,6510376.0,6510376.0,6510376.0,6510376.0,0.00753627
1777007700,6510376.0,6510376.0,6510376.0,6510376.0,0.0
1777008600,6545089.0,6545089.0,6545089.0,6545089.0,0.00152159
1777009500,6545089.0,6545089.0,6545089.0,6545089.0,0.0
1777010400,6540656.0,6540656.0,6540656.0,6540656.0,0.00530634
1777011300,6540587.0,6540587.0,6540587.0,6540587.0,0.00152264
1777012200,6540587.0,6540587.0,6540587.0,6540587.0,0.0
1777013100,6540587.0,6540587.0,6540587.0,6540587.0,0.0
1777014000,6540587.0,6540587.0,6540587.0,6540587.0,0.0
1777014900,6529903.0,6529903.0,6529903.0,6529903.0,0.00353894
1777015800,6529903.0,6529903.0,6529903.0,6529903.0,0.0
1777016700,6529903.0,6529903.0,6529903.0,6529903.0,0.0
1777017600,6529903.0,6529903.0,6529903.0,6529903.0,0.0
1777018500,6476902.0,6476902.0,6476898.0,6476898.0,0.14945689
1777019400,6562532.0,6562532.0,6562532.0,6562532.0,0.00758777
1777020300,6562532.0,6562532.0,6562532.0,6562532.0,0.0
1777021200,6562532.0,6562532.0,6562532.0,6562532.0,0.0
1777022100,6562532.0,6562532.0,6562532.0,6562532.0,0.0
1777023000,6562532.0,6562532.0,6562532.0,6562532.0,0.0
1777023900,6562532.0,6562532.0,6562532.0,6562532.0,0.0
1777024800,6562532.0,6562532.0,6562532.0,6562532.0,0.0
1777025700,6562532.0,6562532.0,6562532.0,6562532.0,0.0
1777026600,6560637.0,6560637.0,6560637.0,6560637.0,0.00177787
1777027500,6560637.0,6560637.0,6560637.0,6560637.0,0.0
1777028400,6548391.0,6548391.0,6548391.0,6548391.0,0.01030024
1777029300,6548391.0,6548391.0,6548391.0,6548391.0,0.0
1777030200,6548391.0,6548391.0,6548391.0,6548391.0,0.0
1777031100,6548391.0,6548391.0,6548391.0,6548391.0,0.0
1777032000,6548391.0,6548391.0,6548391.0,6548391.0,0.0
1777032900,6476900.0,6476900.0,6476900.0,6476900.0,0.00758777
1777033800,6476900.0,6476900.0,6476900.0,6476900.0,0.0
1777034700,6476900.0,6476900.0,6476900.0,6476900.0,0.00530634
1777035600,6557522.0,6557522.0,6557522.0,6557522.0,0.00151871
1777036500,6557522.0,6557522.0,6557522.0,6557522.0,0.0
1777037400,6500530.0,6500530.0,6500530.0,6500530.0,0.00296498
1777038300,6559381.0,6649881.0,6538495.0,6538495.0,0.02750863
1777039200,6476902.0,6554727.0,6476902.0,6554727.0,0.02446044
1777040100,6546579.0,6546579.0,6546579.0,6546579.0,0.00188052
1777041000,6546579.0,6546579.0,6546579.0,6546579.0,0.0
1777041900,6546579.0,6546579.0,6546579.0,6546579.0,0.0
1777042800,6546579.0,6546579.0,6546579.0,6546579.0,0.0
1777043700,6546579.0,6546579.0,6546579.0,6546579.0,0.0
1777044600,6546579.0,6546579.0,6546579.0,6546579.0,0.0
1777045500,6546579.0,6546579.0,6546579.0,6546579.0,0.0
1777046400,6476902.0,6476902.0,6476898.0,6476898.0,0.03888897
1777047300,6540822.0,6540822.0,6540822.0,6540822.0,0.00553691
1777048200,6476898.0,6476898.0,6476898.0,6476898.0,0.01073014
1777049100,6507460.0,6507460.0,6507460.0,6507460.0,0.00153039
1777050000,6507460.0,6507460.0,6507460.0,6507460.0,0.0
1777050900,6507460.0,6507460.0,6507460.0,6507460.0,0.0
1777051800,6476898.0,6476898.0,6476898.0,6476898.0,0.00379457
1777052700,6476898.0,6476898.0,6476898.0,6476898.0,0.0
1777053600,6476898.0,6476898.0,6476898.0,6476898.0,0.0
1777054500,6476898.0,6476898.0,6476898.0,6476898.0,0.0
1777055400,6476898.0,6476898.0,6476898.0,6476898.0,0.0
1777056300,6545931.0,6545931.0,6545923.0,6545923.0,0.01912797
1777057200,6545923.0,6545923.0,6545923.0,6545923.0,0.0
1777058100,6545923.0,6545923.0,6545923.0,6545923.0,0.0
1777059000,6545923.0,6545923.0,6545923.0,6545923.0,0.0
1777059900,6545923.0,6545923.0,6545923.0,6545923.0,0.0
1777060800,6545923.0,6545923.0,6545923.0,6545923.0,0.0
1777061700,6545923.0,6545923.0,6545923.0,6545923.0,0.0
1777062600,6545791.0,6545791.0,6545791.0,6545791.0,0.00158223
1777063500,6545791.0,6545791.0,6545791.0,6545791.0,0.0
1777064400,6545909.0,6545909.0,6545909.0,6545909.0,0.00456422
1777065300,6545909.0,6545909.0,6545909.0,6545909.0,0.0
1777066200,6545909.0,6545909.0,6545909.0,6545909.0,0.0
1777067100,6545909.0,6545909.0,6545909.0,6545909.0,0.0
1777068000,6476898.0,6476898.0,6475000.0,6475000.0,0.00456422
1777068900,6475000.0,6475000.0,6475000.0,6475000.0,0.0
1777069800,6475000.0,6475000.0,6475000.0,6475000.0,0.0
1777070700,6475000.0,6475000.0,6475000.0,6475000.0,0.0
1777071600,6475000.0,6475000.0,6475000.0,6475000.0,0.0
1777072500,6475000.0,6475000.0,6475000.0,6475000.0,0.0
1777073400,6475000.0,6475000.0,6475000.0,6475000.0,0.0
1777074300,6475000.0,6475000.0,6475000.0,6475000.0,0.0
1777075200,6475000.0,6475000.0,6475000.0,6475000.0,0.0
1777076100,6475000.0,6475000.0,6475000.0,6475000.0,0.0
1777077000,6475000.0,6475000.0,6475000.0,6475000.0,0.0
1777077900,6475000.0,6475000.0,6475000.0,6475000.0,0.0
1777078800,6475000.0,6475000.0,6475000.0,6475000.0,0.0
1777079700,6475000.0,6475000.0,6475000.0,6475000.0,0.0
1777080600,6475000.0,6475000.0,6433335.0,6433335.0,0.26813229
1777081500,6433335.0,6433335.0,6433335.0,6433335.0,0.0
1777082400,6433335.0,6433335.0,6433335.0,6433335.0,0.0
1777083300,6433335.0,6433335.0,6433335.0,6433335.0,0.0
1777084200,6433335.0,6433335.0,6433335.0,6433335.0,0.0
1777085100,6433335.0,6433335.0,6433335.0,6433335.0,0.0
1777086000,6517955.0,6517955.0,6517955.0,6517955.0,0.00185012
1777086900,6517955.0,6517955.0,6517955.0,6517955.0,0.0
1777087800,6517955.0,6517955.0,6517955.0,6517955.0,0.0
1777088700,6517955.0,6517955.0,6517955.0,6517955.0,0.0
1777089600,6517955.0,6517955.0,6517955.0,6517955.0,0.0
1777090500,6517955.0,6517955.0,6517955.0,6517955.0,0.0
1777091400,6400000.0,6400008.0,6400000.0,6400008.0,0.01669538
1777092300,6487454.0,6487454.0,6487454.0,6487454.0,0.00835397
1777093200,6487454.0,6487454.0,6487454.0,6487454.0,0.0
1777094100,6487454.0,6487454.0,6487454.0,6487454.0,0.0
1777095000,6487454.0,6487454.0,6487454.0,6487454.0,0.0
1777095900,6487454.0,6487454.0,6487454.0,6487454.0,0.0
1777096800,6487454.0,6487454.0,6487454.0,6487454.0,0.0
1777097700,6400008.0,6400008.0,6400008.0,6400008.0,0.00177787
1777098600,6400008.0,6400008.0,6400008.0,6400008.0,0.0
1777099500,6400008.0,6400008.0,6400008.0,6400008.0,0.0
1777100400,6534515.0,6534515.0,6534504.0,6534504.0,0.01179246
1777101300,6534504.0,6534504.0,6534504.0,6534504.0,0.0
1777102200,6534504.0,6534504.0,6534504.0,6534504.0,0.0
1777103100,6534504.0,6534504.0,6534504.0,6534504.0,0.0
1777104000,6534504.0,6534504.0,6534504.0,6534504.0,0.0
1777104900,6534504.0,6534504.0,6534504.0,6534504.0,0.0
1777105800,6534504.0,6534504.0,6534504.0,6534504.0,0.0
1777106700,6534210.0,6534372.0,6534210.0,6534369.0,0.01508896
1777107600,6534369.0,6534369.0,6534369.0,6534369.0,0.0
1777108500,6534369.0,6534369.0,6534369.0,6534369.0,0.0
1777109400,6534369.0,6534369.0,6534369.0,6534369.0,0.0
1777110300,6433003.0,6433003.0,6433003.0,6433003.0,0.02131519
1777111200,6434021.0,6434021.0,6434021.0,6434021.0,0.01179246
1777112100,6534232.0,6535621.0,6434025.0,6434025.0,1.53217219
1777113000,6434025.0,6434025.0,6434025.0,6434025.0,0.0
1777113900,6434021.0,6434021.0,6400000.0,6400000.0,1.52381799
1777114800,6424242.0,6424242.0,6424242.0,6424242.0,0.00744789
1777115700,6424242.0,6424242.0,6424242.0,6424242.0,0.0
1777116600,6424242.0,6424242.0,6424242.0,6424242.0,0.0
1777117500,6424242.0,6424242.0,6424242.0,6424242.0,0.0
1777118400,6424242.0,6424242.0,6424242.0,6424242.0,0.0
1777119300,6426246.0,6426246.0,6426246.0,6426246.0,0.00266959
1777120200,6426246.0,6426246.0,6426246.0,6426246.0,0.0
1777121100,6426129.0,6426129.0,6426129.0,6426129.0,0.00785761
1777122000,6426129.0,6426129.0,6426129.0,6426129.0,0.0
1777122900,6536000.0,6536000.0,6536000.0,6536000.0,0.00152371
1777123800,6429050.0,6429050.0,6429050.0,6429050.0,0.00324763
1777124700,6535996.0,6535996.0,6535996.0,6535996.0,0.0099157
1777125600,6535996.0,6535996.0,6426301.0,6426301.0,2.02494582
1777126500,6535996.0,6535996.0,6426301.0,6426301.0,1.0135739
1777127400,6426301.0,6426301.0,6424250.0,6424250.0,0.009317
1777128300,6424250.0,6424250.0,6424250.0,6424250.0,0.0
1777129200,6424250.0,6424250.0,6424250.0,6424250.0,0.0
1777130100,6424250.0,6424250.0,6424250.0,6424250.0,0.0
1777131000,6424250.0,6424250.0,6424250.0,6424250.0,0.0
1777131900,6424250.0,6424250.0,6424250.0,6424250.0,0.0
1777132800,6524270.0,6524270.0,6524270.0,6524270.0,0.00427097
1777133700,6524270.0,6524270.0,6524270.0,6524270.0,0.0
1777134600,6524270.0,6524270.0,6524270.0,6524270.0,0.01152987
1777135500,6524270.0,6524270.0,6524270.0,6524270.0,0.0
1777136400,6424250.0,6424250.0,6424250.0,6424250.0,0.00239203
1777137300,6424250.0,6424250.0,6424250.0,6424250.0,0.0
1777138200,6424250.0,6424250.0,6424250.0,6424250.0,0.0
1777139100,6424250.0,6424250.0,6424250.0,6424250.0,0.0
1777140000,6424250.0,6424250.0,6424250.0,6424250.0,0.0
1777140900,6433508.0,6433508.0,6433507.0,6433507.0,0.00720768
1777141800,6433507.0,6433507.0,6433507.0,6433507.0,0.0
1777142700,6433507.0,6433507.0,6433507.0,6433507.0,0.0
1777143600,6433507.0,6433507.0,6433507.0,6433507.0,0.0
1777144500,6433506.0,6433506.0,6433506.0,6433506.0,0.00775533
1777145400,6433506.0,6433506.0,6433506.0,6433506.0,0.0
1777146300,6433506.0,6433506.0,6433506.0,6433506.0,0.0
1777147200,6433506.0,6433506.0,6433506.0,6433506.0,0.0
1777148100,6433506.0,6433506.0,6433506.0,6433506.0,0.0
1777149000,6433506.0,6433506.0,6433506.0,6433506.0,0.0
1777149900,6433506.0,6433506.0,6433506.0,6433506.0,0.0
1777150800,6433506.0,6433506.0,6433506.0,6433506.0,0.0
1777151700,6433506.0,6433506.0,6433506.0,6433506.0,0.00281448
1777152600,6433506.0,6433506.0,6433506.0,6433506.0,0.0
1777153500,6424250.0,6424250.0,6424246.0,6424246.0,0.00281418
1777154400,6424246.0,6424246.0,6424246.0,6424246.0,0.0
1777155300,6424246.0,6424246.0,6424246.0,6424246.0,0.0
1777156200,6424246.0,6424246.0,6424246.0,6424246.0,0.0
1777157100,6424246.0,6424246.0,6424246.0,6424246.0,0.0
1777158000,6424246.0,6424246.0,6424246.0,6424246.0,0.0
1777158900,6424246.0,6424246.0,6424246.0,6424246.0,0.0
1777159800,6424246.0,6424246.0,6424246.0,6424246.0,0.0
1777160700,6424246.0,6424246.0,6424246.0,6424246.0,0.0
1777161600,6424246.0,6424246.0,6424246.0,6424246.0,0.0
1777162500,6424246.0,6424246.0,6424246.0,6424246.0,0.0
1777163400,6424246.0,6424246.0,6424246.0,6424246.0,0.0
1777164300,6433506.0,6433506.0,6433506.0,6433506.0,0.0023219
1777165200,6433506.0,6433506.0,6433506.0,6433506.0,0.0
1777166100,6433506.0,6433506.0,6433506.0,6433506.0,0.0
1777167000,6433506.0,6433506.0,6424246.0,6424246.0,0.0046056
1777167900,6433506.0,6433506.0,6433506.0,6433506.0,0.0017572
1777168800,6433506.0,6433506.0,6433506.0,6433506.0,0.0
1777169700,6433506.0,6433506.0,6433506.0,6433506.0,0.0
1777170600,6433506.0,6433506.0,6433506.0,6433506.0,0.73729479
1777171500,6433506.0,6433506.0,6433506.0,6433506.0,0.0
1777172400,6524273.0,6524273.0,6524273.0,6524273.0,0.00161228
1777173300,6524273.0,6524273.0,6524273.0,6524273.0,0.0
1777174200,6524273.0,6524273.0,6524273.0,6524273.0,0.0
1777175100,6524273.0,6540332.0,6524273.0,6540332.0,0.01759709
1777176000,6540332.0,6540332.0,6540332.0,6540332.0,0.0
1777176900,6540332.0,6540332.0,6540332.0,6540332.0,0.0
1777177800,6540332.0,6540332.0,6540332.0,6540332.0,0.0
1777178700,6540332.0,6540332.0,6540332.0,6540332.0,0.0
1777179600,6540332.0,6540332.0,6540332.0,6540332.0,0.0
1777180500,6540332.0,6540332.0,6540332.0,6540332.0,0.0
1777181400,6540332.0,6540332.0,6540332.0,6540332.0,0.0
1777182300,6540332.0,6540332.0,6540332.0,6540332.0,0.0
1777183200,6540332.0,6540332.0,6540332.0,6540332.0,0.0
1777184100,6507518.0,6507518.0,6507518.0,6507518.0,0.00204886
1777185000,6507518.0,6507518.0,6507518.0,6507518.0,0.0
1777185900,6424250.0,6424250.0,6424250.0,6424250.0,0.04148855
1777186800,6424250.0,6424250.0,6424250.0,6424250.0,0.0
1777187700,6507518.0,6507518.0,6507518.0,6507518.0,0.0178535
1777188600,6433678.0,6433678.0,6433678.0,6433678.0,0.00553691
1777189500,6433678.0,6433678.0,6433678.0,6433678.0,0.0
1777190400,6433678.0,6433678.0,6433678.0,6433678.0,0.0
1777191300,6507518.0,6540332.0,6507518.0,6540332.0,0.17787591
1777192200,6540332.0,6540332.0,6540332.0,6540332.0,0.0
1777193100,6540332.0,6540332.0,6540332.0,6540332.0,0.0
1777194000,6540332.0,6543389.0,6540332.0,6543389.0,0.01125269
1777194900,6543389.0,6543389.0,6543389.0,6543389.0,0.0
1777195800,6424250.0,6424250.0,6424250.0,6424250.0,0.00746849
1777196700,6442084.0,6442084.0,6442084.0,6442084.0,0.01125269
1777197600,6442084.0,6442084.0,6442084.0,6442084.0,0.0
1777198500,6442084.0,6442084.0,6442084.0,6442084.0,0.0
1777199400,6543389.0,6543389.0,6443122.0,6443122.0,0.02286225
1777200300,6543389.0,6543389.0,6543389.0,6543389.0,0.01001698
1777201200,6543389.0,6543389.0,6543389.0,6543389.0,0.0
1777202100,6543389.0,6543389.0,6543389.0,6543389.0,0.0
1777203000,6443126.0,6443126.0,6443126.0,6443126.0,0.00561487
1777203900,6443126.0,6443126.0,6443126.0,6443126.0,0.0
1777204800,6443126.0,6543385.0,6443118.0,6443118.0,0.0938034
1777205700,6443118.0,6443118.0,6443118.0,6443118.0,0.0
1777206600,6443118.0,6443118.0,6443118.0,6443118.0,0.0
1777207500,6443118.0,6443118.0,6443118.0,6443118.0,0.0
1777208400,6443118.0,6443118.0,6443118.0,6443118.0,0.0
1777209300,6543376.0,6543376.0,6543376.0,6543376.0,0.00167742
1777210200,6543376.0,6543376.0,6543376.0,6543376.0,0.0
1777211100,6543376.0,6543376.0,6543376.0,6543376.0,0.0
1777212000,6543376.0,6543376.0,6543376.0,6543376.0,0.0
1777212900,6443118.0,6443118.0,6433678.0,6433678.0,0.01001698
1777213800,6433678.0,6433678.0,6433678.0,6433678.0,0.0
1777214700,6433678.0,6433678.0,6433678.0,6433678.0,0.0
1777215600,6433678.0,6433678.0,6433678.0,6433678.0,0.0
1777216500,6543372.0,6543372.0,6446545.0,6446545.0,0.00993189
1777217400,6446545.0,6446545.0,6446545.0,6446545.0,0.0
1777218300,6446545.0,6446545.0,6446545.0,6446545.0,0.0
1777219200,6543372.0,6543372.0,6543372.0,6543372.0,0.00152199
1777220100,6543372.0,6543372.0,6543372.0,6543372.0,0.0
1777221000,6543372.0,6543372.0,6543372.0,6543372.0,0.00310955
1777221900,6543372.0,6543372.0,6543372.0,6543372.0,0.00173748
1777222800,6543372.0,6543372.0,6543372.0,6543372.0,0.0
1777223700,6543372.0,6543372.0,6543372.0,6543372.0,0.0
1777224600,6543372.0,6543372.0,6543372.0,6543372.0,0.00189351
1777225500,6543372.0,6543372.0,6543372.0,6543372.0,0.0
1777226400,6543372.0,6543372.0,6543372.0,6543372.0,0.0
1777227300,6543372.0,6543372.0,6543372.0,6543372.0,0.0
1777228200,6543372.0,6543372.0,6543372.0,6543372.0,0.0
1777229100,6543372.0,6543372.0,6543372.0,6543372.0,0.0025091
1777230000,6543372.0,6543372.0,6543372.0,6543372.0,0.0
1777230900,6543372.0,6543372.0,6543372.0,6543372.0,0.0
1777231800,6543372.0,6543372.0,6543372.0,6543372.0,0.0
1777232700,6543372.0,6543372.0,6543372.0,6543372.0,0.0
1777233600,6543372.0,6543372.0,6543372.0,6543372.0,0.0
1777234500,6543372.0,6543372.0,6543372.0,6543372.0,0.0
1777235400,6543368.0,6543368.0,6543368.0,6543368.0,0.01807555
1777236300,6543368.0,6543368.0,6543368.0,6543368.0,0.0
1777237200,6543368.0,6543368.0,6543368.0,6543368.0,0.0
1777238100,6543368.0,6543368.0,6543368.0,6543368.0,0.0
1777239000,6543368.0,6543368.0,6543368.0,6543368.0,0.0
1777239900,6543368.0,6543368.0,6543368.0,6543368.0,0.0
1777240800,6543368.0,6543368.0,6543368.0,6543368.0,0.0
1777241700,6543368.0,6543368.0,6543368.0,6543368.0,0.0
1777242600,6543368.0,6543368.0,6543368.0,6543368.0,0.0
1777243500,6538193.0,6543368.0,6538193.0,6543368.0,0.02363048
1777244400,6543368.0,6543368.0,6543368.0,6543368.0,0.0
1777245300,6543368.0,6543368.0,6543368.0,6543368.0,0.0
1777246200,6543368.0,6543368.0,6543368.0,6543368.0,0.0
1777247100,6543368.0,6543368.0,6543368.0,6543368.0,0.0
1777248000,6543368.0,6543368.0,6543368.0,6543368.0,0.0
1777248900,6543368.0,6543368.0,6543368.0,6543368.0,0.0
1777249800,6543368.0,6543368.0,6543368.0,6543368.0,0.0
1777250700,6543368.0,6543368.0,6543368.0,6543368.0,0.0
1777251600,6543368.0,6543368.0,6543368.0,6543368.0,0.0
1777252500,6543368.0,6543368.0,6543368.0,6543368.0,0.0
1777253400,6543368.0,6543368.0,6543368.0,6543368.0,0.0
1777254300,6525519.0,6543364.0,6525519.0,6543364.0,0.07138233
1777255200,6543364.0,6543364.0,6543364.0,6543364.0,0.0
1777256100,6543364.0,6543364.0,6543364.0,6543364.0,0.0
1777257000,6543364.0,6543364.0,6543364.0,6543364.0,0.0
1777257900,6470915.0,6470915.0,6470915.0,6470915.0,0.01807534
1777258800,6543125.0,6543125.0,6543125.0,6543125.0,0.00160764
1777259700,6543125.0,6543125.0,6543125.0,6543125.0,0.0
1777260600,6543125.0,6543125.0,6543125.0,6543125.0,0.0
1777261500,6543125.0,6543125.0,6543125.0,6543125.0,0.0
1777262400,6493237.0,6493237.0,6493237.0,6493237.0,0.00605814
1777263300,6543129.0,6543376.0,6543129.0,6543376.0,0.52474246
1777264200,6543376.0,6543376.0,6543376.0,6543376.0,0.0
1777265100,6543376.0,6543376.0,6543376.0,6543376.0,0.0
1777266000,6543376.0,6543376.0,6543376.0,6543376.0,0.0
1777266900,6543376.0,6543376.0,6543376.0,6543376.0,0.0
1777267800,6543376.0,6543376.0,6543376.0,6543376.0,0.0
1777268700,6543376.0,6543376.0,6543376.0,6543376.0,0.0
1777269600,6470004.0,6470004.0,6470004.0,6470004.0,0.04148856
1777270500,6470004.0,6470004.0,6470004.0,6470004.0,0.0
1777271400,6540515.0,6540515.0,6540515.0,6540515.0,0.00152266
1777272300,6540515.0,6540515.0,6540515.0,6540515.0,0.0
1777273200,6540515.0,6540515.0,6540515.0,6540515.0,0.0
1777274100,6540515.0,6540515.0,6540515.0,6540515.0,0.0
1777275000,6528692.0,6528692.0,6528692.0,6528692.0,0.00152542
1777275900,6528692.0,6528692.0,6528692.0,6528692.0,0.0
1777276800,6528692.0,6528692.0,6528692.0,6528692.0,0.0
1777277700,6528692.0,6528692.0,6528692.0,6528692.0,0.0
1777278600,6528692.0,6528692.0,6528692.0,6528692.0,0.0
1777279500,6524436.0,6524436.0,6524436.0,6524436.0,0.00238089
1777280400,6470000.0,6470000.0,6470000.0,6470000.0,0.00238089
1777281300,6470000.0,6470000.0,6470000.0,6470000.0,0.0
1777282200,6470000.0,6470000.0,6470000.0,6470000.0,0.0
1777283100,6470000.0,6470000.0,6470000.0,6470000.0,0.0
1777284000,6470000.0,6470000.0,6470000.0,6470000.0,0.0
1777284900,6470000.0,6470000.0,6470000.0,6470000.0,0.0
1777285800,6470000.0,6470000.0,6470000.0,6470000.0,0.0
1777286700,6470000.0,6470000.0,6470000.0,6470000.0,0.0
1777287600,6524436.0,6524436.0,6524436.0,6524436.0,0.01870598
1777288500,6524436.0,6524436.0,6524436.0,6524436.0,0.00515339
1777289400,6470000.0,6470000.0,6470000.0,6470000.0,0.00515339
1777290300,6470000.0,6470000.0,6470000.0,6470000.0,0.0
1777291200,6470000.0,6470000.0,6470000.0,6470000.0,0.0
1777292100,6470000.0,6470000.0,6470000.0,6470000.0,0.0
1777293000,6470000.0,6470000.0,6470000.0,6470000.0,0.01982556
1777293900,6470000.0,6470000.0,6470000.0,6470000.0,0.0
1777294800,6513635.0,6513635.0,6513635.0,6513635.0,0.00198752
1777295700,6470000.0,6470000.0,6470000.0,6470000.0,0.05226903
1777296600,6470000.0,6470000.0,6402876.0,6402876.0,2.33758526
1777297500,6402876.0,6402876.0,6400000.0,6400000.0,0.10121986
1777298400,6400000.0,6400000.0,6400000.0,6400000.0,0.0
1777299300,6379077.0,6379077.0,6379077.0,6379077.0,0.00545463
1777300200,6284951.0,6411616.0,6284951.0,6411616.0,0.05272092
1777301100,6411616.0,6411616.0,6411616.0,6411616.0,0.0
1777302000,6411616.0,6411616.0,6411616.0,6411616.0,0.0
1777302900,6411616.0,6411616.0,6411616.0,6411616.0,0.0
1777303800,6391711.0,6391711.0,6391711.0,6391711.0,0.0623642
1777304700,6391711.0,6391711.0,6391711.0,6391711.0,0.0
1777305600,6391711.0,6391711.0,6391711.0,6391711.0,0.0
1777306500,6391711.0,6391711.0,6391711.0,6391711.0,0.0
1777307400,6384980.0,6384980.0,6384980.0,6384980.0,0.03448298
1777308300,6384980.0,6384980.0,6384980.0,6384980.0,0.0
1777309200,6403500.0,6403500.0,6403500.0,6403500.0,0.00175434
1777310100,6403500.0,6403500.0,6403500.0,6403500.0,0.0
1777311000,6499874.0,6499874.0,6499874.0,6499874.0,0.02925682
1777311900,6499874.0,6499874.0,6499874.0,6499874.0,0.0
1777312800,6499874.0,6499874.0,6499874.0,6499874.0,0.0
1777313700,6499874.0,6499874.0,6499874.0,6499874.0,0.0
1777314600,6499874.0,6499874.0,6499874.0,6499874.0,0.0
1777315500,6499874.0,6499874.0,6499874.0,6499874.0,0.0
1777316400,6499874.0,6499874.0,6499874.0,6499874.0,0.0
1777317300,6499874.0,6499874.0,6499874.0,6499874.0,0.0
1777318200,6499874.0,6499874.0,6499874.0,6499874.0,0.0
1777319100,6499874.0,6499874.0,6499874.0,6499874.0,0.0
1777320000,6499874.0,6499874.0,6499874.0,6499874.0,0.0
1777320900,6499874.0,6499874.0,6499874.0,6499874.0,0.0
1777321800,6499874.0,6499874.0,6499874.0,6499874.0,0.0
1777322700,6499874.0,6499874.0,6499874.0,6499874.0,0.0
1777323600,6499874.0,6499874.0,6499874.0,6499874.0,0.0
1777324500,6499874.0,6499874.0,6499874.0,6499874.0,0.0
1777325400,6499874.0,6499874.0,6499874.0,6499874.0,0.0
1777326300,6499874.0,6499874.0,6499874.0,6499874.0,0.0
1777327200,6499874.0,6499874.0,6499874.0,6499874.0,0.0
1777328100,6499874.0,6499874.0,6499874.0,6499874.0,0.0
1777329000,6499874.0,6499874.0,6499874.0,6499874.0,0.0
1777329900,6499874.0,6499874.0,6499874.0,6499874.0,0.0
1777330800,6499874.0,6499874.0,6499874.0,6499874.0,0.0
1777331700,6499874.0,6499874.0,6499874.0,6499874.0,0.0
1777332600,6499874.0,6499874.0,6499874.0,6499874.0,0.0
1777333500,6499874.0,6499874.0,6499874.0,6499874.0,0.0
1777334400,6478709.0,6478709.0,6478709.0,6478709.0,0.00173722
1777335300,6478709.0,6478709.0,6478709.0,6478709.0,0.0
1777336200,6478709.0,6478709.0,6478709.0,6478709.0,0.0
1777337100,6478709.0,6478709.0,6478709.0,6478709.0,0.0
1777338000,6478709.0,6478709.0,6478709.0,6478709.0,0.0
1777338900,6524429.0,6524429.0,6524429.0,6524429.0,0.00346834
1777339800,6524429.0,6524429.0,6524429.0,6524429.0,0.00165746
1777340700,6524429.0,6524429.0,6524429.0,6524429.0,0.0
1777341600,6524429.0,6524433.0,6524429.0,6524433.0,0.01525098
1777342500,6524433.0,6524436.0,6524433.0,6524436.0,0.0043616
1777343400,6445042.0,6445053.0,6445042.0,6445053.0,0.0156329
1777344300,6445053.0,6445053.0,6445053.0,6445053.0,0.0
1777345200,6445053.0,6445053.0,6445053.0,6445053.0,0.0
1777346100,6524440.0,6524440.0,6524440.0,6524440.0,0.00161224
1777347000,6524440.0,6524440.0,6524440.0,6524440.0,0.0
1777347900,6454779.0,6454779.0,6454779.0,6454779.0,0.01461244
1777348800,6454779.0,6454779.0,6454779.0,6454779.0,0.0
1777349700,6454779.0,6454779.0,6454779.0,6454779.0,0.0
1777350600,6454779.0,6454779.0,6454779.0,6454779.0,0.0
1777351500,6454779.0,6454779.0,6454779.0,6454779.0,0.0
1777352400,6454779.0,6454779.0,6454779.0,6454779.0,0.0
1777353300,6454779.0,6454779.0,6454779.0,6454779.0,0.0
1777354200,6454779.0,6454779.0,6454779.0,6454779.0,0.0
1777355100,6454779.0,6454779.0,6454779.0,6454779.0,0.0
1777356000,6454779.0,6454779.0,6454779.0,6454779.0,0.0
1777356900,6454779.0,6454779.0,6454779.0,6454779.0,0.0
1777357800,6454779.0,6454779.0,6454779.0,6454779.0,0.0
1777358700,6524422.0,6524426.0,6524422.0,6524426.0,0.00915851
1777359600,6442110.0,6524426.0,6442110.0,6524426.0,0.01824835
1777360500,6524426.0,6524426.0,6524426.0,6524426.0,0.0
1777361400,6524426.0,6524426.0,6524426.0,6524426.0,0.0
1777362300,6524426.0,6524426.0,6524426.0,6524426.0,0.00317008
1777363200,6524426.0,6524426.0,6524426.0,6524426.0,0.0
1777364100,6524426.0,6524426.0,6524426.0,6524426.0,0.0
1777365000,6524426.0,6524426.0,6524426.0,6524426.0,0.00325377
1777365900,6524426.0,6524426.0,6524426.0,6524426.0,0.0
1777366800,6524426.0,6524426.0,6524426.0,6524426.0,0.00351601
1777367700,6524426.0,6524426.0,6524426.0,6524426.0,0.0
1777368600,6524426.0,6524426.0,6524426.0,6524426.0,0.0
1777369500,6524426.0,6524426.0,6524426.0,6524426.0,0.0
1777370400,6524426.0,6524426.0,6524426.0,6524426.0,0.00205366
1777371300,6524426.0,6524426.0,6524426.0,6524426.0,0.0
1777372200,6435046.0,6435046.0,6435046.0,6435046.0,0.00198752
1777373100,6524426.0,6524426.0,6434147.0,6524426.0,0.02895008
1777374000,6524426.0,6524426.0,6524426.0,6524426.0,0.0
1777374900,6524426.0,6524426.0,6524426.0,6524426.0,0.0
1777375800,6521424.0,6521424.0,6407463.0,6407463.0,0.02061713
1777376700,6520253.0,6520253.0,6515038.0,6515038.0,0.00607675
1777377600,6515038.0,6515038.0,6515038.0,6515038.0,0.0
1777378500,6515038.0,6515038.0,6515038.0,6515038.0,0.0
1777379400,6408088.0,6408088.0,6408088.0,6408088.0,0.00172719
1777380300,6408088.0,6408088.0,6408088.0,6408088.0,0.0
1777381200,6408088.0,6408088.0,6408088.0,6408088.0,0.0
1777382100,6524426.0,6524426.0,6524426.0,6524426.0,0.04644653
1777383000,6524426.0,6524426.0,6468146.0,6468146.0,0.00465339
1777383900,6524426.0,6524426.0,6524426.0,6524426.0,0.00266812
1777384800,6521996.0,6553426.0,6521996.0,6553426.0,0.51228373
1777385700,6533980.0,6590000.0,6533980.0,6590000.0,0.09529463
1777386600,6590000.0,6590000.0,6590000.0,6590000.0,0.0
1777387500,6590000.0,6590000.0,6590000.0,6590000.0,0.0
1777388400,6582030.0,6582030.0,6582030.0,6582030.0,0.03784941
1777389300,6581787.0,6581787.0,6581787.0,6581787.0,0.03566113
1777390200,6581787.0,6581787.0,6581787.0,6581787.0,0.0
1777391100,6581787.0,6581787.0,6581787.0,6581787.0,0.0
1777392000,6581787.0,6581787.0,6581787.0,6581787.0,0.0
1777392900,6581787.0,6581787.0,6581787.0,6581787.0,0.0
1777393800,6581787.0,6581787.0,6581787.0,6581787.0,0.0
1777394700,6569230.0,6569230.0,6473182.0,6473182.0,0.00453598
1777395600,6473182.0,6473182.0,6473182.0,6473182.0,0.0
1777396500,6556313.0,6556313.0,6445833.0,6445833.0,0.00481642
1777397400,6445833.0,6445833.0,6445833.0,6445833.0,0.0
1777398300,6445833.0,6445833.0,6445833.0,6445833.0,0.0
1777399200,6445833.0,6445833.0,6445833.0,6445833.0,0.0
1777400100,6445833.0,6445833.0,6445833.0,6445833.0,0.0
1777401000,6445833.0,6445833.0,6445833.0,6445833.0,0.0
1777401900,6445833.0,6445833.0,6445833.0,6445833.0,0.0
1777402800,6445833.0,6445833.0,6445833.0,6445833.0,0.0
1777403700,6445833.0,6445833.0,6445833.0,6445833.0,0.0
1777404600,6445833.0,6445833.0,6445833.0,6445833.0,0.0
1777405500,6445833.0,6445833.0,6445833.0,6445833.0,0.0
1777406400,6569055.0,6569055.0,6569055.0,6569055.0,0.00468819
1777407300,6569055.0,6569055.0,6569055.0,6569055.0,0.0
1777408200,6569055.0,6569055.0,6569055.0,6569055.0,0.0
1777409100,6565348.0,6565348.0,6454870.0,6454870.0,0.00391298
1777410000,6454870.0,6454870.0,6454870.0,6454870.0,0.0
1777410900,6454870.0,6454870.0,6454870.0,6454870.0,0.0
1777411800,6454870.0,6454870.0,6454870.0,6454870.0,0.0
1777412700,6454870.0,6454870.0,6454870.0,6454870.0,0.0
1777413600,6454870.0,6454870.0,6454870.0,6454870.0,0.0
1777414500,6454870.0,6454870.0,6454870.0,6454870.0,0.0
1777415400,6454870.0,6454870.0,6454870.0,6454870.0,0.0
1777416300,6454870.0,6454870.0,6454870.0,6454870.0,0.0
1777417200,6590000.0,6590000.0,6250239.0,6250239.0,0.00598039
1777418100,6250239.0,6250239.0,6250239.0,6250239.0,0.0
1777419000,6588380.0,6588380.0,6588380.0,6588380.0,0.00433186
1777419900,6588380.0,6588380.0,6588380.0,6588380.0,0.0
1777420800,6588380.0,6588380.0,6588380.0,6588380.0,0.0
1777421700,6588380.0,6588380.0,6588380.0,6588380.0,0.0
1777422600,6588380.0,6588380.0,6588380.0,6588380.0,0.0
1777423500,6588380.0,6588380.0,6588380.0,6588380.0,0.0
1777424400,6590000.0,6590000.0,6590000.0,6590000.0,0.01030789
1777425300,6477910.0,6477910.0,6477910.0,6477910.0,0.4185356
1777426200,6477910.0,6477910.0,6477910.0,6477910.0,0.0
1777427100,6477910.0,6477910.0,6477910.0,6477910.0,0.0
1777428000,6477910.0,6477910.0,6477910.0,6477910.0,0.0
1777428900,6477910.0,6477910.0,6477910.0,6477910.0,0.0
1777429800,6477910.0,6477910.0,6477910.0,6477910.0,0.0
1777430700,6601791.0,6601791.0,6601791.0,6601791.0,0.00159335
1777431600,6613633.0,6613633.0,6613633.0,6613633.0,0.00380728
1777432500,6613633.0,6613633.0,6613633.0,6613633.0,0.0
1777433400,6637690.0,6637690.0,6637690.0,6637690.0,0.00384938
1777434300,6637690.0,6637690.0,6637690.0,6637690.0,0.0
1777435200,6637690.0,6637690.0,6637690.0,6637690.0,0.0
1777436100,6637690.0,6637690.0,6637690.0,6637690.0,0.0
1777437000,6628433.0,6628433.0,6628433.0,6628433.0,0.00150246
1777437900,6517271.0,6517271.0,6517271.0,6517271.0,0.02315954
1777438800,6614216.0,6614545.0,6614216.0,6614545.0,0.00623342
1777439700,6250254.0,6609707.0,6250254.0,6609707.0,0.02859389
1777440600,6609707.0,6609707.0,6609707.0,6609707.0,0.0
1777441500,6609707.0,6609707.0,6609707.0,6609707.0,0.0
1777442400,6609707.0,6609707.0,6609707.0,6609707.0,0.0
1777443300,6609707.0,6609707.0,6609707.0,6609707.0,0.0
1777444200,6609707.0,6609707.0,6609707.0,6609707.0,0.0
1777445100,6490394.0,6490394.0,6490394.0,6490394.0,0.00531657
1777446000,6490394.0,6490394.0,6490394.0,6490394.0,0.0
1777446900,6607084.0,6607084.0,6607084.0,6607084.0,0.00165791
1777447800,6607084.0,6607084.0,6607084.0,6607084.0,0.0
1777448700,6607084.0,6607084.0,6607084.0,6607084.0,0.0
1777449600,6607084.0,6607084.0,6607084.0,6607084.0,0.0
1777450500,6607084.0,6607084.0,6607084.0,6607084.0,0.0
1777451400,6507526.0,6700000.0,6507526.0,6700000.0,0.15277461
1777452300,6700000.0,6700000.0,6700000.0,6700000.0,0.0
1777453200,6700000.0,6700000.0,6700000.0,6700000.0,0.0
1777454100,6700000.0,6700000.0,6700000.0,6700000.0,0.0
1777455000,6700000.0,6700000.0,6700000.0,6700000.0,0.0
1777455900,6700000.0,6700000.0,6700000.0,6700000.0,0.0
1777456800,6700000.0,6700000.0,6700000.0,6700000.0,0.0
1777457700,6700000.0,6700000.0,6700000.0,6700000.0,0.0
1777458600,6700000.0,6700000.0,6502609.0,6502609.0,0.02451879
1777459500,6605993.0,6605993.0,6605993.0,6605993.0,0.00150757
1777460400,6611117.0,6611117.0,6611117.0,6611117.0,0.0020228
1777461300,6611117.0,6611117.0,6611117.0,6611117.0,0.0
1777462200,6608381.0,6608381.0,6608381.0,6608381.0,0.00150702
1777463100,6608381.0,6608381.0,6608381.0,6608381.0,0.0
1777464000,6608381.0,6608381.0,6608381.0,6608381.0,0.0
1777464900,6605227.0,6605227.0,6605227.0,6605227.0,0.23688784
1777465800,6605227.0,6605227.0,6605227.0,6605227.0,0.0
1777466700,6605227.0,6605227.0,6605227.0,6605227.0,0.0
1777467600,6607246.0,6609882.0,6498626.0,6505409.0,0.13665854
1777468500,6505409.0,6505409.0,6505409.0,6505409.0,0.0
1777469400,6505409.0,6505409.0,6505409.0,6505409.0,0.0
1777470300,6606759.0,6606759.0,6495012.0,6495012.0,0.01417293
1777471200,6534647.0,6534647.0,6534647.0,6534647.0,0.01473346
1777472100,6443445.0,6443445.0,6443445.0,6443445.0,0.0750229
1777473000,6700000.0,6700000.0,6700000.0,6700000.0,0.00744686
1777473900,6456035.0,6562446.0,6456035.0,6562446.0,0.02153322
1777474800,6562446.0,6562446.0,6562446.0,6562446.0,0.0
1777475700,6422809.0,6422809.0,6422809.0,6422809.0,0.01157171
1777476600,6422809.0,6422809.0,6422809.0,6422809.0,0.0
1777477500,6514514.0,6514514.0,6404866.0,6404866.0,0.00455994
1777478400,6404866.0,6404866.0,6404866.0,6404866.0,0.0
1777479300,6537439.0,6537439.0,6537439.0,6537439.0,0.03414211
1777480200,6537439.0,6537439.0,6537439.0,6537439.0,0.0
1777481100,6537435.0,6537439.0,6453546.0,6453546.0,0.00685139
1777482000,6453546.0,6453546.0,6453546.0,6453546.0,0.0
1777482900,6453546.0,6453546.0,6453546.0,6453546.0,0.0
1777483800,6453546.0,6453546.0,6453546.0,6453546.0,0.0
1777484700,6537439.0,6537439.0,6537439.0,6537439.0,0.00761689
1777485600,6537439.0,6537439.0,6537439.0,6537439.0,0.0
1777486500,6537439.0,6537439.0,6537439.0,6537439.0,0.0
1777487400,6537439.0,6537439.0,6537439.0,6537439.0,0.0
1777488300,6443095.0,6443095.0,6443095.0,6443095.0,0.0062581
1777489200,6443095.0,6443095.0,6443095.0,6443095.0,0.0
1777490100,6443095.0,6443095.0,6443095.0,6443095.0,0.0
1777491000,6443095.0,6443095.0,6443095.0,6443095.0,0.0
1777491900,6443095.0,6443095.0,6443095.0,6443095.0,0.0
1777492800,6443095.0,6443095.0,6443095.0,6443095.0,0.0
1777493700,6443095.0,6443095.0,6443095.0,6443095.0,0.0
1777494600,6443095.0,6443095.0,6443095.0,6443095.0,0.0
1777495500,6443095.0,6443095.0,6443095.0,6443095.0,0.0
1777496400,6443095.0,6443095.0,6443095.0,6443095.0,0.0
1777497300,6535193.0,6535193.0,6535193.0,6535193.0,0.00225991
1777498200,6535193.0,6535193.0,6535193.0,6535193.0,0.0
1777499100,6535193.0,6535193.0,6535193.0,6535193.0,0.0
1777500000,6535193.0,6535193.0,6535193.0,6535193.0,0.0
1777500900,6535193.0,6535193.0,6535193.0,6535193.0,0.0
1777501800,6535193.0,6535193.0,6535193.0,6535193.0,0.0
1777502700,6535193.0,6535193.0,6535193.0,6535193.0,0.0
1777503600,6535193.0,6535193.0,6535193.0,6535193.0,0.0
1777504500,6535193.0,6535193.0,6535193.0,6535193.0,0.0
1777505400,6535193.0,6535193.0,6535193.0,6535193.0,0.0
1777506300,6537435.0,6537435.0,6537435.0,6537435.0,0.00380837
1777507200,6537435.0,6537435.0,6537435.0,6537435.0,0.0
1777508100,6444696.0,6444696.0,6444696.0,6444696.0,0.00550406
1777509000,6444696.0,6444696.0,6444696.0,6444696.0,0.0
1777509900,6537439.0,6537439.0,6537439.0,6537439.0,0.0015246
1777510800,6537439.0,6537439.0,6537439.0,6537439.0,0.0
1777511700,6537439.0,6537439.0,6537439.0,6537439.0,0.0
1777512600,6460658.0,6460658.0,6460658.0,6460658.0,0.00317008
1777513500,6460658.0,6460658.0,6460658.0,6460658.0,0.0
1777514400,6460658.0,6460658.0,6460658.0,6460658.0,0.0
1777515300,6537435.0,6537435.0,6537435.0,6537435.0,0.00243734
1777516200,6525758.0,6525758.0,6525758.0,6525758.0,0.00161207
1777517100,6525758.0,6525758.0,6525758.0,6525758.0,0.0
1777518000,6525758.0,6525758.0,6525758.0,6525758.0,0.0
1777518900,6525758.0,6525758.0,6525758.0,6525758.0,0.0
1777519800,6525758.0,6525758.0,6525758.0,6525758.0,0.0
1777520700,6537439.0,6537439.0,6431482.0,6431482.0,0.00455346
1777521600,6431482.0,6431482.0,6431482.0,6431482.0,0.0
1777522500,6533526.0,6534001.0,6533526.0,6534001.0,0.00515426
1777523400,6534001.0,6534001.0,6534001.0,6534001.0,0.0
1777524300,6534001.0,6534001.0,6534001.0,6534001.0,0.0
1777525200,6534001.0,6534001.0,6534001.0,6534001.0,0.0
1777526100,6534001.0,6534001.0,6534001.0,6534001.0,0.0
1777527000,6534001.0,6534001.0,6534001.0,6534001.0,0.0
1777527900,6534001.0,6534001.0,6534001.0,6534001.0,0.0
1777528800,6534001.0,6534001.0,6534001.0,6534001.0,0.0
1777529700,6534001.0,6534001.0,6534001.0,6534001.0,0.0
1777530600,6525348.0,6525348.0,6525348.0,6525348.0,0.00228922
1777531500,6525348.0,6525348.0,6525348.0,6525348.0,0.0
1777532400,6508627.0,6508627.0,6508627.0,6508627.0,0.00279721
1777533300,6508495.0,6508495.0,6508495.0,6508495.0,0.00765077
1777534200,6508495.0,6508495.0,6508495.0,6508495.0,0.0
1777535100,6508495.0,6508495.0,6508495.0,6508495.0,0.0
1777536000,6508495.0,6508495.0,6508495.0,6508495.0,0.0
1777536900,6508495.0,6508495.0,6508495.0,6508495.0,0.0
1777537800,6508495.0,6508495.0,6508495.0,6508495.0,0.0
1777538700,6508495.0,6508495.0,6508495.0,6508495.0,0.0
1777539600,6508495.0,6508495.0,6508495.0,6508495.0,0.0
1777540500,6508495.0,6508495.0,6508495.0,6508495.0,0.0
1777541400,6425874.0,6425874.0,6425874.0,6425874.0,0.00205795
1777542300,6536785.0,6537439.0,6536785.0,6537439.0,0.00761712
1777543200,6537439.0,6537439.0,6537439.0,6537439.0,0.0
1777544100,6537439.0,6537439.0,6537439.0,6537439.0,0.0
1777545000,6423391.0,6423391.0,6300002.0,6300002.0,0.11977243
1777545900,6426590.0,6426590.0,6426590.0,6426590.0,0.00761689
1777546800,6527039.0,6527039.0,6527039.0,6527039.0,0.00243709
1777547700,6527039.0,6527039.0,6527039.0,6527039.0,0.0
1777548600,6527039.0,6527039.0,6527039.0,6527039.0,0.0
1777549500,6527039.0,6527039.0,6527039.0,6527039.0,0.0
1777550400,6527039.0,6527039.0,6527039.0,6527039.0,0.0
1777551300,6534975.0,6537439.0,6534975.0,6537439.0,0.10245715
1777552200,6537439.0,6537439.0,6537439.0,6537439.0,0.0
1777553100,6537439.0,6537439.0,6537439.0,6537439.0,0.0
1777554000,6537439.0,6537439.0,6537439.0,6537439.0,0.0
1777554900,6537439.0,6537439.0,6537439.0,6537439.0,0.0
1777555800,6400578.0,6400578.0,6400578.0,6400578.0,0.0021059
1777556700,6400578.0,6400578.0,6400578.0,6400578.0,0.0
1777557600,6391012.0,6391012.0,6391012.0,6391012.0,0.0154828
1777558500,6391012.0,6391012.0,6391012.0,6391012.0,0.0
1777559400,6391012.0,6391012.0,6391012.0,6391012.0,0.0
1777560300,6537439.0,6537439.0,6537439.0,6537439.0,0.00168276
1777561200,6537439.0,6537439.0,6537439.0,6537439.0,0.0
1777562100,6537439.0,6537439.0,6525422.0,6525422.0,0.95196585
1777563000,6525422.0,6525422.0,6525422.0,6525422.0,0.0
1777563900,6525422.0,6525422.0,6525422.0,6525422.0,0.00705486
1777564800,6525422.0,6525422.0,6525422.0,6525422.0,0.0
1777565700,6525422.0,6525422.0,6525422.0,6525422.0,0.0
1777566600,6525422.0,6525422.0,6525422.0,6525422.0,0.0
1777567500,6525422.0,6525422.0,6525422.0,6525422.0,0.0
1777568400,6525422.0,6525422.0,6525422.0,6525422.0,0.0
1777569300,6525422.0,6525422.0,6525422.0,6525422.0,0.04578569
1777570200,6525422.0,6525422.0,6525422.0,6525422.0,0.0
1777571100,6525422.0,6650895.0,6525422.0,6650895.0,0.15619258
1777572000,6650895.0,6650895.0,6650895.0,6650895.0,0.0
1777572900,6650895.0,6650895.0,6650895.0,6650895.0,0.0
1777573800,6433012.0,6677145.0,6433012.0,6677145.0,0.03896265
1777574700,6677145.0,6677145.0,6677145.0,6677145.0,0.0
1777575600,6677145.0,6677145.0,6677145.0,6677145.0,0.0
1777576500,6677145.0,6677145.0,6677145.0,6677145.0,0.0
1777577400,6677145.0,6677145.0,6677145.0,6677145.0,0.0
1777578300,6677145.0,6677145.0,6677145.0,6677145.0,0.0
1777579200,6677145.0,6677145.0,6677145.0,6677145.0,0.0
1777580100,6677145.0,6677145.0,6677145.0,6677145.0,0.0
1777581000,6677145.0,6677145.0,6677145.0,6677145.0,0.0
1777581900,6674944.0,6674944.0,6674944.0,6674944.0,0.02989957
1777582800,6674944.0,6674944.0,6674944.0,6674944.0,0.0
1777583700,6674944.0,6674944.0,6674944.0,6674944.0,0.0
1777584600,6683666.0,6683666.0,6683666.0,6683666.0,0.00149005
1777585500,6683666.0,6683666.0,6683666.0,6683666.0,0.0
1777586400,6683666.0,6683666.0,6683666.0,6683666.0,0.0
1777587300,6683666.0,6683666.0,6683666.0,6683666.0,0.0
1777588200,6683666.0,6683666.0,6683666.0,6683666.0,0.0
1777589100,6683666.0,6683666.0,6683666.0,6683666.0,0.0
1777590000,6683666.0,6683666.0,6683666.0,6683666.0,0.0
1777590900,6683666.0,6683666.0,6683666.0,6683666.0,0.0
1777591800,6683666.0,6683666.0,6683666.0,6683666.0,0.0
1777592700,6683666.0,6683666.0,6683666.0,6683666.0,0.0
1777593600,6683666.0,6683666.0,6683666.0,6683666.0,0.0
1777594500,6683666.0,6683666.0,6683666.0,6683666.0,0.0
1777595400,6682162.0,6682162.0,6682162.0,6682162.0,0.00291672
1777596300,6682162.0,6682162.0,6682162.0,6682162.0,0.0
1777597200,6682162.0,6682162.0,6682162.0,6682162.0,0.0
1777598100,6682162.0,6682162.0,6682162.0,6682162.0,0.0
1777599000,6682162.0,6682162.0,6682162.0,6682162.0,0.0
1777599900,6434604.0,6434604.0,6434604.0,6434604.0,0.03085654
1777600800,6434604.0,6434604.0,6434604.0,6434604.0,0.0
1777601700,6434604.0,6434604.0,6434604.0,6434604.0,0.0
1777602600,6434604.0,6434604.0,6434604.0,6434604.0,0.0
1777603500,6696133.0,6700000.0,6696133.0,6700000.0,0.00648993
1777604400,6700000.0,6700000.0,6700000.0,6700000.0,0.0
1777605300,6700000.0,6700000.0,6700000.0,6700000.0,0.0
1777606200,6700000.0,6700000.0,6700000.0,6700000.0,0.0
1777607100,6700000.0,6700000.0,6700000.0,6700000.0,0.0
1777608000,6450036.0,6450036.0,6450036.0,6450036.0,0.00477223
1777608900,6699540.0,6699540.0,6699540.0,6699540.0,0.00148651
1777609800,6699540.0,6699540.0,6699540.0,6699540.0,0.0
1777610700,6699540.0,6699540.0,6699540.0,6699540.0,0.0
1777611600,6699540.0,6699540.0,6699540.0,6699540.0,0.0
1777612500,6699540.0,6699540.0,6699540.0,6699540.0,0.0
1777613400,6699540.0,6699540.0,6699540.0,6699540.0,0.0
1777614300,6699540.0,6699540.0,6699540.0,6699540.0,0.0
1777615200,6699540.0,6699540.0,6699540.0,6699540.0,0.0
1777616100,6699994.0,6699996.0,6699994.0,6699996.0,0.05535137
1777617000,6699996.0,6699996.0,6699996.0,6699996.0,0.0
1777617900,6695041.0,6695041.0,6695041.0,6695041.0,0.00244076
1777618800,6695041.0,6695041.0,6695041.0,6695041.0,0.0
1777619700,6695041.0,6695041.0,6695041.0,6695041.0,0.0
1777620600,6695041.0,6695041.0,6695041.0,6695041.0,0.0
1777621500,6695041.0,6695041.0,6695041.0,6695041.0,0.0
1777622400,6695041.0,6695041.0,6695041.0,6695041.0,0.0
1777623300,6695041.0,6695041.0,6695041.0,6695041.0,0.0
1777624200,6695041.0,6695041.0,6695041.0,6695041.0,0.0
1777625100,6695041.0,6695041.0,6695041.0,6695041.0,0.0
1777626000,6695041.0,6695041.0,6695041.0,6695041.0,0.0
1777626900,6695041.0,6695041.0,6695041.0,6695041.0,0.0
1777627800,6682147.0,6682147.0,6682147.0,6682147.0,0.01493367
1777628700,6682147.0,6682147.0,6682147.0,6682147.0,0.0
1777629600,6682147.0,6682147.0,6682147.0,6682147.0,0.0
1777630500,6450012.0,6450012.0,6450004.0,6450004.0,0.01513268
1777631400,6450004.0,6450004.0,6450004.0,6450004.0,0.0
1777632300,6450004.0,6450004.0,6450004.0,6450004.0,0.0
1777633200,6450004.0,6450004.0,6450004.0,6450004.0,0.0
1777634100,6450004.0,6450004.0,6450004.0,6450004.0,0.0
1777635000,6450004.0,6450004.0,6450004.0,6450004.0,0.00571885
1777635900,6450004.0,6450004.0,6450004.0,6450004.0,0.0
1777636800,6450004.0,6450004.0,6450004.0,6450004.0,0.0
1777637700,6450004.0,6450004.0,6450004.0,6450004.0,0.0
1777638600,6450004.0,6450004.0,6450004.0,6450004.0,0.0
1777639500,6450004.0,6450004.0,6450004.0,6450004.0,0.0
1777640400,6700000.0,6700000.0,6700000.0,6700000.0,0.00609432
1777641300,6700000.0,6700000.0,6700000.0,6700000.0,0.0
1777642200,6700000.0,6700000.0,6700000.0,6700000.0,0.0
1777643100,6695078.0,6695078.0,6695078.0,6695078.0,0.00203433
1777644000,6699996.0,6699996.0,6699996.0,6699996.0,0.00436268
1777644900,6699996.0,6699996.0,6699996.0,6699996.0,0.00148641
1777645800,6450102.0,6450102.0,6450102.0,6450102.0,0.00436268
1777646700,6450006.0,6450006.0,6450006.0,6450006.0,0.0020341
1777647600,6450006.0,6450006.0,6450006.0,6450006.0,0.0
1777648500,6450006.0,6450006.0,6450006.0,6450006.0,0.0
1777649400,6699998.0,6700000.0,6699998.0,6700000.0,1.35568242
1777650300,6900334.0,6900334.0,6900334.0,6900334.0,0.00723066
1777651200,6927430.0,6927430.0,6450114.0,6450114.0,0.09826526
1777652100,6450114.0,6450114.0,6450114.0,6450114.0,0.0
1777653000,6450114.0,6450114.0,6450114.0,6450114.0,0.0
1777653900,6450114.0,6450114.0,6450114.0,6450114.0,0.0
1777654800,6450118.0,6908788.0,6450118.0,6908788.0,0.01229586
1777655700,6908788.0,6908788.0,6908788.0,6908788.0,0.0
1777656600,6908788.0,6908788.0,6908788.0,6908788.0,0.0
1777657500,6450116.0,6450116.0,6450114.0,6450114.0,0.04291389
1777658400,6450114.0,6450114.0,6450114.0,6450114.0,0.0
1777659300,6450114.0,6450114.0,6450114.0,6450114.0,0.0
1777660200,6450114.0,6450114.0,6450114.0,6450114.0,0.0
1777661100,6459999.0,6459999.0,6459999.0,6459999.0,0.00723066
1777662000,6459999.0,6459999.0,6459999.0,6459999.0,0.0
1777662900,6921722.0,6921722.0,6921722.0,6921722.0,0.01266303
1777663800,6921722.0,6921722.0,6921722.0,6921722.0,0.0
1777664700,6921722.0,6921722.0,6921722.0,6921722.0,0.0
1777665600,6921722.0,6921722.0,6921722.0,6921722.0,0.0
1777666500,6921722.0,6921722.0,6921722.0,6921722.0,0.0
1777667400,6921722.0,6921722.0,6921722.0,6921722.0,0.0
1777668300,6892329.0,6892330.0,6892329.0,6892330.0,0.00723906
1777669200,6450118.0,6867411.0,6450118.0,6867411.0,0.03218154
1777670100,6867411.0,6867411.0,6867411.0,6867411.0,0.0
1777671000,6867411.0,6867411.0,6867411.0,6867411.0,0.0
1777671900,6867411.0,6867411.0,6867411.0,6867411.0,0.0
1777672800,6867411.0,6867411.0,6867411.0,6867411.0,0.0
1777673700,6867411.0,6867411.0,6867411.0,6867411.0,0.0
1777674600,6867411.0,6867411.0,6867411.0,6867411.0,0.0
1777675500,6867411.0,6867411.0,6867411.0,6867411.0,0.0
1777676400,6867411.0,6867411.0,6867411.0,6867411.0,0.0
1777677300,6867411.0,6867411.0,6867411.0,6867411.0,0.0
1777678200,6867411.0,6867411.0,6867411.0,6867411.0,0.0
1777679100,6453906.0,6453906.0,6453905.0,6453905.0,0.03662217
1777680000,6453905.0,6453905.0,6453905.0,6453905.0,0.0
1777680900,6453905.0,6453905.0,6453905.0,6453905.0,0.0
1777681800,6453905.0,6453905.0,6453905.0,6453905.0,0.0
1777682700,6453905.0,6453905.0,6453905.0,6453905.0,0.0
1777683600,6453905.0,6453905.0,6453905.0,6453905.0,0.0
1777684500,6829082.0,6829082.0,6829082.0,6829082.0,0.01458321
1777685400,6829098.0,6829098.0,6829098.0,6829098.0,0.00145831
1777686300,6829098.0,6829098.0,6829098.0,6829098.0,0.0
1777687200,6829098.0,6829098.0,6829098.0,6829098.0,0.0
1777688100,6829098.0,6829098.0,6829098.0,6829098.0,0.0
1777689000,6829094.0,6829094.0,6829094.0,6829094.0,0.0039235
1777689900,6829094.0,6829094.0,6829094.0,6829094.0,0.0
1777690800,6828100.0,6828100.0,6828100.0,6828100.0,0.0016845
1777691700,6828100.0,6828100.0,6828100.0,6828100.0,0.0
1777692600,6828100.0,6828100.0,6828100.0,6828100.0,0.0
1777693500,6828100.0,6828100.0,6828100.0,6828100.0,0.0
1777694400,6452102.0,6453002.0,6452102.0,6453002.0,0.00554664
1777695300,6453002.0,6453002.0,6453002.0,6453002.0,0.0
1777696200,6453002.0,6453002.0,6453002.0,6453002.0,0.0
1777697100,6825008.0,6825008.0,6452000.0,6452000.0,0.03165908
1777698000,6452000.0,6452000.0,6452000.0,6452000.0,0.0
1777698900,6452006.0,6452006.0,6452004.0,6452004.0,0.01528373
1777699800,6820002.0,6820002.0,6820002.0,6820002.0,0.00146026
1777700700,6820002.0,6820002.0,6820002.0,6820002.0,0.0
1777701600,6820002.0,6820002.0,6820002.0,6820002.0,0.0
1777702500,6820002.0,6820002.0,6820002.0,6820002.0,0.0
1777703400,6820002.0,6820002.0,6820002.0,6820002.0,0.0
1777704300,6820002.0,6820002.0,6820002.0,6820002.0,0.0
1777705200,6820002.0,6820002.0,6820002.0,6820002.0,0.0
1777706100,6801028.0,6801028.0,6801028.0,6801028.0,0.00146433
1777707000,6801028.0,6801028.0,6801028.0,6801028.0,0.0
1777707900,6801028.0,6801028.0,6801028.0,6801028.0,0.0
1777708800,6801028.0,6801028.0,6801028.0,6801028.0,0.0
1777709700,6801028.0,6801028.0,6801028.0,6801028.0,0.0
1777710600,6789996.0,6789996.0,6789996.0,6789996.0,0.00171119
1777711500,6452204.0,6452204.0,6452204.0,6452204.0,0.0106111
1777712400,6769988.0,6769988.0,6769988.0,6769988.0,0.01471051
1777713300,6769988.0,6769988.0,6769988.0,6769988.0,0.0
1777714200,6769988.0,6769988.0,6769988.0,6769988.0,0.0
1777715100,6769988.0,6769988.0,6769988.0,6769988.0,0.0
1777716000,6769988.0,6769988.0,6769988.0,6769988.0,0.0
1777716900,6452062.0,6452062.0,6450114.0,6450114.0,0.1801323
1777717800,6450114.0,6450114.0,6450114.0,6450114.0,0.0
1777718700,6739018.0,6739018.0,6739018.0,6739018.0,0.00182296
1777719600,6739018.0,6739018.0,6739018.0,6739018.0,0.0
1777720500,6739018.0,6739018.0,6739018.0,6739018.0,0.0
1777721400,6739018.0,6739018.0,6739018.0,6739018.0,0.0
1777722300,6739018.0,6739018.0,6739018.0,6739018.0,0.0
1777723200,6739018.0,6739018.0,6739018.0,6739018.0,0.0
1777724100,6739018.0,6739018.0,6739018.0,6739018.0,0.0
1777725000,6739018.0,6739018.0,6739018.0,6739018.0,0.0
1777725900,6739018.0,6739018.0,6739018.0,6739018.0,0.0
1777726800,6739018.0,6739018.0,6739018.0,6739018.0,0.0
1777727700,6739018.0,6739018.0,6739018.0,6739018.0,0.0
1777728600,6739018.0,6739018.0,6739018.0,6739018.0,0.0
1777729500,6705008.0,6705008.0,6705008.0,6705008.0,0.00808365
1777730400,6705008.0,6705008.0,6705008.0,6705008.0,0.0
1777731300,6450134.0,6450134.0,6450132.0,6450132.0,0.00800171
1777732200,6705008.0,6710005.0,6450136.0,6710005.0,0.01605395
1777733100,6450260.0,6450260.0,6450260.0,6450260.0,0.007311
1777734000,6710002.0,6710002.0,6710002.0,6710002.0,0.0068751
1777734900,6710002.0,6710002.0,6710002.0,6710002.0,0.0
1777735800,6710002.0,6710002.0,6710002.0,6710002.0,0.00727257
1777736700,6710002.0,6867411.0,6710002.0,6867411.0,0.0587436
1777737600,6867411.0,6867411.0,6867411.0,6867411.0,0.0
1777738500,6451200.0,6451200.0,6451200.0,6451200.0,0.00297305
1777739400,6451200.0,6451200.0,6451200.0,6451200.0,0.0
1777740300,6867400.0,6867402.0,6867400.0,6867402.0,0.02900383
1777741200,6867402.0,6867402.0,6867402.0,6867402.0,0.0
1777742100,6867402.0,6867402.0,6867402.0,6867402.0,0.0
1777743000,6867402.0,6867402.0,6867402.0,6867402.0,0.0
1777743900,6451976.0,6451976.0,6451976.0,6451976.0,0.0039235
1777744800,6451976.0,6451976.0,6451976.0,6451976.0,0.0
1777745700,6867400.0,6867400.0,6867400.0,6867400.0,0.00168127
1777746600,6867404.0,6867404.0,6867404.0,6867404.0,0.00145018
1777747500,6452582.0,6452582.0,6452582.0,6452582.0,0.00871527
1777748400,6867364.0,6867364.0,6867364.0,6867364.0,0.00209964
1777749300,6867364.0,6867364.0,6867364.0,6867364.0,0.0
1777750200,6867364.0,6867364.0,6867364.0,6867364.0,0.0
1777751100,6867364.0,6867364.0,6867364.0,6867364.0,0.0
1777752000,6867364.0,6867364.0,6867364.0,6867364.0,0.0
1777752900,6867364.0,6867364.0,6867364.0,6867364.0,0.0
1777753800,6867364.0,6867364.0,6867364.0,6867364.0,0.0
1777754700,6867364.0,6867364.0,6867364.0,6867364.0,0.0
1777755600,6867364.0,6867364.0,6867364.0,6867364.0,0.0
1777756500,6867364.0,6867364.0,6867364.0,6867364.0,0.0
1777757400,6867364.0,6867364.0,6867364.0,6867364.0,0.0
1777758300,6867364.0,6867364.0,6867364.0,6867364.0,0.0
1777759200,6857350.0,6857350.0,6857350.0,6857350.0,0.07730678
1777760100,6857350.0,6857350.0,6857350.0,6857350.0,0.0
1777761000,6857350.0,6857350.0,6857350.0,6857350.0,0.0
1777761900,6857350.0,6857350.0,6857350.0,6857350.0,0.0
1777762800,6857350.0,6857350.0,6857350.0,6857350.0,0.0
1777763700,6857350.0,6857350.0,6857350.0,6857350.0,0.0
1777764600,6857356.0,6857356.0,6857356.0,6857356.0,0.0014523
1777765500,6857356.0,6857356.0,6857356.0,6857356.0,0.0
1777766400,6857356.0,6857356.0,6857356.0,6857356.0,0.0
1777767300,6857356.0,6857356.0,6857356.0,6857356.0,0.0
1777768200,6857356.0,6857356.0,6857356.0,6857356.0,0.0
1777769100,6453964.0,6453964.0,6453964.0,6453964.0,0.00168127
1777770000,6453964.0,6453964.0,6453964.0,6453964.0,0.0
1777770900,6453964.0,6453964.0,6453964.0,6453964.0,0.0
1777771800,6857354.0,6857354.0,6453976.0,6453976.0,0.00519402
1777772700,6857354.0,6857360.0,6857354.0,6857354.0,0.00917437
1777773600,6454276.0,6857358.0,6454276.0,6857358.0,0.01659345
1777774500,6857358.0,6857358.0,6857358.0,6857358.0,0.0
1777775400,6857358.0,6857358.0,6857358.0,6857358.0,0.0
1777776300,6454028.0,6454028.0,6454022.0,6454022.0,0.15619258
1777777200,6454034.0,6857186.0,6454034.0,6857186.0,0.01636328
1777778100,6454030.0,6454030.0,6454030.0,6454030.0,0.00243734
1777779000,6454030.0,6454030.0,6454030.0,6454030.0,0.0
1777779900,6454038.0,6454038.0,6454036.0,6454036.0,0.00348215
1777780800,6454036.0,6454036.0,6454036.0,6454036.0,0.0
1777781700,6454036.0,6454036.0,6454036.0,6454036.0,0.0
1777782600,6856314.0,6856314.0,6856244.0,6856248.0,0.02571083
1777783500,6856248.0,6856248.0,6856248.0,6856248.0,0.0
1777784400,6456002.0,6456002.0,6456002.0,6456002.0,0.00291672
1777785300,6456002.0,6456002.0,6456002.0,6456002.0,0.0
1777786200,6456002.0,6456002.0,6456002.0,6456002.0,0.0
1777787100,6456662.0,6456662.0,6456660.0,6456660.0,0.02320234
1777788000,6456660.0,6456660.0,6456660.0,6456660.0,0.0
1777788900,6749994.0,6749994.0,6456664.0,6456664.0,0.00728558
1777789800,6456664.0,6456664.0,6456664.0,6456664.0,0.0
1777790700,6749894.0,6749894.0,6749894.0,6749894.0,0.00442629
1777791600,6749894.0,6749894.0,6749894.0,6749894.0,0.0
1777792500,6749994.0,6750000.0,6749994.0,6750000.0,0.04929823
1777793400,6750000.0,6750000.0,6750000.0,6750000.0,0.0
1777794300,6750000.0,6750000.0,6750000.0,6750000.0,0.0
1777795200,6750000.0,6750000.0,6750000.0,6750000.0,0.0
1777796100,6457304.0,6457304.0,6457304.0,6457304.0,0.00182316
1777797000,6457304.0,6457304.0,6457304.0,6457304.0,0.0
1777797900,6457304.0,6457304.0,6457304.0,6457304.0,0.0
1777798800,6457304.0,6457304.0,6457304.0,6457304.0,0.0
1777799700,6457304.0,6457304.0,6457304.0,6457304.0,0.0
1777800600,6457304.0,6457304.0,6457304.0,6457304.0,0.0
1777801500,6457304.0,6457304.0,6457304.0,6457304.0,0.0
1777802400,6749999.0,6750000.0,6749999.0,6750000.0,0.02956711
1777803300,6460054.0,6460054.0,6460054.0,6460054.0,0.00210401
1777804200,6460054.0,6460054.0,6460054.0,6460054.0,0.0
1777805100,6460054.0,6460054.0,6460054.0,6460054.0,0.0
1777806000,6460054.0,6460054.0,6460054.0,6460054.0,0.0
1777806900,6750000.0,6750000.0,6750000.0,6750000.0,0.0014754
1777807800,6750000.0,6750000.0,6750000.0,6750000.0,0.0
1777808700,6750000.0,6750000.0,6750000.0,6750000.0,0.0
1777809600,6750000.0,6750000.0,6750000.0,6750000.0,0.00162281
1777810500,6750000.0,6750000.0,6750000.0,6750000.0,0.0
1777811400,6750000.0,6750000.0,6750000.0,6750000.0,0.0
1777812300,6470590.0,6749998.0,6470590.0,6749998.0,0.01768408
1777813200,6749998.0,6749998.0,6749998.0,6749998.0,0.0
1777814100,6749998.0,6749998.0,6749998.0,6749998.0,0.0
1777815000,6470512.0,6857360.0,6470512.0,6857360.0,0.07193902
1777815900,6470546.0,6857360.0,6470519.0,6857342.0,0.13010198
1777816800,6470556.0,6857364.0,6470554.0,6857364.0,0.13812128
1777817700,6857364.0,6857364.0,6857364.0,6857364.0,0.0
1777818600,6470562.0,6470562.0,6470562.0,6470562.0,0.00279574
1777819500,6470562.0,6470562.0,6470562.0,6470562.0,0.0
1777820400,6470562.0,6470562.0,6470562.0,6470562.0,0.0
1777821300,6470562.0,6470562.0,6470562.0,6470562.0,0.0
1777822200,6857314.0,6857314.0,6857314.0,6857314.0,0.00274874
1777823100,6857314.0,6857314.0,6857314.0,6857314.0,0.0
1777824000,6857194.0,6857194.0,6857194.0,6857194.0,0.01181591
1777824900,6857194.0,6857194.0,6857194.0,6857194.0,0.0
1777825800,6857194.0,6857194.0,6857194.0,6857194.0,0.0
1777826700,6857194.0,6857194.0,6857194.0,6857194.0,0.0
1777827600,6857360.0,6857360.0,6470722.0,6470722.0,0.00399132
1777828500,6470722.0,6470722.0,6470722.0,6470722.0,0.0
1777829400,6470722.0,6470722.0,6470722.0,6470722.0,0.0
1777830300,6470722.0,6470722.0,6470722.0,6470722.0,0.0
1777831200,6470722.0,6470722.0,6470722.0,6470722.0,0.0
1777832100,6470722.0,6470722.0,6470722.0,6470722.0,0.0
1777833000,6470722.0,6470722.0,6470722.0,6470722.0,0.0
1777833900,6470722.0,6470722.0,6470722.0,6470722.0,0.0
1777834800,6500348.0,6500348.0,6500348.0,6500348.0,0.00261768
1777835700,6500348.0,6500348.0,6500348.0,6500348.0,0.0
1777836600,6500348.0,6500348.0,6500348.0,6500348.0,0.0
1777837500,6500348.0,6500348.0,6500348.0,6500348.0,0.0
1777838400,6500348.0,6500348.0,6500348.0,6500348.0,0.0
1777839300,6500348.0,6500348.0,6500348.0,6500348.0,0.0
1777840200,6500348.0,6500348.0,6500348.0,6500348.0,0.0
1777841100,6500348.0,6500348.0,6500348.0,6500348.0,0.0
1777842000,6500348.0,6500348.0,6500348.0,6500348.0,0.0
1777842900,6500348.0,6500348.0,6500348.0,6500348.0,0.0
1777843800,6857360.0,6857362.0,6857360.0,6857362.0,0.01151711
1777844700,6857362.0,6857362.0,6857362.0,6857362.0,0.0
1777845600,6857362.0,6857362.0,6857362.0,6857362.0,0.0
1777846500,6857362.0,6857362.0,6857362.0,6857362.0,0.0
1777847400,6857362.0,6857362.0,6857362.0,6857362.0,0.0
1777848300,6610474.0,6610474.0,6470615.0,6470615.0,0.04929823
1777849200,6470615.0,6470615.0,6470615.0,6470615.0,0.0
1777850100,6470615.0,6470615.0,6470615.0,6470615.0,0.0
1777851000,6470664.0,6470664.0,6470664.0,6470664.0,0.00775979
1777851900,6470664.0,6470664.0,6470664.0,6470664.0,0.0
1777852800,6470664.0,6470664.0,6470664.0,6470664.0,0.0
1777853700,6470664.0,6470664.0,6470664.0,6470664.0,0.0
1777854600,6500092.0,6857310.0,6500090.0,6857310.0,0.11973205
1777855500,6857310.0,6857310.0,6857310.0,6857310.0,0.0
1777856400,6706980.0,6706980.0,6706980.0,6706980.0,0.00962295
1777857300,6706980.0,6706980.0,6706980.0,6706980.0,0.0
1777858200,6706980.0,6706980.0,6706980.0,6706980.0,0.0
1777859100,6706980.0,6706980.0,6706980.0,6706980.0,0.0
1777860000,6706982.0,6706982.0,6706982.0,6706982.0,0.00410512
1777860900,6706982.0,6706984.0,6706982.0,6706984.0,0.00617004
1777861800,6500008.0,6500008.0,6500008.0,6500008.0,0.00410512
1777862700,6706984.0,6857358.0,6706984.0,6857358.0,0.05214082
1777863600,6857350.0,6857350.0,6857350.0,6857350.0,0.00167747
1777864500,6857350.0,6857350.0,6857350.0,6857350.0,0.0
1777865400,6500208.0,6500208.0,6500208.0,6500208.0,0.00274852
1777866300,6500208.0,6500208.0,6500208.0,6500208.0,0.0
1777867200,6857352.0,6857354.0,6857352.0,6857354.0,0.02163312
1777868100,6500762.0,6500762.0,6500762.0,6500762.0,0.01539559
1777869000,6857346.0,6857346.0,6857346.0,6857346.0,0.01154192
1777869900,6857348.0,6857350.0,6857348.0,6857350.0,0.01442189
1777870800,6857350.0,6857350.0,6857350.0,6857350.0,0.0
1777871700,6500963.0,6500963.0,6500963.0,6500963.0,0.00760999
1777872600,6500963.0,6500963.0,6500963.0,6500963.0,0.0
1777873500,6857350.0,6857350.0,6857350.0,6857350.0,0.00158763
1777874400,6857350.0,6857350.0,6857350.0,6857350.0,0.0
1777875300,6857350.0,6857350.0,6857350.0,6857350.0,0.00204656
1777876200,6857350.0,6857350.0,6857350.0,6857350.0,0.0
1777877100,6857350.0,6857350.0,6857350.0,6857350.0,0.0
1777878000,6501432.0,6857349.0,6499999.0,6857349.0,1.00351738
1777878900,6857349.0,6857349.0,6857349.0,6857349.0,0.0
1777879800,6857349.0,6857349.0,6857349.0,6857349.0,0.0
1777880700,6857349.0,6857349.0,6857349.0,6857349.0,0.0
1777881600,6857349.0,6857349.0,6857349.0,6857349.0,0.0
1777882500,6857349.0,6857349.0,6857349.0,6857349.0,0.0
1777883400,6857060.0,6857060.0,6857060.0,6857060.0,0.00288359
1777884300,6857060.0,6857060.0,6857060.0,6857060.0,0.0
1777885200,6856927.0,6856927.0,6500004.0,6500004.0,0.00659477
1777886100,6500004.0,6500004.0,6500004.0,6500004.0,0.0
1777887000,6500004.0,6500004.0,6500004.0,6500004.0,0.0033628
1777887900,6500014.0,6500014.0,6500014.0,6500014.0,0.01181591
1777888800,6856313.0,6856313.0,6856313.0,6856313.0,0.00201143
1777889700,6500008.0,6500008.0,6500008.0,6500008.0,0.00762047
1777890600,6500008.0,6500008.0,6500008.0,6500008.0,0.0
1777891500,6828299.0,6828299.0,6828299.0,6828299.0,0.01780663
1777892400,6828299.0,6828299.0,6828299.0,6828299.0,0.0
1777893300,6828299.0,6828299.0,6828299.0,6828299.0,0.0
1777894200,6828299.0,6828299.0,6828299.0,6828299.0,0.0
1777895100,6828299.0,6828299.0,6828299.0,6828299.0,0.0
1777896000,6828299.0,6828299.0,6828299.0,6828299.0,0.0
1777896900,6828299.0,6828299.0,6828299.0,6828299.0,0.0
1777897800,6500025.0,6500025.0,6500025.0,6500025.0,0.00201929
1777898700,6500025.0,6500025.0,6500025.0,6500025.0,0.0
1777899600,6825411.0,6825411.0,6500025.0,6500025.0,0.01469976
1777900500,6825336.0,6825336.0,6825336.0,6825336.0,0.00729561
1777901400,6500034.0,6500034.0,6500021.0,6500021.0,0.09324074
1777902300,6825633.0,6825633.0,6825633.0,6825633.0,0.00724445
1777903200,6825633.0,6825633.0,6825633.0,6825633.0,0.0
1777904100,6825633.0,6825633.0,6825633.0,6825633.0,0.0
1777905000,6825331.0,6825331.0,6825268.0,6825268.0,0.00584514
1777905900,6825268.0,6825268.0,6825268.0,6825268.0,0.0
1777906800,6825268.0,6825268.0,6825268.0,6825268.0,0.0
1777907700,6810034.0,6810034.0,6810034.0,6810034.0,0.00290424
1777908600,6810034.0,6810034.0,6810034.0,6810034.0,0.0
1777909500,6788036.0,6788036.0,6788036.0,6788036.0,0.00146714
1777910400,6787907.0,6787911.0,6787907.0,6787911.0,0.01888666
1777911300,6787815.0,6787815.0,6787815.0,6787815.0,0.00146718
1777912200,6787815.0,6787815.0,6787815.0,6787815.0,0.0
1777913100,6787815.0,6787815.0,6787815.0,6787815.0,0.0
1777914000,6787815.0,6787815.0,6787815.0,6787815.0,0.0
1777914900,6787815.0,6787815.0,6787815.0,6787815.0,0.0
1777915800,6787815.0,6787815.0,6787815.0,6787815.0,0.0
1777916700,6787815.0,6787815.0,6787815.0,6787815.0,0.0
1777917600,6787815.0,6787815.0,6787815.0,6787815.0,0.0
1777918500,6787815.0,6787815.0,6787815.0,6787815.0,0.0
1777919400,6787815.0,6787815.0,6787815.0,6787815.0,0.0
1777920300,6787815.0,6787815.0,6787815.0,6787815.0,0.0
1777921200,6787815.0,6787815.0,6787815.0,6787815.0,0.0
1777922100,6787815.0,6787815.0,6787815.0,6787815.0,0.0
1777923000,6787815.0,6787815.0,6787815.0,6787815.0,0.0
1777923900,6787815.0,6787815.0,6787815.0,6787815.0,0.0
1777924800,6787815.0,6787815.0,6787815.0,6787815.0,0.0
1777925700,6650023.0,6650023.0,6650023.0,6650023.0,0.00166435
1777926600,6650023.0,6650023.0,6650023.0,6650023.0,0.0
1777927500,6650023.0,6650023.0,6650023.0,6650023.0,0.0
1777928400,6819590.0,6819590.0,6819590.0,6819590.0,0.00197944
1777929300,6819590.0,6819590.0,6819590.0,6819590.0,0.0
1777930200,6819590.0,6819590.0,6819590.0,6819590.0,0.0
1777931100,6819590.0,6819590.0,6819590.0,6819590.0,0.0
1777932000,6819590.0,6819590.0,6819590.0,6819590.0,0.0
1777932900,6819590.0,6819590.0,6819590.0,6819590.0,0.0
1777933800,6819590.0,6819590.0,6819590.0,6819590.0,0.0
1777934700,6819590.0,6819590.0,6819590.0,6819590.0,0.0
1777935600,6819590.0,6819590.0,6819590.0,6819590.0,0.0
1777936500,6819590.0,6819590.0,6819590.0,6819590.0,0.0
1777937400,6819590.0,6819590.0,6819590.0,6819590.0,0.0
1777938300,6819590.0,6819590.0,6819590.0,6819590.0,0.0
1777939200,6819590.0,6819590.0,6819590.0,6819590.0,0.0
1777940100,6819590.0,6819590.0,6819590.0,6819590.0,0.0
1777941000,6819590.0,6819590.0,6819590.0,6819590.0,0.0
1777941900,6500232.0,6500232.0,6500232.0,6500232.0,0.00468819
1777942800,6500232.0,6500232.0,6500232.0,6500232.0,0.0
1777943700,6500232.0,6500232.0,6500232.0,6500232.0,0.0
1777944600,6500232.0,6500232.0,6500232.0,6500232.0,0.0
1777945500,6819124.0,6819124.0,6500212.0,6819076.0,0.01628948
1777946400,6819076.0,6819076.0,6819076.0,6819076.0,0.0
1777947300,6819076.0,6819076.0,6819076.0,6819076.0,0.0
1777948200,6819076.0,6819076.0,6819076.0,6819076.0,0.0
1777949100,6819014.0,6819014.0,6819014.0,6819014.0,0.00158585
1777950000,6819030.0,6819032.0,6819030.0,6819032.0,0.02034941
1777950900,6819032.0,6819032.0,6819032.0,6819032.0,0.0
1777951800,6500476.0,6500476.0,6500270.0,6500270.0,0.02251597
1777952700,6819032.0,6819032.0,6819032.0,6819032.0,0.00365843
1777953600,6819032.0,6819032.0,6819032.0,6819032.0,0.0
1777954500,6819032.0,6819165.0,6819032.0,6819165.0,0.00171752
1777955400,6819165.0,6819165.0,6819165.0,6819165.0,0.0
1777956300,6819165.0,6819165.0,6502276.0,6502280.0,0.00731645
1777957200,6819162.0,6819165.0,6819162.0,6819165.0,0.01011545
1777958100,6502324.0,6502326.0,6502324.0,6502326.0,0.00576334
1777959000,6819162.0,6819165.0,6819162.0,6819165.0,0.00889874
1777959900,6819162.0,6819165.0,6819162.0,6819165.0,0.01607938
1777960800,6819165.0,6819165.0,6819165.0,6819165.0,0.0
1777961700,6819165.0,6819165.0,6819165.0,6819165.0,0.0
1777962600,6819165.0,6819165.0,6819165.0,6819165.0,0.0
1777963500,6819165.0,6819165.0,6819165.0,6819165.0,0.0
1777964400,6502572.0,6819162.0,6502479.0,6819162.0,0.03387119
1777965300,6819162.0,6819162.0,6819162.0,6819162.0,0.0
1777966200,6819162.0,6819162.0,6819162.0,6819162.0,0.0
1777967100,6819162.0,6819162.0,6819162.0,6819162.0,0.0
1777968000,6502480.0,6502480.0,6502480.0,6502480.0,0.00171752
1777968900,6502480.0,6502480.0,6502480.0,6502480.0,0.0
1777969800,6502480.0,6502480.0,6502480.0,6502480.0,0.0
1777970700,6510005.0,6820000.0,6510004.0,6510018.0,0.12804808
1777971600,6510030.0,6820000.0,6510030.0,6820000.0,0.0622833
1777972500,6510050.0,6510050.0,6510048.0,6510048.0,0.06040278
1777973400,6510048.0,6510048.0,6510048.0,6510048.0,0.0
1777974300,6510048.0,6510048.0,6510048.0,6510048.0,0.0
1777975200,6819996.0,6819996.0,6819996.0,6819996.0,0.00365792
1777976100,6819996.0,6819996.0,6819996.0,6819996.0,0.0
1777977000,6510092.0,6510092.0,6510092.0,6510092.0,0.00209935
1777977900,6510092.0,6510092.0,6510092.0,6510092.0,0.0
1777978800,6819996.0,6819996.0,6510098.0,6819996.0,0.0085598
1777979700,6819996.0,6819996.0,6450114.0,6819996.0,1.4510452
1777980600,6789998.0,6789998.0,6789998.0,6789998.0,0.00272857
1777981500,6789998.0,6789998.0,6789998.0,6789998.0,0.0
1777982400,6450140.0,6790000.0,6450140.0,6790000.0,0.56439115
1777983300,6790000.0,6800000.0,6790000.0,6800000.0,0.31267761
1777984200,6799998.0,6800000.0,6799997.0,6800000.0,0.11311853
1777985100,6800000.0,6800000.0,6800000.0,6800000.0,0.0
1777986000,6800000.0,6800000.0,6800000.0,6800000.0,0.0
1777986900,6819997.0,6820000.0,6475164.0,6820000.0,1.47779229
1777987800,6820000.0,6867411.0,6820000.0,6867411.0,0.15431242
1777988700,6867411.0,6867411.0,6867411.0,6867411.0,0.0
1777989600,6867411.0,6867411.0,6867411.0,6867411.0,0.0
1777990500,6867411.0,6867411.0,6867411.0,6867411.0,0.0
1777991400,6485932.0,6849977.0,6485900.0,6849977.0,0.17756895
1777992300,6849977.0,6849977.0,6849977.0,6849977.0,0.0
1777993200,6490006.0,6849781.0,6490006.0,6849781.0,0.00870675
1777994100,6490006.0,6849670.0,6490006.0,6849670.0,0.00994049
1777995000,6490010.0,6849776.0,6490009.0,6849776.0,0.00531305
1777995900,6849776.0,6849776.0,6849776.0,6849776.0,0.0
1777996800,6849776.0,6849776.0,6849776.0,6849776.0,0.0
1777997700,6849776.0,6849776.0,6849776.0,6849776.0,0.0
1777998600,6849776.0,6849776.0,6849776.0,6849776.0,0.0
1777999500,6849498.0,6849498.0,6849498.0,6849498.0,0.00222103
1778000400,6490022.0,6490022.0,6490020.0,6490020.0,0.00732107
1778001300,6490020.0,6490020.0,6490020.0,6490020.0,0.0
1778002200,6490020.0,6490020.0,6490020.0,6490020.0,0.0
1778003100,6490020.0,6490020.0,6490020.0,6490020.0,0.0
1778004000,6490020.0,6490020.0,6490020.0,6490020.0,0.0
1778004900,6848701.0,6848701.0,6848701.0,6848701.0,0.02908303
1778005800,6848701.0,6848701.0,6848701.0,6848701.0,0.0
1778006700,6848701.0,6848701.0,6848701.0,6848701.0,0.0
1778007600,6848701.0,6848701.0,6848701.0,6848701.0,0.0
1778008500,6848701.0,6848701.0,6848701.0,6848701.0,0.0
1778009400,6848701.0,6848701.0,6848701.0,6848701.0,0.0
1778010300,6848151.0,6848151.0,6848151.0,6848151.0,0.00159955
1778011200,6848151.0,6848151.0,6848151.0,6848151.0,0.0
1778012100,6848151.0,6848151.0,6848151.0,6848151.0,0.0
1778013000,6848151.0,6848151.0,6848151.0,6848151.0,0.0
1778013900,6848151.0,6848151.0,6848151.0,6848151.0,0.0
1778014800,6848151.0,6848151.0,6848151.0,6848151.0,0.0
1778015700,6848151.0,6848151.0,6848151.0,6848151.0,0.0
1778016600,6848151.0,6848151.0,6848151.0,6848151.0,0.0
1778017500,6848151.0,6848151.0,6848151.0,6848151.0,0.0
1778018400,6848151.0,6848151.0,6848151.0,6848151.0,0.0
1778019300,6848151.0,6848151.0,6848151.0,6848151.0,0.0
1778020200,6510704.0,6510704.0,6510704.0,6510704.0,0.00215276
1778021100,6510704.0,6510704.0,6510704.0,6510704.0,0.0
1778022000,6510704.0,6510704.0,6510704.0,6510704.0,0.0
1778022900,6510704.0,6510704.0,6510704.0,6510704.0,0.0
1778023800,6705002.0,6705002.0,6705002.0,6705002.0,0.0014853
1778024700,6705002.0,6705002.0,6705002.0,6705002.0,0.0
1778025600,6700008.0,6700008.0,6700008.0,6700008.0,0.01368416
1778026500,6700008.0,6700008.0,6700008.0,6700008.0,0.0
1778027400,6700008.0,6700008.0,6700008.0,6700008.0,0.0
1778028300,6700008.0,6700008.0,6700008.0,6700008.0,0.0
1778029200,6700008.0,6700008.0,6700008.0,6700008.0,0.0
1778030100,6700002.0,6728112.0,6700002.0,6728112.0,0.01477535
1778031000,6728112.0,6728112.0,6728112.0,6728112.0,0.00443839
1778031900,6728112.0,6728112.0,6728112.0,6728112.0,0.0
1778032800,6510740.0,6728112.0,6510740.0,6728112.0,0.00336349
1778033700,6728112.0,6728112.0,6728112.0,6728112.0,0.0
1778034600,6728112.0,6728112.0,6728112.0,6728112.0,0.0
1778035500,6550006.0,6730148.0,6550006.0,6730148.0,0.01898077
1778036400,6730147.0,6730147.0,6730146.0,6730146.0,0.00429098
1778037300,6550006.0,6550006.0,6550006.0,6550006.0,0.0015993
1778038200,6730141.0,6730141.0,6730141.0,6730141.0,0.0073988
1778039100,6730141.0,6730141.0,6730141.0,6730141.0,0.0
1778040000,6730141.0,6730141.0,6730141.0,6730141.0,0.0
1778040900,6730141.0,6730141.0,6730141.0,6730141.0,0.0
1778041800,6730141.0,6730141.0,6730141.0,6730141.0,0.0
1778042700,6730039.0,6730039.0,6730039.0,6730039.0,0.00147978
1778043600,6730011.0,6730011.0,6729988.0,6729988.0,0.00826522
1778044500,6729988.0,6729988.0,6729988.0,6729988.0,0.0
1778045400,6729988.0,6729988.0,6729988.0,6729988.0,0.0
1778046300,6729988.0,6729988.0,6729988.0,6729988.0,0.0
1778047200,6729988.0,6729988.0,6729988.0,6729988.0,0.0
1778048100,6729988.0,6729988.0,6729988.0,6729988.0,0.0
1778049000,6730141.0,6730141.0,6730141.0,6730141.0,0.14606637
1778049900,6730141.0,6730141.0,6730141.0,6730141.0,0.0
1778050800,6730141.0,6730141.0,6730141.0,6730141.0,0.0
1778051700,6730141.0,6730141.0,6730141.0,6730141.0,0.0
1778052600,6730141.0,6730141.0,6730141.0,6730141.0,0.0
1778053500,6730141.0,6730141.0,6730141.0,6730141.0,0.0
1778054400,6730141.0,6730141.0,6730141.0,6730141.0,0.0
1778055300,6810004.0,6810004.0,6551165.0,6551165.0,0.00351254
1778056200,6810004.0,6810004.0,6810004.0,6810004.0,0.00366328
1778057100,6810004.0,6810004.0,6810004.0,6810004.0,0.0
1778058000,6810004.0,6810004.0,6810004.0,6810004.0,0.0
1778058900,6809999.0,6809999.0,6551274.0,6551274.0,0.00350429
1778059800,6551292.0,6551292.0,6551290.0,6551290.0,0.01750367
1778060700,6551290.0,6551290.0,6551290.0,6551290.0,0.0
1778061600,6809996.0,6809996.0,6809996.0,6809996.0,0.00720485
1778062500,6809996.0,6809996.0,6809996.0,6809996.0,0.0
1778063400,6551294.0,6810004.0,6551294.0,6810004.0,0.09980359
1778064300,6551304.0,6844844.0,6551300.0,6844844.0,0.07407758
1778065200,6844844.0,6844844.0,6844844.0,6844844.0,0.0
1778066100,6553316.0,6553316.0,6553314.0,6553314.0,0.0159926
1778067000,6553314.0,6553314.0,6553314.0,6553314.0,0.0
1778067900,6553323.0,6553323.0,6553323.0,6553323.0,0.02704093
1778068800,6553333.0,6553333.0,6553333.0,6553333.0,0.00245661
1778069700,6553333.0,6553333.0,6553333.0,6553333.0,0.0
1778070600,6553333.0,6553333.0,6553333.0,6553333.0,0.0
1778071500,6553333.0,6553333.0,6553333.0,6553333.0,0.0
1778072400,6553333.0,6553333.0,6553333.0,6553333.0,0.0
1778073300,6553333.0,6553333.0,6553333.0,6553333.0,0.0
1778074200,6553333.0,6553333.0,6553333.0,6553333.0,0.0
1778075100,6752992.0,6820000.0,6752992.0,6820000.0,0.02652595
1778076000,6819950.0,6819950.0,6819950.0,6819950.0,0.00160617
1778076900,6819950.0,6819950.0,6819950.0,6819950.0,0.0
1778077800,6819950.0,6819950.0,6819950.0,6819950.0,0.0
1778078700,6819950.0,6819950.0,6819950.0,6819950.0,0.0
1778079600,6819950.0,6819950.0,6819950.0,6819950.0,0.0
1778080500,6554210.0,6554210.0,6554210.0,6554210.0,0.00464876
1778081400,6819994.0,6819996.0,6819994.0,6819996.0,0.00534501
1778082300,6554218.0,6554218.0,6554218.0,6554218.0,0.00230487
1778083200,6554222.0,6554222.0,6554222.0,6554222.0,0.00309165
1778084100,6554222.0,6554222.0,6554222.0,6554222.0,0.0
1778085000,6554296.0,6554302.0,6554296.0,6554302.0,0.01590253
1778085900,6554302.0,6554302.0,6554302.0,6554302.0,0.0
1778086800,6554302.0,6554302.0,6554302.0,6554302.0,0.0
1778087700,6819998.0,6819998.0,6819998.0,6819998.0,0.00292052
1778088600,6819998.0,6819998.0,6819998.0,6819998.0,0.0
1778089500,6819998.0,6819998.0,6819998.0,6819998.0,0.0
1778090400,6819998.0,6819998.0,6819998.0,6819998.0,0.0
1778091300,6819998.0,6819998.0,6819998.0,6819998.0,0.0
1778092200,6819998.0,6819998.0,6819998.0,6819998.0,0.0
1778093100,6819998.0,6819998.0,6819998.0,6819998.0,0.0
1778094000,6819998.0,6819998.0,6819998.0,6819998.0,0.0
1778094900,6819998.0,6916998.0,6819998.0,6916998.0,0.19422609
1778095800,6916998.0,6916998.0,6916998.0,6916998.0,0.0
1778096700,6916998.0,6916998.0,6916998.0,6916998.0,0.0
1778097600,6916998.0,6916998.0,6916998.0,6916998.0,0.0
1778098500,6916998.0,6916998.0,6916998.0,6916998.0,0.0
1778099400,6916998.0,6916998.0,6916998.0,6916998.0,0.0
1778100300,6963028.0,6963028.0,6554680.0,6963014.0,0.01268231
1778101200,6963014.0,6963014.0,6963014.0,6963014.0,0.0
1778102100,6963014.0,6963014.0,6963014.0,6963014.0,0.0
1778103000,6962824.0,6962824.0,6962824.0,6962824.0,0.00300366
1778103900,6962824.0,6962824.0,6962824.0,6962824.0,0.0
1778104800,6962824.0,6962824.0,6962824.0,6962824.0,0.0
1778105700,6962824.0,6962824.0,6962824.0,6962824.0,0.0
1778106600,6962824.0,6962824.0,6962824.0,6962824.0,0.0
1778107500,6962824.0,6962824.0,6962824.0,6962824.0,0.0
1778108400,6962824.0,6962824.0,6962824.0,6962824.0,0.0
1778109300,6962806.0,6962806.0,6962806.0,6962806.0,0.00218087
1778110200,6962806.0,6962806.0,6962806.0,6962806.0,0.0
1778111100,6962806.0,6962806.0,6962806.0,6962806.0,0.0
1778112000,6555626.0,6958374.0,6555624.0,6958307.0,0.08973587
1778112900,6958307.0,6958307.0,6958307.0,6958307.0,0.0
1778113800,6555637.0,6956087.0,6555637.0,6956087.0,0.00296655
1778114700,6956087.0,6956087.0,6956087.0,6956087.0,0.0
1778115600,6558909.0,6558909.0,6558909.0,6558909.0,0.0056363
1778116500,6558909.0,6558909.0,6558909.0,6558909.0,0.0
1778117400,6950048.0,6950048.0,6950048.0,6950048.0,0.00143293
1778118300,6950048.0,6950048.0,6950048.0,6950048.0,0.0
1778119200,6562904.0,6562904.0,6562904.0,6562904.0,0.03148164
1778120100,6666666.0,6786323.0,6666666.0,6786323.0,0.27432244
1778121000,6786323.0,6786323.0,6786323.0,6786323.0,0.0
1778121900,6900000.0,6950035.0,6762925.0,6762925.0,0.01019882
1778122800,6950035.0,6950035.0,6950035.0,6950035.0,0.00151351
1778123700,6777930.0,6777930.0,6562923.0,6562923.0,0.08153965
1778124600,6562923.0,6562923.0,6562923.0,6562923.0,0.0
1778125500,6950035.0,6950035.0,6562930.0,6562930.0,0.00527652
1778126400,6562930.0,6562930.0,6562930.0,6562930.0,0.0
1778127300,6562930.0,6562930.0,6562930.0,6562930.0,0.0
1778128200,6666666.0,6666666.0,6666666.0,6666666.0,0.0065274
1778129100,6950037.0,6950037.0,6565976.0,6565976.0,0.01966631
1778130000,6844444.0,6949976.0,6566018.0,6949976.0,0.04865543
1778130900,6874447.0,6874447.0,6874446.0,6874446.0,0.12448958
1778131800,6874446.0,6874446.0,6874446.0,6874446.0,0.0
1778132700,6874446.0,6874446.0,6874446.0,6874446.0,0.0
1778133600,6917036.0,6917038.0,6568109.0,6568113.0,0.0431642
1778134500,6917034.0,6917034.0,6917034.0,6917034.0,0.00143977
1778135400,6915030.0,6915030.0,6768153.0,6768153.0,0.0046221
1778136300,6768153.0,6768153.0,6768153.0,6768153.0,0.0
1778137200,6811000.0,6811000.0,6811000.0,6811000.0,0.00534501
1778138100,6811000.0,6811000.0,6811000.0,6811000.0,0.0
1778139000,6811000.0,6811000.0,6811000.0,6811000.0,0.0
1778139900,6813303.0,6813303.0,6813303.0,6813303.0,0.00218087
1778140800,6949696.0,6949696.0,6813303.0,6813303.0,0.01347211
1778141700,6813303.0,6813303.0,6813303.0,6813303.0,0.0
1778142600,6813303.0,6813303.0,6813303.0,6813303.0,0.0
1778143500,6813303.0,6813303.0,6813303.0,6813303.0,0.0
1778144400,6813303.0,6813303.0,6813303.0,6813303.0,0.0
1778145300,6813303.0,6813303.0,6813303.0,6813303.0,0.0
1778146200,6949600.0,6987235.0,6949600.0,6987235.0,0.19693558
1778147100,6987235.0,6987235.0,6987235.0,6987235.0,0.0
1778148000,6987235.0,6987235.0,6987235.0,6987235.0,0.0
1778148900,6987235.0,6987235.0,6987235.0,6987235.0,0.0
1778149800,6960003.0,7068930.0,6960003.0,6960003.0,0.04644739
1778150700,6999003.0,6999003.0,6999003.0,6999003.0,0.00304836
1778151600,7068874.0,7068874.0,6989008.0,6989008.0,0.00395538
1778152500,6989009.0,6989009.0,6989008.0,6989008.0,0.00759206
1778153400,7068876.0,7068876.0,7068876.0,7068876.0,0.00152881
1778154300,7068837.0,7068838.0,7068837.0,7068838.0,0.0475859
1778155200,7068826.0,7068844.0,7060842.0,7060842.0,0.05034864
1778156100,7060842.0,7060842.0,7060842.0,7060842.0,0.0
1778157000,7056007.0,7056007.0,7056002.0,7056002.0,0.01079903
1778157900,7025997.0,7025997.0,7015993.0,7015993.0,0.01036844
1778158800,6855612.0,6855612.0,6855612.0,6855612.0,0.00250308
1778159700,6855612.0,6855612.0,6855612.0,6855612.0,0.00332413
1778160600,7015993.0,7068931.0,6855611.0,7068931.0,0.06712758
1778161500,6855620.0,6855620.0,6600001.0,6600001.0,0.13812129
1778162400,7068930.0,7068931.0,7068930.0,7068931.0,0.05491427
1778163300,6600006.0,7065075.0,6600006.0,7065075.0,0.02130245
1778164200,6600008.0,6600008.0,6600008.0,6600008.0,0.00250849
1778165100,6600014.0,7223399.0,6600012.0,7223399.0,0.0442171
1778166000,7181698.0,7181698.0,6600017.0,7178278.0,0.01019214
1778166900,6600017.0,7165656.0,6600017.0,7165656.0,0.02644389
1778167800,7165656.0,7165656.0,7165656.0,7165656.0,0.0
1778168700,7165652.0,7165652.0,6606924.0,6606924.0,0.00342786
1778169600,6606938.0,7102524.0,6606936.0,7102524.0,0.02041257
1778170500,7102524.0,7102524.0,7102524.0,7102524.0,0.0
1778171400,7102524.0,7102524.0,7102524.0,7102524.0,0.0
1778172300,7069136.0,7069136.0,7069136.0,7069136.0,0.00156341
1778173200,7069136.0,7069136.0,7069136.0,7069136.0,0.0
1778174100,7069136.0,7069136.0,7069136.0,7069136.0,0.0028176
1778175000,7069136.0,7069136.0,7069136.0,7069136.0,0.0
1778175900,7069136.0,7069138.0,6607907.0,6607907.0,0.08653598
1778176800,6607907.0,6607907.0,6607907.0,6607907.0,0.0
1778177700,6607907.0,6607907.0,6607907.0,6607907.0,0.0
1778178600,6607907.0,6607907.0,6607907.0,6607907.0,0.0
1778179500,6607907.0,6607907.0,6607907.0,6607907.0,0.0
1778180400,7069132.0,7069132.0,7069132.0,7069132.0,0.0014088
1778181300,7069132.0,7069132.0,7069132.0,7069132.0,0.0
1778182200,7069132.0,7069132.0,7069132.0,7069132.0,0.0
1778183100,7069132.0,7069132.0,7069132.0,7069132.0,0.0
1778184000,7069136.0,7223398.0,7069136.0,7223398.0,0.04421172
1778184900,7223398.0,7223398.0,7223398.0,7223398.0,0.0
1778185800,7223398.0,7223398.0,7223398.0,7223398.0,0.0
1778186700,7223398.0,7223398.0,7223398.0,7223398.0,0.0
1778187600,7195237.0,7195250.0,7195237.0,7195250.0,0.0166885
1778188500,7195250.0,7195250.0,7195250.0,7195250.0,0.01386873
1778189400,6608134.0,6608134.0,6608134.0,6608134.0,0.00304533
1778190300,7195248.0,7195248.0,7195248.0,7195248.0,0.00138466
1778191200,7131863.0,7131863.0,7131863.0,7131863.0,0.00153592
1778192100,7131863.0,7131863.0,7131863.0,7131863.0,0.0
1778193000,6610104.0,6610104.0,6610104.0,6610104.0,0.00411007
1778193900,7150468.0,7150493.0,7150468.0,7150493.0,0.01800633
1778194800,7150508.0,7150508.0,7150406.0,7150406.0,0.01053522
1778195700,7044444.0,7044444.0,6610127.0,7033333.0,0.15242146
1778196600,7033333.0,7033333.0,7033333.0,7033333.0,0.0
1778197500,7033333.0,7033333.0,7033333.0,7033333.0,0.0
1778198400,7010104.0,7010104.0,7010104.0,7010104.0,0.00186587
1778199300,7010104.0,7010104.0,7010104.0,7010104.0,0.0
1778200200,7033104.0,7033104.0,7010108.0,7010108.0,0.00998286
1778201100,7010108.0,7010108.0,7010108.0,7010108.0,0.0
1778202000,7010108.0,7010108.0,7010108.0,7010108.0,0.0
1778202900,7010108.0,7010108.0,7010108.0,7010108.0,0.0
1778203800,7010108.0,7010108.0,7010108.0,7010108.0,0.0
1778204700,7010505.0,7010505.0,7010505.0,7010505.0,0.00147496
1778205600,7010505.0,7010505.0,7010505.0,7010505.0,0.0
1778206500,7010505.0,7010505.0,7010504.0,7010504.0,0.03520818
1778207400,7010504.0,7200866.0,7010504.0,7200866.0,0.0103829
1778208300,7010505.0,7200867.0,7010505.0,7200867.0,0.01159986
1778209200,7200866.0,7200866.0,7200866.0,7200866.0,0.00155689
1778210100,7010505.0,7010505.0,7010504.0,7010504.0,0.00760268
1778211000,7010504.0,7010504.0,7010504.0,7010504.0,0.0
1778211900,7200866.0,7200867.0,7200866.0,7200867.0,0.04149097
1778212800,7200867.0,7200867.0,7200867.0,7200867.0,0.01750162
1778213700,7010504.0,7257334.0,7010104.0,7257334.0,0.27230885
1778214600,7256444.0,7256495.0,7256444.0,7256495.0,0.01136086
1778215500,7250120.0,7256086.0,7250120.0,7256086.0,0.00613002
1778216400,7139047.0,7139047.0,7139047.0,7139047.0,0.01423422
1778217300,7139047.0,7139047.0,7139047.0,7139047.0,0.0
1778218200,7130047.0,7233544.0,7010104.0,7233544.0,0.25796333
1778219100,7233544.0,7233544.0,7233544.0,7233544.0,0.00275286
1778220000,7233544.0,7233544.0,7233544.0,7233544.0,0.0
1778220900,7010108.0,7240590.0,7010108.0,7240590.0,0.00312677
1778221800,7010108.0,7010108.0,7010108.0,7010108.0,0.00613002
1778222700,7010108.0,7010108.0,7010108.0,7010108.0,0.0
1778223600,7010108.0,7010108.0,7010108.0,7010108.0,0.0
1778224500,7010108.0,7010108.0,7010108.0,7010108.0,0.0
1778225400,7010108.0,7010108.0,7010108.0,7010108.0,0.0
1778226300,7229235.0,7229236.0,7229235.0,7229236.0,0.02053674
1778227200,7229236.0,7229236.0,7229236.0,7229236.0,0.0
1778228100,7010133.0,7010133.0,7010133.0,7010133.0,0.00329618
1778229000,7010133.0,7010133.0,7010133.0,7010133.0,0.0
1778229900,7229235.0,7229235.0,7229235.0,7229235.0,0.00247342
1778230800,7229235.0,7229236.0,7229235.0,7229236.0,0.00897231
1778231700,7229236.0,7316516.0,7229236.0,7315912.0,0.09349439
1778232600,7315912.0,7315912.0,7315912.0,7315912.0,0.0
1778233500,7315912.0,7315912.0,7315912.0,7315912.0,0.0
1778234400,7293261.0,7293261.0,7010152.0,7010158.0,0.01628561
1778235300,7010158.0,7010158.0,7010158.0,7010158.0,0.0
1778236200,7010158.0,7010158.0,7010150.0,7010150.0,0.09349439
1778237100,7010150.0,7010150.0,7010150.0,7010150.0,0.0
1778238000,7292468.0,7292468.0,7292468.0,7292468.0,0.00273131
1778238900,7292456.0,7292456.0,7292456.0,7292456.0,0.00218499
1778239800,7292456.0,7292456.0,7292456.0,7292456.0,0.0
1778240700,7292456.0,7292456.0,7292456.0,7292456.0,0.0
1778241600,7324174.0,7324174.0,7324174.0,7324174.0,0.00245652
1778242500,7325378.0,7325378.0,7010148.0,7010148.0,0.05398
1778243400,7010148.0,7010148.0,7010148.0,7010148.0,0.0
1778244300,7010150.0,7010150.0,7010148.0,7010148.0,0.03002094
1778245200,7010148.0,7010148.0,7010148.0,7010148.0,0.00145902
1778246100,7010148.0,7010148.0,7010148.0,7010148.0,0.0
1778247000,7010148.0,7010148.0,7010148.0,7010148.0,0.0
1778247900,7010148.0,7010148.0,7010148.0,7010148.0,0.0
1778248800,7010148.0,7010148.0,7010148.0,7010148.0,0.0
1778249700,7010152.0,7010152.0,7010152.0,7010152.0,0.00143566
1778250600,7442999.0,7460892.0,7442999.0,7458738.0,0.41750581
1778251500,7345790.0,7499996.0,7345790.0,7499996.0,0.52714958
1778252400,7500000.0,7500000.0,7010212.0,7010212.0,0.02682006
1778253300,7499994.0,7500000.0,7499994.0,7499996.0,0.08305243
1778254200,7499996.0,7518913.0,7499996.0,7518913.0,0.3973901
1778255100,7421831.0,7527437.0,7421831.0,7421831.0,0.11848366
1778256000,7421831.0,7537465.0,7421831.0,7533354.0,0.01048361
1778256900,7533402.0,7533402.0,7505592.0,7505592.0,0.0055936
1778257800,7421831.0,7522685.0,7421831.0,7522685.0,0.0070622
1778258700,7421831.0,7513562.0,7421831.0,7513562.0,0.14545019
1778259600,7513562.0,7513562.0,7513562.0,7513562.0,0.0
1778260500,7421831.0,7497820.0,7374213.0,7376977.0,1.88370741
1778261400,7383380.0,7383380.0,7010255.0,7010255.0,0.0102216
1778262300,7372793.0,7508484.0,7372793.0,7508484.0,0.01119696
1778263200,7508484.0,7508484.0,7508484.0,7508484.0,0.0
1778264100,7479860.0,7519415.0,7353975.0,7519415.0,0.58037971
1778265000,7010259.0,7010259.0,7010259.0,7010259.0,0.01213766
1778265900,7550000.0,7550000.0,7387626.0,7387626.0,0.00774912
1778266800,7482508.0,7482825.0,7482508.0,7482825.0,0.10835832
1778267700,7491321.0,7491321.0,7491321.0,7491321.0,0.00691293
1778268600,7491321.0,7491321.0,7491321.0,7491321.0,0.0
1778269500,7491321.0,7491321.0,7491321.0,7491321.0,0.0
1778270400,7491321.0,7491321.0,7491321.0,7491321.0,0.0
1778271300,7010255.0,7010255.0,7010255.0,7010255.0,0.07138233
1778272200,7010255.0,7010255.0,7010255.0,7010255.0,0.0
1778273100,7010255.0,7010255.0,7010255.0,7010255.0,0.0
1778274000,7516330.0,7516330.0,7516330.0,7516330.0,0.0019874
1778274900,7516330.0,7516330.0,7516330.0,7516330.0,0.0
1778275800,7516330.0,7516330.0,7516330.0,7516330.0,0.0
1778276700,7516330.0,7516330.0,7516330.0,7516330.0,0.0
1778277600,7521079.0,7521079.0,7521079.0,7521079.0,0.00667616
1778278500,7521079.0,7521079.0,7521079.0,7521079.0,0.0
1778279400,7521079.0,7521079.0,7521079.0,7521079.0,0.0
1778280300,7391546.0,7391546.0,7391546.0,7391546.0,0.00136128
1778281200,7391546.0,7391546.0,7391546.0,7391546.0,0.0
1778282100,7391546.0,7391546.0,7391546.0,7391546.0,0.0
1778283000,7391546.0,7391546.0,7391546.0,7391546.0,0.0
1778283900,7391546.0,7391546.0,7391546.0,7391546.0,0.0
1778284800,7391546.0,7391546.0,7391546.0,7391546.0,0.0
1778285700,7391546.0,7391546.0,7391546.0,7391546.0,0.0
1778286600,7391546.0,7391546.0,7391546.0,7391546.0,0.0
1778287500,7515088.0,7515088.0,7515088.0,7515088.0,0.00315352
1778288400,7407800.0,7407800.0,7407800.0,7407800.0,0.14109725
1778289300,7401056.0,7515088.0,7401056.0,7515088.0,0.00646645
1778290200,7515088.0,7515088.0,7515088.0,7515088.0,0.01623493
1778291100,7515088.0,7515088.0,7515088.0,7515088.0,0.0
1778292000,7421979.0,7421979.0,7011994.0,7011994.0,0.01791561
1778292900,7515088.0,7515088.0,7400883.0,7400883.0,0.04362163
1778293800,7400883.0,7515088.0,7400883.0,7515088.0,0.01671895
1778294700,7515088.0,7515088.0,7515088.0,7515088.0,0.0
1778295600,7400883.0,7515088.0,7400883.0,7515088.0,0.00309101
1778296500,7527586.0,7528818.0,7527586.0,7528818.0,0.0151809
1778297400,7020003.0,7528818.0,7020003.0,7528818.0,0.03724544
1778298300,7409702.0,7409702.0,7409702.0,7409702.0,0.00280509
1778299200,7548868.0,7548868.0,7548868.0,7548868.0,0.00857519
1778300100,7548868.0,7548868.0,7548868.0,7548868.0,0.0
1778301000,7548868.0,7548868.0,7548868.0,7548868.0,0.0
1778301900,7517913.0,7517913.0,7391373.0,7391373.0,0.04970556
1778302800,7401748.0,7401748.0,7401748.0,7401748.0,0.00669409
1778303700,7401748.0,7401748.0,7401748.0,7401748.0,0.00251692
1778304600,7541129.0,7541129.0,7541129.0,7541129.0,0.00132062
1778305500,7541129.0,7541129.0,7541129.0,7541129.0,0.0
1778306400,7417138.0,7417138.0,7397944.0,7397944.0,0.08854347
1778307300,7397944.0,7397944.0,7397944.0,7397944.0,0.0
1778308200,7021990.0,7021990.0,7020008.0,7020008.0,0.1069612
1778309100,7020009.0,7520100.0,7020009.0,7395523.0,0.1190723
1778310000,7395523.0,7395523.0,7395523.0,7395523.0,0.00172301
1778310900,7395523.0,7395523.0,7395523.0,7395523.0,0.0
1778311800,7395523.0,7395523.0,7395523.0,7395523.0,0.00140217
1778312700,7403132.0,7403132.0,7403132.0,7403132.0,0.00694561
1778313600,7520010.0,7520010.0,7403131.0,7403131.0,0.01254485
1778314500,7403131.0,7403131.0,7403131.0,7403131.0,0.0
1778315400,7519100.0,7520000.0,7519100.0,7520000.0,0.01406496
1778316300,7394485.0,7394485.0,7394485.0,7394485.0,0.00272148
1778317200,7394485.0,7394485.0,7394485.0,7394485.0,0.0
1778318100,7394485.0,7394485.0,7394485.0,7394485.0,0.0
1778319000,7021100.0,7021100.0,7021100.0,7021100.0,0.00414075
1778319900,7394485.0,7394485.0,7394485.0,7394485.0,0.00765077
1778320800,7394485.0,7394485.0,7394485.0,7394485.0,0.0
1778321700,7400883.0,7400883.0,7400883.0,7400883.0,0.01406496
1778322600,7400883.0,7400883.0,7400883.0,7400883.0,0.00141142
1778323500,7400883.0,7400883.0,7400883.0,7400883.0,0.02908303
1778324400,7407108.0,7407108.0,7407108.0,7407108.0,0.00348684
1778325300,7519002.0,7519999.0,7407454.0,7407454.0,0.0181739
1778326200,7407454.0,7407454.0,7407454.0,7407454.0,0.0018584
1778327100,7519999.0,7519999.0,7409702.0,7409702.0,0.01687959
1778328000,7431490.0,7431490.0,7431490.0,7431490.0,0.00156341
1778328900,7431490.0,7431490.0,7431490.0,7431490.0,0.0
1778329800,7431490.0,7431490.0,7431490.0,7431490.0,0.0
1778330700,7431490.0,7431490.0,7431490.0,7431490.0,0.0
1778331600,7519999.0,7519999.0,7519999.0,7519999.0,0.00741303
1778332500,7519999.0,7519999.0,7394486.0,7394486.0,0.58434196
1778333400,7394486.0,7394486.0,7394486.0,7394486.0,0.00517556
1778334300,7394486.0,7394486.0,7394486.0,7394486.0,0.00379016
1778335200,7394486.0,7536732.0,7033335.0,7536732.0,1.39198239
1778336100,7536732.0,7536732.0,7536732.0,7536732.0,0.0
1778337000,7536732.0,7536732.0,7536732.0,7536732.0,0.0
1778337900,7536732.0,7536732.0,7536732.0,7536732.0,0.0
1778338800,7542500.0,7542500.0,7542500.0,7542500.0,0.00807185
1778339700,7522511.0,8499995.0,7520993.0,8499995.0,0.08676515
1778340600,7420001.0,7528993.0,7420001.0,7528993.0,0.00756742
1778341500,7420001.0,7420001.0,7420001.0,7420001.0,0.07691187
1778342400,7420001.0,7420001.0,7420001.0,7420001.0,0.0
1778343300,7520000.0,7545174.0,7420001.0,7420001.0,0.09528518
1778344200,7540002.0,7544998.0,7540002.0,7544998.0,0.03152437
1778345100,7420001.0,7420001.0,7420001.0,7420001.0,0.0013628
1778346000,7420001.0,7420001.0,7420001.0,7420001.0,0.0
1778346900,7539018.0,8499995.0,7539018.0,7540174.0,0.72980906
1778347800,7540174.0,7540174.0,7540174.0,7540174.0,0.0
1778348700,7540174.0,7544998.0,7420002.0,7420002.0,0.02992726
1778349600,7420002.0,7420002.0,7420002.0,7420002.0,0.0
1778350500,7540098.0,7544998.0,7540098.0,7544998.0,0.00786688
1778351400,7539546.0,7999999.0,7539546.0,7999999.0,0.01067327
1778352300,7539546.0,7539546.0,7539546.0,7539546.0,0.00356639
1778353200,7539546.0,7539546.0,7539546.0,7539546.0,0.0
1778354100,7420002.0,7539194.0,7420002.0,7539194.0,0.02034408
1778355000,7539194.0,7539194.0,7539194.0,7539194.0,0.01676412
1778355900,7539194.0,7539194.0,7539194.0,7539194.0,0.0
1778356800,7539194.0,7539194.0,7420002.0,7420002.0,0.00373486
1778357700,7420002.0,7420002.0,7420002.0,7420002.0,0.0
1778358600,7539018.0,7539018.0,7420002.0,7420002.0,0.00603578
1778359500,7420002.0,7420002.0,7420002.0,7420002.0,0.0
1778360400,7420002.0,7420002.0,7420002.0,7420002.0,0.0
1778361300,7420002.0,7420002.0,7420002.0,7420002.0,0.0
1778362200,7420002.0,7420002.0,7420002.0,7420002.0,0.0
1778363100,7420002.0,7420002.0,7420002.0,7420002.0,0.0
1778364000,7420003.0,7420003.0,7420003.0,7420003.0,0.0405758
1778364900,7420003.0,7420003.0,7420003.0,7420003.0,0.0
1778365800,7420003.0,7420003.0,7420003.0,7420003.0,0.0
1778366700,7420003.0,7420003.0,7420003.0,7420003.0,0.0
1778367600,7420003.0,7420003.0,7420003.0,7420003.0,0.0
1778368500,7420003.0,7420003.0,7420003.0,7420003.0,0.0
1778369400,7420004.0,7420004.0,7420004.0,7420004.0,0.04324418
1778370300,7530022.0,7530022.0,7530022.0,7530022.0,0.00255059
1778371200,7530022.0,7530022.0,7530022.0,7530022.0,0.0
1778372100,7510000.0,7510000.0,7420004.0,7420004.0,0.00461157
1778373000,7533591.0,7543591.0,7533591.0,7543591.0,0.02901709
1778373900,7543500.0,7543591.0,7518792.0,7518792.0,0.01182978
1778374800,7518792.0,7518792.0,7515270.0,7515270.0,0.00266181
1778375700,7515270.0,7520551.0,7515270.0,7518968.0,0.39331873
1778376600,7518968.0,7518968.0,7518968.0,7518968.0,0.0
1778377500,7420004.0,7420004.0,7420004.0,7420004.0,0.07330856
1778378400,7420004.0,7420004.0,7420004.0,7420004.0,0.00741303
1778379300,7420004.0,7420004.0,7420004.0,7420004.0,0.032644
1778380200,7420004.0,7420004.0,7420004.0,7420004.0,0.0
1778381100,7420004.0,7420004.0,7420004.0,7420004.0,0.0
1778382000,7420004.0,7420004.0,7420004.0,7420004.0,0.0
1778382900,7420004.0,7420004.0,7420004.0,7420004.0,0.0
1778383800,7530032.0,7999999.0,7530032.0,7999999.0,0.01055579
1778384700,7420004.0,7531807.0,7420004.0,7520032.0,0.1107864
1778385600,7520032.0,7542712.0,7520032.0,7542712.0,0.01370173
1778386500,7542712.0,7542712.0,7533712.0,7533712.0,0.00435569
1778387400,7533712.0,7533712.0,7533712.0,7533712.0,0.0
1778388300,7533712.0,7533712.0,7533712.0,7533712.0,0.0
1778389200,7533712.0,7533712.0,7533712.0,7533712.0,0.0
1778390100,7420004.0,7420004.0,7420004.0,7420004.0,0.00245652
1778391000,7420004.0,7420004.0,7420004.0,7420004.0,0.0
1778391900,7420004.0,7420004.0,7420004.0,7420004.0,0.05203142
1778392800,7420004.0,7420004.0,7420004.0,7420004.0,0.0
1778393700,7420004.0,7420004.0,7420004.0,7420004.0,0.0
1778394600,7420004.0,7420004.0,7420004.0,7420004.0,0.0
1778395500,7420004.0,7420004.0,7408146.0,7408146.0,1.37337917
1778396400,7408146.0,7408146.0,7408146.0,7408146.0,0.0
1778397300,7408146.0,7408146.0,7408146.0,7408146.0,0.0
1778398200,7522712.0,7542712.0,7418175.0,7418175.0,0.0090437
1778399100,7542712.0,7542712.0,7542712.0,7542712.0,0.00205575
1778400000,7542712.0,7542712.0,7542712.0,7542712.0,0.0
1778400900,7542712.0,7542712.0,7542712.0,7542712.0,0.0
1778401800,7418175.0,7418175.0,7418175.0,7418175.0,0.00729444
1778402700,7542711.0,7542711.0,7542711.0,7542711.0,0.00340235
1778403600,7418175.0,7418175.0,7418175.0,7418175.0,0.04185186
1778404500,7417484.0,7417484.0,7417484.0,7417484.0,0.00264887
1778405400,7536506.0,7536556.0,7536506.0,7536556.0,0.01011073
1778406300,7418002.0,7418175.0,7418002.0,7418175.0,0.03365966
1778407200,7418175.0,7418175.0,7418175.0,7418175.0,0.0
1778408100,7417484.0,7417484.0,7417484.0,7417484.0,0.00189692
1778409000,7535853.0,7535853.0,7535853.0,7535853.0,0.00237876
1778409900,7535853.0,7535853.0,7535853.0,7535853.0,0.0
1778410800,7417484.0,7417484.0,7417484.0,7417484.0,0.00227219
1778411700,7417484.0,7417484.0,7417484.0,7417484.0,0.0
1778412600,7535852.0,7535852.0,7535852.0,7535852.0,0.00132154
1778413500,7535852.0,7535852.0,7535852.0,7535852.0,0.0
1778414400,7535852.0,7535852.0,7535852.0,7535852.0,0.0
1778415300,7551153.0,7551154.0,7424054.0,7424054.0,0.01098036
1778416200,7424054.0,7424054.0,7424054.0,7424054.0,0.0
1778417100,7417484.0,7424054.0,7026901.0,7424054.0,0.02040959
1778418000,7424054.0,7424054.0,7424054.0,7424054.0,0.0
1778418900,7536555.0,7547636.0,7424054.0,7547636.0,0.02397524
1778419800,7547636.0,7547636.0,7547636.0,7547636.0,0.0
1778420700,7547635.0,7547636.0,7547635.0,7547636.0,0.01319486
1778421600,7424054.0,7424054.0,7424054.0,7424054.0,0.0082035
1778422500,7424054.0,7424054.0,7424054.0,7424054.0,0.0
1778423400,7424054.0,7424054.0,7424054.0,7424054.0,0.00135532
1778424300,7428723.0,7428723.0,7428723.0,7428723.0,0.00135447
1778425200,7555902.0,7555902.0,7428723.0,7428723.0,0.00521897
1778426100,7547108.0,7547109.0,7428724.0,7547109.0,0.02177743
1778427000,7547108.0,7547109.0,7547108.0,7547109.0,0.01326388
1778427900,7547109.0,7547109.0,7547109.0,7547109.0,0.0
1778428800,7428723.0,7428723.0,7428723.0,7428723.0,0.00854951
1778429700,7428723.0,7428723.0,7428723.0,7428723.0,0.0
1778430600,7542712.0,7542712.0,7542712.0,7542712.0,0.01322985
1778431500,7552737.0,7552737.0,7552737.0,7552737.0,0.00138929
1778432400,7551330.0,7551330.0,7551330.0,7551330.0,0.00527589
1778433300,7551330.0,7551330.0,7551330.0,7551330.0,0.0
1778434200,7551330.0,7551330.0,7551330.0,7551330.0,0.0
1778435100,7551330.0,7551330.0,7551330.0,7551330.0,0.0
1778436000,7551330.0,7551330.0,7551330.0,7551330.0,0.0
1778436900,7551330.0,7551330.0,7551330.0,7551330.0,0.0
1778437800,7555902.0,7566104.0,7555902.0,7566104.0,0.00855328
1778438700,7566104.0,7566104.0,7566104.0,7566104.0,0.0
1778439600,7566104.0,7566104.0,7566104.0,7566104.0,0.0
1778440500,7566104.0,7566104.0,7566104.0,7566104.0,0.0
1778441400,7438752.0,7438752.0,7438752.0,7438752.0,0.0021642
1778442300,7438752.0,7438752.0,7438752.0,7438752.0,0.0
1778443200,7438752.0,7438752.0,7438752.0,7438752.0,0.0
1778444100,7438752.0,7438752.0,7438752.0,7438752.0,0.0
1778445000,7438752.0,7438752.0,7438752.0,7438752.0,0.0
1778445900,7438752.0,7438752.0,7438752.0,7438752.0,0.0
1778446800,7438752.0,7438752.0,7438752.0,7438752.0,0.0
1778447700,7438752.0,7438752.0,7438752.0,7438752.0,0.0
1778448600,7438752.0,7438752.0,7438752.0,7438752.0,0.0
1778449500,7438752.0,7438752.0,7438752.0,7438752.0,0.0
1778450400,7438752.0,7438752.0,7438752.0,7438752.0,0.0
1778451300,7438752.0,7438752.0,7438752.0,7438752.0,0.0
1778452200,7438752.0,7438752.0,7438752.0,7438752.0,0.0
1778453100,7438752.0,7438752.0,7438752.0,7438752.0,0.0
1778454000,7438752.0,7438752.0,7438752.0,7438752.0,0.0
1778454900,7438752.0,7438752.0,7438752.0,7438752.0,0.0
1778455800,7438752.0,7438752.0,7438752.0,7438752.0,0.0
1778456700,7428723.0,7428723.0,7428723.0,7428723.0,0.00876953
1778457600,7428723.0,7428723.0,7428723.0,7428723.0,0.0
1778458500,7428723.0,7428723.0,7428723.0,7428723.0,0.0
1778459400,7428723.0,7428723.0,7428723.0,7428723.0,0.39331873
1778460300,7428723.0,7428723.0,7428723.0,7428723.0,0.0
1778461200,7428723.0,7501512.0,7424054.0,7501512.0,0.12182308
1778462100,7501512.0,7501512.0,7501512.0,7501512.0,0.0
1778463000,7501512.0,7501512.0,7501512.0,7501512.0,0.0
1778463900,7512680.0,7513600.0,7512680.0,7513600.0,0.01648603
1778464800,7514831.0,7699999.0,7514831.0,7699999.0,1.19456873
1778465700,7699999.0,7699999.0,7515984.0,7515984.0,0.02736327
1778466600,7515984.0,7515984.0,7515984.0,7515984.0,0.0
1778467500,7514041.0,7514041.0,7514041.0,7514041.0,0.00658114
1778468400,7514041.0,7514041.0,7514041.0,7514041.0,0.0
1778469300,7514041.0,7514041.0,7514041.0,7514041.0,0.0
1778470200,7503822.0,7503822.0,7503822.0,7503822.0,0.00368172
1778471100,7501561.0,7505290.0,7386678.0,7495105.0,4.86862885
1778472000,7495105.0,7495105.0,7495105.0,7495105.0,0.0
1778472900,7495105.0,7495105.0,7495105.0,7495105.0,0.0
1778473800,7495105.0,7495105.0,7495105.0,7495105.0,0.0
1778474700,7495105.0,7508574.0,7382199.0,7382199.0,0.10704196
1778475600,7382195.0,7679999.0,7382195.0,7679999.0,0.02826664
1778476500,7679999.0,7679999.0,7382195.0,7382195.0,0.00673618
1778477400,7382195.0,7382195.0,7382195.0,7382195.0,0.0
1778478300,7382195.0,7382195.0,7382195.0,7382195.0,0.0
1778479200,7382195.0,7382195.0,7382195.0,7382195.0,0.0
1778480100,7382195.0,7382195.0,7382195.0,7382195.0,0.0
1778481000,7382195.0,7382195.0,7382195.0,7382195.0,0.0
1778481900,7382195.0,7382195.0,7382195.0,7382195.0,0.0
1778482800,7384500.0,7384500.0,7382195.0,7382195.0,0.02515646
1778483700,7382195.0,7382195.0,7382195.0,7382195.0,0.03216321
1778484600,7382195.0,7382195.0,7382195.0,7382195.0,0.0
1778485500,7699999.0,7699999.0,7507596.0,7507596.0,0.01075068
1778486400,7507596.0,7507596.0,7507596.0,7507596.0,0.0
1778487300,7507596.0,7507596.0,7507596.0,7507596.0,0.0
1778488200,7507596.0,7507596.0,7507596.0,7507596.0,0.0
1778489100,7507596.0,7507596.0,7507596.0,7507596.0,0.0
1778490000,7352893.0,7352893.0,7352893.0,7352893.0,0.00527589
1778490900,7484235.0,7484235.0,7377871.0,7377871.0,0.00661649
1778491800,7339110.0,7339110.0,7339110.0,7339110.0,0.00239279
1778492700,7339110.0,7339110.0,7339110.0,7339110.0,0.0
1778493600,7339110.0,7339110.0,7339110.0,7339110.0,0.0
1778494500,7462868.0,7462868.0,7462868.0,7462868.0,0.01000848
1778495400,7461292.0,7461292.0,7335705.0,7335705.0,0.00449797
1778496300,7355483.0,7355483.0,7355483.0,7355483.0,0.00985328
1778497200,7484235.0,7486977.0,7484235.0,7486977.0,0.00351204
1778498100,7493585.0,7493585.0,7493585.0,7493585.0,0.00153277
1778499000,7493585.0,7493585.0,7493585.0,7493585.0,0.0
1778499900,7493585.0,7493585.0,7493585.0,7493585.0,0.0
1778500800,7493585.0,7493585.0,7493585.0,7493585.0,0.0
1778501700,7351269.0,7351269.0,7351269.0,7351269.0,0.00257737
1778502600,7351269.0,7351269.0,7351269.0,7351269.0,0.0
1778503500,7351975.0,7351975.0,7351975.0,7351975.0,0.01442951
1778504400,7342777.0,7464571.0,7342777.0,7464571.0,0.05021389
1778505300,7464571.0,7464571.0,7464571.0,7464571.0,0.0
1778506200,7464571.0,7464571.0,7464571.0,7464571.0,0.0
1778507100,7464571.0,7464571.0,7464571.0,7464571.0,0.0
1778508000,7464571.0,7464571.0,7464571.0,7464571.0,0.0
1778508900,7390995.0,7390995.0,7390995.0,7390995.0,0.00405033
1778509800,7342744.0,7342744.0,7342744.0,7342744.0,0.13954588
1778510700,7405994.0,7405994.0,7405994.0,7405994.0,0.0021515
1778511600,7405994.0,7405994.0,7405994.0,7405994.0,0.0
1778512500,7635749.0,7635749.0,7635749.0,7635749.0,0.00130425
1778513400,7601855.0,7616691.0,7601855.0,7616691.0,0.03265661
1778514300,7616691.0,7616691.0,7616691.0,7616691.0,0.0
1778515200,7616691.0,7616691.0,7616691.0,7616691.0,0.0
1778516100,7699943.0,7699943.0,7699943.0,7699943.0,0.00217547
1778517000,7699943.0,7699943.0,7342746.0,7342746.0,0.00429663
1778517900,7699943.0,7699943.0,7699943.0,7699943.0,0.01043215
1778518800,7644338.0,7644338.0,7644338.0,7644338.0,0.01043215
1778519700,7644338.0,7644338.0,7644338.0,7644338.0,0.0
1778520600,7699942.0,7699942.0,7699942.0,7699942.0,0.00129338
1778521500,7699942.0,7700000.0,7699942.0,7700000.0,0.12933887
1778522400,7700000.0,7700000.0,7700000.0,7700000.0,0.98322747
1778523300,7700000.0,7700000.0,7700000.0,7700000.0,0.0
1778524200,7877841.0,7877841.0,7877841.0,7877841.0,0.00882919
1778525100,7877841.0,7877841.0,7877841.0,7877841.0,0.0
1778526000,7877841.0,7877841.0,7877841.0,7877841.0,0.0
1778526900,7877841.0,7877841.0,7877841.0,7877841.0,0.0
1778527800,7877841.0,7877841.0,7877841.0,7877841.0,0.0
1778528700,7877841.0,7877841.0,7877841.0,7877841.0,0.0
1778529600,7696595.0,7696595.0,7344901.0,7344901.0,0.0113784
1778530500,7344901.0,7344901.0,7344901.0,7344901.0,0.0
1778531400,7344901.0,7344901.0,7344901.0,7344901.0,0.0
1778532300,7344901.0,7344901.0,7344901.0,7344901.0,0.0
1778533200,7344901.0,7344901.0,7344901.0,7344901.0,0.0
1778534100,7344901.0,7344901.0,7344901.0,7344901.0,0.0
1778535000,7344901.0,7344901.0,7344901.0,7344901.0,0.0
1778535900,7344901.0,7344901.0,7344901.0,7344901.0,0.0
1778536800,7680122.0,7680122.0,7680122.0,7680122.0,0.00217547
1778537700,7817098.0,7817098.0,7817098.0,7817098.0,0.00533804
1778538600,7696995.0,7696995.0,7696995.0,7696995.0,0.00807185
1778539500,7696941.0,7696941.0,7696941.0,7696941.0,0.00405033
1778540400,7696941.0,7696941.0,7696941.0,7696941.0,0.0
1778541300,7696941.0,7696941.0,7696941.0,7696941.0,0.0
1778542200,7696941.0,7696941.0,7696941.0,7696941.0,0.0
1778543100,7696941.0,7696941.0,7696941.0,7696941.0,0.0
1778544000,7824631.0,7824635.0,7824631.0,7824635.0,0.0289267
1778544900,7824635.0,7824635.0,7824635.0,7824635.0,0.0
1778545800,7824635.0,7824635.0,7824635.0,7824635.0,0.00254555
1778546700,7824635.0,7824635.0,7824635.0,7824635.0,0.0
1778547600,7696941.0,7696941.0,7696226.0,7696226.0,0.02598672
1778548500,7696226.0,7696226.0,7696226.0,7696226.0,0.0
1778549400,7740218.0,7740218.0,7690000.0,7690000.0,0.42491972
1778550300,7718941.0,7824635.0,7718941.0,7824635.0,0.07736315
1778551200,7824635.0,7824635.0,7824635.0,7824635.0,0.0
1778552100,7824635.0,7824635.0,7824635.0,7824635.0,0.0
1778553000,7824634.0,7824634.0,7763348.0,7763348.0,0.00511681
1778553900,7763348.0,7763348.0,7763348.0,7763348.0,0.0
1778554800,7763348.0,7763348.0,7763348.0,7763348.0,0.0
1778555700,7763348.0,7763348.0,7763348.0,7763348.0,0.0
1778556600,7787899.0,7787899.0,7787899.0,7787899.0,0.00159734
1778557500,7788254.0,7799016.0,7689000.0,7689000.0,0.02998917
1778558400,7688889.0,7688889.0,7688889.0,7688889.0,0.00785637
1778559300,7796804.0,7796804.0,7796804.0,7796804.0,0.00202044
1778560200,7688889.0,7688889.0,7644476.0,7644476.0,0.66701379
1778561100,7616422.0,7616422.0,7616422.0,7616422.0,0.0068489
1778562000,7740219.0,7740219.0,7740219.0,7740219.0,0.00128665
1778562900,7740219.0,7740219.0,7740219.0,7740219.0,0.0
1778563800,7740219.0,7740219.0,7740219.0,7740219.0,0.0
1778564700,7740219.0,7740219.0,7740219.0,7740219.0,0.0
1778565600,7700000.0,7743405.0,7700000.0,7700000.0,0.01632957
1778566500,7743405.0,7743405.0,7743405.0,7743405.0,0.01465388
1778567400,7743405.0,7743405.0,7743405.0,7743405.0,0.00131686
1778568300,7743405.0,7743405.0,7743405.0,7743405.0,0.0
1778569200,7700000.0,7700000.0,7688888.0,7688888.0,0.01013783
1778570100,7743404.0,7743404.0,7743404.0,7743404.0,0.00155409
1778571000,7688888.0,7688888.0,7620258.0,7620258.0,0.0066041
1778571900,7620258.0,7620258.0,7620258.0,7620258.0,0.0
1778572800,7620258.0,7620258.0,7620258.0,7620258.0,0.0
1778573700,7620258.0,7620258.0,7620258.0,7620258.0,0.0
1778574600,7620258.0,7620258.0,7620258.0,7620258.0,0.0
1778575500,7743401.0,7743405.0,7743401.0,7743405.0,0.00726695
1778576400,7631687.0,7743405.0,7631687.0,7743405.0,0.01174927
1778577300,7743405.0,7743405.0,7743405.0,7743405.0,0.0
1778578200,7743405.0,7743405.0,7743405.0,7743405.0,0.00257225
1778579100,7743405.0,7743405.0,7743405.0,7743405.0,0.00192912
1778580000,7743405.0,7743405.0,7743405.0,7743405.0,0.0
1778580900,7743405.0,7743405.0,7653932.0,7653932.0,0.00376615
1778581800,7743405.0,7743405.0,7743405.0,7743405.0,0.00805071
1778582700,7743405.0,7743405.0,7743405.0,7743405.0,0.01760542
1778583600,7743405.0,7743405.0,7743405.0,7743405.0,0.00643824
1778584500,7743405.0,7743405.0,7743405.0,7743405.0,0.00947696
1778585400,7743405.0,7743405.0,7623765.0,7623765.0,0.02357307
1778586300,7743405.0,7743405.0,7743405.0,7743405.0,0.00257225
1778587200,7644856.0,7776631.0,7644856.0,7776631.0,0.12939816
1778588100,7776631.0,7776631.0,7776631.0,7776631.0,0.0
1778589000,7630308.0,7630308.0,7630308.0,7630308.0,0.00198406
1778589900,7630308.0,7630308.0,7630308.0,7630308.0,0.0
1778590800,7630308.0,7630308.0,7630308.0,7630308.0,0.0
1778591700,7659086.0,7788925.0,7659086.0,7782457.0,0.07040593
1778592600,7782457.0,7782457.0,7782457.0,7782457.0,0.0
1778593500,7790197.0,7790197.0,7687949.0,7687949.0,0.00384292
1778594400,7659086.0,7659086.0,7659086.0,7659086.0,0.0039835
1778595300,7742734.0,7779548.0,7742734.0,7764615.0,0.01729352
1778596200,7764615.0,7764615.0,7764615.0,7764615.0,0.0
1778597100,7659086.0,7659086.0,7659086.0,7659086.0,0.04609793
1778598000,7790197.0,7790197.0,7650127.0,7650127.0,0.01911011
1778598900,7588888.0,7588888.0,7588888.0,7588888.0,0.07889626
1778599800,7790195.0,7790197.0,7465080.0,7607461.0,0.9895211
1778600700,7453764.0,7453764.0,7453764.0,7453764.0,0.00253416
1778601600,7453764.0,7453764.0,7453764.0,7453764.0,0.0
1778602500,7790197.0,7790197.0,7790197.0,7790197.0,0.00384277
1778603400,7790197.0,7790197.0,7790197.0,7790197.0,0.0012784
1778604300,7790197.0,7790197.0,7790197.0,7790197.0,0.0
1778605200,7790197.0,7790197.0,7790197.0,7790197.0,0.0
1778606100,7790197.0,7790197.0,7790197.0,7790197.0,0.0
1778607000,7790197.0,7790197.0,7790197.0,7790197.0,0.0
1778607900,7575995.0,7575995.0,7575995.0,7575995.0,0.00340654
1778608800,7575995.0,7575995.0,7575995.0,7575995.0,0.0
1778609700,7575995.0,7575995.0,7575995.0,7575995.0,0.0
1778610600,7575995.0,7575995.0,7575995.0,7575995.0,0.0
1778611500,7575995.0,7575995.0,7575995.0,7575995.0,0.0
1778612400,7575995.0,7575995.0,7575995.0,7575995.0,0.0
1778613300,7575995.0,7575995.0,7575995.0,7575995.0,0.0
1778614200,7575995.0,7575995.0,7575995.0,7575995.0,0.0
1778615100,7345905.0,7345905.0,7345905.0,7345905.0,0.01491554
1778616000,7345905.0,7345905.0,7345905.0,7345905.0,0.0
1778616900,7345905.0,7345905.0,7345905.0,7345905.0,0.0
1778617800,7345905.0,7345905.0,7345905.0,7345905.0,0.0
1778618700,7345905.0,7345905.0,7345905.0,7345905.0,0.0
1778619600,7345905.0,7345905.0,7345905.0,7345905.0,0.0
1778620500,7345905.0,7345905.0,7345905.0,7345905.0,0.0
1778621400,7345905.0,7345905.0,7345905.0,7345905.0,0.0
1778622300,7545239.0,7545239.0,7545239.0,7545239.0,0.03093039
1778623200,7670689.0,7670689.0,7670689.0,7670689.0,0.00129831
1778624100,7670689.0,7670689.0,7670689.0,7670689.0,0.0
1778625000,7670689.0,7670689.0,7670689.0,7670689.0,0.0
1778625900,7551847.0,7551847.0,7551847.0,7551847.0,0.00676459
1778626800,7551847.0,7551847.0,7551847.0,7551847.0,0.0
1778627700,7669010.0,7676448.0,7665933.0,7676448.0,0.04842546
1778628600,7676448.0,7676448.0,7676448.0,7676448.0,0.0
1778629500,7676448.0,7676448.0,7676448.0,7676448.0,0.0
1778630400,7664078.0,7664078.0,7664078.0,7664078.0,0.00142926
1778631300,7621982.0,7621982.0,7621982.0,7621982.0,0.00130661
1778632200,7622014.0,7622014.0,7622014.0,7622014.0,0.00143715
1778633100,7506474.0,7506474.0,7506474.0,7506474.0,0.00631927
1778634000,7622014.0,7622014.0,7622014.0,7622014.0,0.00261322
1778634900,7622014.0,7622014.0,7622014.0,7622014.0,0.0
1778635800,7506475.0,7506475.0,7506475.0,7506475.0,0.00897231
1778636700,7521048.0,7521048.0,7521048.0,7521048.0,0.00307203
1778637600,7521048.0,7521048.0,7521048.0,7521048.0,0.0
1778638500,7622014.0,7622014.0,7622014.0,7622014.0,0.0130661
1778639400,7622014.0,7622014.0,7622014.0,7622014.0,0.07692767
1778640300,7541278.0,7622014.0,7541278.0,7622014.0,0.00362172
1778641200,7622014.0,7622014.0,7535004.0,7535004.0,0.04823632
1778642100,7535004.0,7535004.0,7535004.0,7535004.0,0.0
1778643000,7622014.0,7622014.0,7622014.0,7622014.0,0.00439109
1778643900,7622014.0,7622014.0,7622014.0,7622014.0,0.0
1778644800,7622014.0,7622014.0,7622014.0,7622014.0,0.0
1778645700,7622014.0,7622014.0,7622014.0,7622014.0,0.0
1778646600,7622014.0,7622014.0,7622014.0,7622014.0,0.02763193
1778647500,7622014.0,7622014.0,7622014.0,7622014.0,0.00234426
1778648400,7579712.0,7579712.0,7579712.0,7579712.0,0.00677582
1778649300,7622014.0,7622014.0,7578654.0,7578654.0,0.01508654
1778650200,7577760.0,7577760.0,7577760.0,7577760.0,0.00728869
1778651100,7577760.0,7577760.0,7577760.0,7577760.0,0.0
1778652000,7577760.0,7577760.0,7577760.0,7577760.0,0.0
1778652900,7577760.0,7577760.0,7577760.0,7577760.0,0.0
1778653800,7577760.0,7577760.0,7577760.0,7577760.0,0.0
1778654700,7622014.0,7622014.0,7622014.0,7622014.0,0.00914627
1778655600,7622014.0,7622014.0,7622014.0,7622014.0,0.0
1778656500,7578357.0,7578357.0,7578357.0,7578357.0,0.02370436
1778657400,7578357.0,7578357.0,7578357.0,7578357.0,0.0
1778658300,7578357.0,7578357.0,7578357.0,7578357.0,0.0
1778659200,7592021.0,7592021.0,7592021.0,7592021.0,0.00148653
1778660100,7592021.0,7592021.0,7592021.0,7592021.0,0.0
1778661000,7622010.0,7622010.0,7622010.0,7622010.0,0.00130661
1778661900,7601604.0,7622014.0,7601604.0,7622014.0,0.53461447
1778662800,7622014.0,7622014.0,7622014.0,7622014.0,0.0
1778663700,7622014.0,7622014.0,7622014.0,7622014.0,0.0
1778664600,7622014.0,7622014.0,7622014.0,7622014.0,0.0
1778665500,7622014.0,7622014.0,7622014.0,7622014.0,0.0
1778666400,7630000.0,7630000.0,7630000.0,7630000.0,0.00394923
1778667300,7572460.0,7572460.0,7572460.0,7572460.0,0.00153277
1778668200,7572460.0,7572460.0,7572460.0,7572460.0,0.0
1778669100,7617948.0,7617948.0,7617948.0,7617948.0,0.00189132
1778670000,7752629.0,7752651.0,7622184.0,7752651.0,0.00651493
1778670900,7372398.0,7372398.0,7372398.0,7372398.0,0.00197608
1778671800,7757073.0,7767948.0,7757073.0,7767948.0,0.00637338
1778672700,7767948.0,7767948.0,7767948.0,7767948.0,0.0
1778673600,7790196.0,7790197.0,7790196.0,7790197.0,0.01059857
1778674500,7790197.0,7790197.0,7790197.0,7790197.0,0.006392
1778675400,7790197.0,7790197.0,7790197.0,7790197.0,0.0038352
1778676300,7790197.0,7824634.0,7400000.0,7824634.0,0.14155673
1778677200,7824634.0,7824635.0,7824634.0,7824635.0,0.03543603
1778678100,7573118.0,7824599.0,7573118.0,7610841.0,0.02952089
1778679000,7610841.0,7610841.0,7610841.0,7610841.0,0.0
1778679900,7824595.0,7824595.0,7824595.0,7824595.0,0.01023989
1778680800,7824595.0,7824595.0,7824595.0,7824595.0,0.0
1778681700,7824595.0,7824595.0,7824595.0,7824595.0,0.0
1778682600,7778686.0,7778686.0,7778686.0,7778686.0,0.00205344
1778683500,7778686.0,7778686.0,7778686.0,7778686.0,0.0
1778684400,7824599.0,7824635.0,7824599.0,7824635.0,0.1936362
1778685300,7852555.0,7854595.0,7852555.0,7854595.0,0.07621566
1778686200,7854595.0,7854595.0,7854595.0,7854595.0,0.0
1778687100,7999994.0,7999998.0,7999994.0,7999998.0,0.01588704
1778688000,7999998.0,7999999.0,7999998.0,7999998.0,0.22679216
1778688900,7999998.0,8000000.0,7999998.0,8000000.0,0.03906718
1778689800,8000000.0,8000000.0,8000000.0,8000000.0,0.0
1778690700,8000000.0,8399999.0,8000000.0,8399999.0,0.01936284
1778691600,8399999.0,8399999.0,8399999.0,8399999.0,0.01015654
1778692500,8399999.0,8750000.0,8399999.0,8750000.0,0.06926478
1778693400,8750000.0,9000000.0,7999998.0,8000002.0,0.10882444
1778694300,8999998.0,9000000.0,7856698.0,7856698.0,1.72859522
1778695200,7856698.0,8999998.0,7856698.0,7856698.0,0.03121932
1778696100,7856698.0,7856698.0,7856698.0,7856698.0,0.0
1778697000,7856698.0,8999986.0,7801310.0,8999986.0,0.35643485
1778697900,7790940.0,8999986.0,7790938.0,7794596.0,0.02062474
1778698800,8799990.0,8799990.0,8799990.0,8799990.0,0.00724182
1778699700,7804488.0,7804488.0,7804488.0,7804488.0,0.00212716
1778700600,8799984.0,8799984.0,7750142.0,7750142.0,0.00510686
1778701500,7750142.0,7750142.0,7750142.0,7750142.0,0.0
1778702400,7750142.0,7750142.0,7750142.0,7750142.0,0.0
1778703300,8799954.0,8799954.0,8799954.0,8799954.0,0.00202705
1778704200,8799930.0,8799930.0,8799930.0,8799930.0,0.00226342
1778705100,7764450.0,8799918.0,7764450.0,8799918.0,0.00339497
1778706000,8799918.0,8799918.0,8799918.0,8799918.0,0.0
1778706900,7768571.0,7768571.0,7768571.0,7768571.0,0.01094298
1778707800,7768571.0,7768571.0,7768571.0,7768571.0,0.0
1778708700,7768571.0,7768571.0,7768571.0,7768571.0,0.0
1778709600,7768571.0,7768571.0,7768571.0,7768571.0,0.0
1778710500,7768571.0,7768571.0,7768571.0,7768571.0,0.0
1778711400,7768571.0,7768571.0,7768571.0,7768571.0,0.0
1778712300,7768571.0,7768571.0,7768571.0,7768571.0,0.0
1778713200,7940212.0,7940212.0,7940195.0,7940195.0,0.01285227
1778714100,8999604.0,8999625.0,8999604.0,8999625.0,0.05696911
1778715000,8064546.0,8999619.0,8064546.0,8999619.0,0.16159457
1778715900,7857528.0,7857528.0,7827104.0,7827104.0,0.00269461
1778716800,8999612.0,8999614.0,8999612.0,8999614.0,0.04575518
1778717700,8999610.0,8999613.0,7838102.0,7838102.0,0.02275175
1778718600,7838102.0,7838102.0,7838102.0,7838102.0,0.0
1778719500,7959329.0,7961263.0,7959329.0,7961263.0,0.00437865
1778720400,7855101.0,7855101.0,7855101.0,7855101.0,0.00659435
1778721300,7855101.0,7855101.0,7855101.0,7855101.0,0.0
1778722200,7855101.0,7855101.0,7855101.0,7855101.0,0.0
1778723100,7855101.0,7855101.0,7855101.0,7855101.0,0.0
1778724000,7855100.0,7855100.0,7855100.0,7855100.0,0.00280458
1778724900,7855100.0,7855100.0,7829911.0,7829911.0,0.07695351
1778725800,7829911.0,7829911.0,7829911.0,7829911.0,0.0
1778726700,7900987.0,7902232.0,7900987.0,7902232.0,0.18287116
1778727600,7829990.0,7829990.0,7829911.0,7829911.0,0.04882772
1778728500,7829914.0,8820002.0,7829914.0,7830002.0,0.00650474
1778729400,7830002.0,7830002.0,7830002.0,7830002.0,0.0
1778730300,8809998.0,8809998.0,7835004.0,7835004.0,0.00941801
1778731200,8679998.0,8680001.0,8679998.0,8680001.0,0.02033617
1778732100,8679996.0,8679996.0,8620004.0,8620004.0,0.02419953
1778733000,7850006.0,7850006.0,7850005.0,7850005.0,0.04778223
1778733900,7850005.0,7850005.0,7850005.0,7850005.0,0.0
1778734800,7865556.0,7865556.0,7865556.0,7865556.0,0.00563406
1778735700,8100009.0,8100009.0,8100009.0,8100009.0,0.00168975
1778736600,8099993.0,8678004.0,7870001.0,8678004.0,0.12587051
1778737500,8678000.0,8678000.0,7870995.0,7870996.0,0.00683439
1778738400,8678000.0,8678004.0,8677996.0,8677996.0,0.0192028
1778739300,8677996.0,8677996.0,8677996.0,8677996.0,0.0
1778740200,8677992.0,8677992.0,8677992.0,8677992.0,0.00227944
1778741100,7903902.0,7903902.0,7903902.0,7903902.0,0.00127304
1778742000,8677998.0,8677998.0,7903991.0,7903991.0,0.0072528
1778742900,8677998.0,8677998.0,8177994.0,8177997.0,0.02090903
1778743800,8678001.0,8678001.0,8678001.0,8678001.0,0.00139928
1778744700,7906997.0,8300000.0,7906997.0,8300000.0,0.02148976
1778745600,8290000.0,8290000.0,8290000.0,8290000.0,0.00338382
1778746500,8290000.0,8290000.0,8290000.0,8290000.0,0.0
1778747400,8290000.0,8290000.0,8290000.0,8290000.0,0.0
1778748300,8677994.0,8677994.0,8677994.0,8677994.0,0.00282011
1778749200,7910004.0,8677994.0,7910001.0,7910002.0,0.01559488
1778750100,8670002.0,8670002.0,8660000.0,8660000.0,0.00460548
1778751000,8660000.0,8660000.0,8660000.0,8660000.0,0.0
1778751900,7944480.0,7950892.0,7941816.0,7950892.0,0.83087905
1778752800,7950892.0,7950892.0,7950892.0,7950892.0,0.0
1778753700,7951000.0,7951000.0,7910000.0,7910000.0,0.1427036
1778754600,7910000.0,7910000.0,7910000.0,7910000.0,0.00451127
1778755500,7906998.0,7906998.0,7906998.0,7906998.0,0.00803339
1778756400,7906998.0,7906998.0,7906998.0,7906998.0,0.0
1778757300,7906998.0,7906998.0,7865006.0,7865006.0,0.75989446
1778758200,8500000.0,8500000.0,8499998.0,8499998.0,0.0139794
1778759100,8499005.0,8499005.0,8499005.0,8499005.0,0.00117178
1778760000,8499005.0,8499005.0,8499005.0,8499005.0,0.00202659
1778760900,8499005.0,8499005.0,8499005.0,8499005.0,0.0
1778761800,8499002.0,8499002.0,8499001.0,8499001.0,0.00449261
1778762700,8499001.0,8499001.0,8499001.0,8499001.0,0.0
1778763600,8498992.0,8498992.0,8498992.0,8498992.0,0.00426038
1778764500,8498992.0,8498992.0,7895702.0,7895702.0,0.00629942
1778765400,7895702.0,7895702.0,7895700.0,7895700.0,0.00202659
1778766300,8498992.0,8498992.0,7895702.0,7895702.0,0.00732335
1778767200,8198990.0,8498995.0,7895702.0,7895702.0,0.05657761
1778768100,8498990.0,8498998.0,7895700.0,8498995.0,0.2029334
1778769000,7865010.0,8498997.0,7865006.0,8498997.0,0.75205384
1778769900,7865007.0,8038990.0,7818888.0,8038990.0,0.29628568
1778770800,8038990.0,8038990.0,8038990.0,8038990.0,0.0
1778771700,8038990.0,8038990.0,8038990.0,8038990.0,0.0
1778772600,8498997.0,8498997.0,7500002.0,8498997.0,0.05211535
1778773500,8498997.0,8498997.0,8498997.0,8498997.0,0.0
1778774400,8498996.0,8498996.0,7500008.0,7500008.0,0.00269965
1778775300,8498994.0,8498997.0,7500007.0,8498994.0,0.10016569
1778776200,7500008.0,7500008.0,7500007.0,7500007.0,0.00250186
1778777100,8498994.0,8498994.0,7898988.0,7898988.0,0.01907178
1778778000,7898988.0,7898988.0,7898988.0,7898988.0,0.0
1778778900,7898988.0,7898988.0,7898988.0,7898988.0,0.0
1778779800,7898988.0,7898988.0,7898988.0,7898988.0,0.0
1778780700,7898988.0,7898988.0,7898988.0,7898988.0,0.0
1778781600,7500014.0,8498997.0,7500014.0,8498997.0,0.17225864
1778782500,8498997.0,8498997.0,8498997.0,8498997.0,0.0
1778783400,8498997.0,8498997.0,8498997.0,8498997.0,0.0
1778784300,8498997.0,8498997.0,8498997.0,8498997.0,0.0
1778785200,8498997.0,8498997.0,8498997.0,8498997.0,0.01218661
1778786100,8498997.0,8498997.0,8498997.0,8498997.0,0.0
1778787000,8450032.0,8450032.0,8450032.0,8450032.0,0.21115695
1778787900,8450032.0,8450032.0,8450032.0,8450032.0,0.0
1778788800,8450032.0,8450032.0,8450032.0,8450032.0,0.0
1778789700,8450032.0,8450032.0,8450032.0,8450032.0,0.0
1778790600,8450032.0,8450032.0,8450032.0,8450032.0,0.0
1778791500,8450032.0,8450032.0,8450032.0,8450032.0,0.0
1778792400,8498996.0,8498996.0,8498996.0,8498996.0,0.0012492
1778793300,8498996.0,8498996.0,8498996.0,8498996.0,0.00120873
1778794200,8450032.0,8450032.0,8450032.0,8450032.0,0.06629643
1778795100,8450032.0,8450032.0,8450032.0,8450032.0,0.0
1778796000,8450032.0,8450032.0,8450032.0,8450032.0,0.0
1778796900,7600140.0,7600140.0,7600140.0,7600140.0,0.00148687
1778797800,7600140.0,7600140.0,7600140.0,7600140.0,0.0
1778798700,8450030.0,8450032.0,8450030.0,8450032.0,0.00291407
1778799600,7620004.0,7620004.0,7620000.0,7620000.0,0.12226397
1778800500,7850028.0,8498995.0,7850028.0,8498995.0,0.06092697
1778801400,8498995.0,8498995.0,7620012.0,8498995.0,0.04269027
1778802300,8498995.0,8498997.0,8498995.0,8498997.0,0.05870646
1778803200,7701004.0,7701004.0,7701003.0,7701003.0,0.08726913
1778804100,7701003.0,8448999.0,7701003.0,8448999.0,0.03853364
1778805000,8448999.0,8448999.0,8448999.0,8448999.0,0.00216214
1778805900,8448999.0,8448999.0,8448999.0,8448999.0,0.00235743
1778806800,8448999.0,8448999.0,8448999.0,8448999.0,0.0
1778807700,7702902.0,8448996.0,7702900.0,8448996.0,0.03927202
1778808600,7873432.0,7873432.0,7873432.0,7873432.0,0.01239675
1778809500,7873432.0,7873432.0,7873432.0,7873432.0,0.0
1778810400,7873432.0,7873432.0,7873432.0,7873432.0,0.0
1778811300,7827804.0,7827804.0,7701014.0,7809685.0,0.02093646
1778812200,7808176.0,8413076.0,7808176.0,8413076.0,0.01409382
1778813100,7701014.0,8400000.0,7701014.0,8400000.0,0.02252774
1778814000,8400000.0,8400000.0,8400000.0,8400000.0,0.0
1778814900,8350004.0,8350004.0,8350004.0,8350004.0,0.00238538
1778815800,7822902.0,7824799.0,7822902.0,7824799.0,0.00669825
1778816700,7820989.0,8498997.0,7820989.0,7826653.0,3.59746925
1778817600,7837291.0,8299999.0,7791014.0,8299999.0,0.01628488
1778818500,7828673.0,7828673.0,7828670.0,7828670.0,0.01771664
1778819400,7828670.0,7828670.0,7791014.0,7799237.0,0.01333566
1778820300,7791014.0,7791014.0,7791014.0,7791014.0,0.10162406
1778821200,7782330.0,7782330.0,7782330.0,7782330.0,0.00140613
1778822100,7701014.0,7757063.0,7700000.0,7757063.0,1.50426024
1778823000,7700000.0,7736637.0,7620008.0,7620008.0,0.20280602
1778823900,8099999.0,8100000.0,8099999.0,8100000.0,0.22743939
1778824800,7691433.0,8498997.0,7691433.0,7692532.0,7.73508774
1778825700,7692532.0,7699254.0,7692530.0,7692530.0,1.74308635
1778826600,7734138.0,7734138.0,7734138.0,7734138.0,0.00344912
1778827500,7734138.0,7734138.0,7734138.0,7734138.0,0.0
1778828400,8199999.0,8199999.0,8199999.0,8199999.0,0.00121451
1778829300,7750000.0,7782140.0,7750000.0,7782140.0,0.34664431
1778830200,7750000.0,7750000.0,7750000.0,7750000.0,0.0010377
1778831100,7738316.0,8099000.0,7738307.0,8099000.0,2.713776
1778832000,7726731.0,8490000.0,7726731.0,8490000.0,2.53007545
1778832900,7700001.0,7700001.0,7450000.0,7450000.0,3.26704438
1778833800,8400000.0,8400000.0,7550000.0,7693454.0,0.17669753
1778834700,7732269.0,7732269.0,7729415.0,7729415.0,0.04666571
1778835600,7729415.0,7729415.0,7729415.0,7729415.0,0.0
1778836500,7703001.0,7703001.0,7703001.0,7703001.0,0.00465623
1778837400,8200000.0,8200000.0,8200000.0,8200000.0,0.01705524
1778838300,7696523.0,7696523.0,7696523.0,7696523.0,0.00129409
1778839200,7720578.0,7720578.0,7600001.0,7600001.0,0.37317453
1778840100,7730049.0,8200000.0,7730049.0,7750001.0,1.95316268
1778841000,7945002.0,7945002.0,7945002.0,7945002.0,0.0125718
1778841900,7945002.0,7945002.0,7945002.0,7945002.0,0.0
1778842800,7600008.0,7600008.0,7600008.0,7600008.0,0.00990822
1778843700,7920002.0,7920005.0,7920002.0,7920005.0,0.06916145
1778844600,7920005.0,7920005.0,7920005.0,7920005.0,0.01121489
1778845500,7920005.0,7920005.0,7920005.0,7920005.0,0.00433583
1778846400,7920005.0,7920005.0,7920005.0,7920005.0,0.0
1778847300,7920005.0,7920005.0,7920005.0,7920005.0,0.0
1778848200,7920005.0,7920005.0,7920005.0,7920005.0,0.0
1778849100,7920005.0,7920005.0,7920005.0,7920005.0,0.0
1778850000,7609462.0,7609462.0,7609462.0,7609462.0,0.01121489
1778850900,7609462.0,7609462.0,7609462.0,7609462.0,0.0
1778851800,7879984.0,7879984.0,7879984.0,7879984.0,0.0515482
1778852700,7610000.0,7870000.0,7610000.0,7870000.0,0.02698555
1778853600,7870000.0,7870000.0,7870000.0,7870000.0,0.00139186
1778854500,7610000.0,7610000.0,7610000.0,7610000.0,0.0153741
1778855400,7610000.0,7859999.0,7460000.0,7859999.0,0.75005976
1778856300,7859002.0,7859999.0,7859002.0,7859999.0,0.00751677
1778857200,7859999.0,7859999.0,7859999.0,7859999.0,0.0
1778858100,7469978.0,7849874.0,7469978.0,7849874.0,0.00509964
1778859000,7469978.0,7612970.0,7469978.0,7469978.0,0.09189033
1778859900,7575204.0,7575204.0,7575204.0,7575204.0,0.21659588
1778860800,7469978.0,7469978.0,7469978.0,7469978.0,0.01286126
1778861700,7563556.0,7563556.0,7563556.0,7563556.0,0.01305087
1778862600,7563556.0,7563556.0,7563556.0,7563556.0,0.0
1778863500,7789999.0,7789999.0,7556338.0,7789999.0,0.01944068
1778864400,7789999.0,7789999.0,7789999.0,7789999.0,0.0
1778865300,7469978.0,7469978.0,7469978.0,7469978.0,0.01194861
1778866200,7653882.0,7653882.0,7653882.0,7653882.0,0.0020664
1778867100,7653882.0,7653882.0,7653882.0,7653882.0,0.0
1778868000,7653882.0,7653882.0,7653882.0,7653882.0,0.0
1778868900,7598191.0,7598191.0,7598191.0,7598191.0,0.00560936
1778869800,7598191.0,7598191.0,7598191.0,7598191.0,0.0
1778870700,7598191.0,7598191.0,7598191.0,7598191.0,0.0
1778871600,7598191.0,7598191.0,7598191.0,7598191.0,0.0
1778872500,7553448.0,7553448.0,7553448.0,7553448.0,0.00131847
1778873400,7552913.0,7552913.0,7552913.0,7552913.0,0.02666242
1778874300,7559340.0,7559340.0,7559340.0,7559340.0,0.00131744
1778875200,7559340.0,7559340.0,7559340.0,7559340.0,0.0
1778876100,7559340.0,7559340.0,7559340.0,7559340.0,0.0
1778877000,7559340.0,7559340.0,7559340.0,7559340.0,0.0
1778877900,7799560.0,7849872.0,7799560.0,7849872.0,0.11438193
1778878800,7849872.0,7849872.0,7849872.0,7849872.0,0.0
1778879700,7519860.0,7519860.0,7519860.0,7519860.0,0.06621825
1778880600,7519860.0,7519860.0,7519860.0,7519860.0,0.0
1778881500,7849872.0,7849872.0,7849872.0,7849872.0,0.01060947
1778882400,7849872.0,7849872.0,7849872.0,7849872.0,0.0
1778883300,7849872.0,7849872.0,7849872.0,7849872.0,0.0
1778884200,7469981.0,7770000.0,7469981.0,7770000.0,0.19759776
1778885100,7507384.0,7769999.0,7500000.0,7500000.0,0.28767426
1778886000,7500000.0,7500000.0,7500000.0,7500000.0,0.0
1778886900,7469981.0,7469981.0,7450978.0,7450978.0,0.02666242
1778887800,7450978.0,7450978.0,7450978.0,7450978.0,0.0
1778888700,7450978.0,7475125.0,7450978.0,7475125.0,0.00390325
1778889600,7475125.0,7475125.0,7475125.0,7475125.0,0.0
1778890500,7475125.0,7475125.0,7475125.0,7475125.0,0.0
1778891400,7474234.0,7474234.0,7474234.0,7474234.0,1.3348893
1778892300,7450978.0,7450978.0,7450978.0,7450978.0,0.09701583
1778893200,7467105.0,7467105.0,7467105.0,7467105.0,0.02679621
1778894100,7599999.0,7600000.0,7467105.0,7467105.0,0.13673206
1778895000,7450978.0,7450978.0,7450978.0,7450978.0,0.00474416
1778895900,7450978.0,7450978.0,7400000.0,7400000.0,0.28518168
1778896800,7400000.0,7400000.0,7400000.0,7400000.0,0.0
1778897700,7400000.0,7400000.0,7400000.0,7400000.0,0.0
1778898600,7400000.0,7400000.0,7400000.0,7400000.0,0.009215
1778899500,7400000.0,7455000.0,7400000.0,7455000.0,0.01190753
1778900400,7455000.0,7455000.0,7455000.0,7455000.0,0.00275921
1778901300,7455000.0,7455000.0,7455000.0,7455000.0,0.00300684
1778902200,7359000.0,7359000.0,7359000.0,7359000.0,0.00672091
1778903100,7359000.0,7359000.0,7359000.0,7359000.0,0.0
1778904000,7360000.0,7360000.0,7360000.0,7360000.0,0.00159864
1778904900,7360000.0,7360000.0,7360000.0,7360000.0,0.0
1778905800,7455000.0,7455000.0,7455000.0,7455000.0,0.00429174
1778906700,7455000.0,7455000.0,7455000.0,7455000.0,0.0
1778907600,7455000.0,7455000.0,7455000.0,7455000.0,0.00133588
1778908500,7455000.0,7455000.0,7455000.0,7455000.0,0.33477585
1778909400,7455000.0,7455000.0,7455000.0,7455000.0,0.0
1778910300,7455000.0,7455000.0,7455000.0,7455000.0,0.0
1778911200,7455000.0,7455000.0,7455000.0,7455000.0,0.02677102
1778912100,7455000.0,7455000.0,7455000.0,7455000.0,0.0
1778913000,7455000.0,7455000.0,7455000.0,7455000.0,0.0
1778913900,7360010.0,7360010.0,7360010.0,7360010.0,0.00198977
1778914800,7455000.0,7455000.0,7305835.0,7308625.0,0.71188556
1778915700,7454000.0,7454000.0,7454000.0,7454000.0,0.02818298
1778916600,7454000.0,7454000.0,7454000.0,7454000.0,0.0
1778917500,7450000.0,7450000.0,7308629.0,7310004.0,0.02699449
1778918400,7449992.0,7449992.0,7449992.0,7449992.0,0.00158349
1778919300,7449990.0,7449990.0,7449990.0,7449990.0,0.00632537
1778920200,7321537.0,7321537.0,7310009.0,7310009.0,0.35154068
1778921100,7310005.0,7310005.0,7310005.0,7310005.0,0.00228084
1778922000,7310005.0,7310005.0,7310005.0,7310005.0,0.0
1778922900,7310005.0,7310005.0,7310005.0,7310005.0,0.0
1778923800,7424909.0,7424909.0,7424909.0,7424909.0,0.00192392
1778924700,7424909.0,7424909.0,7424909.0,7424909.0,0.0
1778925600,7424909.0,7424909.0,7424909.0,7424909.0,0.0
1778926500,7424909.0,7424909.0,7424909.0,7424909.0,0.0
1778927400,7424338.0,7424338.0,7424338.0,7424338.0,0.00338117
1778928300,7424338.0,7424338.0,7424338.0,7424338.0,0.0
1778929200,7424338.0,7424338.0,7424338.0,7424338.0,0.0
1778930100,7424338.0,7424338.0,7424338.0,7424338.0,0.0
1778931000,7424338.0,7424338.0,7424338.0,7424338.0,0.0
1778931900,7421987.0,7421990.0,7421987.0,7421990.0,0.02688158
1778932800,7421990.0,7421990.0,7421990.0,7421990.0,0.0
1778933700,7421990.0,7421990.0,7421990.0,7421990.0,0.0
1778934600,7421990.0,7421990.0,7421990.0,7421990.0,0.0
1778935500,7421990.0,7421990.0,7421990.0,7421990.0,0.0
1778936400,7421990.0,7421990.0,7421990.0,7421990.0,0.0
1778937300,7310011.0,7310011.0,7310005.0,7310005.0,0.57443803
1778938200,7310005.0,7310005.0,7310005.0,7310005.0,0.0
1778939100,7310005.0,7310005.0,7310005.0,7310005.0,0.0
1778940000,7310005.0,7310005.0,7310005.0,7310005.0,0.0
1778940900,7399990.0,7399990.0,7399990.0,7399990.0,0.00745311
1778941800,7399990.0,7399990.0,7399990.0,7399990.0,0.0
1778942700,7399990.0,7399990.0,7399990.0,7399990.0,0.0
1778943600,7399990.0,7399990.0,7399990.0,7399990.0,0.0
1778944500,7399990.0,7399990.0,7399990.0,7399990.0,0.0
1778945400,7399990.0,7399990.0,7399990.0,7399990.0,0.0
1778946300,7399990.0,7399990.0,7399990.0,7399990.0,0.0
1778947200,7399990.0,7399990.0,7399990.0,7399990.0,0.0
1778948100,7310005.0,7310005.0,7310005.0,7310005.0,0.09612986
1778949000,7370000.0,7370000.0,7370000.0,7370000.0,0.05405183
1778949900,7370000.0,7370000.0,7370000.0,7370000.0,0.0
1778950800,7360000.0,7360000.0,7359996.0,7359996.0,0.00294795
1778951700,7359996.0,7359996.0,7359996.0,7359996.0,0.0
1778952600,7359996.0,7359996.0,7359996.0,7359996.0,0.0
1778953500,7359996.0,7359996.0,7359996.0,7359996.0,0.0
1778954400,7350000.0,7350000.0,7350000.0,7350000.0,0.06429972
1778955300,7350000.0,7350000.0,7350000.0,7350000.0,0.0
1778956200,7350000.0,7350000.0,7350000.0,7350000.0,0.0
1778957100,7350000.0,7350000.0,7350000.0,7350000.0,0.0
1778958000,7310100.0,7310100.0,7310100.0,7310100.0,0.00530473
1778958900,7310100.0,7310100.0,7310100.0,7310100.0,0.0
1778959800,7310100.0,7310100.0,7310100.0,7310100.0,0.04438456
1778960700,7310100.0,7310100.0,7310100.0,7310100.0,0.00312678
1778961600,7310100.0,7310100.0,7310100.0,7310100.0,0.0
1778962500,7310100.0,7310100.0,7310100.0,7310100.0,0.0
1778963400,7310100.0,7310100.0,7310100.0,7310100.0,0.0
1778964300,7310100.0,7310100.0,7310100.0,7310100.0,0.0
1778965200,7310100.0,7310100.0,7310100.0,7310100.0,0.0
1778966100,7310100.0,7310100.0,7310100.0,7310100.0,0.0
1778967000,7310100.0,7310100.0,7310100.0,7310100.0,0.0
1778967900,7310100.0,7310100.0,7310100.0,7310100.0,0.0
1778968800,7310100.0,7310100.0,7310100.0,7310100.0,0.0
1778969700,7310100.0,7310100.0,7310100.0,7310100.0,0.0
1778970600,7310100.0,7310100.0,7310100.0,7310100.0,0.0
1778971500,7310100.0,7310100.0,7310100.0,7310100.0,0.0
1778972400,7310100.0,7310100.0,7310100.0,7310100.0,0.0
1778973300,7350000.0,7350000.0,7350000.0,7350000.0,0.0014121
1778974200,7350000.0,7350000.0,7286308.0,7286308.0,0.04879788
1778975100,7349996.0,7350000.0,7349996.0,7350000.0,0.0345517
1778976000,7350000.0,7350000.0,7350000.0,7350000.0,0.00241115
1778976900,7350000.0,7350000.0,7350000.0,7350000.0,0.0
1778977800,7350000.0,7350000.0,7350000.0,7350000.0,0.0
1778978700,7350000.0,7350000.0,7350000.0,7350000.0,0.0
1778979600,7350000.0,7350000.0,7350000.0,7350000.0,0.0
1778980500,7349000.0,7349000.0,7349000.0,7349000.0,0.00672867
1778981400,7308626.0,7308626.0,7308626.0,7308626.0,0.00216214
1778982300,7308626.0,7349000.0,7284739.0,7349000.0,0.17339026
1778983200,7287179.0,7287179.0,7287179.0,7287179.0,0.0024904
1778984100,7287183.0,7287183.0,7287183.0,7287183.0,0.0016336
1778985000,7348996.0,7348996.0,7348996.0,7348996.0,0.0040883
1778985900,7348996.0,7348996.0,7348996.0,7348996.0,0.00210015
1778986800,7287200.0,7287207.0,7287196.0,7287207.0,0.13455756
1778987700,7295897.0,7295897.0,7295897.0,7295897.0,0.01607131
1778988600,7295901.0,7295901.0,7295901.0,7295901.0,0.00189288
1778989500,7295901.0,7295901.0,7295901.0,7295901.0,0.0
1778990400,7295901.0,7295901.0,7295901.0,7295901.0,0.0
1778991300,7295901.0,7295901.0,7295901.0,7295901.0,0.0
1778992200,7295901.0,7295901.0,7295901.0,7295901.0,0.0
1778993100,7295901.0,7295901.0,7295901.0,7295901.0,0.0
1778994000,7295901.0,7295901.0,7295901.0,7295901.0,0.00834898
1778994900,7295901.0,7295901.0,7295901.0,7295901.0,0.0
1778995800,7295901.0,7295901.0,7295901.0,7295901.0,0.0
1778996700,7295901.0,7295901.0,7295901.0,7295901.0,0.0
1778997600,7348996.0,7349000.0,7348996.0,7349000.0,0.1350648
1778998500,7307583.0,7307583.0,7307583.0,7307583.0,0.00159456
1778999400,7307583.0,7307583.0,7307583.0,7307583.0,0.0
1779000300,7307583.0,7307583.0,7307583.0,7307583.0,0.0
1779001200,7307583.0,7307583.0,7307583.0,7307583.0,0.0
1779002100,7307583.0,7307583.0,7307583.0,7307583.0,0.0
1779003000,7348996.0,7348996.0,7301829.0,7301829.0,0.07421376
1779003900,7301829.0,7301829.0,7301829.0,7301829.0,0.0
1779004800,7301829.0,7301829.0,7301829.0,7301829.0,0.00511466
1779005700,7301829.0,7301829.0,7301829.0,7301829.0,0.0
1779006600,7313507.0,7313507.0,7313507.0,7313507.0,0.0019509
1779007500,7313507.0,7313507.0,7313507.0,7313507.0,0.00530474
1779008400,7349000.0,7349000.0,7313507.0,7313507.0,0.04299659
1779009300,7349000.0,7349000.0,7304092.0,7348996.0,0.09904045
1779010200,7304096.0,7304096.0,7304096.0,7304096.0,0.02663872
1779011100,7348996.0,7348996.0,7348996.0,7348996.0,0.00841447
1779012000,7348996.0,7348996.0,7348996.0,7348996.0,0.0
1779012900,7348996.0,7348996.0,7348996.0,7348996.0,0.0
1779013800,7348996.0,7348996.0,7348996.0,7348996.0,0.0
1779014700,7349000.0,7349000.0,7349000.0,7349000.0,0.16309741
1779015600,7349000.0,7349000.0,7349000.0,7349000.0,0.0
1779016500,7399990.0,7415000.0,7399990.0,7415000.0,0.00147911
1779017400,7415000.0,7415000.0,7415000.0,7415000.0,0.00197127
1779018300,7415000.0,7415000.0,7415000.0,7415000.0,0.0
1779019200,7399996.0,7399996.0,7399996.0,7399996.0,0.00168824
1779020100,7399996.0,7399996.0,7399996.0,7399996.0,0.0019077
1779021000,7399996.0,7399996.0,7399996.0,7399996.0,0.0
1779021900,7399996.0,7399996.0,7399996.0,7399996.0,0.0
1779022800,7399996.0,7399996.0,7399996.0,7399996.0,0.0
1779023700,7399996.0,7399996.0,7399996.0,7399996.0,0.0066823
1779024600,7441991.0,7441991.0,7441991.0,7441991.0,0.01449558
1779025500,7441991.0,7441991.0,7441991.0,7441991.0,0.0
1779026400,7402613.0,7402613.0,7402613.0,7402613.0,0.00536107
1779027300,7350643.0,7350643.0,7350643.0,7350643.0,0.00268044
1779028200,7350643.0,7350643.0,7350643.0,7350643.0,0.0
1779029100,7350643.0,7350643.0,7350643.0,7350643.0,0.0
1779030000,7348904.0,7402533.0,7348904.0,7402533.0,0.01785865
1779030900,7402533.0,7402533.0,7402533.0,7402533.0,0.0
1779031800,7402533.0,7402533.0,7402533.0,7402533.0,0.0
1779032700,7402533.0,7402533.0,7402533.0,7402533.0,0.0
1779033600,7402533.0,7402533.0,7402533.0,7402533.0,0.0
1779034500,7402533.0,7402533.0,7402533.0,7402533.0,0.0
1779035400,7340531.0,7340531.0,7340531.0,7340531.0,0.00345681
1779036300,7340531.0,7340531.0,7340531.0,7340531.0,0.0
1779037200,7350643.0,7350643.0,7350643.0,7350643.0,0.00152315
1779038100,7350643.0,7350643.0,7350643.0,7350643.0,0.0
1779039000,7337222.0,7337222.0,7337222.0,7337222.0,0.00352809
1779039900,7324320.0,7324320.0,7324320.0,7324320.0,0.00268065
1779040800,7324320.0,7324320.0,7324320.0,7324320.0,0.0
1779041700,7324320.0,7324320.0,7324320.0,7324320.0,0.0
1779042600,7327986.0,7429950.0,7327986.0,7429950.0,0.01090342
1779043500,7429950.0,7429950.0,7429950.0,7429950.0,0.0
1779044400,7429950.0,7429950.0,7429950.0,7429950.0,0.0
1779045300,7429950.0,7429950.0,7429950.0,7429950.0,0.0
1779046200,7429950.0,7429950.0,7429950.0,7429950.0,0.0
1779047100,7429950.0,7429950.0,7429950.0,7429950.0,0.0
1779048000,7429950.0,7429950.0,7429950.0,7429950.0,0.0
1779048900,7429950.0,7429950.0,7429950.0,7429950.0,0.0
1779049800,7429950.0,7429950.0,7429950.0,7429950.0,0.0
1779050700,7429950.0,7429950.0,7429950.0,7429950.0,0.0
1779051600,7429996.0,7429996.0,7429996.0,7429996.0,0.00671521
1779052500,7374181.0,7374181.0,7374181.0,7374181.0,0.0133542
1779053400,7374529.0,7374529.0,7374529.0,7374529.0,0.09612986
1779054300,7374529.0,7374529.0,7374529.0,7374529.0,0.0
1779055200,7374529.0,7374529.0,7374529.0,7374529.0,0.0
1779056100,7374529.0,7374529.0,7374529.0,7374529.0,0.0
1779057000,7374529.0,7374529.0,7374529.0,7374529.0,0.0
1779057900,7374529.0,7374529.0,7374529.0,7374529.0,0.0
1779058800,7374529.0,7374529.0,7374529.0,7374529.0,0.0
1779059700,7429996.0,7429996.0,7429996.0,7429996.0,0.00221157
1779060600,7330999.0,7330999.0,7330999.0,7330999.0,0.00500881
1779061500,7330999.0,7330999.0,7330999.0,7330999.0,0.0
1779062400,7330999.0,7330999.0,7330999.0,7330999.0,0.0
1779063300,7399992.0,7399992.0,7290000.0,7290000.0,0.02848667
1779064200,7290000.0,7290000.0,7290000.0,7290000.0,0.0
1779065100,7290000.0,7290000.0,7290000.0,7290000.0,0.0
1779066000,7290000.0,7290000.0,7290000.0,7290000.0,0.0
1779066900,7290000.0,7290000.0,7290000.0,7290000.0,0.00282432
1779067800,7290000.0,7290000.0,7290000.0,7290000.0,0.0
1779068700,7393524.0,7393524.0,7393524.0,7393524.0,0.00673494
1779069600,7393524.0,7393524.0,7393524.0,7393524.0,0.0
1779070500,7393524.0,7393524.0,7393524.0,7393524.0,0.0
1779071400,7393524.0,7393524.0,7393524.0,7393524.0,0.0
1779072300,7291986.0,7379996.0,7291986.0,7379996.0,0.00932568
1779073200,7379996.0,7379996.0,7379996.0,7379996.0,0.0
1779074100,7379996.0,7379996.0,7379996.0,7379996.0,0.0
1779075000,7379996.0,7380000.0,7290000.0,7290000.0,0.03216905
1779075900,7380000.0,7380000.0,7380000.0,7380000.0,0.00674728
1779076800,7380000.0,7380000.0,7380000.0,7380000.0,0.0
1779077700,7380000.0,7380000.0,7380000.0,7380000.0,0.0
1779078600,7290000.0,7290000.0,7290000.0,7290000.0,0.00672853
1779079500,7297976.0,7297976.0,7297976.0,7297976.0,0.1355831
1779080400,7297976.0,7297976.0,7297976.0,7297976.0,0.0
1779081300,7297976.0,7297976.0,7297976.0,7297976.0,0.0
1779082200,7297976.0,7297976.0,7297976.0,7297976.0,0.0
1779083100,7380000.0,7380000.0,7380000.0,7380000.0,0.00318319
1779084000,7380000.0,7380000.0,7380000.0,7380000.0,0.0
1779084900,7380000.0,7380000.0,7380000.0,7380000.0,0.0
1779085800,7380000.0,7380000.0,7380000.0,7380000.0,0.0
1779086700,7370000.0,7370000.0,7370000.0,7370000.0,0.00338493
1779087600,7370000.0,7370000.0,7370000.0,7370000.0,0.0
1779088500,7291687.0,7369000.0,7291687.0,7295891.0,0.02404571
1779089400,7301153.0,7301153.0,7301153.0,7301153.0,0.00503032
1779090300,7301153.0,7301153.0,7301153.0,7301153.0,0.0
1779091200,7301153.0,7301153.0,7301153.0,7301153.0,0.0
1779092100,7301153.0,7301153.0,7301153.0,7301153.0,0.0
1779093000,7301153.0,7301153.0,7301153.0,7301153.0,0.0
1779093900,7380000.0,7380000.0,7380000.0,7380000.0,0.00269891
1779094800,7420000.0,7420000.0,7420000.0,7420000.0,0.00431752
1779095700,7420000.0,7420000.0,7420000.0,7420000.0,0.0
1779096600,7419988.0,7419988.0,7419988.0,7419988.0,0.00396132
1779097500,7341830.0,7341830.0,7341830.0,7341830.0,0.02370107
1779098400,7341830.0,7341830.0,7341830.0,7341830.0,0.0
1779099300,7399996.0,7399996.0,7399996.0,7399996.0,0.00465796
1779100200,7399996.0,7399996.0,7399996.0,7399996.0,0.0
1779101100,7318279.0,7318279.0,7315407.0,7315407.0,0.13722187
1779102000,7399992.0,7399992.0,7399992.0,7399992.0,0.01035474
1779102900,7399992.0,7399992.0,7399992.0,7399992.0,0.0
1779103800,7399992.0,7399992.0,7399992.0,7399992.0,0.00136243
1779104700,7315323.0,7315323.0,7315323.0,7315323.0,0.00242192
1779105600,7399992.0,7399992.0,7329340.0,7329340.0,0.00466226
1779106500,7399992.0,7399992.0,7399992.0,7399992.0,0.00674243
1779107400,7399992.0,7399992.0,7399992.0,7399992.0,0.0
1779108300,7399992.0,7399992.0,7399992.0,7399992.0,0.0
1779109200,7399988.0,7399988.0,7399988.0,7399988.0,0.02042138
1779110100,7399988.0,7399988.0,7399988.0,7399988.0,0.0
1779111000,7399988.0,7399988.0,7399988.0,7399988.0,0.0
1779111900,7399988.0,7399988.0,7399988.0,7399988.0,0.01222934
1779112800,7399988.0,7399988.0,7305653.0,7305653.0,0.08013759
1779113700,7399988.0,7399988.0,7399988.0,7399988.0,0.00403743
1779114600,7399988.0,7399988.0,7399988.0,7399988.0,0.0
1779115500,7290490.0,7290490.0,7290490.0,7290490.0,0.161816
1779116400,7364058.0,7364058.0,7364058.0,7364058.0,0.01027259
1779117300,7290000.0,7290000.0,7000000.0,7000000.0,0.97507354
1779118200,7197615.0,7301077.0,7197614.0,7301077.0,0.00498404
1779119100,7364055.0,7364056.0,7364055.0,7364056.0,0.00406515
1779120000,7364056.0,7364056.0,7364056.0,7364056.0,0.0
1779120900,7364056.0,7364056.0,7364056.0,7364056.0,0.00466617
1779121800,7216138.0,7216138.0,7216138.0,7216138.0,0.0034834
1779122700,7216138.0,7216138.0,7216138.0,7216138.0,0.0
1779123600,7207019.0,7364055.0,7207019.0,7364055.0,0.09161982
1779124500,7364055.0,7364055.0,7364055.0,7364055.0,0.0
1779125400,7364055.0,7364055.0,7364055.0,7364055.0,0.0
1779126300,7364055.0,7364055.0,7364055.0,7364055.0,0.0
1779127200,7364055.0,7364055.0,7364055.0,7364055.0,0.0
1779128100,7364055.0,7364055.0,7364055.0,7364055.0,0.0
1779129000,7364055.0,7364055.0,7364055.0,7364055.0,0.0
1779129900,7364055.0,7364055.0,7364055.0,7364055.0,0.0
1779130800,7364055.0,7364055.0,7364055.0,7364055.0,0.0
1779131700,7207019.0,7207019.0,7200000.0,7200000.0,0.01027259
1779132600,7200008.0,7200008.0,7200007.0,7200007.0,0.01222934
1779133500,7200007.0,7200007.0,7200007.0,7200007.0,0.0
1779134400,7200007.0,7200007.0,7200007.0,7200007.0,0.0
1779135300,7200007.0,7200007.0,7200007.0,7200007.0,0.0
1779136200,7200007.0,7200007.0,7200007.0,7200007.0,0.0
1779137100,7200007.0,7200007.0,7200007.0,7200007.0,0.0
1779138000,7200007.0,7200007.0,7200007.0,7200007.0,0.0
1779138900,7200004.0,7200004.0,7200004.0,7200004.0,0.01366972
1779139800,7200004.0,7200004.0,7200004.0,7200004.0,0.0
1779140700,7200004.0,7200004.0,7200004.0,7200004.0,0.00674243
1779141600,7200004.0,7200004.0,7200004.0,7200004.0,0.0
1779142500,7200004.0,7200004.0,7200004.0,7200004.0,0.0
1779143400,7200004.0,7200004.0,7200004.0,7200004.0,0.00396132
1779144300,7200004.0,7200004.0,7200004.0,7200004.0,0.0
1779145200,7200004.0,7200004.0,7200004.0,7200004.0,0.0
1779146100,7200004.0,7200004.0,7200004.0,7200004.0,0.0
1779147000,7200004.0,7200004.0,7200004.0,7200004.0,0.0
1779147900,7200004.0,7200004.0,7200004.0,7200004.0,0.0
1779148800,7200004.0,7200004.0,7200004.0,7200004.0,0.0
1779149700,7200005.0,7200005.0,7200005.0,7200005.0,0.00140613
1779150600,7200005.0,7200005.0,7200005.0,7200005.0,0.0
1779151500,7200005.0,7200005.0,7200005.0,7200005.0,0.0
1779152400,7200005.0,7347252.0,7200005.0,7347252.0,0.04431992
1779153300,7347252.0,7347252.0,7347252.0,7347252.0,0.0
1779154200,7313622.0,7313622.0,7313622.0,7313622.0,0.00170804
1779155100,7313622.0,7313622.0,7313622.0,7313622.0,0.0
1779156000,7313622.0,7313622.0,7313622.0,7313622.0,0.0
1779156900,7313622.0,7313622.0,7313622.0,7313622.0,0.0
1779157800,7200005.0,7296668.0,7200005.0,7296668.0,0.00996908
1779158700,7296668.0,7296668.0,7296668.0,7296668.0,0.0
1779159600,7304933.0,7304933.0,7304933.0,7304933.0,0.00201096
1779160500,7200005.0,7200005.0,7200005.0,7200005.0,0.00170804
1779161400,7312691.0,7312691.0,7312691.0,7312691.0,0.00341146
1779162300,7200005.0,7200005.0,7200005.0,7200005.0,0.001475
1779163200,7200005.0,7200005.0,7200005.0,7200005.0,0.0
1779164100,7200005.0,7200005.0,7200005.0,7200005.0,0.0
1779165000,7299294.0,7299294.0,7299294.0,7299294.0,0.00144109
1779165900,7300268.0,7300268.0,7200005.0,7200005.0,0.05467688
1779166800,7308187.0,7308187.0,7308187.0,7308187.0,0.00201855
1779167700,7308187.0,7308187.0,7308187.0,7308187.0,0.0
1779168600,7308187.0,7308187.0,7308187.0,7308187.0,0.0
1779169500,7200005.0,7200005.0,7200005.0,7200005.0,0.00201855
1779170400,7200005.0,7200005.0,7200005.0,7200005.0,0.0
1779171300,7200005.0,7200005.0,7200005.0,7200005.0,0.0
1779172200,7200005.0,7200005.0,7200005.0,7200005.0,0.0
1779173100,7290014.0,7308187.0,7290014.0,7308187.0,0.03340189
1779174000,7308187.0,7308187.0,7308187.0,7308187.0,0.03470804
1779174900,7308187.0,7308187.0,7308187.0,7308187.0,0.0
1779175800,7308187.0,7308187.0,7308187.0,7308187.0,0.0
1779176700,7308187.0,7308187.0,7308187.0,7308187.0,0.0
1779177600,7308191.0,7359998.0,7308191.0,7359998.0,0.18209847
1779178500,7359998.0,7359998.0,7359998.0,7359998.0,0.0
1779179400,7298762.0,7298762.0,7298762.0,7298762.0,1.23060376
1779180300,7298762.0,7298762.0,7298762.0,7298762.0,0.0
1779181200,7298762.0,7298762.0,7298762.0,7298762.0,0.0
1779182100,7200005.0,7200005.0,7200005.0,7200005.0,0.05870646
1779183000,7200005.0,7200005.0,7200005.0,7200005.0,0.0
1779183900,7200005.0,7200005.0,7200005.0,7200005.0,0.0
1779184800,7200005.0,7200005.0,7200005.0,7200005.0,0.0
1779185700,7316419.0,7316419.0,7297475.0,7297475.0,0.0110484
1779186600,7297475.0,7297475.0,7297475.0,7297475.0,0.0
1779187500,7200005.0,7200005.0,7200005.0,7200005.0,0.00671521
1779188400,7200005.0,7200005.0,7200005.0,7200005.0,0.0
1779189300,7200005.0,7200005.0,7200005.0,7200005.0,0.01239675
1779190200,7200005.0,7200005.0,7200005.0,7200005.0,0.0
1779191100,7296866.0,7296866.0,7296866.0,7296866.0,0.00136483
1779192000,7296866.0,7296866.0,7296866.0,7296866.0,0.0
1779192900,7296866.0,7296866.0,7296866.0,7296866.0,0.0
1779193800,7200005.0,7200005.0,7200005.0,7200005.0,0.00478678
1779194700,7200005.0,7200005.0,7200005.0,7200005.0,0.0
1779195600,7200005.0,7200005.0,7200005.0,7200005.0,0.0
1779196500,7200005.0,7200005.0,7200005.0,7200005.0,0.01220786
1779197400,7200005.0,7290561.0,7200005.0,7290561.0,0.22899912
1779198300,7200005.0,7200005.0,7200005.0,7200005.0,0.1071328
1779199200,7150000.0,7150000.0,7056467.0,7056467.0,0.0838095
1779200100,7056467.0,7056467.0,7056467.0,7056467.0,0.0
1779201000,7140212.0,7142974.0,7140212.0,7142974.0,0.02788651
1779201900,7056470.0,7056470.0,7056470.0,7056470.0,0.01276711
1779202800,7128308.0,7128312.0,7128308.0,7128312.0,0.0108372
1779203700,7056470.0,7138534.0,6700000.0,7138534.0,1.23728818
1779204600,6989699.0,7157490.0,6989699.0,6998607.0,0.25513196
1779205500,6998607.0,6998607.0,6998607.0,6998607.0,0.0
1779206400,6977755.0,6977755.0,6977755.0,6977755.0,0.00825146
1779207300,7162639.0,7162639.0,7162639.0,7162639.0,0.00351462
1779208200,7162639.0,7162639.0,7162639.0,7162639.0,0.0
1779209100,7042147.0,7042147.0,7042147.0,7042147.0,0.00743012
1779210000,7042147.0,7042147.0,7042147.0,7042147.0,0.0
1779210900,7042147.0,7042147.0,7042147.0,7042147.0,0.0
1779211800,7042147.0,7042147.0,7042147.0,7042147.0,0.0
1779212700,7042147.0,7042147.0,7042147.0,7042147.0,0.0
1779213600,7042147.0,7042147.0,7042147.0,7042147.0,0.0
1779214500,7042147.0,7042147.0,7042147.0,7042147.0,0.0
1779215400,7042147.0,7042147.0,7042147.0,7042147.0,0.0
1779216300,7042147.0,7042147.0,7042147.0,7042147.0,0.0
1779217200,7042147.0,7042147.0,7042147.0,7042147.0,0.0
1779218100,7042147.0,7042147.0,7042147.0,7042147.0,0.0
1779219000,7042147.0,7042147.0,7042147.0,7042147.0,0.0
1779219900,7042147.0,7042147.0,7042147.0,7042147.0,0.0
1779220800,7042147.0,7042147.0,7042147.0,7042147.0,0.0
1779221700,7042147.0,7042147.0,7042147.0,7042147.0,0.0
1779222600,7042147.0,7042147.0,7042147.0,7042147.0,0.0
1779223500,7042147.0,7042147.0,7042147.0,7042147.0,0.0
1779224400,7162639.0,7162639.0,7162639.0,7162639.0,0.0046191
1779225300,7162639.0,7162639.0,7162639.0,7162639.0,0.0
1779226200,7162639.0,7162639.0,7162639.0,7162639.0,0.0
1779227100,7162639.0,7162639.0,7162639.0,7162639.0,0.02085669
1779228000,7113660.0,7113660.0,7113660.0,7113660.0,0.02085669
1779228900,7113660.0,7113660.0,7113660.0,7113660.0,0.0
1779229800,7107032.0,7107032.0,7107028.0,7107028.0,0.10946431
1779230700,7107028.0,7107028.0,7107028.0,7107028.0,0.0
1779231600,7107028.0,7107028.0,7107028.0,7107028.0,0.0
1779232500,7162635.0,7162639.0,7162635.0,7162639.0,0.05703275
1779233400,7162639.0,7162639.0,7162639.0,7162639.0,0.0
1779234300,7162639.0,7162639.0,7162639.0,7162639.0,0.0
1779235200,7162639.0,7162639.0,7162639.0,7162639.0,0.0
1779236100,7162639.0,7162639.0,7162639.0,7162639.0,0.0
1779237000,7107044.0,7107044.0,7107044.0,7107044.0,0.03455163
1779237900,7107044.0,7107044.0,7107044.0,7107044.0,0.0
1779238800,7107044.0,7107044.0,7107044.0,7107044.0,0.0
1779239700,7107044.0,7107044.0,6213000.0,6660000.0,1.34791352
1779240600,7074597.0,7074597.0,7074597.0,7074597.0,0.00386774
1779241500,7162635.0,7162635.0,7162635.0,7162635.0,0.00305879
1779242400,7162635.0,7256465.0,7162635.0,7256465.0,0.07445543
1779243300,7256465.0,7256465.0,7256465.0,7256465.0,0.0
1779244200,7256465.0,7256465.0,7256465.0,7256465.0,0.0
1779245100,7240196.0,7240196.0,7240196.0,7240196.0,0.00171735
1779246000,7240196.0,7240196.0,7240196.0,7240196.0,0.0
1779246900,7240196.0,7240196.0,7240196.0,7240196.0,0.0
1779247800,7240196.0,7240196.0,7240196.0,7240196.0,0.0
1779248700,7240196.0,7240196.0,7240196.0,7240196.0,0.0
1779249600,7230141.0,7230141.0,7230141.0,7230141.0,0.00159803
1779250500,7230141.0,7230141.0,7230141.0,7230141.0,0.0
1779251400,7230141.0,7230141.0,7230141.0,7230141.0,0.0
1779252300,7230141.0,7230141.0,7230141.0,7230141.0,0.0
1779253200,7230141.0,7230141.0,7230141.0,7230141.0,0.00145488
1779254100,7227236.0,7227236.0,7227236.0,7227236.0,0.00515162
1779255000,7224737.0,7224737.0,7224737.0,7224737.0,0.00475283
1779255900,7224737.0,7224737.0,7224737.0,7224737.0,0.0
1779256800,7082014.0,7082014.0,7082014.0,7082014.0,0.00220474
1779257700,7082014.0,7082014.0,7082014.0,7082014.0,0.0
1779258600,7082014.0,7082014.0,7082014.0,7082014.0,0.0
1779259500,7082014.0,7082014.0,7082014.0,7082014.0,0.0
1779260400,7090921.0,7090921.0,7090921.0,7090921.0,0.05703275
1779261300,7090921.0,7090921.0,7090921.0,7090921.0,0.0
1779262200,7090921.0,7090921.0,7090921.0,7090921.0,0.0
1779263100,7090921.0,7090921.0,7090921.0,7090921.0,0.0
1779264000,7125397.0,7125397.0,7125397.0,7125397.0,0.00832325
1779264900,7125397.0,7125397.0,7125397.0,7125397.0,0.0
1779265800,7176054.0,7176054.0,7176054.0,7176054.0,0.00159803
1779266700,7235797.0,7235797.0,7235797.0,7235797.0,0.00270709
1779267600,7235797.0,7235797.0,7235797.0,7235797.0,0.0
1779268500,7235797.0,7235797.0,7235797.0,7235797.0,0.00341897
1779269400,7235797.0,7235797.0,7235797.0,7235797.0,0.0
1779270300,7235797.0,7235797.0,7235797.0,7235797.0,0.0
1779271200,7235797.0,7235797.0,7235797.0,7235797.0,0.0
1779272100,7235797.0,7235797.0,7235797.0,7235797.0,0.0
1779273000,7151040.0,7151040.0,7151040.0,7151040.0,0.00968369
1779273900,7235795.0,7235796.0,7235795.0,7235796.0,0.01211905
1779274800,7235796.0,7235796.0,7235796.0,7235796.0,0.00275076
1779275700,7235796.0,7235796.0,7235796.0,7235796.0,0.0
1779276600,7235796.0,7235796.0,7235796.0,7235796.0,0.0
1779277500,7235796.0,7235796.0,7235796.0,7235796.0,0.00137635
1779278400,7176079.0,7176079.0,7176079.0,7176079.0,0.00520344
1779279300,7176079.0,7176079.0,7176079.0,7176079.0,0.0
1779280200,7176079.0,7176079.0,7176079.0,7176079.0,0.0
1779281100,7176079.0,7176079.0,7176079.0,7176079.0,0.0
1779282000,7176079.0,7176079.0,7176079.0,7176079.0,0.0
1779282900,7176079.0,7176079.0,7176079.0,7176079.0,0.0
1779283800,7235792.0,7235796.0,7235792.0,7235796.0,0.24395106
1779284700,7235796.0,7235796.0,7235796.0,7235796.0,0.0
1779285600,7290559.0,7290559.0,7290559.0,7290559.0,0.01368742
1779286500,7290559.0,7290559.0,7290559.0,7290559.0,0.0059127
1779287400,7185419.0,7290559.0,7185419.0,7290559.0,0.05778338
1779288300,7212156.0,7212156.0,7212156.0,7212156.0,0.05656696
1779289200,7212156.0,7212156.0,7212156.0,7212156.0,0.0
1779290100,7212156.0,7212156.0,7212156.0,7212156.0,0.0
1779291000,7212156.0,7212156.0,7212156.0,7212156.0,0.0
1779291900,7290559.0,7290559.0,7290559.0,7290559.0,0.08274399
1779292800,7290559.0,7394507.0,7227087.0,7394507.0,0.16283605
1779293700,7227087.0,7227087.0,7227087.0,7227087.0,0.00208839
1779294600,7368031.0,7368031.0,7368031.0,7368031.0,0.01359644
1779295500,7400797.0,7409906.0,7400797.0,7409906.0,0.10319624
1779296400,7409906.0,7409906.0,7409906.0,7409906.0,0.0
1779297300,7409906.0,7409906.0,7409906.0,7409906.0,0.0
1779298200,7409906.0,7409906.0,7409906.0,7409906.0,0.0
1779299100,7257682.0,7257682.0,7257682.0,7257682.0,0.00146026
1779300000,7257682.0,7257682.0,7257682.0,7257682.0,0.0
1779300900,7257682.0,7257682.0,7257682.0,7257682.0,0.0
1779301800,7257682.0,7257682.0,7257682.0,7257682.0,0.0
1779302700,7257682.0,7257682.0,7257682.0,7257682.0,0.0
1779303600,7257682.0,7257682.0,7240948.0,7240948.0,0.00554571
1779304500,7240948.0,7240948.0,7240948.0,7240948.0,0.0
1779305400,7240948.0,7240948.0,7240948.0,7240948.0,0.0
1779306300,7240948.0,7240948.0,7240948.0,7240948.0,0.0
1779307200,7240948.0,7240948.0,7240948.0,7240948.0,0.0
1779308100,7227336.0,7227336.0,7227336.0,7227336.0,0.00250441
1779309000,7227336.0,7227336.0,7227336.0,7227336.0,0.0
1779309900,7227336.0,7227336.0,7227336.0,7227336.0,0.0
1779310800,7227336.0,7227336.0,7227336.0,7227336.0,0.0
1779311700,7227336.0,7227336.0,7227336.0,7227336.0,0.0
1779312600,7227336.0,7227336.0,7227336.0,7227336.0,0.0
1779313500,7227336.0,7227336.0,7227336.0,7227336.0,0.0
1779314400,7227336.0,7227336.0,7227336.0,7227336.0,0.0
1779315300,7253943.0,7253943.0,7253943.0,7253943.0,0.00414035
1779316200,7253943.0,7253943.0,7253943.0,7253943.0,0.0
1779317100,7253943.0,7253943.0,7253943.0,7253943.0,0.0
1779318000,7253943.0,7253943.0,7253943.0,7253943.0,0.0
1779318900,7248817.0,7248817.0,7248817.0,7248817.0,0.00248994
1779319800,7248817.0,7248817.0,7248817.0,7248817.0,0.0
1779320700,7248817.0,7248817.0,7248817.0,7248817.0,0.0
1779321600,7341384.0,7341384.0,7341384.0,7341384.0,0.02406956
1779322500,7341384.0,7341384.0,7341384.0,7341384.0,0.0
1779323400,7341384.0,7341384.0,7341384.0,7341384.0,0.0
1779324300,7341384.0,7341384.0,7341384.0,7341384.0,0.0
1779325200,7341384.0,7341384.0,7341384.0,7341384.0,0.0
1779326100,7441991.0,7471930.0,7441991.0,7471557.0,0.66455875
1779327000,7471557.0,7471557.0,7471557.0,7471557.0,0.0
1779327900,7391321.0,7391321.0,7391321.0,7391321.0,0.19089147
1779328800,7391321.0,7391321.0,7391321.0,7391321.0,0.0
1779329700,7391321.0,7391321.0,7391321.0,7391321.0,0.0
1779330600,7414714.0,7414714.0,7298768.0,7298768.0,0.00341897
1779331500,7489498.0,7489498.0,7489498.0,7489498.0,0.00466399
1779332400,7489498.0,7489498.0,7489498.0,7489498.0,0.0014045
1779333300,7489497.0,7489887.0,7489497.0,7489887.0,0.1
1779334200,7489887.0,7489887.0,7489887.0,7489887.0,0.0
1779335100,7400698.0,7400698.0,7400698.0,7400698.0,0.0013596
1779336000,7400698.0,7400698.0,7400698.0,7400698.0,0.0
1779336900,7400698.0,7400698.0,7400698.0,7400698.0,0.0
1779337800,7400698.0,7400698.0,7400698.0,7400698.0,0.0
1779338700,7400698.0,7400698.0,7400698.0,7400698.0,0.0
1779339600,7400698.0,7400698.0,7400698.0,7400698.0,0.0
1779340500,7422496.0,7422496.0,7418049.0,7418049.0,0.02014229
1779341400,7414829.0,7414829.0,7414221.0,7414221.0,0.12554092
1779342300,7414221.0,7414221.0,7414221.0,7414221.0,0.0
1779343200,7414221.0,7414221.0,7414221.0,7414221.0,0.07070759
1779344100,7414221.0,7414221.0,7414221.0,7414221.0,0.0
1779345000,7439453.0,7439453.0,7439453.0,7439453.0,0.66188762
1779345900,7439453.0,7439453.0,7439453.0,7439453.0,0.0
1779346800,7407332.0,7407332.0,7407332.0,7407332.0,0.00176394
1779347700,7407332.0,7407332.0,7407332.0,7407332.0,0.0
1779348600,7407332.0,7407332.0,7407332.0,7407332.0,0.0
1779349500,7407332.0,7407332.0,7407332.0,7407332.0,0.0
1779350400,7417748.0,7417748.0,7417748.0,7417748.0,0.0148768
1779351300,7489875.0,7498888.0,7489875.0,7498888.0,0.12946915
1779352200,7439579.0,7439579.0,7439579.0,7439579.0,0.00228802
1779353100,7439579.0,7439579.0,7439579.0,7439579.0,0.0
1779354000,7498884.0,7498884.0,7498884.0,7498884.0,0.00133486
1779354900,7407054.0,7426321.0,6310212.0,7426321.0,1.08555567
1779355800,7426321.0,7426321.0,7426321.0,7426321.0,0.0
1779356700,7426321.0,7426321.0,7426321.0,7426321.0,0.0
1779357600,7423046.0,7423046.0,7423046.0,7423046.0,0.01561081
1779358500,6310212.0,6310212.0,6310212.0,6310212.0,0.00320819
1779359400,7498879.0,7498879.0,7498879.0,7498879.0,0.00400059
1779360300,7498879.0,7498879.0,7498879.0,7498879.0,0.0
1779361200,7498879.0,7498879.0,7498879.0,7498879.0,0.0
1779362100,7498873.0,7498874.0,7498873.0,7498874.0,0.00543201
1779363000,7498874.0,7498874.0,7498874.0,7498874.0,0.0
1779363900,7498874.0,7498874.0,7498874.0,7498874.0,0.0
1779364800,6524995.0,6524995.0,6321992.0,6321992.0,0.1214849
1779365700,7460000.0,7480000.0,7460000.0,7480000.0,0.01936811
1779366600,7450004.0,7450005.0,7427292.0,7450005.0,0.26089552
1779367500,7450005.0,7450005.0,7450005.0,7450005.0,0.0
1779368400,7450005.0,7450005.0,7450005.0,7450005.0,0.0
1779369300,7450005.0,7450005.0,7450005.0,7450005.0,0.0
1779370200,7450000.0,7498000.0,7450000.0,7497996.0,0.02039379
1779371100,7497996.0,7497996.0,7360758.0,7360758.0,0.01230067
1779372000,7497995.0,7497995.0,7497995.0,7497995.0,0.00146385
1779372900,7325056.0,7489090.0,7325056.0,7489090.0,0.11486851
1779373800,7489090.0,7489090.0,7489090.0,7489090.0,0.0
1779374700,7273521.0,7273521.0,7273521.0,7273521.0,0.00673905
1779375600,7273521.0,7273521.0,7273521.0,7273521.0,0.0
1779376500,7273521.0,7273521.0,7273521.0,7273521.0,0.0
1779377400,7273521.0,7273521.0,7273521.0,7273521.0,0.0
1779378300,7273521.0,7273521.0,7273521.0,7273521.0,0.0
1779379200,7330859.0,7330859.0,7330859.0,7330859.0,0.01359644
1779380100,7322818.0,7322818.0,7322818.0,7322818.0,0.00256383
1779381000,7322818.0,7322818.0,7322818.0,7322818.0,0.0
1779381900,7322818.0,7322818.0,7322818.0,7322818.0,0.0
1779382800,7322818.0,7322818.0,7322818.0,7322818.0,0.0
1779383700,7322818.0,7322818.0,7322818.0,7322818.0,0.0
1779384600,7322818.0,7322818.0,7322818.0,7322818.0,0.0
1779385500,7497996.0,7497996.0,7497996.0,7497996.0,0.02656456
1779386400,7497996.0,7497996.0,7497996.0,7497996.0,0.0
1779387300,7497996.0,7497996.0,7497996.0,7497996.0,0.0
1779388200,7497996.0,7497996.0,7497996.0,7497996.0,0.0
1779389100,7497996.0,7497996.0,7497996.0,7497996.0,0.0
1779390000,7497996.0,7497996.0,7497996.0,7497996.0,0.0
1779390900,7497996.0,7497996.0,7497996.0,7497996.0,0.0
1779391800,7497996.0,7497996.0,7497996.0,7497996.0,0.0
1779392700,7497996.0,7497996.0,7497996.0,7497996.0,0.0
1779393600,7497996.0,7497996.0,7497996.0,7497996.0,0.0
1779394500,7497996.0,7497996.0,7497996.0,7497996.0,0.0
1779395400,7497996.0,7497996.0,7497996.0,7497996.0,0.0
1779396300,7497996.0,7497996.0,7497996.0,7497996.0,0.0
1779397200,7301512.0,7301512.0,7301512.0,7301512.0,0.00250441
1779398100,7301512.0,7301512.0,7301512.0,7301512.0,0.0
1779399000,7301512.0,7301512.0,7301512.0,7301512.0,0.0
1779399900,7316731.0,7316731.0,7316731.0,7316731.0,0.00271364
1779400800,7316731.0,7316731.0,7316731.0,7316731.0,0.0
1779401700,7316731.0,7316731.0,7316731.0,7316731.0,0.0
1779402600,7316731.0,7316731.0,7316731.0,7316731.0,0.0
1779403500,7316731.0,7316731.0,7316731.0,7316731.0,0.0
1779404400,7496999.0,7496999.0,7496999.0,7496999.0,0.00132839
1779405300,7496999.0,7496999.0,7496999.0,7496999.0,0.0
1779406200,7496999.0,7496999.0,7496999.0,7496999.0,0.0
1779407100,7496999.0,7496999.0,7496999.0,7496999.0,0.0
1779408000,7496999.0,7496999.0,7496999.0,7496999.0,0.0
1779408900,7496989.0,7496989.0,7496989.0,7496989.0,0.00578392
1779409800,7496989.0,7496989.0,7496989.0,7496989.0,0.0
1779410700,7496988.0,7520909.0,7496988.0,7520909.0,3.09191287
1779411600,7520909.0,7520909.0,7520909.0,7520909.0,0.0
1779412500,7529366.0,7529366.0,7529366.0,7529366.0,0.00515621
1779413400,7529366.0,7529366.0,7529366.0,7529366.0,0.0
1779414300,7529366.0,7529366.0,7529366.0,7529366.0,0.0
1779415200,7369831.0,7369831.0,7360912.0,7360912.0,0.00684364
1779416100,7360912.0,7360912.0,7360912.0,7360912.0,0.0
1779417000,7520000.0,7524510.0,7520000.0,7524510.0,0.03309222
1779417900,7369912.0,7524996.0,7369912.0,7524996.0,0.00493681
1779418800,7524996.0,7524996.0,7524996.0,7524996.0,0.0
1779419700,7524996.0,7524996.0,7524996.0,7524996.0,0.0
1779420600,7520094.0,7525025.0,7520094.0,7525025.0,0.79417744
1779421500,7535972.0,7535972.0,7535972.0,7535972.0,0.13241729
1779422400,7535972.0,7535972.0,7535972.0,7535972.0,0.0
1779423300,7535972.0,7535972.0,7535972.0,7535972.0,0.0
1779424200,7535972.0,7535972.0,7535972.0,7535972.0,0.0
1779425100,7364495.0,7364495.0,7364495.0,7364495.0,0.00136628
1779426000,7540025.0,7548155.0,7540025.0,7548155.0,0.00649922
1779426900,7540092.0,7540092.0,7540092.0,7540092.0,0.00157464
1779427800,7540092.0,7540092.0,7540092.0,7540092.0,0.26468987
1779428700,7380996.0,7380996.0,7380996.0,7380996.0,0.01499621
1779429600,7534250.0,7534250.0,7534250.0,7534250.0,0.00145389
1779430500,7381006.0,7760000.0,7381006.0,7556572.0,1.03286706
1779431400,7389939.0,7389939.0,7384839.0,7384839.0,0.01169955
1779432300,7384839.0,7384839.0,7384839.0,7384839.0,0.0
1779433200,7384839.0,7384839.0,7384839.0,7384839.0,0.0
1779434100,7759999.0,7759999.0,7542206.0,7542206.0,0.0038538
1779435000,7542206.0,7542206.0,7542206.0,7542206.0,0.00578663
1779435900,7384863.0,7384863.0,7384862.0,7384862.0,0.00578643
1779436800,7384862.0,7384862.0,7384862.0,7384862.0,0.0
1779437700,7384862.0,7384862.0,7384862.0,7384862.0,0.0
1779438600,7409969.0,7427714.0,7409969.0,7427714.0,0.00360311
1779439500,7409969.0,7424641.0,7409969.0,7409969.0,0.01184858
1779440400,7578671.0,7578671.0,7570071.0,7570071.0,0.00262965
1779441300,7570071.0,7570071.0,7570071.0,7570071.0,0.0
1779442200,7384840.0,7530068.0,7384840.0,7530068.0,0.00872549
1779443100,7530068.0,7530068.0,7530068.0,7530068.0,0.0
1779444000,7530068.0,7530068.0,7530068.0,7530068.0,0.0
1779444900,7530068.0,7530068.0,7530068.0,7530068.0,0.0
1779445800,7530068.0,7530068.0,7530068.0,7530068.0,0.0
1779446700,7381004.0,7381004.0,7381004.0,7381004.0,0.00466399
1779447600,7381004.0,7381004.0,7381004.0,7381004.0,0.26468987
1779448500,7381004.0,7381004.0,7381004.0,7381004.0,0.00515607
1779449400,7381004.0,7381004.0,7381004.0,7381004.0,0.0
1779450300,7381004.0,7381004.0,7381004.0,7381004.0,0.0
1779451200,7381004.0,7381004.0,7381004.0,7381004.0,0.0
1779452100,7757600.0,7757600.0,7757600.0,7757600.0,0.00134796
1779453000,7757600.0,7757600.0,7757600.0,7757600.0,0.0
1779453900,7757600.0,7757600.0,7757600.0,7757600.0,0.0
1779454800,7757594.0,7757596.0,7757594.0,7757596.0,0.13037853
1779455700,7757596.0,7757596.0,7757596.0,7757596.0,0.0
1779456600,7757596.0,7757596.0,7757596.0,7757596.0,0.00331945
1779457500,7757596.0,7757596.0,7757596.0,7757596.0,0.00181679
1779458400,7757000.0,7757000.0,7757000.0,7757000.0,0.00128387
1779459300,7381016.0,7756998.0,7381014.0,7756998.0,0.50946803
1779460200,7381016.0,7381016.0,7360004.0,7360004.0,0.1319535
1779461100,7756964.0,7756964.0,7360004.0,7756940.0,0.03099508
1779462000,7756940.0,7756940.0,7756940.0,7756940.0,0.0
1779462900,7700000.0,7700000.0,7360066.0,7360066.0,0.53513982
1779463800,7360070.0,7360070.0,7360070.0,7360070.0,0.01106194
1779464700,7599976.0,7599976.0,7599976.0,7599976.0,0.0051012
1779465600,7599976.0,7599976.0,7599976.0,7599976.0,0.0
1779466500,7599976.0,7599976.0,7599976.0,7599976.0,0.0
1779467400,7599976.0,7599976.0,7599976.0,7599976.0,0.0
1779468300,7599976.0,7599976.0,7599976.0,7599976.0,0.0
1779469200,7599976.0,7599976.0,7599976.0,7599976.0,0.0
1779470100,7599976.0,7599976.0,7599976.0,7599976.0,0.0
1779471000,7599976.0,7599976.0,7599976.0,7599976.0,0.0
1779471900,7398833.0,7398833.0,7398833.0,7398833.0,0.00769107
1779472800,7398833.0,7398833.0,7398833.0,7398833.0,0.0
1779473700,7398833.0,7398833.0,7398833.0,7398833.0,0.0
1779474600,7398833.0,7398833.0,7398833.0,7398833.0,0.0
1779475500,7398833.0,7398833.0,7398833.0,7398833.0,0.0
1779476400,7398833.0,7398833.0,7398833.0,7398833.0,0.0
1779477300,7398833.0,7398833.0,7398833.0,7398833.0,0.0
1779478200,7598540.0,7598540.0,7598540.0,7598540.0,0.01313265
1779479100,7598540.0,7598540.0,7598540.0,7598540.0,0.0
1779480000,7598540.0,7598540.0,7598540.0,7598540.0,0.0
1779480900,7598540.0,7598540.0,7598540.0,7598540.0,0.0
1779481800,7598902.0,7598902.0,7361016.0,7361016.0,0.00396194
1779482700,7361016.0,7361016.0,7361016.0,7361016.0,0.0
1779483600,7361016.0,7361016.0,7361016.0,7361016.0,0.0
1779484500,7361016.0,7361016.0,7361016.0,7361016.0,0.0
1779485400,7361016.0,7361016.0,7361016.0,7361016.0,0.0
1779486300,7361016.0,7361016.0,7361016.0,7361016.0,0.0
1779487200,7361016.0,7361016.0,7361016.0,7361016.0,0.0
1779488100,7361016.0,7361016.0,7361016.0,7361016.0,0.0
1779489000,7361016.0,7361016.0,7361016.0,7361016.0,0.0
1779489900,7361016.0,7361016.0,7361016.0,7361016.0,0.0
1779490800,7361016.0,7361016.0,7361016.0,7361016.0,0.0
1779491700,7361020.0,7499988.0,7361020.0,7499988.0,0.0092781
1779492600,7499988.0,7499988.0,7499988.0,7499988.0,0.0
1779493500,7361020.0,7361020.0,7361020.0,7361020.0,0.00272766
1779494400,7361020.0,7361020.0,7361020.0,7361020.0,0.0
1779495300,7361020.0,7361020.0,7361020.0,7361020.0,0.0
1779496200,7361020.0,7361020.0,7361020.0,7361020.0,0.0
1779497100,7361020.0,7361020.0,7361020.0,7361020.0,0.0
1779498000,7361020.0,7361020.0,7361020.0,7361020.0,0.0
1779498900,7361020.0,7361020.0,7361020.0,7361020.0,0.0
1779499800,7361020.0,7361020.0,7361020.0,7361020.0,0.0
1779500700,7361020.0,7361020.0,7361020.0,7361020.0,0.0
1779501600,7361020.0,7361020.0,7361020.0,7361020.0,0.0
1779502500,7450000.0,7450000.0,7401088.0,7401088.0,0.03583671
1779503400,7450000.0,7450000.0,7450000.0,7450000.0,0.01315798
1779504300,7401088.0,7401088.0,7401088.0,7401088.0,0.01315798
1779505200,7450000.0,7450000.0,7450000.0,7450000.0,0.12055058
1779506100,7450000.0,7450000.0,7415262.0,7450000.0,0.17097738
1779507000,7450000.0,7450000.0,7450000.0,7450000.0,0.01339449
1779507900,7450000.0,7450000.0,7419292.0,7419292.0,0.08647985
1779508800,7450000.0,7450000.0,7450000.0,7450000.0,0.03233172
1779509700,7450000.0,7450000.0,7450000.0,7450000.0,0.0
1779510600,7419292.0,7419292.0,7419288.0,7419288.0,0.10319624
1779511500,7419288.0,7419288.0,7419288.0,7419288.0,0.0
1779512400,7419288.0,7419288.0,7419288.0,7419288.0,0.00236019
1779513300,7419288.0,7419288.0,7419288.0,7419288.0,0.0
1779514200,7419288.0,7419288.0,7419288.0,7419288.0,0.02689988
1779515100,7419288.0,7419288.0,7419288.0,7419288.0,0.00384116
1779516000,7419288.0,7419288.0,7419288.0,7419288.0,0.0
1779516900,7419288.0,7419288.0,7419288.0,7419288.0,0.0
1779517800,7419288.0,7419288.0,7419288.0,7419288.0,0.0
1779518700,7419288.0,7419288.0,7419288.0,7419288.0,0.0
1779519600,7419288.0,7419288.0,7419288.0,7419288.0,0.0
1779520500,7419288.0,7419288.0,7419288.0,7419288.0,0.0
1779521400,7419288.0,7419288.0,7419288.0,7419288.0,0.0
1779522300,7450000.0,7450000.0,7450000.0,7450000.0,0.00668389
1779523200,7450000.0,7450000.0,7450000.0,7450000.0,0.0
1779524100,7450000.0,7450000.0,7450000.0,7450000.0,0.0
1779525000,7450000.0,7450000.0,7450000.0,7450000.0,0.00291208
1779525900,7450000.0,7450000.0,7450000.0,7450000.0,0.0
1779526800,7450000.0,7450000.0,7450000.0,7450000.0,0.0
1779527700,7449996.0,7449996.0,7417000.0,7417000.0,0.02659142
1779528600,7417000.0,7417000.0,7417000.0,7417000.0,0.0
1779529500,7449996.0,7449996.0,7449996.0,7449996.0,0.03915948
1779530400,7449996.0,7449996.0,7449996.0,7449996.0,0.0
1779531300,7417000.0,7417000.0,7417000.0,7417000.0,0.00515607
1779532200,7417000.0,7417000.0,7417000.0,7417000.0,0.01684584
1779533100,7417000.0,7417000.0,7417000.0,7417000.0,0.0
1779534000,7417000.0,7417000.0,7417000.0,7417000.0,0.0
1779534900,7417000.0,7417000.0,7417000.0,7417000.0,0.0
1779535800,7417000.0,7417000.0,7417000.0,7417000.0,0.01188801
1779536700,7449990.0,7449990.0,7449990.0,7449990.0,0.01460189
1779537600,7449990.0,7449990.0,7449990.0,7449990.0,0.01336122
1779538500,7449990.0,7449990.0,7449990.0,7449990.0,0.0
1779539400,7417000.0,7449990.0,7386906.0,7449990.0,0.04843722
1779540300,7449990.0,7449990.0,7449990.0,7449990.0,0.0
1779541200,7449990.0,7449990.0,7449990.0,7449990.0,0.0
1779542100,7449986.0,7449986.0,7403189.0,7403189.0,0.00448827
1779543000,7403189.0,7403189.0,7403189.0,7403189.0,0.0
1779543900,7403189.0,7403189.0,7403189.0,7403189.0,0.0
1779544800,7403189.0,7403189.0,7403189.0,7403189.0,0.0
1779545700,7403189.0,7403189.0,7403189.0,7403189.0,0.0
1779546600,7403189.0,7403189.0,7403189.0,7403189.0,0.0
1779547500,7403189.0,7403189.0,7403189.0,7403189.0,0.0
1779548400,7449986.0,7456221.0,7449986.0,7456221.0,0.45921768
1779549300,7600000.0,7600000.0,7600000.0,7600000.0,0.0045363
1779550200,7600000.0,7600000.0,7600000.0,7600000.0,0.01932802
1779551100,7600000.0,7600000.0,7600000.0,7600000.0,0.0
1779552000,7439071.0,7439071.0,7439071.0,7439071.0,0.00265335
1779552900,7439071.0,7439071.0,7439071.0,7439071.0,0.0
1779553800,7457971.0,7457971.0,7457971.0,7457971.0,0.00668389
1779554700,7463572.0,7463572.0,7463572.0,7463572.0,0.00199826
1779555600,7463572.0,7463572.0,7463572.0,7463572.0,0.0
1779556500,7463572.0,7463572.0,7463572.0,7463572.0,0.0
1779557400,7463572.0,7463572.0,7463572.0,7463572.0,0.00689334
1779558300,7463572.0,7463572.0,7463572.0,7463572.0,0.0
1779559200,7463572.0,7463572.0,7463572.0,7463572.0,0.0
1779560100,7463572.0,7463572.0,7463572.0,7463572.0,0.0
1779561000,7463572.0,7463572.0,7463572.0,7463572.0,0.0
1779561900,7463572.0,7463572.0,7463572.0,7463572.0,0.0
1779562800,7599990.0,7599990.0,7517134.0,7517134.0,0.005945
1779563700,7517134.0,7517134.0,7517134.0,7517134.0,0.0
1779564600,7517134.0,7517134.0,7517134.0,7517134.0,0.0
1779565500,7517134.0,7517134.0,7517134.0,7517134.0,0.0
1779566400,7517134.0,7517134.0,7517134.0,7517134.0,0.0
1779567300,7517134.0,7517134.0,7517134.0,7517134.0,0.0
1779568200,7558617.0,7558617.0,7558617.0,7558617.0,0.13266975
1779569100,7547590.0,7547590.0,7547590.0,7547590.0,0.02920608
1779570000,7547590.0,7547590.0,7547590.0,7547590.0,0.0
1779570900,7547590.0,7547590.0,7547590.0,7547590.0,0.0
1779571800,7547590.0,7547590.0,7547590.0,7547590.0,0.0
1779572700,7547590.0,7547590.0,7547590.0,7547590.0,0.0
1779573600,7547590.0,7547590.0,7547590.0,7547590.0,0.0
1779574500,7547590.0,7547590.0,7547590.0,7547590.0,0.0
1779575400,7547590.0,7547590.0,7547590.0,7547590.0,0.0
1779576300,7547590.0,7547590.0,7547590.0,7547590.0,0.0
1779577200,7547590.0,7547590.0,7547590.0,7547590.0,0.0
1779578100,7590474.0,7590474.0,7590474.0,7590474.0,0.009179
1779579000,7590474.0,7590474.0,7590474.0,7590474.0,0.0
1779579900,7590474.0,7590474.0,7590474.0,7590474.0,0.0
1779580800,7590474.0,7590474.0,7590474.0,7590474.0,0.0
1779581700,7590474.0,7590474.0,7590474.0,7590474.0,0.0
1779582600,7590474.0,7590474.0,7590474.0,7590474.0,0.0
1779583500,7580000.0,7580000.0,7580000.0,7580000.0,0.02382205
1779584400,7599994.0,7599995.0,7599994.0,7599995.0,0.13104021
1779585300,7599995.0,7599995.0,7599995.0,7599995.0,0.78909969
1779586200,7599995.0,7599995.0,7599995.0,7599995.0,0.0
1779587100,7590824.0,7590824.0,7590824.0,7590824.0,0.01088007
1779588000,7585573.0,7585573.0,7585573.0,7585573.0,0.08243977
1779588900,7585573.0,7585573.0,7585573.0,7585573.0,0.0
1779589800,7599995.0,7599995.0,7599995.0,7599995.0,0.01303974
1779590700,7599995.0,7599995.0,7599995.0,7599995.0,0.0
1779591600,7599995.0,7599995.0,7599995.0,7599995.0,0.0
1779592500,7599995.0,7599995.0,7599995.0,7599995.0,0.0
1779593400,7599995.0,7599995.0,7599995.0,7599995.0,0.00164276
1779594300,7599995.0,7599995.0,7599995.0,7599995.0,0.0
1779595200,7599995.0,7599995.0,7571745.0,7571745.0,0.00800322
1779596100,7571745.0,7571745.0,7571745.0,7571745.0,0.00134808
1779597000,7571745.0,7571745.0,7571745.0,7571745.0,0.0
1779597900,7571745.0,7571745.0,7563868.0,7563868.0,0.0873023
1779598800,7599994.0,7599994.0,7599994.0,7599994.0,0.00262079
1779599700,7599994.0,7599994.0,7599994.0,7599994.0,0.00234368
1779600600,7599994.0,7599994.0,7599994.0,7599994.0,0.0
1779601500,7564744.0,7564744.0,7564744.0,7564744.0,0.38898026
1779602400,7564744.0,7564744.0,7564744.0,7564744.0,0.0
1779603300,7564744.0,7564744.0,7564744.0,7564744.0,0.0
1779604200,7568769.0,7568769.0,7359956.0,7546190.0,1.54522587
1779605100,7546190.0,7546190.0,7546190.0,7546190.0,0.0
1779606000,7546190.0,7546190.0,7546190.0,7546190.0,0.0
1779606900,7565269.0,7565269.0,7359956.0,7562118.0,0.2555489
1779607800,7559142.0,7559142.0,7559142.0,7559142.0,0.05490053
1779608700,7559142.0,7559142.0,7559142.0,7559142.0,0.0
1779609600,7599991.0,7599992.0,7599991.0,7599992.0,0.09226102
1779610500,7599992.0,7599992.0,7583298.0,7583298.0,0.189806
1779611400,7583298.0,7583298.0,7583298.0,7583298.0,0.0
1779612300,7583298.0,7583298.0,7583298.0,7583298.0,0.0
1779613200,7583298.0,7583298.0,7583298.0,7583298.0,0.0
1779614100,7599990.0,7599990.0,7361002.0,7361002.0,0.00394697
1779615000,7361002.0,7361002.0,7361002.0,7361002.0,0.0
1779615900,7599990.0,7599993.0,7599990.0,7599993.0,0.03467503
1779616800,7361010.0,7361010.0,7361010.0,7361010.0,0.03467503
1779617700,7567544.0,7567544.0,7567544.0,7567544.0,0.03464972
1779618600,7567544.0,7567544.0,7567544.0,7567544.0,0.0
1779619500,7567194.0,7567194.0,7554241.0,7554241.0,0.23299774
1779620400,7550391.0,7599992.0,7550391.0,7599992.0,0.1390123
1779621300,7599992.0,7599992.0,7599992.0,7599992.0,0.0
1779622200,7599992.0,7599992.0,7569820.0,7569820.0,0.02117528
1779623100,7569820.0,7569820.0,7569820.0,7569820.0,0.0
1779624000,7565969.0,7565969.0,7565969.0,7565969.0,0.0013299
1779624900,7565969.0,7565969.0,7565969.0,7565969.0,0.0
1779625800,7565969.0,7565969.0,7565969.0,7565969.0,0.0
1779626700,7565969.0,7565969.0,7565969.0,7565969.0,0.0
1779627600,7565969.0,7565969.0,7565969.0,7565969.0,0.0
1779628500,7565969.0,7565969.0,7565969.0,7565969.0,0.0
1779629400,7572970.0,7572970.0,7572970.0,7572970.0,0.0094593
1779630300,7572970.0,7572970.0,7572970.0,7572970.0,0.0
1779631200,7572970.0,7572970.0,7572970.0,7572970.0,0.0
1779632100,7530786.0,7530786.0,7530786.0,7530786.0,0.00667868
1779633000,7530786.0,7530786.0,7530786.0,7530786.0,0.0
1779633900,7530786.0,7530786.0,7530786.0,7530786.0,0.0
1779634800,7530786.0,7530786.0,7530786.0,7530786.0,0.0
1779635700,7530786.0,7530786.0,7530786.0,7530786.0,0.0
1779636600,7599992.0,7599992.0,7599992.0,7599992.0,0.01965594
1779637500,7599992.0,7599992.0,7599992.0,7599992.0,0.0
1779638400,7599992.0,7599992.0,7599992.0,7599992.0,0.00238684
1779639300,7599992.0,7599993.0,7599992.0,7599993.0,0.04196148
1779640200,7599993.0,7599993.0,7599993.0,7599993.0,0.0
1779641100,7559142.0,7559142.0,7559142.0,7559142.0,0.02804685
1779642000,7559142.0,7559142.0,7559142.0,7559142.0,0.0
1779642900,7559142.0,7559142.0,7559142.0,7559142.0,0.0
1779643800,7559142.0,7559142.0,7559142.0,7559142.0,0.0
1779644700,7599993.0,7599993.0,7559142.0,7559142.0,0.02256502
1779645600,7599993.0,7599993.0,7560018.0,7560018.0,0.01291132
1779646500,7560018.0,7560018.0,7560018.0,7560018.0,0.0
1779647400,7560018.0,7560018.0,7560018.0,7560018.0,0.0
1779648300,7560018.0,7560018.0,7560018.0,7560018.0,0.0
1779649200,7560018.0,7560018.0,7560018.0,7560018.0,0.0
1779650100,7560018.0,7560018.0,7560018.0,7560018.0,0.0
1779651000,7560018.0,7560018.0,7560018.0,7560018.0,0.0
1779651900,7560018.0,7560018.0,7560018.0,7560018.0,0.0
1779652800,7560018.0,7560018.0,7560018.0,7560018.0,0.0
1779653700,7560018.0,7560018.0,7560018.0,7560018.0,0.0
1779654600,7560018.0,7560018.0,7560018.0,7560018.0,0.0
1779655500,7599993.0,7599993.0,7599993.0,7599993.0,0.00131039
1779656400,7599993.0,7599993.0,7599993.0,7599993.0,0.0
1779657300,7599993.0,7599993.0,7599993.0,7599993.0,0.0
1779658200,7599993.0,7599993.0,7599993.0,7599993.0,0.0
1779659100,7599993.0,7599993.0,7599993.0,7599993.0,0.0
1779660000,7599993.0,7599993.0,7599993.0,7599993.0,0.0
1779660900,7599993.0,7599993.0,7599993.0,7599993.0,0.0
1779661800,7559142.0,7559142.0,7541114.0,7541114.0,0.02042138
1779662700,7599993.0,7599993.0,7599993.0,7599993.0,0.00131039
1779663600,7541114.0,7541114.0,7541114.0,7541114.0,0.03919306
1779664500,7541114.0,7541114.0,7541114.0,7541114.0,0.0
1779665400,7541114.0,7541114.0,7541114.0,7541114.0,0.0
1779666300,7541114.0,7541114.0,7541114.0,7541114.0,0.0
1779667200,7541114.0,7541114.0,7541114.0,7541114.0,0.0
1779668100,7541114.0,7541114.0,7541114.0,7541114.0,0.0
1779669000,7541114.0,7541114.0,7541114.0,7541114.0,0.0
1779669900,7541114.0,7541114.0,7541114.0,7541114.0,0.0
1779670800,7541114.0,7541114.0,7541114.0,7541114.0,0.0
1779671700,7541114.0,7541114.0,7541114.0,7541114.0,0.0
1779672600,7541114.0,7541114.0,7541114.0,7541114.0,0.0
1779673500,7541114.0,7541114.0,7541114.0,7541114.0,0.0
1779674400,7541114.0,7541114.0,7541114.0,7541114.0,0.0
1779675300,7541114.0,7541114.0,7541114.0,7541114.0,0.0
1779676200,7541114.0,7541114.0,7541114.0,7541114.0,0.0
1779677100,7541114.0,7541114.0,7541114.0,7541114.0,0.0
1779678000,7541114.0,7541114.0,7541114.0,7541114.0,0.0
1779678900,7541114.0,7541114.0,7541114.0,7541114.0,0.0
1779679800,7599988.0,7600000.0,7599988.0,7600000.0,0.40047578
1779680700,7649999.0,7649999.0,7649999.0,7649999.0,0.00361398
1779681600,7649999.0,7649999.0,7649999.0,7649999.0,0.0
1779682500,7649999.0,7649999.0,7649999.0,7649999.0,0.0
1779683400,7609727.0,7609727.0,7609727.0,7609727.0,0.01094849
1779684300,7649999.0,7649999.0,7649999.0,7649999.0,0.00239856
1779685200,7612270.0,7649999.0,7612270.0,7649999.0,0.00328073
1779686100,7649999.0,7654000.0,7649999.0,7654000.0,0.22748794
1779687000,7654000.0,7654000.0,7654000.0,7654000.0,0.0
1779687900,7654000.0,7654000.0,7617911.0,7617911.0,0.00391267
1779688800,7617911.0,7617911.0,7617911.0,7617911.0,0.0
1779689700,7654000.0,7654000.0,7654000.0,7654000.0,0.01563443
1779690600,7654000.0,7654000.0,7654000.0,7654000.0,0.0
1779691500,7654000.0,7654000.0,7654000.0,7654000.0,0.0
1779692400,7654000.0,7654000.0,7654000.0,7654000.0,0.0
1779693300,7654000.0,7654000.0,7654000.0,7654000.0,0.0
1779694200,7623418.0,7653000.0,7622471.0,7653000.0,0.01533606
1779695100,7653000.0,7653000.0,7653000.0,7653000.0,0.0
1779696000,7653000.0,7653000.0,7653000.0,7653000.0,0.0
1779696900,7653000.0,7653000.0,7653000.0,7653000.0,0.0
1779697800,7653000.0,7653000.0,7653000.0,7653000.0,0.0
1779698700,7653000.0,7653000.0,7653000.0,7653000.0,0.0
1779699600,7653000.0,7653000.0,7653000.0,7653000.0,0.0
1779700500,7653000.0,7653000.0,7653000.0,7653000.0,0.0
1779701400,7653000.0,7653000.0,7653000.0,7653000.0,0.0
1779702300,7653000.0,7653000.0,7653000.0,7653000.0,0.0
1779703200,7653000.0,7653000.0,7653000.0,7653000.0,0.0
1779704100,7625848.0,7625848.0,7625848.0,7625848.0,0.01599363
1779705000,7625848.0,7625848.0,7625848.0,7625848.0,0.0
1779705900,7617543.0,7617543.0,7617543.0,7617543.0,0.01563443
1779706800,7617543.0,7617543.0,7617543.0,7617543.0,0.0
1779707700,7617543.0,7617543.0,7617543.0,7617543.0,0.0
1779708600,7617543.0,7617543.0,7617543.0,7617543.0,0.0
1779709500,7617543.0,7617543.0,7617543.0,7617543.0,0.0
1779710400,7617543.0,7617543.0,7617543.0,7617543.0,0.0
1779711300,7617543.0,7617543.0,7617543.0,7617543.0,0.0
1779712200,7617543.0,7617543.0,7617543.0,7617543.0,0.0
1779713100,7617543.0,7617543.0,7617543.0,7617543.0,0.0
1779714000,7617543.0,7617543.0,7617543.0,7617543.0,0.0
1779714900,7617543.0,7617543.0,7617543.0,7617543.0,0.0
1779715800,7617543.0,7617543.0,7617543.0,7617543.0,0.0
1779716700,7652999.0,7652999.0,7652999.0,7652999.0,0.01171187
1779717600,7652999.0,7652999.0,7652999.0,7652999.0,0.0
1779718500,7652999.0,7652999.0,7652999.0,7652999.0,0.0
1779719400,7652999.0,7652999.0,7652999.0,7652999.0,0.00130131
1779720300,7652999.0,7652999.0,7652999.0,7652999.0,0.0
1779721200,7652800.0,7652800.0,7615370.0,7615370.0,0.00579597
1779722100,7652800.0,7652800.0,7652800.0,7652800.0,0.0062905
1779723000,7608932.0,7608932.0,7598311.0,7598311.0,0.79417729
1779723900,7652800.0,7652800.0,7652800.0,7652800.0,0.00267731
1779724800,7652800.0,7652800.0,7652800.0,7652800.0,0.0
1779725700,7652800.0,7652800.0,7652800.0,7652800.0,0.0
1779726600,7652800.0,7652800.0,7652800.0,7652800.0,0.0
1779727500,7652800.0,7652800.0,7652800.0,7652800.0,0.0
1779728400,7652800.0,7652800.0,7652800.0,7652800.0,0.0
1779729300,7652800.0,7652800.0,7652800.0,7652800.0,0.0
1779730200,7652800.0,7652800.0,7652800.0,7652800.0,0.0
1779731100,7652800.0,7652800.0,7652800.0,7652800.0,0.0
1779732000,7652800.0,7652800.0,7652800.0,7652800.0,0.0
1779732900,7652800.0,7652800.0,7652800.0,7652800.0,0.0
1779733800,7652800.0,7652800.0,7652800.0,7652800.0,0.00422329
1779734700,7652800.0,7652800.0,7652800.0,7652800.0,0.0
1779735600,7652800.0,7652800.0,7652800.0,7652800.0,0.0
1779736500,7652800.0,7652800.0,7652800.0,7652800.0,0.0018094
1779737400,7652800.0,7652800.0,7652800.0,7652800.0,0.0
1779738300,7652800.0,7652800.0,7652800.0,7652800.0,0.0
1779739200,7652800.0,7652800.0,7652800.0,7652800.0,0.0
1779740100,7652800.0,7652800.0,7652800.0,7652800.0,0.0
1779741000,7652800.0,7652800.0,7652800.0,7652800.0,0.0
1779741900,7652800.0,7652800.0,7652800.0,7652800.0,0.0
1779742800,7652800.0,7652800.0,7652800.0,7652800.0,0.0
1779743700,7652800.0,7652800.0,7652800.0,7652800.0,0.0
1779744600,7652800.0,7652800.0,7652800.0,7652800.0,0.0
1779745500,7652800.0,7652800.0,7652800.0,7652800.0,0.0
1779746400,7652800.0,7652800.0,7652800.0,7652800.0,0.0
1779747300,7652800.0,7652800.0,7652800.0,7652800.0,0.0
1779748200,7652800.0,7652800.0,7652800.0,7652800.0,0.0
1779749100,7652800.0,7652800.0,7652800.0,7652800.0,0.0
1779750000,7652800.0,7652800.0,7652800.0,7652800.0,0.0028992
1779750900,7652800.0,7652800.0,7652800.0,7652800.0,0.0
1779751800,7652800.0,7652800.0,7652800.0,7652800.0,0.0
1779752700,7652800.0,7652800.0,7652800.0,7652800.0,0.0
1779753600,7545630.0,7545630.0,7545630.0,7545630.0,0.0028992
1779754500,7545630.0,7545630.0,7545630.0,7545630.0,0.0
1779755400,7545630.0,7545630.0,7545630.0,7545630.0,0.0
1779756300,7545630.0,7545630.0,7545630.0,7545630.0,0.0
1779757200,7545630.0,7545630.0,7545630.0,7545630.0,0.0
1779758100,7545630.0,7545630.0,7545630.0,7545630.0,0.0
1779759000,7545630.0,7545630.0,7545630.0,7545630.0,0.0
1779759900,7545630.0,7545630.0,7545630.0,7545630.0,0.0
1779760800,7545630.0,7545630.0,7545630.0,7545630.0,0.0
1779761700,7545630.0,7545630.0,7545630.0,7545630.0,0.0
1779762600,7545630.0,7545630.0,7545630.0,7545630.0,0.0
1779763500,7545630.0,7545630.0,7545630.0,7545630.0,0.0
1779764400,7545630.0,7545630.0,7545630.0,7545630.0,0.0
1779765300,7652795.0,7652795.0,7652795.0,7652795.0,0.00255958
1779766200,7652795.0,7652800.0,7652795.0,7652800.0,0.02602747
1779767100,7652800.0,7652800.0,7652800.0,7652800.0,0.0
1779768000,7652795.0,7652795.0,7652795.0,7652795.0,0.00137453
1779768900,7547037.0,7547037.0,7547037.0,7547037.0,0.1
1779769800,7652799.0,7652799.0,7652799.0,7652799.0,0.00910947
1779770700,7652799.0,7652799.0,7652799.0,7652799.0,0.0
1779771600,7652799.0,7652799.0,7541123.0,7541123.0,0.00575394
1779772500,7541123.0,7541123.0,7541123.0,7541123.0,0.0
1779773400,7541123.0,7541123.0,7541123.0,7541123.0,0.0
1779774300,7541123.0,7541123.0,7541123.0,7541123.0,0.0
1779775200,7541123.0,7541123.0,7541123.0,7541123.0,0.0
1779776100,7652796.0,7652800.0,7652796.0,7652800.0,0.03721696
1779777000,7652800.0,7652800.0,7652800.0,7652800.0,0.0
1779777900,7652800.0,7652800.0,7652800.0,7652800.0,0.01078324
1779778800,7652800.0,7652800.0,7652800.0,7652800.0,0.0
1779779700,7548047.0,7548047.0,7548047.0,7548047.0,0.00586518
1779780600,7548047.0,7548047.0,7548047.0,7548047.0,0.0
1779781500,7548047.0,7548047.0,7548047.0,7548047.0,0.0
1779782400,7548043.0,7548043.0,7548043.0,7548043.0,0.00422329
1779783300,7548043.0,7548043.0,7548043.0,7548043.0,0.0
1779784200,7548043.0,7548043.0,7548043.0,7548043.0,0.0
1779785100,7548043.0,7548043.0,7548043.0,7548043.0,0.0
1779786000,7548043.0,7548043.0,7548043.0,7548043.0,0.0
1779786900,7548043.0,7548043.0,7548043.0,7548043.0,0.0
1779787800,7560978.0,7560978.0,7560978.0,7560978.0,0.00466617
1779788700,7560978.0,7560978.0,7560978.0,7560978.0,0.0
1779789600,7560978.0,7560978.0,7560978.0,7560978.0,0.0
1779790500,7560978.0,7560978.0,7560978.0,7560978.0,0.0
1779791400,7560978.0,7560978.0,7560978.0,7560978.0,0.0
1779792300,7590351.0,7590351.0,7590351.0,7590351.0,0.01617446
1779793200,7590351.0,7590351.0,7590351.0,7590351.0,0.0
1779794100,7590351.0,7590351.0,7590351.0,7590351.0,0.0
1779795000,7595730.0,7652800.0,7595730.0,7652800.0,0.21172122
1779795900,7652800.0,7652800.0,7652800.0,7652800.0,0.0
1779796800,7652800.0,7652800.0,7652800.0,7652800.0,0.0
1779797700,7652800.0,7652800.0,7652800.0,7652800.0,0.0
1779798600,7652800.0,7652800.0,7652800.0,7652800.0,0.0
1779799500,7652800.0,7652800.0,7652800.0,7652800.0,0.0
1779800400,7652800.0,7652800.0,7652800.0,7652800.0,0.0
1779801300,7652800.0,7652800.0,7652800.0,7652800.0,0.0
1779802200,7652800.0,7652800.0,7652800.0,7652800.0,0.0
1779803100,7652800.0,7652800.0,7652800.0,7652800.0,0.0
1779804000,7652800.0,7652800.0,7652800.0,7652800.0,0.0
1779804900,7652800.0,7652800.0,7652800.0,7652800.0,0.0
1779805800,7652800.0,7652800.0,7652800.0,7652800.0,0.0
1779806700,7652800.0,7652800.0,7652800.0,7652800.0,0.0
1779807600,7652800.0,7652800.0,7652800.0,7652800.0,0.0
1779808500,7652800.0,7654000.0,7400000.0,7400000.0,0.81364828
1779809400,7400000.0,7400000.0,7400000.0,7400000.0,0.0
1779810300,7400000.0,7400000.0,7400000.0,7400000.0,0.0
1779811200,7400000.0,7400000.0,7400000.0,7400000.0,0.0
1779812100,7400000.0,7400000.0,7400000.0,7400000.0,0.0
1779813000,7400000.0,7400000.0,7400000.0,7400000.0,0.0
1779813900,7699896.0,7699900.0,7699896.0,7699900.0,0.01288951
1779814800,7699900.0,7699900.0,7699900.0,7699900.0,0.0
1779815700,7699892.0,7699892.0,7699892.0,7699892.0,0.00136911
1779816600,7699892.0,7699892.0,7699892.0,7699892.0,0.0
1779817500,7699896.0,7699896.0,7699896.0,7699896.0,0.01126054
1779818400,7699896.0,7699896.0,7699896.0,7699896.0,0.00463135
1779819300,7699896.0,7699896.0,7699896.0,7699896.0,0.0
1779820200,7699896.0,7699896.0,7699896.0,7699896.0,0.0
1779821100,7699896.0,7699896.0,7699896.0,7699896.0,0.0
1779822000,7699888.0,7699896.0,7699888.0,7699896.0,0.25868028
1779822900,7594371.0,7594371.0,7594371.0,7594371.0,0.00177959
1779823800,7594371.0,7594371.0,7594371.0,7594371.0,0.0
1779824700,7699896.0,7699896.0,7699896.0,7699896.0,0.01295978
1779825600,7699896.0,7699896.0,7699896.0,7699896.0,0.0
1779826500,7699896.0,7699896.0,7699896.0,7699896.0,0.0
1779827400,7699896.0,7699896.0,7699896.0,7699896.0,0.0
1779828300,7699896.0,7699896.0,7699896.0,7699896.0,0.0
1779829200,7699896.0,7700000.0,7699896.0,7700000.0,1.45390512
1779830100,7700000.0,7700000.0,7700000.0,7700000.0,0.0
1779831000,7700000.0,7700000.0,7700000.0,7700000.0,0.0
1779831900,7656674.0,7656674.0,7656674.0,7656674.0,0.0506949
1779832800,7656674.0,7656674.0,7656674.0,7656674.0,0.0
1779833700,7656674.0,7656674.0,7656674.0,7656674.0,0.0
1779834600,7656674.0,7656674.0,7656674.0,7656674.0,0.0
1779835500,7656674.0,7656674.0,7656674.0,7656674.0,0.0
1779836400,7718141.0,7718141.0,7718141.0,7718141.0,0.20426591
1779837300,7718141.0,7718141.0,7718141.0,7718141.0,0.0
1779838200,7718141.0,7718141.0,7718141.0,7718141.0,0.0
1779839100,7718141.0,7718141.0,7718141.0,7718141.0,0.0
1779840000,7718141.0,7718141.0,7718141.0,7718141.0,0.0
1779840900,7750000.0,7750000.0,7750000.0,7750000.0,0.00160619
1779841800,7750000.0,7750000.0,7750000.0,7750000.0,0.0
1779842700,7750000.0,7750000.0,7750000.0,7750000.0,0.0
1779843600,7750000.0,7750000.0,7750000.0,7750000.0,0.0
1779844500,7750000.0,7750000.0,7750000.0,7750000.0,0.0
1779845400,7750000.0,7750000.0,7750000.0,7750000.0,0.0
1779846300,7750000.0,7750000.0,7750000.0,7750000.0,0.0
1779847200,7750000.0,7750000.0,7750000.0,7750000.0,0.0
1779848100,7451990.0,7451990.0,7451990.0,7451990.0,0.00650659
1779849000,7451990.0,7451990.0,7451990.0,7451990.0,0.0
1779849900,7664674.0,7664674.0,7664674.0,7664674.0,0.00156352
1779850800,7664674.0,7664674.0,7664674.0,7664674.0,0.0
1779851700,7664674.0,7664674.0,7664674.0,7664674.0,0.0
1779852600,7664674.0,7664674.0,7664674.0,7664674.0,0.0
1779853500,7673322.0,7673322.0,7673322.0,7673322.0,0.25868013
1779854400,7668977.0,7739005.0,7668977.0,7739005.0,0.0069609
1779855300,7739005.0,7739005.0,7739005.0,7739005.0,0.0
1779856200,7739005.0,7739005.0,7739005.0,7739005.0,0.0
1779857100,7739005.0,7739005.0,7739005.0,7739005.0,0.0
1779858000,7739001.0,7739005.0,7739001.0,7739005.0,0.00697285
1779858900,7668977.0,7668977.0,7668977.0,7668977.0,0.00276816
1779859800,7739005.0,7739005.0,7668977.0,7668977.0,0.02349897
1779860700,7668977.0,7740000.0,7664670.0,7740000.0,0.06980212
1779861600,7740000.0,7740000.0,7740000.0,7740000.0,0.0
1779862500,7740000.0,7740000.0,7740000.0,7740000.0,0.00146782
1779863400,7740000.0,7740000.0,7740000.0,7740000.0,0.0
1779864300,7740000.0,7740000.0,7740000.0,7740000.0,0.0
1779865200,7664670.0,7664670.0,7664670.0,7664670.0,0.01365342
1779866100,7664670.0,7664670.0,7664670.0,7664670.0,0.0
1779867000,7664670.0,7664670.0,7664670.0,7664670.0,0.0
1779867900,7739996.0,7739996.0,7653737.0,7653737.0,0.02828367
1779868800,7740000.0,7740000.0,7740000.0,7740000.0,0.00174005
1779869700,7739996.0,7739996.0,7739996.0,7739996.0,0.01794083
1779870600,7739996.0,7740000.0,7739996.0,7740000.0,0.00763256
1779871500,7740000.0,7740000.0,7740000.0,7740000.0,0.0
1779872400,7740000.0,7740000.0,7740000.0,7740000.0,0.00159328
1779873300,7740000.0,7770000.0,7740000.0,7770000.0,0.33340469
1779874200,7789996.0,7814000.0,7789996.0,7814000.0,0.40228248
1779875100,7814000.0,7999999.0,7814000.0,7999999.0,0.55768947
1779876000,7962215.0,7962215.0,7962215.0,7962215.0,0.00612379
1779876900,7775769.0,7775769.0,7775769.0,7775769.0,0.12940829
1779877800,7775769.0,7775769.0,7775769.0,7775769.0,0.0
1779878700,7797598.0,7797598.0,7797598.0,7797598.0,0.00765114
1779879600,7953496.0,7953496.0,7822366.0,7822367.0,0.04115685
1779880500,7822377.0,7822377.0,7822366.0,7822366.0,0.01336778
1779881400,7953495.0,7953496.0,7953495.0,7953496.0,0.01214585
1779882300,7953496.0,7953496.0,7953496.0,7953496.0,0.0
1779883200,7953491.0,7953491.0,7829024.0,7829024.0,0.01409286
1779884100,7829024.0,7953487.0,7829024.0,7953487.0,0.25902875
1779885000,7829029.0,7829029.0,7829029.0,7829029.0,0.00429758
1779885900,7829029.0,7953482.0,7829024.0,7829024.0,0.01145248
1779886800,7953481.0,7953481.0,7953481.0,7953481.0,0.00130873
1779887700,7953481.0,7953481.0,7829024.0,7829024.0,0.00374728
1779888600,7829024.0,7829024.0,7829024.0,7829024.0,0.0
1779889500,7919823.0,7919823.0,7919823.0,7919823.0,0.00512953
1779890400,7940507.0,7940507.0,7773169.0,7773169.0,0.04463893
1779891300,7936105.0,7936105.0,7936105.0,7936105.0,0.00131626
1779892200,7900831.0,7900831.0,7900831.0,7900831.0,0.00241949
1779893100,7861092.0,7861092.0,7861092.0,7861092.0,0.00131626
1779894000,7861092.0,7861092.0,7861092.0,7861092.0,0.0
1779894900,7793980.0,7953487.0,7793980.0,7953487.0,0.02728817
1779895800,7813307.0,7813307.0,7773179.0,7773179.0,0.0369799
1779896700,7773223.0,7948961.0,7773223.0,7948961.0,0.00838185
1779897600,7948961.0,7948961.0,7948961.0,7948961.0,0.0
1779898500,7811142.0,7811142.0,7811142.0,7811142.0,0.01932802
1779899400,7811142.0,7953486.0,7811142.0,7953486.0,0.00354656
1779900300,7953486.0,7953486.0,7953486.0,7953486.0,0.00153064
1779901200,7953486.0,7953486.0,7953486.0,7953486.0,0.00626077
1779902100,7953486.0,7953486.0,7953486.0,7953486.0,0.00361388
1779903000,7953486.0,7953486.0,7953486.0,7953486.0,0.0
1779903900,7953486.0,7953486.0,7953486.0,7953486.0,0.0
1779904800,7953486.0,7953486.0,7953486.0,7953486.0,0.0
1779905700,7953486.0,7953486.0,7953486.0,7953486.0,0.0
1779906600,7953486.0,7953486.0,7953486.0,7953486.0,0.0
1779907500,7953486.0,7953486.0,7953486.0,7953486.0,0.0
1779908400,7953486.0,7953486.0,7953486.0,7953486.0,0.00261105
1779909300,7816298.0,7816298.0,7816298.0,7816298.0,0.00263988
1779910200,7816298.0,7816298.0,7816298.0,7816298.0,0.0
1779911100,7816298.0,7816298.0,7816298.0,7816298.0,0.0
1779912000,7816298.0,7816298.0,7816298.0,7816298.0,0.0
1779912900,7816298.0,7816298.0,7816298.0,7816298.0,0.0
1779913800,7816298.0,7816298.0,7816298.0,7816298.0,0.0
1779914700,7816298.0,7816298.0,7816298.0,7816298.0,0.0
1779915600,7816298.0,7816298.0,7816298.0,7816298.0,0.0
1779916500,7816298.0,7816298.0,7816298.0,7816298.0,0.0
1779917400,7816298.0,7816298.0,7816298.0,7816298.0,0.0
1779918300,7816298.0,7816298.0,7816298.0,7816298.0,0.0
1779919200,7816298.0,7816298.0,7816298.0,7816298.0,0.0
1779920100,7816298.0,7816298.0,7816298.0,7816298.0,0.0
1779921000,7934870.0,7934870.0,7934870.0,7934870.0,0.00215806
1779921900,7934870.0,7934870.0,7934870.0,7934870.0,0.0
1779922800,7773228.0,7773228.0,7773228.0,7773228.0,0.00215806
1779923700,7773228.0,7773228.0,7773228.0,7773228.0,0.0
1779924600,7773228.0,7773228.0,7773228.0,7773228.0,0.0
1779925500,7773228.0,7773228.0,7773228.0,7773228.0,0.0
1779926400,7773228.0,7773228.0,7773228.0,7773228.0,0.0
1779927300,7773228.0,7773228.0,7773228.0,7773228.0,0.0
1779928200,7773228.0,7773228.0,7773228.0,7773228.0,0.0
1779929100,7773228.0,7773228.0,7773228.0,7773228.0,0.0
1779930000,7773228.0,7773228.0,7773228.0,7773228.0,0.0
1779930900,7773228.0,7773228.0,7773228.0,7773228.0,0.0
1779931800,7773228.0,7773228.0,7773228.0,7773228.0,0.0
1779932700,7773228.0,7773228.0,7773228.0,7773228.0,0.0
1779933600,7916545.0,7953491.0,7916545.0,7953491.0,0.25090765
1779934500,7909363.0,7909363.0,7909363.0,7909363.0,0.00244305
1779935400,7773229.0,7773229.0,7773229.0,7773229.0,0.00241949
1779936300,7906159.0,7906159.0,7906159.0,7906159.0,0.00172624
1779937200,7906159.0,7906159.0,7906159.0,7906159.0,0.0
1779938100,7906159.0,7906159.0,7906159.0,7906159.0,0.0
1779939000,7906159.0,7906159.0,7906159.0,7906159.0,0.0
1779939900,7773224.0,7773224.0,7773169.0,7773169.0,0.0056578
1779940800,7773169.0,7773169.0,7773169.0,7773169.0,0.0
1779941700,7906159.0,7906159.0,7906159.0,7906159.0,0.0017036
1779942600,7906159.0,7906159.0,7906159.0,7906159.0,0.0
1779943500,7776465.0,7776465.0,7776465.0,7776465.0,0.006869
1779944400,7776465.0,7776465.0,7776465.0,7776465.0,0.0
1779945300,7906155.0,7906155.0,7757508.0,7757508.0,0.00733468
1779946200,7757508.0,7757508.0,7757508.0,7757508.0,0.0
1779947100,7757508.0,7757508.0,7757508.0,7757508.0,0.0
1779948000,7700000.0,7804885.0,7700000.0,7804885.0,0.0045581
1779948900,7804885.0,7804885.0,7804885.0,7804885.0,0.0
1779949800,7804885.0,7804885.0,7804885.0,7804885.0,0.0
1779950700,7804885.0,7804885.0,7804885.0,7804885.0,0.0
1779951600,7700000.0,7804881.0,7700000.0,7804881.0,0.01442003
1779952500,7804881.0,7804881.0,7804881.0,7804881.0,0.0
1779953400,7804881.0,7804881.0,7804881.0,7804881.0,0.0
1779954300,7804885.0,7804885.0,7804885.0,7804885.0,0.00250701
1779955200,7804885.0,7804885.0,7804885.0,7804885.0,0.0
1779956100,7804881.0,7804881.0,7700000.0,7700000.0,0.00502203
1779957000,7700000.0,7804885.0,7666317.0,7804885.0,0.02468975
1779957900,7804885.0,7804885.0,7804885.0,7804885.0,0.01879515
1779958800,7804885.0,7804885.0,7804885.0,7804885.0,0.00382798
1779959700,7657856.0,7657856.0,7650004.0,7650004.0,0.0278473
1779960600,7804881.0,7804881.0,7804881.0,7804881.0,0.00255199
1779961500,7650010.0,7650010.0,7650010.0,7650010.0,0.00250701
1779962400,7650010.0,7650010.0,7650010.0,7650010.0,0.0
1779963300,7650010.0,7650010.0,7650010.0,7650010.0,0.0
1779964200,7650010.0,7650010.0,7650010.0,7650010.0,0.0
1779965100,7650010.0,7650010.0,7650010.0,7650010.0,0.0
1779966000,7650010.0,7650010.0,7650010.0,7650010.0,0.0
1779966900,7650010.0,7650010.0,7650010.0,7650010.0,0.0
1779967800,7667869.0,7667869.0,7667869.0,7667869.0,0.00294115
1779968700,7667516.0,7667516.0,7667516.0,7667516.0,0.00244305
1779969600,7804881.0,7804881.0,7804881.0,7804881.0,0.00264571
1779970500,7799874.0,7799874.0,7799874.0,7799874.0,0.00127681
1779971400,7799874.0,7799874.0,7799874.0,7799874.0,0.0
1779972300,7799874.0,7867952.0,7799874.0,7867952.0,0.63310975
1779973200,7741960.0,7741960.0,7728371.0,7728371.0,0.04015431
1779974100,7728371.0,7728371.0,7728371.0,7728371.0,0.0
1779975000,7724581.0,7724581.0,7724581.0,7724581.0,0.00382778
1779975900,7724581.0,7724581.0,7724581.0,7724581.0,0.0
1779976800,7732901.0,7732901.0,7732901.0,7732901.0,0.0120886
1779977700,7732901.0,7732901.0,7732901.0,7732901.0,0.0
1779978600,7732901.0,7732901.0,7732901.0,7732901.0,0.0
1779979500,7732901.0,7732901.0,7732901.0,7732901.0,0.0
1779980400,7732901.0,7732901.0,7732901.0,7732901.0,0.0
1779981300,7790370.0,7790370.0,7790370.0,7790370.0,0.01885566
1779982200,7953486.0,7953486.0,7953486.0,7953486.0,0.00250431
1779983100,7953486.0,7953486.0,7953486.0,7953486.0,0.01779634
1779984000,7953486.0,7953486.0,7953486.0,7953486.0,0.00366091
1779984900,7953486.0,7953486.0,7953486.0,7953486.0,0.0
1779985800,7953490.0,7953490.0,7806526.0,7806526.0,0.00486603
1779986700,7953490.0,7953490.0,7953490.0,7953490.0,0.00275463
1779987600,7953490.0,7953490.0,7953490.0,7953490.0,0.0
1779988500,7953490.0,7953490.0,7953490.0,7953490.0,0.0
1779989400,7953490.0,7953490.0,7953490.0,7953490.0,0.0
1779990300,7953491.0,7953491.0,7953491.0,7953491.0,0.00350977
1779991200,7953491.0,7953491.0,7953491.0,7953491.0,0.0
1779992100,7953491.0,7953491.0,7953491.0,7953491.0,0.0
1779993000,7953491.0,7953491.0,7953491.0,7953491.0,0.0
1779993900,7953491.0,7953491.0,7953491.0,7953491.0,0.0
1779994800,7953487.0,7953491.0,7953487.0,7953491.0,0.0113525
1779995700,7799007.0,7799007.0,6750000.0,6750000.0,6.26773044
1779996600,6750000.0,6750000.0,6750000.0,6750000.0,0.0
1779997500,7953491.0,7953491.0,7953491.0,7953491.0,0.02548981
1779998400,7907134.0,7907134.0,7907134.0,7907134.0,0.00176321
1779999300,7953487.0,7953487.0,7795510.0,7795510.0,0.00894776
1780000200,7795510.0,7795510.0,7795510.0,7795510.0,0.0
1780001100,7795510.0,7795510.0,7795510.0,7795510.0,0.0
1780002000,7795510.0,7795510.0,7795510.0,7795510.0,0.0
1780002900,7795510.0,7795510.0,7795510.0,7795510.0,0.0
1780003800,7953491.0,7953491.0,7953491.0,7953491.0,0.00125215
1780004700,7796684.0,7796684.0,7795274.0,7795274.0,0.11957535
1780005600,7812997.0,7812997.0,7812997.0,7812997.0,0.02548981
1780006500,7812997.0,7812997.0,7812997.0,7812997.0,0.0
1780007400,7802250.0,7953487.0,6750001.0,7953487.0,6.27149433
1780008300,7953487.0,7953487.0,7953487.0,7953487.0,0.0
1780009200,7953487.0,7953487.0,7953487.0,7953487.0,0.0
1780010100,7953487.0,7953487.0,7953487.0,7953487.0,0.0
1780011000,7858874.0,7858874.0,7858874.0,7858874.0,0.00291453
1780011900,7787675.0,7787675.0,7787675.0,7787675.0,0.09127927
1780012800,7787675.0,7787675.0,7787675.0,7787675.0,0.0
1780013700,7846833.0,7846833.0,7846833.0,7846833.0,0.00315108
1780014600,7749839.0,7749839.0,7749839.0,7749839.0,0.00730491
1780015500,7300012.0,7300012.0,7300012.0,7300012.0,0.00172624
1780016400,7300012.0,7300012.0,7300012.0,7300012.0,0.0
1780017300,7300012.0,7300012.0,7300012.0,7300012.0,0.0
1780018200,7300012.0,7300012.0,7300012.0,7300012.0,0.0
1780019100,7830164.0,7830164.0,7739592.0,7829176.0,0.01071374
1780020000,7829176.0,7829176.0,7829176.0,7829176.0,0.0
1780020900,7829176.0,7829176.0,7829176.0,7829176.0,0.0
1780021800,7829176.0,7829176.0,7829176.0,7829176.0,0.0
1780022700,7829176.0,7829176.0,7829176.0,7829176.0,0.0
1780023600,7804340.0,7804340.0,7762833.0,7762833.0,0.01307833
1780024500,7804340.0,7804340.0,7804340.0,7804340.0,0.00613069
1780025400,7777186.0,7777186.0,7777186.0,7777186.0,0.02103143
1780026300,7757998.0,7757998.0,7757998.0,7757998.0,0.00275058
1780027200,7804340.0,7804340.0,7804340.0,7804340.0,0.01713367
1780028100,7804340.0,7804340.0,7782167.0,7804340.0,0.00531361
1780029000,7804340.0,7804340.0,7804340.0,7804340.0,0.0
1780029900,7804340.0,7804340.0,7804340.0,7804340.0,0.0
1780030800,7804340.0,7804340.0,7804340.0,7804340.0,0.0
1780031700,7804340.0,7804340.0,7804340.0,7804340.0,0.0
1780032600,7801084.0,7804340.0,7799798.0,7802260.0,0.02913139
1780033500,7802260.0,7802260.0,7802260.0,7802260.0,0.0
1780034400,7802260.0,7802260.0,7802260.0,7802260.0,0.0
1780035300,7804340.0,7804340.0,7804340.0,7804340.0,0.00127608
1780036200,7804340.0,7804340.0,7804340.0,7804340.0,0.06393186
1780037100,7804340.0,7819679.0,7804340.0,7819679.0,0.16061501
1780038000,7819679.0,7819679.0,7819679.0,7819679.0,0.0
1780038900,7838121.0,7838579.0,7806791.0,7806791.0,0.01576527
1780039800,7806791.0,7806791.0,7806791.0,7806791.0,0.0
1780040700,7806791.0,7806791.0,7806791.0,7806791.0,0.0
1780041600,7806791.0,7806791.0,7806791.0,7806791.0,0.0
1780042500,7838500.0,7838500.0,7807525.0,7807525.0,0.00409466
1780043400,7807525.0,7807525.0,7799655.0,7799655.0,0.00439353
1780044300,7799655.0,7799655.0,7799655.0,7799655.0,0.0
1780045200,7799655.0,7799655.0,7799655.0,7799655.0,0.0
1780046100,7799095.0,7835000.0,7799095.0,7835000.0,0.10376903
1780047000,7789495.0,7789495.0,7789495.0,7789495.0,0.00377234
1780047900,7789495.0,7789495.0,7789495.0,7789495.0,0.0
1780048800,7831569.0,7831569.0,7828977.0,7828977.0,0.00714957
1780049700,7835000.0,7835000.0,7835000.0,7835000.0,0.00246496
1780050600,7829189.0,7834996.0,7829189.0,7834996.0,0.0093589
1780051500,7834996.0,7834996.0,7834996.0,7834996.0,0.0
1780052400,7758088.0,7835000.0,7758088.0,7835000.0,0.01477845
1780053300,7835000.0,7835000.0,7835000.0,7835000.0,0.0
1780054200,7834996.0,7834996.0,7834996.0,7834996.0,0.00879132
1780055100,7834996.0,7834996.0,7834996.0,7834996.0,0.0
1780056000,7834992.0,7834992.0,7834992.0,7834992.0,0.00163471
1780056900,7834992.0,7834992.0,7834992.0,7834992.0,0.0
1780057800,7834992.0,7834992.0,7834992.0,7834992.0,0.0
1780058700,7834992.0,7834992.0,7834992.0,7834992.0,0.0
1780059600,7834992.0,7834992.0,7834992.0,7834992.0,0.0
1780060500,7834992.0,7834992.0,7834992.0,7834992.0,0.0
1780061400,7834996.0,7834996.0,7834996.0,7834996.0,0.00635545
1780062300,7834996.0,7834996.0,7834996.0,7834996.0,0.0
1780063200,7834996.0,7834996.0,7834996.0,7834996.0,0.0
1780064100,7757997.0,7757997.0,7757997.0,7757997.0,0.00645617
1780065000,7739687.0,7835000.0,7739687.0,7835000.0,3.00545837
1780065900,7583632.0,7786626.0,7583632.0,7786626.0,0.04520695
1780066800,7798658.0,7798658.0,7798658.0,7798658.0,0.03192549
1780067700,7798658.0,7798658.0,7798658.0,7798658.0,0.0
1780068600,7821921.0,7821921.0,7821921.0,7821921.0,0.01148285
1780069500,7638447.0,7652256.0,7638447.0,7652256.0,0.02245498
1780070400,7652256.0,7652256.0,7652256.0,7652256.0,0.0
1780071300,7652256.0,7652256.0,7652256.0,7652256.0,0.0
1780072200,7834990.0,7834990.0,7751784.0,7751784.0,0.00260697
1780073100,7751780.0,7751780.0,7751780.0,7751780.0,0.00154045
1780074000,7834986.0,7834990.0,7834986.0,7834990.0,0.00649586
1780074900,7834990.0,7834990.0,7834990.0,7834990.0,0.0
1780075800,7834990.0,7834990.0,7834990.0,7834990.0,0.00129049
1780076700,7834990.0,7834990.0,7834990.0,7834990.0,0.0
1780077600,7834986.0,7834986.0,7834986.0,7834986.0,0.00127109
1780078500,7834986.0,7834986.0,7834986.0,7834986.0,0.0
1780079400,7751780.0,7751780.0,7751780.0,7751780.0,0.00411057
1780080300,7751780.0,7751780.0,7751780.0,7751780.0,0.00411058
1780081200,7751780.0,7751780.0,7751780.0,7751780.0,0.0
1780082100,7751780.0,7751780.0,7751780.0,7751780.0,0.0
1780083000,7751780.0,7751780.0,7751780.0,7751780.0,0.0
1780083900,7751780.0,7751780.0,7695483.0,7695483.0,0.00306881
1780084800,7695483.0,7695483.0,7695483.0,7695483.0,0.0
1780085700,7695483.0,7695483.0,7695483.0,7695483.0,0.0
1780086600,7673020.0,7673020.0,7673020.0,7673020.0,0.01355642
1780087500,7673020.0,7673020.0,7673020.0,7673020.0,0.0
1780088400,7670302.0,7670302.0,7670302.0,7670302.0,0.00314269
1780089300,7670302.0,7670302.0,7670302.0,7670302.0,0.0
1780090200,7670302.0,7670302.0,7670302.0,7670302.0,0.0
1780091100,7736188.0,7737852.0,7736188.0,7737852.0,0.02113251
1780092000,7734932.0,7735078.0,7734932.0,7735078.0,0.03196278
1780092900,7735078.0,7735078.0,7735078.0,7735078.0,0.0
1780093800,7834986.0,7835000.0,7668716.0,7834978.0,0.01531694
1780094700,7834978.0,7834978.0,7834978.0,7834978.0,0.0
1780095600,7834978.0,7834978.0,7834978.0,7834978.0,0.0
1780096500,7834978.0,7834978.0,7834978.0,7834978.0,0.0
1780097400,7834978.0,7834978.0,7834978.0,7834978.0,0.0
1780098300,7726619.0,7726619.0,7726619.0,7726619.0,0.00237671
1780099200,7668722.0,7668722.0,7668716.0,7668716.0,0.02113233
1780100100,7668716.0,7668716.0,7668716.0,7668716.0,0.00146782
1780101000,7668716.0,7668716.0,7668716.0,7668716.0,0.0
1780101900,7668716.0,7668716.0,7668716.0,7668716.0,0.0
1780102800,7668716.0,7668716.0,7668716.0,7668716.0,0.0
1780103700,7668716.0,7668716.0,7668716.0,7668716.0,0.0
1780104600,7668716.0,7668716.0,7668716.0,7668716.0,0.0
1780105500,7668716.0,7668716.0,7668716.0,7668716.0,0.0
1780106400,7668752.0,7668752.0,7668752.0,7668752.0,0.00350977
1780107300,7668752.0,7668752.0,7668752.0,7668752.0,0.00133333
1780108200,7668752.0,7668752.0,7668752.0,7668752.0,0.0
1780109100,7668752.0,7668752.0,7668752.0,7668752.0,0.0
1780110000,7669946.0,7669946.0,7669946.0,7669946.0,0.10122348
1780110900,7669946.0,7669946.0,7669946.0,7669946.0,0.0
1780111800,7834994.0,7834994.0,7834994.0,7834994.0,0.00134269
1780112700,7834994.0,7834994.0,7834994.0,7834994.0,0.0
1780113600,7834994.0,7834994.0,7834994.0,7834994.0,0.0
1780114500,7682818.0,7834994.0,7676116.0,7834994.0,0.01458633
1780115400,7760235.0,7760235.0,7676120.0,7676120.0,0.00385402
1780116300,7678764.0,7678764.0,7678764.0,7678764.0,0.01391999
1780117200,7678764.0,7678764.0,7678764.0,7678764.0,0.0
1780118100,7834989.0,7834989.0,7834989.0,7834989.0,0.00248921
1780119000,7834989.0,7834989.0,7834989.0,7834989.0,0.0
1780119900,7744418.0,7834984.0,7678773.0,7678773.0,0.03848807
1780120800,7678773.0,7678773.0,7678773.0,7678773.0,0.0
1780121700,7678773.0,7678773.0,7678773.0,7678773.0,0.0
1780122600,7678773.0,7678773.0,7678773.0,7678773.0,0.0
1780123500,7678773.0,7678773.0,7678773.0,7678773.0,0.0
1780124400,7680005.0,7680005.0,7680005.0,7680005.0,0.00260332
1780125300,7680005.0,7680005.0,7680005.0,7680005.0,0.0
1780126200,7680005.0,7680005.0,7680005.0,7680005.0,0.0
1780127100,7680005.0,7680005.0,7680005.0,7680005.0,0.0
1780128000,7834979.0,7835000.0,7834979.0,7835000.0,0.06355489
1780128900,7835000.0,7835000.0,7835000.0,7835000.0,0.0
1780129800,7835000.0,7835000.0,7835000.0,7835000.0,0.0
1780130700,7835000.0,7835000.0,7835000.0,7835000.0,0.0
1780131600,7835000.0,7835000.0,7835000.0,7835000.0,0.0
1780132500,7835000.0,7835000.0,7835000.0,7835000.0,0.0
1780133400,7835000.0,7835000.0,7835000.0,7835000.0,0.0
1780134300,7835000.0,7835000.0,7835000.0,7835000.0,0.0
1780135200,7752681.0,7752681.0,7752681.0,7752681.0,0.00216789
1780136100,7705563.0,7705563.0,7705563.0,7705563.0,0.00216789
1780137000,7705563.0,7705563.0,7705563.0,7705563.0,0.0
1780137900,7705563.0,7705563.0,7705563.0,7705563.0,0.0
1780138800,7705563.0,7705563.0,7705563.0,7705563.0,0.0
1780139700,7705563.0,7705563.0,7705563.0,7705563.0,0.0
1780140600,7748934.0,7748934.0,7705562.0,7705562.0,0.01706768
1780141500,7705562.0,7705562.0,7705562.0,7705562.0,0.0
1780142400,7705562.0,7705562.0,7705562.0,7705562.0,0.0
1780143300,7705562.0,7705562.0,7705562.0,7705562.0,0.0
1780144200,7834996.0,7834996.0,7834996.0,7834996.0,0.00145692
1780145100,7710104.0,7710104.0,7710104.0,7710104.0,0.00269891
1780146000,7834996.0,7834996.0,7834996.0,7834996.0,0.00141225
1780146900,7834996.0,7834996.0,7834996.0,7834996.0,0.0
1780147800,7834996.0,7834996.0,7834996.0,7834996.0,0.0
1780148700,7834996.0,7834996.0,7834996.0,7834996.0,0.0
1780149600,7834996.0,7834996.0,7834996.0,7834996.0,0.0
1780150500,7834996.0,7834996.0,7834996.0,7834996.0,0.0
1780151400,7834995.0,7834996.0,7710106.0,7834996.0,0.01367678
1780152300,7720005.0,7720005.0,7720005.0,7720005.0,0.00145692
1780153200,7834995.0,7834996.0,7720005.0,7834996.0,0.03511588
1780154100,7834996.0,7834996.0,7834996.0,7834996.0,0.0
1780155000,7835000.0,7888723.0,7780830.0,7780830.0,0.19912168
1780155900,7780830.0,7780830.0,7780830.0,7780830.0,0.0
1780156800,7780830.0,7780830.0,7780830.0,7780830.0,0.0
1780157700,7765443.0,7765443.0,7765443.0,7765443.0,0.00128672
1780158600,7720006.0,7720006.0,7710105.0,7710105.0,0.01306747
1780159500,7710105.0,7737003.0,7710105.0,7737003.0,0.00670654
1780160400,7737003.0,7737003.0,7737003.0,7737003.0,0.0
1780161300,7737003.0,7737003.0,7737003.0,7737003.0,0.0
1780162200,7737003.0,7737003.0,7737003.0,7737003.0,0.0
1780163100,7737003.0,7737003.0,7737003.0,7737003.0,0.0
1780164000,7735304.0,7735304.0,7735304.0,7735304.0,0.00153439
1780164900,7735304.0,7735304.0,7735304.0,7735304.0,0.0
1780165800,7710105.0,7710105.0,7710105.0,7710105.0,0.01070057
1780166700,7710105.0,7710105.0,7710105.0,7710105.0,0.0
1780167600,7710105.0,7710105.0,7710105.0,7710105.0,0.0
1780168500,7710105.0,7710105.0,7710105.0,7710105.0,0.0
1780169400,7710105.0,7710105.0,7710105.0,7710105.0,0.0
1780170300,7858053.0,7858053.0,7858053.0,7858053.0,0.00148153
1780171200,7710105.0,7710105.0,7710105.0,7710105.0,0.00143551
1780172100,7710105.0,7710105.0,7710105.0,7710105.0,0.0
1780173000,7816116.0,7816116.0,7816116.0,7816116.0,0.00484038
1780173900,7816116.0,7816116.0,7816116.0,7816116.0,0.0
1780174800,7816116.0,7816116.0,7816116.0,7816116.0,0.0
1780175700,7816116.0,7816116.0,7816116.0,7816116.0,0.0
1780176600,7816116.0,7816116.0,7816116.0,7816116.0,0.0
1780177500,7816116.0,7816116.0,7816116.0,7816116.0,0.0
1780178400,7816116.0,7816116.0,7816116.0,7816116.0,0.0
1780179300,7816116.0,7816116.0,7816116.0,7816116.0,0.0
1780180200,7816116.0,7816116.0,7816116.0,7816116.0,0.0
1780181100,7816116.0,7816116.0,7816116.0,7816116.0,0.0
1780182000,7816116.0,7816116.0,7816116.0,7816116.0,0.0
1780182900,7816116.0,7816116.0,7816116.0,7816116.0,0.0
1780183800,7816116.0,7816116.0,7816116.0,7816116.0,0.0
1780184700,7816116.0,7816116.0,7816116.0,7816116.0,0.0
1780185600,7816116.0,7816116.0,7816116.0,7816116.0,0.0
1780186500,7836048.0,7836048.0,7836048.0,7836048.0,0.00568449
1780187400,7836048.0,7836048.0,7836048.0,7836048.0,0.0
1780188300,7836048.0,7836048.0,7836048.0,7836048.0,0.0
1780189200,7836048.0,7836048.0,7836048.0,7836048.0,0.0
1780190100,7836048.0,7836048.0,7836048.0,7836048.0,0.00127092
1780191000,7836048.0,7836048.0,7836048.0,7836048.0,0.00163449
1780191900,7836048.0,7836048.0,7836048.0,7836048.0,0.0
1780192800,7836048.0,7836048.0,7836048.0,7836048.0,0.0
1780193700,7836048.0,7836048.0,7836048.0,7836048.0,0.0
1780194600,7836048.0,7836048.0,7836048.0,7836048.0,0.0
1780195500,7710105.0,7836043.0,7710105.0,7836043.0,0.00611408
1780196400,7710105.0,7710105.0,7710105.0,7710105.0,0.2261135
1780197300,7710105.0,7710105.0,7710105.0,7710105.0,0.0
1780198200,7710105.0,7710105.0,7710105.0,7710105.0,0.0
1780199100,7710105.0,7710105.0,7710105.0,7710105.0,0.0
1780200000,7836039.0,7836039.0,7836039.0,7836039.0,0.00467187
1780200900,7710109.0,7710109.0,7710109.0,7710109.0,0.00166215
1780201800,7836039.0,7836043.0,7836039.0,7836043.0,0.01273461
1780202700,7836042.0,7836042.0,7836042.0,7836042.0,0.00127092
1780203600,7836042.0,7836042.0,7836042.0,7836042.0,0.0
1780204500,7836042.0,7836042.0,7836042.0,7836042.0,0.0
1780205400,7836042.0,7836042.0,7836042.0,7836042.0,0.0
1780206300,7836042.0,7836042.0,7836042.0,7836042.0,0.0
1780207200,7836042.0,7836042.0,7836042.0,7836042.0,0.0
1780208100,7836042.0,7836042.0,7836042.0,7836042.0,0.0
1780209000,7836042.0,8899000.0,7710110.0,7862567.0,1.31489355
1780209900,7710114.0,7710114.0,7710114.0,7710114.0,0.00449837
1780210800,7710114.0,7710114.0,7710114.0,7710114.0,0.00158041
1780211700,7710114.0,7710114.0,7710114.0,7710114.0,0.0
1780212600,7710114.0,7710114.0,7710114.0,7710114.0,0.0
1780213500,7710114.0,7710114.0,7710114.0,7710114.0,0.0
1780214400,7710114.0,7710114.0,7710114.0,7710114.0,0.0
1780215300,7710114.0,7710114.0,7710114.0,7710114.0,0.0
1780216200,7710114.0,7710114.0,7710114.0,7710114.0,0.0
1780217100,7710114.0,7710114.0,7710114.0,7710114.0,0.0
1780218000,7710114.0,7710114.0,7710114.0,7710114.0,0.0
1780218900,7710114.0,7710114.0,7710114.0,7710114.0,0.0
1780219800,7710114.0,7710114.0,7710114.0,7710114.0,0.0
1780220700,7710114.0,7710114.0,7710114.0,7710114.0,0.0
1780221600,7710114.0,7710114.0,7710114.0,7710114.0,0.0
1780222500,7717894.0,7717894.0,7717894.0,7717894.0,0.00262053
1780223400,7717894.0,7717894.0,7717894.0,7717894.0,0.0
1780224300,7717894.0,7717894.0,7717894.0,7717894.0,0.0
1780225200,7895036.0,7895036.0,7892691.0,7892691.0,0.01392964
1780226100,7715960.0,7908204.0,7715960.0,7908204.0,0.00465763
1780227000,7750005.0,7750005.0,7750004.0,7750004.0,0.01276303
1780227900,7750004.0,7750004.0,7750004.0,7750004.0,0.0
1780228800,7750004.0,7750004.0,7750004.0,7750004.0,0.0
1780229700,8399999.0,8399999.0,8399998.0,8399998.0,0.01500856
1780230600,8399998.0,8399998.0,8399998.0,8399998.0,0.0
1780231500,8399998.0,8399998.0,8399998.0,8399998.0,0.0
1780232400,7760000.0,7760000.0,7760000.0,7760000.0,0.00467187
1780233300,7760000.0,7760000.0,7760000.0,7760000.0,0.0
1780234200,7760000.0,7760000.0,7760000.0,7760000.0,0.0
1780235100,7897200.0,8399998.0,7765101.0,7897200.0,0.01938108
1780236000,7897200.0,7897200.0,7897200.0,7897200.0,0.0
1780236900,7897200.0,7897200.0,7897200.0,7897200.0,0.0
1780237800,7897020.0,7897020.0,7897020.0,7897020.0,0.01261108
1780238700,8399998.0,8399998.0,8399998.0,8399998.0,0.00142261
1780239600,7765102.0,7765102.0,7765102.0,7765102.0,0.01610157
1780240500,7877539.0,7877539.0,7877539.0,7877539.0,0.00495471
1780241400,7877539.0,7877539.0,7877539.0,7877539.0,0.00126422
1780242300,7877539.0,7877539.0,7877539.0,7877539.0,0.0
1780243200,7877539.0,7877539.0,7877539.0,7877539.0,0.0
1780244100,7877539.0,7877539.0,7877539.0,7877539.0,0.0
1780245000,7877539.0,7877539.0,7877539.0,7877539.0,0.0
1780245900,7765102.0,8199996.0,7681051.0,7848859.0,1.21838619
1780246800,7848859.0,7848859.0,7848859.0,7848859.0,0.0
1780247700,7848859.0,7848859.0,7848859.0,7848859.0,0.0
1780248600,7848859.0,7848859.0,7848859.0,7848859.0,0.0
1780249500,7848859.0,7848859.0,7848859.0,7848859.0,0.0
1780250400,7848859.0,7848859.0,7848859.0,7848859.0,0.0
1780251300,7689709.0,7689709.0,7689709.0,7689709.0,0.01263672
1780252200,7689709.0,7689709.0,7689709.0,7689709.0,0.0
1780253100,7689709.0,7689709.0,7689709.0,7689709.0,0.0
1780254000,7689709.0,7689709.0,7689709.0,7689709.0,0.0
1780254900,7865093.0,7865093.0,7865093.0,7865093.0,0.02297124
1780255800,7865093.0,7865093.0,7865093.0,7865093.0,0.0
1780256700,7865093.0,7865093.0,7865093.0,7865093.0,0.0
1780257600,7865093.0,7865093.0,7865093.0,7865093.0,0.0
1780258500,7689513.0,7689513.0,7689513.0,7689513.0,0.13842788
1780259400,7693395.0,7872308.0,7693395.0,7872308.0,0.0043915
1780260300,7692866.0,7692866.0,7692866.0,7692866.0,0.05130281
1780261200,7692866.0,7692866.0,7692866.0,7692866.0,0.0
1780262100,7692866.0,7692866.0,7692866.0,7692866.0,0.0
1780263000,7692866.0,7692866.0,7692866.0,7692866.0,0.0
1780263900,7692866.0,7692866.0,7692866.0,7692866.0,0.0
1780264800,7714498.0,7714498.0,7714498.0,7714498.0,0.00163449
1780265700,7714498.0,7714498.0,7714498.0,7714498.0,0.0
1780266600,7714498.0,7714498.0,7714498.0,7714498.0,0.0
1780267500,7714498.0,7714498.0,7714498.0,7714498.0,0.0
1780268400,8199999.0,8199999.0,8199999.0,8199999.0,0.00203573
1780269300,7910213.0,7910213.0,7910213.0,7910213.0,0.00974512
1780270200,7896292.0,7896292.0,7896292.0,7896292.0,0.00315933
1780271100,7896292.0,7896292.0,7896292.0,7896292.0,0.0
1780272000,7896292.0,7896292.0,7896292.0,7896292.0,0.0
1780272900,7876632.0,7876632.0,7876632.0,7876632.0,0.00301372
1780273800,7876632.0,7876632.0,7876632.0,7876632.0,0.0
1780274700,7876632.0,7876632.0,7876632.0,7876632.0,0.0
1780275600,7876632.0,7876632.0,7876632.0,7876632.0,0.0
1780276500,7689172.0,7689172.0,7689172.0,7689172.0,0.00133821
1780277400,7689172.0,7689172.0,7689172.0,7689172.0,0.0
1780278300,7689172.0,7689172.0,7689172.0,7689172.0,0.0
1780279200,7689172.0,8199995.0,7689172.0,8199995.0,0.00698262
1780280100,7807722.0,7807722.0,7807722.0,7807722.0,0.00242375
1780281000,7807722.0,7807722.0,7807722.0,7807722.0,0.0
1780281900,7807722.0,7807722.0,7807722.0,7807722.0,0.0
1780282800,7691100.0,7819982.0,7691100.0,7819982.0,0.00330132
1780283700,7819982.0,7819982.0,7819982.0,7819982.0,0.0
1780284600,7819982.0,7819982.0,7819982.0,7819982.0,0.0
1780285500,7819982.0,7819982.0,7819982.0,7819982.0,0.0
1780286400,7803611.0,7803611.0,7803611.0,7803611.0,0.00719679
1780287300,8199994.0,8199994.0,8199994.0,8199994.0,0.00121451
1780288200,8199994.0,8199994.0,8199994.0,8199994.0,0.0
1780289100,7790805.0,7790805.0,7790805.0,7790805.0,0.04952145
1780290000,7786849.0,7786849.0,7691100.0,7691100.0,0.01123799
1780290900,7691100.0,7691100.0,7691100.0,7691100.0,0.0
1780291800,7691100.0,7691100.0,7691100.0,7691100.0,0.0
1780292700,7691100.0,7691100.0,7691100.0,7691100.0,0.0
1780293600,7776282.0,7776282.0,7776282.0,7776282.0,0.00312591
1780294500,7776282.0,7776282.0,7776282.0,7776282.0,0.0
1780295400,7776282.0,7776282.0,7776282.0,7776282.0,0.00128287
1780296300,7776282.0,7776282.0,7776282.0,7776282.0,0.00309518
1780297200,7776282.0,7776282.0,7691100.0,7691100.0,0.02803758
1780298100,7776282.0,7776286.0,7776282.0,7776286.0,0.02431248
1780299000,7776500.0,7776500.0,7691100.0,7691100.0,0.10107537
1780299900,7772992.0,7772992.0,7772992.0,7772992.0,0.00128123
1780300800,7772992.0,7772992.0,7772992.0,7772992.0,0.0
1780301700,7772992.0,7772992.0,7772992.0,7772992.0,0.0
1780302600,7772992.0,8199994.0,7691100.0,7691100.0,0.08955218
1780303500,7770755.0,7770755.0,7770755.0,7770755.0,0.0112816
1780304400,7770755.0,7770755.0,7770755.0,7770755.0,0.35
1780305300,7691100.0,7691100.0,7691100.0,7691100.0,0.00174641
1780306200,7691100.0,7691100.0,7691100.0,7691100.0,0.0
1780307100,7691100.0,7691100.0,7691100.0,7691100.0,0.0
1780308000,7691100.0,7691100.0,7691100.0,7691100.0,0.0
1780308900,7691100.0,7691100.0,7691100.0,7691100.0,0.0
1780309800,7691100.0,7691100.0,7691100.0,7691100.0,0.0
1780310700,7691100.0,7691100.0,7691100.0,7691100.0,0.0
1780311600,7773788.0,7773788.0,7773788.0,7773788.0,0.00230595
1780312500,7773788.0,7773788.0,7773788.0,7773788.0,0.0
1780313400,7772610.0,7772610.0,7772610.0,7772610.0,0.02562601
1780314300,8199993.0,8199993.0,7691100.0,7691100.0,0.06989535
1780315200,7691100.0,7691100.0,7691100.0,7691100.0,0.0
1780316100,7691100.0,7691100.0,7691100.0,7691100.0,0.0
1780317000,7691100.0,7691100.0,7691100.0,7691100.0,0.0
1780317900,7691100.0,7691100.0,7691100.0,7691100.0,0.0
1780318800,7691101.0,7691101.0,7691101.0,7691101.0,0.00568449
1780319700,7691101.0,7691101.0,7691101.0,7691101.0,0.0
1780320600,7691101.0,7691101.0,7676120.0,7676120.0,0.31942926
1780321500,7676120.0,7676120.0,7676120.0,7676120.0,0.0
1780322400,7676120.0,7676120.0,7676120.0,7676120.0,0.0
1780323300,7676120.0,7676120.0,7676120.0,7676120.0,0.0
1780324200,7608368.0,7608368.0,7608368.0,7608368.0,0.00248699
1780325100,8199994.0,8299999.0,7580000.0,7580000.0,0.05614731
1780326000,7580000.0,7580000.0,7580000.0,7580000.0,0.0
1780326900,7580000.0,7580000.0,7580000.0,7580000.0,0.0
1780327800,7550002.0,7550002.0,7550002.0,7550002.0,0.02092695
1780328700,7550002.0,7550002.0,7550002.0,7550002.0,0.0
1780329600,7550002.0,7550002.0,7550002.0,7550002.0,0.0
1780330500,7550002.0,7550002.0,7550002.0,7550002.0,0.0
1780331400,7550002.0,7550002.0,7550002.0,7550002.0,0.0
1780332300,7550002.0,7550002.0,7550002.0,7550002.0,0.0
1780333200,7582075.0,7582075.0,7582075.0,7582075.0,0.00145936
1780334100,7586638.0,7586638.0,7586638.0,7586638.0,0.0013127
1780335000,7586638.0,7586638.0,7586638.0,7586638.0,0.0
1780335900,7586638.0,7586638.0,7586638.0,7586638.0,0.0
1780336800,7586638.0,7586638.0,7586638.0,7586638.0,0.0
1780337700,7586943.0,7586943.0,7586943.0,7586943.0,0.00656324
1780338600,7586943.0,7586943.0,7586943.0,7586943.0,0.0
1780339500,7586943.0,7586943.0,7586943.0,7586943.0,0.0
1780340400,7550002.0,7550002.0,7550002.0,7550002.0,0.1085652
1780341300,7551473.0,7551473.0,7499999.0,7499999.0,0.00865738
1780342200,7499999.0,7499999.0,7499999.0,7499999.0,0.0
1780343100,7499999.0,7499999.0,7499999.0,7499999.0,0.0
1780344000,7499999.0,7499999.0,7499999.0,7499999.0,0.00601957
1780344900,7499999.0,7499999.0,7499999.0,7499999.0,0.0
1780345800,7499999.0,7499999.0,7499999.0,7499999.0,0.0
1780346700,7499999.0,7499999.0,7499999.0,7499999.0,0.0
1780347600,7499999.0,7499999.0,7499999.0,7499999.0,0.0
1780348500,7499999.0,7499999.0,7499999.0,7499999.0,0.0
1780349400,7499999.0,7499999.0,7499999.0,7499999.0,0.0
1780350300,7499999.0,7499999.0,7400001.0,7400001.0,0.19622765
1780351200,7420011.0,7420011.0,7420011.0,7420011.0,0.00254218
1780352100,7420011.0,7420011.0,7420011.0,7420011.0,0.0
1780353000,7509824.0,7513297.0,7509824.0,7513297.0,0.04391755
1780353900,7513297.0,7513297.0,7513297.0,7513297.0,0.0
1780354800,7513297.0,7513297.0,7513297.0,7513297.0,0.0
1780355700,7513297.0,7513297.0,7513297.0,7513297.0,0.0
1780356600,7513297.0,7513297.0,7513297.0,7513297.0,0.0
1780357500,7513297.0,7513297.0,7513297.0,7513297.0,0.0
1780358400,7500000.0,7513297.0,7420011.0,7420011.0,0.02603127
1780359300,7420011.0,7420011.0,7400090.0,7400090.0,0.998435
1780360200,7400090.0,7400090.0,7400090.0,7400090.0,0.0
1780361100,7432347.0,7432347.0,7432347.0,7432347.0,0.00160783
1780362000,7432347.0,7432347.0,7432347.0,7432347.0,0.0
1780362900,7474970.0,7474970.0,7474970.0,7474970.0,0.05140488
1780363800,7459093.0,7459093.0,7459093.0,7459093.0,0.02575742
1780364700,7459093.0,7459093.0,7459093.0,7459093.0,0.0
1780365600,7456911.0,7456911.0,7456911.0,7456911.0,0.00157075
1780366500,7400091.0,7400091.0,7400091.0,7400091.0,0.012518
1780367400,7400091.0,7400091.0,7400091.0,7400091.0,0.0
1780368300,7470448.0,7470448.0,7470448.0,7470448.0,0.00473063
1780369200,7470448.0,7470448.0,7470448.0,7470448.0,0.0
1780370100,7470448.0,7470448.0,7470448.0,7470448.0,0.0
1780371000,7400091.0,7448729.0,7400000.0,7448729.0,0.08354963
1780371900,7454237.0,7513297.0,7454237.0,7513297.0,0.25571155
1780372800,7456945.0,7456945.0,7456945.0,7456945.0,0.00173609
1780373700,7448729.0,7466888.0,7448729.0,7466888.0,0.01015697
1780374600,7477311.0,7477311.0,7448729.0,7448729.0,0.0117453
1780375500,7490364.0,7491412.0,7490364.0,7491412.0,0.00364444
1780376400,7513297.0,7799874.0,7513297.0,7799874.0,0.00264095
1780377300,7448729.0,7448729.0,7400000.0,7400000.0,0.36318903
1780378200,7400000.0,7400000.0,7400000.0,7400000.0,0.0
1780379100,7400001.0,7400001.0,7400001.0,7400001.0,0.02091923
1780380000,7400001.0,7400001.0,7400001.0,7400001.0,0.0
1780380900,7400001.0,7400001.0,7400001.0,7400001.0,0.0
1780381800,7502589.0,7502589.0,7502589.0,7502589.0,0.01149269
1780382700,7502589.0,7502589.0,7502589.0,7502589.0,0.0
1780383600,7502589.0,7502589.0,7502589.0,7502589.0,0.0
1780384500,7799874.0,7799874.0,7799874.0,7799874.0,0.00237773
1780385400,7400005.0,7400005.0,7400005.0,7400005.0,0.01870741
1780386300,7400005.0,7400005.0,7400005.0,7400005.0,0.0
1780387200,7400005.0,7400005.0,7400005.0,7400005.0,0.0
1780388100,7400005.0,7400005.0,7400005.0,7400005.0,0.0
1780389000,7400005.0,7400005.0,7400005.0,7400005.0,0.0
1780389900,7400005.0,7400005.0,7400005.0,7400005.0,0.0
1780390800,7400005.0,7400005.0,7400005.0,7400005.0,0.0
1780391700,7400005.0,7400005.0,7400005.0,7400005.0,0.0
1780392600,7400005.0,7400005.0,7400005.0,7400005.0,0.0
1780393500,7400005.0,7400005.0,7400005.0,7400005.0,0.0
1780394400,7400005.0,7400005.0,7400005.0,7400005.0,0.0
1780395300,7400019.0,7400019.0,7400019.0,7400019.0,0.00138029
1780396200,7400019.0,7400019.0,7400019.0,7400019.0,0.0051012
1780397100,7400019.0,7400019.0,7400019.0,7400019.0,0.0
1780398000,7400019.0,7400019.0,7400019.0,7400019.0,0.0
1780398900,7400019.0,7400019.0,7400019.0,7400019.0,0.00527103
1780399800,7400019.0,7400019.0,7400019.0,7400019.0,0.0
1780400700,7519839.0,7519839.0,7400000.0,7400000.0,0.14313111
1780401600,7400000.0,7400000.0,7400000.0,7400000.0,0.0
1780402500,7400000.0,7400000.0,7400000.0,7400000.0,0.0
1780403400,7400004.0,7549313.0,7400004.0,7549313.0,0.0197346
1780404300,7799874.0,7813291.0,7799874.0,7813291.0,0.00178545
1780405200,7813291.0,7813291.0,7813291.0,7813291.0,0.0
1780406100,7813291.0,7813291.0,7813291.0,7813291.0,0.0
1780407000,7813291.0,7813291.0,7813291.0,7813291.0,0.0
1780407900,7400015.0,7494221.0,7400005.0,7494221.0,0.06828304
1780408800,7400013.0,7400013.0,7400013.0,7400013.0,0.00392163
1780409700,7562738.0,7562738.0,7562738.0,7562738.0,0.00658425
1780410600,7562738.0,7562738.0,7562738.0,7562738.0,0.0
1780411500,7562738.0,7562738.0,7562738.0,7562738.0,0.0
1780412400,7562738.0,7562738.0,7562738.0,7562738.0,0.0
1780413300,7562738.0,7562738.0,7562738.0,7562738.0,0.0
1780414200,7562738.0,7562738.0,7562738.0,7562738.0,0.0
1780415100,7562738.0,7562738.0,7562738.0,7562738.0,0.0
1780416000,7586234.0,7586234.0,7586234.0,7586234.0,0.00262554
1780416900,7586234.0,7586234.0,7454842.0,7454842.0,0.02884248
1780417800,7454842.0,7454842.0,7454842.0,7454842.0,0.0
1780418700,7454842.0,7454842.0,7454842.0,7454842.0,0.0
1780419600,7454842.0,7454842.0,7454842.0,7454842.0,0.0
1780420500,7454842.0,7454842.0,7454842.0,7454842.0,0.0
1780421400,7454842.0,7454842.0,7454842.0,7454842.0,0.0
1780422300,7454842.0,7454842.0,7454842.0,7454842.0,0.0
1780423200,7454842.0,7454842.0,7454842.0,7454842.0,0.0
1780424100,7454842.0,7454842.0,7454842.0,7454842.0,0.0
1780425000,7454842.0,7454842.0,7454842.0,7454842.0,0.0
1780425900,7454842.0,7454842.0,7454842.0,7454842.0,0.0
1780426800,7454842.0,7454842.0,7454842.0,7454842.0,0.0
1780427700,7454842.0,7454842.0,7454842.0,7454842.0,0.0
1780428600,7454842.0,7454842.0,7454842.0,7454842.0,0.0
1780429500,7454842.0,7454842.0,7454842.0,7454842.0,0.0
1780430400,7454842.0,7454842.0,7454842.0,7454842.0,0.0
1780431300,7454842.0,7454842.0,7454842.0,7454842.0,0.0
1780432200,7454842.0,7454842.0,7454842.0,7454842.0,0.0
1780433100,7454842.0,7454842.0,7454842.0,7454842.0,0.0
1780434000,7454842.0,7454842.0,7454842.0,7454842.0,0.0
1780434900,7454842.0,7454842.0,7454842.0,7454842.0,0.0
1780435800,7454842.0,7454842.0,7454842.0,7454842.0,0.0
1780436700,7454842.0,7454842.0,7454842.0,7454842.0,0.0
1780437600,7454842.0,7454842.0,7454842.0,7454842.0,0.0
1780438500,7454842.0,7454842.0,7454842.0,7454842.0,0.0
1780439400,7454842.0,7454842.0,7454842.0,7454842.0,0.0
1780440300,7454842.0,7454842.0,7454842.0,7454842.0,0.0
1780441200,7454842.0,7454842.0,7454842.0,7454842.0,0.0
1780442100,7454842.0,7454842.0,7454842.0,7454842.0,0.0
1780443000,7454842.0,7454842.0,7454842.0,7454842.0,0.0
1780443900,7454842.0,7454842.0,7454842.0,7454842.0,0.0
1780444800,7586234.0,7614516.0,7586234.0,7614516.0,0.07862979
1780445700,7614516.0,7614516.0,7614516.0,7614516.0,0.0
1780446600,7614516.0,7614516.0,7614516.0,7614516.0,0.0
1780447500,7454461.0,7454461.0,7454461.0,7454461.0,0.01149269
1780448400,7454461.0,7454461.0,7454461.0,7454461.0,0.0
1780449300,7454461.0,7454461.0,7454461.0,7454461.0,0.0
1780450200,7454467.0,7454467.0,7454467.0,7454467.0,0.00361398
1780451100,7454467.0,7454467.0,7454467.0,7454467.0,0.0
1780452000,7454471.0,7454471.0,7454463.0,7454463.0,0.06497738
1780452900,7454463.0,7454463.0,7454463.0,7454463.0,0.0
1780453800,7454463.0,7454463.0,7454463.0,7454463.0,0.0
1780454700,7454463.0,7454463.0,7454463.0,7454463.0,0.0
1780455600,7454463.0,7454463.0,7454463.0,7454463.0,0.0
1780456500,7600016.0,7600016.0,7600016.0,7600016.0,0.00151354
1780457400,7600016.0,7600016.0,7600016.0,7600016.0,0.0
1780458300,7600016.0,7600016.0,7600016.0,7600016.0,0.0
1780459200,7600016.0,7600016.0,7600016.0,7600016.0,0.0
1780460100,7600016.0,7600016.0,7600016.0,7600016.0,0.0
1780461000,7600016.0,7600016.0,7600016.0,7600016.0,0.0
1780461900,7600016.0,7618728.0,7600016.0,7618728.0,0.19766375
1780462800,7618728.0,7618728.0,7618728.0,7618728.0,0.0
1780463700,7618728.0,7618728.0,7618728.0,7618728.0,0.0
1780464600,7618728.0,7618728.0,7618728.0,7618728.0,0.0
1780465500,7618728.0,7618728.0,7618728.0,7618728.0,0.0
1780466400,7618728.0,7618728.0,7618728.0,7618728.0,0.0
1780467300,7618728.0,7618728.0,7618728.0,7618728.0,0.0
1780468200,7481579.0,7481579.0,7481579.0,7481579.0,0.14714304
1780469100,7481579.0,7481579.0,7481579.0,7481579.0,0.0
1780470000,7481579.0,7481579.0,7481579.0,7481579.0,0.0
1780470900,7481579.0,7481579.0,7481579.0,7481579.0,0.0
1780471800,7481579.0,7481579.0,7481579.0,7481579.0,0.0
1780472700,7473181.0,7473181.0,7473181.0,7473181.0,0.04904769
1780473600,7473665.0,7638012.0,7473665.0,7638012.0,0.00578909
1780474500,7638012.0,7638012.0,7638012.0,7638012.0,0.0
1780475400,7638012.0,7638012.0,7638012.0,7638012.0,0.0
1780476300,7638012.0,7638012.0,7638012.0,7638012.0,0.0
1780477200,7609001.0,7609001.0,7609001.0,7609001.0,0.00130884
1780478100,7609001.0,7609001.0,7609001.0,7609001.0,0.0
1780479000,7609001.0,7609001.0,7609001.0,7609001.0,0.0
1780479900,7473181.0,7473181.0,7473181.0,7473181.0,0.00228092
1780480800,7473181.0,7473181.0,7473181.0,7473181.0,0.0
1780481700,7473181.0,7473181.0,7473181.0,7473181.0,0.0
1780482600,7599535.0,7638007.0,7473181.0,7473181.0,0.00952618
1780483500,7473181.0,7473181.0,7473181.0,7473181.0,0.0
1780484400,7473181.0,7473181.0,7473181.0,7473181.0,0.0171031
1780485300,7616215.0,7616215.0,7616215.0,7616215.0,0.01947726
1780486200,7616215.0,7616215.0,7616215.0,7616215.0,0.0
1780487100,7473181.0,7473181.0,7473181.0,7473181.0,0.00382309
1780488000,7473181.0,7473181.0,7473181.0,7473181.0,0.0
1780488900,7473181.0,7473181.0,7473181.0,7473181.0,0.0
1780489800,7627709.0,7627709.0,7627709.0,7627709.0,0.01305634
1780490700,7627709.0,7627709.0,7627709.0,7627709.0,0.0
1780491600,7627709.0,7627709.0,7627709.0,7627709.0,0.0
1780492500,7627709.0,7627709.0,7627709.0,7627709.0,0.0
1780493400,7623514.0,7623514.0,7623514.0,7623514.0,0.00130635
1780494300,7623514.0,7623514.0,7623514.0,7623514.0,0.0
1780495200,7638007.0,7643617.0,7638007.0,7643617.0,0.3973047
1780496100,7643617.0,7643617.0,7643617.0,7643617.0,0.0
1780497000,7643617.0,7643617.0,7643617.0,7643617.0,0.0
1780497900,7643617.0,7643617.0,7643617.0,7643617.0,0.0
1780498800,7693913.0,7693913.0,7693913.0,7693913.0,0.00221157
1780499700,7693913.0,7693913.0,7693913.0,7693913.0,0.0
1780500600,7774692.0,7774692.0,7454467.0,7454467.0,0.00440931
1780501500,7454467.0,7454467.0,7454467.0,7454467.0,0.0
1780502400,7454467.0,7454467.0,7454467.0,7454467.0,0.0
1780503300,7454467.0,7454467.0,7454467.0,7454467.0,0.0
1780504200,7454467.0,7454467.0,7454467.0,7454467.0,0.0
1780505100,7454467.0,7454467.0,7454467.0,7454467.0,0.0
1780506000,7657968.0,7657968.0,7490184.0,7490184.0,0.00527656
1780506900,7490184.0,7490184.0,7490184.0,7490184.0,0.0
1780507800,7490184.0,7490184.0,7490184.0,7490184.0,0.0
1780508700,7490184.0,7490184.0,7490184.0,7490184.0,0.0
1780509600,7518598.0,7518598.0,7518598.0,7518598.0,0.00473063
1780510500,7518598.0,7518598.0,7518598.0,7518598.0,0.0
1780511400,7518598.0,7518598.0,7518598.0,7518598.0,0.0
1780512300,7519864.0,7519864.0,7519864.0,7519864.0,0.00315277
1780513200,7519864.0,7519864.0,7519864.0,7519864.0,0.0
1780514100,7519864.0,7519864.0,7519864.0,7519864.0,0.0
1780515000,7519864.0,7519864.0,7519864.0,7519864.0,0.0
1780515900,7503291.0,7503291.0,7503291.0,7503291.0,0.00230595
1780516800,7503291.0,7503291.0,7503291.0,7503291.0,0.0
1780517700,7503291.0,7503291.0,7503291.0,7503291.0,0.0
1780518600,7503291.0,7503291.0,7503291.0,7503291.0,0.0
1780519500,7503291.0,7503291.0,7503291.0,7503291.0,0.0
1780520400,7503291.0,7503291.0,7503291.0,7503291.0,0.0
1780521300,7700195.0,7700195.0,7700195.0,7700195.0,0.00202657
1780522200,7517418.0,7517418.0,7517418.0,7517418.0,0.00202657
1780523100,7517418.0,7517418.0,7517418.0,7517418.0,0.0
1780524000,7517418.0,7517418.0,7517418.0,7517418.0,0.0
1780524900,7517418.0,7517418.0,7517418.0,7517418.0,0.0
1780525800,7517418.0,7517418.0,7517418.0,7517418.0,0.0
1780526700,7517418.0,7517418.0,7517418.0,7517418.0,0.0
1780527600,7517418.0,7517418.0,7517418.0,7517418.0,0.01261108
1780528500,7517418.0,7517418.0,7517418.0,7517418.0,0.0
1780529400,7517418.0,7517418.0,7517418.0,7517418.0,0.0
1780530300,7517418.0,7517418.0,7517418.0,7517418.0,0.0
1780531200,7683531.0,7683531.0,7683531.0,7683531.0,0.00129614
1780532100,7683531.0,7683531.0,7683531.0,7683531.0,0.0
1780533000,7683531.0,7683531.0,7683531.0,7683531.0,0.0
1780533900,7683531.0,7683531.0,7683531.0,7683531.0,0.0
1780534800,7683531.0,7683531.0,7683531.0,7683531.0,0.0
1780535700,7700191.0,7700191.0,7700191.0,7700191.0,0.00144476
1780536600,7700191.0,7700191.0,7700191.0,7700191.0,0.0
1780537500,7700191.0,7700191.0,7700191.0,7700191.0,0.0
1780538400,7700191.0,7700191.0,7700191.0,7700191.0,0.0
1780539300,7535359.0,7535359.0,7489526.0,7489526.0,0.07644666
1780540200,7489526.0,7489526.0,7489526.0,7489526.0,0.0
1780541100,7695938.0,7695938.0,7695938.0,7695938.0,0.00481903
1780542000,7700191.0,7700191.0,7700191.0,7700191.0,0.00149372
1780542900,7700191.0,7700191.0,7700191.0,7700191.0,0.0
1780543800,7700191.0,7700191.0,7700191.0,7700191.0,0.0
1780544700,7700191.0,7700191.0,7700191.0,7700191.0,0.0
1780545600,7699974.0,7699974.0,7699974.0,7699974.0,0.00223221
1780546500,7699974.0,7699974.0,7699974.0,7699974.0,0.0
1780547400,7699974.0,7699974.0,7699974.0,7699974.0,0.0
1780548300,7537562.0,7537562.0,7537562.0,7537562.0,0.79601335
1780549200,7537562.0,7537562.0,7537562.0,7537562.0,0.0
1780550100,7537562.0,7537562.0,7537562.0,7537562.0,0.0
1780551000,7537562.0,7537562.0,7537562.0,7537562.0,0.0
1780551900,7521009.0,7521009.0,7521009.0,7521009.0,0.00404267
1780552800,7521009.0,7521009.0,7521009.0,7521009.0,0.0
1780553700,7521009.0,7521009.0,7521009.0,7521009.0,0.0
1780554600,7521009.0,7521009.0,7506592.0,7506592.0,0.00223221
1780555500,7506592.0,7506592.0,7506592.0,7506592.0,0.0
1780556400,7687590.0,7687590.0,7687590.0,7687590.0,0.00230969
1780557300,7687590.0,7687590.0,7687590.0,7687590.0,0.0
1780558200,7687590.0,7687590.0,7687590.0,7687590.0,0.0
1780559100,7687590.0,7687590.0,7687590.0,7687590.0,0.0
1780560000,7687590.0,7687590.0,7687590.0,7687590.0,0.0
1780560900,7687590.0,7687590.0,7687590.0,7687590.0,0.0
1780561800,7687590.0,7687590.0,7687590.0,7687590.0,0.0
1780562700,7504101.0,7504101.0,7504101.0,7504101.0,0.04189098
1780563600,7504101.0,7504101.0,7504101.0,7504101.0,0.0
1780564500,7504101.0,7504101.0,7504101.0,7504101.0,0.0
1780565400,7643963.0,7643963.0,7643963.0,7643963.0,0.00326362
1780566300,7668174.0,7668174.0,7668174.0,7668174.0,0.0021657
1780567200,7668174.0,7668174.0,7668174.0,7668174.0,0.0
1780568100,7668174.0,7668174.0,7668174.0,7668174.0,0.0
1780569000,7668174.0,7668174.0,7668174.0,7668174.0,0.0
1780569900,7668174.0,7668174.0,7668174.0,7668174.0,0.0
1780570800,7495173.0,7495173.0,7495173.0,7495173.0,0.00308873
1780571700,7495173.0,7495173.0,7495173.0,7495173.0,0.0
1780572600,7495173.0,7495173.0,7495173.0,7495173.0,0.0
1780573500,7512309.0,7512309.0,7512309.0,7512309.0,0.00222088
1780574400,7512309.0,7512309.0,7512309.0,7512309.0,0.0
1780575300,7506755.0,7506755.0,7506755.0,7506755.0,0.0028607
1780576200,7506755.0,7506755.0,7506755.0,7506755.0,0.0
1780577100,7506755.0,7506755.0,7506755.0,7506755.0,0.0
1780578000,7506755.0,7506755.0,7506755.0,7506755.0,0.0
1780578900,7506755.0,7506755.0,7506755.0,7506755.0,0.0
1780579800,7506755.0,7506755.0,7506755.0,7506755.0,0.0
1780580700,7506755.0,7506755.0,7506755.0,7506755.0,0.0
1780581600,7506755.0,7506755.0,7506755.0,7506755.0,0.0
1780582500,7584942.0,7584942.0,7584942.0,7584942.0,0.00144476
1780583400,7584942.0,7584942.0,7584942.0,7584942.0,0.0
1780584300,7584942.0,7584942.0,7584942.0,7584942.0,0.0
1780585200,7584942.0,7584942.0,7584942.0,7584942.0,0.0
1780586100,7584942.0,7584942.0,7584942.0,7584942.0,0.0
1780587000,7584942.0,7584942.0,7584942.0,7584942.0,0.0
1780587900,7584942.0,7584942.0,7584942.0,7584942.0,0.0
1780588800,7625579.0,7649229.0,7625579.0,7649229.0,0.01572928
1780589700,7495173.0,7495173.0,7477921.0,7490000.0,0.17276029
1780590600,7490000.0,7490000.0,7490000.0,7490000.0,0.0
1780591500,7638698.0,7638698.0,7638698.0,7638698.0,0.01306361
1780592400,7638698.0,7638698.0,7638698.0,7638698.0,0.0
1780593300,7638698.0,7638698.0,7638698.0,7638698.0,0.0
1780594200,7638698.0,7638698.0,7638698.0,7638698.0,0.0
1780595100,7457538.0,7457538.0,7457538.0,7457538.0,0.01228785
1780596000,7652636.0,7652636.0,7652636.0,7652636.0,0.00185988
1780596900,7652636.0,7652636.0,7652636.0,7652636.0,0.0
1780597800,7652636.0,7652636.0,7652636.0,7652636.0,0.0
1780598700,7652636.0,7652636.0,7652636.0,7652636.0,0.0
1780599600,7652636.0,7652636.0,7652636.0,7652636.0,0.0
1780600500,7652636.0,7652636.0,7652636.0,7652636.0,0.0
1780601400,7652636.0,7652636.0,7652636.0,7652636.0,0.0
1780602300,7652636.0,7652636.0,7652636.0,7652636.0,0.0
1780603200,7652636.0,7652636.0,7652636.0,7652636.0,0.0
1780604100,7652636.0,7652636.0,7652636.0,7652636.0,0.0
1780605000,7615809.0,7615809.0,7615809.0,7615809.0,0.00130767
1780605900,7615809.0,7615809.0,7615809.0,7615809.0,0.0
1780606800,7615809.0,7615809.0,7615809.0,7615809.0,0.0
1780607700,7615809.0,7615809.0,7615809.0,7615809.0,0.0
1780608600,7615809.0,7615809.0,7615809.0,7615809.0,0.0
1780609500,7615809.0,7615809.0,7615809.0,7615809.0,0.0
1780610400,7615809.0,7615809.0,7615809.0,7615809.0,0.0
1780611300,7615809.0,7615809.0,7615809.0,7615809.0,0.0
1780612200,7615809.0,7615809.0,7615809.0,7615809.0,0.0
1780613100,7615809.0,7615809.0,7615809.0,7615809.0,0.0
1780614000,7602554.0,7602554.0,7454471.0,7454471.0,0.00287482
1780614900,7454471.0,7454471.0,7454471.0,7454471.0,0.0
1780615800,7454471.0,7454471.0,7454471.0,7454471.0,0.0
1780616700,7454471.0,7454471.0,7454471.0,7454471.0,0.0
1780617600,7454471.0,7454471.0,7454471.0,7454471.0,0.0
1780618500,7454471.0,7454471.0,7454471.0,7454471.0,0.0
1780619400,7454471.0,7454471.0,7454471.0,7454471.0,0.0
1780620300,7454471.0,7542818.0,7454471.0,7542818.0,0.00353715
1780621200,7542818.0,7542818.0,7542818.0,7542818.0,0.0
1780622100,7542818.0,7542818.0,7542818.0,7542818.0,0.0
1780623000,7542818.0,7542818.0,7542818.0,7542818.0,0.0
1780623900,7542818.0,7542818.0,7542818.0,7542818.0,0.0
1780624800,7542818.0,7542818.0,7542818.0,7542818.0,0.0
1780625700,7454471.0,7454471.0,7454471.0,7454471.0,0.00269036
1780626600,7454471.0,7454471.0,7454471.0,7454471.0,0.0
1780627500,7454471.0,7454471.0,7454471.0,7454471.0,0.0
1780628400,7454471.0,7454471.0,7454471.0,7454471.0,0.0
1780629300,7454471.0,7454471.0,7454471.0,7454471.0,0.0
1780630200,7559874.0,7559874.0,7559874.0,7559874.0,0.00152145
1780631100,7559874.0,7559874.0,7559874.0,7559874.0,0.0
1780632000,7557664.0,7557664.0,7557664.0,7557664.0,0.00660177
1780632900,7557664.0,7557664.0,7557664.0,7557664.0,0.0
1780633800,7557664.0,7557664.0,7557664.0,7557664.0,0.0
1780634700,7465704.0,7465704.0,7465704.0,7465704.0,0.00436061
1780635600,7465704.0,7465704.0,7465704.0,7465704.0,0.0
1780636500,7465704.0,7465704.0,7465704.0,7465704.0,0.0
1780637400,7465704.0,7465704.0,7465704.0,7465704.0,0.0
1780638300,7465704.0,7465704.0,7465704.0,7465704.0,0.0
1780639200,7465704.0,7465704.0,7465704.0,7465704.0,0.0
1780640100,7465704.0,7465704.0,7465704.0,7465704.0,0.0
1780641000,7465704.0,7465704.0,7465704.0,7465704.0,0.0
1780641900,7454475.0,7454475.0,7454475.0,7454475.0,0.00752336
1780642800,7454475.0,7454475.0,7454475.0,7454475.0,0.0
1780643700,7454475.0,7454475.0,7454475.0,7454475.0,0.0
1780644600,7454475.0,7454475.0,7454475.0,7454475.0,0.01273461
1780645500,7454475.0,7454475.0,7454475.0,7454475.0,0.0
1780646400,7454475.0,7454475.0,7454475.0,7454475.0,0.0
1780647300,7454475.0,7454475.0,7454475.0,7454475.0,0.0
1780648200,7454475.0,7454475.0,7454475.0,7454475.0,0.0
1780649100,7462288.0,7462288.0,7462288.0,7462288.0,0.00389397
1780650000,7462288.0,7462288.0,7462288.0,7462288.0,0.0
1780650900,7462288.0,7462288.0,7462288.0,7462288.0,0.0
1780651800,7455396.0,7464275.0,7454471.0,7454471.0,0.05588649
1780652700,7634701.0,7634701.0,7634701.0,7634701.0,0.00676018
1780653600,7634701.0,7634701.0,7634701.0,7634701.0,0.0
1780654500,7634701.0,7634701.0,7634701.0,7634701.0,0.0
1780655400,7634701.0,7634701.0,7634701.0,7634701.0,0.0
1780656300,7484908.0,7484908.0,7482677.0,7482677.0,0.4875536
1780657200,7640000.0,7640000.0,7640000.0,7640000.0,0.00230955
1780658100,7639009.0,7639009.0,7639009.0,7639009.0,0.00142439
1780659000,7639009.0,7639009.0,7639009.0,7639009.0,0.0
1780659900,7639009.0,7639009.0,7639009.0,7639009.0,0.0
1780660800,7639009.0,7639009.0,7639009.0,7639009.0,0.0
1780661700,7639009.0,7639009.0,7639009.0,7639009.0,0.0
1780662600,7639009.0,7639009.0,7639009.0,7639009.0,0.0
1780663500,7639009.0,7639009.0,7639009.0,7639009.0,0.0
1780664400,7639009.0,7639009.0,7639009.0,7639009.0,0.0
1780665300,7600001.0,7600001.0,7600001.0,7600001.0,0.0019521
1780666200,7600001.0,7600001.0,7600001.0,7600001.0,0.05420024
1780667100,7600001.0,7600001.0,7600001.0,7600001.0,0.0
1780668000,7490471.0,7490471.0,7490471.0,7490471.0,0.01500356
1780668900,7490471.0,7490471.0,7454463.0,7454463.0,0.11454274
1780669800,7454463.0,7454463.0,7454463.0,7454463.0,0.0
1780670700,7454463.0,7454463.0,7454463.0,7454463.0,0.0
1780671600,7400000.0,7400000.0,7400000.0,7400000.0,0.16010854
1780672500,7400000.0,7400000.0,7400000.0,7400000.0,0.0
1780673400,7400000.0,7400000.0,7400000.0,7400000.0,0.0
1780674300,7400000.0,7400000.0,7400000.0,7400000.0,0.0
1780675200,7290000.0,7290000.0,7290000.0,7290000.0,0.00248052
1780676100,7290000.0,7290000.0,7290000.0,7290000.0,0.0
1780677000,7290000.0,7290000.0,7290000.0,7290000.0,0.01177476
1780677900,7290000.0,7290000.0,7290000.0,7290000.0,0.0
1780678800,7290000.0,7290000.0,7290000.0,7290000.0,0.0
1780679700,7290000.0,7290000.0,7290000.0,7290000.0,0.0
1780680600,7279997.0,7279997.0,7279997.0,7279997.0,0.00136799
1780681500,7279997.0,7279997.0,7279997.0,7279997.0,0.0
1780682400,7279997.0,7279997.0,7279997.0,7279997.0,0.0
1780683300,7200172.0,7200172.0,7035006.0,7195453.0,0.1452148
1780684200,7036096.0,7036096.0,7036096.0,7036096.0,0.00157303
1780685100,7036096.0,7036096.0,7036096.0,7036096.0,0.0
1780686000,7036096.0,7036096.0,7036096.0,7036096.0,0.0
1780686900,7035006.0,7035006.0,7035006.0,7035006.0,0.00527493
1780687800,7035006.0,7035006.0,7035006.0,7035006.0,0.0
1780688700,7035006.0,7035006.0,7035006.0,7035006.0,0.0
1780689600,7035006.0,7035006.0,7035006.0,7035006.0,0.0
1780690500,7035006.0,7035006.0,7035006.0,7035006.0,0.0
1780691400,7035006.0,7035006.0,7035006.0,7035006.0,0.0
1780692300,7035006.0,7035006.0,7035006.0,7035006.0,0.0
1780693200,7035006.0,7035006.0,7035006.0,7035006.0,0.0
1780694100,7035006.0,7035006.0,7035006.0,7035006.0,0.0
1780695000,7035006.0,7035006.0,7035006.0,7035006.0,0.0
1780695900,7035006.0,7035006.0,7035006.0,7035006.0,0.0
1780696800,7651899.0,7651899.0,7651899.0,7651899.0,0.03904534
1780697700,7651899.0,7651899.0,7651899.0,7651899.0,0.0
1780698600,7651899.0,7651899.0,7651899.0,7651899.0,0.0
1780699500,7651899.0,7651899.0,7651899.0,7651899.0,0.0
1780700400,7651899.0,7651899.0,7651899.0,7651899.0,0.0
1780701300,7650894.0,7650894.0,7650894.0,7650894.0,0.00178972
1780702200,7037458.0,7037458.0,7037456.0,7037456.0,0.02504323
1780703100,7650882.0,7650899.0,7037457.0,7037457.0,0.5020886
1780704000,7037457.0,7037457.0,7037457.0,7037457.0,0.0
1780704900,7037457.0,7037457.0,7037457.0,7037457.0,0.0
1780705800,7037457.0,7037457.0,7037457.0,7037457.0,0.0
1780706700,7037457.0,7037457.0,7037457.0,7037457.0,0.0
1780707600,7037457.0,7037457.0,7037457.0,7037457.0,0.0
1780708500,7037457.0,7037457.0,7037457.0,7037457.0,0.0
1780709400,7037457.0,7037457.0,7037457.0,7037457.0,0.0
1780710300,7569944.0,7569944.0,7569944.0,7569944.0,0.00152233
1780711200,7569944.0,7569944.0,7569944.0,7569944.0,0.0
1780712100,7569944.0,7569944.0,7569944.0,7569944.0,0.0
1780713000,7569944.0,7569944.0,7569944.0,7569944.0,0.0
1780713900,7569944.0,7569944.0,7569944.0,7569944.0,0.0
1780714800,7569944.0,7569944.0,7569944.0,7569944.0,0.0
1780715700,7549958.0,7549958.0,7549958.0,7549958.0,0.00144543
1780716600,7549958.0,7549958.0,7549958.0,7549958.0,0.0
1780717500,7549958.0,7549958.0,7549958.0,7549958.0,0.0
1780718400,7049238.0,7049238.0,7049238.0,7049238.0,0.00163471
1780719300,7049238.0,7049238.0,7049238.0,7049238.0,0.0
1780720200,7049238.0,7049238.0,7049238.0,7049238.0,0.0
1780721100,7049238.0,7049238.0,7049238.0,7049238.0,0.0
1780722000,7549742.0,7549742.0,7539996.0,7539996.0,0.0146605
1780722900,7049232.0,7049232.0,7049232.0,7049232.0,0.00144297
1780723800,7049235.0,7049235.0,7049235.0,7049235.0,0.00242352
1780724700,7539978.0,7539978.0,7049236.0,7049236.0,0.00391845
1780725600,7049236.0,7049236.0,7049236.0,7049236.0,0.0
1780726500,7049236.0,7049236.0,7049236.0,7049236.0,0.0
1780727400,7049236.0,7049236.0,7049236.0,7049236.0,0.0
1780728300,7049236.0,7049236.0,7049236.0,7049236.0,0.0
1780729200,7049236.0,7049236.0,7049236.0,7049236.0,0.0
1780730100,7049236.0,7049236.0,7049236.0,7049236.0,0.0
1780731000,7049236.0,7049236.0,7049236.0,7049236.0,0.0
1780731900,7499986.0,7499986.0,7499986.0,7499986.0,0.00132866
1780732800,7499982.0,7499984.0,7100002.0,7119958.0,0.09542491
1780733700,7119958.0,7119958.0,7119958.0,7119958.0,0.0
1780734600,7119958.0,7119958.0,7119958.0,7119958.0,0.0
1780735500,7119958.0,7119958.0,7119958.0,7119958.0,0.0
1780736400,7119958.0,7119958.0,7119958.0,7119958.0,0.0
1780737300,7119958.0,7119958.0,7119958.0,7119958.0,0.0
1780738200,7119958.0,7119958.0,7119958.0,7119958.0,0.0
1780739100,7119958.0,7119958.0,7119958.0,7119958.0,0.0
1780740000,7499608.0,7499947.0,7100002.0,7100002.0,0.14210757
1780740900,7100002.0,7100002.0,7100002.0,7100002.0,0.0
1780741800,7100002.0,7100002.0,7100002.0,7100002.0,0.0
1780742700,7100002.0,7100002.0,7100002.0,7100002.0,0.0
1780743600,7100002.0,7100002.0,7100002.0,7100002.0,0.0
1780744500,7100002.0,7100002.0,7100002.0,7100002.0,0.0
1780745400,7100002.0,7100002.0,7100002.0,7100002.0,0.0
1780746300,7100002.0,7100002.0,7100002.0,7100002.0,0.0
1780747200,7100002.0,7100002.0,7100002.0,7100002.0,0.0
1780748100,7100002.0,7100002.0,7100002.0,7100002.0,0.0
1780749000,7100004.0,7100004.0,7049234.0,7049234.0,0.02597177
1780749900,7049234.0,7049234.0,7049234.0,7049234.0,0.0
1780750800,7049234.0,7049234.0,7049234.0,7049234.0,0.0
1780751700,7049234.0,7049234.0,7049234.0,7049234.0,0.0
1780752600,7049234.0,7049234.0,7049234.0,7049234.0,0.0
1780753500,7049234.0,7049234.0,7049234.0,7049234.0,0.0
1780754400,7049234.0,7049234.0,7049234.0,7049234.0,0.0
1780755300,7049234.0,7049234.0,7049234.0,7049234.0,0.0
1780756200,7049234.0,7049234.0,7049234.0,7049234.0,0.0
1780757100,7049240.0,7049240.0,7049238.0,7049238.0,0.0094735
1780758000,7049238.0,7049238.0,7049238.0,7049238.0,0.0
1780758900,7499902.0,7499902.0,7499902.0,7499902.0,0.00866637
1780759800,7499902.0,7499902.0,7499902.0,7499902.0,0.0
1780760700,7499900.0,7499902.0,7499900.0,7499902.0,0.01208375
1780761600,7499902.0,7499902.0,7499902.0,7499902.0,0.0
1780762500,7499902.0,7499902.0,7499902.0,7499902.0,0.0
1780763400,7499902.0,7499902.0,7499902.0,7499902.0,0.0
1780764300,7499902.0,7499902.0,7499902.0,7499902.0,0.0
1780765200,7499902.0,7499902.0,7499902.0,7499902.0,0.0
1780766100,7499902.0,7499902.0,7499902.0,7499902.0,0.0
1780767000,7499902.0,7499902.0,7499902.0,7499902.0,0.0
1780767900,7499902.0,7499902.0,7499902.0,7499902.0,0.0
1780768800,7499902.0,7499902.0,7499902.0,7499902.0,0.0
1780769700,7499902.0,7499902.0,7499902.0,7499902.0,0.0
1780770600,7499902.0,7499902.0,7499902.0,7499902.0,0.0
1780771500,7499902.0,7499902.0,7499902.0,7499902.0,0.0
1780772400,7499902.0,7499902.0,7499902.0,7499902.0,0.0
1780773300,7499796.0,7499796.0,7499796.0,7499796.0,0.0013279
1780774200,7499796.0,7499796.0,7499796.0,7499796.0,0.0
1780775100,7499796.0,7499796.0,7499796.0,7499796.0,0.0
1780776000,7499796.0,7499796.0,7499796.0,7499796.0,0.0
1780776900,7499796.0,7499796.0,7499796.0,7499796.0,0.0
1780777800,7499796.0,7499796.0,7499796.0,7499796.0,0.0
1780778700,7499796.0,7499796.0,7499796.0,7499796.0,0.0
1780779600,7499796.0,7499796.0,7499796.0,7499796.0,0.0
1780780500,7499796.0,7499796.0,7499796.0,7499796.0,0.0
1780781400,7499796.0,7499796.0,7499796.0,7499796.0,0.0
1780782300,7499796.0,7499796.0,7499796.0,7499796.0,0.0
1780783200,7499796.0,7499796.0,7499796.0,7499796.0,0.0
1780784100,7050196.0,7050196.0,7050196.0,7050196.0,0.01424385
1780785000,7050196.0,7050196.0,7050196.0,7050196.0,0.0
1780785900,7050200.0,7050200.0,7050200.0,7050200.0,0.00427389
1780786800,7050200.0,7050200.0,7050200.0,7050200.0,0.0
1780787700,7050200.0,7050200.0,7050200.0,7050200.0,0.0
1780788600,7499582.0,7499582.0,7499582.0,7499582.0,0.00237359
1780789500,7499582.0,7499582.0,7499582.0,7499582.0,0.0
1780790400,7499582.0,7499582.0,7499582.0,7499582.0,0.0
1780791300,7499582.0,7499582.0,7499582.0,7499582.0,0.0
1780792200,7499582.0,7499582.0,7499582.0,7499582.0,0.0
1780793100,7499582.0,7499582.0,7499582.0,7499582.0,0.0
1780794000,7499582.0,7499582.0,7499582.0,7499582.0,0.0
1780794900,7051894.0,7490534.0,7051201.0,7490534.0,0.13178695
1780795800,7051202.0,7051202.0,7051202.0,7051202.0,0.00433302
1780796700,7051202.0,7051202.0,7051202.0,7051202.0,0.0
1780797600,7051202.0,7051202.0,7051202.0,7051202.0,0.0
1780798500,7490534.0,7490534.0,7490534.0,7490534.0,0.00169747
1780799400,7490534.0,7490534.0,7490534.0,7490534.0,0.0
1780800300,7490534.0,7490534.0,7490534.0,7490534.0,0.0
1780801200,7490528.0,7490528.0,7490528.0,7490528.0,0.00146238
1780802100,7490528.0,7490528.0,7490528.0,7490528.0,0.0
1780803000,7490526.0,7490526.0,7079808.0,7079808.0,0.01026884
1780803900,7079808.0,7079808.0,7079808.0,7079808.0,0.0
1780804800,7079888.0,7079888.0,7079888.0,7079888.0,0.00152233
1780805700,7490466.0,7490466.0,7490466.0,7490466.0,0.00132955
1780806600,7079978.0,7079978.0,7079976.0,7079976.0,0.0211968
1780807500,7079976.0,7079976.0,7079976.0,7079976.0,0.0
1780808400,7079976.0,7079976.0,7079976.0,7079976.0,0.0
1780809300,7079976.0,7079976.0,7079976.0,7079976.0,0.0
1780810200,7079976.0,7079976.0,7079976.0,7079976.0,0.0
1780811100,7079976.0,7079976.0,7079976.0,7079976.0,0.0
1780812000,7079976.0,7079976.0,7079976.0,7079976.0,0.0
1780812900,7253872.0,7253872.0,7253866.0,7253866.0,0.00380748
1780813800,7253866.0,7253866.0,7253866.0,7253866.0,0.0
1780814700,7253866.0,7253866.0,7253866.0,7253866.0,0.0
1780815600,7253866.0,7253866.0,7253866.0,7253866.0,0.0
1780816500,7253866.0,7253866.0,7253866.0,7253866.0,0.0
1780817400,7140004.0,7140004.0,7140004.0,7140004.0,0.0340638
1780818300,7140004.0,7140004.0,7140004.0,7140004.0,0.0
1780819200,7253576.0,7253576.0,7253576.0,7253576.0,0.00137297
1780820100,7253576.0,7253576.0,7253576.0,7253576.0,0.0
1780821000,7253576.0,7253576.0,7253576.0,7253576.0,0.0
1780821900,7253456.0,7253456.0,7253456.0,7253456.0,0.001373
1780822800,7253456.0,7253456.0,7253456.0,7253456.0,0.0
1780823700,7253378.0,7253380.0,7253378.0,7253380.0,0.01373015
1780824600,7253380.0,7253380.0,7253380.0,7253380.0,0.0
1780825500,7253380.0,7253380.0,7253380.0,7253380.0,0.0
1780826400,7237310.0,7237310.0,7237310.0,7237310.0,0.00137606
1780827300,7237310.0,7237310.0,7237310.0,7237310.0,0.0
1780828200,7237310.0,7237310.0,7237310.0,7237310.0,0.0
1780829100,7237310.0,7237310.0,7237310.0,7237310.0,0.0
1780830000,7237310.0,7237310.0,7237310.0,7237310.0,0.0
1780830900,7237310.0,7237310.0,7237310.0,7237310.0,0.0
1780831800,7237310.0,7237310.0,7237310.0,7237310.0,0.0
1780832700,7237310.0,7237310.0,7237310.0,7237310.0,0.0
1780833600,7237310.0,7237310.0,7237310.0,7237310.0,0.0
1780834500,7237310.0,7237310.0,7237310.0,7237310.0,0.0
1780835400,7237310.0,7237310.0,7237310.0,7237310.0,0.0
1780836300,7237310.0,7237310.0,7237310.0,7237310.0,0.0
1780837200,7118156.0,7118156.0,7066216.0,7118156.0,0.00758353
1780838100,7118156.0,7118156.0,7118156.0,7118156.0,0.0
1780839000,7118156.0,7118156.0,7118156.0,7118156.0,0.0
1780839900,7118160.0,7118160.0,7118160.0,7118160.0,0.00139909
1780840800,7118160.0,7118160.0,7118160.0,7118160.0,0.0
1780841700,7118160.0,7118160.0,7118160.0,7118160.0,0.0
1780842600,7118160.0,7118160.0,7118160.0,7118160.0,0.0
1780843500,7118160.0,7118160.0,7118160.0,7118160.0,0.0
1780844400,7118160.0,7118160.0,7118160.0,7118160.0,0.0
1780845300,7072657.0,7072657.0,7072657.0,7072657.0,0.01322985
1780846200,7072657.0,7072657.0,7072657.0,7072657.0,0.0
1780847100,7072657.0,7072657.0,7072657.0,7072657.0,0.0
1780848000,7072657.0,7072657.0,7072657.0,7072657.0,0.0
1780848900,7072657.0,7072657.0,7072657.0,7072657.0,0.0
1780849800,7237859.0,7237859.0,7237859.0,7237859.0,0.00137595
1780850700,7237859.0,7237859.0,7237859.0,7237859.0,0.0
1780851600,7237859.0,7237859.0,7237859.0,7237859.0,0.0
1780852500,7237859.0,7237859.0,7237859.0,7237859.0,0.0
1780853400,7247201.0,7247201.0,7247201.0,7247201.0,0.00427392
1780854300,7234567.0,7234567.0,7234567.0,7234567.0,0.00688292
1780855200,7234567.0,7234567.0,7234567.0,7234567.0,0.0
1780856100,7234567.0,7234567.0,7234567.0,7234567.0,0.0
1780857000,7234567.0,7234567.0,7234567.0,7234567.0,0.0
1780857900,7234567.0,7234567.0,7234567.0,7234567.0,0.0
1780858800,7234567.0,7234567.0,7234567.0,7234567.0,0.0
1780859700,7234567.0,7234567.0,7234567.0,7234567.0,0.0
1780860600,7234567.0,7234567.0,7234567.0,7234567.0,0.0
1780861500,7234567.0,7234567.0,7234567.0,7234567.0,0.0
1780862400,7234567.0,7234567.0,7234567.0,7234567.0,0.0
1780863300,7100004.0,7100004.0,7100000.0,7100000.0,0.18209847
1780864200,7100000.0,7100000.0,7100000.0,7100000.0,0.0
1780865100,7100000.0,7100000.0,7100000.0,7100000.0,0.0
1780866000,7100000.0,7100000.0,7100000.0,7100000.0,0.0
1780866900,7100000.0,7100000.0,7100000.0,7100000.0,0.0
1780867800,7490329.0,7490329.0,7490329.0,7490329.0,0.00159539
1780868700,7490329.0,7490329.0,7490329.0,7490329.0,0.0
1780869600,7490329.0,7490329.0,7490329.0,7490329.0,0.0
1780870500,7490329.0,7490329.0,7490329.0,7490329.0,0.0
1780871400,7490329.0,7490329.0,7490329.0,7490329.0,0.0
1780872300,7490329.0,7490329.0,7490329.0,7490329.0,0.0
1780873200,7226272.0,7226272.0,7100004.0,7100004.0,0.00435172
1780874100,7100004.0,7100004.0,7100004.0,7100004.0,0.0
1780875000,7100004.0,7100004.0,7100004.0,7100004.0,0.0
1780875900,7100010.0,7228341.0,7100009.0,7228341.0,0.03681935
1780876800,7228341.0,7228341.0,7228341.0,7228341.0,0.0
1780877700,7228341.0,7228341.0,7228341.0,7228341.0,0.0
1780878600,7228341.0,7228341.0,7228341.0,7228341.0,0.0
1780879500,7228341.0,7228341.0,7228341.0,7228341.0,0.0
1780880400,7228341.0,7228341.0,7228341.0,7228341.0,0.0
1780881300,7100018.0,7220635.0,7100018.0,7202483.0,0.01515425
1780882200,7193848.0,7206899.0,7193848.0,7206899.0,0.01336134
1780883100,7206899.0,7206899.0,7206899.0,7206899.0,0.0
1780884000,7206899.0,7206899.0,7206899.0,7206899.0,0.0
1780884900,7206899.0,7206899.0,7206899.0,7206899.0,0.0
1780885800,7206899.0,7206899.0,7206899.0,7206899.0,0.0
1780886700,7206899.0,7206899.0,7206899.0,7206899.0,0.0
1780887600,7241252.0,7241252.0,7241252.0,7241252.0,0.00281484
1780888500,7244945.0,7244945.0,7244945.0,7244945.0,0.00259215
1780889400,7244945.0,7244945.0,7244945.0,7244945.0,0.0
1780890300,7111124.0,7111124.0,7111124.0,7111124.0,0.00262871
1780891200,7111124.0,7111124.0,7111124.0,7111124.0,0.0
1780892100,7111124.0,7111124.0,7111124.0,7111124.0,0.0
1780893000,7244945.0,7244945.0,7111124.0,7111124.0,0.01519961
1780893900,7111124.0,7111124.0,7111124.0,7111124.0,0.0
1780894800,7111124.0,7111124.0,7111124.0,7111124.0,0.0
1780895700,7111124.0,7111124.0,7111124.0,7111124.0,0.0
1780896600,7204413.0,7204413.0,7111124.0,7111124.0,0.00397449
1780897500,7111124.0,7111124.0,7111124.0,7111124.0,0.0
1780898400,7209358.0,7209358.0,7209358.0,7209358.0,0.00357105
1780899300,7209358.0,7209358.0,7209358.0,7209358.0,0.0
1780900200,7209358.0,7209358.0,7209358.0,7209358.0,0.0
1780901100,7209358.0,7209358.0,7209358.0,7209358.0,0.0
1780902000,7209358.0,7209358.0,7209358.0,7209358.0,0.0
1780902900,7209358.0,7209358.0,7209358.0,7209358.0,0.0
1780903800,7209358.0,7209358.0,7209358.0,7209358.0,0.0
1780904700,7209358.0,7209358.0,7209358.0,7209358.0,0.0
1780905600,7244941.0,7254499.0,7244941.0,7254499.0,0.03252593
1780906500,7111124.0,7111124.0,7111124.0,7111124.0,0.00141496
1780907400,7111124.0,7111124.0,7111124.0,7111124.0,0.0
1780908300,7254177.0,7254177.0,7254177.0,7254177.0,0.01372864
1780909200,7254177.0,7254177.0,7254177.0,7254177.0,0.0
1780910100,7252190.0,7252190.0,7252190.0,7252190.0,0.00137324
1780911000,7252190.0,7252190.0,7252190.0,7252190.0,0.0
1780911900,7118801.0,7118801.0,7118801.0,7118801.0,0.01076496
1780912800,7118801.0,7118801.0,7118801.0,7118801.0,0.0
1780913700,7118801.0,7118801.0,7118801.0,7118801.0,0.0
1780914600,7118801.0,7118801.0,7118801.0,7118801.0,0.0
1780915500,7118801.0,7118801.0,7118801.0,7118801.0,0.0
1780916400,7299715.0,7299715.0,7133463.0,7133463.0,0.00409657
1780917300,7133463.0,7133463.0,7133463.0,7133463.0,0.0
1780918200,7133463.0,7133463.0,7133463.0,7133463.0,0.0
1780919100,7133463.0,7133463.0,7133463.0,7133463.0,0.0
1780920000,7133463.0,7133463.0,7133463.0,7133463.0,0.0
1780920900,7133463.0,7133463.0,7133463.0,7133463.0,0.0
1780921800,7348354.0,7348354.0,7347551.0,7347551.0,0.02321015
1780922700,7347543.0,7347543.0,7342518.0,7342518.0,0.00830338
1780923600,7342518.0,7342518.0,7342518.0,7342518.0,0.0
1780924500,7346377.0,8000000.0,7314037.0,7314037.0,4.42948231
1780925400,7314037.0,7314037.0,7314037.0,7314037.0,0.0
1780926300,7314037.0,7314037.0,7314037.0,7314037.0,0.0
1780927200,7314037.0,7314037.0,7314037.0,7314037.0,0.0
1780928100,7998995.0,7998995.0,7238450.0,7238450.0,0.00342066
1780929000,7238450.0,7238450.0,7238450.0,7238450.0,0.0
1780929900,7238450.0,7238450.0,7238450.0,7238450.0,0.0
1780930800,7997000.0,7997000.0,7997000.0,7997000.0,0.00124534
1780931700,7997000.0,7997000.0,7997000.0,7997000.0,0.0
1780932600,7362898.0,7362898.0,7362898.0,7362898.0,0.00135259
1780933500,7362898.0,7362898.0,7362898.0,7362898.0,0.0
1780934400,7362898.0,7362898.0,7362898.0,7362898.0,0.0
1780935300,7362898.0,7362898.0,7362898.0,7362898.0,0.0
1780936200,7454440.0,7454440.0,7454440.0,7454440.0,0.00290739
1780937100,7362902.0,7362902.0,7362902.0,7362902.0,0.00290739
1780938000,7483144.0,7483144.0,7483144.0,7483144.0,0.00133085
1780938900,7483144.0,7483144.0,7483144.0,7483144.0,0.0
1780939800,7494248.0,7494248.0,7494248.0,7494248.0,0.00783854
1780940700,7494248.0,7494248.0,7494248.0,7494248.0,0.0
1780941600,7494248.0,7494248.0,7494248.0,7494248.0,0.0
1780942500,7494248.0,7494248.0,7494248.0,7494248.0,0.0
1780943400,7494248.0,7494248.0,7494248.0,7494248.0,0.0
1780944300,7494248.0,7494248.0,7494248.0,7494248.0,0.0
1780945200,7494248.0,7494248.0,7494248.0,7494248.0,0.0
1780946100,7494248.0,7494248.0,7494248.0,7494248.0,0.0
1780947000,7494248.0,7494248.0,7494248.0,7494248.0,0.0
1780947900,7494248.0,7494248.0,7494248.0,7494248.0,0.0
1780948800,7494248.0,7494248.0,7494248.0,7494248.0,0.0
1780949700,7494248.0,7494248.0,7494248.0,7494248.0,0.0
1780950600,7494248.0,7494248.0,7494248.0,7494248.0,0.0
1780951500,7494248.0,7494248.0,7494248.0,7494248.0,0.0
1780952400,7498279.0,7498279.0,7498279.0,7498279.0,0.00664085
1780953300,7498279.0,7498279.0,7498279.0,7498279.0,0.0
1780954200,7498279.0,7498279.0,7498279.0,7498279.0,0.0
1780955100,7498279.0,7498279.0,7498279.0,7498279.0,0.0
1780956000,7498279.0,7498279.0,7498279.0,7498279.0,0.0
1780956900,7498279.0,7498279.0,7498279.0,7498279.0,0.0
1780957800,7462615.0,7462619.0,7462615.0,7462619.0,0.10551724
1780958700,7462619.0,7462619.0,7462619.0,7462619.0,0.0
1780959600,7462619.0,7462619.0,7462619.0,7462619.0,0.0
1780960500,7462619.0,7462619.0,7462619.0,7462619.0,0.0
1780961400,7462619.0,7462619.0,7462619.0,7462619.0,0.0
1780962300,7462619.0,7462619.0,7462619.0,7462619.0,0.0
1780963200,7462619.0,7462619.0,7462619.0,7462619.0,0.0
1780964100,7462619.0,7462619.0,7462619.0,7462619.0,0.0
1780965000,7402912.0,7402912.0,7402912.0,7402912.0,0.001373
1780965900,7402912.0,7402912.0,7402912.0,7402912.0,0.0
1780966800,7402912.0,7402912.0,7402912.0,7402912.0,0.0
1780967700,7402912.0,7402912.0,7402912.0,7402912.0,0.0
1780968600,7402912.0,7402912.0,7402912.0,7402912.0,0.0
1780969500,7402912.0,7402912.0,7402902.0,7402902.0,0.10551724
1780970400,7402902.0,7402902.0,7402902.0,7402902.0,0.0
1780971300,7402902.0,7402902.0,7402902.0,7402902.0,0.0
1780972200,7489399.0,7489399.0,7489399.0,7489399.0,0.00933317
1780973100,7489399.0,7489399.0,7489399.0,7489399.0,0.0
1780974000,7489399.0,7489399.0,7489399.0,7489399.0,0.0020776
1780974900,7489399.0,7505899.0,7489399.0,7505899.0,0.08989201
1780975800,7950000.0,7950000.0,7402902.0,7402902.0,0.05155819
1780976700,7402902.0,7402902.0,7402902.0,7402902.0,0.0
1780977600,7402902.0,7402902.0,7402902.0,7402902.0,0.0
1780978500,7402902.0,7402902.0,7402902.0,7402902.0,0.0
1780979400,7402902.0,7402902.0,7402902.0,7402902.0,0.0
1780980300,7402902.0,7402902.0,7402902.0,7402902.0,0.0
1780981200,7402902.0,7402902.0,7402902.0,7402902.0,0.0
1780982100,7402912.0,7402912.0,7402911.0,7402911.0,0.00553463
1780983000,7511616.0,7511616.0,7511616.0,7511616.0,0.00332112
1780983900,7490571.0,7490571.0,7490571.0,7490571.0,0.00201386
1780984800,7490571.0,7490571.0,7490571.0,7490571.0,0.0
1780985700,7490571.0,7490571.0,7490571.0,7490571.0,0.0
1780986600,7522254.0,7522254.0,7522254.0,7522254.0,0.00132393
1780987500,7522254.0,7522254.0,7522254.0,7522254.0,0.0
1780988400,7522254.0,7522254.0,7522254.0,7522254.0,0.0
1780989300,7522254.0,7522254.0,7522254.0,7522254.0,0.0
1780990200,7522254.0,7522254.0,7522254.0,7522254.0,0.0
1780991100,7522254.0,7522254.0,7522254.0,7522254.0,0.0
1780992000,7402906.0,7402906.0,7402906.0,7402906.0,0.00376086
1780992900,7402906.0,7402906.0,7402906.0,7402906.0,0.0
1780993800,7402906.0,7402906.0,7402902.0,7402902.0,0.0884875
1780994700,7402902.0,7402902.0,7402902.0,7402902.0,0.0
1780995600,7402902.0,7402902.0,7402902.0,7402902.0,0.0
1780996500,7402910.0,7402910.0,7402902.0,7402902.0,0.06630462
1780997400,7483361.0,7483361.0,7483361.0,7483361.0,0.05054346
1780998300,7472144.0,7472144.0,7472144.0,7472144.0,0.00133281
1780999200,7880984.0,7880984.0,7402906.0,7402906.0,0.00575461
1781000100,7880000.0,7880984.0,7502596.0,7502596.0,0.04729471
1781001000,7492089.0,7492089.0,7492089.0,7492089.0,0.00132926
1781001900,7491476.0,7880984.0,7491476.0,7492734.0,0.02361431
1781002800,7492734.0,7492734.0,7492734.0,7492734.0,0.0
1781003700,7482155.0,7482155.0,7402903.0,7402903.0,0.00491366
1781004600,7493316.0,7493316.0,7493316.0,7493316.0,0.00147945
1781005500,7499369.0,7499369.0,7486238.0,7486238.0,0.00731226
1781006400,7402903.0,7402903.0,7402902.0,7402902.0,0.06815563
1781007300,7402902.0,7402902.0,7402902.0,7402902.0,0.00262147
1781008200,7402902.0,7402902.0,7402902.0,7402902.0,0.0
1781009100,7402902.0,7402902.0,7402902.0,7402902.0,0.0
1781010000,7402902.0,7402902.0,7402902.0,7402902.0,0.0
1781010900,7402902.0,7402902.0,7402902.0,7402902.0,0.0
1781011800,7402902.0,7402902.0,7402902.0,7402902.0,0.0
1781012700,7491593.0,7491593.0,7402902.0,7402902.0,0.00938922
1781013600,7481095.0,7481095.0,7481095.0,7481095.0,0.002461
1781014500,7402902.0,7880879.0,7251316.0,7251316.0,0.63612129
1781015400,7231727.0,7231727.0,7231727.0,7231727.0,0.00149702
1781016300,7231727.0,7231727.0,7231727.0,7231727.0,0.00267693
1781017200,7231727.0,7231727.0,7231727.0,7231727.0,0.0
1781018100,7231731.0,7231731.0,7200000.0,7200000.0,0.27760899
1781019000,7187020.0,7187020.0,7187020.0,7187020.0,0.06939733
1781019900,7880867.0,7880867.0,7880867.0,7880867.0,0.01266218
1781020800,7110114.0,7110114.0,7110114.0,7110114.0,0.29091206
1781021700,7110114.0,7110116.0,7100000.0,7100000.0,1.85875256
1781022600,7049000.0,7094991.0,7035000.0,7035000.0,3.56769777
1781023500,7028040.0,7049357.0,7017493.0,7049357.0,0.13779756
1781024400,7000018.0,7000018.0,7000018.0,7000018.0,0.00545557
1781025300,7000018.0,7000018.0,7000018.0,7000018.0,0.0
1781026200,7168210.0,7168210.0,7168210.0,7168210.0,0.00138932
1781027100,7168210.0,7168210.0,7168210.0,7168210.0,0.0
1781028000,7168210.0,7168210.0,7168210.0,7168210.0,0.0
1781028900,7203200.0,7203200.0,7203200.0,7203200.0,0.00144185
1781029800,7198795.0,7198795.0,7198795.0,7198795.0,0.00642802
1781030700,7198795.0,7198795.0,7198795.0,7198795.0,0.0
1781031600,7022278.0,7022278.0,7022278.0,7022278.0,0.00321401
1781032500,7022278.0,7022278.0,7022278.0,7022278.0,0.00321401
1781033400,7022278.0,7022278.0,7022278.0,7022278.0,0.0
1781034300,7022278.0,7022278.0,7022278.0,7022278.0,0.0
1781035200,7022278.0,7022278.0,7022278.0,7022278.0,0.0
1781036100,7022278.0,7022278.0,7022278.0,7022278.0,0.0
1781037000,7022278.0,7022278.0,7022278.0,7022278.0,0.0
1781037900,7022278.0,7022278.0,7022278.0,7022278.0,0.0
1781038800,7022278.0,7022278.0,7022278.0,7022278.0,0.0
1781039700,7022278.0,7022278.0,7022278.0,7022278.0,0.0
1781040600,7022278.0,7022278.0,7022278.0,7022278.0,0.0
1781041500,7161657.0,7161657.0,7161657.0,7161657.0,0.00286665
1781042400,7161657.0,7161657.0,7161657.0,7161657.0,0.0
1781043300,7161657.0,7161657.0,7161657.0,7161657.0,0.0
1781044200,7161657.0,7161657.0,7161657.0,7161657.0,0.0
1781045100,7161657.0,7161657.0,7161657.0,7161657.0,0.0
1781046000,7161657.0,7161657.0,7161657.0,7161657.0,0.0
1781046900,7161657.0,7161657.0,7161657.0,7161657.0,0.0
1781047800,7211588.0,7211588.0,7211588.0,7211588.0,0.01383259
1781048700,7211588.0,7211588.0,7211588.0,7211588.0,0.0
1781049600,7211588.0,7211588.0,7211588.0,7211588.0,0.0
1781050500,7211588.0,7211588.0,7211588.0,7211588.0,0.0
1781051400,7211588.0,7211588.0,7211588.0,7211588.0,0.0
1781052300,7100000.0,7100000.0,7100000.0,7100000.0,0.00163387
1781053200,7100000.0,7100000.0,7100000.0,7100000.0,0.0257348
1781054100,7183993.0,7183993.0,7100000.0,7100000.0,0.00924513
1781055000,7100000.0,7176160.0,7100000.0,7176160.0,0.03073601
1781055900,7169396.0,7169396.0,7169396.0,7169396.0,0.00527854
1781056800,7169396.0,7169396.0,7169396.0,7169396.0,0.0
1781057700,7169396.0,7169396.0,7169396.0,7169396.0,0.0
1781058600,7172310.0,7172310.0,7172310.0,7172310.0,0.10979557
1781059500,7172310.0,7172310.0,7172310.0,7172310.0,0.0
1781060400,7166093.0,7179642.0,7100000.0,7100000.0,0.00445192
1781061300,7100000.0,7100000.0,7100000.0,7100000.0,0.0
1781062200,7100000.0,7100000.0,7100000.0,7100000.0,0.0
1781063100,7100000.0,7100000.0,7100000.0,7100000.0,0.0
1781064000,7133326.0,7133326.0,7133326.0,7133326.0,0.00496864
1781064900,7133326.0,7133326.0,7133326.0,7133326.0,0.0
1781065800,7100000.0,7100000.0,7100000.0,7100000.0,0.00496881
1781066700,7100000.0,7100000.0,7100000.0,7100000.0,0.00996153
1781067600,7100000.0,7100000.0,7100000.0,7100000.0,0.0
1781068500,7100000.0,7100000.0,7100000.0,7100000.0,0.0
1781069400,7100000.0,7100000.0,7100000.0,7100000.0,0.0
1781070300,7100000.0,7100000.0,7100000.0,7100000.0,0.0
1781071200,7100000.0,7100000.0,7100000.0,7100000.0,0.0
1781072100,7100000.0,7100000.0,7100000.0,7100000.0,0.0
1781073000,7100000.0,7100000.0,7100000.0,7100000.0,0.0
1781073900,7100000.0,7100000.0,7100000.0,7100000.0,0.0
1781074800,7100000.0,7100000.0,7100000.0,7100000.0,0.0
1781075700,7100000.0,7100000.0,7100000.0,7100000.0,0.0
1781076600,7100000.0,7100000.0,7100000.0,7100000.0,0.0
1781077500,7100000.0,7100000.0,7100000.0,7100000.0,0.0
1781078400,7100000.0,7100000.0,7100000.0,7100000.0,0.0
1781079300,7100000.0,7100000.0,7100000.0,7100000.0,0.0
1781080200,7100000.0,7100000.0,7100000.0,7100000.0,0.29002325
1781081100,7100000.0,7100000.0,7099648.0,7099648.0,0.12551131
1781082000,7099648.0,7099648.0,7099648.0,7099648.0,0.0
1781082900,7099648.0,7099648.0,7099648.0,7099648.0,0.0
1781083800,7099648.0,7099648.0,7099648.0,7099648.0,0.0
1781084700,7099648.0,7099648.0,7099648.0,7099648.0,0.0
1781085600,7082046.0,7082046.0,7000022.0,7000022.0,0.01349976
1781086500,7000022.0,7000022.0,7000018.0,7000018.0,0.06355489
1781087400,7000018.0,7000018.0,7000018.0,7000018.0,0.0
1781088300,7000018.0,7000018.0,7000018.0,7000018.0,0.0
1781089200,7000018.0,7000018.0,7000018.0,7000018.0,0.0
1781090100,7000018.0,7000018.0,7000018.0,7000018.0,0.0
1781091000,7000018.0,7000018.0,7000018.0,7000018.0,0.0
1781091900,7000018.0,7000018.0,7000018.0,7000018.0,0.0
1781092800,7000018.0,7000018.0,7000018.0,7000018.0,0.0
1781093700,7083928.0,7083928.0,7000022.0,7000022.0,0.02388838
1781094600,7083928.0,7149874.0,7000022.0,7000022.0,0.00609624
1781095500,7000026.0,7000026.0,7000026.0,7000026.0,0.00230955
1781096400,7000026.0,7000026.0,7000026.0,7000026.0,0.0
1781097300,7082996.0,7083000.0,7000026.0,7000026.0,0.01822453
1781098200,7000026.0,7000026.0,7000026.0,7000026.0,0.0
1781099100,7082996.0,7082996.0,7082996.0,7082996.0,0.00226274
1781100000,7082996.0,7082996.0,7082996.0,7082996.0,0.0
1781100900,7082996.0,7082996.0,7082996.0,7082996.0,0.0
1781101800,7082996.0,7082996.0,7082996.0,7082996.0,0.0
1781102700,7000026.0,7000026.0,6992511.0,6992511.0,0.21226775
1781103600,6978563.0,6978563.0,6978563.0,6978563.0,0.00349642
1781104500,6954456.0,6954456.0,6954456.0,6954456.0,0.00143203
1781105400,6954456.0,6954456.0,6954456.0,6954456.0,0.0
1781106300,7082996.0,7082996.0,7082996.0,7082996.0,0.01035578
1781107200,7082996.0,7082996.0,7082996.0,7082996.0,0.0
1781108100,7082996.0,7082996.0,7082996.0,7082996.0,0.0
1781109000,7082996.0,7082996.0,7082996.0,7082996.0,0.0
1781109900,7082996.0,7082996.0,7082996.0,7082996.0,0.0
1781110800,7082996.0,7082996.0,7082996.0,7082996.0,0.0
1781111700,6819713.0,6819713.0,6819713.0,6819713.0,0.00147542
1781112600,6819713.0,6819713.0,6819713.0,6819713.0,0.0
1781113500,6819713.0,6819713.0,6819713.0,6819713.0,0.0
1781114400,6819713.0,6819713.0,6819713.0,6819713.0,0.0
1781115300,6819713.0,6819713.0,6819713.0,6819713.0,0.0
1781116200,6819713.0,6819713.0,6819713.0,6819713.0,0.0
1781117100,6819713.0,6819713.0,6819713.0,6819713.0,0.0
1781118000,6819713.0,6819713.0,6819713.0,6819713.0,0.0
1781118900,6819713.0,6819713.0,6819713.0,6819713.0,0.0
1781119800,6819713.0,6819713.0,6819713.0,6819713.0,0.0
1781120700,6819713.0,6819713.0,6819713.0,6819713.0,0.0
1781121600,6819713.0,6819713.0,6819713.0,6819713.0,0.0
1781122500,6819713.0,6819713.0,6819713.0,6819713.0,0.0
1781123400,6819713.0,6819713.0,6819713.0,6819713.0,0.0
1781124300,6819713.0,6819713.0,6819713.0,6819713.0,0.0
1781125200,6819713.0,6819713.0,6819713.0,6819713.0,0.0
1781126100,6819713.0,6819713.0,6819713.0,6819713.0,0.0
1781127000,6819713.0,6819713.0,6819713.0,6819713.0,0.0
1781127900,6819713.0,6819713.0,6819713.0,6819713.0,0.0
1781128800,6819713.0,6819713.0,6819713.0,6819713.0,0.0
1781129700,6819713.0,6819713.0,6819713.0,6819713.0,0.0
1781130600,6898289.0,7082996.0,6898289.0,7082996.0,0.07239562
1781131500,6819713.0,6819713.0,6819713.0,6819713.0,0.01686598
1781132400,6819709.0,6819709.0,6819709.0,6819709.0,0.00203573
1781133300,6819709.0,6819709.0,6819709.0,6819709.0,0.0
1781134200,6914545.0,6914545.0,6914545.0,6914545.0,0.00144029
1781135100,6914545.0,6914545.0,6914545.0,6914545.0,0.0
1781136000,6914545.0,6914545.0,6914545.0,6914545.0,0.0
1781136900,6914545.0,6914545.0,6914545.0,6914545.0,0.0
1781137800,6914545.0,6914545.0,6914545.0,6914545.0,0.0
1781138700,6921332.0,6921332.0,6921332.0,6921332.0,0.00598699
1781139600,6921332.0,6921332.0,6921332.0,6921332.0,0.0
1781140500,6921332.0,6921332.0,6921332.0,6921332.0,0.0
1781141400,6921332.0,6921332.0,6921332.0,6921332.0,0.0
1781142300,6921332.0,6921332.0,6921332.0,6921332.0,0.0
1781143200,6921332.0,6921332.0,6921332.0,6921332.0,0.0
1781144100,6921332.0,6921332.0,6921332.0,6921332.0,0.0
1781145000,6819713.0,7082992.0,6819713.0,6819713.0,0.01094277
1781145900,6819713.0,6819713.0,6819709.0,6819709.0,0.06939733
1781146800,6819709.0,6819709.0,6819709.0,6819709.0,0.0
1781147700,6819709.0,6819709.0,6819709.0,6819709.0,0.0
1781148600,7082992.0,7082992.0,7082992.0,7082992.0,0.00692828
1781149500,7082992.0,7082992.0,7082992.0,7082992.0,0.0
1781150400,7082992.0,7082992.0,7082992.0,7082992.0,0.02892053
1781151300,7082992.0,7082992.0,7082992.0,7082992.0,0.0
1781152200,7082992.0,7082992.0,7082992.0,7082992.0,0.0
1781153100,6899718.0,6899718.0,6819709.0,6819709.0,0.01059142
1781154000,6819709.0,6819709.0,6819709.0,6819709.0,0.0
1781154900,6819709.0,6819709.0,6819709.0,6819709.0,0.0
1781155800,6700004.0,6700004.0,6700004.0,6700004.0,0.01116073
1781156700,6700004.0,6700004.0,6700004.0,6700004.0,0.0
1781157600,7082992.0,7082996.0,7082992.0,7082996.0,0.02497375
1781158500,7082996.0,7082996.0,7082996.0,7082996.0,0.0
1781159400,7082992.0,7082992.0,7082992.0,7082992.0,0.00219554
1781160300,7082992.0,7082992.0,6700004.0,6700004.0,0.00482324
1781161200,6700004.0,6700004.0,6700004.0,6700004.0,0.0
1781162100,7082992.0,7082992.0,7082992.0,7082992.0,0.0043538
1781163000,6700004.0,7082992.0,6700004.0,7082992.0,0.00628291
1781163900,7082992.0,7082992.0,7082992.0,7082992.0,0.0
1781164800,7082992.0,7082992.0,7082992.0,7082992.0,0.0
1781165700,7082992.0,7082992.0,7082992.0,7082992.0,0.0
1781166600,6700004.0,6700004.0,6700004.0,6700004.0,0.03811286
1781167500,6700004.0,6700004.0,6700004.0,6700004.0,0.0
1781168400,7082992.0,7082992.0,6700004.0,6700004.0,0.03769731
1781169300,6700004.0,6700004.0,6700004.0,6700004.0,0.0
1781170200,7081000.0,7081000.0,7081000.0,7081000.0,0.01410704
1781171100,7081000.0,7081000.0,7081000.0,7081000.0,0.0
1781172000,7081000.0,7081000.0,7081000.0,7081000.0,0.0
1781172900,7081000.0,7081000.0,7081000.0,7081000.0,0.0
1781173800,7081000.0,7081000.0,7081000.0,7081000.0,0.0
1781174700,7081000.0,7081000.0,7081000.0,7081000.0,0.0
1781175600,7081000.0,7081000.0,7081000.0,7081000.0,0.0
1781176500,7081000.0,7081000.0,7081000.0,7081000.0,0.0
1781177400,7081000.0,7081000.0,7081000.0,7081000.0,0.0
1781178300,7081000.0,7081000.0,7081000.0,7081000.0,0.00560838
1781179200,7081000.0,7081000.0,7081000.0,7081000.0,0.0
1781180100,6700004.0,6700004.0,6700004.0,6700004.0,0.00280419
1781181000,6700004.0,6700004.0,6700004.0,6700004.0,0.00349074
1781181900,7080996.0,7080996.0,6700004.0,6700004.0,0.00788069
1781182800,6700004.0,6700004.0,6700004.0,6700004.0,0.0053654
1781183700,7080996.0,7080996.0,7080996.0,7080996.0,0.00616311
1781184600,7080996.0,7080996.0,7080996.0,7080996.0,0.00140644
1781185500,7080996.0,7080996.0,7080996.0,7080996.0,0.0
1781186400,7080996.0,7080996.0,7080996.0,7080996.0,0.0
1781187300,7080996.0,7080996.0,7080996.0,7080996.0,0.0
1781188200,7080996.0,7080996.0,7080996.0,7080996.0,0.0
1781189100,7080996.0,7080996.0,7080996.0,7080996.0,0.0
1781190000,7080996.0,7080996.0,7080996.0,7080996.0,0.0
1781190900,7080996.0,7080996.0,7080996.0,7080996.0,0.00153806
1781191800,7080996.0,7080996.0,7080996.0,7080996.0,0.00140644
1781192700,6700008.0,6700008.0,6700008.0,6700008.0,0.00433168
1781193600,6700008.0,6700008.0,6700008.0,6700008.0,0.0
1781194500,7080996.0,7080996.0,7080996.0,7080996.0,0.00140644
1781195400,7080996.0,7080996.0,7080996.0,7080996.0,0.0
1781196300,7080996.0,7080996.0,7080996.0,7080996.0,0.0
1781197200,7080996.0,7080996.0,7080996.0,7080996.0,0.0
1781198100,7080996.0,7080996.0,7080996.0,7080996.0,0.0
1781199000,7080996.0,7080996.0,7080996.0,7080996.0,0.0
1781199900,7080996.0,7080996.0,7080996.0,7080996.0,0.0
1781200800,7080996.0,7080996.0,7080996.0,7080996.0,0.0
1781201700,7080996.0,7080996.0,7080996.0,7080996.0,0.0
1781202600,7080996.0,7080996.0,7080996.0,7080996.0,0.0
1781203500,7080996.0,7080996.0,7080996.0,7080996.0,0.0
1781204400,7080996.0,7080996.0,7080996.0,7080996.0,0.0
1781205300,7080996.0,7080996.0,7080996.0,7080996.0,0.0
1781206200,7080996.0,7080996.0,7080996.0,7080996.0,0.0
1781207100,7080996.0,7082992.0,7080996.0,7082992.0,0.2447384
1781208000,7082992.0,7082992.0,7082992.0,7082992.0,0.0
1781208900,7082992.0,7082992.0,7082992.0,7082992.0,0.0
1781209800,7082992.0,7082992.0,7082992.0,7082992.0,0.0
1781210700,7082992.0,7082992.0,7082992.0,7082992.0,0.0
1781211600,7082992.0,7082992.0,7082992.0,7082992.0,0.0
1781212500,7082992.0,7082992.0,7082992.0,7082992.0,0.0
1781213400,7082992.0,7082992.0,7082992.0,7082992.0,0.0
1781214300,7082992.0,7082992.0,7082992.0,7082992.0,0.0
1781215200,7082992.0,7082992.0,7082992.0,7082992.0,0.0
1781216100,7082992.0,7082992.0,7082992.0,7082992.0,0.00279345
1781217000,7082992.0,7082992.0,7082992.0,7082992.0,0.0
1781217900,7082992.0,7082992.0,7082992.0,7082992.0,0.0
1781218800,6700023.0,7250000.0,6700023.0,7250000.0,0.0531469
1781219700,7250000.0,7250000.0,7250000.0,7250000.0,0.0
1781220600,7250000.0,7250000.0,7250000.0,7250000.0,0.0
1781221500,7249996.0,7249996.0,7249996.0,7249996.0,0.00137365
1781222400,7249996.0,7249996.0,7249996.0,7249996.0,0.0
1781223300,7249996.0,7249996.0,7249996.0,7249996.0,0.0
1781224200,7249996.0,7249996.0,7249996.0,7249996.0,0.00178565
1781225100,7249996.0,7249996.0,7249996.0,7249996.0,0.00171765
1781226000,7249996.0,7249996.0,7249996.0,7249996.0,0.00137365
1781226900,7249996.0,7249996.0,7249996.0,7249996.0,0.0
1781227800,7249996.0,7249996.0,7249996.0,7249996.0,0.0
1781228700,7249996.0,7249996.0,7249996.0,7249996.0,0.0
1781229600,7249996.0,7249996.0,7249996.0,7249996.0,0.00289117
1781230500,7249996.0,7249996.0,7249996.0,7249996.0,0.00137365
1781231400,6703192.0,6703192.0,6703192.0,6703192.0,0.00178565
1781232300,6703192.0,6703192.0,6703192.0,6703192.0,0.0
1781233200,6703197.0,6703197.0,6703197.0,6703197.0,0.00201386
1781234100,7249996.0,7249996.0,6703274.0,6703274.0,0.01961146
1781235000,7249996.0,7249996.0,7249996.0,7249996.0,0.00343407
1781235900,7249996.0,7249996.0,7249996.0,7249996.0,0.0
1781236800,7249996.0,7249996.0,7249996.0,7249996.0,0.0
1781237700,7249996.0,7249996.0,7249996.0,7249996.0,0.0
1781238600,7249996.0,7249996.0,7249996.0,7249996.0,0.0
1781239500,7249996.0,7249996.0,7249996.0,7249996.0,0.0
1781240400,7249996.0,7249996.0,7249996.0,7249996.0,0.0
1781241300,7249996.0,7249996.0,7249996.0,7249996.0,0.0
1781242200,7249996.0,7249996.0,7249996.0,7249996.0,0.0
1781243100,7249996.0,7249996.0,7249996.0,7249996.0,0.0
1781244000,7249996.0,7249996.0,7249996.0,7249996.0,0.0
1781244900,6724035.0,6724035.0,6724031.0,6724031.0,0.06639874
1781245800,6724031.0,6724031.0,6724031.0,6724031.0,0.0
1781246700,6724031.0,6724031.0,6724031.0,6724031.0,0.0
1781247600,6724031.0,6724031.0,6724031.0,6724031.0,0.0
1781248500,7246975.0,7246975.0,7246975.0,7246975.0,0.00700898
1781249400,7246975.0,7246975.0,7246975.0,7246975.0,0.0
1781250300,7246975.0,7246975.0,7246975.0,7246975.0,0.0
1781251200,7246975.0,7246975.0,7246975.0,7246975.0,0.0
1781252100,7246975.0,7246975.0,7246975.0,7246975.0,0.0
1781253000,7246975.0,7246975.0,7246975.0,7246975.0,0.0
1781253900,6728902.0,6728902.0,6728902.0,6728902.0,0.0043387
1781254800,6728909.0,6728909.0,6728909.0,6728909.0,0.01936462
1781255700,6728909.0,6728909.0,6728909.0,6728909.0,0.0
1781256600,6728909.0,6728909.0,6728909.0,6728909.0,0.0
1781257500,6728909.0,6728909.0,6728909.0,6728909.0,0.0
1781258400,6728909.0,6728909.0,6728909.0,6728909.0,0.0
1781259300,6728909.0,6728909.0,6728909.0,6728909.0,0.0
1781260200,6728909.0,6728909.0,6728909.0,6728909.0,0.0
1781261100,6728909.0,6728909.0,6728909.0,6728909.0,0.0
1781262000,7246971.0,7246971.0,7246971.0,7246971.0,0.00669562
1781262900,7246971.0,7246971.0,7246971.0,7246971.0,0.0
1781263800,7246971.0,7246971.0,7246971.0,7246971.0,0.0
1781264700,7246971.0,7246971.0,7246971.0,7246971.0,0.0
1781265600,7246970.0,7246970.0,6771009.0,6771009.0,0.00538467
1781266500,6771009.0,6771009.0,6771009.0,6771009.0,0.0
1781267400,6771009.0,6771009.0,6771009.0,6771009.0,0.0
1781268300,7162465.0,7162465.0,7162465.0,7162465.0,0.04179678
1781269200,6771013.0,7166347.0,6771009.0,7166347.0,0.04318646
1781270100,7166347.0,7166347.0,7166347.0,7166347.0,0.0
1781271000,7166347.0,7246966.0,7166347.0,7246966.0,0.00495045
1781271900,7246966.0,7246966.0,7246966.0,7246966.0,0.0
1781272800,6771013.0,6771013.0,6771004.0,6771004.0,0.04621862
1781273700,6771004.0,6771004.0,6771004.0,6771004.0,0.0
1781274600,7246958.0,7450000.0,7246958.0,7450000.0,1.35078545
1781275500,7450000.0,7450000.0,7450000.0,7450000.0,0.00336308
1781276400,7449996.0,7449996.0,7449996.0,7449996.0,0.00208617
1781277300,7449996.0,7449996.0,7449996.0,7449996.0,0.0
1781278200,7449996.0,7449996.0,6821015.0,6850000.0,0.01878282
1781279100,6850008.0,6850008.0,6850008.0,6850008.0,0.00277597
1781280000,6850008.0,6850008.0,6850008.0,6850008.0,0.0
1781280900,6850008.0,6850008.0,6850008.0,6850008.0,0.0
1781281800,6850029.0,6850029.0,6850028.0,6850028.0,0.00280419
1781282700,7449996.0,7450000.0,7449996.0,7450000.0,0.06829974
1781283600,7450000.0,7450000.0,7450000.0,7450000.0,0.0
1781284500,7450000.0,7450000.0,7450000.0,7450000.0,0.0
1781285400,7450000.0,7450000.0,7450000.0,7450000.0,0.0
1781286300,7450000.0,7450000.0,7450000.0,7450000.0,0.0
1781287200,7303261.0,7449992.0,7303261.0,7449992.0,0.03967435
1781288100,6860015.0,7449992.0,6860004.0,7218992.0,0.07768322
1781289000,7218992.0,7218992.0,7218992.0,7218992.0,0.0
1781289900,7218992.0,7218992.0,7218992.0,7218992.0,0.0
1781290800,7218992.0,7218992.0,7218992.0,7218992.0,0.0
1781291700,7218992.0,7218992.0,7218992.0,7218992.0,0.0
1781292600,7218992.0,7218992.0,7218992.0,7218992.0,0.0
1781293500,7218992.0,7218992.0,7218992.0,7218992.0,0.0
1781294400,7218992.0,7218992.0,7218992.0,7218992.0,0.0
1781295300,7218992.0,7218992.0,7218992.0,7218992.0,0.0
1781296200,7271324.0,7272164.0,7271324.0,7272164.0,0.00718439
1781297100,7272164.0,7272164.0,7272164.0,7272164.0,0.0
1781298000,7272164.0,7272164.0,7272164.0,7272164.0,0.0
1781298900,7272164.0,7272164.0,7272164.0,7272164.0,0.0
1781299800,7272164.0,7272164.0,7272164.0,7272164.0,0.0
1781300700,7272164.0,7272164.0,7272164.0,7272164.0,0.0
1781301600,7272164.0,7272164.0,7272164.0,7272164.0,0.0
1781302500,7272164.0,7272164.0,7272164.0,7272164.0,0.0
1781303400,7272164.0,7272164.0,7272164.0,7272164.0,0.0
1781304300,7284739.0,7284739.0,7284739.0,7284739.0,0.0013671
1781305200,7284739.0,7284739.0,7284739.0,7284739.0,0.0
1781306100,7286803.0,7286803.0,7286803.0,7286803.0,0.00136671
1781307000,7286803.0,7286803.0,7286803.0,7286803.0,0.0
1781307900,7286803.0,7286803.0,7286803.0,7286803.0,0.0
1781308800,7286803.0,7286803.0,7286803.0,7286803.0,0.0
1781309700,7286803.0,7286803.0,7286803.0,7286803.0,0.0
1781310600,7271481.0,7271481.0,7271481.0,7271481.0,0.00138458
1781311500,7271481.0,7271481.0,7271481.0,7271481.0,0.0
1781312400,7271481.0,7271481.0,7271481.0,7271481.0,0.0
1781313300,7271481.0,7271481.0,7271481.0,7271481.0,0.0
1781314200,7271481.0,7271481.0,7271481.0,7271481.0,0.0
1781315100,7271481.0,7271481.0,7271481.0,7271481.0,0.0
1781316000,7271481.0,7271481.0,7271481.0,7271481.0,0.0
1781316900,7271481.0,7271481.0,7271481.0,7271481.0,0.0
1781317800,7271481.0,7271481.0,7271481.0,7271481.0,0.0
1781318700,7273118.0,7273118.0,7272188.0,7272188.0,0.00586589
1781319600,7449991.0,7449991.0,7328700.0,7449991.0,0.14398709
1781320500,7449991.0,7449991.0,7449991.0,7449991.0,0.0
1781321400,7449991.0,7449991.0,7449991.0,7449991.0,0.0
1781322300,7449991.0,7449991.0,7449991.0,7449991.0,0.0
1781323200,7449991.0,7449991.0,7449991.0,7449991.0,0.0
1781324100,7449991.0,7449991.0,7449991.0,7449991.0,0.0
1781325000,7449991.0,7449991.0,7449991.0,7449991.0,0.0
1781325900,7000004.0,7000004.0,7000004.0,7000004.0,0.00669562
1781326800,7000004.0,7000004.0,7000004.0,7000004.0,0.0
1781327700,7000004.0,7000004.0,7000004.0,7000004.0,0.0
1781328600,7000004.0,7000004.0,7000004.0,7000004.0,0.0
1781329500,7300011.0,7300011.0,7300011.0,7300011.0,0.00531588
1781330400,7300010.0,7449978.0,7300010.0,7449978.0,0.00797708
1781331300,7449978.0,7449978.0,7449978.0,7449978.0,0.0
1781332200,7449978.0,7449978.0,7449978.0,7449978.0,0.02673578
1781333100,7449978.0,7449978.0,7449978.0,7449978.0,0.0
1781334000,7449978.0,7449978.0,7449978.0,7449978.0,0.0
1781334900,7449978.0,7449978.0,7000006.0,7000006.0,1.04375401
1781335800,7000006.0,7000006.0,7000006.0,7000006.0,0.0
1781336700,7449978.0,7449978.0,7449978.0,7449978.0,0.00147033
1781337600,7449978.0,7449978.0,7449978.0,7449978.0,0.0
1781338500,7449978.0,7449978.0,7449978.0,7449978.0,0.0
1781339400,7449978.0,7449978.0,7449978.0,7449978.0,0.00328672
1781340300,7449978.0,7450000.0,7000022.0,7000022.0,0.25846055
1781341200,7000022.0,7000022.0,7000022.0,7000022.0,0.0
1781342100,7000022.0,7000022.0,7000014.0,7000014.0,0.13517771
1781343000,7000014.0,7000014.0,7000014.0,7000014.0,0.0
1781343900,7000018.0,7000018.0,7000018.0,7000018.0,0.00938266
1781344800,7000018.0,7000018.0,7000018.0,7000018.0,0.0
1781345700,7000018.0,7000018.0,7000018.0,7000018.0,0.0
1781346600,7000018.0,7000018.0,7000018.0,7000018.0,0.0
1781347500,7000018.0,7000018.0,7000018.0,7000018.0,0.0
1781348400,7000018.0,7000018.0,7000018.0,7000018.0,0.0
1781349300,7000018.0,7000018.0,7000018.0,7000018.0,0.0
1781350200,7000036.0,7449886.0,7000036.0,7000036.0,0.00679745
1781351100,7000036.0,7000036.0,7000036.0,7000036.0,0.0
1781352000,7449886.0,7449886.0,7449886.0,7449886.0,0.00658546
1781352900,7449875.0,7449875.0,7449875.0,7449875.0,0.00173278
1781353800,7449875.0,7449876.0,7449875.0,7449876.0,0.00472115
1781354700,7449875.0,7449880.0,7449875.0,7449876.0,0.06573437
1781355600,7060021.0,7060021.0,7060021.0,7060021.0,0.04228457
1781356500,7060021.0,7060021.0,7060021.0,7060021.0,0.0
1781357400,7060021.0,7060021.0,7060021.0,7060021.0,0.0
1781358300,7060021.0,7060021.0,7060021.0,7060021.0,0.0
1781359200,7060021.0,7060021.0,7060021.0,7060021.0,0.0
1781360100,7439995.0,7439995.0,7439995.0,7439995.0,0.00341035
1781361000,7439995.0,7439996.0,7439995.0,7439996.0,0.01368589
1781361900,7439992.0,7439992.0,7439992.0,7439992.0,0.00170336
1781362800,7060061.0,7060061.0,7060061.0,7060061.0,0.00212523
1781363700,7060076.0,7060077.0,7060075.0,7060075.0,0.18010588
1781364600,7060075.0,7060075.0,7060075.0,7060075.0,0.0
1781365500,7060075.0,7060075.0,7060075.0,7060075.0,0.0
1781366400,7288172.0,7289236.0,7288172.0,7289236.0,0.01457435
1781367300,7289236.0,7289236.0,7289236.0,7289236.0,0.0
1781368200,7065000.0,7065000.0,7065000.0,7065000.0,0.01457435
1781369100,7065000.0,7065000.0,7065000.0,7065000.0,0.0
1781370000,7065000.0,7065000.0,7065000.0,7065000.0,0.0
1781370900,7065000.0,7065000.0,7065000.0,7065000.0,0.0
1781371800,7065000.0,7065000.0,7065000.0,7065000.0,0.0
1781372700,7065000.0,7065000.0,7065000.0,7065000.0,0.0
1781373600,7065006.0,7065006.0,7065005.0,7065005.0,0.00373185
1781374500,7065005.0,7065005.0,7065005.0,7065005.0,0.0
1781375400,7065005.0,7065005.0,7065005.0,7065005.0,0.0
1781376300,7065005.0,7065005.0,7065005.0,7065005.0,0.0
1781377200,7065005.0,7065005.0,7065005.0,7065005.0,0.0
1781378100,7065005.0,7065005.0,7065005.0,7065005.0,0.0
1781379000,7065005.0,7065005.0,7065005.0,7065005.0,0.0
1781379900,7065005.0,7065005.0,7065005.0,7065005.0,0.0
1781380800,7065005.0,7065005.0,7065005.0,7065005.0,0.0
1781381700,7065005.0,7065005.0,7065005.0,7065005.0,0.0
1781382600,7065013.0,7065013.0,7065013.0,7065013.0,0.00343407
1781383500,7065013.0,7065013.0,7065013.0,7065013.0,0.0
1781384400,7065013.0,7065013.0,7065013.0,7065013.0,0.0
1781385300,7065013.0,7065013.0,7065013.0,7065013.0,0.0
1781386200,7065013.0,7065013.0,7065013.0,7065013.0,0.0
1781387100,7065013.0,7065013.0,7065013.0,7065013.0,0.0
1781388000,7065013.0,7065013.0,7065013.0,7065013.0,0.0
1781388900,7065013.0,7065013.0,7065013.0,7065013.0,0.0
1781389800,7065013.0,7065013.0,7065013.0,7065013.0,0.0
1781390700,7065013.0,7065013.0,7065013.0,7065013.0,0.0
1781391600,7065013.0,7065013.0,7065013.0,7065013.0,0.0
1781392500,7065013.0,7065013.0,7065013.0,7065013.0,0.0
1781393400,7065013.0,7065013.0,7065013.0,7065013.0,0.0
1781394300,7065013.0,7065013.0,7065013.0,7065013.0,0.0
1781395200,7065013.0,7065013.0,7065013.0,7065013.0,0.0
1781396100,7065013.0,7065013.0,7065013.0,7065013.0,0.0
1781397000,7065013.0,7065013.0,7065013.0,7065013.0,0.0
1781397900,7065013.0,7065013.0,7065013.0,7065013.0,0.0
1781398800,7267228.0,7267388.0,7267228.0,7267388.0,0.00288333
1781399700,7267388.0,7267388.0,7267388.0,7267388.0,0.0
1781400600,7267388.0,7267388.0,7267388.0,7267388.0,0.0
1781401500,7267388.0,7267388.0,7267388.0,7267388.0,0.0
1781402400,7267388.0,7267388.0,7267388.0,7267388.0,0.0
1781403300,7267388.0,7267388.0,7267388.0,7267388.0,0.0
1781404200,7248299.0,7248299.0,7248299.0,7248299.0,0.0032144
1781405100,7248299.0,7248299.0,7248299.0,7248299.0,0.0
1781406000,7248299.0,7248299.0,7248299.0,7248299.0,0.0
1781406900,7251092.0,7251092.0,7251092.0,7251092.0,0.00489609
1781407800,7251092.0,7251092.0,7251092.0,7251092.0,0.0
1781408700,7251092.0,7251092.0,7251092.0,7251092.0,0.0
1781409600,7251092.0,7251092.0,7251092.0,7251092.0,0.0
1781410500,7251092.0,7251092.0,7251092.0,7251092.0,0.0
1781411400,7100011.0,7100011.0,7100011.0,7100011.0,0.00992068
1781412300,7100011.0,7100011.0,7100011.0,7100011.0,0.00143351
1781413200,7100011.0,7100011.0,7100011.0,7100011.0,0.0
1781414100,7100011.0,7100011.0,7100011.0,7100011.0,0.0
1781415000,7255901.0,7255901.0,7255901.0,7255901.0,0.00137253
1781415900,7255901.0,7255901.0,7255901.0,7255901.0,0.0
1781416800,7255901.0,7255901.0,7255901.0,7255901.0,0.0
1781417700,7255901.0,7255901.0,7255901.0,7255901.0,0.0
1781418600,7100011.0,7100011.0,7100011.0,7100011.0,0.01000921
1781419500,7100011.0,7100011.0,7100011.0,7100011.0,0.0
1781420400,7100011.0,7100011.0,7100011.0,7100011.0,0.0
1781421300,7100011.0,7100011.0,7100011.0,7100011.0,0.0
1781422200,7100011.0,7100011.0,7100011.0,7100011.0,0.0
1781423100,7100011.0,7100011.0,7100011.0,7100011.0,0.02673573
1781424000,7100012.0,7100012.0,7100012.0,7100012.0,0.0014995
1781424900,7100012.0,7100012.0,7100012.0,7100012.0,0.0
1781425800,7100012.0,7100012.0,7100012.0,7100012.0,0.0
1781426700,7100012.0,7100012.0,7100012.0,7100012.0,0.0
1781427600,7100012.0,7100012.0,7100012.0,7100012.0,0.0
1781428500,7100012.0,7100012.0,7100012.0,7100012.0,0.0
1781429400,7100012.0,7100012.0,7100012.0,7100012.0,0.0
1781430300,7100012.0,7100012.0,7100012.0,7100012.0,0.0
1781431200,7100012.0,7100012.0,7100012.0,7100012.0,0.0
1781432100,7100012.0,7100012.0,7100012.0,7100012.0,0.0
1781433000,7100012.0,7100012.0,7100011.0,7100011.0,0.01293842
1781433900,7255909.0,7255909.0,7255909.0,7255909.0,0.00137253
1781434800,7100011.0,7291090.0,7100011.0,7291090.0,0.13999117
1781435700,7100011.0,7100011.0,7100011.0,7100011.0,0.00779129
1781436600,7100011.0,7100011.0,7100011.0,7100011.0,0.0
1781437500,7100011.0,7100011.0,7100011.0,7100011.0,0.0
1781438400,7302818.0,7302818.0,7302818.0,7302818.0,0.00136372
1781439300,7302818.0,7302818.0,7302818.0,7302818.0,0.0
1781440200,7302818.0,7302818.0,7302818.0,7302818.0,0.0
1781441100,7290791.0,7290791.0,7100016.0,7100016.0,0.0037175
1781442000,7100016.0,7100016.0,7100016.0,7100016.0,0.0
1781442900,7273682.0,7273682.0,7273682.0,7273682.0,0.00242421
1781443800,7266403.0,7266403.0,7266403.0,7266403.0,0.00137055
1781444700,7266403.0,7266403.0,7266403.0,7266403.0,0.0
1781445600,7266403.0,7266403.0,7266403.0,7266403.0,0.0
1781446500,7100024.0,7270884.0,7100020.0,7270884.0,0.01601863
1781447400,7270868.0,7270868.0,7100020.0,7100020.0,0.08351113
1781448300,7100020.0,7100020.0,7100020.0,7100020.0,0.0
1781449200,7100020.0,7100020.0,7100020.0,7100020.0,0.0
1781450100,7100020.0,7100020.0,7100020.0,7100020.0,0.0
1781451000,7256113.0,7256113.0,7256113.0,7256113.0,0.00534942
1781451900,7100024.0,7256107.0,7100024.0,7256107.0,0.01222555
1781452800,7256100.0,7256100.0,7256100.0,7256100.0,0.0013725
1781453700,7256100.0,7256100.0,7256100.0,7256100.0,0.0
1781454600,7256100.0,7256100.0,7256100.0,7256100.0,0.0
1781455500,7256100.0,7256100.0,7256100.0,7256100.0,0.0
1781456400,7256100.0,7256100.0,7256100.0,7256100.0,0.0
1781457300,7256100.0,7256100.0,7256100.0,7256100.0,0.0
1781458200,7256100.0,7256100.0,7256100.0,7256100.0,0.0
1781459100,7256100.0,7256100.0,7256100.0,7256100.0,0.0
1781460000,7256100.0,7256100.0,7256100.0,7256100.0,0.0
1781460900,7100024.0,7100024.0,7100024.0,7100024.0,0.00279232
1781461800,7100024.0,7100024.0,7100024.0,7100024.0,0.0
1781462700,7100024.0,7100024.0,7100024.0,7100024.0,0.0
1781463600,7100024.0,7100024.0,7100024.0,7100024.0,0.0
1781464500,7100024.0,7100024.0,7100024.0,7100024.0,0.0
1781465400,7100024.0,7100024.0,7100024.0,7100024.0,0.0
1781466300,7100024.0,7100024.0,7100024.0,7100024.0,0.0
1781467200,7100024.0,7100024.0,7100024.0,7100024.0,0.0
1781468100,7100024.0,7100024.0,7100024.0,7100024.0,0.0
1781469000,7256099.0,7256099.0,7256099.0,7256099.0,0.00152492
1781469900,7256099.0,7256099.0,7256099.0,7256099.0,0.0
1781470800,7256099.0,7256099.0,7256099.0,7256099.0,0.0
1781471700,7256099.0,7256099.0,7256099.0,7256099.0,0.0
1781472600,7256099.0,7256099.0,7256099.0,7256099.0,0.0
1781473500,7256099.0,7256099.0,7256099.0,7256099.0,0.0
1781474400,7256099.0,7256099.0,7256099.0,7256099.0,0.0
1781475300,7256099.0,7256099.0,7256099.0,7256099.0,0.0
1781476200,7256099.0,7256099.0,7256099.0,7256099.0,0.0
1781477100,7256099.0,7256099.0,7256099.0,7256099.0,0.0
1781478000,7256099.0,7256099.0,7256099.0,7256099.0,0.0
1781478900,7256099.0,7256099.0,7256099.0,7256099.0,0.00389741
1781479800,7256099.0,7256099.0,7256099.0,7256099.0,0.0
1781480700,7256099.0,7256099.0,7256099.0,7256099.0,0.0
1781481600,7256099.0,7256099.0,7256099.0,7256099.0,0.0
1781482500,7256099.0,7899999.0,7256099.0,7523497.0,2.92343286
1781483400,7523497.0,7523497.0,7523497.0,7523497.0,0.0
1781484300,7523497.0,7523497.0,7523497.0,7523497.0,0.0
1781485200,7523497.0,7523497.0,7523497.0,7523497.0,0.0
1781486100,7523497.0,7523497.0,7523497.0,7523497.0,0.0
1781487000,7523497.0,7523497.0,7523497.0,7523497.0,0.0
1781487900,7799999.0,7799999.0,7799999.0,7799999.0,0.00215743
1781488800,7105012.0,7105012.0,7105012.0,7105012.0,0.00141618
1781489700,7105012.0,7105012.0,7105012.0,7105012.0,0.0
1781490600,7326881.0,7326881.0,7326881.0,7326881.0,0.00720811
1781491500,7307528.0,7315592.0,7307528.0,7315592.0,0.1019578
1781492400,7315592.0,7315592.0,7315592.0,7315592.0,0.00136133
1781493300,7315592.0,7315592.0,7315592.0,7315592.0,0.0
1781494200,7315592.0,7799999.0,7110008.0,7799999.0,0.15209947
1781495100,7799999.0,7799999.0,7799999.0,7799999.0,0.0
1781496000,7110012.0,7110012.0,7110012.0,7110012.0,0.00141518
1781496900,7110012.0,7110012.0,7110012.0,7110012.0,0.0
1781497800,7799994.0,7799998.0,7799994.0,7799998.0,0.00445717
1781498700,7150006.0,7150006.0,7150006.0,7150006.0,0.01335341
1781499600,7150006.0,7150006.0,7150006.0,7150006.0,0.0
1781500500,7150012.0,7150012.0,7150011.0,7150011.0,0.00720811
1781501400,7150011.0,7150011.0,7150011.0,7150011.0,0.0
1781502300,7150011.0,7150011.0,7150011.0,7150011.0,0.0
1781503200,7150011.0,7150011.0,7150011.0,7150011.0,0.0
1781504100,7150011.0,7150011.0,7150011.0,7150011.0,0.0
1781505000,7150011.0,7150011.0,7150011.0,7150011.0,0.0
1781505900,7150026.0,7150026.0,7150025.0,7150025.0,0.00244846
1781506800,7150025.0,7150025.0,7150025.0,7150025.0,0.0
1781507700,7150025.0,7150025.0,7150025.0,7150025.0,0.0
1781508600,7799970.0,7799970.0,7799970.0,7799970.0,0.00168859
1781509500,7799970.0,7799970.0,7150027.0,7150027.0,0.01373753
1781510400,7799970.0,7799970.0,7150090.0,7150090.0,0.01388086
1781511300,7150090.0,7150090.0,7150090.0,7150090.0,0.0
1781512200,7150090.0,7150090.0,7150090.0,7150090.0,0.0
1781513100,7799914.0,7799914.0,7799914.0,7799914.0,0.00446786
1781514000,7799914.0,7799914.0,7799914.0,7799914.0,0.0
1781514900,7799914.0,7799914.0,7799914.0,7799914.0,0.0
1781515800,7799906.0,7799908.0,7799906.0,7799908.0,0.007452
1781516700,7799908.0,7799908.0,7799908.0,7799908.0,0.0012768
1781517600,7799908.0,7799908.0,7799908.0,7799908.0,0.0
1781518500,7180012.0,7799908.0,7180012.0,7799908.0,0.00564155
1781519400,7180013.0,7180013.0,7180013.0,7180013.0,0.00264052
1781520300,7180018.0,7180018.0,7180017.0,7180017.0,0.0104458
1781521200,7180017.0,7180017.0,7180017.0,7180017.0,0.0
1781522100,7180042.0,7180042.0,7180042.0,7180042.0,0.06255739
1781523000,7180065.0,7180065.0,7180065.0,7180065.0,0.00442569
1781523900,7200015.0,7200015.0,7200014.0,7200014.0,0.00237359
1781524800,7799901.0,7799901.0,7799901.0,7799901.0,0.00127681
1781525700,7366601.0,7366601.0,7366601.0,7366601.0,0.00207888
1781526600,7366601.0,7366601.0,7366601.0,7366601.0,0.0
1781527500,7370008.0,7799892.0,7370008.0,7799892.0,0.01230076
1781528400,7370009.0,7370009.0,7370009.0,7370009.0,0.00135128
1781529300,7799892.0,7799892.0,7200051.0,7200056.0,0.08947866
1781530200,7201125.0,7201125.0,7201125.0,7201125.0,0.005822
1781531100,7201125.0,7201125.0,7201125.0,7201125.0,0.0
1781532000,7201125.0,7201125.0,7201125.0,7201125.0,0.0
1781532900,7201125.0,7201125.0,7201125.0,7201125.0,0.0
1781533800,7201125.0,7201125.0,7201125.0,7201125.0,0.0
1781534700,7205065.0,7276609.0,7205064.0,7276609.0,0.00826976
1781535600,7263857.0,7264615.0,7263857.0,7264615.0,0.00586815
1781536500,7799892.0,7799896.0,7799892.0,7799896.0,0.13462079
1781537400,7799896.0,7799896.0,7799896.0,7799896.0,0.0
1781538300,7799896.0,7799896.0,7799896.0,7799896.0,0.0
1781539200,7280000.0,7280000.0,7280000.0,7280000.0,0.001389
1781540100,7280000.0,7280000.0,7280000.0,7280000.0,0.0
1781541000,7280000.0,7280000.0,7280000.0,7280000.0,0.0
1781541900,7280004.0,7280005.0,7280004.0,7280005.0,0.00794538
1781542800,7280005.0,7280005.0,7280005.0,7280005.0,0.0
1781543700,7799888.0,7799888.0,7799888.0,7799888.0,0.00638406
1781544600,7799888.0,7799888.0,7799888.0,7799888.0,0.0
1781545500,7370000.0,7370000.0,7280000.0,7280000.0,0.07300064
1781546400,7280000.0,7280000.0,7280000.0,7280000.0,0.0
1781547300,7280000.0,7280000.0,7280000.0,7280000.0,0.0
1781548200,7280000.0,7280000.0,7280000.0,7280000.0,0.0
1781549100,7280000.0,7280000.0,7280000.0,7280000.0,0.0
1781550000,7280000.0,7280000.0,7280000.0,7280000.0,0.0
1781550900,7280000.0,7280000.0,7280000.0,7280000.0,0.0
1781551800,7280000.0,7280000.0,7280000.0,7280000.0,0.0
1781552700,7280000.0,7280000.0,7280000.0,7280000.0,0.0
1781553600,7280000.0,7280000.0,7280000.0,7280000.0,0.0
1781554500,7280000.0,7280000.0,7280000.0,7280000.0,0.0
1781555400,7280000.0,7280000.0,7280000.0,7280000.0,0.0
1781556300,7280000.0,7280000.0,7280000.0,7280000.0,0.0
1781557200,7280000.0,7280000.0,7280000.0,7280000.0,0.0
1781558100,7280000.0,7280000.0,7280000.0,7280000.0,0.0
1781559000,7280000.0,7280000.0,7280000.0,7280000.0,0.0
1781559900,7280000.0,7280000.0,7280000.0,7280000.0,0.0
1781560800,7280000.0,7280000.0,7280000.0,7280000.0,0.0
1781561700,7799876.0,7799876.0,7280000.0,7280000.0,0.13715647
1781562600,7280000.0,7280000.0,7280000.0,7280000.0,0.0
1781563500,7280000.0,7280000.0,7280000.0,7280000.0,0.0
1781564400,7280000.0,7280000.0,7280000.0,7280000.0,0.0
1781565300,7280000.0,7280000.0,7280000.0,7280000.0,0.0
1781566200,7280000.0,7280000.0,7280000.0,7280000.0,0.0
1781567100,7280000.0,7280000.0,7280000.0,7280000.0,0.0
1781568000,7280000.0,7280000.0,7280000.0,7280000.0,0.0
1781568900,7280000.0,7280000.0,7280000.0,7280000.0,0.0
1781569800,7280000.0,7280000.0,7280000.0,7280000.0,0.0
1781570700,7280000.0,7280000.0,7280000.0,7280000.0,0.0
1781571600,7280000.0,7280000.0,7280000.0,7280000.0,0.0
1781572500,7280000.0,7280000.0,7280000.0,7280000.0,0.333438
1781573400,7280000.0,7280000.0,7280000.0,7280000.0,0.0
1781574300,7280000.0,7280000.0,7280000.0,7280000.0,0.0
1781575200,7280000.0,7280000.0,7280000.0,7280000.0,0.0
1781576100,7280000.0,7280000.0,7280000.0,7280000.0,0.0
1781577000,7280000.0,7280000.0,7280000.0,7280000.0,0.0
1781577900,7799839.0,7799839.0,7799839.0,7799839.0,0.00627756
1781578800,7799826.0,7799826.0,7799826.0,7799826.0,0.00134861
1781579700,7799826.0,7799826.0,7799826.0,7799826.0,0.0
1781580600,7799826.0,7799826.0,7799826.0,7799826.0,0.0
1781581500,7180046.0,7180046.0,7180008.0,7180008.0,0.21659588
1781582400,7180008.0,7180008.0,7180008.0,7180008.0,0.0
1781583300,7180008.0,7180008.0,7180008.0,7180008.0,0.0
1781584200,7798986.0,7798990.0,7798986.0,7798990.0,0.06098713
1781585100,7798990.0,7798990.0,7798990.0,7798990.0,0.0
1781586000,7798990.0,7798990.0,7798990.0,7798990.0,0.0
1781586900,7180008.0,7180008.0,7180008.0,7180008.0,0.06098713
1781587800,7180008.0,7180008.0,7180008.0,7180008.0,0.0
1781588700,7180008.0,7180008.0,7180008.0,7180008.0,0.0
1781589600,7180008.0,7180008.0,7180008.0,7180008.0,0.0
1781590500,7180008.0,7180008.0,7180008.0,7180008.0,0.0
1781591400,7180008.0,7180008.0,7180008.0,7180008.0,0.0
1781592300,7180008.0,7180008.0,7180008.0,7180008.0,0.0
1781593200,7798943.0,7798947.0,7798943.0,7798947.0,0.00627879
1781594100,7798947.0,7798947.0,7798947.0,7798947.0,0.0
1781595000,7798947.0,7798947.0,7798947.0,7798947.0,0.0
1781595900,7798947.0,7798947.0,7798947.0,7798947.0,0.0
1781596800,7798947.0,7798947.0,7798947.0,7798947.0,0.0
1781597700,7798947.0,7798947.0,7798947.0,7798947.0,0.0
1781598600,7797996.0,7797996.0,7797996.0,7797996.0,0.03199193
1781599500,7797996.0,7797996.0,7797996.0,7797996.0,0.0
1781600400,7797996.0,7797996.0,7797996.0,7797996.0,0.0
1781601300,7797088.0,7797088.0,7181000.0,7181000.0,0.00392968
1781602200,7181000.0,7181000.0,7181000.0,7181000.0,0.0
1781603100,7181000.0,7181000.0,7181000.0,7181000.0,0.0
1781604000,7181000.0,7181000.0,7181000.0,7181000.0,0.0
1781604900,7181000.0,7181000.0,7181000.0,7181000.0,0.0
1781605800,7181000.0,7181000.0,7181000.0,7181000.0,0.00630566
1781606700,7181000.0,7181000.0,7181000.0,7181000.0,0.0
1781607600,7181000.0,7181000.0,7181000.0,7181000.0,0.0
1781608500,7181000.0,7181000.0,7181000.0,7181000.0,0.0
1781609400,7181000.0,7181000.0,7181000.0,7181000.0,0.0
1781610300,7181000.0,7181000.0,7181000.0,7181000.0,0.0
1781611200,7181004.0,7796979.0,7181004.0,7796979.0,0.00687058
1781612100,7181004.0,7181004.0,7181000.0,7181000.0,0.06296139
1781613000,7181000.0,7181000.0,7181000.0,7181000.0,0.0
1781613900,7181000.0,7181000.0,7181000.0,7181000.0,0.0
1781614800,7181008.0,7181008.0,7181008.0,7181008.0,0.00302603
1781615700,7181008.0,7181008.0,7181008.0,7181008.0,0.0
1781616600,7181008.0,7181008.0,7181008.0,7181008.0,0.0
1781617500,7181024.0,7181024.0,7181024.0,7181024.0,0.00825077
1781618400,7181024.0,7181024.0,7181024.0,7181024.0,0.0
1781619300,7181024.0,7181024.0,7181024.0,7181024.0,0.0
1781620200,7181024.0,7181024.0,7181024.0,7181024.0,0.0
1781621100,7779973.0,7779973.0,7779973.0,7779973.0,0.00202134
1781622000,7779000.0,7779000.0,7779000.0,7779000.0,0.0299901
1781622900,7779000.0,7779972.0,7779000.0,7779972.0,0.00134414
1781623800,7779972.0,7779972.0,7779972.0,7779972.0,0.0
1781624700,7779972.0,7779972.0,7779972.0,7779972.0,0.0
1781625600,7200500.0,7779971.0,7200500.0,7779971.0,0.01414829
1781626500,7200500.0,7779971.0,7200500.0,7200500.0,0.03578559
1781627400,7200500.0,7200500.0,7200500.0,7200500.0,0.0
1781628300,7200500.0,7200500.0,7200500.0,7200500.0,0.0
1781629200,7200500.0,7200500.0,7200500.0,7200500.0,0.0
1781630100,7200500.0,7200500.0,7200500.0,7200500.0,0.0
1781631000,7200500.0,7200500.0,7200500.0,7200500.0,0.0
1781631900,7600000.0,7600000.0,7600000.0,7600000.0,0.00131039
1781632800,7600000.0,7600000.0,7600000.0,7600000.0,0.0230113
1781633700,7600000.0,7600000.0,7600000.0,7600000.0,0.0
1781634600,7600000.0,7600000.0,7600000.0,7600000.0,0.0
1781635500,7600000.0,7600000.0,7600000.0,7600000.0,0.0
1781636400,7600000.0,7600000.0,7600000.0,7600000.0,0.0
1781637300,7600000.0,7600000.0,7600000.0,7600000.0,0.0
1781638200,7600000.0,7600000.0,7600000.0,7600000.0,0.0
1781639100,7600000.0,7600000.0,7600000.0,7600000.0,0.0
1781640000,7600000.0,7600000.0,7600000.0,7600000.0,0.0
1781640900,7600000.0,7600000.0,7600000.0,7600000.0,0.0
1781641800,7599976.0,7599976.0,7599976.0,7599976.0,0.0262081
1781642700,7599976.0,7599976.0,7599976.0,7599976.0,0.0
1781643600,7599976.0,7599976.0,7599976.0,7599976.0,0.0
1781644500,7599976.0,7599976.0,7599976.0,7599976.0,0.00952673
1781645400,7599976.0,7599976.0,7599976.0,7599976.0,0.0
1781646300,7599976.0,7599976.0,7599976.0,7599976.0,0.0
1781647200,7599976.0,7599976.0,7599976.0,7599976.0,0.0
1781648100,7599976.0,7599976.0,7599976.0,7599976.0,0.0
1781649000,7599976.0,7599976.0,7599976.0,7599976.0,0.0
1781649900,7599976.0,7599976.0,7599976.0,7599976.0,0.0
1781650800,7595984.0,7595984.0,7595984.0,7595984.0,0.00196656
1781651700,7595984.0,7595984.0,7595984.0,7595984.0,0.0
1781652600,7595984.0,7595984.0,7595984.0,7595984.0,0.0
1781653500,7595984.0,7595984.0,7595984.0,7595984.0,0.0
1781654400,7595984.0,7595984.0,7595984.0,7595984.0,0.0
1781655300,7595984.0,7595984.0,7595984.0,7595984.0,0.0
1781656200,7595984.0,7595984.0,7595984.0,7595984.0,0.0
1781657100,7595984.0,7595984.0,7595984.0,7595984.0,0.0
1781658000,7595984.0,7595984.0,7595984.0,7595984.0,0.0
1781658900,7200500.0,7200500.0,7200500.0,7200500.0,0.02507528
1781659800,7200500.0,7200500.0,7200500.0,7200500.0,0.0
1781660700,7200500.0,7200500.0,7200500.0,7200500.0,0.0
1781661600,7200500.0,7200500.0,7200500.0,7200500.0,0.0
1781662500,7200500.0,7200500.0,7200500.0,7200500.0,0.0
1781663400,7200500.0,7200500.0,7200500.0,7200500.0,0.0
1781664300,7200500.0,7200500.0,7200500.0,7200500.0,0.0
1781665200,7200500.0,7200500.0,7200500.0,7200500.0,0.03194649
1781666100,7595935.0,7595935.0,7595935.0,7595935.0,0.00138481
1781667000,7595935.0,7595935.0,7595935.0,7595935.0,0.0
1781667900,7200501.0,7200501.0,7200501.0,7200501.0,0.00588093
1781668800,7200501.0,7200501.0,7200501.0,7200501.0,0.0
1781669700,7200501.0,7200501.0,7200501.0,7200501.0,0.0
1781670600,7200501.0,7200501.0,7200501.0,7200501.0,0.0
1781671500,7200501.0,7200501.0,7200501.0,7200501.0,0.0
1781672400,7200501.0,7200501.0,7200501.0,7200501.0,0.0
1781673300,7200501.0,7200501.0,7200501.0,7200501.0,0.0
1781674200,7200501.0,7200501.0,7200501.0,7200501.0,0.0
1781675100,7200501.0,7200501.0,7200501.0,7200501.0,0.0
1781676000,7200501.0,7200501.0,7200501.0,7200501.0,0.0
1781676900,7200501.0,7200501.0,7200501.0,7200501.0,0.0
1781677800,7200501.0,7200501.0,7200501.0,7200501.0,0.0
1781678700,7200501.0,7200501.0,7200501.0,7200501.0,0.0
1781679600,7200501.0,7200501.0,7200501.0,7200501.0,0.0
1781680500,7200502.0,7200502.0,7200501.0,7200501.0,0.00411032
1781681400,7200501.0,7200501.0,7200501.0,7200501.0,0.0
1781682300,7200501.0,7200501.0,7200501.0,7200501.0,0.0
1781683200,7200502.0,7200502.0,7200502.0,7200502.0,7.02e-06
1781684100,7200502.0,7200502.0,7200502.0,7200502.0,0.0
1781685000,7200502.0,7200502.0,7200502.0,7200502.0,0.0
1781685900,7200502.0,7200502.0,7200502.0,7200502.0,0.0
1781686800,7200502.0,7200502.0,7200502.0,7200502.0,0.0
1781687700,7200502.0,7200502.0,7200502.0,7200502.0,0.0
1781688600,7200503.0,7595935.0,7200503.0,7595935.0,0.00475143
1781689500,7595935.0,7595935.0,7595935.0,7595935.0,0.0
1781690400,7200505.0,7595935.0,7200505.0,7595935.0,0.03592674
1781691300,7595935.0,7595935.0,7595935.0,7595935.0,0.0
1781692200,7595935.0,7595935.0,7595935.0,7595935.0,0.0
1781693100,7200505.0,7200505.0,7200505.0,7200505.0,0.00156239
1781694000,7595935.0,7595935.0,7595935.0,7595935.0,0.04172231
1781694900,7595935.0,7595935.0,7595935.0,7595935.0,0.0
1781695800,7595935.0,7595935.0,7595935.0,7595935.0,0.0
1781696700,7595935.0,7595935.0,7595935.0,7595935.0,0.00370276
1781697600,7200505.0,7200505.0,7200505.0,7200505.0,0.0020776
1781698500,7200505.0,7200505.0,7200505.0,7200505.0,0.0
1781699400,7200505.0,7200505.0,7200505.0,7200505.0,0.0
1781700300,7200505.0,7200505.0,7200505.0,7200505.0,0.0
1781701200,7200505.0,7200505.0,7200505.0,7200505.0,0.0
1781702100,7595929.0,7595929.0,7595929.0,7595929.0,0.00196657
1781703000,7200506.0,7200506.0,7200506.0,7200506.0,0.04172231
1781703900,7200506.0,7200506.0,7200506.0,7200506.0,0.0
1781704800,7200506.0,7200506.0,7200506.0,7200506.0,0.0
1781705700,7200506.0,7200506.0,7200506.0,7200506.0,0.0
1781706600,7200506.0,7200506.0,7200506.0,7200506.0,0.0
1781707500,7200506.0,7200506.0,7200506.0,7200506.0,0.0
1781708400,7200507.0,7200507.0,7200500.0,7200500.0,0.58718689
1781709300,7200500.0,7200500.0,7200500.0,7200500.0,0.0
1781710200,7200500.0,7200500.0,7200500.0,7200500.0,0.0
1781711100,7200500.0,7200500.0,7200500.0,7200500.0,0.00262219
1781712000,7595919.0,7595919.0,7595919.0,7595919.0,0.00200805
1781712900,7595919.0,7595919.0,7595919.0,7595919.0,0.02627437
1781713800,7595919.0,7595919.0,7595919.0,7595919.0,0.0
1781714700,7200500.0,7200500.0,7200500.0,7200500.0,0.0015192
1781715600,7200500.0,7200500.0,7200500.0,7200500.0,0.0
1781716500,7200500.0,7200500.0,7200500.0,7200500.0,0.0
1781717400,7200500.0,7200500.0,7200500.0,7200500.0,0.0
1781718300,7200500.0,7200500.0,7200500.0,7200500.0,0.0
1781719200,7200500.0,7200500.0,7200500.0,7200500.0,0.0
1781720100,7595900.0,7595919.0,7595900.0,7595919.0,0.07167461
1781721000,7595919.0,7595919.0,7595919.0,7595919.0,0.0
1781721900,7595919.0,7595919.0,7595919.0,7595919.0,0.0
1781722800,7595919.0,7595919.0,7595919.0,7595919.0,0.0
1781723700,7200500.0,7200500.0,7200000.0,7200000.0,0.02627437
1781724600,7200000.0,7200000.0,7150091.0,7150091.0,1.1286
1781725500,7150091.0,7150091.0,7150091.0,7150091.0,0.0
1781726400,7150091.0,7150091.0,7150091.0,7150091.0,0.0
1781727300,7150091.0,7150091.0,7150091.0,7150091.0,0.0
1781728200,7595919.0,7595919.0,7595919.0,7595919.0,0.0262221
1781729100,7595919.0,7595919.0,7595919.0,7595919.0,0.0
1781730000,7595929.0,7595929.0,7595929.0,7595929.0,0.00131109
1781730900,7595929.0,7595929.0,7595929.0,7595929.0,0.0
1781731800,7595929.0,7595929.0,7595929.0,7595929.0,0.0
1781732700,7595929.0,7595929.0,7595929.0,7595929.0,0.0
1781733600,7595929.0,7595929.0,7595929.0,7595929.0,0.0
1781734500,7595929.0,7595929.0,7595929.0,7595929.0,0.0
1781735400,7595929.0,7595929.0,7595929.0,7595929.0,0.0
1781736300,7595929.0,7595929.0,7595929.0,7595929.0,0.0
1781737200,7595929.0,7595929.0,7595929.0,7595929.0,0.0
1781738100,7595929.0,7595929.0,7595929.0,7595929.0,0.0
1781739000,7595929.0,7595929.0,7595929.0,7595929.0,0.0
1781739900,7595929.0,7595929.0,7595929.0,7595929.0,0.0
1781740800,7595000.0,7595000.0,7150091.0,7150091.0,0.00393385
1781741700,7150091.0,7150091.0,7150091.0,7150091.0,0.0
1781742600,7150091.0,7150091.0,7150091.0,7150091.0,0.0
1781743500,7150091.0,7150091.0,7150091.0,7150091.0,0.0
1781744400,7150091.0,7150091.0,7150091.0,7150091.0,0.0
1781745300,7150091.0,7150091.0,7150091.0,7150091.0,0.0
1781746200,7150091.0,7150091.0,7150091.0,7150091.0,0.0
1781747100,7495000.0,7495000.0,7495000.0,7495000.0,0.00653382
1781748000,7495000.0,7495000.0,7495000.0,7495000.0,0.00134623
1781748900,7150091.0,7150091.0,7150091.0,7150091.0,0.00526459
1781749800,7150091.0,7150091.0,7150091.0,7150091.0,0.0
1781750700,7150091.0,7150091.0,7150091.0,7150091.0,0.0
1781751600,7150091.0,7150091.0,7150091.0,7150091.0,0.0
1781752500,7495000.0,7495000.0,7495000.0,7495000.0,0.00140346
1781753400,7150091.0,7150091.0,7150091.0,7150091.0,0.00140274
1781754300,7150091.0,7150091.0,7150091.0,7150091.0,0.0
1781755200,7150091.0,7150091.0,7150091.0,7150091.0,0.0
1781756100,7150091.0,7150091.0,7150091.0,7150091.0,0.0
1781757000,7494999.0,7500000.0,7494999.0,7500000.0,0.15316496
1781757900,7500000.0,7500000.0,7500000.0,7500000.0,0.0
1781758800,7500000.0,7500000.0,7150092.0,7150092.0,0.00729899
1781759700,7150092.0,7150092.0,7150092.0,7150092.0,0.0
1781760600,7150092.0,7150092.0,7150092.0,7150092.0,0.0
1781761500,7150092.0,7150092.0,7150092.0,7150092.0,0.0
1781762400,7150092.0,7150092.0,7150092.0,7150092.0,0.0
1781763300,7150092.0,7150092.0,7150092.0,7150092.0,0.0
1781764200,7200500.0,7200500.0,7150091.0,7150091.0,0.91103489
1781765100,7150091.0,7150091.0,7150091.0,7150091.0,0.0
1781766000,7444442.0,7444442.0,7100000.0,7100000.0,0.10471781
1781766900,7100000.0,7100000.0,7100000.0,7100000.0,0.0
1781767800,7100000.0,7100000.0,7100000.0,7100000.0,0.0
1781768700,7100000.0,7100000.0,7100000.0,7100000.0,0.0
1781769600,7100000.0,7100000.0,7100000.0,7100000.0,0.0
1781770500,7100000.0,7100000.0,7100000.0,7100000.0,0.0
1781771400,7100000.0,7100000.0,7100000.0,7100000.0,0.0
1781772300,7100000.0,7100000.0,7100000.0,7100000.0,0.0
1781773200,7100000.0,7100000.0,7100000.0,7100000.0,0.0
1781774100,7100000.0,7100000.0,7100000.0,7100000.0,0.0
1781775000,7100000.0,7100000.0,7100000.0,7100000.0,0.0
1781775900,7100000.0,7100000.0,7100000.0,7100000.0,0.0
1781776800,7444442.0,7444442.0,7100001.0,7100001.0,0.0186042
1781777700,7100001.0,7100001.0,7100001.0,7100001.0,0.0
1781778600,7100001.0,7100001.0,7100001.0,7100001.0,0.0
1781779500,7100001.0,7100001.0,7100001.0,7100001.0,0.0
1781780400,7100001.0,7100001.0,7100001.0,7100001.0,0.0
1781781300,7100001.0,7100001.0,7100001.0,7100001.0,0.0
1781782200,7100001.0,7100001.0,7100001.0,7100001.0,0.0
1781783100,7100001.0,7100001.0,7100001.0,7100001.0,0.0
1781784000,7100001.0,7100001.0,7100001.0,7100001.0,0.0
1781784900,7100001.0,7100001.0,7100001.0,7100001.0,0.0
1781785800,7100001.0,7100001.0,7100001.0,7100001.0,0.0
1781786700,7100001.0,7100001.0,7100001.0,7100001.0,0.0
1781787600,7100001.0,7500000.0,7100000.0,7500000.0,1.45432692
1781788500,7500000.0,7500000.0,7500000.0,7500000.0,0.01801292
1781789400,7200000.0,7200000.0,7100000.0,7100000.0,1.41257189
1781790300,7100000.0,7100000.0,7100000.0,7100000.0,0.0
1781791200,7060012.0,7100000.0,7060012.0,7100000.0,0.07636243
1781792100,7479999.0,7479999.0,7479999.0,7479999.0,0.00275507
1781793000,7060012.0,7060012.0,7060011.0,7060011.0,0.00142366
1781793900,7060011.0,7060011.0,7060011.0,7060011.0,0.0
1781794800,7300000.0,7300000.0,7300000.0,7300000.0,0.01125231
1781795700,7300000.0,7300000.0,7300000.0,7300000.0,0.0
1781796600,7300000.0,7300000.0,7300000.0,7300000.0,0.0
1781797500,7300000.0,7300000.0,7300000.0,7300000.0,0.0
1781798400,7300000.0,7300000.0,7300000.0,7300000.0,0.0
1781799300,7300000.0,7300000.0,7300000.0,7300000.0,0.0
1781800200,7299999.0,7299999.0,7299999.0,7299999.0,0.00169342
1781801100,7299999.0,7299999.0,7299999.0,7299999.0,0.0
1781802000,7075000.0,7299999.0,7075000.0,7299999.0,0.00831721
1781802900,7299999.0,7299999.0,7299999.0,7299999.0,0.00545698
1781803800,7299999.0,7299999.0,7299999.0,7299999.0,0.0
1781804700,7299999.0,7299999.0,7299999.0,7299999.0,0.0
1781805600,7299998.0,7299998.0,7299998.0,7299998.0,0.00217411
1781806500,7299998.0,7299998.0,7299998.0,7299998.0,0.0
1781807400,7299998.0,7299998.0,7299998.0,7299998.0,0.0
1781808300,7299998.0,7299998.0,7299998.0,7299998.0,0.0
1781809200,7299998.0,7299998.0,7299998.0,7299998.0,0.0
1781810100,7299998.0,7299998.0,7299998.0,7299998.0,0.0
1781811000,7299998.0,7299998.0,7299998.0,7299998.0,0.0
1781811900,7299998.0,7299998.0,7299998.0,7299998.0,0.03018794
1781812800,7299998.0,7299998.0,7299998.0,7299998.0,0.0
1781813700,7299998.0,7299998.0,7299998.0,7299998.0,0.0
1781814600,7299998.0,7299998.0,7299998.0,7299998.0,0.0
1781815500,7299998.0,7299998.0,7299998.0,7299998.0,0.0
1781816400,7075000.0,7075000.0,7075000.0,7075000.0,0.00244331
1781817300,7075000.0,7075000.0,7075000.0,7075000.0,0.0
1781818200,7075000.0,7075000.0,7075000.0,7075000.0,0.0
1781819100,7075004.0,7075004.0,6700000.0,6700000.0,0.63310975
1781820000,6700000.0,6700000.0,6700000.0,6700000.0,0.0
1781820900,6700000.0,6700000.0,6700000.0,6700000.0,0.0
1781821800,6700000.0,6700000.0,6700000.0,6700000.0,0.0
1781822700,7299993.0,7299993.0,7299993.0,7299993.0,0.00136424
1781823600,7299993.0,7299993.0,7299993.0,7299993.0,0.0
1781824500,7299993.0,7299993.0,7299993.0,7299993.0,0.0
1781825400,7299993.0,7299993.0,7299993.0,7299993.0,0.0
1781826300,7299993.0,7299993.0,7299993.0,7299993.0,0.0
1781827200,7299993.0,7299993.0,7299993.0,7299993.0,0.0
1781828100,7299993.0,7299993.0,7299993.0,7299993.0,0.0
1781829000,7299993.0,7299993.0,7299993.0,7299993.0,0.0
1781829900,7299993.0,7299993.0,7299993.0,7299993.0,0.0
1781830800,7299993.0,7299993.0,7299993.0,7299993.0,0.0
1781831700,7299993.0,7299993.0,7299993.0,7299993.0,0.0
1781832600,7178993.0,7178993.0,7178993.0,7178993.0,0.00138724
1781833500,7100091.0,7100091.0,7100091.0,7100091.0,0.00169342
1781834400,7100091.0,7100091.0,7100091.0,7100091.0,0.0221652
1781835300,7100000.0,7198987.0,7100000.0,7101997.0,0.02213415
1781836200,7101997.0,7101997.0,7101997.0,7101997.0,0.0
1781837100,7101997.0,7101997.0,7101997.0,7101997.0,0.0
1781838000,7198987.0,7298984.0,7198987.0,7298984.0,0.01062134
1781838900,7298984.0,7298984.0,6702000.0,6702000.0,0.00411591
1781839800,7219711.0,7298988.0,7219711.0,7298988.0,0.03416761
1781840700,7102002.0,7102002.0,7102002.0,7102002.0,0.00431577
1781841600,7102002.0,7102002.0,7102002.0,7102002.0,0.0
1781842500,7154243.0,7154243.0,7154243.0,7154243.0,0.00363839
1781843400,7154243.0,7154243.0,7154243.0,7154243.0,0.0
1781844300,7154243.0,7154243.0,7154243.0,7154243.0,0.0
1781845200,7298978.0,7298978.0,7298978.0,7298978.0,0.00198219
1781846100,7298978.0,7298978.0,7298978.0,7298978.0,0.00351473
1781847000,7298978.0,7298978.0,7298978.0,7298978.0,0.0
1781847900,7298978.0,7298978.0,7298978.0,7298978.0,0.0
1781848800,7298978.0,7298978.0,7298978.0,7298978.0,0.0
1781849700,7298978.0,7298978.0,7298978.0,7298978.0,0.0
1781850600,7298978.0,7298978.0,7298978.0,7298978.0,0.0
1781851500,7298978.0,7298978.0,7298978.0,7298978.0,0.00218304
1781852400,7298978.0,7298978.0,7298978.0,7298978.0,0.00136443
1781853300,7154238.0,7154238.0,6754237.0,6754237.0,0.01191306
1781854200,6754237.0,6754237.0,6754237.0,6754237.0,0.0
1781855100,6754237.0,6754237.0,6754237.0,6754237.0,0.0
1781856000,6754237.0,6754237.0,6754237.0,6754237.0,0.0
1781856900,6754237.0,6754237.0,6754237.0,6754237.0,0.0
1781857800,7124869.0,7299993.0,7124869.0,7299993.0,0.27888016
1781858700,6771364.0,6771364.0,6754237.0,6754237.0,0.01134686
1781859600,6754237.0,6754237.0,6754237.0,6754237.0,0.0
1781860500,6754238.0,6754238.0,6754238.0,6754238.0,0.0016843
1781861400,6754238.0,6754238.0,6754238.0,6754238.0,0.0
1781862300,6754238.0,6754238.0,6754238.0,6754238.0,0.0
1781863200,6754238.0,6754238.0,6754238.0,6754238.0,0.0
1781864100,6754238.0,6754238.0,6754238.0,6754238.0,0.0
1781865000,7206772.0,7206772.0,7206772.0,7206772.0,0.00186394
1781865900,7206772.0,7206772.0,7206772.0,7206772.0,0.0
1781866800,7206772.0,7206772.0,7206772.0,7206772.0,0.0
1781867700,7206772.0,7206772.0,7206772.0,7206772.0,0.0
1781868600,7206772.0,7206772.0,6754242.0,6754242.0,0.0058839
1781869500,6754242.0,6754242.0,6754242.0,6754242.0,0.0
1781870400,6754242.0,6754242.0,6754242.0,6754242.0,0.0
1781871300,6754242.0,6754242.0,6754242.0,6754242.0,0.0
1781872200,6754242.0,6754242.0,6754242.0,6754242.0,0.0
1781873100,6754242.0,6754242.0,6754242.0,6754242.0,0.0
1781874000,6754242.0,6754242.0,6754242.0,6754242.0,0.0
1781874900,6754242.0,6754242.0,6754242.0,6754242.0,0.0
1781875800,6754242.0,6754242.0,6754242.0,6754242.0,0.03549379
1781876700,7206771.0,7206771.0,7206771.0,7206771.0,0.00666401
1781877600,7206771.0,7206771.0,7206771.0,7206771.0,0.0
1781878500,7206771.0,7206771.0,7206771.0,7206771.0,0.0
1781879400,6754243.0,6754243.0,6754243.0,6754243.0,0.01062878
1781880300,6754243.0,6754243.0,6754243.0,6754243.0,0.0
1781881200,6754243.0,6754243.0,6754243.0,6754243.0,0.0
1781882100,6754248.0,6754248.0,6754248.0,6754248.0,0.00180753
1781883000,7205998.0,7205998.0,7205998.0,7205998.0,0.00138204
1781883900,7205998.0,7205998.0,7205998.0,7205998.0,0.0
1781884800,6754852.0,6754852.0,6754852.0,6754852.0,0.00253568
1781885700,6754852.0,6754852.0,6754852.0,6754852.0,0.0
1781886600,7205996.0,7205996.0,7205996.0,7205996.0,0.00138204
1781887500,7205996.0,7205996.0,7205996.0,7205996.0,0.0
1781888400,7205996.0,7205996.0,7205996.0,7205996.0,0.0
1781889300,7205996.0,7205996.0,7205996.0,7205996.0,0.0
1781890200,7205996.0,7205996.0,7205996.0,7205996.0,0.0
1781891100,7205996.0,7205996.0,7205996.0,7205996.0,0.0
1781892000,7205996.0,7205996.0,7205996.0,7205996.0,0.0
1781892900,7205996.0,7205996.0,7205996.0,7205996.0,0.0
1781893800,7205990.0,7205992.0,7205990.0,7205992.0,0.00185415
1781894700,7205992.0,7205992.0,7205992.0,7205992.0,0.0
1781895600,7205992.0,7205992.0,7205992.0,7205992.0,0.0
1781896500,7205992.0,7205992.0,7205992.0,7205992.0,0.0
1781897400,7205992.0,7205992.0,7205992.0,7205992.0,0.0
1781898300,7205992.0,7205992.0,7205992.0,7205992.0,0.0
1781899200,7205992.0,7205992.0,7205992.0,7205992.0,0.0
1781900100,7205992.0,7205992.0,7205992.0,7205992.0,0.0
1781901000,7205992.0,7205992.0,6754879.0,6754879.0,0.01085795
1781901900,7205992.0,7205992.0,7205992.0,7205992.0,0.02764102
1781902800,7205992.0,7205992.0,7205992.0,7205992.0,0.0
1781903700,7205992.0,7205992.0,7205992.0,7205992.0,0.0
1781904600,7205992.0,7205992.0,7205992.0,7205992.0,0.0
1781905500,7205992.0,7205992.0,7205992.0,7205992.0,0.0
1781906400,7205992.0,7205992.0,7205992.0,7205992.0,0.0
1781907300,7205992.0,7205992.0,7205992.0,7205992.0,0.0
1781908200,7205992.0,7205992.0,7205992.0,7205992.0,0.0
1781909100,7205992.0,7205992.0,7205992.0,7205992.0,0.0
1781910000,7205992.0,7205992.0,7205992.0,7205992.0,0.0
1781910900,7205992.0,7205992.0,7205992.0,7205992.0,0.0
1781911800,7205992.0,7205992.0,7205992.0,7205992.0,0.0
1781912700,7205992.0,7205992.0,7205992.0,7205992.0,0.0
1781913600,7205992.0,7205992.0,7205992.0,7205992.0,0.0
1781914500,7205992.0,7205992.0,7205992.0,7205992.0,0.0
1781915400,7205992.0,7205992.0,7205992.0,7205992.0,0.0
1781916300,7205992.0,7205992.0,7205992.0,7205992.0,0.0
1781917200,7205992.0,7205992.0,7205992.0,7205992.0,0.0
1781918100,7205992.0,7205992.0,7205992.0,7205992.0,0.0
1781919000,7205992.0,7205992.0,7205992.0,7205992.0,0.0
1781919900,6755140.0,6755140.0,6755140.0,6755140.0,0.00946585
1781920800,6755140.0,6755140.0,6755140.0,6755140.0,0.0
1781921700,6755140.0,6755140.0,6755140.0,6755140.0,0.0
1781922600,7205988.0,7205988.0,7205988.0,7205988.0,0.00165834
1781923500,7205988.0,7205988.0,7205988.0,7205988.0,0.0
1781924400,7205988.0,7205988.0,7205988.0,7205988.0,0.00248765
1781925300,7205988.0,7205988.0,7205988.0,7205988.0,0.0
1781926200,7205988.0,7205988.0,7205988.0,7205988.0,0.0
1781927100,7205988.0,7205988.0,7205988.0,7205988.0,0.0
1781928000,7205988.0,7205988.0,7205988.0,7205988.0,0.0
1781928900,7205988.0,7205988.0,7205988.0,7205988.0,0.0
1781929800,7205988.0,7205988.0,7205988.0,7205988.0,0.0
1781930700,7205988.0,7205988.0,7205988.0,7205988.0,0.0
1781931600,7205988.0,7205988.0,7205988.0,7205988.0,0.0
1781932500,7205988.0,7205988.0,7205988.0,7205988.0,0.0
1781933400,7205988.0,7205988.0,7205988.0,7205988.0,0.0
1781934300,7205988.0,7205988.0,7205988.0,7205988.0,0.0
1781935200,7205988.0,7205988.0,7205988.0,7205988.0,0.0
1781936100,7205988.0,7205988.0,7205988.0,7205988.0,0.0
1781937000,7205988.0,7205988.0,7205988.0,7205988.0,0.0
1781937900,7205988.0,7205988.0,7205988.0,7205988.0,0.0
1781938800,7205988.0,7205988.0,7205988.0,7205988.0,0.0
1781939700,7205988.0,7205992.0,7205988.0,7205992.0,0.09652037
1781940600,7205992.0,7205992.0,7205992.0,7205992.0,0.0
1781941500,7100002.0,7100002.0,6850001.0,6850001.0,0.06511912
1781942400,6850001.0,6850001.0,6850001.0,6850001.0,0.0
1781943300,6850001.0,6850001.0,6850001.0,6850001.0,0.0
1781944200,6850001.0,6850001.0,6850001.0,6850001.0,0.0
1781945100,6850001.0,6850001.0,6850001.0,6850001.0,0.0
1781946000,6850001.0,6850001.0,6850001.0,6850001.0,0.0
1781946900,6850001.0,6850001.0,6850001.0,6850001.0,0.0
1781947800,6850001.0,6850001.0,6850001.0,6850001.0,0.0
1781948700,6850001.0,6850001.0,6850001.0,6850001.0,0.0
1781949600,7205991.0,7205991.0,7205991.0,7205991.0,0.01185109
1781950500,7205991.0,7205991.0,7090014.0,7090014.0,0.01066148
1781951400,7090014.0,7090014.0,7090014.0,7090014.0,0.0
1781952300,7090014.0,7090014.0,7090014.0,7090014.0,0.0
1781953200,7090014.0,7090014.0,7090014.0,7090014.0,0.0
1781954100,7090014.0,7090014.0,7090014.0,7090014.0,0.0
1781955000,7090014.0,7090014.0,7090014.0,7090014.0,0.0
1781955900,7090014.0,7090014.0,6850018.0,6850018.0,0.00879754
1781956800,6850018.0,6850018.0,6850018.0,6850018.0,0.0
1781957700,6850018.0,6850018.0,6850018.0,6850018.0,0.0
1781958600,7205991.0,7205991.0,7205991.0,7205991.0,0.02037388
1781959500,7205991.0,7205991.0,7205991.0,7205991.0,0.0
1781960400,7205991.0,7205992.0,7205991.0,7205992.0,0.11429669
1781961300,7205992.0,7205992.0,7205992.0,7205992.0,0.0
1781962200,7205992.0,7205992.0,7205992.0,7205992.0,0.0
1781963100,7090036.0,7090036.0,6850000.0,6850000.0,0.11429669
1781964000,6850000.0,6850000.0,6850000.0,6850000.0,0.0
1781964900,6850000.0,6850000.0,6850000.0,6850000.0,0.0
1781965800,7199999.0,7199999.0,7199999.0,7199999.0,0.00138319
1781966700,7199999.0,7199999.0,7199999.0,7199999.0,0.0
1781967600,6850006.0,6850006.0,6850005.0,6850005.0,0.02037388
1781968500,6850005.0,6850005.0,6850005.0,6850005.0,0.00196642
1781969400,6850005.0,6850005.0,6850005.0,6850005.0,0.0
1781970300,6850005.0,6850005.0,6850005.0,6850005.0,0.0
1781971200,7199996.0,7199996.0,7199996.0,7199996.0,0.00200777
1781972100,7199996.0,7199996.0,7199996.0,7199996.0,0.0
1781973000,7199996.0,7199996.0,7199996.0,7199996.0,0.0
1781973900,7199996.0,7199996.0,7199996.0,7199996.0,0.0
1781974800,7199996.0,7199996.0,7199996.0,7199996.0,0.0
1781975700,7199996.0,7199996.0,7199996.0,7199996.0,0.0
1781976600,7199996.0,7199996.0,7199996.0,7199996.0,0.0
1781977500,7199996.0,7199996.0,7199996.0,7199996.0,0.0
1781978400,7199996.0,7199996.0,7199996.0,7199996.0,0.0
1781979300,7199996.0,7199996.0,7199996.0,7199996.0,0.0
1781980200,7199996.0,7199996.0,7199996.0,7199996.0,0.0
1781981100,7199996.0,7199996.0,7199996.0,7199996.0,0.0
1781982000,7194994.0,7194994.0,7194994.0,7194994.0,0.00692078
1781982900,7194994.0,7194994.0,7194994.0,7194994.0,0.0
1781983800,7194994.0,7194994.0,7194994.0,7194994.0,0.0
1781984700,7194994.0,7194994.0,7194994.0,7194994.0,0.0
1781985600,7194994.0,7194994.0,7194994.0,7194994.0,0.0
1781986500,7194994.0,7194994.0,7194994.0,7194994.0,0.0
1781987400,7194994.0,7194994.0,7194994.0,7194994.0,0.0
1781988300,7194994.0,7194994.0,7194994.0,7194994.0,0.0
1781989200,7194994.0,7194994.0,7194994.0,7194994.0,0.0
1781990100,7194994.0,7194994.0,7194994.0,7194994.0,0.0
1781991000,7194994.0,7194994.0,7194994.0,7194994.0,0.0
1781991900,7194994.0,7194994.0,7194994.0,7194994.0,0.0
1781992800,7194994.0,7194994.0,7194994.0,7194994.0,0.0
1781993700,7194994.0,7194994.0,7194994.0,7194994.0,0.0
1781994600,7194994.0,7194994.0,7194994.0,7194994.0,0.0
1781995500,7194994.0,7194994.0,7194994.0,7194994.0,0.0
1781996400,7194994.0,7194994.0,7194994.0,7194994.0,0.0
1781997300,7194994.0,7194994.0,7194994.0,7194994.0,0.0
1781998200,7194994.0,7194994.0,7194994.0,7194994.0,0.0
1781999100,7194994.0,7194994.0,7194994.0,7194994.0,0.0
1782000000,7194994.0,7194994.0,7194994.0,7194994.0,0.0
1782000900,7194994.0,7194994.0,7194994.0,7194994.0,0.0
1782001800,7194994.0,7194994.0,7194994.0,7194994.0,0.0
1782002700,7194994.0,7194994.0,7194994.0,7194994.0,0.0
1782003600,7194994.0,7194994.0,7194994.0,7194994.0,0.0
1782004500,7194994.0,7194994.0,7194994.0,7194994.0,0.0
1782005400,7194994.0,7194994.0,7194994.0,7194994.0,0.0
1782006300,7194990.0,7194992.0,7194990.0,7194992.0,0.0138431
1782007200,7194992.0,7194992.0,7194992.0,7194992.0,0.0
1782008100,7194992.0,7194992.0,7194992.0,7194992.0,0.0
1782009000,7194992.0,7194992.0,7194992.0,7194992.0,0.00692078
1782009900,7194992.0,7194992.0,7194992.0,7194992.0,0.0
1782010800,6858120.0,6858120.0,6858119.0,6858119.0,0.01591881
1782011700,6858119.0,6858119.0,6858119.0,6858119.0,0.0
1782012600,6858119.0,6858119.0,6858119.0,6858119.0,0.0
1782013500,6858119.0,6858119.0,6858119.0,6858119.0,0.0
1782014400,7194990.0,7194990.0,6859114.0,6859114.0,0.00319582
1782015300,6859114.0,6859114.0,6859114.0,6859114.0,0.0
1782016200,6859114.0,6859114.0,6859114.0,6859114.0,0.0
1782017100,6859114.0,6859114.0,6859114.0,6859114.0,0.0
1782018000,7174694.0,7174694.0,6859115.0,6859115.0,0.00415818
1782018900,6859115.0,6859115.0,6859115.0,6859115.0,0.0
1782019800,6859115.0,6859115.0,6859115.0,6859115.0,0.0
1782020700,6859115.0,6859115.0,6859115.0,6859115.0,0.0
1782021600,6859115.0,6859115.0,6859115.0,6859115.0,0.0
1782022500,7174690.0,7174690.0,7174690.0,7174690.0,0.00288235
1782023400,7174690.0,7174690.0,7174690.0,7174690.0,0.0
1782024300,7174690.0,7174690.0,7174690.0,7174690.0,0.0
1782025200,7174690.0,7174690.0,7174690.0,7174690.0,0.0
1782026100,7174690.0,7174690.0,7174690.0,7174690.0,0.0
1782027000,7174690.0,7174690.0,7174690.0,7174690.0,0.0
1782027900,7194898.0,7194991.0,7194898.0,7194991.0,0.02768356
1782028800,7194991.0,7194991.0,7194991.0,7194991.0,0.0
1782029700,7194991.0,7194991.0,7194991.0,7194991.0,0.01401739
1782030600,7194991.0,7194991.0,7194991.0,7194991.0,0.0
1782031500,7194991.0,7194991.0,7194991.0,7194991.0,0.0
1782032400,7194991.0,7194991.0,7194991.0,7194991.0,0.0
1782033300,7194991.0,7194991.0,7194991.0,7194991.0,0.0
1782034200,7194991.0,7194991.0,7194991.0,7194991.0,0.0
1782035100,7194991.0,7194991.0,7194991.0,7194991.0,0.0
1782036000,7194991.0,7194991.0,7194991.0,7194991.0,0.0
1782036900,7194991.0,7194991.0,7194991.0,7194991.0,0.0
1782037800,7194991.0,7194991.0,7194991.0,7194991.0,0.0
1782038700,7060001.0,7060001.0,7060001.0,7060001.0,0.00288333
1782039600,7060001.0,7060001.0,7060001.0,7060001.0,0.0
1782040500,7176799.0,7176799.0,7176799.0,7176799.0,0.00711793
1782041400,7176716.0,7176799.0,7176716.0,7176799.0,0.01387667
1782042300,7176799.0,7176799.0,7176799.0,7176799.0,0.0
1782043200,7176799.0,7176799.0,7176799.0,7176799.0,0.0
1782044100,7176699.0,7176699.0,7176699.0,7176699.0,0.00475427
1782045000,7176699.0,7176699.0,7176699.0,7176699.0,0.0
1782045900,7176699.0,7176699.0,7176699.0,7176699.0,0.03970711
1782046800,7176699.0,7176699.0,7176699.0,7176699.0,0.0
1782047700,7176699.0,7176699.0,7176699.0,7176699.0,0.0
1782048600,7176699.0,7176699.0,7176699.0,7176699.0,0.0
1782049500,7176699.0,7176699.0,7176699.0,7176699.0,0.0
1782050400,7060004.0,7060004.0,6860003.0,6860003.0,0.01384291
1782051300,6860004.0,6860004.0,6860004.0,6860004.0,0.00649922
1782052200,6860004.0,6860004.0,6860004.0,6860004.0,0.0
1782053100,6860005.0,7117016.0,6860005.0,7117016.0,0.00743794
1782054000,7117016.0,7117016.0,7117016.0,7117016.0,0.0
1782054900,7117016.0,7117016.0,7117016.0,7117016.0,0.0
1782055800,7117016.0,7117016.0,7117016.0,7117016.0,0.0
1782056700,7117016.0,7117016.0,7117016.0,7117016.0,0.0
1782057600,7117016.0,7117016.0,7117016.0,7117016.0,0.0
1782058500,7117016.0,7176599.0,6860005.0,6860005.0,0.01593971
1782059400,6860005.0,6860005.0,6860005.0,6860005.0,0.0
1782060300,7176599.0,7176599.0,7176599.0,7176599.0,0.01379093
1782061200,7176599.0,7176599.0,7176599.0,7176599.0,0.0
1782062100,7176599.0,7176599.0,7176599.0,7176599.0,0.0
1782063000,7176599.0,7176599.0,7176599.0,7176599.0,0.0
1782063900,7176599.0,7176599.0,7176599.0,7176599.0,0.0
1782064800,7176599.0,7176599.0,7176599.0,7176599.0,0.0
1782065700,7176599.0,7176599.0,7176599.0,7176599.0,0.0
1782066600,7176599.0,7176599.0,7176599.0,7176599.0,0.0
1782067500,7176599.0,7176599.0,7176599.0,7176599.0,0.0
1782068400,7176599.0,7176599.0,7176599.0,7176599.0,0.0
1782069300,7176599.0,7176599.0,7176599.0,7176599.0,0.0
1782070200,7176599.0,7176599.0,7176599.0,7176599.0,0.02914193
1782071100,7176599.0,7176599.0,7176599.0,7176599.0,0.0
1782072000,7176599.0,7176599.0,7176599.0,7176599.0,0.0
1782072900,7176599.0,7176599.0,7176599.0,7176599.0,0.0
1782073800,7176599.0,7176599.0,7176599.0,7176599.0,0.0
1782074700,7176599.0,7176599.0,7176599.0,7176599.0,0.013907
1782075600,7176599.0,7176599.0,7176599.0,7176599.0,0.0
1782076500,7176599.0,7176599.0,7176599.0,7176599.0,0.0
1782077400,7176599.0,7176599.0,7176599.0,7176599.0,0.0
1782078300,7176599.0,7176599.0,7176599.0,7176599.0,0.0
1782079200,7176599.0,7176599.0,7176599.0,7176599.0,0.0
1782080100,7176599.0,7176599.0,7176599.0,7176599.0,0.0
1782081000,7176599.0,7176599.0,7176599.0,7176599.0,0.0
1782081900,7176599.0,7176599.0,7176599.0,7176599.0,0.0
1782082800,7176599.0,7176599.0,7176599.0,7176599.0,0.0
1782083700,7176599.0,7176599.0,7176599.0,7176599.0,0.0
1782084600,7176599.0,7176599.0,7176599.0,7176599.0,0.0
1782085500,7176599.0,7176599.0,7176599.0,7176599.0,0.0
1782086400,7176599.0,7176599.0,7176599.0,7176599.0,0.0
1782087300,7176599.0,7176599.0,7176599.0,7176599.0,0.0
1782088200,7176599.0,7176599.0,7176599.0,7176599.0,0.0
1782089100,7176599.0,7176599.0,7176599.0,7176599.0,0.0
1782090000,7176599.0,7176599.0,7176599.0,7176599.0,0.0
1782090900,7176599.0,7176599.0,7176599.0,7176599.0,0.0
1782091800,7176599.0,7176599.0,7176599.0,7176599.0,0.0
1782092700,7176599.0,7176599.0,7176599.0,7176599.0,0.0
1782093600,7176599.0,7176599.0,6860016.0,6860016.0,0.00413983
1782094500,6860016.0,6860016.0,6860016.0,6860016.0,0.0
1782095400,6860016.0,6860016.0,6860016.0,6860016.0,0.0
1782096300,7176596.0,7176596.0,6860016.0,6860016.0,0.0041479
1782097200,6860016.0,6860016.0,6860015.0,6860015.0,0.01062134
1782098100,6860015.0,6860015.0,6860015.0,6860015.0,0.0
1782099000,6860015.0,6860015.0,6860015.0,6860015.0,0.0
1782099900,6860016.0,6860016.0,6860015.0,6860015.0,0.0021887
1782100800,6860015.0,6860015.0,6860015.0,6860015.0,0.0
1782101700,6860015.0,6860015.0,6860015.0,6860015.0,0.0
1782102600,6860015.0,6860015.0,6860015.0,6860015.0,0.00178493
1782103500,6860015.0,6860015.0,6860015.0,6860015.0,0.0
1782104400,6860015.0,6860015.0,6860015.0,6860015.0,0.0
1782105300,6860015.0,6860015.0,6860015.0,6860015.0,0.0
1782106200,6860015.0,6860015.0,6860015.0,6860015.0,0.0
1782107100,6860015.0,6860015.0,6860015.0,6860015.0,0.0
1782108000,6860015.0,6860015.0,6860015.0,6860015.0,0.0
1782108900,6860015.0,6860015.0,6860015.0,6860015.0,0.0
1782109800,7176590.0,7176590.0,7176590.0,7176590.0,0.00291809
1782110700,7176590.0,7176590.0,7176590.0,7176590.0,0.0
1782111600,7176590.0,7176590.0,7176590.0,7176590.0,0.0
1782112500,7176590.0,7176590.0,7176590.0,7176590.0,0.0
1782113400,7176590.0,7176590.0,7176590.0,7176590.0,0.0
1782114300,7176590.0,7176590.0,6860015.0,6860015.0,0.13357985
1782115200,7176586.0,7176586.0,6860017.0,6860017.0,0.01639718
1782116100,7176582.0,7176582.0,7176582.0,7176582.0,0.00216844
1782117000,7176582.0,7176582.0,7176582.0,7176582.0,0.0
1782117900,6860018.0,6860018.0,6860017.0,6860017.0,0.00486932
1782118800,6860017.0,6860017.0,6860017.0,6860017.0,0.0
1782119700,6860035.0,6860035.0,6860035.0,6860035.0,0.00311275
1782120600,6860035.0,6860035.0,6860035.0,6860035.0,0.0
1782121500,7176566.0,7176566.0,7176566.0,7176566.0,0.00417093
1782122400,7176566.0,7176566.0,7176566.0,7176566.0,0.0
1782123300,6860094.0,6860094.0,6860094.0,6860094.0,0.00417093
1782124200,6860094.0,6860094.0,6860094.0,6860094.0,0.0
1782125100,6860094.0,6860094.0,6860094.0,6860094.0,0.0
1782126000,6860094.0,6860094.0,6860094.0,6860094.0,0.0
1782126900,6860094.0,6860094.0,6860094.0,6860094.0,0.0
1782127800,6860094.0,6860094.0,6860094.0,6860094.0,0.0
1782128700,6860094.0,6860094.0,6860094.0,6860094.0,0.0
1782129600,6860094.0,6860094.0,6860094.0,6860094.0,0.0
1782130500,6860094.0,6860094.0,6860094.0,6860094.0,0.0
1782131400,7176558.0,7176558.0,7176558.0,7176558.0,0.00350948
1782132300,7176558.0,7176558.0,7176558.0,7176558.0,0.0
1782133200,7176558.0,7176558.0,7176558.0,7176558.0,0.0
1782134100,7176550.0,7176553.0,7176550.0,7176553.0,0.01526485
1782135000,7176553.0,7176553.0,7176553.0,7176553.0,0.0
1782135900,6860992.0,6860992.0,6860992.0,6860992.0,0.00216844
1782136800,7176548.0,7205992.0,7176548.0,7205992.0,1.21097348
1782137700,7205992.0,7205992.0,7205992.0,7205992.0,0.0
1782138600,6892012.0,6892012.0,6892012.0,6892012.0,0.00160591
1782139500,6892016.0,6892016.0,6892016.0,6892016.0,0.00160591
1782140400,7205990.0,7300000.0,6892004.0,6892004.0,0.0198558
1782141300,7299998.0,7300000.0,7000002.0,7000002.0,0.00438683
1782142200,7000002.0,7000002.0,7000002.0,7000002.0,0.0
1782143100,7000002.0,7000002.0,7000002.0,7000002.0,0.0
1782144000,7299998.0,7300000.0,7000028.0,7000034.0,0.03617311
1782144900,7000034.0,7000034.0,7000034.0,7000034.0,0.0
1782145800,7264452.0,7264452.0,7264452.0,7264452.0,0.0072249
1782146700,7262726.0,7262726.0,7262726.0,7262726.0,0.00617054
1782147600,7262726.0,7262726.0,7262726.0,7262726.0,0.0
1782148500,7262726.0,7262726.0,7262726.0,7262726.0,0.0
1782149400,7262726.0,7262726.0,7262726.0,7262726.0,0.0
1782150300,7262726.0,7262726.0,7262726.0,7262726.0,0.0
1782151200,7262726.0,7262726.0,7262726.0,7262726.0,0.0
1782152100,7262726.0,7262726.0,7262726.0,7262726.0,0.0
1782153000,7262726.0,7262726.0,7262726.0,7262726.0,0.0
1782153900,7262726.0,7262726.0,7262726.0,7262726.0,0.0
1782154800,7262726.0,7262726.0,7262726.0,7262726.0,0.0
1782155700,7262726.0,7262726.0,7262726.0,7262726.0,0.0
1782156600,7262726.0,7262726.0,7262726.0,7262726.0,0.0
1782157500,7262726.0,7262726.0,7262726.0,7262726.0,0.0
1782158400,7262726.0,7262726.0,7262726.0,7262726.0,0.0
1782159300,7262726.0,7262726.0,7262726.0,7262726.0,0.0
1782160200,7262726.0,7262726.0,7262726.0,7262726.0,0.0
1782161100,7209416.0,7300000.0,7209416.0,7300000.0,0.0396337
1782162000,7300000.0,7300000.0,7300000.0,7300000.0,0.0
1782162900,7300000.0,7300000.0,7300000.0,7300000.0,0.00187726
1782163800,7300000.0,7300000.0,7300000.0,7300000.0,0.0
1782164700,7300000.0,7300000.0,7300000.0,7300000.0,0.0
1782165600,7300000.0,7300000.0,7300000.0,7300000.0,0.0
1782166500,7300000.0,7300000.0,7300000.0,7300000.0,0.0
1782167400,7300000.0,7300000.0,7300000.0,7300000.0,0.0
1782168300,7150142.0,7150142.0,7150142.0,7150142.0,0.00187726
1782169200,7150142.0,7150142.0,7150142.0,7150142.0,0.0
1782170100,7150142.0,7150142.0,7150142.0,7150142.0,0.0
1782171000,7150142.0,7150142.0,7150142.0,7150142.0,0.0
1782171900,7150142.0,7150142.0,7150142.0,7150142.0,0.0
1782172800,7150142.0,7150142.0,7150142.0,7150142.0,0.0
1782173700,7150143.0,7150143.0,7050000.0,7050000.0,4.82722974
1782174600,7050000.0,7050000.0,7050000.0,7050000.0,0.0
1782175500,7050000.0,7050000.0,7050000.0,7050000.0,0.0
1782176400,7050000.0,7050000.0,7050000.0,7050000.0,0.0
1782177300,7272727.0,7272727.0,7272727.0,7272727.0,0.01369362
1782178200,7272727.0,7272727.0,7272727.0,7272727.0,0.0
1782179100,7272727.0,7272727.0,7272727.0,7272727.0,0.0
1782180000,7272727.0,7272727.0,7272727.0,7272727.0,0.0
1782180900,7272727.0,7272727.0,7272727.0,7272727.0,0.0
1782181800,7272727.0,7272727.0,7272727.0,7272727.0,0.0
1782182700,7272727.0,7272727.0,7272727.0,7272727.0,0.0
1782183600,7272670.0,7272670.0,7272670.0,7272670.0,0.00144637
1782184500,7272716.0,7272716.0,7050930.0,7050930.0,0.02908726
1782185400,7050930.0,7050930.0,7050930.0,7050930.0,0.0
1782186300,7050930.0,7050930.0,7050930.0,7050930.0,0.0
1782187200,7050930.0,7050930.0,7050930.0,7050930.0,0.0
1782188100,7272007.0,7272007.0,7272007.0,7272007.0,0.00156944
1782189000,7272007.0,7272007.0,7272007.0,7272007.0,0.0
1782189900,7272007.0,7272007.0,7272007.0,7272007.0,0.0
1782190800,7272007.0,7272007.0,7272007.0,7272007.0,0.0
1782191700,7272007.0,7272007.0,7272007.0,7272007.0,0.00684749
1782192600,7272007.0,7272007.0,7272007.0,7272007.0,0.0
1782193500,7272007.0,7272007.0,7272007.0,7272007.0,0.0
1782194400,7272007.0,7272655.0,7272007.0,7272655.0,0.02078079
1782195300,7272715.0,7272715.0,7272715.0,7272715.0,0.00726537
1782196200,7051132.0,7051132.0,6750000.0,6750000.0,1.2958505
1782197100,6750000.0,6750000.0,6750000.0,6750000.0,0.0
1782198000,6750000.0,6750000.0,6750000.0,6750000.0,0.0
1782198900,7269005.0,7269005.0,7269005.0,7269005.0,0.00618447
1782199800,7269005.0,7269005.0,7269005.0,7269005.0,0.0
1782200700,7269005.0,7269005.0,7269005.0,7269005.0,0.0
1782201600,7269005.0,7269005.0,7269005.0,7269005.0,0.0
1782202500,7269005.0,7269005.0,7269005.0,7269005.0,0.0
1782203400,7259004.0,7259004.0,7259004.0,7259004.0,0.00710111
1782204300,7259004.0,7259906.0,7259004.0,7259906.0,0.07211912
1782205200,7259874.0,7259990.0,7259874.0,7259981.0,0.00563114
1782206100,6969970.0,6969970.0,6969970.0,6969970.0,0.0051752
1782207000,7259008.0,7259008.0,7259008.0,7259008.0,0.00270684
1782207900,7077077.0,7077077.0,6750909.0,6750909.0,0.07211912
1782208800,7259008.0,7259008.0,7259008.0,7259008.0,0.00163025
1782209700,7259008.0,7259008.0,7259008.0,7259008.0,0.0
1782210600,7259008.0,7259008.0,7259008.0,7259008.0,0.0
1782211500,6751936.0,7259053.0,6751936.0,7259053.0,0.00915027
1782212400,7259053.0,7259053.0,7259053.0,7259053.0,0.0
1782213300,7259053.0,7259053.0,7259053.0,7259053.0,0.0
1782214200,7259053.0,7259053.0,7259053.0,7259053.0,0.0
1782215100,7259053.0,7259053.0,7259053.0,7259053.0,0.0
1782216000,7258836.0,7258836.0,7258836.0,7258836.0,0.00437011
1782216900,7258836.0,7258836.0,7258836.0,7258836.0,0.00231194
1782217800,7258836.0,7258836.0,7258836.0,7258836.0,0.0
1782218700,7258836.0,7258840.0,7258836.0,7258840.0,0.02335951
1782219600,7258840.0,7258840.0,7258840.0,7258840.0,0.0
1782220500,7258840.0,7258840.0,7258840.0,7258840.0,0.0
1782221400,7056992.0,7056992.0,7056992.0,7056992.0,0.00235166
1782222300,7258840.0,7258840.0,7258840.0,7258840.0,0.00167216
1782223200,7258809.0,7258809.0,7258809.0,7258809.0,0.0044335
1782224100,7258840.0,7258840.0,7258840.0,7258840.0,0.01054686
1782225000,7258840.0,7258840.0,7258840.0,7258840.0,0.00646604
1782225900,7258840.0,7258840.0,7258840.0,7258840.0,0.0
1782226800,7258840.0,7258840.0,7258840.0,7258840.0,0.0
1782227700,7258840.0,7258840.0,7258840.0,7258840.0,0.0
1782228600,7258840.0,7258840.0,7258840.0,7258840.0,0.0
1782229500,7258840.0,7258840.0,7258840.0,7258840.0,0.0
1782230400,7258840.0,7258840.0,7258840.0,7258840.0,0.0
1782231300,7258840.0,7258840.0,7258840.0,7258840.0,0.0
1782232200,7258840.0,7258840.0,7258840.0,7258840.0,0.0
1782233100,7050083.0,7050083.0,7050083.0,7050083.0,0.00270684
1782234000,7050083.0,7050083.0,7050083.0,7050083.0,0.0
1782234900,7050083.0,7050083.0,7050083.0,7050083.0,0.0
1782235800,7050083.0,7050083.0,7050083.0,7050083.0,0.0
1782236700,7050083.0,7050083.0,7050083.0,7050083.0,0.0
1782237600,7050083.0,7050083.0,7050083.0,7050083.0,0.0
1782238500,7050083.0,7050083.0,7050083.0,7050083.0,0.0
1782239400,7050083.0,7050083.0,7050083.0,7050083.0,0.0
1782240300,7050083.0,7050083.0,7050083.0,7050083.0,0.0
1782241200,7050083.0,7050083.0,7050083.0,7050083.0,0.0
1782242100,7050083.0,7050083.0,7050083.0,7050083.0,0.0
1782243000,7050083.0,7050083.0,7050083.0,7050083.0,0.0
1782243900,7050083.0,7050083.0,7050083.0,7050083.0,0.0
1782244800,7249996.0,7249996.0,7249996.0,7249996.0,0.00514538
1782245700,7249996.0,7249996.0,7249996.0,7249996.0,0.0
1782246600,7249996.0,7249996.0,7249996.0,7249996.0,0.0
1782247500,7249996.0,7249996.0,7249996.0,7249996.0,0.0
1782248400,7249996.0,7249996.0,7249996.0,7249996.0,0.0
1782249300,7249996.0,7249996.0,7249996.0,7249996.0,0.0
1782250200,7249996.0,7249996.0,7249996.0,7249996.0,0.0
1782251100,7249996.0,7249996.0,7249996.0,7249996.0,0.0
1782252000,7249996.0,7249996.0,7249996.0,7249996.0,0.0
1782252900,7249996.0,7249996.0,7249996.0,7249996.0,0.0
1782253800,7249996.0,7249996.0,7249996.0,7249996.0,0.0
1782254700,7249996.0,7249996.0,7249996.0,7249996.0,0.0
1782255600,7249996.0,7249996.0,7249996.0,7249996.0,0.0
1782256500,7249996.0,7249996.0,7249996.0,7249996.0,0.0
1782257400,7249996.0,7249996.0,7249996.0,7249996.0,0.0
1782258300,7249996.0,7249996.0,7249996.0,7249996.0,0.0
1782259200,7249996.0,7249996.0,7249996.0,7249996.0,0.0
1782260100,7249996.0,7249996.0,7249996.0,7249996.0,0.0
1782261000,7249996.0,7249996.0,7249996.0,7249996.0,0.0
1782261900,7249996.0,7249996.0,7249996.0,7249996.0,0.0
1782262800,7249996.0,7249996.0,7249996.0,7249996.0,0.0
1782263700,7249996.0,7249996.0,7249996.0,7249996.0,0.0
1782264600,7249996.0,7249996.0,7249996.0,7249996.0,0.0
1782265500,7249996.0,7249996.0,7249996.0,7249996.0,0.0
1782266400,7249996.0,7249996.0,7249996.0,7249996.0,0.0
1782267300,7249996.0,7249996.0,7249996.0,7249996.0,0.0
1782268200,7249996.0,7249996.0,7249996.0,7249996.0,0.0
1782269100,7150491.0,7150491.0,7150491.0,7150491.0,0.00168855
1782270000,7150491.0,7150491.0,7150491.0,7150491.0,0.0
1782270900,7150491.0,7150491.0,7150491.0,7150491.0,0.0
1782271800,7150491.0,7150491.0,7150491.0,7150491.0,0.0
1782272700,7248669.0,7248669.0,6750490.0,6750490.0,0.03168862
1782273600,6750490.0,6750490.0,6750490.0,6750490.0,0.0
1782274500,6750490.0,6750490.0,6750490.0,6750490.0,0.0
1782275400,6750490.0,6750490.0,6750490.0,6750490.0,0.0
1782276300,6750490.0,6750490.0,6750490.0,6750490.0,0.0
1782277200,7150491.0,7150491.0,6750490.0,6750490.0,0.02335923
1782278100,6750492.0,6750492.0,6750492.0,6750492.0,0.00231194
1782279000,7248666.0,7248669.0,7248666.0,7248669.0,0.00274781
1782279900,7248669.0,7248669.0,7248669.0,7248669.0,0.0
1782280800,7248669.0,7248669.0,7248669.0,7248669.0,0.0
1782281700,6750660.0,6750660.0,6750660.0,6750660.0,0.00514538
1782282600,6750668.0,6750668.0,6750668.0,6750668.0,0.00272849
1782283500,6750668.0,6750668.0,6750668.0,6750668.0,0.0
1782284400,6750668.0,6750668.0,6750668.0,6750668.0,0.0
1782285300,6750492.0,6750492.0,6750492.0,6750492.0,0.00167216
1782286200,6750492.0,6750492.0,6750492.0,6750492.0,0.0
1782287100,7248666.0,7248666.0,6750492.0,6750492.0,0.00569786
1782288000,6750492.0,6750492.0,6750492.0,6750492.0,0.0
1782288900,6750492.0,6750492.0,6750492.0,6750492.0,0.0
1782289800,6750492.0,6750492.0,6750492.0,6750492.0,0.0
1782290700,7248666.0,7248669.0,7248666.0,7248669.0,0.00296123
1782291600,7248669.0,7248669.0,7248669.0,7248669.0,0.0
1782292500,7248669.0,7248669.0,7248669.0,7248669.0,0.0
1782293400,7248669.0,7248669.0,7248669.0,7248669.0,0.0
1782294300,7248669.0,7248669.0,7248669.0,7248669.0,0.0
1782295200,7248669.0,7248669.0,7248669.0,7248669.0,0.0
1782296100,6750496.0,6750496.0,6750496.0,6750496.0,0.00296123
1782297000,6750496.0,6750496.0,6750496.0,6750496.0,0.0
1782297900,6750496.0,6750496.0,6750496.0,6750496.0,0.0
1782298800,6750496.0,6750496.0,6750496.0,6750496.0,0.0
1782299700,6750496.0,6750496.0,6750496.0,6750496.0,0.0
1782300600,6750496.0,6750496.0,6750496.0,6750496.0,0.0
1782301500,6750496.0,6750496.0,6750496.0,6750496.0,0.0
1782302400,7248664.0,7248664.0,7248664.0,7248664.0,0.00206079
1782303300,7248664.0,7248664.0,7248664.0,7248664.0,0.0
1782304200,7248664.0,7248664.0,7248664.0,7248664.0,0.0
1782305100,7248664.0,7248664.0,7248664.0,7248664.0,0.0
1782306000,7248662.0,7248662.0,7248662.0,7248662.0,0.0034387
1782306900,7248662.0,7248662.0,7248662.0,7248662.0,0.0
1782307800,7248662.0,7248662.0,7248662.0,7248662.0,0.0
1782308700,7248662.0,7248662.0,7248662.0,7248662.0,0.0
1782309600,7248662.0,7248664.0,7248662.0,7248664.0,0.0013739
1782310500,7248664.0,7248664.0,7248664.0,7248664.0,0.0
1782311400,7248664.0,7248664.0,7248664.0,7248664.0,0.0
1782312300,7248664.0,7248664.0,7248664.0,7248664.0,0.0
1782313200,7248664.0,7248664.0,7248664.0,7248664.0,0.0
1782314100,6810558.0,7248664.0,6810558.0,7248664.0,0.01010463
1782315000,6810558.0,6810558.0,6810072.0,6810072.0,0.0533656
1782315900,7248662.0,7248669.0,7248662.0,7248669.0,0.04121737
1782316800,7248669.0,7248669.0,7248669.0,7248669.0,0.0
1782317700,7248669.0,7248669.0,7248669.0,7248669.0,0.0
1782318600,7248669.0,7248669.0,7248669.0,7248669.0,0.0
1782319500,7248669.0,7248669.0,7248669.0,7248669.0,0.0
1782320400,7248669.0,7248669.0,7248669.0,7248669.0,0.00755669
1782321300,6810994.0,6810994.0,6810000.0,6810000.0,0.12066354
1782322200,6810000.0,6810000.0,6810000.0,6810000.0,0.0
1782323100,6810000.0,6810000.0,6810000.0,6810000.0,0.0
1782324000,6810000.0,6810000.0,6810000.0,6810000.0,0.0
1782324900,6810000.0,6810000.0,6810000.0,6810000.0,0.0
1782325800,6810000.0,6810000.0,6810000.0,6810000.0,0.0
1782326700,7248666.0,7248669.0,7248666.0,7248669.0,0.02747829
1782327600,7248669.0,7248669.0,7248669.0,7248669.0,0.0
1782328500,7248669.0,7248669.0,7248669.0,7248669.0,0.0
1782329400,7248669.0,7248669.0,7248669.0,7248669.0,0.0
1782330300,7248669.0,7248669.0,7248669.0,7248669.0,0.0
1782331200,7248669.0,7248669.0,7248669.0,7248669.0,0.0
1782332100,7248669.0,7248669.0,7248669.0,7248669.0,0.0
1782333000,6810002.0,6810002.0,6750086.0,6750086.0,0.09652037
1782333900,6750086.0,6750086.0,6750086.0,6750086.0,0.0
1782334800,6750250.0,6750250.0,6750250.0,6750250.0,0.00879132
1782335700,6750250.0,6750250.0,6750250.0,6750250.0,0.0
1782336600,6750250.0,6750250.0,6750250.0,6750250.0,0.0
1782337500,6750250.0,6750250.0,6750250.0,6750250.0,0.0
1782338400,6750250.0,6750250.0,6750250.0,6750250.0,0.0
1782339300,6750250.0,6750250.0,6750250.0,6750250.0,0.0
1782340200,6750250.0,6750250.0,6750250.0,6750250.0,0.0
1782341100,6750250.0,6750250.0,6750250.0,6750250.0,0.0
1782342000,6750250.0,6750250.0,6750250.0,6750250.0,0.0
1782342900,6750250.0,6750250.0,6750250.0,6750250.0,0.0
1782343800,6750250.0,6750250.0,6750250.0,6750250.0,0.0
1782344700,6750250.0,6750250.0,6750250.0,6750250.0,0.0
1782345600,6750250.0,6750250.0,6750250.0,6750250.0,0.0
1782346500,7247666.0,7247666.0,7247666.0,7247666.0,0.00150117
1782347400,7247666.0,7247666.0,7247666.0,7247666.0,0.0
1782348300,7247666.0,7247666.0,7247666.0,7247666.0,0.0
1782349200,7247666.0,7247666.0,7247666.0,7247666.0,0.0
1782350100,7244841.0,7244841.0,6750880.0,7244838.0,0.00559422
1782351000,7244838.0,7244838.0,7244838.0,7244838.0,0.0
1782351900,7244838.0,7244838.0,7244838.0,7244838.0,0.0
1782352800,6750880.0,6750880.0,6750000.0,6750000.0,0.50749608
1782353700,6750000.0,6750000.0,6750000.0,6750000.0,0.0
1782354600,6750000.0,6750000.0,6750000.0,6750000.0,0.0
1782355500,6750000.0,6750000.0,6750000.0,6750000.0,0.0
1782356400,6750000.0,6750000.0,6750000.0,6750000.0,0.0
1782357300,6750000.0,6750000.0,6750000.0,6750000.0,0.0
1782358200,6750000.0,6750000.0,6750000.0,6750000.0,0.0
1782359100,6750000.0,6750000.0,6750000.0,6750000.0,0.0
1782360000,6750000.0,6750000.0,6750000.0,6750000.0,0.0
1782360900,6750000.0,6750000.0,6750000.0,6750000.0,0.0
1782361800,6750000.0,6750000.0,6750000.0,6750000.0,0.0
1782362700,6750000.0,6750000.0,6750000.0,6750000.0,0.0
1782363600,6750000.0,6750000.0,6750000.0,6750000.0,0.0
1782364500,6750000.0,6750000.0,6750000.0,6750000.0,0.0
1782365400,6750000.0,6750000.0,6750000.0,6750000.0,0.0
1782366300,6750000.0,6750000.0,6750000.0,6750000.0,0.0
1782367200,6849872.0,6849872.0,6849872.0,6849872.0,0.00218077
1782368100,6849872.0,6849872.0,6849872.0,6849872.0,0.0
1782369000,6849872.0,6849872.0,6849872.0,6849872.0,0.0
1782369900,6849872.0,6849872.0,6849872.0,6849872.0,0.0
1782370800,6849872.0,6849872.0,6849872.0,6849872.0,0.0
1782371700,6849872.0,6849872.0,6849872.0,6849872.0,0.0
1782372600,6849872.0,6849872.0,6750000.0,6750000.0,0.00382663
1782373500,6750000.0,6750000.0,6750000.0,6750000.0,0.0
1782374400,6750000.0,6750000.0,6750000.0,6750000.0,0.0
1782375300,6750000.0,6750000.0,6750000.0,6750000.0,0.0
1782376200,6750000.0,6750000.0,6700000.0,6700000.0,0.0034387
1782377100,6700000.0,6700000.0,6700000.0,6700000.0,0.0
1782378000,6700000.0,6700000.0,6700000.0,6700000.0,0.0
1782378900,6700000.0,6700000.0,6700000.0,6700000.0,0.0
1782379800,6700000.0,6700000.0,6700000.0,6700000.0,0.0
1782380700,6700000.0,6700000.0,6700000.0,6700000.0,0.0
1782381600,6700000.0,6700000.0,6700000.0,6700000.0,0.0
1782382500,6700047.0,6700047.0,6700047.0,6700047.0,0.00285231
1782383400,6700119.0,6700119.0,6700119.0,6700119.0,0.00291809
1782384300,6700119.0,6700119.0,6700119.0,6700119.0,0.0
1782385200,6849872.0,6849872.0,6849872.0,6849872.0,0.01086648
1782386100,6849872.0,6849872.0,6849872.0,6849872.0,0.0
1782387000,6849872.0,6849874.0,6849872.0,6849874.0,0.00436168
1782387900,6700075.0,6700075.0,6700075.0,6700075.0,0.0044335
1782388800,6700075.0,6700075.0,6700075.0,6700075.0,0.0
1782389700,6700075.0,6700075.0,6700075.0,6700075.0,0.0
1782390600,6849874.0,7232057.0,6849874.0,7232057.0,0.00710894
1782391500,7232057.0,7232057.0,7232057.0,7232057.0,0.00782986
1782392400,6700351.0,6700351.0,6700351.0,6700351.0,0.00782986
1782393300,6700426.0,6700426.0,6700426.0,6700426.0,0.00711793
1782394200,6700426.0,6700426.0,6700426.0,6700426.0,0.0
1782395100,6700426.0,6700426.0,6700426.0,6700426.0,0.0
1782396000,6700426.0,6700426.0,6700426.0,6700426.0,0.0
1782396900,6700426.0,6700426.0,6700426.0,6700426.0,0.0
1782397800,7197998.0,7198000.0,6700000.0,6700000.0,0.04660438
1782398700,6700000.0,6700000.0,6700000.0,6700000.0,0.0
1782399600,6700002.0,6700002.0,6700002.0,6700002.0,0.00155409
1782400500,6700002.0,6700002.0,6700002.0,6700002.0,0.0
1782401400,6700002.0,6700002.0,6700002.0,6700002.0,0.0
1782402300,6700002.0,6700002.0,6700002.0,6700002.0,0.0
1782403200,6700002.0,6700002.0,6700002.0,6700002.0,0.0
1782404100,6700002.0,6700002.0,6700002.0,6700002.0,0.0
1782405000,6700002.0,6700002.0,6700002.0,6700002.0,0.0
1782405900,6700002.0,6700002.0,6700002.0,6700002.0,0.0
1782406800,6700002.0,6700002.0,6700002.0,6700002.0,0.0
1782407700,6700002.0,6700002.0,6700002.0,6700002.0,0.0
1782408600,6700002.0,6700002.0,6700002.0,6700002.0,0.0
1782409500,6700002.0,6700002.0,6700002.0,6700002.0,0.0
1782410400,6700002.0,6700002.0,6700002.0,6700002.0,0.0
1782411300,6700002.0,6700002.0,6700002.0,6700002.0,0.0
1782412200,6700002.0,6700002.0,6700002.0,6700002.0,0.0
1782413100,6700002.0,6700002.0,6700002.0,6700002.0,0.0
1782414000,6700002.0,6700002.0,6700002.0,6700002.0,0.0
1782414900,6700002.0,6700002.0,6700002.0,6700002.0,0.0
1782415800,6700002.0,6700002.0,6700002.0,6700002.0,0.0
1782416700,6700002.0,6700002.0,6700002.0,6700002.0,0.0
1782417600,6700002.0,6700002.0,6700002.0,6700002.0,0.0
1782418500,6700002.0,6700002.0,6700002.0,6700002.0,0.0
1782419400,6700002.0,6700002.0,6700002.0,6700002.0,0.0
1782420300,6700002.0,6700002.0,6700002.0,6700002.0,0.0
1782421200,6700002.0,6700002.0,6700002.0,6700002.0,0.0
1782422100,6700002.0,6700002.0,6700002.0,6700002.0,0.0
1782423000,6700002.0,6700002.0,6700002.0,6700002.0,0.0
1782423900,6700002.0,6700002.0,6700002.0,6700002.0,0.0
1782424800,6700002.0,6700002.0,6700002.0,6700002.0,0.0
1782425700,6700002.0,6700002.0,6700002.0,6700002.0,0.0
1782426600,6700002.0,6700002.0,6700002.0,6700002.0,0.0
1782427500,6700002.0,6700002.0,6700002.0,6700002.0,0.0
1782428400,6700002.0,6700002.0,6700002.0,6700002.0,0.0
1782429300,6700002.0,6700002.0,6700002.0,6700002.0,0.0
1782430200,6700002.0,6700002.0,6700002.0,6700002.0,0.0
1782431100,6700002.0,6700002.0,6700002.0,6700002.0,0.0
1782432000,6700002.0,6700002.0,6700002.0,6700002.0,0.0
1782432900,6700002.0,6700002.0,6700002.0,6700002.0,0.0
1782433800,6700002.0,6700002.0,6700002.0,6700002.0,0.0
1782434700,6700002.0,6700002.0,6700002.0,6700002.0,0.0
1782435600,6700002.0,6700002.0,6700002.0,6700002.0,0.0
1782436500,6700002.0,6700002.0,6700002.0,6700002.0,0.0
1782437400,6700002.0,6700002.0,6700002.0,6700002.0,0.0
1782438300,6700002.0,6700002.0,6700002.0,6700002.0,0.0
1782439200,6700002.0,6700002.0,6700002.0,6700002.0,0.0
1782440100,6700002.0,6700002.0,6680371.0,6680371.0,2.2842964
1782441000,6680371.0,6680371.0,6680371.0,6680371.0,0.0
1782441900,6680371.0,6680371.0,6680371.0,6680371.0,0.0
1782442800,6680371.0,6680371.0,6680371.0,6680371.0,0.0
1782443700,6680371.0,6680371.0,6680371.0,6680371.0,0.0
1782444600,7197984.0,7197984.0,7197980.0,7197984.0,0.01050265
1782445500,6680372.0,6680372.0,6680371.0,6680371.0,0.00389741
1782446400,7197006.0,7197006.0,7197006.0,7197006.0,0.00258107
1782447300,7197006.0,7197006.0,7197006.0,7197006.0,0.0
1782448200,7197006.0,7197006.0,7197006.0,7197006.0,0.0
1782449100,6750000.0,6750000.0,6680372.0,6710000.0,1.47267524
1782450000,6710000.0,6710000.0,6710000.0,6710000.0,0.0
1782450900,6710000.0,6710000.0,6710000.0,6710000.0,0.0
1782451800,6710000.0,6710000.0,6710000.0,6710000.0,0.0
1782452700,7018942.0,7018943.0,7018942.0,7018943.0,0.01157781
1782453600,7018943.0,7018943.0,7018943.0,7018943.0,0.0
1782454500,7018943.0,7018943.0,7018943.0,7018943.0,0.0
1782455400,7018996.0,7018996.0,7018996.0,7018996.0,0.02837742
1782456300,7018996.0,7018996.0,7018996.0,7018996.0,0.0
1782457200,7018996.0,7018996.0,7018996.0,7018996.0,0.0
1782458100,7018996.0,7018996.0,7018996.0,7018996.0,0.0
1782459000,7018996.0,7018996.0,7018996.0,7018996.0,0.0
1782459900,7018996.0,7018996.0,7018996.0,7018996.0,0.0
1782460800,6681060.0,6681060.0,6681058.0,6681058.0,0.01792275
1782461700,6681058.0,6681058.0,6681058.0,6681058.0,0.0
1782462600,6681058.0,6681058.0,6681058.0,6681058.0,0.0022234
1782463500,6681058.0,6681058.0,6681058.0,6681058.0,0.0
1782464400,6681058.0,6681058.0,6681058.0,6681058.0,0.0
1782465300,6681058.0,6681058.0,6681058.0,6681058.0,0.0
1782466200,7003998.0,7004959.0,7003998.0,7004959.0,0.11021289
1782467100,7004959.0,7004959.0,7004959.0,7004959.0,0.0
1782468000,7004959.0,7004959.0,7004959.0,7004959.0,0.0
1782468900,7004959.0,7004959.0,7004959.0,7004959.0,0.0
1782469800,7004946.0,7004946.0,7004946.0,7004946.0,0.00705872
1782470700,7004946.0,7004946.0,7004946.0,7004946.0,0.0
1782471600,7004970.0,7004970.0,7004970.0,7004970.0,0.00161642
1782472500,7004901.0,7004901.0,7004901.0,7004901.0,0.00863866
1782473400,7004966.0,7004967.0,6689216.0,6689216.0,0.01726501
1782474300,6999999.0,6999999.0,6999999.0,6999999.0,0.00386857
1782475200,6999999.0,6999999.0,6999999.0,6999999.0,0.0
1782476100,6999442.0,6999444.0,6689215.0,6999444.0,0.02378531
1782477000,6999444.0,6999444.0,6999444.0,6999444.0,0.0
1782477900,6999444.0,6999444.0,6999444.0,6999444.0,0.0
1782478800,6999444.0,6999444.0,6999444.0,6999444.0,0.0
1782479700,6999444.0,6999444.0,6999444.0,6999444.0,0.0
1782480600,6979440.0,7150000.0,6979440.0,7149987.0,1.42734772
1782481500,7149987.0,7149987.0,7149987.0,7149987.0,0.0
1782482400,7149987.0,7149987.0,7149987.0,7149987.0,0.0
1782483300,7149987.0,7149987.0,7149987.0,7149987.0,0.0
1782484200,7149987.0,7149987.0,7149987.0,7149987.0,0.0
1782485100,7149987.0,7149987.0,7149987.0,7149987.0,0.0
1782486000,7149529.0,7149529.0,7149529.0,7149529.0,0.00889317
1782486900,7149529.0,7149529.0,7149529.0,7149529.0,0.0
1782487800,7149529.0,7149529.0,7149529.0,7149529.0,0.0
1782488700,7149529.0,7149529.0,7149529.0,7149529.0,0.0042488
1782489600,7149529.0,7149529.0,7149529.0,7149529.0,0.0
1782490500,6751130.0,6751130.0,6751130.0,6751130.0,0.2526304
1782491400,6751130.0,6751130.0,6751130.0,6751130.0,0.0
1782492300,7149962.0,7149962.0,7149962.0,7149962.0,0.00201903
1782493200,7149962.0,7149962.0,7149962.0,7149962.0,0.0
1782494100,7149962.0,7149962.0,7149962.0,7149962.0,0.0
1782495000,7149962.0,7149962.0,7149962.0,7149962.0,0.0
1782495900,7149962.0,7149962.0,7149962.0,7149962.0,0.0
1782496800,7149962.0,7149962.0,7149962.0,7149962.0,0.0
1782497700,7149974.0,7149974.0,6751874.0,6751874.0,0.00300028
1782498600,6751874.0,6751874.0,6751874.0,6751874.0,0.0
1782499500,6752082.0,6752082.0,6752082.0,6752082.0,0.00498903
1782500400,6752082.0,6752082.0,6752082.0,6752082.0,0.0
1782501300,6752082.0,6752082.0,6752082.0,6752082.0,0.0
1782502200,6752082.0,6752082.0,6752082.0,6752082.0,0.0
1782503100,6752082.0,6752082.0,6752082.0,6752082.0,0.0
1782504000,6752082.0,6752082.0,6752082.0,6752082.0,0.0
1782504900,7149868.0,7149868.0,7149868.0,7149868.0,0.00180311
1782505800,7149868.0,7149868.0,7149868.0,7149868.0,0.0
1782506700,7149868.0,7149868.0,7149868.0,7149868.0,0.0
1782507600,7149868.0,7149868.0,7149868.0,7149868.0,0.0
1782508500,7149868.0,7149868.0,7149868.0,7149868.0,0.0
1782509400,7149868.0,7149868.0,7149868.0,7149868.0,0.0
1782510300,7149868.0,7149868.0,7149868.0,7149868.0,0.0
1782511200,7149868.0,7149868.0,7149868.0,7149868.0,0.0
1782512100,7149868.0,7149868.0,7149868.0,7149868.0,0.0
1782513000,7149868.0,7149868.0,7149868.0,7149868.0,0.0
1782513900,6750170.0,6750170.0,6750170.0,6750170.0,0.00218068
1782514800,6750318.0,6750318.0,6750318.0,6750318.0,0.00283216
1782515700,6750318.0,6750318.0,6750318.0,6750318.0,0.0
1782516600,7149912.0,7149912.0,7149912.0,7149912.0,0.00239765
1782517500,6750610.0,6750610.0,6750610.0,6750610.0,0.00239765
1782518400,6750610.0,6750610.0,6750610.0,6750610.0,0.0
1782519300,6750610.0,6750610.0,6750610.0,6750610.0,0.0
1782520200,6750610.0,6750610.0,6750610.0,6750610.0,0.0
1782521100,6750610.0,6750610.0,6750610.0,6750610.0,0.0
1782522000,6750610.0,6750610.0,6750610.0,6750610.0,0.0
1782522900,6751416.0,6751438.0,6751416.0,6751436.0,0.01922992
1782523800,6751436.0,6751436.0,6751436.0,6751436.0,0.0
1782524700,6851451.0,6851451.0,6851451.0,6851451.0,0.00832037
1782525600,6851451.0,6851451.0,6851451.0,6851451.0,0.0
1782526500,6851451.0,6851451.0,6851451.0,6851451.0,0.0
1782527400,7149550.0,7149550.0,7149550.0,7149550.0,0.00691721
1782528300,7149550.0,7149550.0,7149550.0,7149550.0,0.0
1782529200,7149550.0,7149550.0,7149550.0,7149550.0,0.0
1782530100,7149550.0,7149550.0,7149550.0,7149550.0,0.0
1782531000,7149550.0,7149550.0,7149550.0,7149550.0,0.0
1782531900,7149550.0,7149550.0,7149550.0,7149550.0,0.0
1782532800,7149550.0,7149550.0,7149550.0,7149550.0,0.0
1782533700,7149034.0,7149483.0,7149034.0,7149483.0,0.02786046
1782534600,7149483.0,7149483.0,7149483.0,7149483.0,0.0
1782535500,7149483.0,7149483.0,7149483.0,7149483.0,0.0
1782536400,7149483.0,7149483.0,7149483.0,7149483.0,0.0
1782537300,7149379.0,7149379.0,7149379.0,7149379.0,0.00267156
1782538200,6851454.0,7148992.0,6444444.0,7148992.0,0.29201692
1782539100,7148992.0,7148992.0,7148992.0,7148992.0,0.0
1782540000,7148992.0,7148992.0,7148992.0,7148992.0,0.0
1782540900,7148992.0,7148992.0,7148992.0,7148992.0,0.0
1782541800,7148992.0,7148992.0,7148992.0,7148992.0,0.0
1782542700,7148992.0,7148992.0,7148992.0,7148992.0,0.0
1782543600,7147550.0,7147552.0,6902002.0,7147552.0,0.00481953
1782544500,7147552.0,7147552.0,7147552.0,7147552.0,0.00222929
1782545400,7147552.0,7147552.0,7147552.0,7147552.0,0.0
1782546300,7147552.0,7147552.0,7147552.0,7147552.0,0.0
1782547200,7147552.0,7147552.0,7147552.0,7147552.0,0.0
1782548100,7147552.0,7147552.0,7147552.0,7147552.0,0.01254009
1782549000,7147552.0,7147552.0,7147552.0,7147552.0,0.0
1782549900,6902002.0,7147552.0,6502001.0,7147552.0,0.04794152
1782550800,6502024.0,7147550.0,6502024.0,6502050.0,0.02879839
1782551700,6502050.0,6502050.0,6502050.0,6502050.0,0.0
1782552600,6502050.0,6502050.0,6502050.0,6502050.0,0.0
1782553500,6502050.0,6502050.0,6502050.0,6502050.0,0.0
1782554400,6502050.0,6502050.0,6502050.0,6502050.0,0.0
1782555300,6502050.0,6502050.0,6502050.0,6502050.0,0.0
1782556200,6502050.0,6502050.0,6502050.0,6502050.0,0.0
1782557100,6902555.0,6902555.0,6510000.0,6510000.0,0.01486355
1782558000,6515145.0,7147550.0,6515145.0,7147550.0,0.00500478
1782558900,6915401.0,7147871.0,6915401.0,7147871.0,0.13460098
1782559800,7147747.0,7147747.0,7147747.0,7147747.0,0.0013933
1782560700,7147968.0,7147968.0,6515080.0,6515080.0,0.13337758
1782561600,6515080.0,6515080.0,6515080.0,6515080.0,0.0
1782562500,7145983.0,7145983.0,7145983.0,7145983.0,0.00689198
1782563400,7145983.0,7145983.0,7145983.0,7145983.0,0.0
1782564300,7145983.0,7145983.0,7145983.0,7145983.0,0.0
1782565200,7145983.0,7145983.0,7145983.0,7145983.0,0.0
1782566100,7025221.0,7025221.0,7025221.0,7025221.0,0.01381052
1782567000,7025221.0,7025221.0,7025221.0,7025221.0,0.0
1782567900,7025221.0,7145594.0,6515108.0,6515108.0,0.02639414
1782568800,6515108.0,6515108.0,6515108.0,6515108.0,0.0
1782569700,6915777.0,6915777.0,6915777.0,6915777.0,0.00279972
1782570600,6915216.0,6915216.0,6915216.0,6915216.0,0.00342442
1782571500,6915216.0,6915216.0,6915216.0,6915216.0,0.0
1782572400,6915216.0,6915216.0,6915216.0,6915216.0,0.0
1782573300,6915233.0,6915233.0,6515232.0,6515232.0,0.01949854
1782574200,6515262.0,6515262.0,6515262.0,6515262.0,0.00161642
1782575100,6515262.0,6515262.0,6515262.0,6515262.0,0.0
1782576000,7144982.0,7144982.0,6515252.0,6515252.0,0.00418098
1782576900,6515252.0,6515252.0,6515252.0,6515252.0,0.0
1782577800,6515252.0,6515252.0,6515252.0,6515252.0,0.0
1782578700,6515252.0,6515252.0,6515252.0,6515252.0,0.0
1782579600,6515252.0,6515252.0,6515252.0,6515252.0,0.0
1782580500,6515252.0,6515252.0,6515252.0,6515252.0,0.0
1782581400,6515252.0,6515252.0,6515252.0,6515252.0,0.0
1782582300,6515252.0,6515252.0,6515252.0,6515252.0,0.0
1782583200,6515252.0,6515252.0,6515252.0,6515252.0,0.0
1782584100,6515252.0,6515252.0,6515252.0,6515252.0,0.0
1782585000,6515252.0,6515252.0,6515252.0,6515252.0,0.0
1782585900,7144874.0,7144874.0,7144874.0,7144874.0,0.00278773
1782586800,7144874.0,7144874.0,7144874.0,7144874.0,0.0
1782587700,7144874.0,7144874.0,7144874.0,7144874.0,0.0
1782588600,7144874.0,7144874.0,7144874.0,7144874.0,0.0
1782589500,7144874.0,7144874.0,7144874.0,7144874.0,0.0
1782590400,7144874.0,7144874.0,7144874.0,7144874.0,0.0
1782591300,7144744.0,7144744.0,7144744.0,7144744.0,0.00209076
1782592200,7144744.0,7144744.0,7144744.0,7144744.0,0.0
1782593100,7144744.0,7144744.0,7144744.0,7144744.0,0.0
1782594000,7144744.0,7144744.0,7144744.0,7144744.0,0.0
1782594900,7144744.0,7144744.0,7144744.0,7144744.0,0.0
1782595800,7144744.0,7144744.0,7144744.0,7144744.0,0.0
1782596700,7144744.0,7144744.0,7144744.0,7144744.0,0.0
1782597600,7144744.0,7144744.0,7144744.0,7144744.0,0.0
1782598500,7144725.0,7144725.0,7144725.0,7144725.0,0.00139389
1782599400,7144725.0,7144725.0,7144725.0,7144725.0,0.0
1782600300,7144725.0,7144725.0,7144725.0,7144725.0,0.0
1782601200,7144725.0,7144725.0,7144725.0,7144725.0,0.0
1782602100,7144725.0,7144725.0,7144725.0,7144725.0,0.0
1782603000,7144725.0,7144725.0,7144725.0,7144725.0,0.0
1782603900,7144725.0,7144725.0,7144725.0,7144725.0,0.0
1782604800,7144725.0,7144725.0,7144725.0,7144725.0,0.0
1782605700,7043112.0,7043112.0,7043112.0,7043112.0,0.01034201
1782606600,6917555.0,6917555.0,6917555.0,6917555.0,0.00146053
1782607500,6917555.0,6917555.0,6917555.0,6917555.0,0.0
1782608400,6917555.0,6917555.0,6917555.0,6917555.0,0.0
1782609300,6917555.0,6917555.0,6917555.0,6917555.0,0.0
1782610200,6917555.0,6917555.0,6917555.0,6917555.0,0.0
1782611100,6917555.0,6917555.0,6917555.0,6917555.0,0.00263988
1782612000,6917555.0,6917555.0,6917555.0,6917555.0,0.0
1782612900,6917555.0,6917555.0,6917555.0,6917555.0,0.0
1782613800,6917555.0,6917555.0,6917555.0,6917555.0,0.0
1782614700,6917555.0,6917555.0,6917555.0,6917555.0,0.0
1782615600,7039112.0,7039112.0,7039112.0,7039112.0,0.00212214
1782616500,7039112.0,7039112.0,7039112.0,7039112.0,0.0
1782617400,7039112.0,7039114.0,7039112.0,7039114.0,0.00354845
1782618300,7039114.0,7039114.0,7039114.0,7039114.0,0.0
1782619200,7039114.0,7039114.0,7039114.0,7039114.0,0.0
1782620100,7039114.0,7139115.0,7039114.0,7139115.0,0.02791281
1782621000,7139106.0,7139106.0,6520663.0,6520663.0,0.07456893
1782621900,6520703.0,6520703.0,6520663.0,6520663.0,0.06974969
1782622800,6520663.0,6520663.0,6520663.0,6520663.0,0.0
1782623700,6520663.0,6520663.0,6520663.0,6520663.0,0.0
1782624600,6520663.0,6520663.0,6520663.0,6520663.0,0.0
1782625500,6520663.0,6520663.0,6520663.0,6520663.0,0.0
1782626400,6520663.0,6520663.0,6520663.0,6520663.0,0.0
1782627300,6520663.0,6520663.0,6520663.0,6520663.0,0.0
1782628200,6520663.0,6520663.0,6520663.0,6520663.0,0.0
1782629100,6520663.0,6520663.0,6520663.0,6520663.0,0.0
1782630000,6520663.0,6520663.0,6520663.0,6520663.0,0.0
1782630900,6520663.0,6520663.0,6520663.0,6520663.0,0.0
1782631800,6520663.0,6520663.0,6520663.0,6520663.0,0.0
1782632700,6838992.0,7138107.0,6838992.0,7138107.0,0.07059337
1782633600,7138107.0,7138107.0,7138107.0,7138107.0,0.0
1782634500,7138107.0,7138107.0,7138107.0,7138107.0,0.0
1782635400,6837549.0,6837550.0,6837549.0,6837550.0,0.01714664
1782636300,6837000.0,6837000.0,6790684.0,6790684.0,0.00384099
1782637200,6790684.0,6790684.0,6790684.0,6790684.0,0.0
1782638100,6790684.0,6790684.0,6790684.0,6790684.0,0.0
1782639000,6790684.0,6790684.0,6790684.0,6790684.0,0.0
1782639900,6920694.0,6920694.0,6920694.0,6920694.0,0.00260625
1782640800,6920694.0,6920694.0,6920694.0,6920694.0,0.0
1782641700,7137777.0,7137777.0,7137777.0,7137777.0,0.00334852
1782642600,7137777.0,7137777.0,7137777.0,7137777.0,0.0
1782643500,6920694.0,6920694.0,6520697.0,6520697.0,0.00288235
1782644400,6520697.0,6520697.0,6520697.0,6520697.0,0.0
1782645300,6520697.0,6520697.0,6520697.0,6520697.0,0.0
1782646200,6520697.0,6520697.0,6520697.0,6520697.0,0.0
1782647100,6520697.0,6520697.0,6520697.0,6520697.0,0.0
1782648000,6520697.0,6520697.0,6520697.0,6520697.0,0.0
1782648900,6520697.0,6520697.0,6520697.0,6520697.0,0.0
1782649800,6921238.0,6921238.0,6921238.0,6921238.0,0.08083033
1782650700,6921238.0,6921238.0,6921238.0,6921238.0,0.0
1782651600,6921238.0,6921238.0,6921238.0,6921238.0,0.0
1782652500,6921238.0,6921238.0,6921238.0,6921238.0,0.0
1782653400,6921238.0,6921238.0,6921238.0,6921238.0,0.0
1782654300,6921238.0,6921238.0,6921238.0,6921238.0,0.0
1782655200,7099912.0,7099912.0,7099912.0,7099912.0,0.00590303
1782656100,7099912.0,7099912.0,7099912.0,7099912.0,0.0
1782657000,7099912.0,7099912.0,7099912.0,7099912.0,0.0
1782657900,7098780.0,7098780.0,6524369.0,6524369.0,0.01642533
1782658800,7098762.0,7098762.0,7098762.0,7098762.0,0.0024307
1782659700,7098642.0,7098642.0,7098642.0,7098642.0,0.00171976
1782660600,7098642.0,7098642.0,7098642.0,7098642.0,0.0
1782661500,7098635.0,7098635.0,6530204.0,6530204.0,0.01726716
1782662400,7098535.0,7098535.0,7098535.0,7098535.0,0.00140296
1782663300,7098535.0,7098535.0,7098535.0,7098535.0,0.0
1782664200,7098535.0,7098535.0,7098535.0,7098535.0,0.0
1782665100,6530422.0,6530422.0,6530422.0,6530422.0,0.00180311
1782666000,7098628.0,7100000.0,7098628.0,7100000.0,0.84169258
1782666900,7100000.0,7100000.0,7100000.0,7100000.0,0.0
1782667800,7099996.0,7099996.0,7099996.0,7099996.0,0.00160831
1782668700,7099996.0,7099996.0,7099996.0,7099996.0,0.0
1782669600,7099996.0,7099996.0,7099996.0,7099996.0,0.0
1782670500,7099996.0,7099996.0,7099996.0,7099996.0,0.0
1782671400,7099996.0,7099996.0,7099996.0,7099996.0,0.0
1782672300,7099996.0,7099996.0,7099996.0,7099996.0,0.0
1782673200,7099996.0,7099996.0,7099996.0,7099996.0,0.0
1782674100,7099996.0,7099996.0,7099996.0,7099996.0,0.0
1782675000,7099996.0,7099996.0,7099996.0,7099996.0,0.0
1782675900,7099996.0,7099996.0,7099996.0,7099996.0,0.0
1782676800,7099996.0,7099996.0,7099996.0,7099996.0,0.0
1782677700,7099996.0,7099996.0,7099996.0,7099996.0,0.0
1782678600,7099996.0,7099996.0,7099996.0,7099996.0,0.0
1782679500,7099996.0,7099996.0,7099996.0,7099996.0,0.0
1782680400,7099996.0,7099996.0,7099996.0,7099996.0,0.0
1782681300,7099996.0,7099996.0,7099996.0,7099996.0,0.0
1782682200,7099996.0,7099996.0,7099996.0,7099996.0,0.0
1782683100,7099996.0,7099996.0,7099996.0,7099996.0,0.00187676
1782684000,7099996.0,7099996.0,7099996.0,7099996.0,0.0
1782684900,7099996.0,7099996.0,7099996.0,7099996.0,0.0
1782685800,7099996.0,7099996.0,7099996.0,7099996.0,0.0
1782686700,7099996.0,7099996.0,7099996.0,7099996.0,0.0
1782687600,7099996.0,7099996.0,7099996.0,7099996.0,0.0
1782688500,7099996.0,7099996.0,7099996.0,7099996.0,0.0
1782689400,7099996.0,7099996.0,7099996.0,7099996.0,0.0
1782690300,7099996.0,7099996.0,7099996.0,7099996.0,0.0
1782691200,7099996.0,7099996.0,7099996.0,7099996.0,0.0
1782692100,7099996.0,7099996.0,7099996.0,7099996.0,0.00336633
1782693000,7099996.0,7099996.0,7099996.0,7099996.0,0.0
1782693900,6820424.0,6820424.0,6820424.0,6820424.0,0.00187676
1782694800,7099990.0,7099990.0,7099990.0,7099990.0,0.00140267
1782695700,6820424.0,7080000.0,6600000.0,7080000.0,0.91118793
1782696600,6600006.0,6600006.0,6600006.0,6600006.0,0.00171976
1782697500,6779983.0,6779984.0,6779983.0,6779984.0,0.01149394
1782698400,6779984.0,6779984.0,6779984.0,6779984.0,0.0
1782699300,7079999.0,7079999.0,7079999.0,7079999.0,0.00141115
1782700200,7079999.0,7079999.0,7079999.0,7079999.0,0.00198799
1782701100,7079995.0,7079995.0,7079995.0,7079995.0,0.00339971
1782702000,6950229.0,6950229.0,6950229.0,6950229.0,0.00172209
1782702900,6950229.0,6950229.0,6950229.0,6950229.0,0.0
1782703800,6950229.0,6950229.0,6950229.0,6950229.0,0.0
1782704700,7079993.0,7079993.0,7079993.0,7079993.0,0.02813293
1782705600,7079993.0,7079993.0,7079993.0,7079993.0,0.0
1782706500,6950229.0,6950229.0,6650228.0,6650228.0,0.01440728
1782707400,6650228.0,6650228.0,6650228.0,6650228.0,0.0
1782708300,6650228.0,6650228.0,6650228.0,6650228.0,0.0
1782709200,6650228.0,6650228.0,6650228.0,6650228.0,0.0
1782710100,6650228.0,6650228.0,6650228.0,6650228.0,0.0
1782711000,6650228.0,6650228.0,6650228.0,6650228.0,0.0
1782711900,6650228.0,6650228.0,6650228.0,6650228.0,0.0
1782712800,6950002.0,7079992.0,6950002.0,7079992.0,0.00501705
1782713700,7079992.0,7079992.0,7079992.0,7079992.0,0.0
1782714600,7079992.0,7079992.0,7079992.0,7079992.0,0.0
1782715500,7079992.0,7079992.0,7079992.0,7079992.0,0.0
1782716400,6950002.0,7079992.0,6950002.0,7079992.0,0.00508521
1782717300,6655557.0,6655557.0,6655557.0,6655557.0,0.01372723
1782718200,7079990.0,7079990.0,7079990.0,7079990.0,0.00140664
1782719100,6956994.0,6956994.0,6956994.0,6956994.0,0.00218234
1782720000,6956994.0,6956994.0,6956994.0,6956994.0,0.0
1782720900,6956994.0,6956994.0,6956994.0,6956994.0,0.0
1782721800,6956994.0,6956994.0,6956994.0,6956994.0,0.0
1782722700,7079990.0,7079990.0,7079990.0,7079990.0,0.00822684
1782723600,7079990.0,7079990.0,6657998.0,6657998.0,0.01007537
1782724500,6657998.0,6657998.0,6657998.0,6657998.0,0.0
1782725400,6657998.0,6657998.0,6657998.0,6657998.0,0.0
1782726300,6657998.0,6657998.0,6657998.0,6657998.0,0.0
1782727200,6657998.0,6657998.0,6657998.0,6657998.0,0.0
1782728100,6959999.0,6959999.0,6959999.0,6959999.0,0.00184873
1782729000,6959999.0,6959999.0,6959999.0,6959999.0,0.0
1782729900,6960520.0,6960520.0,6960520.0,6960520.0,0.001453
1782730800,6960520.0,6960520.0,6960520.0,6960520.0,0.0
1782731700,6960520.0,6960520.0,6960520.0,6960520.0,0.0
1782732600,6960999.0,7079988.0,6960999.0,7079988.0,0.0089239
1782733500,7079988.0,7079988.0,6960999.0,7079988.0,0.01565439
1782734400,6961999.0,7079988.0,6661998.0,7079988.0,0.01435736
1782735300,6962999.0,6962999.0,6662998.0,6662998.0,0.00567063
1782736200,6662998.0,6662998.0,6662998.0,6662998.0,0.0
1782737100,6662998.0,6662998.0,6662998.0,6662998.0,0.0
1782738000,6963555.0,6963555.0,6963555.0,6963555.0,0.0028899
1782738900,6963555.0,6963555.0,6963555.0,6963555.0,0.0
1782739800,6963555.0,6963555.0,6963555.0,6963555.0,0.0
1782740700,6963555.0,6963555.0,6963555.0,6963555.0,0.0
1782741600,6963555.0,6963555.0,6963555.0,6963555.0,0.0
1782742500,6963555.0,6963555.0,6963555.0,6963555.0,0.0
1782743400,6964555.0,7079989.0,6664662.0,6664677.0,0.01202127
1782744300,6664677.0,6664677.0,6664677.0,6664677.0,0.0
1782745200,6664677.0,6664677.0,6664677.0,6664677.0,0.0
1782746100,6664677.0,6664677.0,6664677.0,6664677.0,0.0
1782747000,7079986.0,7079986.0,7079986.0,7079986.0,0.00154717
1782747900,7079986.0,7099996.0,7079986.0,7099996.0,0.65153529
1782748800,7099996.0,7099996.0,7099996.0,7099996.0,0.0
1782749700,7109988.0,7500000.0,7109988.0,7500000.0,2.95545108
1782750600,7500000.0,7500000.0,7500000.0,7500000.0,0.00845066
1782751500,7500000.0,7500000.0,7500000.0,7500000.0,0.0
1782752400,7500000.0,7500000.0,7100420.0,7100420.0,0.00320106
1782753300,7100420.0,7100420.0,7100420.0,7100420.0,0.0
1782754200,7100420.0,7100420.0,7100420.0,7100420.0,0.0
1782755100,7100420.0,7100420.0,7100420.0,7100420.0,0.0
1782756000,7100420.0,7100420.0,7100420.0,7100420.0,0.0
1782756900,7100420.0,7100420.0,7100420.0,7100420.0,0.0
1782757800,7100960.0,7100960.0,7100960.0,7100960.0,0.00579493
1782758700,7100960.0,7100960.0,7100960.0,7100960.0,0.0
1782759600,7100960.0,7100960.0,7100960.0,7100960.0,0.0
1782760500,7100960.0,7100960.0,7100960.0,7100960.0,0.0
1782761400,7100960.0,7100960.0,7100960.0,7100960.0,0.0
1782762300,7101415.0,7101415.0,7101415.0,7101415.0,0.00198799
1782763200,7101415.0,7101415.0,7101415.0,7101415.0,0.0
1782764100,7101415.0,7101415.0,7101415.0,7101415.0,0.0
1782765000,7101415.0,7101415.0,7101415.0,7101415.0,0.0
1782765900,7101415.0,7101415.0,7101415.0,7101415.0,0.0
1782766800,7101415.0,7101415.0,7101415.0,7101415.0,0.0
1782767700,7101415.0,7101415.0,7101415.0,7101415.0,0.0
1782768600,7102160.0,7102160.0,7102160.0,7102160.0,0.00265573
1782769500,7102160.0,7102160.0,7102160.0,7102160.0,0.0
1782770400,7102160.0,7102160.0,7102160.0,7102160.0,0.0
1782771300,7102160.0,7102160.0,7102160.0,7102160.0,0.0
1782772200,7102160.0,7102160.0,7102160.0,7102160.0,0.0
1782773100,7102160.0,7102160.0,7102160.0,7102160.0,0.0
1782774000,7102160.0,7102160.0,7102160.0,7102160.0,0.0
1782774900,7102160.0,7102160.0,7102160.0,7102160.0,0.0
1782775800,7102160.0,7102160.0,7102160.0,7102160.0,0.0
1782776700,7102160.0,7102160.0,7102160.0,7102160.0,0.0
1782777600,7102160.0,7102160.0,7102160.0,7102160.0,0.0
1782778500,7102160.0,7102160.0,7102160.0,7102160.0,0.0
1782779400,7499996.0,7499996.0,7499996.0,7499996.0,0.00230386
1782780300,7499996.0,7499996.0,7499996.0,7499996.0,0.0
1782781200,7499996.0,7499996.0,7499996.0,7499996.0,0.0
1782782100,7103515.0,7103515.0,7103515.0,7103515.0,0.00621136
1782783000,7498998.0,7499000.0,7498998.0,7499000.0,0.00919816
1782783900,7498999.0,7498999.0,7498999.0,7498999.0,0.01497452
1782784800,7403570.0,7403570.0,7103170.0,7103170.0,1.35078545
1782785700,7498994.0,7498994.0,7498994.0,7498994.0,0.01474131
1782786600,7498994.0,7498994.0,7498994.0,7498994.0,0.0
1782787500,7498994.0,7498994.0,7498994.0,7498994.0,0.0
1782788400,7103599.0,7103599.0,7103591.0,7103591.0,0.02009308
1782789300,7150008.0,7150008.0,7150008.0,7150008.0,0.00154717
1782790200,7150036.0,7150036.0,7150036.0,7150036.0,0.00591073
1782791100,7498895.0,7498903.0,7150072.0,7150072.0,0.04031514
1782792000,7150072.0,7150072.0,7150072.0,7150072.0,0.0
1782792900,7150072.0,7150072.0,7150072.0,7150072.0,0.0
1782793800,7150072.0,7150072.0,7150072.0,7150072.0,0.0
1782794700,7150072.0,7150072.0,7150072.0,7150072.0,0.0
1782795600,7150072.0,7150072.0,7150072.0,7150072.0,0.0
1782796500,7298841.0,7298841.0,7298841.0,7298841.0,0.00149064
1782797400,7298841.0,7298841.0,7298841.0,7298841.0,0.0
1782798300,7298841.0,7298841.0,7298841.0,7298841.0,0.0
1782799200,7298845.0,7298848.0,7258864.0,7258864.0,0.05747357
1782800100,7258864.0,7258864.0,7258864.0,7258864.0,0.0
1782801000,7258875.0,7498834.0,7258874.0,7498834.0,0.01299815
1782801900,7258884.0,7258884.0,7258883.0,7258883.0,0.02096023
1782802800,7258883.0,7258883.0,7258883.0,7258883.0,0.0
1782803700,7298804.0,7498807.0,7298804.0,7498807.0,0.01169693
1782804600,7258903.0,7258903.0,7258903.0,7258903.0,0.00138319
1782805500,7258903.0,7258903.0,7258903.0,7258903.0,0.0
1782806400,7258903.0,7258903.0,7258903.0,7258903.0,0.0
1782807300,7258920.0,7258920.0,7258919.0,7258919.0,0.02602747
1782808200,7258919.0,7258919.0,7258919.0,7258919.0,0.0
1782809100,7328748.0,7328748.0,7328748.0,7328748.0,0.00797604
1782810000,7258928.0,7258928.0,7258928.0,7258928.0,0.00140644
1782810900,7258928.0,7258928.0,7258928.0,7258928.0,0.0
1782811800,7258928.0,7258928.0,7258928.0,7258928.0,0.0
1782812700,7208845.0,7278727.0,7208845.0,7278727.0,0.07874148
1782813600,7209001.0,7209001.0,7209001.0,7209001.0,0.00140296
1782814500,7498968.0,7498969.0,7498968.0,7498969.0,0.00324591
1782815400,7209147.0,7498968.0,7209147.0,7498968.0,0.00590054
1782816300,7498968.0,7498968.0,7498968.0,7498968.0,0.0
1782817200,7409245.0,7409245.0,7409245.0,7409245.0,0.00139295
1782818100,7409245.0,7409245.0,7409245.0,7409245.0,0.0013671
1782819000,7498963.0,7498963.0,7498963.0,7498963.0,0.00460957
1782819900,7209517.0,7209517.0,7209517.0,7209517.0,0.0056888
1782820800,7209517.0,7209517.0,7209517.0,7209517.0,0.0
1782821700,7209517.0,7209517.0,7209517.0,7209517.0,0.0
1782822600,7209811.0,7209811.0,7209811.0,7209811.0,0.00230478
1782823500,7209820.0,7209820.0,7209818.0,7209818.0,0.01381046
1782824400,7497918.0,7497930.0,7497918.0,7497930.0,0.01415112
1782825300,7208870.0,7208870.0,7208870.0,7208870.0,0.00230479
1782826200,7208870.0,7208870.0,7208870.0,7208870.0,0.0
1782827100,7267976.0,7267976.0,7267976.0,7267976.0,0.00858486
1782828000,7267976.0,7267976.0,7267976.0,7267976.0,0.0
1782828900,7267976.0,7267976.0,7267976.0,7267976.0,0.0
1782829800,7267976.0,7267976.0,7267976.0,7267976.0,0.0
1782830700,7267976.0,7267976.0,7267976.0,7267976.0,0.0
1782831600,7497914.0,7497916.0,7497914.0,7497916.0,0.01382129
1782832500,7497916.0,7497916.0,7208912.0,7208912.0,0.01221591
1782833400,7497910.0,7497912.0,7497910.0,7497912.0,0.01328236
1782834300,7497912.0,7497912.0,7497912.0,7497912.0,0.0
1782835200,7497991.0,7497991.0,7209132.0,7209132.0,0.00664574
1782836100,7209217.0,7209217.0,7209206.0,7209216.0,0.01226319
1782837000,7209252.0,7209252.0,7209252.0,7209252.0,0.00408773
1782837900,7209252.0,7209252.0,7209252.0,7209252.0,0.0
1782838800,7497749.0,7497752.0,7497742.0,7497752.0,0.01446514
1782839700,7208934.0,7208934.0,7208934.0,7208934.0,0.00217411
1782840600,7209030.0,7209030.0,7209019.0,7209019.0,0.01446514
1782841500,7470701.0,7470702.0,7470701.0,7470702.0,0.00774933
1782842400,7467776.0,7467776.0,7467776.0,7467776.0,0.0019568
1782843300,7497986.0,7497986.0,7497986.0,7497986.0,0.00144732
1782844200,7497986.0,7497986.0,7497986.0,7497986.0,0.0
1782845100,7497986.0,7497986.0,7497986.0,7497986.0,0.0
1782846000,7209302.0,7545520.0,7209302.0,7545520.0,0.90629066
1782846900,7545520.0,7545520.0,7545520.0,7545520.0,0.0
1782847800,7545520.0,7545520.0,7545520.0,7545520.0,0.0
1782848700,7545520.0,7545520.0,7545520.0,7545520.0,0.0
1782849600,7545520.0,7545520.0,7545520.0,7545520.0,0.0
1782850500,7545520.0,7545520.0,7545520.0,7545520.0,0.0
1782851400,7545520.0,7545520.0,7545520.0,7545520.0,0.0
1782852300,7545520.0,7545520.0,7545520.0,7545520.0,0.0
1782853200,7545520.0,7545520.0,7545520.0,7545520.0,0.0
1782854100,7545520.0,7545520.0,7545520.0,7545520.0,0.0
1782855000,7545520.0,7545520.0,7545520.0,7545520.0,0.0
1782855900,7545520.0,7545520.0,7545520.0,7545520.0,0.0
1782856800,7545520.0,7545520.0,7545520.0,7545520.0,0.0
1782857700,7545508.0,7545508.0,7545508.0,7545508.0,0.01319858
1782858600,7545508.0,7545508.0,7545508.0,7545508.0,0.0
1782859500,7545508.0,7545508.0,7545508.0,7545508.0,0.0
1782860400,7545508.0,7545508.0,7545508.0,7545508.0,0.0
1782861300,7545508.0,7545508.0,7545508.0,7545508.0,0.0
1782862200,7545508.0,7545508.0,7545508.0,7545508.0,0.0
1782863100,7545508.0,7545508.0,7545508.0,7545508.0,0.0
1782864000,7545508.0,7545508.0,7545508.0,7545508.0,0.0
1782864900,7545508.0,7545508.0,7545508.0,7545508.0,0.0
1782865800,7545508.0,7545508.0,7545508.0,7545508.0,0.0
1782866700,7545508.0,7545508.0,7545508.0,7545508.0,0.0
1782867600,7475881.0,7475881.0,7475881.0,7475881.0,0.00133215
1782868500,7475881.0,7475881.0,7475881.0,7475881.0,0.0
1782869400,7475881.0,7475881.0,7475881.0,7475881.0,0.0
1782870300,7475881.0,7475881.0,7475881.0,7475881.0,0.0
1782871200,7300004.0,7519996.0,7300004.0,7519996.0,0.04248691
1782872100,7300304.0,7300304.0,7300304.0,7300304.0,0.02542049
1782873000,7300304.0,7300304.0,7300304.0,7300304.0,0.02012985
1782873900,7300304.0,7300304.0,7300304.0,7300304.0,0.00689198
1782874800,7300304.0,7300304.0,7300304.0,7300304.0,0.0
1782875700,7300304.0,7300304.0,7300304.0,7300304.0,0.0
1782876600,7300304.0,7300304.0,7300304.0,7300304.0,0.0
1782877500,7519996.0,7519996.0,7519996.0,7519996.0,0.02648684
1782878400,7519996.0,7519996.0,7519996.0,7519996.0,0.0
1782879300,7519996.0,7519996.0,7519996.0,7519996.0,0.00598032
1782880200,7519996.0,7519996.0,7519996.0,7519996.0,0.00132433
1782881100,7519996.0,7519996.0,7519996.0,7519996.0,0.0
1782882000,7519996.0,7519996.0,7519996.0,7519996.0,0.0
1782882900,7300328.0,7300343.0,7300328.0,7300343.0,0.00735861
1782883800,7300343.0,7300343.0,7300343.0,7300343.0,0.0
1782884700,7519996.0,7519996.0,7300364.0,7300364.0,0.00398063
1782885600,7300364.0,7300364.0,7300364.0,7300364.0,0.0
1782886500,7519996.0,7519996.0,7519996.0,7519996.0,0.00365957
1782887400,7300449.0,7300449.0,7300449.0,7300449.0,0.00365957
1782888300,7300449.0,7300449.0,7300449.0,7300449.0,0.0
1782889200,7300449.0,7300449.0,7300449.0,7300449.0,0.0
1782890100,7300449.0,7300449.0,7300449.0,7300449.0,0.0
1782891000,7300449.0,7300449.0,7300449.0,7300449.0,0.0
1782891900,7300449.0,7300449.0,7300449.0,7300449.0,0.0
1782892800,7300449.0,7300449.0,7300449.0,7300449.0,0.0
1782893700,7300449.0,7300449.0,7300449.0,7300449.0,0.0
1782894600,7300449.0,7300449.0,7300449.0,7300449.0,0.0
1782895500,7300449.0,7300449.0,7300449.0,7300449.0,0.0
1782896400,7300449.0,7300449.0,7300449.0,7300449.0,0.0
1782897300,7300449.0,7300449.0,7300449.0,7300449.0,0.0
1782898200,7300449.0,7300449.0,7300449.0,7300449.0,0.0
1782899100,7300449.0,7300449.0,7300449.0,7300449.0,0.0
1782900000,7300449.0,7300449.0,7300449.0,7300449.0,0.0
1782900900,7300449.0,7300449.0,7300449.0,7300449.0,0.0
1782901800,7300449.0,7300449.0,7300449.0,7300449.0,0.0
1782902700,7246833.0,7246833.0,7246833.0,7246833.0,0.00217847
1782903600,7246833.0,7246833.0,7246833.0,7246833.0,0.0
1782904500,7514994.0,7545520.0,7514994.0,7545520.0,1.32164609
1782905400,7246995.0,7545513.0,7246989.0,7545513.0,0.01818769
1782906300,7545513.0,7545513.0,7545513.0,7545513.0,0.0
1782907200,7447720.0,7447720.0,6732026.0,6732026.0,1.32164609
1782908100,7447731.0,7519995.0,7447731.0,7519995.0,0.04805746
1782909000,7519995.0,7519995.0,7519995.0,7519995.0,0.0
1782909900,7514996.0,7514996.0,7514996.0,7514996.0,0.00343166
1782910800,7514996.0,7514996.0,7514996.0,7514996.0,0.0
1782911700,7515000.0,7515000.0,7515000.0,7515000.0,0.00662608
1782912600,7515000.0,7519995.0,7515000.0,7519995.0,1.15343795
1782913500,7519995.0,7519995.0,7519995.0,7519995.0,0.0
1782914400,7519995.0,7749999.0,7349900.0,7749999.0,5.85812078
1782915300,7749998.0,7749998.0,7749998.0,7749998.0,0.00172619
1782916200,7628555.0,7749896.0,7628555.0,7749896.0,0.16005922
1782917100,7675757.0,7675757.0,7660001.0,7660002.0,0.12158104
1782918000,7660002.0,7660002.0,7660002.0,7660002.0,0.0
1782918900,7700026.0,7700026.0,7700026.0,7700026.0,0.01231456
1782919800,7710026.0,7710026.0,7710026.0,7710026.0,0.03307589
1782920700,7722222.0,7722222.0,7722222.0,7722222.0,0.00128965
1782921600,7722222.0,7722222.0,7722222.0,7722222.0,0.0
1782922500,7722222.0,7722222.0,7722222.0,7722222.0,0.0
1782923400,7084978.0,7084978.0,7084978.0,7084978.0,0.0025169
1782924300,7084978.0,7084978.0,7084978.0,7084978.0,0.0
1782925200,7656990.0,7656993.0,7656990.0,7656993.0,0.00393966
1782926100,7101151.0,7101151.0,7101151.0,7101151.0,0.00160859
1782927000,7101151.0,7101151.0,7101151.0,7101151.0,0.0
1782927900,7101151.0,7101151.0,7101151.0,7101151.0,0.0
1782928800,7101491.0,7101491.0,7101491.0,7101491.0,0.00251665
1782929700,7101555.0,7101555.0,7101555.0,7101555.0,0.00172634
1782930600,7101555.0,7101555.0,7101555.0,7101555.0,0.0
1782931500,7101781.0,7101781.0,7101781.0,7101781.0,0.00233082
1782932400,7101781.0,7101781.0,7101781.0,7101781.0,0.0
1782933300,7101781.0,7101781.0,7101781.0,7101781.0,0.0
1782934200,7101942.0,7722218.0,7101942.0,7722218.0,0.01481316
1782935100,7102012.0,7102012.0,7102012.0,7102012.0,0.01270671
1782936000,7102012.0,7102012.0,7102012.0,7102012.0,0.0
1782936900,7102012.0,7102012.0,7102012.0,7102012.0,0.0
1782937800,7622425.0,7622440.0,7622425.0,7622440.0,0.02613088
1782938700,7622440.0,7622440.0,7622440.0,7622440.0,0.0
1782939600,7622440.0,7622440.0,7622440.0,7622440.0,0.0
1782940500,7622440.0,7622440.0,7622440.0,7622440.0,0.0
1782941400,7622440.0,7622440.0,7622440.0,7622440.0,0.0
1782942300,7622440.0,7622440.0,7622440.0,7622440.0,0.0
1782943200,7622440.0,7622440.0,7622440.0,7622440.0,0.0
1782944100,7622440.0,7622440.0,7622440.0,7622440.0,0.0
1782945000,7102691.0,7102691.0,7102691.0,7102691.0,0.00662608
1782945900,7595866.0,7595866.0,7595866.0,7595866.0,0.00249727
1782946800,7595866.0,7595866.0,7595866.0,7595866.0,0.0
1782947700,7595866.0,7595866.0,7595866.0,7595866.0,0.0
1782948600,7103111.0,7103111.0,7103111.0,7103111.0,0.00486917
1782949500,7103111.0,7103111.0,7103111.0,7103111.0,0.0
1782950400,7588683.0,7588683.0,7588683.0,7588683.0,0.00157471
1782951300,7588683.0,7588683.0,7588683.0,7588683.0,0.0
1782952200,7588683.0,7588683.0,7588683.0,7588683.0,0.0
1782953100,7588683.0,7588683.0,7588683.0,7588683.0,0.0
1782954000,7569929.0,7569929.0,7569929.0,7569929.0,0.0013156
1782954900,7569899.0,7569899.0,7569899.0,7569899.0,0.00141203
1782955800,7569899.0,7569899.0,7569899.0,7569899.0,0.0
1782956700,7569852.0,7569854.0,7569852.0,7569854.0,0.06578092
1782957600,7569854.0,7569854.0,7569854.0,7569854.0,0.0
1782958500,7569854.0,7569854.0,7569854.0,7569854.0,0.0
1782959400,7569854.0,7569854.0,7569854.0,7569854.0,0.0
1782960300,7569854.0,7569854.0,7569854.0,7569854.0,0.0
1782961200,7569854.0,7569854.0,7569854.0,7569854.0,0.0
1782962100,7569854.0,7569854.0,7569854.0,7569854.0,0.0
1782963000,7569854.0,7569854.0,7569854.0,7569854.0,0.0
1782963900,7569854.0,7569854.0,7569854.0,7569854.0,0.0
1782964800,7569854.0,7569854.0,7569854.0,7569854.0,0.00403244
1782965700,7213434.0,7213434.0,7213434.0,7213434.0,0.00403657
1782966600,7569852.0,7749999.0,7569852.0,7749999.0,0.01554187
1782967500,7749999.0,7749999.0,7749999.0,7749999.0,0.00182361
1782968400,7749999.0,7749999.0,7749999.0,7749999.0,0.0
1782969300,7749996.0,7749996.0,7622000.0,7622000.0,0.00878416
1782970200,7622000.0,7622000.0,7622000.0,7622000.0,0.0
1782971100,7639642.0,7639642.0,7639642.0,7639642.0,0.00325892
1782972000,7639642.0,7639642.0,7639642.0,7639642.0,0.0
1782972900,7639642.0,7639642.0,7639642.0,7639642.0,0.0
1782973800,7554686.0,7554686.0,7222785.0,7222785.0,0.01254009
1782974700,7222785.0,7222785.0,7222785.0,7222785.0,0.0
1782975600,7540004.0,7540004.0,7540004.0,7540004.0,0.00340357
1782976500,7540004.0,7540004.0,7540004.0,7540004.0,0.0
1782977400,7540004.0,7540004.0,7540004.0,7540004.0,0.0
1782978300,7540004.0,7540004.0,7540004.0,7540004.0,0.0
1782979200,7749966.0,7749995.0,7749966.0,7749995.0,0.00378439
1782980100,7552014.0,7552014.0,7552014.0,7552014.0,0.00716275
1782981000,7552014.0,7552014.0,7552014.0,7552014.0,0.0
1782981900,7552014.0,7552014.0,7552014.0,7552014.0,0.0
1782982800,7552014.0,7552014.0,7552014.0,7552014.0,0.0
1782983700,7552014.0,7552014.0,7552014.0,7552014.0,0.0
1782984600,7552014.0,7552014.0,7552014.0,7552014.0,0.0
1782985500,7552014.0,7552014.0,7552014.0,7552014.0,0.0
1782986400,7552014.0,7552014.0,7552014.0,7552014.0,0.0
1782987300,7552014.0,7552014.0,7552014.0,7552014.0,0.0
1782988200,7552014.0,7552014.0,7552014.0,7552014.0,0.0
1782989100,7553109.0,7553109.0,7553109.0,7553109.0,0.00249727
1782990000,7553336.0,7553336.0,7553336.0,7553336.0,0.00291587
1782990900,7553458.0,7553458.0,7553458.0,7553458.0,0.0053934
1782991800,7749989.0,7749989.0,7749989.0,7749989.0,0.00562413
1782992700,7553710.0,7553713.0,7553710.0,7553713.0,0.01168644
1782993600,7553713.0,7553713.0,7553713.0,7553713.0,0.0
1782994500,7553713.0,7553713.0,7553713.0,7553713.0,0.0
1782995400,7553713.0,7553713.0,7553713.0,7553713.0,0.0
1782996300,7554041.0,7554041.0,7554041.0,7554041.0,0.00200871
1782997200,7554041.0,7554041.0,7554041.0,7554041.0,0.0
1782998100,7554041.0,7554041.0,7554041.0,7554041.0,0.0
1782999000,7554230.0,7554230.0,7253572.0,7253572.0,0.07190813
1782999900,7415955.0,7415955.0,7415955.0,7415955.0,0.00180489
1783000800,7230005.0,7230005.0,7230005.0,7230005.0,0.00378464
1783001700,7230005.0,7230005.0,7221624.0,7221624.0,0.38043413
1783002600,7219933.0,7304344.0,7200200.0,7200200.0,0.01461687
1783003500,7200202.0,7499931.0,7111143.0,7111147.0,0.80147133
1783004400,7111147.0,7111147.0,7111147.0,7111147.0,0.0
1783005300,7499778.0,7499778.0,7499778.0,7499778.0,0.00142564
1783006200,7499778.0,7499778.0,7499778.0,7499778.0,0.0
1783007100,7499960.0,7499960.0,7250250.0,7499936.0,0.01883976
1783008000,7250251.0,7250251.0,7200000.0,7200000.0,0.01458087
1783008900,7200000.0,7200000.0,7200000.0,7200000.0,0.0
1783009800,7300000.0,7300000.0,7084587.0,7084587.0,1.1051747
1783010700,7009266.0,7009266.0,7009260.0,7009260.0,0.09487311
1783011600,7009260.0,7009260.0,7009260.0,7009260.0,0.0
1783012500,7499987.0,7499991.0,7499987.0,7499991.0,0.02866964
1783013400,7499991.0,7499991.0,7499991.0,7499991.0,0.0
1783014300,7499991.0,7499991.0,7499991.0,7499991.0,0.0
1783015200,7499991.0,7499991.0,7499991.0,7499991.0,0.0
1783016100,7499991.0,7499991.0,7499991.0,7499991.0,0.0
1783017000,7499991.0,7499991.0,7499991.0,7499991.0,0.0
1783017900,7499991.0,7499991.0,7499991.0,7499991.0,0.0
1783018800,7499991.0,7499991.0,7499991.0,7499991.0,0.0
1783019700,7499991.0,7499991.0,7499991.0,7499991.0,0.0
1783020600,7499528.0,7499528.0,7499528.0,7499528.0,0.02655913
1783021500,7499528.0,7499528.0,7499528.0,7499528.0,0.0
1783022400,7499528.0,7499528.0,7499528.0,7499528.0,0.0
1783023300,7499528.0,7499528.0,7499528.0,7499528.0,0.0
1783024200,7499528.0,7499528.0,7499528.0,7499528.0,0.0
1783025100,7499528.0,7499528.0,7499528.0,7499528.0,0.0
1783026000,7499528.0,7499528.0,7499528.0,7499528.0,0.0
1783026900,7499528.0,7499528.0,7499528.0,7499528.0,0.0
1783027800,7499528.0,7499528.0,7499528.0,7499528.0,0.0
1783028700,7499528.0,7499528.0,7499528.0,7499528.0,0.0
1783029600,7499528.0,7499528.0,7499528.0,7499528.0,0.0
1783030500,7499528.0,7499528.0,7499528.0,7499528.0,0.0
1783031400,7499528.0,7499528.0,7499528.0,7499528.0,0.0
1783032300,7499528.0,7499528.0,7499528.0,7499528.0,0.0
1783033200,7499528.0,7499528.0,7499528.0,7499528.0,0.0
1783034100,7499528.0,7499528.0,7499528.0,7499528.0,0.0
1783035000,7499528.0,7499528.0,7499528.0,7499528.0,0.0
1783035900,7499528.0,7499528.0,7499528.0,7499528.0,0.0
1783036800,7499528.0,7499528.0,7499528.0,7499528.0,0.0
1783037700,7499528.0,7499528.0,7499528.0,7499528.0,0.0
1783038600,7499528.0,7499528.0,7499528.0,7499528.0,0.0
1783039500,7494980.0,7494980.0,7494980.0,7494980.0,0.00173155
1783040400,7494980.0,7494980.0,7494980.0,7494980.0,0.0
1783041300,7494980.0,7494980.0,7494980.0,7494980.0,0.0
1783042200,7494980.0,7494980.0,7494980.0,7494980.0,0.0
1783043100,7494980.0,7494980.0,7494980.0,7494980.0,0.0
1783044000,7494980.0,7494980.0,7494980.0,7494980.0,0.0
1783044900,7100395.0,7100395.0,7100395.0,7100395.0,0.0035429
1783045800,7100395.0,7100395.0,7100395.0,7100395.0,0.0
1783046700,7100395.0,7100395.0,7100395.0,7100395.0,0.0
1783047600,7494969.0,7735640.0,7494969.0,7735640.0,0.54488763
1783048500,7735640.0,7735640.0,7735640.0,7735640.0,0.0
1783049400,7301000.0,7301000.0,7300999.0,7300999.0,0.01471051
1783050300,7499999.0,7499999.0,7202001.0,7202001.0,0.475
1783051200,7300000.0,7300000.0,7125000.0,7125000.0,0.25274602
1783052100,7125000.0,7125000.0,7125000.0,7125000.0,0.0
1783053000,7125000.0,7125000.0,7125000.0,7125000.0,0.0
1783053900,7478986.0,7478986.0,7478986.0,7478986.0,0.00665798
1783054800,7478986.0,7478986.0,7478986.0,7478986.0,0.0
1783055700,7478986.0,7478986.0,7478986.0,7478986.0,0.0
1783056600,7478986.0,7478986.0,7478986.0,7478986.0,0.0
1783057500,7474990.0,7474990.0,7474990.0,7474990.0,0.01242677
1783058400,7474990.0,7474990.0,7474990.0,7474990.0,0.0
1783059300,7474990.0,7474990.0,7474990.0,7474990.0,0.0
1783060200,7474990.0,7474990.0,7474990.0,7474990.0,0.0
1783061100,7289878.0,7289878.0,7125901.0,7125901.0,0.27951181
1783062000,7125901.0,7125901.0,7125901.0,7125901.0,0.0
1783062900,7125901.0,7125901.0,7125901.0,7125901.0,0.0
1783063800,7125901.0,7125901.0,7125901.0,7125901.0,0.0
1783064700,7464985.0,7464985.0,7464984.0,7464984.0,0.00440603
1783065600,7290920.0,7290920.0,7139990.0,7139990.0,2.5213155
1783066500,7464965.0,7464965.0,7464965.0,7464965.0,0.00347355
1783067400,7464965.0,7464965.0,7464965.0,7464965.0,0.0
1783068300,7464965.0,7464965.0,7464965.0,7464965.0,0.0
1783069200,7464965.0,7464965.0,7464965.0,7464965.0,0.0
1783070100,7464965.0,7464965.0,7464965.0,7464965.0,0.0
1783071000,7444995.0,7444995.0,7444995.0,7444995.0,0.00133767
1783071900,7444995.0,7444995.0,7444995.0,7444995.0,0.0
1783072800,7444995.0,7444995.0,7444995.0,7444995.0,0.00208354
1783073700,7444995.0,7444995.0,7444995.0,7444995.0,0.0
1783074600,7299999.0,7299999.0,7140000.0,7140000.0,0.01036351
1783075500,7444854.0,7444858.0,7444854.0,7444858.0,0.06630337
1783076400,7441995.0,7441995.0,7140085.0,7140085.0,0.00506704
1783077300,7140085.0,7140085.0,7140085.0,7140085.0,0.0
1783078200,7140085.0,7140085.0,7140085.0,7140085.0,0.0
1783079100,7140085.0,7140085.0,7140085.0,7140085.0,0.0
1783080000,7140085.0,7140085.0,7140085.0,7140085.0,0.0
1783080900,7142511.0,7142511.0,7142500.0,7142500.0,0.00350892
1783081800,7142500.0,7142500.0,7142500.0,7142500.0,0.0
1783082700,7444853.0,7444853.0,7444853.0,7444853.0,0.01340375
1783083600,7440995.0,7440995.0,7142637.0,7142660.0,0.00574361
1783084500,7440993.0,7441000.0,7440993.0,7441000.0,0.01674573
1783085400,7142510.0,7142510.0,7142510.0,7142510.0,0.00152397
1783086300,7439996.0,7439998.0,7439996.0,7439998.0,0.00686424
1783087200,7436995.0,7436996.0,7436995.0,7436996.0,0.00964166
1783088100,7436995.0,7436995.0,7436995.0,7436995.0,0.00133911
1783089000,7436995.0,7436995.0,7436995.0,7436995.0,0.0
1783089900,7436995.0,7436996.0,7436995.0,7436996.0,0.02556516
1783090800,7146081.0,7146081.0,7146081.0,7146081.0,0.0070405
1783091700,7146081.0,7146081.0,7146081.0,7146081.0,0.0
1783092600,7146002.0,7146002.0,7146002.0,7146002.0,0.00687613
1783093500,7421942.0,7421942.0,7421942.0,7421942.0,0.00148316
1783094400,7421942.0,7421942.0,7421942.0,7421942.0,0.0
1783095300,7421992.0,7421992.0,7421992.0,7421992.0,0.00335449
1783096200,7421992.0,7421992.0,7421992.0,7421992.0,0.0
1783097100,7150008.0,7150008.0,7150008.0,7150008.0,0.00253314
1783098000,7150008.0,7150008.0,7150008.0,7150008.0,0.0
1783098900,7150008.0,7150008.0,7150008.0,7150008.0,0.00193593
1783099800,7150008.0,7150008.0,7150007.0,7150007.0,0.05347729
1783100700,7150007.0,7150007.0,7150007.0,7150007.0,0.0
1783101600,7150007.0,7150007.0,7150007.0,7150007.0,0.0
1783102500,7444711.0,7444711.0,7444711.0,7444711.0,0.00374561
1783103400,7444711.0,7444711.0,7444711.0,7444711.0,0.0
1783104300,7444711.0,7444711.0,7444711.0,7444711.0,0.0
1783105200,7444711.0,7444711.0,7444711.0,7444711.0,0.0
1783106100,7444711.0,7444711.0,7444711.0,7444711.0,0.0
1783107000,7444711.0,7444711.0,7444711.0,7444711.0,0.0
1783107900,7444711.0,7444711.0,7444711.0,7444711.0,0.0
1783108800,7444711.0,7444711.0,7444711.0,7444711.0,0.0
1783109700,7444711.0,7444711.0,7444711.0,7444711.0,0.0
1783110600,7444711.0,7444711.0,7444711.0,7444711.0,0.0
1783111500,7444711.0,7444711.0,7444711.0,7444711.0,0.0
1783112400,7444711.0,7444711.0,7444711.0,7444711.0,0.0
1783113300,7444711.0,7444711.0,7444711.0,7444711.0,0.0
1783114200,7444711.0,7444711.0,7444711.0,7444711.0,0.0
1783115100,7444711.0,7444711.0,7444711.0,7444711.0,0.0
1783116000,7444711.0,7444711.0,7444711.0,7444711.0,0.0
1783116900,7444711.0,7444711.0,7444711.0,7444711.0,0.0
1783117800,7444711.0,7444711.0,7444711.0,7444711.0,0.0
1783118700,7444816.0,7444816.0,7444816.0,7444816.0,0.01301778
1783119600,7444816.0,7444816.0,7444816.0,7444816.0,0.0
1783120500,7244777.0,7244777.0,7244777.0,7244777.0,0.00205265
1783121400,7244777.0,7244777.0,7244777.0,7244777.0,0.0
1783122300,7244777.0,7244777.0,7244777.0,7244777.0,0.0
1783123200,7244777.0,7244777.0,7244777.0,7244777.0,0.0
1783124100,7244777.0,7244777.0,7244777.0,7244777.0,0.0
1783125000,7244777.0,7244777.0,7244777.0,7244777.0,0.0
1783125900,7244777.0,7244777.0,7244777.0,7244777.0,0.0
1783126800,7244777.0,7244777.0,7244777.0,7244777.0,0.0
1783127700,7150010.0,7150010.0,7150010.0,7150010.0,0.00289117
1783128600,7150010.0,7150010.0,7150010.0,7150010.0,0.0
1783129500,7150010.0,7150010.0,7150010.0,7150010.0,0.0
1783130400,7150010.0,7150010.0,7150010.0,7150010.0,0.0
1783131300,7244774.0,7244774.0,7244774.0,7244774.0,0.00975792
1783132200,7244774.0,7244774.0,7244774.0,7244774.0,0.0
1783133100,7244774.0,7244774.0,7244774.0,7244774.0,0.0
1783134000,7244774.0,7244774.0,7244774.0,7244774.0,0.0
1783134900,7244774.0,7244774.0,7244774.0,7244774.0,0.0
1783135800,7244774.0,7244774.0,7244774.0,7244774.0,0.0
1783136700,7244774.0,7244774.0,7244774.0,7244774.0,0.0
1783137600,7244774.0,7244774.0,7244774.0,7244774.0,0.0
1783138500,7244774.0,7244774.0,7244774.0,7244774.0,0.0
1783139400,7244774.0,7444838.0,7244774.0,7444838.0,0.02708846
1783140300,7444838.0,7444838.0,7444838.0,7444838.0,0.0
1783141200,7444838.0,7444838.0,7444838.0,7444838.0,0.0
1783142100,7444838.0,7444838.0,7444838.0,7444838.0,0.0
1783143000,7444838.0,7444838.0,7444838.0,7444838.0,0.0
1783143900,7444838.0,7444838.0,7444838.0,7444838.0,0.0
1783144800,7444838.0,7444838.0,7444838.0,7444838.0,0.0
1783145700,7444838.0,7444838.0,7444838.0,7444838.0,0.0
1783146600,7444822.0,7444822.0,7444822.0,7444822.0,0.0033442
1783147500,7444822.0,7444822.0,7444822.0,7444822.0,0.0
1783148400,7444822.0,7444822.0,7444822.0,7444822.0,0.0
1783149300,7444822.0,7444822.0,7444822.0,7444822.0,0.0
1783150200,7444822.0,7444822.0,7444822.0,7444822.0,0.0
1783151100,7444822.0,7444822.0,7444822.0,7444822.0,0.0
1783152000,7150772.0,7150772.0,7150772.0,7150772.0,0.0020525
1783152900,7150772.0,7150772.0,7150772.0,7150772.0,0.0
1783153800,7150772.0,7150772.0,7150772.0,7150772.0,0.0
1783154700,7444820.0,7444826.0,7444820.0,7444826.0,0.06688566
1783155600,7444826.0,7444826.0,7444826.0,7444826.0,0.0
1783156500,7444826.0,7444826.0,7444826.0,7444826.0,0.0
1783157400,7444826.0,7444826.0,7444826.0,7444826.0,0.0
1783158300,7439992.0,7439992.0,7439992.0,7439992.0,0.00647043
1783159200,7439992.0,7439992.0,7439992.0,7439992.0,0.0
1783160100,7439992.0,7439992.0,7439992.0,7439992.0,0.0
1783161000,7439992.0,7439992.0,7439992.0,7439992.0,0.0
1783161900,7151272.0,7151272.0,7151271.0,7151271.0,0.01738333
1783162800,7151271.0,7151271.0,7151271.0,7151271.0,0.0
1783163700,7151271.0,7151271.0,7151269.0,7151269.0,0.02556516
1783164600,7151269.0,7151269.0,7151269.0,7151269.0,0.0
1783165500,7151269.0,7151269.0,7151269.0,7151269.0,0.0
1783166400,7151269.0,7151269.0,7151269.0,7151269.0,0.0
1783167300,7151269.0,7151269.0,7151269.0,7151269.0,0.0
1783168200,7151269.0,7151269.0,7151269.0,7151269.0,0.0
1783169100,7151269.0,7151269.0,7151269.0,7151269.0,0.0
1783170000,7151269.0,7151269.0,7151269.0,7151269.0,0.0
1783170900,7151269.0,7151269.0,7151269.0,7151269.0,0.0
1783171800,7151269.0,7151269.0,7151269.0,7151269.0,0.0
1783172700,7151269.0,7151269.0,7151269.0,7151269.0,0.0
1783173600,7156430.0,7156430.0,7156430.0,7156430.0,0.04299945
1783174500,7156430.0,7156430.0,7156430.0,7156430.0,0.0
1783175400,7156430.0,7156430.0,7156430.0,7156430.0,0.0
1783176300,7156430.0,7399994.0,7156430.0,7399994.0,0.01938804
1783177200,7156431.0,7399989.0,7156430.0,7399989.0,0.96139208
1783178100,7399994.0,7399994.0,7399994.0,7399994.0,0.00609973
1783179000,7156430.0,7200000.0,7156430.0,7200000.0,0.00597047
1783179900,7200000.0,7200000.0,7156430.0,7156430.0,0.00588919
1783180800,7156430.0,7156430.0,7156430.0,7156430.0,0.0
1783181700,7389999.0,7389999.0,7389999.0,7389999.0,0.00202138
1783182600,7389999.0,7389999.0,7389999.0,7389999.0,0.0
1783183500,7389999.0,7389999.0,7389999.0,7389999.0,0.0
1783184400,7160001.0,7160001.0,7160001.0,7160001.0,0.00190986
1783185300,7160000.0,7160000.0,7156430.0,7156430.0,0.01618022
1783186200,7389999.0,7389999.0,7389999.0,7389999.0,0.00306711
1783187100,7389999.0,7389999.0,7389999.0,7389999.0,0.0
1783188000,7389999.0,7389999.0,7389999.0,7389999.0,0.0
1783188900,7389999.0,7389999.0,7389999.0,7389999.0,0.0
1783189800,7389999.0,7389999.0,7389999.0,7389999.0,0.0
1783190700,7389999.0,7389999.0,7389999.0,7389999.0,0.0
1783191600,7389999.0,7389999.0,7389999.0,7389999.0,0.0
1783192500,7389999.0,7389999.0,7389999.0,7389999.0,0.0
1783193400,7156433.0,7156433.0,7156433.0,7156433.0,0.00144732
1783194300,7156433.0,7156433.0,7156433.0,7156433.0,0.0
1783195200,7156433.0,7156433.0,7156433.0,7156433.0,0.0
1783196100,7156433.0,7156433.0,7156433.0,7156433.0,0.0
1783197000,7156433.0,7156433.0,7156433.0,7156433.0,0.0
1783197900,7156433.0,7156433.0,7156433.0,7156433.0,0.0
1783198800,7156433.0,7156433.0,7156433.0,7156433.0,0.0
1783199700,7156433.0,7156433.0,7156433.0,7156433.0,0.0
1783200600,7156433.0,7156433.0,7156433.0,7156433.0,0.0
1783201500,7156433.0,7156433.0,7156433.0,7156433.0,0.0
1783202400,7156433.0,7156433.0,7156433.0,7156433.0,0.0
1783203300,7379999.0,7379999.0,7379999.0,7379999.0,0.00134945
1783204200,7379999.0,7379999.0,7379999.0,7379999.0,0.0
1783205100,7379999.0,7379999.0,7379999.0,7379999.0,0.0
1783206000,7379999.0,7379999.0,7379999.0,7379999.0,0.0
1783206900,7379999.0,7379999.0,7379999.0,7379999.0,0.0
1783207800,7379999.0,7379999.0,7379999.0,7379999.0,0.0
1783208700,7379999.0,7379999.0,7379999.0,7379999.0,0.0
1783209600,7379999.0,7379999.0,7379999.0,7379999.0,0.0
1783210500,7379999.0,7379999.0,7379999.0,7379999.0,0.0
1783211400,7379999.0,7379999.0,7379999.0,7379999.0,0.0
1783212300,7379999.0,7379999.0,7379999.0,7379999.0,0.00269891
1783213200,7379999.0,7379999.0,7379999.0,7379999.0,0.0
1783214100,7379999.0,7379999.0,7379999.0,7379999.0,0.0
1783215000,7379999.0,7379999.0,7379999.0,7379999.0,0.0
1783215900,7379999.0,7379999.0,7379999.0,7379999.0,0.0
1783216800,7379999.0,7379999.0,7379999.0,7379999.0,0.0
1783217700,7379999.0,7379999.0,7379999.0,7379999.0,0.0
1783218600,7379999.0,7379999.0,7379999.0,7379999.0,0.0
1783219500,7379999.0,7379999.0,7379999.0,7379999.0,0.0
1783220400,7156434.0,7156434.0,7156434.0,7156434.0,0.00141203
1783221300,7156434.0,7156434.0,7156434.0,7156434.0,0.0
1783222200,7379990.0,7379991.0,7156436.0,7156436.0,0.01260135
1783223100,7156436.0,7156436.0,7156436.0,7156436.0,0.0
1783224000,7156436.0,7156436.0,7156436.0,7156436.0,0.0
1783224900,7156436.0,7156436.0,7156436.0,7156436.0,0.0014728
1783225800,7156436.0,7156436.0,7156436.0,7156436.0,0.0
1783226700,7156436.0,7156436.0,7156436.0,7156436.0,0.0
1783227600,7379988.0,7379991.0,7379988.0,7379991.0,0.02698933
1783228500,7379991.0,7379991.0,7379991.0,7379991.0,0.00330068
1783229400,7379991.0,7379991.0,7379991.0,7379991.0,0.0
1783230300,7379991.0,7379991.0,7156438.0,7379990.0,0.00574266
1783231200,7156438.0,7156438.0,7156438.0,7156438.0,0.00533214
1783232100,7156438.0,7156438.0,7156438.0,7156438.0,0.0
1783233000,7156438.0,7156438.0,7156438.0,7156438.0,0.0
1783233900,7379990.0,7379991.0,7379990.0,7379991.0,0.02696683
1783234800,7156439.0,7156439.0,7156439.0,7156439.0,0.00330068
1783235700,7349999.0,7349999.0,7349999.0,7349999.0,0.00562013
1783236600,7349999.0,7349999.0,7349999.0,7349999.0,0.0
1783237500,7156439.0,7349990.0,7156439.0,7349990.0,0.01670763
1783238400,7349990.0,7349990.0,7349990.0,7349990.0,0.0
1783239300,7349990.0,7349990.0,7349990.0,7349990.0,0.0
1783240200,7349989.0,7349989.0,7349989.0,7349989.0,0.00505374
1783241100,7349989.0,7349989.0,7349989.0,7349989.0,0.0
1783242000,7349983.0,7349983.0,7349983.0,7349983.0,0.00406504
1783242900,7349983.0,7349983.0,7349983.0,7349983.0,0.0
1783243800,7349983.0,7349983.0,7349983.0,7349983.0,0.0
1783244700,7349983.0,7349983.0,7349983.0,7349983.0,0.0
1783245600,7349983.0,7349983.0,7349983.0,7349983.0,0.01354969
1783246500,7349983.0,7349983.0,7349983.0,7349983.0,0.00270993
1783247400,7349983.0,7349983.0,7349983.0,7349983.0,0.0
1783248300,7349983.0,7349983.0,7349983.0,7349983.0,0.0
1783249200,7349983.0,7349983.0,7349983.0,7349983.0,0.0
1783250100,7349983.0,7349983.0,7349983.0,7349983.0,0.0
1783251000,7349983.0,7349983.0,7349983.0,7349983.0,0.00400368
1783251900,7156439.0,7156439.0,7156439.0,7156439.0,0.00400368
1783252800,7349983.0,7349983.0,7349983.0,7349983.0,0.00497701
1783253700,7349983.0,7349983.0,7349983.0,7349983.0,0.0
1783254600,7349983.0,7349983.0,7349983.0,7349983.0,0.0
1783255500,7349983.0,7349983.0,7349983.0,7349983.0,0.0
1783256400,7349983.0,7349983.0,7349983.0,7349983.0,0.0
1783257300,7349983.0,7349983.0,7349983.0,7349983.0,0.0
1783258200,7349983.0,7349983.0,7349983.0,7349983.0,0.0
1783259100,7349983.0,7349983.0,7349983.0,7349983.0,0.0
1783260000,7348999.0,7348999.0,7348999.0,7348999.0,0.01357858
1783260900,7348999.0,7348999.0,7348999.0,7348999.0,0.0
1783261800,7348998.0,7348998.0,7156439.0,7156440.0,0.01479112
1783262700,7348998.0,7349000.0,7348998.0,7349000.0,0.06766744
1783263600,7348999.0,7348999.0,7348999.0,7348999.0,0.00259327
1783264500,7348999.0,7348999.0,7348999.0,7348999.0,0.0
1783265400,7348999.0,7348999.0,7348999.0,7348999.0,0.0
1783266300,7348999.0,7348999.0,7348999.0,7348999.0,0.0
1783267200,7348999.0,7348999.0,7348999.0,7348999.0,0.0
1783268100,7348999.0,7348999.0,7160001.0,7348999.0,0.03105792
1783269000,7348999.0,7348999.0,7348999.0,7348999.0,0.0
1783269900,7348999.0,7348999.0,7348999.0,7348999.0,0.0
1783270800,7348999.0,7348999.0,7348999.0,7348999.0,0.0
1783271700,7348999.0,7348999.0,7348999.0,7348999.0,0.0
1783272600,7348999.0,7348999.0,7348999.0,7348999.0,0.0027103
1783273500,7348999.0,7348999.0,7348999.0,7348999.0,0.0
1783274400,7348999.0,7348999.0,7348999.0,7348999.0,0.0
1783275300,7160001.0,7348999.0,7160001.0,7348999.0,0.00275782
1783276200,7348999.0,7348999.0,7348999.0,7348999.0,0.0
1783277100,7348999.0,7348999.0,7348999.0,7348999.0,0.0
1783278000,7348999.0,7348999.0,7348999.0,7348999.0,0.0
1783278900,7348999.0,7348999.0,7348999.0,7348999.0,0.0
1783279800,7348999.0,7348999.0,7348999.0,7348999.0,0.0
1783280700,7348999.0,7348999.0,7348999.0,7348999.0,0.0
1783281600,7348999.0,7348999.0,7348999.0,7348999.0,0.0
1783282500,7348999.0,7348999.0,7348999.0,7348999.0,0.0
1783283400,7348999.0,7348999.0,7348999.0,7348999.0,0.0
1783284300,7348999.0,7348999.0,7348999.0,7348999.0,0.0
1783285200,7348999.0,7348999.0,7348999.0,7348999.0,0.0
1783286100,7348999.0,7348999.0,7348999.0,7348999.0,0.0
1783287000,7348999.0,7348999.0,7348999.0,7348999.0,0.0
1783287900,7348999.0,7348999.0,7348999.0,7348999.0,0.0
1783288800,7348999.0,7348999.0,7348999.0,7348999.0,0.0
1783289700,7348999.0,7348999.0,7348999.0,7348999.0,0.0027103
1783290600,7348999.0,7348999.0,7348999.0,7348999.0,0.0
1783291500,7348999.0,7348999.0,7348999.0,7348999.0,0.0
1783292400,7348999.0,7348999.0,7348999.0,7348999.0,0.0
1783293300,7160001.0,7160001.0,7160001.0,7160001.0,0.00163002
1783294200,7160001.0,7160001.0,7160001.0,7160001.0,0.0
1783295100,7160001.0,7160001.0,7160001.0,7160001.0,0.0
1783296000,7160001.0,7160001.0,7160001.0,7160001.0,0.0
1783296900,7160001.0,7160001.0,7160001.0,7160001.0,0.0
1783297800,7160001.0,7160001.0,7160001.0,7160001.0,0.0
1783298700,7160001.0,7160001.0,7160001.0,7160001.0,0.0
1783299600,7160001.0,7160001.0,7160001.0,7160001.0,0.0
1783300500,7348999.0,7348999.0,7348999.0,7348999.0,0.00178799
1783301400,7160001.0,7160001.0,7160000.0,7160000.0,0.75603
1783302300,7160000.0,7160000.0,7160000.0,7160000.0,0.0
1783303200,7160000.0,7160000.0,7160000.0,7160000.0,0.0
1783304100,7160000.0,7160000.0,7160000.0,7160000.0,0.00178799
1783305000,7160000.0,7160000.0,7160000.0,7160000.0,0.0
1783305900,7160000.0,7160000.0,7160000.0,7160000.0,0.0
1783306800,7160000.0,7160000.0,7160000.0,7160000.0,0.0
1783307700,7160000.0,7160000.0,7160000.0,7160000.0,0.0
1783308600,7160000.0,7160000.0,7160000.0,7160000.0,0.0
1783309500,7160000.0,7160000.0,7160000.0,7160000.0,0.37713983
1783310400,7160000.0,7160000.0,7150006.0,7150006.0,0.30801368
1783311300,7150000.0,7150000.0,7150000.0,7150000.0,0.00493866
1783312200,7150000.0,7150000.0,7150000.0,7150000.0,0.0
1783313100,7150000.0,7150000.0,7150000.0,7150000.0,0.00546875
1783314000,7150000.0,7150000.0,7150000.0,7150000.0,0.0
1783314900,7348999.0,7348999.0,7348999.0,7348999.0,0.01070661
1783315800,7348999.0,7348999.0,7348999.0,7348999.0,0.0033878
1783316700,7348999.0,7348999.0,7348999.0,7348999.0,0.0
1783317600,7348999.0,7348999.0,7348999.0,7348999.0,0.0
1783318500,7348999.0,7348999.0,7348999.0,7348999.0,0.0
1783319400,7348999.0,7348999.0,7348999.0,7348999.0,0.00135515
1783320300,7150000.0,7348995.0,7150000.0,7348995.0,0.01087934
1783321200,7150000.0,7348992.0,7050070.0,7050077.0,0.05303475
1783322100,7050077.0,7050077.0,7050077.0,7050077.0,0.0
1783323000,7108985.0,7108985.0,7108985.0,7108985.0,0.00678923
1783323900,7348990.0,7348990.0,7348990.0,7348990.0,0.00520044
1783324800,7348990.0,7348990.0,7348990.0,7348990.0,0.0
1783325700,7348990.0,7348990.0,7348990.0,7348990.0,0.0
1783326600,7348990.0,7348990.0,7348990.0,7348990.0,0.0
1783327500,7348990.0,7348990.0,7348990.0,7348990.0,0.0
1783328400,7348990.0,7348990.0,7348990.0,7348990.0,0.0
1783329300,7348981.0,7348981.0,7348981.0,7348981.0,0.01357861
1783330200,7348981.0,7348981.0,7348981.0,7348981.0,0.0
1783331100,7348981.0,7348981.0,7348981.0,7348981.0,0.0
1783332000,7348981.0,7348981.0,7348981.0,7348981.0,0.0
1783332900,7348981.0,7348981.0,7348981.0,7348981.0,0.0
1783333800,7348981.0,7348981.0,7348981.0,7348981.0,0.0
1783334700,7348981.0,7348981.0,7348981.0,7348981.0,0.0
1783335600,7150560.0,7150560.0,7150560.0,7150560.0,0.00563399
1783336500,7150560.0,7150560.0,7150560.0,7150560.0,0.0072249
1783337400,7150560.0,7150560.0,7150560.0,7150560.0,0.0
1783338300,7150560.0,7150560.0,7150560.0,7150560.0,0.0
1783339200,7150560.0,7150560.0,7150560.0,7150560.0,0.0
1783340100,7319998.0,7319999.0,7150559.0,7150559.0,0.06848676
1783341000,7150559.0,7150559.0,7150559.0,7150559.0,0.0
1783341900,7150559.0,7150559.0,7150559.0,7150559.0,0.0
1783342800,7150559.0,7150559.0,7150559.0,7150559.0,0.0
1783343700,7150559.0,7150559.0,7150559.0,7150559.0,0.0
1783344600,7150559.0,7150559.0,7150559.0,7150559.0,0.0
1783345500,7319998.0,7319998.0,7319998.0,7319998.0,0.00401516
1783346400,7319998.0,7319998.0,7319998.0,7319998.0,0.0
1783347300,7348976.0,7399999.0,7348976.0,7399999.0,0.22629576
1783348200,7390000.0,7399999.0,7390000.0,7399999.0,0.02488958
1783349100,7399998.0,7399998.0,7155001.0,7155001.0,0.58771025
1783350000,7155001.0,7155001.0,7155001.0,7155001.0,0.0
1783350900,7155001.0,7155001.0,7151007.0,7151007.0,0.17598145
1783351800,7151007.0,7151007.0,7151007.0,7151007.0,0.0
1783352700,7151007.0,7151007.0,7151007.0,7151007.0,0.0
1783353600,7399996.0,7399996.0,7399996.0,7399996.0,0.00587824
1783354500,7399996.0,7399996.0,7399996.0,7399996.0,0.0
1783355400,7399996.0,7399996.0,7399996.0,7399996.0,0.0
1783356300,7399996.0,7399996.0,7399996.0,7399996.0,0.0
1783357200,7399996.0,7399996.0,7399996.0,7399996.0,0.0
1783358100,7399996.0,7399996.0,7399996.0,7399996.0,0.0
1783359000,7399996.0,7399996.0,7399996.0,7399996.0,0.0
1783359900,7399996.0,7399996.0,7399996.0,7399996.0,0.0
1783360800,7399996.0,7399996.0,7399996.0,7399996.0,0.0
1783361700,7399996.0,7399996.0,7399996.0,7399996.0,0.0
1783362600,7399996.0,7399996.0,7399996.0,7399996.0,0.0
1783363500,7399996.0,7399996.0,7399996.0,7399996.0,0.0
1783364400,7399996.0,7399996.0,7399996.0,7399996.0,0.0
1783365300,7399996.0,7399996.0,7399996.0,7399996.0,0.0
1783366200,7399996.0,7399996.0,7399996.0,7399996.0,0.0
1783367100,7399996.0,7399996.0,7399996.0,7399996.0,0.0
1783368000,7399996.0,7399996.0,7399996.0,7399996.0,0.0
1783368900,7399996.0,7399996.0,7399996.0,7399996.0,0.0
1783369800,7399996.0,7399996.0,7399996.0,7399996.0,0.0
1783370700,7399996.0,7399996.0,7399996.0,7399996.0,0.0
1783371600,7399996.0,7399996.0,7399996.0,7399996.0,0.0
1783372500,7399996.0,7399996.0,7399996.0,7399996.0,0.0
1783373400,7399996.0,7399996.0,7399996.0,7399996.0,0.0
1783374300,7399995.0,7444858.0,7399995.0,7444858.0,0.92994587
1783375200,7444858.0,7444858.0,7444858.0,7444858.0,0.0
1783376100,7444858.0,7444858.0,7444858.0,7444858.0,0.0
1783377000,7444858.0,7444858.0,7444858.0,7444858.0,0.0
1783377900,7444858.0,7444858.0,7444858.0,7444858.0,0.0
1783378800,7444858.0,7444858.0,7444858.0,7444858.0,0.0
1783379700,7444858.0,7444858.0,7444858.0,7444858.0,0.0
1783380600,7444858.0,7444858.0,7444858.0,7444858.0,0.0
1783381500,7460002.0,7460002.0,7160001.0,7160039.0,0.01611507
1783382400,7160039.0,7160039.0,7160039.0,7160039.0,0.0
1783383300,7160039.0,7160039.0,7160039.0,7160039.0,0.0
1783384200,7160039.0,7160039.0,7160039.0,7160039.0,0.0
1783385100,7465551.0,7465551.0,7465551.0,7465551.0,0.00303116
1783386000,7465551.0,7465551.0,7465551.0,7465551.0,0.0
1783386900,7579557.0,7579558.0,7579557.0,7579558.0,0.00646304
1783387800,7465551.0,7465551.0,7165550.0,7165569.0,0.01349212
1783388700,7165569.0,7165569.0,7165569.0,7165569.0,0.0
1783389600,7165569.0,7165569.0,7165569.0,7165569.0,0.0
1783390500,7165569.0,7165569.0,7165569.0,7165569.0,0.0
1783391400,7165569.0,7165569.0,7165569.0,7165569.0,0.0
1783392300,7165569.0,7165569.0,7165569.0,7165569.0,0.0
1783393200,7579557.0,7579558.0,7166510.0,7166510.0,0.06083986
1783394100,7166510.0,7166510.0,7166510.0,7166510.0,0.0
1783395000,7166510.0,7166510.0,7166510.0,7166510.0,0.0
1783395900,7166510.0,7166510.0,7166510.0,7166510.0,0.0
1783396800,7166510.0,7166510.0,7166510.0,7166510.0,0.0
1783397700,7166510.0,7166510.0,7166510.0,7166510.0,0.0
1783398600,7166510.0,7166510.0,7166510.0,7166510.0,0.0
1783399500,7431002.0,7431002.0,7431002.0,7431002.0,0.00656506
1783400400,7430991.0,7430991.0,7430991.0,7430991.0,0.00134019
1783401300,7341311.0,7341311.0,7341311.0,7341311.0,0.00587824
1783402200,7341311.0,7341311.0,7341311.0,7341311.0,0.0
1783403100,7431002.0,7431002.0,7431002.0,7431002.0,0.00134019
1783404000,7431002.0,7431002.0,7431002.0,7431002.0,0.0
1783404900,7431002.0,7431002.0,7431002.0,7431002.0,0.0
1783405800,7431002.0,7431002.0,7431002.0,7431002.0,0.0
1783406700,7431002.0,7431002.0,7431002.0,7431002.0,0.0
1783407600,7431002.0,7431002.0,7431002.0,7431002.0,0.0
1783408500,7431002.0,7431002.0,7431002.0,7431002.0,0.0
1783409400,7431002.0,7431002.0,7431002.0,7431002.0,0.0
1783410300,7431002.0,7431002.0,7431002.0,7431002.0,0.0
1783411200,7431002.0,7431002.0,7431002.0,7431002.0,0.0
1783412100,7431002.0,7431002.0,7431002.0,7431002.0,0.0
1783413000,7431002.0,7431002.0,7431002.0,7431002.0,0.0
1783413900,7361907.0,7431002.0,7231761.0,7431002.0,0.09809404
1783414800,7431002.0,7431002.0,7431002.0,7431002.0,0.0
1783415700,7332101.0,7332101.0,7332101.0,7332101.0,0.13723883
1783416600,7431001.0,7431002.0,7431001.0,7431002.0,0.02680406
1783417500,7431002.0,7431002.0,7431002.0,7431002.0,0.0
1783418400,7431002.0,7431002.0,7431002.0,7431002.0,0.0
1783419300,7431002.0,7431002.0,7431002.0,7431002.0,0.0
1783420200,7431001.0,7431002.0,7431001.0,7431002.0,0.20773161
1783421100,7431001.0,7431001.0,7232002.0,7232002.0,0.01410011
1783422000,7232002.0,7232002.0,7232002.0,7232002.0,0.0
1783422900,7383002.0,7383002.0,7232092.0,7232092.0,0.25089388
1783423800,7431001.0,7500000.0,7233005.0,7233005.0,0.53372403
1783424700,7233005.0,7233005.0,7233005.0,7233005.0,0.0
1783425600,7233005.0,7233005.0,7233005.0,7233005.0,0.0
1783426500,7499999.0,7499999.0,7499999.0,7499999.0,0.0133052
1783427400,7499999.0,7499999.0,7499999.0,7499999.0,0.0
1783428300,7499999.0,7499999.0,7499999.0,7499999.0,0.00272586
1783429200,7396022.0,7396022.0,7236001.0,7236001.0,0.08435264
1783430100,7499009.0,7499009.0,7499009.0,7499009.0,0.00132804
1783431000,7499009.0,7499009.0,7231151.0,7231151.0,0.14588945
1783431900,7231151.0,7231151.0,7231151.0,7231151.0,0.0
1783432800,7498076.0,7498076.0,7498076.0,7498076.0,0.00664103
1783433700,7498076.0,7498076.0,7498076.0,7498076.0,0.0
1783434600,7498076.0,7498076.0,7498076.0,7498076.0,0.0
1783435500,7479976.0,7479976.0,7479976.0,7479976.0,0.00366311
1783436400,7479976.0,7479976.0,7479976.0,7479976.0,0.0
1783437300,7235210.0,7479966.0,7235210.0,7479966.0,0.39353974
1783438200,7479966.0,7479966.0,7479966.0,7479966.0,0.0
1783439100,7479966.0,7479966.0,7479966.0,7479966.0,0.0
1783440000,7235016.0,7235016.0,7235015.0,7235015.0,0.02866964
1783440900,7479989.0,7479990.0,7479989.0,7479990.0,0.01514253
1783441800,7479990.0,7479990.0,7479990.0,7479990.0,0.0
1783442700,7235001.0,7479989.0,7235001.0,7235001.0,0.01091205
1783443600,7235001.0,7235001.0,7235001.0,7235001.0,0.12567704
1783444500,7235001.0,7235001.0,7235001.0,7235001.0,0.25051413
1783445400,7235001.0,7235001.0,7235001.0,7235001.0,0.01278879
1783446300,7235001.0,7235001.0,7235001.0,7235001.0,0.0
1783447200,7235001.0,7235001.0,7235001.0,7235001.0,0.0
1783448100,7235001.0,7235001.0,7235001.0,7235001.0,0.0
1783449000,7235001.0,7235001.0,7235001.0,7235001.0,0.0
1783449900,7235006.0,7235006.0,7235000.0,7235000.0,0.00922784
1783450800,7235000.0,7235000.0,7235000.0,7235000.0,0.01
1783451700,7231010.0,7231010.0,7231002.0,7231002.0,0.04875948
1783452600,7231002.0,7231002.0,7231002.0,7231002.0,0.0
1783453500,7231002.0,7231002.0,7231002.0,7231002.0,0.0
1783454400,7231002.0,7231002.0,7231002.0,7231002.0,0.0
1783455300,7231002.0,7231002.0,7231002.0,7231002.0,0.0
1783456200,7235000.0,7235000.0,7235000.0,7235000.0,0.0124557
1783457100,7235000.0,7235000.0,7235000.0,7235000.0,0.0
1783458000,7235000.0,7235000.0,7235000.0,7235000.0,0.0
1783458900,7235000.0,7235000.0,7235000.0,7235000.0,0.0
1783459800,7235000.0,7235000.0,7235000.0,7235000.0,0.0
1783460700,7235000.0,7235000.0,7235000.0,7235000.0,0.0
1783461600,7235000.0,7235000.0,7235000.0,7235000.0,0.0
1783462500,7235000.0,7235000.0,7235000.0,7235000.0,0.0
1783463400,7235000.0,7235000.0,7235000.0,7235000.0,0.0
1783464300,7235000.0,7235000.0,7235000.0,7235000.0,0.0
1783465200,7235000.0,7235000.0,7235000.0,7235000.0,0.0
1783466100,7235000.0,7235000.0,7235000.0,7235000.0,0.0
1783467000,7235000.0,7235000.0,7235000.0,7235000.0,0.0
1783467900,7235000.0,7235000.0,7235000.0,7235000.0,0.0
1783468800,7235000.0,7235000.0,7235000.0,7235000.0,0.0
1783469700,7235000.0,7235000.0,7235000.0,7235000.0,0.0013765
1783470600,7235000.0,7235000.0,7235000.0,7235000.0,0.0
1783471500,7235000.0,7235000.0,7235000.0,7235000.0,0.0
1783472400,7235000.0,7235000.0,7235000.0,7235000.0,0.0
1783473300,7231002.0,7231002.0,7231002.0,7231002.0,0.00371539
1783474200,7231002.0,7231002.0,7231002.0,7231002.0,0.0
1783475100,7231002.0,7231002.0,7231002.0,7231002.0,0.0
1783476000,7231002.0,7231002.0,7231002.0,7231002.0,0.0
1783476900,7231002.0,7231002.0,7231002.0,7231002.0,0.0
1783477800,7231002.0,7231002.0,7231002.0,7231002.0,0.0
1783478700,7231002.0,7231002.0,7231002.0,7231002.0,0.0
1783479600,7235000.0,7235000.0,7235000.0,7235000.0,0.01376503
1783480500,7235000.0,7235000.0,7235000.0,7235000.0,0.0
1783481400,7235000.0,7235000.0,7235000.0,7235000.0,0.0
1783482300,7235000.0,7235000.0,7235000.0,7235000.0,0.0
1783483200,7235000.0,7235000.0,7235000.0,7235000.0,0.0
1783484100,7234996.0,7234996.0,7234996.0,7234996.0,0.00452688
1783485000,7234996.0,7234996.0,7234996.0,7234996.0,0.0
1783485900,7234996.0,7234996.0,7234996.0,7234996.0,0.0
1783486800,7234996.0,7234996.0,7234996.0,7234996.0,0.0
1783487700,7151906.0,7151906.0,7151906.0,7151906.0,0.00427393
1783488600,7151906.0,7234996.0,7151864.0,7234996.0,0.00416862
1783489500,7151007.0,7151007.0,7151007.0,7151007.0,0.02940956
1783490400,7151007.0,7234996.0,7151003.0,7234996.0,0.07530289
1783491300,7234996.0,7234996.0,7234996.0,7234996.0,0.0
1783492200,7234996.0,7234996.0,7234996.0,7234996.0,0.0
1783493100,7234996.0,7234996.0,7234996.0,7234996.0,0.0013765
1783494000,7152004.0,7152004.0,7152004.0,7152004.0,0.05909168
1783494900,7234996.0,7234996.0,7234996.0,7234996.0,0.00228528
1783495800,7155031.0,7234996.0,7155031.0,7234996.0,0.28322365
1783496700,7234996.0,7234996.0,7234996.0,7234996.0,0.0
1783497600,7234996.0,7234996.0,7234996.0,7234996.0,0.0
1783498500,7234996.0,7234996.0,7234996.0,7234996.0,0.0
1783499400,7155000.0,7155000.0,7155000.0,7155000.0,0.00195314
1783500300,7155000.0,7155000.0,7155000.0,7155000.0,0.0
1783501200,7155000.0,7155000.0,7155000.0,7155000.0,0.0
1783502100,7155000.0,7155000.0,7155000.0,7155000.0,0.0
1783503000,7155000.0,7155000.0,7155000.0,7155000.0,0.0
1783503900,7155000.0,7155000.0,7155000.0,7155000.0,0.0
1783504800,7155000.0,7155000.0,7155000.0,7155000.0,0.00664103
1783505700,7155000.0,7155000.0,7155000.0,7155000.0,0.0
1783506600,7155000.0,7155000.0,7155000.0,7155000.0,0.0
1783507500,7155000.0,7155000.0,7155000.0,7155000.0,0.0
1783508400,7155000.0,7155000.0,7155000.0,7155000.0,0.0
1783509300,7155000.0,7155000.0,7155000.0,7155000.0,0.00190518
1783510200,7155000.0,7155000.0,7155000.0,7155000.0,0.0
1783511100,7155000.0,7155000.0,7155000.0,7155000.0,0.0
1783512000,7155000.0,7155000.0,7155000.0,7155000.0,0.00562013
1783512900,7155000.0,7155000.0,7155000.0,7155000.0,0.0
1783513800,7155000.0,7155000.0,7155000.0,7155000.0,0.00218304
1783514700,7155000.0,7155000.0,7155000.0,7155000.0,0.0
1783515600,7155000.0,7155000.0,7155000.0,7155000.0,0.0
1783516500,7155004.0,7155004.0,7155004.0,7155004.0,0.01486355
1783517400,7234951.0,7234951.0,7234951.0,7234951.0,0.01376512
1783518300,7155000.0,7155000.0,7155000.0,7155000.0,0.23583853
1783519200,7155000.0,7155000.0,7155000.0,7155000.0,0.24069528
1783520100,7155000.0,7155000.0,7155000.0,7155000.0,0.0
1783521000,7234763.0,7234763.0,7234763.0,7234763.0,0.01379298
1783521900,7234763.0,7234763.0,7234763.0,7234763.0,0.0
1783522800,7234645.0,7234645.0,7234645.0,7234645.0,0.01379321
1783523700,7234592.0,7234592.0,7234592.0,7234592.0,0.00200301
1783524600,7234592.0,7234592.0,7234592.0,7234592.0,0.0
1783525500,7234592.0,7234592.0,7234592.0,7234592.0,0.0
1783526400,7234992.0,7234992.0,7151003.0,7151003.0,0.02786802
1783527300,7151003.0,7151003.0,7151003.0,7151003.0,0.0
1783528200,7151003.0,7151003.0,7151003.0,7151003.0,0.0
1783529100,7151003.0,7151003.0,7151003.0,7151003.0,0.0
1783530000,7151003.0,7151003.0,7151003.0,7151003.0,0.0
1783530900,7151003.0,7151003.0,7151003.0,7151003.0,0.0
1783531800,7234997.0,7234997.0,7234997.0,7234997.0,0.00259986
1783532700,7234997.0,7234997.0,7234997.0,7234997.0,0.0
1783533600,7234997.0,7234997.0,7234997.0,7234997.0,0.0
1783534500,7234997.0,7234997.0,7234997.0,7234997.0,0.0
1783535400,7234997.0,7234997.0,7234997.0,7234997.0,0.0
1783536300,7234997.0,7234997.0,7234997.0,7234997.0,0.0
1783537200,7234997.0,7234997.0,7234997.0,7234997.0,0.0
1783538100,7234997.0,7234997.0,7234997.0,7234997.0,0.0
1783539000,7234997.0,7234997.0,7234997.0,7234997.0,0.0
1783539900,7234997.0,7234997.0,7234997.0,7234997.0,0.0
1783540800,7234997.0,7234997.0,7234997.0,7234997.0,0.0
1783541700,7234997.0,7234997.0,7234997.0,7234997.0,0.0
1783542600,7234997.0,7234997.0,7234997.0,7234997.0,0.0
1783543500,7234997.0,7234997.0,7234997.0,7234997.0,0.0
1783544400,7234997.0,7234997.0,7234997.0,7234997.0,0.0
1783545300,7234997.0,7234997.0,7234997.0,7234997.0,0.0
1783546200,7234997.0,7234997.0,7234997.0,7234997.0,0.0
1783547100,7234997.0,7234997.0,7234997.0,7234997.0,0.0
1783548000,7234997.0,7234997.0,7234997.0,7234997.0,0.0
1783548900,7234922.0,7234922.0,7234922.0,7234922.0,0.02753049
1783549800,7234922.0,7234922.0,7234922.0,7234922.0,0.0
1783550700,7234922.0,7234922.0,7234922.0,7234922.0,0.0
1783551600,7234922.0,7234922.0,7234922.0,7234922.0,0.0
1783552500,7234922.0,7234922.0,7234922.0,7234922.0,0.0
1783553400,7234922.0,7234922.0,7234922.0,7234922.0,0.0
1783554300,7234922.0,7234922.0,7234922.0,7234922.0,0.0
1783555200,7234922.0,7234922.0,7234922.0,7234922.0,0.0
1783556100,7234922.0,7234922.0,7234922.0,7234922.0,0.0
1783557000,7234922.0,7234922.0,7234922.0,7234922.0,0.0
1783557900,7234922.0,7234922.0,7234922.0,7234922.0,0.0
1783558800,7234922.0,7234922.0,7234922.0,7234922.0,0.0
1783559700,7234949.0,7234949.0,7234949.0,7234949.0,0.00342213
1783560600,7234949.0,7234949.0,7234949.0,7234949.0,0.0
1783561500,7151004.0,7151004.0,7151004.0,7151004.0,0.00230414
1783562400,7151004.0,7151004.0,7151004.0,7151004.0,0.0
1783563300,7151004.0,7151004.0,7151004.0,7151004.0,0.0
1783564200,7151004.0,7151004.0,7151004.0,7151004.0,0.0
1783565100,7151004.0,7151004.0,7151004.0,7151004.0,0.0
1783566000,7151004.0,7151004.0,7151004.0,7151004.0,0.0
1783566900,7151004.0,7151004.0,7151004.0,7151004.0,0.0
1783567800,7151004.0,7151004.0,7151004.0,7151004.0,0.0
1783568700,7151004.0,7151004.0,7151004.0,7151004.0,0.0
1783569600,7151004.0,7151004.0,7151004.0,7151004.0,0.0
1783570500,7468990.0,7469000.0,7151004.0,7469000.0,0.01904412
1783571400,7151023.0,7449996.0,7151004.0,7151004.0,0.01208145
1783572300,7151004.0,7151004.0,7151004.0,7151004.0,0.0
1783573200,7151004.0,7151004.0,7151004.0,7151004.0,0.0
1783574100,7151004.0,7151004.0,7151004.0,7151004.0,0.0
1783575000,7151004.0,7151004.0,7151004.0,7151004.0,0.0
1783575900,7151004.0,7151004.0,7151004.0,7151004.0,0.0
1783576800,7151004.0,7151004.0,7151004.0,7151004.0,0.0
1783577700,7151004.0,7151004.0,7151004.0,7151004.0,0.0
1783578600,7151003.0,7151003.0,7151003.0,7151003.0,0.00347355
1783579500,7151003.0,7151003.0,7151003.0,7151003.0,0.0
1783580400,7151003.0,7151003.0,7151003.0,7151003.0,0.0
1783581300,7151003.0,7151003.0,7151003.0,7151003.0,0.0
1783582200,7151003.0,7151003.0,7151003.0,7151003.0,0.0
1783583100,7151003.0,7151003.0,7151003.0,7151003.0,0.0
1783584000,7151003.0,7151003.0,7151003.0,7151003.0,0.0
1783584900,7151003.0,7151003.0,7151003.0,7151003.0,0.0
1783585800,7399928.0,7399928.0,7151003.0,7151003.0,0.01912461
1783586700,7151003.0,7151003.0,7151003.0,7151003.0,0.0
1783587600,7399981.0,7399981.0,7399981.0,7399981.0,0.00134581
1783588500,7151003.0,7151003.0,7151003.0,7151003.0,0.00200279
1783589400,7151003.0,7151003.0,7151003.0,7151003.0,0.0
1783590300,7151003.0,7151003.0,7151003.0,7151003.0,0.0
1783591200,7151003.0,7151003.0,7151003.0,7151003.0,0.0
1783592100,7399929.0,7399929.0,7151003.0,7151003.0,0.00370814
1783593000,7151003.0,7151003.0,7151003.0,7151003.0,0.0
1783593900,7151003.0,7151003.0,7151003.0,7151003.0,0.0
1783594800,7399836.0,7399845.0,7399836.0,7399843.0,0.06729223
1783595700,7399843.0,7399843.0,7399843.0,7399843.0,0.0
1783596600,7399843.0,7399843.0,7399843.0,7399843.0,0.0
1783597500,7399843.0,7399843.0,7399843.0,7399843.0,0.0
1783598400,7399843.0,7399843.0,7399843.0,7399843.0,0.0
1783599300,7399843.0,7399843.0,7399843.0,7399843.0,0.0
1783600200,7399755.0,7399755.0,7151004.0,7151004.0,0.00403751
1783601100,7151004.0,7151004.0,7151004.0,7151004.0,0.0
1783602000,7151004.0,7151004.0,7151004.0,7151004.0,0.0
1783602900,7151004.0,7151004.0,7151004.0,7151004.0,0.0
1783603800,7162000.0,7162000.0,7150003.0,7150003.0,0.57215131
1783604700,7150003.0,7150003.0,7150003.0,7150003.0,0.0
1783605600,7150003.0,7150003.0,7150003.0,7150003.0,0.0
1783606500,7348986.0,7348986.0,7066004.0,7066004.0,0.00349224
1783607400,7066004.0,7066004.0,7066004.0,7066004.0,0.0
1783608300,7066023.0,7066023.0,7066023.0,7066023.0,0.00279345
1783609200,7066023.0,7066023.0,7066023.0,7066023.0,0.0
1783610100,7347999.0,7348003.0,7347999.0,7348003.0,0.01358042
1783611000,7348003.0,7348003.0,7348003.0,7348003.0,0.0
1783611900,7267502.0,7267502.0,7267502.0,7267502.0,0.00389552
1783612800,7267502.0,7267502.0,7267502.0,7267502.0,0.0
1783613700,7267502.0,7267502.0,7267502.0,7267502.0,0.0
1783614600,7267502.0,7267502.0,7267502.0,7267502.0,0.0
1783615500,7348987.0,7348987.0,7348987.0,7348987.0,0.02032729
1783616400,7348987.0,7348987.0,7348987.0,7348987.0,0.0
1783617300,7348987.0,7348987.0,7348987.0,7348987.0,0.0
1783618200,7348987.0,7348987.0,7348987.0,7348987.0,0.0
1783619100,7348987.0,7348987.0,7348987.0,7348987.0,0.0
1783620000,7348987.0,7348987.0,7348987.0,7348987.0,0.0
1783620900,7348987.0,7348987.0,7348987.0,7348987.0,0.0
1783621800,7348987.0,7348987.0,7348987.0,7348987.0,0.0
1783622700,7066416.0,7066416.0,7066416.0,7066416.0,0.00294225
1783623600,7066416.0,7066416.0,7066416.0,7066416.0,0.0
1783624500,7066416.0,7066416.0,7066416.0,7066416.0,0.0
1783625400,7066416.0,7066416.0,7066416.0,7066416.0,0.0
1783626300,7066416.0,7066416.0,7066416.0,7066416.0,0.0
1783627200,7066416.0,7066416.0,7066416.0,7066416.0,0.0
1783628100,7066416.0,7066416.0,7066416.0,7066416.0,0.0
1783629000,7067389.0,7067389.0,7067389.0,7067389.0,0.00190698
1783629900,7067389.0,7067389.0,7067389.0,7067389.0,0.0
1783630800,7067389.0,7067389.0,7067389.0,7067389.0,0.0
1783631700,7067670.0,7067670.0,7067666.0,7067669.0,0.14030852
1783632600,7067669.0,7067669.0,7067669.0,7067669.0,0.0
1783633500,7067669.0,7067669.0,7067669.0,7067669.0,0.0
1783634400,7067856.0,7067856.0,7067854.0,7067854.0,0.06138497
1783635300,7067854.0,7067854.0,7067854.0,7067854.0,0.0
1783636200,7067854.0,7067854.0,7067854.0,7067854.0,0.0
1783637100,7067854.0,7067854.0,7067854.0,7067854.0,0.0
1783638000,7299954.0,7299954.0,7299954.0,7299954.0,0.00272851
1783638900,7299954.0,7299954.0,7299954.0,7299954.0,0.0
1783639800,7299954.0,7299954.0,7299954.0,7299954.0,0.0
1783640700,7299954.0,7299954.0,7299954.0,7299954.0,0.0
1783641600,7299954.0,7299954.0,7299954.0,7299954.0,0.0
1783642500,7299954.0,7299954.0,7299954.0,7299954.0,0.0
1783643400,7299954.0,7299954.0,7299954.0,7299954.0,0.0
1783644300,7299954.0,7299954.0,7299954.0,7299954.0,0.0
1783645200,7299954.0,7299954.0,7299954.0,7299954.0,0.0
1783646100,7299954.0,7299954.0,7299954.0,7299954.0,0.0
1783647000,7070058.0,7070058.0,7070058.0,7070058.0,0.02022745
1783647900,7070058.0,7070058.0,7070058.0,7070058.0,0.0
1783648800,7070058.0,7070058.0,7070058.0,7070058.0,0.0
1783649700,7070058.0,7070058.0,7070058.0,7070058.0,0.0
1783650600,7070058.0,7070058.0,7070058.0,7070058.0,0.0
1783651500,7070058.0,7070058.0,7070058.0,7070058.0,0.0
1783652400,7299589.0,7299589.0,7299589.0,7299589.0,0.00163707
1783653300,7299589.0,7299589.0,7299589.0,7299589.0,0.0
1783654200,7299589.0,7299589.0,7299589.0,7299589.0,0.0
1783655100,7299520.0,7299520.0,7299520.0,7299520.0,0.00318
1783656000,7299556.0,7299556.0,7299556.0,7299556.0,0.00157201
1783656900,7299556.0,7299556.0,7299556.0,7299556.0,0.0
1783657800,7299556.0,7299556.0,7299556.0,7299556.0,0.0
1783658700,7299556.0,7299556.0,7299556.0,7299556.0,0.0
1783659600,7299556.0,7299556.0,7299556.0,7299556.0,0.0
1783660500,7299556.0,7299556.0,7299556.0,7299556.0,0.0
1783661400,7299560.0,7299561.0,7070246.0,7070246.0,0.00403476
1783662300,7070246.0,7070246.0,7070246.0,7070246.0,0.0
1783663200,7070246.0,7070246.0,7070246.0,7070246.0,0.0
1783664100,7299556.0,7299557.0,7299556.0,7299557.0,0.02728672
1783665000,7299557.0,7299557.0,7299557.0,7299557.0,0.0
1783665900,7299557.0,7299557.0,7299557.0,7299557.0,0.0
1783666800,7299557.0,7299557.0,7299557.0,7299557.0,0.0
1783667700,7299557.0,7299557.0,7299557.0,7299557.0,0.0
1783668600,7299557.0,7299557.0,7299557.0,7299557.0,0.0
1783669500,7299557.0,7299557.0,7299557.0,7299557.0,0.0
1783670400,7299557.0,7299557.0,7299557.0,7299557.0,0.0
1783671300,7299557.0,7299557.0,7299557.0,7299557.0,0.0
1783672200,7299557.0,7299557.0,7299557.0,7299557.0,0.00517743
1783673100,7299557.0,7299557.0,7299557.0,7299557.0,0.04175554
1783674000,7070812.0,7070812.0,7070246.0,7070250.0,0.21575093
1783674900,7070250.0,7070250.0,7070250.0,7070250.0,0.0
1783675800,7070250.0,7070250.0,7070250.0,7070250.0,0.0
1783676700,7070250.0,7070250.0,7070250.0,7070250.0,0.0
1783677600,7070250.0,7070250.0,7070250.0,7070250.0,0.0
1783678500,7299540.0,7450000.0,7299540.0,7450000.0,1.35076453
1783679400,7450000.0,7450000.0,7450000.0,7450000.0,0.0
1783680300,7444949.0,7444949.0,7444949.0,7444949.0,0.00160941
1783681200,7444949.0,7444949.0,7444949.0,7444949.0,0.0
1783682100,7444008.0,7444008.0,7444008.0,7444008.0,0.00133785
1783683000,7444008.0,7444008.0,7444008.0,7444008.0,0.00218618
1783683900,7070885.0,7444447.0,7070885.0,7444447.0,0.02899539
1783684800,7100077.0,7419999.0,7100077.0,7419999.0,0.00822474
1783685700,7419999.0,7419999.0,7419999.0,7419999.0,0.0
1783686600,7419921.0,7419921.0,7419921.0,7419921.0,0.00336216
1783687500,7419921.0,7419921.0,7419921.0,7419921.0,0.0
1783688400,7419921.0,7419921.0,7419921.0,7419921.0,0.0
1783689300,7100387.0,7100387.0,7100386.0,7100386.0,0.00822474
1783690200,7100386.0,7100386.0,7100386.0,7100386.0,0.0
1783691100,7240412.0,7240412.0,7100500.0,7100500.0,0.12933887
1783692000,7240504.0,7240504.0,7100504.0,7100504.0,0.01478807
1783692900,7100504.0,7100504.0,7100504.0,7100504.0,0.0
1783693800,7100504.0,7100504.0,7100504.0,7100504.0,0.0
1783694700,7100504.0,7100504.0,7100504.0,7100504.0,0.0
1783695600,7100504.0,7100504.0,7100504.0,7100504.0,0.0
1783696500,7100504.0,7100504.0,7100504.0,7100504.0,0.0
1783697400,7100504.0,7100504.0,7100504.0,7100504.0,0.0
1783698300,7100504.0,7100504.0,7100504.0,7100504.0,0.0
1783699200,7100504.0,7100504.0,7100504.0,7100504.0,0.0
1783700100,7100504.0,7100504.0,7100504.0,7100504.0,0.0
1783701000,7100504.0,7100504.0,7100504.0,7100504.0,0.0
1783701900,7100504.0,7100504.0,7100504.0,7100504.0,0.0
1783702800,7100504.0,7100504.0,7100504.0,7100504.0,0.0
1783703700,7100504.0,7100504.0,7100504.0,7100504.0,0.0
1783704600,7100504.0,7100504.0,7100504.0,7100504.0,0.0
1783705500,7100504.0,7100504.0,7100504.0,7100504.0,0.0
1783706400,7100504.0,7100504.0,7100504.0,7100504.0,0.0
1783707300,7100504.0,7100504.0,7100504.0,7100504.0,0.0
1783708200,7100504.0,7100504.0,7100504.0,7100504.0,0.0
1783709100,7100504.0,7100504.0,7100504.0,7100504.0,0.0
1783710000,7100504.0,7100504.0,7100504.0,7100504.0,0.0
1783710900,7100504.0,7100504.0,7100504.0,7100504.0,0.0
1783711800,7100504.0,7100504.0,7100504.0,7100504.0,0.0
1783712700,7100504.0,7100504.0,7100504.0,7100504.0,0.0
1783713600,7100504.0,7100504.0,7100504.0,7100504.0,0.0
1783714500,7100504.0,7100504.0,7100504.0,7100504.0,0.0
1783715400,7100504.0,7100504.0,7100504.0,7100504.0,0.0
1783716300,7100504.0,7100504.0,7100504.0,7100504.0,0.0
1783717200,7100504.0,7100504.0,7100504.0,7100504.0,0.0
1783718100,7100504.0,7100504.0,7100504.0,7100504.0,0.0
1783719000,7100504.0,7100504.0,7100504.0,7100504.0,0.0
1783719900,7399997.0,7399997.0,7399997.0,7399997.0,0.00655135
1783720800,7100635.0,7100635.0,7100635.0,7100635.0,0.00655135
1783721700,7399997.0,7399997.0,7100634.0,7100634.0,0.00360057
1783722600,7100634.0,7100634.0,7100634.0,7100634.0,0.0
1783723500,7100634.0,7100634.0,7100634.0,7100634.0,0.0
1783724400,7399997.0,7399998.0,7399997.0,7399998.0,0.01345811
1783725300,7399998.0,7399998.0,7399998.0,7399998.0,0.0
1783726200,7399998.0,7399998.0,7399998.0,7399998.0,0.0
1783727100,7399899.0,7399900.0,7399899.0,7399900.0,0.03353274
1783728000,7399900.0,7399900.0,7399900.0,7399900.0,0.0
1783728900,7399886.0,7399889.0,7399886.0,7399889.0,0.02343315
1783729800,7399889.0,7399889.0,7399889.0,7399889.0,0.01192243
1783730700,7399889.0,7399889.0,7399889.0,7399889.0,0.0
1783731600,7399889.0,7399889.0,7399889.0,7399889.0,0.0
1783732500,7399889.0,7399889.0,7399889.0,7399889.0,0.0
1783733400,7322699.0,7322699.0,7122638.0,7122638.0,0.1019578
1783734300,7122693.0,7122693.0,7122693.0,7122693.0,0.00202134
1783735200,7399869.0,7399870.0,7399869.0,7399870.0,0.00816973
1783736100,7122787.0,7399860.0,7122787.0,7399860.0,0.09477175
1783737000,7122854.0,7122854.0,7122829.0,7122829.0,0.01674573
1783737900,7122829.0,7122829.0,7122829.0,7122829.0,0.0
1783738800,7122829.0,7122829.0,7122829.0,7122829.0,0.0
1783739700,7122829.0,7122829.0,7122829.0,7122829.0,0.0
1783740600,7122829.0,7122829.0,7122829.0,7122829.0,0.0
1783741500,7122829.0,7122829.0,7122829.0,7122829.0,0.0
1783742400,7122829.0,7122829.0,7122829.0,7122829.0,0.0
1783743300,7122829.0,7122829.0,7122829.0,7122829.0,0.0
1783744200,7122829.0,7122829.0,7122829.0,7122829.0,0.0
1783745100,7122829.0,7122829.0,7122829.0,7122829.0,0.0
1783746000,7122829.0,7122829.0,7122829.0,7122829.0,0.0
1783746900,7339994.0,7339994.0,7339994.0,7339994.0,0.01335041
1783747800,7339990.0,7339993.0,7339990.0,7339993.0,0.00229196
1783748700,7339993.0,7339993.0,7339993.0,7339993.0,0.0
1783749600,7339993.0,7339993.0,7339993.0,7339993.0,0.0
1783750500,7339993.0,7339993.0,7339993.0,7339993.0,0.0
1783751400,7339993.0,7339993.0,7339993.0,7339993.0,0.0
1783752300,7339987.0,7339987.0,7339987.0,7339987.0,0.00577657
1783753200,7339993.0,7339993.0,7339993.0,7339993.0,0.0183699
1783754100,7339993.0,7339993.0,7339993.0,7339993.0,0.0
1783755000,7339987.0,7339987.0,7339987.0,7339987.0,0.00072112
1783755900,7126855.0,7126855.0,7126854.0,7126854.0,0.01836967
1783756800,7126854.0,7126854.0,7126854.0,7126854.0,0.0
1783757700,7126854.0,7126854.0,7126854.0,7126854.0,0.0
1783758600,7126854.0,7126854.0,7126854.0,7126854.0,0.0
1783759500,7126854.0,7126854.0,7126854.0,7126854.0,0.0
1783760400,7126855.0,7126855.0,7126854.0,7126854.0,0.01354969
1783761300,7126854.0,7126854.0,7126854.0,7126854.0,0.0
1783762200,7339987.0,7339987.0,7339987.0,7339987.0,0.01359525
1783763100,7126854.0,7126854.0,7126854.0,7126854.0,0.00163707
1783764000,7126854.0,7126854.0,7126854.0,7126854.0,0.0
1783764900,7126854.0,7126854.0,7126854.0,7126854.0,0.0
1783765800,7339983.0,7339983.0,7339983.0,7339983.0,0.01356815
1783766700,7339983.0,7339983.0,7339983.0,7339983.0,0.0
1783767600,7339983.0,7339983.0,7339983.0,7339983.0,0.0
1783768500,7339983.0,7339983.0,7339983.0,7339983.0,0.0
1783769400,7339983.0,7339983.0,7339983.0,7339983.0,0.0
1783770300,7339983.0,7339983.0,7339983.0,7339983.0,0.0
1783771200,7339983.0,7339983.0,7339983.0,7339983.0,0.0
1783772100,7339983.0,7339983.0,7339983.0,7339983.0,0.0
1783773000,7339983.0,7339983.0,7339983.0,7339983.0,0.0
1783773900,7339983.0,7339983.0,7339983.0,7339983.0,0.0
1783774800,7339983.0,7339983.0,7339983.0,7339983.0,0.0
1783775700,7339983.0,7339983.0,7339983.0,7339983.0,0.0
1783776600,7339983.0,7339983.0,7339983.0,7339983.0,0.0
1783777500,7339983.0,7339983.0,7339983.0,7339983.0,0.0
1783778400,7339983.0,7339983.0,7339983.0,7339983.0,0.0
1783779300,7339983.0,7339983.0,7339983.0,7339983.0,0.0
1783780200,7339983.0,7339983.0,7339983.0,7339983.0,0.0
1783781100,7339983.0,7339983.0,7339983.0,7339983.0,0.0
1783782000,7339983.0,7339983.0,7339983.0,7339983.0,0.0
1783782900,7339983.0,7339983.0,7339983.0,7339983.0,0.0
1783783800,7339983.0,7339983.0,7339983.0,7339983.0,0.0
1783784700,7339983.0,7339983.0,7339983.0,7339983.0,0.0
1783785600,7126868.0,7126868.0,7126868.0,7126868.0,0.00468293
1783786500,7126868.0,7126868.0,7126868.0,7126868.0,0.0
1783787400,7328699.0,7328699.0,7328699.0,7328699.0,0.00340401
1783788300,7328699.0,7328699.0,7328699.0,7328699.0,0.0
1783789200,7328699.0,7328699.0,7328699.0,7328699.0,0.0
1783790100,7328699.0,7328699.0,7328699.0,7328699.0,0.0
1783791000,7328699.0,7328699.0,7328699.0,7328699.0,0.0
1783791900,7328699.0,7328699.0,7328699.0,7328699.0,0.0
1783792800,7328699.0,7328699.0,7328699.0,7328699.0,0.0
1783793700,7328695.0,7328695.0,7328695.0,7328695.0,0.0013589
1783794600,7328695.0,7328695.0,7328695.0,7328695.0,0.0
1783795500,7328695.0,7328695.0,7328695.0,7328695.0,0.0
1783796400,7328695.0,7328695.0,7328695.0,7328695.0,0.0
1783797300,7328602.0,7328602.0,7328602.0,7328602.0,0.01935266
1783798200,7328602.0,7328602.0,7328602.0,7328602.0,0.0
1783799100,7328602.0,7328602.0,7328602.0,7328602.0,0.0
1783800000,7126886.0,7126886.0,7126886.0,7126886.0,0.01799374
1783800900,7126886.0,7126886.0,7126886.0,7126886.0,0.0
1783801800,7126886.0,7126886.0,7126886.0,7126886.0,0.0
1783802700,7126886.0,7126886.0,7126886.0,7126886.0,0.0
1783803600,7126886.0,7126886.0,7126886.0,7126886.0,0.0
1783804500,7328598.0,7328598.0,7328598.0,7328598.0,0.00277788
1783805400,7328598.0,7328598.0,7328598.0,7328598.0,0.0
1783806300,7328598.0,7328598.0,7328598.0,7328598.0,0.0
1783807200,7328598.0,7328598.0,7328598.0,7328598.0,0.0
1783808100,7328598.0,7328598.0,7328598.0,7328598.0,0.0
1783809000,7328598.0,7328598.0,7328598.0,7328598.0,0.0
1783809900,7328598.0,7328598.0,7328598.0,7328598.0,0.0
1783810800,7328598.0,7328598.0,7328598.0,7328598.0,0.0
1783811700,7328598.0,7328598.0,7328598.0,7328598.0,0.0
1783812600,7328594.0,7328594.0,7328594.0,7328594.0,0.01358923
1783813500,7328594.0,7328594.0,7328594.0,7328594.0,0.0
1783814400,7126886.0,7126886.0,7126886.0,7126886.0,0.00160619
1783815300,7126886.0,7126886.0,7126886.0,7126886.0,0.0
1783816200,7126886.0,7126886.0,7126886.0,7126886.0,0.0
1783817100,7126886.0,7126886.0,7126886.0,7126886.0,0.0
1783818000,7126886.0,7126886.0,7126886.0,7126886.0,0.0
1783818900,7126886.0,7126886.0,7126886.0,7126886.0,0.0
1783819800,7126886.0,7126886.0,7126886.0,7126886.0,0.0
1783820700,7126886.0,7126886.0,7126886.0,7126886.0,0.0
1783821600,7126886.0,7126886.0,7126886.0,7126886.0,0.0
1783822500,7126886.0,7126886.0,7126886.0,7126886.0,0.0
1783823400,7126886.0,7126886.0,7126886.0,7126886.0,0.0
1783824300,7126886.0,7126886.0,7126886.0,7126886.0,0.0
1783825200,7126886.0,7126886.0,7126886.0,7126886.0,0.0
1783826100,7327172.0,7327172.0,7327172.0,7327172.0,0.02359532
1783827000,7126928.0,7126928.0,7126928.0,7126928.0,0.00277788
1783827900,7126928.0,7126928.0,7126928.0,7126928.0,0.0
1783828800,7126928.0,7126928.0,7126928.0,7126928.0,0.0
1783829700,7126928.0,7126928.0,7126928.0,7126928.0,0.0
1783830600,7300000.0,7300000.0,7300000.0,7300000.0,0.00737327
1783831500,7126984.0,7299000.0,7126984.0,7299000.0,0.00507497
1783832400,7299000.0,7299000.0,7299000.0,7299000.0,0.0
1783833300,7299000.0,7299000.0,7299000.0,7299000.0,0.0
1783834200,7298999.0,7299000.0,7298999.0,7299000.0,0.0339404
1783835100,7299000.0,7299000.0,7299000.0,7299000.0,0.0
1783836000,7299000.0,7299000.0,7299000.0,7299000.0,0.0
1783836900,7127297.0,7127297.0,7127297.0,7127297.0,0.00440837
1783837800,7127297.0,7127297.0,7127297.0,7127297.0,0.0
1783838700,7127297.0,7127297.0,7127297.0,7127297.0,0.0
1783839600,7127297.0,7127297.0,7127297.0,7127297.0,0.0
1783840500,7298969.0,7298969.0,7298969.0,7298969.0,0.02728892
1783841400,7298969.0,7298969.0,7298969.0,7298969.0,0.0
1783842300,7298969.0,7298969.0,7298969.0,7298969.0,0.00136443
1783843200,7298969.0,7298969.0,7298969.0,7298969.0,0.0
1783844100,7298969.0,7298969.0,7298969.0,7298969.0,0.0
1783845000,7298969.0,7298969.0,7298969.0,7298969.0,0.0
1783845900,7298969.0,7298969.0,7127565.0,7127565.0,0.01127467
1783846800,7127565.0,7127565.0,7127565.0,7127565.0,0.0
1783847700,7127565.0,7127565.0,7127565.0,7127565.0,0.0
1783848600,7298969.0,7298969.0,7298969.0,7298969.0,0.00192136
1783849500,7298969.0,7298969.0,7298969.0,7298969.0,0.0
1783850400,7298969.0,7298969.0,7298969.0,7298969.0,0.00582863
1783851300,7298969.0,7298969.0,7298969.0,7298969.0,0.0
1783852200,7298969.0,7298969.0,7298969.0,7298969.0,0.0
1783853100,7298969.0,7298969.0,7298969.0,7298969.0,0.0
1783854000,7298969.0,7298969.0,7298969.0,7298969.0,0.0
1783854900,7298969.0,7298969.0,7298969.0,7298969.0,0.0
1783855800,7298969.0,7298969.0,7298969.0,7298969.0,0.0
1783856700,7298969.0,7298969.0,7298969.0,7298969.0,0.0
1783857600,7298969.0,7298969.0,7298969.0,7298969.0,0.0
1783858500,7298969.0,7298969.0,7298969.0,7298969.0,0.0
1783859400,7298969.0,7298969.0,7298969.0,7298969.0,0.0
1783860300,7129595.0,7129595.0,7129595.0,7129595.0,0.0014113
1783861200,7129595.0,7129595.0,7129595.0,7129595.0,0.0
1783862100,7129595.0,7129595.0,7129595.0,7129595.0,0.0
1783863000,7298965.0,7298965.0,7298965.0,7298965.0,0.00204659
1783863900,7298965.0,7298965.0,7298965.0,7298965.0,0.0
1783864800,7298965.0,7298965.0,7298965.0,7298965.0,0.0
1783865700,7298965.0,7298965.0,7298965.0,7298965.0,0.0
1783866600,7298965.0,7298965.0,7298965.0,7298965.0,0.0
1783867500,7298780.0,7298780.0,7298780.0,7298780.0,0.00441594
1783868400,7298780.0,7298780.0,7298780.0,7298780.0,0.0
1783869300,7130505.0,7130505.0,7130505.0,7130505.0,0.00366273
1783870200,7130505.0,7130505.0,7130505.0,7130505.0,0.0
1783871100,7130505.0,7130505.0,7130505.0,7130505.0,0.0
1783872000,7130505.0,7130505.0,7130505.0,7130505.0,0.0
1783872900,7298779.0,7298779.0,7298779.0,7298779.0,0.02313195
1783873800,7130507.0,7130507.0,7130507.0,7130507.0,0.02517836
1783874700,7130507.0,7130507.0,7130507.0,7130507.0,0.0
1783875600,7130507.0,7130507.0,7130507.0,7130507.0,0.0
1783876500,7298779.0,7298779.0,7298779.0,7298779.0,0.00341796
1783877400,7298779.0,7298779.0,7298779.0,7298779.0,0.0
1783878300,7298779.0,7298779.0,7298779.0,7298779.0,0.0
1783879200,7298779.0,7298779.0,7298779.0,7298779.0,0.0
1783880100,7298779.0,7298779.0,7298779.0,7298779.0,0.0
1783881000,7298779.0,7298779.0,7298779.0,7298779.0,0.0
1783881900,7298779.0,7298779.0,7298779.0,7298779.0,0.0
1783882800,7298779.0,7298779.0,7298779.0,7298779.0,0.0
1783883700,7298779.0,7298779.0,7298779.0,7298779.0,0.0
1783884600,7298779.0,7298779.0,7298779.0,7298779.0,0.0
1783885500,7298779.0,7298779.0,7298779.0,7298779.0,0.0
1783886400,7298779.0,7298779.0,7298779.0,7298779.0,0.0
1783887300,7298779.0,7298779.0,7298779.0,7298779.0,0.0
1783888200,7298779.0,7298779.0,7298779.0,7298779.0,0.0
1783889100,7298779.0,7298779.0,7298779.0,7298779.0,0.0
1783890000,7298779.0,7298779.0,7298779.0,7298779.0,0.0
1783890900,7298779.0,7298779.0,7298779.0,7298779.0,0.0
1783891800,7298779.0,7298779.0,7298779.0,7298779.0,0.01417949
1783892700,7130524.0,7130524.0,7130524.0,7130524.0,0.00816973
1783893600,7130524.0,7130524.0,7130524.0,7130524.0,0.0
1783894500,7130524.0,7130524.0,7130524.0,7130524.0,0.0
1783895400,7130522.0,7130522.0,7130522.0,7130522.0,0.00249936
1783896300,7130522.0,7130522.0,7130522.0,7130522.0,0.0
1783897200,7130522.0,7130522.0,7130522.0,7130522.0,0.0
1783898100,7130522.0,7130522.0,7130522.0,7130522.0,0.0
1783899000,7130522.0,7130522.0,7130522.0,7130522.0,0.0
1783899900,7130522.0,7130522.0,7130522.0,7130522.0,0.0
1783900800,7130522.0,7130522.0,7130522.0,7130522.0,0.0
1783901700,7130522.0,7130522.0,7130522.0,7130522.0,0.0
1783902600,7130522.0,7130522.0,7130522.0,7130522.0,0.0
1783903500,7130522.0,7130522.0,7130522.0,7130522.0,0.0
1783904400,7130522.0,7130522.0,7130522.0,7130522.0,0.0
1783905300,7130522.0,7130522.0,7130522.0,7130522.0,0.0
1783906200,7131104.0,7131104.0,7131104.0,7131104.0,0.00267524
1783907100,7282520.0,7282521.0,7282520.0,7282521.0,0.04102576
1783908000,7282521.0,7282521.0,7282521.0,7282521.0,0.0
1783908900,7282000.0,7282000.0,7282000.0,7282000.0,0.00136761
1783909800,7282000.0,7282000.0,7131104.0,7131104.0,0.00410283
1783910700,7131104.0,7131104.0,7131104.0,7131104.0,0.0
1783911600,7131104.0,7131104.0,7131104.0,7131104.0,0.0
1783912500,7131104.0,7131104.0,7131104.0,7131104.0,0.0
1783913400,7279991.0,7279991.0,7279991.0,7279991.0,0.00136799
1783914300,7279991.0,7279991.0,7279991.0,7279991.0,0.0
1783915200,7279991.0,7279991.0,7279991.0,7279991.0,0.0
1783916100,7279991.0,7279991.0,7279991.0,7279991.0,0.0
1783917000,7269998.0,7269998.0,7269998.0,7269998.0,0.08232812
1783917900,7269998.0,7269998.0,7269998.0,7269998.0,0.0
1783918800,7269998.0,7269998.0,7269998.0,7269998.0,0.0
1783919700,7269998.0,7269998.0,7269998.0,7269998.0,0.0
1783920600,7269998.0,7269998.0,7269998.0,7269998.0,0.0
1783921500,7269998.0,7269998.0,7269998.0,7269998.0,0.0
1783922400,7269998.0,7269998.0,7269998.0,7269998.0,0.0
1783923300,7269998.0,7269998.0,7269998.0,7269998.0,0.0
1783924200,7269998.0,7269998.0,7269998.0,7269998.0,0.0
1783925100,7269998.0,7269998.0,7269998.0,7269998.0,0.0
1783926000,7269998.0,7269998.0,7269998.0,7269998.0,0.0
1783926900,7269998.0,7269998.0,7269998.0,7269998.0,0.0
1783927800,7131109.0,7131109.0,7131109.0,7131109.0,0.00270993
1783928700,7131109.0,7131109.0,7131109.0,7131109.0,0.0
1783929600,7131109.0,7131109.0,7131109.0,7131109.0,0.0
1783930500,7131109.0,7131109.0,7131109.0,7131109.0,0.0
1783931400,7131109.0,7131109.0,7131109.0,7131109.0,0.0
1783932300,7131109.0,7131109.0,7131109.0,7131109.0,0.0
1783933200,7131109.0,7131109.0,7131109.0,7131109.0,0.0
1783934100,7131109.0,7131109.0,7131109.0,7131109.0,0.0
1783935000,7131109.0,7131109.0,7131109.0,7131109.0,0.0
1783935900,7131109.0,7131109.0,7131109.0,7131109.0,0.0
1783936800,7131109.0,7131109.0,7131109.0,7131109.0,0.0
1783937700,7131109.0,7131109.0,7131109.0,7131109.0,0.0
1783938600,7131109.0,7131109.0,7131109.0,7131109.0,0.0
1783939500,7131109.0,7131109.0,7131109.0,7131109.0,0.0
1783940400,7131109.0,7131109.0,7131109.0,7131109.0,0.0
1783941300,7131109.0,7131109.0,7131109.0,7131109.0,0.0
1783942200,7131114.0,7131114.0,7131114.0,7131114.0,0.00406504
1783943100,7264989.0,7264989.0,7264989.0,7264989.0,0.00137082
1783944000,7264989.0,7264989.0,7264989.0,7264989.0,0.0
1783944900,7264989.0,7264989.0,7264989.0,7264989.0,0.0
1783945800,7264989.0,7264989.0,7264989.0,7264989.0,0.0
1783946700,7264989.0,7264989.0,7264989.0,7264989.0,0.0
1783947600,7264989.0,7264989.0,7264989.0,7264989.0,0.0
1783948500,7264899.0,7264900.0,7264899.0,7264900.0,0.00807017
1783949400,7264900.0,7264900.0,7264900.0,7264900.0,0.0
1783950300,7264900.0,7264900.0,7264900.0,7264900.0,0.0
1783951200,7214282.0,7214282.0,7214282.0,7214282.0,0.00167112
1783952100,7131104.0,7131104.0,7131104.0,7131104.0,0.00339971
1783953000,7131104.0,7131104.0,7131104.0,7131104.0,0.0
1783953900,7210922.0,7210922.0,7210922.0,7210922.0,0.00347236
1783954800,7210922.0,7210922.0,7210922.0,7210922.0,0.0
1783955700,7210922.0,7210922.0,7210922.0,7210922.0,0.0
1783956600,7210922.0,7210922.0,7210922.0,7210922.0,0.0
1783957500,7210922.0,7210922.0,7210922.0,7210922.0,0.0
1783958400,7210922.0,7210922.0,7210922.0,7210922.0,0.0
1783959300,7210922.0,7210922.0,7210922.0,7210922.0,0.0
1783960200,7210922.0,7210922.0,7210922.0,7210922.0,0.0
1783961100,7210922.0,7210922.0,7210922.0,7210922.0,0.0
1783962000,7210922.0,7210922.0,7210922.0,7210922.0,0.0
1783962900,7189308.0,7189308.0,7189308.0,7189308.0,0.00347001
1783963800,7189308.0,7189308.0,7189308.0,7189308.0,0.0
1783964700,7189308.0,7189308.0,7189308.0,7189308.0,0.0
1783965600,7189308.0,7189308.0,7189308.0,7189308.0,0.0
1783966500,7189308.0,7189308.0,7189308.0,7189308.0,0.0
1783967400,7189308.0,7189308.0,7189308.0,7189308.0,0.0
1783968300,7189308.0,7189308.0,7189308.0,7189308.0,0.0
1783969200,7189308.0,7189308.0,7189308.0,7189308.0,0.0
1783970100,7189308.0,7189308.0,7189308.0,7189308.0,0.0
1783971000,7189308.0,7189308.0,7189308.0,7189308.0,0.0
1783971900,7189308.0,7189308.0,7189308.0,7189308.0,0.0
1783972800,7189308.0,7189308.0,7189308.0,7189308.0,0.0
1783973700,7189308.0,7189308.0,7189308.0,7189308.0,0.0
1783974600,7189308.0,7189308.0,7189308.0,7189308.0,0.0
1783975500,7189308.0,7189308.0,7189308.0,7189308.0,0.0
1783976400,7189308.0,7189308.0,7189308.0,7189308.0,0.0
1783977300,7198142.0,7198142.0,7198142.0,7198142.0,0.00138355
1783978200,7198142.0,7198142.0,7198142.0,7198142.0,0.0
1783979100,7198142.0,7198142.0,7198142.0,7198142.0,0.0
1783980000,7198142.0,7198142.0,7198142.0,7198142.0,0.0
1783980900,7210695.0,7210695.0,7210695.0,7210695.0,0.00138114
1783981800,7210695.0,7210695.0,7210695.0,7210695.0,0.0
1783982700,7210695.0,7210695.0,7210695.0,7210695.0,0.0
1783983600,7210695.0,7210695.0,7210695.0,7210695.0,0.0
1783984500,7210695.0,7210695.0,7210695.0,7210695.0,0.0
1783985400,7201496.0,7201496.0,7201496.0,7201496.0,0.02765828
1783986300,7201496.0,7201496.0,7201496.0,7201496.0,0.0
1783987200,7201496.0,7201496.0,7201496.0,7201496.0,0.0
1783988100,7201496.0,7201496.0,7201496.0,7201496.0,0.0
1783989000,7201496.0,7201496.0,7201496.0,7201496.0,0.0
1783989900,7201496.0,7201496.0,7201496.0,7201496.0,0.0
1783990800,7201496.0,7201496.0,7201496.0,7201496.0,0.0
1783991700,7201496.0,7201496.0,7201496.0,7201496.0,0.0
1783992600,7193785.0,7193785.0,7193785.0,7193785.0,0.01214339
1783993500,7193785.0,7193785.0,7193785.0,7193785.0,0.0
1783994400,7193785.0,7193785.0,7193785.0,7193785.0,0.0
1783995300,7193785.0,7193785.0,7193785.0,7193785.0,0.0
1783996200,7193785.0,7193785.0,7193785.0,7193785.0,0.0
1783997100,7188941.0,7197624.0,7188941.0,7197624.0,0.55639628
1783998000,7197624.0,7197624.0,7197624.0,7197624.0,0.0
1783998900,7197624.0,7197624.0,7197624.0,7197624.0,0.0
1783999800,7197624.0,7197624.0,7197624.0,7197624.0,0.0
1784000700,7197624.0,7197624.0,7197624.0,7197624.0,0.0
1784001600,7197624.0,7197624.0,7197624.0,7197624.0,0.0
1784002500,7195352.0,7195352.0,7195352.0,7195352.0,0.00138408
1784003400,7195352.0,7195352.0,7195352.0,7195352.0,0.0
1784004300,7195352.0,7195352.0,7195352.0,7195352.0,0.0
1784005200,7195352.0,7195352.0,7195352.0,7195352.0,0.0
1784006100,7195352.0,7195352.0,7195352.0,7195352.0,0.0
1784007000,7131104.0,7131104.0,7126928.0,7126928.0,0.01690055
1784007900,7126928.0,7126928.0,7126928.0,7126928.0,0.0
1784008800,7126928.0,7126928.0,7126928.0,7126928.0,0.0
1784009700,7126928.0,7126928.0,7126928.0,7126928.0,0.0
1784010600,7225659.0,7225659.0,7225659.0,7225659.0,0.00197047
1784011500,7225659.0,7225659.0,7225659.0,7225659.0,0.0
1784012400,7225659.0,7225659.0,7225659.0,7225659.0,0.0
1784013300,7225659.0,7225659.0,7225659.0,7225659.0,0.0
1784014200,7222977.0,7222977.0,7222977.0,7222977.0,0.00406937
1784015100,7222977.0,7222977.0,7222977.0,7222977.0,0.0
1784016000,7224495.0,7224495.0,7224495.0,7224495.0,0.0013785
1784016900,7224495.0,7224495.0,7224495.0,7224495.0,0.0
1784017800,7224495.0,7224495.0,7224495.0,7224495.0,0.0
1784018700,7100008.0,7100008.0,7100008.0,7100008.0,0.00203468
1784019600,7100008.0,7100008.0,7100008.0,7100008.0,0.0
1784020500,7100008.0,7100008.0,7100008.0,7100008.0,0.0
1784021400,7100008.0,7100008.0,7100008.0,7100008.0,0.0
1784022300,7100008.0,7100008.0,7100008.0,7100008.0,0.0
1784023200,7100008.0,7100008.0,7100008.0,7100008.0,0.0
1784024100,7100008.0,7100008.0,7100008.0,7100008.0,0.0
1784025000,7100008.0,7100008.0,7100008.0,7100008.0,0.0
1784025900,7100008.0,7100008.0,7100008.0,7100008.0,0.0
1784026800,7100008.0,7100008.0,7100008.0,7100008.0,0.0
1784027700,7100008.0,7100008.0,7100008.0,7100008.0,0.0
1784028600,7100008.0,7100008.0,7100008.0,7100008.0,0.0
1784029500,7100008.0,7100008.0,7100008.0,7100008.0,0.0
1784030400,7100008.0,7100008.0,7100008.0,7100008.0,0.0
1784031300,7100008.0,7100008.0,7100008.0,7100008.0,0.0
1784032200,7100008.0,7100008.0,7100008.0,7100008.0,0.0
1784033100,7100008.0,7100008.0,7100008.0,7100008.0,0.0
1784034000,7100008.0,7100008.0,7100008.0,7100008.0,0.0
1784034900,7100008.0,7100008.0,7100008.0,7100008.0,0.0
1784035800,7100008.0,7100008.0,7100008.0,7100008.0,0.0
1784036700,7100008.0,7100008.0,7100008.0,7100008.0,0.0
1784037600,7100008.0,7100008.0,7100008.0,7100008.0,0.0
1784038500,7100008.0,7100008.0,7100008.0,7100008.0,0.0
1784039400,7100008.0,7100008.0,7100008.0,7100008.0,0.0
1784040300,7100008.0,7100008.0,7100008.0,7100008.0,0.0
1784041200,7100008.0,7100008.0,7100008.0,7100008.0,0.0
1784042100,7200000.0,7200000.0,7200000.0,7200000.0,0.00697597
1784043000,7200000.0,7200000.0,7200000.0,7200000.0,0.0
1784043900,7200000.0,7200000.0,7200000.0,7200000.0,0.0
1784044800,7200000.0,7200000.0,7200000.0,7200000.0,0.0
1784045700,7200000.0,7200000.0,7200000.0,7200000.0,0.0
1784046600,7200000.0,7200000.0,7200000.0,7200000.0,0.0
1784047500,7200000.0,7200000.0,7200000.0,7200000.0,0.0
1784048400,7200000.0,7200000.0,7200000.0,7200000.0,0.0
1784049300,7200000.0,7200000.0,7200000.0,7200000.0,0.0
1784050200,7100511.0,7100511.0,7100511.0,7100511.0,0.00203469
1784051100,7199833.0,7199989.0,7100514.0,7100514.0,0.02014073
1784052000,7199976.0,7199976.0,7199976.0,7199976.0,0.00346487
1784052900,7199976.0,7199976.0,7199976.0,7199976.0,0.0
1784053800,7199976.0,7199976.0,7199976.0,7199976.0,0.0
1784054700,7199976.0,7199976.0,7199976.0,7199976.0,0.0
1784055600,7199976.0,7199976.0,7199976.0,7199976.0,0.0
1784056500,7199976.0,7199976.0,7199976.0,7199976.0,0.0
1784057400,7199976.0,7199976.0,7199976.0,7199976.0,0.0
1784058300,7199976.0,7199976.0,7199976.0,7199976.0,0.0
1784059200,7199976.0,7199976.0,7199976.0,7199976.0,0.0
1784060100,7199976.0,7199976.0,7199976.0,7199976.0,0.0
1784061000,7199976.0,7199976.0,7199976.0,7199976.0,0.0
1784061900,7199976.0,7199976.0,7199976.0,7199976.0,0.0
1784062800,7199976.0,7199976.0,7199976.0,7199976.0,0.0
1784063700,7199976.0,7199976.0,7199976.0,7199976.0,0.0
1784064600,7199976.0,7199976.0,7199976.0,7199976.0,0.0
1784065500,7199976.0,7199976.0,7199976.0,7199976.0,0.0
1784066400,7199976.0,7199976.0,7199976.0,7199976.0,0.0
1784067300,7199976.0,7199976.0,7199976.0,7199976.0,0.0
1784068200,7199976.0,7199976.0,7199976.0,7199976.0,0.0
1784069100,7199976.0,7199976.0,7199976.0,7199976.0,0.0
1784070000,7199976.0,7199976.0,7199976.0,7199976.0,0.0
1784070900,7199976.0,7199976.0,7199976.0,7199976.0,0.0
1784071800,7199976.0,7199976.0,7199976.0,7199976.0,0.0
1784072700,7199976.0,7199976.0,7199976.0,7199976.0,0.0
1784073600,7244681.0,7244681.0,7244681.0,7244681.0,0.02749341
1784074500,7244681.0,7244681.0,7244681.0,7244681.0,0.0
1784075400,7244681.0,7244681.0,7244681.0,7244681.0,0.0
1784076300,7244681.0,7244681.0,7244681.0,7244681.0,0.0
1784077200,7244681.0,7244681.0,7244681.0,7244681.0,0.0
1784078100,7244681.0,7244681.0,7244681.0,7244681.0,0.0
1784079000,7244681.0,7244681.0,7244681.0,7244681.0,0.0
1784079900,7244681.0,7244681.0,7244681.0,7244681.0,0.0
1784080800,7244681.0,7244681.0,7244681.0,7244681.0,0.0
1784081700,7244681.0,7244681.0,7244681.0,7244681.0,0.0
1784082600,7244681.0,7244681.0,7244681.0,7244681.0,0.0
1784083500,7244681.0,7244681.0,7244681.0,7244681.0,0.0
1784084400,7122522.0,7122522.0,7122522.0,7122522.0,0.0028254
1784085300,7122522.0,7122522.0,7122522.0,7122522.0,0.03315112
1784086200,7122522.0,7122522.0,7122522.0,7122522.0,0.0
1784087100,7122522.0,7122522.0,7122522.0,7122522.0,0.0
1784088000,7122522.0,7122522.0,7122522.0,7122522.0,0.0
1784088900,7122522.0,7122522.0,7122522.0,7122522.0,0.0
1784089800,7122522.0,7122522.0,7122522.0,7122522.0,0.0
1784090700,7122522.0,7122522.0,7122522.0,7122522.0,0.0
1784091600,7122522.0,7122522.0,7122522.0,7122522.0,0.0
1784092500,7122522.0,7122522.0,7122522.0,7122522.0,0.0
1784093400,7231253.0,7231254.0,7231253.0,7231254.0,0.14719633
1784094300,7231254.0,7231254.0,7231254.0,7231254.0,0.00259152
1784095200,7231254.0,7231254.0,7231254.0,7231254.0,0.0
1784096100,7231254.0,7231254.0,7231254.0,7231254.0,0.0
1784097000,7231254.0,7231254.0,7231254.0,7231254.0,0.0
1784097900,7231254.0,7231254.0,7231254.0,7231254.0,0.0
1784098800,7231258.0,7231258.0,7231258.0,7231258.0,0.00137721
1784099700,7231258.0,7231258.0,7231258.0,7231258.0,0.0
1784100600,7231258.0,7231258.0,7231258.0,7231258.0,0.0
1784101500,7231258.0,7231258.0,7231258.0,7231258.0,0.0
1784102400,7231258.0,7231258.0,7231258.0,7231258.0,0.0
1784103300,7231258.0,7231258.0,7231258.0,7231258.0,0.00424199
1784104200,7231258.0,7231258.0,7231258.0,7231258.0,0.0
1784105100,7231258.0,7231258.0,7231258.0,7231258.0,0.0
1784106000,7231258.0,7231258.0,7231258.0,7231258.0,0.0
1784106900,7231258.0,7231258.0,7231258.0,7231258.0,0.0
1784107800,7231258.0,7231258.0,7231258.0,7231258.0,0.0
1784108700,7231258.0,7231258.0,7231258.0,7231258.0,0.0
1784109600,7231258.0,7231258.0,7231258.0,7231258.0,0.0
1784110500,7231258.0,7231258.0,7231258.0,7231258.0,0.0
1784111400,7229996.0,7229996.0,7229996.0,7229996.0,0.00137745
1784112300,7229996.0,7229996.0,7229996.0,7229996.0,0.0
1784113200,7230000.0,7230000.0,7230000.0,7230000.0,0.00269363
1784114100,7230000.0,7230000.0,7230000.0,7230000.0,0.0
1784115000,7229996.0,7229996.0,7229996.0,7229996.0,0.00690097
1784115900,7229996.0,7229996.0,7229996.0,7229996.0,0.0
1784116800,7229996.0,7229996.0,7229996.0,7229996.0,0.0
1784117700,7229996.0,7229996.0,7229996.0,7229996.0,0.0
1784118600,7101017.0,7101017.0,7101016.0,7101016.0,0.01091492
1784119500,7101016.0,7101016.0,7101016.0,7101016.0,0.0
1784120400,7101034.0,7229996.0,7101034.0,7229996.0,0.00895756
1784121300,7229996.0,7229996.0,7229996.0,7229996.0,0.0
1784122200,7229996.0,7229996.0,7229996.0,7229996.0,0.0
1784123100,7101038.0,7101038.0,7101038.0,7101038.0,0.14978785
1784124000,7101046.0,7101046.0,7101046.0,7101046.0,0.02585367
1784124900,7101046.0,7101046.0,7101046.0,7101046.0,0.0
1784125800,7207158.0,7207158.0,7207158.0,7207158.0,0.00138182
1784126700,7207158.0,7207158.0,7207158.0,7207158.0,0.0
1784127600,7207158.0,7207158.0,7207158.0,7207158.0,0.0
1784128500,7207158.0,7207158.0,7207158.0,7207158.0,0.0
1784129400,7207158.0,7207158.0,7207158.0,7207158.0,0.0
1784130300,7207158.0,7207158.0,7207158.0,7207158.0,0.0
1784131200,7207158.0,7207158.0,7207158.0,7207158.0,0.0
1784132100,7207158.0,7207158.0,7207158.0,7207158.0,0.0
1784133000,7207158.0,7207158.0,7207158.0,7207158.0,0.0
1784133900,7101040.0,7101040.0,7101040.0,7101040.0,0.00681769
1784134800,7101040.0,7101040.0,7101040.0,7101040.0,0.0
1784135700,7169070.0,7169070.0,7169070.0,7169070.0,0.0034798
1784136600,7169070.0,7169070.0,7169070.0,7169070.0,0.0
1784137500,7169070.0,7169070.0,7169070.0,7169070.0,0.0
1784138400,7169070.0,7169070.0,7169070.0,7169070.0,0.0
1784139300,7229988.0,7229988.0,7229988.0,7229988.0,0.0036574
1784140200,7229988.0,7229988.0,7229988.0,7229988.0,0.0
1784141100,7229988.0,7229988.0,7229988.0,7229988.0,0.0
1784142000,7229988.0,7229988.0,7229988.0,7229988.0,0.0
1784142900,7229988.0,7229988.0,7229988.0,7229988.0,0.0
1784143800,7229988.0,7229988.0,7229988.0,7229988.0,0.0
1784144700,7229988.0,7229988.0,7229988.0,7229988.0,0.0
1784145600,7229988.0,7229988.0,7229988.0,7229988.0,0.0
1784146500,7229988.0,7229988.0,7229988.0,7229988.0,0.0
1784147400,7229988.0,7229988.0,7229988.0,7229988.0,0.0
1784148300,7229988.0,7229988.0,7229988.0,7229988.0,0.0
1784149200,7229988.0,7229988.0,7229988.0,7229988.0,0.0
1784150100,7229988.0,7229988.0,7229988.0,7229988.0,0.0
1784151000,7229988.0,7229988.0,7229988.0,7229988.0,0.0
1784151900,7229988.0,7229988.0,7229988.0,7229988.0,0.0
1784152800,7229988.0,7229988.0,7229988.0,7229988.0,0.0
1784153700,7192609.0,7192609.0,7192609.0,7192609.0,0.00517072
1784154600,7192609.0,7192609.0,7192609.0,7192609.0,0.0
1784155500,7192609.0,7192609.0,7192609.0,7192609.0,0.0
1784156400,7192609.0,7192609.0,7192609.0,7192609.0,0.0
1784157300,7192609.0,7192609.0,7192609.0,7192609.0,0.0
1784158200,7192609.0,7192609.0,7192609.0,7192609.0,0.0
1784159100,7192609.0,7192609.0,7192609.0,7192609.0,0.0
1784160000,7101044.0,7101044.0,7101044.0,7101044.0,0.02678211
1784160900,7101044.0,7101044.0,7101044.0,7101044.0,0.01045825
1784161800,7101044.0,7101044.0,7101044.0,7101044.0,0.0
1784162700,7101044.0,7101044.0,7101044.0,7101044.0,0.0
1784163600,7101044.0,7101044.0,7101044.0,7101044.0,0.0
1784164500,7101044.0,7101044.0,7101044.0,7101044.0,0.0
1784165400,7101044.0,7101044.0,7101044.0,7101044.0,0.0
1784166300,7101044.0,7101044.0,7101044.0,7101044.0,0.0
1784167200,7101044.0,7101044.0,7101044.0,7101044.0,0.0
1784168100,7192086.0,7192086.0,7192086.0,7192086.0,0.00346867
1784169000,7192086.0,7192086.0,7192086.0,7192086.0,0.0
1784169900,7192086.0,7192086.0,7192086.0,7192086.0,0.0
1784170800,7192086.0,7192086.0,7192086.0,7192086.0,0.0
1784171700,7192086.0,7192086.0,7192086.0,7192086.0,0.0
1784172600,7192086.0,7192086.0,7192086.0,7192086.0,0.0
1784173500,7192086.0,7192086.0,7192086.0,7192086.0,0.0
1784174400,7192086.0,7192086.0,7192086.0,7192086.0,0.0
1784175300,7192086.0,7192086.0,7192086.0,7192086.0,0.0
1784176200,7192086.0,7192086.0,7192086.0,7192086.0,0.0
1784177100,7192086.0,7192086.0,7192086.0,7192086.0,0.0
1784178000,7183768.0,7183768.0,7183768.0,7183768.0,0.00425403
1784178900,7185061.0,7185061.0,7185061.0,7185061.0,0.06944213
1784179800,7185061.0,7185061.0,7185061.0,7185061.0,0.0
1784180700,7100004.0,7100004.0,7100004.0,7100004.0,0.00269337
1784181600,7100004.0,7100004.0,7100004.0,7100004.0,0.0
1784182500,7169354.0,7169354.0,7169354.0,7169354.0,0.01389107
1784183400,7178662.0,7178662.0,7178662.0,7178662.0,0.0013873
1784184300,7178662.0,7178662.0,7178662.0,7178662.0,0.0
1784185200,7178662.0,7178662.0,7178662.0,7178662.0,0.0
1784186100,7178662.0,7178662.0,7178662.0,7178662.0,0.0
1784187000,7155872.0,7155876.0,7155872.0,7155876.0,0.02783461
1784187900,7155876.0,7155876.0,7155876.0,7155876.0,0.0
1784188800,7155876.0,7155876.0,7155876.0,7155876.0,0.0
1784189700,7155876.0,7155876.0,7155876.0,7155876.0,0.0
1784190600,7155876.0,7155876.0,7155876.0,7155876.0,0.0
1784191500,7155876.0,7155876.0,7155876.0,7155876.0,0.0
1784192400,7155876.0,7155876.0,7155876.0,7155876.0,0.0
1784193300,7155876.0,7155876.0,7155876.0,7155876.0,0.0
1784194200,7156199.0,7156199.0,7156199.0,7156199.0,0.00208742
1784195100,7156173.0,7156173.0,7156173.0,7156173.0,0.00278333
1784196000,7156173.0,7156173.0,7156173.0,7156173.0,0.0
1784196900,7156173.0,7156173.0,7156173.0,7156173.0,0.0
1784197800,7156173.0,7156173.0,7156173.0,7156173.0,0.0
1784198700,7156173.0,7156173.0,7156173.0,7156173.0,0.0
1784199600,7156173.0,7156173.0,7156173.0,7156173.0,0.0
1784200500,7156173.0,7156173.0,7156173.0,7156173.0,0.0
1784201400,7156173.0,7156173.0,7156173.0,7156173.0,0.0
1784202300,7129621.0,7129621.0,7100004.0,7100004.0,0.00696852
1784203200,7100004.0,7100004.0,7100004.0,7100004.0,0.0
1784204100,7100004.0,7100004.0,7100004.0,7100004.0,0.0
1784205000,7100004.0,7100004.0,7100004.0,7100004.0,0.0
1784205900,7100004.0,7100004.0,7100004.0,7100004.0,0.0
1784206800,7100004.0,7100004.0,7100004.0,7100004.0,0.0
1784207700,7100004.0,7100004.0,7100004.0,7100004.0,0.0
1784208600,7100004.0,7100004.0,7066356.0,7066356.0,1.13267397
1784209500,7066356.0,7066356.0,7066356.0,7066356.0,0.0
1784210400,7076562.0,7076562.0,7076562.0,7076562.0,0.00352529
1784211300,7076562.0,7076562.0,7076562.0,7076562.0,0.0
1784212200,7147025.0,7147025.0,6799191.0,7136944.0,0.02077188
1784213100,6799317.0,6799317.0,6799308.0,6799308.0,0.01377227
1784214000,6799308.0,6799308.0,6799308.0,6799308.0,0.0
1784214900,7115556.0,7115558.0,6799354.0,6799354.0,0.02615536
1784215800,6799354.0,6799354.0,6799354.0,6799354.0,0.0
1784216700,7120837.0,7120839.0,7120837.0,7120839.0,0.05586463
1784217600,7120839.0,7120839.0,7120839.0,7120839.0,0.0
1784218500,7120839.0,7120839.0,7120839.0,7120839.0,0.0
1784219400,7120839.0,7120839.0,7120839.0,7120839.0,0.0
1784220300,7120839.0,7120839.0,7120839.0,7120839.0,0.0
1784221200,7063109.0,7063109.0,7063109.0,7063109.0,0.00141155
1784222100,7055250.0,7055250.0,6799954.0,6799954.0,0.00420053
1784223000,6799954.0,6799954.0,6799954.0,6799954.0,0.0
1784223900,6799954.0,6799954.0,6799954.0,6799954.0,0.0
1784224800,6799954.0,6799954.0,6799954.0,6799954.0,0.0
1784225700,7075953.0,7075953.0,7075953.0,7075953.0,0.00232929
1784226600,7075953.0,7075953.0,7075953.0,7075953.0,0.0
1784227500,7075953.0,7075953.0,7075953.0,7075953.0,0.0
1784228400,7075953.0,7075953.0,7075953.0,7075953.0,0.0
1784229300,7075953.0,7075953.0,7075953.0,7075953.0,0.0
1784230200,7075953.0,7075953.0,7075953.0,7075953.0,0.0
1784231100,7075953.0,7080445.0,7075953.0,7080445.0,0.00141912
1784232000,7080445.0,7080445.0,7080445.0,7080445.0,0.0
1784232900,7080445.0,7080445.0,7080445.0,7080445.0,0.0
1784233800,7080445.0,7080445.0,7080445.0,7080445.0,0.0
1784234700,7080445.0,7080445.0,7080445.0,7080445.0,0.0
1784235600,7080445.0,7080445.0,7080445.0,7080445.0,0.0
1784236500,7080445.0,7080445.0,7080445.0,7080445.0,0.0
1784237400,7080445.0,7080445.0,7080445.0,7080445.0,0.0
1784238300,7080445.0,7080445.0,7080445.0,7080445.0,0.0
1784239200,7080445.0,7080445.0,7080445.0,7080445.0,0.0
1784240100,7080445.0,7080445.0,7080445.0,7080445.0,0.0
1784241000,7080445.0,7080445.0,7080445.0,7080445.0,0.0
1784241900,7080445.0,7080445.0,7080445.0,7080445.0,0.0
1784242800,7080445.0,7080445.0,7080445.0,7080445.0,0.0
1784243700,6800702.0,6800702.0,6800466.0,6800466.0,0.12530676
1784244600,7052468.0,7052468.0,7052468.0,7052468.0,0.00620038
1784245500,7052468.0,7052468.0,7052468.0,7052468.0,0.0
1784246400,7052468.0,7052468.0,7052468.0,7052468.0,0.0
1784247300,7044258.0,7044263.0,7044258.0,7044263.0,0.01413774
1784248200,7044263.0,7044263.0,7044263.0,7044263.0,0.0
1784249100,7044263.0,7044263.0,7044263.0,7044263.0,0.0
1784250000,7044263.0,7044263.0,7044263.0,7044263.0,0.0
1784250900,7044263.0,7044263.0,7044263.0,7044263.0,0.0
1784251800,7044263.0,7044263.0,7044263.0,7044263.0,0.0
1784252700,7044263.0,7044263.0,7044263.0,7044263.0,0.0
1784253600,7044263.0,7044263.0,7044263.0,7044263.0,0.0
1784254500,7016709.0,7016710.0,7016709.0,7016710.0,0.01419326
1784255400,7016710.0,7016710.0,7016710.0,7016710.0,0.0
1784256300,6800987.0,6800987.0,6800987.0,6800987.0,0.14569144
1784257200,7020009.0,7020009.0,7020009.0,7020009.0,0.14186662
1784258100,7020009.0,7020009.0,7020009.0,7020009.0,0.0
1784259000,7020009.0,7020009.0,7020009.0,7020009.0,0.0
1784259900,7031140.0,7031140.0,7031140.0,7031140.0,0.00141641
1784260800,7031140.0,7031140.0,7031140.0,7031140.0,0.0
1784261700,6811166.0,6811166.0,6811166.0,6811166.0,0.00157201
1784262600,6811166.0,6811166.0,6811166.0,6811166.0,0.0
1784263500,6811166.0,6811166.0,6811166.0,6811166.0,0.0
1784264400,6811166.0,6811166.0,6811166.0,6811166.0,0.0
1784265300,6811166.0,6811166.0,6811166.0,6811166.0,0.0
1784266200,6982190.0,6982190.0,6982190.0,6982190.0,0.00142634
1784267100,6979841.0,6979841.0,6979841.0,6979841.0,0.04280484
1784268000,6979841.0,6979841.0,6979841.0,6979841.0,0.0
1784268900,6979841.0,6979841.0,6979841.0,6979841.0,0.0
1784269800,6979841.0,6979841.0,6979841.0,6979841.0,0.0
1784270700,6979841.0,6979841.0,6979841.0,6979841.0,0.0
1784271600,6979841.0,6979841.0,6979841.0,6979841.0,0.0
1784272500,6979841.0,6979841.0,6979841.0,6979841.0,0.0
1784273400,6979841.0,6979841.0,6979841.0,6979841.0,0.0
1784274300,6979841.0,6979841.0,6979841.0,6979841.0,0.0
1784275200,6979841.0,6979841.0,6979841.0,6979841.0,0.0
1784276100,6979841.0,6979841.0,6979841.0,6979841.0,0.0
1784277000,6979841.0,6979841.0,6979841.0,6979841.0,0.0
1784277900,6979841.0,6979841.0,6979841.0,6979841.0,0.0
1784278800,6811284.0,6811284.0,6811284.0,6811284.0,0.00262079
1784279700,6811284.0,6811284.0,6811284.0,6811284.0,0.0
1784280600,6811284.0,6811284.0,6811284.0,6811284.0,0.0
1784281500,6982245.0,6982245.0,6982245.0,6982245.0,0.00142633
1784282400,6982245.0,6982245.0,6982245.0,6982245.0,0.0
1784283300,6982245.0,6982245.0,6982245.0,6982245.0,0.0
1784284200,6982245.0,6982245.0,6982245.0,6982245.0,0.0
1784285100,6982245.0,6982245.0,6982245.0,6982245.0,0.0
1784286000,6982245.0,6982245.0,6982245.0,6982245.0,0.0
1784286900,6972277.0,6972277.0,6972277.0,6972277.0,0.00142837
1784287800,6958984.0,6958984.0,6958984.0,6958984.0,0.00381377
1784288700,6958984.0,6958984.0,6958984.0,6958984.0,0.0
1784289600,6958984.0,6958984.0,6958984.0,6958984.0,0.0
1784290500,6958984.0,6958984.0,6958984.0,6958984.0,0.0
1784291400,6958984.0,6958984.0,6958984.0,6958984.0,0.0
1784292300,6958984.0,6958984.0,6958984.0,6958984.0,0.0
1784293200,6958984.0,6958984.0,6958984.0,6958984.0,0.0
1784294100,6958984.0,6958984.0,6958984.0,6958984.0,0.0
1784295000,6958984.0,6958984.0,6958984.0,6958984.0,0.0
1784295900,6958984.0,6958984.0,6958984.0,6958984.0,0.0
1784296800,6958984.0,6958984.0,6958984.0,6958984.0,0.0
1784297700,6958984.0,6958984.0,6958984.0,6958984.0,0.0
1784298600,6958984.0,6958984.0,6958984.0,6958984.0,0.0
1784299500,6958984.0,6958984.0,6958984.0,6958984.0,0.0
1784300400,6958984.0,6958984.0,6958984.0,6958984.0,0.0
1784301300,6958984.0,6958984.0,6958984.0,6958984.0,0.0
1784302200,6958984.0,6958984.0,6958984.0,6958984.0,0.0
1784303100,6958984.0,6958984.0,6958984.0,6958984.0,0.0
1784304000,6958984.0,6958984.0,6958984.0,6958984.0,0.0
1784304900,6958984.0,6958984.0,6958984.0,6958984.0,0.0
1784305800,6958984.0,6958984.0,6958984.0,6958984.0,0.0
1784306700,6972368.0,6972368.0,6972368.0,6972368.0,0.00557271
1784307600,6972368.0,6972368.0,6972368.0,6972368.0,0.0
1784308500,6811288.0,6811288.0,6811199.0,6811199.0,0.54488763
1784309400,6811199.0,6811199.0,6811199.0,6811199.0,0.0
1784310300,6811199.0,6811199.0,6811199.0,6811199.0,0.0
1784311200,6811199.0,6811199.0,6811199.0,6811199.0,0.0
1784312100,6811199.0,6811199.0,6811199.0,6811199.0,0.0
1784313000,6811203.0,6916205.0,6811203.0,6916205.0,0.00591026
1784313900,6916205.0,6916205.0,6916205.0,6916205.0,0.0
1784314800,6916205.0,6916205.0,6916205.0,6916205.0,0.0
1784315700,6916205.0,6916205.0,6916205.0,6916205.0,0.0
1784316600,6916205.0,6916205.0,6916205.0,6916205.0,0.0
1784317500,6916205.0,6916205.0,6916205.0,6916205.0,0.0
1784318400,6916205.0,6916205.0,6916205.0,6916205.0,0.0
1784319300,6916205.0,6916205.0,6916205.0,6916205.0,0.0
1784320200,6916205.0,6916205.0,6916205.0,6916205.0,0.0
1784321100,6811203.0,6811203.0,6811203.0,6811203.0,0.00381377
1784322000,6811203.0,6811203.0,6811203.0,6811203.0,0.0
1784322900,6811203.0,6811203.0,6811203.0,6811203.0,0.0
1784323800,6811203.0,6811203.0,6811203.0,6811203.0,0.0
1784324700,6811203.0,6811203.0,6811203.0,6811203.0,0.0
1784325600,6811203.0,6811203.0,6811203.0,6811203.0,0.0
1784326500,6811203.0,6811203.0,6811203.0,6811203.0,0.0
1784327400,6811203.0,6811203.0,6811203.0,6811203.0,0.0
1784328300,6811203.0,6811203.0,6811203.0,6811203.0,0.01474365
1784329200,6811203.0,6811203.0,6811203.0,6811203.0,0.0
1784330100,6811203.0,6811203.0,6811203.0,6811203.0,0.0
1784331000,6811203.0,6811203.0,6811203.0,6811203.0,0.0
1784331900,6811203.0,6811203.0,6811203.0,6811203.0,0.0
1784332800,6811203.0,6811203.0,6811203.0,6811203.0,0.0
1784333700,6811203.0,6811203.0,6811203.0,6811203.0,0.0
1784334600,6811203.0,6811203.0,6811203.0,6811203.0,0.0
1784335500,6811203.0,6811203.0,6811203.0,6811203.0,0.0
1784336400,6811203.0,6811203.0,6811203.0,6811203.0,0.0
1784337300,6900165.0,6900165.0,6900165.0,6900165.0,0.00731083
1784338200,6900165.0,6900165.0,6900165.0,6900165.0,0.0
1784339100,6900165.0,6900165.0,6900165.0,6900165.0,0.00191778
1784340000,6900165.0,6900165.0,6900165.0,6900165.0,0.0
1784340900,6900165.0,6900165.0,6900165.0,6900165.0,0.0
1784341800,6811207.0,6811207.0,6811207.0,6811207.0,0.00261105
1784342700,6811207.0,6811207.0,6811207.0,6811207.0,0.0
1784343600,6811207.0,6811207.0,6811207.0,6811207.0,0.0
1784344500,6811207.0,6811207.0,6811207.0,6811207.0,0.0
1784345400,6811207.0,6811207.0,6811207.0,6811207.0,0.0
1784346300,6930721.0,6930721.0,6930721.0,6930721.0,0.0082847
1784347200,6930721.0,6930721.0,6930721.0,6930721.0,0.0
1784348100,6930721.0,6930721.0,6930721.0,6930721.0,0.0
1784349000,6904772.0,6904772.0,6904772.0,6904772.0,0.00158643
1784349900,6903146.0,6903146.0,6903146.0,6903146.0,0.00359227
1784350800,6903146.0,6903146.0,6903146.0,6903146.0,0.0
1784351700,6902243.0,6902243.0,6902243.0,6902243.0,0.00505024
1784352600,6902243.0,6902243.0,6902243.0,6902243.0,0.0
1784353500,6902243.0,6902243.0,6902243.0,6902243.0,0.0
1784354400,6902243.0,6902243.0,6902243.0,6902243.0,0.0
1784355300,6811212.0,6896460.0,6811212.0,6896460.0,0.07412178
1784356200,7156241.0,7199987.0,6811208.0,6811213.0,0.11409881
1784357100,6811213.0,6811213.0,6811213.0,6811213.0,0.0
1784358000,6888871.0,6888871.0,6888871.0,6888871.0,0.03621391
1784358900,6894834.0,6894834.0,6894834.0,6894834.0,0.01825091
1784359800,6894834.0,6894834.0,6894834.0,6894834.0,0.0
1784360700,6894834.0,6894834.0,6894834.0,6894834.0,0.0
1784361600,6894834.0,6894834.0,6894834.0,6894834.0,0.0
1784362500,7111957.0,7111957.0,6886161.0,6886161.0,0.00563468
1784363400,6887426.0,6887426.0,6811223.0,6811223.0,0.00425863
1784364300,6811223.0,6811223.0,6811223.0,6811223.0,0.0
1784365200,6811223.0,6811223.0,6811223.0,6811223.0,0.0
1784366100,6811223.0,6811223.0,6811223.0,6811223.0,0.0
1784367000,6811223.0,6811223.0,6811223.0,6811223.0,0.0
1784367900,6811223.0,6811223.0,6811223.0,6811223.0,0.0
1784368800,6811223.0,6811223.0,6811223.0,6811223.0,0.0
1784369700,6811223.0,6811223.0,6811223.0,6811223.0,0.0
1784370600,6811218.0,6811218.0,6811218.0,6811218.0,0.01825091
1784371500,6811218.0,6811218.0,6811218.0,6811218.0,0.0
1784372400,6811218.0,6811218.0,6811218.0,6811218.0,0.0
1784373300,6811218.0,6811218.0,6811218.0,6811218.0,0.03621391
1784374200,6811218.0,6811218.0,6811218.0,6811218.0,0.0
1784375100,6811218.0,6811218.0,6811218.0,6811218.0,0.0
1784376000,6811218.0,6811218.0,6811218.0,6811218.0,0.0
1784376900,6811218.0,6811218.0,6811218.0,6811218.0,0.0
1784377800,6811218.0,6811218.0,6811218.0,6811218.0,0.0
1784378700,6811218.0,6811218.0,6811218.0,6811218.0,0.0
1784379600,6811218.0,6811218.0,6811218.0,6811218.0,0.0
1784380500,6811218.0,6811218.0,6811218.0,6811218.0,0.0
1784381400,6891349.0,6891349.0,6891349.0,6891349.0,0.00478411
1784382300,6887426.0,6887426.0,6811218.0,6811218.0,0.00774158
1784383200,6811218.0,6811218.0,6811218.0,6811218.0,0.0
1784384100,6811218.0,6811218.0,6811218.0,6811218.0,0.0
1784385000,6811218.0,6811218.0,6811218.0,6811218.0,0.0
1784385900,6811218.0,6811218.0,6811218.0,6811218.0,0.0
1784386800,6811218.0,6811218.0,6811218.0,6811218.0,0.0
1784387700,6811218.0,6811218.0,6811218.0,6811218.0,0.0
1784388600,6902215.0,6902215.0,6902215.0,6902215.0,0.00178116
1784389500,6902215.0,6902215.0,6902215.0,6902215.0,0.0
1784390400,6902215.0,6902215.0,6902215.0,6902215.0,0.0
1784391300,6902215.0,6902215.0,6902215.0,6902215.0,0.0
1784392200,6902215.0,6902215.0,6902215.0,6902215.0,0.0
1784393100,6889775.0,6889775.0,6889775.0,6889775.0,0.00361361
1784394000,6889775.0,6889775.0,6889775.0,6889775.0,0.0
1784394900,6889775.0,6889775.0,6889775.0,6889775.0,0.0
1784395800,6889775.0,6889775.0,6889775.0,6889775.0,0.0
1784396700,6901520.0,6901520.0,6901520.0,6901520.0,0.00216445
1784397600,6901520.0,6901520.0,6901520.0,6901520.0,0.0
1784398500,6901520.0,6901520.0,6901520.0,6901520.0,0.0
1784399400,6901520.0,6901520.0,6901520.0,6901520.0,0.0
1784400300,6896280.0,6896280.0,6896280.0,6896280.0,0.00160985
1784401200,6896280.0,6896280.0,6896280.0,6896280.0,0.0
1784402100,6896280.0,6896280.0,6896280.0,6896280.0,0.0
1784403000,6896280.0,6896280.0,6896280.0,6896280.0,0.0
1784403900,6896280.0,6896280.0,6896280.0,6896280.0,0.0
1784404800,6896280.0,6896280.0,6896280.0,6896280.0,0.0
1784405700,6896280.0,6896280.0,6896280.0,6896280.0,0.0
1784406600,6896280.0,6896280.0,6896280.0,6896280.0,0.0
1784407500,6896280.0,6896280.0,6896280.0,6896280.0,0.0
1784408400,6896280.0,6896280.0,6896280.0,6896280.0,0.0
1784409300,6896280.0,6896280.0,6896280.0,6896280.0,0.0
1784410200,6896280.0,6896280.0,6896280.0,6896280.0,0.0
1784411100,6896280.0,6896280.0,6896280.0,6896280.0,0.0
1784412000,6896280.0,6896280.0,6896280.0,6896280.0,0.0
1784412900,6896280.0,6896280.0,6896280.0,6896280.0,0.0
1784413800,6896280.0,6896280.0,6896280.0,6896280.0,0.0
1784414700,6896280.0,6896280.0,6896280.0,6896280.0,0.0
1784415600,6896280.0,6896280.0,6896280.0,6896280.0,0.0
1784416500,7199987.0,7199987.0,7199987.0,7199987.0,0.01383196
1784417400,7199987.0,7199987.0,7199987.0,7199987.0,0.0
1784418300,6811214.0,6811214.0,6811214.0,6811214.0,0.0016253
1784419200,6811214.0,6811214.0,6811214.0,6811214.0,0.0
1784420100,6811214.0,6811214.0,6811214.0,6811214.0,0.0
1784421000,6811214.0,6811214.0,6811214.0,6811214.0,0.0
1784421900,6811214.0,6811214.0,6811214.0,6811214.0,0.0
1784422800,6811214.0,6811214.0,6811214.0,6811214.0,0.0
1784423700,6898990.0,6898990.0,6898990.0,6898990.0,0.02887103
1784424600,6811218.0,6811218.0,6811218.0,6811218.0,0.01367493
1784425500,6811218.0,6811218.0,6811218.0,6811218.0,0.0
1784426400,6811218.0,6811218.0,6811218.0,6811218.0,0.0
1784427300,6811218.0,6811218.0,6811218.0,6811218.0,0.0
1784428200,6811218.0,6811218.0,6811218.0,6811218.0,0.0
1784429100,6811218.0,6811218.0,6811218.0,6811218.0,0.0
1784430000,6811218.0,6811218.0,6811218.0,6811218.0,0.0
1784430900,6811218.0,6811218.0,6811218.0,6811218.0,0.0
1784431800,6811218.0,6811218.0,6811218.0,6811218.0,0.0
1784432700,6811218.0,6811218.0,6811218.0,6811218.0,0.0
1784433600,6811218.0,6811218.0,6811218.0,6811218.0,0.0
1784434500,6811218.0,6811218.0,6811218.0,6811218.0,0.0
1784435400,6811218.0,6811218.0,6811218.0,6811218.0,0.0
1784436300,6811218.0,6811218.0,6811218.0,6811218.0,0.0
1784437200,6897898.0,6897898.0,6897898.0,6897898.0,0.01606039
1784438100,6897898.0,6897898.0,6897898.0,6897898.0,0.0
1784439000,6811525.0,6897898.0,6811525.0,6897898.0,0.00898217
1784439900,6897898.0,6897898.0,6897898.0,6897898.0,0.0
1784440800,6897898.0,6897898.0,6897898.0,6897898.0,0.0
1784441700,6897898.0,6897898.0,6897898.0,6897898.0,0.0
1784442600,6897898.0,6897898.0,6897898.0,6897898.0,0.0
1784443500,6897885.0,6897885.0,6897876.0,6897876.0,0.0051997
1784444400,6897876.0,6897876.0,6897876.0,6897876.0,0.0
1784445300,6811527.0,6811527.0,6811527.0,6811527.0,0.00362212
1784446200,6811527.0,6811527.0,6811527.0,6811527.0,0.0
1784447100,6811527.0,6811527.0,6811527.0,6811527.0,0.0
1784448000,6811527.0,6811527.0,6811527.0,6811527.0,0.0
1784448900,6912181.0,6912181.0,6912181.0,6912181.0,0.0057102
1784449800,6919587.0,6919587.0,6919587.0,6919587.0,0.00215879
1784450700,6919587.0,6919587.0,6919587.0,6919587.0,0.0
1784451600,6919587.0,6919587.0,6919587.0,6919587.0,0.0
1784452500,6919587.0,6919587.0,6919587.0,6919587.0,0.0
1784453400,6919587.0,6919587.0,6919587.0,6919587.0,0.0
1784454300,6919587.0,6919587.0,6919587.0,6919587.0,0.0
1784455200,6919587.0,6919587.0,6919587.0,6919587.0,0.0
1784456100,6919587.0,6919587.0,6919587.0,6919587.0,0.0
1784457000,6919587.0,6919587.0,6919587.0,6919587.0,0.0
1784457900,6919587.0,6919587.0,6919587.0,6919587.0,0.0
1784458800,6811527.0,6811527.0,6811527.0,6811527.0,0.00520044
1784459700,6811527.0,6811527.0,6811527.0,6811527.0,0.0
1784460600,6811527.0,6811527.0,6811527.0,6811527.0,0.0
1784461500,6811527.0,6811527.0,6811527.0,6811527.0,0.0
1784462400,6811527.0,6811527.0,6811527.0,6811527.0,0.0
1784463300,6811527.0,6811527.0,6811527.0,6811527.0,0.0
1784464200,6898626.0,6898626.0,6898626.0,6898626.0,0.00433086
1784465100,6898626.0,6898626.0,6898626.0,6898626.0,0.0
1784466000,6811532.0,6811532.0,6810000.0,6810000.0,1.42419681
1784466900,6896772.0,6903869.0,6896772.0,6903869.0,0.00575821
1784467800,6903868.0,6903868.0,6903868.0,6903868.0,0.00889602
1784468700,6903868.0,6903868.0,6903868.0,6903868.0,0.0
1784469600,6903868.0,6903868.0,6903868.0,6903868.0,0.0
1784470500,6903868.0,6903868.0,6903868.0,6903868.0,0.0
1784471400,6903868.0,6903868.0,6903868.0,6903868.0,0.0
1784472300,6810004.0,6810004.0,6810004.0,6810004.0,0.01075505
1784473200,6905850.0,6905850.0,6905850.0,6905850.0,0.00145659
1784474100,6905855.0,6905855.0,6905855.0,6905855.0,0.00361244
1784475000,6905855.0,6905855.0,6905855.0,6905855.0,0.0
1784475900,6905855.0,6905855.0,6905855.0,6905855.0,0.0
1784476800,6905855.0,6905855.0,6905855.0,6905855.0,0.0
1784477700,6811007.0,6811007.0,6811007.0,6811007.0,0.0057102
1784478600,6811007.0,6811007.0,6811007.0,6811007.0,0.0
1784479500,6811007.0,6811007.0,6811007.0,6811007.0,0.0
1784480400,6811007.0,6811007.0,6811007.0,6811007.0,0.0
1784481300,6811007.0,6811007.0,6811007.0,6811007.0,0.0
1784482200,6811007.0,6811007.0,6811007.0,6811007.0,0.0
1784483100,6811007.0,6811007.0,6811007.0,6811007.0,0.0
1784484000,6811008.0,6811008.0,6811008.0,6811008.0,0.00686403
1784484900,6811008.0,6811008.0,6811008.0,6811008.0,0.0
1784485800,6811008.0,6811008.0,6811008.0,6811008.0,0.0
1784486700,6811008.0,6811008.0,6811008.0,6811008.0,0.0
1784487600,6811008.0,6811008.0,6811008.0,6811008.0,0.0
1784488500,6811008.0,6811008.0,6811008.0,6811008.0,0.0
1784489400,6811008.0,6811008.0,6811008.0,6811008.0,0.0
1784490300,6895557.0,6895557.0,6895557.0,6895557.0,0.14418704
1784491200,6895557.0,6895557.0,6895557.0,6895557.0,0.0
1784492100,6895557.0,6895557.0,6895557.0,6895557.0,0.0
1784493000,6895557.0,6895557.0,6895557.0,6895557.0,0.0
1784493900,6895557.0,6895557.0,6895557.0,6895557.0,0.0
1784494800,6895557.0,6895557.0,6895557.0,6895557.0,0.0
1784495700,6895557.0,6895557.0,6895557.0,6895557.0,0.0
1784496600,6895557.0,6895557.0,6895557.0,6895557.0,0.0
1784497500,6895557.0,6895557.0,6895557.0,6895557.0,0.0
1784498400,6895557.0,6895557.0,6895557.0,6895557.0,0.0
1784499300,6895557.0,6895557.0,6895557.0,6895557.0,0.0
1784500200,6895557.0,6895557.0,6895557.0,6895557.0,0.0
1784501100,6895557.0,6895557.0,6895557.0,6895557.0,0.0
1784502000,6817490.0,6817490.0,6817490.0,6817490.0,0.0053899
1784502900,6817490.0,6817490.0,6817490.0,6817490.0,0.0
1784503800,6817490.0,6817490.0,6817490.0,6817490.0,0.0
1784504700,6817490.0,6817490.0,6817490.0,6817490.0,0.0
1784505600,6817490.0,6817490.0,6817490.0,6817490.0,0.0
1784506500,6817490.0,6817490.0,6817490.0,6817490.0,0.0
1784507400,6817110.0,6817110.0,6817110.0,6817110.0,0.00232929
1784508300,6817110.0,6817110.0,6817110.0,6817110.0,0.0
1784509200,6817110.0,6817110.0,6817110.0,6817110.0,0.0
1784510100,6817110.0,6817110.0,6817110.0,6817110.0,0.0
1784511000,6817110.0,6817110.0,6817110.0,6817110.0,0.0
1784511900,6817110.0,6817110.0,6817110.0,6817110.0,0.0
1784512800,6905488.0,6905488.0,6905488.0,6905488.0,0.00144218
1784513700,6905488.0,6905488.0,6905488.0,6905488.0,0.0
1784514600,6905488.0,6905488.0,6905488.0,6905488.0,0.0
1784515500,6905488.0,6905488.0,6905488.0,6905488.0,0.0
1784516400,6905488.0,6905488.0,6905488.0,6905488.0,0.0
1784517300,6905488.0,6905488.0,6905488.0,6905488.0,0.0
1784518200,6905488.0,6905488.0,6905488.0,6905488.0,0.0
1784519100,6905488.0,6905488.0,6905488.0,6905488.0,0.0
1784520000,6905488.0,6905488.0,6905488.0,6905488.0,0.0
1784520900,6913953.0,6913953.0,6913953.0,6913953.0,0.01466122
1784521800,6913953.0,6913953.0,6913953.0,6913953.0,0.0
1784522700,6913953.0,6913953.0,6913953.0,6913953.0,0.0
1784523600,6913953.0,6913953.0,6913953.0,6913953.0,0.0
1784524500,6913953.0,6913953.0,6913953.0,6913953.0,0.0
1784525400,6913953.0,6913953.0,6913953.0,6913953.0,0.0
1784526300,6913953.0,6913953.0,6913953.0,6913953.0,0.0
1784527200,6913953.0,6913953.0,6913953.0,6913953.0,0.0
1784528100,6875626.0,6875626.0,6875626.0,6875626.0,0.00181045
1784529000,6811008.0,6811008.0,6811008.0,6811008.0,0.00181045
1784529900,6811008.0,6811008.0,6811008.0,6811008.0,0.0
1784530800,6811008.0,6811008.0,6811008.0,6811008.0,0.0
1784531700,6811008.0,6811008.0,6811008.0,6811008.0,0.0
1784532600,6811008.0,6811008.0,6811008.0,6811008.0,0.0
1784533500,6811008.0,6811008.0,6811008.0,6811008.0,0.0
1784534400,6899899.0,6899899.0,6899899.0,6899899.0,0.00721677
1784535300,6899899.0,6899899.0,6899899.0,6899899.0,0.0
1784536200,6903559.0,6903559.0,6903559.0,6903559.0,0.04327782
1784537100,6895931.0,6895931.0,6895931.0,6895931.0,0.00166387
1784538000,6895931.0,6895931.0,6895931.0,6895931.0,0.0
1784538900,6901432.0,6901432.0,6901432.0,6901432.0,0.00216447
1784539800,6901432.0,6901432.0,6901432.0,6901432.0,0.0
1784540700,6901432.0,6901432.0,6901432.0,6901432.0,0.0
1784541600,6901432.0,6901432.0,6901432.0,6901432.0,0.0
1784542500,6901432.0,6901432.0,6901432.0,6901432.0,0.0
1784543400,6811012.0,6811012.0,6811012.0,6811012.0,0.01338646
1784544300,6811012.0,6811012.0,6811012.0,6811012.0,0.0
1784545200,6811012.0,6811012.0,6811012.0,6811012.0,0.0
1784546100,6811012.0,6811012.0,6811012.0,6811012.0,0.0
1784547000,6811012.0,6811012.0,6811012.0,6811012.0,0.0
1784547900,6811012.0,6811012.0,6811012.0,6811012.0,0.0
1784548800,6811012.0,6811012.0,6811012.0,6811012.0,0.0
1784549700,6811012.0,6811012.0,6811012.0,6811012.0,0.0
1784550600,6811012.0,6811012.0,6811012.0,6811012.0,0.0
1784551500,6811012.0,6811012.0,6811012.0,6811012.0,0.0
1784552400,6811012.0,6811012.0,6811012.0,6811012.0,0.0
1784553300,6860811.0,6860811.0,6860811.0,6860811.0,0.00867438
1784554200,6860811.0,6860811.0,6860811.0,6860811.0,0.0
1784555100,6860811.0,6860811.0,6800000.0,6800000.0,2.66483383
1784556000,6800000.0,6800000.0,6800000.0,6800000.0,0.0
1784556900,6800000.0,6800000.0,6800000.0,6800000.0,0.0
1784557800,6800000.0,6800000.0,6800000.0,6800000.0,0.0
1784558700,6800000.0,6800000.0,6800000.0,6800000.0,0.0
1784559600,6800000.0,6800000.0,6800000.0,6800000.0,0.0
1784560500,6800000.0,6800000.0,6800000.0,6800000.0,0.0
1784561400,6800000.0,6800000.0,6800000.0,6800000.0,0.0
1784562300,6722300.0,6722300.0,6722300.0,6722300.0,0.00148148
1784563200,6695588.0,6695588.0,6691354.0,6691354.0,0.7524169
1784564100,6774180.0,6774181.0,6774180.0,6774181.0,0.00311565
1784565000,6774181.0,6774181.0,6774181.0,6774181.0,0.0
1784565900,6774181.0,6774181.0,6774181.0,6774181.0,0.0
1784566800,6739747.0,6739747.0,6739747.0,6739747.0,0.00370147
1784567700,6734155.0,6734155.0,6734155.0,6734155.0,0.0906378
1784568600,6734155.0,6734155.0,6734155.0,6734155.0,0.0
1784569500,6704699.0,6704699.0,6704699.0,6704699.0,0.00222798
1784570400,6704699.0,6704699.0,6704699.0,6704699.0,0.0
1784571300,6704699.0,6704699.0,6704699.0,6704699.0,0.0
1784572200,6730441.0,6730441.0,6730441.0,6730441.0,0.00355117
1784573100,6730441.0,6730441.0,6730441.0,6730441.0,0.0
1784574000,6612046.0,6612046.0,6612046.0,6612046.0,0.00276653
1784574900,6612046.0,6612046.0,6612046.0,6612046.0,0.00166387
1784575800,6712136.0,6712136.0,6712136.0,6712136.0,0.7418695
1784576700,6712136.0,6712136.0,6712136.0,6712136.0,0.0
1784577600,6712136.0,6712136.0,6712136.0,6712136.0,0.0
1784578500,6712136.0,6712136.0,6712136.0,6712136.0,0.0
1784579400,6712136.0,6712136.0,6712136.0,6712136.0,0.0
1784580300,6712136.0,6712136.0,6712136.0,6712136.0,0.0
1784581200,6712136.0,6712136.0,6712136.0,6712136.0,0.0
1784582100,6712136.0,6712136.0,6712136.0,6712136.0,0.0
1784583000,6692997.0,6692997.0,6692997.0,6692997.0,0.22319717
1784583900,6692997.0,6692997.0,6692997.0,6692997.0,0.0
1784584800,6692997.0,6692997.0,6692997.0,6692997.0,0.0
1784585700,6692997.0,6692997.0,6692997.0,6692997.0,0.0
1784586600,6692997.0,6692997.0,6692997.0,6692997.0,0.0
1784587500,6692997.0,6692997.0,6692997.0,6692997.0,0.0
1784588400,6692997.0,6692997.0,6692997.0,6692997.0,0.0
1784589300,6692997.0,6692997.0,6692997.0,6692997.0,0.0
1784590200,6692997.0,6692997.0,6692997.0,6692997.0,0.0
1784591100,6692997.0,6692997.0,6692997.0,6692997.0,0.0
1784592000,6950682.0,6950682.0,6950682.0,6950682.0,0.01432809
1784592900,6950682.0,6950682.0,6950682.0,6950682.0,0.0
1784593800,6950682.0,6950682.0,6950682.0,6950682.0,0.0
1784594700,6950682.0,6950682.0,6616488.0,6716257.0,0.00772888
1784595600,6716257.0,6716257.0,6716257.0,6716257.0,0.0
1784596500,6709283.0,6709283.0,6618805.0,6618805.0,0.00780482
1784597400,6950682.0,6950682.0,6950682.0,6950682.0,0.02865632
1784598300,6648184.0,6648184.0,6648184.0,6648184.0,0.0019676
1784599200,6648184.0,6648184.0,6648184.0,6648184.0,0.0
1784600100,6698466.0,6702907.0,6695309.0,6702907.0,0.01935999
1784601000,6702907.0,6702907.0,6702907.0,6702907.0,0.0
1784601900,6702907.0,6702907.0,6702907.0,6702907.0,0.0
1784602800,6702907.0,6702907.0,6702907.0,6702907.0,0.0
1784603700,6702907.0,6702907.0,6702907.0,6702907.0,0.0
1784604600,6702907.0,6702907.0,6702907.0,6702907.0,0.0
1784605500,6950682.0,6950682.0,6950682.0,6950682.0,0.02263446
1784606400,6950682.0,6950682.0,6950682.0,6950682.0,0.0
1784607300,6719937.0,6719937.0,6719937.0,6719937.0,0.0435855
1784608200,6950682.0,6950682.0,6950682.0,6950682.0,0.0014328
1784609100,6661201.0,6661201.0,6661201.0,6661201.0,0.00222798
1784610000,6729630.0,6729630.0,6729630.0,6729630.0,0.00147987
1784610900,6722738.0,6722738.0,6722738.0,6722738.0,0.00444417
1784611800,6671205.0,6671205.0,6671205.0,6671205.0,0.00705872
1784612700,6671205.0,6671205.0,6671205.0,6671205.0,0.0
1784613600,6671205.0,6671205.0,6671205.0,6671205.0,0.0
1784614500,6671205.0,6671205.0,6671205.0,6671205.0,0.0
1784615400,6671205.0,6671205.0,6671205.0,6671205.0,0.0
1784616300,6671205.0,6671205.0,6671205.0,6671205.0,0.0
1784617200,6719622.0,6719622.0,6719622.0,6719622.0,0.07210703
1784618100,6719622.0,6719622.0,6719622.0,6719622.0,0.0
1784619000,6661199.0,6950678.0,6661198.0,6661198.0,0.07153804
1784619900,6661198.0,6661198.0,6661198.0,6661198.0,0.0
1784620800,6661198.0,6661198.0,6661198.0,6661198.0,0.0
1784621700,6661198.0,6661198.0,6661198.0,6661198.0,0.0
1784622600,6749128.0,6749128.0,6749128.0,6749128.0,0.0050239
1784623500,6950677.0,6950682.0,6950677.0,6950682.0,0.04298444
1784624400,6742848.0,6742848.0,6742848.0,6742848.0,0.00186271
1784625300,6748965.0,6748965.0,6748965.0,6748965.0,0.00154853
1784626200,6748965.0,6748965.0,6748965.0,6748965.0,0.0
1784627100,6701909.0,6701909.0,6701909.0,6701909.0,0.00217742
1784628000,6701909.0,6701909.0,6701909.0,6701909.0,0.0
1784628900,6701909.0,6701909.0,6701909.0,6701909.0,0.0
1784629800,6744048.0,6744048.0,6744048.0,6744048.0,0.41222601
1784630700,6735909.0,6735909.0,6735909.0,6735909.0,0.15563274
1784631600,6935995.0,6935996.0,6701908.0,6701908.0,0.00687735
1784632500,6662901.0,6662901.0,6662901.0,6662901.0,0.0027536
1784633400,6662901.0,6662901.0,6662901.0,6662901.0,0.0
1784634300,6662901.0,6662901.0,6662901.0,6662901.0,0.0
1784635200,6662901.0,6662901.0,6662901.0,6662901.0,0.0
1784636100,6662901.0,6662901.0,6662901.0,6662901.0,0.0
1784637000,6724659.0,6724659.0,6662903.0,6662903.0,0.00650867
1784637900,6700665.0,6700665.0,6700665.0,6700665.0,0.00920833
1784638800,6662902.0,6698722.0,6662902.0,6698722.0,0.00898203
1784639700,6698722.0,6698722.0,6698722.0,6698722.0,0.0
1784640600,6700953.0,6700953.0,6700953.0,6700953.0,0.001779
1784641500,6700953.0,6700953.0,6700953.0,6700953.0,0.00234475
1784642400,6700953.0,6700953.0,6700953.0,6700953.0,0.0
1784643300,6700953.0,6700953.0,6700953.0,6700953.0,0.0
1784644200,6902249.0,6902250.0,6902249.0,6902250.0,0.40657249
1784645100,6901927.0,6921438.0,6901927.0,6921438.0,0.0105595
1784646000,6921438.0,6921438.0,6921438.0,6921438.0,0.0
1784646900,6921438.0,6921438.0,6921438.0,6921438.0,0.0
1784647800,6921438.0,6921438.0,6921438.0,6921438.0,0.0
1784648700,6806547.0,6806547.0,6806547.0,6806547.0,0.00148148
1784649600,6806551.0,6883510.0,6605321.0,6883510.0,0.23129968
1784650500,6883510.0,6883510.0,6883510.0,6883510.0,0.0
1784651400,6883510.0,6883510.0,6883510.0,6883510.0,0.0
1784652300,6935996.0,6935996.0,6935996.0,6935996.0,0.00359674
1784653200,6935996.0,6935996.0,6935996.0,6935996.0,0.0
1784654100,6773742.0,6863469.0,6444444.0,6862802.0,0.42404687
1784655000,6862802.0,6862802.0,6862802.0,6862802.0,0.0
1784655900,6862802.0,6862802.0,6862802.0,6862802.0,0.0
1784656800,6862802.0,6862802.0,6862802.0,6862802.0,0.0
1784657700,6862802.0,6862802.0,6862802.0,6862802.0,0.0
1784658600,6862802.0,6862802.0,6862802.0,6862802.0,0.0
1784659500,6862802.0,6862802.0,6862802.0,6862802.0,0.0
1784660400,6862802.0,6862802.0,6862802.0,6862802.0,0.0
1784661300,6862802.0,6862802.0,6862802.0,6862802.0,0.0
1784662200,6862802.0,6862802.0,6862802.0,6862802.0,0.0
1784663100,6862802.0,6862802.0,6862802.0,6862802.0,0.0
1784664000,6862802.0,6862802.0,6862802.0,6862802.0,0.0
1784664900,6862802.0,6862802.0,6862802.0,6862802.0,0.0
1784665800,6862802.0,6862802.0,6862802.0,6862802.0,0.0
1784666700,6862802.0,6862802.0,6862802.0,6862802.0,0.0
1784667600,6862802.0,6862802.0,6862802.0,6862802.0,0.0
1784668500,6801111.0,6801111.0,6801111.0,6801111.0,0.05710875
1784669400,6752630.0,6752630.0,6752630.0,6752630.0,0.00411987
1784670300,6752630.0,6752630.0,6752630.0,6752630.0,0.0
1784671200,6752630.0,6752630.0,6752630.0,6752630.0,0.0
1784672100,6752630.0,6752630.0,6752630.0,6752630.0,0.0
1784673000,6752643.0,6752643.0,6752643.0,6752643.0,0.0275
1784673900,6752643.0,6752643.0,6752643.0,6752643.0,0.0
1784674800,6752643.0,6752643.0,6752643.0,6752643.0,0.0
1784675700,6752643.0,6752643.0,6752643.0,6752643.0,0.0
1784676600,6752643.0,6752643.0,6752643.0,6752643.0,0.0
1784677500,6752643.0,6752643.0,6752643.0,6752643.0,0.0
1784678400,6801107.0,6801107.0,6801107.0,6801107.0,0.00146432
1784679300,6801107.0,6801107.0,6801107.0,6801107.0,0.0
1784680200,6801107.0,6801107.0,6801107.0,6801107.0,0.0
1784681100,6801107.0,6801107.0,6801107.0,6801107.0,0.0
1784682000,6801107.0,6801107.0,6801107.0,6801107.0,0.0
1784682900,6801096.0,6801096.0,6801096.0,6801096.0,0.00146432
1784683800,6801096.0,6801096.0,6801096.0,6801096.0,0.0
1784684700,6801096.0,6801096.0,6801096.0,6801096.0,0.0
1784685600,6801096.0,6801096.0,6801096.0,6801096.0,0.0
1784686500,6801096.0,6801096.0,6801096.0,6801096.0,0.00732161
1784687400,6801096.0,6801096.0,6801096.0,6801096.0,0.0
1784688300,6801096.0,6801096.0,6801096.0,6801096.0,0.00733617
1784689200,6801096.0,6801096.0,6801096.0,6801096.0,0.0
1784690100,6801096.0,6801096.0,6801096.0,6801096.0,0.0
1784691000,6801000.0,6801000.0,6801000.0,6801000.0,0.00383958
1784691900,6801000.0,6801000.0,6801000.0,6801000.0,0.0
1784692800,6801000.0,6801000.0,6801000.0,6801000.0,0.0
1784693700,6801000.0,6801000.0,6801000.0,6801000.0,0.0
1784694600,6801000.0,6801000.0,6801000.0,6801000.0,0.0
1784695500,6801097.0,6801111.0,6801097.0,6801111.0,0.05088441
1784696400,6801111.0,6801111.0,6801111.0,6801111.0,0.0
1784697300,6801111.0,6801111.0,6801111.0,6801111.0,0.0
1784698200,6801096.0,6801096.0,6801096.0,6801096.0,0.30691326
1784699100,6752639.0,6752639.0,6700000.0,6700000.0,0.0103701
1784700000,6700000.0,6700000.0,6700000.0,6700000.0,0.0
1784700900,6700000.0,6700000.0,6700000.0,6700000.0,0.0
1784701800,6700000.0,6700000.0,6700000.0,6700000.0,0.0
1784702700,6700000.0,6700000.0,6700000.0,6700000.0,0.0
1784703600,6931096.0,6931096.0,6931096.0,6931096.0,0.0054795
1784704500,6931096.0,7179999.0,6931096.0,7179999.0,0.17781613
1784705400,6798957.0,6798957.0,6798957.0,6798957.0,0.00281631
1784706300,6798957.0,6798957.0,6798957.0,6798957.0,0.0
1784707200,6706388.0,6807745.0,6706388.0,6807745.0,0.19247428
1784708100,6807745.0,6807745.0,6807745.0,6807745.0,0.0
1784709000,6807745.0,6807745.0,6807745.0,6807745.0,0.0
1784709900,6809981.0,6809981.0,6809981.0,6809981.0,0.00257093
1784710800,6809981.0,6809981.0,6809981.0,6809981.0,0.0
1784711700,6705823.0,6837551.0,6705823.0,6834026.0,0.00798547
1784712600,6834026.0,6834026.0,6834026.0,6834026.0,0.0
1784713500,6834026.0,6834026.0,6834026.0,6834026.0,0.0
1784714400,6724696.0,6724696.0,6724696.0,6724696.0,0.00250001
1784715300,6724696.0,6724696.0,6724696.0,6724696.0,0.0
1784716200,6814457.0,6814457.0,6814457.0,6814457.0,0.00244421
1784717100,6826188.0,6826188.0,6719443.0,6725191.0,0.01459834
1784718000,6725191.0,6725191.0,6725191.0,6725191.0,0.0
1784718900,7179998.0,7179998.0,7179998.0,7179998.0,0.00319568
1784719800,7179998.0,7179998.0,7179998.0,7179998.0,0.0
1784720700,7179998.0,7179998.0,7179998.0,7179998.0,0.0
1784721600,7179998.0,7179998.0,7179998.0,7179998.0,0.0
1784722500,7179998.0,7179998.0,7179998.0,7179998.0,0.0
1784723400,7179998.0,7179998.0,7179998.0,7179998.0,0.0
1784724300,7179998.0,7179998.0,7179998.0,7179998.0,0.0
1784725200,6766021.0,6777343.0,6715177.0,6777343.0,0.01234138
1784726100,6777343.0,6777343.0,6777343.0,6777343.0,0.0
1784727000,6716735.0,6716735.0,6716735.0,6716735.0,0.00747041
1784727900,6728280.0,6728280.0,6728280.0,6728280.0,0.00745066
1784728800,6700000.0,6700000.0,6700000.0,6700000.0,0.01068397
1784729700,6700000.0,6700000.0,6700000.0,6700000.0,0.0
1784730600,6700000.0,6700000.0,6700000.0,6700000.0,0.0
1784731500,6700000.0,6700000.0,6700000.0,6700000.0,0.0
1784732400,6700000.0,6700000.0,6700000.0,6700000.0,0.0
1784733300,6700000.0,6700000.0,6700000.0,6700000.0,0.0
1784734200,6700000.0,6700000.0,6700000.0,6700000.0,0.0
1784735100,6700000.0,6700000.0,6700000.0,6700000.0,0.0
1784736000,6796949.0,6796949.0,6796949.0,6796949.0,0.00147021
1784736900,6721454.0,6721454.0,6444506.0,6708384.0,0.41053098
1784737800,6796949.0,6796949.0,6796949.0,6796949.0,0.0043874
1784738700,6796949.0,6796949.0,6796949.0,6796949.0,0.0
1784739600,6796949.0,6796949.0,6796949.0,6796949.0,0.00293043
1784740500,6796949.0,6796949.0,6796949.0,6796949.0,0.0
1784741400,6444997.0,6697516.0,6444997.0,6697516.0,0.00750845
1784742300,6791402.0,6791402.0,6689086.0,6689086.0,0.00484346
1784743200,6780604.0,6780604.0,6780604.0,6780604.0,0.00367917
1784744100,6768555.0,6768555.0,6679811.0,6679811.0,0.00485982
1784745000,6679811.0,6679811.0,6679811.0,6679811.0,0.0
1784745900,6679811.0,6679811.0,6679811.0,6679811.0,0.0
1784746800,6774659.0,6774659.0,6774659.0,6774659.0,0.00147003
1784747700,6774659.0,6774659.0,6774659.0,6774659.0,0.0
1784748600,6774659.0,6774659.0,6774659.0,6774659.0,0.0
1784749500,6774659.0,6774659.0,6774659.0,6774659.0,0.0
1784750400,6555555.0,6555555.0,6555555.0,6555555.0,0.14645547
1784751300,6555555.0,6555555.0,6555555.0,6555555.0,0.0
1784752200,6555555.0,6555555.0,6555555.0,6555555.0,0.0
1784753100,6555555.0,6555555.0,6555555.0,6555555.0,0.0
1784754000,6555555.0,6555555.0,6555555.0,6555555.0,0.0
1784754900,6547991.0,6547991.0,6547991.0,6547991.0,0.80582452
1784755800,6511506.0,6511506.0,6444505.0,6444505.0,1.4463541
1784756700,6444505.0,6444505.0,6444505.0,6444505.0,0.0
1784757600,6444505.0,6444505.0,6444505.0,6444505.0,0.0
1784758500,6444505.0,6444505.0,6444505.0,6444505.0,0.0
1784759400,6444505.0,6444505.0,6444505.0,6444505.0,0.0
1784760300,6444505.0,6444505.0,6444505.0,6444505.0,0.0
1784761200,6444505.0,6444505.0,6444505.0,6444505.0,0.0
1784762100,6444505.0,6444505.0,6444505.0,6444505.0,0.0
1784763000,6444505.0,6444505.0,6444505.0,6444505.0,0.0
1784763900,6444505.0,6444505.0,6444505.0,6444505.0,0.0
1784764800,6444505.0,6444505.0,6444505.0,6444505.0,0.0
1784765700,6699097.0,6699097.0,6699097.0,6699097.0,0.00295263
1784766600,6699097.0,6699097.0,6699097.0,6699097.0,0.0
1784767500,6699097.0,6699097.0,6699097.0,6699097.0,0.0
1784768400,6699097.0,6699097.0,6699097.0,6699097.0,0.0
1784769300,6414960.0,6414960.0,6414960.0,6414960.0,0.00410778
1784770200,6506861.0,6506861.0,6506861.0,6506861.0,0.00333063
1784771100,6403140.0,6403140.0,6403140.0,6403140.0,0.0027103
1784772000,6502210.0,6504398.0,6502210.0,6504398.0,0.03396875
1784772900,6504398.0,6504398.0,6504398.0,6504398.0,0.0
1784773800,6504398.0,6504398.0,6504398.0,6504398.0,0.0
1784774700,6469239.0,6469239.0,6469239.0,6469239.0,0.00153943
1784775600,6469239.0,6469239.0,6469239.0,6469239.0,0.0
1784776500,6469239.0,6469239.0,6469239.0,6469239.0,0.0
1784777400,6469239.0,6469239.0,6469239.0,6469239.0,0.0
1784778300,6469239.0,6469239.0,6469239.0,6469239.0,0.0
1784779200,6441540.0,6441540.0,6441540.0,6441540.0,0.05211277
1784780100,6441540.0,6441540.0,6441540.0,6441540.0,0.0
1784781000,6441540.0,6441540.0,6441540.0,6441540.0,0.0
1784781900,6441540.0,6441540.0,6441540.0,6441540.0,0.0
1784782800,6441540.0,6441540.0,6441540.0,6441540.0,0.0
1784783700,6441540.0,6441540.0,6441540.0,6441540.0,0.0
1784784600,6441540.0,6441540.0,6441540.0,6441540.0,0.0
1784785500,6441540.0,6441540.0,6441540.0,6441540.0,0.0
1784786400,6441540.0,6441540.0,6441540.0,6441540.0,0.0
1784787300,6441540.0,6441540.0,6441540.0,6441540.0,0.0
1784788200,6450000.0,6450000.0,6450000.0,6450000.0,0.00463209
1784789100,6450000.0,6450000.0,6450000.0,6450000.0,0.0
1784790000,6449996.0,6449996.0,6449996.0,6449996.0,0.01953984
1784790900,6449996.0,6449996.0,6449996.0,6449996.0,0.0
1784791800,6449996.0,6449996.0,6410540.0,6442291.0,0.00950778
1784792700,6410540.0,6449996.0,6410540.0,6449996.0,0.00540154
1784793600,6410540.0,6434112.0,6410540.0,6430406.0,0.02688333
1784794500,6410540.0,6419483.0,6250000.0,6419483.0,3.6440141
1784795400,6403452.0,6412242.0,6403452.0,6412242.0,0.01008996
1784796300,6390596.0,6390596.0,6390596.0,6390596.0,0.01080697
1784797200,6390596.0,6390596.0,6390596.0,6390596.0,0.0
1784798100,6390596.0,6390596.0,6390596.0,6390596.0,0.0
1784799000,6390596.0,6390596.0,6390596.0,6390596.0,0.0
1784799900,6309648.0,6309648.0,6309648.0,6309648.0,0.00744032
1784800800,6309648.0,6309648.0,6309648.0,6309648.0,0.0
1784801700,6309648.0,6309648.0,6286613.0,6286613.0,0.00962186
1784802600,6279761.0,6279761.0,6279761.0,6279761.0,0.00424521
1784803500,6279761.0,6279761.0,6279761.0,6279761.0,0.0
1784804400,6279761.0,6279761.0,6279761.0,6279761.0,0.0
1784805300,6343896.0,6343896.0,6343896.0,6343896.0,0.0023547
1784806200,6343243.0,6449991.0,6260000.0,6449991.0,0.0425809
1784807100,6260000.0,6328508.0,6250000.0,6317623.0,0.01914014
1784808000,6250001.0,6300029.0,6250000.0,6279235.0,0.07462948
1784808900,6287717.0,6287717.0,6250000.0,6250000.0,0.10176479
1784809800,6281502.0,6281502.0,6250000.0,6250000.0,0.06083781
1784810700,6250000.0,6250000.0,6250000.0,6250000.0,0.0
1784811600,6250001.0,6260710.0,6209648.0,6260710.0,0.61823885
1784812500,6445008.0,6445009.0,6200000.0,6200000.0,1.15529252
1784813400,6190000.0,6190000.0,6050000.0,6050000.0,0.22547821
1784814300,6050000.0,6050000.0,5982615.0,5982615.0,0.97559542
1784815200,5882267.0,5940351.0,5882267.0,5940351.0,0.03365495
1784816100,5882267.0,5882267.0,5882267.0,5882267.0,0.44264058
1784817000,5800000.0,5800000.0,5800000.0,5800000.0,0.00528177
1784817900,5894127.0,5894127.0,5794462.0,5877022.0,0.10995544
1784818800,5848117.0,5850330.0,5848117.0,5850330.0,0.02259005
1784819700,5855100.0,6429981.0,5767926.0,6429981.0,0.09345563
1784820600,5844139.0,6429954.0,5844139.0,6429954.0,0.15898703
1784821500,6429954.0,6429954.0,6429954.0,6429954.0,0.0
1784822400,5918842.0,5918842.0,5918842.0,5918842.0,0.00421484
1784823300,5769217.0,6429952.0,5769217.0,5841323.0,0.00712629
1784824200,5841323.0,5841323.0,5841323.0,5841323.0,0.0
1784825100,5853121.0,5853121.0,5841323.0,5841323.0,0.03001863
1784826000,5841323.0,5841323.0,5841323.0,5841323.0,0.0
1784826900,5841323.0,5841323.0,5841323.0,5841323.0,0.0
1784827800,5811556.0,5811556.0,5811556.0,5811556.0,0.0099999
1784828700,5811556.0,5811556.0,5811556.0,5811556.0,0.0
1784829600,5811556.0,5834948.0,5811556.0,5828714.0,6.0
1784830500,5829754.0,5829754.0,5829754.0,5829754.0,0.01679899
1784831400,5832757.0,5832757.0,5832757.0,5832757.0,0.03380065
1784832300,5810000.0,5810000.0,5780000.0,5780000.0,0.02887742
1784833200,5780000.0,5780000.0,5780000.0,5780000.0,0.0
1784834100,5780000.0,5780000.0,5780000.0,5780000.0,0.0
1784835000,5780000.0,5780000.0,5769217.0,5769217.0,0.10355109
1784835900,5757701.0,5757701.0,5757701.0,5757701.0,0.00528178
1784836800,5757701.0,5757701.0,5757701.0,5757701.0,0.0
1784837700,5757701.0,5757701.0,5757701.0,5757701.0,0.0
1784838600,5757701.0,5757701.0,5757701.0,5757701.0,0.0
1784839500,5757701.0,5757701.0,5757701.0,5757701.0,0.0
1784840400,5757701.0,5757701.0,5757701.0,5757701.0,0.0
1784841300,5976323.0,5976323.0,5976323.0,5976323.0,0.04472652
1784842200,5976323.0,5976323.0,5976323.0,5976323.0,0.0
1784843100,5976323.0,5976323.0,5976323.0,5976323.0,0.0
1784844000,5976323.0,5976323.0,5976323.0,5976323.0,0.0
1784844900,5883694.0,5883694.0,5883694.0,5883694.0,0.00169264
1784845800,5883694.0,5883694.0,5883694.0,5883694.0,0.0
1784846700,5883694.0,5883694.0,5883694.0,5883694.0,0.0
1784847600,5883694.0,5883694.0,5883694.0,5883694.0,0.0
1784848500,5883694.0,5883694.0,5883694.0,5883694.0,0.0
1784849400,5883694.0,5883694.0,5883694.0,5883694.0,0.0
1784850300,5877126.0,5877126.0,5877126.0,5877126.0,0.14280296
1784851200,5877126.0,5877126.0,5877126.0,5877126.0,0.0
1784852100,5877126.0,5877126.0,5877126.0,5877126.0,0.0
1784853000,5976322.0,5976323.0,5976322.0,5976323.0,0.24996274
1784853900,5976323.0,5976323.0,5976323.0,5976323.0,0.0
1784854800,5976323.0,6250000.0,5885393.0,5885393.0,2.92307064
1784855700,5839544.0,5839544.0,5839544.0,5839544.0,0.00478411
1784856600,5879725.0,6249999.0,5879725.0,6249999.0,0.01687688
1784857500,5839545.0,5839545.0,5839544.0,5839544.0,0.15728293
1784858400,5839546.0,5861237.0,5839546.0,5861237.0,0.03216777
1784859300,5856433.0,5856433.0,5856433.0,5856433.0,0.00395582
1784860200,5839545.0,5839545.0,5839544.0,5839544.0,0.24259877
1784861100,5802310.0,6000000.0,5802310.0,6000000.0,0.80203143
1784862000,6000000.0,6000000.0,6000000.0,6000000.0,0.0
1784862900,5799544.0,5799544.0,5799544.0,5799544.0,0.00203143
1784863800,5799544.0,5799544.0,5799544.0,5799544.0,0.0
1784864700,5799544.0,5799544.0,5799544.0,5799544.0,0.0
1784865600,5823045.0,5823045.0,5823045.0,5823045.0,0.00300753
1784866500,5808269.0,5808269.0,5799542.0,5799542.0,0.00482986
1784867400,5799542.0,5799542.0,5799542.0,5799542.0,0.0
1784868300,5799542.0,5799542.0,5799542.0,5799542.0,0.0
1784869200,5799542.0,5799542.0,5799542.0,5799542.0,0.0
1784870100,5845798.0,5857002.0,5800910.0,5857001.0,2.54185065
1784871000,5857002.0,5857002.0,5857001.0,5857001.0,0.21153521
1784871900,5857001.0,6239874.0,5857001.0,5857001.0,0.2225751
1784872800,5857001.0,5857001.0,5857001.0,5857001.0,0.94359641
1784873700,5857001.0,6239791.0,5857001.0,6239791.0,0.02917331
1784874600,6239791.0,6239791.0,6239791.0,6239791.0,0.0
1784875500,5857003.0,5857003.0,5857001.0,5857001.0,0.06946224
1784876400,5857001.0,5857001.0,5857001.0,5857001.0,0.0
1784877300,6239667.0,6239667.0,5857002.0,5857002.0,0.00649072
1784878200,6139630.0,6139630.0,6139630.0,6139630.0,0.00165189
1784879100,5899633.0,5899633.0,5899633.0,5899633.0,0.00936947
1784880000,5919635.0,5919635.0,5919635.0,5919635.0,0.00403892
1784880900,5919635.0,5919635.0,5919635.0,5919635.0,0.0
1784881800,5919635.0,5919635.0,5919635.0,5919635.0,0.0
1784882700,5919635.0,5919635.0,5919635.0,5919635.0,0.03542818
1784883600,5919635.0,5919635.0,5857002.0,5857002.0,0.00670692
1784884500,5857002.0,5857002.0,5857002.0,5857002.0,0.0
1784885400,5857002.0,5857002.0,5857002.0,5857002.0,0.0
1784886300,5857002.0,5857002.0,5857002.0,5857002.0,0.0
1784887200,5857002.0,5857002.0,5857002.0,5857002.0,0.0
1784888100,5857002.0,5857002.0,5857002.0,5857002.0,0.0
1784889000,5857002.0,5857002.0,5857002.0,5857002.0,0.0
1784889900,5857002.0,5857002.0,5857001.0,5857001.0,0.06578092
1784890800,5909614.0,5909614.0,5909614.0,5909614.0,0.08681869
1784891700,5857001.0,5857001.0,5857001.0,5857001.0,0.00728017
1784892600,5889613.0,5889613.0,5857001.0,5857001.0,0.00562515
1784893500,5857001.0,5857001.0,5857001.0,5857001.0,0.0
1784894400,5879604.0,5879604.0,5879604.0,5879604.0,0.04743737
1784895300,5879604.0,5879604.0,5857001.0,5857001.0,0.68531467
1784896200,5856998.0,5856998.0,5856998.0,5856998.0,0.0207813
1784897100,5857001.0,5919631.0,5857001.0,5919631.0,0.00844406
1784898000,5800914.0,5800914.0,5800914.0,5800914.0,0.00395582
1784898900,5800914.0,5800914.0,5800914.0,5800914.0,0.0
1784899800,5800914.0,5800914.0,5800909.0,5800909.0,3.45848253
1784900700,5919631.0,6229004.0,5750000.0,5750000.0,1.04167787
1784901600,5750002.0,5750002.0,5750000.0,5750000.0,1.79128886
1784902500,6228997.0,6228997.0,5717998.0,5717998.0,0.02322732
1784903400,5717998.0,5717998.0,5717998.0,5717998.0,0.0
1784904300,5717998.0,5717998.0,5546800.0,5546800.0,0.17714284
1784905200,5999681.0,5999681.0,5999681.0,5999681.0,0.00420038
1784906100,5559675.0,5999681.0,5559675.0,5999681.0,0.03465866
1784907000,5999681.0,5999681.0,5999681.0,5999681.0,0.00331984
1784907900,5552211.0,5552211.0,5521944.0,5521944.0,0.29593579
1784908800,5599674.0,5599674.0,5599674.0,5599674.0,0.01797265
1784909700,5999681.0,5999681.0,5999681.0,5999681.0,0.00165992
1784910600,5999681.0,5999681.0,5999681.0,5999681.0,0.00165992
1784911500,5999680.0,5999680.0,5999680.0,5999680.0,0.0031645
1784912400,5999672.0,5999673.0,5999672.0,5999673.0,0.01103509
1784913300,5999673.0,5999673.0,5999673.0,5999673.0,0.0
1784914200,5999673.0,5999673.0,5999673.0,5999673.0,0.0
1784915100,5547983.0,5547983.0,5547983.0,5547983.0,0.00242711
1784916000,5999671.0,5999680.0,5999671.0,5999680.0,0.08098341
1784916900,5999679.0,5999679.0,5999679.0,5999679.0,0.00910064
1784917800,5999679.0,5999680.0,5999679.0,5999680.0,0.0162247
1784918700,5999680.0,5999680.0,5999680.0,5999680.0,0.0
1784919600,5548112.0,5548112.0,5548068.0,5548068.0,0.01702524
1784920500,5548068.0,5548068.0,5548068.0,5548068.0,0.0
1784921400,5548068.0,5548068.0,5548068.0,5548068.0,0.0
1784922300,5548068.0,5548068.0,5548068.0,5548068.0,0.0
1784923200,5548068.0,5548068.0,5548068.0,5548068.0,0.0
1784924100,5548068.0,5548068.0,5548068.0,5548068.0,0.0
1784925000,5548068.0,5548068.0,5548068.0,5548068.0,0.0
1784925900,5548068.0,5548068.0,5548068.0,5548068.0,0.0
1784926800,5548068.0,5548068.0,5548068.0,5548068.0,0.0
1784927700,5548068.0,5548068.0,5548068.0,5548068.0,0.0
1784928600,5548068.0,5548068.0,5548068.0,5548068.0,0.0
1784929500,5548068.0,5548068.0,5548068.0,5548068.0,0.0
1784930400,5999672.0,5999680.0,5999672.0,5999680.0,0.71163055
1784931300,5999680.0,5999680.0,5999680.0,5999680.0,0.00871329
1784932200,5999680.0,5999680.0,5578459.0,5578459.0,0.00502292
1784933100,5578501.0,5578501.0,5578501.0,5578501.0,0.01466122
1784934000,5578501.0,5578501.0,5578501.0,5578501.0,0.0
1784934900,5999679.0,5999680.0,5500019.0,5500019.0,0.71994666
1784935800,5500019.0,5500019.0,5500019.0,5500019.0,0.0
1784936700,5745849.0,5745849.0,5745849.0,5745849.0,0.00242644
1784937600,5745846.0,5745852.0,5745846.0,5745852.0,0.0215218
1784938500,5745852.0,5745852.0,5745852.0,5745852.0,0.0
1784939400,5745852.0,5745852.0,5745852.0,5745852.0,0.0
1784940300,5745852.0,5745852.0,5745852.0,5745852.0,0.0
1784941200,5745852.0,5745852.0,5745852.0,5745852.0,0.0
1784942100,5745851.0,5745851.0,5548761.0,5548761.0,0.01868042
1784943000,5745851.0,5745851.0,5745851.0,5745851.0,0.00173325
1784943900,5745851.0,5745851.0,5745851.0,5745851.0,0.0
1784944800,5645849.0,5645849.0,5645849.0,5645849.0,0.01086001
1784945700,5645849.0,5645849.0,5645849.0,5645849.0,0.0
1784946600,5645849.0,5745852.0,5645849.0,5745851.0,0.02094085
1784947500,5745851.0,5745851.0,5745851.0,5745851.0,0.0
1784948400,5745851.0,5745854.0,5745851.0,5745854.0,0.03364304
1784949300,5745854.0,5745854.0,5745854.0,5745854.0,0.0
1784950200,5745854.0,5745854.0,5745854.0,5745854.0,0.0
1784951100,5745854.0,5745854.0,5745854.0,5745854.0,0.0
1784952000,5552155.0,5999679.0,5552154.0,5745848.0,0.07436077
1784952900,5999675.0,5999679.0,5999675.0,5999679.0,0.04149823
1784953800,5555624.0,5555624.0,5555624.0,5555624.0,0.0082916
1784954700,5999672.0,5999680.0,5999672.0,5999680.0,0.03298227
1784955600,5999680.0,5999680.0,5999680.0,5999680.0,0.0
1784956500,5999679.0,5999679.0,5999679.0,5999679.0,0.00714138
1784957400,5999679.0,5999679.0,5999679.0,5999679.0,0.01028871
1784958300,5999679.0,5999679.0,5999679.0,5999679.0,0.0
1784959200,5999679.0,5999679.0,5999679.0,5999679.0,0.0
1784960100,5999679.0,5999680.0,5999679.0,5999680.0,0.12805166
1784961000,5568959.0,5568959.0,5555671.0,5555671.0,0.19396376
1784961900,5999363.0,5999364.0,5999363.0,5999364.0,0.02490014
1784962800,5999376.0,5999376.0,5999376.0,5999376.0,0.00166
1784963700,5709368.0,5709368.0,5709368.0,5709368.0,0.01100975
1784964600,5709368.0,5709368.0,5709368.0,5709368.0,0.0
1784965500,5565837.0,5565837.0,5565837.0,5565837.0,0.00196077
1784966400,5565900.0,5699364.0,5565900.0,5699364.0,0.07311545
1784967300,5699364.0,5699364.0,5699364.0,5699364.0,0.0
1784968200,5699364.0,5699364.0,5699364.0,5699364.0,0.0
1784969100,5699364.0,5699364.0,5699364.0,5699364.0,0.0
1784970000,5576213.0,5576213.0,5576213.0,5576213.0,0.01218661
1784970900,5578004.0,5999370.0,5578002.0,5999370.0,0.04437385
1784971800,5999370.0,5999370.0,5999370.0,5999370.0,0.00182919
1784972700,5999370.0,5999370.0,5999370.0,5999370.0,0.00654318
1784973600,5578024.0,5578024.0,5578024.0,5578024.0,0.00654318
1784974500,5578024.0,5578024.0,5578024.0,5578024.0,0.0
1784975400,5578024.0,5578024.0,5578024.0,5578024.0,0.0
1784976300,5578024.0,5578024.0,5578024.0,5578024.0,0.0
1784977200,5578024.0,5578024.0,5578024.0,5578024.0,0.0
1784978100,5576283.0,5576283.0,5576283.0,5576283.0,0.00832794
1784979000,5999360.0,5999360.0,5999360.0,5999360.0,0.0041116
1784979900,5999329.0,5999329.0,5999329.0,5999329.0,0.00332653
1784980800,5999329.0,5999329.0,5999329.0,5999329.0,0.0
1784981700,5999357.0,5999357.0,5999353.0,5999354.0,0.00510254
1784982600,5999358.0,5999360.0,5999358.0,5999360.0,0.02183398
1784983500,5576358.0,5799352.0,5576200.0,5576200.0,0.0435269
1784984400,5629355.0,5629355.0,5576200.0,5576200.0,0.0108913
1784985300,5576200.0,5576200.0,5576200.0,5576200.0,0.0
1784986200,5576200.0,5576200.0,5576200.0,5576200.0,0.0
1784987100,5576200.0,5576200.0,5576200.0,5576200.0,0.0
1784988000,5899359.0,5999359.0,5899359.0,5999359.0,0.00624142
1784988900,5999359.0,5999359.0,5999359.0,5999359.0,0.0
1784989800,5999359.0,5999359.0,5999359.0,5999359.0,0.0
1784990700,5999359.0,5999359.0,5999359.0,5999359.0,0.0
1784991600,5999359.0,5999359.0,5999359.0,5999359.0,0.0
1784992500,5899350.0,5899350.0,5899350.0,5899350.0,0.00335308
1784993400,5716197.0,5716197.0,5576196.0,5576196.0,0.04691402
1784994300,5899350.0,5899357.0,5899350.0,5899357.0,0.0033763
1784995200,5899357.0,5899357.0,5899357.0,5899357.0,0.0
1784996100,5899357.0,5999358.0,5899357.0,5999358.0,0.02831422
1784997000,5999358.0,5999358.0,5999358.0,5999358.0,0.0
1784997900,5999358.0,5999358.0,5999358.0,5999358.0,0.00166001
1784998800,5999358.0,5999358.0,5999358.0,5999358.0,0.0
1784999700,5999358.0,5999358.0,5999358.0,5999358.0,0.0166001
1785000600,5999358.0,5999358.0,5999358.0,5999358.0,0.0
1785001500,5999358.0,5999358.0,5999358.0,5999358.0,0.0
1785002400,5999358.0,5999358.0,5999358.0,5999358.0,0.0
1785003300,5999358.0,5999358.0,5999358.0,5999358.0,0.0
1785004200,5999358.0,5999358.0,5999358.0,5999358.0,0.0
1785005100,5836209.0,5836209.0,5576301.0,5576302.0,0.02695086
1785006000,5999357.0,5999357.0,5999357.0,5999357.0,0.00230724
1785006900,5576325.0,5576325.0,5576325.0,5576325.0,0.00230724
1785007800,5576325.0,5576325.0,5576325.0,5576325.0,0.0
1785008700,5576325.0,5576325.0,5576325.0,5576325.0,0.0
1785009600,5576325.0,5576325.0,5576325.0,5576325.0,0.0
1785010500,5576325.0,5576325.0,5576325.0,5576325.0,0.0
1785011400,5576325.0,5576325.0,5576325.0,5576325.0,0.0
1785012300,5576325.0,5576325.0,5576325.0,5576325.0,0.0
1785013200,5576325.0,5576325.0,5576325.0,5576325.0,0.0
1785014100,5576325.0,5576325.0,5576325.0,5576325.0,0.0
1785015000,5576325.0,5576325.0,5576325.0,5576325.0,0.0
1785015900,5576325.0,5576325.0,5576325.0,5576325.0,0.0
1785016800,5576325.0,5576325.0,5576325.0,5576325.0,0.0
1785017700,5576325.0,5576325.0,5576325.0,5576325.0,0.0
1785018600,5576325.0,5576325.0,5576325.0,5576325.0,0.0
1785019500,5576325.0,5576325.0,5576325.0,5576325.0,0.0
1785020400,5577646.0,5577646.0,5577646.0,5577646.0,0.01459861
1785021300,5624984.0,5764986.0,5624984.0,5764986.0,0.0322883
1785022200,5764986.0,5764986.0,5764986.0,5764986.0,0.0
1785023100,5764986.0,5764986.0,5764986.0,5764986.0,0.0
1785024000,5764986.0,5764986.0,5764986.0,5764986.0,0.0
1785024900,5764986.0,5764986.0,5764986.0,5764986.0,0.0
1785025800,5764986.0,5764986.0,5764986.0,5764986.0,0.0
1785026700,5834998.0,5864999.0,5834998.0,5864999.0,0.0421394
1785027600,5864999.0,5864999.0,5864999.0,5864999.0,0.0
1785028500,5864999.0,5864999.0,5864999.0,5864999.0,0.00709207
1785029400,5864999.0,5864999.0,5864999.0,5864999.0,0.0
1785030300,5864999.0,5864999.0,5864999.0,5864999.0,0.01460358
1785031200,5864999.0,5864999.0,5864999.0,5864999.0,0.0
1785032100,5864999.0,5864999.0,5864999.0,5864999.0,0.0
1785033000,5864999.0,5864999.0,5864999.0,5864999.0,0.0
1785033900,5864999.0,5864999.0,5864999.0,5864999.0,0.00169803
1785034800,5677699.0,5677699.0,5577695.0,5577695.0,0.00484226
1785035700,5577695.0,5577695.0,5577695.0,5577695.0,0.0
1785036600,5577695.0,5577695.0,5577695.0,5577695.0,0.0
1785037500,5864999.0,5864999.0,5864999.0,5864999.0,0.01698039
1785038400,5864999.0,5864999.0,5864999.0,5864999.0,0.0
1785039300,5864999.0,5864999.0,5864999.0,5864999.0,0.0
1785040200,5864999.0,5864999.0,5864999.0,5864999.0,0.0
1785041100,5864999.0,5864999.0,5864999.0,5864999.0,0.0
1785042000,5864999.0,5864999.0,5864999.0,5864999.0,0.00177067
1785042900,5864999.0,5864999.0,5864999.0,5864999.0,0.0
1785043800,5864999.0,5864999.0,5864999.0,5864999.0,0.0
1785044700,5864999.0,5864999.0,5864999.0,5864999.0,0.0
1785045600,5864999.0,5864999.0,5864999.0,5864999.0,0.0
1785046500,5864999.0,5864999.0,5864999.0,5864999.0,0.0
1785047400,5864999.0,5864999.0,5864999.0,5864999.0,0.0
1785048300,5899357.0,5999369.0,5697759.0,5697759.0,0.5219542
1785049200,5697759.0,5697759.0,5697759.0,5697759.0,0.0
1785050100,5829346.0,5829346.0,5829346.0,5829346.0,0.02684423
1785051000,5829346.0,5829346.0,5829346.0,5829346.0,0.0
1785051900,5829346.0,5829346.0,5829346.0,5829346.0,0.0
1785052800,5827801.0,5827801.0,5697760.0,5697760.0,0.01768969
1785053700,5827769.0,5827769.0,5697760.0,5697760.0,0.00624115
1785054600,5697760.0,5697760.0,5697760.0,5697760.0,0.0
1785055500,5697760.0,5697760.0,5697760.0,5697760.0,0.0
1785056400,5697760.0,5697760.0,5697760.0,5697760.0,0.0
1785057300,5697760.0,5697760.0,5697760.0,5697760.0,0.0
1785058200,5697760.0,5697760.0,5697760.0,5697760.0,0.0
1785059100,5697760.0,5697760.0,5697760.0,5697760.0,0.0
1785060000,5697760.0,5697760.0,5697760.0,5697760.0,0.0
1785060900,5697760.0,5697760.0,5697760.0,5697760.0,0.0
1785061800,5697760.0,5697760.0,5697760.0,5697760.0,0.0
1785062700,5697760.0,5697760.0,5697760.0,5697760.0,0.0
1785063600,5697760.0,5697760.0,5697760.0,5697760.0,0.0
1785064500,5697760.0,5697760.0,5697760.0,5697760.0,0.0
1785065400,5697760.0,5697760.0,5697760.0,5697760.0,0.0
1785066300,5697760.0,5697760.0,5697760.0,5697760.0,0.0
1785067200,5827769.0,5827769.0,5697760.0,5697760.0,0.2282823
1785068100,5697760.0,5697760.0,5697760.0,5697760.0,0.0
1785069000,5697760.0,5697760.0,5697760.0,5697760.0,0.0
1785069900,5697760.0,5697760.0,5697760.0,5697760.0,0.0
1785070800,5697760.0,5697760.0,5697760.0,5697760.0,0.0
1785071700,5697760.0,5697760.0,5697760.0,5697760.0,0.0
1785072600,5697760.0,5697760.0,5697760.0,5697760.0,0.0
1785073500,5999361.0,5999361.0,5999361.0,5999361.0,0.00415827
1785074400,5827769.0,5827769.0,5614561.0,5614561.0,0.0106255
1785075300,5999361.0,5999361.0,5999361.0,5999361.0,0.00264378
1785076200,5999361.0,5999361.0,5999361.0,5999361.0,0.0
1785077100,5827195.0,5999361.0,5612071.0,5999361.0,0.09426288
1785078000,5999361.0,5999361.0,5999361.0,5999361.0,0.0
1785078900,5999361.0,5999361.0,5999361.0,5999361.0,0.0
1785079800,5999361.0,5999361.0,5999361.0,5999361.0,0.0
1785080700,5999361.0,5999361.0,5999361.0,5999361.0,0.0
1785081600,5999361.0,5999361.0,5999361.0,5999361.0,0.0
1785082500,5999361.0,5999361.0,5999361.0,5999361.0,0.0
1785083400,5999361.0,5999361.0,5999361.0,5999361.0,0.0
1785084300,5999361.0,5999361.0,5999361.0,5999361.0,0.0
1785085200,5608351.0,5608351.0,5608351.0,5608351.0,0.00676869
1785086100,5608351.0,5608351.0,5608351.0,5608351.0,0.0
1785087000,5608351.0,5608351.0,5608351.0,5608351.0,0.0
1785087900,5608351.0,5608351.0,5608351.0,5608351.0,0.0
1785088800,5608351.0,5608351.0,5608351.0,5608351.0,0.0
1785089700,5608510.0,5608510.0,5608510.0,5608510.0,0.0027103
1785090600,5608510.0,5608510.0,5608510.0,5608510.0,0.0
1785091500,5608591.0,5608591.0,5608591.0,5608591.0,0.01
1785092400,5999292.0,5999292.0,5999292.0,5999292.0,0.00207007
1785093300,5999292.0,5999292.0,5999292.0,5999292.0,0.0
1785094200,5608500.0,5608500.0,5603890.0,5603890.0,0.5958592
1785095100,5603890.0,5603890.0,5603890.0,5603890.0,0.0
1785096000,5603890.0,5603890.0,5603890.0,5603890.0,0.0
1785096900,5603890.0,5603890.0,5603890.0,5603890.0,0.0
1785097800,5603890.0,5603890.0,5603890.0,5603890.0,0.0
1785098700,5650890.0,5650890.0,5650890.0,5650890.0,0.01676869
1785099600,5606467.0,5606467.0,5586466.0,5586466.0,0.03079074
1785100500,5586466.0,5586466.0,5586466.0,5586466.0,0.0
1785101400,5586466.0,5586466.0,5586466.0,5586466.0,0.0
1785102300,5586466.0,5586466.0,5586466.0,5586466.0,0.0
1785103200,5586466.0,5586466.0,5586466.0,5586466.0,0.0
1785104100,5586466.0,5586466.0,5586466.0,5586466.0,0.0
1785105000,5707042.0,5707106.0,5707042.0,5707106.0,0.01047016
1785105900,5687494.0,5707502.0,5687494.0,5707502.0,0.04044978
1785106800,5707502.0,5707502.0,5707502.0,5707502.0,0.0
1785107700,5707502.0,5707502.0,5707502.0,5707502.0,0.0
1785108600,5707502.0,5707502.0,5707502.0,5707502.0,0.0
1785109500,5939993.0,5939993.0,5939988.0,5939989.0,0.01535659
1785110400,5776200.0,5776200.0,5776200.0,5776200.0,0.00304
1785111300,5776200.0,5776200.0,5776200.0,5776200.0,0.0
1785112200,5776200.0,5939989.0,5576207.0,5939989.0,0.00612425
1785113100,5576503.0,5576503.0,5576502.0,5576502.0,0.04298444
1785114000,5576502.0,5576502.0,5576502.0,5576502.0,0.0
1785114900,5576502.0,5576502.0,5576502.0,5576502.0,0.0
1785115800,5939982.0,5939982.0,5576217.0,5576217.0,0.05380084
1785116700,5576217.0,5576217.0,5576217.0,5576217.0,0.0
1785117600,5576217.0,5576217.0,5576217.0,5576217.0,0.0
1785118500,5939980.0,5939980.0,5939980.0,5939980.0,0.0033532
1785119400,5939980.0,5939980.0,5939980.0,5939980.0,0.0
1785120300,5939980.0,5939980.0,5939980.0,5939980.0,0.0
1785121200,5576238.0,5939939.0,5576238.0,5939939.0,0.00906424
1785122100,5939939.0,5939939.0,5939939.0,5939939.0,0.0
1785123000,5939939.0,5939939.0,5939939.0,5939939.0,0.0
1785123900,5619927.0,5939932.0,5619927.0,5939932.0,0.03346385
1785124800,5939932.0,5939932.0,5939932.0,5939932.0,0.0
1785125700,5576317.0,5576317.0,5576296.0,5576296.0,0.03346385
1785126600,5576240.0,5576240.0,5576238.0,5576238.0,0.01367999
1785127500,5576238.0,5576238.0,5576238.0,5576238.0,0.0
1785128400,5576238.0,5576238.0,5576238.0,5576238.0,0.0
1785129300,5629988.0,5699990.0,5629988.0,5699990.0,0.049349
1785130200,5699990.0,5699990.0,5699990.0,5699990.0,0.0
1785131100,5699990.0,5699990.0,5699990.0,5699990.0,0.0
1785132000,5699990.0,5699990.0,5699990.0,5699990.0,0.0
1785132900,5699990.0,5699990.0,5699990.0,5699990.0,0.0
1785133800,5639993.0,5899990.0,5639993.0,5899990.0,0.01343837
1785134700,5799890.0,5799890.0,5799890.0,5799890.0,0.0017171
1785135600,5799890.0,5799890.0,5799890.0,5799890.0,0.0
1785136500,5799890.0,5799890.0,5799890.0,5799890.0,0.0
1785137400,5799890.0,5799890.0,5799890.0,5799890.0,0.0
1785138300,5799890.0,5799890.0,5799890.0,5799890.0,0.0
1785139200,5899899.0,5899899.0,5899899.0,5899899.0,0.01804809
1785140100,5899899.0,5899899.0,5576244.0,5576244.0,0.14548349
1785141000,5576244.0,5576244.0,5576244.0,5576244.0,0.0
1785141900,5576244.0,5576244.0,5576244.0,5576244.0,0.0
1785142800,5696247.0,5696247.0,5696247.0,5696247.0,0.00355099
1785143700,5696247.0,5696247.0,5696247.0,5696247.0,0.0
1785144600,5696247.0,5696247.0,5696247.0,5696247.0,0.0
1785145500,5696247.0,5696247.0,5576244.0,5576244.0,0.00830005
1785146400,5576244.0,5576244.0,5576244.0,5576244.0,0.0
1785147300,5576244.0,5576244.0,5576244.0,5576244.0,0.0
1785148200,5576244.0,5576244.0,5576244.0,5576244.0,0.0
1785149100,5576244.0,5576244.0,5576244.0,5576244.0,0.0
1785150000,5686246.0,5686246.0,5576193.0,5576193.0,0.20903507
1785150900,5576193.0,5576193.0,5576193.0,5576193.0,0.0
1785151800,5576193.0,5576193.0,5576193.0,5576193.0,0.0
1785152700,5686196.0,5899885.0,5576199.0,5899885.0,0.06740284
1785153600,5899885.0,5899885.0,5899885.0,5899885.0,0.0
1785154500,5899880.0,5899880.0,5686202.0,5686202.0,0.00651023
1785155400,5686202.0,5686202.0,5686202.0,5686202.0,0.0
1785156300,5686202.0,5686202.0,5686202.0,5686202.0,0.0
1785157200,5686202.0,5849999.0,5686202.0,5849999.0,0.01681882
1785158100,5840000.0,5840000.0,5686202.0,5686202.0,0.00581986
1785159000,5686202.0,5686202.0,5686202.0,5686202.0,0.0
1785159900,5686202.0,5686202.0,5686202.0,5686202.0,0.0
1785160800,5686202.0,5686202.0,5576199.0,5576199.0,0.03480185
1785161700,5576199.0,5576199.0,5576199.0,5576199.0,0.0
1785162600,5839999.0,5839999.0,5839999.0,5839999.0,0.00999485
1785163500,5676201.0,5676201.0,5569202.0,5569202.0,1.45007153
1785164400,5839994.0,5839995.0,5839994.0,5839995.0,0.00511592
1785165300,5839995.0,5839995.0,5839995.0,5839995.0,0.0
1785166200,5839995.0,5839995.0,5839995.0,5839995.0,0.0
1785167100,5669212.0,5839999.0,5550009.0,5839999.0,0.02414806
1785168000,5839999.0,5839999.0,5839999.0,5839999.0,0.0
1785168900,5839999.0,5839999.0,5839999.0,5839999.0,0.00343441
1785169800,5650119.0,5650119.0,5650119.0,5650119.0,0.0032635
1785170700,5839999.0,5839999.0,5839999.0,5839999.0,0.0039827
1785171600,5839999.0,5839999.0,5839999.0,5839999.0,0.0
1785172500,5839991.0,5839991.0,5555556.0,5555556.0,0.00909403
1785173400,5555556.0,5555556.0,5555556.0,5555556.0,0.0
1785174300,5839994.0,5839994.0,5839994.0,5839994.0,0.01706525
1785175200,5839994.0,5839994.0,5839994.0,5839994.0,0.0
1785176100,5839994.0,5839994.0,5839994.0,5839994.0,0.0
1785177000,5839990.0,5839990.0,5555555.0,5555555.0,1.40940086
1785177900,5555555.0,5555555.0,5550000.0,5550000.0,0.00815795
1785178800,5550000.0,5550000.0,5550000.0,5550000.0,0.0
1785179700,5550000.0,5550000.0,5550000.0,5550000.0,0.0
1785180600,5550000.0,5550000.0,5550000.0,5550000.0,0.0
1785181500,5550000.0,5550000.0,5550000.0,5550000.0,0.0
1785182400,5550000.0,5550000.0,5550000.0,5550000.0,0.0
1785183300,5839988.0,5839988.0,5839988.0,5839988.0,0.00341062
1785184200,5839988.0,5839988.0,5839988.0,5839988.0,0.0
1785185100,5839988.0,5839988.0,5839988.0,5839988.0,0.0
1785186000,5839988.0,5839988.0,5839988.0,5839988.0,0.0
1785186900,5839988.0,5839988.0,5839988.0,5839988.0,0.0
1785187800,5609983.0,5609983.0,5609983.0,5609983.0,0.01047923
1785188700,5659978.0,5659978.0,5659978.0,5659978.0,0.02336472
1785189600,5659978.0,5659978.0,5659978.0,5659978.0,0.0
1785190500,5659978.0,5659978.0,5659978.0,5659978.0,0.0
1785191400,5659978.0,5659978.0,5659978.0,5659978.0,0.0
1785192300,5659978.0,5659978.0,5659978.0,5659978.0,0.0
1785193200,5659978.0,5659978.0,5659978.0,5659978.0,0.0
1785194100,5659978.0,5659978.0,5659978.0,5659978.0,0.0
1785195000,5659978.0,5659978.0,5659978.0,5659978.0,0.0
1785195900,5655559.0,5655559.0,5555556.0,5555556.0,0.01706497
1785196800,5839989.0,5839989.0,5839989.0,5839989.0,0.18928151
1785197700,5839989.0,5839989.0,5839989.0,5839989.0,0.0
1785198600,5839989.0,5839989.0,5839989.0,5839989.0,0.0
1785199500,5839989.0,5839989.0,5839989.0,5839989.0,0.0
1785200400,5839989.0,5839989.0,5839989.0,5839989.0,0.0
1785201300,5839989.0,5839989.0,5839989.0,5839989.0,0.00221678
1785202200,5839989.0,5839989.0,5839989.0,5839989.0,0.0
1785203100,5839989.0,5839989.0,5839989.0,5839989.0,0.0
1785204000,5655559.0,5655559.0,5555555.0,5555555.0,0.24996274
1785204900,5555555.0,5555555.0,5555555.0,5555555.0,0.0
1785205800,5555555.0,5555555.0,5555555.0,5555555.0,0.0
1785206700,5555555.0,5555555.0,5555555.0,5555555.0,0.0
1785207600,5839986.0,5839987.0,5839986.0,5839987.0,0.01278975
1785208500,5839987.0,5839987.0,5839987.0,5839987.0,0.0
1785209400,5839987.0,5839987.0,5839987.0,5839987.0,0.0
1785210300,5625559.0,5625559.0,5555555.0,5555555.0,0.01772638
1785211200,5555555.0,5555555.0,5555555.0,5555555.0,0.0
1785212100,5555648.0,5555648.0,5555648.0,5555648.0,0.00841096
1785213000,5699990.0,5799993.0,5699990.0,5799993.0,0.01012803
1785213900,5799993.0,5799993.0,5799993.0,5799993.0,0.0
1785214800,5799993.0,5799993.0,5799993.0,5799993.0,0.0
1785215700,5799993.0,5799993.0,5799993.0,5799993.0,0.0
1785216600,5799993.0,5799993.0,5799993.0,5799993.0,0.0
1785217500,5799993.0,5799993.0,5799993.0,5799993.0,0.0
1785218400,5799993.0,5799993.0,5799993.0,5799993.0,0.00266552
1785219300,5615688.0,5799992.0,5500000.0,5799992.0,1.62946238
1785220200,5799992.0,5799992.0,5799992.0,5799992.0,0.00171707
1785221100,5799992.0,5799992.0,5799992.0,5799992.0,0.0
1785222000,5799992.0,5799992.0,5799992.0,5799992.0,0.0
1785222900,5799992.0,5799992.0,5799992.0,5799992.0,0.0
1785223800,5799992.0,5799992.0,5799992.0,5799992.0,0.0
1785224700,5799992.0,5799992.0,5799992.0,5799992.0,0.0
1785225600,5799992.0,5799992.0,5799992.0,5799992.0,0.0
1785226500,5799992.0,5799992.0,5799992.0,5799992.0,0.0
1785227400,5799992.0,5799992.0,5799992.0,5799992.0,0.0
1785228300,5799992.0,5799992.0,5799992.0,5799992.0,0.0
1785229200,5799992.0,5799992.0,5799992.0,5799992.0,0.0
1785230100,5799992.0,5799992.0,5799992.0,5799992.0,0.0
1785231000,5799992.0,5799992.0,5799992.0,5799992.0,0.0
1785231900,5749998.0,5749998.0,5600005.0,5600005.0,0.00518107
1785232800,5749998.0,5749999.0,5749998.0,5749999.0,0.01082835
1785233700,5749999.0,5749999.0,5749999.0,5749999.0,0.003464
1785234600,5749999.0,5749999.0,5749999.0,5749999.0,0.00950139
1785235500,5749999.0,5749999.0,5749999.0,5749999.0,0.0
1785236400,5600509.0,5600509.0,5500501.0,5500501.0,0.04472652
1785237300,5749999.0,5749999.0,5749999.0,5749999.0,0.33107327
1785238200,5749999.0,5749999.0,5749999.0,5749999.0,0.0049073
1785239100,5749999.0,5749999.0,5749999.0,5749999.0,0.0
1785240000,5749998.0,5749998.0,5749998.0,5749998.0,0.0020746
1785240900,5749998.0,5749998.0,5749998.0,5749998.0,0.0
1785241800,5749998.0,5749998.0,5749998.0,5749998.0,0.0
1785242700,5749998.0,5749998.0,5749998.0,5749998.0,0.0381047
1785243600,5603000.0,5603000.0,5600509.0,5600509.0,0.00950139
1785244500,5600509.0,5600509.0,5600509.0,5600509.0,0.0
1785245400,5749998.0,5749998.0,5749998.0,5749998.0,0.00867722
1785246300,5749998.0,5749998.0,5749998.0,5749998.0,0.0
1785247200,5749998.0,5749998.0,5749998.0,5749998.0,0.0
1785248100,5600509.0,5600509.0,5500000.0,5500000.0,1.7399832
1785249000,5600029.0,5749993.0,5000000.0,5000005.0,6.95052138
1785249900,5499999.0,5499999.0,5499999.0,5499999.0,0.004074
1785250800,5400027.0,5749975.0,5400027.0,5749975.0,0.19834476
1785251700,5749975.0,5749975.0,5749975.0,5749975.0,0.0
1785252600,5628900.0,5628900.0,5628900.0,5628900.0,0.02623745
1785253500,5628900.0,5628900.0,5628900.0,5628900.0,0.0
1785254400,5628900.0,5628900.0,5628900.0,5628900.0,0.0
1785255300,5628900.0,5628900.0,5628900.0,5628900.0,0.0
1785256200,5628900.0,5628900.0,5628900.0,5628900.0,0.0
1785257100,5628900.0,5628900.0,5628900.0,5628900.0,0.0
1785258000,5628900.0,5748906.0,5400000.0,5500000.0,2.41038019
1785258900,5500000.0,5500000.0,5500000.0,5500000.0,0.43592584
1785259800,5500000.0,5500000.0,5500000.0,5500000.0,0.08741378
1785260700,5500000.0,5500000.0,5500000.0,5500000.0,0.10902971
1785261600,5500000.0,5500000.0,5500000.0,5500000.0,0.04539211
1785262500,5500000.0,5500000.0,5500000.0,5500000.0,0.08710874
1785263400,5500000.0,5500000.0,5461063.0,5500000.0,0.16042146
1785264300,5500000.0,5500000.0,5500000.0,5500000.0,0.06542384
1785265200,5500000.0,5500000.0,5500000.0,5500000.0,0.0
1785266100,5500000.0,5500000.0,5500000.0,5500000.0,0.0
1785267000,5500000.0,5500000.0,5500000.0,5500000.0,0.0
1785267900,5500000.0,5500000.0,5500000.0,5500000.0,0.17407066
1785268800,5500000.0,5500000.0,5500000.0,5500000.0,0.23310051
1785269700,5500000.0,5500000.0,5500000.0,5500000.0,0.0
1785270600,5500000.0,5500000.0,5500000.0,5500000.0,0.0
1785271500,5500000.0,5500000.0,5500000.0,5500000.0,0.0
1785272400,5500000.0,5500000.0,5500000.0,5500000.0,0.0
1785273300,5471577.0,5471577.0,5471570.0,5471570.0,0.01698011
1785274200,5471570.0,5471570.0,5471570.0,5471570.0,0.0
1785275100,5699602.0,5699604.0,5699602.0,5699604.0,0.03494646
1785276000,5571576.0,5571576.0,5400027.0,5400060.0,0.34486648
1785276900,5400060.0,5400060.0,5400060.0,5400060.0,0.0
1785277800,5400060.0,5400060.0,5400060.0,5400060.0,0.0
1785278700,5400060.0,5400060.0,5400060.0,5400060.0,0.0
1785279600,5519252.0,5519252.0,5519251.0,5519252.0,0.05601563
1785280500,5519253.0,5519253.0,5519253.0,5519253.0,0.0437137
1785281400,5517184.0,5517186.0,5517184.0,5517186.0,0.05738021
1785282300,5697200.0,5697200.0,5697200.0,5697200.0,0.00260408
1785283200,5697200.0,5697200.0,5697200.0,5697200.0,0.0
1785284100,5697200.0,5697200.0,5697200.0,5697200.0,0.0
1785285000,5401338.0,5401338.0,5401338.0,5401338.0,0.01460358
1785285900,5401338.0,5401338.0,5401338.0,5401338.0,0.0
1785286800,5401338.0,5401338.0,5401338.0,5401338.0,0.0
1785287700,5401338.0,5401338.0,5401338.0,5401338.0,0.0
1785288600,5401338.0,5401338.0,5401338.0,5401338.0,0.0
1785289500,5401338.0,5401338.0,5401338.0,5401338.0,0.0
1785290400,5401338.0,5401338.0,5401338.0,5401338.0,0.0
1785291300,5595656.0,5597195.0,5595656.0,5597193.0,0.47427158
1785292200,5597124.0,5597124.0,5597124.0,5597124.0,0.00906537
1785293100,5597076.0,5597076.0,5597076.0,5597076.0,0.04417217
1785294000,5597076.0,5597076.0,5597076.0,5597076.0,0.0
1785294900,5597076.0,5597076.0,5597076.0,5597076.0,0.0
1785295800,5597076.0,5597076.0,5597076.0,5597076.0,0.0
1785296700,5597076.0,5597076.0,5597076.0,5597076.0,0.0
1785297600,5597076.0,5597076.0,5597076.0,5597076.0,0.0
1785298500,5596725.0,5596725.0,5596718.0,5596718.0,0.05348816
1785299400,5596718.0,5596718.0,5596718.0,5596718.0,0.0
1785300300,5476626.0,5486584.0,5476626.0,5486584.0,0.07686294
1785301200,5455572.0,5455572.0,5455572.0,5455572.0,0.00460171
1785302100,5455572.0,5455572.0,5455572.0,5455572.0,0.0
1785303000,5455572.0,5455572.0,5455572.0,5455572.0,0.0
1785303900,5400092.0,5400092.0,5400092.0,5400092.0,0.05348816
1785304800,5400092.0,5400092.0,5400092.0,5400092.0,0.0
1785305700,5400092.0,5400092.0,5400092.0,5400092.0,0.0
1785306600,5400062.0,5400062.0,5400062.0,5400062.0,0.0031645
1785307500,5465560.0,5695090.0,5465560.0,5695090.0,0.35548915
1785308400,5485050.0,5485050.0,5485050.0,5485050.0,0.0132542
1785309300,5494040.0,5694048.0,5494040.0,5694048.0,0.04411954
1785310200,5523025.0,5533026.0,5523025.0,5533026.0,0.00543671
1785311100,5533026.0,5533026.0,5533026.0,5533026.0,0.0
1785312000,5523021.0,5523021.0,5523021.0,5523021.0,0.04308167
1785312900,5431606.0,5431606.0,5421605.0,5421605.0,0.15683345
1785313800,5421605.0,5421605.0,5421605.0,5421605.0,0.01817762
1785314700,5493024.0,5694085.0,5493024.0,5694085.0,0.01346758
1785315600,5524085.0,5694085.0,5524085.0,5694085.0,0.01130253
1785316500,5694085.0,5694085.0,5694085.0,5694085.0,0.0
1785317400,5501662.0,5693066.0,5401913.0,5401913.0,0.00908431
1785318300,5401913.0,5401913.0,5401913.0,5401913.0,0.0
1785319200,5401913.0,5401913.0,5401913.0,5401913.0,0.0
1785320100,5402119.0,5402119.0,5402119.0,5402119.0,0.00517072
1785321000,5491984.0,5591985.0,5491984.0,5591985.0,0.01343855
1785321900,5402342.0,5402365.0,5402342.0,5402365.0,0.01054328
1785322800,5691885.0,5691886.0,5691885.0,5691886.0,0.03076765
1785323700,5691886.0,5691886.0,5691886.0,5691886.0,0.0
1785324600,5691886.0,5691886.0,5691886.0,5691886.0,0.0
1785325500,5691886.0,5691886.0,5691886.0,5691886.0,0.0
1785326400,5691886.0,5691886.0,5691886.0,5691886.0,0.0
1785327300,5542536.0,5542536.0,5542536.0,5542536.0,0.004501
1785328200,5542536.0,5542536.0,5542536.0,5542536.0,0.0
1785329100,5542536.0,5542536.0,5542536.0,5542536.0,0.0
1785330000,5539006.0,5539006.0,5539006.0,5539006.0,0.0070296
1785330900,5619589.0,5619945.0,5619589.0,5619945.0,0.08860963
1785331800,5619945.0,5619945.0,5619945.0,5619945.0,0.0
1785332700,5619539.0,5619539.0,5619535.0,5619535.0,0.01984985
1785333600,5619535.0,5619535.0,5619535.0,5619535.0,0.0
1785334500,5512544.0,5512544.0,5512544.0,5512544.0,0.004074
1785335400,5512544.0,5512544.0,5512544.0,5512544.0,0.0
1785336300,5512544.0,5512544.0,5512544.0,5512544.0,0.0
1785337200,5512544.0,5512544.0,5512544.0,5512544.0,0.0
1785338100,5512544.0,5512544.0,5512544.0,5512544.0,0.0
1785339000,5512544.0,5512544.0,5512544.0,5512544.0,0.0
1785339900,5400562.0,5400562.0,5400562.0,5400562.0,0.01541052
1785340800,5400562.0,5400562.0,5400562.0,5400562.0,0.0
1785341700,5400562.0,5400562.0,5400562.0,5400562.0,0.0
1785342600,5400562.0,5400562.0,5400562.0,5400562.0,0.0
1785343500,5400562.0,5400562.0,5400562.0,5400562.0,0.0
1785344400,5478901.0,5478901.0,5478901.0,5478901.0,0.04407617
1785345300,5478901.0,5478901.0,5478901.0,5478901.0,0.0
1785346200,5478901.0,5478901.0,5478901.0,5478901.0,0.0
1785347100,5478901.0,5478901.0,5478901.0,5478901.0,0.0
1785348000,5469094.0,5619094.0,5469094.0,5619094.0,0.01772199
1785348900,5619094.0,5619094.0,5619094.0,5619094.0,0.0
1785349800,5619094.0,5619094.0,5619094.0,5619094.0,0.0
1785350700,5619094.0,5619094.0,5619094.0,5619094.0,0.0
1785351600,5619094.0,5619095.0,5619094.0,5619095.0,0.02658524
1785352500,5619095.0,5619095.0,5619095.0,5619095.0,0.0
1785353400,5619095.0,5619095.0,5619095.0,5619095.0,0.0
1785354300,5619095.0,5619095.0,5619095.0,5619095.0,0.0
1785355200,5619095.0,5619095.0,5619095.0,5619095.0,0.0
1785356100,5619095.0,5619095.0,5619095.0,5619095.0,0.0
1785357000,5619095.0,5619095.0,5619095.0,5619095.0,0.0
1785357900,5619095.0,5619095.0,5619095.0,5619095.0,0.0
1785358800,5400074.0,5400074.0,5400000.0,5400000.0,0.52497511
1785359700,5400000.0,5400000.0,5400000.0,5400000.0,0.0
1785360600,5400000.0,5400000.0,5400000.0,5400000.0,0.0
1785361500,5400000.0,5400000.0,5400000.0,5400000.0,0.0
1785362400,5400004.0,5400004.0,5400002.0,5400002.0,0.21928805
1785363300,5400002.0,5400002.0,5400002.0,5400002.0,0.0
1785364200,5400002.0,5400002.0,5400002.0,5400002.0,0.0
1785365100,5400002.0,5400002.0,5400002.0,5400002.0,0.0
1785366000,5400000.0,5400000.0,5400000.0,5400000.0,0.01939384
1785366900,5619089.0,5619090.0,5619074.0,5619075.0,1.77665661
1785367800,5619075.0,5619075.0,5619075.0,5619075.0,0.0
1785368700,5619075.0,5619075.0,5619075.0,5619075.0,0.0
1785369600,5619075.0,5619075.0,5619075.0,5619075.0,0.0
1785370500,5618811.0,5618811.0,5618811.0,5618811.0,0.00264112
1785371400,5618725.0,5618725.0,5618710.0,5618710.0,0.02215577
1785372300,5618685.0,5618685.0,5618685.0,5618685.0,0.0085714
1785373200,5618606.0,5618613.0,5618599.0,5618599.0,0.07947095
1785374100,5618599.0,5618599.0,5618599.0,5618599.0,0.0
1785375000,5618599.0,5618599.0,5618599.0,5618599.0,0.0
1785375900,5618599.0,5618599.0,5618599.0,5618599.0,0.0
1785376800,5250641.0,5618312.0,5250641.0,5618312.0,0.02212242
1785377700,5250640.0,5618267.0,5250640.0,5618267.0,0.03985317
1785378600,5618184.0,5618184.0,5618184.0,5618184.0,0.00177263
1785379500,5618184.0,5618184.0,5618184.0,5618184.0,0.0
1785380400,5617964.0,5617964.0,5250640.0,5250640.0,0.008036
1785381300,5609989.0,5609989.0,5609989.0,5609989.0,0.00888807
1785382200,5250921.0,5359546.0,5250026.0,5359546.0,0.18679387
1785383100,5310529.0,5310529.0,5310529.0,5310529.0,0.04505727
1785384000,5399039.0,5399039.0,5350535.0,5350535.0,0.00658751
1785384900,5350535.0,5350535.0,5350535.0,5350535.0,0.0
1785385800,5350535.0,5350535.0,5350535.0,5350535.0,0.0
1785386700,5350535.0,5350535.0,5350535.0,5350535.0,0.0
1785387600,5350535.0,5350535.0,5350535.0,5350535.0,0.0
1785388500,5330527.0,5330527.0,5330527.0,5330527.0,0.00289811
1785389400,5330527.0,5330527.0,5330527.0,5330527.0,0.0
1785390300,5330527.0,5330527.0,5330527.0,5330527.0,0.0
1785391200,5330527.0,5330527.0,5330527.0,5330527.0,0.0
1785392100,5330527.0,5330527.0,5330527.0,5330527.0,0.0
1785393000,5330527.0,5330527.0,5330527.0,5330527.0,0.0
1785393900,5339016.0,5339016.0,5339016.0,5339016.0,0.00186532
1785394800,5339012.0,5339014.0,5339012.0,5339014.0,1.0
1785395700,5320536.0,5339014.0,5320536.0,5320540.0,0.18834001
1785396600,5339014.0,5339014.0,5339014.0,5339014.0,0.04761398
1785397500,5339014.0,5599999.0,5250929.0,5250929.0,0.89428914
1785398400,5358078.0,5598084.0,5358078.0,5397070.0,0.13859455
1785399300,5397070.0,5397070.0,5397070.0,5397070.0,0.0
1785400200,5407069.0,5407069.0,5407069.0,5407069.0,0.04509245
1785401100,5253962.0,5253962.0,5253962.0,5253962.0,0.00485175
1785402000,5253964.0,5253964.0,5253962.0,5253962.0,0.07199272
1785402900,5397068.0,5597069.0,5397068.0,5597069.0,0.02911029
1785403800,5597069.0,5597069.0,5597069.0,5597069.0,0.0
1785404700,5597069.0,5597069.0,5597069.0,5597069.0,0.0
1785405600,5597079.0,5597493.0,5597079.0,5597493.0,0.08896277
1785406500,5416983.0,5416983.0,5416983.0,5416983.0,0.04505804
1785407400,5416983.0,5416983.0,5416983.0,5416983.0,0.0
1785408300,5416983.0,5416983.0,5416983.0,5416983.0,0.0
1785409200,5416983.0,5416983.0,5416983.0,5416983.0,0.0
1785410100,5416394.0,5596396.0,5416394.0,5596396.0,0.07293584
1785411000,5596396.0,5596396.0,5596396.0,5596396.0,0.0
1785411900,5596396.0,5596396.0,5596396.0,5596396.0,0.0
1785412800,5595331.0,5595331.0,5595331.0,5595331.0,0.0019577
1785413700,5425330.0,5595331.0,5425330.0,5595331.0,0.01359206
1785414600,5595331.0,5595331.0,5595331.0,5595331.0,0.0
1785415500,5595331.0,5595331.0,5595331.0,5595331.0,0.0
1785416400,5595331.0,5595331.0,5595331.0,5595331.0,0.0
1785417300,5594449.0,5595189.0,5254099.0,5594448.0,0.22721225
1785418200,5594448.0,5594448.0,5594448.0,5594448.0,0.0
1785419100,5594448.0,5594448.0,5594448.0,5594448.0,0.0
1785420000,5444129.0,5444129.0,5444129.0,5444129.0,0.00264112
1785420900,5510501.0,5594087.0,5310504.0,5310504.0,0.0433175
1785421800,5310504.0,5310504.0,5310504.0,5310504.0,0.0
1785422700,5510519.0,5510519.0,5310510.0,5310510.0,0.02822281
1785423600,5310510.0,5310510.0,5310510.0,5310510.0,0.0
1785424500,5480511.0,5589597.0,5310510.0,5589597.0,0.01053762
1785425400,5480511.0,5480511.0,5310510.0,5310510.0,0.00699417
1785426300,5470511.0,5470511.0,5310510.0,5310510.0,0.0061326
1785427200,5310510.0,5310510.0,5310510.0,5310510.0,0.0
1785428100,5310510.0,5310510.0,5310510.0,5310510.0,0.0
1785429000,5310510.0,5310510.0,5310510.0,5310510.0,0.0
1785429900,5549534.0,5549534.0,5549534.0,5549534.0,0.01794565
1785430800,5549534.0,5549534.0,5549534.0,5549534.0,0.0
1785431700,5549525.0,5549525.0,5549524.0,5549524.0,0.00697897
1785432600,5549524.0,5549524.0,5549524.0,5549524.0,0.0
1785433500,5549524.0,5549524.0,5549524.0,5549524.0,0.0
1785434400,5549524.0,5549524.0,5549524.0,5549524.0,0.0
1785435300,5470516.0,5470516.0,5470516.0,5470516.0,0.00306711
1785436200,5470516.0,5470516.0,5470516.0,5470516.0,0.0
1785437100,5470516.0,5470516.0,5470516.0,5470516.0,0.0
1785438000,5470516.0,5470516.0,5310515.0,5310515.0,0.00638406
1785438900,5310515.0,5310515.0,5310515.0,5310515.0,0.0
1785439800,5549519.0,5590000.0,5549519.0,5590000.0,1.85574886
1785440700,5590000.0,5590000.0,5590000.0,5590000.0,0.0
1785441600,5590000.0,5590000.0,5590000.0,5590000.0,0.0
1785442500,5590000.0,5590000.0,5590000.0,5590000.0,0.0
1785443400,5590000.0,5590000.0,5590000.0,5590000.0,0.0
1785444300,5590000.0,5590000.0,5590000.0,5590000.0,0.0
1785445200,5590000.0,5590000.0,5590000.0,5590000.0,0.0
1785446100,5590000.0,5590000.0,5590000.0,5590000.0,0.0
1785447000,5590000.0,5590000.0,5590000.0,5590000.0,0.0
1785447900,5590000.0,5590000.0,5590000.0,5590000.0,0.0
1785448800,5590000.0,5590000.0,5590000.0,5590000.0,0.0
1785449700,5589996.0,5589996.0,5589996.0,5589996.0,0.0019254
1785450600,5589996.0,5589996.0,5589996.0,5589996.0,0.0
1785451500,5589992.0,5589996.0,5589992.0,5589996.0,0.2674766
1785452400,5311082.0,5311082.0,5311082.0,5311082.0,0.00291423
1785453300,5311082.0,5311082.0,5311082.0,5311082.0,0.0
1785454200,5489974.0,5589981.0,5310596.0,5310596.0,0.03209395
1785455100,5310596.0,5310596.0,5310596.0,5310596.0,0.0
1785456000,5310596.0,5310596.0,5310596.0,5310596.0,0.0
1785456900,5310596.0,5310596.0,5310596.0,5310596.0,0.0
1785457800,5589942.0,5589942.0,5589942.0,5589942.0,0.00178159
1785458700,5589942.0,5589942.0,5589942.0,5589942.0,0.0
1785459600,5589932.0,5600000.0,5589932.0,5600000.0,3.9516391
1785460500,5600000.0,5600000.0,5600000.0,5600000.0,0.0
1785461400,5600000.0,5600000.0,5600000.0,5600000.0,0.0
1785462300,5600000.0,5600000.0,5600000.0,5600000.0,0.0
1785463200,5600000.0,5600000.0,5600000.0,5600000.0,0.0
1785464100,5600000.0,5600000.0,5600000.0,5600000.0,0.0
1785465000,5600000.0,5749206.0,5600000.0,5749206.0,0.0019189
1785465900,5749195.0,5749195.0,5749195.0,5749195.0,0.00173224
1785466800,5749195.0,5749195.0,5749195.0,5749195.0,0.0
1785467700,5749195.0,5749195.0,5749195.0,5749195.0,0.0
1785468600,5530648.0,5530648.0,5530536.0,5530536.0,0.06411635
1785469500,5530536.0,5530536.0,5530536.0,5530536.0,0.0
1785470400,5744924.0,5744925.0,5744924.0,5744925.0,0.17335387
1785471300,5744925.0,5744925.0,5744925.0,5744925.0,0.0
1785472200,5744925.0,5744925.0,5744925.0,5744925.0,0.0
1785473100,5744925.0,5744925.0,5744925.0,5744925.0,0.0
1785474000,5744925.0,5744925.0,5744925.0,5744925.0,0.0
1785474900,5744925.0,5744925.0,5744925.0,5744925.0,0.0
1785475800,5740407.0,5740407.0,5530998.0,5740367.0,0.00684588
1785476700,5740291.0,5740291.0,5530998.0,5530998.0,0.00512984
1785477600,5740263.0,5740263.0,5530998.0,5530998.0,0.0052021
1785478500,5530998.0,5530998.0,5530998.0,5530998.0,0.0
1785479400,5650858.0,5650858.0,5530850.0,5530850.0,0.05144423
1785480300,5739902.0,5739902.0,5739902.0,5739902.0,0.00173504
1785481200,5739902.0,5739902.0,5739902.0,5739902.0,0.0
1785482100,5739902.0,5739902.0,5739902.0,5739902.0,0.0
1785483000,5739902.0,5739902.0,5739902.0,5739902.0,0.0
1785483900,5739902.0,5739902.0,5739902.0,5739902.0,0.0
1785484800,5739902.0,5739902.0,5739902.0,5739902.0,0.0
1785485700,5739902.0,5739902.0,5739902.0,5739902.0,0.0
1785486600,5739902.0,5739902.0,5739902.0,5739902.0,0.0
1785487500,5670959.0,5670959.0,5670959.0,5670959.0,0.00449677
1785488400,5735595.0,5735595.0,5530958.0,5530958.0,0.00700105
1785489300,5530958.0,5530958.0,5530958.0,5530958.0,0.0
1785490200,5530958.0,5530958.0,5530958.0,5530958.0,0.0
1785491100,5530995.0,5530995.0,5530995.0,5530995.0,0.14185329
1785492000,5530995.0,5530995.0,5530995.0,5530995.0,0.0
1785492900,5530995.0,5530995.0,5530995.0,5530995.0,0.0
1785493800,5530995.0,5530995.0,5530995.0,5530995.0,0.0
1785494700,5530995.0,5530995.0,5530995.0,5530995.0,0.0
1785495600,5583223.0,5583223.0,5583223.0,5583223.0,0.01209391
1785496500,5583223.0,5583223.0,5583223.0,5583223.0,0.0
1785497400,5583223.0,5583223.0,5583223.0,5583223.0,0.0
1785498300,5583223.0,5583223.0,5583223.0,5583223.0,0.0
1785499200,5583223.0,5583223.0,5583223.0,5583223.0,0.0
1785500100,5583223.0,5583223.0,5583223.0,5583223.0,0.0
1785501000,5583223.0,5583223.0,5583223.0,5583223.0,0.0
1785501900,5630005.0,5630005.0,5630005.0,5630005.0,0.00208354
1785502800,5630005.0,5630005.0,5630005.0,5630005.0,0.0
1785503700,5630005.0,5630005.0,5630005.0,5630005.0,0.0
1785504600,5630005.0,5630005.0,5590004.0,5590004.0,0.04839395
1785505500,5531393.0,5732000.0,5530530.0,5732000.0,0.29568063
1785506400,5732000.0,5732000.0,5732000.0,5732000.0,0.0
1785507300,5530530.0,5530530.0,5250000.0,5250000.0,1.85574886
1785508200,5379650.0,5719654.0,5379650.0,5719654.0,0.02485738
1785509100,5719654.0,5719654.0,5719654.0,5719654.0,0.0
1785510000,5253095.0,5253095.0,5253095.0,5253095.0,0.00485294
1785510900,5493181.0,5513190.0,5473180.0,5493186.0,0.05327108
1785511800,5307632.0,5307633.0,5307632.0,5307633.0,0.02398434
1785512700,5307633.0,5307633.0,5307633.0,5307633.0,0.0
1785513600,5307633.0,5307633.0,5307633.0,5307633.0,0.0
1785514500,5307633.0,5307633.0,5307633.0,5307633.0,0.0
1785515400,5500000.0,5500000.0,5500000.0,5500000.0,1.00634653
1785516300,5500000.0,5500000.0,5500000.0,5500000.0,0.0
1785517200,5500000.0,5500000.0,5500000.0,5500000.0,0.63223045
1785518100,5500000.0,5500000.0,5500000.0,5500000.0,0.0
1785519000,5500000.0,5500000.0,5500000.0,5500000.0,0.0
1785519900,5500000.0,5500000.0,5500000.0,5500000.0,0.0
1785520800,5500000.0,5500000.0,5500000.0,5500000.0,0.0
1785521700,5709506.0,5709506.0,5709506.0,5709506.0,0.0019189
1785522600,5709480.0,5709480.0,5251495.0,5251495.0,0.00453504
1785523500,5251495.0,5251495.0,5251495.0,5251495.0,0.0
1785524400,5251495.0,5251495.0,5251495.0,5251495.0,0.0
1785525300,5709220.0,5709220.0,5709220.0,5709220.0,0.00229681
1785526200,5709220.0,5709220.0,5709220.0,5709220.0,0.0
1785527100,5709220.0,5709220.0,5709220.0,5709220.0,0.0
1785528000,5708976.0,5708977.0,5708976.0,5708977.0,0.02156078
1785528900,5708977.0,5708977.0,5708977.0,5708977.0,0.0
1785529800,5708751.0,5708751.0,5708751.0,5708751.0,0.00815905
1785530700,5708717.0,5708717.0,5708717.0,5708717.0,0.01803785
1785531600,5708717.0,5708717.0,5708717.0,5708717.0,0.0
1785532500,5708717.0,5708717.0,5708717.0,5708717.0,0.0
1785533400,5708717.0,5708717.0,5708717.0,5708717.0,0.0
1785534300,5708717.0,5708717.0,5708717.0,5708717.0,0.0
1785535200,5708717.0,5708717.0,5708717.0,5708717.0,0.0
1785536100,5708717.0,5708717.0,5708717.0,5708717.0,0.0
1785537000,5708717.0,5708717.0,5708717.0,5708717.0,0.0
1785537900,5708717.0,5708717.0,5708717.0,5708717.0,0.0
1785538800,5707490.0,5707490.0,5707490.0,5707490.0,0.01739069
1785539700,5707490.0,5707490.0,5707490.0,5707490.0,0.0
1785540600,5707490.0,5707490.0,5707490.0,5707490.0,0.0
1785541500,5699658.0,5699658.0,5699658.0,5699658.0,0.00349458
1785542400,5699658.0,5699658.0,5699658.0,5699658.0,0.0
1785543300,5699658.0,5699658.0,5699658.0,5699658.0,0.0
1785544200,5500092.0,5699554.0,5500092.0,5500092.0,0.00865375
1785545100,5500092.0,5500092.0,5500092.0,5500092.0,0.0
1785546000,5500092.0,5500092.0,5500092.0,5500092.0,0.0
1785546900,5500092.0,5500092.0,5500092.0,5500092.0,0.0
1785547800,5500092.0,5500092.0,5500092.0,5500092.0,0.03581826
1785548700,5500092.0,5500092.0,5500092.0,5500092.0,0.0
1785549600,5500092.0,5500092.0,5500092.0,5500092.0,0.0
1785550500,5500092.0,5698373.0,5253002.0,5698373.0,0.11061394
1785551400,5298061.0,5298062.0,5298061.0,5298062.0,0.02247723
1785552300,5298062.0,5298062.0,5298062.0,5298062.0,0.0
1785553200,5298062.0,5298062.0,5298062.0,5298062.0,0.0
1785554100,5298062.0,5298062.0,5298062.0,5298062.0,0.0
1785555000,5298062.0,5298062.0,5298062.0,5298062.0,0.0
1785555900,5310940.0,5696171.0,5310918.0,5696171.0,0.12012078
1785556800,5696171.0,5696171.0,5696171.0,5696171.0,0.0
1785557700,5696171.0,5696171.0,5696171.0,5696171.0,0.0
1785558600,5696171.0,5696171.0,5696171.0,5696171.0,0.0
1785559500,5696171.0,5696171.0,5696171.0,5696171.0,0.0
1785560400,5696171.0,5696171.0,5696171.0,5696171.0,0.0
1785561300,5312007.0,5312007.0,5312007.0,5312007.0,0.00730317
1785562200,5358997.0,5358997.0,5358997.0,5358997.0,0.00730317
1785563100,5539000.0,5679001.0,5539000.0,5679001.0,0.01642835
1785564000,5679001.0,5679001.0,5679001.0,5679001.0,0.0
1785564900,5679001.0,5679001.0,5679001.0,5679001.0,0.0
1785565800,5549000.0,5679001.0,5549000.0,5678889.0,0.04370277
1785566700,5311971.0,5357992.0,5311961.0,5357992.0,0.09130848
1785567600,5547998.0,5547998.0,5547998.0,5547998.0,0.0089753
1785568500,5312070.0,5312070.0,5312070.0,5312070.0,0.01193942
1785569400,5547994.0,5678481.0,5312204.0,5312204.0,0.13816899
1785570300,5356984.0,5677001.0,5356984.0,5677001.0,0.04859732
1785571200,5677001.0,5677001.0,5677001.0,5677001.0,0.0
1785572100,5546000.0,5678739.0,5311991.0,5311991.0,0.1856387
1785573000,5311991.0,5311991.0,5311991.0,5311991.0,0.0
1785573900,5546998.0,5546998.0,5546998.0,5546998.0,0.00899477
1785574800,5546998.0,5546998.0,5546998.0,5546998.0,0.0
1785575700,5546998.0,5546998.0,5546998.0,5546998.0,0.0
1785576600,5527986.0,5527986.0,5527986.0,5527986.0,0.00360312
1785577500,5527986.0,5527988.0,5527986.0,5527988.0,0.00720624
1785578400,5527988.0,5527988.0,5527988.0,5527988.0,0.0
1785579300,5527988.0,5527988.0,5527988.0,5527988.0,0.0
1785580200,5527988.0,5678000.0,5527988.0,5678000.0,0.00465593
1785581100,5527005.0,5527005.0,5527005.0,5527005.0,0.00365568
1785582000,5527005.0,5527005.0,5312866.0,5312866.0,0.00545734
1785582900,5312866.0,5312866.0,5312866.0,5312866.0,0.0
1785583800,5527002.0,5527002.0,5527002.0,5527002.0,0.00203528
1785584700,5527002.0,5527002.0,5527002.0,5527002.0,0.0
1785585600,5527002.0,5527002.0,5527002.0,5527002.0,0.0
1785586500,5313478.0,5313478.0,5313478.0,5313478.0,0.00720624
1785587400,5313478.0,5313478.0,5313478.0,5313478.0,0.0
1785588300,5527002.0,5527002.0,5527002.0,5527002.0,0.00384349
1785589200,5527002.0,5527002.0,5527002.0,5527002.0,0.0
1785590100,5527002.0,5527002.0,5527002.0,5527002.0,0.0
1785591000,5527002.0,5527002.0,5527002.0,5527002.0,0.0
1785591900,5527002.0,5527002.0,5527002.0,5527002.0,0.0
1785592800,5527002.0,5527002.0,5527002.0,5527002.0,0.0
1785593700,5527002.0,5527002.0,5527002.0,5527002.0,0.0
1785594600,5313388.0,5313388.0,5313388.0,5313388.0,0.01418435
1785595500,5506992.0,5672996.0,5506992.0,5672996.0,0.01763596
1785596400,5372986.0,5672996.0,5372986.0,5672996.0,0.04064963
1785597300,5672996.0,5672996.0,5672996.0,5672996.0,0.0
1785598200,5672996.0,5672996.0,5672996.0,5672996.0,0.0
1785599100,5672996.0,5672996.0,5672996.0,5672996.0,0.0
1785600000,5672996.0,5672996.0,5672996.0,5672996.0,0.0
1785600900,5502995.0,5502995.0,5502995.0,5502995.0,0.00453334
1785601800,5313432.0,5313432.0,5313432.0,5313432.0,0.00420011
1785602700,5313432.0,5313432.0,5313432.0,5313432.0,0.0
1785603600,5313432.0,5313432.0,5313432.0,5313432.0,0.0
1785604500,5313432.0,5313432.0,5313432.0,5313432.0,0.0
1785605400,5313522.0,5313522.0,5313522.0,5313522.0,0.00346452
1785606300,5313522.0,5313522.0,5313522.0,5313522.0,0.0
1785607200,5313522.0,5313522.0,5313522.0,5313522.0,0.0
1785608100,5313587.0,5313587.0,5313587.0,5313587.0,0.00535081
1785609000,5313587.0,5313587.0,5313587.0,5313587.0,0.0
1785609900,5313627.0,5313627.0,5313626.0,5313626.0,0.01192033
1785610800,5313626.0,5313626.0,5313626.0,5313626.0,0.0
1785611700,5313626.0,5313626.0,5313626.0,5313626.0,0.0
1785612600,5502994.0,5671490.0,5502994.0,5671490.0,0.0350039
1785613500,5671490.0,5671490.0,5671490.0,5671490.0,0.0
1785614400,5671490.0,5671490.0,5671490.0,5671490.0,0.0
1785615300,5671153.0,5671153.0,5671153.0,5671153.0,0.00833957
1785616200,5671153.0,5671153.0,5671153.0,5671153.0,0.0
1785617100,5671153.0,5671153.0,5671153.0,5671153.0,0.0
1785618000,5671153.0,5671153.0,5671153.0,5671153.0,0.0
1785618900,5671153.0,5671153.0,5671153.0,5671153.0,0.0
1785619800,5671153.0,5671153.0,5671153.0,5671153.0,0.0
1785620700,5671153.0,5671153.0,5671153.0,5671153.0,0.0
1785621600,5671153.0,5671153.0,5671153.0,5671153.0,0.0
1785622500,5670338.0,5670338.0,5313506.0,5313506.0,0.04729822
1785623400,5313506.0,5313506.0,5313506.0,5313506.0,0.0
1785624300,5313506.0,5313506.0,5313506.0,5313506.0,0.0
1785625200,5313506.0,5313506.0,5313506.0,5313506.0,0.0
1785626100,5369002.0,5369003.0,5369002.0,5369003.0,0.03601338
1785627000,5509004.0,5509004.0,5509004.0,5509004.0,0.00245089
1785627900,5509004.0,5509004.0,5509004.0,5509004.0,0.0
1785628800,5509004.0,5509004.0,5509004.0,5509004.0,0.0
1785629700,5509004.0,5509004.0,5509004.0,5509004.0,0.0
1785630600,5509004.0,5509004.0,5509004.0,5509004.0,0.0
1785631500,5509004.0,5509004.0,5509004.0,5509004.0,0.0
1785632400,5509004.0,5509004.0,5509004.0,5509004.0,0.0
1785633300,5509004.0,5509004.0,5509004.0,5509004.0,0.0
1785634200,5509004.0,5509004.0,5509004.0,5509004.0,0.0
1785635100,5313513.0,5313513.0,5313513.0,5313513.0,0.01196451
1785636000,5379002.0,5379004.0,5379002.0,5379004.0,0.0371575
1785636900,5379004.0,5379004.0,5379004.0,5379004.0,0.0
1785637800,5379004.0,5379004.0,5379004.0,5379004.0,0.0
1785638700,5379004.0,5379004.0,5379004.0,5379004.0,0.0
1785639600,5379004.0,5379004.0,5379004.0,5379004.0,0.0
1785640500,5314055.0,5314055.0,5314055.0,5314055.0,0.0189184
1785641400,5529005.0,5529005.0,5529005.0,5529005.0,0.0046974
1785642300,5529005.0,5529005.0,5529005.0,5529005.0,0.0
1785643200,5529005.0,5529005.0,5529005.0,5529005.0,0.0
1785644100,5399003.0,5399003.0,5399003.0,5399003.0,0.014221
1785645000,5313607.0,5313607.0,5313607.0,5313607.0,0.0049073
1785645900,5313607.0,5313607.0,5313607.0,5313607.0,0.0
1785646800,5313607.0,5313607.0,5313607.0,5313607.0,0.0
1785647700,5313607.0,5313607.0,5313607.0,5313607.0,0.0
1785648600,5313607.0,5313607.0,5313607.0,5313607.0,0.0
1785649500,5313607.0,5313607.0,5313607.0,5313607.0,0.0
1785650400,5313607.0,5313607.0,5313607.0,5313607.0,0.0
1785651300,5313607.0,5313607.0,5313607.0,5313607.0,0.0
1785652200,5313607.0,5313607.0,5313607.0,5313607.0,0.0
1785653100,5313607.0,5313607.0,5313607.0,5313607.0,0.0
1785654000,5313607.0,5313607.0,5313607.0,5313607.0,0.0
1785654900,5313607.0,5313607.0,5313607.0,5313607.0,0.0
1785655800,5540005.0,5668546.0,5540005.0,5668546.0,0.19725798
1785656700,5568002.0,5668550.0,5568002.0,5668550.0,0.07595205
1785657600,5668550.0,5668550.0,5668550.0,5668550.0,0.0
1785658500,5668550.0,5668550.0,5668550.0,5668550.0,0.0
1785659400,5668550.0,5668550.0,5668550.0,5668550.0,0.0
1785660300,5668550.0,5668550.0,5668550.0,5668550.0,0.0
1785661200,5668550.0,5668550.0,5668550.0,5668550.0,0.0
1785662100,5315451.0,5315451.0,5315451.0,5315451.0,0.00833957
1785663000,5387999.0,5387999.0,5387999.0,5387999.0,0.00833407
1785663900,5387999.0,5387999.0,5387999.0,5387999.0,0.0
1785664800,5387999.0,5387999.0,5387999.0,5387999.0,0.0
1785665700,5350009.0,5350009.0,5350009.0,5350009.0,0.00312351
1785666600,5350009.0,5350009.0,5350009.0,5350009.0,0.0
1785667500,5387999.0,5387999.0,5387999.0,5387999.0,5.5e-06
1785668400,5387999.0,5387999.0,5387999.0,5387999.0,0.0
1785669300,5387999.0,5387999.0,5387999.0,5387999.0,0.0
1785670200,5387999.0,5387999.0,5387999.0,5387999.0,0.0
1785671100,5387999.0,5387999.0,5387999.0,5387999.0,0.0
1785672000,5387999.0,5387999.0,5387999.0,5387999.0,0.0
1785672900,5568001.0,5568001.0,5568001.0,5568001.0,0.00203843
1785673800,5568001.0,5568001.0,5568001.0,5568001.0,0.0
1785674700,5568001.0,5568001.0,5568001.0,5568001.0,0.00178861
1785675600,5490002.0,5490002.0,5490002.0,5490002.0,0.00454407
1785676500,5490002.0,5490002.0,5490002.0,5490002.0,0.0
1785677400,5490002.0,5490002.0,5490002.0,5490002.0,0.0
1785678300,5490002.0,5490002.0,5490002.0,5490002.0,0.0
1785679200,5568001.0,5568001.0,5568001.0,5568001.0,0.00178861
1785680100,5350486.0,5350486.0,5350486.0,5350486.0,0.00203528
1785681000,5567998.0,5568001.0,5350640.0,5567998.0,0.02341719
1785681900,5567998.0,5568001.0,5567998.0,5568001.0,0.00500808
1785682800,5568001.0,5568001.0,5568001.0,5568001.0,0.0
1785683700,5568001.0,5568001.0,5568001.0,5568001.0,0.0
1785684600,5568001.0,5568001.0,5568001.0,5568001.0,0.0
1785685500,5568001.0,5568001.0,5568001.0,5568001.0,0.0
1785686400,5568001.0,5568001.0,5568001.0,5568001.0,0.0
1785687300,5568001.0,5568001.0,5568001.0,5568001.0,0.00659536
1785688200,5568001.0,5568001.0,5351379.0,5351406.0,0.01922362
1785689100,5351406.0,5351406.0,5351406.0,5351406.0,0.0
1785690000,5567997.0,5567997.0,5567997.0,5567997.0,0.00178861
1785690900,5567997.0,5567997.0,5567997.0,5567997.0,0.0
1785691800,5567997.0,5567997.0,5567997.0,5567997.0,0.0
1785692700,5567997.0,5567997.0,5567997.0,5567997.0,0.0
1785693600,5567997.0,5567997.0,5567997.0,5567997.0,0.0
1785694500,5567997.0,5567997.0,5567997.0,5567997.0,0.0
1785695400,5351585.0,5351585.0,5351061.0,5351061.0,0.14418704
1785696300,5351061.0,5351061.0,5351061.0,5351061.0,0.0
1785697200,5351061.0,5351061.0,5351061.0,5351061.0,0.0
1785698100,5351061.0,5351061.0,5351061.0,5351061.0,0.0
1785699000,5351061.0,5351061.0,5351061.0,5351061.0,0.0
1785699900,5351061.0,5351061.0,5351061.0,5351061.0,0.0
1785700800,5351061.0,5351061.0,5351061.0,5351061.0,0.0
1785701700,5351061.0,5351061.0,5351061.0,5351061.0,0.0
1785702600,5351061.0,5351061.0,5351061.0,5351061.0,0.0
1785703500,5351061.0,5351061.0,5351061.0,5351061.0,0.0
1785704400,5351287.0,5351287.0,5351287.0,5351287.0,0.00439395
1785705300,5351287.0,5351287.0,5351287.0,5351287.0,0.0
1785706200,5351287.0,5351287.0,5351287.0,5351287.0,0.0
1785707100,5351287.0,5351287.0,5351287.0,5351287.0,0.0
1785708000,5568000.0,5568002.0,5568000.0,5568002.0,0.03487612
1785708900,5417999.0,5418000.0,5417999.0,5418000.0,0.0302938
1785709800,5418000.0,5418000.0,5418000.0,5418000.0,0.0
1785710700,5418000.0,5418000.0,5418000.0,5418000.0,0.0
1785711600,5568001.0,5568001.0,5568001.0,5568001.0,0.00178861
1785712500,5568001.0,5568001.0,5568001.0,5568001.0,0.0
1785713400,5568001.0,5568001.0,5568001.0,5568001.0,0.0
1785714300,5568001.0,5568002.0,5568001.0,5568002.0,0.17898453
1785715200,5568002.0,5568002.0,5568002.0,5568002.0,0.0
1785716100,5351997.0,5427998.0,5351958.0,5427998.0,0.14422399
1785717000,5427998.0,5427998.0,5427998.0,5427998.0,0.0
1785717900,5427998.0,5427998.0,5427998.0,5427998.0,0.0
1785718800,5427998.0,5427998.0,5427998.0,5427998.0,0.0
1785719700,5568000.0,5568002.0,5568000.0,5568002.0,0.02085847
1785720600,5568002.0,5568002.0,5568002.0,5568002.0,0.0
1785721500,5568002.0,5568002.0,5568002.0,5568002.0,0.0
1785722400,5568002.0,5568002.0,5352297.0,5352297.0,0.00461935
1785723300,5352297.0,5352297.0,5352297.0,5352297.0,0.0
1785724200,5352297.0,5352297.0,5352297.0,5352297.0,0.0
1785725100,5352297.0,5352297.0,5352297.0,5352297.0,0.0
1785726000,5352297.0,5352297.0,5352297.0,5352297.0,0.0
1785726900,5352297.0,5352297.0,5352297.0,5352297.0,0.0
1785727800,5352297.0,5352297.0,5352297.0,5352297.0,0.0
1785728700,5568001.0,5568002.0,5568001.0,5568002.0,0.00503861
1785729600,5568002.0,5568002.0,5568002.0,5568002.0,0.0
1785730500,5568002.0,5568002.0,5568002.0,5568002.0,0.0
1785731400,5568002.0,5568002.0,5568002.0,5568002.0,0.0
1785732300,5568002.0,5568002.0,5568002.0,5568002.0,0.0
1785733200,5568002.0,5568002.0,5568002.0,5568002.0,0.0
1785734100,5568002.0,5568002.0,5568002.0,5568002.0,0.0
1785735000,5352229.0,5352229.0,5352229.0,5352229.0,0.00756807
1785735900,5352229.0,5352229.0,5352229.0,5352229.0,0.0
1785736800,5352425.0,5437999.0,5352425.0,5437999.0,0.01164159
1785737700,5437999.0,5437999.0,5437999.0,5437999.0,0.02642267
1785738600,5437999.0,5437999.0,5437999.0,5437999.0,0.0
1785739500,5351974.0,5351974.0,5351974.0,5351974.0,0.02085847
1785740400,5351974.0,5351974.0,5351974.0,5351974.0,0.0
1785741300,5351974.0,5351974.0,5351974.0,5351974.0,0.02831422
1785742200,5351974.0,5351974.0,5351974.0,5351974.0,0.0
1785743100,5351974.0,5351974.0,5351974.0,5351974.0,0.0
1785744000,5351974.0,5351974.0,5351974.0,5351974.0,0.0
1785744900,5351974.0,5351974.0,5351974.0,5351974.0,0.00503832
1785745800,5351974.0,5351974.0,5351974.0,5351974.0,0.0
1785746700,5351974.0,5351974.0,5351974.0,5351974.0,0.0
1785747600,5351974.0,5351974.0,5351974.0,5351974.0,0.0
1785748500,5437999.0,5668003.0,5437999.0,5668003.0,0.04403433
1785749400,5668003.0,5668003.0,5668003.0,5668003.0,0.0
1785750300,5668003.0,5668003.0,5668003.0,5668003.0,0.0
1785751200,5567997.0,5636936.0,5567997.0,5627985.0,0.01828868
1785752100,5623158.0,5623158.0,5623158.0,5623158.0,0.53350803
1785753000,5623158.0,5637980.0,5619759.0,5619759.0,2.32420932
1785753900,5619759.0,5619759.0,5619759.0,5619759.0,0.0
1785754800,5615464.0,5615464.0,5615464.0,5615464.0,0.52355424
1785755700,5496267.0,5617975.0,5351799.0,5551801.0,0.01587306
1785756600,5551801.0,5551801.0,5551801.0,5551801.0,0.0
1785757500,5600792.0,5600792.0,5591488.0,5591488.0,1.10418004
1785758400,5580037.0,5580037.0,5580037.0,5580037.0,0.52687822
1785759300,5580037.0,5580037.0,5580037.0,5580037.0,0.0
1785760200,5581198.0,5651199.0,5581198.0,5651199.0,0.01004191
1785761100,5605981.0,5650592.0,5605981.0,5650592.0,0.52741142
1785762000,5650080.0,5650080.0,5605802.0,5607234.0,1.05054193
1785762900,5607591.0,5607591.0,5607591.0,5607591.0,0.20760677
1785763800,5639003.0,5688825.0,5639003.0,5688825.0,0.57594773
1785764700,5699481.0,5731999.0,5699481.0,5731999.0,0.03466286
1785765600,5732000.0,5732000.0,5692224.0,5692224.0,0.00418282
1785766500,5692224.0,5692224.0,5692224.0,5692224.0,0.0
1785767400,5731992.0,5731992.0,5731992.0,5731992.0,0.00951082
1785768300,5731996.0,5750000.0,5731996.0,5750000.0,2.81873371
1785769200,5750000.0,5750000.0,5750000.0,5750000.0,0.0
1785770100,5750000.0,5750000.0,5750000.0,5750000.0,0.0
1785771000,5839087.0,5839087.0,5795287.0,5795287.0,0.00822865
1785771900,5839087.0,5839087.0,5839087.0,5839087.0,0.00341114
1785772800,5690606.0,5787772.0,5590593.0,5787772.0,0.09168841
1785773700,5839087.0,5839087.0,5839087.0,5839087.0,0.00336559
1785774600,5839087.0,5839087.0,5839087.0,5839087.0,0.0
1785775500,5744829.0,5744829.0,5744829.0,5744829.0,0.02134354
1785776400,5739064.0,5739064.0,5739064.0,5739064.0,0.00637577
1785777300,5759680.0,5769457.0,5759680.0,5769457.0,0.11321965
1785778200,5788998.0,5838999.0,5788998.0,5838999.0,0.00447999
1785779100,5838999.0,5838999.0,5778467.0,5778467.0,0.04642746
1785780000,5778467.0,5778467.0,5778467.0,5778467.0,0.0
1785780900,5778467.0,5778467.0,5778467.0,5778467.0,0.0
1785781800,5778467.0,5778467.0,5778467.0,5778467.0,0.0
1785782700,5778467.0,5778467.0,5778467.0,5778467.0,0.0
1785783600,5778467.0,5778467.0,5778467.0,5778467.0,0.0
1785784500,5778467.0,5778467.0,5778467.0,5778467.0,0.0
1785785400,5778467.0,5778467.0,5778467.0,5778467.0,0.0
1785786300,5778467.0,5778467.0,5778467.0,5778467.0,0.0
1785787200,5778467.0,5778467.0,5778467.0,5778467.0,0.0
1785788100,5778467.0,5778467.0,5778467.0,5778467.0,0.0
1785789000,5778467.0,5778467.0,5778467.0,5778467.0,0.0
1785789900,5778467.0,5778467.0,5778467.0,5778467.0,0.0
1785790800,5778467.0,5778467.0,5778467.0,5778467.0,0.0
1785791700,5820288.0,5820288.0,5820288.0,5820288.0,0.00586775
1785792600,5757838.0,5757838.0,5500000.0,5500000.0,1.55138007
1785793500,5500000.0,5500000.0,5500000.0,5500000.0,0.0
1785794400,5500000.0,5500000.0,5500000.0,5500000.0,0.0
1785795300,5500000.0,5500000.0,5500000.0,5500000.0,0.0
1785796200,5500000.0,5500000.0,5500000.0,5500000.0,0.0
1785797100,5757530.0,5819032.0,5757530.0,5819028.0,0.17996221
1785798000,5819028.0,5819028.0,5819028.0,5819028.0,0.0
1785798900,5707354.0,5707354.0,5707354.0,5707354.0,0.00188244
1785799800,5707354.0,5707354.0,5707354.0,5707354.0,0.0
1785800700,5707354.0,5707354.0,5707354.0,5707354.0,0.0
1785801600,5707354.0,5707354.0,5707354.0,5707354.0,0.0
1785802500,5766934.0,5766934.0,5762989.0,5762989.0,0.55510165
1785803400,5762989.0,5762989.0,5762989.0,5762989.0,0.0
1785804300,5762989.0,5762989.0,5762989.0,5762989.0,0.0
1785805200,5762989.0,5762989.0,5762989.0,5762989.0,0.0
1785806100,5750000.0,5750000.0,5750000.0,5750000.0,0.00747565
1785807000,5750000.0,5750000.0,5750000.0,5750000.0,0.08630426
1785807900,5760850.0,5760850.0,5760850.0,5760850.0,0.09071737
1785808800,5760850.0,5760850.0,5760850.0,5760850.0,0.0
1785809700,5760850.0,5760850.0,5760850.0,5760850.0,0.0
1785810600,5760850.0,5760850.0,5760850.0,5760850.0,0.0
1785811500,5790090.0,5791802.0,5790090.0,5791802.0,0.01136545
1785812400,5791802.0,5791802.0,5791802.0,5791802.0,0.0
1785813300,5792694.0,5807997.0,5792694.0,5807997.0,0.00441603
1785814200,5800759.0,5800759.0,5800566.0,5800566.0,0.0830746
1785815100,5797944.0,5797944.0,5797944.0,5797944.0,0.02079289
1785816000,5797944.0,5797944.0,5797944.0,5797944.0,0.0
1785816900,5808001.0,5808001.0,5808001.0,5808001.0,0.00432248
1785817800,5809522.0,5819028.0,5500002.0,5819028.0,0.88676997
1785818700,5819028.0,5819028.0,5819028.0,5819028.0,0.0
1785819600,5819024.0,5819024.0,5819024.0,5819024.0,0.003299
1785820500,5819024.0,5819024.0,5819024.0,5819024.0,0.0
1785821400,5819024.0,5839099.0,5819000.0,5839099.0,0.1206431
1785822300,5839099.0,5839099.0,5839099.0,5839099.0,0.01155092
1785823200,5830916.0,5830916.0,5830916.0,5830916.0,0.00521231
1785824100,5814598.0,5814598.0,5814598.0,5814598.0,0.03432361
1785825000,5814598.0,5814598.0,5814598.0,5814598.0,0.0
1785825900,5814598.0,5814598.0,5814598.0,5814598.0,0.0
1785826800,5814598.0,5814598.0,5814598.0,5814598.0,0.0
1785827700,5818003.0,5818003.0,5818003.0,5818003.0,0.00200154
1785828600,5828684.0,5904030.0,5828684.0,5904030.0,0.38587275
1785829500,5900043.0,5900043.0,5847612.0,5847612.0,0.00501248
1785830400,5835280.0,5900043.0,5833603.0,5833603.0,0.04863734
1785831300,5833603.0,5833603.0,5833603.0,5833603.0,0.0
1785832200,5831068.0,5898651.0,5831068.0,5898651.0,0.42231936
1785833100,5898651.0,5898651.0,5898651.0,5898651.0,0.0
1785834000,5828625.0,5828625.0,5828625.0,5828625.0,0.00187934
1785834900,5828625.0,5828625.0,5828625.0,5828625.0,0.0
1785835800,5828625.0,5828625.0,5828625.0,5828625.0,0.0
1785836700,5796746.0,5854538.0,5796746.0,5799303.0,0.03231517
1785837600,5854538.0,5854538.0,5854538.0,5854538.0,0.00217574
1785838500,5804577.0,5804577.0,5804577.0,5804577.0,0.00439325
1785839400,5804577.0,5804577.0,5804577.0,5804577.0,0.0
1785840300,5790571.0,5790571.0,5790571.0,5790571.0,0.00246728
1785841200,5790571.0,5790571.0,5790571.0,5790571.0,0.0
1785842100,5812493.0,5812493.0,5812493.0,5812493.0,0.0032554
1785843000,5822493.0,5822493.0,5822493.0,5822493.0,0.00709935
1785843900,5810537.0,5810537.0,5810537.0,5810537.0,0.01829284
1785844800,5810537.0,5810537.0,5810537.0,5810537.0,0.0
1785845700,5808180.0,5812770.0,5808180.0,5812770.0,0.19662561
1785846600,5822489.0,5822489.0,5822489.0,5822489.0,0.00341142
1785847500,5822489.0,5822489.0,5822489.0,5822489.0,0.0
1785848400,5812489.0,5822489.0,5500010.0,5780739.0,0.02564218
1785849300,5780739.0,5780739.0,5780739.0,5780739.0,0.0
1785850200,5802489.0,5802489.0,5792485.0,5792485.0,0.00685175
1785851100,5759016.0,5759016.0,5759016.0,5759016.0,0.00445614
1785852000,5765338.0,5769016.0,5765338.0,5769016.0,0.00662415
1785852900,5799531.0,5822484.0,5500009.0,5822484.0,1.80432139
1785853800,5782480.0,5859218.0,5782480.0,5859218.0,0.18252252
1785854700,5859218.0,5859218.0,5859218.0,5859218.0,0.0
1785855600,5790087.0,5842397.0,5790087.0,5842397.0,0.01069776
1785856500,5792379.0,5792379.0,5792379.0,5792379.0,0.01013273
1785857400,5728427.0,5728427.0,5550001.0,5550001.0,0.0115557
1785858300,5550001.0,5550001.0,5550001.0,5550001.0,0.0
1785859200,5792397.0,5803436.0,5792397.0,5803436.0,0.00652549
1785860100,5803436.0,5803436.0,5803436.0,5803436.0,0.0
1785861000,5803436.0,5803436.0,5803436.0,5803436.0,0.0
1785861900,5803436.0,5803436.0,5803436.0,5803436.0,0.0
1785862800,5815933.0,5855937.0,5815933.0,5855937.0,0.01125012
1785863700,5855937.0,5855937.0,5855937.0,5855937.0,0.0
1785864600,5855937.0,5855937.0,5855937.0,5855937.0,0.0
1785865500,5855937.0,5855937.0,5855937.0,5855937.0,0.0
1785866400,5809273.0,5809273.0,5809273.0,5809273.0,0.00348047
1785867300,5809273.0,5809273.0,5809273.0,5809273.0,0.0
1785868200,5809273.0,5809273.0,5809273.0,5809273.0,0.0
1785869100,5856562.0,5856562.0,5856562.0,5856562.0,0.00438192
1785870000,5856562.0,5856562.0,5856562.0,5856562.0,0.0
1785870900,5856562.0,5856562.0,5856562.0,5856562.0,0.0
1785871800,5896536.0,5896536.0,5896536.0,5896536.0,0.02473469
1785872700,5896536.0,5896536.0,5896536.0,5896536.0,0.0
1785873600,5896536.0,5896536.0,5896536.0,5896536.0,0.0
1785874500,5896536.0,5896536.0,5896536.0,5896536.0,0.0
1785875400,5896536.0,5896536.0,5896536.0,5896536.0,0.0
1785876300,5896536.0,5896536.0,5896536.0,5896536.0,0.0
1785877200,5896536.0,5896536.0,5896536.0,5896536.0,0.0
1785878100,5896536.0,5896536.0,5896536.0,5896536.0,0.0
1785879000,5878656.0,5878656.0,5878656.0,5878656.0,0.00423515
1785879900,5878656.0,5878656.0,5878656.0,5878656.0,0.0
1785880800,5878656.0,5878656.0,5878656.0,5878656.0,0.0
1785881700,5878656.0,5878656.0,5878656.0,5878656.0,0.0
1785882600,5878656.0,5878656.0,5878656.0,5878656.0,0.0
1785883500,5878656.0,5878656.0,5878656.0,5878656.0,0.0
1785884400,5878656.0,5878656.0,5878656.0,5878656.0,0.0
1785885300,5878656.0,5878656.0,5878656.0,5878656.0,0.0
1785886200,5878656.0,5878656.0,5878656.0,5878656.0,0.0
1785887100,5878656.0,5878656.0,5878656.0,5878656.0,0.0
1785888000,5878656.0,5878656.0,5878656.0,5878656.0,0.0
1785888900,5878656.0,5878656.0,5878656.0,5878656.0,0.0
1785889800,5895347.0,5895347.0,5895347.0,5895347.0,0.01692673
1785890700,5895347.0,5895347.0,5895347.0,5895347.0,0.0
1785891600,5854164.0,5854164.0,5854164.0,5854164.0,0.00180708
1785892500,5807687.0,5807687.0,5807687.0,5807687.0,0.06872891
1785893400,5807687.0,5807687.0,5807687.0,5807687.0,0.0
1785894300,5807687.0,5807687.0,5807687.0,5807687.0,0.0
1785895200,5807687.0,5807687.0,5807687.0,5807687.0,0.0
1785896100,5500014.0,5500014.0,5500014.0,5500014.0,0.00174729
1785897000,5802738.0,5802738.0,5802738.0,5802738.0,0.01236734
1785897900,5824152.0,5824152.0,5806505.0,5806505.0,0.02062582
1785898800,5806505.0,5806505.0,5806505.0,5806505.0,0.0
1785899700,5814148.0,5874159.0,5814148.0,5874159.0,0.00987645
1785900600,5874159.0,5874159.0,5874159.0,5874159.0,0.0
1785901500,5770018.0,5770018.0,5770018.0,5770018.0,0.00177
1785902400,5770018.0,5770018.0,5770018.0,5770018.0,0.0
1785903300,5780018.0,5834148.0,5500016.0,5834148.0,0.0066279
1785904200,5834148.0,5834148.0,5834148.0,5834148.0,0.0
1785905100,5824144.0,5824144.0,5824144.0,5824144.0,0.00440631
1785906000,5824144.0,5824144.0,5824144.0,5824144.0,0.0
1785906900,5824144.0,5824144.0,5824144.0,5824144.0,0.0
1785907800,5824144.0,5824144.0,5824144.0,5824144.0,0.0
1785908700,5824144.0,5824144.0,5824144.0,5824144.0,0.0
1785909600,5849998.0,5889999.0,5832825.0,5889995.0,0.02542694
1785910500,5889995.0,5889995.0,5889995.0,5889995.0,0.0
1785911400,5846816.0,5846816.0,5846816.0,5846816.0,0.00261635
1785912300,5846816.0,5846816.0,5846816.0,5846816.0,0.0
1785913200,5839058.0,5839058.0,5550105.0,5550105.0,0.12464908
1785914100,5869995.0,5869995.0,5869995.0,5869995.0,0.00169659
1785915000,5869995.0,5869995.0,5869995.0,5869995.0,0.0
1785915900,5839995.0,5889996.0,5839995.0,5889996.0,0.04231088
1785916800,5889996.0,5889996.0,5889996.0,5889996.0,0.0
1785917700,5859583.0,5859583.0,5800000.0,5800000.0,0.07105737
1785918600,5792655.0,5859924.0,5792655.0,5859924.0,0.05576352
1785919500,5859924.0,5859924.0,5859924.0,5859924.0,0.0
1785920400,5859924.0,5859924.0,5859924.0,5859924.0,0.0
1785921300,5859924.0,5859924.0,5859924.0,5859924.0,0.0
1785922200,5859924.0,5859924.0,5859924.0,5859924.0,0.0
1785923100,5859924.0,5859924.0,5859924.0,5859924.0,0.0
1785924000,5859924.0,5859924.0,5859924.0,5859924.0,0.0
1785924900,5859924.0,5859924.0,5859924.0,5859924.0,0.0
1785925800,5859924.0,5859924.0,5859924.0,5859924.0,0.0
1785926700,5859924.0,5859924.0,5859924.0,5859924.0,0.0
1785927600,5859924.0,5859924.0,5859924.0,5859924.0,0.0
1785928500,5859924.0,5859924.0,5859924.0,5859924.0,0.0
1785929400,5859924.0,5859924.0,5859924.0,5859924.0,0.0
1785930300,5859924.0,5859924.0,5859924.0,5859924.0,0.0
1785931200,5859924.0,5859924.0,5859924.0,5859924.0,0.0
1785932100,5859924.0,5859924.0,5859924.0,5859924.0,0.0
1785933000,5859924.0,5859924.0,5859924.0,5859924.0,0.0
1785933900,5859924.0,5859924.0,5859924.0,5859924.0,0.0
1785934800,5859924.0,5859924.0,5859924.0,5859924.0,0.0
1785935700,5859924.0,5859924.0,5859924.0,5859924.0,0.0
1785936600,5774244.0,5774244.0,5774244.0,5774244.0,0.00444439
1785937500,5774244.0,5774244.0,5774244.0,5774244.0,0.0
1785938400,5774244.0,5774244.0,5774244.0,5774244.0,0.0
1785939300,5774244.0,5774244.0,5774244.0,5774244.0,0.0
1785940200,5774244.0,5774244.0,5774244.0,5774244.0,0.0
1785941100,5774244.0,5774244.0,5774244.0,5774244.0,0.0
1785942000,5774244.0,5774244.0,5774244.0,5774244.0,0.0
1785942900,5734999.0,5734999.0,5734995.0,5734995.0,0.028019
1785943800,5734995.0,5734995.0,5734995.0,5734995.0,0.0
1785944700,5760043.0,5760043.0,5760043.0,5760043.0,0.00302671
1785945600,5760043.0,5760043.0,5760043.0,5760043.0,0.0
1785946500,5750043.0,5811209.0,5750043.0,5811209.0,0.01178825
1785947400,5763207.0,5763207.0,5735771.0,5735771.0,0.00506437
1785948300,5735771.0,5735771.0,5735771.0,5735771.0,0.0
1785949200,5735771.0,5735771.0,5735771.0,5735771.0,0.0
1785950100,5783211.0,5783211.0,5783211.0,5783211.0,0.01722053
1785951000,5783211.0,5783211.0,5783211.0,5783211.0,0.0
1785951900,5783211.0,5783211.0,5783211.0,5783211.0,0.0
1785952800,5783211.0,5783211.0,5783211.0,5783211.0,0.0
1785953700,5716595.0,5716595.0,5716595.0,5716595.0,0.01692673
1785954600,5716595.0,5716595.0,5716595.0,5716595.0,0.0
1785955500,5716595.0,5716595.0,5716595.0,5716595.0,0.0
1785956400,5763203.0,5763203.0,5763203.0,5763203.0,0.00172803
1785957300,5763203.0,5763203.0,5763203.0,5763203.0,0.0
1785958200,5763203.0,5763203.0,5763203.0,5763203.0,0.0
1785959100,5763203.0,5763203.0,5763203.0,5763203.0,0.0
1785960000,5763203.0,5763203.0,5763203.0,5763203.0,0.0
1785960900,5763203.0,5763203.0,5763203.0,5763203.0,0.0
1785961800,5763203.0,5763203.0,5763203.0,5763203.0,0.0
1785962700,5763203.0,5763203.0,5763203.0,5763203.0,0.0
1785963600,5763203.0,5763203.0,5763203.0,5763203.0,0.0
1785964500,5763203.0,5763203.0,5763203.0,5763203.0,0.0
1785965400,5763203.0,5763203.0,5763203.0,5763203.0,0.0
1785966300,5763203.0,5763203.0,5763203.0,5763203.0,0.0
1785967200,5763203.0,5763203.0,5763203.0,5763203.0,0.0
1785968100,5750340.0,5750340.0,5750340.0,5750340.0,0.04203421
1785969000,5750340.0,5750340.0,5750340.0,5750340.0,0.0
1785969900,5750340.0,5750340.0,5750340.0,5750340.0,0.0
1785970800,5750340.0,5750340.0,5750340.0,5750340.0,0.0
1785971700,5750340.0,5750340.0,5750340.0,5750340.0,0.0
1785972600,5750340.0,5750340.0,5750340.0,5750340.0,0.0
1785973500,5700022.0,5700022.0,5555550.0,5555550.0,0.00679068
1785974400,5555550.0,5555550.0,5555550.0,5555550.0,0.0
1785975300,5555550.0,5555550.0,5555550.0,5555550.0,0.0
1785976200,5555550.0,5555550.0,5555550.0,5555550.0,0.0
1785977100,5555550.0,5555550.0,5555550.0,5555550.0,0.0
1785978000,5555550.0,5555550.0,5555550.0,5555550.0,0.0
1785978900,5555550.0,5555550.0,5555550.0,5555550.0,0.0
1785979800,5555550.0,5555550.0,5555550.0,5555550.0,0.0
1785980700,5730331.0,5730331.0,5730331.0,5730331.0,0.01738747
1785981600,5730331.0,5730331.0,5730331.0,5730331.0,0.0
1785982500,5730331.0,5730331.0,5730331.0,5730331.0,0.0
1785983400,5730331.0,5730331.0,5730331.0,5730331.0,0.0
1785984300,5730331.0,5730331.0,5730331.0,5730331.0,0.02070997
1785985200,5730331.0,5730331.0,5729803.0,5729803.0,0.08250817
1785986100,5729803.0,5729803.0,5729803.0,5729803.0,0.0
1785987000,5729803.0,5729803.0,5729803.0,5729803.0,0.0
1785987900,5729803.0,5729803.0,5729803.0,5729803.0,0.0
1785988800,5729803.0,5729803.0,5729803.0,5729803.0,0.0
1785989700,5729803.0,5729803.0,5729803.0,5729803.0,0.0
1785990600,5729803.0,5729803.0,5729803.0,5729803.0,0.0
1785991500,5729803.0,5729803.0,5729803.0,5729803.0,0.0
1785992400,5729803.0,5729803.0,5729803.0,5729803.0,0.0
1785993300,5729803.0,5729803.0,5729803.0,5729803.0,0.0
1785994200,5729803.0,5729803.0,5729803.0,5729803.0,0.0
1785995100,5729803.0,5729803.0,5729803.0,5729803.0,0.0
1785996000,5750729.0,5750729.0,5750729.0,5750729.0,0.00389498
1785996900,5750729.0,5750729.0,5750729.0,5750729.0,0.0
1785997800,5750729.0,5750729.0,5750729.0,5750729.0,0.0
1785998700,5750729.0,5750729.0,5750729.0,5750729.0,0.0
1785999600,5740725.0,5797671.0,5740725.0,5797671.0,0.04303378
1786000500,5797671.0,5797671.0,5797671.0,5797671.0,0.0
1786001400,5797671.0,5797671.0,5797671.0,5797671.0,0.0
1786002300,5797671.0,5797671.0,5797671.0,5797671.0,0.0
1786003200,5797671.0,5797671.0,5797671.0,5797671.0,0.0
1786004100,5740631.0,5760631.0,5740631.0,5740631.0,0.00873653
1786005000,5731234.0,5740631.0,5731234.0,5740631.0,0.00762894
1786005900,5740631.0,5740631.0,5740631.0,5740631.0,0.0
1786006800,5740631.0,5740631.0,5740631.0,5740631.0,0.0
1786007700,5740631.0,5790627.0,5740631.0,5790627.0,0.03445149
1786008600,5790571.0,5790571.0,5790571.0,5790571.0,0.0017449
1786009500,5790571.0,5790571.0,5790571.0,5790571.0,0.0
1786010400,5790571.0,5790571.0,5790571.0,5790571.0,0.0
1786011300,5790571.0,5790571.0,5790571.0,5790571.0,0.0
1786012200,5750623.0,5750623.0,5750623.0,5750623.0,0.00246755
1786013100,5750623.0,5750623.0,5750623.0,5750623.0,0.0
1786014000,5750623.0,5750623.0,5750623.0,5750623.0,0.0
1786014900,5721853.0,5721853.0,5721853.0,5721853.0,0.0024672
1786015800,5721853.0,5721853.0,5721853.0,5721853.0,0.0
1786016700,5750619.0,5800000.0,5750619.0,5800000.0,0.04829989
1786017600,5740991.0,5740991.0,5740991.0,5740991.0,0.00173471
1786018500,5740991.0,5740991.0,5740991.0,5740991.0,0.0
1786019400,5740991.0,5740991.0,5740991.0,5740991.0,0.0
1786020300,5740991.0,5740991.0,5740991.0,5740991.0,0.0
1786021200,5700168.0,5700168.0,5700168.0,5700168.0,0.02101645
1786022100,5700168.0,5700168.0,5700168.0,5700168.0,0.0
1786023000,5632091.0,5677238.0,5632091.0,5677238.0,0.10280425
1786023900,5686674.0,5690987.0,5686674.0,5690987.0,0.01925072
1786024800,5690987.0,5690987.0,5690987.0,5690987.0,0.0
1786025700,5555997.0,5555997.0,5555997.0,5555997.0,0.00294706
1786026600,5555997.0,5555997.0,5555997.0,5555997.0,0.0
1786027500,5556009.0,5556009.0,5556009.0,5556009.0,0.00951082
1786028400,5746003.0,5746004.0,5736004.0,5736004.0,0.00727519
1786029300,5740996.0,5740996.0,5740996.0,5740996.0,0.00193137
1786030200,5707953.0,5707953.0,5707953.0,5707953.0,0.01722053
1786031100,5718883.0,5728887.0,5718883.0,5728887.0,0.0086397
1786032000,5728887.0,5728887.0,5728887.0,5728887.0,0.0
1786032900,5728887.0,5728887.0,5728887.0,5728887.0,0.0
1786033800,5688867.0,5688867.0,5688867.0,5688867.0,0.04248842
1786034700,5688867.0,5688867.0,5688867.0,5688867.0,0.0
1786035600,5688867.0,5688867.0,5688867.0,5688867.0,0.0
1786036500,5688867.0,5688867.0,5688867.0,5688867.0,0.0
1786037400,5688867.0,5688867.0,5688867.0,5688867.0,0.0
1786038300,5688867.0,5688867.0,5688867.0,5688867.0,0.0
1786039200,5688867.0,5688867.0,5688867.0,5688867.0,0.0
1786040100,5556004.0,5556004.0,5556004.0,5556004.0,0.00294707
1786041000,5677640.0,5677640.0,5677640.0,5677640.0,0.0086397
1786041900,5677640.0,5677640.0,5677640.0,5677640.0,0.0
1786042800,5685408.0,5685408.0,5685408.0,5685408.0,0.00511572
1786043700,5685408.0,5685408.0,5685408.0,5685408.0,0.0
1786044600,5685408.0,5685408.0,5685408.0,5685408.0,0.0
1786045500,5685408.0,5685408.0,5685408.0,5685408.0,0.0
1786046400,5685408.0,5685408.0,5685408.0,5685408.0,0.0
1786047300,5685408.0,5685408.0,5685408.0,5685408.0,0.0
1786048200,5685408.0,5685408.0,5685408.0,5685408.0,0.0
1786049100,5685408.0,5685408.0,5685408.0,5685408.0,0.0
1786050000,5685408.0,5685408.0,5685408.0,5685408.0,0.0
1786050900,5685408.0,5685408.0,5685408.0,5685408.0,0.0
1786051800,5685408.0,5685408.0,5685408.0,5685408.0,0.0
1786052700,5685408.0,5685408.0,5685408.0,5685408.0,0.0
1786053600,5685408.0,5685408.0,5685408.0,5685408.0,0.0
1786054500,5685408.0,5685408.0,5685408.0,5685408.0,0.0
1786055400,5685408.0,5685408.0,5685408.0,5685408.0,0.0
1786056300,5685408.0,5685408.0,5685408.0,5685408.0,0.0
1786057200,5685408.0,5685408.0,5685408.0,5685408.0,0.0
1786058100,5685408.0,5685408.0,5685408.0,5685408.0,0.0
1786059000,5685408.0,5685408.0,5685408.0,5685408.0,0.0
1786059900,5685408.0,5685408.0,5685408.0,5685408.0,0.0
1786060800,5777248.0,5777248.0,5556002.0,5708931.0,0.01422154
1786061700,5700635.0,5700635.0,5700635.0,5700635.0,0.06870052
1786062600,5700635.0,5700635.0,5700635.0,5700635.0,0.0
1786063500,5700635.0,5700635.0,5700635.0,5700635.0,0.0
1786064400,5700635.0,5700635.0,5700635.0,5700635.0,0.0
1786065300,5700635.0,5700635.0,5700635.0,5700635.0,0.0
1786066200,5700635.0,5700635.0,5700635.0,5700635.0,0.0
1786067100,5700635.0,5700635.0,5700635.0,5700635.0,0.0
1786068000,5700635.0,5700635.0,5700635.0,5700635.0,0.0
1786068900,5714775.0,5714833.0,5714399.0,5714833.0,0.0629284
1786069800,5748264.0,5748264.0,5748264.0,5748264.0,0.0018703
1786070700,5748264.0,5748264.0,5748264.0,5748264.0,0.0
1786071600,5748264.0,5748264.0,5748264.0,5748264.0,0.0
1786072500,5748264.0,5748264.0,5748264.0,5748264.0,0.0
1786073400,5748264.0,5748264.0,5748264.0,5748264.0,0.0
1786074300,5748264.0,5748264.0,5748264.0,5748264.0,0.0
1786075200,5748264.0,5748264.0,5748264.0,5748264.0,0.0
1786076100,5748264.0,5748264.0,5748264.0,5748264.0,0.0
1786077000,5710086.0,5710086.0,5710086.0,5710086.0,0.00258332
1786077900,5710086.0,5710086.0,5710086.0,5710086.0,0.0
1786078800,5710086.0,5710086.0,5710086.0,5710086.0,0.0
1786079700,5710086.0,5710086.0,5710086.0,5710086.0,0.0
1786080600,5710086.0,5710086.0,5710086.0,5710086.0,0.0
1786081500,5710086.0,5710086.0,5710086.0,5710086.0,0.0
1786082400,5710086.0,5710086.0,5710086.0,5710086.0,0.0
1786083300,5710086.0,5783251.0,5710086.0,5783251.0,0.0431945
1786084200,5783251.0,5783251.0,5783251.0,5783251.0,0.0
1786085100,5783251.0,5783251.0,5783251.0,5783251.0,0.0
1786086000,5783251.0,5783251.0,5783251.0,5783251.0,0.0
1786086900,5783251.0,5783251.0,5783251.0,5783251.0,0.0
1786087800,5783251.0,5783251.0,5783251.0,5783251.0,0.0
1786088700,5783251.0,5783251.0,5783251.0,5783251.0,0.0
1786089600,5783251.0,5783251.0,5783251.0,5783251.0,0.0
1786090500,5711880.0,5711880.0,5711880.0,5711880.0,0.02072102
1786091400,5711880.0,5711880.0,5711880.0,5711880.0,0.0
1786092300,5711880.0,5711880.0,5711880.0,5711880.0,0.0
1786093200,5711880.0,5711880.0,5711880.0,5711880.0,0.0
1786094100,5711880.0,5711880.0,5711880.0,5711880.0,0.0
1786095000,5711880.0,5711880.0,5711880.0,5711880.0,0.0
1786095900,5710454.0,5710454.0,5710454.0,5710454.0,0.00586748
1786096800,5702651.0,5702651.0,5702651.0,5702651.0,0.00623664
1786097700,5730120.0,5730120.0,5730120.0,5730120.0,0.00382348
1786098600,5730120.0,5730120.0,5730120.0,5730120.0,0.0
1786099500,5730120.0,5773251.0,5730120.0,5773251.0,0.01473632
1786100400,5773251.0,5773251.0,5773251.0,5773251.0,0.0
1786101300,5773251.0,5773251.0,5773251.0,5773251.0,0.0
1786102200,5704865.0,5704865.0,5704865.0,5704865.0,0.0029673
1786103100,5704865.0,5704865.0,5704865.0,5704865.0,0.0
1786104000,5704865.0,5704865.0,5704865.0,5704865.0,0.0
1786104900,5704865.0,5704865.0,5704865.0,5704865.0,0.0
1786105800,5704865.0,5704865.0,5704865.0,5704865.0,0.0
1786106700,5704865.0,5704865.0,5704865.0,5704865.0,0.0
1786107600,5713247.0,5773246.0,5705940.0,5773241.0,0.03464393
1786108500,5690221.0,5778250.0,5690221.0,5778250.0,0.17384597
1786109400,5778250.0,5778250.0,5778250.0,5778250.0,0.0
1786110300,5778250.0,5778250.0,5778250.0,5778250.0,0.0
1786111200,5766912.0,5766912.0,5766912.0,5766912.0,0.04113961
1786112100,5751277.0,5781277.0,5751277.0,5781277.0,0.01752845
1786113000,5781277.0,5781277.0,5781277.0,5781277.0,0.0
1786113900,5781277.0,5781277.0,5781277.0,5781277.0,0.0
1786114800,5925531.0,5925531.0,5925531.0,5925531.0,0.00689136
1786115700,5925531.0,5925531.0,5925531.0,5925531.0,0.0
1786116600,5925531.0,5925531.0,5925531.0,5925531.0,0.0
1786117500,5865808.0,5947555.0,5865808.0,5947555.0,0.00524246
1786118400,5947555.0,5947555.0,5947555.0,5947555.0,0.0
1786119300,5832361.0,5832445.0,5813062.0,5813062.0,0.08478624
1786120200,5817119.0,5822368.0,5556125.0,5822368.0,0.88987699
1786121100,5790014.0,5790014.0,5790014.0,5790014.0,0.07264713
1786122000,5790014.0,5790014.0,5790014.0,5790014.0,0.0
1786122900,5790014.0,5790014.0,5790014.0,5790014.0,0.0
1786123800,5790014.0,5790014.0,5790014.0,5790014.0,0.0
1786124700,5790014.0,5790014.0,5790014.0,5790014.0,0.0
1786125600,5790014.0,5790014.0,5790014.0,5790014.0,0.0
1786126500,5790014.0,5790014.0,5790014.0,5790014.0,0.0
1786127400,5790014.0,5790014.0,5790014.0,5790014.0,0.0
1786128300,5874566.0,5874566.0,5874566.0,5874566.0,0.00189886
1786129200,5874566.0,5874566.0,5874566.0,5874566.0,0.0
1786130100,5878833.0,5878833.0,5878833.0,5878833.0,0.00424403
1786131000,5878833.0,5878833.0,5878833.0,5878833.0,0.0
1786131900,5878833.0,5878833.0,5878833.0,5878833.0,0.0
1786132800,5878833.0,5878833.0,5878833.0,5878833.0,0.0
1786133700,5878833.0,5878833.0,5878833.0,5878833.0,0.0
1786134600,5878833.0,5878833.0,5878833.0,5878833.0,0.0
1786135500,5878833.0,5878833.0,5878833.0,5878833.0,0.0
1786136400,5878833.0,5878833.0,5878833.0,5878833.0,0.0
1786137300,5878833.0,5878833.0,5878833.0,5878833.0,0.0
1786138200,5878833.0,5878833.0,5878833.0,5878833.0,0.0
1786139100,5878833.0,5878833.0,5878833.0,5878833.0,0.0
1786140000,5878833.0,5878833.0,5878833.0,5878833.0,0.0
1786140900,5878833.0,5878833.0,5878833.0,5878833.0,0.0
1786141800,5878833.0,5878833.0,5878833.0,5878833.0,0.0
1786142700,5878833.0,5878833.0,5878833.0,5878833.0,0.0
1786143600,5878833.0,5878833.0,5878833.0,5878833.0,0.0
1786144500,5802475.0,5802475.0,5802475.0,5802475.0,0.003299
1786145400,5802475.0,5802475.0,5802475.0,5802475.0,0.0
1786146300,5803531.0,5890150.0,5803531.0,5890150.0,0.01947523
1786147200,5900912.0,5900912.0,5900912.0,5900912.0,0.00431763
1786148100,5813072.0,5813072.0,5808829.0,5808829.0,0.04610304
1786149000,5806357.0,5806357.0,5806357.0,5806357.0,0.00345385
1786149900,5806357.0,5806357.0,5806357.0,5806357.0,0.0
1786150800,5556321.0,5556321.0,5556320.0,5556320.0,0.01738747
1786151700,5556320.0,5556320.0,5556320.0,5556320.0,0.0
1786152600,5836619.0,5886621.0,5836619.0,5886621.0,0.04241321
1786153500,5886621.0,5886621.0,5886621.0,5886621.0,0.0
1786154400,5886617.0,5886617.0,5886617.0,5886617.0,0.01762064
1786155300,5886617.0,5886617.0,5886617.0,5886617.0,0.0
1786156200,5864467.0,5900141.0,5864467.0,5900141.0,0.00927679
1786157100,5900141.0,5900141.0,5900141.0,5900141.0,0.0
1786158000,5900141.0,5900141.0,5900141.0,5900141.0,0.0
1786158900,5556336.0,5556336.0,5556336.0,5556336.0,0.00927679
1786159800,5900126.0,5900126.0,5900126.0,5900126.0,0.00168793
1786160700,5900126.0,5900126.0,5900126.0,5900126.0,0.0
1786161600,5900126.0,5900126.0,5900126.0,5900126.0,0.0
1786162500,5822782.0,5830062.0,5822782.0,5830062.0,0.01190649
1786163400,5830062.0,5830062.0,5830062.0,5830062.0,0.0
1786164300,5830062.0,5830062.0,5830062.0,5830062.0,0.0
1786165200,5830062.0,5830062.0,5830062.0,5830062.0,0.0
1786166100,5830062.0,5830062.0,5830062.0,5830062.0,0.0
1786167000,5830062.0,5830062.0,5830062.0,5830062.0,0.0
1786167900,5830062.0,5830062.0,5830062.0,5830062.0,0.0
1786168800,5830062.0,5830062.0,5830062.0,5830062.0,0.0
1786169700,5830062.0,5830062.0,5830062.0,5830062.0,0.0
1786170600,5830062.0,5830062.0,5830062.0,5830062.0,0.0
1786171500,5807240.0,5807240.0,5807240.0,5807240.0,0.00476129
1786172400,5807240.0,5807240.0,5807240.0,5807240.0,0.0
1786173300,5807240.0,5807240.0,5807240.0,5807240.0,0.0
1786174200,5811302.0,5811302.0,5811302.0,5811302.0,0.00424403
1786175100,5830042.0,5830042.0,5830042.0,5830042.0,0.00170822
1786176000,5830042.0,5830042.0,5830042.0,5830042.0,0.0
1786176900,5830042.0,5830042.0,5830042.0,5830042.0,0.0
1786177800,5830042.0,5830042.0,5830042.0,5830042.0,0.0
1786178700,5815368.0,5815368.0,5815368.0,5815368.0,0.00588451
1786179600,5815368.0,5815368.0,5815368.0,5815368.0,0.0
1786180500,5815368.0,5815368.0,5815368.0,5815368.0,0.0
1786181400,5815368.0,5815368.0,5815368.0,5815368.0,0.0
1786182300,5815368.0,5815368.0,5815368.0,5815368.0,0.0
1786183200,5815368.0,5815368.0,5815368.0,5815368.0,0.0
1786184100,5815368.0,5815368.0,5815368.0,5815368.0,0.0
1786185000,5815368.0,5815368.0,5815368.0,5815368.0,0.0
1786185900,5815368.0,5815368.0,5815368.0,5815368.0,0.0
1786186800,5815368.0,5815368.0,5815368.0,5815368.0,0.0
1786187700,5815368.0,5815368.0,5815368.0,5815368.0,0.0
1786188600,5822786.0,5822786.0,5822786.0,5822786.0,0.03830536
1786189500,5815368.0,5815368.0,5815368.0,5815368.0,0.01715953
1786190400,5815368.0,5815368.0,5815368.0,5815368.0,0.0
1786191300,5815368.0,5815368.0,5815368.0,5815368.0,0.0
1786192200,5830038.0,5841679.0,5830038.0,5841679.0,0.00471358
1786193100,5841679.0,5841679.0,5841679.0,5841679.0,0.0
1786194000,5841679.0,5841679.0,5841679.0,5841679.0,0.0
1786194900,5841679.0,5841679.0,5841679.0,5841679.0,0.0
1786195800,5841679.0,5841679.0,5841679.0,5841679.0,0.0
1786196700,5841679.0,5841679.0,5841679.0,5841679.0,0.0
1786197600,5841679.0,5841679.0,5841679.0,5841679.0,0.0
1786198500,5841679.0,5841679.0,5841679.0,5841679.0,0.0
1786199400,5841679.0,5841679.0,5841679.0,5841679.0,0.0
1786200300,5841679.0,5841679.0,5841679.0,5841679.0,0.0
1786201200,5841679.0,5841679.0,5841679.0,5841679.0,0.0
1786202100,5841679.0,5906564.0,5841679.0,5906564.0,0.02108025
1786203000,5906564.0,5906564.0,5906564.0,5906564.0,0.0
1786203900,5906564.0,5906564.0,5906564.0,5906564.0,0.0
1786204800,5906564.0,5906564.0,5906564.0,5906564.0,0.0
1786205700,5906564.0,5906564.0,5906564.0,5906564.0,0.0
1786206600,5906564.0,5906564.0,5906564.0,5906564.0,0.0
1786207500,5906564.0,5906564.0,5906564.0,5906564.0,0.0
1786208400,5856560.0,5856560.0,5843800.0,5843800.0,0.00428544
1786209300,5843800.0,5843800.0,5843800.0,5843800.0,0.0
1786210200,5843800.0,5843800.0,5843800.0,5843800.0,0.0
1786211100,5843800.0,5843800.0,5843800.0,5843800.0,0.0
1786212000,5843800.0,5843800.0,5843800.0,5843800.0,0.0
1786212900,5843800.0,5843800.0,5843800.0,5843800.0,0.0
1786213800,5843800.0,5843800.0,5843800.0,5843800.0,0.0
1786214700,5928084.0,5928084.0,5928084.0,5928084.0,0.00235185
1786215600,5928069.0,5928069.0,5928069.0,5928069.0,0.0039819
1786216500,5928069.0,5928069.0,5928069.0,5928069.0,0.0
1786217400,5928069.0,5928069.0,5928069.0,5928069.0,0.0
1786218300,5863452.0,5892750.0,5863452.0,5892750.0,0.04398601
1786219200,5892750.0,5892750.0,5892750.0,5892750.0,0.0
1786220100,5892750.0,5892750.0,5892750.0,5892750.0,0.0
1786221000,5927514.0,5927514.0,5927514.0,5927514.0,0.00168013
1786221900,5854221.0,5854221.0,5854221.0,5854221.0,0.00423515
1786222800,5854221.0,5854221.0,5854221.0,5854221.0,0.0
1786223700,5854221.0,5854221.0,5854221.0,5854221.0,0.0
1786224600,5854221.0,5854221.0,5854221.0,5854221.0,0.0
1786225500,5854221.0,5854221.0,5854221.0,5854221.0,0.0
1786226400,5854221.0,5854221.0,5854221.0,5854221.0,0.0
1786227300,5854221.0,5854221.0,5854221.0,5854221.0,0.0
1786228200,5836359.0,5836359.0,5556354.0,5556354.0,0.01242677
1786229100,5556354.0,5556354.0,5556354.0,5556354.0,0.0
1786230000,5556354.0,5556354.0,5556354.0,5556354.0,0.0
1786230900,5556354.0,5556354.0,5556354.0,5556354.0,0.0
1786231800,5556354.0,5556354.0,5556354.0,5556354.0,0.0
1786232700,5556354.0,5556354.0,5556354.0,5556354.0,0.0
1786233600,5556354.0,5556354.0,5556354.0,5556354.0,0.0
1786234500,5556354.0,5556354.0,5556354.0,5556354.0,0.0
1786235400,5876077.0,5876077.0,5876077.0,5876077.0,0.00285173
1786236300,5876077.0,5876077.0,5876077.0,5876077.0,0.0
1786237200,5876077.0,5876077.0,5876077.0,5876077.0,0.0
1786238100,5881837.0,5881837.0,5881837.0,5881837.0,0.03329844
1786239000,5881837.0,5881837.0,5881837.0,5881837.0,0.0
1786239900,5881837.0,5881837.0,5881837.0,5881837.0,0.0
1786240800,5881837.0,5881837.0,5881837.0,5881837.0,0.0
1786241700,5881837.0,5881837.0,5881837.0,5881837.0,0.0
1786242600,5866761.0,5866761.0,5866761.0,5866761.0,0.15173041
1786243500,5866761.0,5866761.0,5866761.0,5866761.0,0.0
1786244400,5866761.0,5866761.0,5866761.0,5866761.0,0.0
1786245300,5866761.0,5866761.0,5866761.0,5866761.0,0.0
1786246200,5864288.0,5864288.0,5862698.0,5862698.0,0.12122771
1786247100,5862698.0,5862698.0,5862698.0,5862698.0,0.0
1786248000,5862698.0,5862698.0,5862698.0,5862698.0,0.0
1786248900,5881841.0,5881841.0,5881841.0,5881841.0,0.00169317
1786249800,5881841.0,5881841.0,5881841.0,5881841.0,0.0
1786250700,5881841.0,5940929.0,5881841.0,5940929.0,0.00627689
1786251600,5940929.0,5940929.0,5940929.0,5940929.0,0.0
1786252500,5940929.0,5940929.0,5940929.0,5940929.0,0.0
1786253400,5880658.0,5880658.0,5880658.0,5880658.0,0.0033304
1786254300,5880658.0,5880658.0,5880658.0,5880658.0,0.0
1786255200,5880658.0,5880658.0,5880658.0,5880658.0,0.0
1786256100,5880658.0,5880658.0,5880658.0,5880658.0,0.0
1786257000,5880658.0,5880658.0,5880658.0,5880658.0,0.00512289
1786257900,5880658.0,5880658.0,5852631.0,5852631.0,0.11481839
1786258800,5849628.0,5853514.0,5849628.0,5853514.0,0.18048286
1786259700,5853514.0,5853514.0,5853514.0,5853514.0,0.0
1786260600,5853514.0,5853514.0,5853514.0,5853514.0,0.0
1786261500,5866407.0,5866407.0,5866231.0,5866231.0,0.12885839
1786262400,5863935.0,5863935.0,5863935.0,5863935.0,0.05157088
1786263300,5855634.0,5855634.0,5855634.0,5855634.0,0.00392072
1786264200,5851748.0,5851748.0,5849452.0,5849452.0,0.15493065
1786265100,5844330.0,5844330.0,5844330.0,5844330.0,0.0928939
1786266000,5844330.0,5844330.0,5844330.0,5844330.0,0.0
1786266900,5844330.0,5844330.0,5844330.0,5844330.0,0.0
1786267800,5844330.0,5844330.0,5844330.0,5844330.0,0.0
1786268700,5844330.0,5844330.0,5844330.0,5844330.0,0.0
1786269600,5844330.0,5844330.0,5844330.0,5844330.0,0.0
1786270500,5844330.0,5844330.0,5844330.0,5844330.0,0.0
1786271400,5844330.0,5844330.0,5844330.0,5844330.0,0.0
1786272300,5844330.0,5844330.0,5844330.0,5844330.0,0.0
1786273200,5880658.0,5880658.0,5836559.0,5836559.0,0.00399032
1786274100,5836559.0,5836559.0,5836559.0,5836559.0,0.0
1786275000,5836559.0,5836559.0,5836559.0,5836559.0,0.0
1786275900,5836559.0,5836559.0,5836559.0,5836559.0,0.0
1786276800,5833026.0,5833026.0,5833026.0,5833026.0,0.00427601
1786277700,5833026.0,5833026.0,5833026.0,5833026.0,0.0
1786278600,5833026.0,5833026.0,5833026.0,5833026.0,0.0
1786279500,5828787.0,5828787.0,5828787.0,5828787.0,0.04005721
1786280400,5828787.0,5828787.0,5828787.0,5828787.0,0.0
1786281300,5880658.0,5880658.0,5880658.0,5880658.0,0.01241476
1786282200,5880658.0,5880658.0,5880658.0,5880658.0,0.00466908
1786283100,5880658.0,5880658.0,5880658.0,5880658.0,0.0
1786284000,5900008.0,5900008.0,5900008.0,5900008.0,0.00335304
1786284900,5880658.0,5880658.0,5880658.0,5880658.0,0.01229993
1786285800,5880658.0,5880658.0,5880658.0,5880658.0,0.0
1786286700,5880658.0,5880658.0,5880658.0,5880658.0,0.0
1786287600,5880658.0,5880658.0,5880658.0,5880658.0,0.0
1786288500,5880658.0,5880658.0,5880658.0,5880658.0,0.0
1786289400,5880658.0,5880658.0,5880658.0,5880658.0,0.0
1786290300,5847156.0,5900008.0,5847156.0,5847156.0,0.01165683
1786291200,5847156.0,5847156.0,5847156.0,5847156.0,0.0
1786292100,5900008.0,5900008.0,5900008.0,5900008.0,0.00295423
1786293000,5900008.0,5900008.0,5854221.0,5854221.0,0.00686236
1786293900,5900008.0,5906000.0,5900008.0,5906000.0,0.24610135
1786294800,5851041.0,5851041.0,5851041.0,5851041.0,0.00987645
1786295700,5906000.0,5906000.0,5906000.0,5906000.0,0.0040469
1786296600,5855280.0,5855280.0,5855280.0,5855280.0,0.12711085
1786297500,5855280.0,5855280.0,5855280.0,5855280.0,0.0
1786298400,5906000.0,5906000.0,5906000.0,5906000.0,0.00168625
1786299300,5906000.0,5906000.0,5906000.0,5906000.0,0.0
1786300200,5906000.0,5906000.0,5906000.0,5906000.0,0.0
1786301100,5906000.0,5906000.0,5906000.0,5906000.0,0.0
1786302000,5906000.0,5906000.0,5906000.0,5906000.0,0.0
1786302900,5906000.0,5906000.0,5906000.0,5906000.0,0.0
1786303800,5861992.0,5861992.0,5861992.0,5861992.0,0.03482843
1786304700,5859343.0,5906000.0,5859343.0,5906000.0,0.01342645
1786305600,5906000.0,5906000.0,5906000.0,5906000.0,0.0
1786306500,5906000.0,5906000.0,5906000.0,5906000.0,0.0
1786307400,5906000.0,5906000.0,5906000.0,5906000.0,0.0
1786308300,5906000.0,5906000.0,5906000.0,5906000.0,0.0
1786309200,5906000.0,5906000.0,5906000.0,5906000.0,0.0
1786310100,5906000.0,5906000.0,5906000.0,5906000.0,0.0
1786311000,5906000.0,5906000.0,5906000.0,5906000.0,0.0
1786311900,5906000.0,5906000.0,5906000.0,5906000.0,0.0
1786312800,5906000.0,5906000.0,5906000.0,5906000.0,0.0
1786313700,5906000.0,5906000.0,5906000.0,5906000.0,0.0
1786314600,5906000.0,5906000.0,5906000.0,5906000.0,0.0
1786315500,5906000.0,5906000.0,5906000.0,5906000.0,0.0
1786316400,5906000.0,5906000.0,5906000.0,5906000.0,0.0
1786317300,5831441.0,5900956.0,5831441.0,5900956.0,0.00595749
1786318200,5900956.0,5900956.0,5900956.0,5900956.0,0.03346745
1786319100,5900956.0,5900956.0,5900956.0,5900956.0,0.0
1786320000,5900956.0,5900956.0,5900956.0,5900956.0,0.0
1786320900,5900956.0,5900956.0,5900956.0,5900956.0,0.0
1786321800,5900956.0,5904465.0,5900956.0,5904465.0,0.00255152
1786322700,5904465.0,5904465.0,5904465.0,5904465.0,0.0
1786323600,5904465.0,5904465.0,5904465.0,5904465.0,0.0
1786324500,5904465.0,5904465.0,5904465.0,5904465.0,0.0
1786325400,5904316.0,5904316.0,5904316.0,5904316.0,0.00168673
1786326300,5904426.0,5904465.0,5904262.0,5904262.0,0.02262338
1786327200,5904262.0,5904262.0,5904262.0,5904262.0,0.0
1786328100,5904262.0,5904262.0,5904262.0,5904262.0,0.0
1786329000,5904262.0,5904262.0,5904262.0,5904262.0,0.0
1786329900,5904262.0,5904262.0,5904262.0,5904262.0,0.0
1786330800,5904262.0,5904262.0,5904262.0,5904262.0,0.0
1786331700,5904262.0,5904262.0,5904262.0,5904262.0,0.0
1786332600,5904262.0,5904262.0,5904262.0,5904262.0,0.0
1786333500,5902465.0,5902465.0,5902465.0,5902465.0,0.00168726
1786334400,5902465.0,5902465.0,5902465.0,5902465.0,0.0
1786335300,5902465.0,5905981.0,5902465.0,5905981.0,0.5075811
1786336200,5905981.0,5905981.0,5905981.0,5905981.0,0.0
1786337100,5905927.0,5905927.0,5905927.0,5905927.0,0.00809407
1786338000,5905927.0,5905927.0,5905927.0,5905927.0,0.0
1786338900,5905927.0,5905927.0,5905927.0,5905927.0,0.0
1786339800,5905980.0,5905980.0,5905980.0,5905980.0,0.00691367
1786340700,5905980.0,5905980.0,5905980.0,5905980.0,0.0
1786341600,5905980.0,5905980.0,5905980.0,5905980.0,0.0
1786342500,5905980.0,5905980.0,5905980.0,5905980.0,0.0
1786343400,5905958.0,5905981.0,5905958.0,5905981.0,0.50660976
1786344300,5905981.0,5905981.0,5905981.0,5905981.0,0.0
1786345200,5856450.0,5856450.0,5856450.0,5856450.0,0.00691367
1786346100,5856450.0,5856450.0,5856450.0,5856450.0,0.0
1786347000,5851022.0,5851022.0,5851022.0,5851022.0,0.00310033
1786347900,5905080.0,5905080.0,5851022.0,5851022.0,0.00539675
1786348800,5851022.0,5851022.0,5851022.0,5851022.0,0.0
1786349700,5851022.0,5851022.0,5851022.0,5851022.0,0.0
1786350600,5851022.0,5851022.0,5851022.0,5851022.0,0.0
1786351500,5851022.0,5851022.0,5851022.0,5851022.0,0.0
1786352400,5905080.0,5905080.0,5905080.0,5905080.0,0.01253106
1786353300,5905080.0,5905080.0,5905080.0,5905080.0,0.0
1786354200,5905080.0,5905080.0,5905080.0,5905080.0,0.00181182
1786355100,5905080.0,5905080.0,5905080.0,5905080.0,0.00491779
1786356000,5905080.0,5905080.0,5905080.0,5905080.0,0.0
1786356900,5905080.0,5905080.0,5905080.0,5905080.0,0.0
1786357800,5905080.0,5905080.0,5905080.0,5905080.0,0.0
1786358700,5905080.0,5905080.0,5905080.0,5905080.0,0.0
1786359600,5905080.0,5905080.0,5905080.0,5905080.0,0.0
1786360500,5905080.0,5905080.0,5905080.0,5905080.0,0.0
1786361400,5904477.0,5904477.0,5904477.0,5904477.0,0.00269863
1786362300,5904477.0,5904477.0,5904477.0,5904477.0,0.0
1786363200,5904477.0,5904477.0,5904477.0,5904477.0,0.0
1786364100,5904477.0,5904477.0,5904477.0,5904477.0,0.0
1786365000,5904477.0,5904477.0,5904477.0,5904477.0,0.0
1786365900,5904477.0,5904477.0,5904477.0,5904477.0,0.0
1786366800,5904477.0,5904477.0,5904477.0,5904477.0,0.0
1786367700,5904477.0,5904477.0,5904477.0,5904477.0,0.0
1786368600,5904477.0,5904477.0,5904477.0,5904477.0,0.0
1786369500,5904477.0,5904477.0,5904477.0,5904477.0,0.0
1786370400,5904077.0,5904077.0,5904077.0,5904077.0,0.0016868
1786371300,5904077.0,5904077.0,5904077.0,5904077.0,0.0
1786372200,5904077.0,5904077.0,5904077.0,5904077.0,0.0
1786373100,5820145.0,5820145.0,5820145.0,5820145.0,0.0033304
1786374000,5820145.0,5820145.0,5820145.0,5820145.0,0.0
1786374900,5820145.0,5820145.0,5820145.0,5820145.0,0.0
1786375800,5820145.0,5820145.0,5820145.0,5820145.0,0.0
1786376700,5820145.0,5820145.0,5820145.0,5820145.0,0.0
1786377600,5820145.0,5820145.0,5820145.0,5820145.0,0.0
1786378500,5820145.0,5820145.0,5820145.0,5820145.0,0.0
1786379400,5820145.0,5820145.0,5820145.0,5820145.0,0.0
1786380300,5820145.0,5820145.0,5820145.0,5820145.0,0.0
1786381200,5820145.0,5820145.0,5820145.0,5820145.0,0.0
1786382100,5820145.0,5820145.0,5820145.0,5820145.0,0.0
1786383000,5820145.0,5820145.0,5820145.0,5820145.0,0.0
1786383900,5820145.0,5820145.0,5820145.0,5820145.0,0.0
1786384800,5893825.0,5893825.0,5893825.0,5893825.0,0.00627029
1786385700,5893825.0,5893825.0,5893825.0,5893825.0,0.0
1786386600,5893825.0,5893825.0,5893825.0,5893825.0,0.0
1786387500,5893825.0,5893825.0,5893825.0,5893825.0,0.0
1786388400,5893825.0,5893825.0,5893825.0,5893825.0,0.0
1786389300,5893825.0,5893825.0,5893825.0,5893825.0,0.0
1786390200,5823917.0,5823917.0,5823917.0,5823917.0,0.43019554
1786391100,5823917.0,5823917.0,5823917.0,5823917.0,0.0
1786392000,5823917.0,5823917.0,5823917.0,5823917.0,0.0
1786392900,5823917.0,5823917.0,5823917.0,5823917.0,0.0
1786393800,5823917.0,5823917.0,5823917.0,5823917.0,0.0
1786394700,5823917.0,5823917.0,5823917.0,5823917.0,0.0
1786395600,5823917.0,5823917.0,5823917.0,5823917.0,0.0
1786396500,5823917.0,5823917.0,5823917.0,5823917.0,0.0
1786397400,5823917.0,5823917.0,5823917.0,5823917.0,0.0
1786398300,5904072.0,5906000.0,5904072.0,5906000.0,0.04551758
1786399200,5906000.0,5906000.0,5906000.0,5906000.0,0.0
1786400100,5906000.0,5906000.0,5906000.0,5906000.0,0.0
1786401000,5906000.0,5906000.0,5906000.0,5906000.0,0.0
1786401900,5906000.0,5906000.0,5906000.0,5906000.0,0.02581984
1786402800,5906000.0,5906000.0,5906000.0,5906000.0,0.0
1786403700,5906000.0,5906000.0,5906000.0,5906000.0,0.0
1786404600,5906000.0,5906000.0,5906000.0,5906000.0,0.0
1786405500,5906000.0,5906000.0,5906000.0,5906000.0,0.0
1786406400,5906000.0,5906000.0,5906000.0,5906000.0,0.0
1786407300,5906000.0,5906000.0,5906000.0,5906000.0,0.0
1786408200,5906000.0,5906000.0,5906000.0,5906000.0,0.0
1786409100,5906000.0,5906000.0,5906000.0,5906000.0,0.0
1786410000,5906000.0,5906000.0,5906000.0,5906000.0,0.0
1786410900,5906000.0,5906000.0,5906000.0,5906000.0,0.01189502
1786411800,5906000.0,5906000.0,5906000.0,5906000.0,0.0
1786412700,5906000.0,5906000.0,5906000.0,5906000.0,0.0
1786413600,5906000.0,5906000.0,5906000.0,5906000.0,0.0
1786414500,5906000.0,5906000.0,5906000.0,5906000.0,0.0
1786415400,5906000.0,5906000.0,5906000.0,5906000.0,0.08836725
1786416300,5906000.0,5999099.0,5855433.0,5855433.0,0.01492948
1786417200,5855433.0,5855433.0,5855433.0,5855433.0,0.0
1786418100,5861518.0,5861518.0,5861518.0,5861518.0,0.01189502
1786419000,5861518.0,5861518.0,5861518.0,5861518.0,0.0
1786419900,5953900.0,5953900.0,5953900.0,5953900.0,0.00167268
1786420800,5953900.0,5953900.0,5953900.0,5953900.0,0.0
1786421700,5953900.0,5953900.0,5953900.0,5953900.0,0.0
1786422600,5953900.0,5953900.0,5953900.0,5953900.0,0.0
1786423500,5953900.0,5953900.0,5953900.0,5953900.0,0.00606795
1786424400,5953900.0,5953900.0,5953900.0,5953900.0,0.0
1786425300,5953900.0,5953900.0,5953900.0,5953900.0,0.0
1786426200,5953900.0,5953900.0,5953900.0,5953900.0,0.0
1786427100,5953900.0,5953900.0,5953900.0,5953900.0,0.0
1786428000,5953900.0,5953900.0,5953900.0,5953900.0,0.0
1786428900,5953900.0,5953900.0,5953900.0,5953900.0,0.0
1786429800,5953900.0,5953900.0,5953900.0,5953900.0,0.00167268
1786430700,5953900.0,5953900.0,5953900.0,5953900.0,0.0
1786431600,5953900.0,5953900.0,5953900.0,5953900.0,0.0
1786432500,5953900.0,5953900.0,5953900.0,5953900.0,0.0
1786433400,5953900.0,5953900.0,5953900.0,5953900.0,0.0
1786434300,5953900.0,5953900.0,5953900.0,5953900.0,0.0
1786435200,5953900.0,5953900.0,5953900.0,5953900.0,0.0
1786436100,5953900.0,5953900.0,5953900.0,5953900.0,0.0
1786437000,5875861.0,5875861.0,5865861.0,5865861.0,0.007891
1786437900,5953900.0,5959991.0,5953900.0,5959991.0,0.46236429
1786438800,5959991.0,5959991.0,5959991.0,5959991.0,0.0
1786439700,5959991.0,5959991.0,5959991.0,5959991.0,0.0
1786440600,5959991.0,5959991.0,5959991.0,5959991.0,0.0
1786441500,5876334.0,5879589.0,5876334.0,5879589.0,0.0129225
1786442400,5959098.0,5968542.0,5959098.0,5968542.0,0.00835475
1786443300,5968542.0,5968542.0,5968542.0,5968542.0,0.0
1786444200,5968542.0,5968542.0,5968542.0,5968542.0,0.0
1786445100,5968542.0,5968542.0,5968542.0,5968542.0,0.0
1786446000,5978424.0,5999099.0,5978424.0,5999099.0,0.02997912
1786446900,5999099.0,5999099.0,5999099.0,5999099.0,0.00195696
1786447800,5882039.0,5882039.0,5882038.0,5882038.0,0.0865442
1786448700,5882038.0,5882038.0,5882038.0,5882038.0,0.0
1786449600,5882038.0,5882038.0,5882038.0,5882038.0,0.0
1786450500,5882038.0,5882038.0,5882038.0,5882038.0,0.0
1786451400,5882038.0,5882038.0,5882038.0,5882038.0,0.00365533
1786452300,5882038.0,5882038.0,5882038.0,5882038.0,0.0
1786453200,5882038.0,5882038.0,5882038.0,5882038.0,0.0
1786454100,5882038.0,5882038.0,5882038.0,5882038.0,0.0
1786455000,5882038.0,5882038.0,5882038.0,5882038.0,0.0
1786455900,5999999.0,5999999.0,5999999.0,5999999.0,0.00165983
1786456800,5999999.0,6000000.0,5999999.0,5999999.0,0.04162316
1786457700,5940045.0,5940045.0,5940045.0,5940045.0,0.00491829
1786458600,5940045.0,5940045.0,5940045.0,5940045.0,0.0
1786459500,5940045.0,5940045.0,5880035.0,5880035.0,0.01223967
1786460400,5880035.0,5880035.0,5880035.0,5880035.0,0.0
1786461300,5999999.0,5999999.0,5999999.0,5999999.0,0.01846633
1786462200,5999999.0,5999999.0,5999999.0,5999999.0,0.0
1786463100,5920036.0,5999999.0,5920036.0,5999999.0,0.00350943
1786464000,5999999.0,5999999.0,5999999.0,5999999.0,0.00168466
1786464900,5920036.0,5920036.0,5920036.0,5920036.0,0.001799
1786465800,5999999.0,5999999.0,5999999.0,5999999.0,0.00674116
1786466700,5999999.0,5999999.0,5999999.0,5999999.0,0.0
1786467600,5999999.0,5999999.0,5999999.0,5999999.0,0.0
1786468500,5999999.0,5999999.0,5999999.0,5999999.0,0.003766
1786469400,5999999.0,5999999.0,5999999.0,5999999.0,0.0
1786470300,5999999.0,5999999.0,5999999.0,5999999.0,0.0
1786471200,5999999.0,5999999.0,5999999.0,5999999.0,0.03280166
1786472100,5900036.0,5900036.0,5880035.0,5880035.0,0.021993
1786473000,5880035.0,5880035.0,5880035.0,5880035.0,0.0
1786473900,5880035.0,5880035.0,5880035.0,5880035.0,0.0
1786474800,5999999.0,6000000.0,5999999.0,6000000.0,0.02007733
1786475700,6000000.0,6000000.0,6000000.0,6000000.0,0.0
1786476600,5880039.0,5880039.0,5880035.0,5880035.0,0.05354478
1786477500,5880035.0,5880035.0,5880035.0,5880035.0,0.0
1786478400,5880035.0,5880035.0,5880035.0,5880035.0,0.0
1786479300,5880035.0,5880035.0,5880035.0,5880035.0,0.0
1786480200,5880035.0,5880035.0,5880035.0,5880035.0,0.0
1786481100,5880035.0,5880035.0,5880035.0,5880035.0,0.0
1786482000,5880035.0,5880035.0,5880035.0,5880035.0,0.0
1786482900,5880035.0,5880035.0,5880035.0,5880035.0,0.0
1786483800,5880035.0,5880035.0,5880035.0,5880035.0,0.0
1786484700,6000000.0,6000000.0,6000000.0,6000000.0,0.001797
1786485600,6000000.0,6000000.0,6000000.0,6000000.0,0.0
1786486500,5880039.0,5880039.0,5500000.0,5500000.0,0.85393039
1786487400,5999995.0,5999995.0,5999995.0,5999995.0,0.00740083
1786488300,5999995.0,5999995.0,5999995.0,5999995.0,0.0
1786489200,5999995.0,5999995.0,5999995.0,5999995.0,0.0
1786490100,5999995.0,5999995.0,5999995.0,5999995.0,0.0
1786491000,5999995.0,5999995.0,5999995.0,5999995.0,0.0
1786491900,5999995.0,5999995.0,5999995.0,5999995.0,0.0
1786492800,5999995.0,5999995.0,5999995.0,5999995.0,0.0
1786493700,5999995.0,5999995.0,5999995.0,5999995.0,0.0
1786494600,5899979.0,5899979.0,5899979.0,5899979.0,0.04121162
1786495500,5899979.0,5899979.0,5899979.0,5899979.0,0.0
1786496400,5899979.0,5899979.0,5899979.0,5899979.0,0.0
1786497300,5909981.0,5909981.0,5903617.0,5903617.0,0.21488607
1786498200,5903617.0,5903617.0,5903617.0,5903617.0,0.0
1786499100,5903617.0,5903617.0,5903617.0,5903617.0,0.0
1786500000,5903617.0,5903617.0,5903617.0,5903617.0,0.0
1786500900,5903617.0,5903617.0,5903617.0,5903617.0,0.0
1786501800,5999997.0,5999997.0,5999997.0,5999997.0,0.0081145
1786502700,5999997.0,5999997.0,5999997.0,5999997.0,0.0
1786503600,5999997.0,5999997.0,5999997.0,5999997.0,0.0
1786504500,5999997.0,5999997.0,5999997.0,5999997.0,0.0
1786505400,5999997.0,5999997.0,5999997.0,5999997.0,0.0
1786506300,5939984.0,5939984.0,5939984.0,5939984.0,0.01664869
1786507200,5939984.0,5939984.0,5939984.0,5939984.0,0.0
1786508100,5939984.0,5939984.0,5939984.0,5939984.0,0.0
1786509000,5890005.0,5890005.0,5570001.0,5570001.0,0.01664869
1786509900,5570001.0,5570001.0,5570001.0,5570001.0,0.0
1786510800,5919984.0,5979996.0,5919984.0,5979996.0,0.01478068
1786511700,5979996.0,5979996.0,5979996.0,5979996.0,0.0
1786512600,5979996.0,5979996.0,5979996.0,5979996.0,0.0
1786513500,5979996.0,5979996.0,5979996.0,5979996.0,0.0
1786514400,5979996.0,5979996.0,5979996.0,5979996.0,0.0
1786515300,5979996.0,5979996.0,5979996.0,5979996.0,0.0
1786516200,5979996.0,5979996.0,5979996.0,5979996.0,0.0
1786517100,5912678.0,5912678.0,5912678.0,5912678.0,0.02199301
1786518000,5912678.0,5912678.0,5912678.0,5912678.0,0.0
1786518900,5912678.0,5912678.0,5912678.0,5912678.0,0.0
1786519800,5912678.0,5912678.0,5912678.0,5912678.0,0.0
1786520700,5912643.0,5912643.0,5912622.0,5912622.0,0.17546557
1786521600,5912622.0,5912622.0,5912622.0,5912622.0,0.0
1786522500,5912622.0,5912622.0,5912622.0,5912622.0,0.0
1786523400,5912622.0,5912622.0,5912622.0,5912622.0,0.0
1786524300,5912622.0,5912622.0,5912622.0,5912622.0,0.0
1786525200,5935618.0,5935618.0,5935618.0,5935618.0,0.07139204
1786526100,5935618.0,5935618.0,5935618.0,5935618.0,0.0
1786527000,5935618.0,5935618.0,5935618.0,5935618.0,0.0
1786527900,5935600.0,5935600.0,5935600.0,5935600.0,0.01846633
1786528800,5935600.0,5935600.0,5935600.0,5935600.0,0.0
1786529700,5925614.0,5925614.0,5925614.0,5925614.0,0.00957763
1786530600,5925614.0,5925614.0,5925610.0,5925610.0,0.46236429
1786531500,5924405.0,5924405.0,5924405.0,5924405.0,0.40011368
1786532400,5924405.0,5924405.0,5924405.0,5924405.0,0.0
1786533300,5924405.0,5924405.0,5924405.0,5924405.0,0.0
1786534200,5924405.0,5924405.0,5924405.0,5924405.0,0.0
1786535100,5979992.0,5999991.0,5979992.0,5999987.0,0.10656312
1786536000,5992038.0,5992038.0,5992038.0,5992038.0,0.00432039
1786536900,5992038.0,5992038.0,5992038.0,5992038.0,0.0
1786537800,5992038.0,5992038.0,5992038.0,5992038.0,0.0
1786538700,5992038.0,5992038.0,5992038.0,5992038.0,0.0
1786539600,5992038.0,5992038.0,5992038.0,5992038.0,0.0
1786540500,5992038.0,5992038.0,5992038.0,5992038.0,0.0
1786541400,5930004.0,5930004.0,5842142.0,5842142.0,0.01045155
1786542300,5580003.0,5580003.0,5580003.0,5580003.0,0.00343923
1786543200,5580003.0,5812641.0,5580003.0,5812641.0,0.01180915
1786544100,5801951.0,5801951.0,5801951.0,5801951.0,0.16856422
1786545000,5819986.0,5819986.0,5819986.0,5819986.0,0.04277948
1786545900,5999987.0,5999987.0,5809983.0,5809983.0,0.08017279
1786546800,5809983.0,5809983.0,5809983.0,5809983.0,0.0
1786547700,5793096.0,5793096.0,5793096.0,5793096.0,0.00254956
1786548600,5770903.0,5799995.0,5580902.0,5799995.0,0.01797427
1786549500,5799995.0,5799995.0,5799995.0,5799995.0,0.0
1786550400,5799995.0,5799995.0,5799995.0,5799995.0,0.0
1786551300,5820005.0,5820005.0,5820005.0,5820005.0,0.00762026
1786552200,5859991.0,5859991.0,5859991.0,5859991.0,0.04881611
1786553100,5859991.0,5859991.0,5859991.0,5859991.0,0.0
1786554000,5890554.0,5890554.0,5890554.0,5890554.0,0.00498781
1786554900,5890554.0,5890554.0,5890554.0,5890554.0,0.0
1786555800,5890554.0,5890554.0,5890554.0,5890554.0,0.0
1786556700,5890554.0,5890554.0,5890554.0,5890554.0,0.0
1786557600,5890554.0,5890554.0,5890554.0,5890554.0,0.0
1786558500,5890554.0,5890554.0,5890554.0,5890554.0,0.0
1786559400,5890554.0,5890554.0,5890554.0,5890554.0,0.0
1786560300,5890554.0,5890554.0,5890554.0,5890554.0,0.0
1786561200,5890554.0,5890554.0,5890554.0,5890554.0,0.0
1786562100,5890554.0,5890554.0,5890554.0,5890554.0,0.0
1786563000,5890554.0,5890554.0,5890554.0,5890554.0,0.0
1786563900,5890554.0,5890554.0,5890554.0,5890554.0,0.0
1786564800,5890554.0,5890554.0,5890554.0,5890554.0,0.0
1786565700,5890554.0,5890554.0,5890554.0,5890554.0,0.0
1786566600,5890554.0,5890554.0,5890554.0,5890554.0,0.0
1786567500,5890554.0,5890554.0,5890554.0,5890554.0,0.0
1786568400,5890554.0,5890554.0,5890554.0,5890554.0,0.0
1786569300,5890554.0,5890554.0,5890554.0,5890554.0,0.0
1786570200,5890554.0,5890554.0,5890554.0,5890554.0,0.0
1786571100,5890554.0,5890554.0,5890554.0,5890554.0,0.0
1786572000,5890554.0,5890554.0,5890554.0,5890554.0,0.0
1786572900,5895139.0,5895139.0,5895139.0,5895139.0,0.00760202
1786573800,5895139.0,5895139.0,5895139.0,5895139.0,0.0
1786574700,5895139.0,5895139.0,5895139.0,5895139.0,0.0
1786575600,5895139.0,5895139.0,5895139.0,5895139.0,0.0
1786576500,5895139.0,5895139.0,5895139.0,5895139.0,0.0
1786577400,5895139.0,5895139.0,5895139.0,5895139.0,0.0
1786578300,5830002.0,5830002.0,5830002.0,5830002.0,0.00740112
1786579200,5888401.0,5888401.0,5888401.0,5888401.0,0.00845645
1786580100,5830002.0,5830002.0,5810024.0,5810024.0,0.0105595
1786581000,5810024.0,5810024.0,5810024.0,5810024.0,0.0
1786581900,5810473.0,5810473.0,5810473.0,5810473.0,0.00435726
1786582800,5810473.0,5810473.0,5810473.0,5810473.0,0.0
1786583700,5810473.0,5810473.0,5810473.0,5810473.0,0.0
1786584600,5810473.0,5810473.0,5810473.0,5810473.0,0.0
1786585500,5810473.0,5810473.0,5810473.0,5810473.0,0.0
1786586400,5810473.0,5810473.0,5810473.0,5810473.0,0.0
1786587300,5810473.0,5810473.0,5810473.0,5810473.0,0.0
1786588200,5810473.0,5810473.0,5810473.0,5810473.0,0.0
1786589100,5810473.0,5810473.0,5810473.0,5810473.0,0.0
1786590000,5810473.0,5810473.0,5810473.0,5810473.0,0.0
1786590900,5888825.0,5999996.0,5888825.0,5999996.0,0.03337807
1786591800,5910166.0,5910166.0,5910166.0,5910166.0,0.00196694
1786592700,5910166.0,5910166.0,5910166.0,5910166.0,0.0
1786593600,5837239.0,5837239.0,5600001.0,5600001.0,0.55639628
1786594500,5600001.0,5600001.0,5600001.0,5600001.0,0.0
1786595400,5600001.0,5600001.0,5600001.0,5600001.0,0.0
1786596300,5600001.0,5600001.0,5600001.0,5600001.0,0.0
1786597200,5999996.0,5999996.0,5999996.0,5999996.0,0.00165983
1786598100,5999996.0,5999996.0,5999996.0,5999996.0,0.0
1786599000,5918154.0,5918154.0,5918154.0,5918154.0,0.11698715
1786599900,5918154.0,5918154.0,5918154.0,5918154.0,0.0
1786600800,5918154.0,5918154.0,5918154.0,5918154.0,0.0
1786601700,5918154.0,5918154.0,5918154.0,5918154.0,0.0
1786602600,5918154.0,5918154.0,5918154.0,5918154.0,0.0
1786603500,5826770.0,5826770.0,5816691.0,5816691.0,0.01875475
1786604400,5816691.0,5816691.0,5816691.0,5816691.0,0.0
1786605300,5816691.0,5816691.0,5816691.0,5816691.0,0.0
1786606200,5816691.0,5816691.0,5816691.0,5816691.0,0.0
1786607100,5816691.0,5816691.0,5816691.0,5816691.0,0.0
1786608000,5816691.0,5816691.0,5816691.0,5816691.0,0.0
1786608900,5600007.0,5600007.0,5600007.0,5600007.0,0.002429
1786609800,5600007.0,5600007.0,5600007.0,5600007.0,0.0
1786610700,5600007.0,5600007.0,5600007.0,5600007.0,0.0
1786611600,5600007.0,5600007.0,5600007.0,5600007.0,0.0
1786612500,5600007.0,5600007.0,5600007.0,5600007.0,0.0
1786613400,5600007.0,5600007.0,5600007.0,5600007.0,0.0
1786614300,5600007.0,5600007.0,5600007.0,5600007.0,0.0
1786615200,5600007.0,5600007.0,5600007.0,5600007.0,0.0
1786616100,5600007.0,5600007.0,5600007.0,5600007.0,0.0
1786617000,5600007.0,5600007.0,5600007.0,5600007.0,0.0
1786617900,5890345.0,5890346.0,5820007.0,5820007.0,0.00652898
1786618800,5820007.0,5820007.0,5820007.0,5820007.0,0.0
1786619700,5820007.0,5820007.0,5820007.0,5820007.0,0.0
1786620600,5820007.0,5820007.0,5820007.0,5820007.0,0.0
1786621500,5820007.0,5820007.0,5820007.0,5820007.0,0.0
1786622400,5820007.0,5820007.0,5820007.0,5820007.0,0.0
1786623300,5820007.0,5820007.0,5820007.0,5820007.0,0.0
1786624200,5852093.0,5852093.0,5852093.0,5852093.0,0.00170178
1786625100,5852093.0,5852093.0,5852093.0,5852093.0,0.0
1786626000,5852093.0,5852093.0,5852093.0,5852093.0,0.0
1786626900,5852093.0,5852093.0,5852093.0,5852093.0,0.0
1786627800,5859387.0,5859387.0,5859387.0,5859387.0,0.00498781
1786628700,5859387.0,5859387.0,5859387.0,5859387.0,0.0
1786629600,5859387.0,5859387.0,5859387.0,5859387.0,0.0
1786630500,5977547.0,5977720.0,5977547.0,5977720.0,0.0051221
1786631400,5993556.0,5993556.0,5993556.0,5993556.0,0.00185048
1786632300,5917147.0,5917147.0,5917147.0,5917147.0,0.003766
1786633200,5917147.0,5917147.0,5917147.0,5917147.0,0.0
1786634100,5917147.0,5917147.0,5917147.0,5917147.0,0.0
1786635000,5907184.0,5907184.0,5907184.0,5907184.0,0.01895522
1786635900,5993556.0,5999996.0,5992383.0,5999996.0,0.09064606
1786636800,5999996.0,5999996.0,5999996.0,5999996.0,0.0
1786637700,5999996.0,5999996.0,5999996.0,5999996.0,0.0
1786638600,5999996.0,5999996.0,5999996.0,5999996.0,0.0
1786639500,5999996.0,5999996.0,5970010.0,5970010.0,0.008123
1786640400,5970010.0,5970010.0,5970010.0,5970010.0,0.0
1786641300,5970010.0,5970010.0,5970010.0,5970010.0,0.0
1786642200,5970010.0,5970010.0,5970010.0,5970010.0,0.0
1786643100,5970010.0,5970010.0,5970010.0,5970010.0,0.0
1786644000,5970010.0,5970010.0,5970010.0,5970010.0,0.0
1786644900,5999996.0,6000000.0,5999996.0,6000000.0,2.01606693
1786645800,6000000.0,6000000.0,6000000.0,6000000.0,0.0
1786646700,6011188.0,6021342.0,6011188.0,6021342.0,0.0154954
1786647600,6100000.0,6100000.0,6100000.0,6100000.0,0.00213737
1786648500,6100000.0,6100000.0,6077434.0,6077434.0,0.0054498
1786649400,6077434.0,6077434.0,6077434.0,6077434.0,0.0
1786650300,6019836.0,6030379.0,6019836.0,6030379.0,0.01698903
1786651200,6030379.0,6030379.0,6030379.0,6030379.0,0.0
1786652100,6030379.0,6030379.0,6030379.0,6030379.0,0.0
1786653000,6030379.0,6030379.0,6030379.0,6030379.0,0.0
1786653900,6074690.0,6074690.0,6074690.0,6074690.0,0.00576239
1786654800,6074690.0,6074690.0,6074690.0,6074690.0,0.0
1786655700,6074690.0,6074690.0,6074690.0,6074690.0,0.0
1786656600,6074690.0,6074690.0,6074690.0,6074690.0,0.0
1786657500,6074690.0,6074690.0,6074690.0,6074690.0,0.0
1786658400,6074690.0,6074690.0,6074690.0,6074690.0,0.0
1786659300,6042297.0,6042297.0,6042297.0,6042297.0,0.11685689
1786660200,6043805.0,6043805.0,6043805.0,6043805.0,0.07477094
1786661100,6051612.0,6051612.0,6051612.0,6051612.0,0.07396487
1786662000,6051612.0,6051612.0,6051612.0,6051612.0,0.0
1786662900,6051612.0,6051612.0,6051612.0,6051612.0,0.0
1786663800,6051612.0,6051612.0,6051612.0,6051612.0,0.0
1786664700,6052028.0,6052028.0,6052028.0,6052028.0,0.00220734
1786665600,6070979.0,6070979.0,6070979.0,6070979.0,0.00164042
1786666500,6070979.0,6070979.0,6070979.0,6070979.0,0.0
1786667400,6070979.0,6070979.0,6070979.0,6070979.0,0.0
1786668300,6070979.0,6070979.0,6070979.0,6070979.0,0.0
1786669200,6070979.0,6070979.0,6070979.0,6070979.0,0.0
1786670100,6070934.0,6070996.0,6070934.0,6070996.0,0.00246057
1786671000,6033166.0,6033166.0,6033166.0,6033166.0,0.0168112
1786671900,6070000.0,6070000.0,6070000.0,6070000.0,0.00164069
1786672800,6069996.0,6069996.0,6037065.0,6040078.0,0.0245943
1786673700,6069996.0,6069996.0,6069996.0,6069996.0,0.0083916
1786674600,6059996.0,6070000.0,6059996.0,6070000.0,0.00794305
1786675500,6070000.0,6070000.0,6070000.0,6070000.0,0.0
1786676400,6068996.0,6068996.0,6068996.0,6068996.0,0.00344603
1786677300,6068996.0,6068996.0,6068996.0,6068996.0,0.0
1786678200,6068996.0,6068996.0,6068996.0,6068996.0,0.0
1786679100,6068996.0,6068996.0,6068996.0,6068996.0,0.0
1786680000,6030010.0,6030010.0,6030010.0,6030010.0,0.00437574
1786680900,6048996.0,6048996.0,6048996.0,6048996.0,0.00692445
1786681800,6030014.0,6030014.0,6030014.0,6030014.0,0.00284427
1786682700,6030014.0,6030014.0,6030014.0,6030014.0,0.0
1786683600,6030014.0,6030014.0,6030014.0,6030014.0,0.0
1786684500,6030014.0,6030014.0,6030014.0,6030014.0,0.0
1786685400,6030014.0,6030014.0,6030014.0,6030014.0,0.0
1786686300,6030014.0,6030014.0,6030014.0,6030014.0,0.0
1786687200,6058999.0,6058999.0,6058999.0,6058999.0,0.00596798
1786688100,6058999.0,6058999.0,6058999.0,6058999.0,0.00164367
1786689000,6058999.0,6058999.0,6058999.0,6058999.0,0.0
1786689900,6058999.0,6058999.0,6058999.0,6058999.0,0.00177768
1786690800,6032457.0,6032457.0,6032457.0,6032457.0,0.0018703
1786691700,6032457.0,6032457.0,6032457.0,6032457.0,0.0
1786692600,6046636.0,6046636.0,6046636.0,6046636.0,0.00726826
1786693500,6046636.0,6046636.0,6046636.0,6046636.0,0.0
1786694400,6058999.0,6069000.0,6058999.0,6069000.0,0.16666911
1786695300,6069000.0,6069000.0,5600901.0,5600901.0,0.04794924
1786696200,6069000.0,6069000.0,6069000.0,6069000.0,0.11945083
1786697100,6069000.0,6069000.0,6069000.0,6069000.0,0.0
1786698000,6069000.0,6069000.0,6069000.0,6069000.0,0.0
1786698900,5600901.0,6088983.0,5600901.0,6088983.0,0.01310889
1786699800,6088983.0,6088983.0,6088983.0,6088983.0,0.0
1786700700,6088983.0,6088983.0,6088983.0,6088983.0,0.0
1786701600,6088983.0,6088983.0,6088983.0,6088983.0,0.0
1786702500,6088983.0,6088983.0,6088983.0,6088983.0,0.04051267
1786703400,6088983.0,6088983.0,6088983.0,6088983.0,0.0
1786704300,6062057.0,6088983.0,6062057.0,6088983.0,0.29241164
1786705200,6152596.0,6171665.0,6088669.0,6088669.0,0.05912923
1786706100,6088669.0,6088669.0,6088669.0,6088669.0,0.0
1786707000,6156731.0,6249995.0,6156731.0,6158534.0,0.08655011
1786707900,6088669.0,6172025.0,6080845.0,6172025.0,0.05419097
1786708800,6171309.0,6171309.0,6171309.0,6171309.0,0.00211267
1786709700,6171309.0,6171309.0,6171309.0,6171309.0,0.0
1786710600,6143572.0,6143572.0,6143572.0,6143572.0,0.00810521
1786711500,6124284.0,6146119.0,5606019.0,5606019.0,1.01676545
1786712400,6138274.0,6148276.0,6076731.0,6076731.0,0.13738413
1786713300,6197215.0,6197215.0,6134802.0,6134802.0,0.01205023
1786714200,6134802.0,6167971.0,6134802.0,6167971.0,0.09566468
1786715100,6249990.0,6249990.0,6211310.0,6211310.0,0.00756545
1786716000,6226523.0,6226523.0,6221048.0,6221048.0,0.00810521
1786716900,6249999.0,6249999.0,6249999.0,6249999.0,0.00343536
1786717800,6249999.0,6249999.0,6166529.0,6166529.0,0.00620785
1786718700,6166529.0,6166529.0,6166529.0,6166529.0,0.00352692
1786719600,6122549.0,6122549.0,6122549.0,6122549.0,0.01199696
1786720500,6051657.0,6051657.0,6051657.0,6051657.0,0.05540448
1786721400,5976532.0,5976532.0,5976532.0,5976532.0,0.001779
1786722300,6096528.0,6096528.0,6096528.0,6096528.0,0.0090932
1786723200,6105456.0,6105456.0,6105456.0,6105456.0,0.00250333
1786724100,6105456.0,6105456.0,6105456.0,6105456.0,0.0
1786725000,6103361.0,6103361.0,6036528.0,6036528.0,0.12088147
1786725900,6036528.0,6036528.0,6036528.0,6036528.0,0.0
1786726800,6076450.0,6076450.0,5999736.0,5999736.0,0.01357749
1786727700,6016932.0,6016932.0,6016932.0,6016932.0,0.00237379
1786728600,6016932.0,6016932.0,6016932.0,6016932.0,0.0
1786729500,5610990.0,5610990.0,5610990.0,5610990.0,0.00408018
1786730400,5610990.0,5610990.0,5610990.0,5610990.0,0.0
1786731300,5610990.0,5610990.0,5610990.0,5610990.0,0.0
1786732200,5611004.0,5611004.0,5611004.0,5611004.0,0.0026134
1786733100,6135849.0,6135849.0,6135849.0,6135849.0,0.00324616
1786734000,6135849.0,6135849.0,6135849.0,6135849.0,0.0
1786734900,6135849.0,6135849.0,6135849.0,6135849.0,0.0
1786735800,6135849.0,6135849.0,6135849.0,6135849.0,0.0
1786736700,6135849.0,6135849.0,6135849.0,6135849.0,0.0
1786737600,6135849.0,6135849.0,6135849.0,6135849.0,0.0
1786738500,6147579.0,6147579.0,6147579.0,6147579.0,0.00240078
1786739400,6147579.0,6147579.0,6147579.0,6147579.0,0.0
1786740300,6146050.0,6146050.0,6051215.0,6051215.0,0.00461753
1786741200,6051215.0,6051215.0,6051215.0,6051215.0,0.0
1786742100,6051215.0,6051215.0,6051215.0,6051215.0,0.0
1786743000,6071773.0,6071773.0,6071773.0,6071773.0,0.0051
1786743900,6071773.0,6071773.0,6071773.0,6071773.0,0.0
1786744800,6071011.0,6071011.0,6071011.0,6071011.0,0.00409737
1786745700,6071011.0,6071011.0,6071011.0,6071011.0,0.0
1786746600,6138207.0,6138207.0,6138207.0,6138207.0,0.00480417
1786747500,6138207.0,6138207.0,6138207.0,6138207.0,0.0
1786748400,6138207.0,6138207.0,6138207.0,6138207.0,0.0
1786749300,6138207.0,6138207.0,6138207.0,6138207.0,0.0
1786750200,6138207.0,6138207.0,6138207.0,6138207.0,0.0
1786751100,6072002.0,6072002.0,6072002.0,6072002.0,0.00349271
1786752000,6072002.0,6072002.0,6072002.0,6072002.0,0.0
1786752900,6072002.0,6072002.0,6072002.0,6072002.0,0.0
1786753800,6131386.0,6131386.0,6131027.0,6131027.0,0.00658857
1786754700,6131027.0,6131027.0,6131027.0,6131027.0,0.0
1786755600,6131027.0,6131027.0,6131027.0,6131027.0,0.0
1786756500,6131027.0,6131027.0,6131027.0,6131027.0,0.0
1786757400,6139100.0,6139100.0,6139100.0,6139100.0,0.00200632
1786758300,6139100.0,6139100.0,6139100.0,6139100.0,0.0
1786759200,6139100.0,6139100.0,6139100.0,6139100.0,0.0
1786760100,6136950.0,6136950.0,6136950.0,6136950.0,0.00797871
1786761000,6136950.0,6136950.0,6136950.0,6136950.0,0.0
1786761900,6136950.0,6136950.0,6136950.0,6136950.0,0.0
1786762800,6249000.0,6249000.0,6249000.0,6249000.0,0.00378876
1786763700,6249000.0,6249000.0,6249000.0,6249000.0,0.0
1786764600,6249000.0,6249000.0,6249000.0,6249000.0,0.0
1786765500,6249000.0,6249999.0,6249000.0,6249999.0,0.07648549
1786766400,6249999.0,6249999.0,6249999.0,6249999.0,0.0
1786767300,6249999.0,6249999.0,6249999.0,6249999.0,0.0
1786768200,6063011.0,6063011.0,6063011.0,6063011.0,0.00165957
1786769100,6063011.0,6063011.0,6063011.0,6063011.0,0.0
1786770000,6063011.0,6063011.0,6063011.0,6063011.0,0.0
1786770900,6063011.0,6063011.0,6063011.0,6063011.0,0.00250486
1786771800,6136232.0,6136232.0,6136232.0,6136232.0,0.00243439
1786772700,6136232.0,6136232.0,6136232.0,6136232.0,0.0
1786773600,6073012.0,6073012.0,6073012.0,6073012.0,0.00170557
1786774500,6073012.0,6137668.0,6073012.0,6137668.0,0.00506863
1786775400,6137668.0,6137668.0,6137668.0,6137668.0,0.0
1786776300,6138207.0,6138207.0,6063015.0,6063015.0,0.04854039
1786777200,6063015.0,6063015.0,6063015.0,6063015.0,0.0
1786778100,6063015.0,6063015.0,6063015.0,6063015.0,0.0
1786779000,6139822.0,6139822.0,6139822.0,6139822.0,0.00215869
1786779900,6139822.0,6139822.0,6139822.0,6139822.0,0.05117232
1786780800,6142694.0,6142694.0,6063011.0,6063011.0,0.0048181
1786781700,6140357.0,6140357.0,6140357.0,6140357.0,0.00810946
1786782600,6140357.0,6140357.0,6140357.0,6140357.0,0.0
1786783500,6140357.0,6140357.0,6140357.0,6140357.0,0.0
1786784400,6140357.0,6140357.0,6140357.0,6140357.0,0.0
1786785300,6140357.0,6140357.0,6140357.0,6140357.0,0.0
1786786200,6140357.0,6140357.0,6140357.0,6140357.0,0.0
1786787100,6137489.0,6139104.0,6063011.0,6139104.0,0.01778513
1786788000,6139104.0,6139104.0,6139104.0,6139104.0,0.0
1786788900,6139104.0,6139104.0,6139104.0,6139104.0,0.0
1786789800,6139104.0,6139104.0,6139104.0,6139104.0,0.0
1786790700,6139104.0,6139104.0,6139104.0,6139104.0,0.0
1786791600,6063011.0,6063011.0,6052126.0,6052126.0,0.00232737
1786792500,6052126.0,6052126.0,6052126.0,6052126.0,0.0
1786793400,6052126.0,6052126.0,6052126.0,6052126.0,0.0
1786794300,6070906.0,6070906.0,6050354.0,6050354.0,0.08289931
1786795200,6050354.0,6050354.0,6050354.0,6050354.0,0.0
1786796100,6070906.0,6070906.0,6070906.0,6070906.0,0.00230696
1786797000,6070906.0,6070906.0,6070906.0,6070906.0,0.00336096
1786797900,6070906.0,6070906.0,6070906.0,6070906.0,0.0
1786798800,6070906.0,6070906.0,6070906.0,6070906.0,0.00628344
1786799700,6144130.0,6144130.0,6144130.0,6144130.0,0.00515435
1786800600,6144130.0,6144130.0,6144130.0,6144130.0,0.0
1786801500,6144130.0,6144130.0,6144130.0,6144130.0,0.0
1786802400,6144130.0,6144130.0,6144130.0,6144130.0,0.0
1786803300,6144130.0,6144130.0,6144130.0,6144130.0,0.0
1786804200,6144130.0,6144130.0,6144130.0,6144130.0,0.0
1786805100,6145566.0,6145566.0,6145566.0,6145566.0,0.00324103
1786806000,6145566.0,6145566.0,6145566.0,6145566.0,0.0
1786806900,6144489.0,6144668.0,6144489.0,6144668.0,0.00420842
1786807800,6144668.0,6144668.0,6144668.0,6144668.0,0.0
1786808700,6080910.0,6080910.0,6080910.0,6080910.0,0.00348481
1786809600,6080910.0,6080910.0,6080910.0,6080910.0,0.0
1786810500,6080910.0,6080910.0,6080910.0,6080910.0,0.0
1786811400,6080910.0,6080910.0,6080910.0,6080910.0,0.0
1786812300,6080910.0,6080910.0,6080910.0,6080910.0,0.0
1786813200,6080910.0,6080910.0,6080910.0,6080910.0,0.0
1786814100,6080910.0,6080910.0,6080910.0,6080910.0,0.0
1786815000,6080910.0,6080910.0,6080910.0,6080910.0,0.0
1786815900,6080910.0,6080910.0,6080910.0,6080910.0,0.0
1786816800,6080910.0,6080910.0,6080910.0,6080910.0,0.0
1786817700,6080910.0,6080910.0,6080910.0,6080910.0,0.0
1786818600,6145386.0,6155976.0,6145386.0,6155976.0,0.03235899
1786819500,6155976.0,6155976.0,6155976.0,6155976.0,0.0
1786820400,6155976.0,6155976.0,6155976.0,6155976.0,0.0
1786821300,6155976.0,6155976.0,6155976.0,6155976.0,0.0
1786822200,6249999.0,6249999.0,6249999.0,6249999.0,0.00318688
1786823100,6249999.0,6249999.0,6249999.0,6249999.0,0.0
1786824000,6249999.0,6249999.0,6249999.0,6249999.0,0.0
1786824900,6080910.0,6080910.0,6080910.0,6080910.0,0.00324211
1786825800,6080910.0,6080910.0,6080910.0,6080910.0,0.0
1786826700,6080910.0,6080910.0,6080910.0,6080910.0,0.0
1786827600,6080910.0,6080910.0,6080910.0,6080910.0,0.00729331
1786828500,6080910.0,6080910.0,6080910.0,6080910.0,0.0
1786829400,6080910.0,6080910.0,6080910.0,6080910.0,0.02055921
1786830300,6249999.0,6249999.0,6249999.0,6249999.0,0.00699136
1786831200,6249999.0,6249999.0,6249999.0,6249999.0,0.0
1786832100,6080910.0,6080910.0,6067682.0,6067682.0,0.00699136
1786833000,6067682.0,6067682.0,6067682.0,6067682.0,0.0
1786833900,6067682.0,6067682.0,6067682.0,6067682.0,0.0
1786834800,6067682.0,6067682.0,6067682.0,6067682.0,0.0
1786835700,6067682.0,6067682.0,6067682.0,6067682.0,0.0
1786836600,6067682.0,6067682.0,6067682.0,6067682.0,0.0
1786837500,6067682.0,6067682.0,6067682.0,6067682.0,0.0
1786838400,6067682.0,6067682.0,6067682.0,6067682.0,0.0
1786839300,6249999.0,6249999.0,6249999.0,6249999.0,0.00159344
1786840200,6249999.0,6249999.0,6249999.0,6249999.0,0.0
1786841100,6249999.0,6249999.0,6249999.0,6249999.0,0.0
1786842000,6249999.0,6249999.0,6249999.0,6249999.0,0.0
1786842900,6249999.0,6249999.0,6249999.0,6249999.0,0.0
1786843800,6249999.0,6249999.0,6249999.0,6249999.0,0.0
1786844700,6249999.0,6249999.0,6249999.0,6249999.0,0.0
1786845600,6249999.0,6249999.0,6249999.0,6249999.0,0.0
1786846500,6157412.0,6157412.0,6157412.0,6157412.0,0.0016174
1786847400,6157412.0,6157412.0,6157412.0,6157412.0,0.0
1786848300,6157412.0,6157412.0,6157412.0,6157412.0,0.0
1786849200,6157412.0,6157412.0,6157412.0,6157412.0,0.0
1786850100,6157412.0,6157412.0,6157412.0,6157412.0,0.0
1786851000,6157412.0,6157412.0,6157412.0,6157412.0,0.0
1786851900,6090004.0,6249999.0,6076169.0,6249999.0,0.36206131
1786852800,6249999.0,6249999.0,6249999.0,6249999.0,0.0
1786853700,6249999.0,6249999.0,6249999.0,6249999.0,0.00159344
1786854600,6249999.0,6249999.0,6249999.0,6249999.0,0.0
1786855500,6165489.0,6165489.0,6099357.0,6099357.0,0.16827024
1786856400,6099357.0,6099357.0,6099357.0,6099357.0,0.0
1786857300,6099357.0,6099357.0,6099357.0,6099357.0,0.0
1786858200,6099357.0,6099357.0,6099357.0,6099357.0,0.0
1786859100,6099357.0,6099357.0,6099357.0,6099357.0,0.0
1786860000,6170514.0,6170514.0,6077230.0,6077230.0,0.01361092
1786860900,6169078.0,6169078.0,6169078.0,6169078.0,0.01617567
1786861800,6249999.0,6249999.0,6249999.0,6249999.0,0.02246752
1786862700,6096173.0,6096173.0,5750002.0,5750002.0,0.99658375
1786863600,6173565.0,6173565.0,5750003.0,5750003.0,0.97544801
1786864500,5750003.0,5750003.0,5750003.0,5750003.0,0.0
1786865400,5750003.0,5750003.0,5750003.0,5750003.0,0.0
1786866300,6117727.0,6117727.0,6080059.0,6080063.0,0.00750376
1786867200,6115704.0,6117036.0,6115704.0,6117036.0,0.042339
1786868100,6117036.0,6117036.0,6117036.0,6117036.0,0.0
1786869000,6117036.0,6117036.0,6117036.0,6117036.0,0.0
1786869900,6113366.0,6113366.0,6113362.0,6113362.0,0.02536754
1786870800,6117040.0,6118900.0,6117040.0,6118900.0,0.0978501
1786871700,6113992.0,6115785.0,6097946.0,6097946.0,0.11228062
1786872600,6097946.0,6097946.0,6097946.0,6097946.0,0.0
1786873500,6164408.0,6164408.0,6164408.0,6164408.0,0.00266108
1786874400,6097946.0,6097946.0,6097946.0,6097946.0,0.00781837
1786875300,6097946.0,6097946.0,6097946.0,6097946.0,0.0
1786876200,6097946.0,6097946.0,6097946.0,6097946.0,0.0
1786877100,6157227.0,6157227.0,6157227.0,6157227.0,0.00161744
1786878000,6111709.0,6161360.0,6111709.0,6161360.0,0.3991574
1786878900,6161360.0,6161360.0,6161360.0,6161360.0,0.0
1786879800,6162078.0,6162078.0,6162078.0,6162078.0,0.00430552
1786880700,6154406.0,6154411.0,6154406.0,6154411.0,0.04032021
1786881600,6154411.0,6154411.0,6090010.0,6154411.0,0.01023817
1786882500,6154411.0,6154411.0,6154411.0,6154411.0,0.0
1786883400,6090010.0,6090010.0,6090010.0,6090010.0,0.00167241
1786884300,6090010.0,6090010.0,6090010.0,6090010.0,0.0
1786885200,6090010.0,6090010.0,6090010.0,6090010.0,0.0
1786886100,6144411.0,6144411.0,6144411.0,6144411.0,0.00162082
1786887000,6144411.0,6144411.0,6144411.0,6144411.0,0.0
1786887900,6144411.0,6144411.0,6144411.0,6144411.0,0.00162082
1786888800,6144411.0,6144411.0,6144411.0,6144411.0,0.0
1786889700,6144411.0,6144411.0,6144411.0,6144411.0,0.0
1786890600,6144411.0,6144411.0,6144411.0,6144411.0,0.0
1786891500,6144411.0,6144411.0,6144411.0,6144411.0,0.0
1786892400,6144411.0,6144411.0,6144411.0,6144411.0,0.0
1786893300,6144411.0,6144411.0,6144411.0,6144411.0,0.0
1786894200,6144411.0,6144411.0,6144411.0,6144411.0,0.0
1786895100,6080013.0,6080013.0,6080013.0,6080013.0,0.04137524
1786896000,6080013.0,6080013.0,6080013.0,6080013.0,0.0
1786896900,6080013.0,6080013.0,6080013.0,6080013.0,0.0
1786897800,6080013.0,6080013.0,6080013.0,6080013.0,0.0
1786898700,6080013.0,6080013.0,6080013.0,6080013.0,0.0
1786899600,6080013.0,6080013.0,6080013.0,6080013.0,0.0
1786900500,6080013.0,6080013.0,6060786.0,6060786.0,0.22761061
1786901400,6060786.0,6060786.0,6060786.0,6060786.0,0.0
1786902300,6060786.0,6060786.0,6060786.0,6060786.0,0.0
1786903200,6060786.0,6060786.0,6060786.0,6060786.0,0.0
1786904100,6060786.0,6060786.0,6060786.0,6060786.0,0.0
1786905000,6060786.0,6060786.0,6060786.0,6060786.0,0.0
1786905900,6060786.0,6060786.0,6060786.0,6060786.0,0.0
1786906800,6060786.0,6060786.0,6060786.0,6060786.0,0.0
1786907700,6060786.0,6060786.0,6060786.0,6060786.0,0.0
1786908600,6060786.0,6060786.0,6060786.0,6060786.0,0.0
1786909500,6060786.0,6060786.0,6060786.0,6060786.0,0.0
1786910400,6073443.0,6073443.0,6073443.0,6073443.0,0.00168466
1786911300,6134410.0,6134410.0,6134410.0,6134410.0,0.00164465
1786912200,6134410.0,6134410.0,6134410.0,6134410.0,0.0
1786913100,6134410.0,6134410.0,6134410.0,6134410.0,0.0
1786914000,6134410.0,6134410.0,6134410.0,6134410.0,0.0
1786914900,6134410.0,6134410.0,6134410.0,6134410.0,0.0
1786915800,6134410.0,6134410.0,6134410.0,6134410.0,0.0
1786916700,6134406.0,6134410.0,6073443.0,6073443.0,0.00407764
1786917600,6073443.0,6073443.0,6073443.0,6073443.0,0.0
1786918500,6073443.0,6073443.0,6073443.0,6073443.0,0.0
1786919400,6073443.0,6073443.0,6073443.0,6073443.0,0.0
1786920300,6073443.0,6073443.0,6073443.0,6073443.0,0.0
1786921200,6073443.0,6073443.0,6073443.0,6073443.0,0.0
1786922100,6073443.0,6073443.0,6073443.0,6073443.0,0.0
1786923000,6073443.0,6073443.0,6073443.0,6073443.0,0.0
1786923900,6073443.0,6073443.0,6073443.0,6073443.0,0.0
1786924800,6090019.0,6090019.0,6077837.0,6077837.0,0.05820227
1786925700,6077837.0,6077837.0,6077837.0,6077837.0,0.0
1786926600,6077837.0,6077837.0,6077837.0,6077837.0,0.0
1786927500,6077837.0,6077837.0,6077837.0,6077837.0,0.0
1786928400,6134409.0,6134409.0,6134409.0,6134409.0,0.04058679
1786929300,6134409.0,6134409.0,6134409.0,6134409.0,0.0
1786930200,6134409.0,6134409.0,6134409.0,6134409.0,0.0
1786931100,6134409.0,6134409.0,6134409.0,6134409.0,0.0
1786932000,6134409.0,6134409.0,6134409.0,6134409.0,0.0
1786932900,6134409.0,6134409.0,6134409.0,6134409.0,0.0
1786933800,6134409.0,6134409.0,6134409.0,6134409.0,0.00791404
1786934700,6134409.0,6134409.0,6134409.0,6134409.0,0.0
1786935600,6134409.0,6134409.0,6134409.0,6134409.0,0.0
1786936500,6083491.0,6083491.0,6083491.0,6083491.0,0.00312019
1786937400,6083491.0,6083491.0,6083491.0,6083491.0,0.0
1786938300,6083880.0,6083880.0,6083880.0,6083880.0,0.00423202
1786939200,6083880.0,6083880.0,6083880.0,6083880.0,0.0
1786940100,6083880.0,6083880.0,6083880.0,6083880.0,0.0
1786941000,6134409.0,6134409.0,6134409.0,6134409.0,0.00572508
1786941900,6134409.0,6134409.0,6134409.0,6134409.0,0.0
1786942800,6134409.0,6134409.0,6134409.0,6134409.0,0.0
1786943700,6091526.0,6091526.0,6091526.0,6091526.0,0.00266108
1786944600,6091526.0,6091526.0,6091526.0,6091526.0,0.0
1786945500,6090990.0,6134408.0,6090990.0,6134408.0,0.02098638
1786946400,6134408.0,6134408.0,6134408.0,6134408.0,0.0
1786947300,6134408.0,6134408.0,6134408.0,6134408.0,0.0
1786948200,6134408.0,6134408.0,6134408.0,6134408.0,0.0
1786949100,6134408.0,6134408.0,6134408.0,6134408.0,0.0
1786950000,6134408.0,6134408.0,6134408.0,6134408.0,0.0
1786950900,6116009.0,6116009.0,6116009.0,6116009.0,0.00162834
1786951800,6116009.0,6116009.0,6116009.0,6116009.0,0.0
1786952700,6134408.0,6134408.0,6134408.0,6134408.0,0.00251825
1786953600,6134408.0,6134408.0,6134408.0,6134408.0,0.0
1786954500,6134408.0,6134408.0,6134408.0,6134408.0,0.0
1786955400,6134408.0,6134408.0,6134408.0,6134408.0,0.0
1786956300,6134408.0,6134408.0,6134408.0,6134408.0,0.0
1786957200,6105002.0,6105002.0,6105002.0,6105002.0,0.00168625
1786958100,6105002.0,6105002.0,6105002.0,6105002.0,0.0
1786959000,6105002.0,6105002.0,6073508.0,6073508.0,0.00620016
1786959900,6073508.0,6073508.0,6073508.0,6073508.0,0.0
1786960800,6073508.0,6073508.0,6073508.0,6073508.0,0.0
1786961700,6073508.0,6073508.0,6073508.0,6073508.0,0.0
1786962600,6134408.0,6134408.0,6073471.0,6073471.0,0.0035966
1786963500,6073471.0,6073471.0,6073471.0,6073471.0,0.0
1786964400,6073471.0,6073471.0,6073471.0,6073471.0,0.0
1786965300,6134404.0,6134408.0,6134404.0,6134408.0,0.00757791
1786966200,6134408.0,6134408.0,6073471.0,6073471.0,0.00604916
1786967100,6073471.0,6134408.0,6073471.0,6134408.0,0.00814337
1786968000,6073471.0,6073471.0,5755015.0,6034577.0,0.26965772
1786968900,6034577.0,6034577.0,6034577.0,6034577.0,0.0
1786969800,6047913.0,6047913.0,6014001.0,6014001.0,0.08074385
1786970700,6024384.0,6054962.0,6024384.0,6054962.0,0.1281606
1786971600,6054962.0,6054962.0,6054962.0,6054962.0,0.0
1786972500,6054962.0,6054962.0,6054962.0,6054962.0,0.0
1786973400,6054962.0,6054962.0,6054962.0,6054962.0,0.0
1786974300,6054962.0,6054962.0,6054962.0,6054962.0,0.0
1786975200,6054962.0,6054962.0,6054962.0,6054962.0,0.0
1786976100,6054962.0,6054962.0,6054962.0,6054962.0,0.0
1786977000,6024293.0,6024293.0,6024293.0,6024293.0,0.00419273
1786977900,6032164.0,6034671.0,6032164.0,6034671.0,0.02750248
1786978800,6034671.0,6034671.0,6034671.0,6034671.0,0.0
1786979700,6034671.0,6034671.0,6034671.0,6034671.0,0.0
1786980600,6043159.0,6043159.0,6043159.0,6043159.0,0.01291344
1786981500,6043159.0,6043159.0,6043159.0,6043159.0,0.0
1786982400,6074407.0,6134408.0,6074407.0,6134408.0,0.01630652
1786983300,6048095.0,6048095.0,6048095.0,6048095.0,0.00733288
1786984200,6048095.0,6048095.0,6048095.0,6048095.0,0.0
1786985100,6048095.0,6048095.0,6048095.0,6048095.0,0.0
1786986000,6022957.0,6022957.0,6022957.0,6022957.0,0.00736349
1786986900,6022957.0,6022957.0,6022957.0,6022957.0,0.0
1786987800,5888197.0,6022951.0,5888197.0,6022951.0,0.1480296
1786988700,6022951.0,6022951.0,6022951.0,6022951.0,0.0
1786989600,6022951.0,6022951.0,6022951.0,6022951.0,0.0
1786990500,6022951.0,6022951.0,6022951.0,6022951.0,0.0
1786991400,6022951.0,6022951.0,6022951.0,6022951.0,0.0
1786992300,6110622.0,6134409.0,6110622.0,6134409.0,0.08079664
1786993200,6134409.0,6134409.0,6134409.0,6134409.0,0.0
1786994100,6134409.0,6134409.0,6134409.0,6134409.0,0.0
1786995000,6134409.0,6134409.0,6134409.0,6134409.0,0.0
1786995900,6134409.0,6134409.0,6134409.0,6134409.0,0.0
1786996800,6134409.0,6134409.0,6134409.0,6134409.0,0.0
1786997700,6134409.0,6134409.0,6134409.0,6134409.0,0.0
1786998600,6134409.0,6134409.0,6134409.0,6134409.0,0.0
1786999500,6134409.0,6134409.0,6134409.0,6134409.0,0.0
1787000400,6010098.0,6010098.0,6010098.0,6010098.0,0.00174237
1787001300,6010098.0,6010098.0,6010098.0,6010098.0,0.0
1787002200,6108649.0,6108649.0,6108649.0,6108649.0,0.00163031
1787003100,6108649.0,6108649.0,6108649.0,6108649.0,0.0
1787004000,6108649.0,6108649.0,6108649.0,6108649.0,0.0
1787004900,6107429.0,6107429.0,6014853.0,6014853.0,0.0166132
1787005800,6106418.0,6106418.0,6106418.0,6106418.0,0.0016309
1787006700,6106418.0,6106418.0,6106418.0,6106418.0,0.0
1787007600,6106418.0,6106418.0,6106418.0,6106418.0,0.0
1787008500,6106418.0,6106418.0,6106418.0,6106418.0,0.0
1787009400,6106418.0,6106418.0,6106418.0,6106418.0,0.0
1787010300,6106418.0,6106418.0,6106418.0,6106418.0,0.0
1787011200,6106418.0,6106418.0,6106418.0,6106418.0,0.0
1787012100,6106418.0,6106418.0,6106418.0,6106418.0,0.0
1787013000,6106418.0,6106418.0,6106418.0,6106418.0,0.0
1787013900,6106418.0,6106418.0,6106418.0,6106418.0,0.0
1787014800,6024760.0,6024760.0,6020528.0,6021746.0,0.17017215
1787015700,6100407.0,6100407.0,6100407.0,6100407.0,0.00163251
1787016600,6100407.0,6100407.0,6100407.0,6100407.0,0.0
1787017500,6100407.0,6100407.0,6100407.0,6100407.0,0.0
1787018400,6100407.0,6100407.0,6100407.0,6100407.0,0.0
1787019300,6064506.0,6064506.0,6064506.0,6064506.0,0.04105462
1787020200,6064506.0,6064506.0,6064506.0,6064506.0,0.0
1787021100,6051791.0,6051791.0,6047007.0,6047007.0,0.00472301
1787022000,6047007.0,6047007.0,6047007.0,6047007.0,0.0
1787022900,6047007.0,6047007.0,6047007.0,6047007.0,0.0
1787023800,6047007.0,6047007.0,6047007.0,6047007.0,0.0
1787024700,6047007.0,6047007.0,6047007.0,6047007.0,0.0
1787025600,6047007.0,6047007.0,6047007.0,6047007.0,0.0
1787026500,6047007.0,6047007.0,6047007.0,6047007.0,0.0
1787027400,6070976.0,6070976.0,6070976.0,6070976.0,0.00164042
1787028300,6070976.0,6070976.0,6070976.0,6070976.0,0.0
1787029200,5988260.0,5988260.0,5988260.0,5988260.0,0.00215869
1787030100,6054407.0,6054407.0,6054407.0,6054407.0,0.00238834
1787031000,6054407.0,6054407.0,6054407.0,6054407.0,0.0
1787031900,6054407.0,6054407.0,6054407.0,6054407.0,0.0
1787032800,6054407.0,6054407.0,6054407.0,6054407.0,0.0
1787033700,6054407.0,6054407.0,6054407.0,6054407.0,0.0
1787034600,6054407.0,6054407.0,6054407.0,6054407.0,0.0
1787035500,6054407.0,6054407.0,6054407.0,6054407.0,0.0
1787036400,6054407.0,6054407.0,6054407.0,6054407.0,0.0
1787037300,6054407.0,6054407.0,6054407.0,6054407.0,0.0
1787038200,6054407.0,6054407.0,6054407.0,6054407.0,0.0
1787039100,5998260.0,5998260.0,5970839.0,5976883.0,0.03528871
1787040000,5976883.0,5976883.0,5976883.0,5976883.0,0.0
1787040900,5976883.0,5976883.0,5976883.0,5976883.0,0.0
1787041800,5888268.0,6029572.0,5888268.0,6029572.0,0.0095892
1787042700,6029572.0,6029572.0,6029572.0,6029572.0,0.0
1787043600,6029572.0,6029572.0,6029572.0,6029572.0,0.0
1787044500,5938815.0,5938815.0,5931676.0,5931676.0,0.08261303
1787045400,5931676.0,5931676.0,5931676.0,5931676.0,0.0
1787046300,5984403.0,5984403.0,5984403.0,5984403.0,0.00166415
1787047200,5984403.0,5984403.0,5984403.0,5984403.0,0.0
1787048100,5984403.0,5984403.0,5984403.0,5984403.0,0.0
1787049000,5938304.0,5938304.0,5938304.0,5938304.0,0.01148314
1787049900,5984403.0,5984403.0,5984403.0,5984403.0,0.00653431
1787050800,5984403.0,5984403.0,5984403.0,5984403.0,0.0
1787051700,5984403.0,5984403.0,5984403.0,5984403.0,0.01972084
1787052600,5984403.0,5984403.0,5984403.0,5984403.0,0.0
1787053500,5984403.0,5984403.0,5984403.0,5984403.0,0.0
1787054400,5956900.0,5956900.0,5956900.0,5956900.0,0.00378876
1787055300,5956900.0,5956900.0,5956900.0,5956900.0,0.0
1787056200,5956900.0,5956900.0,5956900.0,5956900.0,0.0
1787057100,5946900.0,5946900.0,5946900.0,5946900.0,0.01325581
1787058000,5946900.0,5946900.0,5946900.0,5946900.0,0.0
1787058900,5946900.0,6014399.0,5925405.0,5925405.0,0.07258729
1787059800,5978189.0,6014403.0,5978189.0,6014403.0,0.01988407
1787060700,6014403.0,6014403.0,6014403.0,6014403.0,0.0
1787061600,6014403.0,6014403.0,6014403.0,6014403.0,0.0
1787062500,5998378.0,5998378.0,5750000.0,5750000.0,2.91951965
1787063400,6066352.0,6066352.0,6000000.0,6000000.0,0.04350792
1787064300,6000000.0,6000000.0,5960000.0,5960000.0,0.13967255
1787065200,5999999.0,5999999.0,5999999.0,5999999.0,0.00196466
1787066100,5999999.0,5999999.0,5999999.0,5999999.0,0.0
1787067000,6000000.0,6000000.0,6000000.0,6000000.0,0.50961665
1787067900,6000000.0,6000000.0,6000000.0,6000000.0,0.0
1787068800,6013053.0,6021820.0,6013053.0,6021820.0,0.22888881
1787069700,6003843.0,6003843.0,6003843.0,6003843.0,0.0793621
1787070600,6003843.0,6003843.0,6003843.0,6003843.0,0.0
1787071500,6014406.0,6014406.0,6014406.0,6014406.0,0.00816273
1787072400,6027006.0,6032054.0,6027006.0,6032054.0,0.09149495
1787073300,6032054.0,6032054.0,6032054.0,6032054.0,0.0
1787074200,6032054.0,6032054.0,6032054.0,6032054.0,0.0
1787075100,6032054.0,6032054.0,6032054.0,6032054.0,0.0
1787076000,6032054.0,6032054.0,6032054.0,6032054.0,0.0
1787076900,6032054.0,6032054.0,6032054.0,6032054.0,0.0
1787077800,6032054.0,6032054.0,6032054.0,6032054.0,0.0
1787078700,6032054.0,6032054.0,6032054.0,6032054.0,0.0
1787079600,6032054.0,6032054.0,6032054.0,6032054.0,0.0
1787080500,6032054.0,6032054.0,6032054.0,6032054.0,0.0
1787081400,6052200.0,6052200.0,6052200.0,6052200.0,0.00177968
1787082300,6052200.0,6052200.0,6052200.0,6052200.0,0.0
1787083200,6052200.0,6052200.0,6052200.0,6052200.0,0.0
1787084100,6052200.0,6052200.0,6052200.0,6052200.0,0.0
1787085000,5997549.0,5997549.0,5974050.0,5974050.0,0.0347116
1787085900,5974050.0,5974050.0,5974050.0,5974050.0,0.0
1787086800,6052200.0,6059657.0,6052200.0,6059657.0,0.0241126
1787087700,6059657.0,6059657.0,6059657.0,6059657.0,0.0
1787088600,6059657.0,6059657.0,6059657.0,6059657.0,0.0
1787089500,6059657.0,6059657.0,6059657.0,6059657.0,0.0
1787090400,6059657.0,6059657.0,6059657.0,6059657.0,0.0
1787091300,6059657.0,6059657.0,6059657.0,6059657.0,0.0
1787092200,6059657.0,6059657.0,6059657.0,6059657.0,0.0
1787093100,6059657.0,6059657.0,6059657.0,6059657.0,0.0
1787094000,6059657.0,6059657.0,6059657.0,6059657.0,0.0
1787094900,6057816.0,6057816.0,6057816.0,6057816.0,0.00185958
1787095800,6057816.0,6057816.0,6057816.0,6057816.0,0.0
1787096700,6057816.0,6057816.0,6057816.0,6057816.0,0.0
1787097600,6057816.0,6057816.0,6057816.0,6057816.0,0.0
1787098500,6057816.0,6057816.0,6057816.0,6057816.0,0.0
1787099400,6034403.0,6056223.0,6034403.0,6056223.0,0.01585945
1787100300,6056223.0,6056223.0,6056223.0,6056223.0,0.0
1787101200,6056223.0,6056223.0,6056223.0,6056223.0,0.0
1787102100,6056223.0,6056223.0,6056223.0,6056223.0,0.0
1787103000,6056223.0,6056223.0,6056223.0,6056223.0,0.0
1787103900,6134394.0,6134404.0,6134394.0,6134404.0,0.16234765
1787104800,6134404.0,6134404.0,6134404.0,6134404.0,0.0
1787105700,6134404.0,6134404.0,6134404.0,6134404.0,0.0
1787106600,6134404.0,6134404.0,6134404.0,6134404.0,0.0
1787107500,6134404.0,6134404.0,6134404.0,6134404.0,0.0
1787108400,6134404.0,6134404.0,6134404.0,6134404.0,0.0
1787109300,6024407.0,6024407.0,6024407.0,6024407.0,0.0028084
1787110200,6024407.0,6024407.0,6024407.0,6024407.0,0.0
1787111100,6024407.0,6024407.0,6024407.0,6024407.0,0.0
1787112000,6024407.0,6024407.0,6024407.0,6024407.0,0.0
1787112900,6034070.0,6039071.0,6034070.0,6039071.0,0.04123381
1787113800,6039071.0,6039071.0,6039071.0,6039071.0,0.0
1787114700,6039071.0,6039071.0,6039071.0,6039071.0,0.0
1787115600,6032410.0,6032410.0,6032410.0,6032410.0,0.01377741
1787116500,6032410.0,6032410.0,6032410.0,6032410.0,0.0
1787117400,6032410.0,6032410.0,6032410.0,6032410.0,0.0
1787118300,6018932.0,6018932.0,6018932.0,6018932.0,0.00405105
1787119200,5960084.0,5960084.0,5924363.0,5924363.0,0.01688298
1787120100,6011092.0,6011092.0,6011092.0,6011092.0,0.00231605
1787121000,6011092.0,6011092.0,6011092.0,6011092.0,0.0
1787121900,6011092.0,6011092.0,6011092.0,6011092.0,0.0
1787122800,6011092.0,6011092.0,6011092.0,6011092.0,0.0
1787123700,6011092.0,6011092.0,6011092.0,6011092.0,0.0
1787124600,5970307.0,5970307.0,5951804.0,5954021.0,0.25659222
1787125500,5954021.0,5954021.0,5954021.0,5954021.0,0.0
1787126400,5954021.0,5954021.0,5954021.0,5954021.0,0.0
1787127300,5954021.0,5954021.0,5954021.0,5954021.0,0.0
1787128200,5954021.0,5954021.0,5954021.0,5954021.0,0.0
1787129100,6001016.0,6001016.0,6001016.0,6001016.0,0.00238834
1787130000,6010012.0,6010012.0,6010012.0,6010012.0,0.00405105
1787130900,6054279.0,6054279.0,6054279.0,6054279.0,0.0405599
1787131800,6054279.0,6054279.0,6054279.0,6054279.0,0.0
1787132700,6054279.0,6054279.0,6054279.0,6054279.0,0.0
1787133600,5983012.0,5983012.0,5983012.0,5983012.0,0.00201086
1787134500,5990012.0,5990012.0,5990012.0,5990012.0,0.00185958
1787135400,5990012.0,5990012.0,5953472.0,5953472.0,0.330385
1787136300,5953472.0,5953472.0,5953472.0,5953472.0,0.0
1787137200,5969456.0,5969456.0,5959736.0,5959736.0,0.16234765
1787138100,5959736.0,5959736.0,5959736.0,5959736.0,0.0
1787139000,5959736.0,5959736.0,5959736.0,5959736.0,0.0
1787139900,5959736.0,5959736.0,5959736.0,5959736.0,0.0
1787140800,5970114.0,5970114.0,5950679.0,5950679.0,0.01359525
1787141700,5950679.0,5950679.0,5950679.0,5950679.0,0.0
1787142600,5950679.0,5950679.0,5950679.0,5950679.0,0.0
1787143500,5950679.0,5950679.0,5950679.0,5950679.0,0.0
1787144400,5950679.0,5950679.0,5950679.0,5950679.0,0.0
1787145300,5950679.0,5950679.0,5950679.0,5950679.0,0.0
1787146200,6051738.0,6100945.0,6051738.0,6100945.0,0.00779207
1787147100,6022518.0,6022518.0,6022518.0,6022518.0,0.00177968
1787148000,6062608.0,6062608.0,6062608.0,6062608.0,0.05155388
1787148900,6062608.0,6062608.0,6062608.0,6062608.0,0.0
1787149800,6067694.0,6089341.0,6067694.0,6089341.0,0.01254227
1787150700,6040672.0,6164412.0,6040672.0,6164412.0,0.10092441
1787151600,6164412.0,6218102.0,6164412.0,6218102.0,0.00756915
1787152500,6218102.0,6218102.0,6218102.0,6218102.0,0.0
1787153400,6218102.0,6218102.0,6218102.0,6218102.0,0.0
1787154300,6218102.0,6218102.0,6218102.0,6218102.0,0.0
1787155200,6133862.0,6133862.0,6133862.0,6133862.0,0.00779207
1787156100,6170298.0,6222939.0,6170298.0,6222939.0,0.00771567
1787157000,6222939.0,6222939.0,6222939.0,6222939.0,0.0
1787157900,6222939.0,6222939.0,6222939.0,6222939.0,0.0
1787158800,6222939.0,6222939.0,6222939.0,6222939.0,0.0
1787159700,6222939.0,6222939.0,6222939.0,6222939.0,0.0
1787160600,6222939.0,6222939.0,6222939.0,6222939.0,0.0
1787161500,6148954.0,6148954.0,6148954.0,6148954.0,0.00324201
1787162400,6148954.0,6148954.0,6148954.0,6148954.0,0.0
1787163300,6148954.0,6148954.0,6148954.0,6148954.0,0.0
1787164200,6148954.0,6148954.0,6148954.0,6148954.0,0.0
1787165100,6156090.0,6156090.0,6156090.0,6156090.0,0.10234882
1787166000,6149053.0,6149053.0,6149053.0,6149053.0,0.06853939
1787166900,6154978.0,6168379.0,6154978.0,6168379.0,0.1148859
1787167800,6163750.0,6173453.0,6163750.0,6173453.0,0.10105956
1787168700,6143272.0,6161063.0,6143272.0,6161063.0,0.00416513
1787169600,6161063.0,6161063.0,6161063.0,6161063.0,0.0
1787170500,6192292.0,6192292.0,5800069.0,5800069.0,0.71473536
1787171400,6188526.0,6188534.0,6188526.0,6188534.0,0.08779369
1787172300,6188534.0,6188534.0,6188534.0,6188534.0,0.0
1787173200,5800154.0,5800154.0,5800154.0,5800154.0,0.00336571
1787174100,6194588.0,6194588.0,6194588.0,6194588.0,0.0241154
1787175000,6194588.0,6194588.0,6194588.0,6194588.0,0.0
1787175900,6177840.0,6184017.0,6177840.0,6184017.0,0.008604
1787176800,6184017.0,6184017.0,6184017.0,6184017.0,0.0
1787177700,6184017.0,6184017.0,6184017.0,6184017.0,0.0
1787178600,6184017.0,6184017.0,6184017.0,6184017.0,0.0
1787179500,6184017.0,6184017.0,6184017.0,6184017.0,0.0
1787180400,6184017.0,6184017.0,6184017.0,6184017.0,0.0
1787181300,6216891.0,6216891.0,6216891.0,6216891.0,0.00653799
1787182200,6216891.0,6216891.0,6216891.0,6216891.0,0.0
1787183100,6216891.0,6216891.0,6216891.0,6216891.0,0.0
1787184000,6216891.0,6216891.0,6216891.0,6216891.0,0.0
1787184900,5802040.0,6249998.0,5802040.0,6249998.0,0.02295122
1787185800,6249998.0,6249998.0,6249998.0,6249998.0,0.0
1787186700,6249998.0,6249998.0,6249998.0,6249998.0,0.0
1787187600,6249998.0,6249998.0,6249998.0,6249998.0,0.0
1787188500,6249998.0,6249998.0,6249998.0,6249998.0,0.0
1787189400,6249998.0,6249998.0,6249998.0,6249998.0,0.0
1787190300,6249998.0,6249998.0,6249998.0,6249998.0,0.0
1787191200,6173554.0,6173554.0,6173554.0,6173554.0,0.00839127
1787192100,6173554.0,6173554.0,6173554.0,6173554.0,0.0
1787193000,6173554.0,6173554.0,6173554.0,6173554.0,0.0
1787193900,6173554.0,6173554.0,6173554.0,6173554.0,0.0
1787194800,6173554.0,6173554.0,6173554.0,6173554.0,0.0
1787195700,6181932.0,6181932.0,6181932.0,6181932.0,0.00214981
1787196600,6212250.0,6212250.0,6212250.0,6212250.0,0.02992571
1787197500,6212250.0,6212250.0,6212250.0,6212250.0,0.0
1787198400,6212250.0,6212250.0,6212250.0,6212250.0,0.0
1787199300,6191940.0,6191940.0,6191940.0,6191940.0,0.1300284
1787200200,6209989.0,6219987.0,6209989.0,6219987.0,0.080081
1787201100,6219987.0,6219987.0,6219987.0,6219987.0,0.0
1787202000,6229736.0,6231080.0,6229736.0,6231080.0,0.01093834
1787202900,6231080.0,6231080.0,6231080.0,6231080.0,0.0
1787203800,6231080.0,6231080.0,6231080.0,6231080.0,0.0
1787204700,6231080.0,6231080.0,6231080.0,6231080.0,0.0
1787205600,6231080.0,6231080.0,6231080.0,6231080.0,0.0
1787206500,6231080.0,6231080.0,6231080.0,6231080.0,0.0
1787207400,6231080.0,6231080.0,6231080.0,6231080.0,0.0
1787208300,6231080.0,6231080.0,6231080.0,6231080.0,0.0
1787209200,6231080.0,6231080.0,6231080.0,6231080.0,0.0
1787210100,6161995.0,6161995.0,6161995.0,6161995.0,0.00179617
1787211000,6161995.0,6161995.0,6161995.0,6161995.0,0.0
1787211900,6192010.0,6236953.0,6192010.0,6236953.0,0.07043559
1787212800,6236953.0,6236953.0,6236953.0,6236953.0,0.0
1787213700,6236953.0,6236953.0,6236953.0,6236953.0,0.0
1787214600,6161995.0,6176937.0,6161995.0,6176937.0,0.01270547
1787215500,6176937.0,6176937.0,6176937.0,6176937.0,0.0
1787216400,6112007.0,6112007.0,6112007.0,6112007.0,0.00200632
1787217300,6112007.0,6112007.0,6112007.0,6112007.0,0.0
1787218200,6112007.0,6112007.0,6112007.0,6112007.0,0.00165983
1787219100,6112007.0,6112007.0,5807997.0,5808016.0,0.02545371
1787220000,5810219.0,5810219.0,5810219.0,5810219.0,0.00802404
1787220900,6156930.0,6156932.0,6156930.0,6156932.0,0.01225365
1787221800,6156932.0,6156932.0,6156932.0,6156932.0,0.0
1787222700,5830253.0,6156933.0,5830244.0,5830244.0,0.16590509
1787223600,5886906.0,6156932.0,5886906.0,6156932.0,0.04977579
1787224500,6156932.0,6156932.0,6156932.0,6156932.0,0.0
1787225400,5831156.0,5831156.0,5831155.0,5831155.0,0.03451271
1787226300,6007182.0,6087184.0,6007182.0,6087184.0,0.03451271
1787227200,5831631.0,5831631.0,5831631.0,5831631.0,0.00583504
1787228100,6109843.0,6109843.0,6109843.0,6109843.0,0.00408308
1787229000,6109843.0,6109843.0,6109843.0,6109843.0,0.0
1787229900,6109843.0,6109843.0,6109843.0,6109843.0,0.0
1787230800,6109843.0,6109843.0,6109843.0,6109843.0,0.0
1787231700,6109843.0,6109843.0,6109843.0,6109843.0,0.0
1787232600,6109843.0,6109843.0,6109843.0,6109843.0,0.0
1787233500,6097768.0,6097768.0,5832236.0,5832236.0,0.00662734
1787234400,5832389.0,5832421.0,5832389.0,5832402.0,0.03623993
1787235300,5832390.0,6250000.0,5832390.0,6250000.0,0.25310239
1787236200,5832390.0,5832390.0,5832375.0,5832375.0,0.0203582
1787237100,6000000.0,6000000.0,6000000.0,6000000.0,0.00444996
1787238000,6000000.0,6000000.0,6000000.0,6000000.0,0.0
1787238900,6000001.0,6069389.0,6000001.0,6069389.0,0.0142661
1787239800,6000016.0,6087533.0,6000016.0,6087533.0,0.00664849
1787240700,6087533.0,6087533.0,6087533.0,6087533.0,0.0
1787241600,6165740.0,6165740.0,6165740.0,6165740.0,0.00172209
1787242500,6165740.0,6165740.0,6165740.0,6165740.0,0.0
1787243400,6081262.0,6081262.0,6081262.0,6081262.0,0.00982591
1787244300,6081262.0,6081262.0,6081262.0,6081262.0,0.0
1787245200,6081262.0,6081262.0,6081262.0,6081262.0,0.0
1787246100,6081262.0,6081262.0,6081262.0,6081262.0,0.0
1787247000,6081262.0,6081262.0,6081262.0,6081262.0,0.0
1787247900,6081262.0,6081262.0,6081262.0,6081262.0,0.0
1787248800,6081262.0,6081262.0,6081262.0,6081262.0,0.0
1787249700,6081262.0,6081262.0,6081262.0,6081262.0,0.0
1787250600,6081262.0,6081262.0,6081262.0,6081262.0,0.0
1787251500,6081262.0,6081262.0,6081262.0,6081262.0,0.0
1787252400,6081262.0,6081262.0,6081262.0,6081262.0,0.0
1787253300,6081262.0,6081262.0,6081262.0,6081262.0,0.0
1787254200,6081262.0,6081262.0,6081262.0,6081262.0,0.0
1787255100,6081262.0,6081262.0,6081262.0,6081262.0,0.0
1787256000,6081262.0,6081262.0,6081262.0,6081262.0,0.0
1787256900,6081262.0,6081262.0,6081262.0,6081262.0,0.0
1787257800,6081262.0,6114865.0,6081262.0,6114865.0,0.00503016
1787258700,6114865.0,6114865.0,6114865.0,6114865.0,0.0
1787259600,6114865.0,6114865.0,6114865.0,6114865.0,0.0
1787260500,6114865.0,6114865.0,6114865.0,6114865.0,0.0
1787261400,6000098.0,6000098.0,6000098.0,6000098.0,0.01007733
1787262300,6000098.0,6000098.0,6000098.0,6000098.0,0.0
1787263200,6000098.0,6000098.0,6000098.0,6000098.0,0.0
1787264100,6000098.0,6000098.0,6000098.0,6000098.0,0.0
1787265000,6000098.0,6000098.0,6000098.0,6000098.0,0.0
1787265900,6000098.0,6000098.0,6000098.0,6000098.0,0.0
1787266800,6000213.0,6000213.0,5810123.0,5810123.0,0.24610135
1787267700,5810123.0,5810123.0,5810123.0,5810123.0,0.0
1787268600,5810123.0,5810123.0,5810123.0,5810123.0,0.0
1787269500,6127268.0,6200520.0,5810539.0,5810539.0,0.22807175
1787270400,5810645.0,5810645.0,5810645.0,5810645.0,0.00238934
1787271300,5810645.0,5810645.0,5810645.0,5810645.0,0.0
1787272200,5810645.0,5810645.0,5810645.0,5810645.0,0.0
1787273100,5810645.0,5810645.0,5810645.0,5810645.0,0.0
1787274000,6127055.0,6127055.0,6127055.0,6127055.0,0.00171762
1787274900,6127055.0,6127055.0,6127055.0,6127055.0,0.0
1787275800,6097049.0,6120049.0,6097049.0,6120049.0,0.03258052
1787276700,5820221.0,5820221.0,5820221.0,5820221.0,0.00299181
1787277600,6100048.0,6100048.0,6100048.0,6100048.0,0.00299181
1787278500,6110049.0,6110049.0,6110049.0,6110049.0,0.00162993
1787279400,6110049.0,6110049.0,6110049.0,6110049.0,0.0
1787280300,6100050.0,6100050.0,6100050.0,6100050.0,0.00251825
1787281200,6120049.0,6120049.0,6120049.0,6120049.0,0.06522006
1787282100,6100048.0,6100048.0,5820345.0,5820345.0,0.06522006
1787283000,6120049.0,6120049.0,6120049.0,6120049.0,0.00183674
1787283900,5820602.0,5820602.0,5820602.0,5820602.0,0.00183674
1787284800,5820869.0,5820869.0,5820869.0,5820869.0,0.00756915
1787285700,6120043.0,6120044.0,6120043.0,6120044.0,0.06119988
1787286600,6120044.0,6120044.0,6120044.0,6120044.0,0.0
1787287500,6120044.0,6120044.0,6120044.0,6120044.0,0.0
1787288400,6120044.0,6120044.0,6120044.0,6120044.0,0.0
1787289300,6120044.0,6120044.0,6120044.0,6120044.0,0.0
1787290200,6120044.0,6120044.0,6120044.0,6120044.0,0.0
1787291100,5821648.0,5821648.0,5820954.0,5820954.0,0.16920847
1787292000,6120046.0,6120046.0,6120046.0,6120046.0,0.00249883
1787292900,5820982.0,5820982.0,5820980.0,5820980.0,0.00306231
1787293800,5820980.0,5820980.0,5820980.0,5820980.0,0.0
1787294700,5820980.0,5820980.0,5820980.0,5820980.0,0.0
1787295600,5821028.0,5821028.0,5821003.0,5821003.0,0.02202083
1787296500,6060029.0,6060030.0,6060028.0,6060030.0,0.04157346
1787297400,6120049.0,6229630.0,6120049.0,6229630.0,0.03991684
1787298300,6229630.0,6229630.0,6229630.0,6229630.0,0.0
1787299200,6229630.0,6229630.0,6229630.0,6229630.0,0.0
1787300100,5821487.0,6210031.0,5821487.0,6210031.0,0.09144488
1787301000,5821477.0,5821490.0,5821365.0,5821365.0,0.09117118
1787301900,6210003.0,6210003.0,6210003.0,6210003.0,0.00240547
1787302800,5821516.0,5821544.0,5821516.0,5821544.0,0.0082664
1787303700,5821544.0,5821544.0,5821544.0,5821544.0,0.0
1787304600,5821544.0,5821544.0,5821544.0,5821544.0,0.0
1787305500,5821544.0,5821544.0,5821544.0,5821544.0,0.0
1787306400,6238872.0,6238872.0,6238872.0,6238872.0,0.00194955
1787307300,5822030.0,5822030.0,5822030.0,5822030.0,0.00264418
1787308200,5822030.0,5822030.0,5822030.0,5822030.0,0.0
1787309100,6225706.0,6225706.0,5822034.0,5822034.0,0.00674852
1787310000,6188964.0,6188964.0,5822070.0,5822076.0,0.02306894
1787310900,6136939.0,6217385.0,6136939.0,6217385.0,0.02597238
1787311800,6137374.0,6137374.0,6077372.0,6077372.0,0.02061999
1787312700,6077372.0,6077372.0,6077372.0,6077372.0,0.0
1787313600,6077372.0,6077372.0,6077372.0,6077372.0,0.0
1787314500,6077372.0,6077372.0,6077372.0,6077372.0,0.0
1787315400,6077372.0,6077372.0,6077372.0,6077372.0,0.0
1787316300,6077372.0,6250000.0,6077372.0,6250000.0,2.53040578
1787317200,6250000.0,6250000.0,6250000.0,6250000.0,0.0
1787318100,6250000.0,6250000.0,6250000.0,6250000.0,0.0
1787319000,6147411.0,6147411.0,6143585.0,6143585.0,0.07791661
1787319900,6245047.0,6245047.0,6245047.0,6245047.0,0.00205891
1787320800,6249995.0,6250000.0,6249995.0,6250000.0,1.93953427
1787321700,6299995.0,6299995.0,6077399.0,6233320.0,0.06968858
1787322600,6233320.0,6233320.0,6233320.0,6233320.0,0.0
1787323500,6233320.0,6233320.0,6233320.0,6233320.0,0.0
1787324400,6299999.0,6299999.0,6077561.0,6077561.0,0.09730726
1787325300,6077561.0,6077561.0,6077561.0,6077561.0,0.0
1787326200,6077561.0,6077561.0,6077561.0,6077561.0,0.0
1787327100,6077561.0,6077561.0,6077561.0,6077561.0,0.0
1787328000,6077561.0,6077561.0,6077561.0,6077561.0,0.0
1787328900,6077561.0,6077561.0,6077561.0,6077561.0,0.0
1787329800,6392697.0,6392697.0,6392697.0,6392697.0,0.00156428
1787330700,6078422.0,6392698.0,6078422.0,6392698.0,0.0062373
1787331600,6392707.0,6392707.0,6392707.0,6392707.0,0.00232076
1787332500,6392707.0,6392707.0,6392707.0,6392707.0,0.0
1787333400,6392707.0,6392707.0,6392707.0,6392707.0,0.0
1787334300,6079070.0,6079070.0,6079070.0,6079070.0,0.0030855
1787335200,6079070.0,6079070.0,6079070.0,6079070.0,0.0
1787336100,6079070.0,6079070.0,6079070.0,6079070.0,0.0
1787337000,6079070.0,6079070.0,6079070.0,6079070.0,0.0
1787337900,6392698.0,6392700.0,6392698.0,6392700.0,0.00311574
1787338800,6392700.0,6392700.0,6392700.0,6392700.0,0.0
1787339700,6392700.0,6392700.0,6392700.0,6392700.0,0.0
1787340600,6392700.0,6392700.0,6392700.0,6392700.0,0.00386315
1787341500,6392696.0,6392696.0,6392696.0,6392696.0,0.00599559
1787342400,6392696.0,6392696.0,6392696.0,6392696.0,0.0
1787343300,6392696.0,6392696.0,6392696.0,6392696.0,0.0
1787344200,6392696.0,6392696.0,6392696.0,6392696.0,0.0
1787345100,6392696.0,6392696.0,6392696.0,6392696.0,0.0
1787346000,6080990.0,6080990.0,6078719.0,6078719.0,0.0437047
1787346900,6078719.0,6078719.0,6078719.0,6078719.0,0.0
1787347800,6078719.0,6078719.0,6078719.0,6078719.0,0.0
1787348700,6078719.0,6078719.0,6078719.0,6078719.0,0.0
1787349600,6078719.0,6078719.0,6078719.0,6078719.0,0.0
1787350500,6392538.0,6392538.0,6392538.0,6392538.0,0.00386779
1787351400,6252524.0,6252526.0,6252524.0,6252526.0,0.02390817
1787352300,6252526.0,6252526.0,6252526.0,6252526.0,0.0
1787353200,6079139.0,6079139.0,6079099.0,6079099.0,0.15834923
1787354100,6272689.0,6292690.0,6272689.0,6292690.0,0.04162396
1787355000,6292690.0,6292690.0,6292690.0,6292690.0,0.0
1787355900,6292690.0,6292690.0,6292690.0,6292690.0,0.0
1787356800,6079204.0,6079204.0,6079204.0,6079204.0,0.00171762
1787357700,6079204.0,6079204.0,6079204.0,6079204.0,0.0
1787358600,6079204.0,6079204.0,6079204.0,6079204.0,0.0
1787359500,6079274.0,6388071.0,6079274.0,6388071.0,0.01929318
1787360400,6388071.0,6388071.0,6388071.0,6388071.0,0.0
1787361300,6388071.0,6388071.0,6388071.0,6388071.0,0.0
1787362200,6392676.0,6392676.0,6392673.0,6392673.0,0.06815943
1787363100,6392673.0,6500000.0,6366055.0,6366055.0,3.11644874
1787364000,6398109.0,6455688.0,6398109.0,6455510.0,0.67382032
1787364900,6455510.0,6455510.0,6455510.0,6455510.0,0.0
1787365800,6363608.0,6363608.0,6363608.0,6363608.0,0.05155388
1787366700,6459779.0,6459779.0,6459779.0,6459779.0,0.06166805
1787367600,6459779.0,6459779.0,6459779.0,6459779.0,0.0
1787368500,6464755.0,6464755.0,6464755.0,6464755.0,0.0016429
1787369400,6363619.0,6363619.0,6360098.0,6360098.0,0.04829989
1787370300,6360098.0,6360098.0,6360098.0,6360098.0,0.0
1787371200,6360098.0,6360098.0,6360098.0,6360098.0,0.0
1787372100,6361168.0,6361168.0,6250002.0,6250002.0,0.07639332
1787373000,6250002.0,6250002.0,6250002.0,6250002.0,0.0
1787373900,6377107.0,6377107.0,6377107.0,6377107.0,0.00600372
1787374800,6377107.0,6413537.0,6359226.0,6413537.0,0.06815774
1787375700,6437144.0,6437144.0,6359226.0,6359226.0,0.00512508
1787376600,6359226.0,6359226.0,6318575.0,6318575.0,0.12174064
1787377500,6318575.0,6318575.0,6318575.0,6318575.0,0.0
1787378400,6417984.0,6417984.0,6322083.0,6417624.0,0.06028775
1787379300,6417624.0,6417624.0,6417624.0,6417624.0,0.0
1787380200,6417624.0,6417624.0,6417624.0,6417624.0,0.0
1787381100,6417624.0,6417624.0,6417624.0,6417624.0,0.0
1787382000,6420200.0,6424200.0,6420200.0,6424200.0,0.03350326
1787382900,6424199.0,6430611.0,6345048.0,6345048.0,0.08224007
1787383800,6430346.0,6430346.0,6430346.0,6430346.0,0.00581119
1787384700,6430346.0,6430346.0,6430346.0,6430346.0,0.0
1787385600,6430346.0,6437147.0,6349048.0,6349048.0,0.01762499
1787386500,6349048.0,6349048.0,6250000.0,6250000.0,0.63395315
1787387400,6430146.0,6437147.0,6430146.0,6437147.0,0.01517006
1787388300,6437147.0,6437147.0,6437147.0,6437147.0,0.0
1787389200,6349601.0,6430125.0,6349600.0,6430125.0,0.05876377
1787390100,6430125.0,6430125.0,6430125.0,6430125.0,0.0
1787391000,6430125.0,6437151.0,6430125.0,6437151.0,0.09074235
1787391900,6437151.0,6437151.0,6437151.0,6437151.0,0.0
1787392800,6437151.0,6437151.0,6437151.0,6437151.0,0.00528634
1787393700,6349600.0,6349600.0,6349600.0,6349600.0,0.07381424
1787394600,6421185.0,6421185.0,6349600.0,6349600.0,0.0124946
1787395500,6421184.0,6421184.0,6421184.0,6421184.0,0.01486454
1787396400,6421184.0,6421184.0,6421184.0,6421184.0,0.0
1787397300,6421184.0,6421184.0,6421184.0,6421184.0,0.00491404
1787398200,6349601.0,6349601.0,6349601.0,6349601.0,0.02121626
1787399100,6349601.0,6349601.0,6349601.0,6349601.0,0.0
1787400000,6349601.0,6349601.0,6349601.0,6349601.0,0.0
1787400900,6420184.0,6420184.0,6420184.0,6420184.0,0.00269571
1787401800,6420184.0,6420184.0,6420184.0,6420184.0,0.00212937
1787402700,6420184.0,6421184.0,6420184.0,6421184.0,0.00472716
1787403600,6421184.0,6421184.0,6421184.0,6421184.0,0.00460133
1787404500,6349601.0,6421184.0,6349600.0,6421184.0,0.05226265
1787405400,6421184.0,6421184.0,6349600.0,6349601.0,0.00912971
1787406300,6421184.0,6421184.0,6421183.0,6421183.0,0.01046877
1787407200,6421183.0,6421183.0,6349601.0,6421183.0,0.02819546
1787408100,6421182.0,6421182.0,6421182.0,6421182.0,0.00251931
1787409000,6421182.0,6421182.0,6349601.0,6349601.0,0.0041114
1787409900,6421182.0,6421182.0,6349601.0,6349601.0,0.01043547
1787410800,6349601.0,6349601.0,6349601.0,6349601.0,0.0
1787411700,6349601.0,6349601.0,6349601.0,6349601.0,0.0
1787412600,6421182.0,6421182.0,6421182.0,6421182.0,0.01130882
1787413500,6421182.0,6421182.0,6421182.0,6421182.0,0.00363733
1787414400,6349601.0,6349601.0,6349601.0,6349601.0,0.00587485
1787415300,6349601.0,6349601.0,6349601.0,6349601.0,0.0
1787416200,6349601.0,6349601.0,6349601.0,6349601.0,0.0
1787417100,6349601.0,6349601.0,6349601.0,6349601.0,0.0
1787418000,6421181.0,6421181.0,6421181.0,6421181.0,0.0155096
1787418900,6421181.0,6421181.0,6421181.0,6421181.0,0.0
1787419800,6421181.0,6421181.0,6421181.0,6421181.0,0.00155096
1787420700,6421181.0,6421181.0,6421181.0,6421181.0,0.00310192
1787421600,6421181.0,6421181.0,6421181.0,6421181.0,0.0
1787422500,6421181.0,6421181.0,6421181.0,6421181.0,0.0
1787423400,6421181.0,6421181.0,6421181.0,6421181.0,0.0
1787424300,6421181.0,6421181.0,6421181.0,6421181.0,0.0
1787425200,6421181.0,6421181.0,6421181.0,6421181.0,0.0
1787426100,6421181.0,6421181.0,6421181.0,6421181.0,0.0
1787427000,6421181.0,6421181.0,6421181.0,6421181.0,0.0
1787427900,6421181.0,6421181.0,6421181.0,6421181.0,0.0
1787428800,6421181.0,6421181.0,6421181.0,6421181.0,0.0
1787429700,6421181.0,6421181.0,6421181.0,6421181.0,0.0
1787430600,6421181.0,6421181.0,6421181.0,6421181.0,0.0
1787431500,6353966.0,6353966.0,6353966.0,6353966.0,0.00308053
1787432400,6353966.0,6353966.0,6353966.0,6353966.0,0.0
1787433300,6353966.0,6353966.0,6353966.0,6353966.0,0.0
1787434200,6353090.0,6421181.0,6353090.0,6421181.0,0.02438965
1787435100,6421181.0,6421181.0,6421181.0,6421181.0,0.07987704
1787436000,6421181.0,6421181.0,6421181.0,6421181.0,0.0
1787436900,6349600.0,6349600.0,6349600.0,6349600.0,0.00373834
1787437800,6355193.0,6355193.0,6355193.0,6355193.0,0.0023104
1787438700,6355193.0,6355193.0,6355193.0,6355193.0,0.0
1787439600,6421181.0,6421181.0,6421181.0,6421181.0,0.5487511
1787440500,6421181.0,6421181.0,6421181.0,6421181.0,0.0
1787441400,6349600.0,6349600.0,6250000.0,6250000.0,0.47522896
1787442300,6250000.0,6250000.0,6250000.0,6250000.0,0.0
1787443200,6357821.0,6453910.0,6357821.0,6453910.0,0.01531741
1787444100,6453910.0,6453910.0,6453910.0,6453910.0,0.00154309
1787445000,6458356.0,6458356.0,6458356.0,6458356.0,1.43652517
1787445900,6464403.0,6464403.0,6464403.0,6464403.0,0.01542307
1787446800,6366756.0,6366756.0,6366756.0,6366756.0,0.00170557
1787447700,6366756.0,6366756.0,6366756.0,6366756.0,0.0
1787448600,6452980.0,6452980.0,6452980.0,6452980.0,0.03831299
1787449500,6452980.0,6452980.0,6452980.0,6452980.0,0.0
1787450400,6452980.0,6452980.0,6452980.0,6452980.0,0.0
1787451300,6452980.0,6452980.0,6452980.0,6452980.0,0.0
1787452200,6452980.0,6452980.0,6452980.0,6452980.0,0.0
1787453100,6372726.0,6372726.0,6250018.0,6250018.0,0.01917095
1787454000,6357470.0,6400000.0,6357470.0,6400000.0,0.01026674
1787454900,6400000.0,6400000.0,6400000.0,6400000.0,0.0
1787455800,6357821.0,6357821.0,6250000.0,6250000.0,1.43739115
1787456700,6379855.0,6379855.0,6356770.0,6356770.0,0.00803231
1787457600,6356244.0,6356244.0,6250000.0,6348885.0,0.12660955
1787458500,6377077.0,6442975.0,6377077.0,6442975.0,0.02355117
1787459400,6351864.0,6351864.0,6351864.0,6351864.0,0.01417949
1787460300,6250009.0,6250009.0,6250009.0,6250009.0,0.00363733
1787461200,6344155.0,6344155.0,6344155.0,6344155.0,0.00257071
1787462100,6344155.0,6344155.0,6344155.0,6344155.0,0.0
1787463000,6332006.0,6332006.0,6332006.0,6332006.0,0.07522641
1787463900,6332006.0,6332006.0,6332006.0,6332006.0,0.0
1787464800,6250019.0,6250019.0,6250019.0,6250019.0,0.00182156
1787465700,6250019.0,6250019.0,6250019.0,6250019.0,0.0
1787466600,6250019.0,6250019.0,6250019.0,6250019.0,0.0
1787467500,6250019.0,6250019.0,6250019.0,6250019.0,0.0
1787468400,6250019.0,6250019.0,6250019.0,6250019.0,0.0
1787469300,6331190.0,6331190.0,6331190.0,6331190.0,0.00479878
1787470200,6331190.0,6331190.0,6331190.0,6331190.0,0.0
1787471100,6331190.0,6331190.0,6331190.0,6331190.0,0.0
1787472000,6357618.0,6366987.0,6357618.0,6366987.0,0.07255862
1787472900,6366987.0,6425769.0,6349950.0,6349950.0,0.0062001
1787473800,6349950.0,6349950.0,6349950.0,6349950.0,0.0
1787474700,6349950.0,6349950.0,6349950.0,6349950.0,0.0
1787475600,6349950.0,6349950.0,6342578.0,6342578.0,0.02249493
1787476500,6342578.0,6342578.0,6342578.0,6342578.0,0.0
1787477400,6342578.0,6342578.0,6342578.0,6342578.0,0.0
1787478300,6425769.0,6446262.0,6425769.0,6446262.0,0.23139087
1787479200,6449641.0,6499999.0,6449641.0,6499999.0,0.1558321
1787480100,6499999.0,6500000.0,6499999.0,6500000.0,0.15693384
1787481000,6385990.0,6454799.0,6385990.0,6454799.0,0.02359318
1787481900,6450353.0,6450353.0,6450353.0,6450353.0,0.00154394
1787482800,6451064.0,6451064.0,6451064.0,6451064.0,0.62876666
1787483700,6360081.0,6360081.0,6000001.0,6354000.0,3.14305997
1787484600,6354000.0,6354000.0,6354000.0,6354000.0,0.0
1787485500,6354000.0,6354000.0,6354000.0,6354000.0,0.0
1787486400,6377296.0,6377296.0,6000010.0,6354000.0,0.85725786
1787487300,6353791.0,6353791.0,6353791.0,6353791.0,0.15693384
1787488200,6353791.0,6353791.0,6353791.0,6353791.0,0.0
1787489100,6353791.0,6353791.0,6353791.0,6353791.0,0.0
1787490000,6353791.0,6353791.0,6353791.0,6353791.0,0.0
1787490900,6353791.0,6353791.0,6353791.0,6353791.0,0.0
1787491800,6350090.0,6382127.0,6350090.0,6382127.0,0.08255802
1787492700,6381858.0,6381858.0,6381858.0,6381858.0,0.0312105
1787493600,6350988.0,6350988.0,6350988.0,6350988.0,0.08166557
1787494500,6363252.0,6391250.0,6363252.0,6391250.0,0.04281677
1787495400,6391250.0,6391250.0,6391250.0,6391250.0,0.00155822
1787496300,6381122.0,6381122.0,6381122.0,6381122.0,0.00156069
1787497200,6381122.0,6381122.0,6381122.0,6381122.0,0.00780786
1787498100,6381122.0,6381122.0,6381122.0,6381122.0,0.0
1787499000,6381122.0,6381122.0,6381122.0,6381122.0,0.0
1787499900,6381122.0,6381122.0,6381122.0,6381122.0,0.0
1787500800,6381122.0,6381122.0,6381122.0,6381122.0,0.0
1787501700,6381122.0,6381122.0,6381122.0,6381122.0,0.0
1787502600,6381122.0,6381122.0,6381122.0,6381122.0,0.0
1787503500,6381122.0,6381122.0,6381122.0,6381122.0,0.0
1787504400,6381122.0,6381122.0,6381122.0,6381122.0,0.0
1787505300,6381122.0,6381122.0,6381122.0,6381122.0,0.0
1787506200,6381122.0,6381122.0,6381122.0,6381122.0,0.0
1787507100,6381122.0,6381122.0,6381122.0,6381122.0,0.0
1787508000,6381122.0,6381122.0,6381122.0,6381122.0,0.0
1787508900,6391251.0,6391251.0,6371662.0,6371662.0,0.0046674
1787509800,6371662.0,6371662.0,6371662.0,6371662.0,0.0
1787510700,6371662.0,6371662.0,6371662.0,6371662.0,0.0
1787511600,6371662.0,6371662.0,6371662.0,6371662.0,0.0
1787512500,6371662.0,6371662.0,6371662.0,6371662.0,0.0
1787513400,6371662.0,6371662.0,6371662.0,6371662.0,0.0
1787514300,6391251.0,6391251.0,6391251.0,6391251.0,0.00330592
1787515200,6391251.0,6391251.0,6391251.0,6391251.0,0.0
1787516100,6391251.0,6391251.0,6391251.0,6391251.0,0.0
1787517000,6391251.0,6391251.0,6391251.0,6391251.0,0.0
1787517900,6391251.0,6391251.0,6391251.0,6391251.0,0.0
1787518800,6378670.0,6378670.0,6378670.0,6378670.0,0.00757791
1787519700,6378670.0,6378670.0,6378670.0,6378670.0,0.0
1787520600,6378670.0,6378670.0,6378670.0,6378670.0,0.0
1787521500,6407521.0,6407521.0,6407521.0,6407521.0,0.004672
1787522400,6407521.0,6407521.0,6407521.0,6407521.0,0.0
1787523300,6407521.0,6407521.0,6407521.0,6407521.0,0.0
1787524200,6407521.0,6407521.0,6407521.0,6407521.0,0.0
1787525100,6407521.0,6407521.0,6407521.0,6407521.0,0.0
1787526000,6407521.0,6407521.0,6407521.0,6407521.0,0.0
1787526900,6407521.0,6407521.0,6407521.0,6407521.0,0.0
1787527800,6499997.0,6499997.0,6499997.0,6499997.0,0.00370123
1787528700,6383722.0,6499997.0,6383722.0,6404567.0,0.00929519
1787529600,6404567.0,6404567.0,6404567.0,6404567.0,0.0
1787530500,6389030.0,6389030.0,6389030.0,6389030.0,0.00311892
1787531400,6389030.0,6389030.0,6389030.0,6389030.0,0.0
1787532300,6389030.0,6389030.0,6389030.0,6389030.0,0.0
1787533200,6389030.0,6389030.0,6389030.0,6389030.0,0.0
1787534100,6389030.0,6389030.0,6389030.0,6389030.0,0.0
1787535000,6389030.0,6389030.0,6389030.0,6389030.0,0.0
1787535900,6389030.0,6389030.0,6389030.0,6389030.0,0.0
1787536800,6389030.0,6389030.0,6389030.0,6389030.0,0.00545967
1787537700,6389030.0,6389030.0,6389030.0,6389030.0,0.0
1787538600,6429378.0,6429378.0,6429378.0,6429378.0,0.01548983
1787539500,6429378.0,6429378.0,6429378.0,6429378.0,0.0
1787540400,6494895.0,6494895.0,6430579.0,6430579.0,0.0076041
1787541300,6430579.0,6430579.0,6430579.0,6430579.0,0.0
1787542200,6408209.0,6408209.0,6389030.0,6389030.0,0.17832769
1787543100,6374353.0,6374353.0,6374353.0,6374353.0,0.00936502
1787544000,6374353.0,6374353.0,6374353.0,6374353.0,0.0
1787544900,6374353.0,6374353.0,6374353.0,6374353.0,0.0
1787545800,6374353.0,6374353.0,6374353.0,6374353.0,0.0
1787546700,6374353.0,6374353.0,6374353.0,6374353.0,0.0
1787547600,6374353.0,6374353.0,6374353.0,6374353.0,0.0
1787548500,6374353.0,6374353.0,6374353.0,6374353.0,0.0
1787549400,6374353.0,6374353.0,6374353.0,6374353.0,0.0
1787550300,6374353.0,6374353.0,6374353.0,6374353.0,0.0
1787551200,6374353.0,6374353.0,6374353.0,6374353.0,0.0
1787552100,6374353.0,6374353.0,6374353.0,6374353.0,0.0
1787553000,6350988.0,6500000.0,6350988.0,6500000.0,0.09158193
1787553900,6358319.0,6358319.0,6358319.0,6358319.0,0.001583
1787554800,6358319.0,6358319.0,6358319.0,6358319.0,0.0
1787555700,6378898.0,6378898.0,6378898.0,6378898.0,0.00610373
1787556600,6378898.0,6378898.0,6378898.0,6378898.0,0.0
1787557500,6405830.0,6464976.0,6405830.0,6464976.0,0.07905095
1787558400,6464976.0,6464976.0,6464976.0,6464976.0,0.0
1787559300,6464976.0,6464976.0,6464976.0,6464976.0,0.0
1787560200,6370994.0,6370994.0,6370994.0,6370994.0,0.00619259
1787561100,6370994.0,6370994.0,6370994.0,6370994.0,0.0
1787562000,6365946.0,6365946.0,6365946.0,6365946.0,0.00215391
1787562900,6365946.0,6365946.0,6365946.0,6365946.0,0.0
1787563800,6365946.0,6365946.0,6365946.0,6365946.0,0.0
1787564700,6365946.0,6365946.0,6365946.0,6365946.0,0.0
1787565600,6365946.0,6365946.0,6365946.0,6365946.0,0.0
1787566500,6365946.0,6365946.0,6365946.0,6365946.0,0.0
1787567400,6464976.0,6464976.0,6464976.0,6464976.0,0.00190812
1787568300,6380995.0,6380995.0,6360097.0,6360097.0,0.02128429
1787569200,6360097.0,6360097.0,6360097.0,6360097.0,0.0
1787570100,6464976.0,6464976.0,6464976.0,6464976.0,0.00154045
1787571000,6370895.0,6370895.0,6350988.0,6350988.0,0.02128486
1787571900,6350988.0,6350988.0,6350988.0,6350988.0,0.0
1787572800,6350988.0,6350988.0,6350988.0,6350988.0,0.0
1787573700,6350988.0,6350988.0,6350988.0,6350988.0,0.0
1787574600,6350988.0,6350988.0,6350988.0,6350988.0,0.0
1787575500,6350988.0,6350988.0,6350988.0,6350988.0,0.0
1787576400,6360996.0,6360996.0,6360996.0,6360996.0,0.00626181
1787577300,6360996.0,6360996.0,6360996.0,6360996.0,0.0
1787578200,6370992.0,6370992.0,6350988.0,6350988.0,0.34252285
1787579100,6250000.0,6250000.0,6250000.0,6250000.0,0.03401722
1787580000,6250000.0,6250000.0,6250000.0,6250000.0,0.0
1787580900,6250004.0,6250004.0,6250004.0,6250004.0,0.01542307
1787581800,6250004.0,6250004.0,6250004.0,6250004.0,0.0
1787582700,6250004.0,6250004.0,6250004.0,6250004.0,0.0
1787583600,6250004.0,6250004.0,6250004.0,6250004.0,0.0
1787584500,6250004.0,6250004.0,6250004.0,6250004.0,0.0
1787585400,6250004.0,6250004.0,6250004.0,6250004.0,0.0
1787586300,6250004.0,6250004.0,6250004.0,6250004.0,0.0
1787587200,6341821.0,6341821.0,6341821.0,6341821.0,0.00158582
1787588100,6341821.0,6341821.0,6341821.0,6341821.0,0.0
1787589000,6369790.0,6369790.0,6369790.0,6369790.0,0.01205392
1787589900,6369790.0,6369790.0,6369790.0,6369790.0,0.0
1787590800,6251005.0,6251005.0,6251004.0,6251004.0,0.01683948
1787591700,6251004.0,6251004.0,6251004.0,6251004.0,0.0
1787592600,6352600.0,6464971.0,6352600.0,6464971.0,0.01004746
1787593500,6464971.0,6464971.0,6464971.0,6464971.0,0.0
1787594400,6464971.0,6464971.0,6464971.0,6464971.0,0.0
1787595300,6464971.0,6464971.0,6464971.0,6464971.0,0.0
1787596200,6464971.0,6464971.0,6464971.0,6464971.0,0.0
1787597100,6251000.0,6251000.0,6250000.0,6250000.0,0.1317687
1787598000,6250000.0,6250000.0,6250000.0,6250000.0,0.0
1787598900,6250000.0,6250000.0,6250000.0,6250000.0,0.0
1787599800,6250000.0,6250000.0,6250000.0,6250000.0,0.0
1787600700,6250000.0,6250000.0,6250000.0,6250000.0,0.0
1787601600,6250000.0,6250000.0,6250000.0,6250000.0,0.0
1787602500,6250000.0,6250000.0,6250000.0,6250000.0,0.0
1787603400,6219238.0,6219238.0,6131004.0,6131004.0,0.00536456
1787604300,6131004.0,6131004.0,6131004.0,6131004.0,0.0
1787605200,6131004.0,6131004.0,6131004.0,6131004.0,0.0
1787606100,6131004.0,6131004.0,6131004.0,6131004.0,0.0
1787607000,6235027.0,6235027.0,6235027.0,6235027.0,0.03194549
1787607900,6235027.0,6235027.0,6235027.0,6235027.0,0.0
1787608800,6235027.0,6235027.0,6235027.0,6235027.0,0.0
1787609700,6235027.0,6235027.0,6235027.0,6235027.0,0.0
1787610600,6235027.0,6235027.0,6235027.0,6235027.0,0.0
1787611500,6235027.0,6235027.0,6235027.0,6235027.0,0.0
1787612400,6235027.0,6235027.0,6235027.0,6235027.0,0.0
1787613300,6464975.0,6464975.0,6464975.0,6464975.0,0.00275391
1787614200,6464975.0,6464975.0,6464975.0,6464975.0,0.0
1787615100,6464975.0,6464975.0,6464975.0,6464975.0,0.0
1787616000,6464975.0,6464975.0,6464975.0,6464975.0,0.0
1787616900,6464975.0,6464975.0,6464975.0,6464975.0,0.0
1787617800,6464975.0,6464975.0,6464975.0,6464975.0,0.0
1787618700,6464975.0,6464975.0,6464975.0,6464975.0,0.0
1787619600,6157205.0,6157205.0,6157205.0,6157205.0,0.00764829
1787620500,6157205.0,6157205.0,6157205.0,6157205.0,0.0
1787621400,6157205.0,6157205.0,6157205.0,6157205.0,0.0
1787622300,6157205.0,6157205.0,6157205.0,6157205.0,0.0
1787623200,6157205.0,6157205.0,6157205.0,6157205.0,0.0
1787624100,6201439.0,6201439.0,6201439.0,6201439.0,0.00160591
1787625000,6201439.0,6201439.0,6201439.0,6201439.0,0.0
1787625900,6201439.0,6201439.0,6201439.0,6201439.0,0.0
1787626800,6201439.0,6201439.0,6201439.0,6201439.0,0.0
1787627700,6213619.0,6213619.0,6213619.0,6213619.0,0.00240407
1787628600,6464975.0,6499998.0,6464975.0,6499998.0,0.15325061
1787629500,6173978.0,6173978.0,6173978.0,6173978.0,0.0017139
1787630400,6173978.0,6173978.0,6173978.0,6173978.0,0.0
1787631300,6228861.0,6228861.0,6217104.0,6217104.0,0.02439028
1787632200,6217104.0,6217104.0,6217104.0,6217104.0,0.0
1787633100,6217104.0,6217104.0,6217104.0,6217104.0,0.0
1787634000,6217104.0,6217104.0,6217104.0,6217104.0,0.0
1787634900,6180344.0,6180344.0,6180343.0,6180343.0,0.03518909
1787635800,6180343.0,6180343.0,6180343.0,6180343.0,0.0
1787636700,6180343.0,6180343.0,6180343.0,6180343.0,0.0
1787637600,6180343.0,6180343.0,6180343.0,6180343.0,0.0
1787638500,6266000.0,6281485.0,6266000.0,6281485.0,0.0111201
1787639400,6281485.0,6281485.0,6281485.0,6281485.0,0.0
1787640300,6218870.0,6280952.0,6218870.0,6280952.0,0.07365225
1787641200,6280952.0,6280952.0,6280952.0,6280952.0,0.0
1787642100,6280952.0,6280952.0,6280952.0,6280952.0,0.0
1787643000,6280952.0,6280952.0,6280952.0,6280952.0,0.0
1787643900,6280952.0,6280952.0,6280952.0,6280952.0,0.0
1787644800,6201001.0,6201001.0,6201001.0,6201001.0,0.0066892
1787645700,6201001.0,6201001.0,6201001.0,6201001.0,0.0
1787646600,6201001.0,6201001.0,6201001.0,6201001.0,0.0
1787647500,6201001.0,6201001.0,6201001.0,6201001.0,0.0
1787648400,6263955.0,6263955.0,6263955.0,6263955.0,0.00767917
1787649300,6263955.0,6263955.0,6263955.0,6263955.0,0.0
1787650200,6263955.0,6263955.0,6263955.0,6263955.0,0.0
1787651100,6263955.0,6263955.0,6263955.0,6263955.0,0.0
1787652000,6263955.0,6263955.0,6263955.0,6263955.0,0.0
1787652900,6263955.0,6263955.0,6263955.0,6263955.0,0.0
1787653800,6263955.0,6263955.0,6263955.0,6263955.0,0.0
1787654700,6263955.0,6263955.0,6263955.0,6263955.0,0.0
1787655600,6263955.0,6263955.0,6263955.0,6263955.0,0.0
1787656500,6263955.0,6263955.0,6263955.0,6263955.0,0.0
1787657400,6263955.0,6263955.0,6263955.0,6263955.0,0.0
1787658300,6263955.0,6263955.0,6263955.0,6263955.0,0.0
1787659200,6263955.0,6263955.0,6263955.0,6263955.0,0.0
1787660100,6263955.0,6263955.0,6263955.0,6263955.0,0.0
1787661000,6258177.0,6258177.0,6258177.0,6258177.0,0.00795678
1787661900,6258177.0,6258177.0,6258177.0,6258177.0,0.0
1787662800,6258177.0,6258177.0,6258177.0,6258177.0,0.0
1787663700,6258177.0,6258177.0,6258177.0,6258177.0,0.0
1787664600,6258177.0,6258177.0,6258177.0,6258177.0,0.0
1787665500,6258177.0,6258177.0,6258177.0,6258177.0,0.0
1787666400,6258177.0,6258177.0,6258177.0,6258177.0,0.0
1787667300,6264963.0,6264963.0,6264963.0,6264963.0,0.00284215
1787668200,6264963.0,6264963.0,6264963.0,6264963.0,0.0
1787669100,6246339.0,6246339.0,6246339.0,6246339.0,0.02531274
1787670000,6246339.0,6246339.0,6246339.0,6246339.0,0.0
1787670900,6280005.0,6280005.0,6280005.0,6280005.0,0.01463231
1787671800,6212892.0,6212892.0,6212892.0,6212892.0,0.01463231
1787672700,6201005.0,6260176.0,6201005.0,6260176.0,0.01528155
1787673600,6260176.0,6260176.0,6260176.0,6260176.0,0.0
1787674500,6260176.0,6260176.0,6260176.0,6260176.0,0.0
1787675400,6305171.0,6444443.0,6305171.0,6444443.0,0.07780474
1787676300,6444443.0,6444443.0,6444443.0,6444443.0,0.0
1787677200,6444443.0,6444443.0,6444443.0,6444443.0,0.0
1787678100,6444443.0,6444443.0,6444443.0,6444443.0,0.0
1787679000,6444443.0,6444443.0,6444443.0,6444443.0,0.0
1787679900,6444443.0,6444443.0,6201005.0,6201005.0,0.0892841
1787680800,6258700.0,6258700.0,6258700.0,6258700.0,0.06367876
1787681700,6201011.0,6263801.0,6201011.0,6263801.0,0.00353364
1787682600,6263801.0,6263801.0,6263801.0,6263801.0,0.0
1787683500,6263801.0,6263801.0,6263801.0,6263801.0,0.0
1787684400,6263801.0,6263801.0,6263801.0,6263801.0,0.0
1787685300,6263801.0,6263801.0,6263801.0,6263801.0,0.0
1787686200,6263801.0,6263801.0,6263801.0,6263801.0,0.0
1787687100,6263801.0,6263801.0,6263801.0,6263801.0,0.0
1787688000,6263801.0,6263801.0,6263801.0,6263801.0,0.0
1787688900,6263801.0,6263801.0,6263801.0,6263801.0,0.0
1787689800,6246197.0,6246197.0,6246197.0,6246197.0,0.08555548
1787690700,6246197.0,6246197.0,6246197.0,6246197.0,0.0
1787691600,6246197.0,6246197.0,6246197.0,6246197.0,0.0
1787692500,6246197.0,6246197.0,6246197.0,6246197.0,0.0
1787693400,6246197.0,6246197.0,6246197.0,6246197.0,0.0
1787694300,6246197.0,6246197.0,6246197.0,6246197.0,0.0
1787695200,6246197.0,6246197.0,6246197.0,6246197.0,0.0
1787696100,6246197.0,6246197.0,6246197.0,6246197.0,0.0
1787697000,6246197.0,6246197.0,6246197.0,6246197.0,0.0
1787697900,6246197.0,6246197.0,6246197.0,6246197.0,0.0
1787698800,6246197.0,6246197.0,6246197.0,6246197.0,0.0
1787699700,6246197.0,6246197.0,6246197.0,6246197.0,0.0
1787700600,6259644.0,6259644.0,6259644.0,6259644.0,0.03181986
1787701500,6259644.0,6259644.0,6259644.0,6259644.0,0.0
1787702400,6259644.0,6259644.0,6259644.0,6259644.0,0.0
1787703300,6259644.0,6259644.0,6259644.0,6259644.0,0.0
1787704200,6259644.0,6259644.0,6259644.0,6259644.0,0.0
1787705100,6240072.0,6240072.0,6240072.0,6240072.0,0.00221391
1787706000,6240072.0,6240072.0,6240072.0,6240072.0,0.0
1787706900,6240072.0,6240072.0,6240072.0,6240072.0,0.0
1787707800,6240072.0,6240072.0,6240072.0,6240072.0,0.0
1787708700,6240072.0,6240072.0,6240072.0,6240072.0,0.0
1787709600,6240072.0,6240072.0,6240072.0,6240072.0,0.0
1787710500,6232738.0,6232738.0,6232738.0,6232738.0,0.00314259
1787711400,6201006.0,6201006.0,6201006.0,6201006.0,0.00178499
1787712300,6201006.0,6201006.0,6201006.0,6201006.0,0.0
1787713200,6201006.0,6201006.0,6201006.0,6201006.0,0.0
1787714100,6201006.0,6201006.0,6201006.0,6201006.0,0.0
1787715000,6201006.0,6201006.0,6201006.0,6201006.0,0.0
1787715900,6201006.0,6201006.0,6201006.0,6201006.0,0.0
1787716800,6201006.0,6201006.0,6201006.0,6201006.0,0.0
1787717700,6201006.0,6201006.0,6201006.0,6201006.0,0.0
1787718600,6201006.0,6201006.0,6201006.0,6201006.0,0.0
1787719500,6201006.0,6201006.0,6201006.0,6201006.0,0.0
1787720400,6201006.0,6201006.0,6201006.0,6201006.0,0.0
1787721300,6201006.0,6201006.0,6201006.0,6201006.0,0.0
1787722200,6201006.0,6201006.0,6201006.0,6201006.0,0.0
1787723100,6201006.0,6201006.0,6201006.0,6201006.0,0.0
1787724000,6244447.0,6244447.0,6244447.0,6244447.0,0.00369368
1787724900,6244447.0,6244447.0,6244447.0,6244447.0,0.0
1787725800,6244447.0,6244447.0,6244447.0,6244447.0,0.0
1787726700,6201005.0,6201005.0,6201005.0,6201005.0,0.00369368
1787727600,6201005.0,6201005.0,6201005.0,6201005.0,0.0
1787728500,6201005.0,6201005.0,6201005.0,6201005.0,0.0
1787729400,6201005.0,6201005.0,6201005.0,6201005.0,0.0
1787730300,6201005.0,6201005.0,6201005.0,6201005.0,0.0
1787731200,6244447.0,6259095.0,6244447.0,6259095.0,0.00369507
1787732100,6259095.0,6259095.0,6259095.0,6259095.0,0.0
1787733000,6255376.0,6444438.0,6255376.0,6444438.0,0.00312199
1787733900,6444438.0,6444438.0,6444438.0,6444438.0,0.0
1787734800,6256089.0,6256089.0,6256089.0,6256089.0,0.00280079
1787735700,6256089.0,6256089.0,6256089.0,6256089.0,0.0
1787736600,6256089.0,6256089.0,6256089.0,6256089.0,0.0
1787737500,6256089.0,6256089.0,6256089.0,6256089.0,0.0
1787738400,6256089.0,6256089.0,6256089.0,6256089.0,0.0
1787739300,6201005.0,6201005.0,6201005.0,6201005.0,0.00783499
1787740200,6201005.0,6201005.0,6201005.0,6201005.0,0.0
1787741100,6201005.0,6201005.0,6201005.0,6201005.0,0.0
1787742000,6201005.0,6201005.0,6201005.0,6201005.0,0.0
1787742900,6201005.0,6201005.0,6201005.0,6201005.0,0.0
1787743800,6201005.0,6201005.0,6201005.0,6201005.0,0.0
1787744700,6201005.0,6201005.0,6201005.0,6201005.0,0.0
1787745600,6225415.0,6225415.0,6225415.0,6225415.0,0.00314597
1787746500,6237658.0,6237658.0,6237658.0,6237658.0,0.00192924
1787747400,6237658.0,6237658.0,6237658.0,6237658.0,0.0
1787748300,6201005.0,6201005.0,6201005.0,6201005.0,0.19525411
1787749200,6201005.0,6201005.0,6201005.0,6201005.0,0.0
1787750100,6201005.0,6201005.0,6201005.0,6201005.0,0.0
1787751000,6131001.0,6131001.0,6131000.0,6131000.0,0.02133158
1787751900,6131000.0,6131000.0,6131000.0,6131000.0,0.0
1787752800,6131000.0,6131000.0,6131000.0,6131000.0,0.0
1787753700,6147253.0,6147253.0,6147253.0,6147253.0,0.00314597
1787754600,6147253.0,6147253.0,6147253.0,6147253.0,0.0
1787755500,6147253.0,6147253.0,6147253.0,6147253.0,0.0
1787756400,6147253.0,6147253.0,6147253.0,6147253.0,0.0
1787757300,6147253.0,6147253.0,6147253.0,6147253.0,0.0
1787758200,6147253.0,6147253.0,6147253.0,6147253.0,0.0
1787759100,6147253.0,6147253.0,6147253.0,6147253.0,0.0
1787760000,6147253.0,6147253.0,6147253.0,6147253.0,0.0
1787760900,6147253.0,6147253.0,6147253.0,6147253.0,0.0
1787761800,6147253.0,6147253.0,6147253.0,6147253.0,0.0
1787762700,6147253.0,6147253.0,6147253.0,6147253.0,0.0
1787763600,6147253.0,6147253.0,6147253.0,6147253.0,0.0
1787764500,6147253.0,6147253.0,6147253.0,6147253.0,0.0
1787765400,6147253.0,6147253.0,6147253.0,6147253.0,0.0
1787766300,6100004.0,6100004.0,6100004.0,6100004.0,0.0027172
1787767200,6184180.0,6184181.0,6100004.0,6100004.0,0.04355361
1787768100,6100004.0,6100004.0,6100004.0,6100004.0,0.0
1787769000,6100004.0,6100004.0,6100004.0,6100004.0,0.0
1787769900,6100004.0,6100004.0,6100004.0,6100004.0,0.0
1787770800,6104782.0,6104782.0,6103366.0,6103366.0,0.08555548
1787771700,6103366.0,6103366.0,6103366.0,6103366.0,0.0
1787772600,6103366.0,6103366.0,6103366.0,6103366.0,0.0
1787773500,6103366.0,6103366.0,6103366.0,6103366.0,0.0
1787774400,6103366.0,6103366.0,6103366.0,6103366.0,0.0
1787775300,6103366.0,6103366.0,6103366.0,6103366.0,0.0
1787776200,6103366.0,6103366.0,6103366.0,6103366.0,0.0
1787777100,6103366.0,6103366.0,6103366.0,6103366.0,0.0
1787778000,6103366.0,6103366.0,6103366.0,6103366.0,0.0
1787778900,6103366.0,6103366.0,6103366.0,6103366.0,0.0
1787779800,6196145.0,6196145.0,6196145.0,6196145.0,0.00467468
1787780700,6212573.0,6212573.0,6212573.0,6212573.0,0.03206095
1787781600,6212573.0,6212573.0,6212573.0,6212573.0,0.0
1787782500,6212573.0,6212573.0,6212573.0,6212573.0,0.0
1787783400,6174434.0,6174434.0,6174434.0,6174434.0,0.02741587
1787784300,6164434.0,6164434.0,6164434.0,6164434.0,0.06299706
1787785200,6206144.0,6206144.0,6206144.0,6206144.0,0.04011766
1787786100,6206144.0,6206144.0,6206144.0,6206144.0,0.0
1787787000,6206144.0,6206144.0,6206144.0,6206144.0,0.0
1787787900,6206144.0,6206144.0,6206144.0,6206144.0,0.0
1787788800,6206144.0,6206144.0,6206144.0,6206144.0,0.0
1787789700,6206144.0,6206144.0,6206144.0,6206144.0,0.0
1787790600,6206144.0,6206144.0,6206144.0,6206144.0,0.0
1787791500,6206144.0,6206144.0,6206144.0,6206144.0,0.0
1787792400,6206144.0,6206144.0,6206144.0,6206144.0,0.0
1787793300,6206144.0,6206144.0,6206144.0,6206144.0,0.0
1787794200,6194181.0,6194181.0,6194181.0,6194181.0,0.00198751
1787795100,6194181.0,6194181.0,6194181.0,6194181.0,0.0
1787796000,6194181.0,6194181.0,6194181.0,6194181.0,0.0
1787796900,6194181.0,6194181.0,6194181.0,6194181.0,0.0
1787797800,6120007.0,6444443.0,6120006.0,6120006.0,0.00923652
1787798700,6191324.0,6191324.0,6191324.0,6191324.0,0.00175745
1787799600,6444443.0,6444443.0,6444443.0,6444443.0,0.00912382
1787800500,6444443.0,6444443.0,6444443.0,6444443.0,0.0
1787801400,6199180.0,6199180.0,6199180.0,6199180.0,0.16038524
1787802300,6199180.0,6199180.0,6199180.0,6199180.0,0.0
1787803200,6199180.0,6199180.0,6199180.0,6199180.0,0.0
1787804100,6444443.0,6444443.0,6444443.0,6444443.0,0.0309074
1787805000,6444443.0,6444443.0,6444443.0,6444443.0,0.0
1787805900,6444443.0,6444443.0,6444443.0,6444443.0,0.0
1787806800,6182038.0,6182038.0,6182038.0,6182038.0,0.00242719
1787807700,6182038.0,6182038.0,6182038.0,6182038.0,0.0
1787808600,6182038.0,6182038.0,6182038.0,6182038.0,0.0
1787809500,6182038.0,6182038.0,6182038.0,6182038.0,0.0
1787810400,6120001.0,6120001.0,6100005.0,6100005.0,0.01486454
1787811300,6100005.0,6100005.0,6100005.0,6100005.0,0.0
1787812200,6183824.0,6183824.0,6183824.0,6183824.0,0.00161162
1787813100,6183824.0,6183824.0,6183824.0,6183824.0,0.0
1787814000,6183824.0,6183824.0,6183824.0,6183824.0,0.0
1787814900,6183824.0,6183824.0,6183824.0,6183824.0,0.0
1787815800,6183824.0,6183824.0,6183824.0,6183824.0,0.0
1787816700,6183824.0,6183824.0,6183824.0,6183824.0,0.0
1787817600,6183824.0,6183824.0,6183824.0,6183824.0,0.0
1787818500,6121132.0,6121132.0,6121132.0,6121132.0,0.00929079
1787819400,6121132.0,6121132.0,6121132.0,6121132.0,0.0
1787820300,6205966.0,6205966.0,6140015.0,6140015.0,0.08654089
1787821200,6140015.0,6200965.0,6140015.0,6200787.0,0.074728
1787822100,6200787.0,6200787.0,6200787.0,6200787.0,0.0
1787823000,6116207.0,6116207.0,6116207.0,6116207.0,0.00166126
1787823900,6195063.0,6500000.0,6117266.0,6117266.0,3.03596227
1787824800,6209716.0,6209716.0,6209716.0,6209716.0,0.0020732
1787825700,6204359.0,6204359.0,6204359.0,6204359.0,0.93506784
1787826600,6201680.0,6203644.0,6201680.0,6203644.0,0.24567177
1787827500,6202930.0,6202930.0,6202930.0,6202930.0,0.00224764
1787828400,6157285.0,6157285.0,6157285.0,6157285.0,0.00550976
1787829300,6499999.0,6499999.0,6499999.0,6499999.0,0.00180015
1787830200,6499999.0,6499999.0,6499999.0,6499999.0,0.0
1787831100,6183467.0,6183467.0,6183467.0,6183467.0,0.17183838
1787832000,6196859.0,6196859.0,6196859.0,6196859.0,0.17203376
1787832900,6157299.0,6157299.0,6117271.0,6117271.0,0.32684769
1787833800,6174539.0,6174539.0,6174539.0,6174539.0,0.00806456
1787834700,6174539.0,6174539.0,6174539.0,6174539.0,0.0
1787835600,6174539.0,6174539.0,6174539.0,6174539.0,0.0
1787836500,6174539.0,6174539.0,6174539.0,6174539.0,0.0
1787837400,6174539.0,6174539.0,6174539.0,6174539.0,0.0
1787838300,6174539.0,6174539.0,6174539.0,6174539.0,0.0
1787839200,6252035.0,6252035.0,6252035.0,6252035.0,0.00232116
1787840100,6276141.0,6276141.0,6198810.0,6198810.0,0.01480835
1787841000,6298819.0,6298819.0,6298819.0,6298819.0,0.0158109
1787841900,6298819.0,6298819.0,6298819.0,6298819.0,0.0
1787842800,6219639.0,6219639.0,6219639.0,6219639.0,0.17183838
1787843700,6305779.0,6305779.0,6305779.0,6305779.0,0.00224999
1787844600,6305779.0,6305779.0,6305779.0,6305779.0,0.0
1787845500,6305779.0,6305779.0,6305779.0,6305779.0,0.0
1787846400,6288998.0,6288998.0,6288998.0,6288998.0,0.03167134
1787847300,6248990.0,6248994.0,6195368.0,6239062.0,0.00921659
1787848200,6239062.0,6239062.0,6239062.0,6239062.0,0.0
1787849100,6239062.0,6239062.0,6239062.0,6239062.0,0.0
1787850000,6239062.0,6239062.0,6239062.0,6239062.0,0.0
1787850900,6239062.0,6239062.0,6239062.0,6239062.0,0.0
1787851800,6261776.0,6261776.0,6261776.0,6261776.0,0.00240522
1787852700,6261776.0,6261776.0,6261776.0,6261776.0,0.0
1787853600,6261776.0,6261776.0,6261776.0,6261776.0,0.0
1787854500,6261776.0,6261776.0,6261776.0,6261776.0,0.0
1787855400,6261776.0,6261776.0,6261776.0,6261776.0,0.0
1787856300,6261776.0,6261776.0,6261776.0,6261776.0,0.0
1787857200,6338103.0,6338103.0,6338103.0,6338103.0,0.0157443
1787858100,6334710.0,6334710.0,6334710.0,6334710.0,0.01110942
1787859000,6334710.0,6334710.0,6334710.0,6334710.0,0.0
1787859900,6261776.0,6261776.0,6231073.0,6231073.0,0.43934995
1787860800,6231073.0,6231073.0,6231073.0,6231073.0,0.0
1787861700,6231073.0,6231073.0,6231073.0,6231073.0,0.0
1787862600,6231073.0,6231073.0,6231073.0,6231073.0,0.0
1787863500,6231073.0,6231073.0,6231073.0,6231073.0,0.0
1787864400,6231073.0,6231073.0,6231073.0,6231073.0,0.0
1787865300,6231073.0,6231073.0,6231073.0,6231073.0,0.0
1787866200,6231073.0,6231073.0,6231073.0,6231073.0,0.0
1787867100,6231073.0,6231073.0,6231073.0,6231073.0,0.0
1787868000,6231073.0,6231073.0,6231073.0,6231073.0,0.0
1787868900,6231073.0,6231073.0,6231073.0,6231073.0,0.0
1787869800,6231073.0,6231073.0,6231073.0,6231073.0,0.0
1787870700,6231073.0,6231073.0,6231073.0,6231073.0,0.0
1787871600,6328099.0,6328099.0,6328099.0,6328099.0,0.00157393
1787872500,6232662.0,6232832.0,6232662.0,6232832.0,0.00645043
1787873400,6325782.0,6325782.0,6325782.0,6325782.0,0.0031272
1787874300,6325782.0,6325782.0,6325782.0,6325782.0,0.0
1787875200,6325782.0,6325782.0,6325782.0,6325782.0,0.0
1787876100,6325782.0,6325782.0,6325782.0,6325782.0,0.0
1787877000,6325782.0,6325782.0,6325782.0,6325782.0,0.0
1787877900,6326000.0,6326000.0,6326000.0,6326000.0,0.0038379
1787878800,6335599.0,6335599.0,6335599.0,6335599.0,0.00168981
1787879700,6326001.0,6334710.0,6326001.0,6334710.0,0.01794742
1787880600,6335599.0,6335599.0,6335599.0,6335599.0,0.00609823
1787881500,6335599.0,6335599.0,6335599.0,6335599.0,0.0
1787882400,6337567.0,6337567.0,6337567.0,6337567.0,0.00621513
1787883300,6337567.0,6337567.0,6337567.0,6337567.0,0.0
1787884200,6326000.0,6326000.0,6326000.0,6326000.0,0.00310093
1787885100,6326000.0,6326000.0,6326000.0,6326000.0,0.0
1787886000,6326000.0,6326000.0,6326000.0,6326000.0,0.0
1787886900,6332920.0,6332920.0,6249894.0,6249894.0,0.00357241
1787887800,6249894.0,6249894.0,6249894.0,6249894.0,0.0
1787888700,6249894.0,6249894.0,6249894.0,6249894.0,0.0
1787889600,6249894.0,6249894.0,6249894.0,6249894.0,0.0
1787890500,6249894.0,6249894.0,6249894.0,6249894.0,0.0
1787891400,6249894.0,6249894.0,6249894.0,6249894.0,0.0
1787892300,6249894.0,6249894.0,6249894.0,6249894.0,0.0
1787893200,6253920.0,6253920.0,6253920.0,6253920.0,0.00297867
1787894100,6322920.0,6322920.0,6322920.0,6322920.0,0.00204589
1787895000,6253914.0,6335242.0,6243210.0,6243210.0,0.13806468
1787895900,6243210.0,6243210.0,6233539.0,6233539.0,0.00643386
1787896800,6233539.0,6233539.0,6233539.0,6233539.0,0.0
1787897700,6317742.0,6327742.0,6317742.0,6327742.0,0.00709094
1787898600,6327742.0,6327742.0,6327742.0,6327742.0,0.0
1787899500,6327742.0,6327742.0,6327742.0,6327742.0,0.0
1787900400,6327742.0,6327742.0,6327742.0,6327742.0,0.0
1787901300,6327742.0,6327742.0,6327742.0,6327742.0,0.0
1787902200,6262357.0,6262357.0,6262357.0,6262357.0,0.00412393
1787903100,6262357.0,6262357.0,6262357.0,6262357.0,0.0
1787904000,6262357.0,6262357.0,6262357.0,6262357.0,0.0
1787904900,6266785.0,6266785.0,6266785.0,6266785.0,0.00311574
1787905800,6266785.0,6266785.0,6266785.0,6266785.0,0.0
1787906700,6266785.0,6266785.0,6266785.0,6266785.0,0.0
1787907600,6266785.0,6266785.0,6266785.0,6266785.0,0.0
1787908500,6266785.0,6266785.0,6266785.0,6266785.0,0.0
1787909400,6360240.0,6360240.0,6360236.0,6360236.0,0.00705397
1787910300,6360236.0,6360236.0,6360236.0,6360236.0,0.0
1787911200,6360236.0,6360236.0,6360236.0,6360236.0,0.0
1787912100,6276082.0,6276082.0,6264850.0,6264850.0,0.01784808
1787913000,6264850.0,6264850.0,6264850.0,6264850.0,0.0
1787913900,6264850.0,6264850.0,6264850.0,6264850.0,0.0
1787914800,6279984.0,6279984.0,6279984.0,6279984.0,0.04005774
1787915700,6279984.0,6279984.0,6279984.0,6279984.0,0.0
1787916600,6279984.0,6279984.0,6279984.0,6279984.0,0.0
1787917500,6279984.0,6279984.0,6279984.0,6279984.0,0.0
1787918400,6266263.0,6266263.0,6266262.0,6266262.0,0.04159065
1787919300,6266262.0,6266262.0,6266262.0,6266262.0,0.0
1787920200,6266262.0,6266262.0,6266262.0,6266262.0,0.0
1787921100,6340598.0,6340598.0,6340598.0,6340598.0,0.00387471
1787922000,6340598.0,6340598.0,6340598.0,6340598.0,0.0
1787922900,6340593.0,6340593.0,6340593.0,6340593.0,0.00291991
1787923800,6340593.0,6340593.0,6340593.0,6340593.0,0.0
1787924700,6340593.0,6340594.0,6340593.0,6340594.0,0.00812258
1787925600,6340594.0,6340594.0,6340594.0,6340594.0,0.0
1787926500,6340594.0,6340594.0,6340594.0,6340594.0,0.0
1787927400,6340594.0,6340594.0,6340594.0,6340594.0,0.0
1787928300,6320778.0,6320778.0,6320778.0,6320778.0,0.00787798
1787929200,6320778.0,6320778.0,6320778.0,6320778.0,0.0
1787930100,6266258.0,6266258.0,6266258.0,6266258.0,0.0020732
1787931000,6266258.0,6266258.0,6266258.0,6266258.0,3.03889814
1787931900,6266258.0,6266258.0,6266258.0,6266258.0,0.0
1787932800,6266258.0,6266258.0,6266258.0,6266258.0,0.0
1787933700,6266258.0,6266258.0,6266258.0,6266258.0,0.0
1787934600,6266258.0,6266258.0,6266258.0,6266258.0,0.0
1787935500,6266258.0,6266258.0,6266258.0,6266258.0,0.0
1787936400,6266258.0,6266258.0,6266258.0,6266258.0,0.0
1787937300,6155556.0,6155556.0,6155556.0,6155556.0,0.00239917
1787938200,6186681.0,6186681.0,6186681.0,6186681.0,0.00239805
1787939100,6186681.0,6186681.0,6186681.0,6186681.0,0.0
1787940000,6155555.0,6155555.0,6155555.0,6155555.0,0.04397345
1787940900,6155555.0,6155555.0,6155555.0,6155555.0,0.0
1787941800,6155555.0,6155555.0,6155555.0,6155555.0,0.0
1787942700,6177396.0,6177396.0,6155555.0,6155555.0,0.05196159
1787943600,6155555.0,6155555.0,6155555.0,6155555.0,0.0
1787944500,6155555.0,6155555.0,6155555.0,6155555.0,0.0
1787945400,6155555.0,6155555.0,6155555.0,6155555.0,0.0
1787946300,6155555.0,6155555.0,6155555.0,6155555.0,0.0
1787947200,6155555.0,6155555.0,6155555.0,6155555.0,0.0
1787948100,6219354.0,6219354.0,6219354.0,6219354.0,0.00800645
1787949000,6219354.0,6219354.0,6219354.0,6219354.0,0.0
1787949900,6249996.0,6249996.0,6211497.0,6211497.0,0.00754561
1787950800,6211497.0,6211497.0,6211497.0,6211497.0,0.0
1787951700,6211497.0,6211497.0,6211497.0,6211497.0,0.0
1787952600,6211497.0,6211497.0,6211497.0,6211497.0,0.0
1787953500,6211497.0,6211497.0,6211497.0,6211497.0,0.0
1787954400,6211497.0,6211497.0,6211497.0,6211497.0,0.0
1787955300,6250000.0,6250000.0,6250000.0,6250000.0,0.02899696
1787956200,6250000.0,6250000.0,6250000.0,6250000.0,0.0
1787957100,6250000.0,6250000.0,6250000.0,6250000.0,0.0
1787958000,6250000.0,6250000.0,6250000.0,6250000.0,0.0
1787958900,6250000.0,6250000.0,6250000.0,6250000.0,0.0
1787959800,6250000.0,6250000.0,6250000.0,6250000.0,0.0
1787960700,6250000.0,6250000.0,6250000.0,6250000.0,0.0
1787961600,6250000.0,6250000.0,6250000.0,6250000.0,0.0
1787962500,6250000.0,6250000.0,6250000.0,6250000.0,0.0
1787963400,6250000.0,6250000.0,6250000.0,6250000.0,0.0
1787964300,6250000.0,6250000.0,6250000.0,6250000.0,0.0
1787965200,6250000.0,6250000.0,6250000.0,6250000.0,0.0
1787966100,6250000.0,6250000.0,6250000.0,6250000.0,0.0
1787967000,6155561.0,6155561.0,6155559.0,6155559.0,0.01667386
1787967900,6155559.0,6155559.0,6155559.0,6155559.0,0.00221391
1787968800,6155559.0,6155559.0,6155559.0,6155559.0,0.0
1787969700,6155559.0,6155559.0,6155559.0,6155559.0,0.0
1787970600,6155559.0,6155559.0,6155559.0,6155559.0,0.0
1787971500,6155561.0,6155561.0,6155559.0,6155559.0,0.0289967
1787972400,6155559.0,6155559.0,6155559.0,6155559.0,0.0
1787973300,6155559.0,6155559.0,6155559.0,6155559.0,0.00218449
1787974200,6155559.0,6155559.0,6155559.0,6155559.0,0.0
1787975100,6155559.0,6155559.0,6155559.0,6155559.0,0.0
1787976000,6155559.0,6155559.0,6155559.0,6155559.0,0.0050716
1787976900,6231309.0,6231310.0,6155555.0,6155555.0,0.12187302
1787977800,6155555.0,6155555.0,6155555.0,6155555.0,0.0
1787978700,6155555.0,6155555.0,6155555.0,6155555.0,0.0
1787979600,6155555.0,6155555.0,6146642.0,6146642.0,0.00242719
1787980500,6150160.0,6150160.0,6150160.0,6150160.0,0.01794742
1787981400,6231310.0,6231310.0,6231310.0,6231310.0,0.02539978
1787982300,6231310.0,6231310.0,6231310.0,6231310.0,0.0
1787983200,6231310.0,6231310.0,6231310.0,6231310.0,0.0
1787984100,6231310.0,6231310.0,6231310.0,6231310.0,0.0
1787985000,6231310.0,6231310.0,6231310.0,6231310.0,0.0
1787985900,6151216.0,6151216.0,6151216.0,6151216.0,0.00394845
1787986800,6151216.0,6151216.0,6151216.0,6151216.0,0.0
1787987700,6151216.0,6151216.0,6151216.0,6151216.0,0.0
1787988600,6151216.0,6151216.0,6151216.0,6151216.0,0.0
1787989500,6151216.0,6151216.0,6151216.0,6151216.0,0.0
1787990400,6151216.0,6151216.0,6151216.0,6151216.0,0.0
1787991300,6151216.0,6151216.0,6151216.0,6151216.0,0.0
1787992200,6151216.0,6151216.0,6151216.0,6151216.0,0.0
1787993100,6151216.0,6151216.0,6151216.0,6151216.0,0.0
1787994000,6151216.0,6151216.0,6151216.0,6151216.0,0.0
1787994900,6151216.0,6151216.0,6151216.0,6151216.0,0.0
1787995800,6151216.0,6151216.0,6151216.0,6151216.0,0.0
1787996700,6151216.0,6151216.0,6151216.0,6151216.0,0.0
1787997600,6151216.0,6151216.0,6151216.0,6151216.0,0.0
1787998500,6162303.0,6162303.0,6162302.0,6162302.0,0.07048561
1787999400,6162302.0,6162302.0,6162302.0,6162302.0,0.0
1788000300,6162302.0,6162302.0,6162302.0,6162302.0,0.0
1788001200,6162302.0,6162302.0,6162302.0,6162302.0,0.0
1788002100,6162302.0,6162302.0,6162302.0,6162302.0,0.0
1788003000,6162302.0,6162302.0,6162302.0,6162302.0,0.0
1788003900,6162302.0,6162302.0,6162302.0,6162302.0,0.0
1788004800,6162302.0,6162302.0,6162302.0,6162302.0,0.0
1788005700,6162302.0,6162302.0,6162302.0,6162302.0,0.0
1788006600,6162302.0,6162302.0,6162302.0,6162302.0,0.0
1788007500,6162302.0,6162302.0,6162302.0,6162302.0,0.0
1788008400,6162302.0,6162302.0,6162302.0,6162302.0,0.0
1788009300,6231304.0,6231304.0,6231304.0,6231304.0,0.0049545
1788010200,6231304.0,6231305.0,6231304.0,6231305.0,0.00159822
1788011100,6162308.0,6162308.0,6162307.0,6162307.0,0.03387057
1788012000,6231303.0,6231303.0,6162308.0,6162308.0,0.00479466
1788012900,6162308.0,6162308.0,6162308.0,6162308.0,0.0
1788013800,6231303.0,6231303.0,6231303.0,6231303.0,0.00159822
1788014700,6231303.0,6231303.0,6231303.0,6231303.0,0.0
1788015600,6231303.0,6231303.0,6231303.0,6231303.0,0.0
1788016500,6162308.0,6162308.0,6159479.0,6159479.0,0.0774906
1788017400,6159479.0,6159479.0,6159479.0,6159479.0,0.0
1788018300,6159479.0,6159479.0,6159479.0,6159479.0,0.0
1788019200,6159479.0,6159479.0,6159479.0,6159479.0,0.0
1788020100,6231303.0,6249986.0,6231303.0,6249986.0,0.02403065
1788021000,6249986.0,6249986.0,6249986.0,6249986.0,0.0
1788021900,6249986.0,6249986.0,6249986.0,6249986.0,0.0
1788022800,6249986.0,6249986.0,6249986.0,6249986.0,0.0
1788023700,6249986.0,6249986.0,6249986.0,6249986.0,0.0
1788024600,6249986.0,6249986.0,6249986.0,6249986.0,0.0
1788025500,6249986.0,6249986.0,6249986.0,6249986.0,0.0
1788026400,6249986.0,6249986.0,6249986.0,6249986.0,0.0
1788027300,6249986.0,6249986.0,6249986.0,6249986.0,0.0
1788028200,6249986.0,6249986.0,6249986.0,6249986.0,0.0
1788029100,6249986.0,6249986.0,6249986.0,6249986.0,0.0
1788030000,6249986.0,6249986.0,6249986.0,6249986.0,0.0
1788030900,6249986.0,6249986.0,6249986.0,6249986.0,0.0
1788031800,6249986.0,6249986.0,6249986.0,6249986.0,0.00159344
1788032700,6249986.0,6249986.0,6249986.0,6249986.0,0.0
1788033600,6249986.0,6249986.0,6249986.0,6249986.0,0.0
1788034500,6249986.0,6249986.0,6249986.0,6249986.0,0.0
1788035400,6249986.0,6249986.0,6249986.0,6249986.0,0.0
1788036300,6249986.0,6249986.0,6249986.0,6249986.0,0.01593443
1788037200,6249986.0,6249986.0,6249986.0,6249986.0,0.0
1788038100,6249986.0,6249986.0,6249986.0,6249986.0,0.0
1788039000,6249986.0,6249986.0,6249986.0,6249986.0,0.0
1788039900,6249986.0,6249986.0,6249986.0,6249986.0,0.0
1788040800,6249986.0,6249986.0,6249986.0,6249986.0,0.0
1788041700,6249986.0,6249986.0,6249986.0,6249986.0,0.0
1788042600,6249986.0,6249986.0,6249986.0,6249986.0,0.0
1788043500,6249986.0,6249986.0,6249986.0,6249986.0,0.0
1788044400,6249985.0,6249985.0,6249985.0,6249985.0,0.00159344
1788045300,6249985.0,6249985.0,6249985.0,6249985.0,0.0
1788046200,6249985.0,6249985.0,6249985.0,6249985.0,0.0
1788047100,6249985.0,6249985.0,6249985.0,6249985.0,0.0
1788048000,6249985.0,6249985.0,6249985.0,6249985.0,0.0
1788048900,6249985.0,6249985.0,6249985.0,6249985.0,0.0
1788049800,6249985.0,6249985.0,6249985.0,6249985.0,0.0
1788050700,6249985.0,6249985.0,6249985.0,6249985.0,0.0
1788051600,6174761.0,6249985.0,6163181.0,6249985.0,0.00947142
1788052500,6249985.0,6249985.0,6249985.0,6249985.0,0.0
1788053400,6249985.0,6249985.0,6249985.0,6249985.0,0.0
1788054300,6249985.0,6249985.0,6249985.0,6249985.0,0.0
1788055200,6249985.0,6249985.0,6249985.0,6249985.0,0.0
1788056100,6249985.0,6249985.0,6249985.0,6249985.0,0.0
1788057000,6249985.0,6249985.0,6249985.0,6249985.0,0.0
1788057900,6249985.0,6249985.0,6249985.0,6249985.0,0.0
1788058800,6249985.0,6249985.0,6249985.0,6249985.0,0.0
1788059700,6169953.0,6169953.0,6167751.0,6167751.0,0.00997692
1788060600,6167751.0,6167751.0,6167751.0,6167751.0,0.0
1788061500,6249985.0,6263816.0,6249985.0,6263816.0,0.00395403
1788062400,6263816.0,6263816.0,6263816.0,6263816.0,0.0
1788063300,6261499.0,6261499.0,6170038.0,6170038.0,0.00433428
1788064200,6170038.0,6170038.0,6170038.0,6170038.0,0.0
1788065100,6263281.0,6263281.0,6172149.0,6172149.0,0.01108524
1788066000,6267745.0,6267745.0,6267745.0,6267745.0,0.00317785
1788066900,6267745.0,6267745.0,6267745.0,6267745.0,0.0
1788067800,6267745.0,6267745.0,6267745.0,6267745.0,0.0
1788068700,6267745.0,6267745.0,6267745.0,6267745.0,0.0
1788069600,6269352.0,6269352.0,6269352.0,6269352.0,0.01591695
1788070500,6269352.0,6269352.0,6269352.0,6269352.0,0.0
1788071400,6268999.0,6268999.0,6268999.0,6268999.0,0.00339129
1788072300,6268999.0,6268999.0,6268999.0,6268999.0,0.0
1788073200,6268999.0,6268999.0,6268999.0,6268999.0,0.0
1788074100,6268999.0,6268999.0,6268999.0,6268999.0,0.0
1788075000,6260095.0,6260095.0,6260095.0,6260095.0,0.00159087
1788075900,6260095.0,6260095.0,6260095.0,6260095.0,0.0
1788076800,6260095.0,6260095.0,6260095.0,6260095.0,0.0
1788077700,6260095.0,6260095.0,6260095.0,6260095.0,0.0
1788078600,6260095.0,6260095.0,6260095.0,6260095.0,0.0
1788079500,6260095.0,6260095.0,6260095.0,6260095.0,0.0
1788080400,6260095.0,6260095.0,6260095.0,6260095.0,0.0
1788081300,6260095.0,6260095.0,6260095.0,6260095.0,0.0
1788082200,6260095.0,6260095.0,6260095.0,6260095.0,0.0
1788083100,6260095.0,6260095.0,6260095.0,6260095.0,0.0
1788084000,6260095.0,6260095.0,6260095.0,6260095.0,0.0
1788084900,6260095.0,6260095.0,6260095.0,6260095.0,0.0
1788085800,6180009.0,6180009.0,6175839.0,6175839.0,0.00774933
1788086700,6175839.0,6175839.0,6175839.0,6175839.0,0.0
1788087600,6175839.0,6175839.0,6175839.0,6175839.0,0.0
1788088500,6175839.0,6175839.0,6175839.0,6175839.0,0.0
1788089400,6175839.0,6175839.0,6175839.0,6175839.0,0.0
1788090300,6179963.0,6272387.0,6179963.0,6272387.0,0.01853254
1788091200,6272387.0,6272387.0,6272387.0,6272387.0,0.0
1788092100,6272387.0,6272387.0,6272387.0,6272387.0,0.0
1788093000,6190091.0,6190091.0,6190091.0,6190091.0,0.00188317
1788093900,6190091.0,6190091.0,6190091.0,6190091.0,0.0
1788094800,6190091.0,6190091.0,6190091.0,6190091.0,0.0
1788095700,6184462.0,6184462.0,6184462.0,6184462.0,0.00165969
1788096600,6270087.0,6276316.0,6270087.0,6276141.0,0.01683993
1788097500,6183934.0,6183934.0,6183934.0,6183934.0,0.00509035
1788098400,6180064.0,6180064.0,6180064.0,6180064.0,0.00424789
1788099300,6180064.0,6180064.0,6180064.0,6180064.0,0.0
1788100200,6180064.0,6180064.0,6180064.0,6180064.0,0.0
1788101100,6180064.0,6180064.0,6180064.0,6180064.0,0.0
1788102000,6270059.0,6270059.0,6270059.0,6270059.0,0.00435003
1788102900,6270059.0,6270059.0,6270059.0,6270059.0,0.0
1788103800,6270059.0,6281141.0,6270059.0,6281141.0,0.00496738
1788104700,6278094.0,6278094.0,6278094.0,6278094.0,0.00481945
1788105600,6278094.0,6278094.0,6278094.0,6278094.0,0.0
1788106500,6278094.0,6278094.0,6278094.0,6278094.0,0.0
1788107400,6278094.0,6278094.0,6278094.0,6278094.0,0.0
1788108300,6186569.0,6186569.0,6186569.0,6186569.0,0.00481945
1788109200,6186397.0,6186397.0,6186397.0,6186397.0,0.00317785
1788110100,6185162.0,6185162.0,6185162.0,6185162.0,0.00398361
1788111000,6185162.0,6185162.0,6185162.0,6185162.0,0.0
1788111900,6185162.0,6185162.0,6185162.0,6185162.0,0.0
1788112800,6185162.0,6185162.0,6185162.0,6185162.0,0.0
1788113700,6185162.0,6185162.0,6185162.0,6185162.0,0.0
1788114600,6185162.0,6185162.0,6185162.0,6185162.0,0.0
1788115500,6185162.0,6185162.0,6185162.0,6185162.0,0.0
1788116400,6185162.0,6185162.0,6185162.0,6185162.0,0.0
1788117300,6185162.0,6185162.0,6185162.0,6185162.0,0.0
1788118200,6185162.0,6185162.0,6185162.0,6185162.0,0.0
1788119100,6185162.0,6185162.0,6185162.0,6185162.0,0.0
1788120000,6185162.0,6185162.0,6185162.0,6185162.0,0.0
1788120900,6185162.0,6185162.0,6185162.0,6185162.0,0.0
1788121800,6185162.0,6185162.0,6185162.0,6185162.0,0.0
1788122700,6185162.0,6185162.0,6185162.0,6185162.0,0.0
1788123600,6185162.0,6185162.0,6185162.0,6185162.0,0.0
1788124500,6185162.0,6185162.0,6185162.0,6185162.0,0.0
1788125400,6174783.0,6174783.0,6174783.0,6174783.0,0.0111201
1788126300,6174783.0,6174783.0,6174783.0,6174783.0,0.0
1788127200,6174783.0,6174783.0,6174783.0,6174783.0,0.0
1788128100,6174783.0,6174783.0,6174783.0,6174783.0,0.0
1788129000,6174783.0,6174783.0,6174783.0,6174783.0,0.0
1788129900,6174783.0,6174783.0,6174783.0,6174783.0,0.0
1788130800,6174783.0,6174783.0,6174783.0,6174783.0,0.0
1788131700,6174783.0,6174783.0,6174783.0,6174783.0,0.0
1788132600,6174783.0,6174783.0,6174783.0,6174783.0,0.0
1788133500,6174783.0,6174783.0,6174783.0,6174783.0,0.0
1788134400,6174783.0,6174783.0,6174783.0,6174783.0,0.0
1788135300,6174783.0,6174783.0,6174783.0,6174783.0,0.0
1788136200,6174783.0,6174783.0,6174783.0,6174783.0,0.0
1788137100,6174783.0,6174783.0,6174783.0,6174783.0,0.0
1788138000,6270851.0,6340586.0,6270851.0,6340586.0,0.03464872
1788138900,6340586.0,6340586.0,6340586.0,6340586.0,0.0
1788139800,6340586.0,6340586.0,6340586.0,6340586.0,0.0
1788140700,6340586.0,6340586.0,6340586.0,6340586.0,0.0
1788141600,6340586.0,6340586.0,6340586.0,6340586.0,0.0
1788142500,6340586.0,6340586.0,6340586.0,6340586.0,0.0
1788143400,6340586.0,6340586.0,6340586.0,6340586.0,0.0
1788144300,6163177.0,6163177.0,6163177.0,6163177.0,0.01184359
1788145200,6163177.0,6163177.0,6163177.0,6163177.0,0.00709094
1788146100,6163177.0,6163177.0,6163177.0,6163177.0,0.0
1788147000,6163177.0,6163177.0,6163177.0,6163177.0,0.0
1788147900,6163177.0,6340576.0,6163177.0,6340576.0,0.00429496
1788148800,6340570.0,6340572.0,6340570.0,6340572.0,0.06282745
1788149700,6163177.0,6163177.0,6100000.0,6100000.0,0.03008825
1788150600,6100000.0,6100000.0,6100000.0,6100000.0,0.0
1788151500,6340566.0,6340566.0,6340566.0,6340566.0,0.00314135
1788152400,6100332.0,6340564.0,6100332.0,6340564.0,0.00619419
1788153300,6340564.0,6340564.0,6340564.0,6340564.0,0.0
1788154200,6340564.0,6340566.0,6340564.0,6340566.0,0.0078534
1788155100,6340566.0,6340566.0,6340566.0,6340566.0,0.0
1788156000,6340566.0,6340566.0,6340566.0,6340566.0,0.0
1788156900,6101007.0,6101030.0,6101007.0,6101030.0,0.00686262
1788157800,6101030.0,6101030.0,6101030.0,6101030.0,0.0
1788158700,6101030.0,6101030.0,6101030.0,6101030.0,0.0
1788159600,6101030.0,6101030.0,6101030.0,6101030.0,0.0
1788160500,6101148.0,6101148.0,6101148.0,6101148.0,0.00299858
1788161400,6340458.0,6340458.0,6101158.0,6101158.0,0.00879859
1788162300,6101158.0,6101158.0,6101158.0,6101158.0,0.0
1788163200,6101158.0,6101158.0,6101158.0,6101158.0,0.0
1788164100,6101158.0,6101158.0,6101158.0,6101158.0,0.0
1788165000,6101158.0,6101158.0,6101158.0,6101158.0,0.0
1788165900,6101989.0,6101989.0,6101988.0,6101988.0,0.00673529
1788166800,6340402.0,6340405.0,5820502.0,6340390.0,2.99061648
1788167700,6340390.0,6340390.0,6340390.0,6340390.0,0.0
1788168600,6340390.0,6340390.0,6340390.0,6340390.0,0.0
1788169500,6340390.0,6340390.0,6340390.0,6340390.0,0.0
1788170400,6340390.0,6340390.0,6340390.0,6340390.0,0.0
1788171300,6340390.0,6340390.0,6340390.0,6340390.0,0.0
1788172200,6340390.0,6340390.0,6340390.0,6340390.0,0.0
1788173100,6250000.0,6250000.0,6250000.0,6250000.0,0.00315488
1788174000,6000785.0,6000785.0,6000785.0,6000785.0,0.00585265
1788174900,6240985.0,6240985.0,6240985.0,6240985.0,0.00309486
1788175800,6240985.0,6240985.0,6240985.0,6240985.0,0.0
1788176700,6240985.0,6240985.0,6240985.0,6240985.0,0.0
1788177600,6240985.0,6240985.0,6240985.0,6240985.0,0.0
1788178500,6240985.0,6240985.0,6240985.0,6240985.0,0.0
1788179400,6240985.0,6240985.0,6240985.0,6240985.0,0.0
1788180300,6001940.0,6247998.0,6001928.0,6247998.0,0.06088584
1788181200,6247998.0,6247998.0,6247998.0,6247998.0,0.0
1788182100,6247998.0,6247998.0,6247998.0,6247998.0,0.0
1788183000,6247801.0,6247801.0,6001993.0,6001993.0,0.00478088
1788183900,6247967.0,6250000.0,6247967.0,6250000.0,2.67073162
1788184800,6340361.0,6340566.0,6340361.0,6340566.0,3.14764785
1788185700,6340564.0,6340598.0,6340564.0,6340598.0,0.23645146
1788186600,6340598.0,6489996.0,6340598.0,6489996.0,0.00217324
1788187500,6489991.0,6489991.0,6002566.0,6002566.0,0.01444222
1788188400,6002566.0,6002566.0,6002566.0,6002566.0,0.0
1788189300,6002604.0,6489918.0,6002602.0,6489914.0,0.07831493
1788190200,6489859.0,6489859.0,6002594.0,6002597.0,0.03714322
1788191100,6489778.0,6489778.0,6489764.0,6489764.0,0.00613857
1788192000,6289637.0,6489665.0,6004033.0,6389654.0,0.0451268
1788192900,6389654.0,6389654.0,6389654.0,6389654.0,0.0
1788193800,6004201.0,6004201.0,6004201.0,6004201.0,0.00245524
1788194700,6004201.0,6004201.0,6004201.0,6004201.0,0.0
1788195600,6489650.0,6489650.0,6489650.0,6489650.0,0.00181535
1788196500,6489650.0,6489650.0,6489650.0,6489650.0,0.0
1788197400,6489650.0,6489650.0,6489650.0,6489650.0,0.0
1788198300,6489650.0,6489650.0,6489650.0,6489650.0,0.0
1788199200,6006826.0,6006826.0,6006826.0,6006826.0,0.00510086
1788200100,6006826.0,6006826.0,6006826.0,6006826.0,0.0
1788201000,6006826.0,6006826.0,6006826.0,6006826.0,0.0
1788201900,6006826.0,6006826.0,6006826.0,6006826.0,0.0
1788202800,6006826.0,6006826.0,6006826.0,6006826.0,0.0
1788203700,6006826.0,6006826.0,6006826.0,6006826.0,0.0
1788204600,6006826.0,6006826.0,6006826.0,6006826.0,0.0
1788205500,6006826.0,6006826.0,6006826.0,6006826.0,0.0
1788206400,6006826.0,6006826.0,6006826.0,6006826.0,0.0
1788207300,6006826.0,6006826.0,6006826.0,6006826.0,0.0
1788208200,6006826.0,6006826.0,6006826.0,6006826.0,0.0
1788209100,6006826.0,6006826.0,6006826.0,6006826.0,0.0
1788210000,6006826.0,6006826.0,6006826.0,6006826.0,0.0
1788210900,6006826.0,6006826.0,6006826.0,6006826.0,0.0
1788211800,6008867.0,6008867.0,6008867.0,6008867.0,0.0019254
1788212700,6008867.0,6008867.0,6008867.0,6008867.0,0.0
1788213600,6008867.0,6008867.0,6008867.0,6008867.0,0.0
1788214500,6008867.0,6008867.0,6008867.0,6008867.0,0.0
1788215400,6009323.0,6009323.0,6009323.0,6009323.0,0.00180015
1788216300,6009323.0,6009323.0,6009323.0,6009323.0,0.0
1788217200,6009323.0,6009323.0,6009323.0,6009323.0,0.0
1788218100,6009323.0,6009323.0,6009323.0,6009323.0,0.0
1788219000,6009323.0,6009323.0,6009323.0,6009323.0,0.0
1788219900,6009323.0,6009323.0,6009323.0,6009323.0,0.0
1788220800,6009323.0,6009323.0,6009323.0,6009323.0,0.0
1788221700,6389430.0,6389430.0,6389430.0,6389430.0,0.00510086
1788222600,6489430.0,6489431.0,6489430.0,6489431.0,0.02348017
1788223500,6489431.0,6489431.0,6489431.0,6489431.0,0.0
1788224400,6359459.0,6359459.0,6359459.0,6359459.0,0.00836863
1788225300,6359459.0,6359459.0,6359459.0,6359459.0,0.0
1788226200,6359459.0,6359459.0,6359459.0,6359459.0,0.0
1788227100,6489424.0,6489424.0,6489424.0,6489424.0,0.00153465
1788228000,6489424.0,6489424.0,6489424.0,6489424.0,0.0
1788228900,6489424.0,6489424.0,6489424.0,6489424.0,0.0
1788229800,6489424.0,6489424.0,6489424.0,6489424.0,0.0
1788230700,6310358.0,6310358.0,6310358.0,6310358.0,0.00601367
1788231600,6310358.0,6310358.0,6310358.0,6310358.0,0.0
1788232500,6310358.0,6310358.0,6310358.0,6310358.0,0.0
1788233400,6310358.0,6310358.0,6310358.0,6310358.0,0.0
1788234300,6310358.0,6310358.0,6310358.0,6310358.0,0.0
1788235200,6310358.0,6310358.0,6310358.0,6310358.0,0.0
1788236100,6489424.0,6489424.0,6489424.0,6489424.0,0.00460395
1788237000,6309778.0,6309778.0,6009439.0,6309455.0,0.3196566
1788237900,6309455.0,6309455.0,6309455.0,6309455.0,0.0
1788238800,6309455.0,6309455.0,6309455.0,6309455.0,0.0
1788239700,6309455.0,6309455.0,6309455.0,6309455.0,0.0
1788240600,6309455.0,6309455.0,6309455.0,6309455.0,0.0
1788241500,6450000.0,6450000.0,6450000.0,6450000.0,0.00308806
1788242400,6350013.0,6500000.0,6009300.0,6500000.0,4.87115068
1788243300,6500000.0,6500000.0,6500000.0,6500000.0,0.0
1788244200,6499115.0,6499996.0,6499115.0,6499996.0,0.03064367
1788245100,6499995.0,6499995.0,6499995.0,6499995.0,0.00791154
1788246000,6499995.0,6499995.0,6499995.0,6499995.0,0.0
1788246900,6499995.0,6499995.0,6499995.0,6499995.0,0.0
1788247800,6499995.0,6499995.0,6499995.0,6499995.0,0.0
1788248700,6440008.0,6440008.0,6440008.0,6440008.0,0.00806456
1788249600,6455584.0,6455584.0,6455584.0,6455584.0,0.06929829
1788250500,6440008.0,6440008.0,6250005.0,6250005.0,0.00262253
1788251400,6441042.0,6441042.0,6441042.0,6441042.0,0.00265609
1788252300,6441042.0,6441042.0,6441042.0,6441042.0,0.0
1788253200,6250011.0,6427903.0,6250011.0,6427903.0,0.00331404
1788254100,6427903.0,6427903.0,6427903.0,6427903.0,0.0
1788255000,6427903.0,6427903.0,6427903.0,6427903.0,0.0
1788255900,6431230.0,6431230.0,6431230.0,6431230.0,0.00704002
1788256800,6431230.0,6431230.0,6431230.0,6431230.0,0.0
1788257700,6431230.0,6431230.0,6431230.0,6431230.0,0.0
1788258600,6499115.0,6499115.0,6499115.0,6499115.0,0.00383082
1788259500,6449245.0,6466382.0,6449245.0,6466382.0,0.06125978
1788260400,6466382.0,6466382.0,6466382.0,6466382.0,0.0
1788261300,6466382.0,6466382.0,6466382.0,6466382.0,0.0
1788262200,6441426.0,6441426.0,6441426.0,6441426.0,0.04584093
1788263100,6441426.0,6441426.0,6441426.0,6441426.0,0.0
1788264000,6441426.0,6441426.0,6441426.0,6441426.0,0.0
1788264900,6422406.0,6422832.0,6422406.0,6422832.0,0.06974939
1788265800,6422362.0,6422362.0,6380030.0,6406219.0,0.00901517
1788266700,6407126.0,6407126.0,6407126.0,6407126.0,0.00832338
1788267600,6407126.0,6407126.0,6407126.0,6407126.0,0.0
1788268500,6407126.0,6407126.0,6407126.0,6407126.0,0.0
1788269400,6360035.0,6360035.0,6360031.0,6360031.0,0.11283953
1788270300,6360032.0,6360032.0,6360032.0,6360032.0,0.00719118
1788271200,6360032.0,6360032.0,6360032.0,6360032.0,0.0
1788272100,6360032.0,6360032.0,6360032.0,6360032.0,0.0
1788273000,6360032.0,6360032.0,6360032.0,6360032.0,0.0
1788273900,6350211.0,6350211.0,6250010.0,6250010.0,0.01687688
1788274800,6250095.0,6250095.0,6250095.0,6250095.0,0.00813368
1788275700,6250095.0,6250095.0,6250095.0,6250095.0,0.0
1788276600,6250095.0,6250095.0,6250095.0,6250095.0,0.0
1788277500,6399098.0,6500000.0,6399098.0,6499995.0,0.33679794
1788278400,6499995.0,6595070.0,6499995.0,6595070.0,0.15412726
1788279300,6350030.0,6350030.0,6350029.0,6350029.0,0.02137515
1788280200,6350029.0,6350029.0,6350029.0,6350029.0,0.0
1788281100,6350029.0,6350029.0,6350029.0,6350029.0,0.0
1788282000,6350029.0,6350029.0,6350029.0,6350029.0,0.0
1788282900,6350029.0,6350029.0,6350029.0,6350029.0,0.0
1788283800,6350029.0,6350029.0,6350029.0,6350029.0,0.00158582
1788284700,6350029.0,6350029.0,6350029.0,6350029.0,0.0
1788285600,6395053.0,6395053.0,6395053.0,6395053.0,0.00780196
1788286500,6395053.0,6395053.0,6395053.0,6395053.0,0.0
1788287400,6350029.0,6350029.0,6350029.0,6350029.0,0.00780196
1788288300,6350029.0,6350029.0,6250000.0,6250000.0,0.15674327
1788289200,6250004.0,6250004.0,6250000.0,6250000.0,0.3332697
1788290100,6250000.0,6250000.0,6250000.0,6250000.0,0.0
1788291000,6250000.0,6250000.0,6250000.0,6250000.0,0.0
1788291900,6250000.0,6250000.0,6250000.0,6250000.0,0.0
1788292800,6250004.0,6250004.0,6250004.0,6250004.0,0.00217324
1788293700,6395053.0,6499982.0,6395053.0,6499982.0,0.00154422
1788294600,6499982.0,6499982.0,6499982.0,6499982.0,0.0
1788295500,6499976.0,6499976.0,6499976.0,6499976.0,0.00244477
1788296400,6499976.0,6499976.0,6499976.0,6499976.0,0.0
1788297300,6499976.0,6499976.0,6499976.0,6499976.0,0.0
1788298200,6499976.0,6499976.0,6499976.0,6499976.0,0.0
1788299100,6499908.0,6500000.0,6499908.0,6500000.0,0.14681219
1788300000,6330009.0,6330009.0,6250000.0,6250000.0,0.14925696
1788300900,6250023.0,6250023.0,6250000.0,6250000.0,0.1508048
1788301800,6250000.0,6250000.0,6250000.0,6250000.0,0.0
1788302700,6250000.0,6250000.0,6250000.0,6250000.0,0.0
1788303600,6250000.0,6250000.0,6250000.0,6250000.0,0.0
1788304500,6250000.0,6250000.0,6250000.0,6250000.0,0.0
1788305400,6250000.0,6250000.0,6250000.0,6250000.0,0.0
1788306300,6250000.0,6250000.0,6250000.0,6250000.0,0.0
1788307200,6250000.0,6250000.0,6250000.0,6250000.0,0.0
1788308100,6359903.0,6359903.0,6359903.0,6359903.0,0.00234877
1788309000,6359903.0,6359903.0,6359903.0,6359903.0,0.0
1788309900,6359903.0,6359903.0,6359903.0,6359903.0,0.0
1788310800,6359903.0,6359903.0,6359903.0,6359903.0,0.0
1788311700,6359903.0,6359903.0,6359903.0,6359903.0,0.00393307
1788312600,6359903.0,6359903.0,6359903.0,6359903.0,0.0
1788313500,6359878.0,6359878.0,6250005.0,6250005.0,0.00467604
1788314400,6250005.0,6250005.0,6250005.0,6250005.0,0.0
1788315300,6250005.0,6250005.0,6250004.0,6250004.0,0.00796558
1788316200,6250004.0,6250004.0,6250004.0,6250004.0,0.0
1788317100,6359838.0,6359840.0,6359838.0,6359840.0,0.03131856
1788318000,6359840.0,6359840.0,6359840.0,6359840.0,0.0
1788318900,6359840.0,6359840.0,6359840.0,6359840.0,0.0
1788319800,6250005.0,6250005.0,6250005.0,6250005.0,0.00199609
1788320700,6250006.0,6250006.0,6250005.0,6250005.0,0.06974939
1788321600,6250005.0,6250005.0,6250005.0,6250005.0,0.0
1788322500,6250005.0,6250005.0,6250005.0,6250005.0,0.0
1788323400,6349845.0,6349845.0,6349845.0,6349845.0,0.00174082
1788324300,6349845.0,6349845.0,6349845.0,6349845.0,0.0
1788325200,6349845.0,6349845.0,6349845.0,6349845.0,0.0
1788326100,6349845.0,6349845.0,6349845.0,6349845.0,0.0
1788327000,6349845.0,6349845.0,6349845.0,6349845.0,0.0
1788327900,6349845.0,6349845.0,6349845.0,6349845.0,0.00174256
1788328800,6349845.0,6349845.0,6349845.0,6349845.0,0.0
1788329700,6349845.0,6349845.0,6349845.0,6349845.0,0.0
1788330600,6349845.0,6349845.0,6349845.0,6349845.0,0.0
1788331500,6349845.0,6349845.0,6349845.0,6349845.0,0.0
1788332400,6349845.0,6349845.0,6349845.0,6349845.0,0.0
1788333300,6250006.0,6359840.0,6250005.0,6359840.0,0.04895075
1788334200,6359840.0,6359840.0,6359840.0,6359840.0,0.0
1788335100,6359840.0,6359840.0,6359840.0,6359840.0,0.0
1788336000,6359840.0,6359840.0,6359840.0,6359840.0,0.0
1788336900,6359840.0,6359840.0,6359840.0,6359840.0,0.0
1788337800,6359833.0,6359833.0,6250004.0,6250004.0,0.06659247
1788338700,6250004.0,6250004.0,6250004.0,6250004.0,0.0
1788339600,6250004.0,6250004.0,6250004.0,6250004.0,0.0
1788340500,6250004.0,6250004.0,6250004.0,6250004.0,0.0
1788341400,6359833.0,6359836.0,6250010.0,6250010.0,0.00795281
1788342300,6250010.0,6250010.0,6250010.0,6250010.0,0.0
1788343200,6359840.0,6359840.0,6359840.0,6359840.0,0.00186624
1788344100,6359840.0,6359840.0,6359840.0,6359840.0,0.0
1788345000,6359840.0,6359840.0,6359840.0,6359840.0,0.00164736
1788345900,6250011.0,6250011.0,6250004.0,6250004.0,0.03167134
1788346800,6250004.0,6250004.0,6250004.0,6250004.0,0.0
1788347700,6250004.0,6250004.0,6250004.0,6250004.0,0.0
1788348600,6250004.0,6250004.0,6250004.0,6250004.0,0.0
1788349500,6250004.0,6250004.0,6250004.0,6250004.0,0.0
1788350400,6250004.0,6250004.0,6250004.0,6250004.0,0.0
1788351300,6250004.0,6250004.0,6250004.0,6250004.0,0.0
1788352200,6250004.0,6250004.0,6250004.0,6250004.0,0.0
1788353100,6250014.0,6250014.0,6250014.0,6250014.0,0.00995489
1788354000,6250014.0,6250014.0,6250014.0,6250014.0,0.0
1788354900,6250010.0,6250010.0,6250010.0,6250010.0,0.00174082
1788355800,6250010.0,6250010.0,6250010.0,6250010.0,0.0
1788356700,6250010.0,6250010.0,6250010.0,6250010.0,0.0
1788357600,6250010.0,6250010.0,6250010.0,6250010.0,0.0
1788358500,6250010.0,6250010.0,6250010.0,6250010.0,0.0
1788359400,6358005.0,6359001.0,6358005.0,6359001.0,0.00784705
1788360300,6359001.0,6359001.0,6359001.0,6359001.0,0.0
1788361200,6359001.0,6359001.0,6359001.0,6359001.0,0.0
1788362100,6250011.0,6250011.0,6250010.0,6250010.0,0.02967534
1788363000,6250010.0,6250010.0,6250010.0,6250010.0,0.0
1788363900,6250010.0,6250010.0,6250010.0,6250010.0,0.0
1788364800,6250010.0,6250010.0,6250010.0,6250010.0,0.0
1788365700,6250010.0,6250010.0,6250010.0,6250010.0,0.0
1788366600,6250010.0,6250010.0,6250010.0,6250010.0,0.0
1788367500,6250010.0,6250010.0,6250010.0,6250010.0,0.0
1788368400,6250010.0,6250010.0,6250010.0,6250010.0,0.0
1788369300,6250010.0,6250010.0,6250010.0,6250010.0,0.0
1788370200,6250010.0,6250010.0,6250010.0,6250010.0,0.0
1788371100,6250010.0,6250010.0,6250010.0,6250010.0,0.0
1788372000,6250010.0,6250010.0,6250010.0,6250010.0,0.0
1788372900,6250010.0,6250010.0,6250010.0,6250010.0,0.0
1788373800,6250010.0,6250010.0,6250010.0,6250010.0,0.0
1788374700,6250010.0,6250010.0,6250010.0,6250010.0,0.0
1788375600,6250010.0,6250010.0,6250010.0,6250010.0,0.0
1788376500,6250010.0,6250010.0,6250010.0,6250010.0,0.0
1788377400,6250010.0,6250010.0,6250010.0,6250010.0,0.0
1788378300,6250010.0,6250010.0,6250010.0,6250010.0,0.0
1788379200,6250010.0,6250010.0,6250010.0,6250010.0,0.0
1788380100,6250010.0,6250010.0,6250010.0,6250010.0,0.0
1788381000,6357042.0,6369897.0,6357042.0,6369897.0,0.10076165
1788381900,6369897.0,6369897.0,6369897.0,6369897.0,0.0
1788382800,6369897.0,6369897.0,6369897.0,6369897.0,0.0
1788383700,6250020.0,6250020.0,6250020.0,6250020.0,0.00332246
1788384600,6250020.0,6250020.0,6250020.0,6250020.0,0.0
1788385500,6250020.0,6250020.0,6250020.0,6250020.0,0.0
1788386400,6250020.0,6250020.0,6250020.0,6250020.0,0.0
1788387300,6250020.0,6250020.0,6250020.0,6250020.0,0.0
1788388200,6369893.0,6369893.0,6369893.0,6369893.0,0.00156344
1788389100,6369893.0,6369893.0,6369893.0,6369893.0,0.0
1788390000,6369893.0,6369893.0,6369893.0,6369893.0,0.03133145
1788390900,6369893.0,6369893.0,6369893.0,6369893.0,0.0
1788391800,6369893.0,6369893.0,6369893.0,6369893.0,0.0
1788392700,6369893.0,6369897.0,6369893.0,6369897.0,0.05855043
1788393600,6369897.0,6369897.0,6369897.0,6369897.0,0.0
1788394500,6369897.0,6369897.0,6369897.0,6369897.0,0.0
1788395400,6250020.0,6250020.0,6250006.0,6250006.0,0.05855043
1788396300,6369893.0,6369893.0,6369893.0,6369893.0,0.0027947
1788397200,6369893.0,6369893.0,6369893.0,6369893.0,0.0
1788398100,6369893.0,6369893.0,6369893.0,6369893.0,0.0
1788399000,6369893.0,6369893.0,6369893.0,6369893.0,0.0
1788399900,6369893.0,6369893.0,6369893.0,6369893.0,0.0
1788400800,6369893.0,6369893.0,6369893.0,6369893.0,0.0
1788401700,6369893.0,6369893.0,6369893.0,6369893.0,0.0
1788402600,6369893.0,6369893.0,6369893.0,6369893.0,0.0
1788403500,6369892.0,6369893.0,6369892.0,6369893.0,0.03126912
1788404400,6369893.0,6369893.0,6369893.0,6369893.0,0.00170819
1788405300,6369893.0,6369893.0,6369893.0,6369893.0,0.0
1788406200,6369893.0,6369893.0,6369893.0,6369893.0,0.0
1788407100,6369893.0,6500000.0,6369893.0,6500000.0,0.15449629
1788408000,6499996.0,6499996.0,6499996.0,6499996.0,0.00304277
1788408900,6499996.0,6499996.0,6499996.0,6499996.0,0.0
1788409800,6499996.0,6499996.0,6499996.0,6499996.0,0.00158215
1788410700,6499996.0,6499996.0,6499996.0,6499996.0,0.0
1788411600,6250991.0,6499992.0,6250991.0,6499992.0,0.00466335
1788412500,6251101.0,6499987.0,6251101.0,6499987.0,0.00558901
1788413400,6251353.0,6251353.0,6251353.0,6251353.0,0.00198197
1788414300,6251353.0,6251353.0,6251353.0,6251353.0,0.0
1788415200,6251353.0,6251353.0,6251353.0,6251353.0,0.0
1788416100,6499982.0,6499983.0,6499982.0,6499983.0,0.01778711
1788417000,6499983.0,6499983.0,6499983.0,6499983.0,0.0
1788417900,6252020.0,6252020.0,6252018.0,6252018.0,0.03089249
1788418800,6252018.0,6252018.0,6252018.0,6252018.0,0.0
1788419700,6250572.0,6250572.0,6250570.0,6250570.0,0.00330561
1788420600,6250570.0,6250570.0,6250570.0,6250570.0,0.0
1788421500,6250570.0,6250570.0,6250570.0,6250570.0,0.0
1788422400,6250570.0,6250570.0,6250570.0,6250570.0,0.0
1788423300,6250570.0,6250570.0,6250570.0,6250570.0,0.0
1788424200,6250570.0,6250570.0,6250570.0,6250570.0,0.0
1788425100,6250570.0,6250570.0,6250570.0,6250570.0,0.0
1788426000,6250570.0,6250570.0,6250570.0,6250570.0,0.0
1788426900,6250570.0,6250570.0,6250570.0,6250570.0,0.0
1788427800,6499954.0,6499954.0,6499954.0,6499954.0,0.00436741
1788428700,6499954.0,6499954.0,6499954.0,6499954.0,0.0
1788429600,6499954.0,6499954.0,6499954.0,6499954.0,0.0
1788430500,6499936.0,6499936.0,6499936.0,6499936.0,0.00256679
1788431400,6250925.0,6250925.0,6250924.0,6250924.0,0.00436741
1788432300,6250924.0,6250924.0,6250924.0,6250924.0,0.0
1788433200,6250924.0,6250924.0,6250924.0,6250924.0,0.0
1788434100,6251032.0,6251032.0,6251032.0,6251032.0,0.00234877
1788435000,6251032.0,6251032.0,6251032.0,6251032.0,0.0
1788435900,6251032.0,6251032.0,6251032.0,6251032.0,0.0
1788436800,6499738.0,6499738.0,6499738.0,6499738.0,0.00943745
1788437700,6499738.0,6499738.0,6499738.0,6499738.0,0.0
1788438600,6251368.0,6251368.0,6251368.0,6251368.0,0.00181535
1788439500,6438856.0,6667377.0,6250000.0,6250000.0,2.07362839
1788440400,6250000.0,6250000.0,6250000.0,6250000.0,0.0
1788441300,6250000.0,6250000.0,6250000.0,6250000.0,0.0
1788442200,6250000.0,6250000.0,6250000.0,6250000.0,0.0
1788443100,6667282.0,6667299.0,6667282.0,6667299.0,0.23524166
1788444000,6410047.0,6420052.0,6410047.0,6420052.0,0.00844425
1788444900,6654759.0,6654759.0,6654759.0,6654759.0,0.00150103
1788445800,6450054.0,6667278.0,6250043.0,6470066.0,0.03587141
1788446700,6250061.0,6250061.0,6250036.0,6250046.0,0.25989393
1788447600,6666994.0,6666994.0,6480060.0,6480060.0,0.00308696
1788448500,6586964.0,6586971.0,6586964.0,6586971.0,0.03953505
1788449400,6586971.0,6586971.0,6586971.0,6586971.0,0.0
1788450300,6586971.0,6586971.0,6586971.0,6586971.0,0.0
1788451200,6586971.0,6667377.0,6586971.0,6667377.0,8.74242886
1788452100,6667377.0,6667377.0,6667377.0,6667377.0,0.0
1788453000,6667377.0,6667377.0,6667377.0,6667377.0,0.0
1788453900,6550085.0,6550085.0,6550085.0,6550085.0,0.00370123
1788454800,6707407.0,6860000.0,6707407.0,6730536.0,0.44248144
1788455700,6570089.0,6570089.0,6570089.0,6570089.0,0.00369507
1788456600,6570089.0,6570089.0,6570089.0,6570089.0,0.0
1788457500,6570089.0,6570089.0,6570089.0,6570089.0,0.0
1788458400,6570089.0,6809992.0,6328921.0,6809992.0,0.0093158
1788459300,6329018.0,6329018.0,6329018.0,6329018.0,0.00174877
1788460200,6329018.0,6329018.0,6329018.0,6329018.0,0.0
1788461100,6329018.0,6329018.0,6329018.0,6329018.0,0.0
1788462000,6702174.0,6702174.0,6702174.0,6702174.0,0.00148623
1788462900,6702174.0,6702174.0,6702174.0,6702174.0,0.0
1788463800,6702154.0,6702154.0,6702154.0,6702154.0,0.00292637
1788464700,6667691.0,6667691.0,6667691.0,6667691.0,0.00149362
1788465600,6667691.0,6667691.0,6667691.0,6667691.0,0.0
1788466500,6667691.0,6667691.0,6667691.0,6667691.0,0.0
1788467400,6667691.0,6667691.0,6667691.0,6667691.0,0.0
1788468300,6667691.0,6667691.0,6667691.0,6667691.0,0.0
1788469200,6667691.0,6667691.0,6667691.0,6667691.0,0.0
1788470100,6667691.0,6667691.0,6667691.0,6667691.0,0.0
1788471000,6667691.0,6667691.0,6667691.0,6667691.0,0.0
1788471900,6667691.0,6667691.0,6667691.0,6667691.0,0.0
1788472800,6529247.0,6529247.0,6529247.0,6529247.0,0.0047525
1788473700,6529247.0,6529247.0,6529247.0,6529247.0,0.0
1788474600,6529247.0,6529247.0,6529247.0,6529247.0,0.0
1788475500,6529247.0,6529247.0,6529247.0,6529247.0,0.0
1788476400,6529247.0,6529247.0,6529247.0,6529247.0,0.0
1788477300,6529249.0,6529249.0,6529249.0,6529249.0,0.00156327
1788478200,6529249.0,6529249.0,6529249.0,6529249.0,0.0
1788479100,6529249.0,6529249.0,6529249.0,6529249.0,0.0
1788480000,6529249.0,6529249.0,6529249.0,6529249.0,0.0
1788480900,6529249.0,6529249.0,6529249.0,6529249.0,0.0
1788481800,6529249.0,6529249.0,6529249.0,6529249.0,0.0
1788482700,6563894.0,6565028.0,6529243.0,6529243.0,0.00910688
1788483600,6529243.0,6529243.0,6529243.0,6529243.0,0.0
1788484500,6529243.0,6529243.0,6529243.0,6529243.0,0.00155791
1788485400,6529243.0,6529243.0,6529243.0,6529243.0,0.0
1788486300,6534996.0,6534996.0,6534996.0,6534996.0,0.00743611
1788487200,6534996.0,6534996.0,6534996.0,6534996.0,0.0
1788488100,6534996.0,6534996.0,6534996.0,6534996.0,0.0
1788489000,6534996.0,6534996.0,6534996.0,6534996.0,0.0
1788489900,6534996.0,6534996.0,6534996.0,6534996.0,0.0
1788490800,6472773.0,6472773.0,6472773.0,6472773.0,0.00384641
1788491700,6472773.0,6472773.0,6472773.0,6472773.0,0.0
1788492600,6472773.0,6472773.0,6472773.0,6472773.0,0.0
1788493500,6472773.0,6472773.0,6472773.0,6472773.0,0.0
1788494400,6472773.0,6472773.0,6472773.0,6472773.0,0.0
1788495300,6472773.0,6472773.0,6472773.0,6472773.0,0.0
1788496200,6472773.0,6472773.0,6472773.0,6472773.0,0.0
1788497100,6497822.0,6497822.0,6497822.0,6497822.0,0.00557202
1788498000,6300027.0,6300027.0,6300027.0,6300027.0,0.00557202
1788498900,6300060.0,6531555.0,6300059.0,6531555.0,0.0260968
1788499800,6531555.0,6531555.0,6531555.0,6531555.0,0.0
1788500700,6531555.0,6531555.0,6531555.0,6531555.0,0.0
1788501600,6531555.0,6531555.0,6531555.0,6531555.0,0.0
1788502500,6506115.0,6506115.0,6506115.0,6506115.0,0.00253207
1788503400,6492030.0,6492030.0,6492030.0,6492030.0,0.00153403
1788504300,6360206.0,6360206.0,6360206.0,6360206.0,0.44584212
1788505200,6360206.0,6360206.0,6360206.0,6360206.0,0.0
1788506100,6360206.0,6360206.0,6360206.0,6360206.0,0.0
1788507000,6360206.0,6360206.0,6360206.0,6360206.0,0.0
1788507900,6420234.0,6499429.0,6420234.0,6430243.0,0.0094007
1788508800,6430243.0,6430243.0,6430243.0,6430243.0,0.0
1788509700,6430243.0,6430243.0,6430243.0,6430243.0,0.0
1788510600,6430243.0,6430243.0,6430243.0,6430243.0,0.0
1788511500,6430243.0,6430243.0,6430243.0,6430243.0,0.0
1788512400,6430243.0,6430243.0,6430243.0,6430243.0,0.0
1788513300,6430243.0,6430243.0,6430243.0,6430243.0,0.0
1788514200,6430243.0,6430243.0,6430243.0,6430243.0,0.0
1788515100,6430243.0,6430243.0,6430243.0,6430243.0,0.0
1788516000,6430243.0,6430243.0,6430243.0,6430243.0,0.0
1788516900,6430243.0,6430243.0,6430243.0,6430243.0,0.0
1788517800,6430243.0,6430243.0,6430243.0,6430243.0,0.0
1788518700,6430243.0,6430243.0,6430243.0,6430243.0,0.0
1788519600,6430243.0,6430243.0,6430243.0,6430243.0,0.0
1788520500,6430243.0,6430243.0,6430243.0,6430243.0,0.0
1788521400,6433569.0,6433569.0,6350004.0,6350004.0,0.01708999
1788522300,6418808.0,6419160.0,6418808.0,6419160.0,0.01040387
1788523200,6420890.0,6422959.0,6420890.0,6422959.0,0.10372957
1788524100,6422959.0,6422959.0,6422959.0,6422959.0,0.0
1788525000,6419887.0,6419887.0,6409887.0,6413397.0,0.02104896
1788525900,6413091.0,6413091.0,6413091.0,6413091.0,0.00155291
1788526800,6413091.0,6413091.0,6413091.0,6413091.0,0.0
1788527700,6413091.0,6413091.0,6413091.0,6413091.0,0.0
1788528600,6364194.0,6364194.0,6364192.0,6364192.0,0.0108573
1788529500,6364192.0,6364192.0,6364192.0,6364192.0,0.0
1788530400,6364155.0,6364156.0,6300013.0,6300013.0,0.00415107
1788531300,6300000.0,6364138.0,6250009.0,6364138.0,0.46982373
1788532200,6364138.0,6364138.0,6364138.0,6364138.0,0.0
1788533100,6300084.0,6300084.0,6300084.0,6300084.0,0.00962161
1788534000,6300084.0,6300084.0,6300084.0,6300084.0,0.0
1788534900,6300084.0,6607646.0,6300084.0,6607646.0,0.41392095
1788535800,6250113.0,6607628.0,6250113.0,6607628.0,0.01268852
1788536700,6407597.0,6407598.0,6407597.0,6407598.0,0.00235158
1788537600,6407593.0,6607593.0,6407593.0,6607593.0,0.10557581
1788538500,6607593.0,6607593.0,6607593.0,6607593.0,0.0
1788539400,6607593.0,6607593.0,6607593.0,6607593.0,0.0
1788540300,6607593.0,6607593.0,6607593.0,6607593.0,0.0
1788541200,6437585.0,6437585.0,6437585.0,6437585.0,0.01547008
1788542100,6437585.0,6437585.0,6437585.0,6437585.0,0.01547008
1788543000,6437585.0,6437585.0,6437585.0,6437585.0,0.00495651
1788543900,6437585.0,6437585.0,6437585.0,6437585.0,0.0
1788544800,6437585.0,6437585.0,6437585.0,6437585.0,0.0
1788545700,6427581.0,6427581.0,6427581.0,6427581.0,0.06727569
1788546600,6427581.0,6427581.0,6427581.0,6427581.0,0.0
1788547500,6427581.0,6427581.0,6427581.0,6427581.0,0.0
1788548400,6427581.0,6427581.0,6427581.0,6427581.0,0.0
1788549300,6607636.0,6607636.0,6607636.0,6607636.0,0.00417683
1788550200,6607636.0,6607636.0,6607636.0,6607636.0,0.0
1788551100,6607636.0,6607636.0,6607636.0,6607636.0,0.0
1788552000,6607636.0,6607636.0,6607636.0,6607636.0,0.0
1788552900,6607636.0,6607636.0,6607636.0,6607636.0,0.0
1788553800,6607636.0,6607636.0,6607636.0,6607636.0,0.0
1788554700,6607636.0,6607636.0,6607636.0,6607636.0,0.0
1788555600,6607636.0,6607636.0,6607636.0,6607636.0,0.0
1788556500,6607636.0,6607636.0,6607636.0,6607636.0,0.0
1788557400,6607636.0,6607636.0,6607636.0,6607636.0,0.0
1788558300,6607636.0,6607636.0,6607636.0,6607636.0,0.0
1788559200,6607622.0,6607622.0,6607622.0,6607622.0,0.00177022
1788560100,6380154.0,6380154.0,6300000.0,6300000.0,0.01040387
1788561000,6300000.0,6300000.0,6300000.0,6300000.0,0.0
1788561900,6300000.0,6300000.0,6300000.0,6300000.0,0.0
1788562800,6300000.0,6300000.0,6300000.0,6300000.0,0.0
1788563700,6300000.0,6300000.0,6300000.0,6300000.0,0.0
1788564600,6380154.0,6380154.0,6380154.0,6380154.0,0.08841689
1788565500,6380154.0,6380154.0,6380154.0,6380154.0,0.0
1788566400,6607622.0,6607626.0,6607622.0,6607626.0,0.03014411
1788567300,6607626.0,6607626.0,6607626.0,6607626.0,0.0
1788568200,6607626.0,6607626.0,6607626.0,6607626.0,0.0
1788569100,6607626.0,6607626.0,6607626.0,6607626.0,0.0
1788570000,6607626.0,6607626.0,6607626.0,6607626.0,0.0
1788570900,6607626.0,6607626.0,6607626.0,6607626.0,0.0
1788571800,6607626.0,6607626.0,6607626.0,6607626.0,0.0
1788572700,6607626.0,6607626.0,6607626.0,6607626.0,0.0
1788573600,6607626.0,6607626.0,6607626.0,6607626.0,0.0
1788574500,6607626.0,6607626.0,6607626.0,6607626.0,0.0
1788575400,6607626.0,6607626.0,6607626.0,6607626.0,0.0
1788576300,6607626.0,6607626.0,6607626.0,6607626.0,0.0
1788577200,6607626.0,6607626.0,6607626.0,6607626.0,0.0
1788578100,6607626.0,6607626.0,6607626.0,6607626.0,0.0
1788579000,6607626.0,6607626.0,6607626.0,6607626.0,0.0
1788579900,6599990.0,6599990.0,6599990.0,6599990.0,0.00164818
1788580800,6599990.0,6599990.0,6599990.0,6599990.0,0.0
1788581700,6599990.0,6599990.0,6599990.0,6599990.0,0.0
1788582600,6380154.0,6380154.0,6380154.0,6380154.0,0.00243492
1788583500,6380154.0,6380154.0,6380154.0,6380154.0,0.0
1788584400,6380154.0,6380154.0,6380154.0,6380154.0,0.0
1788585300,6380154.0,6380154.0,6380154.0,6380154.0,0.0
1788586200,6380154.0,6380154.0,6250146.0,6250146.0,0.01905906
1788587100,6599980.0,6599981.0,6599980.0,6599981.0,0.00756578
1788588000,6599981.0,6599981.0,6599981.0,6599981.0,0.0
1788588900,6599981.0,6599981.0,6599981.0,6599981.0,0.0
1788589800,6599980.0,6599980.0,6599980.0,6599980.0,0.00374592
1788590700,6599980.0,6599980.0,6599980.0,6599980.0,0.0
1788591600,6599980.0,6599990.0,6250135.0,6599990.0,0.14448311
1788592500,6599990.0,6599990.0,6599990.0,6599990.0,0.0
1788593400,6599990.0,6599990.0,6599990.0,6599990.0,0.0
1788594300,6599990.0,6599990.0,6599990.0,6599990.0,0.0
1788595200,6599955.0,6599981.0,6599955.0,6599981.0,0.02876479
1788596100,6599981.0,6599981.0,6599981.0,6599981.0,0.0
1788597000,6599981.0,6599981.0,6599981.0,6599981.0,0.0
1788597900,6599981.0,6599981.0,6599981.0,6599981.0,0.0
1788598800,6599981.0,6599981.0,6599981.0,6599981.0,0.0
1788599700,6599970.0,6599973.0,6599970.0,6599973.0,0.03119482
1788600600,6599973.0,6599973.0,6599973.0,6599973.0,0.0
1788601500,6599973.0,6599973.0,6599973.0,6599973.0,0.0
1788602400,6599973.0,6599973.0,6599973.0,6599973.0,0.0
1788603300,6380135.0,6380135.0,6380135.0,6380135.0,0.0068821
1788604200,6380135.0,6380135.0,6380135.0,6380135.0,0.00704638
1788605100,6380135.0,6380135.0,6380135.0,6380135.0,0.0
1788606000,6380135.0,6380135.0,6250136.0,6250136.0,0.02876479
1788606900,6250136.0,6250136.0,6250136.0,6250136.0,0.0
1788607800,6250136.0,6250136.0,6250136.0,6250136.0,0.0
1788608700,6250136.0,6250136.0,6250136.0,6250136.0,0.0
1788609600,6250136.0,6250136.0,6250136.0,6250136.0,0.0
1788610500,6250136.0,6250136.0,6250136.0,6250136.0,0.0
1788611400,6250136.0,6250136.0,6250136.0,6250136.0,0.0
1788612300,6250136.0,6250136.0,6250136.0,6250136.0,0.0
1788613200,6250136.0,6250136.0,6250136.0,6250136.0,0.0
1788614100,6599960.0,6599960.0,6599960.0,6599960.0,0.0016597
1788615000,6599960.0,6599960.0,6599960.0,6599960.0,0.0
1788615900,6599960.0,6599960.0,6599960.0,6599960.0,0.0
1788616800,6599960.0,6599960.0,6599960.0,6599960.0,0.0
1788617700,6250213.0,6250213.0,6250001.0,6250001.0,0.41392095
1788618600,6250001.0,6250001.0,6250001.0,6250001.0,0.0
1788619500,6250001.0,6250001.0,6250001.0,6250001.0,0.0
1788620400,6599797.0,6599797.0,6599797.0,6599797.0,0.01439013
1788621300,6599797.0,6599797.0,6599797.0,6599797.0,0.0
1788622200,6599797.0,6599797.0,6599797.0,6599797.0,0.0
1788623100,6599797.0,6599797.0,6599797.0,6599797.0,0.0
1788624000,6599797.0,6599797.0,6599797.0,6599797.0,0.0
1788624900,6250001.0,6250001.0,6250001.0,6250001.0,0.00329086
1788625800,6250001.0,6250001.0,6250001.0,6250001.0,0.0
1788626700,6389622.0,6666666.0,6250000.0,6250000.0,0.32002549
1788627600,6386648.0,6670000.0,6386648.0,6670000.0,0.14282558
1788628500,6669994.0,6669994.0,6669994.0,6669994.0,0.00152743
1788629400,6669994.0,6669994.0,6669994.0,6669994.0,0.0
1788630300,6669994.0,6669994.0,6669994.0,6669994.0,0.0
1788631200,6669994.0,6669994.0,6669994.0,6669994.0,0.0
1788632100,6669994.0,6669994.0,6669994.0,6669994.0,0.0
1788633000,6669994.0,6669994.0,6669994.0,6669994.0,0.0
1788633900,6669994.0,6669994.0,6669994.0,6669994.0,0.0
1788634800,6669994.0,6669994.0,6669994.0,6669994.0,0.0
1788635700,6499990.0,6499996.0,6499990.0,6499996.0,0.03122587
1788636600,6500000.0,6500000.0,6500000.0,6500000.0,0.00306938
1788637500,6500000.0,6500000.0,6500000.0,6500000.0,0.0
1788638400,6500000.0,6500000.0,6500000.0,6500000.0,0.0
1788639300,6500000.0,6500000.0,6500000.0,6500000.0,0.0
1788640200,6500000.0,6500000.0,6500000.0,6500000.0,0.0
1788641100,6500000.0,6500000.0,6500000.0,6500000.0,0.0
1788642000,6500000.0,6500000.0,6500000.0,6500000.0,0.0
1788642900,6500000.0,6500000.0,6500000.0,6500000.0,0.0
1788643800,6500000.0,6500000.0,6500000.0,6500000.0,0.0
1788644700,6500000.0,6500000.0,6500000.0,6500000.0,0.0
1788645600,6500000.0,6500000.0,6500000.0,6500000.0,0.0
1788646500,6500000.0,6500000.0,6500000.0,6500000.0,0.0
1788647400,6500000.0,6500000.0,6500000.0,6500000.0,0.0
1788648300,6500000.0,6500000.0,6500000.0,6500000.0,0.0
1788649200,6500000.0,6500000.0,6500000.0,6500000.0,0.0
1788650100,6252893.0,6252893.0,6250000.0,6250000.0,0.14282558
1788651000,6250000.0,6250000.0,6250000.0,6250000.0,0.0
1788651900,6250000.0,6250000.0,6250000.0,6250000.0,0.0
1788652800,6499909.0,6499909.0,6499909.0,6499909.0,0.00216679
1788653700,6499909.0,6499909.0,6499909.0,6499909.0,0.0
1788654600,6252006.0,6252006.0,6252006.0,6252006.0,0.00234501
1788655500,6252006.0,6252006.0,6252006.0,6252006.0,0.0
1788656400,6499854.0,6499854.0,6499854.0,6499854.0,0.00223297
1788657300,6499854.0,6499854.0,6499854.0,6499854.0,0.0
1788658200,6499823.0,6499823.0,6499823.0,6499823.0,0.00160065
1788659100,6252119.0,6252119.0,6252118.0,6252118.0,0.01547008
1788660000,6252118.0,6252118.0,6252118.0,6252118.0,0.0
1788660900,6252118.0,6252118.0,6252118.0,6252118.0,0.0
1788661800,6499777.0,6499777.0,6499777.0,6499777.0,0.00156036
1788662700,6499777.0,6499777.0,6499777.0,6499777.0,0.0
1788663600,6499777.0,6499777.0,6499777.0,6499777.0,0.0
1788664500,6499777.0,6499777.0,6499777.0,6499777.0,0.0
1788665400,6499777.0,6499777.0,6499777.0,6499777.0,0.0
1788666300,6399555.0,6499780.0,6399555.0,6499780.0,0.13847516
1788667200,6499780.0,6499780.0,6499780.0,6499780.0,0.0
1788668100,6252112.0,6499780.0,6252112.0,6499780.0,0.01977559
1788669000,6499780.0,6499780.0,6499780.0,6499780.0,0.00228253
1788669900,6499780.0,6499780.0,6499780.0,6499780.0,0.0
1788670800,6499780.0,6499780.0,6499780.0,6499780.0,0.0
1788671700,6499780.0,6499780.0,6499780.0,6499780.0,0.0
1788672600,6499780.0,6499780.0,6499780.0,6499780.0,0.0
1788673500,6499770.0,6499780.0,6499770.0,6499780.0,0.03830532
1788674400,6252132.0,6252132.0,6252132.0,6252132.0,0.01439013
1788675300,6252142.0,6499768.0,6252142.0,6499768.0,0.00536617
1788676200,6499768.0,6499768.0,6499768.0,6499768.0,0.0
1788677100,6499768.0,6499768.0,6499768.0,6499768.0,0.0
1788678000,6499768.0,6499768.0,6499768.0,6499768.0,0.0
1788678900,6499768.0,6499768.0,6499768.0,6499768.0,0.00545788
1788679800,6499768.0,6499768.0,6499768.0,6499768.0,0.0
1788680700,6499768.0,6499768.0,6499768.0,6499768.0,0.0
1788681600,6499768.0,6499768.0,6499768.0,6499768.0,0.0
1788682500,6499768.0,6499768.0,6499768.0,6499768.0,0.0
1788683400,6499768.0,6499768.0,6498766.0,6498768.0,0.0205621
1788684300,6498768.0,6498768.0,6498768.0,6498768.0,0.0
1788685200,6498768.0,6498768.0,6498768.0,6498768.0,0.0
1788686100,6498768.0,6498768.0,6498768.0,6498768.0,0.0
1788687000,6498768.0,6498768.0,6498768.0,6498768.0,0.0
1788687900,6498768.0,6498768.0,6498768.0,6498768.0,0.0
1788688800,6498767.0,6498767.0,6253148.0,6253148.0,0.00459945
1788689700,6253148.0,6253148.0,6253148.0,6253148.0,0.0
1788690600,6253148.0,6253148.0,6253148.0,6253148.0,0.0
1788691500,6498764.0,6498767.0,6498764.0,6498767.0,0.00612977
1788692400,6498767.0,6498767.0,6498767.0,6498767.0,0.0
1788693300,6498767.0,6498767.0,6498767.0,6498767.0,0.0
1788694200,6253416.0,6253416.0,6253416.0,6253416.0,0.00177022
1788695100,6253416.0,6253416.0,6253416.0,6253416.0,0.0
1788696000,6253416.0,6253416.0,6253416.0,6253416.0,0.0
1788696900,6253416.0,6253416.0,6253416.0,6253416.0,0.0
1788697800,6498764.0,6498767.0,6498764.0,6498767.0,0.02688402
1788698700,6253321.0,6253321.0,6253321.0,6253321.0,0.00756557
1788699600,6253312.0,6498762.0,6252827.0,6252827.0,0.15970832
1788700500,6252827.0,6252827.0,6252827.0,6252827.0,0.0
1788701400,6252830.0,6252830.0,6252827.0,6252827.0,0.01598812
1788702300,6252827.0,6252827.0,6252827.0,6252827.0,0.0
1788703200,6252827.0,6252827.0,6252827.0,6252827.0,0.0
1788704100,6398735.0,6398735.0,6252828.0,6252828.0,0.00459903
1788705000,6252828.0,6252828.0,6252828.0,6252828.0,0.0
1788705900,6252828.0,6252828.0,6252828.0,6252828.0,0.0
1788706800,6252828.0,6252828.0,6252828.0,6252828.0,0.0
1788707700,6252828.0,6398744.0,6252828.0,6252828.0,0.01299402
1788708600,6398742.0,6398742.0,6398742.0,6398742.0,0.0024922
1788709500,6398742.0,6398742.0,6398742.0,6398742.0,0.0
1788710400,6398742.0,6398742.0,6398742.0,6398742.0,0.0
1788711300,6398742.0,6398742.0,6398742.0,6398742.0,0.0
1788712200,6252828.0,6252828.0,6252828.0,6252828.0,0.00253207
1788713100,6252828.0,6252828.0,6252828.0,6252828.0,0.0
1788714000,6398736.0,6398739.0,6398736.0,6398739.0,0.0155951
1788714900,6398739.0,6398739.0,6398739.0,6398739.0,0.0
1788715800,6398745.0,6498767.0,6398745.0,6498767.0,0.01038592
1788716700,6498767.0,6498767.0,6498767.0,6498767.0,0.0
1788717600,6498767.0,6498767.0,6498767.0,6498767.0,0.0
1788718500,6498767.0,6498767.0,6498767.0,6498767.0,0.0
1788719400,6498767.0,6498767.0,6498767.0,6498767.0,0.0
1788720300,6498767.0,6498767.0,6498767.0,6498767.0,0.0
1788721200,6498767.0,6498767.0,6498767.0,6498767.0,0.0
1788722100,6398766.0,6398766.0,6398766.0,6398766.0,0.00228606
1788723000,6398766.0,6398766.0,6398766.0,6398766.0,0.0
1788723900,6398766.0,6398766.0,6398766.0,6398766.0,0.0
1788724800,6398766.0,6398766.0,6398766.0,6398766.0,0.0
1788725700,6398766.0,6398766.0,6398766.0,6398766.0,0.0
1788726600,6398766.0,6398766.0,6398766.0,6398766.0,0.0
1788727500,6398766.0,6398766.0,6398766.0,6398766.0,0.0
1788728400,6398766.0,6398766.0,6398766.0,6398766.0,0.0
1788729300,6398766.0,6398766.0,6398766.0,6398766.0,0.0
1788730200,6398766.0,6398766.0,6398766.0,6398766.0,0.0
1788731100,6398766.0,6398766.0,6398766.0,6398766.0,0.0
1788732000,6398766.0,6398766.0,6398766.0,6398766.0,0.0
1788732900,6252829.0,6498767.0,6252829.0,6498767.0,0.00593095
1788733800,6498767.0,6498767.0,6498767.0,6498767.0,0.0
1788734700,6498767.0,6498767.0,6498767.0,6498767.0,0.0
1788735600,6498767.0,6498767.0,6498767.0,6498767.0,0.0
1788736500,6498767.0,6498767.0,6498767.0,6498767.0,0.0
1788737400,6498767.0,6498767.0,6498767.0,6498767.0,0.0
1788738300,6252829.0,6252829.0,6252829.0,6252829.0,0.0039894
1788739200,6252829.0,6252829.0,6252829.0,6252829.0,0.0
1788740100,6252829.0,6252829.0,6252829.0,6252829.0,0.0
1788741000,6252829.0,6252829.0,6252829.0,6252829.0,0.0
1788741900,6252829.0,6252829.0,6252829.0,6252829.0,0.0
1788742800,6398766.0,6398766.0,6398766.0,6398766.0,0.00527336
1788743700,6398766.0,6498767.0,6398766.0,6498767.0,0.03074356
1788744600,6498767.0,6498767.0,6498767.0,6498767.0,0.0
1788745500,6498767.0,6498767.0,6498767.0,6498767.0,0.0030438
1788746400,6498767.0,6498767.0,6498767.0,6498767.0,0.0
1788747300,6498767.0,6498767.0,6498767.0,6498767.0,0.0
1788748200,6498767.0,6498767.0,6498767.0,6498767.0,0.0
1788749100,6498767.0,6498767.0,6498767.0,6498767.0,0.0
1788750000,6498767.0,6498767.0,6498767.0,6498767.0,0.0
1788750900,6498767.0,6498767.0,6498767.0,6498767.0,0.0
1788751800,6498767.0,6498767.0,6498767.0,6498767.0,0.0
1788752700,6498767.0,6498767.0,6498767.0,6498767.0,0.0
1788753600,6252833.0,6252833.0,6252830.0,6252830.0,0.13847516
1788754500,6252830.0,6252830.0,6252830.0,6252830.0,0.0
1788755400,6398766.0,6398766.0,6398766.0,6398766.0,0.00207852
1788756300,6398766.0,6398766.0,6398766.0,6398766.0,0.0
1788757200,6398766.0,6398766.0,6398766.0,6398766.0,0.0
1788758100,6398766.0,6398766.0,6398766.0,6398766.0,0.0
1788759000,6252830.0,6398766.0,6252830.0,6398766.0,0.00348243
1788759900,6398766.0,6398766.0,6398766.0,6398766.0,0.0
1788760800,6398766.0,6398766.0,6398766.0,6398766.0,0.0
1788761700,6252830.0,6252830.0,6252830.0,6252830.0,0.00778944
1788762600,6252830.0,6252830.0,6252830.0,6252830.0,0.0
1788763500,6252830.0,6252830.0,6252830.0,6252830.0,0.0
1788764400,6252830.0,6252830.0,6252830.0,6252830.0,0.0
1788765300,6252830.0,6252830.0,6252830.0,6252830.0,0.00224999
1788766200,6252830.0,6252830.0,6252830.0,6252830.0,0.0
1788767100,6252830.0,6252830.0,6252830.0,6252830.0,0.0
1788768000,6252830.0,6252830.0,6252830.0,6252830.0,0.0
1788768900,6398766.0,6398766.0,6398766.0,6398766.0,0.0020096
1788769800,6398766.0,6398766.0,6398766.0,6398766.0,0.00212869
1788770700,6398766.0,6398766.0,6398766.0,6398766.0,0.0
1788771600,6398766.0,6398766.0,6398766.0,6398766.0,0.0
1788772500,6398766.0,6398766.0,6398766.0,6398766.0,0.0
1788773400,6398766.0,6398766.0,6398766.0,6398766.0,0.0
1788774300,6398766.0,6398766.0,6398766.0,6398766.0,0.0
1788775200,6398766.0,6398766.0,6398766.0,6398766.0,0.0
1788776100,6398766.0,6398766.0,6398766.0,6398766.0,0.0
1788777000,6398766.0,6498761.0,6398766.0,6498761.0,0.00705566
1788777900,6252878.0,6252878.0,6252878.0,6252878.0,0.00812258
1788778800,6252878.0,6252878.0,6252878.0,6252878.0,0.0
1788779700,6252878.0,6252878.0,6252878.0,6252878.0,0.0
1788780600,6498758.0,6498758.0,6498758.0,6498758.0,0.00157076
1788781500,6498758.0,6498758.0,6498758.0,6498758.0,0.0
1788782400,6498758.0,6498758.0,6498758.0,6498758.0,0.0
1788783300,6498758.0,6498758.0,6498758.0,6498758.0,0.0
1788784200,6398748.0,6398750.0,6398748.0,6398750.0,0.00778199
1788785100,6398750.0,6398750.0,6398750.0,6398750.0,0.0
1788786000,6398750.0,6398750.0,6398750.0,6398750.0,0.0
1788786900,6398750.0,6398750.0,6398750.0,6398750.0,0.0
1788787800,6398750.0,6398750.0,6398750.0,6398750.0,0.0
1788788700,6398750.0,6398750.0,6398750.0,6398750.0,0.0
1788789600,6398750.0,6398750.0,6398750.0,6398750.0,0.0
1788790500,6398750.0,6398750.0,6398750.0,6398750.0,0.0
1788791400,6398750.0,6398750.0,6253093.0,6253093.0,0.00460655
1788792300,6253093.0,6253093.0,6253093.0,6253093.0,0.0
1788793200,6253093.0,6253093.0,6253093.0,6253093.0,0.0
1788794100,6253093.0,6253093.0,6253093.0,6253093.0,0.0
1788795000,6253093.0,6253093.0,6253093.0,6253093.0,0.0
1788795900,6253093.0,6253093.0,6253093.0,6253093.0,0.00207852
1788796800,6398750.0,6498762.0,6398750.0,6498762.0,0.05226009
1788797700,6498762.0,6498762.0,6498762.0,6498762.0,0.0
1788798600,6498762.0,6498762.0,6498762.0,6498762.0,0.0
1788799500,6498762.0,6498762.0,6498762.0,6498762.0,0.0
1788800400,6498762.0,6498762.0,6498762.0,6498762.0,0.0
1788801300,6498762.0,6498762.0,6498762.0,6498762.0,0.0
1788802200,6498762.0,6498762.0,6498762.0,6498762.0,0.0
1788803100,6498762.0,6498762.0,6498762.0,6498762.0,0.0
1788804000,6498762.0,6498762.0,6498762.0,6498762.0,0.0
1788804900,6498762.0,6498762.0,6498762.0,6498762.0,0.0
1788805800,6498762.0,6498762.0,6498762.0,6498762.0,0.0
1788806700,6498762.0,6498762.0,6498762.0,6498762.0,0.0
1788807600,6498762.0,6498762.0,6498762.0,6498762.0,0.0
1788808500,6498762.0,6498762.0,6498762.0,6498762.0,0.0
1788809400,6498762.0,6498762.0,6498762.0,6498762.0,0.0
1788810300,6498762.0,6498762.0,6498762.0,6498762.0,0.0
1788811200,6498762.0,6498762.0,6498762.0,6498762.0,0.0
1788812100,6498762.0,6498762.0,6498762.0,6498762.0,0.0
1788813000,6498762.0,6498762.0,6498762.0,6498762.0,0.0
1788813900,6498762.0,6498762.0,6498762.0,6498762.0,0.0
1788814800,6498762.0,6498762.0,6498762.0,6498762.0,0.0
1788815700,6498762.0,6498762.0,6498762.0,6498762.0,0.0
1788816600,6498762.0,6498762.0,6498762.0,6498762.0,0.0
1788817500,6498762.0,6498762.0,6498762.0,6498762.0,0.0
1788818400,6498762.0,6498762.0,6498762.0,6498762.0,0.0
1788819300,6498762.0,6498762.0,6498762.0,6498762.0,0.0
1788820200,6498762.0,6498762.0,6498762.0,6498762.0,0.0
1788821100,6498762.0,6498762.0,6498762.0,6498762.0,0.0
1788822000,6498762.0,6498762.0,6498762.0,6498762.0,0.0
1788822900,6498762.0,6498762.0,6498762.0,6498762.0,0.0
1788823800,6498762.0,6498762.0,6498762.0,6498762.0,0.0
1788824700,6398750.0,6398750.0,6398750.0,6398750.0,0.00155639
1788825600,6398750.0,6398750.0,6398750.0,6398750.0,0.0
1788826500,6398750.0,6398750.0,6398750.0,6398750.0,0.0
1788827400,6398750.0,6398750.0,6398750.0,6398750.0,0.0
1788828300,6253102.0,6498768.0,6253102.0,6498768.0,0.13805592
1788829200,6498768.0,6498768.0,6498768.0,6498768.0,0.0
1788830100,6253323.0,6253323.0,6253322.0,6253322.0,0.01140313
1788831000,6498767.0,6499805.0,6498767.0,6499805.0,0.30648754
1788831900,6253235.0,6253235.0,6253098.0,6253098.0,0.01547008
1788832800,6253112.0,6253112.0,6253110.0,6253110.0,0.05226009
1788833700,6253110.0,6253110.0,6253110.0,6253110.0,0.0
1788834600,6253110.0,6253110.0,6253110.0,6253110.0,0.0
1788835500,6499801.0,6499801.0,6499793.0,6499793.0,0.00724822
1788836400,6499793.0,6499793.0,6499793.0,6499793.0,0.0
1788837300,6499793.0,6499793.0,6499793.0,6499793.0,0.0
1788838200,6499793.0,6499793.0,6499793.0,6499793.0,0.0
1788839100,6399785.0,6399786.0,6399785.0,6399786.0,0.01998769
1788840000,6399786.0,6399786.0,6399786.0,6399786.0,0.0
1788840900,6399786.0,6399786.0,6399786.0,6399786.0,0.0
1788841800,6353167.0,6353167.0,6353167.0,6353167.0,0.00223297
1788842700,6353167.0,6353167.0,6353167.0,6353167.0,0.0
1788843600,6353167.0,6353167.0,6353167.0,6353167.0,0.0
1788844500,6499779.0,6499793.0,6499779.0,6499793.0,0.00770179
1788845400,6499793.0,6499793.0,6499793.0,6499793.0,0.0
1788846300,6353167.0,6353167.0,6353167.0,6353167.0,0.00216679
1788847200,6353167.0,6353167.0,6353167.0,6353167.0,0.0
1788848100,6499788.0,6499789.0,6499788.0,6499789.0,0.03064422
1788849000,6499789.0,6499789.0,6499789.0,6499789.0,0.0
1788849900,6499789.0,6499789.0,6499789.0,6499789.0,0.0
1788850800,6499789.0,6499789.0,6499789.0,6499789.0,0.0
1788851700,6353167.0,6499793.0,6349168.0,6349168.0,0.01559593
1788852600,6349168.0,6349168.0,6349168.0,6349168.0,0.0
1788853500,6349168.0,6349168.0,6349168.0,6349168.0,0.0
1788854400,6499788.0,6499793.0,6499788.0,6499793.0,0.03983988
1788855300,6363168.0,6499794.0,6253162.0,6499794.0,0.03249292
1788856200,6499794.0,6499794.0,6499794.0,6499794.0,0.0
1788857100,6499793.0,6499793.0,6499793.0,6499793.0,0.00465184
1788858000,6499793.0,6499793.0,6499793.0,6499793.0,0.0
1788858900,6499793.0,6499793.0,6499793.0,6499793.0,0.0
1788859800,6499793.0,6499793.0,6499793.0,6499793.0,0.0
1788860700,6499793.0,6499793.0,6499793.0,6499793.0,0.0
1788861600,6499793.0,6499793.0,6499793.0,6499793.0,0.0
1788862500,6499793.0,6499793.0,6499793.0,6499793.0,0.0
1788863400,6499793.0,6499793.0,6499793.0,6499793.0,0.0
1788864300,6499793.0,6499793.0,6499793.0,6499793.0,0.0
1788865200,6499793.0,6499793.0,6499793.0,6499793.0,0.0
1788866100,6499793.0,6499793.0,6499793.0,6499793.0,0.0
1788867000,6499793.0,6499793.0,6499793.0,6499793.0,0.0
1788867900,6499793.0,6499793.0,6499793.0,6499793.0,0.0
1788868800,6499793.0,6499793.0,6499793.0,6499793.0,0.0
1788869700,6499793.0,6499793.0,6499793.0,6499793.0,0.0
1788870600,6499793.0,6499793.0,6499793.0,6499793.0,0.0
1788871500,6363169.0,6363169.0,6253098.0,6253100.0,0.32296396
1788872400,6253108.0,6253108.0,6253106.0,6253106.0,0.00349358
1788873300,6253106.0,6253106.0,6253106.0,6253106.0,0.0
1788874200,6499762.0,6499762.0,6499762.0,6499762.0,0.00167359
1788875100,6253176.0,6253176.0,6253175.0,6253175.0,0.00287875
1788876000,6399771.0,6399772.0,6399771.0,6399772.0,0.02121669
1788876900,6353222.0,6353222.0,6353222.0,6353222.0,0.00212869
1788877800,6353222.0,6353222.0,6353222.0,6353222.0,0.0
1788878700,6499777.0,6499777.0,6413198.0,6413198.0,0.00529647
1788879600,6499778.0,6499778.0,6499778.0,6499778.0,0.00715332
1788880500,6499778.0,6499778.0,6499778.0,6499778.0,0.0
1788881400,6499778.0,6499778.0,6499778.0,6499778.0,0.0
1788882300,6499778.0,6499778.0,6499778.0,6499778.0,0.0
1788883200,6499778.0,6499778.0,6499778.0,6499778.0,0.0
1788884100,6499778.0,6499778.0,6499778.0,6499778.0,0.0
1788885000,6499778.0,6499778.0,6499778.0,6499778.0,0.0
1788885900,6433207.0,6499773.0,6433205.0,6499773.0,0.01244915
1788886800,6433205.0,6499777.0,6433205.0,6433205.0,0.02170611
1788887700,6433205.0,6433205.0,6433205.0,6433205.0,0.0
1788888600,6433205.0,6433205.0,6433205.0,6433205.0,0.0
1788889500,6433205.0,6433205.0,6433205.0,6433205.0,0.0
1788890400,6433205.0,6433205.0,6433205.0,6433205.0,0.0
1788891300,6433205.0,6433205.0,6433205.0,6433205.0,0.0
1788892200,6433205.0,6433205.0,6433205.0,6433205.0,0.0
1788893100,6433205.0,6433205.0,6433205.0,6433205.0,0.0
1788894000,6433205.0,6433205.0,6433205.0,6433205.0,0.0
1788894900,6433205.0,6433205.0,6433205.0,6433205.0,0.0
1788895800,6433205.0,6433205.0,6433205.0,6433205.0,0.0
1788896700,6433205.0,6433205.0,6433205.0,6433205.0,0.0
1788897600,6433205.0,6433205.0,6433205.0,6433205.0,0.0
1788898500,6433205.0,6433205.0,6433205.0,6433205.0,0.0
1788899400,6433205.0,6433205.0,6433205.0,6433205.0,0.0
1788900300,6433205.0,6433205.0,6433205.0,6433205.0,0.0
1788901200,6433205.0,6433205.0,6433205.0,6433205.0,0.0
1788902100,6433206.0,6433206.0,6433206.0,6433206.0,0.00406626
1788903000,6499777.0,6499777.0,6499777.0,6499777.0,0.00780457
1788903900,6499777.0,6499777.0,6499777.0,6499777.0,0.0
1788904800,6433206.0,6433206.0,6433205.0,6433205.0,0.00609823
1788905700,6433206.0,6433206.0,6433205.0,6433205.0,0.00916
1788906600,6433205.0,6433205.0,6433205.0,6433205.0,0.0
1788907500,6433205.0,6433205.0,6433205.0,6433205.0,0.0
1788908400,6433205.0,6433205.0,6433205.0,6433205.0,0.0
1788909300,6433205.0,6433205.0,6433205.0,6433205.0,0.0
1788910200,6433205.0,6433205.0,6433205.0,6433205.0,0.0
1788911100,6433205.0,6433205.0,6433205.0,6433205.0,0.0
1788912000,6433205.0,6433205.0,6433205.0,6433205.0,0.0
1788912900,6433205.0,6433205.0,6433205.0,6433205.0,0.0
1788913800,6433205.0,6433205.0,6433205.0,6433205.0,0.0
1788914700,6433205.0,6433205.0,6433205.0,6433205.0,0.0
1788915600,6433205.0,6433205.0,6433205.0,6433205.0,0.0
1788916500,6499772.0,6500000.0,6499772.0,6500000.0,0.29012028
1788917400,6500000.0,6500000.0,6500000.0,6500000.0,0.0
1788918300,6500000.0,6500000.0,6500000.0,6500000.0,0.0
1788919200,6433214.0,6433214.0,6433214.0,6433214.0,0.00338107
1788920100,6500000.0,6500000.0,6500000.0,6500000.0,0.00273876
1788921000,6500000.0,6500000.0,6500000.0,6500000.0,0.005412
1788921900,6500000.0,6500000.0,6500000.0,6500000.0,0.0
1788922800,6500000.0,6500000.0,6500000.0,6500000.0,0.0
1788923700,6500000.0,6500000.0,6500000.0,6500000.0,0.0
1788924600,6500000.0,6500000.0,6500000.0,6500000.0,0.0
1788925500,6443215.0,6443215.0,6433214.0,6433214.0,0.02543726
1788926400,6433214.0,6433214.0,6433214.0,6433214.0,0.0
1788927300,6433214.0,6433214.0,6433214.0,6433214.0,0.0
1788928200,6433214.0,6433214.0,6433214.0,6433214.0,0.0
1788929100,6433214.0,6433214.0,6433214.0,6433214.0,0.0
1788930000,6433220.0,6433220.0,6433220.0,6433220.0,0.00278773
1788930900,6433220.0,6433220.0,6433220.0,6433220.0,0.0
1788931800,6500000.0,6666665.0,6433221.0,6433221.0,0.04716829
1788932700,6453231.0,6453231.0,6453231.0,6453231.0,0.00377593
1788933600,6453231.0,6453231.0,6453231.0,6453231.0,0.0
1788934500,6453231.0,6453231.0,6453231.0,6453231.0,0.0
1788935400,6453231.0,6453231.0,6453231.0,6453231.0,0.0
1788936300,6453231.0,6453231.0,6453231.0,6453231.0,0.0
1788937200,6453231.0,6453231.0,6453231.0,6453231.0,0.0
1788938100,6453231.0,6453231.0,6453231.0,6453231.0,0.0
1788939000,6453231.0,6453231.0,6453231.0,6453231.0,0.0
1788939900,6453231.0,6453231.0,6453231.0,6453231.0,0.0
1788940800,6453231.0,6453231.0,6453231.0,6453231.0,0.0
1788941700,6453231.0,6453231.0,6453231.0,6453231.0,0.0
1788942600,6453231.0,6453231.0,6453231.0,6453231.0,0.0
1788943500,6496664.0,6496664.0,6496664.0,6496664.0,0.00182709
1788944400,6453231.0,6453231.0,6453231.0,6453231.0,0.00612133
1788945300,6453231.0,6453231.0,6453231.0,6453231.0,0.0
1788946200,6453231.0,6453231.0,6453231.0,6453231.0,0.0
1788947100,6453231.0,6453231.0,6453231.0,6453231.0,0.0
1788948000,6453231.0,6453231.0,6433201.0,6433201.0,0.15552457
1788948900,6433201.0,6433201.0,6433201.0,6433201.0,0.0
1788949800,6433201.0,6433201.0,6433201.0,6433201.0,0.0
1788950700,6433201.0,6433201.0,6433201.0,6433201.0,0.0
1788951600,6433201.0,6433201.0,6433201.0,6433201.0,0.0
1788952500,6433201.0,6433201.0,6433201.0,6433201.0,0.0
1788953400,6433201.0,6433201.0,6433201.0,6433201.0,0.0
